g Baking_Cottage
v -0.5614443 2.438987 0.2393853
v -0.5912476 2.461371 0.2352699
v -0.5958509 2.443104 0.2823731
v -0.02557898 6.010192 -0.006350541
v -0.6227136 6.014574 0.374393
v -0.7808914 6.34051 0.1225657
v -0.1837568 6.336128 -0.2581778
v -0.1075535 5.862687 -0.14113
v -0.02557898 6.010192 -0.006350541
v -0.1837568 6.336128 -0.2581778
v -0.2676315 6.19254 -0.395983
v -0.2676315 6.19254 -0.395983
v -0.1837568 6.336128 -0.2581778
v -0.7808914 6.34051 0.1225657
v -0.8719406 6.196975 -0.01066497
v -0.6227136 6.014574 0.374393
v -0.7118626 5.867122 0.2441883
v -0.8719406 6.196975 -0.01066497
v -0.7808914 6.34051 0.1225657
v -0.7118626 5.867122 0.2441883
v -0.6227136 6.014574 0.374393
v -0.02557898 6.010192 -0.006350541
v -0.1075535 5.862687 -0.14113
v 2.528378 3.634555 2.742107
v 1.45372 2.462795 3.422394
v 1.296069 2.608591 3.464248
v 2.655817 3.429957 2.660272
v 2.769355 3.741791 2.587364
v 2.821244 3.507316 2.554043
v 3.066888 3.741791 2.396302
v 3.014998 3.507316 2.429623
v 3.307864 3.634555 2.241558
v 3.180427 3.429957 2.323393
v 4.526484 2.565478 1.386958
v 4.423807 2.422022 1.514692
v 4.428768 2.402325 1.47059
v 4.530741 2.545877 1.341427
v 2.604975 2.545877 -1.657497
v 2.422033 2.402324 -1.654423
v 2.376908 2.420488 -1.670066
v 2.561731 2.566854 -1.675451
v 1.249728 3.634555 -0.9635014
v 1.122289 3.429957 -0.8816666
v 1.008751 3.741791 -0.8087577
v 0.9568615 3.507316 -0.7754368
v 0.7112179 3.741791 -0.6176962
v 0.7631073 3.507316 -0.6510171
v 0.4702411 3.634555 -0.4629525
v 0.5976801 3.429957 -0.5447873
v -0.6748066 2.609872 0.3976089
v -0.5912476 2.461371 0.2352699
v 2.367942 2.398417 -1.641727
v 2.422033 2.402324 -1.654423
v 4.389853 2.398417 1.506919
v 4.428768 2.402325 1.47059
v 0.7631073 3.507316 -0.6510171
v 0.9678078 3.474929 -0.742628
v 0.7883873 3.474929 -0.627413
v 0.5976801 3.429957 -0.5447873
v 0.6330051 3.402323 -0.5276338
v -0.5912476 2.461371 0.2352699
v -0.5614443 2.438987 0.2393853
v 2.654917 3.402323 2.621013
v 2.810298 3.474929 2.521233
v 1.460467 2.438987 3.388031
v 1.41166 2.443104 3.408596
v -0.5958509 2.443104 0.2823731
v 1.45372 2.462795 3.422394
v 2.655817 3.429957 2.660272
v 2.821244 3.507316 2.554043
v 2.989718 3.474928 2.406018
v 2.810298 3.474929 2.521233
v 0.9678078 3.474929 -0.742628
v 0.7883873 3.474929 -0.627413
v 2.989718 3.474928 2.406018
v 1.123189 3.402323 -0.8424066
v 0.9568615 3.507316 -0.7754368
v 1.122289 3.429957 -0.8816666
v 2.367942 2.398417 -1.641727
v 2.376908 2.420488 -1.670066
v 4.389853 2.398417 1.506919
v 3.145101 3.402323 2.30624
v 4.423807 2.422022 1.514692
v 3.180427 3.429957 2.323393
v 3.014998 3.507316 2.429623
v 2.834043 1.355037 3.107462
v 3.165485 1.483022 2.894625
v 3.458249 1.483022 3.350535
v 3.126805 1.355037 3.563373
v 2.629199 1.019969 3.239003
v 2.921962 1.019969 3.694913
v 2.629199 0.6058028 3.239003
v 2.921962 0.6058024 3.694913
v 3.165485 1.483022 2.894625
v 3.496928 1.355037 2.681788
v 3.789693 1.355037 3.137698
v 3.458249 1.483022 3.350535
v 3.701772 1.019969 2.550249
v 3.701772 0.6058028 2.550248
v 3.994534 0.6058028 3.006158
v 3.994534 1.019969 3.006158
v 3.496928 1.355037 2.681788
v 3.789693 1.355037 3.137698
v 3.894071 0.7177145 3.09255
v 3.868308 0.7337439 3.087215
v 3.868308 0.9640567 3.087215
v 3.894015 0.9710371 3.092586
v 3.700202 1.208657 3.195164
v 3.719811 1.22446 3.204451
v 3.458249 1.302086 3.350535
v 3.468196 1.321612 3.366026
v 3.216294 1.208657 3.505907
v 3.216582 1.224459 3.527601
v 3.048189 0.9640568 3.613857
v 3.042377 0.9710377 3.639467
v 3.048189 0.733744 3.613856
v 3.042322 0.7177156 3.639502
v 3.868308 0.7337439 3.087215
v 3.048189 0.733744 3.613856
v 3.989272 1.013232 3.031416
v 3.789985 1.339245 3.159389
v 3.468196 1.463508 3.366026
v 3.146407 1.339245 3.572663
v 3.989263 0.6212294 3.031422
v 2.94712 1.013232 3.700637
v 3.789693 1.355037 3.137698
v 3.458249 1.483022 3.350535
v 3.994534 1.019969 3.006158
v 3.126805 1.355037 3.563373
v 3.994534 0.6058028 3.006158
v 3.988992 0.6058028 3.031596
v 2.9474 0.6058024 3.700456
v 2.921962 1.019969 3.694913
v 2.94713 0.6212299 3.700629
v 2.921962 0.6058024 3.694913
v 3.766018 0.4805362 2.513434
v 4.097647 0.4805357 3.029868
v 4.097648 0.5845716 3.029868
v 3.766018 0.5845716 2.513434
v 2.555683 0.5845716 3.290654
v 2.887313 0.4805353 3.807087
v 2.555683 0.4805353 3.290653
v 2.887313 0.5845717 3.807087
v 2.920344 0.4805353 3.814285
v 2.920344 0.5845717 3.814285
v 4.090448 0.5845716 3.062901
v 4.090448 0.4805357 3.062901
v 4.097647 0.4805357 3.029868
v 4.097648 0.5845716 3.029868
v 4.077531 0.6084778 3.042785
v 4.097648 0.5845716 3.029868
v 4.090448 0.5845716 3.062901
v 2.920344 0.5845717 3.814285
v 2.907428 0.6084769 3.79417
v 2.887313 0.5845717 3.807087
v 2.555683 0.5845716 3.290654
v 2.575799 0.6084774 3.277737
v 3.745902 0.6084774 2.526351
v 2.907428 0.6084769 3.79417
v 4.077531 0.6084778 3.042785
v 4.097648 0.5845716 3.029868
v 3.766018 0.5845716 2.513434
v -0.7587819 5.141418 0.8997674
v -0.8678284 0.2664782 0.729954
v -0.8678284 5.141418 0.7299538
v -0.7587819 0.2664782 0.8997681
v -0.6942811 5.141418 0.9138231
v -0.6942811 0.2664782 0.9138236
v -0.6367159 0.2664782 0.5260696
v -0.6367164 5.141418 0.5260692
v -0.8537731 5.141418 0.6654527
v -0.8537726 0.2664782 0.6654532
v -0.8678284 5.141418 0.7299538
v -0.8678284 0.2664782 0.729954
v -0.8537726 0.2664782 0.6654532
v -0.8537731 5.141418 0.6654527
v -0.4772243 0.2664782 0.7744401
v -0.6942811 0.2664782 0.9138236
v -0.6942811 5.141418 0.9138231
v -0.4772248 5.141418 0.7744398
v -2.122035 4.26095 -1.735553
v -0.6205821 4.26095 0.6026042
v -0.7559276 4.261056 0.6895168
v -2.257381 4.261057 -1.648641
v -0.7559276 3.957121 0.6895168
v -2.257381 3.957121 -1.64864
v -2.29863 3.993998 -1.622152
v -0.7971764 3.993997 0.7160049
v -2.29863 4.22418 -1.622152
v -0.7971764 4.22418 0.7160049
v -2.257381 4.261057 -1.648641
v -0.7559276 4.261056 0.6895168
v -2.122035 3.957015 -1.735553
v -2.257381 3.957121 -1.64864
v -0.7559276 3.957121 0.6895168
v -0.6205816 3.957014 0.6026042
v 2.611421 4.792808 -1.260036
v 2.498391 0.2664781 -1.436052
v 2.498391 4.792808 -1.436053
v 2.611421 0.2664786 -1.260036
v 2.67083 4.792808 -1.247091
v 2.67083 0.2664786 -1.247091
v 2.908278 0.2664781 -1.399569
v 2.908278 4.792808 -1.399569
v 2.921225 4.792808 -1.458978
v 2.921224 0.2664781 -1.458977
v 2.498391 4.792808 -1.436053
v 2.498391 0.2664781 -1.436052
v 2.511338 0.2664786 -1.495461
v 2.511338 4.792808 -1.495461
v -2.41721 5.101631 -1.722722
v -2.41721 0.2664785 -1.722721
v -2.403154 0.2664781 -1.787222
v -2.403154 5.101631 -1.787222
v -2.026606 0.2664786 -1.678235
v -2.243662 0.2664781 -1.538851
v -2.243663 5.101631 -1.538852
v -2.026606 5.101631 -1.678235
v -2.243663 5.101631 -1.538852
v -2.243662 0.2664781 -1.538851
v -2.308163 0.2664781 -1.552907
v -2.308164 5.101631 -1.552907
v -2.41721 0.2664785 -1.722721
v -2.41721 5.101631 -1.722722
v -2.186097 0.2664785 -1.926605
v -2.186098 5.101631 -1.926606
v -2.403154 5.101631 -1.787222
v -2.403154 0.2664781 -1.787222
v -0.5722814 1.976213 0.571588
v -0.7566781 1.976213 0.6899988
v -0.7566781 2.259892 0.6899987
v -0.5722809 2.259892 0.5715879
v -0.5891967 2.291198 0.5452458
v -0.7735939 2.291198 0.6636568
v -2.054647 2.291197 -1.765045
v -0.5891967 2.291198 0.5452458
v -0.7735939 2.291198 0.6636568
v -2.239044 2.291197 -1.646634
v 2.485039 6.174979 -2.66914
v -1.524028 6.174979 -0.094708
v -1.524029 6.845765 -0.09470826
v 2.485039 6.845765 -2.66914
v -1.841731 6.174979 -0.5894538
v 2.167337 6.174979 -3.163887
v 2.167336 6.845765 -3.163886
v -1.841731 6.845766 -0.5894538
v 2.460622 6.890072 -2.707164
v 2.485039 6.845765 -2.66914
v -1.524029 6.845765 -0.09470826
v -1.548445 6.890072 -0.1327315
v 2.19213 6.138125 -3.125275
v -1.816936 6.138125 -0.5508433
v -1.548445 6.138125 -0.1327315
v 2.460622 6.138125 -2.707163
v 2.485039 6.174979 -2.66914
v -1.524028 6.174979 -0.094708
v 2.512013 6.174979 -2.740165
v 2.485039 6.845765 -2.66914
v -1.599837 6.174979 -0.09973004
v -1.816936 6.138125 -0.5508433
v 2.243522 6.174979 -3.158277
v 2.19213 6.138125 -3.125275
v 2.512013 6.845765 -2.740165
v 2.460622 6.890072 -2.707164
v -1.599837 6.845765 -0.09973007
v -1.524029 6.845765 -0.09470826
v -1.548445 6.890072 -0.1327315
v -1.868329 6.845765 -0.5178419
v -1.868329 6.174979 -0.5178419
v -1.841731 6.174979 -0.5894538
v 2.167337 6.174979 -3.163887
v -1.841731 6.845766 -0.5894538
v -1.816936 6.890072 -0.5508433
v 2.167336 6.845765 -3.163886
v 2.243522 6.845765 -3.158277
v 2.192131 6.890071 -3.125276
v -3.763364 3.873025 -0.8356566
v -2.33397 3.875978 -1.757016
v -2.224952 3.875978 -1.587245
v -3.657536 3.873025 -0.6708567
v -3.657536 3.873025 -0.6708567
v -2.224952 3.875978 -1.587245
v -2.225983 3.706416 -1.588851
v -3.658532 3.709369 -0.6724066
v -2.335001 3.706416 -1.758622
v -3.764359 3.709369 -0.8372073
v -3.658532 3.709369 -0.6724066
v -2.225983 3.706416 -1.588851
v -2.668831 3.442815 -1.499891
v -2.590862 3.442814 -1.378473
v -3.572881 3.442814 -0.747867
v -3.65085 3.442814 -0.8692855
v -2.669641 2.452055 -1.501153
v -2.591673 2.452054 -1.379735
v -2.590862 3.442814 -1.378473
v -2.668831 3.442815 -1.499891
v -3.572881 3.442814 -0.747867
v -2.590862 3.442814 -1.378473
v -2.591673 2.452054 -1.379735
v -3.573691 2.452054 -0.7491294
v -3.65166 2.452054 -0.8705472
v -3.573691 2.452054 -0.7491294
v -2.591673 2.452054 -1.379735
v -2.669641 2.452055 -1.501153
v -3.279127 3.440571 -1.023262
v -3.276081 3.440571 -0.9588408
v -3.276081 3.713695 -0.9588408
v -3.279126 3.713695 -1.023262
v -3.276081 3.440571 -0.9588408
v -3.330348 3.440571 -0.9239926
v -3.330349 3.713695 -0.9239926
v -3.276081 3.713695 -0.9588408
v -3.330348 3.440571 -0.9239926
v -3.387662 3.440571 -0.953566
v -3.387662 3.713695 -0.953566
v -3.330349 3.713695 -0.9239926
v -3.387662 3.440571 -0.953566
v -3.390707 3.440571 -1.017987
v -3.390707 3.713695 -1.017988
v -3.387662 3.713695 -0.953566
v -3.390707 3.440571 -1.017987
v -3.33644 3.440571 -1.052836
v -3.33644 3.713695 -1.052835
v -3.390707 3.713695 -1.017988
v -3.33644 3.440571 -1.052836
v -3.279127 3.440571 -1.023262
v -3.279126 3.713695 -1.023262
v -3.33644 3.713695 -1.052835
v -2.841588 3.440571 -1.304229
v -2.838542 3.440571 -1.239807
v -2.838542 3.713695 -1.239807
v -2.841588 3.713695 -1.304229
v -2.838542 3.440571 -1.239807
v -2.89281 3.440571 -1.204959
v -2.89281 3.713695 -1.204959
v -2.838542 3.713695 -1.239807
v -2.89281 3.440571 -1.204959
v -2.950124 3.440571 -1.234533
v -2.950124 3.713695 -1.234533
v -2.89281 3.713695 -1.204959
v -2.950124 3.440571 -1.234533
v -2.953169 3.440571 -1.298954
v -2.953169 3.713695 -1.298953
v -2.950124 3.713695 -1.234533
v -2.953169 3.440571 -1.298954
v -2.898901 3.440571 -1.333802
v -2.898901 3.713695 -1.333802
v -2.953169 3.713695 -1.298953
v -2.898901 3.440571 -1.333802
v -2.841588 3.440571 -1.304229
v -2.841588 3.713695 -1.304229
v -2.898901 3.713695 -1.333802
v 1.115822 0.392389 2.138041
v 0.7642879 0.5059125 2.363779
v 1.115823 0.505913 2.138041
v 0.7642879 0.3746683 2.363779
v 1.115823 0.2611443 2.138041
v 0.7493768 0.2611439 2.373354
v 0.5733027 0.3746683 2.48642
v 0.5733027 0.2611439 2.486421
v 0.08329248 0.3746678 1.30329
v -0.1076927 0.3746678 1.425931
v -0.1076927 0.2611443 1.425931
v 0.06838083 0.2611448 1.312865
v 0.4348269 0.3923894 1.077551
v 0.4348269 0.2611438 1.077552
v 0.4348269 0.5059125 1.077552
v 0.08329248 0.505913 1.30329
v 0.07795668 0.392389 1.327777
v 0.08329248 0.3746678 1.30329
v 0.08329248 0.505913 1.30329
v 0.0779562 0.505913 1.327777
v 0.7398014 0.3923895 2.358443
v 0.7398014 0.5059125 2.358443
v 0.7642879 0.3746683 2.363779
v 0.7642879 0.5059125 2.363779
v 1.106247 0.5236342 2.123129
v 1.115823 0.505913 2.138041
v 0.7642879 0.5059125 2.363779
v 0.7547126 0.5236342 2.348867
v 0.7398014 0.5059125 2.358443
v 0.0779562 0.505913 1.327777
v 0.09286785 0.5236341 1.318201
v 0.4444022 0.5236341 1.092463
v 0.08329248 0.505913 1.30329
v 0.4348269 0.5059125 1.077552
v 0.5488162 0.3746683 2.481084
v 0.5733027 0.3746683 2.48642
v 0.5733027 0.2611439 2.486421
v 0.5488157 0.2611444 2.481084
v -0.113029 0.3746683 1.450418
v -0.1130285 0.2611443 1.450418
v -0.1076927 0.3746678 1.425931
v -0.1076927 0.2611443 1.425931
v 0.7398014 0.3923895 2.358443
v 0.7642879 0.3746683 2.363779
v 0.5733027 0.3746683 2.48642
v 0.5637274 0.3923895 2.471509
v 0.5488162 0.3746683 2.481084
v -0.113029 0.3746683 1.450418
v -0.09811735 0.392389 1.440843
v 0.07795668 0.392389 1.327777
v -0.1076927 0.3746678 1.425931
v 0.08329248 0.3746678 1.30329
v 1.108378 1.573268 1.820082
v 0.8064861 1.573268 2.015524
v 0.8374906 1.34176 2.063419
v 1.139385 1.34176 1.867978
v 0.8393574 0.5012591 2.066302
v 1.141252 0.501259 1.87086
v 0.8307962 0.5014164 2.105889
v 0.8374906 1.34176 2.063419
v 0.8289194 1.3456 2.10299
v 0.9006262 0.502126 2.213754
v 0.8064861 1.573268 2.015524
v 0.897871 1.362661 2.2095
v 0.9403148 0.5022843 2.222248
v 0.9375496 1.366517 2.217978
v 0.7964244 1.588176 2.052795
v 0.7242327 1.724621 1.888471
v 0.8558407 1.651301 2.144576
v 0.8939185 1.666157 2.150581
v 0.7082396 1.750431 1.916578
v 0.6118755 1.78002 1.714916
v 0.742547 1.859776 1.969573
v 0.7747107 1.885508 1.966446
v 0.5877838 1.809819 1.730513
v 0.4995179 1.724621 1.541359
v 0.5877838 1.936084 1.730512
v 0.6118755 1.965796 1.714915
v 0.4673285 1.750431 1.544446
v 0.4172668 1.573268 1.414307
v 0.4330211 1.859776 1.491452
v 0.4490399 1.885508 1.463384
v 0.3791432 1.588176 1.408229
v 0.3862596 1.341761 1.366412
v 0.3197265 1.651301 1.316448
v 0.329834 1.666156 1.279251
v 0.3466482 1.3456 1.358035
v 0.3843946 0.501259 1.36353
v 0.3447733 0.5014169 1.355137
v 0.2776947 1.362661 1.251524
v 0.2862005 1.366517 1.211853
v 0.27494 0.5021264 1.24727
v 0.2834382 0.5022847 1.207583
v 0.6862879 0.501259 1.168087
v 0.3843946 0.501259 1.36353
v 0.3862596 1.341761 1.366412
v 0.6881542 1.341761 1.17097
v 0.4172668 1.573268 1.414307
v 0.7191591 1.573268 1.218864
v 0.4995179 1.724621 1.541359
v 0.8014121 1.724621 1.345917
v 0.6118755 1.78002 1.714916
v 0.9137697 1.78002 1.519474
v 0.7242327 1.724621 1.888471
v 1.026129 1.724621 1.693031
v 0.8064861 1.573268 2.015524
v 1.108378 1.573268 1.820082
v 1.195811 1.666157 1.955139
v 0.9375496 1.366517 2.217978
v 0.8939185 1.666157 2.150581
v 1.239442 1.366517 2.022536
v 0.9403148 0.5022843 2.222248
v 1.242208 0.5022842 2.026807
v 0.5853319 0.5022847 1.012141
v 0.5880952 1.366517 1.016411
v 0.2862005 1.366517 1.211853
v 0.2834382 0.5022847 1.207583
v 0.5880952 1.366517 1.016411
v 0.329834 1.666156 1.279251
v 0.2862005 1.366517 1.211853
v 0.6317282 1.666157 1.083809
v 0.4490399 1.885508 1.463384
v 0.7509327 1.885508 1.267943
v 0.6118755 1.965796 1.714915
v 0.9137697 1.965796 1.519474
v 0.7747107 1.885508 1.966446
v 1.076609 1.885508 1.771006
v 0.8939185 1.666157 2.150581
v 1.195811 1.666157 1.955139
v -1.442309 5.529149 -0.893405
v -1.296903 5.601463 -0.666044
v -1.564488 5.601463 -0.4949121
v -1.709895 5.529149 -0.7222731
v -1.548754 5.331582 -1.059844
v -1.816339 5.331582 -0.8887124
v -1.587715 5.061701 -1.120765
v -1.855301 5.061701 -0.9496336
v -1.548754 4.79182 -1.059844
v -1.816339 4.79182 -0.8887119
v -1.442309 4.594253 -0.8934044
v -1.709895 4.594253 -0.7222733
v -1.296903 4.521938 -0.6660439
v -1.564488 4.521938 -0.4949121
v -1.151496 4.594253 -0.438683
v -1.296903 4.521938 -0.6660439
v -1.564488 4.521938 -0.4949121
v -1.419082 4.594253 -0.2675514
v -1.045052 4.79182 -0.2722439
v -1.312637 4.79182 -0.1011123
v -1.00609 5.061701 -0.2113228
v -1.273676 5.061701 -0.04019092
v -1.045052 5.331582 -0.272244
v -1.312637 5.331582 -0.1011124
v -1.151496 5.529149 -0.438683
v -1.419082 5.529149 -0.2675514
v -1.296903 5.601463 -0.666044
v -1.564488 5.601463 -0.4949121
v -1.442309 4.594253 -0.8934044
v -1.296903 4.521938 -0.6660439
v -1.151496 4.594253 -0.438683
v -1.045052 4.79182 -0.2722439
v -1.548754 4.79182 -1.059844
v -1.587715 5.061701 -1.120765
v -1.00609 5.061701 -0.2113228
v -1.548754 5.331582 -1.059844
v -1.045052 5.331582 -0.272244
v -1.151496 5.529149 -0.438683
v -1.442309 5.529149 -0.893405
v -1.296903 5.601463 -0.666044
v -1.564488 5.482192 -0.4949121
v -1.466223 5.482192 -0.5577569
v -1.579499 5.425857 -0.7348776
v -1.677764 5.425857 -0.6720326
v -1.662422 5.271946 -0.8645391
v -1.760688 5.271946 -0.8016944
v -1.692775 5.061701 -0.9119983
v -1.79104 5.061701 -0.849154
v -1.662422 4.851455 -0.8645391
v -1.760688 4.851455 -0.8016944
v -1.579498 4.697545 -0.7348775
v -1.677764 4.697545 -0.6720328
v -1.466223 4.64121 -0.5577568
v -1.564488 4.64121 -0.4949121
v -1.564488 4.64121 -0.4949121
v -1.466223 4.64121 -0.5577568
v -1.352947 4.697545 -0.3806362
v -1.451212 4.697545 -0.3177914
v -1.270023 4.851455 -0.2509746
v -1.368289 4.851455 -0.1881299
v -1.239671 5.061701 -0.2035153
v -1.337936 5.061701 -0.1406708
v -1.270023 5.271946 -0.2509747
v -1.368289 5.271946 -0.1881299
v -1.352947 5.425857 -0.3806362
v -1.451212 5.425857 -0.3177917
v -1.466223 5.482192 -0.5577569
v -1.564488 5.482192 -0.4949121
v -1.352947 4.697545 -0.3806362
v -1.466223 4.64121 -0.5577568
v -1.579498 4.697545 -0.7348775
v -1.270023 4.851455 -0.2509746
v -1.662422 4.851455 -0.8645391
v -1.239671 5.061701 -0.2035153
v -1.692775 5.061701 -0.9119983
v -1.270023 5.271946 -0.2509747
v -1.662422 5.271946 -0.8645391
v -1.352947 5.425857 -0.3806362
v -1.579499 5.425857 -0.7348776
v -1.466223 5.482192 -0.5577569
v -1.419082 5.529149 -0.2675514
v -1.581991 5.579954 -0.4837179
v -1.564488 5.601463 -0.4949121
v -1.442379 5.510521 -0.2654176
v -1.312637 5.331582 -0.1011124
v -1.340177 5.320827 -0.1056111
v -1.273676 5.061701 -0.04019092
v -1.302768 5.061701 -0.04711769
v -1.312637 4.79182 -0.1011123
v -1.340177 4.802575 -0.1056111
v -1.419082 4.594253 -0.2675514
v -1.442379 4.612881 -0.2654178
v -1.564488 4.521938 -0.4949121
v -1.581991 4.543448 -0.4837181
v -1.709895 4.594253 -0.7222733
v -1.581991 4.543448 -0.4837181
v -1.564488 4.521938 -0.4949121
v -1.721603 4.612881 -0.7020182
v -1.816339 4.79182 -0.8887119
v -1.823806 4.802575 -0.8618255
v -1.855301 5.061701 -0.9496336
v -1.861216 5.061701 -0.9203191
v -1.816339 5.331582 -0.8887124
v -1.823806 5.320827 -0.8618255
v -1.709895 5.529149 -0.7222731
v -1.721603 5.510521 -0.7020183
v -1.564488 5.601463 -0.4949121
v -1.581991 5.579954 -0.4837179
v -1.701062 4.678917 -0.6698992
v -1.788227 4.840701 -0.8061934
v -1.820132 5.061701 -0.8560805
v -1.788227 5.282701 -0.8061934
v -1.701062 5.444485 -0.6698995
v -1.581991 4.6197 -0.4837181
v -1.581991 5.503702 -0.4837182
v -1.442379 5.510521 -0.2654176
v -1.462921 5.444485 -0.2975371
v -1.564488 5.482192 -0.4949121
v -1.340177 5.320827 -0.1056111
v -1.451212 5.425857 -0.3177917
v -1.375756 5.282701 -0.1612429
v -1.302768 5.061701 -0.04711769
v -1.368289 5.271946 -0.1881299
v -1.343851 5.061701 -0.111356
v -1.340177 4.802575 -0.1056111
v -1.337936 5.061701 -0.1406708
v -1.375756 4.840701 -0.1612429
v -1.442379 4.612881 -0.2654178
v -1.368289 4.851455 -0.1881299
v -1.462921 4.678917 -0.2975368
v -1.451212 4.697545 -0.3177914
v -1.564488 4.64121 -0.4949121
v -1.701062 4.678917 -0.6698992
v -1.564488 4.64121 -0.4949121
v -1.581991 4.6197 -0.4837181
v -1.677764 4.697545 -0.6720328
v -1.788227 4.840701 -0.8061934
v -1.760688 4.851455 -0.8016944
v -1.820132 5.061701 -0.8560805
v -1.79104 5.061701 -0.849154
v -1.788227 5.282701 -0.8061934
v -1.760688 5.271946 -0.8016944
v -1.701062 5.444485 -0.6698995
v -1.677764 5.425857 -0.6720326
v -1.581991 5.503702 -0.4837182
v -1.564488 5.482192 -0.4949121
v -1.86634 2.717066 -0.8935283
v -1.528148 2.643724 -1.110453
v -1.528148 2.717066 -1.110453
v -1.86634 2.643724 -0.8935283
v -1.87202 2.717066 -0.8675951
v -1.87202 2.643724 -0.8675951
v -1.324818 2.717066 -0.01251972
v -1.324818 2.643724 -0.01251971
v -1.298912 2.643724 -0.006846305
v -0.9607201 2.717066 -0.2237715
v -0.9607201 2.643724 -0.2237715
v -1.298912 2.717066 -0.006846308
v -1.324818 2.643724 -0.01251971
v -1.324818 2.717066 -0.01251972
v -1.309025 2.728728 -0.02264965
v -1.856227 2.728728 -0.877725
v -1.518035 2.728728 -1.09465
v -0.9708333 2.728728 -0.2395748
v -1.856227 2.728728 -0.877725
v -1.87202 2.717066 -0.8675951
v -1.86634 2.717066 -0.8935283
v -1.518035 2.728728 -1.09465
v -1.528148 2.717066 -1.110453
v -1.856227 2.728728 -0.877725
v -1.324818 2.717066 -0.01251972
v -1.87202 2.717066 -0.8675951
v -1.309025 2.728728 -0.02264965
v -1.298912 2.717066 -0.006846308
v -0.9607201 2.717066 -0.2237715
v -0.9708333 2.728728 -0.2395748
v -1.375607 3.616222 -0.8524274
v -1.249943 3.686614 -0.6558349
v -1.510378 3.686614 -0.4892005
v -1.636042 3.616222 -0.6857926
v -1.467599 3.423909 -0.9963421
v -1.728034 3.42391 -0.8297076
v -1.501271 3.161205 -1.049019
v -1.761705 3.161205 -0.8823842
v -1.501271 2.661094 -1.049019
v -1.761705 2.661094 -0.8823842
v -1.510376 3.543651 -0.4891974
v -1.414744 3.543651 -0.5504021
v -1.505321 3.488814 -0.6921553
v -1.600953 3.488814 -0.6309499
v -1.560463 3.36586 -0.7785393
v -1.656088 3.36586 -0.7173241
v -1.588036 3.161205 -0.8216652
v -1.683663 3.161205 -0.7604541
v -1.683663 2.661094 -0.7604541
v -1.588036 2.661094 -0.8216652
v -1.249943 3.686614 -0.6558349
v -1.384714 3.616222 -0.2926082
v -1.510378 3.686614 -0.4892005
v -1.124279 3.616222 -0.459243
v -1.292722 3.423909 -0.1486932
v -1.032287 3.423909 -0.3153278
v -1.25905 3.161205 -0.09601655
v -0.9986153 3.161205 -0.2626511
v -1.25905 2.661094 -0.09601629
v -0.9986153 2.661094 -0.2626511
v -1.384714 3.616222 -0.2926082
v -1.527413 3.665676 -0.4783007
v -1.510378 3.686614 -0.4892005
v -1.406757 3.598089 -0.2895426
v -1.292722 3.423909 -0.1486932
v -1.318431 3.41344 -0.1513623
v -1.25905 3.161205 -0.09601655
v -1.286101 3.161205 -0.1007849
v -1.286101 2.661094 -0.1007849
v -1.25905 2.661094 -0.09601629
v -1.337086 3.161205 -0.2179369
v -1.337086 2.661094 -0.2179369
v -1.241458 2.661094 -0.279148
v -1.241458 3.161205 -0.279148
v -1.269035 3.365859 -0.3222798
v -1.36466 3.365859 -0.2610644
v -1.324167 3.488814 -0.4086491
v -1.419799 3.488814 -0.3474442
v -1.414744 3.543651 -0.5504021
v -1.510376 3.543651 -0.4891974
v -1.709561 3.161205 -0.7634267
v -1.709561 2.661094 -0.7634264
v -1.768726 2.661094 -0.8558158
v -1.768726 3.161205 -0.8558162
v -1.761705 2.661094 -0.8823842
v -1.761705 3.161205 -0.8823842
v -1.728034 3.42391 -0.8297076
v -1.736396 3.413441 -0.8052387
v -1.680575 3.376328 -0.7180899
v -1.636042 3.616222 -0.6857926
v -1.648069 3.598089 -0.6670582
v -1.510378 3.686614 -0.4892005
v -1.62262 3.506947 -0.6272997
v -1.527413 3.665676 -0.4783007
v -1.52741 3.564589 -0.4782952
v -1.406757 3.598089 -0.2895426
v -1.4322 3.506947 -0.3292908
v -1.510376 3.543651 -0.4891974
v -1.318431 3.41344 -0.1513623
v -1.419799 3.488814 -0.3474442
v -1.374239 3.376328 -0.2384912
v -1.36466 3.365859 -0.2610644
v -1.286101 3.161205 -0.1007849
v -1.345255 3.161205 -0.193158
v -1.337086 3.161205 -0.2179369
v -1.337086 2.661094 -0.2179369
v -1.345255 2.661094 -0.193158
v -1.286101 2.661094 -0.1007849
v -1.683663 3.161205 -0.7604541
v -1.683663 2.661094 -0.7604541
v -1.709561 2.661094 -0.7634264
v -1.709561 3.161205 -0.7634267
v -1.680575 3.376328 -0.7180899
v -1.656088 3.36586 -0.7173241
v -1.62262 3.506947 -0.6272997
v -1.600953 3.488814 -0.6309499
v -1.52741 3.564589 -0.4782952
v -1.510376 3.543651 -0.4891974
v 0.5632448 5.027441 -2.606151
v 0.04510975 5.027441 -2.273429
v 0.04519796 7.01009 -2.273486
v 0.5631566 7.01009 -2.606094
v 0.5738254 5.027441 -2.654703
v 0.5737686 7.01009 -2.654791
v -0.3147049 7.308949 -2.839797
v 0.1979361 7.308949 -3.168991
v 0.2428546 7.308949 -3.159203
v 0.5671015 7.308948 -2.654265
v -0.3244934 7.308949 -2.794878
v -0.0002465248 7.308948 -2.289941
v 0.557313 7.308949 -2.609347
v 0.04467201 7.308949 -2.280153
v 0.1979365 7.413858 -3.168991
v 0.1979361 7.308949 -3.168991
v -0.3147049 7.308949 -2.839797
v -0.3147049 7.413858 -2.839797
v 0.1963944 7.446366 -3.206634
v -0.3482933 7.446366 -2.856861
v -0.3621359 7.446366 -2.793337
v -0.3244934 7.413858 -2.794878
v -0.3244934 7.308949 -2.794878
v -0.0002465248 7.308948 -2.289941
v -0.0002465248 7.413858 -2.289941
v -0.01731014 7.446366 -2.256353
v 0.04467201 7.413858 -2.280153
v 0.04467201 7.308949 -2.280153
v 0.04621363 7.446366 -2.24251
v 0.04467201 7.413858 -2.280153
v 0.04467201 7.308949 -2.280153
v 0.557313 7.308949 -2.609347
v 0.557313 7.413858 -2.609347
v 0.04621363 7.446366 -2.24251
v 0.5909014 7.446366 -2.592283
v 0.5671015 7.413858 -2.654265
v 0.5671015 7.308948 -2.654265
v 0.604744 7.446366 -2.655807
v 0.2428546 7.308949 -3.159203
v 0.2428551 7.413858 -3.159203
v 0.2599182 7.446366 -3.192791
v 0.1979365 7.413858 -3.168991
v 0.1979361 7.308949 -3.168991
v 0.1963944 7.446366 -3.206634
v -0.4975729 7.446366 -2.889391
v -0.5621886 7.413858 -2.844773
v -0.5516086 7.413858 -2.893325
v -0.511416 7.446366 -2.825867
v -0.04984045 7.446366 -2.107073
v -0.05377388 7.413858 -2.053037
v 0.0136838 7.446366 -2.093231
v -0.005221844 7.413858 -2.042458
v -0.005133629 7.01009 -2.042514
v -0.0538311 7.01009 -2.053126
v -0.5621319 7.01009 -2.844684
v -0.5516086 7.413858 -2.893325
v -0.5515199 7.01009 -2.893382
v -0.3312178 5.027441 -2.794441
v -0.3206372 5.027441 -2.842992
v -0.3205485 7.01009 -2.84305
v -0.3311605 7.01009 -2.794352
v -0.003442764 5.027441 -2.284009
v -0.003499031 7.01009 -2.284098
v 0.04510975 5.027441 -2.273429
v 0.04519796 7.01009 -2.273486
v 0.5737686 7.01009 -2.654791
v 0.7941284 7.01009 -2.555762
v 0.80474 7.01009 -2.60446
v 0.5631566 7.01009 -2.606094
v 0.04519796 7.01009 -2.273486
v -0.005133629 7.01009 -2.042514
v -0.0538311 7.01009 -2.053126
v -0.003499031 7.01009 -2.284098
v -0.3311605 7.01009 -2.794352
v -0.5621319 7.01009 -2.844684
v -0.5515199 7.01009 -2.893382
v -0.3205485 7.01009 -2.84305
v -0.4975729 7.446366 -2.889391
v -0.5516086 7.413858 -2.893325
v 0.2478299 7.413858 -3.406686
v 0.2289248 7.446366 -3.355914
v 0.2963824 7.413858 -3.396106
v -0.3482933 7.446366 -2.856861
v -0.511416 7.446366 -2.825867
v -0.3621359 7.446366 -2.793337
v 0.1963944 7.446366 -3.206634
v -0.01731014 7.446366 -2.256353
v -0.04984045 7.446366 -2.107073
v 0.0136838 7.446366 -2.093231
v 0.04621363 7.446366 -2.24251
v 0.2599182 7.446366 -3.192791
v 0.5909014 7.446366 -2.592283
v 0.292449 7.446366 -3.342071
v 0.8047967 7.413858 -2.604372
v 0.7540236 7.446366 -2.623277
v 0.604744 7.446366 -2.655807
v 0.7942162 7.413858 -2.555819
v 0.7401814 7.446366 -2.559752
v -0.005221844 7.413858 -2.042458
v -0.005133629 7.01009 -2.042514
v 0.7941284 7.01009 -2.555762
v 0.80474 7.01009 -2.60446
v 0.8047967 7.413858 -2.604372
v -3.764359 3.709369 -0.8372073
v -3.763364 3.873025 -0.8356566
v -3.657536 3.873025 -0.6708567
v -3.658532 3.709369 -0.6724066
v -3.65085 3.442814 -0.8692855
v -3.572881 3.442814 -0.747867
v -3.573691 2.452054 -0.7491294
v -3.65166 2.452054 -0.8705472
v -2.239044 2.291197 -1.646634
v -2.071563 2.259892 -1.791386
v -2.054647 2.291197 -1.765045
v -2.25596 2.259892 -1.672976
v -2.25596 1.976213 -1.672976
v -2.071563 1.976213 -1.791386
v -2.265386 1.976213 -1.629717
v -2.25596 1.976213 -1.672976
v -2.25596 2.259892 -1.672976
v -2.265386 2.259892 -1.629718
v -2.239044 2.291197 -1.646634
v -0.7999358 1.976213 0.6805725
v -0.7735939 2.291198 0.6636568
v -0.7999358 2.259892 0.6805722
v -0.7566781 1.976213 0.6899988
v -0.7566781 2.259892 0.6899987
v 3.142951 3.596385 2.411139
v 3.142951 3.950701 2.411139
v 1.036559 3.950701 -0.8690667
v 1.036559 3.596385 -0.8690667
v 0.6780396 3.596385 -0.638842
v 0.6780396 3.950701 -0.638842
v 2.784431 3.950701 2.641363
v 2.784431 3.596385 2.641363
v 0.9930258 3.992493 -0.8411116
v 1.036559 3.950701 -0.8690667
v 3.142951 3.950701 2.411139
v 3.099418 3.992492 2.439094
v 0.7215729 3.992493 -0.6667971
v 3.121999 3.950701 2.474259
v 3.142951 3.596385 2.411139
v 3.121999 3.596385 2.47426
v 2.850547 3.596385 2.648574
v 2.827965 3.992493 2.613408
v 0.6780396 3.950701 -0.638842
v 2.784431 3.950701 2.641363
v 2.784431 3.596385 2.641363
v 2.850546 3.950701 2.648574
v 1.686865 2.691401 3.045471
v 3.93241 0.2620756 1.603489
v 1.688306 0.2620752 3.044546
v 3.933852 2.6914 1.602563
v 3.055449 3.402323 2.166631
v 2.900068 3.474928 2.266409
v 2.720648 3.474928 2.381624
v 2.565266 3.402323 2.481403
v -0.2813687 0.2620755 -0.0227554
v -0.2828102 2.691401 -0.02183044
v 1.686865 2.691401 3.045471
v 1.688306 0.2620752 3.044546
v 1.62096 2.823661 3.161936
v 1.524033 0.2664778 3.010995
v 1.524033 2.823661 3.010994
v 1.62096 0.2664783 3.161937
v 1.685461 2.823661 3.175992
v 1.685461 0.2664778 3.175992
v 1.868415 0.2664783 3.003033
v 1.868415 2.823661 3.003032
v 1.771487 2.823661 2.852091
v 1.771487 0.2664783 2.852091
v 1.868415 2.823661 3.003032
v 1.868415 0.2664783 3.003033
v 1.85436 0.2664783 3.067533
v 1.85436 2.823661 3.067533
v 1.685461 2.823661 3.175992
v 1.685461 0.2664778 3.175992
v 1.706986 2.82366 2.838035
v 1.771487 0.2664783 2.852091
v 1.771487 2.823661 2.852091
v 1.706986 0.2664783 2.838035
v 1.538088 2.82366 2.946494
v 1.538088 0.2664783 2.946494
v 1.524033 2.823661 3.010994
v 1.524033 0.2664778 3.010995
v 3.777051 2.942481 1.783637
v 3.680123 0.2664782 1.632694
v 3.680123 2.942481 1.632694
v 3.777051 0.2664778 1.783637
v 3.841552 2.942481 1.797692
v 3.841552 0.2664778 1.797692
v 4.01045 0.2664777 1.689234
v 4.010449 2.942481 1.689233
v 4.024507 2.942481 1.624733
v 4.024507 0.2664782 1.624733
v 4.01045 0.2664777 1.689234
v 4.010449 2.942481 1.689233
v 2.327415 0.2666457 3.775764
v 1.860543 0.2666456 3.048724
v 1.860543 1.610385 3.048724
v 2.327415 1.610385 3.775764
v 2.334208 1.654779 3.752396
v 1.876727 1.654779 3.039978
v 2.797366 2.322445 3.112546
v 2.509976 2.322444 2.62966
v 2.79733 3.935779 3.11249
v 2.510069 3.935779 2.629803
v 4.244647 1.654778 2.526984
v 3.537748 2.322445 2.638838
v 3.250358 2.322444 2.155951
v 3.787166 1.654779 1.814566
v 3.737706 1.65905 1.815762
v 3.207924 2.322444 2.152571
v 2.524558 2.322444 2.589666
v 4.268723 1.610385 2.530528
v 4.254596 1.610385 2.568517
v 4.227334 1.655015 2.570076
v 3.801852 1.610385 1.803488
v 3.801852 0.2666456 1.803488
v 4.268723 0.2666456 2.530528
v 3.76143 0.2666456 1.800528
v 3.76143 1.610385 1.800527
v 1.874669 0.2666456 3.010735
v 1.898394 1.659049 2.995501
v 1.874669 1.610385 3.010735
v 1.860543 0.2666456 3.048724
v 1.860543 1.610385 3.048724
v 1.876727 1.654779 3.039978
v 2.509976 2.322444 2.62966
v 3.537748 2.322445 2.638838
v 3.537713 3.93578 2.638782
v 3.250451 3.93578 2.156095
v 3.250358 2.322444 2.155951
v 3.207924 2.322444 2.152571
v 3.207788 3.93578 2.152658
v 2.524694 3.93578 2.589578
v 2.524558 2.322444 2.589666
v 2.509976 2.322444 2.62966
v 2.510069 3.935779 2.629803
v 2.532656 4.555636 2.632042
v 2.532603 5.122874 2.631959
v 2.805371 5.122874 3.092077
v 2.80532 4.555636 3.091995
v 2.679994 5.122874 2.642867
v 2.856779 4.541907 2.953511
v 2.856779 5.122874 2.953512
v 2.679994 4.541907 2.642867
v 2.691142 4.541907 2.612028
v 2.691143 5.122874 2.612029
v 3.158948 5.122874 2.313356
v 3.158948 4.541907 2.313356
v 3.191628 4.541907 2.316049
v 3.191628 5.122874 2.316049
v 2.691142 4.541907 2.612028
v 3.158948 4.541907 2.313356
v 3.191628 4.541907 2.316049
v 3.368414 4.541907 2.626694
v 2.679994 4.541907 2.642867
v 3.357265 4.541906 2.657532
v 2.856779 4.541907 2.953511
v 2.88946 4.541907 2.956204
v 3.368414 5.122874 2.626694
v 3.368414 4.541907 2.626694
v 3.191628 4.541907 2.316049
v 3.191628 5.122874 2.316049
v 2.691143 5.122874 2.612029
v 2.679994 5.122874 2.642867
v 2.649284 5.147207 2.643244
v 2.665927 5.147207 2.604541
v 3.162631 5.147207 2.287311
v 3.158948 5.122874 2.313356
v 3.204588 5.147207 2.288028
v 3.191628 5.122874 2.316049
v 2.855359 5.147207 3.062866
v 2.805371 5.122874 3.092077
v 2.817212 5.147207 3.057478
v 2.847909 5.122874 3.096567
v 3.465373 5.147207 2.672873
v 2.848067 4.555636 3.096466
v 2.80532 4.555636 3.091995
v 3.502191 5.122874 2.678149
v 3.479417 5.147207 2.633972
v 3.502032 4.555637 2.678251
v 3.515805 5.122874 2.6376
v 3.515752 4.555636 2.637518
v 4.254596 1.610385 2.568517
v 4.268723 1.610385 2.530528
v 4.268723 0.2666456 2.530528
v 4.254596 0.2666461 2.568517
v 2.367836 1.610385 3.778725
v 2.367837 0.2666457 3.778725
v 4.227334 1.655015 2.570076
v 2.327415 1.610385 3.775764
v 2.327415 0.2666457 3.775764
v 2.380596 1.655015 3.754583
v 2.334208 1.654779 3.752396
v 2.797366 2.322445 3.112546
v 2.839983 2.322445 3.117311
v 3.52435 2.322444 2.679572
v 4.244647 1.654778 2.526984
v 3.537748 2.322445 2.638838
v 3.524181 3.93578 2.679681
v 3.537713 3.93578 2.638782
v 3.537748 2.322445 2.638838
v 3.52435 2.322444 2.679572
v 2.839983 2.322445 3.117311
v 2.840152 3.93578 3.117203
v 2.79733 3.935779 3.11249
v 2.797366 2.322445 3.112546
v 2.749946 4.531304 3.22415
v 2.787208 3.960112 3.229139
v 2.749946 3.960112 3.22415
v 2.787209 4.531304 3.229139
v 3.647998 4.531304 2.678111
v 3.599636 4.555636 2.680248
v 2.809274 4.555636 3.186052
v 2.749946 4.531304 3.22415
v 3.623065 4.555637 2.639284
v 3.502032 4.555637 2.678251
v 2.848067 4.555636 3.096466
v 3.515752 4.555636 2.637518
v 2.80532 4.555636 3.091995
v 3.243089 4.555637 2.177565
v 2.762275 4.555636 3.190312
v 2.425344 4.555637 2.630277
v 2.532656 4.555636 2.632042
v 2.546376 4.555637 2.591309
v 2.389443 4.531304 2.627409
v 2.389443 3.960112 2.627409
v 2.749946 3.960112 3.22415
v 2.400411 4.531304 2.591449
v 2.448771 4.555637 2.589311
v 3.239134 4.555637 2.083508
v 3.20034 4.555637 2.173094
v 3.261199 4.531304 2.040421
v 3.286133 4.555637 2.079248
v 3.658963 4.531304 2.642151
v 3.298461 4.531304 2.04541
v 3.658964 3.960112 2.642151
v 3.261199 3.960112 2.040421
v 3.298462 3.960112 2.04541
v 2.400411 3.960112 2.591449
v 3.238115 3.93578 2.084162
v 2.44979 3.935779 2.588657
v 2.424663 3.93578 2.629217
v 2.762353 3.93578 3.190434
v 2.510069 3.935779 2.629803
v 2.524694 3.93578 2.589578
v 2.79733 3.935779 3.11249
v 3.207788 3.93578 2.152658
v 2.840152 3.93578 3.117203
v 3.285452 3.93578 2.078188
v 3.250451 3.93578 2.156095
v 3.537713 3.93578 2.638782
v 3.623142 3.93578 2.639405
v 3.599069 3.93578 2.680613
v 3.524181 3.93578 2.679681
v 3.647998 3.960112 2.678111
v 2.809842 3.935779 3.185687
v 3.658964 3.960112 2.642151
v 3.658963 4.531304 2.642151
v 2.817212 5.147207 3.057478
v 2.805371 5.122874 3.092077
v 2.532603 5.122874 2.631959
v 2.568992 5.147206 2.635588
v 2.843658 5.147207 2.98128
v 2.855359 5.147207 3.062866
v 2.579963 5.147207 2.598658
v 2.546218 5.122874 2.591411
v 2.532656 4.555636 2.632042
v 2.546376 4.555637 2.591309
v 3.20034 4.555637 2.173094
v 3.2005 5.122874 2.172992
v 3.243035 5.122874 2.177483
v 3.243089 4.555637 2.177565
v 3.515752 4.555636 2.637518
v 3.515805 5.122874 2.6376
v 3.189979 5.147207 2.208666
v 3.231195 5.147207 2.212082
v 3.479417 5.147207 2.633972
v 2.665927 5.147207 2.604541
v 3.162631 5.147207 2.287311
v 2.649284 5.147207 2.643244
v 3.204588 5.147207 2.288028
v 3.399285 5.147207 2.626568
v 3.191628 5.122874 2.316049
v 3.368414 5.122874 2.626694
v 3.382481 5.147207 2.665019
v 3.465373 5.147207 2.672873
v 3.357265 5.122874 2.657532
v 2.885777 5.147207 2.982249
v 2.889461 5.122874 2.956205
v 2.856779 5.122874 2.953512
v 2.679994 5.122874 2.642867
v 2.889461 5.122874 2.956205
v 2.856779 5.122874 2.953512
v 2.856779 4.541907 2.953511
v 2.88946 4.541907 2.956204
v 3.357265 4.541906 2.657532
v 3.357265 5.122874 2.657532
v 3.368414 5.122874 2.626694
v 3.368414 4.541907 2.626694
v 2.799779 0.2664786 -1.433707
v -0.56846 0.2664782 0.7292161
v -0.56846 4.786573 0.7292156
v 2.799779 4.786573 -1.433707
v -0.56846 0.2664782 0.7292161
v -1.112374 6.290863 -0.1178012
v -0.56846 4.786573 0.7292156
v -1.28333 6.415109 -0.3840249
v -1.480734 6.415109 -0.6914337
v -2.195603 0.2664785 -1.804673
v -1.65169 6.290863 -0.9576574
v -2.195603 4.786573 -1.804674
v -1.860784 6.244311 -0.8233867
v 1.082829 3.875447 -4.567332
v -2.703598 3.875447 -2.13587
v 1.925643 6.244311 -3.25485
v -1.689828 6.368557 -0.5571633
v 2.0966 6.368557 -2.988627
v 2.464959 6.244311 -2.414994
v -0.4786544 3.875446 1.328952
v 3.307773 3.875447 -1.102511
v -1.321468 6.244311 0.0164692
v 2.294003 6.368557 -2.681218
v -1.492425 6.368557 -0.2497547
v 2.595178 6.481985 -2.297227
v 3.369109 3.897828 -1.092014
v 3.500116 4.016199 -0.8880009
v 2.518497 6.282943 -2.416641
v 2.369071 6.641373 -2.649336
v 2.338677 6.413659 -2.696666
v 2.098842 6.641373 -3.070153
v 2.129234 6.413659 -3.022824
v 1.872734 6.481985 -3.422262
v 1.949416 6.282943 -3.302848
v 0.9677963 4.016199 -4.831487
v 1.098804 3.897828 -4.627476
v 1.044029 3.861272 -4.627755
v 0.9106774 3.98176 -4.835419
v -2.87575 3.98176 -2.403956
v -2.742399 3.861271 -2.196292
v -2.764934 3.897829 -2.146368
v -2.895941 4.016199 -2.35038
v -1.991004 6.481985 -0.9411541
v -1.914322 6.282942 -0.8217402
v -1.764895 6.641373 -0.5890449
v -1.734503 6.413659 -0.5417152
v -1.494667 6.641373 -0.1682277
v -1.52506 6.413659 -0.2155576
v -1.689828 6.368557 -0.5571633
v -1.268559 6.481985 0.183881
v -1.492425 6.368557 -0.2497547
v -1.345241 6.282943 0.06446763
v -0.3636212 4.016199 1.593107
v -0.4946284 3.897828 1.389095
v -1.345241 6.282943 0.06446763
v -1.321468 6.244311 0.0164692
v -0.4946284 3.897828 1.389095
v -0.4786544 3.875446 1.328952
v -0.4398537 3.861271 1.389375
v 3.346574 3.861271 -1.042089
v 3.307773 3.875447 -1.102511
v 3.369109 3.897828 -1.092014
v 2.518497 6.282943 -2.416641
v 3.369109 3.897828 -1.092014
v 2.464959 6.244311 -2.414994
v 2.338677 6.413659 -2.696666
v 2.294003 6.368557 -2.681218
v -1.492425 6.368557 -0.2497547
v 2.294003 6.368557 -2.681218
v 2.0966 6.368557 -2.988627
v -1.689828 6.368557 -0.5571633
v -3.484426 0.3958097 -0.5979359
v -3.162256 0.3958102 -0.8048179
v -3.150011 0.4184719 -0.7857487
v -3.47218 0.4184714 -0.5788667
v -3.491249 0.3958102 -0.566622
v -3.484425 0.2627965 -0.5979359
v -3.491249 0.2627969 -0.5666215
v -2.239731 0.2627966 1.382321
v -2.220662 0.4184715 1.370075
v -1.898493 0.4184715 1.163193
v -1.886247 0.3958098 1.182263
v -2.239731 0.3958098 1.382321
v -2.208416 0.3958098 1.389145
v -1.886247 0.2627966 1.182263
v -2.208417 0.262797 1.389144
v -3.484425 0.2627965 -0.5979359
v -3.162256 0.2627965 -0.8048177
v -3.162256 0.3958102 -0.8048179
v -3.484426 0.3958097 -0.5979359
v -3.257899 1.908373 -0.3918632
v -3.257898 0.3660498 -0.3918631
v -3.364936 0.3660503 -0.5585482
v -3.364936 1.908373 -0.5585485
v -3.359852 0.3660498 -0.5986874
v -3.359852 1.920004 -0.5986879
v -3.088187 0.3660498 -0.5008435
v -3.088187 1.998714 -0.5008438
v -3.195225 1.998714 -0.6675289
v -3.195225 0.3660498 -0.6675286
v -3.23384 1.987083 -0.6796067
v -3.23384 0.3660498 -0.6796067
v -3.23384 0.3660498 -0.6796067
v -3.23384 1.987083 -0.6796067
v -3.359852 1.920004 -0.5986879
v -3.359852 0.3660498 -0.5986874
v -3.088187 1.998714 -0.5008438
v -3.088187 0.3660498 -0.5008435
v -3.093271 0.3660498 -0.4607044
v -3.093271 1.987083 -0.4607042
v -3.219283 1.920004 -0.3797854
v -3.219283 0.3660498 -0.3797853
v -3.257898 0.3660498 -0.3918631
v -3.257899 1.908373 -0.3918632
v -3.093271 0.3660498 -0.4607044
v -3.219283 0.3660498 -0.3797853
v -3.219283 1.920004 -0.3797854
v -3.093271 1.987083 -0.4607042
v -2.041865 1.998714 1.128554
v -2.041865 0.3660499 1.128555
v -2.046949 0.3660499 1.168694
v -2.046949 1.987083 1.168694
v -2.318614 1.908373 1.07085
v -2.313529 0.3660499 1.03071
v -2.31353 1.920004 1.03071
v -2.318614 0.3660499 1.07085
v -2.211576 1.908373 1.237535
v -2.211576 0.3660499 1.237535
v -2.041865 0.3660499 1.128555
v -2.041865 1.998714 1.128554
v -2.148903 1.998714 0.9618694
v -2.148903 0.3660499 0.9618695
v -2.187518 1.987083 0.9497914
v -2.187518 0.3660499 0.9497917
v -2.046949 0.3660499 1.168694
v -2.172961 0.3660499 1.249613
v -2.172961 1.920004 1.249613
v -2.046949 1.987083 1.168694
v -2.172961 1.920004 1.249613
v -2.172961 0.3660499 1.249613
v -2.211576 0.3660499 1.237535
v -2.211576 1.908373 1.237535
v -2.187518 0.3660499 0.9497917
v -2.187518 1.987083 0.9497914
v -2.31353 1.920004 1.03071
v -2.313529 0.3660499 1.03071
v -1.974045 0.2627969 -1.56783
v -1.651875 0.2627969 -1.774712
v -1.651875 0.4502759 -1.774712
v -1.974045 0.4502759 -1.56783
v -1.63963 0.4729381 -1.755643
v -1.980869 0.4502755 -1.536516
v -1.980868 0.2627964 -1.536516
v -0.7293506 0.262797 0.4124267
v -1.9618 0.4729381 -1.548761
v -0.7293506 0.4502755 0.4124264
v -0.7102818 0.4729377 0.400181
v -0.3881121 0.4729377 0.1932995
v -0.3758669 0.450276 0.212368
v -0.6980367 0.4502755 0.4192502
v -0.6980362 0.2627965 0.4192502
v -0.3758669 0.2627974 0.212368
v -1.460067 0.7567645 0.4187095
v -2.400429 0.5827772 1.022565
v -1.460067 0.8587695 0.4187095
v -2.400429 0.4807721 1.022565
v -2.44919 0.4680778 1.041762
v -2.44919 0.5762321 1.041762
v -2.44919 0.4680778 1.041762
v -3.26563 0.4680777 -0.22965
v -3.26563 0.5762321 -0.2296498
v -2.44919 0.5762321 1.041762
v -2.282016 0.8749476 -0.8612807
v -1.465576 0.8749477 0.4101309
v -2.422377 0.5941307 1.024544
v -3.238818 0.5941306 -0.2468679
v -2.44919 0.5762321 1.041762
v -3.26563 0.5762321 -0.2296498
v -3.227886 0.5827771 -0.2660032
v -3.238818 0.5941306 -0.2468679
v -3.26563 0.5762321 -0.2296498
v -2.282016 0.8749476 -0.8612807
v -2.287524 0.8587695 -0.869859
v -2.400429 0.5827772 1.022565
v -2.44919 0.5762321 1.041762
v -2.422377 0.5941307 1.024544
v -1.460067 0.8587695 0.4187095
v -1.465576 0.8749477 0.4101309
v -3.227886 0.4807726 -0.2660032
v -3.26563 0.5762321 -0.2296498
v -3.26563 0.4680777 -0.22965
v -3.227886 0.5827771 -0.2660032
v -2.287524 0.8587695 -0.869859
v -2.287525 0.7567645 -0.869859
v -2.305168 0.7895528 -0.584034
v -2.218105 0.7895528 -0.4484535
v -2.256001 0.96513 -0.424119
v -2.343064 0.9651295 -0.5596994
v -2.399046 0.7721044 -0.6043389
v -2.436942 0.9476815 -0.580004
v -2.552405 0.7299815 -0.5392397
v -2.590301 0.9055587 -0.5149048
v -2.880741 0.629892 -0.328398
v -2.918637 0.8054692 -0.3040631
v -3.007888 0.6069566 -0.2133701
v -3.041642 0.7633458 -0.1916941
v -3.038481 0.635831 -0.1131351
v -3.062238 0.7458979 -0.09787968
v -2.951418 0.635831 0.02244494
v -2.975175 0.7458979 0.03770038
v -2.927936 0.8096687 0.007365907
v -2.975175 0.7458979 0.03770038
v -3.062238 0.7458979 -0.09787968
v -3.014999 0.8096682 -0.1282144
v -2.793895 0.8709785 -0.07870892
v -3.017725 0.8088981 -0.1922643
v -3.041642 0.7633458 -0.1916941
v -2.918637 0.8054692 -0.3040631
v -2.880958 0.870979 -0.214289
v -2.465559 0.9710685 -0.2895506
v -2.913458 0.8517915 -0.2740081
v -2.590301 0.9055587 -0.5149048
v -2.552622 0.971068 -0.4251311
v -2.323236 0.9940044 -0.3809436
v -2.585122 0.9518806 -0.4848497
v -2.463738 0.9777738 -0.5480083
v -2.436942 0.9476815 -0.580004
v -2.343064 0.9651295 -0.5596994
v -2.410299 0.9940044 -0.5165241
v -2.256001 0.96513 -0.424119
v -2.276597 0.9476815 -0.3303049
v -2.256001 0.96513 -0.424119
v -2.218105 0.7895528 -0.4484535
v -2.238701 0.7721049 -0.3546393
v -2.399601 0.9055587 -0.2179358
v -2.361706 0.7299815 -0.2422707
v -2.727937 0.8054692 -0.007093703
v -2.690042 0.6298925 -0.0314286
v -2.881297 0.7633458 0.05800506
v -2.847542 0.6069566 0.03632948
v -2.975175 0.7458979 0.03770038
v -2.951418 0.635831 0.02244494
v -2.03285 0.7895528 -0.1528628
v -1.945786 0.7895528 -0.01728228
v -1.983683 0.96513 0.007052141
v -2.070745 0.96513 -0.1285279
v -2.126728 0.7721049 -0.1731675
v -2.164623 0.9476815 -0.1488326
v -2.280087 0.7299815 -0.1080687
v -2.317983 0.9055587 -0.08373383
v -2.608423 0.6298925 0.1027729
v -2.646318 0.8054692 0.1271078
v -2.735569 0.6069566 0.2178008
v -2.769323 0.7633458 0.2394769
v -2.766162 0.635831 0.3180358
v -2.789919 0.7458979 0.3332913
v -2.679099 0.635831 0.4536159
v -2.702856 0.7458984 0.4688713
v -2.702856 0.7458984 0.4688713
v -2.575223 0.6069566 0.4675007
v -2.679099 0.635831 0.4536159
v -2.608978 0.7633458 0.489176
v -2.417723 0.6298925 0.3997423
v -2.455619 0.8054692 0.4240772
v -2.089387 0.7299815 0.1889004
v -2.127283 0.9055587 0.2132356
v -1.966383 0.7721053 0.07653209
v -2.004278 0.9476815 0.1008665
v -1.945786 0.7895528 -0.01728228
v -1.983683 0.96513 0.007052141
v -2.655617 0.8096687 0.4385369
v -2.702856 0.7458984 0.4688713
v -2.789919 0.7458979 0.3332913
v -2.742681 0.8096687 0.3029568
v -2.521577 0.870979 0.352462
v -2.745406 0.8088981 0.2389066
v -2.769323 0.7633458 0.2394769
v -2.646318 0.8054692 0.1271078
v -2.60864 0.870979 0.2168819
v -2.19324 0.9710685 0.1416206
v -2.641139 0.8517915 0.1571629
v -2.317983 0.9055587 -0.08373383
v -2.280304 0.971068 0.006040054
v -2.050917 0.9940044 0.05022736
v -2.312803 0.9518806 -0.05367855
v -2.19142 0.9777738 -0.1168371
v -2.164623 0.9476815 -0.1488326
v -2.070745 0.96513 -0.1285279
v -2.13798 0.9940044 -0.08535318
v -1.983683 0.96513 0.007052141
v -2.425691 0.6358311 0.8545299
v -2.536512 0.7458984 0.7342049
v -2.449448 0.7458984 0.869785
v -2.512754 0.6358311 0.7189496
v -2.515915 0.7633458 0.6403903
v -2.482161 0.6069566 0.6187146
v -2.392911 0.8054696 0.5280215
v -2.355015 0.6298925 0.5036867
v -2.064575 0.9055587 0.3171799
v -2.026679 0.7299815 0.292845
v -1.911215 0.9476815 0.2520811
v -1.87332 0.7721049 0.2277462
v -1.817338 0.96513 0.2723858
v -1.779442 0.7895528 0.2480509
v -1.730275 0.96513 0.4079659
v -1.692379 0.7895528 0.3836314
v -1.75087 0.9476815 0.5017805
v -1.730275 0.96513 0.4079659
v -1.692379 0.7895528 0.3836314
v -1.712975 0.7721049 0.4774458
v -1.873875 0.9055587 0.6141493
v -1.835979 0.729982 0.5898144
v -2.202211 0.8054697 0.8249909
v -2.164315 0.6298925 0.8006561
v -2.35557 0.7633459 0.8900897
v -2.321815 0.6069567 0.8684144
v -2.449448 0.7458984 0.869785
v -2.425691 0.6358311 0.8545299
v -2.402209 0.8096687 0.8394505
v -2.449448 0.7458984 0.869785
v -2.536512 0.7458984 0.7342049
v -2.489273 0.8096687 0.7038705
v -2.268168 0.8709795 0.7533762
v -2.491998 0.8088981 0.6398203
v -2.515915 0.7633458 0.6403903
v -2.392911 0.8054696 0.5280215
v -2.355232 0.8709794 0.6177956
v -1.939833 0.9710685 0.5425345
v -2.387731 0.8517915 0.5580766
v -2.064575 0.9055587 0.3171799
v -2.026896 0.9710685 0.406954
v -1.79751 0.9940044 0.4511411
v -2.059396 0.9518811 0.3472349
v -1.938012 0.9777743 0.2840767
v -1.911215 0.9476815 0.2520811
v -1.817338 0.96513 0.2723858
v -1.884573 0.9940044 0.315561
v -1.730275 0.96513 0.4079659
v -0.5574169 0.2074739 0.8304563
v -0.5574169 1.351091E-07 0.8304563
v -1.473055 1.608105E-07 1.418436
v -1.471861 0.2074739 1.417668
v -0.5390968 0.2683173 0.7463839
v -1.875667 0.2074739 1.61704
v -1.876348 1.695028E-07 1.617293
v -2.225772 0.2074744 1.678122
v -2.226247 1.721448E-07 1.677734
v -2.428366 0.2074739 1.584546
v -2.409569 0.2683174 1.501215
v -2.428997 1.680285E-07 1.583564
v -3.63408 8.599835E-08 -0.2930665
v -2.207022 0.2683174 1.594298
v -1.856567 0.2683174 1.532608
v -1.452109 0.2683174 1.332677
v -3.544153 0.2683173 -0.2656293
v -3.578038 0.2683173 -0.5336602
v -3.632565 0.2074738 -0.2907078
v -3.664324 0.2074738 -0.5553315
v -3.665123 7.448401E-08 -0.556484
v -3.407098 0.2683168 -0.8555715
v -3.077135 0.2683168 -1.145106
v -2.148502 0.2683172 -1.74143
v 2.624433 0.2683173 -1.212777
v 4.814313 0.2683164 2.197442
v 0.9576654 0.2683171 -3.808371
v 1.68393 0.268317 4.208221
v 4.815022 0.2683165 2.420433
v -0.5574169 0.2074739 0.8304563
v 4.613775 0.2683165 2.713239
v 4.899041 0.207474 2.43827
v 4.69846 0.207474 2.731026
v 4.898883 -2.714737E-07 2.437689
v 4.698947 -2.586731E-07 2.730532
v 4.264495 0.2683165 2.997403
v 4.349917 0.207474 3.014855
v 4.351056 -2.46277E-07 3.014123
v 2.620444 -1.976997E-07 4.125441
v 2.621638 0.207474 4.124673
v 1.665133 0.2074741 4.291551
v 2.64139 0.268317 4.039683
v 2.217833 0.2074736 4.324046
v 2.217151 2.878297E-07 4.324297
v 2.236932 0.268317 4.239614
v 1.867728 0.2074736 4.385127
v 1.867252 -1.863655E-07 4.384738
v 1.664503 -1.904817E-07 4.290569
v 1.886477 0.2683165 4.301303
v 1.665133 0.2074741 4.291551
v -0.5574169 1.351091E-07 0.8304563
v -2.148502 0.2683172 -1.74143
v -2.168257 0.2683172 -2.087175
v -1.970497 0.2683177 -2.424219
v -2.171899 0.2683172 -1.797898
v -2.250422 0.2074738 -1.828463
v -2.224184 0.2074738 -1.765138
v -2.251475 1.877294E-08 -1.831005
v -2.224185 2.165205E-08 -1.765138
v -2.224184 0.2074738 -1.765138
v -2.148502 0.2683172 -1.74143
v -3.077135 0.2683168 -1.145106
v -3.161536 0.2074738 -1.163216
v -2.224185 2.165205E-08 -1.765138
v -3.161849 4.797171E-08 -1.163015
v -3.492275 6.056528E-08 -0.8749073
v -3.491915 0.2074748 -0.8746912
v -3.665123 7.448401E-08 -0.556484
v -3.407098 0.2683168 -0.8555715
v -3.664324 0.2074738 -0.5553315
v -3.578038 0.2683173 -0.5336602
v -2.423279 0.2627969 -1.484075
v -2.10111 0.2627969 -1.690957
v -2.10111 0.3958102 -1.690957
v -2.423279 0.3958097 -1.484076
v -2.088864 0.4184718 -1.671889
v -2.430103 0.3958102 -1.452761
v -2.430103 0.2627969 -1.452762
v -1.004894 0.2627965 0.7666628
v -2.411034 0.4184718 -1.465007
v -1.004894 0.3958102 0.7666624
v -0.9858255 0.4184719 0.7544177
v -0.6636558 0.4184715 0.5475357
v -0.6514111 0.3958098 0.5666046
v -0.9735804 0.3958098 0.7734864
v -0.9735804 0.262797 0.7734864
v -0.6514111 0.262797 0.5666044
v -3.629848 1.542083 -0.3318408
v -3.579085 1.542082 -0.3644388
v -3.706598 1.74112 -0.5630096
v -3.757361 1.74112 -0.5304115
v -3.765729 1.774442 -0.543443
v -3.714966 1.774441 -0.5760408
v -3.714966 1.843195 -0.576041
v -3.765729 1.886416 -0.5434433
v -3.740878 1.915102 -0.5594013
v -1.715264 2.321976 -1.860155
v -1.726876 2.391284 -1.852698
v -3.691854 1.873363 -0.5908819
v -3.714966 1.843195 -0.576041
v -3.765729 1.886416 -0.5434433
v -2.54288 1.542082 1.360854
v -2.492117 1.542082 1.328256
v -2.627978 1.754181 1.116684
v -2.678741 1.754182 1.149282
v -2.814612 1.542082 0.9376952
v -2.763849 1.542082 0.9050972
v -2.89972 1.754182 0.6935107
v -2.950484 1.754181 0.7261083
v -2.83166 1.568587 0.9486427
v -2.967531 1.780686 0.7370555
v -2.967531 1.905593 0.7370555
v -2.83166 1.905593 0.9486424
v -2.695789 1.780686 1.160229
v -2.695789 1.905593 1.160229
v -2.678741 1.754182 1.149282
v -2.763849 1.542082 0.9050972
v -2.627978 1.754181 1.116684
v -3.086354 1.542082 0.5145215
v -3.035591 1.542082 0.4819238
v -3.171462 1.754182 0.270337
v -3.222225 1.754181 0.3029348
v -3.358096 1.542082 0.09134787
v -3.307333 1.542083 0.05875032
v -3.443204 1.754182 -0.1528366
v -3.493967 1.754182 -0.1202391
v -3.375144 1.568587 0.1022951
v -3.511015 1.780686 -0.1092919
v -3.511015 1.905593 -0.1092919
v -3.239273 1.780686 0.313882
v -3.375144 1.905593 0.1022946
v -3.239274 1.905593 0.3138815
v -3.222225 1.754181 0.3029348
v -3.307333 1.542083 0.05875032
v -3.171462 1.754182 0.270337
v -3.375144 1.905593 0.1022946
v -3.358424 1.929806 0.09155814
v -3.494295 1.929806 -0.1200286
v -3.222553 1.929806 0.3031446
v -3.239274 1.905593 0.3138815
v -1.186701 2.411154 -1.004183
v -1.322572 2.411154 -1.215769
v -1.458443 2.411154 -1.427356
v -1.05083 2.411154 -0.7925955
v -3.222553 1.929806 0.3031446
v -1.186701 2.411154 -1.004183
v -3.086682 1.929806 0.5147321
v -0.914959 2.411154 -0.5810088
v -3.239274 1.905593 0.3138815
v -2.950811 1.929806 0.7263188
v -3.103402 1.905593 0.5254685
v -2.967531 1.905593 0.7370555
v -2.407019 1.754182 1.572426
v -2.492117 1.542082 1.328256
v -2.54288 1.542082 1.360854
v -2.356256 1.754181 1.539828
v -2.407019 1.886415 1.572426
v -2.356256 1.843195 1.539828
v -0.779088 2.411154 -0.3694218
v -2.950811 1.929806 0.7263188
v -0.914959 2.411154 -0.5810088
v -2.81494 1.929806 0.9379057
v -0.6432171 2.411154 -0.1578349
v -2.967531 1.905593 0.7370555
v -2.679069 1.929806 1.149492
v -2.83166 1.905593 0.9486424
v -2.695789 1.905593 1.160229
v -3.493967 1.754182 -0.1202391
v -3.443204 1.754182 -0.1528366
v -3.579085 1.542082 -0.3644388
v -3.629848 1.542083 -0.3318408
v -2.435013 1.763596 1.566325
v -2.559927 1.905593 1.371801
v -2.435014 1.905593 1.566325
v -2.559928 1.568587 1.371801
v -2.695789 1.905593 1.160229
v -2.695789 1.780686 1.160229
v -2.678741 1.754182 1.149282
v -2.54288 1.542082 1.360854
v -2.407019 1.754182 1.572426
v -2.435014 1.905593 1.566325
v -2.435013 1.763596 1.566325
v -2.407019 1.886415 1.572426
v -2.418293 1.929806 1.555588
v -2.382168 1.915102 1.556467
v -2.559927 1.905593 1.371801
v -0.3824415 2.411154 0.2482611
v -0.3681655 2.391284 0.2631708
v -2.543208 1.929806 1.361064
v -2.695789 1.905593 1.160229
v -0.5073557 2.411154 0.05373682
v -2.679069 1.929806 1.149492
v -0.6432171 2.411154 -0.1578349
v -3.511015 1.780686 -0.1092919
v -3.646896 1.905593 -0.3208939
v -3.511015 1.905593 -0.1092919
v -3.646896 1.568587 -0.3208938
v -3.77183 1.905593 -0.5154484
v -3.629848 1.542083 -0.3318408
v -3.493967 1.754182 -0.1202391
v -3.757361 1.74112 -0.5304115
v -3.77183 1.763599 -0.5154484
v -3.765729 1.886416 -0.5434433
v -3.765729 1.774442 -0.543443
v -2.967531 1.780686 0.7370555
v -3.103402 1.905593 0.5254685
v -2.967531 1.905593 0.7370555
v -3.103402 1.568587 0.5254685
v -3.239274 1.905593 0.3138815
v -3.239273 1.780686 0.313882
v -3.222225 1.754181 0.3029348
v -3.086354 1.542082 0.5145215
v -2.950484 1.754181 0.7261083
v -2.950484 1.754181 0.7261083
v -2.89972 1.754182 0.6935107
v -3.035591 1.542082 0.4819238
v -3.086354 1.542082 0.5145215
v -0.3681655 2.391284 0.2631708
v -0.3565536 2.321976 0.2557143
v -2.333144 1.873363 1.524987
v -2.382168 1.915102 1.556467
v -3.494295 1.929806 -0.1200286
v -3.511015 1.905593 -0.1092919
v -3.646896 1.905593 -0.3208939
v -3.630176 1.929806 -0.3316306
v -1.458443 2.411154 -1.427356
v -3.77183 1.905593 -0.5154484
v -1.594324 2.411154 -1.638958
v -3.75511 1.929806 -0.5261851
v -3.765729 1.886416 -0.5434433
v -1.719258 2.411154 -1.833513
v -3.740878 1.915102 -0.5594013
v -1.726876 2.391284 -1.852698
v -2.407019 1.886415 1.572426
v -2.382168 1.915102 1.556467
v -2.333144 1.873363 1.524987
v -2.356256 1.843195 1.539828
v -1.588036 3.161205 -0.8216652
v -1.241458 2.661094 -0.279148
v -1.588036 2.661094 -0.8216652
v -1.241458 3.161205 -0.279148
v -1.560463 3.36586 -0.7785393
v -1.269035 3.365859 -0.3222798
v -1.505321 3.488814 -0.6921553
v -1.324167 3.488814 -0.4086491
v -1.414744 3.543651 -0.5504021
v 1.082829 3.875447 -4.567332
v 1.098804 3.897828 -4.627476
v 1.044029 3.861272 -4.627755
v -2.742399 3.861271 -2.196292
v -2.703598 3.875447 -2.13587
v -2.764934 3.897829 -2.146368
v -1.914322 6.282942 -0.8217402
v -1.860784 6.244311 -0.8233867
v -1.734503 6.413659 -0.5417152
v -1.689828 6.368557 -0.5571633
v 2.294003 6.368557 -2.681218
v 2.338677 6.413659 -2.696666
v 2.129234 6.413659 -3.022824
v 2.0966 6.368557 -2.988627
v 2.0966 6.368557 -2.988627
v 2.129234 6.413659 -3.022824
v 1.949416 6.282943 -3.302848
v 1.925643 6.244311 -3.25485
v 1.098804 3.897828 -4.627476
v 1.082829 3.875447 -4.567332
v 2.595178 6.481985 -2.297227
v 2.336419 6.686349 -2.615165
v 2.369071 6.641373 -2.649336
v 2.388891 6.520653 -2.112311
v 3.500116 4.016199 -0.8880009
v -1.215008 6.520653 0.1822567
v -1.450009 6.686349 -0.1837018
v -1.494667 6.641373 -0.1682277
v -1.268559 6.481985 0.183881
v 3.30305 4.03598 -0.6887264
v 3.479926 3.981761 -0.8344254
v -0.3065019 3.98176 1.597039
v -0.3008494 4.03598 1.605841
v -0.3636212 4.016199 1.593107
v -1.764895 6.641373 -0.5890449
v -1.450009 6.686349 -0.1837018
v -1.494667 6.641373 -0.1682277
v -1.732244 6.686349 -0.6232157
v -1.991004 6.481985 -0.9411541
v 2.054184 6.686349 -3.054679
v 2.336419 6.686349 -2.615165
v 2.369071 6.641373 -2.649336
v 2.098842 6.641373 -3.070153
v 1.819182 6.520653 -3.420638
v 1.872734 6.481985 -3.422262
v -1.967245 6.520653 -0.9891744
v -2.895941 4.016199 -2.35038
v -2.881403 4.03598 -2.412758
v -2.87575 3.98176 -2.403956
v 0.9106774 3.98176 -4.835419
v 0.9050245 4.035981 -4.844221
v 0.9677963 4.016199 -4.831487
v -0.4398537 3.861271 1.389375
v -0.4946284 3.897828 1.389095
v -0.3636212 4.016199 1.593107
v -0.3065019 3.98176 1.597039
v 3.479926 3.981761 -0.8344254
v 3.346574 3.861271 -1.042089
v 3.369109 3.897828 -1.092014
v 3.500116 4.016199 -0.8880009
v 2.528378 3.634555 2.742107
v 2.744096 3.774063 2.563736
v 2.769355 3.741791 2.587364
v 2.493005 3.662258 2.724973
v 1.296069 2.608591 3.464248
v 0.4711156 3.662258 -0.4236392
v 0.7222052 3.774063 -0.5848793
v 0.7112179 3.741791 -0.6176962
v 0.4702411 3.634555 -0.4629525
v 1.252113 2.631572 3.442794
v 1.252966 2.589049 3.449239
v -0.6766524 2.589049 0.4443165
v -0.6693025 2.631572 0.4506446
v -0.6748066 2.609872 0.3976089
v 0.7222052 3.774063 -0.5848793
v 0.7112179 3.741791 -0.6176962
v 1.008751 3.741791 -0.8087577
v 1.034021 3.774063 -0.7851128
v 1.249728 3.634555 -0.9635014
v 3.055911 3.774063 2.363502
v 2.744096 3.774063 2.563736
v 2.769355 3.741791 2.587364
v 3.066888 3.741791 2.396302
v 3.307002 3.662258 2.202263
v 3.307864 3.634555 2.241558
v 1.285112 3.662258 -0.9463491
v 2.561731 2.566854 -1.675451
v 4.525243 2.58819 1.337619
v 4.526484 2.565478 1.386958
v 4.530741 2.545877 1.341427
v 2.608056 2.588189 -1.647944
v 2.604975 2.545877 -1.657497
v 1.252966 2.589049 3.449239
v 1.296069 2.608591 3.464248
v 1.45372 2.462795 3.422394
v 1.41166 2.443104 3.408596
v -0.5958509 2.443104 0.2823731
v -0.6766524 2.589049 0.4443165
v -0.6748066 2.609872 0.3976089
v -0.5912476 2.461371 0.2352699
v 1.456809 4.636227 0.126499
v 0.8559842 4.655183 0.5100203
v 0.7285585 5.020852 0.2923222
v 1.329383 5.001897 -0.0911989
v 1.362105 4.510612 -0.02361866
v 1.456809 4.636227 0.126499
v 1.329383 5.001897 -0.0911989
v 1.23315 4.880676 -0.2439322
v 1.23315 4.880676 -0.2439322
v 1.329383 5.001897 -0.0911989
v 0.7285585 5.020852 0.2923222
v 0.6251059 4.899859 0.144197
v 0.8559842 4.655183 0.5100203
v 0.7540617 4.529796 0.3645106
v 0.6251059 4.899859 0.144197
v 0.7285585 5.020852 0.2923222
v 0.7540617 4.529796 0.3645106
v 0.8559842 4.655183 0.5100203
v 1.456809 4.636227 0.126499
v 1.362105 4.510612 -0.02361866
v 2.331177 5.860843 -1.360369
v 1.711615 5.86539 -0.9653254
v 1.547496 6.203568 -1.226612
v 2.167058 6.199022 -1.621655
v 2.246123 5.707798 -1.500211
v 2.331177 5.860843 -1.360369
v 2.167058 6.199022 -1.621655
v 2.080033 6.05004 -1.764636
v 2.080033 6.05004 -1.764636
v 2.167058 6.199022 -1.621655
v 1.547496 6.203568 -1.226612
v 1.453027 6.054642 -1.364846
v 1.711615 5.86539 -0.9653254
v 1.619117 5.712399 -1.10042
v 1.453027 6.054642 -1.364846
v 1.547496 6.203568 -1.226612
v 1.619117 5.712399 -1.10042
v 1.711615 5.86539 -0.9653254
v 2.331177 5.860843 -1.360369
v 2.246123 5.707798 -1.500211
v 1.399312 2.906539 3.035263
v 1.057514 2.919184 2.514126
v 1.322985 3.147048 2.345541
v 1.664783 3.134403 2.866677
v 1.491319 2.751251 2.97563
v 1.399312 2.906539 3.035263
v 1.664783 3.134403 2.866677
v 1.75998 2.981854 2.805018
v 1.75998 2.981854 2.805018
v 1.664783 3.134403 2.866677
v 1.322985 3.147048 2.345541
v 1.414075 2.99465 2.27762
v 1.057514 2.919184 2.514126
v 1.145414 2.764049 2.448231
v 1.414075 2.99465 2.27762
v 1.322985 3.147048 2.345541
v 1.145414 2.764049 2.448231
v 1.057514 2.919184 2.514126
v 1.399312 2.906539 3.035263
v 1.491319 2.751251 2.97563
v 0.9568448 3.247619 1.514988
v 0.5937109 3.261053 0.9613215
v 0.8821917 3.491927 0.7777176
v 1.245326 3.478493 1.331384
v 1.049924 3.078865 1.454605
v 0.9568448 3.247619 1.514988
v 1.245326 3.478493 1.331384
v 1.341871 3.312513 1.268795
v 1.341871 3.312513 1.268795
v 1.245326 3.478493 1.331384
v 0.8821917 3.491927 0.7777176
v 0.9743733 3.326109 0.7084752
v 0.5937109 3.261053 0.9613215
v 0.6824269 3.092461 0.8942853
v 0.9743733 3.326109 0.7084752
v 0.8821917 3.491927 0.7777176
v 0.6824269 3.092461 0.8942853
v 0.5937109 3.261053 0.9613215
v 0.9568448 3.247619 1.514988
v 1.049924 3.078865 1.454605
v 3.221965 2.888757 2.911808
v 2.924499 2.891448 3.110075
v 2.923327 3.114116 3.105298
v 3.220794 3.111426 2.90703
v 3.16331 2.885141 2.819983
v 3.221965 2.888757 2.911808
v 3.220794 3.111426 2.90703
v 3.162125 3.110485 2.815148
v 3.162125 3.110485 2.815148
v 3.220794 3.111426 2.90703
v 2.923327 3.114116 3.105298
v 2.861085 3.113207 3.015798
v 2.924499 2.891448 3.110075
v 2.862269 2.887863 3.020632
v 2.861085 3.113207 3.015798
v 2.923327 3.114116 3.105298
v 2.862269 2.887863 3.020632
v 2.924499 2.891448 3.110075
v 3.221965 2.888757 2.911808
v 3.16331 2.885141 2.819983
v 3.456867 2.497092 2.765097
v 3.158781 2.499787 2.963777
v 3.157608 2.722919 2.95899
v 3.455694 2.720224 2.760309
v 3.39809 2.493467 2.67308
v 3.456867 2.497092 2.765097
v 3.455694 2.720224 2.760309
v 3.396903 2.71928 2.668235
v 3.396903 2.71928 2.668235
v 3.455694 2.720224 2.760309
v 3.157608 2.722919 2.95899
v 3.095235 2.722008 2.869303
v 3.158781 2.499787 2.963777
v 3.096422 2.496195 2.874148
v 3.095235 2.722008 2.869303
v 3.157608 2.722919 2.95899
v 3.096422 2.496195 2.874148
v 3.158781 2.499787 2.963777
v 3.456867 2.497092 2.765097
v 3.39809 2.493467 2.67308
v 2.088681 1.09858 3.523986
v 1.891121 1.10127 3.226049
v 1.895901 1.323939 3.22489
v 2.093461 1.321248 3.522826
v 2.180645 1.094964 3.465549
v 2.088681 1.09858 3.523986
v 2.093461 1.321248 3.522826
v 2.185483 1.320307 3.464376
v 2.185483 1.320307 3.464376
v 2.093461 1.321248 3.522826
v 1.895901 1.323939 3.22489
v 1.985549 1.32303 3.162859
v 1.891121 1.10127 3.226049
v 1.980711 1.097686 3.164033
v 1.985549 1.32303 3.162859
v 1.895901 1.323939 3.22489
v 1.980711 1.097686 3.164033
v 1.891121 1.10127 3.226049
v 2.088681 1.09858 3.523986
v 2.180645 1.094964 3.465549
v 2.234834 0.7069147 3.759236
v 2.036862 0.7096103 3.460679
v 2.041652 0.9327424 3.459517
v 2.239625 0.9300469 3.758075
v 2.32699 0.7032898 3.700678
v 2.234834 0.7069147 3.759236
v 2.239625 0.9300469 3.758075
v 2.331838 0.9291032 3.699502
v 2.331838 0.9291032 3.699502
v 2.239625 0.9300469 3.758075
v 2.041652 0.9327424 3.459517
v 2.131487 0.9318311 3.397358
v 2.036862 0.7096103 3.460679
v 2.126639 0.7060182 3.398533
v 2.131487 0.9318311 3.397358
v 2.041652 0.9327424 3.459517
v 2.126639 0.7060182 3.398533
v 2.036862 0.7096103 3.460679
v 2.234834 0.7069147 3.759236
v 2.32699 0.7032898 3.700678
v -2.250422 0.2074738 -1.828463
v -2.168257 0.2683172 -2.087175
v -2.171899 0.2683172 -1.797898
v -2.24539 0.2074738 -2.114291
v -2.251475 1.877294E-08 -1.831005
v -2.245947 6.33537E-09 -2.115543
v -1.970497 0.2683177 -2.424219
v -2.046675 0.2074738 -2.448772
v -2.046928 -8.24231E-09 -2.449042
v -1.63161 0.2683172 -2.718722
v -1.707523 0.2074742 -2.742281
v -1.707747 -2.105396E-08 -2.742138
v -0.01368523 -6.860522E-08 -3.829984
v -0.03258276 0.2683172 -3.745541
v -0.01396799 0.2074742 -3.829802
v 0.3671727 0.2683171 -3.92547
v 0.7296286 0.2683171 -3.948467
v 0.3854785 0.2074737 -4.009888
v 0.385416 -7.648694E-08 -4.010297
v 0.7473831 0.2074742 -4.033507
v 0.9576654 0.2683171 -3.808371
v 0.7466602 -7.755436E-08 -4.034717
v 0.9747739 0.2074737 -3.894329
v 0.9732533 -7.152141E-08 -3.896699
v 1.008862 -6.909754E-08 -3.841247
v 1.008862 0.2074737 -3.841247
v 2.675629 4.43595E-08 -1.245652
v 2.675629 0.2074738 -1.245652
v 0.9576654 0.2683171 -3.808371
v 2.624433 0.2683173 -1.212777
v 4.897294 -2.812487E-07 2.214063
v 4.897914 0.2074739 2.215029
v 4.814313 0.2683164 2.197442
v 4.815022 0.2683165 2.420433
v 4.899041 0.207474 2.43827
v 4.898883 -2.714737E-07 2.437689
v -1.342422 1.264126 0.2726111
v -1.342422 0.2421104 0.2726114
v -1.345967 0.2421104 0.3006055
v -1.345967 1.256014 0.3006052
v -1.535434 1.201119 0.2323663
v -1.531888 0.2421108 0.2043717
v -1.531888 1.209231 0.2043719
v -1.535434 0.2421104 0.2323661
v -1.460783 1.20112 0.3486168
v -1.460783 0.2421104 0.3486168
v -1.342422 0.2421104 0.2726114
v -1.342422 1.264126 0.2726111
v -1.417073 1.264125 0.1563603
v -1.417073 0.2421104 0.1563604
v -1.444004 1.256014 0.1479368
v -1.444004 0.2421108 0.147937
v -1.345967 0.2421104 0.3006055
v -1.433852 0.2421113 0.3570406
v -1.433852 1.209231 0.3570403
v -1.345967 1.256014 0.3006052
v -1.433852 1.209231 0.3570403
v -1.433852 0.2421113 0.3570406
v -1.460783 0.2421104 0.3486168
v -1.460783 1.20112 0.3486168
v -1.444004 0.2421108 0.147937
v -1.444004 1.256014 0.1479368
v -1.531888 1.209231 0.2043719
v -1.531888 0.2421108 0.2043717
v -2.038452 1.264125 -0.8489173
v -2.038452 0.2421103 -0.8489172
v -2.041998 0.2421103 -0.8209231
v -2.041998 1.256014 -0.8209231
v -2.231464 1.201119 -0.8891628
v -2.227919 0.2421103 -0.9171565
v -2.227919 1.209231 -0.9171565
v -2.231464 0.2421103 -0.8891623
v -2.156814 1.20112 -0.7729114
v -2.156814 0.2421103 -0.7729113
v -2.038452 0.2421103 -0.8489172
v -2.038452 1.264125 -0.8489173
v -2.113103 1.264125 -0.9651683
v -2.113103 0.2421103 -0.9651687
v -2.140034 1.256014 -0.9735916
v -2.140035 0.2421108 -0.9735916
v -2.041998 0.2421103 -0.8209231
v -2.129882 0.2421108 -0.764488
v -2.129882 1.209231 -0.7644885
v -2.041998 1.256014 -0.8209231
v -2.129882 1.209231 -0.7644885
v -2.129882 0.2421108 -0.764488
v -2.156814 0.2421103 -0.7729113
v -2.156814 1.20112 -0.7729114
v -2.140035 0.2421108 -0.9735916
v -2.140034 1.256014 -0.9735916
v -2.227919 1.209231 -0.9171565
v -2.227919 0.2421103 -0.9171565
v -1.06535 1.187045 0.1586065
v -2.005712 1.013057 0.7624618
v -1.06535 1.28905 0.1586062
v -2.005712 0.9110529 0.7624621
v -2.054472 0.8983585 0.7816586
v -2.054472 1.006512 0.7816586
v -2.054472 0.8983585 0.7816586
v -2.870913 0.898358 -0.4897535
v -2.870913 1.006512 -0.4897535
v -2.054472 1.006512 0.7816586
v -1.887298 1.305228 -1.121384
v -1.070858 1.305228 0.1500279
v -2.027659 1.02441 0.7644402
v -2.844099 1.02441 -0.5069712
v -2.054472 1.006512 0.7816586
v -2.870913 1.006512 -0.4897535
v -2.833169 1.013057 -0.5261064
v -2.844099 1.02441 -0.5069712
v -2.870913 1.006512 -0.4897535
v -1.887298 1.305228 -1.121384
v -1.892807 1.289049 -1.129962
v -2.005712 1.013057 0.7624618
v -2.054472 1.006512 0.7816586
v -2.027659 1.02441 0.7644402
v -1.06535 1.28905 0.1586062
v -1.070858 1.305228 0.1500279
v -2.833169 0.9110528 -0.5261062
v -2.870913 1.006512 -0.4897535
v -2.870913 0.898358 -0.4897535
v -2.833169 1.013057 -0.5261064
v -1.892807 1.289049 -1.129962
v -1.892807 1.187045 -1.129962
v -1.91045 1.219833 -0.844137
v -1.823387 1.219833 -0.708557
v -1.861283 1.39541 -0.6842223
v -1.948346 1.39541 -0.8198026
v -2.004328 1.202385 -0.8644422
v -2.042224 1.377961 -0.8401073
v -2.157688 1.160262 -0.7993434
v -2.195583 1.335839 -0.775008
v -2.486023 1.060172 -0.5885013
v -2.523919 1.235749 -0.5641664
v -2.61317 1.037236 -0.4734734
v -2.646924 1.193626 -0.4517975
v -2.643763 1.066111 -0.3732384
v -2.66752 1.176178 -0.3579829
v -2.5567 1.066111 -0.2376583
v -2.580457 1.176178 -0.2224031
v -2.533218 1.239948 -0.2527373
v -2.580457 1.176178 -0.2224031
v -2.66752 1.176178 -0.3579829
v -2.620281 1.239948 -0.3883179
v -2.399177 1.301259 -0.3388122
v -2.623007 1.239178 -0.4523681
v -2.646924 1.193626 -0.4517975
v -2.523919 1.235749 -0.5641664
v -2.48624 1.301259 -0.4743925
v -2.070841 1.401348 -0.5496538
v -2.51874 1.282071 -0.5341113
v -2.195583 1.335839 -0.775008
v -2.157905 1.401348 -0.6852344
v -1.928518 1.424284 -0.6410473
v -2.190404 1.38216 -0.744953
v -2.06902 1.408054 -0.8081115
v -2.042224 1.377961 -0.8401073
v -1.948346 1.39541 -0.8198026
v -2.015581 1.424284 -0.7766274
v -1.861283 1.39541 -0.6842223
v -1.881879 1.377961 -0.5904079
v -1.861283 1.39541 -0.6842223
v -1.823387 1.219833 -0.708557
v -1.843983 1.202385 -0.6147426
v -2.004884 1.335838 -0.4780391
v -1.966988 1.160261 -0.502374
v -2.33322 1.235749 -0.267197
v -2.295324 1.060172 -0.2915321
v -2.486579 1.193626 -0.2020982
v -2.452825 1.037237 -0.2237738
v -2.580457 1.176178 -0.2224031
v -2.5567 1.066111 -0.2376583
v -1.638132 1.219833 -0.4129661
v -1.551068 1.219833 -0.2773855
v -1.588964 1.39541 -0.2530511
v -1.676027 1.39541 -0.3886312
v -1.73201 1.202385 -0.433271
v -1.769905 1.377962 -0.4089358
v -1.885369 1.160262 -0.368172
v -1.923265 1.335839 -0.3438368
v -2.213705 1.060172 -0.1573303
v -2.251601 1.235749 -0.1329954
v -2.340851 1.037236 -0.04230218
v -2.374606 1.193626 -0.02062636
v -2.371445 1.066111 0.05793257
v -2.395201 1.176178 0.07318801
v -2.284381 1.066111 0.1935126
v -2.308138 1.176178 0.2087683
v -2.308138 1.176178 0.2087683
v -2.180506 1.037236 0.2073972
v -2.284381 1.066111 0.1935126
v -2.21426 1.193626 0.2290732
v -2.023005 1.060172 0.1396393
v -2.060901 1.235749 0.163974
v -1.694669 1.160262 -0.07120281
v -1.732565 1.335839 -0.04686767
v -1.571664 1.202385 -0.1835712
v -1.60956 1.377962 -0.1592367
v -1.551068 1.219833 -0.2773855
v -1.588964 1.39541 -0.2530511
v -2.2609 1.239948 0.1784336
v -2.308138 1.176178 0.2087683
v -2.395201 1.176178 0.07318801
v -2.347963 1.239948 0.04285306
v -2.126859 1.301259 0.09235901
v -2.350688 1.239178 -0.02119666
v -2.374606 1.193626 -0.02062636
v -2.251601 1.235749 -0.1329954
v -2.213922 1.301259 -0.04322129
v -1.798522 1.401349 -0.1184826
v -2.246422 1.282072 -0.1029401
v -1.923265 1.335839 -0.3438368
v -1.885586 1.401348 -0.2540632
v -1.656199 1.424285 -0.2098756
v -1.918086 1.382161 -0.313782
v -1.796702 1.408054 -0.3769403
v -1.769905 1.377962 -0.4089358
v -1.676027 1.39541 -0.3886312
v -1.743262 1.424284 -0.3454564
v -1.588964 1.39541 -0.2530511
v -2.030973 1.066111 0.5944263
v -2.141793 1.176178 0.4741017
v -2.05473 1.176178 0.6096818
v -2.118037 1.066111 0.4588465
v -2.121198 1.193627 0.3802873
v -2.087443 1.037237 0.3586115
v -1.998193 1.235749 0.2679183
v -1.960297 1.060172 0.2435834
v -1.669857 1.335839 0.05707687
v -1.631961 1.160262 0.03274197
v -1.516498 1.377962 -0.00802213
v -1.478602 1.202385 -0.03235703
v -1.42262 1.39541 0.01228255
v -1.384724 1.219833 -0.01205235
v -1.335557 1.39541 0.1478626
v -1.297661 1.219833 0.1235282
v -1.356153 1.377962 0.241677
v -1.335557 1.39541 0.1478626
v -1.297661 1.219833 0.1235282
v -1.318256 1.202385 0.2173426
v -1.479157 1.335839 0.3540458
v -1.441262 1.160262 0.3297111
v -1.807493 1.235749 0.5648877
v -1.769598 1.060172 0.5405528
v -1.960853 1.193626 0.6299869
v -1.927098 1.037237 0.6083109
v -2.05473 1.176178 0.6096818
v -2.030973 1.066111 0.5944263
v -2.007491 1.239949 0.5793476
v -2.05473 1.176178 0.6096818
v -2.141793 1.176178 0.4741017
v -2.094555 1.239948 0.4437672
v -1.873451 1.301259 0.4932727
v -2.097281 1.239178 0.3797171
v -2.121198 1.193627 0.3802873
v -1.998193 1.235749 0.2679183
v -1.960514 1.301259 0.3576924
v -1.545115 1.401349 0.2824311
v -1.993013 1.282072 0.2979736
v -1.669857 1.335839 0.05707687
v -1.632178 1.401349 0.1468508
v -1.402792 1.424285 0.1910378
v -1.664678 1.382161 0.08713192
v -1.543294 1.408054 0.02397317
v -1.516498 1.377962 -0.00802213
v -1.42262 1.39541 0.01228255
v -1.489855 1.424285 0.05545753
v -1.335557 1.39541 0.1478626
v 3.100642 1.208657 3.328229
v 3.458249 1.302086 3.350535
v 3.342596 1.302085 3.172858
v 3.216294 1.208657 3.505907
v 2.932536 0.9640568 3.436179
v 3.048189 0.9640568 3.613857
v 2.932536 0.733744 3.436179
v 3.048189 0.733744 3.613856
v 3.752656 0.9640563 2.909538
v 3.868308 0.7337439 3.087215
v 3.752656 0.7337439 2.909538
v 3.868308 0.9640567 3.087215
v 3.58455 1.208657 3.017487
v 3.700202 1.208657 3.195164
v 3.342596 1.302085 3.172858
v 3.458249 1.302086 3.350535
v 3.048189 0.733744 3.613856
v 2.932536 0.733744 3.436179
v 3.752656 0.7337439 2.909538
v 3.868308 0.7337439 3.087215
v 2.932536 0.9640568 3.436179
v 3.752656 0.7337439 2.909538
v 2.932536 0.733744 3.436179
v 3.752656 0.9640563 2.909538
v 3.100642 1.208657 3.328229
v 3.58455 1.208657 3.017487
v 3.342596 1.302085 3.172858
v 0.6548438 1.831914 1.674233
v 0.5697942 1.458281 1.552896
v 0.5803356 1.755933 1.539875
v 0.6367989 1.458332 1.697428
v 0.756875 1.752566 1.820935
v 0.5772252 1.120168 1.551963
v 0.7423429 1.461031 1.827053
v 0.6414509 1.121893 1.690899
v 0.5823474 0.6829082 1.553542
v 0.7476959 1.122285 1.819565
v 0.6463752 0.6826779 1.687429
v 0.7484846 0.6815054 1.808772
v 0.5869923 0.5423748 1.54791
v 0.6512504 0.5408174 1.683372
v 0.7532749 0.5381996 1.80308
v 0.6058259 0.518325 1.540614
v 0.6728153 0.5164658 1.676787
v 0.5947142 0.5183174 1.51342
v 0.7693815 0.5138332 1.794874
v 0.5795498 0.5422494 1.519308
v 0.7789083 0.5378734 1.827604
v 0.7932882 0.5134737 1.819935
v 0.5720377 0.5186164 1.488488
v 0.7890229 0.5378687 1.859091
v 0.8046741 0.5134475 1.849261
v 0.9358349 0.5106471 2.064385
v 0.9373379 0.5346172 2.08638
v 0.7852921 0.6814758 1.863923
v 0.9362049 0.6802251 2.094469
v 0.7796211 1.122645 1.870779
v 0.9058886 1.123947 2.066115
v 0.7757683 1.462118 1.87631
v 0.8763247 1.464686 2.032418
v 0.787488 1.732771 1.867818
v 0.8235769 1.643558 1.955485
v 0.5541649 0.5425183 1.494521
v 0.4019861 0.5462 1.257898
v 0.4269128 0.5227725 1.276785
v 0.5509429 0.6827866 1.497812
v 0.3950877 0.6841471 1.257176
v 0.4165297 1.118089 1.293681
v 0.5469198 1.119683 1.502111
v 0.541275 1.458168 1.505737
v 0.4392138 1.456596 1.341422
v 0.555335 1.742697 1.498196
v 0.4729309 1.640837 1.400097
v 0.7423429 1.461031 1.827053
v 0.756875 1.752566 1.820935
v 0.7780466 1.742216 1.84293
v 0.7631936 1.46141 1.847726
v 0.7476959 1.122285 1.819565
v 0.7694359 1.122285 1.839949
v 0.7484846 0.6815054 1.808772
v 0.7735319 0.6813223 1.833684
v 0.7532749 0.5381996 1.80308
v 0.7789083 0.5378734 1.827604
v 0.7852921 0.6814758 1.863923
v 0.7890229 0.5378687 1.859091
v 0.7735319 0.6813223 1.833684
v 0.7796211 1.122645 1.870779
v 0.7694359 1.122285 1.839949
v 0.7757683 1.462118 1.87631
v 0.7631936 1.46141 1.847726
v 0.787488 1.732771 1.867818
v 0.7780466 1.742216 1.84293
v 0.5803356 1.755933 1.539875
v 0.5631714 1.458054 1.524867
v 0.5746074 1.749066 1.516019
v 0.5697942 1.458281 1.552896
v 0.5704799 1.119731 1.523872
v 0.5772252 1.120168 1.551963
v 0.5728483 0.6827137 1.522731
v 0.5823474 0.6829082 1.553542
v 0.5795498 0.5422494 1.519308
v 0.5869923 0.5423748 1.54791
v 0.5541649 0.5425183 1.494521
v 0.5728483 0.6827137 1.522731
v 0.5509429 0.6827866 1.497812
v 0.5704799 1.119731 1.523872
v 0.5469198 1.119683 1.502111
v 0.5631714 1.458054 1.524867
v 0.541275 1.458168 1.505737
v 0.5746074 1.749066 1.516019
v 0.555335 1.742697 1.498196
v -1.335557 1.39541 0.1478626
v -1.356153 1.377962 0.241677
v -1.396397 1.408054 0.2527315
v -1.402792 1.424285 0.1910378
v -1.479157 1.335839 0.3540458
v -1.545115 1.401349 0.2824311
v -1.504333 1.382161 0.3368313
v -1.807493 1.235749 0.5648877
v -1.832668 1.282072 0.5476732
v -1.873451 1.301259 0.4932727
v -1.950383 1.239178 0.6084754
v -1.960853 1.193626 0.6299869
v -2.007491 1.239949 0.5793476
v -2.05473 1.176178 0.6096818
v -2.308138 1.176178 0.2087683
v -2.2609 1.239948 0.1784336
v -2.203791 1.239178 0.2075617
v -2.21426 1.193626 0.2290732
v -2.126859 1.301259 0.09235901
v -2.060901 1.235749 0.163974
v -2.086076 1.282072 0.1467597
v -1.798522 1.401349 -0.1184826
v -1.75774 1.382161 -0.06408244
v -1.732565 1.335839 -0.04686767
v -1.649804 1.408054 -0.1481822
v -1.656199 1.424285 -0.2098756
v -1.60956 1.377962 -0.1592367
v -1.588964 1.39541 -0.2530511
v -1.861283 1.39541 -0.6842223
v -1.881879 1.377961 -0.5904079
v -1.922123 1.408054 -0.5793534
v -1.928518 1.424284 -0.6410473
v -2.004884 1.335838 -0.4780391
v -2.070841 1.401348 -0.5496538
v -2.030059 1.382161 -0.4952534
v -2.33322 1.235749 -0.267197
v -2.358395 1.282072 -0.2844117
v -2.399177 1.301259 -0.3388122
v -2.476109 1.239178 -0.2236095
v -2.486579 1.193626 -0.2020982
v -2.533218 1.239948 -0.2527373
v -2.580457 1.176178 -0.2224031
v -1.730275 0.96513 0.4079659
v -1.75087 0.9476815 0.5017805
v -1.791114 0.9777743 0.512835
v -1.79751 0.9940044 0.4511411
v -1.873875 0.9055587 0.6141493
v -1.939833 0.9710685 0.5425345
v -1.89905 0.9518815 0.5969347
v -2.202211 0.8054697 0.8249909
v -2.227386 0.8517916 0.8077762
v -2.268168 0.8709795 0.7533762
v -2.345101 0.8088982 0.8685786
v -2.35557 0.7633459 0.8900897
v -2.402209 0.8096687 0.8394505
v -2.449448 0.7458984 0.869785
v -2.702856 0.7458984 0.4688713
v -2.655617 0.8096687 0.4385369
v -2.598509 0.8088981 0.4676649
v -2.608978 0.7633458 0.489176
v -2.521577 0.870979 0.352462
v -2.455619 0.8054692 0.4240772
v -2.480794 0.8517915 0.4068627
v -2.19324 0.9710685 0.1416206
v -2.152458 0.9518806 0.1960208
v -2.127283 0.9055587 0.2132356
v -2.044522 0.9777738 0.111921
v -2.050917 0.9940044 0.05022736
v -2.004278 0.9476815 0.1008665
v -1.983683 0.96513 0.007052141
v -2.256001 0.96513 -0.424119
v -2.276597 0.9476815 -0.3303049
v -2.316841 0.9777738 -0.3192504
v -2.323236 0.9940044 -0.3809436
v -2.399601 0.9055587 -0.2179358
v -2.465559 0.9710685 -0.2895506
v -2.424777 0.9518806 -0.2351506
v -2.727937 0.8054692 -0.007093703
v -2.753113 0.8517915 -0.02430824
v -2.793895 0.8709785 -0.07870892
v -2.870827 0.8088981 0.03649351
v -2.881297 0.7633458 0.05800506
v -2.927936 0.8096687 0.007365907
v -2.975175 0.7458979 0.03770038
vt 0.001979828 0.9086914
vt 0.001410484 0.9086914
vt 0.002138138 0.9086914
vt 0.05065918 0.9086914
vt 0.04653931 0.9086914
vt 0.04663086 0.9091797
vt 0.05072021 0.9091797
vt 0.05072021 0.9086914
vt 0.05065918 0.9086914
vt 0.05072021 0.9091797
vt 0.05078125 0.9086914
vt 0.05078125 0.9086914
vt 0.05072021 0.9091797
vt 0.04663086 0.9091797
vt 0.04672241 0.9086914
vt 0.04653931 0.9086914
vt 0.04660034 0.9086914
vt 0.04672241 0.9086914
vt 0.04663086 0.9091797
vt 0.04660034 0.9086914
vt 0.04653931 0.9086914
vt 0.05065918 0.9086914
vt 0.05072021 0.9086914
vt 0.0859375 0.9086914
vt 0.09191895 0.9091797
vt 0.09155273 0.9091797
vt 0.08532715 0.9086914
vt 0.08477783 0.9086914
vt 0.08453369 0.9086914
vt 0.08343506 0.9086914
vt 0.0836792 0.9086914
vt 0.0824585 0.9086914
vt 0.08300781 0.9086914
vt 0.07702637 0.9091797
vt 0.07836914 0.9091797
vt 0.07769775 0.9091797
vt 0.07635498 0.9091797
vt 0.01664734 0.9091797
vt 0.01465607 0.9091797
vt 0.01395416 0.9091797
vt 0.01594543 0.9091797
vt 0.01000214 0.9086914
vt 0.009498596 0.9086914
vt 0.009078979 0.9086914
vt 0.008850098 0.9086914
vt 0.007850647 0.9086914
vt 0.008041382 0.9086914
vt 0.006778717 0.9086914
vt 0.007324219 0.9086914
vt 0.002820969 0.9091797
vt 0.001410484 0.9091797
vt 0.01421356 0.9086914
vt 0.01465607 0.9086914
vt 0.07800293 0.9086914
vt 0.07769775 0.9086914
vt 0.008041382 0.9086914
vt 0.009468079 0.9086914
vt 0.008735657 0.9086914
vt 0.007324219 0.9086914
vt 0.008071899 0.9086914
vt 0.001410484 0.9086914
vt 0.001979828 0.9086914
vt 0.08453369 0.9086914
vt 0.0838623 0.9086914
vt 0.09118652 0.9086914
vt 0.09124756 0.9086914
vt 0.002138138 0.9086914
vt 0.09191895 0.9086914
vt 0.08532715 0.9086914
vt 0.08453369 0.9086914
vt 0.08306885 0.9086914
vt 0.0838623 0.9086914
vt 0.009468079 0.9086914
vt 0.008735657 0.9086914
vt 0.08306885 0.9086914
vt 0.0100708 0.9086914
vt 0.008850098 0.9086914
vt 0.009498596 0.9086914
vt 0.01421356 0.9086914
vt 0.01395416 0.9086914
vt 0.07800293 0.9086914
vt 0.08239746 0.9086914
vt 0.07836914 0.9086914
vt 0.08300781 0.9086914
vt 0.0836792 0.9086914
vt 0.02427673 0.9145508
vt 0.04833984 0.9140625
vt 0.04650879 0.9140625
vt 0.02037048 0.9145508
vt 0.009429932 0.9145508
vt 0.004241943 0.9145508
vt 0.00958252 0.9145508
vt 0.004417419 0.9145508
vt 0.04833984 0.9140625
vt 0.07226563 0.9145508
vt 0.07250977 0.9145508
vt 0.04650879 0.9140625
vt 0.0869751 0.9145508
vt 0.08703613 0.9145508
vt 0.08850098 0.9145508
vt 0.08843994 0.9145508
vt 0.07226563 0.9145508
vt 0.07250977 0.9145508
vt 0.07995605 0.9165039
vt 0.07867432 0.9174805
vt 0.07867432 0.9526367
vt 0.07989502 0.953125
vt 0.06555176 0.96875
vt 0.06628418 0.9697266
vt 0.04656982 0.9746094
vt 0.04647827 0.9760742
vt 0.0275116 0.96875
vt 0.02661133 0.9697266
vt 0.01428986 0.9526367
vt 0.01287079 0.9526367
vt 0.01437378 0.9169922
vt 0.01296234 0.9160156
vt 0.07867432 0.9174805
vt 0.01437378 0.9169922
vt 0.08734131 0.9560547
vt 0.07177734 0.9770508
vt 0.04644775 0.9853516
vt 0.02099609 0.9770508
vt 0.08734131 0.9101563
vt 0.005264282 0.9555664
vt 0.07250977 0.9785156
vt 0.04650879 0.9868164
vt 0.08843994 0.956543
vt 0.02037048 0.9785156
vt 0.08850098 0.9091797
vt 0.08734131 0.9091797
vt 0.005458832 0.9082031
vt 0.004241943 0.9560547
vt 0.005432129 0.909668
vt 0.004417419 0.9086914
vt 0.0625 0.9091797
vt 0.07678223 0.9091797
vt 0.07678223 0.925293
vt 0.0625 0.925293
vt 0.01049805 0.925293
vt 0.02474976 0.9091797
vt 0.01049805 0.9091797
vt 0.02474976 0.925293
vt 0.02616882 0.9091797
vt 0.02616882 0.925293
vt 0.07647705 0.925293
vt 0.07647705 0.9091797
vt 0.07678223 0.9091797
vt 0.07678223 0.925293
vt 0.07592773 0.9125977
vt 0.07678223 0.9111328
vt 0.07647705 0.9111328
vt 0.02616882 0.9111328
vt 0.02561951 0.9125977
vt 0.02474976 0.9111328
vt 0.01049805 0.9111328
vt 0.01136017 0.9125977
vt 0.06164551 0.9125977
vt 0.02561951 0.9125977
vt 0.07592773 0.9125977
vt 0.07678223 0.9111328
vt 0.0625 0.9111328
vt 0.2362061 0.9956055
vt 0.2341309 0.909668
vt 0.2341309 0.9956055
vt 0.2362061 0.909668
vt 0.2374268 0.9956055
vt 0.2374268 0.909668
vt 0.2434082 0.9086914
vt 0.2539063 0.9086914
vt 0.2539063 0.9091797
vt 0.2434082 0.9091797
vt 0.2341309 0.9956055
vt 0.2341309 0.909668
vt 0.234375 0.909668
vt 0.234375 0.9956055
vt 0.2434082 0.9086914
vt 0.2434082 0.9091797
vt 0.2539063 0.9091797
vt 0.2539063 0.9086914
vt 0.2519531 0.9091797
vt 0.2163086 0.9091797
vt 0.2154541 0.9091797
vt 0.2521973 0.9091797
vt 0.2288818 0.9077148
vt 0.2287598 0.9990234
vt 0.2299805 0.9990234
vt 0.2299805 0.9072266
vt 0.2376709 0.9990234
vt 0.2376709 0.9067383
vt 0.2388916 0.9990234
vt 0.2387695 0.9072266
vt 0.2519531 0.9091797
vt 0.2521973 0.9091797
vt 0.2156982 0.9091797
vt 0.2165527 0.9086914
vt 0.2438965 0.909668
vt 0.2318115 0.909668
vt 0.2438965 0.909668
vt 0.2318115 0.909668
vt 0.2438965 0.9091797
vt 0.2318115 0.9091797
vt 0.2318115 0.9086914
vt 0.2438965 0.9086914
vt 0.2438965 0.9086914
vt 0.2318115 0.9086914
vt 0.2438965 0.909668
vt 0.2318115 0.909668
vt 0.2318115 0.909668
vt 0.2438965 0.909668
vt 0.2341309 0.9956055
vt 0.2341309 0.909668
vt 0.234375 0.909668
vt 0.234375 0.9956055
vt 0.2305908 0.9086914
vt 0.2305908 0.9091797
vt 0.2449951 0.9091797
vt 0.2449951 0.9086914
vt 0.2373047 0.9956055
vt 0.2373047 0.909668
vt 0.236084 0.909668
vt 0.236084 0.9956055
vt 0.2341309 0.909668
vt 0.2341309 0.9956055
vt 0.2305908 0.9091797
vt 0.2449951 0.9091797
vt 0.2449951 0.909668
vt 0.2305908 0.909668
vt 0.2663574 0.9086914
vt 0.2680664 0.9086914
vt 0.2678223 0.9472656
vt 0.2663574 0.9472656
vt 0.265625 0.9477539
vt 0.2670898 0.9477539
vt 0.2042236 0.9086914
vt 0.265625 0.9086914
vt 0.2670898 0.9086914
vt 0.2034912 0.9086914
vt 0.2563477 0.9091797
vt 0.2163086 0.9091797
vt 0.2163086 0.9091797
vt 0.2563477 0.9091797
vt 0.2163086 0.9086914
vt 0.2563477 0.9086914
vt 0.2563477 0.9086914
vt 0.2163086 0.9091797
vt 0.2692871 0.9399414
vt 0.2692871 0.9394531
vt 0.2033691 0.9394531
vt 0.2033691 0.9399414
vt 0.2692871 0.9077148
vt 0.2033691 0.9077148
vt 0.2033691 0.9082031
vt 0.2692871 0.9082031
vt 0.2692871 0.9086914
vt 0.2033691 0.9086914
vt 0.2692871 0.9086914
vt 0.2692871 0.9394531
vt 0.2033691 0.9086914
vt 0.2033691 0.9077148
vt 0.2692871 0.9082031
vt 0.2692871 0.9077148
vt 0.2692871 0.9394531
vt 0.2692871 0.9399414
vt 0.2033691 0.9394531
vt 0.2033691 0.9394531
vt 0.2033691 0.9399414
vt 0.2033691 0.9389648
vt 0.2033691 0.9086914
vt 0.2033691 0.9086914
vt 0.2692871 0.9082031
vt 0.2033691 0.9389648
vt 0.2033691 0.9394531
vt 0.2692871 0.9384766
vt 0.2692871 0.9384766
vt 0.2692871 0.9394531
vt 0.5600586 0.9121094
vt 0.4836426 0.9116211
vt 0.482666 0.9116211
vt 0.5605469 0.9121094
vt 0.5214844 0.9848633
vt 0.5219727 0.9067383
vt 0.5112305 0.9072266
vt 0.5117188 0.9848633
vt 0.5112305 0.9082031
vt 0.5117188 0.9838867
vt 0.5117188 0.9848633
vt 0.5112305 0.9072266
vt 0.2722168 0.9111328
vt 0.2722168 0.9111328
vt 0.1966553 0.9111328
vt 0.1966553 0.9111328
vt 0.2722168 0.9228516
vt 0.2722168 0.9228516
vt 0.2722168 0.9829102
vt 0.2722168 0.9829102
vt 0.01461792 0.2335205
vt 0.3605957 0.2335205
vt 0.3605957 0.0123291
vt 0.01461792 0.0123291
vt 0.1966553 0.9228516
vt 0.1966553 0.9228516
vt 0.2722168 0.9228516
vt 0.2722168 0.9228516
vt 0.4980469 0.909668
vt 0.4960938 0.909668
vt 0.4960938 0.9975586
vt 0.4980469 0.9975586
vt 0.4960938 0.909668
vt 0.4921875 0.909668
vt 0.4921875 0.9975586
vt 0.4960938 0.9975586
vt 0.4921875 0.909668
vt 0.4904785 0.909668
vt 0.4904785 0.9975586
vt 0.4921875 0.9975586
vt 0.4904785 0.909668
vt 0.4924316 0.909668
vt 0.4924316 0.9975586
vt 0.4904785 0.9975586
vt 0.4924316 0.909668
vt 0.4960938 0.909668
vt 0.4963379 0.9975586
vt 0.4924316 0.9975586
vt 0.4960938 0.909668
vt 0.4980469 0.909668
vt 0.4980469 0.9975586
vt 0.4963379 0.9975586
vt 0.5288086 0.909668
vt 0.5268555 0.909668
vt 0.5273438 0.9975586
vt 0.5292969 0.9975586
vt 0.5268555 0.909668
vt 0.5229492 0.909668
vt 0.5234375 0.9975586
vt 0.5273438 0.9975586
vt 0.5229492 0.909668
vt 0.5209961 0.909668
vt 0.5214844 0.9975586
vt 0.5234375 0.9975586
vt 0.5209961 0.909668
vt 0.5229492 0.909668
vt 0.5234375 0.9975586
vt 0.5214844 0.9975586
vt 0.5229492 0.909668
vt 0.5268555 0.909668
vt 0.5273438 0.9975586
vt 0.5234375 0.9975586
vt 0.5268555 0.909668
vt 0.5288086 0.909668
vt 0.5292969 0.9975586
vt 0.5273438 0.9975586
vt 0.3637695 0.9116211
vt 0.3161621 0.9116211
vt 0.3637695 0.9116211
vt 0.3161621 0.9116211
vt 0.3637695 0.9116211
vt 0.314209 0.9116211
vt 0.2905273 0.9116211
vt 0.2905273 0.9116211
vt 0.3212891 0.9116211
vt 0.302002 0.9116211
vt 0.302002 0.9116211
vt 0.3195801 0.9116211
vt 0.3566895 0.9116211
vt 0.3569336 0.9116211
vt 0.3566895 0.9116211
vt 0.3212891 0.9116211
vt 0.2990723 0.9111328
vt 0.298584 0.9111328
vt 0.298584 0.9116211
vt 0.2990723 0.9116211
vt 0.3544922 0.9111328
vt 0.3547363 0.9116211
vt 0.3552246 0.9111328
vt 0.3552246 0.9116211
vt 0.361084 0.9091797
vt 0.3620605 0.9091797
vt 0.3620605 0.9360352
vt 0.361084 0.9360352
vt 0.361084 0.9370117
vt 0.3005371 0.9370117
vt 0.3005371 0.9360352
vt 0.3005371 0.9091797
vt 0.2995605 0.9360352
vt 0.2995605 0.9091797
vt 0.3544922 0.9116211
vt 0.3552246 0.9116211
vt 0.3552246 0.9111328
vt 0.3544922 0.9111328
vt 0.2990723 0.9116211
vt 0.2990723 0.9111328
vt 0.2983398 0.9116211
vt 0.2983398 0.9111328
vt 0.3637695 0.9121094
vt 0.3647461 0.9111328
vt 0.3647461 0.9580078
vt 0.3637695 0.9580078
vt 0.3637695 0.9589844
vt 0.2963867 0.9589844
vt 0.2963867 0.9580078
vt 0.2963867 0.9121094
vt 0.2954102 0.9580078
vt 0.2954102 0.9111328
vt 0.534668 0.9091797
vt 0.5366211 0.9091797
vt 0.5395508 0.9091797
vt 0.5375977 0.9091797
vt 0.5390625 0.9086914
vt 0.5371094 0.9086914
vt 0.5405273 0.9082031
vt 0.5395508 0.9560547
vt 0.5415039 0.9560547
vt 0.5483398 0.9082031
vt 0.5366211 0.9692383
vt 0.5493164 0.9570313
vt 0.5498047 0.9086914
vt 0.5507813 0.9575195
vt 0.5380859 0.9702148
vt 0.527832 0.9780273
vt 0.5449219 0.9736328
vt 0.5463867 0.9746094
vt 0.5288086 0.9794922
vt 0.515625 0.9814453
vt 0.5327148 0.9858398
vt 0.5336914 0.9873047
vt 0.5161133 0.9829102
vt 0.5039063 0.9785156
vt 0.5161133 0.9902344
vt 0.5161133 0.9921875
vt 0.5029297 0.9794922
vt 0.494873 0.9697266
vt 0.4992676 0.9858398
vt 0.4985352 0.987793
vt 0.4934082 0.9707031
vt 0.4914551 0.9570313
vt 0.4873047 0.9741211
vt 0.4858398 0.9750977
vt 0.4899902 0.9570313
vt 0.4907227 0.9101563
vt 0.4892578 0.9101563
vt 0.482666 0.9580078
vt 0.480957 0.9584961
vt 0.4819336 0.9101563
vt 0.4802246 0.9106445
vt 0.4907227 0.9086914
vt 0.4907227 0.9086914
vt 0.4914551 0.9091797
vt 0.4914551 0.9091797
vt 0.494873 0.9091797
vt 0.494873 0.9091797
vt 0.5039063 0.9091797
vt 0.503418 0.9091797
vt 0.515625 0.9091797
vt 0.5146484 0.9091797
vt 0.527832 0.9091797
vt 0.5263672 0.9091797
vt 0.5366211 0.9091797
vt 0.534668 0.9091797
vt 0.5439453 0.9091797
vt 0.5507813 0.9091797
vt 0.5463867 0.9091797
vt 0.5483398 0.9091797
vt 0.5498047 0.9086914
vt 0.5473633 0.9086914
vt 0.4807129 0.9086914
vt 0.4814453 0.9091797
vt 0.480957 0.9091797
vt 0.4802246 0.9086914
vt 0.4814453 0.9091797
vt 0.4858398 0.9091797
vt 0.480957 0.9091797
vt 0.486084 0.9091797
vt 0.4985352 0.9091797
vt 0.498291 0.9091797
vt 0.5161133 0.9091797
vt 0.5151367 0.9091797
vt 0.5336914 0.9091797
vt 0.5317383 0.9091797
vt 0.5463867 0.9091797
vt 0.5439453 0.9091797
vt 0.5439453 0.9082031
vt 0.5488281 0.9082031
vt 0.5488281 0.9086914
vt 0.5439453 0.9086914
vt 0.5332031 0.9082031
vt 0.5336914 0.9086914
vt 0.5200195 0.9082031
vt 0.5200195 0.9086914
vt 0.5063477 0.9082031
vt 0.5063477 0.9086914
vt 0.496582 0.9082031
vt 0.496582 0.9086914
vt 0.4929199 0.9082031
vt 0.4929199 0.9086914
vt 0.4968262 0.9082031
vt 0.4929199 0.9082031
vt 0.4929199 0.9086914
vt 0.4968262 0.9086914
vt 0.5073242 0.9082031
vt 0.5073242 0.9086914
vt 0.5219727 0.9082031
vt 0.5219727 0.9086914
vt 0.5361328 0.9082031
vt 0.5366211 0.9086914
vt 0.5458984 0.9082031
vt 0.5463867 0.9086914
vt 0.5488281 0.9082031
vt 0.5488281 0.9086914
vt 0.496582 0.9077148
vt 0.4929199 0.9077148
vt 0.4968262 0.9077148
vt 0.5073242 0.9077148
vt 0.5063477 0.9077148
vt 0.5200195 0.9077148
vt 0.5219727 0.9077148
vt 0.5332031 0.9077148
vt 0.5361328 0.9077148
vt 0.5458984 0.9077148
vt 0.5439453 0.9077148
vt 0.5488281 0.9077148
vt 0.5424805 0.9086914
vt 0.5424805 0.9086914
vt 0.5390625 0.9086914
vt 0.5390625 0.9086914
vt 0.5307617 0.9086914
vt 0.5307617 0.9086914
vt 0.5200195 0.9086914
vt 0.5200195 0.9086914
vt 0.5097656 0.9086914
vt 0.5097656 0.9086914
vt 0.5019531 0.9086914
vt 0.5019531 0.9086914
vt 0.4990234 0.9086914
vt 0.4990234 0.9086914
vt 0.4990234 0.9086914
vt 0.4990234 0.9086914
vt 0.5024414 0.9086914
vt 0.5024414 0.9086914
vt 0.5102539 0.9086914
vt 0.5107422 0.9086914
vt 0.5219727 0.9086914
vt 0.5219727 0.9086914
vt 0.5327148 0.9086914
vt 0.5327148 0.9086914
vt 0.5405273 0.9086914
vt 0.5405273 0.9086914
vt 0.5424805 0.9086914
vt 0.5424805 0.9086914
vt 0.06750488 0.8203125
vt 0.04571533 0.8144531
vt 0.02388 0.8203125
vt 0.08343506 0.8364258
vt 0.007873535 0.8364258
vt 0.08929443 0.8583984
vt 0.001976013 0.8583984
vt 0.08349609 0.8798828
vt 0.0078125 0.8803711
vt 0.06756592 0.8959961
vt 0.02381897 0.8959961
vt 0.04571533 0.9018555
vt 0.5463867 0.9467773
vt 0.5478516 0.9477539
vt 0.5488281 0.9462891
vt 0.5454102 0.9477539
vt 0.5366211 0.9467773
vt 0.5356445 0.9477539
vt 0.5219727 0.9467773
vt 0.5219727 0.9477539
vt 0.5073242 0.9467773
vt 0.5078125 0.9477539
vt 0.4968262 0.9467773
vt 0.4978027 0.9477539
vt 0.4929199 0.9462891
vt 0.4941406 0.9472656
vt 0.496582 0.9462891
vt 0.4941406 0.9472656
vt 0.4929199 0.9462891
vt 0.4975586 0.9472656
vt 0.5063477 0.9462891
vt 0.5068359 0.9472656
vt 0.5200195 0.9462891
vt 0.5200195 0.9472656
vt 0.5336914 0.9462891
vt 0.5332031 0.9472656
vt 0.5439453 0.9462891
vt 0.5429688 0.9472656
vt 0.5488281 0.9462891
vt 0.5478516 0.9477539
vt 0.5009766 0.9472656
vt 0.5087891 0.9472656
vt 0.5200195 0.9472656
vt 0.53125 0.9472656
vt 0.5400391 0.9472656
vt 0.4980469 0.9472656
vt 0.5439453 0.9477539
vt 0.5454102 0.9477539
vt 0.5415039 0.9477539
vt 0.5424805 0.9462891
vt 0.5356445 0.9477539
vt 0.5405273 0.9467773
vt 0.5336914 0.9477539
vt 0.5219727 0.9477539
vt 0.5327148 0.9467773
vt 0.5219727 0.9477539
vt 0.5078125 0.9477539
vt 0.5219727 0.9467773
vt 0.5097656 0.9477539
vt 0.4978027 0.9477539
vt 0.5107422 0.9467773
vt 0.5014648 0.9477539
vt 0.5024414 0.9462891
vt 0.4990234 0.9462891
vt 0.5009766 0.9472656
vt 0.4990234 0.9462891
vt 0.4980469 0.9472656
vt 0.5019531 0.9462891
vt 0.5087891 0.9472656
vt 0.5097656 0.9462891
vt 0.5200195 0.9472656
vt 0.5200195 0.9462891
vt 0.53125 0.9472656
vt 0.5307617 0.9462891
vt 0.5400391 0.9472656
vt 0.5390625 0.9462891
vt 0.5439453 0.9477539
vt 0.5424805 0.9462891
vt 0.5058594 0.9199219
vt 0.5258789 0.9199219
vt 0.5258789 0.9199219
vt 0.5058594 0.9199219
vt 0.5048828 0.9199219
vt 0.5048828 0.9199219
vt 0.5039063 0.9204102
vt 0.5039063 0.9204102
vt 0.5048828 0.9204102
vt 0.5268555 0.9204102
vt 0.5268555 0.9204102
vt 0.5048828 0.9204102
vt 0.5039063 0.9204102
vt 0.5039063 0.9204102
vt 0.5048828 0.9086914
vt 0.5058594 0.909668
vt 0.5258789 0.9101563
vt 0.5268555 0.9091797
vt 0.5058594 0.9208984
vt 0.5048828 0.9204102
vt 0.5058594 0.9204102
vt 0.5258789 0.9208984
vt 0.5258789 0.9208984
vt 0.5058594 0.9208984
vt 0.5039063 0.9130859
vt 0.5048828 0.9204102
vt 0.5048828 0.9140625
vt 0.5048828 0.9130859
vt 0.5268555 0.9135742
vt 0.5268555 0.9140625
vt 0.5444336 0.9091797
vt 0.5473633 0.9091797
vt 0.5473633 0.9086914
vt 0.5444336 0.9086914
vt 0.5351563 0.9091797
vt 0.5351563 0.9086914
vt 0.5224609 0.9091797
vt 0.5224609 0.9086914
vt 0.4975586 0.9091797
vt 0.4975586 0.9086914
vt 0.5395508 0.9086914
vt 0.5400391 0.9086914
vt 0.5375977 0.9086914
vt 0.5375977 0.9086914
vt 0.5317383 0.9086914
vt 0.5317383 0.9086914
vt 0.5214844 0.9086914
vt 0.5214844 0.9086914
vt 0.496582 0.9086914
vt 0.496582 0.9086914
vt 0.5473633 0.9091797
vt 0.5424805 0.9086914
vt 0.5473633 0.9086914
vt 0.5429688 0.9091797
vt 0.5317383 0.9086914
vt 0.5317383 0.9091797
vt 0.5175781 0.9086914
vt 0.5175781 0.9091797
vt 0.4907227 0.9086914
vt 0.4909668 0.9091797
vt 0.5424805 0.9487305
vt 0.5458984 0.949707
vt 0.5473633 0.9487305
vt 0.5419922 0.949707
vt 0.5317383 0.9487305
vt 0.53125 0.949707
vt 0.5175781 0.9487305
vt 0.5175781 0.949707
vt 0.4909668 0.949707
vt 0.4907227 0.9487305
vt 0.5185547 0.9086914
vt 0.4919434 0.9086914
vt 0.4919434 0.9086914
vt 0.5185547 0.9086914
vt 0.5292969 0.9086914
vt 0.5292969 0.9086914
vt 0.5361328 0.9086914
vt 0.5361328 0.9086914
vt 0.5400391 0.9086914
vt 0.5395508 0.9086914
vt 0.5219727 0.949707
vt 0.496582 0.949707
vt 0.4973145 0.9492188
vt 0.5224609 0.9492188
vt 0.4975586 0.9482422
vt 0.5224609 0.9482422
vt 0.5351563 0.9487305
vt 0.534668 0.949707
vt 0.5322266 0.949707
vt 0.5444336 0.9487305
vt 0.543457 0.949707
vt 0.5473633 0.9487305
vt 0.5385742 0.949707
vt 0.5458984 0.949707
vt 0.5410156 0.949707
vt 0.5419922 0.949707
vt 0.5371094 0.949707
vt 0.5395508 0.9487305
vt 0.53125 0.949707
vt 0.5361328 0.9487305
vt 0.5297852 0.949707
vt 0.5292969 0.9487305
vt 0.5175781 0.949707
vt 0.5180664 0.949707
vt 0.5185547 0.9487305
vt 0.4919434 0.9487305
vt 0.4916992 0.949707
vt 0.4909668 0.949707
vt 0.5214844 0.9487305
vt 0.496582 0.9482422
vt 0.496582 0.949707
vt 0.5219727 0.949707
vt 0.5322266 0.949707
vt 0.5317383 0.9487305
vt 0.5385742 0.949707
vt 0.5375977 0.9487305
vt 0.5410156 0.949707
vt 0.5395508 0.9487305
vt 0.5229492 0.9072266
vt 0.5244141 0.9072266
vt 0.5249023 0.9882813
vt 0.5234375 0.9882813
vt 0.5219727 0.9072266
vt 0.5224609 0.9882813
vt 0.5043945 0.9086914
vt 0.5043945 0.9086914
vt 0.5053711 0.9086914
vt 0.5224609 0.9086914
vt 0.5053711 0.9086914
vt 0.5234375 0.9086914
vt 0.5234375 0.9086914
vt 0.5244141 0.9086914
vt 0.5043945 0.9125977
vt 0.5043945 0.9125977
vt 0.5043945 0.9125977
vt 0.5043945 0.9125977
vt 0.503418 0.9125977
vt 0.503418 0.9125977
vt 0.5048828 0.9125977
vt 0.5053711 0.9125977
vt 0.5053711 0.9125977
vt 0.5234375 0.9125977
vt 0.5239258 0.9125977
vt 0.5244141 0.9125977
vt 0.5244141 0.9125977
vt 0.5244141 0.9125977
vt 0.5258789 0.9125977
vt 0.5244141 0.9125977
vt 0.5244141 0.9125977
vt 0.5234375 0.9125977
vt 0.5234375 0.9125977
vt 0.5258789 0.9125977
vt 0.5244141 0.9125977
vt 0.5224609 0.9125977
vt 0.5224609 0.9125977
vt 0.5229492 0.9125977
vt 0.5053711 0.9125977
vt 0.5053711 0.9125977
vt 0.5048828 0.9125977
vt 0.5043945 0.9125977
vt 0.5043945 0.9125977
vt 0.503418 0.9125977
vt 0.5 0.9658203
vt 0.5 0.9648438
vt 0.4990234 0.9648438
vt 0.5014648 0.9658203
vt 0.527832 0.9658203
vt 0.5292969 0.9648438
vt 0.5292969 0.9658203
vt 0.5302734 0.9648438
vt 0.5302734 0.9165039
vt 0.5292969 0.9165039
vt 0.5 0.9165039
vt 0.4990234 0.9648438
vt 0.4990234 0.9165039
vt 0.5053711 0.9072266
vt 0.5043945 0.9072266
vt 0.5043945 0.9882813
vt 0.5053711 0.9882813
vt 0.5234375 0.9072266
vt 0.5239258 0.9882813
vt 0.5244141 0.9072266
vt 0.5249023 0.9882813
vt 0.5224609 0.9165039
vt 0.527832 0.9165039
vt 0.5268555 0.9165039
vt 0.5234375 0.9165039
vt 0.5249023 0.9165039
vt 0.5302734 0.9165039
vt 0.5292969 0.9165039
vt 0.5239258 0.9165039
vt 0.5053711 0.9165039
vt 0.5 0.9165039
vt 0.4990234 0.9165039
vt 0.5043945 0.9165039
vt 0.5 0.9658203
vt 0.4990234 0.9648438
vt 0.4995117 0.9643555
vt 0.5004883 0.965332
vt 0.5004883 0.9643555
vt 0.503418 0.9658203
vt 0.5014648 0.9658203
vt 0.5048828 0.9658203
vt 0.503418 0.965332
vt 0.5244141 0.9658203
vt 0.527832 0.9658203
vt 0.5292969 0.9658203
vt 0.5258789 0.9658203
vt 0.5048828 0.965332
vt 0.5244141 0.965332
vt 0.5019531 0.965332
vt 0.5268555 0.9643555
vt 0.5253906 0.965332
vt 0.5229492 0.965332
vt 0.527832 0.9643555
vt 0.5268555 0.965332
vt 0.5302734 0.9648438
vt 0.5302734 0.9165039
vt 0.527832 0.9165039
vt 0.5268555 0.9165039
vt 0.5268555 0.9643555
vt 0.5117188 0.909668
vt 0.5214844 0.909668
vt 0.5214844 0.9106445
vt 0.5117188 0.9106445
vt 0.2658691 0.9091797
vt 0.2658691 0.9091797
vt 0.2058105 0.9091797
vt 0.2058105 0.9091797
vt 0.2034912 0.9477539
vt 0.2034912 0.9472656
vt 0.2042236 0.9477539
vt 0.2027588 0.9472656
vt 0.2027588 0.9086914
vt 0.2034912 0.9086914
vt 0.2033691 0.9086914
vt 0.2027588 0.9086914
vt 0.2027588 0.9472656
vt 0.2033691 0.9472656
vt 0.2034912 0.9477539
vt 0.267334 0.9086914
vt 0.2670898 0.9477539
vt 0.267334 0.9472656
vt 0.2680664 0.9086914
vt 0.2678223 0.9472656
vt 0.1917725 0.9082031
vt 0.1917725 0.9091797
vt 0.2800293 0.9091797
vt 0.2800293 0.9082031
vt 0.2800293 0.9086914
vt 0.2800293 0.909668
vt 0.1917725 0.909668
vt 0.1917725 0.9086914
vt 0.2800293 0.925293
vt 0.2800293 0.925293
vt 0.1917725 0.925293
vt 0.1917725 0.925293
vt 0.2800293 0.925293
vt 0.1917725 0.925293
vt 0.1917725 0.9077148
vt 0.1917725 0.9077148
vt 0.1917725 0.9077148
vt 0.1917725 0.925293
vt 0.2800293 0.925293
vt 0.1917725 0.925293
vt 0.1917725 0.9077148
vt 0.1917725 0.925293
vt 0.1586914 0.9091797
vt 0.125 0.9091797
vt 0.1199341 0.9091797
vt 0.1605225 0.9091797
vt 0.1680908 0.9091797
vt 0.1689453 0.9091797
vt 0.1688232 0.9091797
vt 0.1679688 0.9091797
vt 0.1001587 0.9086914
vt 0.09997559 0.9799805
vt 0.184082 0.9794922
vt 0.1835938 0.9072266
vt 0.2299805 0.9951172
vt 0.2266846 0.9106445
vt 0.2266846 0.9951172
vt 0.2299805 0.9106445
vt 0.2321777 0.9951172
vt 0.2321777 0.9106445
vt 0.2303467 0.9091797
vt 0.2402344 0.9091797
vt 0.2402344 0.909668
vt 0.2303467 0.909668
vt 0.2402344 0.9091797
vt 0.2303467 0.9091797
vt 0.2303467 0.9091797
vt 0.2402344 0.9091797
vt 0.2402344 0.909668
vt 0.2303467 0.909668
vt 0.2329102 0.9951172
vt 0.2351074 0.9106445
vt 0.2351074 0.9951172
vt 0.2329102 0.9106445
vt 0.2271729 0.9951172
vt 0.2271729 0.9106445
vt 0.2266846 0.9951172
vt 0.2266846 0.9106445
vt 0.2479248 0.9091797
vt 0.2176514 0.9091797
vt 0.2479248 0.9091797
vt 0.2176514 0.9091797
vt 0.2479248 0.9091797
vt 0.2176514 0.9091797
vt 0.2176514 0.9086914
vt 0.2479248 0.9086914
vt 0.2384033 0.9951172
vt 0.2384033 0.9106445
vt 0.237915 0.9106445
vt 0.237915 0.9951172
vt 0.3027344 0.9121094
vt 0.3041992 0.9121094
vt 0.3041992 0.9116211
vt 0.3027344 0.9116211
vt 0.3032227 0.9116211
vt 0.3044434 0.9116211
vt 0.3183594 0.9116211
vt 0.3188477 0.9116211
vt 0.3183594 0.9116211
vt 0.3188477 0.9116211
vt 0.3498535 0.9365234
vt 0.3359375 0.9501953
vt 0.3354492 0.9501953
vt 0.3476563 0.9365234
vt 0.3466797 0.9365234
vt 0.3347168 0.9501953
vt 0.3193359 0.9501953
vt 0.3503418 0.9365234
vt 0.3496094 0.9365234
vt 0.3491211 0.9365234
vt 0.3479004 0.9365234
vt 0.3476563 0.909668
vt 0.3500977 0.909668
vt 0.347168 0.909668
vt 0.347168 0.9365234
vt 0.3046875 0.909668
vt 0.3051758 0.9365234
vt 0.3046875 0.9365234
vt 0.3041992 0.909668
vt 0.3041992 0.9365234
vt 0.3044434 0.9365234
vt 0.3188477 0.9501953
vt 0.3359375 0.9384766
vt 0.3359375 0.9868164
vt 0.3356934 0.9868164
vt 0.3354492 0.9384766
vt 0.3347168 0.9384766
vt 0.3349609 0.9868164
vt 0.3193359 0.9868164
vt 0.3193359 0.9384766
vt 0.3188477 0.9384766
vt 0.3188477 0.9868164
vt 0.3190918 0.9111328
vt 0.3190918 0.9111328
vt 0.3186035 0.9111328
vt 0.3186035 0.9111328
vt 0.3156738 0.9091797
vt 0.3151855 0.9091797
vt 0.3151855 0.9091797
vt 0.3154297 0.9086914
vt 0.3161621 0.9086914
vt 0.3161621 0.9091797
vt 0.3269043 0.9091797
vt 0.3269043 0.9086914
vt 0.3273926 0.9086914
vt 0.3273926 0.9091797
vt 0.3173828 0.9067383
vt 0.328125 0.9072266
vt 0.3286133 0.9072266
vt 0.3286133 0.9072266
vt 0.3168945 0.9072266
vt 0.328125 0.9072266
vt 0.3166504 0.9072266
vt 0.3171387 0.9072266
vt 0.3273926 0.9091797
vt 0.3273926 0.9091797
vt 0.3273926 0.9086914
vt 0.3273926 0.9091797
vt 0.3220215 0.9799805
vt 0.3215332 0.9799805
vt 0.3208008 0.9804688
vt 0.3215332 0.9804688
vt 0.3330078 0.9804688
vt 0.3327637 0.9799805
vt 0.3337402 0.9804688
vt 0.333252 0.9799805
vt 0.3198242 0.9819336
vt 0.3186035 0.9814453
vt 0.3193359 0.9819336
vt 0.3193359 0.9819336
vt 0.3344727 0.9824219
vt 0.3193359 0.9702148
vt 0.3186035 0.9702148
vt 0.3352051 0.9819336
vt 0.3352051 0.9819336
vt 0.3352051 0.9702148
vt 0.3356934 0.9819336
vt 0.3356934 0.9702148
vt 0.3496094 0.9365234
vt 0.3503418 0.9365234
vt 0.3500977 0.909668
vt 0.3496094 0.909668
vt 0.3034668 0.9365234
vt 0.3034668 0.909668
vt 0.3491211 0.9365234
vt 0.3027344 0.9365234
vt 0.3027344 0.909668
vt 0.3039551 0.9365234
vt 0.3032227 0.9365234
vt 0.3183594 0.9501953
vt 0.3188477 0.9501953
vt 0.3352051 0.9501953
vt 0.3498535 0.9365234
vt 0.3359375 0.9501953
vt 0.3354492 0.9868164
vt 0.3359375 0.9868164
vt 0.3359375 0.9384766
vt 0.3352051 0.9384766
vt 0.3188477 0.9384766
vt 0.3190918 0.9868164
vt 0.3183594 0.9868164
vt 0.3183594 0.9384766
vt 0.03405762 0.9936523
vt 0.03463745 0.9086914
vt 0.03405762 0.9086914
vt 0.03463745 0.9936523
vt 0.05551147 0.9936523
vt 0.05459595 0.9936523
vt 0.03549194 0.9936523
vt 0.03405762 0.9936523
vt 0.05541992 0.9936523
vt 0.05285645 0.9936523
vt 0.03713989 0.9936523
vt 0.05349731 0.9936523
vt 0.03646851 0.9936523
vt 0.05310059 0.9936523
vt 0.03463745 0.9936523
vt 0.03518677 0.9936523
vt 0.03689575 0.9936523
vt 0.03753662 0.9936523
vt 0.03466797 0.9936523
vt 0.03463745 0.9086914
vt 0.03405762 0.9086914
vt 0.03521729 0.9936523
vt 0.03601074 0.9936523
vt 0.05389404 0.9936523
vt 0.0524292 0.9936523
vt 0.05465698 0.9936523
vt 0.05474854 0.9936523
vt 0.05603027 0.9936523
vt 0.05526733 0.9936523
vt 0.05596924 0.9086914
vt 0.05459595 0.9086914
vt 0.05517578 0.9086914
vt 0.03518677 0.9086914
vt 0.05383301 0.9086914
vt 0.03601074 0.9086914
vt 0.03518677 0.9086914
vt 0.03463745 0.9086914
vt 0.03652954 0.9086914
vt 0.03720093 0.9086914
vt 0.03610229 0.9086914
vt 0.05267334 0.9086914
vt 0.03677368 0.9086914
vt 0.05465698 0.9086914
vt 0.05337524 0.9086914
vt 0.05383301 0.9086914
vt 0.05535889 0.9086914
vt 0.05450439 0.9086914
vt 0.05319214 0.9086914
vt 0.05541992 0.9086914
vt 0.03549194 0.9086914
vt 0.05596924 0.9086914
vt 0.05603027 0.9936523
vt 0.3193359 0.9819336
vt 0.3186035 0.9814453
vt 0.3190918 0.9799805
vt 0.3195801 0.9804688
vt 0.3205566 0.9819336
vt 0.3198242 0.9819336
vt 0.3203125 0.9804688
vt 0.3198242 0.9794922
vt 0.3190918 0.9702148
vt 0.3198242 0.9702148
vt 0.3347168 0.9702148
vt 0.3347168 0.9799805
vt 0.3354492 0.9799805
vt 0.3354492 0.9702148
vt 0.3356934 0.9702148
vt 0.3356934 0.9819336
vt 0.3342285 0.9804688
vt 0.3349609 0.9804688
vt 0.3352051 0.9819336
vt 0.3215332 0.9804688
vt 0.3330078 0.9804688
vt 0.3208008 0.9804688
vt 0.3337402 0.9804688
vt 0.3337402 0.9819336
vt 0.333252 0.9799805
vt 0.333252 0.9814453
vt 0.333252 0.9819336
vt 0.3344727 0.9824219
vt 0.3327637 0.9814453
vt 0.3212891 0.9819336
vt 0.3215332 0.9814453
vt 0.3210449 0.9814453
vt 0.3215332 0.9799805
vt 0.3156738 0.9091797
vt 0.3151855 0.9091797
vt 0.3151855 0.9091797
vt 0.3156738 0.9091797
vt 0.3269043 0.9091797
vt 0.3269043 0.9091797
vt 0.3273926 0.9091797
vt 0.3273926 0.9091797
vt 0.1621094 0.9091797
vt 0.1761475 0.9091797
vt 0.109314 0.9091797
vt 0.1159668 0.9091797
vt 0.1612549 0.9086914
vt 0.1477051 0.9970703
vt 0.1619873 0.9755859
vt 0.1431885 0.9985352
vt 0.1379395 0.9985352
vt 0.1195679 0.9086914
vt 0.1334229 0.9970703
vt 0.1192627 0.9750977
vt 0.01893616 0.9082031
vt 0.07556152 0.9091797
vt 0.02253723 0.9091797
vt 0.07781982 0.9082031
vt 0.01812744 0.9082031
vt 0.07830811 0.9082031
vt 0.07928467 0.9082031
vt 0.01146698 0.9091797
vt 0.081604 0.9091797
vt 0.01626587 0.9082031
vt 0.07885742 0.9082031
vt 0.01715088 0.9082031
vt 0.08026123 0.9101563
vt 0.08239746 0.909668
vt 0.08294678 0.909668
vt 0.08001709 0.9101563
vt 0.07965088 0.9101563
vt 0.07952881 0.9101563
vt 0.07885742 0.9101563
vt 0.07891846 0.9101563
vt 0.07824707 0.9101563
vt 0.07843018 0.9101563
vt 0.07580566 0.909668
vt 0.07611084 0.909668
vt 0.07550049 0.909668
vt 0.07525635 0.909668
vt 0.0231781 0.909668
vt 0.02268982 0.909668
vt 0.02210999 0.909668
vt 0.02259827 0.909668
vt 0.01876831 0.9101563
vt 0.01843262 0.9101563
vt 0.0177002 0.9101563
vt 0.01756287 0.9101563
vt 0.01634216 0.9101563
vt 0.01651001 0.9101563
vt 0.01812744 0.9091797
vt 0.01514435 0.9101563
vt 0.01715088 0.9091797
vt 0.01557159 0.9101563
vt 0.009727478 0.909668
vt 0.01063538 0.909668
vt 0.01557159 0.9091797
vt 0.01626587 0.9091797
vt 0.01063538 0.9091797
vt 0.01146698 0.9091797
vt 0.01121521 0.9091797
vt 0.08172607 0.9091797
vt 0.081604 0.9091797
vt 0.08239746 0.9091797
vt 0.08001709 0.909668
vt 0.08239746 0.909668
vt 0.07928467 0.909668
vt 0.07952881 0.909668
vt 0.07885742 0.909668
vt 0.01715088 0.9165039
vt 0.07885742 0.9155273
vt 0.07830811 0.9165039
vt 0.01812744 0.9174805
vt 0.5063477 0.9990234
vt 0.5205078 0.9990234
vt 0.5205078 0.9990234
vt 0.5063477 0.9990234
vt 0.5058594 0.9990234
vt 0.5063477 0.9990234
vt 0.5058594 0.9990234
vt 0.5048828 0.9086914
vt 0.5058594 0.9086914
vt 0.5195313 0.9086914
vt 0.5195313 0.9086914
vt 0.5048828 0.9086914
vt 0.5053711 0.9086914
vt 0.5195313 0.9086914
vt 0.5053711 0.9086914
vt 0.5053711 0.9086914
vt 0.5195313 0.9086914
vt 0.5195313 0.9086914
vt 0.5053711 0.9086914
vt 0.5063477 0.9985352
vt 0.5063477 0.9077148
vt 0.5063477 0.9077148
vt 0.5068359 0.9985352
vt 0.5078125 0.9077148
vt 0.5083008 0.9985352
vt 0.519043 0.9077148
vt 0.5205078 0.9985352
vt 0.5200195 0.9985352
vt 0.5185547 0.9077148
vt 0.5180664 0.9985352
vt 0.5170898 0.9077148
vt 0.5219727 0.909668
vt 0.5151367 0.909668
vt 0.5151367 0.9086914
vt 0.5219727 0.9086914
vt 0.5205078 0.9985352
vt 0.519043 0.9077148
vt 0.5175781 0.9077148
vt 0.5185547 0.9985352
vt 0.5083008 0.9985352
vt 0.5078125 0.9077148
vt 0.5063477 0.9077148
vt 0.5063477 0.9985352
vt 0.5219727 0.909668
vt 0.5219727 0.9086914
vt 0.5151367 0.9086914
vt 0.5151367 0.909668
vt 0.5205078 0.9985352
vt 0.5185547 0.9077148
vt 0.5170898 0.9077148
vt 0.519043 0.9985352
vt 0.5068359 0.9985352
vt 0.5083008 0.9077148
vt 0.5087891 0.9985352
vt 0.5068359 0.9077148
vt 0.5068359 0.9985352
vt 0.5068359 0.9077148
vt 0.5185547 0.9077148
vt 0.5205078 0.9985352
vt 0.5195313 0.9985352
vt 0.5180664 0.9077148
vt 0.5180664 0.9985352
vt 0.5166016 0.9077148
vt 0.5219727 0.909668
vt 0.5219727 0.9086914
vt 0.5151367 0.9086914
vt 0.5151367 0.909668
vt 0.5087891 0.9985352
vt 0.5083008 0.9077148
vt 0.5068359 0.9077148
vt 0.5068359 0.9985352
vt 0.5219727 0.909668
vt 0.5151367 0.909668
vt 0.5151367 0.9086914
vt 0.5219727 0.9086914
vt 0.375 0.7358398
vt 0.375 0.5
vt 0.375 0.5
vt 0.375 0.7358398
vt 0.3774414 0.5
vt 0.3774414 0.75
vt 0.3774414 0.75
vt 0.6225586 0.75
vt 0.3774414 0.7358398
vt 0.6225586 0.75
vt 0.6225586 0.7358398
vt 0.6225586 0.5
vt 0.625 0.5
vt 0.625 0.7358398
vt 0.625 0.7358398
vt 0.625 0.5
vt 0.08508301 0.9111328
vt 0.08508301 0.9091797
vt 0.08508301 0.9111328
vt 0.08508301 0.9091797
vt 0.08508301 0.9091797
vt 0.08508301 0.9091797
vt 0.08508301 0.9091797
vt 0.004261017 0.9091797
vt 0.004261017 0.9091797
vt 0.08508301 0.9091797
vt 0.004261017 0.9853516
vt 0.08508301 0.9853516
vt 0.08508301 0.9248047
vt 0.004261017 0.9248047
vt 0.08508301 0.9248047
vt 0.004261017 0.9248047
vt 0.004261017 0.9248047
vt 0.004261017 0.9248047
vt 0.004261017 0.9248047
vt 0.004261017 0.9853516
vt 0.004261017 0.9853516
vt 0.08508301 0.9248047
vt 0.08508301 0.9248047
vt 0.08508301 0.9248047
vt 0.08508301 0.9853516
vt 0.08508301 0.9853516
vt 0.004261017 0.9091797
vt 0.004261017 0.9091797
vt 0.004261017 0.9091797
vt 0.004261017 0.9091797
vt 0.004261017 0.9111328
vt 0.004261017 0.9111328
vt 0.640625 0.9086914
vt 0.6445313 0.9091797
vt 0.6445313 0.9086914
vt 0.640625 0.9086914
vt 0.6337891 0.9086914
vt 0.6337891 0.9086914
vt 0.621582 0.9086914
vt 0.6210938 0.9086914
vt 0.5922852 0.9086914
vt 0.5922852 0.9086914
vt 0.5795898 0.9086914
vt 0.5795898 0.9086914
vt 0.5732422 0.9086914
vt 0.5727539 0.9086914
vt 0.5693359 0.9086914
vt 0.5688477 0.9086914
vt 0.574707 0.9272461
vt 0.5688477 0.9228516
vt 0.5727539 0.9228516
vt 0.578125 0.9267578
vt 0.5893555 0.9291992
vt 0.581543 0.9262695
vt 0.5795898 0.9233398
vt 0.5922852 0.9233398
vt 0.5913086 0.9287109
vt 0.6240234 0.9296875
vt 0.5917969 0.9267578
vt 0.6210938 0.9238281
vt 0.6220703 0.9291992
vt 0.6381836 0.9282227
vt 0.621582 0.9272461
vt 0.6318359 0.9267578
vt 0.6337891 0.9243164
vt 0.640625 0.9243164
vt 0.6352539 0.9277344
vt 0.6445313 0.9243164
vt 0.6401367 0.9086914
vt 0.6445313 0.9086914
vt 0.6445313 0.9091797
vt 0.6401367 0.9091797
vt 0.6254883 0.9086914
vt 0.6254883 0.9091797
vt 0.5883789 0.9086914
vt 0.5883789 0.9091797
vt 0.5732422 0.9086914
vt 0.5737305 0.9091797
vt 0.5688477 0.9086914
vt 0.5693359 0.9086914
vt 0.640625 0.9086914
vt 0.6445313 0.9091797
vt 0.6445313 0.9086914
vt 0.640625 0.9086914
vt 0.6337891 0.9086914
vt 0.6337891 0.9086914
vt 0.621582 0.9086914
vt 0.6210938 0.9086914
vt 0.5922852 0.9086914
vt 0.5922852 0.9086914
vt 0.5795898 0.9086914
vt 0.5795898 0.9086914
vt 0.5732422 0.9086914
vt 0.5727539 0.9086914
vt 0.5693359 0.9086914
vt 0.5688477 0.9086914
vt 0.5688477 0.9086914
vt 0.5737305 0.9091797
vt 0.5693359 0.9086914
vt 0.5732422 0.9086914
vt 0.5883789 0.9091797
vt 0.5883789 0.9086914
vt 0.6254883 0.9091797
vt 0.6254883 0.9086914
vt 0.6401367 0.9091797
vt 0.6401367 0.9086914
vt 0.6445313 0.9091797
vt 0.6445313 0.9086914
vt 0.574707 0.9272461
vt 0.5688477 0.9228516
vt 0.5727539 0.9228516
vt 0.578125 0.9267578
vt 0.5893555 0.9291992
vt 0.581543 0.9262695
vt 0.5795898 0.9233398
vt 0.5922852 0.9233398
vt 0.5913086 0.9287109
vt 0.6240234 0.9296875
vt 0.5917969 0.9267578
vt 0.6210938 0.9238281
vt 0.6220703 0.9291992
vt 0.6381836 0.9282227
vt 0.621582 0.9272461
vt 0.6318359 0.9267578
vt 0.6337891 0.9243164
vt 0.640625 0.9243164
vt 0.6352539 0.9277344
vt 0.6445313 0.9243164
vt 0.5693359 0.9086914
vt 0.5727539 0.9086914
vt 0.5688477 0.9086914
vt 0.5732422 0.9086914
vt 0.5795898 0.9086914
vt 0.5795898 0.9086914
vt 0.5922852 0.9086914
vt 0.5922852 0.9086914
vt 0.6210938 0.9086914
vt 0.621582 0.9086914
vt 0.6337891 0.9086914
vt 0.6337891 0.9086914
vt 0.640625 0.9086914
vt 0.640625 0.9086914
vt 0.6445313 0.9086914
vt 0.6445313 0.9091797
vt 0.6401367 0.9086914
vt 0.6445313 0.9086914
vt 0.6445313 0.9091797
vt 0.6401367 0.9091797
vt 0.6254883 0.9086914
vt 0.6254883 0.9091797
vt 0.5883789 0.9086914
vt 0.5883789 0.9091797
vt 0.5732422 0.9086914
vt 0.5737305 0.9091797
vt 0.5688477 0.9086914
vt 0.5693359 0.9086914
vt 0.574707 0.9272461
vt 0.5688477 0.9228516
vt 0.5727539 0.9228516
vt 0.578125 0.9267578
vt 0.5893555 0.9291992
vt 0.581543 0.9262695
vt 0.5795898 0.9233398
vt 0.5922852 0.9233398
vt 0.5913086 0.9287109
vt 0.6240234 0.9296875
vt 0.5917969 0.9267578
vt 0.6210938 0.9238281
vt 0.6220703 0.9291992
vt 0.6381836 0.9282227
vt 0.621582 0.9272461
vt 0.6318359 0.9267578
vt 0.6337891 0.9243164
vt 0.640625 0.9243164
vt 0.6352539 0.9277344
vt 0.6445313 0.9243164
vt 0.1313477 0.8198242
vt 0.1313477 0.815918
vt 0.1238403 0.815918
vt 0.1238403 0.8198242
vt 0.1314697 0.8203125
vt 0.1204834 0.8198242
vt 0.1204834 0.815918
vt 0.1176147 0.8198242
vt 0.1176147 0.815918
vt 0.1159668 0.8198242
vt 0.1161499 0.8203125
vt 0.1159668 0.815918
vt 0.1060791 0.815918
vt 0.1177979 0.8203125
vt 0.1206665 0.8203125
vt 0.1239624 0.8203125
vt 0.1068115 0.8203125
vt 0.1065063 0.8203125
vt 0.1060791 0.8198242
vt 0.105835 0.8198242
vt 0.1057739 0.815918
vt 0.1079102 0.8203125
vt 0.1106567 0.8203125
vt 0.1182861 0.8203125
vt 0.1574707 0.8203125
vt 0.1755371 0.8203125
vt 0.1437988 0.8203125
vt 0.1497803 0.8203125
vt 0.1755371 0.8203125
vt 0.131958 0.8188477
vt 0.1738281 0.8203125
vt 0.1761475 0.8198242
vt 0.1745605 0.8198242
vt 0.1761475 0.815918
vt 0.1745605 0.815918
vt 0.1710205 0.8203125
vt 0.1716309 0.8198242
vt 0.1717529 0.815918
vt 0.1574707 0.815918
vt 0.1574707 0.8198242
vt 0.1496582 0.8198242
vt 0.1575928 0.8203125
vt 0.1541748 0.8198242
vt 0.1541748 0.815918
vt 0.1542969 0.8203125
vt 0.1512451 0.8198242
vt 0.1512451 0.815918
vt 0.1502686 0.8149414
vt 0.1514893 0.8203125
vt 0.1502686 0.8188477
vt 0.131958 0.8149414
vt 0.1182861 0.8203125
vt 0.118103 0.8203125
vt 0.119751 0.8203125
vt 0.118103 0.8203125
vt 0.1174316 0.8198242
vt 0.1176758 0.8198242
vt 0.1174316 0.815918
vt 0.1176758 0.815918
vt 0.1176758 0.8198242
vt 0.1182861 0.8203125
vt 0.1106567 0.8203125
vt 0.1099243 0.8198242
vt 0.1176758 0.815918
vt 0.1099243 0.815918
vt 0.1072388 0.815918
vt 0.1072388 0.8198242
vt 0.1057739 0.815918
vt 0.1079102 0.8203125
vt 0.105835 0.8198242
vt 0.1065063 0.8203125
vt 0.5068359 0.9990234
vt 0.5205078 0.9990234
vt 0.5205078 0.9990234
vt 0.5068359 0.9990234
vt 0.5205078 0.9990234
vt 0.5058594 0.9990234
vt 0.5058594 0.9990234
vt 0.5048828 0.9086914
vt 0.5068359 0.9990234
vt 0.5048828 0.9086914
vt 0.5058594 0.9086914
vt 0.5195313 0.9086914
vt 0.5195313 0.9086914
vt 0.5058594 0.9086914
vt 0.5058594 0.9086914
vt 0.5195313 0.9086914
vt 0.4257813 0.9086914
vt 0.4257813 0.9086914
vt 0.4174805 0.9086914
vt 0.4174805 0.9086914
vt 0.416748 0.9086914
vt 0.416748 0.9086914
vt 0.416748 0.9086914
vt 0.416748 0.9086914
vt 0.416748 0.9086914
vt 0.4169922 0.909668
vt 0.4169922 0.909668
vt 0.416748 0.9086914
vt 0.416748 0.9086914
vt 0.416748 0.9086914
vt 0.4260254 0.9086914
vt 0.4260254 0.9086914
vt 0.4169922 0.9086914
vt 0.4169922 0.9086914
vt 0.3300781 0.815918
vt 0.3300781 0.8178711
vt 0.3215332 0.8178711
vt 0.3215332 0.815918
vt 0.3300781 0.8149414
vt 0.3215332 0.8149414
vt 0.3215332 0.8149414
vt 0.3300781 0.8149414
vt 0.338623 0.8149414
vt 0.338623 0.8149414
vt 0.338623 0.815918
vt 0.3300781 0.8178711
vt 0.338623 0.8178711
vt 0.4262695 0.9086914
vt 0.4262695 0.9086914
vt 0.4172363 0.9086914
vt 0.4172363 0.9086914
vt 0.3300781 0.8154297
vt 0.3300781 0.8178711
vt 0.3215332 0.8178711
vt 0.3215332 0.8154297
vt 0.3300781 0.8149414
vt 0.3215332 0.8149414
vt 0.3215332 0.8149414
vt 0.338623 0.8149414
vt 0.3300781 0.8149414
vt 0.338623 0.8149414
vt 0.338623 0.8154297
vt 0.3300781 0.8178711
vt 0.338623 0.8178711
vt 0.3300781 0.8149414
vt 0.3300781 0.8154297
vt 0.3215332 0.8154297
vt 0.338623 0.8154297
vt 0.338623 0.8149414
vt 0.3388672 0.8989258
vt 0.3300781 0.8989258
vt 0.3215332 0.8989258
vt 0.4262695 0.996582
vt 0.4172363 0.9140625
vt 0.4172363 0.996582
vt 0.4262695 0.9140625
vt 0.4353027 0.996582
vt 0.4172363 0.9130859
vt 0.4350586 0.9140625
vt 0.4262695 0.9130859
vt 0.4350586 0.9130859
vt 0.4350586 0.9086914
vt 0.4260254 0.9086914
vt 0.4260254 0.9086914
vt 0.4350586 0.9086914
vt 0.4350586 0.9086914
vt 0.4350586 0.9086914
vt 0.3300781 0.8989258
vt 0.3215332 0.815918
vt 0.3215332 0.8989258
vt 0.3300781 0.815918
vt 0.3388672 0.8989258
vt 0.3215332 0.8149414
vt 0.338623 0.815918
vt 0.3300781 0.8149414
vt 0.338623 0.8149414
vt 0.4348145 0.9086914
vt 0.4348145 0.9086914
vt 0.4257813 0.9086914
vt 0.4257813 0.9086914
vt 0.4343262 0.9130859
vt 0.4260254 0.9130859
vt 0.4343262 0.9130859
vt 0.4260254 0.9130859
vt 0.4169922 0.9130859
vt 0.4169922 0.9130859
vt 0.4169922 0.9140625
vt 0.4260254 0.9140625
vt 0.4350586 0.9140625
vt 0.4343262 0.9130859
vt 0.4343262 0.9130859
vt 0.4350586 0.9140625
vt 0.4343262 0.9140625
vt 0.4350586 0.9150391
vt 0.4260254 0.9130859
vt 0.4343262 0.996582
vt 0.4350586 0.996582
vt 0.4260254 0.9140625
vt 0.4169922 0.9130859
vt 0.4260254 0.996582
vt 0.4169922 0.9140625
vt 0.4169922 0.996582
vt 0.4348145 0.9130859
vt 0.4257813 0.9130859
vt 0.4348145 0.9130859
vt 0.4257813 0.9130859
vt 0.4174805 0.9130859
vt 0.4257813 0.9140625
vt 0.4348145 0.9140625
vt 0.4174805 0.9140625
vt 0.4174805 0.9130859
vt 0.416748 0.9140625
vt 0.416748 0.9140625
vt 0.4350586 0.9130859
vt 0.4262695 0.9130859
vt 0.4350586 0.9130859
vt 0.4262695 0.9130859
vt 0.4172363 0.9130859
vt 0.4172363 0.9130859
vt 0.4172363 0.9140625
vt 0.4262695 0.9140625
vt 0.4350586 0.9140625
vt 0.4350586 0.9086914
vt 0.4350586 0.9086914
vt 0.4262695 0.9086914
vt 0.4262695 0.9086914
vt 0.4350586 0.909668
vt 0.4350586 0.909668
vt 0.4350586 0.9086914
vt 0.4350586 0.9086914
vt 0.4348145 0.9140625
vt 0.4348145 0.9130859
vt 0.4257813 0.9130859
vt 0.4257813 0.9140625
vt 0.4348145 0.996582
vt 0.4174805 0.9130859
vt 0.4257813 0.996582
vt 0.4174805 0.9140625
vt 0.416748 0.9140625
vt 0.4177246 0.996582
vt 0.416748 0.9150391
vt 0.4169922 0.996582
vt 0.4350586 0.9086914
vt 0.4350586 0.9086914
vt 0.4350586 0.9086914
vt 0.4350586 0.9086914
vt 0.0158844 0.8666992
vt 0.07946777 0.8164063
vt 0.01526642 0.8168945
vt 0.07983398 0.8666992
vt 0.02120972 0.887207
vt 0.07489014 0.8867188
vt 0.03152466 0.8994141
vt 0.06481934 0.8989258
vt 0.04821777 0.9047852
vt 0.07556152 0.9091797
vt 0.07611084 0.9091797
vt 0.07550049 0.9091797
vt 0.02268982 0.9091797
vt 0.02253723 0.9091797
vt 0.02210999 0.9091797
vt 0.01843262 0.9091797
vt 0.01893616 0.9091797
vt 0.01756287 0.9091797
vt 0.01812744 0.9091797
vt 0.07885742 0.9101563
vt 0.07952881 0.9101563
vt 0.07891846 0.9101563
vt 0.07830811 0.9101563
vt 0.07830811 0.909668
vt 0.07891846 0.909668
vt 0.07843018 0.909668
vt 0.07781982 0.909668
vt 0.07611084 0.909668
vt 0.07556152 0.909668
vt 0.08026123 0.9130859
vt 0.07897949 0.9111328
vt 0.07965088 0.9116211
vt 0.07965088 0.9125977
vt 0.08294678 0.9501953
vt 0.01568604 0.9135742
vt 0.016922 0.9121094
vt 0.01634216 0.9130859
vt 0.01514435 0.9145508
vt 0.08227539 0.949707
vt 0.08227539 0.9506836
vt 0.01030731 0.9501953
vt 0.01026154 0.9492188
vt 0.009727478 0.949707
vt 0.0177002 0.9135742
vt 0.016922 0.9121094
vt 0.01634216 0.9130859
vt 0.01831055 0.9130859
vt 0.01876831 0.9165039
vt 0.07824707 0.9121094
vt 0.07897949 0.9111328
vt 0.07965088 0.9116211
vt 0.07885742 0.9125977
vt 0.07757568 0.9150391
vt 0.07824707 0.9155273
vt 0.01940918 0.9160156
vt 0.02259827 0.9472656
vt 0.02319336 0.9467773
vt 0.0231781 0.9472656
vt 0.07525635 0.9477539
vt 0.07525635 0.9472656
vt 0.07580566 0.9472656
vt 0.01121521 0.909668
vt 0.01063538 0.909668
vt 0.009727478 0.909668
vt 0.01030731 0.909668
vt 0.08227539 0.909668
vt 0.08172607 0.909668
vt 0.08239746 0.909668
vt 0.08294678 0.909668
vt 0.0859375 0.9121094
vt 0.08410645 0.909668
vt 0.08477783 0.9101563
vt 0.08526611 0.9116211
vt 0.09155273 0.9360352
vt 0.007392883 0.9116211
vt 0.008491516 0.909668
vt 0.007850647 0.9106445
vt 0.006778717 0.9125977
vt 0.09063721 0.9350586
vt 0.09082031 0.9365234
vt 0.003608704 0.9360352
vt 0.003850937 0.9350586
vt 0.002820969 0.9355469
vt 0.008491516 0.909668
vt 0.007850647 0.9106445
vt 0.009078979 0.9106445
vt 0.009750366 0.9101563
vt 0.01000214 0.9130859
vt 0.08270264 0.9101563
vt 0.08410645 0.909668
vt 0.08477783 0.9101563
vt 0.08343506 0.9106445
vt 0.08172607 0.9125977
vt 0.0824585 0.9130859
vt 0.01070404 0.9125977
vt 0.01594543 0.9321289
vt 0.07623291 0.9316406
vt 0.07702637 0.9321289
vt 0.07635498 0.9326172
vt 0.01679993 0.9316406
vt 0.01664734 0.9321289
vt 0.09082031 0.9091797
vt 0.09155273 0.9091797
vt 0.09191895 0.9091797
vt 0.09124756 0.9091797
vt 0.002138138 0.9091797
vt 0.003608704 0.9091797
vt 0.002820969 0.9091797
vt 0.001410484 0.9091797
vt 0.05065918 0.9086914
vt 0.04638672 0.9086914
vt 0.04644775 0.9091797
vt 0.05072021 0.9086914
vt 0.05062866 0.9086914
vt 0.05065918 0.9086914
vt 0.05072021 0.9086914
vt 0.0506897 0.9086914
vt 0.0506897 0.9086914
vt 0.05072021 0.9086914
vt 0.04644775 0.9091797
vt 0.04644775 0.9086914
vt 0.04638672 0.9086914
vt 0.0463562 0.9086914
vt 0.04644775 0.9086914
vt 0.04644775 0.9091797
vt 0.0463562 0.9086914
vt 0.04638672 0.9086914
vt 0.05065918 0.9086914
vt 0.05062866 0.9086914
vt 0.05084229 0.9086914
vt 0.04647827 0.9086914
vt 0.04644775 0.9091797
vt 0.05075073 0.9091797
vt 0.05072021 0.9086914
vt 0.05084229 0.9086914
vt 0.05075073 0.9091797
vt 0.05062866 0.9086914
vt 0.05062866 0.9086914
vt 0.05075073 0.9091797
vt 0.04644775 0.9091797
vt 0.04632568 0.9086914
vt 0.04647827 0.9086914
vt 0.0463562 0.9086914
vt 0.04632568 0.9086914
vt 0.04644775 0.9091797
vt 0.0463562 0.9086914
vt 0.04647827 0.9086914
vt 0.05084229 0.9086914
vt 0.05072021 0.9086914
vt 0.05648804 0.9091797
vt 0.04278564 0.9091797
vt 0.04290771 0.9086914
vt 0.05670166 0.9086914
vt 0.05526733 0.9091797
vt 0.05648804 0.9091797
vt 0.05670166 0.9086914
vt 0.05548096 0.9086914
vt 0.05548096 0.9086914
vt 0.05670166 0.9086914
vt 0.04290771 0.9086914
vt 0.04187012 0.9086914
vt 0.04278564 0.9091797
vt 0.04174805 0.9091797
vt 0.04187012 0.9086914
vt 0.04290771 0.9086914
vt 0.04174805 0.9091797
vt 0.04278564 0.9091797
vt 0.05648804 0.9091797
vt 0.05526733 0.9091797
vt 0.05709839 0.9091797
vt 0.04226685 0.9091797
vt 0.04223633 0.9086914
vt 0.05709839 0.9086914
vt 0.05670166 0.909668
vt 0.05709839 0.9091797
vt 0.05709839 0.9086914
vt 0.05670166 0.9086914
vt 0.05670166 0.9086914
vt 0.05709839 0.9086914
vt 0.04223633 0.9086914
vt 0.04205322 0.9086914
vt 0.04226685 0.9091797
vt 0.04211426 0.909668
vt 0.04205322 0.9086914
vt 0.04223633 0.9086914
vt 0.04211426 0.909668
vt 0.04226685 0.9091797
vt 0.05709839 0.9091797
vt 0.05670166 0.909668
vt 0.3527832 0.9077148
vt 0.3151855 0.9077148
vt 0.3154297 0.9077148
vt 0.3532715 0.9077148
vt 0.3518066 0.9077148
vt 0.3527832 0.9077148
vt 0.3532715 0.9077148
vt 0.3525391 0.9077148
vt 0.3525391 0.9077148
vt 0.3532715 0.9077148
vt 0.3154297 0.9077148
vt 0.3149414 0.9077148
vt 0.3151855 0.9077148
vt 0.3144531 0.9077148
vt 0.3149414 0.9077148
vt 0.3154297 0.9077148
vt 0.3144531 0.9077148
vt 0.3151855 0.9077148
vt 0.3527832 0.9077148
vt 0.3518066 0.9077148
vt 0.3520508 0.9077148
vt 0.3146973 0.9077148
vt 0.3154297 0.9077148
vt 0.3527832 0.9077148
vt 0.3510742 0.9077148
vt 0.3520508 0.9077148
vt 0.3527832 0.9077148
vt 0.3518066 0.9077148
vt 0.3518066 0.9077148
vt 0.3527832 0.9077148
vt 0.3154297 0.9077148
vt 0.314209 0.9077148
vt 0.3146973 0.9077148
vt 0.3137207 0.9077148
vt 0.314209 0.9077148
vt 0.3154297 0.9077148
vt 0.3137207 0.9077148
vt 0.3146973 0.9077148
vt 0.3520508 0.9077148
vt 0.3510742 0.9077148
vt 0.3352051 0.9228516
vt 0.3334961 0.9228516
vt 0.3334961 0.9228516
vt 0.3352051 0.9228516
vt 0.3352051 0.9228516
vt 0.3352051 0.9228516
vt 0.3352051 0.9228516
vt 0.3352051 0.9228516
vt 0.3352051 0.9228516
vt 0.3352051 0.9228516
vt 0.3334961 0.9228516
vt 0.3334961 0.9228516
vt 0.3334961 0.9228516
vt 0.3334961 0.9228516
vt 0.3334961 0.9228516
vt 0.3334961 0.9228516
vt 0.3334961 0.9228516
vt 0.3334961 0.9228516
vt 0.3352051 0.9228516
vt 0.3352051 0.9228516
vt 0.3352051 0.9228516
vt 0.3334961 0.9228516
vt 0.3334961 0.9228516
vt 0.3352051 0.9228516
vt 0.3352051 0.9228516
vt 0.3352051 0.9228516
vt 0.3352051 0.9228516
vt 0.3352051 0.9228516
vt 0.3352051 0.9228516
vt 0.3352051 0.9228516
vt 0.3334961 0.9228516
vt 0.3334961 0.9228516
vt 0.3334961 0.9228516
vt 0.3334961 0.9228516
vt 0.3334961 0.9228516
vt 0.3334961 0.9228516
vt 0.3334961 0.9228516
vt 0.3334961 0.9228516
vt 0.3352051 0.9228516
vt 0.3352051 0.9228516
vt 0.1174316 0.8198242
vt 0.118103 0.8203125
vt 0.118103 0.8203125
vt 0.1174927 0.8198242
vt 0.1174316 0.815918
vt 0.1174927 0.815918
vt 0.119751 0.8203125
vt 0.1190796 0.8198242
vt 0.1190796 0.815918
vt 0.1224976 0.8203125
vt 0.1218872 0.8198242
vt 0.1218872 0.815918
vt 0.1358643 0.815918
vt 0.1356201 0.8203125
vt 0.1358643 0.8198242
vt 0.138916 0.8203125
vt 0.1419678 0.8203125
vt 0.1390381 0.8198242
vt 0.1390381 0.815918
vt 0.1420898 0.8198242
vt 0.1437988 0.8203125
vt 0.1420898 0.815918
vt 0.1439209 0.8198242
vt 0.1439209 0.815918
vt 0.144165 0.815918
vt 0.144165 0.8198242
vt 0.157959 0.815918
vt 0.157959 0.8198242
vt 0.1437988 0.8203125
vt 0.1574707 0.8203125
vt 0.1761475 0.815918
vt 0.1761475 0.8198242
vt 0.1755371 0.8203125
vt 0.1755371 0.8203125
vt 0.1761475 0.8198242
vt 0.1761475 0.815918
vt 0.5205078 0.9985352
vt 0.5185547 0.9077148
vt 0.5170898 0.9077148
vt 0.519043 0.9985352
vt 0.5068359 0.9985352
vt 0.5083008 0.9077148
vt 0.5087891 0.9985352
vt 0.5068359 0.9077148
vt 0.5068359 0.9985352
vt 0.5068359 0.9077148
vt 0.5185547 0.9077148
vt 0.5205078 0.9985352
vt 0.5195313 0.9985352
vt 0.5180664 0.9077148
vt 0.5180664 0.9985352
vt 0.5166016 0.9077148
vt 0.5219727 0.909668
vt 0.5219727 0.9086914
vt 0.5151367 0.9086914
vt 0.5151367 0.909668
vt 0.5087891 0.9985352
vt 0.5083008 0.9077148
vt 0.5068359 0.9077148
vt 0.5068359 0.9985352
vt 0.5219727 0.909668
vt 0.5151367 0.909668
vt 0.5151367 0.9086914
vt 0.5219727 0.9086914
vt 0.5205078 0.9985352
vt 0.5185547 0.9077148
vt 0.5170898 0.9077148
vt 0.519043 0.9985352
vt 0.5068359 0.9985352
vt 0.5083008 0.9077148
vt 0.5087891 0.9985352
vt 0.5068359 0.9077148
vt 0.5068359 0.9985352
vt 0.5068359 0.9077148
vt 0.5185547 0.9077148
vt 0.5205078 0.9985352
vt 0.5195313 0.9985352
vt 0.5180664 0.9077148
vt 0.5180664 0.9985352
vt 0.5166016 0.9077148
vt 0.5219727 0.909668
vt 0.5219727 0.9086914
vt 0.5151367 0.9086914
vt 0.5151367 0.909668
vt 0.5087891 0.9985352
vt 0.5083008 0.9077148
vt 0.5068359 0.9077148
vt 0.5068359 0.9985352
vt 0.5219727 0.909668
vt 0.5151367 0.909668
vt 0.5151367 0.9086914
vt 0.5219727 0.9086914
vt 0.08508301 0.9111328
vt 0.08508301 0.9091797
vt 0.08508301 0.9111328
vt 0.08508301 0.9091797
vt 0.08508301 0.9091797
vt 0.08508301 0.9091797
vt 0.08508301 0.9091797
vt 0.004261017 0.9091797
vt 0.004261017 0.9091797
vt 0.08508301 0.9091797
vt 0.004261017 0.9853516
vt 0.08508301 0.9853516
vt 0.08508301 0.9248047
vt 0.004261017 0.9248047
vt 0.08508301 0.9248047
vt 0.004261017 0.9248047
vt 0.004261017 0.9248047
vt 0.004261017 0.9248047
vt 0.004261017 0.9248047
vt 0.004261017 0.9853516
vt 0.004261017 0.9853516
vt 0.08508301 0.9248047
vt 0.08508301 0.9248047
vt 0.08508301 0.9248047
vt 0.08508301 0.9853516
vt 0.08508301 0.9853516
vt 0.004261017 0.9091797
vt 0.004261017 0.9091797
vt 0.004261017 0.9091797
vt 0.004261017 0.9091797
vt 0.004261017 0.9111328
vt 0.004261017 0.9111328
vt 0.640625 0.9086914
vt 0.6445313 0.9091797
vt 0.6445313 0.9086914
vt 0.640625 0.9086914
vt 0.6337891 0.9086914
vt 0.6337891 0.9086914
vt 0.621582 0.9086914
vt 0.6210938 0.9086914
vt 0.5922852 0.9086914
vt 0.5922852 0.9086914
vt 0.5795898 0.9086914
vt 0.5795898 0.9086914
vt 0.5732422 0.9086914
vt 0.5727539 0.9086914
vt 0.5693359 0.9086914
vt 0.5688477 0.9086914
vt 0.574707 0.9272461
vt 0.5688477 0.9228516
vt 0.5727539 0.9228516
vt 0.578125 0.9267578
vt 0.5893555 0.9291992
vt 0.581543 0.9262695
vt 0.5795898 0.9233398
vt 0.5922852 0.9233398
vt 0.5913086 0.9287109
vt 0.6240234 0.9296875
vt 0.5917969 0.9267578
vt 0.6210938 0.9238281
vt 0.6220703 0.9291992
vt 0.6381836 0.9282227
vt 0.621582 0.9272461
vt 0.6318359 0.9267578
vt 0.6337891 0.9243164
vt 0.640625 0.9243164
vt 0.6352539 0.9277344
vt 0.6445313 0.9243164
vt 0.6401367 0.9086914
vt 0.6445313 0.9086914
vt 0.6445313 0.9091797
vt 0.6401367 0.9091797
vt 0.6254883 0.9086914
vt 0.6254883 0.9091797
vt 0.5883789 0.9086914
vt 0.5883789 0.9091797
vt 0.5732422 0.9086914
vt 0.5737305 0.9091797
vt 0.5688477 0.9086914
vt 0.5693359 0.9086914
vt 0.640625 0.9086914
vt 0.6445313 0.9091797
vt 0.6445313 0.9086914
vt 0.640625 0.9086914
vt 0.6337891 0.9086914
vt 0.6337891 0.9086914
vt 0.621582 0.9086914
vt 0.6210938 0.9086914
vt 0.5922852 0.9086914
vt 0.5922852 0.9086914
vt 0.5795898 0.9086914
vt 0.5795898 0.9086914
vt 0.5732422 0.9086914
vt 0.5727539 0.9086914
vt 0.5693359 0.9086914
vt 0.5688477 0.9086914
vt 0.5688477 0.9086914
vt 0.5737305 0.9091797
vt 0.5693359 0.9086914
vt 0.5732422 0.9086914
vt 0.5883789 0.9091797
vt 0.5883789 0.9086914
vt 0.6254883 0.9091797
vt 0.6254883 0.9086914
vt 0.6401367 0.9091797
vt 0.6401367 0.9086914
vt 0.6445313 0.9091797
vt 0.6445313 0.9086914
vt 0.574707 0.9272461
vt 0.5688477 0.9228516
vt 0.5727539 0.9228516
vt 0.578125 0.9267578
vt 0.5893555 0.9291992
vt 0.581543 0.9262695
vt 0.5795898 0.9233398
vt 0.5922852 0.9233398
vt 0.5913086 0.9287109
vt 0.6240234 0.9296875
vt 0.5917969 0.9267578
vt 0.6210938 0.9238281
vt 0.6220703 0.9291992
vt 0.6381836 0.9282227
vt 0.621582 0.9272461
vt 0.6318359 0.9267578
vt 0.6337891 0.9243164
vt 0.640625 0.9243164
vt 0.6352539 0.9277344
vt 0.6445313 0.9243164
vt 0.5693359 0.9086914
vt 0.5727539 0.9086914
vt 0.5688477 0.9086914
vt 0.5732422 0.9086914
vt 0.5795898 0.9086914
vt 0.5795898 0.9086914
vt 0.5922852 0.9086914
vt 0.5922852 0.9086914
vt 0.6210938 0.9086914
vt 0.621582 0.9086914
vt 0.6337891 0.9086914
vt 0.6337891 0.9086914
vt 0.640625 0.9086914
vt 0.640625 0.9086914
vt 0.6445313 0.9086914
vt 0.6445313 0.9091797
vt 0.6401367 0.9086914
vt 0.6445313 0.9086914
vt 0.6445313 0.9091797
vt 0.6401367 0.9091797
vt 0.6254883 0.9086914
vt 0.6254883 0.9091797
vt 0.5883789 0.9086914
vt 0.5883789 0.9091797
vt 0.5732422 0.9086914
vt 0.5737305 0.9091797
vt 0.5688477 0.9086914
vt 0.5693359 0.9086914
vt 0.574707 0.9272461
vt 0.5688477 0.9228516
vt 0.5727539 0.9228516
vt 0.578125 0.9267578
vt 0.5893555 0.9291992
vt 0.581543 0.9262695
vt 0.5795898 0.9233398
vt 0.5922852 0.9233398
vt 0.5913086 0.9287109
vt 0.6240234 0.9296875
vt 0.5917969 0.9267578
vt 0.6210938 0.9238281
vt 0.6220703 0.9291992
vt 0.6381836 0.9282227
vt 0.621582 0.9272461
vt 0.6318359 0.9267578
vt 0.6337891 0.9243164
vt 0.640625 0.9243164
vt 0.6352539 0.9277344
vt 0.6445313 0.9243164
vt 0.7255859 0.9306641
vt 0.7397461 0.9082031
vt 0.7397461 0.9306641
vt 0.7255859 0.9082031
vt 0.6987305 0.9306641
vt 0.6987305 0.9082031
vt 0.6738281 0.9306641
vt 0.6738281 0.9082031
vt 0.6987305 0.9306641
vt 0.6630859 0.9082031
vt 0.6630859 0.9306641
vt 0.6987305 0.9082031
vt 0.7319336 0.9306641
vt 0.7319336 0.9082031
vt 0.7397461 0.9306641
vt 0.7397461 0.9082031
vt 0.6738281 0.9082031
vt 0.6738281 0.9306641
vt 0.6630859 0.9306641
vt 0.6630859 0.9082031
vt 0.6567383 0.9492188
vt 0.7456055 0.9277344
vt 0.65625 0.9282227
vt 0.7451172 0.9492188
vt 0.6748047 0.9716797
vt 0.7265625 0.9716797
vt 0.7001953 0.9799805
vt 0.8950195 0.7158203
vt 0.9023438 0.6923828
vt 0.9033203 0.7109375
vt 0.8950195 0.6933594
vt 0.8881836 0.7124023
vt 0.9013672 0.6748047
vt 0.8886719 0.6928711
vt 0.8950195 0.6748047
vt 0.9003906 0.6381836
vt 0.8881836 0.6748047
vt 0.8945313 0.6376953
vt 0.8891602 0.6381836
vt 0.9003906 0.6274414
vt 0.8945313 0.6274414
vt 0.8886719 0.6274414
vt 0.9003906 0.6269531
vt 0.8945313 0.6264648
vt 0.9008789 0.6269531
vt 0.8891602 0.6269531
vt 0.9008789 0.6274414
vt 0.8881836 0.6279297
vt 0.8881836 0.6269531
vt 0.9013672 0.6264648
vt 0.887207 0.6274414
vt 0.8876953 0.6269531
vt 0.8789063 0.6269531
vt 0.8779297 0.6274414
vt 0.887207 0.6381836
vt 0.8779297 0.6381836
vt 0.8867188 0.6748047
vt 0.8779297 0.6748047
vt 0.887207 0.6928711
vt 0.8793945 0.6928711
vt 0.8867188 0.7114258
vt 0.8818359 0.7070313
vt 0.9013672 0.6274414
vt 0.9116211 0.6274414
vt 0.9106445 0.6264648
vt 0.9013672 0.6381836
vt 0.9121094 0.6376953
vt 0.9121094 0.6748047
vt 0.9023438 0.6748047
vt 0.9033203 0.6923828
vt 0.9116211 0.6923828
vt 0.9042969 0.7104492
vt 0.9086914 0.7060547
vt 0.918457 0.6245117
vt 0.9379883 0.6245117
vt 0.9375 0.6240234
vt 0.918457 0.6245117
vt 0.9003906 0.6245117
vt 0.9003906 0.6245117
vt 0.8637695 0.6245117
vt 0.8637695 0.6245117
vt 0.8530273 0.6245117
vt 0.8535156 0.6245117
vt 0.8637695 0.6240234
vt 0.8530273 0.6240234
vt 0.8637695 0.6245117
vt 0.9003906 0.6240234
vt 0.9003906 0.6245117
vt 0.918457 0.6240234
vt 0.918457 0.6245117
vt 0.9370117 0.6240234
vt 0.9375 0.6240234
vt 0.9365234 0.6245117
vt 0.9179688 0.6245117
vt 0.9360352 0.6245117
vt 0.9179688 0.6240234
vt 0.9003906 0.6240234
vt 0.9003906 0.6240234
vt 0.8637695 0.6240234
vt 0.8637695 0.6240234
vt 0.8535156 0.6240234
vt 0.8530273 0.6240234
vt 0.8530273 0.6240234
vt 0.8637695 0.6240234
vt 0.8637695 0.6240234
vt 0.9003906 0.6240234
vt 0.9003906 0.6245117
vt 0.9179688 0.6245117
vt 0.9179688 0.6245117
vt 0.9360352 0.6245117
vt 0.9360352 0.6245117
vt 0.6445313 0.9243164
vt 0.6401367 0.9243164
vt 0.637207 0.9277344
vt 0.6381836 0.9282227
vt 0.6254883 0.9238281
vt 0.6240234 0.9296875
vt 0.625 0.9282227
vt 0.5883789 0.9233398
vt 0.5883789 0.9277344
vt 0.5893555 0.9291992
vt 0.5761719 0.9262695
vt 0.5732422 0.9228516
vt 0.574707 0.9272461
vt 0.5688477 0.9228516
vt 0.5688477 0.9228516
vt 0.574707 0.9272461
vt 0.5761719 0.9262695
vt 0.5732422 0.9228516
vt 0.5893555 0.9291992
vt 0.5883789 0.9233398
vt 0.5883789 0.9277344
vt 0.6240234 0.9296875
vt 0.625 0.9282227
vt 0.6254883 0.9238281
vt 0.637207 0.9277344
vt 0.6381836 0.9282227
vt 0.6401367 0.9243164
vt 0.6445313 0.9243164
vt 0.6445313 0.9243164
vt 0.6401367 0.9243164
vt 0.637207 0.9277344
vt 0.6381836 0.9282227
vt 0.6254883 0.9238281
vt 0.6240234 0.9296875
vt 0.625 0.9282227
vt 0.5883789 0.9233398
vt 0.5883789 0.9277344
vt 0.5893555 0.9291992
vt 0.5761719 0.9262695
vt 0.5732422 0.9228516
vt 0.574707 0.9272461
vt 0.5688477 0.9228516
vt 0.6445313 0.9243164
vt 0.6401367 0.9243164
vt 0.637207 0.9277344
vt 0.6381836 0.9282227
vt 0.6254883 0.9238281
vt 0.6240234 0.9296875
vt 0.625 0.9282227
vt 0.5883789 0.9233398
vt 0.5883789 0.9277344
vt 0.5893555 0.9291992
vt 0.5761719 0.9262695
vt 0.5732422 0.9228516
vt 0.574707 0.9272461
vt 0.5688477 0.9228516
vt 0.5688477 0.9228516
vt 0.574707 0.9272461
vt 0.5761719 0.9262695
vt 0.5732422 0.9228516
vt 0.5893555 0.9291992
vt 0.5883789 0.9233398
vt 0.5883789 0.9277344
vt 0.6240234 0.9296875
vt 0.625 0.9282227
vt 0.6254883 0.9238281
vt 0.637207 0.9277344
vt 0.6381836 0.9282227
vt 0.6401367 0.9243164
vt 0.6445313 0.9243164
vt 0.6445313 0.9243164
vt 0.6401367 0.9243164
vt 0.637207 0.9277344
vt 0.6381836 0.9282227
vt 0.6254883 0.9238281
vt 0.6240234 0.9296875
vt 0.625 0.9282227
vt 0.5883789 0.9233398
vt 0.5883789 0.9277344
vt 0.5893555 0.9291992
vt 0.5761719 0.9262695
vt 0.5732422 0.9228516
vt 0.574707 0.9272461
vt 0.5688477 0.9228516
vn -0.02905273 -0.8833008 -0.4682617
vn -0.6367188 -0.3867188 -0.6669922
vn -0.6171875 -0.7861328 -0.02708435
vn 0.4006348 0.6738281 0.6206055
vn 0.4006348 0.6738281 0.6206055
vn 0.4006348 0.6738281 0.6206055
vn 0.4006348 0.6738281 0.6206055
vn 0.8510742 0.007091522 -0.5253906
vn 0.8510742 0.007091522 -0.5253906
vn 0.8510742 0.007091522 -0.5253906
vn 0.8510742 0.007091522 -0.5253906
vn -0.3535156 0.7470703 -0.5629883
vn -0.3535156 0.7470703 -0.5629883
vn -0.3535156 0.7470703 -0.5629883
vn -0.3535156 0.7470703 -0.5629883
vn -0.8349609 0.01947021 0.5498047
vn -0.8349609 0.01947021 0.5498047
vn -0.8349609 0.01947021 0.5498047
vn -0.8349609 0.01947021 0.5498047
vn 0.3632813 -0.7304688 0.578125
vn 0.3632813 -0.7304688 0.578125
vn 0.3632813 -0.7304688 0.578125
vn 0.3632813 -0.7304688 0.578125
vn 0.300293 0.3837891 0.8730469
vn 0.3869629 -0.4262695 0.8178711
vn 0.01171112 0.09576416 0.9951172
vn 0.6318359 -0.2856445 0.7207031
vn 0.4294434 0.4145508 0.8022461
vn 0.5629883 -0.3369141 0.7548828
vn 0.5507813 0.4145508 0.7241211
vn 0.4521484 -0.3369141 0.8256836
vn 0.6694336 0.385498 0.6352539
vn 0.3937988 -0.2841797 0.8740234
vn 0.9013672 0.09735107 0.4223633
vn 0.5839844 -0.4240723 0.6918945
vn 0.5761719 -0.8154297 0.05636597
vn 0.9233398 -0.3183594 -0.21521
vn 0.6152344 -0.3012695 -0.7285156
vn 0.2324219 -0.7861328 -0.5727539
vn -0.338623 -0.3837891 -0.8588867
vn 0.06750488 0.1502686 -0.9863281
vn -0.2700195 0.4057617 -0.8730469
vn -0.6191406 -0.2629395 -0.7402344
vn -0.4294434 0.4147949 -0.8022461
vn -0.5629883 -0.3369141 -0.7548828
vn -0.5507813 0.4147949 -0.7241211
vn -0.4521484 -0.3369141 -0.8256836
vn -0.6811523 0.4033203 -0.6113281
vn -0.4135742 -0.2651367 -0.8710938
vn -0.9233398 0.1464844 -0.3544922
vn -0.6367188 -0.3867188 -0.6669922
vn -0.4150391 -0.8818359 -0.2230225
vn 0.2324219 -0.7861328 -0.5727539
vn -0.0005793571 -0.8891602 0.4575195
vn 0.5761719 -0.8154297 0.05636597
vn -0.4521484 -0.3369141 -0.8256836
vn -0.3569336 -0.9013672 -0.2445068
vn -0.07385254 -0.9013672 -0.4262695
vn -0.4135742 -0.2651367 -0.8710938
vn 0.1279297 -0.8071289 -0.5766602
vn -0.6367188 -0.3867188 -0.6669922
vn -0.02905273 -0.8833008 -0.4682617
vn 0.5751953 -0.8095703 0.1157227
vn 0.3569336 -0.9013672 0.2445068
vn 0.4143066 -0.8901367 0.1889648
vn -0.1907959 -0.8144531 0.5478516
vn -0.6171875 -0.7861328 -0.02708435
vn 0.3869629 -0.4262695 0.8178711
vn 0.6318359 -0.2856445 0.7207031
vn 0.5629883 -0.3369141 0.7548828
vn 0.07385254 -0.9013672 0.4262695
vn 0.3569336 -0.9013672 0.2445068
vn -0.3569336 -0.9013672 -0.2445068
vn -0.07385254 -0.9013672 -0.4262695
vn 0.07385254 -0.9013672 0.4262695
vn -0.5776367 -0.8066406 -0.1242676
vn -0.5629883 -0.3369141 -0.7548828
vn -0.6191406 -0.2629395 -0.7402344
vn -0.4150391 -0.8818359 -0.2230225
vn -0.338623 -0.3837891 -0.8588867
vn -0.0005793571 -0.8891602 0.4575195
vn -0.1337891 -0.8095703 0.5717773
vn 0.5839844 -0.4240723 0.6918945
vn 0.3937988 -0.2841797 0.8740234
vn 0.4521484 -0.3369141 0.8256836
vn -0.4946289 0.809082 0.317627
vn 0 1 0
vn 0.2000732 0.9287109 0.3115234
vn -0.2592773 0.7514648 0.6064453
vn -0.800293 0.309082 0.5136719
vn -0.5449219 0.2890625 0.7871094
vn -0.8413086 0 0.5405273
vn -0.5732422 -0.002727509 0.8193359
vn 0 1 0
vn 0.4946289 0.809082 -0.317627
vn 0.659668 0.7514648 0.01661682
vn 0.2000732 0.9287109 0.3115234
vn 0.800293 0.309082 -0.5136719
vn 0.8413086 0 -0.5405273
vn 0.9833984 -0.002738953 -0.1800537
vn 0.9423828 0.2890625 -0.1680908
vn 0.4946289 0.809082 -0.317627
vn 0.659668 0.7514648 0.01661682
vn 0.4348145 0.1126099 0.8935547
vn -0.2037354 -9.524822E-05 0.9790039
vn -0.1398926 -0.2258301 0.9638672
vn 0.286377 -0.09838867 0.953125
vn 0.06951904 -0.5678711 0.8203125
vn 0.3669434 -0.2539063 0.8950195
vn 0.3930664 -0.6860352 0.6123047
vn 0.5151367 -0.302002 0.8022461
vn 0.7167969 -0.5678711 0.4042969
vn 0.6611328 -0.2539063 0.7060547
vn 0.9350586 -0.2258301 0.2739258
vn 0.7475586 -0.09838867 0.6567383
vn 0.9750977 -9.560585E-05 0.222168
vn 0.6318359 0.1126099 0.7670898
vn 0.3547363 0.7543945 0.5527344
vn 0.3547363 0.7543945 0.5527344
vn 0.8339844 0.1304932 0.5356445
vn 0.7001953 0.347168 0.6235352
vn 0.4880371 0.4291992 0.7597656
vn 0.2758789 0.347168 0.8964844
vn 0.8242188 -0.002670288 0.5664063
vn 0.1401367 0.1304932 0.9814453
vn 0.659668 0.7514648 0.01661682
vn 0.2000732 0.9287109 0.3115234
vn 0.9423828 0.2890625 -0.1680908
vn -0.2592773 0.7514648 0.6064453
vn 0.9833984 -0.002738953 -0.1800537
vn 0.8183594 -0.007896423 0.5742188
vn 0.1817627 -0.007858276 0.9833984
vn -0.5449219 0.2890625 0.7871094
vn 0.1719971 -0.002656937 0.9848633
vn -0.5732422 -0.002727509 0.8193359
vn 0.8413086 0 -0.5405273
vn 0.984375 0 -0.1772461
vn 0.9213867 0.3415527 -0.1856689
vn 0.7773438 0.3825684 -0.4992676
vn -0.7773438 0.3825684 0.4992676
vn -0.5708008 0 0.8212891
vn -0.8413086 0 0.5405273
vn -0.5522461 0.3415527 0.7607422
vn 0.1772461 0 0.984375
vn 0.1856689 0.3415527 0.9213867
vn 0.7607422 0.3415527 0.5522461
vn 0.8212891 0 0.5708008
vn 0.984375 0 -0.1772461
vn 0.9213867 0.3415527 -0.1856689
vn 0.4719238 0.8754883 0.1028442
vn 0.9213867 0.3415527 -0.1856689
vn 0.7607422 0.3415527 0.5522461
vn 0.1856689 0.3415527 0.9213867
vn -0.1028442 0.8754883 0.4719238
vn -0.5522461 0.3415527 0.7607422
vn -0.7773438 0.3825684 0.4992676
vn -0.3220215 0.9238281 0.2067871
vn 0.3220215 0.9238281 -0.2067871
vn -0.1028442 0.8754883 0.4719238
vn 0.4719238 0.8754883 0.1028442
vn 0.9213867 0.3415527 -0.1856689
vn 0.7773438 0.3825684 -0.4992676
vn -0.5708008 0 0.8212891
vn -0.984375 0 0.1772461
vn -0.984375 0 0.1772461
vn -0.5708008 0 0.8212891
vn 0.1772461 0 0.984375
vn 0.1772461 0 0.984375
vn -0.5405273 0 -0.8413086
vn -0.5405273 0 -0.8413086
vn -0.8212891 0 -0.5708008
vn -0.8212891 0 -0.5708008
vn -0.984375 0 0.1772461
vn -0.984375 0 0.1772461
vn -0.8212891 0 -0.5708008
vn -0.8212891 0 -0.5708008
vn 0.5405273 0 0.8413086
vn 0.1772461 0 0.984375
vn 0.1772461 0 0.984375
vn 0.5405273 0 0.8413086
vn 0.0005588531 1 -0.0003597736
vn 0.0005588531 1 -0.0003597736
vn -0.2663574 0.9487305 0.1710205
vn -0.2663574 0.9487305 0.1710205
vn -0.2668457 -0.9482422 0.1713867
vn -0.2668457 -0.9482422 0.1713867
vn -0.7529297 -0.4465332 0.4833984
vn -0.7529297 -0.4465332 0.4833984
vn -0.7529297 0.4465332 0.4833984
vn -0.7529297 0.4465332 0.4833984
vn -0.2663574 0.9487305 0.1710205
vn -0.2663574 0.9487305 0.1710205
vn -0.0005588531 -1 0.0003585815
vn -0.2668457 -0.9482422 0.1713867
vn -0.2668457 -0.9482422 0.1713867
vn -0.0005588531 -1 0.0003585815
vn -0.5708008 0 0.8212891
vn -0.984375 0 0.1772461
vn -0.984375 0 0.1772461
vn -0.5708008 0 0.8212891
vn 0.1772461 0 0.984375
vn 0.1772461 0 0.984375
vn 0.8212891 0 0.5708008
vn 0.8212891 0 0.5708008
vn 0.9770508 0 0.2128906
vn 0.9770508 0 0.2128906
vn -0.984375 0 0.1772461
vn -0.984375 0 0.1772461
vn -0.9770508 0 -0.2128906
vn -0.9770508 0 -0.2128906
vn -0.984375 0 0.1772461
vn -0.984375 0 0.1772461
vn -0.8212891 0 -0.5708008
vn -0.8212891 0 -0.5708008
vn 0.5405273 0 0.8413086
vn 0.1772461 0 0.984375
vn 0.1772461 0 0.984375
vn 0.5405273 0 0.8413086
vn 0.1772461 0 0.984375
vn 0.1772461 0 0.984375
vn -0.5708008 0 0.8212891
vn -0.5708008 0 0.8212891
vn -0.984375 0 0.1772461
vn -0.984375 0 0.1772461
vn -0.5405273 0 -0.8413086
vn -0.5405273 0 -0.8413086
vn -0.8212891 0 -0.5708008
vn -0.8212891 0 -0.5708008
vn 0.5405273 0 0.8413086
vn 0.1772461 0 0.984375
vn 0.1856689 0.3415527 0.9213867
vn 0.4992676 0.3825684 0.7773438
vn 0.2064209 0.9243164 0.3215332
vn -0.1040649 0.8754883 0.4716797
vn -0.2071533 0.9238281 -0.3225098
vn 0.2064209 0.9243164 0.3215332
vn -0.1040649 0.8754883 0.4716797
vn -0.4719238 0.8754883 -0.104126
vn 0.7060547 -0.3913574 0.5898438
vn 0.2426758 -0.3913574 0.8876953
vn 0.246582 0.3540039 0.9023438
vn 0.7177734 0.3540039 0.5996094
vn -0.7075195 -0.3937988 -0.5869141
vn -0.2392578 -0.3937988 -0.8876953
vn -0.2432861 0.3566895 -0.9018555
vn -0.71875 0.3566895 -0.5966797
vn 0.420166 0.8964844 0.1417236
vn 0.7177734 0.3540039 0.5996094
vn 0.246582 0.3540039 0.9023438
vn -0.04595947 0.8964844 0.4411621
vn 0.03955078 -0.9189453 -0.3925781
vn -0.3735352 -0.9189453 -0.1274414
vn -0.03756714 -0.9179688 0.3952637
vn 0.375 -0.9179688 0.130249
vn 0.7060547 -0.3913574 0.5898438
vn 0.2426758 -0.3913574 0.8876953
vn 0.8964844 -0.4277344 -0.1171265
vn 0.7177734 0.3540039 0.5996094
vn -0.4794922 -0.4277344 0.7661133
vn -0.3735352 -0.9189453 -0.1274414
vn 0.4819336 -0.4279785 -0.7646484
vn 0.03955078 -0.9189453 -0.3925781
vn 0.9106445 0.3952637 -0.1201172
vn 0.420166 0.8964844 0.1417236
vn -0.4880371 0.3952637 0.7783203
vn 0.246582 0.3540039 0.9023438
vn -0.04595947 0.8964844 0.4411621
vn -0.9101563 0.395752 0.1231079
vn -0.8955078 -0.4279785 0.1200562
vn -0.7075195 -0.3937988 -0.5869141
vn -0.2392578 -0.3937988 -0.8876953
vn -0.71875 0.3566895 -0.5966797
vn -0.4189453 0.8974609 -0.138916
vn -0.2432861 0.3566895 -0.9018555
vn 0.4907227 0.395752 -0.7763672
vn 0.04797363 0.8974609 -0.4387207
vn -0.001461029 1 0.0009379387
vn -0.001461029 1 0.0009379387
vn -0.001461029 1 0.0009379387
vn -0.001461029 1 0.0009379387
vn 0.5390625 -0.01125336 0.8422852
vn 0.5390625 -0.01125336 0.8422852
vn 0.5390625 -0.01125336 0.8422852
vn 0.5390625 -0.01125336 0.8422852
vn -0.001461029 -1 0.0009393692
vn -0.001461029 -1 0.0009393692
vn -0.001461029 -1 0.0009393692
vn -0.001461029 -1 0.0009393692
vn 0 1 0
vn 0 1 0
vn 0 1 0
vn 0 1 0
vn 0.8413086 0 -0.5405273
vn 0.8413086 0 -0.5405273
vn 0.8413086 0 -0.5405273
vn 0.8413086 0 -0.5405273
vn 0.5405273 -0.001514435 0.8413086
vn 0.5405273 -0.001514435 0.8413086
vn 0.5405273 -0.001514435 0.8413086
vn 0.5405273 -0.001514435 0.8413086
vn 0 -1 0
vn 0 -1 0
vn 0 -1 0
vn 0 -1 0
vn 0.9990234 0 -0.04721069
vn 0.9990234 0 -0.04721069
vn 0.9990234 0 -0.04721069
vn 0.9990234 0 -0.04721069
vn 0.5405273 0 0.8413086
vn 0.5405273 0 0.8413086
vn 0.5405273 0 0.8413086
vn 0.5405273 0 0.8413086
vn -0.4584961 0 0.8886719
vn -0.4584961 0 0.8886719
vn -0.4584961 0 0.8886719
vn -0.4584961 0 0.8886719
vn -0.9990234 0 0.04721069
vn -0.9990234 0 0.04721069
vn -0.9990234 0 0.04721069
vn -0.9990234 0 0.04721069
vn -0.5405273 0 -0.8413086
vn -0.5405273 0 -0.8413086
vn -0.5405273 0 -0.8413086
vn -0.5405273 0 -0.8413086
vn 0.4584961 0 -0.8886719
vn 0.4584961 0 -0.8886719
vn 0.4584961 0 -0.8886719
vn 0.4584961 0 -0.8886719
vn 0.9990234 0 -0.04724121
vn 0.9990234 0 -0.04724121
vn 0.9990234 0 -0.04724121
vn 0.9990234 0 -0.04724121
vn 0.5405273 0 0.8413086
vn 0.5405273 0 0.8413086
vn 0.5405273 0 0.8413086
vn 0.5405273 0 0.8413086
vn -0.4584961 0 0.8886719
vn -0.4584961 0 0.8886719
vn -0.4584961 0 0.8886719
vn -0.4584961 0 0.8886719
vn -0.9990234 0 0.04721069
vn -0.9990234 0 0.04721069
vn -0.9990234 0 0.04721069
vn -0.9990234 0 0.04721069
vn -0.5405273 0 -0.8413086
vn -0.5405273 0 -0.8413086
vn -0.5405273 0 -0.8413086
vn -0.5405273 0 -0.8413086
vn 0.4584961 0 -0.8886719
vn 0.4584961 0 -0.8886719
vn 0.4584961 0 -0.8886719
vn 0.4584961 0 -0.8886719
vn 0.5405273 0 0.8413086
vn 0.1856689 0.3415527 0.9213867
vn 0.4992676 0.3825684 0.7773438
vn 0.4411621 0.1100464 0.890625
vn 0.5405273 0 0.8413086
vn 0.5405273 0 0.8413086
vn 0.1856689 0.3415527 0.9213867
vn 0.1772461 0 0.984375
vn -0.6264648 0.1100464 -0.7719727
vn -0.7607422 0.3415527 -0.5522461
vn -0.8212891 0 -0.5708008
vn -0.5405273 0 -0.8413086
vn -0.5405273 0 -0.8413086
vn -0.5405273 0 -0.8413086
vn -0.4992676 0.3825684 -0.7773438
vn -0.7607422 0.3415527 -0.5522461
vn -0.9941406 0 0.1101685
vn -0.6264648 0.1100464 -0.7719727
vn -0.7607422 0.3415527 -0.5522461
vn -0.9213867 0.3415527 0.1856689
vn -0.5136719 0 0.8579102
vn -0.5522461 0.3415527 0.7607422
vn 0.4411621 0.1100464 0.890625
vn 0.1856689 0.3415527 0.9213867
vn 0.2067871 0.9238281 0.3220215
vn 0.4992676 0.3825684 0.7773438
vn 0.1856689 0.3415527 0.9213867
vn -0.1028442 0.8754883 0.4719238
vn -0.5522461 0.3415527 0.7607422
vn -0.9213867 0.3415527 0.1856689
vn -0.4719238 0.8754883 -0.1028442
vn -0.2067871 0.9238281 -0.3220215
vn -0.7607422 0.3415527 -0.5522461
vn -0.4992676 0.3825684 -0.7773438
vn -0.5522461 0.3415527 0.7607422
vn 0.1856689 0.3415527 0.9213867
vn 0.1772461 0 0.984375
vn -0.5708008 0 0.8212891
vn -0.9213867 0.3415527 0.1856689
vn -0.984375 0 0.1772461
vn -0.7607422 0.3415527 -0.5522461
vn -0.8212891 0 -0.5708008
vn 0.2401123 0.8959961 0.3740234
vn 0.4411621 0.1100464 0.890625
vn 0.1856689 0.3415527 0.9213867
vn -0.1028442 0.8754883 0.4719238
vn -0.5522461 0.3415527 0.7607422
vn -0.9213867 0.3415527 0.1856689
vn -0.4719238 0.8754883 -0.1028442
vn -0.2401123 0.8959961 -0.3737793
vn -0.7607422 0.3415527 -0.5522461
vn -0.6264648 0.1100464 -0.7719727
vn -0.4733887 -0.4912109 -0.730957
vn -0.7807617 -0.4458008 -0.4375
vn -0.8266602 -0.1123657 -0.5512695
vn -0.5395508 -0.1225586 -0.8330078
vn -0.8227539 -0.003778458 -0.5683594
vn -0.543457 -0.004085541 -0.8393555
vn -0.9838867 -0.001570702 0.1794434
vn -0.8266602 -0.1123657 -0.5512695
vn -0.9765625 -0.04388428 0.2106934
vn -0.5673828 0.002252579 0.8232422
vn -0.7807617 -0.4458008 -0.4375
vn -0.5478516 0.05426025 0.8349609
vn 0.1809082 0.005439758 0.9833984
vn 0.1856689 0.1237793 0.9746094
vn -0.9458008 -0.1553955 0.2849121
vn -0.5966797 -0.7871094 -0.1550293
vn -0.559082 0.2128906 0.8012695
vn 0.1274414 0.4645996 0.8764648
vn -0.8823242 -0.2753906 0.3818359
vn -0.3498535 -0.9091797 0.2264404
vn -0.644043 0.3686523 0.6704102
vn -0.05743408 0.8046875 0.5908203
vn -0.7958984 -0.3181152 0.5151367
vn -0.1028442 -0.7871094 0.6079102
vn -0.7597656 0.4257813 0.4916992
vn -0.3100586 0.9291992 0.2006836
vn -0.7094727 -0.2753906 0.6489258
vn 0.07946777 -0.4458008 0.8916016
vn -0.8754883 0.3686523 0.3129883
vn -0.5625 0.8046875 -0.1894531
vn -0.6469727 -0.1553955 0.746582
vn 0.1647949 -0.1123657 0.9799805
vn -0.9599609 0.2128906 0.182251
vn -0.7475586 0.4645996 -0.4748535
vn -0.5917969 -0.04388428 0.8046875
vn 0.1820068 -0.00377655 0.9833984
vn -0.5664063 -0.001569748 0.8242188
vn -0.9858398 0.05426025 0.1582031
vn -0.8134766 0.1237793 -0.5683594
vn -0.9833984 0.002252579 0.1807861
vn -0.8232422 0.005435944 -0.5673828
vn 0.543457 -0.004085541 0.8393555
vn 0.1820068 -0.00377655 0.9833984
vn 0.1647949 -0.1123657 0.9799805
vn 0.5395508 -0.1225586 0.8330078
vn 0.07946777 -0.4458008 0.8916016
vn 0.4733887 -0.4912109 0.730957
vn -0.1028442 -0.7871094 0.6079102
vn 0.2717285 -0.8662109 0.4196777
vn -0.3498535 -0.9091797 0.2264404
vn 0 -1 0
vn -0.5966797 -0.7871094 -0.1550293
vn -0.2717285 -0.8662109 -0.4196777
vn -0.7807617 -0.4458008 -0.4375
vn -0.4733887 -0.4912109 -0.730957
vn 0.4707031 0.5 0.7270508
vn 0.1856689 0.1237793 0.9746094
vn 0.1274414 0.4645996 0.8764648
vn 0.5385742 0.1334229 0.8320313
vn 0.1809082 0.005439758 0.9833984
vn 0.543457 0.005886078 0.8393555
vn -0.543457 0.005886078 -0.8393555
vn -0.5385742 0.1334229 -0.8320313
vn -0.8134766 0.1237793 -0.5683594
vn -0.8232422 0.005435944 -0.5673828
vn -0.5385742 0.1334229 -0.8320313
vn -0.7475586 0.4645996 -0.4748535
vn -0.8134766 0.1237793 -0.5683594
vn -0.4707031 0.5 -0.7270508
vn -0.5625 0.8046875 -0.1894531
vn -0.2717285 0.8662109 -0.4196777
vn -0.3100586 0.9291992 0.2006836
vn 0 1 0
vn -0.05743408 0.8046875 0.5908203
vn 0.2717285 0.8662109 0.4196777
vn 0.1274414 0.4645996 0.8764648
vn 0.4707031 0.5 0.7270508
vn -0.2692871 0.8662109 -0.4211426
vn 0 1 0
vn -0.3110352 0.9291992 0.1989746
vn -0.5615234 0.8046875 -0.1925049
vn -0.4665527 0.5 -0.7294922
vn -0.7446289 0.4645996 -0.4790039
vn -0.5385742 0 -0.8422852
vn -0.8120117 0 -0.5839844
vn -0.4665527 -0.5 -0.7294922
vn -0.7446289 -0.4645996 -0.4790039
vn -0.2692871 -0.8662109 -0.4211426
vn -0.5615234 -0.8046875 -0.1925049
vn 0 -1 0
vn -0.3110352 -0.9291992 0.1989746
vn 0.2692871 -0.8662109 0.4211426
vn 0 -1 0
vn -0.3110352 -0.9291992 0.1989746
vn -0.06072998 -0.8046875 0.590332
vn 0.4665527 -0.5 0.7294922
vn 0.1225586 -0.4645996 0.8769531
vn 0.5385742 0 0.8422852
vn 0.1895752 0 0.9819336
vn 0.4665527 0.5 0.7294922
vn 0.1225586 0.4645996 0.8769531
vn 0.2692871 0.8662109 0.4211426
vn -0.06072998 0.8046875 0.590332
vn 0 1 0
vn -0.3110352 0.9291992 0.1989746
vn 0.8422852 0 -0.5385742
vn 0.8422852 0 -0.5385742
vn 0.8422852 0 -0.5385742
vn 0.8422852 0 -0.5385742
vn 0.8422852 0 -0.5385742
vn 0.8422852 0 -0.5385742
vn 0.8422852 0 -0.5385742
vn 0.8422852 0 -0.5385742
vn 0.8422852 0 -0.5385742
vn 0.8422852 0 -0.5385742
vn 0.8422852 0 -0.5385742
vn 0.8422852 0 -0.5385742
vn -0.3503418 -0.9091797 0.2241211
vn 0 -1 0
vn 0.2692871 -0.8662109 0.4211426
vn -0.1054077 -0.7875977 0.6069336
vn 0.4665527 -0.5 0.7294922
vn 0.07391357 -0.4545898 0.8876953
vn 0.5385742 0 0.8422852
vn 0.1395264 0 0.9902344
vn 0.4665527 0.5 0.7294922
vn 0.07391357 0.4545898 0.8876953
vn 0.2692871 0.8662109 0.4211426
vn -0.1054077 0.7875977 0.6069336
vn 0 1 0
vn -0.3503418 0.9091797 0.2241211
vn -0.3503418 0.9091797 0.2241211
vn 0 1 0
vn -0.2692871 0.8662109 -0.4211426
vn -0.5952148 0.7875977 -0.1589355
vn -0.4665527 0.5 -0.7294922
vn -0.7749023 0.4545898 -0.4394531
vn -0.5385742 0 -0.8422852
vn -0.840332 0 -0.5419922
vn -0.4665527 -0.5 -0.7294922
vn -0.7749023 -0.4545898 -0.4394531
vn -0.2692871 -0.8662109 -0.4211426
vn -0.5952148 -0.7875977 -0.1589355
vn 0 -1 0
vn -0.3503418 -0.9091797 0.2241211
vn -0.8422852 0 0.5385742
vn -0.8422852 0 0.5385742
vn -0.8422852 0 0.5385742
vn -0.8422852 0 0.5385742
vn -0.8422852 0 0.5385742
vn -0.8422852 0 0.5385742
vn -0.8422852 0 0.5385742
vn -0.8422852 0 0.5385742
vn -0.8422852 0 0.5385742
vn -0.8422852 0 0.5385742
vn -0.8422852 0 0.5385742
vn -0.8422852 0 0.5385742
vn -0.06072998 0.8046875 0.590332
vn -0.762207 0.4257813 0.4875488
vn -0.3110352 0.9291992 0.1989746
vn -0.6474609 0.3686523 0.6669922
vn 0.1225586 0.4645996 0.8769531
vn -0.5634766 0.2128906 0.7983398
vn 0.1895752 0 0.9819336
vn -0.5327148 0 0.8461914
vn 0.1225586 -0.4645996 0.8769531
vn -0.5634766 -0.2128906 0.7983398
vn -0.06072998 -0.8046875 0.590332
vn -0.6474609 -0.3686523 0.6669922
vn -0.3110352 -0.9291992 0.1989746
vn -0.762207 -0.4257813 0.4875488
vn -0.5615234 -0.8046875 -0.1925049
vn -0.762207 -0.4257813 0.4875488
vn -0.3110352 -0.9291992 0.1989746
vn -0.8769531 -0.3686523 0.3081055
vn -0.7446289 -0.4645996 -0.4790039
vn -0.9609375 -0.2128906 0.1768799
vn -0.8120117 0 -0.5839844
vn -0.9916992 0 0.1289063
vn -0.7446289 0.4645996 -0.4790039
vn -0.9609375 0.2128906 0.1768799
vn -0.5615234 0.8046875 -0.1925049
vn -0.8769531 0.3686523 0.3081055
vn -0.3110352 0.9291992 0.1989746
vn -0.762207 0.4257813 0.4875488
vn -0.7128906 0.2758789 0.6450195
vn -0.6499023 0.1593018 0.7431641
vn -0.6269531 0 0.7792969
vn -0.6499023 -0.1593018 0.7431641
vn -0.7128906 -0.2758789 0.6450195
vn -0.7983398 0.3186035 0.5107422
vn -0.7983398 -0.3186035 0.5107422
vn -0.6474609 0.3686523 0.6669922
vn -0.8842773 -0.2758789 0.3764648
vn -0.3503418 -0.9091797 0.2241211
vn -0.5634766 0.2128906 0.7983398
vn -0.5952148 -0.7875977 -0.1589355
vn -0.9472656 -0.1593018 0.2783203
vn -0.5327148 0 0.8461914
vn -0.7749023 -0.4545898 -0.4394531
vn -0.9702148 0 0.2421875
vn -0.5634766 -0.2128906 0.7983398
vn -0.840332 0 -0.5419922
vn -0.9472656 0.1593018 0.2783203
vn -0.6474609 -0.3686523 0.6669922
vn -0.7749023 0.4545898 -0.4394531
vn -0.8842773 0.2758789 0.3764648
vn -0.5952148 0.7875977 -0.1589355
vn -0.3503418 0.9091797 0.2241211
vn -0.7128906 0.2758789 0.6450195
vn -0.3503418 0.9091797 0.2241211
vn -0.7983398 0.3186035 0.5107422
vn -0.1054077 0.7875977 0.6069336
vn -0.6499023 0.1593018 0.7431641
vn 0.07391357 0.4545898 0.8876953
vn -0.6269531 0 0.7792969
vn 0.1395264 0 0.9902344
vn -0.6499023 -0.1593018 0.7431641
vn 0.07391357 -0.4545898 0.8876953
vn -0.7128906 -0.2758789 0.6450195
vn -0.1054077 -0.7875977 0.6069336
vn -0.7983398 -0.3186035 0.5107422
vn -0.3503418 -0.9091797 0.2241211
vn -0.7299805 0.432373 -0.5297852
vn -0.5400391 0 -0.8417969
vn -0.5400391 0 -0.8417969
vn -0.8208008 0 -0.5712891
vn -0.8842773 0.432373 0.1760254
vn -0.984375 0 0.1759033
vn -0.5297852 0.432373 0.7294922
vn -0.5717773 0 0.8203125
vn 0.1763916 0 0.984375
vn 0.5400391 0 0.8417969
vn 0.5400391 0 0.8417969
vn 0.1765137 0.432373 0.8842773
vn -0.5717773 0 0.8203125
vn -0.5297852 0.432373 0.7294922
vn -0.07745361 0.9321289 0.3537598
vn -0.3540039 0.9321289 -0.07751465
vn -0.1483154 0.9614258 -0.2312012
vn 0.1480713 0.9614258 0.230957
vn -0.3540039 0.9321289 -0.07751465
vn -0.8842773 0.432373 0.1760254
vn -0.7299805 0.432373 -0.5297852
vn -0.1483154 0.9614258 -0.2312012
vn -0.2849121 0.8491211 -0.4443359
vn -0.3540039 0.9321289 -0.07751465
vn -0.5297852 0.432373 0.7294922
vn -0.8842773 0.432373 0.1760254
vn -0.07745361 0.9321289 0.3537598
vn 0.1765137 0.432373 0.8842773
vn 0.2849121 0.8491211 0.4443359
vn 0.1480713 0.9614258 0.230957
vn -0.2902832 0.8422852 -0.4538574
vn -4.345179E-05 1 -6.80089E-05
vn -0.309082 0.9301758 0.1976318
vn -0.5737305 0.7871094 -0.2254639
vn -0.4780273 0.4616699 -0.7470703
vn -0.7426758 0.4350586 -0.5087891
vn -0.5351563 0.1165771 -0.8364258
vn -0.7983398 0.1069336 -0.5927734
vn -0.5390625 0 -0.8422852
vn -0.8081055 0 -0.5893555
vn -0.3552246 -0.9067383 0.2269287
vn 7.730722E-05 -1 0.0001199245
vn 0.3024902 -0.8276367 0.4726563
vn -0.05474854 -0.7529297 0.6557617
vn 0.4807129 -0.4528809 0.7509766
vn 0.1448975 -0.4140625 0.8984375
vn 0.5351563 -0.1222534 0.8359375
vn 0.2148438 -0.1176147 0.9697266
vn 0.2255859 0 0.9741211
vn 0.5390625 0 0.8422852
vn -4.345179E-05 1 -6.80089E-05
vn -0.03591919 0.7875977 0.6152344
vn -0.309082 0.9301758 0.1976318
vn 0.2902832 0.8427734 0.4536133
vn 0.1505127 0.4353027 0.8876953
vn 0.4780273 0.4616699 0.7470703
vn 0.2034912 0.1069946 0.9731445
vn 0.5351563 0.1165771 0.8364258
vn 0.1960449 0 0.9804688
vn 0.5390625 0 0.8422852
vn -0.03591919 0.7875977 0.6152344
vn -0.7602539 0.4313965 0.4858398
vn -0.309082 0.9301758 0.1976318
vn -0.628418 0.364502 0.6870117
vn 0.1505127 0.4353027 0.8876953
vn -0.5395508 0.2010498 0.8173828
vn 0.2034912 0.1069946 0.9731445
vn -0.5322266 0.05264282 0.8452148
vn -0.5546875 0 0.8320313
vn 0.1960449 0 0.9804688
vn -0.7900391 -0.1176147 -0.6015625
vn -0.7900391 0 -0.6132813
vn -0.5390625 0 -0.8422852
vn -0.5351563 -0.1222534 -0.8359375
vn -0.4807129 -0.4528809 -0.7509766
vn -0.7553711 -0.4138184 -0.5083008
vn -0.3022461 -0.828125 -0.4724121
vn -0.6186523 -0.7524414 -0.2255859
vn 7.730722E-05 -1 0.0001199245
vn -0.3552246 -0.9067383 0.2269287
vn -0.5551758 -0.04705811 0.8300781
vn -0.5292969 0 0.8486328
vn -0.987793 0 0.1550293
vn -0.9902344 0.05255127 0.1291504
vn -0.8081055 0 -0.5893555
vn -0.7983398 0.1069336 -0.5927734
vn -0.7426758 0.4350586 -0.5087891
vn -0.9682617 0.2006836 0.1474609
vn -0.6083984 -0.1702881 0.7749023
vn -0.5737305 0.7871094 -0.2254639
vn -0.8876953 0.3642578 0.2822266
vn -0.309082 0.9301758 0.1976318
vn -0.699707 -0.2729492 0.6601563
vn -0.7602539 0.4313965 0.4858398
vn -0.8022461 -0.3066406 0.5126953
vn -0.628418 0.364502 0.6870117
vn -0.8930664 -0.2724609 0.3579102
vn -0.3552246 -0.9067383 0.2269287
vn -0.5395508 0.2010498 0.8173828
vn -0.6186523 -0.7524414 -0.2255859
vn -0.9589844 -0.1696777 0.2277832
vn -0.7553711 -0.4138184 -0.5083008
vn -0.5322266 0.05264282 0.8452148
vn -0.9863281 -0.04690552 0.1566162
vn -0.7900391 -0.1176147 -0.6015625
vn -0.7900391 0 -0.6132813
vn -0.9921875 0 0.1252441
vn -0.5546875 0 0.8320313
vn 0.2148438 -0.1176147 0.9697266
vn 0.2255859 0 0.9741211
vn -0.5292969 0 0.8486328
vn -0.5551758 -0.04705811 0.8300781
vn -0.6083984 -0.1702881 0.7749023
vn 0.1448975 -0.4140625 0.8984375
vn -0.699707 -0.2729492 0.6601563
vn -0.05474854 -0.7529297 0.6557617
vn -0.8022461 -0.3066406 0.5126953
vn -0.3552246 -0.9067383 0.2269287
vn 0.8212891 2.026558E-05 0.5708008
vn 0.1772461 2.026558E-05 0.984375
vn 0.1772461 2.026558E-05 0.984375
vn 0.8212891 2.026558E-05 0.5708008
vn 0.9770508 3.737211E-05 0.2128906
vn 0.9770508 3.737211E-05 0.2128906
vn 0 1 0
vn 0 1 0
vn 0 1 0
vn 0 1 0
vn 0 1 0
vn 0 1 0
vn 0 1 0
vn 0 1 0
vn 0.1712646 0.456543 0.8730469
vn 0.1772461 0 0.984375
vn 0.8212891 0 0.5708008
vn 0.7226563 0.456543 0.519043
vn 0.04238892 0.9628906 0.2658691
vn 0.223999 0.9628906 0.1491699
vn 0.2658691 0.9628906 -0.04238892
vn 0.8730469 0.456543 -0.1712646
vn 0.984375 0 -0.1772461
vn 0.5708008 0 -0.8212891
vn 0.519043 0.456543 -0.7226563
vn 0.1491699 0.9628906 -0.223999
vn -0.1712646 0.456543 -0.8730469
vn -0.1772461 0 -0.984375
vn -0.04238892 0.9628906 -0.2658691
vn -0.1712646 0.456543 -0.8730469
vn -0.1772461 0 -0.984375
vn -0.8212891 0 -0.5708008
vn -0.7226563 0.456543 -0.519043
vn -0.04238892 0.9628906 -0.2658691
vn -0.223999 0.9628906 -0.1491699
vn -0.8730469 0.456543 0.1712646
vn -0.984375 0 0.1772461
vn -0.2658691 0.9628906 0.04238892
vn -0.5708008 0 0.8212891
vn -0.519043 0.456543 0.7226563
vn -0.1491699 0.9628906 0.223999
vn 0.1712646 0.456543 0.8730469
vn 0.1772461 0 0.984375
vn 0.04238892 0.9628906 0.2658691
vn -0.284668 0.9194336 -0.2709961
vn -0.8925781 0.4301758 0.1357422
vn -0.4807129 0.8325195 -0.2763672
vn -0.371582 0.9194336 0.1279297
vn -0.2709961 0.9194336 0.284668
vn -0.494873 0.4301758 0.7548828
vn 0.1279297 0.9194336 0.371582
vn 0.1357422 0.4301758 0.8925781
vn 0.1772461 -9.918213E-05 0.984375
vn -0.5708008 -9.936094E-05 0.8212891
vn -0.984375 -9.959936E-05 0.1772461
vn -0.9770508 -0.000184536 -0.2128906
vn -0.9770508 -0.000184536 -0.2128906
vn -0.984375 2.044439E-05 0.177124
vn -0.9770508 3.761053E-05 -0.2128906
vn -0.9770508 3.761053E-05 -0.2128906
vn -0.984375 2.044439E-05 0.1772461
vn -0.5708008 2.032518E-05 0.8212891
vn -0.5708008 2.032518E-05 0.8212891
vn 0.1772461 2.026558E-05 0.984375
vn 0.1772461 2.026558E-05 0.984375
vn 0 -1 0
vn 0 -1 0
vn 0 -1 0
vn 0 -1 0
vn 0 -1 0
vn 0 -1 0
vn 0 -1 0
vn 0 -1 0
vn 0 -1 0
vn 0 -1 0
vn 0 -1 0
vn 0 -1 0
vn -0.284668 0.9194336 -0.2709961
vn -0.4807129 0.8325195 -0.2763672
vn -0.05123901 0.8325195 -0.5517578
vn -0.1279297 0.9194336 -0.371582
vn 0.276123 0.8325195 -0.4807129
vn 0.223999 0.9628906 0.1491699
vn -0.371582 0.9194336 0.1279297
vn 0.2658691 0.9628906 -0.04238892
vn 0.04238892 0.9628906 0.2658691
vn 0.1491699 0.9628906 -0.223999
vn -0.2709961 0.9194336 0.284668
vn 0.1279297 0.9194336 0.371582
vn -0.04238892 0.9628906 -0.2658691
vn -0.1491699 0.9628906 0.223999
vn -0.223999 0.9628906 -0.1491699
vn 0.2709961 0.9194336 -0.284668
vn 0.5517578 0.8325195 -0.05123901
vn 0.371582 0.9194336 -0.1279297
vn -0.2658691 0.9628906 0.04238892
vn 0.7548828 0.4301758 0.494873
vn 0.284668 0.9194336 0.2709961
vn 0.1357422 0.4301758 0.8925781
vn 0.1772461 -9.918213E-05 0.984375
vn 0.8212891 -9.858608E-05 0.5708008
vn 0.9770508 -0.0001829863 0.2128906
vn 0.9770508 -0.0001829863 0.2128906
vn -0.8413086 0 0.5405273
vn -0.8413086 0 0.5405273
vn -0.8413086 0 0.5405273
vn -0.8413086 0 0.5405273
vn -0.8413086 0 0.5405273
vn -0.8413086 0 0.5405273
vn -0.8413086 0 0.5405273
vn -0.8413086 0 0.5405273
vn -0.4719238 0.8754883 -0.104126
vn -0.4992676 0.3825684 -0.7773438
vn -0.2071533 0.9238281 -0.3225098
vn -0.7607422 0.3415527 -0.5522461
vn -0.8212891 0 -0.5708008
vn -0.5405273 0 -0.8413086
vn -0.9848633 0 0.1744385
vn -0.8212891 0 -0.5708008
vn -0.7607422 0.3415527 -0.5522461
vn -0.921875 0.3415527 0.1831055
vn -0.4719238 0.8754883 -0.104126
vn -0.5727539 0 0.8198242
vn -0.1040649 0.8754883 0.4716797
vn -0.5541992 0.3415527 0.7587891
vn 0.1772461 0 0.984375
vn 0.1856689 0.3415527 0.9213867
vn 0.9921875 0 -0.1248169
vn 0.9155273 0.3776855 -0.1390381
vn 0.7592773 0.4311523 -0.4875488
vn 0.8413086 0 -0.5405273
vn -0.8413086 0 0.5405273
vn -0.7592773 0.4311523 0.4875488
vn -0.5073242 0.3776855 0.7744141
vn -0.5263672 0 0.8500977
vn 0.2805176 0.9428711 -0.1800537
vn 0.7592773 0.4311523 -0.4875488
vn 0.9155273 0.3776855 -0.1390381
vn 0.4387207 0.8891602 0.1313477
vn -0.2805176 0.9428711 0.1800537
vn 0.7314453 0.3476563 0.5869141
vn 0.9921875 0 -0.1248169
vn 0.7900391 0 0.6132813
vn 0.2290039 0 0.9736328
vn -0.06311035 0.8891602 0.4536133
vn -0.7592773 0.4311523 0.4875488
vn -0.5073242 0.3776855 0.7744141
vn -0.5263672 0 0.8500977
vn 0.2294922 0.3474121 0.9091797
vn 0.5405273 0 0.8413086
vn 0.5405273 0 0.8413086
vn 0.5405273 0 0.8413086
vn 0.5405273 0 0.8413086
vn 0.5405273 0 0.8413086
vn 0.5405273 0 0.8413086
vn 0.5405273 0 0.8413086
vn 0.5405273 0 0.8413086
vn -0.8413086 -0.0007052422 0.5405273
vn -0.8413086 -0.0007052422 0.5405273
vn -0.8413086 -0.0007052422 0.5405273
vn -0.8413086 -0.0007052422 0.5405273
vn -0.5708008 0 0.8212891
vn -0.984375 0 0.1772461
vn -0.984375 0 0.1772461
vn -0.5708008 0 0.8212891
vn 0.1772461 0 0.984375
vn 0.1772461 0 0.984375
vn 0.984375 0 -0.1772461
vn 0.984375 0 -0.1772461
vn 0.5708008 0 -0.8212891
vn 0.5708008 0 -0.8212891
vn 0.984375 0 -0.1772461
vn 0.984375 0 -0.1772461
vn 0.8212891 0 0.5708008
vn 0.8212891 0 0.5708008
vn 0.1772461 0 0.984375
vn 0.1772461 0 0.984375
vn -0.1772461 0 -0.984375
vn 0.5708008 0 -0.8212891
vn 0.5708008 0 -0.8212891
vn -0.1772461 0 -0.984375
vn -0.8212891 0 -0.5708008
vn -0.8212891 0 -0.5708008
vn -0.984375 0 0.1772461
vn -0.984375 0 0.1772461
vn -0.5708008 0 0.8212891
vn -0.8413086 0 0.5405273
vn -0.8413086 0 0.5405273
vn -0.5708008 0 0.8212891
vn 0.1772461 0 0.984375
vn 0.1772461 0 0.984375
vn 0.8212891 0 0.5708008
vn 0.8212891 0 0.5708008
vn 0.9770508 0 0.2128906
vn 0.9770508 0 0.2128906
vn 0.8212891 0 0.5708008
vn 0.8212891 0 0.5708008
vn -0.5112305 0 0.859375
vn -0.9941406 0 0.1072388
vn -0.9765625 0.1815186 0.1141968
vn -0.4848633 0.2304688 0.84375
vn -0.4306641 0.6025391 0.671875
vn -0.8486328 0.5239258 0.07202148
vn -0.4599609 0.4750977 0.75
vn -0.9165039 0.3991699 0.02264404
vn -0.5415039 3.135204E-05 0.8408203
vn -0.9956055 4.076958E-05 0.09368896
vn 0.8041992 0.5844727 -0.1085815
vn 0.894043 0.4389648 -0.09057617
vn 0.4311523 0.3642578 -0.8256836
vn 0.4291992 0.4995117 -0.7524414
vn -0.2479248 0.2393799 -0.9389648
vn -0.3195801 0.07684326 -0.9443359
vn -0.71875 0.08258057 -0.6904297
vn 0.96875 0.2304688 -0.08978271
vn 0.7773438 0.2092285 0.5932617
vn 0.6708984 0.4973145 0.5498047
vn 0.5102539 0.1815186 -0.8408203
vn 0.5112305 0 -0.859375
vn 0.9941406 0 -0.1071777
vn -0.2460938 0 -0.9692383
vn -0.2116699 0.09674072 -0.9726563
vn -0.7788086 0 -0.6274414
vn -0.7451172 0.2753906 -0.6074219
vn -0.7958984 0.09674072 -0.5976563
vn -0.9941406 0 0.1072388
vn -0.9765625 0.1815186 0.1141968
vn -0.8486328 0.5239258 0.07202148
vn -0.9165039 0.3991699 0.02264404
vn 0.894043 0.4389648 -0.09057617
vn 0.9941406 2.932549E-05 -0.1088867
vn 0.5288086 3.98159E-05 -0.8486328
vn 0.4311523 0.3642578 -0.8256836
vn -0.3195801 0.07684326 -0.9443359
vn -0.2421875 3.820658E-05 -0.9702148
vn -0.7802734 3.826618E-05 -0.6254883
vn -0.71875 0.08258057 -0.6904297
vn -0.9165039 0.3991699 0.02264404
vn -0.9956055 4.076958E-05 0.09368896
vn -0.9946289 -9.435415E-05 0.1052246
vn -0.9033203 0.4194336 0.08837891
vn -0.4802246 0.4206543 0.7695313
vn -0.5400391 -9.572506E-05 0.8417969
vn 0.875 0.4780273 -0.07666016
vn 0.8691406 0 -0.4946289
vn 0.4736328 0.4916992 -0.730957
vn 0.996582 0 -0.08514404
vn 0.7807617 0 0.6245117
vn 0.6889648 0.4091797 0.5981445
vn 0.2553711 0.4091797 0.8759766
vn 0.2406006 0 0.9707031
vn -0.08215332 0 0.996582
vn -0.4736328 0.4924316 0.7304688
vn 0 1 0
vn 0 1 0
vn 0 1 0
vn 0 1 0
vn 0 1 0
vn 0 1 0
vn 0 1 0
vn 0 1 0
vn -0.8745117 0.4785156 0.07684326
vn -0.996582 0 0.08514404
vn -0.8691406 0 0.4946289
vn -0.4736328 0.4924316 0.7304688
vn 0.6889648 0.4091797 0.5981445
vn 0.875 0.4780273 -0.07666016
vn 0.2431641 0.9697266 -0.01519775
vn 0.2471924 0.9506836 0.1861572
vn 0.06671143 0.9506836 0.3032227
vn 0.2553711 0.4091797 0.8759766
vn -0.1137085 0.9736328 0.197876
vn -0.4736328 0.4924316 0.7304688
vn 0.1280518 0.9165039 0.3789063
vn -0.4802246 0.4206543 0.7695313
vn -0.2302246 0.9272461 0.2949219
vn 0.1884766 0.4135742 0.890625
vn 0.2802734 0.9179688 0.2805176
vn 0.2301025 -8.994341E-05 0.9731445
vn -0.5400391 -9.572506E-05 0.8417969
vn 0.7290039 0.4174805 0.5424805
vn 0.3664551 0.9282227 -0.06274414
vn 0.7880859 -9.047985E-05 0.6157227
vn 0.9018555 0.4230957 -0.08520508
vn 0.9946289 -9.417534E-05 -0.1052246
vn 0.7773438 0.2092285 0.5932617
vn 0.96875 0.2304688 -0.08978271
vn 0.9941406 0 -0.1071777
vn 0.7788086 0 0.6274414
vn 0.2156982 0.2092285 0.9536133
vn 0.2460938 0 0.9692383
vn 0.6708984 0.4973145 0.5498047
vn -0.4848633 0.2304688 0.84375
vn -0.5112305 0 0.859375
vn 0.2166748 0.5102539 0.8320313
vn -0.4306641 0.6025391 0.671875
vn -0.4599609 0.4750977 0.75
vn 0.291748 0.2922363 0.9106445
vn 0.7109375 0.2883301 0.6416016
vn 0.8041992 0.5844727 -0.1085815
vn 0.894043 0.4389648 -0.09057617
vn 0.7900391 2.920628E-05 0.6132813
vn 0.9941406 2.932549E-05 -0.1088867
vn 0.894043 0.4389648 -0.09057617
vn 0.7109375 0.2883301 0.6416016
vn 0.291748 0.2922363 0.9106445
vn 0.2272949 2.914667E-05 0.9736328
vn -0.5415039 3.135204E-05 0.8408203
vn -0.4599609 0.4750977 0.75
vn -0.472168 0.4348145 0.7666016
vn 0.1846924 -0.4277344 0.8847656
vn -0.4719238 -0.4350586 0.7670898
vn 0.1842041 0.4274902 0.8852539
vn 0.7275391 0.4277344 0.5366211
vn 0.253418 0.9213867 0.2946777
vn 0.161499 0.9213867 0.3530273
vn -0.472168 0.4348145 0.7666016
vn 0.3666992 0.9291992 -0.0479126
vn 0 1 0
vn 0 1 0
vn 0 1 0
vn 0 1 0
vn 0 1 0
vn -0.2086182 0.9287109 0.3061523
vn -0.3666992 0.9291992 0.04788208
vn 0 1 0
vn 0 1 0
vn -0.8964844 0.4335938 0.08874512
vn -0.8974609 -0.4326172 0.0880127
vn -0.4719238 -0.4350586 0.7670898
vn -0.7275391 0.4277344 -0.5366211
vn -0.253418 0.9213867 -0.2946777
vn -0.161499 0.9213867 -0.3530273
vn 0 1 0
vn -0.1842041 0.4274902 -0.8852539
vn 0.2086182 0.9287109 -0.3061523
vn 0.8964844 0.4335938 -0.08880615
vn 0.472168 0.4348145 -0.7666016
vn 0.8964844 -0.4338379 -0.08831787
vn -0.1870117 -0.4255371 -0.8852539
vn 0.4719238 -0.4338379 -0.7675781
vn -0.7265625 -0.4255371 -0.5390625
vn -0.1643066 -0.921875 -0.3513184
vn -0.2504883 -0.9213867 -0.2963867
vn -0.3696289 -0.9282227 0.04052734
vn -0.2073975 -0.9287109 0.3071289
vn 0 -1 0
vn 0 -1 0
vn 0 -1 0
vn 0 -1 0
vn 0 -1 0
vn 0.2028809 -0.9282227 -0.3122559
vn 0 -1 0
vn 0 -1 0
vn 0.3669434 -0.9291992 -0.04641724
vn 0.2521973 -0.9213867 0.295166
vn 0 -1 0
vn 0.7270508 -0.4277344 0.5371094
vn 0.1625977 -0.9213867 0.3522949
vn 0.8964844 -0.4338379 -0.08831787
vn 0.8964844 0.4335938 -0.08880615
vn -0.2302246 0.9272461 0.2949219
vn -0.4802246 0.4206543 0.7695313
vn -0.9033203 0.4194336 0.08837891
vn -0.3659668 0.9282227 0.06768799
vn 0.1148682 0.9731445 -0.1984863
vn 0.1280518 0.9165039 0.3789063
vn -0.2905273 0.9165039 -0.2749023
vn -0.7304688 0.4135742 -0.5429688
vn -0.9946289 -9.435415E-05 0.1052246
vn -0.7880859 -9.024143E-05 -0.6157227
vn -0.2301025 -9.000301E-05 -0.9731445
vn -0.1888428 0.4174805 -0.8886719
vn 0.4768066 0.4243164 -0.7700195
vn 0.5400391 -9.536743E-05 -0.8417969
vn 0.9946289 -9.417534E-05 -0.1052246
vn 0.9018555 0.4230957 -0.08520508
vn -0.1374512 0.9179688 -0.371582
vn 0.2259521 0.9277344 -0.2973633
vn 0.3664551 0.9282227 -0.06274414
vn 0.2471924 0.9506836 0.1861572
vn 0.06671143 0.9506836 0.3032227
vn 0.2431641 0.9697266 -0.01519775
vn -0.1137085 0.9736328 0.197876
vn -0.2420654 0.9702148 0.0144577
vn -0.4736328 0.4924316 0.7304688
vn -0.8745117 0.4785156 0.07684326
vn -0.2470703 0.9506836 -0.1867676
vn 0.2802734 0.9179688 0.2805176
vn -0.6884766 0.4094238 -0.5986328
vn -0.06610107 0.9506836 -0.3029785
vn -0.2548828 0.4086914 -0.8764648
vn 0.4736328 0.4916992 -0.730957
vn 0.875 0.4780273 -0.07666016
vn -0.2548828 0.4086914 -0.8764648
vn 0.4736328 0.4916992 -0.730957
vn 0.08209229 0 -0.996582
vn -0.2406006 0 -0.9707031
vn -0.7807617 0 -0.6245117
vn -0.6884766 0.4094238 -0.5986328
vn -0.8745117 0.4785156 0.07684326
vn -0.996582 0 0.08514404
vn 0.5405273 0 0.8413086
vn 0.5405273 0 0.8413086
vn 0.5405273 0 0.8413086
vn 0.5405273 0 0.8413086
vn -0.8413086 0 0.5405273
vn -0.8413086 0 0.5405273
vn -0.8413086 0 0.5405273
vn -0.8413086 0 0.5405273
vn -0.8413086 0 0.5405273
vn -0.8413086 0 0.5405273
vn -0.8413086 0 0.5405273
vn -0.8413086 0 0.5405273
vn -0.04702759 -0.7016602 0.7109375
vn 0.5791016 -0.7666016 0.2775879
vn 0.01145935 -0.7666016 0.6420898
vn 0.6660156 -0.7016602 0.2531738
vn -0.2473145 -0.8999023 0.3588867
vn 0.4291992 -0.8999023 -0.07562256
vn 0.04705811 -0.7016602 -0.7109375
vn -0.5791016 -0.7666016 -0.2775879
vn -0.01146698 -0.7666016 -0.6420898
vn -0.6660156 -0.7016602 -0.2531738
vn 0.2473145 -0.8999023 -0.3588867
vn -0.4291992 -0.8999023 0.07562256
vn 0.8413086 0 -0.5405273
vn 0.6611328 -0.4816895 -0.5751953
vn 0.8623047 -0.3835449 -0.3310547
vn 0.6982422 -0.2398682 -0.6748047
vn 0.784668 0.5087891 -0.3540039
vn 0.7563477 -0.3342285 -0.5625
vn 0.7250977 0.4111328 -0.5527344
vn 0.8261719 -0.3342285 -0.4536133
vn 0.6152344 0.3352051 -0.7133789
vn 0.9038086 -0.2398682 -0.3540039
vn 0.515625 -0.1188354 -0.8486328
vn 0.7983398 -0.4816895 -0.3618164
vn 0.2054443 -0.9296875 -0.3054199
vn -0.09667969 -0.5737305 -0.8134766
vn -0.6992188 -0.5737305 -0.4265137
vn -0.3630371 -0.9296875 0.0597229
vn -0.6611328 -0.4816895 0.5751953
vn -0.9863281 -0.1188354 0.1160889
vn -0.9047852 0.3352051 0.2624512
vn -0.6982422 -0.2398682 0.6748047
vn -0.8041992 0.4111328 0.4291992
vn -0.7563477 -0.3342285 0.5625
vn -0.7250977 0.4111328 0.5527344
vn -0.8261719 -0.3342285 0.4536133
vn -0.2473145 -0.8999023 0.3588867
vn -0.6152344 0.3352051 0.7133789
vn -0.4291992 -0.8999023 0.07562256
vn -0.9038086 -0.2398682 0.3540039
vn -0.515625 -0.1188354 0.8486328
vn -0.7983398 -0.4816895 0.3618164
vn -0.9038086 -0.2398682 0.3540039
vn -0.6660156 -0.7016602 -0.2531738
vn -0.7983398 -0.4816895 0.3618164
vn -0.5791016 -0.7666016 -0.2775879
vn -0.2054443 -0.9296875 0.3054199
vn 0.3630371 -0.9296875 -0.0597229
vn -0.01146698 -0.7666016 -0.6420898
vn 0.6611328 -0.4816895 -0.5751953
vn 0.6982422 -0.2398682 -0.6748047
vn 0.6611328 -0.4816895 -0.5751953
vn 0.04705811 -0.7016602 -0.7109375
vn 0.7563477 -0.3342285 -0.5625
vn 0.2473145 -0.8999023 -0.3588867
vn -0.4291992 -0.8999023 0.07562256
vn 0.2473145 -0.8999023 -0.3588867
vn 0.4291992 -0.8999023 -0.07562256
vn -0.2473145 -0.8999023 0.3588867
vn -0.7607422 0.3415527 -0.5522461
vn -0.4992676 0.3825684 -0.7773438
vn -0.2067871 0.9238281 -0.3220215
vn -0.4719238 0.8754883 -0.1028442
vn -0.9213867 0.3415527 0.1856689
vn -0.8212891 0 -0.5708008
vn -0.984375 0 0.1772461
vn -0.5708008 0 0.8212891
vn -0.1028442 0.8754883 0.4719238
vn 0.2067871 0.9238281 0.3220215
vn 0.4992676 0.3825684 0.7773438
vn -0.5522461 0.3415527 0.7607422
vn 0.1856689 0.3415527 0.9213867
vn 0.5405273 0 0.8413086
vn 0.1772461 0 0.984375
vn -0.8212891 0 -0.5708008
vn -0.5405273 0 -0.8413086
vn -0.4992676 0.3825684 -0.7773438
vn -0.7607422 0.3415527 -0.5522461
vn -0.5825195 0 0.8129883
vn -0.6064453 0 0.7949219
vn -0.9755859 0 0.2205811
vn -0.9814453 0 0.1915283
vn -0.8457031 0 -0.5336914
vn -0.7885742 0 -0.6152344
vn 0.9755859 0 -0.2205811
vn 0.9667969 0 -0.255127
vn 0.6342773 0 -0.7729492
vn 0.6064453 0 -0.7949219
vn -0.02513123 0 -0.9995117
vn -0.1334229 0 -0.9912109
vn -0.1334229 0 -0.9912109
vn -0.02513123 0 -0.9995117
vn -0.7885742 0 -0.6152344
vn -0.8457031 0 -0.5336914
vn 0.9667969 0 -0.255127
vn 0.9755859 0 -0.2205811
vn 0.8457031 0 0.5336914
vn 0.8984375 0 0.4387207
vn 0.2312012 0 0.9731445
vn 0.1334229 0 0.9912109
vn -0.6064453 0 0.7949219
vn -0.5825195 0 0.8129883
vn 0.8457031 0 0.5336914
vn 0.1334229 0 0.9912109
vn 0.2312012 0 0.9731445
vn 0.8984375 0 0.4387207
vn 0.9667969 0 -0.255127
vn 0.9755859 0 -0.2205811
vn 0.8457031 0 0.5336914
vn 0.8984375 0 0.4387207
vn -0.9814453 0 0.1915283
vn -0.8457031 0 -0.5336914
vn -0.7885742 0 -0.6152344
vn -0.9755859 0 0.2205811
vn -0.5825195 0 0.8129883
vn -0.6064453 0 0.7949219
vn 0.9755859 0 -0.2205811
vn 0.9667969 0 -0.255127
vn 0.6342773 0 -0.7729492
vn 0.6064453 0 -0.7949219
vn -0.02513123 0 -0.9995117
vn -0.1334229 0 -0.9912109
vn 0.8457031 0 0.5336914
vn 0.1334229 0 0.9912109
vn 0.2312012 0 0.9731445
vn 0.8984375 0 0.4387207
vn 0.2312012 0 0.9731445
vn 0.1334229 0 0.9912109
vn -0.6064453 0 0.7949219
vn -0.5825195 0 0.8129883
vn -0.1334229 0 -0.9912109
vn -0.02513123 0 -0.9995117
vn -0.7885742 0 -0.6152344
vn -0.8457031 0 -0.5336914
vn -0.8212891 0 -0.5708008
vn -0.5405273 0 -0.8413086
vn -0.4992676 0.3825684 -0.7773438
vn -0.7607422 0.3415527 -0.5522461
vn -0.2067871 0.9238281 -0.3220215
vn -0.9213867 0.3415527 0.1856689
vn -0.984375 0 0.1772461
vn -0.5708008 0 0.8212891
vn -0.4719238 0.8754883 -0.1028442
vn -0.5522461 0.3415527 0.7607422
vn -0.1028442 0.8754883 0.4719238
vn 0.2067871 0.9238281 0.3220215
vn 0.4992676 0.3825684 0.7773438
vn 0.1856689 0.3415527 0.9213867
vn 0.1772461 0 0.984375
vn 0.5405273 0 0.8413086
vn 0.5405273 0 0.8413086
vn 0.4165039 0.2473145 0.875
vn 0.4455566 0.3149414 0.8378906
vn 0.4421387 0 0.8969727
vn 0.3662109 0 0.9306641
vn 0.3554688 0.08288574 0.9311523
vn -0.8413086 0 0.5405273
vn -0.8413086 0 0.5405273
vn -0.8413086 0 0.5405273
vn -0.8413086 0 0.5405273
vn -0.2017822 0.9707031 0.1295166
vn -0.2017822 0.9707031 0.1295166
vn -0.3098145 0.9296875 0.1988525
vn -0.3098145 0.9296875 0.1988525
vn -0.4121094 0.8720703 0.2646484
vn -0.4121094 0.8720703 0.2646484
vn -0.6220703 0.2473145 -0.7426758
vn -0.6401367 0.4421387 -0.6279297
vn -0.6987305 0.08288574 -0.7104492
vn -0.5629883 0.5283203 -0.6352539
vn -0.5766602 0.3149414 -0.7539063
vn 0.4165039 0.2473145 0.875
vn 0.3554688 0.08288574 0.9311523
vn 0.3049316 0.4421387 0.8432617
vn 0.4455566 0.3149414 0.8378906
vn 0.3435059 0.5288086 0.7763672
vn -0.6318359 0 -0.7753906
vn -0.6987305 0.08288574 -0.7104492
vn -0.6938477 0 -0.7202148
vn -0.6220703 0.2473145 -0.7426758
vn -0.5766602 0.3149414 -0.7539063
vn -0.5405273 0 -0.8413086
vn 0.5390625 0.2287598 -0.8105469
vn 0.9614258 0.2287598 -0.1529541
vn 0.7871094 0.6069336 -0.1095581
vn 0.4272461 0.6069336 -0.6704102
vn -0.1164551 0.1116333 -0.9868164
vn -0.1414795 0.4250488 -0.894043
vn -0.4716797 0.02037048 -0.8813477
vn -0.5126953 0.2573242 -0.8193359
vn -0.6030273 -0.01960754 -0.7973633
vn -0.6347656 0.2200928 -0.7407227
vn -0.8164063 -0.09741211 -0.5688477
vn -0.8886719 0.1972656 -0.4143066
vn -0.9697266 -0.2231445 0.1002197
vn -0.9580078 0.1845703 0.2192383
vn -0.4946289 -0.2231445 0.8398438
vn -0.5981445 0.1845703 0.7797852
vn -0.3850098 0.7802734 0.4931641
vn -0.5981445 0.1845703 0.7797852
vn -0.9580078 0.1845703 0.2192383
vn -0.6088867 0.7802734 0.1448975
vn -0.1791992 0.9453125 0.2731934
vn -0.6826172 0.6782227 -0.2719727
vn -0.8886719 0.1972656 -0.4143066
vn -0.6347656 0.2200928 -0.7407227
vn -0.322998 0.9453125 0.04925537
vn -0.09082031 0.972168 0.2164307
vn -0.5488281 0.7421875 -0.3850098
vn -0.5126953 0.2573242 -0.8193359
vn -0.2346191 0.972168 -0.007484436
vn 0.2314453 0.9677734 0.09735107
vn -0.4487305 0.7724609 -0.4492188
vn -0.2824707 0.800293 -0.5288086
vn -0.1414795 0.4250488 -0.894043
vn 0.4272461 0.6069336 -0.6704102
vn 0.007762909 0.9677734 -0.2509766
vn 0.7871094 0.6069336 -0.1095581
vn 0.7543945 0.4250488 0.5004883
vn 0.7871094 0.6069336 -0.1095581
vn 0.9614258 0.2287598 -0.1529541
vn 0.8491211 0.1116333 0.5166016
vn 0.5317383 0.2573242 0.8071289
vn 0.6054688 0.02037048 0.7958984
vn 0.4094238 0.2200928 0.8852539
vn 0.4743652 -0.01960754 0.8798828
vn 0.00712204 0.1972656 0.9804688
vn 0.1776123 -0.09741211 0.9794922
vn -0.5981445 0.1845703 0.7797852
vn -0.4946289 -0.2231445 0.8398438
vn 0.5390625 0.2287598 -0.8105469
vn 0.9614258 0.2287598 -0.1529541
vn 0.7871094 0.6069336 -0.1095581
vn 0.4272461 0.6069336 -0.6704102
vn -0.1164551 0.1116333 -0.9868164
vn -0.1414795 0.4250488 -0.894043
vn -0.4716797 0.02037048 -0.8813477
vn -0.5126953 0.2573242 -0.8193359
vn -0.6030273 -0.01960754 -0.7973633
vn -0.6347656 0.2200928 -0.7407227
vn -0.8164063 -0.09735107 -0.5688477
vn -0.8886719 0.1972656 -0.4143066
vn -0.9697266 -0.2231445 0.1002197
vn -0.9580078 0.1845703 0.2192383
vn -0.4946289 -0.2231445 0.8398438
vn -0.5981445 0.1845703 0.7797852
vn -0.5981445 0.1845703 0.7797852
vn 0.1776123 -0.09741211 0.9794922
vn -0.4946289 -0.2231445 0.8398438
vn 0.00712204 0.1972656 0.9804688
vn 0.4743652 -0.01960754 0.8798828
vn 0.4094238 0.2200928 0.8852539
vn 0.6054688 0.02037048 0.7958984
vn 0.5317383 0.2573242 0.8071289
vn 0.8491211 0.1116333 0.5166016
vn 0.7543945 0.4250488 0.5004883
vn 0.9614258 0.2287598 -0.1529541
vn 0.7871094 0.6069336 -0.1095581
vn -0.3850098 0.7802734 0.4931641
vn -0.5981445 0.1845703 0.7797852
vn -0.9580078 0.1845703 0.2192383
vn -0.6088867 0.7802734 0.1448975
vn -0.1791992 0.9453125 0.2731934
vn -0.6826172 0.6782227 -0.2719727
vn -0.8886719 0.1972656 -0.4143066
vn -0.6347656 0.2200928 -0.7407227
vn -0.322998 0.9453125 0.04925537
vn -0.09082031 0.972168 0.2164307
vn -0.5488281 0.7421875 -0.3850098
vn -0.5126953 0.2573242 -0.8193359
vn -0.2346191 0.972168 -0.007484436
vn 0.2314453 0.9677734 0.09735107
vn -0.4487305 0.7724609 -0.4492188
vn -0.2824707 0.800293 -0.5288086
vn -0.1414795 0.4250488 -0.894043
vn 0.4272461 0.6069336 -0.6704102
vn 0.007762909 0.9677734 -0.2509766
vn 0.7871094 0.6069336 -0.1095581
vn -0.4946289 -0.2231445 0.8398438
vn -0.9580078 0.1845703 0.2192383
vn -0.5981445 0.1845703 0.7797852
vn -0.9697266 -0.2231445 0.1002197
vn -0.8886719 0.1972656 -0.4143066
vn -0.8164063 -0.09741211 -0.5688477
vn -0.6347656 0.2200928 -0.7407227
vn -0.6030273 -0.01960754 -0.7973633
vn -0.5126953 0.2573242 -0.8193359
vn -0.4716797 0.02037048 -0.8813477
vn -0.1414795 0.4250488 -0.894043
vn -0.1164551 0.1116333 -0.9868164
vn 0.4272461 0.6069336 -0.6704102
vn 0.5390625 0.2287598 -0.8105469
vn 0.7871094 0.6069336 -0.1095581
vn 0.9614258 0.2287598 -0.1529541
vn 0.7543945 0.4250488 0.5004883
vn 0.7871094 0.6069336 -0.1095581
vn 0.9614258 0.2287598 -0.1529541
vn 0.8491211 0.1116333 0.5166016
vn 0.5317383 0.2573242 0.8071289
vn 0.6054688 0.02037048 0.7958984
vn 0.4094238 0.2200928 0.8852539
vn 0.4743652 -0.01960754 0.8798828
vn 0.00712204 0.1972656 0.9804688
vn 0.1776123 -0.09735107 0.9794922
vn -0.5981445 0.1845703 0.7797852
vn -0.4946289 -0.2231445 0.8398438
vn -0.3850098 0.7802734 0.4931641
vn -0.5981445 0.1845703 0.7797852
vn -0.9580078 0.1845703 0.2192383
vn -0.6088867 0.7802734 0.1448975
vn -0.1791992 0.9453125 0.2731934
vn -0.6826172 0.6782227 -0.2719727
vn -0.8886719 0.1972656 -0.4143066
vn -0.6347656 0.2200928 -0.7407227
vn -0.322998 0.9453125 0.04925537
vn -0.09082031 0.972168 0.2164307
vn -0.5488281 0.7421875 -0.3850098
vn -0.5126953 0.2573242 -0.8193359
vn -0.2346191 0.972168 -0.007480621
vn 0.2314453 0.9677734 0.09735107
vn -0.4487305 0.7724609 -0.4492188
vn -0.2824707 0.800293 -0.5288086
vn -0.1414795 0.4250488 -0.894043
vn 0.4272461 0.6069336 -0.6704102
vn 0.007766724 0.9677734 -0.2509766
vn 0.7871094 0.6069336 -0.1095581
vn 0.4841309 0.4443359 0.7539063
vn 0.5405273 0 0.8413086
vn 0.4919434 0.0001026988 0.8706055
vn 0.4460449 0.394043 0.8037109
vn -0.03314209 0.987793 0.1520996
vn 0.270752 0.4174805 0.8671875
vn 0.3095703 -0.0003013611 0.9506836
vn -0.1209106 0.4260254 0.8964844
vn -0.1309814 -0.001400948 0.9912109
vn -0.5844727 0.4091797 0.7006836
vn -0.2868652 0.9174805 0.2763672
vn -0.6577148 -0.0009737015 0.753418
vn -0.9418945 0.002347946 0.3359375
vn -0.03952026 0.9345703 0.3535156
vn 0.1300049 0.9291992 0.3459473
vn 0.1975098 0.9223633 0.3320313
vn -0.3579102 0.9189453 0.1646729
vn -0.342041 0.9375 -0.06005859
vn -0.8623047 0.4152832 0.2897949
vn -0.8847656 0.4343262 -0.170166
vn -0.9819336 0.004493713 -0.1887207
vn -0.2727051 0.9321289 -0.2392578
vn -0.2237549 0.9223633 -0.3156738
vn -0.1757813 0.9829102 -0.05508423
vn 0.3220215 0.9238281 -0.2067871
vn 0.3706055 0.9174805 -0.1461182
vn 0.3227539 0.9233398 -0.2072754
vn -0.2868652 0.9174805 0.2763672
vn 0.3381348 0.9345703 0.1105957
vn -0.7539063 0.4443359 0.4841309
vn 0.2607422 0.9291992 0.2619629
vn 0.8662109 0.4260254 0.2619629
vn 0.6767578 0.4174805 0.6064453
vn 0.956543 -0.001395226 0.2919922
vn 0.7363281 -0.0003166199 0.6767578
vn 0.2198486 0.9223633 0.317627
vn 0.5454102 0.394043 0.7397461
vn 0.5869141 9.328127E-05 0.8095703
vn 0.4919434 0.0001012683 0.8706055
vn 0.4460449 0.394043 0.8037109
vn -0.5844727 0.4091797 0.7006836
vn 0.1975098 0.9223633 0.3320313
vn 0.270752 0.4174805 0.8671875
vn 0.3095703 -0.0003054142 0.9506836
vn 0.1300049 0.9291992 0.3459473
vn -0.1208496 0.4260254 0.8964844
vn -0.1309814 -0.001404762 0.9912109
vn -0.6577148 -0.0009746552 0.753418
vn -0.03952026 0.9345703 0.3535156
vn -0.5844727 0.4091797 0.7006836
vn -0.8413086 0 0.5405273
vn -0.1757813 0.9829102 -0.05508423
vn -0.3481445 0.9326172 -0.09460449
vn -0.2756348 0.9291992 -0.2468262
vn -0.3830566 0.918457 0.09991455
vn -0.9008789 0.4057617 0.1547852
vn -0.8056641 0.5356445 -0.2524414
vn -0.9829102 0.002086639 0.1844482
vn -0.9238281 0 0.3828125
vn -0.8056641 0.5356445 -0.2524414
vn -0.1757813 0.9829102 -0.05508423
vn -0.2237549 0.9223633 -0.3156738
vn -0.5581055 0.3981934 -0.7280273
vn -0.5405273 0 -0.8413086
vn -0.6005859 0.0005493164 -0.7993164
vn -0.7807617 0.002601624 -0.6245117
vn -0.7138672 0.427002 -0.5551758
vn -0.9819336 0.004493713 -0.1887207
vn -0.2727051 0.9321289 -0.2392578
vn -0.8847656 0.4343262 -0.170166
vn -0.342041 0.9375 -0.06005859
vn -0.8212891 0 -0.5708008
vn -0.5405273 0 -0.8413086
vn -0.4992676 0.3825684 -0.7773438
vn -0.7607422 0.3415527 -0.5522461
vn -0.2067871 0.9238281 -0.3220215
vn -0.9213867 0.3415527 0.1856689
vn -0.984375 0 0.1772461
vn -0.5708008 0 0.8212891
vn -0.4719238 0.8754883 -0.1028442
vn -0.5522461 0.3415527 0.7607422
vn -0.1028442 0.8754883 0.4719238
vn 0.2067871 0.9238281 0.3220215
vn 0.4992676 0.3825684 0.7773438
vn 0.1856689 0.3415527 0.9213867
vn 0.1772461 0 0.984375
vn 0.5405273 0 0.8413086
vn -0.3227539 -0.9233398 0.2072754
vn -0.3483887 -0.7646484 -0.5424805
vn -0.4291992 -0.6074219 -0.668457
vn -0.6850586 -0.5888672 -0.4294434
vn -0.7875977 -0.1795654 -0.5893555
vn -0.527832 -0.2158203 -0.8217773
vn -0.5405273 0 -0.8413086
vn -0.8193359 0.1083374 -0.5629883
vn -0.6206055 0.3659668 -0.6933594
vn -0.5405273 0 -0.8413086
vn -0.5620117 0.3752441 -0.7373047
vn -0.5405273 0 -0.8413086
vn -0.5405273 0 -0.8413086
vn -0.8193359 0.1083374 -0.5629883
vn -0.3227539 -0.9233398 0.2072754
vn -0.3483887 -0.7641602 -0.5424805
vn -0.3483887 -0.7641602 -0.5424805
vn -0.4521484 -0.8432617 0.2902832
vn -0.3227539 -0.9233398 0.2072754
vn -0.3483887 -0.7641602 -0.5424805
vn -0.3483887 -0.7641602 -0.5424805
vn -0.4521484 -0.8432617 0.2902832
vn -0.7578125 -0.4348145 0.4865723
vn -0.8271484 -0.1828613 0.53125
vn -0.7924805 0.3369141 0.5087891
vn -0.7924805 0.3369141 0.5087891
vn -0.8271484 -0.1828613 0.53125
vn -0.7924805 0.3369141 0.5087891
vn -0.4521484 -0.8432617 0.2902832
vn 0.3483887 -0.7641602 0.5424805
vn 0.3483887 -0.7641602 0.5424805
vn -0.3227539 -0.9233398 0.2072754
vn -0.3483887 -0.7641602 -0.5424805
vn -0.3483887 -0.7641602 -0.5424805
vn -0.4521484 -0.8432617 0.2902832
vn -0.3227539 -0.9233398 0.2072754
vn -0.3483887 -0.7641602 -0.5424805
vn -0.3483887 -0.7641602 -0.5424805
vn -0.4521484 -0.8432617 0.2902832
vn -0.7578125 -0.4348145 0.4865723
vn -0.8271484 -0.1828613 0.53125
vn -0.7924805 0.3369141 0.5087891
vn -0.8271484 -0.1828613 0.53125
vn -0.7924805 0.3369141 0.5087891
vn -0.7924805 0.3369141 0.5087891
vn -0.4521484 -0.8432617 0.2902832
vn 0.3483887 -0.7641602 0.5424805
vn 0.3483887 -0.7641602 0.5424805
vn -0.7924805 0.3369141 0.5087891
vn -0.4326172 0.8579102 0.277832
vn -0.4326172 0.8579102 0.277832
vn -0.4326172 0.8579102 0.277832
vn -0.7924805 0.3369141 0.5087891
vn -0.1641846 0.980957 0.1054077
vn -0.1641846 0.980957 0.1054077
vn -0.1641846 0.980957 0.1054077
vn -0.1641846 0.980957 0.1054077
vn -0.4326172 0.8579102 0.277832
vn -0.1641846 0.980957 0.1054077
vn -0.4326172 0.8579102 0.277832
vn -0.1641846 0.980957 0.1054077
vn -0.7924805 0.3369141 0.5087891
vn -0.4326172 0.8579102 0.277832
vn -0.7924805 0.3369141 0.5087891
vn -0.7924805 0.3369141 0.5087891
vn 0.1442871 -0.3916016 0.9086914
vn 0.3483887 -0.7641602 0.5424805
vn -0.3227539 -0.9233398 0.2072754
vn 0.4899902 -0.4213867 0.7631836
vn 0.1708984 0.1083374 0.9794922
vn 0.5405273 0 0.8413086
vn -0.1641846 0.980957 0.1054077
vn -0.4326172 0.8579102 0.277832
vn -0.1641846 0.980957 0.1054077
vn -0.4326172 0.8579102 0.277832
vn -0.1641846 0.980957 0.1054077
vn -0.7924805 0.3369141 0.5087891
vn -0.4326172 0.8579102 0.277832
vn -0.7924805 0.3369141 0.5087891
vn -0.7924805 0.3369141 0.5087891
vn -0.4521484 -0.8432617 0.2902832
vn 0.3483887 -0.7646484 0.5424805
vn 0.3483887 -0.7646484 0.5424805
vn -0.3227539 -0.9233398 0.2072754
vn -0.5400391 -0.1854248 0.8208008
vn -0.7924805 0.3369141 0.5087891
vn -0.4870605 0.3308105 0.8081055
vn -0.7578125 -0.4348145 0.4865723
vn -0.7924805 0.3369141 0.5087891
vn -0.8271484 -0.1828613 0.53125
vn -0.4521484 -0.8432617 0.2902832
vn -0.3227539 -0.9233398 0.2072754
vn 0.1442871 -0.3916016 0.9086914
vn -0.4870605 0.3308105 0.8081055
vn -0.5400391 -0.1854248 0.8208008
vn 0.1708984 0.1083374 0.9794922
vn -0.1791992 0.7714844 0.6103516
vn 0.3725586 0.3659668 0.8530273
vn -0.7924805 0.3369141 0.5087891
vn 0.05511475 0.90625 0.4194336
vn 0.4362793 0.3752441 0.8178711
vn -0.4326172 0.8579102 0.277832
vn -0.7924805 0.3369141 0.5087891
vn -0.1641846 0.980957 0.1054077
vn -0.4326172 0.8579102 0.277832
vn -0.1641846 0.980957 0.1054077
vn -0.8271484 -0.1828613 0.53125
vn -0.7924805 0.3369141 0.5087891
vn -0.7924805 0.3369141 0.5087891
vn -0.7578125 -0.4348145 0.4865723
vn -0.9375 0.3308105 0.1066895
vn -0.3227539 -0.9233398 0.2072754
vn -0.4521484 -0.8432617 0.2902832
vn -0.6850586 -0.5888672 -0.4294434
vn -0.9736328 -0.2045898 0.1018677
vn -0.8193359 0.1083374 -0.5629883
vn -0.7875977 -0.1795654 -0.5893555
vn -0.8271484 -0.1828613 0.53125
vn -0.7924805 0.3369141 0.5087891
vn -0.7924805 0.3369141 0.5087891
vn -0.7578125 -0.4348145 0.4865723
vn -0.7924805 0.3369141 0.5087891
vn -0.8271484 -0.1828613 0.53125
vn -0.4521484 -0.8432617 0.2902832
vn -0.3227539 -0.9233398 0.2072754
vn -0.4521484 -0.8432617 0.2902832
vn -0.4521484 -0.8432617 0.2902832
vn 0.3483887 -0.7641602 0.5424805
vn 0.3483887 -0.7641602 0.5424805
vn -0.3227539 -0.9233398 0.2072754
vn 0.4362793 0.3752441 0.8178711
vn 0.5405273 0 0.8413086
vn 0.5405273 0 0.8413086
vn 0.3725586 0.3659668 0.8530273
vn -0.4326172 0.8579102 0.277832
vn -0.7924805 0.3369141 0.5087891
vn -0.7924805 0.3369141 0.5087891
vn -0.4326172 0.8579102 0.277832
vn -0.1641846 0.980957 0.1054077
vn -0.9375 0.3308105 0.1066895
vn -0.1641846 0.980957 0.1054077
vn -0.6298828 0.7714844 -0.09112549
vn -0.8193359 0.1083374 -0.5629883
vn -0.3583984 0.90625 -0.2246094
vn -0.6206055 0.3659668 -0.6933594
vn -0.5620117 0.3752441 -0.7373047
vn 0.1708984 0.1083374 0.9794922
vn 0.3725586 0.3659668 0.8530273
vn 0.5405273 0 0.8413086
vn 0.5405273 0 0.8413086
vn -0.8427734 0 0.5385742
vn -0.8427734 0 0.5385742
vn -0.8427734 0 0.5385742
vn -0.8427734 0 0.5385742
vn -0.8427734 0 0.5385742
vn -0.8427734 0 0.5385742
vn -0.8427734 0 0.5385742
vn -0.8427734 0 0.5385742
vn -0.8427734 0 0.5385742
vn 0.5791016 -0.7666016 0.2775879
vn 0.7983398 -0.4816895 -0.3618164
vn 0.2054443 -0.9296875 -0.3054199
vn -0.3630371 -0.9296875 0.0597229
vn 0.01145935 -0.7666016 0.6420898
vn -0.6611328 -0.4816895 0.5751953
vn -0.6982422 -0.2398682 0.6748047
vn -0.04702759 -0.7016602 0.7109375
vn -0.7563477 -0.3342285 0.5625
vn -0.2473145 -0.8999023 0.3588867
vn 0.2473145 -0.8999023 -0.3588867
vn 0.7563477 -0.3342285 -0.5625
vn 0.8261719 -0.3342285 -0.4536133
vn 0.4291992 -0.8999023 -0.07562256
vn 0.4291992 -0.8999023 -0.07562256
vn 0.8261719 -0.3342285 -0.4536133
vn 0.9038086 -0.2398682 -0.3540039
vn 0.6660156 -0.7016602 0.2531738
vn 0.7983398 -0.4816895 -0.3618164
vn 0.5791016 -0.7666016 0.2775879
vn 0.559082 0.7368164 0.3796387
vn 0.3400879 0.9399414 0.02249146
vn 0.784668 0.5087891 -0.3540039
vn 0.4296875 0.7714844 0.4692383
vn 0.621582 0.5405273 0.5668945
vn -0.003252029 0.7319336 0.6811523
vn -0.2200928 0.9140625 0.3410645
vn -0.7250977 0.4111328 0.5527344
vn -0.6152344 0.3352051 0.7133789
vn 0.5869141 0.1571045 0.7939453
vn 0.7939453 -0.3225098 0.5151367
vn 0.08776855 -0.6088867 0.7885742
vn 0.1879883 0.1589355 0.9692383
vn -0.515625 -0.1188354 0.8486328
vn -0.8041992 0.4111328 0.4291992
vn -0.2200928 0.9140625 0.3410645
vn -0.7250977 0.4111328 0.5527344
vn -0.4025879 0.9135742 0.05670166
vn -0.9047852 0.3352051 0.2624512
vn 0.2189941 0.9135742 -0.3425293
vn 0.3400879 0.9399414 0.02249146
vn 0.784668 0.5087891 -0.3540039
vn 0.7250977 0.4111328 -0.5527344
vn 0.001237869 0.730957 -0.6826172
vn 0.6152344 0.3352051 -0.7133789
vn -0.6210938 0.730957 -0.2827148
vn -0.9863281 -0.1188354 0.1160889
vn -0.793457 0.2003174 -0.574707
vn -0.6992188 -0.5737305 -0.4265137
vn -0.09667969 -0.5737305 -0.8134766
vn -0.1921387 0.2003174 -0.9604492
vn 0.515625 -0.1188354 -0.8486328
vn -0.2054443 -0.9296875 0.3054199
vn -0.7983398 -0.4816895 0.3618164
vn -0.515625 -0.1188354 0.8486328
vn 0.08776855 -0.6088867 0.7885742
vn 0.7939453 -0.3225098 0.5151367
vn 0.3630371 -0.9296875 -0.0597229
vn 0.6611328 -0.4816895 -0.5751953
vn 0.8623047 -0.3835449 -0.3310547
vn 0.300293 0.3837891 0.8730469
vn 0.05670166 0.9150391 0.3991699
vn 0.4294434 0.4145508 0.8022461
vn -0.1806641 0.815918 0.5493164
vn 0.01171112 0.09576416 0.9951172
vn -0.5751953 0.8164063 -0.05273438
vn -0.3391113 0.9150391 -0.2175293
vn -0.5507813 0.4147949 -0.7241211
vn -0.6811523 0.4033203 -0.6113281
vn -0.527832 0.4748535 0.7041016
vn -0.5800781 -0.3146973 0.7514648
vn -0.9204102 -0.2973633 0.2543945
vn -0.8496094 0.4787598 0.2213135
vn -0.9233398 0.1464844 -0.3544922
vn -0.3391113 0.9150391 -0.2175293
vn -0.5507813 0.4147949 -0.7241211
vn -0.4294434 0.4147949 -0.8022461
vn -0.05661011 0.9150391 -0.3989258
vn -0.2700195 0.4057617 -0.8730469
vn 0.3393555 0.9150391 0.2175293
vn 0.05670166 0.9150391 0.3991699
vn 0.4294434 0.4145508 0.8022461
vn 0.5507813 0.4145508 0.7241211
vn 0.5742188 0.8164063 0.06347656
vn 0.6694336 0.385498 0.6352539
vn 0.1922607 0.8168945 -0.5439453
vn 0.06750488 0.1502686 -0.9863281
vn 0.8603516 0.4736328 -0.1893311
vn 0.9013672 0.09735107 0.4223633
vn 0.9233398 -0.3183594 -0.21521
vn 0.5576172 0.4775391 -0.6791992
vn 0.6152344 -0.3012695 -0.7285156
vn -0.5800781 -0.3146973 0.7514648
vn 0.01171112 0.09576416 0.9951172
vn 0.3869629 -0.4262695 0.8178711
vn -0.1907959 -0.8144531 0.5478516
vn -0.6171875 -0.7861328 -0.02708435
vn -0.9204102 -0.2973633 0.2543945
vn -0.9233398 0.1464844 -0.3544922
vn -0.6367188 -0.3867188 -0.6669922
vn 0.4558105 0.5673828 0.6860352
vn 0.4558105 0.5673828 0.6860352
vn 0.4558105 0.5673828 0.6860352
vn 0.4558105 0.5673828 0.6860352
vn 0.8515625 -0.01540375 -0.5244141
vn 0.8515625 -0.01540375 -0.5244141
vn 0.8515625 -0.01540375 -0.5244141
vn 0.8515625 -0.01540375 -0.5244141
vn -0.28125 0.8300781 -0.4816895
vn -0.28125 0.8300781 -0.4816895
vn -0.28125 0.8300781 -0.4816895
vn -0.28125 0.8300781 -0.4816895
vn -0.8334961 0.03775024 0.5512695
vn -0.8334961 0.03775024 0.5512695
vn -0.8334961 0.03775024 0.5512695
vn -0.8334961 0.03775024 0.5512695
vn 0.2924805 -0.815918 0.4985352
vn 0.2924805 -0.815918 0.4985352
vn 0.2924805 -0.815918 0.4985352
vn 0.2924805 -0.815918 0.4985352
vn 0.4006348 0.6738281 0.6206055
vn 0.4006348 0.6738281 0.6206055
vn 0.4006348 0.6738281 0.6206055
vn 0.4006348 0.6738281 0.6206055
vn 0.8510742 0.007091522 -0.5253906
vn 0.8510742 0.007091522 -0.5253906
vn 0.8510742 0.007091522 -0.5253906
vn 0.8510742 0.007091522 -0.5253906
vn -0.3535156 0.7470703 -0.5629883
vn -0.3535156 0.7470703 -0.5629883
vn -0.3535156 0.7470703 -0.5629883
vn -0.3535156 0.7470703 -0.5629883
vn -0.8349609 0.01947021 0.5498047
vn -0.8349609 0.01947021 0.5498047
vn -0.8349609 0.01947021 0.5498047
vn -0.8349609 0.01947021 0.5498047
vn 0.3632813 -0.7304688 0.578125
vn 0.3632813 -0.7304688 0.578125
vn 0.3632813 -0.7304688 0.578125
vn 0.3632813 -0.7304688 0.578125
vn -0.4816895 0.8095703 0.3356934
vn -0.4816895 0.8095703 0.3356934
vn -0.4816895 0.8095703 0.3356934
vn -0.4816895 0.8095703 0.3356934
vn 0.5385742 -0.004333496 0.8422852
vn 0.5385742 -0.004333496 0.8422852
vn 0.5385742 -0.004333496 0.8422852
vn 0.5385742 -0.004333496 0.8422852
vn 0.6777344 0.5966797 -0.4299316
vn 0.6777344 0.5966797 -0.4299316
vn 0.6777344 0.5966797 -0.4299316
vn 0.6777344 0.5966797 -0.4299316
vn -0.5576172 0.03622437 -0.8291016
vn -0.5576172 0.03622437 -0.8291016
vn -0.5576172 0.03622437 -0.8291016
vn -0.5576172 0.03622437 -0.8291016
vn -0.6894531 -0.5766602 0.4382324
vn -0.6894531 -0.5766602 0.4382324
vn -0.6894531 -0.5766602 0.4382324
vn -0.6894531 -0.5766602 0.4382324
vn -0.4587402 0.8286133 0.3210449
vn -0.4587402 0.8286133 0.3210449
vn -0.4587402 0.8286133 0.3210449
vn -0.4587402 0.8286133 0.3210449
vn 0.5390625 -0.003959656 0.8422852
vn 0.5390625 -0.003959656 0.8422852
vn 0.5390625 -0.003959656 0.8422852
vn 0.5390625 -0.003959656 0.8422852
vn 0.6933594 0.5698242 -0.440918
vn 0.6933594 0.5698242 -0.440918
vn 0.6933594 0.5698242 -0.440918
vn 0.6933594 0.5698242 -0.440918
vn -0.5571289 0.03662109 -0.8295898
vn -0.5571289 0.03662109 -0.8295898
vn -0.5571289 0.03662109 -0.8295898
vn -0.5571289 0.03662109 -0.8295898
vn -0.7045898 -0.5493164 0.4489746
vn -0.7045898 -0.5493164 0.4489746
vn -0.7045898 -0.5493164 0.4489746
vn -0.7045898 -0.5493164 0.4489746
vn 0.5546875 0.02076721 0.8320313
vn 0.5546875 0.02076721 0.8320313
vn 0.5546875 0.02076721 0.8320313
vn 0.5546875 0.02076721 0.8320313
vn 0.8427734 -0.007110596 -0.5380859
vn 0.8427734 -0.007110596 -0.5380859
vn 0.8427734 -0.007110596 -0.5380859
vn 0.8427734 -0.007110596 -0.5380859
vn 0.001555443 1 -0.01123047
vn 0.001555443 1 -0.01123047
vn 0.001555443 1 -0.01123047
vn 0.001555443 1 -0.01123047
vn -0.8208008 0.007926941 0.5708008
vn -0.8208008 0.007926941 0.5708008
vn -0.8208008 0.007926941 0.5708008
vn -0.8208008 0.007926941 0.5708008
vn 0.01206207 -0.9995117 0.03164673
vn 0.01206207 -0.9995117 0.03164673
vn 0.01206207 -0.9995117 0.03164673
vn 0.01206207 -0.9995117 0.03164673
vn 0.5546875 0.02076721 0.8320313
vn 0.5546875 0.02076721 0.8320313
vn 0.5546875 0.02076721 0.8320313
vn 0.5546875 0.02076721 0.8320313
vn 0.8427734 -0.00711441 -0.5380859
vn 0.8427734 -0.00711441 -0.5380859
vn 0.8427734 -0.00711441 -0.5380859
vn 0.8427734 -0.00711441 -0.5380859
vn 0.001553535 1 -0.0112381
vn 0.001553535 1 -0.0112381
vn 0.001553535 1 -0.0112381
vn 0.001553535 1 -0.0112381
vn -0.8208008 0.00793457 0.5708008
vn -0.8208008 0.00793457 0.5708008
vn -0.8208008 0.00793457 0.5708008
vn -0.8208008 0.00793457 0.5708008
vn 0.01206207 -0.9995117 0.03164673
vn 0.01206207 -0.9995117 0.03164673
vn 0.01206207 -0.9995117 0.03164673
vn 0.01206207 -0.9995117 0.03164673
vn -0.8330078 0.02076721 0.5527344
vn -0.8330078 0.02076721 0.5527344
vn -0.8330078 0.02076721 0.5527344
vn -0.8330078 0.02076721 0.5527344
vn 0.5361328 -0.00711441 0.8442383
vn 0.5361328 -0.00711441 0.8442383
vn 0.5361328 -0.00711441 0.8442383
vn 0.5361328 -0.00711441 0.8442383
vn 0.01123047 1 0.001581192
vn 0.01123047 1 0.001581192
vn 0.01123047 1 0.001581192
vn 0.01123047 1 0.001581192
vn -0.5688477 0.00793457 -0.8222656
vn -0.5688477 0.00793457 -0.8222656
vn -0.5688477 0.00793457 -0.8222656
vn -0.5688477 0.00793457 -0.8222656
vn -0.03167725 -0.9995117 0.01198578
vn -0.03167725 -0.9995117 0.01198578
vn -0.03167725 -0.9995117 0.01198578
vn -0.03167725 -0.9995117 0.01198578
vn -0.8330078 0.02076721 0.5527344
vn -0.8330078 0.02076721 0.5527344
vn -0.8330078 0.02076721 0.5527344
vn -0.8330078 0.02076721 0.5527344
vn 0.5361328 -0.00711441 0.8442383
vn 0.5361328 -0.00711441 0.8442383
vn 0.5361328 -0.00711441 0.8442383
vn 0.5361328 -0.00711441 0.8442383
vn 0.0112381 1 0.001577377
vn 0.0112381 1 0.001577377
vn 0.0112381 1 0.001577377
vn 0.0112381 1 0.001577377
vn -0.5688477 0.00793457 -0.8222656
vn -0.5688477 0.00793457 -0.8222656
vn -0.5688477 0.00793457 -0.8222656
vn -0.5688477 0.00793457 -0.8222656
vn -0.03167725 -0.9995117 0.01199341
vn -0.03167725 -0.9995117 0.01199341
vn -0.03167725 -0.9995117 0.01199341
vn -0.03167725 -0.9995117 0.01199341
vn -0.9008789 0.4057617 0.1547852
vn -0.3481445 0.9326172 -0.09460449
vn -0.3830566 0.918457 0.09991455
vn -0.8710938 0.4228516 -0.2495117
vn -0.9829102 0.002086639 0.1844482
vn -0.9614258 0.003932953 -0.2749023
vn -0.2756348 0.9291992 -0.2468262
vn -0.703125 0.4162598 -0.5761719
vn -0.7666016 0.002296448 -0.6420898
vn -0.2250977 0.921875 -0.3156738
vn -0.5566406 0.3937988 -0.7314453
vn -0.5986328 0.0004935265 -0.8007813
vn -0.4770508 0.0005431175 -0.8789063
vn -0.1940918 0.921875 -0.3352051
vn -0.4296875 0.3972168 -0.8110352
vn -0.1052246 0.9306641 -0.3498535
vn 0.08721924 0.9355469 -0.3415527
vn -0.2076416 0.4240723 -0.8813477
vn -0.2426758 0.002590179 -0.9702148
vn 0.2149658 0.4304199 -0.8764648
vn 0.3225098 0.8969727 -0.3024902
vn 0.2376709 0.004489899 -0.9711914
vn 0.6245117 0.4116211 -0.6635742
vn 0.6977539 0.002349854 -0.7163086
vn 0.8413086 0 -0.5405273
vn 0.7773438 0.3825684 -0.4992676
vn 0.8413086 0 -0.5405273
vn 0.7773438 0.3825684 -0.4992676
vn 0.3227539 0.9233398 -0.2072754
vn 0.3220215 0.9238281 -0.2067871
vn 0.9584961 -0.00096035 -0.2854004
vn 0.8803711 0.4091797 -0.2406006
vn 0.3706055 0.9174805 -0.1461182
vn 0.3381348 0.9345703 0.1105957
vn 0.8662109 0.4260254 0.2619629
vn 0.956543 -0.001395226 0.2919922
vn 0.9667969 0 -0.255127
vn 0.9755859 0 -0.2205811
vn 0.8457031 0 0.5336914
vn 0.8984375 0 0.4387207
vn -0.9814453 0 0.1915283
vn -0.8457031 0 -0.5336914
vn -0.7885742 0 -0.6152344
vn -0.9755859 0 0.2205811
vn -0.5825195 0 0.8129883
vn -0.6064453 0 0.7949219
vn 0.9755859 0 -0.2205811
vn 0.9667969 0 -0.255127
vn 0.6342773 0 -0.7729492
vn 0.6064453 0 -0.7949219
vn -0.02513123 0 -0.9995117
vn -0.1334229 0 -0.9912109
vn 0.8457031 0 0.5336914
vn 0.1334229 0 0.9912109
vn 0.2312012 0 0.9731445
vn 0.8984375 0 0.4387207
vn 0.2312012 0 0.9731445
vn 0.1334229 0 0.9912109
vn -0.6064453 0 0.7949219
vn -0.5825195 0 0.8129883
vn -0.1334229 0 -0.9912109
vn -0.02513123 0 -0.9995117
vn -0.7885742 0 -0.6152344
vn -0.8457031 0 -0.5336914
vn 0.9667969 0 -0.255127
vn 0.9755859 0 -0.2205811
vn 0.8457031 0 0.5336914
vn 0.8984375 0 0.4387207
vn -0.9814453 0 0.1915283
vn -0.8457031 0 -0.5336914
vn -0.7885742 0 -0.6152344
vn -0.9755859 0 0.2205811
vn -0.5825195 0 0.8129883
vn -0.6064453 0 0.7949219
vn 0.9755859 0 -0.2205811
vn 0.9667969 0 -0.255127
vn 0.6342773 0 -0.7729492
vn 0.6064453 0 -0.7949219
vn -0.02514648 0 -0.9995117
vn -0.1334229 0 -0.9912109
vn 0.8457031 0 0.5336914
vn 0.1334229 0 0.9912109
vn 0.2312012 0 0.9731445
vn 0.8984375 0 0.4387207
vn 0.2312012 0 0.9731445
vn 0.1334229 0 0.9912109
vn -0.6064453 0 0.7949219
vn -0.5825195 0 0.8129883
vn -0.1334229 0 -0.9912109
vn -0.02514648 0 -0.9995117
vn -0.7885742 0 -0.6152344
vn -0.8457031 0 -0.5336914
vn 0.5405273 0 0.8413086
vn 0.4165039 0.2473145 0.875
vn 0.4455566 0.3149414 0.8378906
vn 0.4421387 0 0.8969727
vn 0.3662109 0 0.9306641
vn 0.3554688 0.08288574 0.9311523
vn -0.8413086 0 0.5405273
vn -0.8413086 0 0.5405273
vn -0.8413086 0 0.5405273
vn -0.8413086 0 0.5405273
vn -0.2017822 0.9707031 0.1295166
vn -0.2017822 0.9707031 0.1295166
vn -0.3098145 0.9296875 0.1988525
vn -0.3098145 0.9296875 0.1988525
vn -0.4121094 0.8720703 0.2646484
vn -0.4121094 0.8720703 0.2646484
vn -0.6220703 0.2473145 -0.7426758
vn -0.6401367 0.4423828 -0.6279297
vn -0.6987305 0.08288574 -0.7104492
vn -0.5629883 0.5288086 -0.6352539
vn -0.5766602 0.3149414 -0.7539063
vn 0.4165039 0.2473145 0.875
vn 0.3554688 0.08288574 0.9311523
vn 0.3046875 0.4423828 0.8432617
vn 0.4455566 0.3149414 0.8378906
vn 0.3435059 0.5288086 0.7763672
vn -0.6318359 0 -0.7753906
vn -0.6987305 0.08288574 -0.7104492
vn -0.6938477 0 -0.7202148
vn -0.6220703 0.2473145 -0.7426758
vn -0.5766602 0.3149414 -0.7539063
vn -0.5405273 0 -0.8413086
vn 0.5390625 0.2287598 -0.8105469
vn 0.9614258 0.2287598 -0.1529541
vn 0.7871094 0.6069336 -0.1095581
vn 0.4272461 0.6069336 -0.6704102
vn -0.1164551 0.1116333 -0.9868164
vn -0.1414795 0.4250488 -0.894043
vn -0.4716797 0.02037048 -0.8813477
vn -0.5126953 0.2573242 -0.8193359
vn -0.6030273 -0.01959229 -0.7973633
vn -0.6347656 0.2200928 -0.7407227
vn -0.8164063 -0.09735107 -0.5688477
vn -0.8886719 0.1972656 -0.4143066
vn -0.9697266 -0.2231445 0.1002197
vn -0.9580078 0.1845703 0.2192383
vn -0.4946289 -0.2231445 0.8398438
vn -0.5981445 0.1845703 0.7797852
vn -0.3850098 0.7802734 0.4931641
vn -0.5981445 0.1845703 0.7797852
vn -0.9580078 0.1845703 0.2192383
vn -0.6088867 0.7802734 0.1448975
vn -0.1791992 0.9453125 0.2731934
vn -0.6826172 0.6782227 -0.2719727
vn -0.8886719 0.1972656 -0.4143066
vn -0.6347656 0.2200928 -0.7407227
vn -0.322998 0.9453125 0.04925537
vn -0.09082031 0.972168 0.2164307
vn -0.5488281 0.7421875 -0.3850098
vn -0.5126953 0.2573242 -0.8193359
vn -0.2346191 0.972168 -0.007484436
vn 0.2314453 0.9677734 0.09735107
vn -0.4487305 0.7724609 -0.4492188
vn -0.2824707 0.800293 -0.5288086
vn -0.1414795 0.4250488 -0.894043
vn 0.4272461 0.6069336 -0.6704102
vn 0.007762909 0.9677734 -0.2509766
vn 0.7871094 0.6069336 -0.1095581
vn 0.7543945 0.4250488 0.5004883
vn 0.7871094 0.6069336 -0.1095581
vn 0.9614258 0.2287598 -0.1529541
vn 0.8491211 0.1116333 0.5166016
vn 0.5317383 0.2573242 0.8071289
vn 0.6054688 0.02037048 0.7958984
vn 0.4094238 0.2200928 0.8852539
vn 0.4743652 -0.01960754 0.8798828
vn 0.00712204 0.1972656 0.9804688
vn 0.1776123 -0.09741211 0.9794922
vn -0.5981445 0.1845703 0.7797852
vn -0.4946289 -0.2231445 0.8398438
vn 0.5390625 0.2287598 -0.8105469
vn 0.9614258 0.2287598 -0.1529541
vn 0.7871094 0.6069336 -0.1095581
vn 0.4272461 0.6069336 -0.6704102
vn -0.1164551 0.1116333 -0.9868164
vn -0.1414795 0.4250488 -0.894043
vn -0.4716797 0.02037048 -0.8813477
vn -0.5126953 0.2573242 -0.8193359
vn -0.6030273 -0.01960754 -0.7973633
vn -0.6347656 0.2200928 -0.7407227
vn -0.8164063 -0.09741211 -0.5688477
vn -0.8886719 0.1972656 -0.4143066
vn -0.9697266 -0.2231445 0.1002197
vn -0.9580078 0.1845703 0.2192383
vn -0.4946289 -0.2231445 0.8398438
vn -0.5981445 0.1845703 0.7797852
vn -0.5981445 0.1845703 0.7797852
vn 0.1776123 -0.09741211 0.9794922
vn -0.4946289 -0.2231445 0.8398438
vn 0.00712204 0.1972656 0.9804688
vn 0.4743652 -0.01960754 0.8798828
vn 0.4094238 0.2200928 0.8852539
vn 0.6054688 0.02037048 0.7958984
vn 0.5317383 0.2573242 0.8071289
vn 0.8491211 0.1116333 0.5166016
vn 0.7543945 0.4250488 0.5004883
vn 0.9614258 0.2287598 -0.1529541
vn 0.7871094 0.6069336 -0.1095581
vn -0.3850098 0.7802734 0.4931641
vn -0.5981445 0.1845703 0.7797852
vn -0.9580078 0.1845703 0.2192383
vn -0.6088867 0.7802734 0.1448975
vn -0.1791992 0.9453125 0.2731934
vn -0.6826172 0.6782227 -0.2719727
vn -0.8886719 0.1972656 -0.4143066
vn -0.6347656 0.2200928 -0.7407227
vn -0.322998 0.9453125 0.04925537
vn -0.09082031 0.972168 0.2164307
vn -0.5488281 0.7421875 -0.3850098
vn -0.5126953 0.2573242 -0.8193359
vn -0.2346191 0.972168 -0.007484436
vn 0.2314453 0.9677734 0.09735107
vn -0.4487305 0.7724609 -0.4492188
vn -0.2824707 0.800293 -0.5288086
vn -0.1414795 0.4250488 -0.894043
vn 0.4272461 0.6069336 -0.6704102
vn 0.007762909 0.9677734 -0.2509766
vn 0.7871094 0.6069336 -0.1095581
vn -0.4946289 -0.2231445 0.8398438
vn -0.9580078 0.1845703 0.2192383
vn -0.5981445 0.1845703 0.7797852
vn -0.9697266 -0.2231445 0.1002197
vn -0.8886719 0.1972656 -0.4143066
vn -0.8164063 -0.09735107 -0.5688477
vn -0.6347656 0.2200928 -0.7407227
vn -0.6030273 -0.01960754 -0.7973633
vn -0.5126953 0.2573242 -0.8193359
vn -0.4716797 0.02037048 -0.8813477
vn -0.1414795 0.4250488 -0.894043
vn -0.1164551 0.1116333 -0.9868164
vn 0.4272461 0.6069336 -0.6704102
vn 0.5390625 0.2287598 -0.8105469
vn 0.7871094 0.6069336 -0.1095581
vn 0.9614258 0.2287598 -0.1529541
vn 0.7543945 0.4250488 0.5004883
vn 0.7871094 0.6069336 -0.1095581
vn 0.9614258 0.2287598 -0.1529541
vn 0.8491211 0.1116333 0.5166016
vn 0.5317383 0.2573242 0.8071289
vn 0.6054688 0.02037048 0.7958984
vn 0.4094238 0.2200928 0.8852539
vn 0.4743652 -0.01960754 0.8798828
vn 0.00712204 0.1972656 0.9804688
vn 0.1776123 -0.09741211 0.9794922
vn -0.5981445 0.1845703 0.7797852
vn -0.4946289 -0.2231445 0.8398438
vn -0.3850098 0.7802734 0.4931641
vn -0.5981445 0.1845703 0.7797852
vn -0.9580078 0.1845703 0.2192383
vn -0.6088867 0.7802734 0.1448975
vn -0.1791992 0.9453125 0.2731934
vn -0.6826172 0.6782227 -0.2719727
vn -0.8886719 0.1972656 -0.4143066
vn -0.6347656 0.2200928 -0.7407227
vn -0.322998 0.9453125 0.04925537
vn -0.09082031 0.972168 0.2164307
vn -0.5488281 0.7421875 -0.3850098
vn -0.5126953 0.2573242 -0.8193359
vn -0.2346191 0.972168 -0.007480621
vn 0.2314453 0.9677734 0.09735107
vn -0.4487305 0.7724609 -0.4492188
vn -0.2824707 0.800293 -0.5288086
vn -0.1414795 0.4250488 -0.894043
vn 0.4272461 0.6069336 -0.6704102
vn 0.007766724 0.9677734 -0.2509766
vn 0.7871094 0.6069336 -0.1095581
vn 0.473877 -0.824707 -0.3083496
vn -0.001018524 -1 0.0006656647
vn 0.001019478 -1 -0.0006613731
vn 0.4726563 -0.8256836 -0.3076172
vn 0.7895508 -0.3354492 -0.5141602
vn 0.7895508 -0.3361816 -0.5136719
vn 0.8378906 0 -0.5454102
vn 0.8378906 0 -0.5454102
vn -0.7895508 -0.3361816 0.5136719
vn -0.8378906 0 0.5454102
vn -0.8378906 0 0.5454102
vn -0.7895508 -0.3354492 0.5141602
vn -0.4726563 -0.8256836 0.3076172
vn -0.473877 -0.824707 0.3083496
vn 0.001019478 -1 -0.0006613731
vn -0.001018524 -1 0.0006656647
vn 0 1 0
vn 0 1 0
vn 0 1 0
vn 0 1 0
vn 0.5405273 0 0.8413086
vn 0.5405273 0 0.8413086
vn 0.5405273 0 0.8413086
vn 0.5405273 0 0.8413086
vn 0.5405273 0 0.8413086
vn 0.5405273 0 0.8413086
vn 0.5405273 0 0.8413086
vn -0.8476563 0.06402588 0.5268555
vn -0.9433594 0.01617432 0.3320313
vn -0.9331055 0.05535889 0.3554688
vn -0.847168 0.02032471 0.5307617
vn -0.7578125 0.05950928 0.6494141
vn -0.9414063 -0.015625 0.3371582
vn -0.7426758 0.01579285 0.6694336
vn -0.8452148 -0.01820374 0.5341797
vn -0.9360352 -0.02807617 0.3508301
vn -0.7333984 -0.02149963 0.6791992
vn -0.8413086 -0.03010559 0.5395508
vn -0.7319336 -0.03381348 0.6801758
vn -0.8735352 -0.3505859 0.3374023
vn -0.7905273 -0.3562012 0.4985352
vn -0.6962891 -0.3344727 0.6352539
vn -0.7177734 -0.6337891 0.2878418
vn -0.6430664 -0.640625 0.4196777
vn -0.6948242 -0.5922852 0.4077148
vn -0.5996094 -0.5874023 0.543457
vn -0.8051758 -0.348877 0.4799805
vn -0.7924805 -0.3398438 0.5063477
vn -0.6958008 -0.5756836 0.4296875
vn -0.6518555 -0.543457 0.5288086
vn -0.8574219 -0.295166 0.421875
vn -0.7553711 -0.5458984 0.3620605
vn -0.7294922 -0.5117188 0.4538574
vn -0.8203125 -0.2210693 0.5273438
vn -0.8955078 -0.02946472 0.4443359
vn -0.8374023 -0.02983093 0.5458984
vn -0.8935547 -0.01913452 0.4487305
vn -0.8388672 -0.0198822 0.5439453
vn -0.894043 0.007209778 0.4475098
vn -0.8525391 -0.005737305 0.5229492
vn -0.9067383 0.04211426 0.4191895
vn -0.8701172 0.01422882 0.4926758
vn -0.7543945 -0.293457 0.5869141
vn -0.824707 -0.1887207 0.5332031
vn -0.7158203 -0.5205078 0.4655762
vn -0.784668 -0.02398682 0.6196289
vn -0.8417969 -0.02218628 0.5395508
vn -0.8457031 -0.0131073 0.5336914
vn -0.7749023 -0.01376343 0.6318359
vn -0.7592773 0.009025574 0.6503906
vn -0.8378906 -0.002151489 0.5458984
vn -0.7246094 0.04150391 0.6875
vn -0.8217773 0.02168274 0.5693359
vn -0.7426758 0.01579285 0.6694336
vn -0.7578125 0.05950928 0.6494141
vn -0.7055664 0.04971313 0.706543
vn -0.7001953 0.0114975 0.7138672
vn -0.7333984 -0.02149963 0.6791992
vn -0.6943359 -0.0229187 0.7192383
vn -0.7319336 -0.03381348 0.6801758
vn -0.6967773 -0.03591919 0.7163086
vn -0.6962891 -0.3344727 0.6352539
vn -0.7924805 -0.3398438 0.5063477
vn -0.8955078 -0.02946472 0.4443359
vn -0.8574219 -0.295166 0.421875
vn -0.9414063 -0.02920532 0.3359375
vn -0.8935547 -0.01913452 0.4487305
vn -0.9375 -0.0181427 0.3479004
vn -0.894043 0.007209778 0.4475098
vn -0.9277344 0.01564026 0.3728027
vn -0.9067383 0.04211426 0.4191895
vn -0.9204102 0.05368042 0.3876953
vn -0.9331055 0.05535889 0.3554688
vn -0.9736328 0.01151276 0.2288818
vn -0.9731445 0.04470825 0.2255859
vn -0.9433594 0.01617432 0.3320313
vn -0.9682617 -0.01493073 0.2491455
vn -0.9414063 -0.015625 0.3371582
vn -0.9624023 -0.02801514 0.2700195
vn -0.9360352 -0.02807617 0.3508301
vn -0.8051758 -0.348877 0.4799805
vn -0.8735352 -0.3505859 0.3374023
vn -0.7543945 -0.293457 0.5869141
vn -0.7202148 -0.02592468 0.6933594
vn -0.784668 -0.02398682 0.6196289
vn -0.6928711 -0.01371765 0.7207031
vn -0.7749023 -0.01376343 0.6318359
vn -0.6704102 0.01634216 0.7416992
vn -0.7592773 0.009025574 0.6503906
vn -0.6713867 0.05078125 0.7392578
vn -0.7246094 0.04150391 0.6875
vn 0.7871094 0.6069336 -0.1095581
vn 0.7543945 0.4250488 0.5004883
vn 0.3635254 0.800293 0.4768066
vn 0.2314453 0.9677734 0.09735107
vn 0.5317383 0.2573242 0.8071289
vn -0.09082031 0.972168 0.2164307
vn 0.2219238 0.7724609 0.5947266
vn 0.4094238 0.2200928 0.8852539
vn 0.1217651 0.7421875 0.6591797
vn -0.1791992 0.9453125 0.2731934
vn -0.03671265 0.6782227 0.7338867
vn 0.00712204 0.1972656 0.9804688
vn -0.3850098 0.7802734 0.4931641
vn -0.5981445 0.1845703 0.7797852
vn -0.5981445 0.1845703 0.7797852
vn -0.3850098 0.7802734 0.4931641
vn -0.03671265 0.6782227 0.7338867
vn 0.00712204 0.1972656 0.9804688
vn -0.1791992 0.9453125 0.2731934
vn 0.4094238 0.2200928 0.8852539
vn 0.1217651 0.7421875 0.6591797
vn -0.09082031 0.972168 0.2164307
vn 0.2219238 0.7724609 0.5947266
vn 0.5317383 0.2573242 0.8071289
vn 0.3635254 0.800293 0.4768066
vn 0.2314453 0.9677734 0.09735107
vn 0.7543945 0.4250488 0.5004883
vn 0.7871094 0.6069336 -0.1095581
vn 0.7871094 0.6069336 -0.1095581
vn 0.7543945 0.4250488 0.5004883
vn 0.3635254 0.800293 0.4768066
vn 0.2314453 0.9677734 0.09735107
vn 0.5317383 0.2573242 0.8071289
vn -0.09082031 0.972168 0.2164307
vn 0.2219238 0.7724609 0.5947266
vn 0.4094238 0.2200928 0.8852539
vn 0.1217651 0.7421875 0.6591797
vn -0.1791992 0.9453125 0.2731934
vn -0.03671265 0.6782227 0.7338867
vn 0.00712204 0.1972656 0.9804688
vn -0.3850098 0.7802734 0.4931641
vn -0.5981445 0.1845703 0.7797852
vn 0.7871094 0.6069336 -0.1095581
vn 0.7543945 0.4250488 0.5004883
vn 0.3635254 0.800293 0.4768066
vn 0.2314453 0.9677734 0.09735107
vn 0.5317383 0.2573242 0.8071289
vn -0.09082031 0.972168 0.2164307
vn 0.2219238 0.7724609 0.5947266
vn 0.4094238 0.2200928 0.8852539
vn 0.1217651 0.7421875 0.6591797
vn -0.1791992 0.9453125 0.2731934
vn -0.03671265 0.6782227 0.7338867
vn 0.00712204 0.1972656 0.9804688
vn -0.3850098 0.7802734 0.4931641
vn -0.5981445 0.1845703 0.7797852
vn -0.5981445 0.1845703 0.7797852
vn -0.3850098 0.7802734 0.4931641
vn -0.03671265 0.6782227 0.7338867
vn 0.00712204 0.1972656 0.9804688
vn -0.1791992 0.9453125 0.2731934
vn 0.4094238 0.2200928 0.8852539
vn 0.1217651 0.7421875 0.6591797
vn -0.09082031 0.972168 0.2164307
vn 0.2219238 0.7724609 0.5947266
vn 0.5317383 0.2573242 0.8071289
vn 0.3635254 0.800293 0.4768066
vn 0.2314453 0.9677734 0.09735107
vn 0.7543945 0.4250488 0.5004883
vn 0.7871094 0.6069336 -0.1095581
vn 0.7871094 0.6069336 -0.1095581
vn 0.7543945 0.4250488 0.5004883
vn 0.3635254 0.800293 0.4768066
vn 0.2314453 0.9677734 0.09735107
vn 0.5317383 0.2573242 0.8071289
vn -0.09082031 0.972168 0.2164307
vn 0.2219238 0.7724609 0.5947266
vn 0.4094238 0.2200928 0.8852539
vn 0.1217651 0.7421875 0.6591797
vn -0.1791992 0.9453125 0.2731934
vn -0.03671265 0.6782227 0.7338867
vn 0.00712204 0.1972656 0.9804688
vn -0.3850098 0.7802734 0.4931641
vn -0.5981445 0.1845703 0.7797852
g Baking_Cottage_0
f 3/3/3 2/2/2 1/1/1
f 6/6/6 5/5/5 4/4/4
f 7/7/7 6/6/6 4/4/4
f 10/10/10 9/9/9 8/8/8
f 11/11/11 10/10/10 8/8/8
f 14/14/14 13/13/13 12/12/12
f 15/15/15 14/14/14 12/12/12
f 18/18/18 17/17/17 16/16/16
f 19/19/19 18/18/18 16/16/16
f 22/22/22 21/21/21 20/20/20
f 23/23/23 22/22/22 20/20/20
f 26/26/26 25/25/25 24/24/24
f 25/25/25 27/27/27 24/24/24
f 28/28/28 24/24/24 27/27/27
f 29/29/29 28/28/28 27/27/27
f 30/30/30 28/28/28 29/29/29
f 31/31/31 30/30/30 29/29/29
f 32/32/32 30/30/30 31/31/31
f 33/33/33 32/32/32 31/31/31
f 34/34/34 32/32/32 33/33/33
f 35/35/35 34/34/34 33/33/33
f 34/34/34 35/35/35 36/36/36
f 37/37/37 34/34/34 36/36/36
f 38/38/38 37/37/37 36/36/36
f 39/39/39 38/38/38 36/36/36
f 38/38/38 39/39/39 40/40/40
f 41/41/41 38/38/38 40/40/40
f 41/41/41 40/40/40 42/42/42
f 40/40/40 43/43/43 42/42/42
f 44/44/44 42/42/42 43/43/43
f 45/45/45 44/44/44 43/43/43
f 46/46/46 44/44/44 45/45/45
f 47/47/47 46/46/46 45/45/45
f 48/48/48 46/46/46 47/47/47
f 49/49/49 48/48/48 47/47/47
f 50/50/50 48/48/48 49/49/49
f 51/51/51 50/50/50 49/49/49
f 40/40/40 53/53/53 52/52/52
f 54/54/54 52/52/52 53/53/53
f 55/55/55 54/54/54 53/53/53
f 55/55/55 35/35/35 54/54/54
f 45/45/45 57/57/57 56/56/56
f 57/57/57 58/58/58 56/56/56
f 56/56/56 58/58/58 59/59/59
f 58/58/58 60/60/60 59/59/59
f 59/59/59 60/60/60 61/61/61
f 60/60/60 62/62/62 61/61/61
f 60/60/60 58/58/58 63/63/63
f 58/58/58 64/64/64 63/63/63
f 62/62/62 60/60/60 65/65/65
f 60/60/60 63/63/63 65/65/65
f 62/62/62 65/65/65 66/66/66
f 67/67/67 62/62/62 66/66/66
f 68/68/68 66/66/66 65/65/65
f 68/68/68 65/65/65 69/69/69
f 65/65/65 63/63/63 69/69/69
f 70/70/70 69/69/69 63/63/63
f 64/64/64 70/70/70 63/63/63
f 31/31/31 70/70/70 64/64/64
f 71/71/71 31/31/31 64/64/64
f 74/74/74 73/73/73 72/72/72
f 73/73/73 75/75/75 72/72/72
f 73/73/73 76/76/76 75/75/75
f 76/76/76 73/73/73 77/77/77
f 78/78/78 76/76/76 77/77/77
f 79/79/79 76/76/76 78/78/78
f 80/80/80 79/79/79 78/78/78
f 79/79/79 81/81/81 76/76/76
f 81/81/81 82/82/82 76/76/76
f 76/76/76 82/82/82 75/75/75
f 81/81/81 83/83/83 82/82/82
f 83/83/83 84/84/84 82/82/82
f 82/82/82 84/84/84 75/75/75
f 84/84/84 85/85/85 75/75/75
f 88/88/88 87/87/87 86/86/86
f 89/89/89 88/88/88 86/86/86
f 89/89/89 86/86/86 90/90/90
f 91/91/91 89/89/89 90/90/90
f 91/91/91 90/90/90 92/92/92
f 93/93/93 91/91/91 92/92/92
f 96/96/96 95/95/95 94/94/94
f 97/97/97 96/96/96 94/94/94
f 100/100/100 99/99/99 98/98/98
f 101/101/101 100/100/100 98/98/98
f 101/101/101 98/98/98 102/102/102
f 103/103/103 101/101/101 102/102/102
f 106/106/106 105/105/105 104/104/104
f 107/107/107 106/106/106 104/104/104
f 108/108/108 106/106/106 107/107/107
f 109/109/109 108/108/108 107/107/107
f 110/110/110 108/108/108 109/109/109
f 111/111/111 110/110/110 109/109/109
f 112/112/112 110/110/110 111/111/111
f 113/113/113 112/112/112 111/111/111
f 114/114/114 112/112/112 113/113/113
f 115/115/115 114/114/114 113/113/113
f 116/116/116 114/114/114 115/115/115
f 117/117/117 116/116/116 115/115/115
f 117/117/117 104/104/104 118/118/118
f 119/119/119 117/117/117 118/118/118
f 109/109/109 107/107/107 120/120/120
f 111/111/111 109/109/109 121/121/121
f 121/121/121 109/109/109 120/120/120
f 113/113/113 111/111/111 122/122/122
f 122/122/122 111/111/111 121/121/121
f 115/115/115 113/113/113 123/123/123
f 123/123/123 113/113/113 122/122/122
f 107/107/107 104/104/104 124/124/124
f 120/120/120 107/107/107 124/124/124
f 117/117/117 115/115/115 125/125/125
f 125/125/125 115/115/115 123/123/123
f 122/122/122 121/121/121 126/126/126
f 127/127/127 122/122/122 126/126/126
f 123/123/123 122/122/122 127/127/127
f 126/126/126 121/121/121 128/128/128
f 121/121/121 120/120/120 128/128/128
f 129/129/129 123/123/123 127/127/127
f 125/125/125 123/123/123 129/129/129
f 128/128/128 120/120/120 130/130/130
f 120/120/120 124/124/124 130/130/130
f 124/124/124 131/131/131 130/130/130
f 131/131/131 124/124/124 104/104/104
f 104/104/104 132/132/132 131/131/131
f 104/104/104 117/117/117 132/132/132
f 133/133/133 125/125/125 129/129/129
f 117/117/117 134/134/134 132/132/132
f 134/134/134 117/117/117 125/125/125
f 134/134/134 125/125/125 133/133/133
f 135/135/135 132/132/132 134/134/134
f 135/135/135 134/134/134 133/133/133
f 138/138/138 137/137/137 136/136/136
f 139/139/139 138/138/138 136/136/136
f 142/142/142 141/141/141 140/140/140
f 141/141/141 143/143/143 140/140/140
f 143/143/143 141/141/141 144/144/144
f 145/145/145 143/143/143 144/144/144
f 146/146/146 145/145/145 144/144/144
f 147/147/147 146/146/146 144/144/144
f 146/146/146 147/147/147 148/148/148
f 149/149/149 146/146/146 148/148/148
f 152/152/152 151/151/151 150/150/150
f 153/153/153 152/152/152 150/150/150
f 154/154/154 153/153/153 150/150/150
f 155/155/155 153/153/153 154/154/154
f 156/156/156 155/155/155 154/154/154
f 157/157/157 156/156/156 154/154/154
f 157/157/157 159/159/159 158/158/158
f 159/159/159 160/160/160 158/158/158
f 158/158/158 160/160/160 161/161/161
f 162/162/162 158/158/158 161/161/161
f 165/165/165 164/164/164 163/163/163
f 164/164/164 166/166/166 163/163/163
f 163/163/163 166/166/166 167/167/167
f 166/166/166 168/168/168 167/167/167
f 171/171/171 170/170/170 169/169/169
f 172/172/172 171/171/171 169/169/169
f 175/175/175 174/174/174 173/173/173
f 176/176/176 175/175/175 173/173/173
f 179/179/179 178/178/178 177/177/177
f 180/180/180 179/179/179 177/177/177
f 183/183/183 182/182/182 181/181/181
f 184/184/184 183/183/183 181/181/181
f 187/187/187 186/186/186 185/185/185
f 188/188/188 187/187/187 185/185/185
f 189/189/189 187/187/187 188/188/188
f 190/190/190 189/189/189 188/188/188
f 191/191/191 189/189/189 190/190/190
f 192/192/192 191/191/191 190/190/190
f 195/195/195 194/194/194 193/193/193
f 196/196/196 195/195/195 193/193/193
f 199/199/199 198/198/198 197/197/197
f 198/198/198 200/200/200 197/197/197
f 197/197/197 200/200/200 201/201/201
f 200/200/200 202/202/202 201/201/201
f 201/201/201 202/202/202 203/203/203
f 204/204/204 201/201/201 203/203/203
f 204/204/204 203/203/203 205/205/205
f 203/203/203 206/206/206 205/205/205
f 209/209/209 208/208/208 207/207/207
f 210/210/210 209/209/209 207/207/207
f 213/213/213 212/212/212 211/211/211
f 214/214/214 213/213/213 211/211/211
f 217/217/217 216/216/216 215/215/215
f 218/218/218 217/217/217 215/215/215
f 221/221/221 220/220/220 219/219/219
f 222/222/222 221/221/221 219/219/219
f 223/223/223 221/221/221 222/222/222
f 224/224/224 223/223/223 222/222/222
f 227/227/227 226/226/226 225/225/225
f 228/228/228 227/227/227 225/225/225
f 231/231/231 230/230/230 229/229/229
f 232/232/232 231/231/231 229/229/229
f 231/231/231 232/232/232 233/233/233
f 234/234/234 231/231/231 233/233/233
f 237/237/237 236/236/236 235/235/235
f 238/238/238 237/237/237 235/235/235
f 241/241/241 240/240/240 239/239/239
f 242/242/242 241/241/241 239/239/239
f 245/245/245 244/244/244 243/243/243
f 246/246/246 245/245/245 243/243/243
f 249/249/249 248/248/248 247/247/247
f 250/250/250 249/249/249 247/247/247
f 253/253/253 252/252/252 251/251/251
f 254/254/254 253/253/253 251/251/251
f 254/254/254 255/255/255 253/253/253
f 255/255/255 256/256/256 253/253/253
f 257/257/257 255/255/255 254/254/254
f 255/255/255 257/257/257 258/258/258
f 256/256/256 259/259/259 253/253/253
f 253/253/253 259/259/259 260/260/260
f 261/261/261 257/257/257 254/254/254
f 262/262/262 261/261/261 254/254/254
f 257/257/257 263/263/263 258/258/258
f 263/263/263 257/257/257 261/261/261
f 258/258/258 263/263/263 264/264/264
f 259/259/259 256/256/256 265/265/265
f 256/256/256 266/266/266 265/265/265
f 265/265/265 266/266/266 267/267/267
f 265/265/265 268/268/268 259/259/259
f 268/268/268 265/265/265 267/267/267
f 259/259/259 269/269/269 260/260/260
f 268/268/268 269/269/269 259/259/259
f 260/260/260 270/270/270 262/262/262
f 269/269/269 270/270/270 260/260/260
f 270/270/270 271/271/271 262/262/262
f 271/271/271 261/261/261 262/262/262
f 272/272/272 270/270/270 269/269/269
f 268/268/268 272/272/272 269/269/269
f 273/273/273 268/268/268 267/267/267
f 273/273/273 272/272/272 268/268/268
f 273/273/273 267/267/267 264/264/264
f 274/274/274 272/272/272 273/273/273
f 261/261/261 271/271/271 275/275/275
f 271/271/271 274/274/274 275/275/275
f 275/275/275 263/263/263 261/261/261
f 276/276/276 273/273/273 264/264/264
f 276/276/276 274/274/274 273/273/273
f 264/264/264 263/263/263 276/276/276
f 275/275/275 274/274/274 276/276/276
f 263/263/263 275/275/275 276/276/276
f 279/279/279 278/278/278 277/277/277
f 280/280/280 279/279/279 277/277/277
f 283/283/283 282/282/282 281/281/281
f 284/284/284 283/283/283 281/281/281
f 287/287/287 286/286/286 285/285/285
f 288/288/288 287/287/287 285/285/285
f 291/291/291 290/290/290 289/289/289
f 292/292/292 291/291/291 289/289/289
f 295/295/295 294/294/294 293/293/293
f 296/296/296 295/295/295 293/293/293
f 299/299/299 298/298/298 297/297/297
f 300/300/300 299/299/299 297/297/297
f 303/303/303 302/302/302 301/301/301
f 304/304/304 303/303/303 301/301/301
f 307/307/307 306/306/306 305/305/305
f 308/308/308 307/307/307 305/305/305
f 311/311/311 310/310/310 309/309/309
f 312/312/312 311/311/311 309/309/309
f 315/315/315 314/314/314 313/313/313
f 316/316/316 315/315/315 313/313/313
f 319/319/319 318/318/318 317/317/317
f 320/320/320 319/319/319 317/317/317
f 323/323/323 322/322/322 321/321/321
f 324/324/324 323/323/323 321/321/321
f 327/327/327 326/326/326 325/325/325
f 328/328/328 327/327/327 325/325/325
f 331/331/331 330/330/330 329/329/329
f 332/332/332 331/331/331 329/329/329
f 335/335/335 334/334/334 333/333/333
f 336/336/336 335/335/335 333/333/333
f 339/339/339 338/338/338 337/337/337
f 340/340/340 339/339/339 337/337/337
f 343/343/343 342/342/342 341/341/341
f 344/344/344 343/343/343 341/341/341
f 347/347/347 346/346/346 345/345/345
f 348/348/348 347/347/347 345/345/345
f 351/351/351 350/350/350 349/349/349
f 352/352/352 351/351/351 349/349/349
f 355/355/355 354/354/354 353/353/353
f 354/354/354 356/356/356 353/353/353
f 353/353/353 356/356/356 357/357/357
f 356/356/356 358/358/358 357/357/357
f 356/356/356 359/359/359 358/358/358
f 359/359/359 360/360/360 358/358/358
f 363/363/363 362/362/362 361/361/361
f 364/364/364 363/363/363 361/361/361
f 361/361/361 365/365/365 364/364/364
f 365/365/365 366/366/366 364/364/364
f 367/367/367 365/365/365 361/361/361
f 368/368/368 367/367/367 361/361/361
f 371/371/371 370/370/370 369/369/369
f 372/372/372 371/371/371 369/369/369
f 372/372/372 369/369/369 373/373/373
f 374/374/374 372/372/372 373/373/373
f 373/373/373 375/375/375 374/374/374
f 375/375/375 376/376/376 374/374/374
f 379/379/379 378/378/378 377/377/377
f 380/380/380 379/379/379 377/377/377
f 380/380/380 381/381/381 379/379/379
f 382/382/382 381/381/381 380/380/380
f 383/383/383 380/380/380 377/377/377
f 383/383/383 382/382/382 380/380/380
f 384/384/384 383/383/383 377/377/377
f 383/383/383 385/385/385 382/382/382
f 384/384/384 386/386/386 383/383/383
f 386/386/386 385/385/385 383/383/383
f 389/389/389 388/388/388 387/387/387
f 390/390/390 389/389/389 387/387/387
f 387/387/387 391/391/391 390/390/390
f 391/391/391 392/392/392 390/390/390
f 391/391/391 393/393/393 392/392/392
f 393/393/393 394/394/394 392/392/392
f 397/397/397 396/396/396 395/395/395
f 398/398/398 397/397/397 395/395/395
f 398/398/398 399/399/399 397/397/397
f 400/400/400 399/399/399 398/398/398
f 401/401/401 398/398/398 395/395/395
f 401/401/401 400/400/400 398/398/398
f 402/402/402 401/401/401 395/395/395
f 400/400/400 401/401/401 403/403/403
f 401/401/401 402/402/402 404/404/404
f 403/403/403 401/401/401 404/404/404
f 407/407/407 406/406/406 405/405/405
f 408/408/408 407/407/407 405/405/405
f 409/409/409 407/407/407 408/408/408
f 410/410/410 409/409/409 408/408/408
f 412/412/412 409/409/409 411/411/411
f 413/413/413 412/412/412 411/411/411
f 413/413/413 411/411/411 414/414/414
f 415/415/415 412/412/412 413/413/413
f 416/416/416 413/413/413 414/414/414
f 416/416/416 414/414/414 417/417/417
f 418/418/418 416/416/416 417/417/417
f 419/419/419 415/415/415 413/413/413
f 419/419/419 413/413/413 416/416/416
f 420/420/420 415/415/415 419/419/419
f 421/421/421 416/416/416 418/418/418
f 421/421/421 419/419/419 416/416/416
f 422/422/422 421/421/421 418/418/418
f 423/423/423 420/420/420 419/419/419
f 423/423/423 419/419/419 421/421/421
f 424/424/424 420/420/420 423/423/423
f 425/425/425 421/421/421 422/422/422
f 425/425/425 423/423/423 421/421/421
f 426/426/426 425/425/425 422/422/422
f 427/427/427 424/424/424 423/423/423
f 427/427/427 423/423/423 425/425/425
f 428/428/428 424/424/424 427/427/427
f 429/429/429 425/425/425 426/426/426
f 429/429/429 427/427/427 425/425/425
f 430/430/430 429/429/429 426/426/426
f 431/431/431 428/428/428 427/427/427
f 431/431/431 427/427/427 429/429/429
f 432/432/432 428/428/428 431/431/431
f 433/433/433 429/429/429 430/430/430
f 433/433/433 431/431/431 429/429/429
f 434/434/434 433/433/433 430/430/430
f 435/435/435 432/432/432 431/431/431
f 435/435/435 431/431/431 433/433/433
f 436/436/436 432/432/432 435/435/435
f 437/437/437 433/433/433 434/434/434
f 437/437/437 435/435/435 433/433/433
f 438/438/438 437/437/437 434/434/434
f 439/439/439 436/436/436 435/435/435
f 439/439/439 435/435/435 437/437/437
f 440/440/440 436/436/436 439/439/439
f 441/441/441 440/440/440 439/439/439
f 442/442/442 437/437/437 438/438/438
f 442/442/442 439/439/439 437/437/437
f 441/441/441 439/439/439 442/442/442
f 443/443/443 442/442/442 438/438/438
f 444/444/444 441/441/441 442/442/442
f 444/444/444 442/442/442 443/443/443
f 445/445/445 444/444/444 443/443/443
f 448/448/448 447/447/447 446/446/446
f 449/449/449 448/448/448 446/446/446
f 450/450/450 448/448/448 449/449/449
f 451/451/451 450/450/450 449/449/449
f 452/452/452 450/450/450 451/451/451
f 453/453/453 452/452/452 451/451/451
f 454/454/454 452/452/452 453/453/453
f 455/455/455 454/454/454 453/453/453
f 456/456/456 454/454/454 455/455/455
f 457/457/457 456/456/456 455/455/455
f 458/458/458 456/456/456 457/457/457
f 459/459/459 458/458/458 457/457/457
f 462/462/462 461/461/461 460/460/460
f 461/461/461 463/463/463 460/460/460
f 461/461/461 464/464/464 463/463/463
f 464/464/464 465/465/465 463/463/463
f 468/468/468 467/467/467 466/466/466
f 469/469/469 468/468/468 466/466/466
f 472/472/472 471/471/471 470/470/470
f 471/471/471 473/473/473 470/470/470
f 471/471/471 474/474/474 473/473/473
f 474/474/474 475/475/475 473/473/473
f 474/474/474 476/476/476 475/475/475
f 476/476/476 477/477/477 475/475/475
f 476/476/476 478/478/478 477/477/477
f 478/478/478 479/479/479 477/477/477
f 478/478/478 480/480/480 479/479/479
f 480/480/480 481/481/481 479/479/479
f 484/484/484 483/483/483 482/482/482
f 485/485/485 484/484/484 482/482/482
f 485/485/485 482/482/482 486/486/486
f 487/487/487 485/485/485 486/486/486
f 487/487/487 486/486/486 488/488/488
f 489/489/489 487/487/487 488/488/488
f 489/489/489 488/488/488 490/490/490
f 491/491/491 489/489/489 490/490/490
f 491/491/491 490/490/490 492/492/492
f 493/493/493 491/491/491 492/492/492
f 493/493/493 492/492/492 494/494/494
f 495/495/495 493/493/493 494/494/494
f 498/498/498 497/497/497 496/496/496
f 499/499/499 498/498/498 496/496/496
f 499/499/499 496/496/496 500/500/500
f 501/501/501 499/499/499 500/500/500
f 501/501/501 500/500/500 502/502/502
f 503/503/503 501/501/501 502/502/502
f 503/503/503 502/502/502 504/504/504
f 505/505/505 503/503/503 504/504/504
f 505/505/505 504/504/504 506/506/506
f 507/507/507 505/505/505 506/506/506
f 507/507/507 506/506/506 508/508/508
f 509/509/509 507/507/507 508/508/508
f 512/512/512 511/511/511 510/510/510
f 510/510/510 513/513/513 512/512/512
f 510/510/510 514/514/514 513/513/513
f 514/514/514 515/515/515 513/513/513
f 515/515/515 516/516/516 513/513/513
f 515/515/515 517/517/517 516/516/516
f 517/517/517 518/518/518 516/516/516
f 517/517/517 519/519/519 518/518/518
f 517/517/517 520/520/520 519/519/519
f 520/520/520 521/521/521 519/519/519
f 524/524/524 523/523/523 522/522/522
f 525/525/525 524/524/524 522/522/522
f 526/526/526 524/524/524 525/525/525
f 527/527/527 526/526/526 525/525/525
f 528/528/528 526/526/526 527/527/527
f 529/529/529 528/528/528 527/527/527
f 530/530/530 528/528/528 529/529/529
f 531/531/531 530/530/530 529/529/529
f 532/532/532 530/530/530 531/531/531
f 533/533/533 532/532/532 531/531/531
f 534/534/534 532/532/532 533/533/533
f 535/535/535 534/534/534 533/533/533
f 538/538/538 537/537/537 536/536/536
f 539/539/539 538/538/538 536/536/536
f 540/540/540 538/538/538 539/539/539
f 541/541/541 540/540/540 539/539/539
f 542/542/542 540/540/540 541/541/541
f 543/543/543 542/542/542 541/541/541
f 544/544/544 542/542/542 543/543/543
f 545/545/545 544/544/544 543/543/543
f 546/546/546 544/544/544 545/545/545
f 547/547/547 546/546/546 545/545/545
f 548/548/548 546/546/546 547/547/547
f 549/549/549 548/548/548 547/547/547
f 552/552/552 551/551/551 550/550/550
f 550/550/550 553/553/553 552/552/552
f 553/553/553 554/554/554 552/552/552
f 553/553/553 555/555/555 554/554/554
f 555/555/555 556/556/556 554/554/554
f 555/555/555 557/557/557 556/556/556
f 557/557/557 558/558/558 556/556/556
f 557/557/557 559/559/559 558/558/558
f 559/559/559 560/560/560 558/558/558
f 559/559/559 561/561/561 560/560/560
f 564/564/564 563/563/563 562/562/562
f 563/563/563 565/565/565 562/562/562
f 562/562/562 565/565/565 566/566/566
f 565/565/565 567/567/567 566/566/566
f 566/566/566 567/567/567 568/568/568
f 567/567/567 569/569/569 568/568/568
f 568/568/568 569/569/569 570/570/570
f 569/569/569 571/571/571 570/570/570
f 570/570/570 571/571/571 572/572/572
f 571/571/571 573/573/573 572/572/572
f 572/572/572 573/573/573 574/574/574
f 573/573/573 575/575/575 574/574/574
f 578/578/578 577/577/577 576/576/576
f 577/577/577 579/579/579 576/576/576
f 576/576/576 579/579/579 580/580/580
f 579/579/579 581/581/581 580/580/580
f 580/580/580 581/581/581 582/582/582
f 581/581/581 583/583/583 582/582/582
f 582/582/582 583/583/583 584/584/584
f 583/583/583 585/585/585 584/584/584
f 584/584/584 585/585/585 586/586/586
f 585/585/585 587/587/587 586/586/586
f 586/586/586 587/587/587 588/588/588
f 587/587/587 589/589/589 588/588/588
f 581/581/581 579/579/579 590/590/590
f 591/591/591 581/581/581 590/590/590
f 583/583/583 581/581/581 591/591/591
f 592/592/592 583/583/583 591/591/591
f 585/585/585 583/583/583 592/592/592
f 593/593/593 585/585/585 592/592/592
f 587/587/587 585/585/585 593/593/593
f 594/594/594 587/587/587 593/593/593
f 589/589/589 587/587/587 594/594/594
f 590/590/590 579/579/579 595/595/595
f 596/596/596 589/589/589 594/594/594
f 597/597/597 589/589/589 596/596/596
f 579/579/579 577/577/577 595/595/595
f 598/598/598 597/597/597 596/596/596
f 596/596/596 599/599/599 598/598/598
f 600/600/600 597/597/597 598/598/598
f 599/599/599 601/601/601 598/598/598
f 602/602/602 600/600/600 598/598/598
f 598/598/598 601/601/601 602/602/602
f 603/603/603 600/600/600 602/602/602
f 601/601/601 604/604/604 602/602/602
f 605/605/605 603/603/603 602/602/602
f 602/602/602 604/604/604 605/605/605
f 606/606/606 603/603/603 605/605/605
f 604/604/604 607/607/607 605/605/605
f 608/608/608 606/606/606 605/605/605
f 605/605/605 607/607/607 608/608/608
f 609/609/609 606/606/606 608/608/608
f 607/607/607 610/610/610 608/608/608
f 611/611/611 609/609/609 608/608/608
f 608/608/608 610/610/610 611/611/611
f 577/577/577 609/609/609 611/611/611
f 610/610/610 612/612/612 611/611/611
f 595/595/595 577/577/577 611/611/611
f 611/611/611 612/612/612 595/595/595
f 612/612/612 613/613/613 595/595/595
f 616/616/616 615/615/615 614/614/614
f 615/615/615 617/617/617 614/614/614
f 614/614/614 617/617/617 618/618/618
f 617/617/617 619/619/619 618/618/618
f 618/618/618 619/619/619 620/620/620
f 619/619/619 621/621/621 620/620/620
f 620/620/620 621/621/621 622/622/622
f 621/621/621 623/623/623 622/622/622
f 622/622/622 623/623/623 624/624/624
f 623/623/623 625/625/625 624/624/624
f 624/624/624 625/625/625 626/626/626
f 625/625/625 627/627/627 626/626/626
f 630/630/630 629/629/629 628/628/628
f 629/629/629 631/631/631 628/628/628
f 632/632/632 628/628/628 631/631/631
f 633/633/633 632/632/632 631/631/631
f 634/634/634 632/632/632 633/633/633
f 635/635/635 634/634/634 633/633/633
f 638/638/638 637/637/637 636/636/636
f 637/637/637 639/639/639 636/636/636
f 636/636/636 639/639/639 640/640/640
f 639/639/639 641/641/641 640/640/640
f 644/644/644 643/643/643 642/642/642
f 645/645/645 644/644/644 642/642/642
f 648/648/648 647/647/647 646/646/646
f 648/648/648 646/646/646 649/649/649
f 650/650/650 648/648/648 649/649/649
f 653/653/653 652/652/652 651/651/651
f 652/652/652 654/654/654 651/651/651
f 652/652/652 655/655/655 654/654/654
f 654/654/654 655/655/655 656/656/656
f 657/657/657 654/654/654 656/656/656
f 660/660/660 659/659/659 658/658/658
f 661/661/661 660/660/660 658/658/658
f 661/661/661 658/658/658 662/662/662
f 663/663/663 661/661/661 662/662/662
f 663/663/663 662/662/662 664/664/664
f 665/665/665 663/663/663 664/664/664
f 664/664/664 666/666/666 665/665/665
f 666/666/666 667/667/667 665/665/665
f 670/670/670 669/669/669 668/668/668
f 671/671/671 670/670/670 668/668/668
f 672/672/672 670/670/670 671/671/671
f 673/673/673 672/672/672 671/671/671
f 674/674/674 672/672/672 673/673/673
f 675/675/675 674/674/674 673/673/673
f 675/675/675 676/676/676 674/674/674
f 676/676/676 677/677/677 674/674/674
f 680/680/680 679/679/679 678/678/678
f 679/679/679 681/681/681 678/678/678
f 679/679/679 682/682/682 681/681/681
f 682/682/682 683/683/683 681/681/681
f 682/682/682 684/684/684 683/683/683
f 684/684/684 685/685/685 683/683/683
f 684/684/684 686/686/686 685/685/685
f 686/686/686 687/687/687 685/685/685
f 690/690/690 689/689/689 688/688/688
f 689/689/689 691/691/691 688/688/688
f 688/688/688 691/691/691 692/692/692
f 691/691/691 693/693/693 692/692/692
f 692/692/692 693/693/693 694/694/694
f 693/693/693 695/695/695 694/694/694
f 695/695/695 696/696/696 694/694/694
f 696/696/696 697/697/697 694/694/694
f 700/700/700 699/699/699 698/698/698
f 701/701/701 700/700/700 698/698/698
f 702/702/702 701/701/701 698/698/698
f 703/703/703 702/702/702 698/698/698
f 704/704/704 702/702/702 703/703/703
f 705/705/705 704/704/704 703/703/703
f 706/706/706 704/704/704 705/705/705
f 707/707/707 706/706/706 705/705/705
f 710/710/710 709/709/709 708/708/708
f 711/711/711 710/710/710 708/708/708
f 712/712/712 710/710/710 711/711/711
f 713/713/713 712/712/712 711/711/711
f 713/713/713 711/711/711 714/714/714
f 715/715/715 711/711/711 708/708/708
f 711/711/711 715/715/715 714/714/714
f 716/716/716 715/715/715 708/708/708
f 714/714/714 715/715/715 717/717/717
f 718/718/718 715/715/715 716/716/716
f 715/715/715 718/718/718 717/717/717
f 717/717/717 718/718/718 719/719/719
f 720/720/720 718/718/718 716/716/716
f 718/718/718 721/721/721 719/719/719
f 721/721/721 718/718/718 720/720/720
f 722/722/722 721/721/721 720/720/720
f 723/723/723 721/721/721 722/722/722
f 724/724/724 723/723/723 722/722/722
f 722/722/722 725/725/725 724/724/724
f 726/726/726 723/723/723 724/724/724
f 725/725/725 727/727/727 724/724/724
f 728/728/728 726/726/726 724/724/724
f 724/724/724 727/727/727 728/728/728
f 727/727/727 729/729/729 728/728/728
f 730/730/730 726/726/726 728/728/728
f 728/728/728 729/729/729 731/731/731
f 731/731/731 730/730/730 728/728/728
f 729/729/729 732/732/732 731/731/731
f 732/732/732 733/733/733 731/731/731
f 733/733/733 734/734/734 731/731/731
f 731/731/731 734/734/734 730/730/730
f 734/734/734 735/735/735 730/730/730
f 738/738/738 737/737/737 736/736/736
f 739/739/739 738/738/738 736/736/736
f 739/739/739 736/736/736 740/740/740
f 736/736/736 741/741/741 740/740/740
f 740/740/740 741/741/741 742/742/742
f 741/741/741 743/743/743 742/742/742
f 742/742/742 743/743/743 744/744/744
f 743/743/743 745/745/745 744/744/744
f 748/748/748 747/747/747 746/746/746
f 749/749/749 748/748/748 746/746/746
f 746/746/746 750/750/750 749/749/749
f 750/750/750 751/751/751 749/749/749
f 754/754/754 753/753/753 752/752/752
f 752/752/752 755/755/755 754/754/754
f 752/752/752 756/756/756 755/755/755
f 756/756/756 757/757/757 755/755/755
f 757/757/757 758/758/758 755/755/755
f 757/757/757 759/759/759 758/758/758
f 762/762/762 761/761/761 760/760/760
f 763/763/763 762/762/762 760/760/760
f 760/760/760 764/764/764 763/763/763
f 764/764/764 765/765/765 763/763/763
f 765/765/765 766/766/766 763/763/763
f 762/762/762 763/763/763 767/767/767
f 766/766/766 767/767/767 763/763/763
f 768/768/768 762/762/762 767/767/767
f 769/769/769 768/768/768 767/767/767
f 767/767/767 766/766/766 770/770/770
f 770/770/770 769/769/769 767/767/767
f 766/766/766 771/771/771 770/770/770
f 770/770/770 772/772/772 769/769/769
f 770/770/770 771/771/771 772/772/772
f 772/772/772 773/773/773 769/769/769
f 771/771/771 774/774/774 772/772/772
f 777/777/777 776/776/776 775/775/775
f 778/778/778 777/777/777 775/775/775
f 775/775/775 779/779/779 778/778/778
f 779/779/779 780/780/780 778/778/778
f 777/777/777 778/778/778 781/781/781
f 778/778/778 780/780/780 781/781/781
f 782/782/782 777/777/777 781/781/781
f 780/780/780 783/783/783 781/781/781
f 784/784/784 782/782/782 781/781/781
f 781/781/781 783/783/783 785/785/785
f 785/785/785 784/784/784 781/781/781
f 783/783/783 786/786/786 785/785/785
f 785/785/785 787/787/787 784/784/784
f 785/785/785 786/786/786 787/787/787
f 787/787/787 788/788/788 784/784/784
f 786/786/786 789/789/789 787/787/787
f 792/792/792 791/791/791 790/790/790
f 791/791/791 793/793/793 790/790/790
f 793/793/793 791/791/791 794/794/794
f 791/791/791 795/795/795 794/794/794
f 794/794/794 795/795/795 796/796/796
f 795/795/795 797/797/797 796/796/796
f 797/797/797 795/795/795 798/798/798
f 795/795/795 799/799/799 798/798/798
f 799/799/799 795/795/795 800/800/800
f 795/795/795 791/791/791 800/800/800
f 800/800/800 791/791/791 801/801/801
f 802/802/802 800/800/800 801/801/801
f 805/805/805 804/804/804 803/803/803
f 806/806/806 805/805/805 803/803/803
f 806/806/806 803/803/803 807/807/807
f 808/808/808 806/806/806 807/807/807
f 807/807/807 809/809/809 808/808/808
f 809/809/809 810/810/810 808/808/808
f 813/813/813 812/812/812 811/811/811
f 812/812/812 814/814/814 811/811/811
f 814/814/814 812/812/812 815/815/815
f 812/812/812 816/816/816 815/815/815
f 815/815/815 816/816/816 817/817/817
f 818/818/818 815/815/815 817/817/817
f 818/818/818 817/817/817 819/819/819
f 817/817/817 820/820/820 819/819/819
f 820/820/820 821/821/821 819/819/819
f 821/821/821 822/822/822 819/819/819
f 825/825/825 824/824/824 823/823/823
f 826/826/826 825/825/825 823/823/823
f 827/827/827 825/825/825 826/826/826
f 826/826/826 823/823/823 828/828/828
f 828/828/828 823/823/823 829/829/829
f 830/830/830 828/828/828 829/829/829
f 831/831/831 826/826/826 828/828/828
f 830/830/830 829/829/829 832/832/832
f 829/829/829 833/833/833 832/832/832
f 833/833/833 834/834/834 832/832/832
f 834/834/834 835/835/835 832/832/832
f 826/826/826 831/831/831 836/836/836
f 835/835/835 834/834/834 837/837/837
f 838/838/838 827/827/827 826/826/826
f 838/838/838 826/826/826 836/836/836
f 839/839/839 827/827/827 838/838/838
f 840/840/840 838/838/838 836/836/836
f 840/840/840 839/839/839 838/838/838
f 841/841/841 840/840/840 836/836/836
f 840/840/840 841/841/841 837/837/837
f 842/842/842 839/839/839 840/840/840
f 834/834/834 843/843/843 837/837/837
f 843/843/843 840/840/840 837/837/837
f 843/843/843 842/842/842 840/840/840
f 834/834/834 844/844/844 843/843/843
f 844/844/844 842/842/842 843/843/843
f 842/842/842 844/844/844 845/845/845
f 846/846/846 842/842/842 845/845/845
f 846/846/846 847/847/847 842/842/842
f 847/847/847 848/848/848 842/842/842
f 851/851/851 850/850/850 849/849/849
f 852/852/852 851/851/851 849/849/849
f 855/855/855 854/854/854 853/853/853
f 856/856/856 855/855/855 853/853/853
f 859/859/859 858/858/858 857/857/857
f 858/858/858 860/860/860 857/857/857
f 860/860/860 858/858/858 861/861/861
f 858/858/858 862/862/862 861/861/861
f 865/865/865 864/864/864 863/863/863
f 866/866/866 865/865/865 863/863/863
f 866/866/866 867/867/867 865/865/865
f 866/866/866 863/863/863 868/868/868
f 867/867/867 866/866/866 869/869/869
f 870/870/870 866/866/866 868/868/868
f 866/866/866 870/870/870 869/869/869
f 868/868/868 871/871/871 870/870/870
f 869/869/869 870/870/870 872/872/872
f 871/871/871 872/872/872 870/870/870
f 875/875/875 874/874/874 873/873/873
f 876/876/876 875/875/875 873/873/873
f 879/879/879 878/878/878 877/877/877
f 880/880/880 879/879/879 877/877/877
f 883/883/883 882/882/882 881/881/881
f 884/884/884 883/883/883 881/881/881
f 884/884/884 881/881/881 885/885/885
f 883/883/883 884/884/884 886/886/886
f 883/883/883 886/886/886 887/887/887
f 886/886/886 888/888/888 887/887/887
f 888/888/888 886/886/886 889/889/889
f 890/890/890 884/884/884 885/885/885
f 885/885/885 891/891/891 890/890/890
f 891/891/891 892/892/892 890/890/890
f 893/893/893 889/889/889 892/892/892
f 886/886/886 884/884/884 894/894/894
f 884/884/884 890/890/890 894/894/894
f 890/890/890 892/892/892 894/894/894
f 889/889/889 894/894/894 892/892/892
f 886/886/886 894/894/894 889/889/889
f 897/897/897 896/896/896 895/895/895
f 896/896/896 898/898/898 895/895/895
f 895/895/895 898/898/898 899/899/899
f 899/899/899 900/900/900 895/895/895
f 900/900/900 901/901/901 895/895/895
f 901/901/901 902/902/902 895/895/895
f 905/905/905 904/904/904 903/903/903
f 906/906/906 905/905/905 903/903/903
f 909/909/909 908/908/908 907/907/907
f 908/908/908 910/910/910 907/907/907
f 907/907/907 910/910/910 911/911/911
f 910/910/910 912/912/912 911/911/911
f 915/915/915 914/914/914 913/913/913
f 916/916/916 915/915/915 913/913/913
f 919/919/919 918/918/918 917/917/917
f 920/920/920 919/919/919 917/917/917
f 920/920/920 921/921/921 919/919/919
f 921/921/921 922/922/922 919/919/919
f 925/925/925 924/924/924 923/923/923
f 924/924/924 926/926/926 923/923/923
f 927/927/927 923/923/923 926/926/926
f 928/928/928 927/927/927 926/926/926
f 927/927/927 928/928/928 929/929/929
f 928/928/928 930/930/930 929/929/929
f 933/933/933 932/932/932 931/931/931
f 932/932/932 934/934/934 931/931/931
f 931/931/931 934/934/934 935/935/935
f 934/934/934 936/936/936 935/935/935
f 935/935/935 936/936/936 937/937/937
f 938/938/938 935/935/935 937/937/937
f 941/941/941 940/940/940 939/939/939
f 942/942/942 941/941/941 939/939/939
f 945/945/945 944/944/944 943/943/943
f 946/946/946 945/945/945 943/943/943
f 945/945/945 946/946/946 947/947/947
f 948/948/948 945/945/945 947/947/947
f 947/947/947 949/949/949 948/948/948
f 949/949/949 950/950/950 948/948/948
f 949/949/949 951/951/951 950/950/950
f 951/951/951 952/952/952 950/950/950
f 955/955/955 954/954/954 953/953/953
f 956/956/956 955/955/955 953/953/953
f 956/956/956 957/957/957 955/955/955
f 957/957/957 958/958/958 955/955/955
f 959/959/959 958/958/958 957/957/957
f 953/953/953 960/960/960 956/956/956
f 961/961/961 960/960/960 953/953/953
f 962/962/962 961/961/961 953/953/953
f 960/960/960 963/963/963 956/956/956
f 956/956/956 963/963/963 957/957/957
f 963/963/963 960/960/960 964/964/964
f 960/960/960 965/965/965 964/964/964
f 964/964/964 966/966/966 963/963/963
f 966/966/966 967/967/967 963/963/963
f 963/963/963 967/967/967 957/957/957
f 967/967/967 966/966/966 968/968/968
f 969/969/969 959/959/959 957/957/957
f 957/957/957 967/967/967 969/969/969
f 970/970/970 967/967/967 968/968/968
f 967/967/967 970/970/970 969/969/969
f 970/970/970 968/968/968 971/971/971
f 972/972/972 970/970/970 971/971/971
f 969/969/969 970/970/970 972/972/972
f 973/973/973 969/969/969 972/972/972
f 959/959/959 969/969/969 973/973/973
f 974/974/974 959/959/959 973/973/973
f 977/977/977 976/976/976 975/975/975
f 978/978/978 977/977/977 975/975/975
f 977/977/977 978/978/978 979/979/979
f 980/980/980 977/977/977 979/979/979
f 981/981/981 980/980/980 979/979/979
f 982/982/982 981/981/981 979/979/979
f 981/981/981 982/982/982 983/983/983
f 984/984/984 981/981/981 983/983/983
f 987/987/987 986/986/986 985/985/985
f 988/988/988 987/987/987 985/985/985
f 991/991/991 990/990/990 989/989/989
f 990/990/990 992/992/992 989/989/989
f 989/989/989 992/992/992 993/993/993
f 994/994/994 989/989/989 993/993/993
f 994/994/994 993/993/993 995/995/995
f 993/993/993 996/996/996 995/995/995
f 996/996/996 997/997/997 995/995/995
f 997/997/997 998/998/998 995/995/995
f 1001/1001/1001 1000/1000/1000 999/999/999
f 999/999/999 1002/1002/1002 1001/1001/1001
f 999/999/999 1003/1003/1003 1002/1002/1002
f 1003/1003/1003 1004/1004/1004 1002/1002/1002
f 1003/1003/1003 1005/1005/1005 1004/1004/1004
f 1005/1005/1005 1006/1006/1006 1004/1004/1004
f 1009/1009/1009 1008/1008/1008 1007/1007/1007
f 1010/1010/1010 1009/1009/1009 1007/1007/1007
f 1013/1013/1013 1012/1012/1012 1011/1011/1011
f 1014/1014/1014 1013/1013/1013 1011/1011/1011
f 1015/1015/1015 1014/1014/1014 1011/1011/1011
f 1016/1016/1016 1015/1015/1015 1011/1011/1011
f 1017/1017/1017 1015/1015/1015 1016/1016/1016
f 1018/1018/1018 1017/1017/1017 1016/1016/1016
f 1021/1021/1021 1020/1020/1020 1019/1019/1019
f 1020/1020/1020 1022/1022/1022 1019/1019/1019
f 1019/1019/1019 1022/1022/1022 1023/1023/1023
f 1024/1024/1024 1022/1022/1022 1020/1020/1020
f 1025/1025/1025 1024/1024/1024 1020/1020/1020
f 1022/1022/1022 1026/1026/1026 1023/1023/1023
f 1026/1026/1026 1022/1022/1022 1024/1024/1024
f 1023/1023/1023 1026/1026/1026 1027/1027/1027
f 1028/1028/1028 1026/1026/1026 1024/1024/1024
f 1026/1026/1026 1029/1029/1029 1027/1027/1027
f 1026/1026/1026 1028/1028/1028 1030/1030/1030
f 1029/1029/1029 1026/1026/1026 1030/1030/1030
f 1033/1033/1033 1032/1032/1032 1031/1031/1031
f 1034/1034/1034 1033/1033/1033 1031/1031/1031
f 1031/1031/1031 1035/1035/1035 1034/1034/1034
f 1035/1035/1035 1036/1036/1036 1034/1034/1034
f 1035/1035/1035 1031/1031/1031 1037/1037/1037
f 1036/1036/1036 1035/1035/1035 1038/1038/1038
f 1039/1039/1039 1036/1036/1036 1038/1038/1038
f 1038/1038/1038 1035/1035/1035 1040/1040/1040
f 1040/1040/1040 1035/1035/1035 1037/1037/1037
f 1041/1041/1041 1038/1038/1038 1040/1040/1040
f 1042/1042/1042 1041/1041/1041 1040/1040/1040
f 1043/1043/1043 1042/1042/1042 1040/1040/1040
f 1044/1044/1044 1043/1043/1043 1040/1040/1040
f 1037/1037/1037 1044/1044/1044 1040/1040/1040
f 1037/1037/1037 1045/1045/1045 1044/1044/1044
f 1045/1045/1045 1046/1046/1046 1044/1044/1044
f 1049/1049/1049 1048/1048/1048 1047/1047/1047
f 1050/1050/1050 1049/1049/1049 1047/1047/1047
f 1050/1050/1050 1047/1047/1047 1051/1051/1051
f 1047/1047/1047 1052/1052/1052 1051/1051/1051
f 1051/1051/1051 1052/1052/1052 1053/1053/1053
f 1054/1054/1054 1051/1051/1051 1053/1053/1053
f 1057/1057/1057 1056/1056/1056 1055/1055/1055
f 1056/1056/1056 1058/1058/1058 1055/1055/1055
f 1059/1059/1059 1058/1058/1058 1056/1056/1056
f 1058/1058/1058 1059/1059/1059 1060/1060/1060
f 1061/1061/1061 1058/1058/1058 1060/1060/1060
f 1062/1062/1062 1058/1058/1058 1061/1061/1061
f 1060/1060/1060 1059/1059/1059 1063/1063/1063
f 1061/1061/1061 1060/1060/1060 1064/1064/1064
f 1060/1060/1060 1063/1063/1063 1064/1064/1064
f 1065/1065/1065 1061/1061/1061 1064/1064/1064
f 1063/1063/1063 1066/1066/1066 1064/1064/1064
f 1065/1065/1065 1067/1067/1067 1061/1061/1061
f 1066/1066/1066 1063/1063/1063 1068/1068/1068
f 1067/1067/1067 1069/1069/1069 1061/1061/1061
f 1069/1069/1069 1062/1062/1062 1061/1061/1061
f 1070/1070/1070 1069/1069/1069 1067/1067/1067
f 1071/1071/1071 1070/1070/1070 1067/1067/1067
f 1071/1071/1071 1072/1072/1072 1070/1070/1070
f 1073/1073/1073 1062/1062/1062 1069/1069/1069
f 1070/1070/1070 1073/1073/1073 1069/1069/1069
f 1062/1062/1062 1073/1073/1073 1074/1074/1074
f 1075/1075/1075 1062/1062/1062 1074/1074/1074
f 1076/1076/1076 1073/1073/1073 1070/1070/1070
f 1073/1073/1073 1076/1076/1076 1074/1074/1074
f 1072/1072/1072 1077/1077/1077 1070/1070/1070
f 1077/1077/1077 1076/1076/1076 1070/1070/1070
f 1078/1078/1078 1077/1077/1077 1072/1072/1072
f 1079/1079/1079 1078/1078/1078 1072/1072/1072
f 1078/1078/1078 1079/1079/1079 1068/1068/1068
f 1078/1078/1078 1080/1080/1080 1077/1077/1077
f 1080/1080/1080 1076/1076/1076 1077/1077/1077
f 1081/1081/1081 1078/1078/1078 1068/1068/1068
f 1080/1080/1080 1078/1078/1078 1081/1081/1081
f 1063/1063/1063 1081/1081/1081 1068/1068/1068
f 1063/1063/1063 1082/1082/1082 1081/1081/1081
f 1059/1059/1059 1082/1082/1082 1063/1063/1063
f 1082/1082/1082 1083/1083/1083 1081/1081/1081
f 1083/1083/1083 1080/1080/1080 1081/1081/1081
f 1083/1083/1083 1082/1082/1082 1084/1084/1084
f 1076/1076/1076 1080/1080/1080 1085/1085/1085
f 1085/1085/1085 1080/1080/1080 1083/1083/1083
f 1086/1086/1086 1083/1083/1083 1084/1084/1084
f 1086/1086/1086 1085/1085/1085 1083/1083/1083
f 1087/1087/1087 1076/1076/1076 1085/1085/1085
f 1076/1076/1076 1087/1087/1087 1074/1074/1074
f 1085/1085/1085 1088/1088/1088 1087/1087/1087
f 1085/1085/1085 1086/1086/1086 1088/1088/1088
f 1074/1074/1074 1087/1087/1087 1089/1089/1089
f 1088/1088/1088 1089/1089/1089 1087/1087/1087
f 1090/1090/1090 1074/1074/1074 1089/1089/1089
f 1074/1074/1074 1090/1090/1090 1075/1075/1075
f 1090/1090/1090 1091/1091/1091 1075/1075/1075
f 1056/1056/1056 1075/1075/1075 1091/1091/1091
f 1090/1090/1090 1089/1089/1089 1092/1092/1092
f 1091/1091/1091 1090/1090/1090 1092/1092/1092
f 1089/1089/1089 1093/1093/1093 1092/1092/1092
f 1094/1094/1094 1091/1091/1091 1092/1092/1092
f 1093/1093/1093 1089/1089/1089 1095/1095/1095
f 1089/1089/1089 1088/1088/1088 1095/1095/1095
f 1094/1094/1094 1096/1096/1096 1091/1091/1091
f 1095/1095/1095 1088/1088/1088 1097/1097/1097
f 1086/1086/1086 1097/1097/1097 1088/1088/1088
f 1098/1098/1098 1095/1095/1095 1097/1097/1097
f 1098/1098/1098 1097/1097/1097 1099/1099/1099
f 1100/1100/1100 1097/1097/1097 1086/1086/1086
f 1097/1097/1097 1100/1100/1100 1099/1099/1099
f 1084/1084/1084 1100/1100/1100 1086/1086/1086
f 1100/1100/1100 1101/1101/1101 1099/1099/1099
f 1100/1100/1100 1084/1084/1084 1101/1101/1101
f 1101/1101/1101 1102/1102/1102 1099/1099/1099
f 1102/1102/1102 1101/1101/1101 1096/1096/1096
f 1084/1084/1084 1103/1103/1103 1101/1101/1101
f 1096/1096/1096 1104/1104/1104 1091/1091/1091
f 1101/1101/1101 1104/1104/1104 1096/1096/1096
f 1104/1104/1104 1101/1101/1101 1103/1103/1103
f 1104/1104/1104 1056/1056/1056 1091/1091/1091
f 1056/1056/1056 1104/1104/1104 1103/1103/1103
f 1103/1103/1103 1059/1059/1059 1056/1056/1056
f 1059/1059/1059 1103/1103/1103 1105/1105/1105
f 1106/1106/1106 1059/1059/1059 1105/1105/1105
f 1109/1109/1109 1108/1108/1108 1107/1107/1107
f 1110/1110/1110 1109/1109/1109 1107/1107/1107
f 1110/1110/1110 1107/1107/1107 1111/1111/1111
f 1107/1107/1107 1112/1112/1112 1111/1111/1111
f 1109/1109/1109 1110/1110/1110 1113/1113/1113
f 1114/1114/1114 1109/1109/1109 1113/1113/1113
f 1109/1109/1109 1114/1114/1114 1115/1115/1115
f 1114/1114/1114 1116/1116/1116 1115/1115/1115
f 1116/1116/1116 1114/1114/1114 1117/1117/1117
f 1114/1114/1114 1118/1118/1118 1117/1117/1117
f 1118/1118/1118 1114/1114/1114 1113/1113/1113
f 1117/1117/1117 1118/1118/1118 1119/1119/1119
f 1120/1120/1120 1117/1117/1117 1119/1119/1119
f 1120/1120/1120 1119/1119/1119 1121/1121/1121
f 1119/1119/1119 1122/1122/1122 1121/1121/1121
f 1123/1123/1123 1118/1118/1118 1113/1113/1113
f 1119/1119/1119 1118/1118/1118 1123/1123/1123
f 1122/1122/1122 1119/1119/1119 1124/1124/1124
f 1124/1124/1124 1119/1119/1119 1123/1123/1123
f 1125/1125/1125 1122/1122/1122 1124/1124/1124
f 1126/1126/1126 1113/1113/1113 1110/1110/1110
f 1123/1123/1123 1113/1113/1113 1126/1126/1126
f 1127/1127/1127 1123/1123/1123 1126/1126/1126
f 1128/1128/1128 1126/1126/1126 1110/1110/1110
f 1123/1123/1123 1127/1127/1127 1129/1129/1129
f 1124/1124/1124 1123/1123/1123 1129/1129/1129
f 1125/1125/1125 1124/1124/1124 1129/1129/1129
f 1128/1128/1128 1110/1110/1110 1111/1111/1111
f 1130/1130/1130 1125/1125/1125 1129/1129/1129
f 1130/1130/1130 1129/1129/1129 1131/1131/1131
f 1132/1132/1132 1130/1130/1130 1131/1131/1131
f 1125/1125/1125 1130/1130/1130 1133/1133/1133
f 1133/1133/1133 1130/1130/1130 1132/1132/1132
f 1134/1134/1134 1125/1125/1125 1133/1133/1133
f 1135/1135/1135 1133/1133/1133 1132/1132/1132
f 1112/1112/1112 1134/1134/1134 1133/1133/1133
f 1136/1136/1136 1133/1133/1133 1135/1135/1135
f 1136/1136/1136 1112/1112/1112 1133/1133/1133
f 1112/1112/1112 1136/1136/1136 1111/1111/1111
f 1137/1137/1137 1136/1136/1136 1135/1135/1135
f 1111/1111/1111 1136/1136/1136 1137/1137/1137
f 1138/1138/1138 1111/1111/1111 1137/1137/1137
f 1128/1128/1128 1111/1111/1111 1138/1138/1138
f 1139/1139/1139 1128/1128/1128 1138/1138/1138
f 1142/1142/1142 1141/1141/1141 1140/1140/1140
f 1143/1143/1143 1142/1142/1142 1140/1140/1140
f 1144/1144/1144 1143/1143/1143 1140/1140/1140
f 1145/1145/1145 1144/1144/1144 1140/1140/1140
f 1145/1145/1145 1146/1146/1146 1144/1144/1144
f 1146/1146/1146 1147/1147/1147 1144/1144/1144
f 1150/1150/1150 1149/1149/1149 1148/1148/1148
f 1151/1151/1151 1150/1150/1150 1148/1148/1148
f 1154/1154/1154 1153/1153/1153 1152/1152/1152
f 1153/1153/1153 1155/1155/1155 1152/1152/1152
f 1155/1155/1155 1156/1156/1156 1152/1152/1152
f 1156/1156/1156 1157/1157/1157 1152/1152/1152
f 1156/1156/1156 1158/1158/1158 1157/1157/1157
f 1158/1158/1158 1159/1159/1159 1157/1157/1157
f 1162/1162/1162 1161/1161/1161 1160/1160/1160
f 1161/1161/1161 1163/1163/1163 1160/1160/1160
f 1160/1160/1160 1163/1163/1163 1164/1164/1164
f 1163/1163/1163 1165/1165/1165 1164/1164/1164
f 1168/1168/1168 1167/1167/1167 1166/1166/1166
f 1167/1167/1167 1169/1169/1169 1166/1166/1166
f 1170/1170/1170 1166/1166/1166 1169/1169/1169
f 1171/1171/1171 1170/1170/1170 1169/1169/1169
f 1174/1174/1174 1173/1173/1173 1172/1172/1172
f 1173/1173/1173 1175/1175/1175 1172/1172/1172
f 1176/1176/1176 1172/1172/1172 1175/1175/1175
f 1177/1177/1177 1176/1176/1176 1175/1175/1175
f 1178/1178/1178 1176/1176/1176 1177/1177/1177
f 1179/1179/1179 1178/1178/1178 1177/1177/1177
f 1180/1180/1180 1178/1178/1178 1179/1179/1179
f 1181/1181/1181 1180/1180/1180 1179/1179/1179
f 1182/1182/1182 1180/1180/1180 1181/1181/1181
f 1183/1183/1183 1182/1182/1182 1181/1181/1181
f 1182/1182/1182 1183/1183/1183 1184/1184/1184
f 1185/1185/1185 1182/1182/1182 1184/1184/1184
f 1186/1186/1186 1185/1185/1185 1184/1184/1184
f 1187/1187/1187 1186/1186/1186 1184/1184/1184
f 1187/1187/1187 1188/1188/1188 1186/1186/1186
f 1188/1188/1188 1189/1189/1189 1186/1186/1186
f 1189/1189/1189 1188/1188/1188 1190/1190/1190
f 1188/1188/1188 1191/1191/1191 1190/1190/1190
f 1192/1192/1192 1190/1190/1190 1191/1191/1191
f 1193/1193/1193 1192/1192/1192 1191/1191/1191
f 1194/1194/1194 1192/1192/1192 1193/1193/1193
f 1195/1195/1195 1194/1194/1194 1193/1193/1193
f 1195/1195/1195 1193/1193/1193 1196/1196/1196
f 1197/1197/1197 1194/1194/1194 1195/1195/1195
f 1198/1198/1198 1195/1195/1195 1196/1196/1196
f 1199/1199/1199 1197/1197/1197 1195/1195/1195
f 1200/1200/1200 1197/1197/1197 1199/1199/1199
f 1201/1201/1201 1200/1200/1200 1199/1199/1199
f 1202/1202/1202 1195/1195/1195 1198/1198/1198
f 1203/1203/1203 1202/1202/1202 1198/1198/1198
f 1204/1204/1204 1202/1202/1202 1203/1203/1203
f 1205/1205/1205 1204/1204/1204 1203/1203/1203
f 1206/1206/1206 1204/1204/1204 1205/1205/1205
f 1206/1206/1206 1205/1205/1205 1207/1207/1207
f 1205/1205/1205 1208/1208/1208 1207/1207/1207
f 1209/1209/1209 1207/1207/1207 1208/1208/1208
f 1211/1211/1211 1208/1208/1208 1210/1210/1210
f 1208/1208/1208 1212/1212/1212 1210/1210/1210
f 1213/1213/1213 1210/1210/1210 1212/1212/1212
f 1214/1214/1214 1213/1213/1213 1212/1212/1212
f 1217/1217/1217 1216/1216/1216 1215/1215/1215
f 1218/1218/1218 1217/1217/1217 1215/1215/1215
f 1221/1221/1221 1220/1220/1220 1219/1219/1219
f 1222/1222/1222 1221/1221/1221 1219/1219/1219
f 1223/1223/1223 1222/1222/1222 1219/1219/1219
f 1223/1223/1223 1219/1219/1219 1224/1224/1224
f 1225/1225/1225 1223/1223/1223 1224/1224/1224
f 1223/1223/1223 1225/1225/1225 1226/1226/1226
f 1222/1222/1222 1227/1227/1227 1221/1221/1221
f 1227/1227/1227 1228/1228/1228 1221/1221/1221
f 1228/1228/1228 1227/1227/1227 1229/1229/1229
f 1222/1222/1222 1223/1223/1223 1230/1230/1230
f 1230/1230/1230 1223/1223/1223 1226/1226/1226
f 1227/1227/1227 1222/1222/1222 1230/1230/1230
f 1227/1227/1227 1231/1231/1231 1229/1229/1229
f 1227/1227/1227 1230/1230/1230 1231/1231/1231
f 1230/1230/1230 1226/1226/1226 1231/1231/1231
f 1229/1229/1229 1231/1231/1231 1232/1232/1232
f 1226/1226/1226 1233/1233/1233 1231/1231/1231
f 1231/1231/1231 1233/1233/1233 1232/1232/1232
f 1236/1236/1236 1235/1235/1235 1234/1234/1234
f 1237/1237/1237 1236/1236/1236 1234/1234/1234
f 1240/1240/1240 1239/1239/1239 1238/1238/1238
f 1241/1241/1241 1240/1240/1240 1238/1238/1238
f 1242/1242/1242 1240/1240/1240 1241/1241/1241
f 1243/1243/1243 1242/1242/1242 1241/1241/1241
f 1246/1246/1246 1245/1245/1245 1244/1244/1244
f 1247/1247/1247 1246/1246/1246 1244/1244/1244
f 1246/1246/1246 1247/1247/1247 1248/1248/1248
f 1247/1247/1247 1249/1249/1249 1248/1248/1248
f 1252/1252/1252 1251/1251/1251 1250/1250/1250
f 1253/1253/1253 1252/1252/1252 1250/1250/1250
f 1256/1256/1256 1255/1255/1255 1254/1254/1254
f 1257/1257/1257 1256/1256/1256 1254/1254/1254
f 1260/1260/1260 1259/1259/1259 1258/1258/1258
f 1261/1261/1261 1260/1260/1260 1258/1258/1258
f 1264/1264/1264 1263/1263/1263 1262/1262/1262
f 1265/1265/1265 1264/1264/1264 1262/1262/1262
f 1268/1268/1268 1267/1267/1267 1266/1266/1266
f 1269/1269/1269 1268/1268/1268 1266/1266/1266
f 1272/1272/1272 1271/1271/1271 1270/1270/1270
f 1271/1271/1271 1273/1273/1273 1270/1270/1270
f 1270/1270/1270 1273/1273/1273 1274/1274/1274
f 1273/1273/1273 1275/1275/1275 1274/1274/1274
f 1278/1278/1278 1277/1277/1277 1276/1276/1276
f 1279/1279/1279 1278/1278/1278 1276/1276/1276
f 1278/1278/1278 1279/1279/1279 1280/1280/1280
f 1279/1279/1279 1281/1281/1281 1280/1280/1280
f 1284/1284/1284 1283/1283/1283 1282/1282/1282
f 1285/1285/1285 1284/1284/1284 1282/1282/1282
f 1288/1288/1288 1287/1287/1287 1286/1286/1286
f 1289/1289/1289 1288/1288/1288 1286/1286/1286
f 1292/1292/1292 1291/1291/1291 1290/1290/1290
f 1293/1293/1293 1292/1292/1292 1290/1290/1290
f 1296/1296/1296 1295/1295/1295 1294/1294/1294
f 1297/1297/1297 1296/1296/1296 1294/1294/1294
f 1298/1298/1298 1296/1296/1296 1297/1297/1297
f 1299/1299/1299 1297/1297/1297 1294/1294/1294
f 1300/1300/1300 1299/1299/1299 1294/1294/1294
f 1299/1299/1299 1300/1300/1300 1301/1301/1301
f 1302/1302/1302 1298/1298/1298 1297/1297/1297
f 1299/1299/1299 1302/1302/1302 1297/1297/1297
f 1303/1303/1303 1299/1299/1299 1301/1301/1301
f 1302/1302/1302 1299/1299/1299 1303/1303/1303
f 1302/1302/1302 1304/1304/1304 1298/1298/1298
f 1304/1304/1304 1302/1302/1302 1303/1303/1303
f 1304/1304/1304 1305/1305/1305 1298/1298/1298
f 1305/1305/1305 1304/1304/1304 1306/1306/1306
f 1303/1303/1303 1301/1301/1301 1307/1307/1307
f 1304/1304/1304 1303/1303/1303 1307/1307/1307
f 1304/1304/1304 1307/1307/1307 1306/1306/1306
f 1301/1301/1301 1308/1308/1308 1307/1307/1307
f 1306/1306/1306 1307/1307/1307 1309/1309/1309
f 1307/1307/1307 1308/1308/1308 1309/1309/1309
f 1312/1312/1312 1311/1311/1311 1310/1310/1310
f 1311/1311/1311 1313/1313/1313 1310/1310/1310
f 1314/1314/1314 1313/1313/1313 1311/1311/1311
f 1315/1315/1315 1314/1314/1314 1311/1311/1311
f 1318/1318/1318 1317/1317/1317 1316/1316/1316
f 1319/1319/1319 1318/1318/1318 1316/1316/1316
f 1322/1322/1322 1321/1321/1321 1320/1320/1320
f 1323/1323/1323 1322/1322/1322 1320/1320/1320
f 1322/1322/1322 1323/1323/1323 1324/1324/1324
f 1323/1323/1323 1325/1325/1325 1324/1324/1324
f 1328/1328/1328 1327/1327/1327 1326/1326/1326
f 1327/1327/1327 1329/1329/1329 1326/1326/1326
f 1329/1329/1329 1330/1330/1330 1326/1326/1326
f 1333/1333/1333 1332/1332/1332 1331/1331/1331
f 1333/1333/1333 1331/1331/1331 1334/1334/1334
f 1335/1335/1335 1333/1333/1333 1334/1334/1334
f 1338/1338/1338 1337/1337/1337 1336/1336/1336
f 1337/1337/1337 1339/1339/1339 1336/1336/1336
f 1339/1339/1339 1340/1340/1340 1336/1336/1336
f 1340/1340/1340 1341/1341/1341 1336/1336/1336
f 1344/1344/1344 1343/1343/1343 1342/1342/1342
f 1345/1345/1345 1344/1344/1344 1342/1342/1342
f 1342/1342/1342 1346/1346/1346 1345/1345/1345
f 1346/1346/1346 1347/1347/1347 1345/1345/1345
f 1346/1346/1346 1348/1348/1348 1347/1347/1347
f 1348/1348/1348 1349/1349/1349 1347/1347/1347
f 1349/1349/1349 1348/1348/1348 1350/1350/1350
f 1351/1351/1351 1349/1349/1349 1350/1350/1350
f 1351/1351/1351 1350/1350/1350 1352/1352/1352
f 1353/1353/1353 1351/1351/1351 1352/1352/1352
f 1353/1353/1353 1352/1352/1352 1354/1354/1354
f 1355/1355/1355 1353/1353/1353 1354/1354/1354
f 1355/1355/1355 1354/1354/1354 1356/1356/1356
f 1357/1357/1357 1355/1355/1355 1356/1356/1356
f 1360/1360/1360 1359/1359/1359 1358/1358/1358
f 1361/1361/1361 1360/1360/1360 1358/1358/1358
f 1361/1361/1361 1358/1358/1358 1362/1362/1362
f 1361/1361/1361 1363/1363/1363 1360/1360/1360
f 1363/1363/1363 1364/1364/1364 1360/1360/1360
f 1364/1364/1364 1363/1363/1363 1365/1365/1365
f 1366/1366/1366 1361/1361/1361 1362/1362/1362
f 1363/1363/1363 1361/1361/1361 1366/1366/1366
f 1366/1366/1366 1362/1362/1362 1367/1367/1367
f 1363/1363/1363 1368/1368/1368 1365/1365/1365
f 1368/1368/1368 1363/1363/1363 1366/1366/1366
f 1369/1369/1369 1365/1365/1365 1368/1368/1368
f 1370/1370/1370 1366/1366/1366 1367/1367/1367
f 1367/1367/1367 1371/1371/1371 1370/1370/1370
f 1372/1372/1372 1368/1368/1368 1366/1366/1366
f 1372/1372/1372 1369/1369/1369 1368/1368/1368
f 1370/1370/1370 1372/1372/1372 1366/1366/1366
f 1372/1372/1372 1373/1373/1373 1369/1369/1369
f 1373/1373/1373 1372/1372/1372 1370/1370/1370
f 1373/1373/1373 1374/1374/1374 1369/1369/1369
f 1374/1374/1374 1373/1373/1373 1375/1375/1375
f 1371/1371/1371 1376/1376/1376 1370/1370/1370
f 1376/1376/1376 1373/1373/1373 1370/1370/1370
f 1373/1373/1373 1376/1376/1376 1375/1375/1375
f 1371/1371/1371 1377/1377/1377 1376/1376/1376
f 1377/1377/1377 1375/1375/1375 1376/1376/1376
f 1380/1380/1380 1379/1379/1379 1378/1378/1378
f 1381/1381/1381 1380/1380/1380 1378/1378/1378
f 1381/1381/1381 1378/1378/1378 1382/1382/1382
f 1383/1383/1383 1381/1381/1381 1382/1382/1382
f 1382/1382/1382 1384/1384/1384 1383/1383/1383
f 1384/1384/1384 1385/1385/1385 1383/1383/1383
f 1385/1385/1385 1384/1384/1384 1386/1386/1386
f 1387/1387/1387 1385/1385/1385 1386/1386/1386
f 1387/1387/1387 1386/1386/1386 1388/1388/1388
f 1389/1389/1389 1387/1387/1387 1388/1388/1388
f 1392/1392/1392 1391/1391/1391 1390/1390/1390
f 1393/1393/1393 1392/1392/1392 1390/1390/1390
f 1390/1390/1390 1394/1394/1394 1393/1393/1393
f 1394/1394/1394 1395/1395/1395 1393/1393/1393
f 1394/1394/1394 1396/1396/1396 1395/1395/1395
f 1396/1396/1396 1397/1397/1397 1395/1395/1395
f 1397/1397/1397 1396/1396/1396 1398/1398/1398
f 1399/1399/1399 1397/1397/1397 1398/1398/1398
f 1399/1399/1399 1398/1398/1398 1400/1400/1400
f 1401/1401/1401 1399/1399/1399 1400/1400/1400
f 1401/1401/1401 1400/1400/1400 1402/1402/1402
f 1403/1403/1403 1401/1401/1401 1402/1402/1402
f 1403/1403/1403 1402/1402/1402 1404/1404/1404
f 1405/1405/1405 1403/1403/1403 1404/1404/1404
f 1408/1408/1408 1407/1407/1407 1406/1406/1406
f 1407/1407/1407 1409/1409/1409 1406/1406/1406
f 1407/1407/1407 1410/1410/1410 1409/1409/1409
f 1410/1410/1410 1411/1411/1411 1409/1409/1409
f 1411/1411/1411 1410/1410/1410 1412/1412/1412
f 1413/1413/1413 1411/1411/1411 1412/1412/1412
f 1412/1412/1412 1414/1414/1414 1413/1413/1413
f 1414/1414/1414 1415/1415/1415 1413/1413/1413
f 1414/1414/1414 1416/1416/1416 1415/1415/1415
f 1416/1416/1416 1417/1417/1417 1415/1415/1415
f 1420/1420/1420 1419/1419/1419 1418/1418/1418
f 1421/1421/1421 1420/1420/1420 1418/1418/1418
f 1421/1421/1421 1418/1418/1418 1422/1422/1422
f 1421/1421/1421 1423/1423/1423 1420/1420/1420
f 1423/1423/1423 1424/1424/1424 1420/1420/1420
f 1424/1424/1424 1423/1423/1423 1425/1425/1425
f 1426/1426/1426 1421/1421/1421 1422/1422/1422
f 1423/1423/1423 1421/1421/1421 1426/1426/1426
f 1426/1426/1426 1422/1422/1422 1427/1427/1427
f 1423/1423/1423 1428/1428/1428 1425/1425/1425
f 1428/1428/1428 1423/1423/1423 1426/1426/1426
f 1429/1429/1429 1425/1425/1425 1428/1428/1428
f 1430/1430/1430 1426/1426/1426 1427/1427/1427
f 1427/1427/1427 1431/1431/1431 1430/1430/1430
f 1432/1432/1432 1428/1428/1428 1426/1426/1426
f 1432/1432/1432 1429/1429/1429 1428/1428/1428
f 1430/1430/1430 1432/1432/1432 1426/1426/1426
f 1432/1432/1432 1433/1433/1433 1429/1429/1429
f 1433/1433/1433 1432/1432/1432 1430/1430/1430
f 1433/1433/1433 1434/1434/1434 1429/1429/1429
f 1434/1434/1434 1433/1433/1433 1435/1435/1435
f 1431/1431/1431 1436/1436/1436 1430/1430/1430
f 1436/1436/1436 1433/1433/1433 1430/1430/1430
f 1433/1433/1433 1436/1436/1436 1435/1435/1435
f 1431/1431/1431 1437/1437/1437 1436/1436/1436
f 1437/1437/1437 1435/1435/1435 1436/1436/1436
f 1440/1440/1440 1439/1439/1439 1438/1438/1438
f 1439/1439/1439 1441/1441/1441 1438/1438/1438
f 1439/1439/1439 1442/1442/1442 1441/1441/1441
f 1442/1442/1442 1443/1443/1443 1441/1441/1441
f 1442/1442/1442 1444/1444/1444 1443/1443/1443
f 1444/1444/1444 1445/1445/1445 1443/1443/1443
f 1444/1444/1444 1446/1446/1446 1445/1445/1445
f 1446/1446/1446 1447/1447/1447 1445/1445/1445
f 1447/1447/1447 1446/1446/1446 1448/1448/1448
f 1449/1449/1449 1447/1447/1447 1448/1448/1448
f 1449/1449/1449 1448/1448/1448 1450/1450/1450
f 1451/1451/1451 1449/1449/1449 1450/1450/1450
f 1450/1450/1450 1452/1452/1452 1451/1451/1451
f 1452/1452/1452 1453/1453/1453 1451/1451/1451
f 1456/1456/1456 1455/1455/1455 1454/1454/1454
f 1457/1457/1457 1456/1456/1456 1454/1454/1454
f 1457/1457/1457 1454/1454/1454 1458/1458/1458
f 1459/1459/1459 1457/1457/1457 1458/1458/1458
f 1458/1458/1458 1460/1460/1460 1459/1459/1459
f 1460/1460/1460 1461/1461/1461 1459/1459/1459
f 1461/1461/1461 1460/1460/1460 1462/1462/1462
f 1463/1463/1463 1461/1461/1461 1462/1462/1462
f 1463/1463/1463 1462/1462/1462 1464/1464/1464
f 1465/1465/1465 1463/1463/1463 1464/1464/1464
f 1468/1468/1468 1467/1467/1467 1466/1466/1466
f 1469/1469/1469 1468/1468/1468 1466/1466/1466
f 1469/1469/1469 1466/1466/1466 1470/1470/1470
f 1469/1469/1469 1471/1471/1471 1468/1468/1468
f 1471/1471/1471 1472/1472/1472 1468/1468/1468
f 1472/1472/1472 1471/1471/1471 1473/1473/1473
f 1474/1474/1474 1469/1469/1469 1470/1470/1470
f 1471/1471/1471 1469/1469/1469 1474/1474/1474
f 1474/1474/1474 1470/1470/1470 1475/1475/1475
f 1471/1471/1471 1476/1476/1476 1473/1473/1473
f 1476/1476/1476 1471/1471/1471 1474/1474/1474
f 1477/1477/1477 1473/1473/1473 1476/1476/1476
f 1478/1478/1478 1474/1474/1474 1475/1475/1475
f 1475/1475/1475 1479/1479/1479 1478/1478/1478
f 1480/1480/1480 1476/1476/1476 1474/1474/1474
f 1480/1480/1480 1477/1477/1477 1476/1476/1476
f 1478/1478/1478 1480/1480/1480 1474/1474/1474
f 1480/1480/1480 1481/1481/1481 1477/1477/1477
f 1481/1481/1481 1480/1480/1480 1478/1478/1478
f 1481/1481/1481 1482/1482/1482 1477/1477/1477
f 1482/1482/1482 1481/1481/1481 1483/1483/1483
f 1479/1479/1479 1484/1484/1484 1478/1478/1478
f 1484/1484/1484 1481/1481/1481 1478/1478/1478
f 1481/1481/1481 1484/1484/1484 1483/1483/1483
f 1479/1479/1479 1485/1485/1485 1484/1484/1484
f 1485/1485/1485 1483/1483/1483 1484/1484/1484
f 1488/1488/1488 1487/1487/1487 1486/1486/1486
f 1489/1489/1489 1488/1488/1488 1486/1486/1486
f 1486/1486/1486 1490/1490/1490 1489/1489/1489
f 1488/1488/1488 1489/1489/1489 1491/1491/1491
f 1492/1492/1492 1488/1488/1488 1491/1491/1491
f 1492/1492/1492 1491/1491/1491 1493/1493/1493
f 1494/1494/1494 1492/1492/1492 1493/1493/1493
f 1494/1494/1494 1493/1493/1493 1495/1495/1495
f 1496/1496/1496 1495/1495/1495 1493/1493/1493
f 1497/1497/1497 1494/1494/1494 1495/1495/1495
f 1498/1498/1498 1497/1497/1497 1495/1495/1495
f 1499/1499/1499 1493/1493/1493 1491/1491/1491
f 1499/1499/1499 1496/1496/1496 1493/1493/1493
f 1500/1500/1500 1499/1499/1499 1491/1491/1491
f 1500/1500/1500 1491/1491/1491 1489/1489/1489
f 1496/1496/1496 1499/1499/1499 1500/1500/1500
f 1501/1501/1501 1500/1500/1500 1489/1489/1489
f 1490/1490/1490 1501/1501/1501 1489/1489/1489
f 1496/1496/1496 1500/1500/1500 1501/1501/1501
f 1496/1496/1496 1501/1501/1501 1490/1490/1490
f 1502/1502/1502 1496/1496/1496 1490/1490/1490
f 1503/1503/1503 1502/1502/1502 1490/1490/1490
f 1495/1495/1495 1496/1496/1496 1504/1504/1504
f 1496/1496/1496 1502/1502/1502 1504/1504/1504
f 1504/1504/1504 1498/1498/1498 1495/1495/1495
f 1504/1504/1504 1502/1502/1502 1503/1503/1503
f 1504/1504/1504 1505/1505/1505 1498/1498/1498
f 1505/1505/1505 1504/1504/1504 1503/1503/1503
f 1505/1505/1505 1506/1506/1506 1498/1498/1498
f 1507/1507/1507 1503/1503/1503 1490/1490/1490
f 1508/1508/1508 1507/1507/1507 1490/1490/1490
f 1490/1490/1490 1509/1509/1509 1508/1508/1508
f 1490/1490/1490 1510/1510/1510 1509/1509/1509
f 1511/1511/1511 1510/1510/1510 1490/1490/1490
f 1510/1510/1510 1512/1512/1512 1509/1509/1509
f 1490/1490/1490 1513/1513/1513 1511/1511/1511
f 1513/1513/1513 1514/1514/1514 1511/1511/1511
f 1513/1513/1513 1490/1490/1490 1515/1515/1515
f 1513/1513/1513 1516/1516/1516 1514/1514/1514
f 1514/1514/1514 1516/1516/1516 1517/1517/1517
f 1516/1516/1516 1518/1518/1518 1517/1517/1517
f 1517/1517/1517 1518/1518/1518 1519/1519/1519
f 1518/1518/1518 1520/1520/1520 1519/1519/1519
f 1516/1516/1516 1521/1521/1521 1518/1518/1518
f 1513/1513/1513 1521/1521/1521 1516/1516/1516
f 1518/1518/1518 1522/1522/1522 1520/1520/1520
f 1521/1521/1521 1522/1522/1522 1518/1518/1518
f 1522/1522/1522 1523/1523/1523 1520/1520/1520
f 1524/1524/1524 1523/1523/1523 1522/1522/1522
f 1522/1522/1522 1521/1521/1521 1525/1525/1525
f 1525/1525/1525 1524/1524/1524 1522/1522/1522
f 1526/1526/1526 1513/1513/1513 1515/1515/1515
f 1521/1521/1521 1527/1527/1527 1525/1525/1525
f 1513/1513/1513 1527/1527/1527 1521/1521/1521
f 1525/1525/1525 1528/1528/1528 1524/1524/1524
f 1528/1528/1528 1529/1529/1529 1524/1524/1524
f 1527/1527/1527 1530/1530/1530 1525/1525/1525
f 1513/1513/1513 1530/1530/1530 1527/1527/1527
f 1530/1530/1530 1528/1528/1528 1525/1525/1525
f 1528/1528/1528 1531/1531/1531 1529/1529/1529
f 1513/1513/1513 1526/1526/1526 1531/1531/1531
f 1531/1531/1531 1532/1532/1532 1529/1529/1529
f 1531/1531/1531 1526/1526/1526 1532/1532/1532
f 1526/1526/1526 1533/1533/1533 1532/1532/1532
f 1513/1513/1513 1534/1534/1534 1530/1530/1530
f 1530/1530/1530 1534/1534/1534 1528/1528/1528
f 1534/1534/1534 1531/1531/1531 1528/1528/1528
f 1534/1534/1534 1513/1513/1513 1531/1531/1531
f 1515/1515/1515 1536/1536/1536 1535/1535/1535
f 1536/1536/1536 1533/1533/1533 1535/1535/1535
f 1539/1539/1539 1538/1538/1538 1537/1537/1537
f 1538/1538/1538 1540/1540/1540 1537/1537/1537
f 1537/1537/1537 1540/1540/1540 1541/1541/1541
f 1542/1542/1542 1537/1537/1537 1541/1541/1541
f 1541/1541/1541 1543/1543/1543 1542/1542/1542
f 1543/1543/1543 1544/1544/1544 1542/1542/1542
f 1547/1547/1547 1546/1546/1546 1545/1545/1545
f 1548/1548/1548 1547/1547/1547 1545/1545/1545
f 1545/1545/1545 1549/1549/1549 1548/1548/1548
f 1549/1549/1549 1550/1550/1550 1548/1548/1548
f 1548/1548/1548 1550/1550/1550 1551/1551/1551
f 1548/1548/1548 1552/1552/1552 1547/1547/1547
f 1552/1552/1552 1548/1548/1548 1551/1551/1551
f 1552/1552/1552 1551/1551/1551 1553/1553/1553
f 1552/1552/1552 1554/1554/1554 1547/1547/1547
f 1555/1555/1555 1552/1552/1552 1553/1553/1553
f 1552/1552/1552 1555/1555/1555 1554/1554/1554
f 1555/1555/1555 1556/1556/1556 1554/1554/1554
f 1559/1559/1559 1558/1558/1558 1557/1557/1557
f 1560/1560/1560 1559/1559/1559 1557/1557/1557
f 1561/1561/1561 1559/1559/1559 1560/1560/1560
f 1562/1562/1562 1560/1560/1560 1557/1557/1557
f 1563/1563/1563 1562/1562/1562 1557/1557/1557
f 1562/1562/1562 1563/1563/1563 1564/1564/1564
f 1565/1565/1565 1561/1561/1561 1560/1560/1560
f 1562/1562/1562 1565/1565/1565 1560/1560/1560
f 1566/1566/1566 1562/1562/1562 1564/1564/1564
f 1565/1565/1565 1562/1562/1562 1566/1566/1566
f 1565/1565/1565 1567/1567/1567 1561/1561/1561
f 1567/1567/1567 1565/1565/1565 1566/1566/1566
f 1567/1567/1567 1568/1568/1568 1561/1561/1561
f 1568/1568/1568 1567/1567/1567 1569/1569/1569
f 1566/1566/1566 1564/1564/1564 1570/1570/1570
f 1567/1567/1567 1566/1566/1566 1570/1570/1570
f 1567/1567/1567 1570/1570/1570 1569/1569/1569
f 1564/1564/1564 1571/1571/1571 1570/1570/1570
f 1569/1569/1569 1570/1570/1570 1572/1572/1572
f 1570/1570/1570 1571/1571/1571 1572/1572/1572
f 1575/1575/1575 1574/1574/1574 1573/1573/1573
f 1576/1576/1576 1575/1575/1575 1573/1573/1573
f 1575/1575/1575 1576/1576/1576 1577/1577/1577
f 1578/1578/1578 1575/1575/1575 1577/1577/1577
f 1579/1579/1579 1578/1578/1578 1577/1577/1577
f 1580/1580/1580 1579/1579/1579 1577/1577/1577
f 1583/1583/1583 1582/1582/1582 1581/1581/1581
f 1582/1582/1582 1584/1584/1584 1581/1581/1581
f 1584/1584/1584 1585/1585/1585 1581/1581/1581
f 1585/1585/1585 1586/1586/1586 1581/1581/1581
f 1589/1589/1589 1588/1588/1588 1587/1587/1587
f 1590/1590/1590 1589/1589/1589 1587/1587/1587
f 1593/1593/1593 1592/1592/1592 1591/1591/1591
f 1594/1594/1594 1593/1593/1593 1591/1591/1591
f 1591/1591/1591 1595/1595/1595 1594/1594/1594
f 1595/1595/1595 1596/1596/1596 1594/1594/1594
f 1597/1597/1597 1596/1596/1596 1595/1595/1595
f 1598/1598/1598 1597/1597/1597 1595/1595/1595
f 1598/1598/1598 1595/1595/1595 1599/1599/1599
f 1599/1599/1599 1595/1595/1595 1591/1591/1591
f 1600/1600/1600 1598/1598/1598 1599/1599/1599
f 1601/1601/1601 1599/1599/1599 1591/1591/1591
f 1591/1591/1591 1602/1602/1602 1601/1601/1601
f 1602/1602/1602 1603/1603/1603 1601/1601/1601
f 1606/1606/1606 1605/1605/1605 1604/1604/1604
f 1607/1607/1607 1606/1606/1606 1604/1604/1604
f 1610/1610/1610 1609/1609/1609 1608/1608/1608
f 1611/1611/1611 1610/1610/1610 1608/1608/1608
f 1608/1608/1608 1612/1612/1612 1611/1611/1611
f 1612/1612/1612 1613/1613/1613 1611/1611/1611
f 1614/1614/1614 1613/1613/1613 1612/1612/1612
f 1615/1615/1615 1612/1612/1612 1608/1608/1608
f 1616/1616/1616 1612/1612/1612 1615/1615/1615
f 1617/1617/1617 1616/1616/1616 1615/1615/1615
f 1618/1618/1618 1615/1615/1615 1608/1608/1608
f 1608/1608/1608 1619/1619/1619 1618/1618/1618
f 1619/1619/1619 1620/1620/1620 1618/1618/1618
f 1621/1621/1621 1614/1614/1614 1612/1612/1612
f 1614/1614/1614 1621/1621/1621 1622/1622/1622
f 1623/1623/1623 1614/1614/1614 1622/1622/1622
f 1622/1622/1622 1621/1621/1621 1624/1624/1624
f 1621/1621/1621 1625/1625/1625 1624/1624/1624
f 1622/1622/1622 1624/1624/1624 1626/1626/1626
f 1627/1627/1627 1622/1622/1622 1626/1626/1626
f 1623/1623/1623 1622/1622/1622 1627/1627/1627
f 1628/1628/1628 1623/1623/1623 1627/1627/1627
f 1631/1631/1631 1630/1630/1630 1629/1629/1629
f 1630/1630/1630 1632/1632/1632 1629/1629/1629
f 1629/1629/1629 1632/1632/1632 1633/1633/1633
f 1630/1630/1630 1634/1634/1634 1632/1632/1632
f 1632/1632/1632 1635/1635/1635 1633/1633/1633
f 1634/1634/1634 1636/1636/1636 1632/1632/1632
f 1632/1632/1632 1636/1636/1636 1635/1635/1635
f 1636/1636/1636 1637/1637/1637 1635/1635/1635
f 1640/1640/1640 1639/1639/1639 1638/1638/1638
f 1639/1639/1639 1641/1641/1641 1638/1638/1638
f 1638/1638/1638 1641/1641/1641 1642/1642/1642
f 1641/1641/1641 1643/1643/1643 1642/1642/1642
f 1646/1646/1646 1645/1645/1645 1644/1644/1644
f 1645/1645/1645 1647/1647/1647 1644/1644/1644
f 1644/1644/1644 1647/1647/1647 1648/1648/1648
f 1645/1645/1645 1649/1649/1649 1647/1647/1647
f 1647/1647/1647 1650/1650/1650 1648/1648/1648
f 1649/1649/1649 1651/1651/1651 1647/1647/1647
f 1647/1647/1647 1651/1651/1651 1650/1650/1650
f 1651/1651/1651 1652/1652/1652 1650/1650/1650
f 1655/1655/1655 1654/1654/1654 1653/1653/1653
f 1656/1656/1656 1655/1655/1655 1653/1653/1653
f 1659/1659/1659 1658/1658/1658 1657/1657/1657
f 1658/1658/1658 1660/1660/1660 1657/1657/1657
f 1658/1658/1658 1661/1661/1661 1660/1660/1660
f 1661/1661/1661 1662/1662/1662 1660/1660/1660
f 1660/1660/1660 1662/1662/1662 1663/1663/1663
f 1664/1664/1664 1660/1660/1660 1663/1663/1663
f 1657/1657/1657 1660/1660/1660 1664/1664/1664
f 1665/1665/1665 1657/1657/1657 1664/1664/1664
f 1667/1667/1667 1665/1665/1665 1666/1666/1666
f 1665/1665/1665 1668/1668/1668 1666/1666/1666
f 1669/1669/1669 1666/1666/1666 1668/1668/1668
f 1670/1670/1670 1669/1669/1669 1668/1668/1668
f 1671/1671/1671 1666/1666/1666 1669/1669/1669
f 1669/1669/1669 1670/1670/1670 1672/1672/1672
f 1670/1670/1670 1673/1673/1673 1672/1672/1672
f 1674/1674/1674 1671/1671/1671 1669/1669/1669
f 1674/1674/1674 1669/1669/1669 1672/1672/1672
f 1675/1675/1675 1671/1671/1671 1674/1674/1674
f 1676/1676/1676 1674/1674/1674 1672/1672/1672
f 1677/1677/1677 1675/1675/1675 1674/1674/1674
f 1677/1677/1677 1674/1674/1674 1676/1676/1676
f 1678/1678/1678 1677/1677/1677 1676/1676/1676
f 1681/1681/1681 1680/1680/1680 1679/1679/1679
f 1680/1680/1680 1682/1682/1682 1679/1679/1679
f 1680/1680/1680 1683/1683/1683 1682/1682/1682
f 1679/1679/1679 1682/1682/1682 1684/1684/1684
f 1685/1685/1685 1679/1679/1679 1684/1684/1684
f 1684/1684/1684 1682/1682/1682 1686/1686/1686
f 1683/1683/1683 1687/1687/1687 1682/1682/1682
f 1682/1682/1682 1687/1687/1687 1686/1686/1686
f 1683/1683/1683 1688/1688/1688 1687/1687/1687
f 1686/1686/1686 1687/1687/1687 1689/1689/1689
f 1688/1688/1688 1689/1689/1689 1687/1687/1687
f 1692/1692/1692 1691/1691/1691 1690/1690/1690
f 1691/1691/1691 1693/1693/1693 1690/1690/1690
f 1691/1691/1691 1694/1694/1694 1693/1693/1693
f 1694/1694/1694 1695/1695/1695 1693/1693/1693
f 1693/1693/1693 1695/1695/1695 1696/1696/1696
f 1697/1697/1697 1693/1693/1693 1696/1696/1696
f 1690/1690/1690 1693/1693/1693 1697/1697/1697
f 1698/1698/1698 1690/1690/1690 1697/1697/1697
f 1701/1701/1701 1700/1700/1700 1699/1699/1699
f 1702/1702/1702 1701/1701/1701 1699/1699/1699
f 1705/1705/1705 1704/1704/1704 1703/1703/1703
f 1706/1706/1706 1705/1705/1705 1703/1703/1703
f 1709/1709/1709 1708/1708/1708 1707/1707/1707
f 1710/1710/1710 1709/1709/1709 1707/1707/1707
f 1710/1710/1710 1707/1707/1707 1711/1711/1711
f 1712/1712/1712 1709/1709/1709 1710/1710/1710
f 1713/1713/1713 1710/1710/1710 1711/1711/1711
f 1714/1714/1714 1712/1712/1712 1710/1710/1710
f 1714/1714/1714 1710/1710/1710 1713/1713/1713
f 1712/1712/1712 1714/1714/1714 1715/1715/1715
f 1716/1716/1716 1714/1714/1714 1713/1713/1713
f 1714/1714/1714 1717/1717/1717 1715/1715/1715
f 1716/1716/1716 1718/1718/1718 1714/1714/1714
f 1718/1718/1718 1717/1717/1717 1714/1714/1714
f 1721/1721/1721 1720/1720/1720 1719/1719/1719
f 1722/1722/1722 1721/1721/1721 1719/1719/1719
f 1725/1725/1725 1724/1724/1724 1723/1723/1723
f 1724/1724/1724 1726/1726/1726 1723/1723/1723
f 1723/1723/1723 1726/1726/1726 1727/1727/1727
f 1726/1726/1726 1728/1728/1728 1727/1727/1727
f 1727/1727/1727 1728/1728/1728 1729/1729/1729
f 1728/1728/1728 1730/1730/1730 1729/1729/1729
f 1729/1729/1729 1730/1730/1730 1731/1731/1731
f 1734/1734/1734 1733/1733/1733 1732/1732/1732
f 1734/1734/1734 1732/1732/1732 1735/1735/1735
f 1732/1732/1732 1736/1736/1736 1735/1735/1735
f 1737/1737/1737 1735/1735/1735 1736/1736/1736
f 1738/1738/1738 1737/1737/1737 1736/1736/1736
f 1739/1739/1739 1738/1738/1738 1736/1736/1736
f 1740/1740/1740 1738/1738/1738 1739/1739/1739
f 1741/1741/1741 1740/1740/1740 1739/1739/1739
f 1744/1744/1744 1743/1743/1743 1742/1742/1742
f 1745/1745/1745 1744/1744/1744 1742/1742/1742
f 1748/1748/1748 1747/1747/1747 1746/1746/1746
f 1749/1749/1749 1748/1748/1748 1746/1746/1746
f 1748/1748/1748 1749/1749/1749 1750/1750/1750
f 1749/1749/1749 1751/1751/1751 1750/1750/1750
f 1754/1754/1754 1753/1753/1753 1752/1752/1752
f 1753/1753/1753 1755/1755/1755 1752/1752/1752
f 1752/1752/1752 1755/1755/1755 1756/1756/1756
f 1755/1755/1755 1753/1753/1753 1757/1757/1757
f 1753/1753/1753 1758/1758/1758 1757/1757/1757
f 1757/1757/1757 1758/1758/1758 1759/1759/1759
f 1760/1760/1760 1757/1757/1757 1759/1759/1759
f 1755/1755/1755 1761/1761/1761 1756/1756/1756
f 1761/1761/1761 1755/1755/1755 1757/1757/1757
f 1762/1762/1762 1756/1756/1756 1761/1761/1761
f 1763/1763/1763 1762/1762/1762 1761/1761/1761
f 1757/1757/1757 1760/1760/1760 1764/1764/1764
f 1764/1764/1764 1761/1761/1761 1757/1757/1757
f 1764/1764/1764 1763/1763/1763 1761/1761/1761
f 1760/1760/1760 1765/1765/1765 1764/1764/1764
f 1765/1765/1765 1763/1763/1763 1764/1764/1764
f 1768/1768/1768 1767/1767/1767 1766/1766/1766
f 1767/1767/1767 1769/1769/1769 1766/1766/1766
f 1766/1766/1766 1769/1769/1769 1770/1770/1770
f 1771/1771/1771 1769/1769/1769 1767/1767/1767
f 1772/1772/1772 1771/1771/1771 1767/1767/1767
f 1771/1771/1771 1772/1772/1772 1773/1773/1773
f 1774/1774/1774 1771/1771/1771 1773/1773/1773
f 1775/1775/1775 1771/1771/1771 1774/1774/1774
f 1771/1771/1771 1775/1775/1775 1769/1769/1769
f 1776/1776/1776 1775/1775/1775 1774/1774/1774
f 1769/1769/1769 1777/1777/1777 1770/1770/1770
f 1775/1775/1775 1777/1777/1777 1769/1769/1769
f 1778/1778/1778 1770/1770/1770 1777/1777/1777
f 1779/1779/1779 1778/1778/1778 1777/1777/1777
f 1779/1779/1779 1777/1777/1777 1775/1775/1775
f 1780/1780/1780 1778/1778/1778 1779/1779/1779
f 1781/1781/1781 1780/1780/1780 1779/1779/1779
f 1775/1775/1775 1776/1776/1776 1782/1782/1782
f 1782/1782/1782 1779/1779/1779 1775/1775/1775
f 1782/1782/1782 1781/1781/1781 1779/1779/1779
f 1776/1776/1776 1783/1783/1783 1782/1782/1782
f 1783/1783/1783 1781/1781/1781 1782/1782/1782
f 1786/1786/1786 1785/1785/1785 1784/1784/1784
f 1787/1787/1787 1786/1786/1786 1784/1784/1784
f 1788/1788/1788 1787/1787/1787 1784/1784/1784
f 1789/1789/1789 1788/1788/1788 1784/1784/1784
f 1788/1788/1788 1789/1789/1789 1790/1790/1790
f 1791/1791/1791 1788/1788/1788 1790/1790/1790
f 1794/1794/1794 1793/1793/1793 1792/1792/1792
f 1793/1793/1793 1795/1795/1795 1792/1792/1792
f 1792/1792/1792 1795/1795/1795 1796/1796/1796
f 1797/1797/1797 1795/1795/1795 1793/1793/1793
f 1798/1798/1798 1797/1797/1797 1793/1793/1793
f 1798/1798/1798 1799/1799/1799 1797/1797/1797
f 1799/1799/1799 1800/1800/1800 1797/1797/1797
f 1795/1795/1795 1801/1801/1801 1796/1796/1796
f 1801/1801/1801 1795/1795/1795 1797/1797/1797
f 1801/1801/1801 1802/1802/1802 1796/1796/1796
f 1803/1803/1803 1802/1802/1802 1801/1801/1801
f 1804/1804/1804 1797/1797/1797 1800/1800/1800
f 1804/1804/1804 1801/1801/1801 1797/1797/1797
f 1804/1804/1804 1803/1803/1803 1801/1801/1801
f 1805/1805/1805 1804/1804/1804 1800/1800/1800
f 1805/1805/1805 1803/1803/1803 1804/1804/1804
f 1808/1808/1808 1807/1807/1807 1806/1806/1806
f 1809/1809/1809 1808/1808/1808 1806/1806/1806
f 1810/1810/1810 1808/1808/1808 1809/1809/1809
f 1809/1809/1809 1806/1806/1806 1811/1811/1811
f 1806/1806/1806 1812/1812/1812 1811/1811/1811
f 1811/1811/1811 1812/1812/1812 1813/1813/1813
f 1814/1814/1814 1811/1811/1811 1813/1813/1813
f 1815/1815/1815 1811/1811/1811 1814/1814/1814
f 1809/1809/1809 1811/1811/1811 1815/1815/1815
f 1816/1816/1816 1815/1815/1815 1814/1814/1814
f 1817/1817/1817 1810/1810/1810 1809/1809/1809
f 1817/1817/1817 1809/1809/1809 1815/1815/1815
f 1810/1810/1810 1817/1817/1817 1818/1818/1818
f 1815/1815/1815 1816/1816/1816 1819/1819/1819
f 1817/1817/1817 1815/1815/1815 1819/1819/1819
f 1816/1816/1816 1820/1820/1820 1819/1819/1819
f 1820/1820/1820 1821/1821/1821 1819/1819/1819
f 1817/1817/1817 1822/1822/1822 1818/1818/1818
f 1822/1822/1822 1817/1817/1817 1819/1819/1819
f 1819/1819/1819 1821/1821/1821 1822/1822/1822
f 1823/1823/1823 1818/1818/1818 1822/1822/1822
f 1821/1821/1821 1823/1823/1823 1822/1822/1822
f 1826/1826/1826 1825/1825/1825 1824/1824/1824
f 1827/1827/1827 1826/1826/1826 1824/1824/1824
f 1827/1827/1827 1824/1824/1824 1828/1828/1828
f 1824/1824/1824 1829/1829/1829 1828/1828/1828
f 1829/1829/1829 1830/1830/1830 1828/1828/1828
f 1830/1830/1830 1831/1831/1831 1828/1828/1828
f 1834/1834/1834 1833/1833/1833 1832/1832/1832
f 1835/1835/1835 1834/1834/1834 1832/1832/1832
f 1838/1838/1838 1837/1837/1837 1836/1836/1836
f 1839/1839/1839 1838/1838/1838 1836/1836/1836
f 1842/1842/1842 1841/1841/1841 1840/1840/1840
f 1843/1843/1843 1842/1842/1842 1840/1840/1840
f 1846/1846/1846 1845/1845/1845 1844/1844/1844
f 1847/1847/1847 1846/1846/1846 1844/1844/1844
f 1850/1850/1850 1849/1849/1849 1848/1848/1848
f 1851/1851/1851 1850/1850/1850 1848/1848/1848
f 1854/1854/1854 1853/1853/1853 1852/1852/1852
f 1855/1855/1855 1854/1854/1854 1852/1852/1852
f 1858/1858/1858 1857/1857/1857 1856/1856/1856
f 1859/1859/1859 1858/1858/1858 1856/1856/1856
f 1862/1862/1862 1861/1861/1861 1860/1860/1860
f 1863/1863/1863 1862/1862/1862 1860/1860/1860
f 1866/1866/1866 1865/1865/1865 1864/1864/1864
f 1867/1867/1867 1866/1866/1866 1864/1864/1864
f 1870/1870/1870 1869/1869/1869 1868/1868/1868
f 1871/1871/1871 1870/1870/1870 1868/1868/1868
f 1874/1874/1874 1873/1873/1873 1872/1872/1872
f 1875/1875/1875 1874/1874/1874 1872/1872/1872
f 1878/1878/1878 1877/1877/1877 1876/1876/1876
f 1879/1879/1879 1878/1878/1878 1876/1876/1876
f 1882/1882/1882 1881/1881/1881 1880/1880/1880
f 1883/1883/1883 1882/1882/1882 1880/1880/1880
f 1886/1886/1886 1885/1885/1885 1884/1884/1884
f 1887/1887/1887 1886/1886/1886 1884/1884/1884
f 1890/1890/1890 1889/1889/1889 1888/1888/1888
f 1891/1891/1891 1890/1890/1890 1888/1888/1888
f 1894/1894/1894 1893/1893/1893 1892/1892/1892
f 1895/1895/1895 1894/1894/1894 1892/1892/1892
f 1898/1898/1898 1897/1897/1897 1896/1896/1896
f 1899/1899/1899 1898/1898/1898 1896/1896/1896
f 1902/1902/1902 1901/1901/1901 1900/1900/1900
f 1903/1903/1903 1902/1902/1902 1900/1900/1900
f 1906/1906/1906 1905/1905/1905 1904/1904/1904
f 1907/1907/1907 1906/1906/1906 1904/1904/1904
f 1910/1910/1910 1909/1909/1909 1908/1908/1908
f 1911/1911/1911 1910/1910/1910 1908/1908/1908
f 1914/1914/1914 1913/1913/1913 1912/1912/1912
f 1915/1915/1915 1914/1914/1914 1912/1912/1912
f 1918/1918/1918 1917/1917/1917 1916/1916/1916
f 1919/1919/1919 1918/1918/1918 1916/1916/1916
f 1922/1922/1922 1921/1921/1921 1920/1920/1920
f 1923/1923/1923 1922/1922/1922 1920/1920/1920
f 1926/1926/1926 1925/1925/1925 1924/1924/1924
f 1927/1927/1927 1926/1926/1926 1924/1924/1924
f 1930/1930/1930 1929/1929/1929 1928/1928/1928
f 1931/1931/1931 1930/1930/1930 1928/1928/1928
f 1934/1934/1934 1933/1933/1933 1932/1932/1932
f 1935/1935/1935 1934/1934/1934 1932/1932/1932
f 1938/1938/1938 1937/1937/1937 1936/1936/1936
f 1939/1939/1939 1938/1938/1938 1936/1936/1936
f 1942/1942/1942 1941/1941/1941 1940/1940/1940
f 1943/1943/1943 1942/1942/1942 1940/1940/1940
f 1946/1946/1946 1945/1945/1945 1944/1944/1944
f 1947/1947/1947 1946/1946/1946 1944/1944/1944
f 1950/1950/1950 1949/1949/1949 1948/1948/1948
f 1951/1951/1951 1950/1950/1950 1948/1948/1948
f 1954/1954/1954 1953/1953/1953 1952/1952/1952
f 1955/1955/1955 1954/1954/1954 1952/1952/1952
f 1958/1958/1958 1957/1957/1957 1956/1956/1956
f 1959/1959/1959 1958/1958/1958 1956/1956/1956
f 1962/1962/1962 1961/1961/1961 1960/1960/1960
f 1963/1963/1963 1962/1962/1962 1960/1960/1960
f 1966/1966/1966 1965/1965/1965 1964/1964/1964
f 1967/1967/1967 1966/1966/1966 1964/1964/1964
f 1970/1970/1970 1969/1969/1969 1968/1968/1968
f 1971/1971/1971 1970/1970/1970 1968/1968/1968
f 1974/1974/1974 1973/1973/1973 1972/1972/1972
f 1975/1975/1975 1974/1974/1974 1972/1972/1972
f 1978/1978/1978 1977/1977/1977 1976/1976/1976
f 1979/1979/1979 1978/1978/1978 1976/1976/1976
f 1982/1982/1982 1981/1981/1981 1980/1980/1980
f 1983/1983/1983 1982/1982/1982 1980/1980/1980
f 1986/1986/1986 1985/1985/1985 1984/1984/1984
f 1987/1987/1987 1986/1986/1986 1984/1984/1984
f 1990/1990/1990 1989/1989/1989 1988/1988/1988
f 1991/1991/1991 1990/1990/1990 1988/1988/1988
f 1994/1994/1994 1993/1993/1993 1992/1992/1992
f 1993/1993/1993 1995/1995/1995 1992/1992/1992
f 1992/1992/1992 1995/1995/1995 1996/1996/1996
f 1995/1995/1995 1997/1997/1997 1996/1996/1996
f 1993/1993/1993 1998/1998/1998 1995/1995/1995
f 1995/1995/1995 1999/1999/1999 1997/1997/1997
f 1998/1998/1998 1999/1999/1999 1995/1995/1995
f 1999/1999/1999 2000/2000/2000 1997/1997/1997
f 1998/1998/1998 2001/2001/2001 1999/1999/1999
f 2001/2001/2001 1998/1998/1998 1509/1509/1509
f 1999/1999/1999 2002/2002/2002 2000/2000/2000
f 2001/2001/2001 2002/2002/2002 1999/1999/1999
f 2002/2002/2002 2003/2003/2003 2000/2000/2000
f 2004/2004/2004 2003/2003/2003 2002/2002/2002
f 2005/2005/2005 2001/2001/2001 1509/1509/1509
f 2005/2005/2005 1509/1509/1509 1512/1512/1512
f 2002/2002/2002 2001/2001/2001 2006/2006/2006
f 2006/2006/2006 2004/2004/2004 2002/2002/2002
f 2001/2001/2001 2005/2005/2005 2006/2006/2006
f 2007/2007/2007 2005/2005/2005 1512/1512/1512
f 2006/2006/2006 2005/2005/2005 2007/2007/2007
f 1512/1512/1512 2008/2008/2008 2007/2007/2007
f 2004/2004/2004 2006/2006/2006 2009/2009/2009
f 2009/2009/2009 2006/2006/2006 2007/2007/2007
f 2009/2009/2009 2007/2007/2007 2008/2008/2008
f 2010/2010/2010 2004/2004/2004 2009/2009/2009
f 2011/2011/2011 2009/2009/2009 2008/2008/2008
f 2010/2010/2010 2009/2009/2009 2011/2011/2011
f 2011/2011/2011 2008/2008/2008 2012/2012/2012
f 2013/2013/2013 2010/2010/2010 2011/2011/2011
f 2014/2014/2014 2011/2011/2011 2012/2012/2012
f 2013/2013/2013 2011/2011/2011 2014/2014/2014
f 2015/2015/2015 2013/2013/2013 2014/2014/2014
f 2016/2016/2016 2015/2015/2015 2014/2014/2014
f 2014/2014/2014 2012/2012/2012 2017/2017/2017
f 2017/2017/2017 2016/2016/2016 2014/2014/2014
f 2018/2018/2018 2016/2016/2016 2017/2017/2017
f 2019/2019/2019 2018/2018/2018 2017/2017/2017
f 2017/2017/2017 2020/2020/2020 2019/2019/2019
f 2020/2020/2020 2021/2021/2021 2019/2019/2019
f 2022/2022/2022 2018/2018/2018 2019/2019/2019
f 2019/2019/2019 2021/2021/2021 2023/2023/2023
f 2023/2023/2023 2022/2022/2022 2019/2019/2019
f 2021/2021/2021 2024/2024/2024 2023/2023/2023
f 2024/2024/2024 2025/2025/2025 2023/2023/2023
f 2025/2025/2025 2026/2026/2026 2023/2023/2023
f 2023/2023/2023 2026/2026/2026 2022/2022/2022
f 2026/2026/2026 2027/2027/2027 2022/2022/2022
f 2030/2030/2030 2029/2029/2029 2028/2028/2028
f 2031/2031/2031 2030/2030/2030 2028/2028/2028
f 2034/2034/2034 2033/2033/2033 2032/2032/2032
f 2033/2033/2033 2035/2035/2035 2032/2032/2032
f 2032/2032/2032 2035/2035/2035 2036/2036/2036
f 2035/2035/2035 2037/2037/2037 2036/2036/2036
f 2040/2040/2040 2039/2039/2039 2038/2038/2038
f 2041/2041/2041 2040/2040/2040 2038/2038/2038
f 2040/2040/2040 2041/2041/2041 2042/2042/2042
f 2041/2041/2041 2043/2043/2043 2042/2042/2042
f 2046/2046/2046 2045/2045/2045 2044/2044/2044
f 2047/2047/2047 2046/2046/2046 2044/2044/2044
f 2050/2050/2050 2049/2049/2049 2048/2048/2048
f 2051/2051/2051 2050/2050/2050 2048/2048/2048
f 2054/2054/2054 2053/2053/2053 2052/2052/2052
f 2055/2055/2055 2054/2054/2054 2052/2052/2052
f 2058/2058/2058 2057/2057/2057 2056/2056/2056
f 2059/2059/2059 2058/2058/2058 2056/2056/2056
f 2062/2062/2062 2061/2061/2061 2060/2060/2060
f 2061/2061/2061 2063/2063/2063 2060/2060/2060
f 2060/2060/2060 2063/2063/2063 2064/2064/2064
f 2063/2063/2063 2065/2065/2065 2064/2064/2064
f 2068/2068/2068 2067/2067/2067 2066/2066/2066
f 2069/2069/2069 2068/2068/2068 2066/2066/2066
f 2068/2068/2068 2069/2069/2069 2070/2070/2070
f 2069/2069/2069 2071/2071/2071 2070/2070/2070
f 2074/2074/2074 2073/2073/2073 2072/2072/2072
f 2075/2075/2075 2074/2074/2074 2072/2072/2072
f 2078/2078/2078 2077/2077/2077 2076/2076/2076
f 2079/2079/2079 2078/2078/2078 2076/2076/2076
f 2082/2082/2082 2081/2081/2081 2080/2080/2080
f 2083/2083/2083 2082/2082/2082 2080/2080/2080
f 2086/2086/2086 2085/2085/2085 2084/2084/2084
f 2085/2085/2085 2087/2087/2087 2084/2084/2084
f 2088/2088/2088 2087/2087/2087 2085/2085/2085
f 2089/2089/2089 2088/2088/2088 2085/2085/2085
f 2092/2092/2092 2091/2091/2091 2090/2090/2090
f 2093/2093/2093 2092/2092/2092 2090/2090/2090
f 2096/2096/2096 2095/2095/2095 2094/2094/2094
f 2097/2097/2097 2096/2096/2096 2094/2094/2094
f 2096/2096/2096 2097/2097/2097 2098/2098/2098
f 2097/2097/2097 2099/2099/2099 2098/2098/2098
f 2102/2102/2102 2101/2101/2101 2100/2100/2100
f 2101/2101/2101 2103/2103/2103 2100/2100/2100
f 2103/2103/2103 2104/2104/2104 2100/2100/2100
f 2107/2107/2107 2106/2106/2106 2105/2105/2105
f 2107/2107/2107 2105/2105/2105 2108/2108/2108
f 2109/2109/2109 2107/2107/2107 2108/2108/2108
f 2112/2112/2112 2111/2111/2111 2110/2110/2110
f 2111/2111/2111 2113/2113/2113 2110/2110/2110
f 2113/2113/2113 2114/2114/2114 2110/2110/2110
f 2114/2114/2114 2115/2115/2115 2110/2110/2110
f 2118/2118/2118 2117/2117/2117 2116/2116/2116
f 2119/2119/2119 2118/2118/2118 2116/2116/2116
f 2116/2116/2116 2120/2120/2120 2119/2119/2119
f 2120/2120/2120 2121/2121/2121 2119/2119/2119
f 2120/2120/2120 2122/2122/2122 2121/2121/2121
f 2122/2122/2122 2123/2123/2123 2121/2121/2121
f 2123/2123/2123 2122/2122/2122 2124/2124/2124
f 2125/2125/2125 2123/2123/2123 2124/2124/2124
f 2125/2125/2125 2124/2124/2124 2126/2126/2126
f 2127/2127/2127 2125/2125/2125 2126/2126/2126
f 2127/2127/2127 2126/2126/2126 2128/2128/2128
f 2129/2129/2129 2127/2127/2127 2128/2128/2128
f 2129/2129/2129 2128/2128/2128 2130/2130/2130
f 2131/2131/2131 2129/2129/2129 2130/2130/2130
f 2134/2134/2134 2133/2133/2133 2132/2132/2132
f 2135/2135/2135 2134/2134/2134 2132/2132/2132
f 2135/2135/2135 2132/2132/2132 2136/2136/2136
f 2135/2135/2135 2137/2137/2137 2134/2134/2134
f 2137/2137/2137 2138/2138/2138 2134/2134/2134
f 2138/2138/2138 2137/2137/2137 2139/2139/2139
f 2140/2140/2140 2135/2135/2135 2136/2136/2136
f 2137/2137/2137 2135/2135/2135 2140/2140/2140
f 2140/2140/2140 2136/2136/2136 2141/2141/2141
f 2137/2137/2137 2142/2142/2142 2139/2139/2139
f 2142/2142/2142 2137/2137/2137 2140/2140/2140
f 2143/2143/2143 2139/2139/2139 2142/2142/2142
f 2144/2144/2144 2140/2140/2140 2141/2141/2141
f 2141/2141/2141 2145/2145/2145 2144/2144/2144
f 2146/2146/2146 2142/2142/2142 2140/2140/2140
f 2146/2146/2146 2143/2143/2143 2142/2142/2142
f 2144/2144/2144 2146/2146/2146 2140/2140/2140
f 2146/2146/2146 2147/2147/2147 2143/2143/2143
f 2147/2147/2147 2146/2146/2146 2144/2144/2144
f 2147/2147/2147 2148/2148/2148 2143/2143/2143
f 2148/2148/2148 2147/2147/2147 2149/2149/2149
f 2145/2145/2145 2150/2150/2150 2144/2144/2144
f 2150/2150/2150 2147/2147/2147 2144/2144/2144
f 2147/2147/2147 2150/2150/2150 2149/2149/2149
f 2145/2145/2145 2151/2151/2151 2150/2150/2150
f 2151/2151/2151 2149/2149/2149 2150/2150/2150
f 2154/2154/2154 2153/2153/2153 2152/2152/2152
f 2155/2155/2155 2154/2154/2154 2152/2152/2152
f 2155/2155/2155 2152/2152/2152 2156/2156/2156
f 2157/2157/2157 2155/2155/2155 2156/2156/2156
f 2156/2156/2156 2158/2158/2158 2157/2157/2157
f 2158/2158/2158 2159/2159/2159 2157/2157/2157
f 2159/2159/2159 2158/2158/2158 2160/2160/2160
f 2161/2161/2161 2159/2159/2159 2160/2160/2160
f 2161/2161/2161 2160/2160/2160 2162/2162/2162
f 2163/2163/2163 2161/2161/2161 2162/2162/2162
f 2166/2166/2166 2165/2165/2165 2164/2164/2164
f 2167/2167/2167 2166/2166/2166 2164/2164/2164
f 2164/2164/2164 2168/2168/2168 2167/2167/2167
f 2168/2168/2168 2169/2169/2169 2167/2167/2167
f 2168/2168/2168 2170/2170/2170 2169/2169/2169
f 2170/2170/2170 2171/2171/2171 2169/2169/2169
f 2171/2171/2171 2170/2170/2170 2172/2172/2172
f 2173/2173/2173 2171/2171/2171 2172/2172/2172
f 2173/2173/2173 2172/2172/2172 2174/2174/2174
f 2175/2175/2175 2173/2173/2173 2174/2174/2174
f 2175/2175/2175 2174/2174/2174 2176/2176/2176
f 2177/2177/2177 2175/2175/2175 2176/2176/2176
f 2177/2177/2177 2176/2176/2176 2178/2178/2178
f 2179/2179/2179 2177/2177/2177 2178/2178/2178
f 2182/2182/2182 2181/2181/2181 2180/2180/2180
f 2181/2181/2181 2183/2183/2183 2180/2180/2180
f 2181/2181/2181 2184/2184/2184 2183/2183/2183
f 2184/2184/2184 2185/2185/2185 2183/2183/2183
f 2185/2185/2185 2184/2184/2184 2186/2186/2186
f 2187/2187/2187 2185/2185/2185 2186/2186/2186
f 2186/2186/2186 2188/2188/2188 2187/2187/2187
f 2188/2188/2188 2189/2189/2189 2187/2187/2187
f 2188/2188/2188 2190/2190/2190 2189/2189/2189
f 2190/2190/2190 2191/2191/2191 2189/2189/2189
f 2194/2194/2194 2193/2193/2193 2192/2192/2192
f 2195/2195/2195 2194/2194/2194 2192/2192/2192
f 2195/2195/2195 2192/2192/2192 2196/2196/2196
f 2195/2195/2195 2197/2197/2197 2194/2194/2194
f 2197/2197/2197 2198/2198/2198 2194/2194/2194
f 2198/2198/2198 2197/2197/2197 2199/2199/2199
f 2200/2200/2200 2195/2195/2195 2196/2196/2196
f 2197/2197/2197 2195/2195/2195 2200/2200/2200
f 2200/2200/2200 2196/2196/2196 2201/2201/2201
f 2197/2197/2197 2202/2202/2202 2199/2199/2199
f 2202/2202/2202 2197/2197/2197 2200/2200/2200
f 2203/2203/2203 2199/2199/2199 2202/2202/2202
f 2204/2204/2204 2200/2200/2200 2201/2201/2201
f 2201/2201/2201 2205/2205/2205 2204/2204/2204
f 2206/2206/2206 2202/2202/2202 2200/2200/2200
f 2206/2206/2206 2203/2203/2203 2202/2202/2202
f 2204/2204/2204 2206/2206/2206 2200/2200/2200
f 2206/2206/2206 2207/2207/2207 2203/2203/2203
f 2207/2207/2207 2206/2206/2206 2204/2204/2204
f 2207/2207/2207 2208/2208/2208 2203/2203/2203
f 2208/2208/2208 2207/2207/2207 2209/2209/2209
f 2205/2205/2205 2210/2210/2210 2204/2204/2204
f 2210/2210/2210 2207/2207/2207 2204/2204/2204
f 2207/2207/2207 2210/2210/2210 2209/2209/2209
f 2205/2205/2205 2211/2211/2211 2210/2210/2210
f 2211/2211/2211 2209/2209/2209 2210/2210/2210
f 2214/2214/2214 2213/2213/2213 2212/2212/2212
f 2213/2213/2213 2215/2215/2215 2212/2212/2212
f 2213/2213/2213 2216/2216/2216 2215/2215/2215
f 2216/2216/2216 2217/2217/2217 2215/2215/2215
f 2216/2216/2216 2218/2218/2218 2217/2217/2217
f 2218/2218/2218 2219/2219/2219 2217/2217/2217
f 2218/2218/2218 2220/2220/2220 2219/2219/2219
f 2220/2220/2220 2221/2221/2221 2219/2219/2219
f 2221/2221/2221 2220/2220/2220 2222/2222/2222
f 2223/2223/2223 2221/2221/2221 2222/2222/2222
f 2223/2223/2223 2222/2222/2222 2224/2224/2224
f 2225/2225/2225 2223/2223/2223 2224/2224/2224
f 2224/2224/2224 2226/2226/2226 2225/2225/2225
f 2226/2226/2226 2227/2227/2227 2225/2225/2225
f 2230/2230/2230 2229/2229/2229 2228/2228/2228
f 2231/2231/2231 2230/2230/2230 2228/2228/2228
f 2231/2231/2231 2228/2228/2228 2232/2232/2232
f 2233/2233/2233 2231/2231/2231 2232/2232/2232
f 2232/2232/2232 2234/2234/2234 2233/2233/2233
f 2234/2234/2234 2235/2235/2235 2233/2233/2233
f 2235/2235/2235 2234/2234/2234 2236/2236/2236
f 2237/2237/2237 2235/2235/2235 2236/2236/2236
f 2237/2237/2237 2236/2236/2236 2238/2238/2238
f 2239/2239/2239 2237/2237/2237 2238/2238/2238
f 2242/2242/2242 2241/2241/2241 2240/2240/2240
f 2243/2243/2243 2242/2242/2242 2240/2240/2240
f 2243/2243/2243 2240/2240/2240 2244/2244/2244
f 2243/2243/2243 2245/2245/2245 2242/2242/2242
f 2245/2245/2245 2246/2246/2246 2242/2242/2242
f 2246/2246/2246 2245/2245/2245 2247/2247/2247
f 2248/2248/2248 2243/2243/2243 2244/2244/2244
f 2245/2245/2245 2243/2243/2243 2248/2248/2248
f 2248/2248/2248 2244/2244/2244 2249/2249/2249
f 2245/2245/2245 2250/2250/2250 2247/2247/2247
f 2250/2250/2250 2245/2245/2245 2248/2248/2248
f 2251/2251/2251 2247/2247/2247 2250/2250/2250
f 2252/2252/2252 2248/2248/2248 2249/2249/2249
f 2249/2249/2249 2253/2253/2253 2252/2252/2252
f 2254/2254/2254 2250/2250/2250 2248/2248/2248
f 2254/2254/2254 2251/2251/2251 2250/2250/2250
f 2252/2252/2252 2254/2254/2254 2248/2248/2248
f 2254/2254/2254 2255/2255/2255 2251/2251/2251
f 2255/2255/2255 2254/2254/2254 2252/2252/2252
f 2255/2255/2255 2256/2256/2256 2251/2251/2251
f 2256/2256/2256 2255/2255/2255 2257/2257/2257
f 2253/2253/2253 2258/2258/2258 2252/2252/2252
f 2258/2258/2258 2255/2255/2255 2252/2252/2252
f 2255/2255/2255 2258/2258/2258 2257/2257/2257
f 2253/2253/2253 2259/2259/2259 2258/2258/2258
f 2259/2259/2259 2257/2257/2257 2258/2258/2258
f 2262/2262/2262 2261/2261/2261 2260/2260/2260
f 2261/2261/2261 2263/2263/2263 2260/2260/2260
f 2260/2260/2260 2263/2263/2263 2264/2264/2264
f 2263/2263/2263 2265/2265/2265 2264/2264/2264
f 2264/2264/2264 2265/2265/2265 2266/2266/2266
f 2265/2265/2265 2267/2267/2267 2266/2266/2266
f 2270/2270/2270 2269/2269/2269 2268/2268/2268
f 2269/2269/2269 2271/2271/2271 2268/2268/2268
f 2268/2268/2268 2271/2271/2271 2272/2272/2272
f 2271/2271/2271 2273/2273/2273 2272/2272/2272
f 2272/2272/2272 2273/2273/2273 2274/2274/2274
f 2273/2273/2273 2275/2275/2275 2274/2274/2274
f 2278/2278/2278 2277/2277/2277 2276/2276/2276
f 2279/2279/2279 2278/2278/2278 2276/2276/2276
f 2282/2282/2282 2281/2281/2281 2280/2280/2280
f 2281/2281/2281 2283/2283/2283 2280/2280/2280
f 2280/2280/2280 2283/2283/2283 2284/2284/2284
f 2283/2283/2283 2285/2285/2285 2284/2284/2284
f 2284/2284/2284 2285/2285/2285 2286/2286/2286
f 2289/2289/2289 2288/2288/2288 2287/2287/2287
f 2288/2288/2288 2290/2290/2290 2287/2287/2287
f 2291/2291/2291 2287/2287/2287 2290/2290/2290
f 2290/2290/2290 2288/2288/2288 2292/2292/2292
f 2293/2293/2293 2291/2291/2291 2290/2290/2290
f 2294/2294/2294 2290/2290/2290 2292/2292/2292
f 2293/2293/2293 2290/2290/2290 2294/2294/2294
f 2294/2294/2294 2292/2292/2292 2295/2295/2295
f 2296/2296/2296 2293/2293/2293 2294/2294/2294
f 2297/2297/2297 2294/2294/2294 2295/2295/2295
f 2296/2296/2296 2294/2294/2294 2297/2297/2297
f 2298/2298/2298 2296/2296/2296 2297/2297/2297
f 2297/2297/2297 2295/2295/2295 2299/2299/2299
f 2298/2298/2298 2297/2297/2297 2300/2300/2300
f 2300/2300/2300 2297/2297/2297 2299/2299/2299
f 2301/2301/2301 2298/2298/2298 2300/2300/2300
f 2300/2300/2300 2299/2299/2299 2302/2302/2302
f 2303/2303/2303 2300/2300/2300 2302/2302/2302
f 2301/2301/2301 2300/2300/2300 2303/2303/2303
f 2302/2302/2302 2299/2299/2299 2304/2304/2304
f 2305/2305/2305 2301/2301/2301 2303/2303/2303
f 2299/2299/2299 2306/2306/2306 2304/2304/2304
f 2307/2307/2307 2301/2301/2301 2305/2305/2305
f 2308/2308/2308 2307/2307/2307 2305/2305/2305
f 2304/2304/2304 2306/2306/2306 2309/2309/2309
f 2310/2310/2310 2307/2307/2307 2308/2308/2308
f 2311/2311/2311 2310/2310/2310 2308/2308/2308
f 2310/2310/2310 2311/2311/2311 2312/2312/2312
f 2313/2313/2313 2310/2310/2310 2312/2312/2312
f 2314/2314/2314 2310/2310/2310 2313/2313/2313
f 2315/2315/2315 2314/2314/2314 2313/2313/2313
f 2316/2316/2316 2314/2314/2314 2315/2315/2315
f 2317/2317/2317 2316/2316/2316 2315/2315/2315
f 2318/2318/2318 2316/2316/2316 2317/2317/2317
f 2319/2319/2319 2318/2318/2318 2317/2317/2317
f 2320/2320/2320 2318/2318/2318 2319/2319/2319
f 2321/2321/2321 2320/2320/2320 2319/2319/2319
f 2306/2306/2306 2322/2322/2322 2309/2309/2309
f 2309/2309/2309 2322/2322/2322 2323/2323/2323
f 2324/2324/2324 2309/2309/2309 2323/2323/2323
f 2322/2322/2322 2325/2325/2325 2323/2323/2323
f 2325/2325/2325 2326/2326/2326 2323/2323/2323
f 2326/2326/2326 2325/2325/2325 2327/2327/2327
f 2325/2325/2325 2328/2328/2328 2327/2327/2327
f 2328/2328/2328 2329/2329/2329 2327/2327/2327
f 2329/2329/2329 2330/2330/2330 2327/2327/2327
f 2330/2330/2330 2329/2329/2329 2331/2331/2331
f 2332/2332/2332 2330/2330/2330 2331/2331/2331
f 2335/2335/2335 2334/2334/2334 2333/2333/2333
f 2336/2336/2336 2335/2335/2335 2333/2333/2333
f 2336/2336/2336 2333/2333/2333 2337/2337/2337
f 2338/2338/2338 2336/2336/2336 2337/2337/2337
f 2338/2338/2338 2337/2337/2337 2339/2339/2339
f 2340/2340/2340 2338/2338/2338 2339/2339/2339
f 2340/2340/2340 2339/2339/2339 2341/2341/2341
f 2342/2342/2342 2340/2340/2340 2341/2341/2341
f 2344/2344/2344 2343/2343/2343 2342/2342/2342
f 2343/2343/2343 2345/2345/2345 2342/2342/2342
f 2343/2343/2343 2346/2346/2346 2345/2345/2345
f 2346/2346/2346 2347/2347/2347 2345/2345/2345
f 2346/2346/2346 2348/2348/2348 2347/2347/2347
f 2348/2348/2348 2349/2349/2349 2347/2347/2347
f 2348/2348/2348 2350/2350/2350 2349/2349/2349
f 2350/2350/2350 2351/2351/2351 2349/2349/2349
f 2354/2354/2354 2353/2353/2353 2352/2352/2352
f 2353/2353/2353 2355/2355/2355 2352/2352/2352
f 2355/2355/2355 2353/2353/2353 2356/2356/2356
f 2357/2357/2357 2355/2355/2355 2356/2356/2356
f 2357/2357/2357 2356/2356/2356 2358/2358/2358
f 2359/2359/2359 2357/2357/2357 2358/2358/2358
f 2359/2359/2359 2358/2358/2358 2360/2360/2360
f 2361/2361/2361 2359/2359/2359 2360/2360/2360
f 2360/2360/2360 2363/2363/2363 2362/2362/2362
f 2363/2363/2363 2364/2364/2364 2362/2362/2362
f 2363/2363/2363 2365/2365/2365 2364/2364/2364
f 2365/2365/2365 2366/2366/2366 2364/2364/2364
f 2365/2365/2365 2367/2367/2367 2366/2366/2366
f 2367/2367/2367 2368/2368/2368 2366/2366/2366
f 2368/2368/2368 2367/2367/2367 2369/2369/2369
f 2370/2370/2370 2368/2368/2368 2369/2369/2369
f 2373/2373/2373 2372/2372/2372 2371/2371/2371
f 2374/2374/2374 2373/2373/2373 2371/2371/2371
f 2372/2372/2372 2373/2373/2373 2375/2375/2375
f 2373/2373/2373 2374/2374/2374 2376/2376/2376
f 2373/2373/2373 2377/2377/2377 2375/2375/2375
f 2377/2377/2377 2373/2373/2373 2376/2376/2376
f 2378/2378/2378 2375/2375/2375 2377/2377/2377
f 2379/2379/2379 2377/2377/2377 2376/2376/2376
f 2379/2379/2379 2378/2378/2378 2377/2377/2377
f 2380/2380/2380 2379/2379/2379 2376/2376/2376
f 2379/2379/2379 2381/2381/2381 2378/2378/2378
f 2381/2381/2381 2379/2379/2379 2380/2380/2380
f 2381/2381/2381 2382/2382/2382 2378/2378/2378
f 2383/2383/2383 2381/2381/2381 2380/2380/2380
f 2382/2382/2382 2381/2381/2381 2384/2384/2384
f 2381/2381/2381 2383/2383/2383 2384/2384/2384
f 2387/2387/2387 2386/2386/2386 2385/2385/2385
f 2388/2388/2388 2387/2387/2387 2385/2385/2385
f 2386/2386/2386 2387/2387/2387 2389/2389/2389
f 2387/2387/2387 2388/2388/2388 2390/2390/2390
f 2387/2387/2387 2391/2391/2391 2389/2389/2389
f 2391/2391/2391 2387/2387/2387 2390/2390/2390
f 2389/2389/2389 2391/2391/2391 2392/2392/2392
f 2391/2391/2391 2390/2390/2390 2393/2393/2393
f 2391/2391/2391 2393/2393/2393 2392/2392/2392
f 2390/2390/2390 2394/2394/2394 2393/2393/2393
f 2393/2393/2393 2395/2395/2395 2392/2392/2392
f 2395/2395/2395 2393/2393/2393 2394/2394/2394
f 2395/2395/2395 2396/2396/2396 2392/2392/2392
f 2397/2397/2397 2395/2395/2395 2394/2394/2394
f 2396/2396/2396 2395/2395/2395 2398/2398/2398
f 2395/2395/2395 2397/2397/2397 2398/2398/2398
f 2401/2401/2401 2400/2400/2400 2399/2399/2399
f 2402/2402/2402 2401/2401/2401 2399/2399/2399
f 2400/2400/2400 2401/2401/2401 2403/2403/2403
f 2401/2401/2401 2402/2402/2402 2404/2404/2404
f 2401/2401/2401 2405/2405/2405 2403/2403/2403
f 2405/2405/2405 2401/2401/2401 2404/2404/2404
f 2406/2406/2406 2403/2403/2403 2405/2405/2405
f 2407/2407/2407 2405/2405/2405 2404/2404/2404
f 2407/2407/2407 2406/2406/2406 2405/2405/2405
f 2408/2408/2408 2407/2407/2407 2404/2404/2404
f 2407/2407/2407 2409/2409/2409 2406/2406/2406
f 2409/2409/2409 2407/2407/2407 2408/2408/2408
f 2409/2409/2409 2410/2410/2410 2406/2406/2406
f 2411/2411/2411 2409/2409/2409 2408/2408/2408
f 2410/2410/2410 2409/2409/2409 2412/2412/2412
f 2409/2409/2409 2411/2411/2411 2412/2412/2412
f 2415/2415/2415 2414/2414/2414 2413/2413/2413
f 2416/2416/2416 2415/2415/2415 2413/2413/2413
f 2414/2414/2414 2415/2415/2415 2417/2417/2417
f 2415/2415/2415 2416/2416/2416 2418/2418/2418
f 2415/2415/2415 2419/2419/2419 2417/2417/2417
f 2419/2419/2419 2415/2415/2415 2418/2418/2418
f 2420/2420/2420 2417/2417/2417 2419/2419/2419
f 2421/2421/2421 2419/2419/2419 2418/2418/2418
f 2421/2421/2421 2420/2420/2420 2419/2419/2419
f 2422/2422/2422 2421/2421/2421 2418/2418/2418
f 2421/2421/2421 2423/2423/2423 2420/2420/2420
f 2423/2423/2423 2421/2421/2421 2422/2422/2422
f 2423/2423/2423 2424/2424/2424 2420/2420/2420
f 2425/2425/2425 2423/2423/2423 2422/2422/2422
f 2424/2424/2424 2423/2423/2423 2426/2426/2426
f 2423/2423/2423 2425/2425/2425 2426/2426/2426
f 2429/2429/2429 2428/2428/2428 2427/2427/2427
f 2430/2430/2430 2429/2429/2429 2427/2427/2427
f 2428/2428/2428 2429/2429/2429 2431/2431/2431
f 2429/2429/2429 2430/2430/2430 2432/2432/2432
f 2429/2429/2429 2433/2433/2433 2431/2431/2431
f 2433/2433/2433 2429/2429/2429 2432/2432/2432
f 2431/2431/2431 2433/2433/2433 2434/2434/2434
f 2433/2433/2433 2432/2432/2432 2435/2435/2435
f 2433/2433/2433 2435/2435/2435 2434/2434/2434
f 2432/2432/2432 2436/2436/2436 2435/2435/2435
f 2435/2435/2435 2437/2437/2437 2434/2434/2434
f 2437/2437/2437 2435/2435/2435 2436/2436/2436
f 2437/2437/2437 2438/2438/2438 2434/2434/2434
f 2439/2439/2439 2437/2437/2437 2436/2436/2436
f 2438/2438/2438 2437/2437/2437 2440/2440/2440
f 2437/2437/2437 2439/2439/2439 2440/2440/2440
f 2443/2443/2443 2442/2442/2442 2441/2441/2441
f 2444/2444/2444 2443/2443/2443 2441/2441/2441
f 2442/2442/2442 2443/2443/2443 2445/2445/2445
f 2443/2443/2443 2444/2444/2444 2446/2446/2446
f 2443/2443/2443 2447/2447/2447 2445/2445/2445
f 2447/2447/2447 2443/2443/2443 2446/2446/2446
f 2448/2448/2448 2445/2445/2445 2447/2447/2447
f 2449/2449/2449 2447/2447/2447 2446/2446/2446
f 2449/2449/2449 2448/2448/2448 2447/2447/2447
f 2450/2450/2450 2449/2449/2449 2446/2446/2446
f 2449/2449/2449 2451/2451/2451 2448/2448/2448
f 2451/2451/2451 2449/2449/2449 2450/2450/2450
f 2451/2451/2451 2452/2452/2452 2448/2448/2448
f 2453/2453/2453 2451/2451/2451 2450/2450/2450
f 2452/2452/2452 2451/2451/2451 2454/2454/2454
f 2451/2451/2451 2453/2453/2453 2454/2454/2454
