g Basilica
v -1.883563 0.6786963 0.2427595
v -1.969699 1.715089 0.2161694
v -1.96893 0.6786678 0.2218697
v -1.878222 1.707299 0.2408548
v -1.930962 0.6786644 0.3680705
v -1.927622 1.707805 0.3722505
v -2.002184 1.912115 0.207059
v -1.923759 1.964775 0.2308806
v -1.971945 1.961623 0.3606636
v -2.09485 2.05303 0.184728
v -2.050094 1.912027 0.351902
v -2.050051 2.156837 0.2004083
v -2.142682 2.053012 0.3296438
v -2.221318 2.104496 0.1542733
v -2.222697 2.227159 0.1587264
v -2.26916 2.104692 0.299215
v -2.347725 2.052847 0.1238618
v -2.395308 2.156761 0.1170329
v -2.3957 2.053195 0.2687424
v -2.440269 1.911935 0.1016127
v -2.48841 1.912208 0.246399
v -2.521527 1.9647 0.08652762
v -2.473478 1.715041 0.09492716
v -2.566414 1.707268 0.07467219
v -2.477583 0.678707 0.09941121
v -2.563023 0.6786568 0.07874127
v -2.605186 1.707836 0.2086553
v -2.599817 0.6786952 0.2066297
v -2.605186 1.707836 0.2086553
v -2.521649 0.6786655 0.231589
v -2.599817 0.6786952 0.2066297
v -2.520892 1.715111 0.2372875
v -2.477583 0.678707 0.09941121
v -2.473478 1.715041 0.09492716
v -2.560293 1.961695 0.2186038
v -2.566414 1.707268 0.07467219
v -2.521527 1.9647 0.08652762
v -2.48841 1.912208 0.246399
v -2.440269 1.911935 0.1016127
v -2.435975 2.150689 0.2485945
v -2.395308 2.156761 0.1170329
v -2.3957 2.053195 0.2687424
v -2.266068 2.219875 0.2896114
v -2.222697 2.227159 0.1587264
v -2.26916 2.104692 0.299215
v -2.050051 2.156837 0.2004083
v -2.096193 2.150617 0.330637
v -2.142682 2.053012 0.3296438
v -1.971945 1.961623 0.3606636
v -1.923759 1.964775 0.2308806
v -2.050094 1.912027 0.351902
v -1.927622 1.707805 0.3722505
v -2.016886 1.715064 0.3585862
v -1.930962 0.6786644 0.3680705
v -2.002184 1.912115 0.207059
v -2.012791 0.6787055 0.3540977
v -1.969699 1.715089 0.2161694
v -1.96893 0.6786678 0.2218697
v -1.627004 0.6739613 0.2716912
v -1.778068 2.498945 0.2268384
v -1.773819 0.6739112 0.2281003
v -1.619525 2.485228 0.2739114
v -1.708797 0.6739049 0.5147368
v -1.796427 2.715027 0.2213876
v -1.701268 2.486119 0.5169721
v -1.665577 2.767606 0.2602383
v -1.872805 2.905389 0.1987101
v -1.745836 2.764485 0.5037394
v -1.772349 3.022119 0.2285363
v -1.850846 3.015136 0.472561
v -2.002502 3.02821 0.1602016
v -2.012658 3.249884 0.4245175
v -1.936201 3.258857 0.1798871
v -2.21091 3.117828 0.09832323
v -2.283115 3.497543 0.3442159
v -2.210764 3.497543 0.09836642
v -1.778068 2.498945 0.2268384
v -1.846314 0.6739772 0.4739068
v -1.773819 0.6739112 0.2281003
v -1.850443 2.4989 0.4726808
v -1.708797 0.6739049 0.5147368
v -1.796427 2.715027 0.2213876
v -1.701268 2.486119 0.5169721
v -1.86879 2.714913 0.4672331
v -1.872805 2.905389 0.1987101
v -1.745836 2.764485 0.5037394
v -1.9451 2.905298 0.444576
v -2.002502 3.02821 0.1602016
v -1.850846 3.015136 0.472561
v -2.074766 3.028268 0.4060766
v -2.21091 3.117828 0.09832323
v -2.012658 3.249884 0.4245175
v -2.283115 3.118173 0.344216
v -2.283115 3.497543 0.3442159
v -2.553572 3.249884 0.2639146
v -2.491462 3.028268 0.2823556
v -2.209433 3.117828 0.09876186
v -2.715383 3.015135 0.2158712
v -2.417841 3.02821 0.0368835
v -2.621129 2.905298 0.2438563
v -2.820393 2.764485 0.1846928
v -2.547538 2.905388 -0.001624887
v -2.697439 2.714913 0.221199
v -2.86496 2.486118 0.1714602
v -2.623916 2.715027 -0.02430238
v -2.715786 2.4989 0.2157519
v -2.85743 0.6739045 0.1736964
v -2.642275 2.498945 -0.02975306
v -2.719914 0.673977 0.2145264
v -2.646523 0.6739109 -0.03101412
v -2.793338 0.6739609 -0.07460467
v -2.646523 0.6739109 -0.03101412
v -2.642275 2.498945 -0.02975306
v -2.800818 2.485228 -0.07682618
v -2.85743 0.6739045 0.1736964
v -2.623916 2.715027 -0.02430238
v -2.86496 2.486118 0.1714602
v -2.754766 2.767606 -0.06315294
v -2.547538 2.905388 -0.001624887
v -2.820393 2.764485 0.1846928
v -2.647994 3.022119 -0.03145108
v -2.715383 3.015135 0.2158712
v -2.417841 3.02821 0.0368835
v -2.553572 3.249884 0.2639146
v -2.484142 3.258857 0.01719806
v -2.209433 3.117828 0.09876186
v -2.283115 3.497543 0.3442159
v -2.209579 3.497543 0.09871838
v -1.139874 0.6975695 0.6063775
v -1.013087 0.6975328 0.6838285
v -1.005142 2.033494 0.6802028
v -1.143843 2.023453 0.599013
v -1.238453 0.6975284 0.7567773
v -0.9666742 2.23015 0.7023183
v -1.247565 2.024105 0.7563846
v -1.092591 2.280444 0.6317138
v -0.8986537 2.378283 0.7431825
v -1.195884 2.277445 0.7870724
v -1.000326 2.479127 0.6880595
v -0.818261 2.469103 0.7931076
v -1.105096 2.473087 0.8418053
v -0.8906187 2.602912 0.7561641
v -0.9967557 2.594895 0.9090382
v -0.6310385 2.535444 0.908235
v -0.7451288 2.684169 1.063587
v -0.6349035 2.693558 0.9132436
v -0.4439426 2.468869 1.023328
v -0.3792148 2.602816 1.070276
v -0.4934742 2.594989 1.218178
v -0.3632573 2.37805 1.073491
v -0.2691464 2.479031 1.138579
v -0.3022537 2.261967 1.110713
v -0.185481 2.322213 1.189076
v -0.259442 2.033432 1.138862
v -0.1244831 2.023413 1.22513
v -0.2601181 0.6975839 1.146892
v -0.1335165 0.6975192 1.224595
v -1.005142 2.033494 0.6802028
v -1.013087 0.6975328 0.6838285
v -1.12439 0.6975814 0.8357646
v -1.125085 2.033461 0.8437866
v -0.9666742 2.23015 0.7023183
v -1.207092 0.6975429 0.7784947
v -1.088273 2.230054 0.8679917
v -0.8986537 2.378283 0.7431825
v -1.213889 2.026677 0.7804157
v -1.238453 0.6975284 0.7567773
v -1.247565 2.024105 0.7563846
v -1.166296 2.264415 0.809321
v -1.195884 2.277445 0.7870724
v -1.021256 2.378215 0.9091681
v -0.818261 2.469103 0.7931076
v -1.082044 2.447002 0.8603266
v -1.105096 2.473087 0.8418053
v -0.9405251 2.469081 0.9593607
v -0.6310385 2.535444 0.908235
v -0.9812952 2.560302 0.9228743
v -0.9967557 2.594895 0.9090382
v -0.7533231 2.535697 1.074519
v -0.4439426 2.468869 1.023328
v -0.7473817 2.643347 1.066593
v -0.7451288 2.684169 1.063587
v -0.565994 2.469317 1.189711
v -0.3632573 2.37805 1.073491
v -0.5134134 2.560436 1.210351
v -0.4934742 2.594989 1.218178
v -0.4855682 2.37845 1.239654
v -0.3022537 2.261967 1.110713
v -0.4130012 2.447135 1.272693
v -0.4237787 2.262292 1.276936
v -0.259442 2.033432 1.138862
v -0.3790464 2.033523 1.302651
v -0.2601181 0.6975839 1.146892
v -0.3711162 0.6975303 1.299014
v -0.3361048 2.303262 1.319356
v -0.2811108 2.026723 1.353549
v -0.2817231 0.6975581 1.347118
v -0.3854832 2.473181 1.285221
v -0.2439723 2.024144 1.37285
v -0.2478241 0.6975688 1.365359
v -0.1335165 0.6975192 1.224595
v -0.1244831 2.023413 1.22513
v -0.3028579 2.318799 1.335441
v -0.185481 2.322213 1.189076
v -0.2691464 2.479031 1.138579
v -0.3792148 2.602816 1.070276
v -1.521255 0.6914659 0.2411793
v -1.287684 0.6914015 0.3947522
v -1.280925 3.043894 0.3991959
v -1.533154 3.026212 0.2333547
v -1.688659 0.6913931 0.5264581
v -1.251719 3.322427 0.4183992
v -1.700638 3.027361 0.5185817
v -1.45989 3.390202 0.281526
v -1.130207 3.567806 0.4982932
v -1.629735 3.386178 0.5652009
v -1.290024 3.718272 0.3932134
v -1.462673 3.709271 0.6750442
v -0.92387 3.829396 0.6339607
v -1.205245 4.011864 0.8443039
v -1.02935 4.02343 0.5646076
v -0.5923106 4.052676 0.8519617
v -0.7749702 4.3311 1.12721
v -0.5925427 4.3311 0.851809
v -1.280925 3.043894 0.3991959
v -1.287684 0.6914015 0.3947522
v -1.469882 0.6914866 0.6703048
v -1.463314 3.043836 0.6746229
v -1.251719 3.322427 0.4183992
v -1.537794 0.6914575 0.625652
v -1.434126 3.32228 0.6938142
v -1.130207 3.567806 0.4982932
v -1.536984 3.038722 0.6261848
v -1.631948 0.6914175 0.563746
v -1.312723 3.567689 0.7736369
v -0.92387 3.829396 0.6339607
v -1.639119 3.031631 0.5590306
v -1.688659 0.6913931 0.5264581
v -1.700638 3.027361 0.5185817
v -1.494847 3.342115 0.6538901
v -1.579029 3.369615 0.5985399
v -1.629735 3.386178 0.5652009
v -1.106434 3.829471 0.9092721
v -0.5923106 4.052676 0.8519617
v -0.7749702 4.053121 1.12721
v -1.359271 3.611639 0.7430319
v -1.423804 3.67257 0.7006013
v -1.462673 3.709271 0.6750442
v -1.137107 3.886089 0.8891046
v -1.179631 3.964584 0.861145
v -1.205245 4.011864 0.8443039
v -0.7749702 4.139411 1.12721
v -0.7749702 4.259042 1.12721
v -0.7749702 4.3311 1.12721
v -0.3446954 4.011864 1.410117
v -0.370309 3.964584 1.393276
v -0.08726667 3.709271 1.579377
v -0.4128331 3.88609 1.365317
v -0.1261369 3.67257 1.55382
v 0.07979451 3.386179 1.68922
v -0.443506 3.829471 1.345149
v -0.5946605 4.052676 0.8504166
v -0.263101 3.829396 1.068418
v 0.0290892 3.369615 1.655881
v 0.1506982 3.027361 1.735839
v -0.1906696 3.611639 1.51139
v -0.2372174 3.56769 1.480784
v -0.05676342 3.567806 1.204085
v 0.08917923 3.031632 1.695391
v 0.1387199 0.6913937 1.727964
v 0.08200847 0.691418 1.690676
v -0.05509342 3.342116 1.600531
v -0.1158146 3.32228 1.560607
v 0.06474805 3.322427 1.283979
v -0.01295589 3.038722 1.628237
v -0.01214481 0.6914579 1.62877
v -0.08662592 3.043836 1.579799
v 0.09395458 3.043894 1.303182
v -0.08005763 0.691487 1.584117
v 0.1007142 0.6914019 1.307627
v 0.3342845 0.6914665 1.4612
v 0.09395458 3.043894 1.303182
v 0.1007142 0.6914019 1.307627
v 0.3461836 3.026213 1.469023
v 0.1387199 0.6913937 1.727964
v 0.06474805 3.322427 1.283979
v 0.1506982 3.027361 1.735839
v 0.2729194 3.390202 1.420852
v -0.05676342 3.567806 1.204085
v 0.07979451 3.386179 1.68922
v 0.1030533 3.718273 1.309165
v -0.08726667 3.709271 1.579377
v -0.263101 3.829396 1.068418
v -0.3446954 4.011864 1.410117
v -0.1576215 4.02343 1.137771
v -0.5946605 4.052676 0.8504166
v -0.7749702 4.3311 1.12721
v -0.5944285 4.3311 0.850569
v -1.309842 0.7050683 0.4715665
v -1.134866 0.7050194 0.5766993
v -1.123985 2.487094 0.5719156
v -1.315368 2.4737 0.4616502
v -1.443796 0.7050137 0.6722956
v -1.055442 2.82587 0.6107134
v -1.456319 2.47457 0.6716784
v -1.224005 2.916416 0.5189461
v -0.9869601 2.947018 0.6507303
v -1.36422 2.910996 0.7254934
v -1.121135 3.081536 0.5797139
v -0.8660874 3.068165 0.7251942
v -1.2634 3.073479 0.7849737
v -0.9658745 3.246657 0.6749287
v -1.110189 3.235962 0.8789012
v -0.6076986 3.156659 0.881457
v -0.7629162 3.355047 1.088673
v -0.6129593 3.367572 0.8881358
v -0.3494839 3.067852 1.037672
v -0.2600811 3.246527 1.101279
v -0.4156052 3.236087 1.298503
v -0.2375128 2.946707 1.106346
v -0.1135844 3.081407 1.190681
v -0.2710983 3.073604 1.38676
v -0.160468 2.825561 1.152056
v -0.002013872 2.916287 1.25712
v -0.1615176 2.911121 1.452053
v -0.09483095 2.487012 1.194453
v 0.09146052 2.473647 1.311493
v -0.07125128 2.474622 1.508419
v -0.09568048 0.7050874 1.205216
v 0.07904314 0.7050011 1.310685
v -0.07125128 2.474622 1.508419
v 0.09146052 2.473647 1.311493
v 0.07904314 0.7050011 1.310685
v -0.07661802 0.7050672 1.498335
v -0.110899 0.7050568 1.480152
v -0.1088032 2.477144 1.489171
v -0.1615176 2.911121 1.452053
v -0.1857953 0.7050344 1.440426
v -0.19469 2.893969 1.436347
v -0.2710983 3.073604 1.38676
v -0.1908458 2.482654 1.447117
v -0.2466813 0.7050161 1.408132
v -0.2977558 3.048132 1.374987
v -0.4156052 3.236087 1.298503
v -0.2575414 2.487132 1.41293
v -0.09568048 0.7050874 1.205216
v -0.09483095 2.487012 1.194453
v -0.2671648 2.856494 1.402033
v -0.3260824 2.82603 1.374137
v -0.160468 2.825561 1.152056
v -0.4357478 3.202295 1.290662
v -0.7629162 3.355047 1.088673
v -0.3559968 2.992481 1.349264
v -0.4033433 2.94724 1.328353
v -0.2375128 2.946707 1.106346
v -0.7651641 3.315125 1.091612
v -1.110189 3.235962 0.8789012
v -0.4797555 3.128467 1.273531
v -0.5155308 3.06845 1.259604
v -0.3494839 3.067852 1.037672
v -1.094514 3.202132 0.8926181
v -1.2634 3.073479 0.7849737
v -0.7700747 3.227902 1.098034
v -0.7740668 3.156996 1.103254
v -0.6076986 3.156659 0.881457
v -1.241181 3.047969 0.8026183
v -1.36422 2.910996 0.7254934
v -1.060268 3.128221 0.922587
v -1.032428 3.068136 0.9469495
v -0.8660874 3.068165 0.7251942
v -1.335457 2.893806 0.7470655
v -1.456319 2.47457 0.6716784
v -1.192637 2.992235 0.8411681
v -1.153175 2.946927 0.8725066
v -0.9869601 2.947018 0.6507303
v -1.422221 2.477085 0.6955524
v -1.443796 0.7050137 0.6722956
v -1.412046 0.7050279 0.6938779
v -1.272616 2.85625 0.7941962
v -1.221531 2.825718 0.8325102
v -1.055442 2.82587 0.6107134
v -1.347724 2.482582 0.747712
v -1.342678 0.7050588 0.7410303
v -1.287162 2.48705 0.7901143
v -1.123985 2.487094 0.5719156
v -1.286287 0.7050841 0.7793623
v -1.134866 0.7050194 0.5766993
v -0.2718598 2.033432 1.183398
v -0.2725362 0.6975334 1.191428
v -0.6458322 0.6975332 0.9548278
v -0.644846 2.183757 0.9532591
v -0.3146715 2.261967 1.155249
v -1.025505 0.6975331 0.7283646
v -0.3756751 2.37805 1.118027
v -1.01756 2.033494 0.7247387
v -0.4563603 2.468869 1.067864
v -0.979092 2.23015 0.7468541
v -0.6434563 2.535444 0.9527708
v -0.9110716 2.378283 0.7877185
v -0.8306788 2.469103 0.8376436
v 0.4813209 0.678697 1.806197
v 0.5319633 0.6786686 1.878025
v 0.5375499 1.71509 1.876658
v 0.4811417 1.7073 1.80053
v 0.3819997 0.678665 1.896113
v 0.3768876 1.707806 1.894531
v 0.5579015 1.912116 1.903566
v 0.4222281 1.715065 1.972627
v 0.5070674 1.964776 1.839272
v 0.4405859 1.912028 2.001095
v 0.6125526 2.05303 1.981662
v 0.5815853 2.156838 1.945692
v 0.4951402 2.053013 2.079144
v 0.6871184 2.104497 2.088253
v 0.6834769 2.22716 2.091164
v 0.5696855 2.104693 2.185754
v 0.7616215 2.052849 2.194802
v 0.7853673 2.156763 2.236598
v 0.6442941 2.053196 2.292405
v 0.8161516 1.911936 2.272814
v 0.6989734 1.912209 2.370537
v 0.8598893 1.964701 2.342939
v 0.8345109 1.715042 2.301283
v 0.8873283 1.707269 2.380388
v 0.7511154 1.961696 2.427291
v 0.831838 0.6787081 2.306743
v 0.776782 1.707837 2.465443
v 0.8823019 0.6786578 2.378719
v 0.7767059 0.6786963 2.459706
v 0.776782 1.707837 2.465443
v 0.7767059 0.6786963 2.459706
v 0.7249066 0.6786665 2.396065
v 0.719325 1.715112 2.397443
v 0.831838 0.6787081 2.306743
v 0.8345109 1.715042 2.301283
v 0.7511154 1.961696 2.427291
v 0.6989734 1.912209 2.370537
v 0.8161516 1.911936 2.272814
v 0.6777669 2.150691 2.322531
v 0.8598893 1.964701 2.342939
v 0.6442941 2.053196 2.292405
v 0.7853673 2.156763 2.236598
v 0.5774949 2.219876 2.179366
v 0.6834769 2.22716 2.091164
v 0.5696855 2.104693 2.185754
v 0.5815853 2.156838 1.945692
v 0.4772266 2.150618 2.036234
v 0.4951402 2.053013 2.079144
v 0.4038709 1.961624 1.931554
v 0.5070674 1.964776 1.839272
v 0.4405859 1.912028 2.001095
v 0.3768876 1.707806 1.894531
v 0.4811417 1.7073 1.80053
v 0.4222281 1.715065 1.972627
v 0.3819997 0.678665 1.896113
v 0.42491 0.6787062 1.967175
v 0.5375499 1.71509 1.876658
v 0.5319633 0.6786686 1.878025
v 0.3606322 0.6739617 1.577957
v 0.4548613 0.6739117 1.698687
v 0.457588 2.498945 1.702181
v 0.3558314 2.485229 1.571806
v 0.1642888 0.6739054 1.742914
v 0.4693705 2.715028 1.717277
v 0.159456 2.486119 1.736722
v 0.3853882 2.767607 1.609676
v 0.5183918 2.905389 1.780085
v 0.1880605 2.764486 1.773371
v 0.4539169 3.02212 1.697477
v 0.2554577 3.015136 1.859723
v 0.6016343 3.028211 1.886738
v 0.3593118 3.249885 1.992785
v 0.5590806 3.258857 1.832217
v 0.7353948 3.11783 2.058118
v 0.5328972 3.497544 2.215189
v 0.735301 3.497544 2.057997
v 0.457588 2.498945 1.702181
v 0.4548613 0.6739117 1.698687
v 0.2525499 0.6739776 1.855997
v 0.2551992 2.498901 1.859392
v 0.1642888 0.6739054 1.742914
v 0.4693705 2.715028 1.717277
v 0.159456 2.486119 1.736722
v 0.2669748 2.714914 1.874479
v 0.5183918 2.905389 1.780085
v 0.1880605 2.764486 1.773371
v 0.3159519 2.905299 1.937231
v 0.6016343 3.028211 1.886738
v 0.2554577 3.015136 1.859723
v 0.3991749 3.028269 2.043859
v 0.7353948 3.11783 2.058118
v 0.3593118 3.249885 1.992785
v 0.5328969 3.118174 2.215189
v 0.5328972 3.497544 2.215189
v 0.7064823 3.249885 2.437593
v 0.6666194 3.028269 2.386519
v 0.7344469 3.11783 2.056903
v 0.8103365 3.015137 2.570655
v 0.8682073 3.028211 2.228282
v 0.749842 2.905299 2.493147
v 0.8777341 2.764486 2.657007
v 0.95145 2.90539 2.334936
v 0.7988196 2.714914 2.555899
v 0.9063386 2.48612 2.693656
v 1.000471 2.715028 2.397743
v 0.810595 2.498901 2.570986
v 0.9015063 0.6739058 2.687465
v 1.012254 2.498946 2.41284
v 0.8132452 0.6739779 2.574381
v 1.014981 0.673912 2.416334
v 1.10921 0.6739621 2.537064
v 1.012254 2.498946 2.41284
v 1.014981 0.673912 2.416334
v 1.114011 2.485229 2.543215
v 0.9015063 0.6739058 2.687465
v 1.000471 2.715028 2.397743
v 0.9063386 2.48612 2.693656
v 1.084454 2.767607 2.505345
v 0.95145 2.90539 2.334936
v 0.8777341 2.764486 2.657007
v 1.015925 3.02212 2.417543
v 0.8103365 3.015137 2.570655
v 0.8682073 3.028211 2.228282
v 0.7064823 3.249885 2.437593
v 0.9107609 3.258858 2.282803
v 0.7344469 3.11783 2.056903
v 0.5328972 3.497544 2.215189
v 0.7345403 3.497544 2.057023
v 0.8182032 1.715042 2.325205
v 0.8155302 0.6786681 2.330666
v 0.6684503 0.678668 2.113989
v 0.670056 1.819194 2.112687
v 0.7998437 1.911936 2.296736
v 0.5156555 0.678668 1.901947
v 0.7453137 2.052848 2.218724
v 0.5212421 1.715089 1.90058
v 0.6708106 2.104496 2.112175
v 0.5415937 1.912116 1.927488
v 0.5962448 2.05303 2.005584
v 1.60178 3.177243 2.090716
v -2.448111 3.177242 -0.5720961
v -1.086136 3.177242 -2.643533
v 2.963755 3.177243 0.01927923
v 1.60178 0.6981657 2.090717
v -2.44811 0.6981645 -0.5720957
v -2.448111 3.177242 -0.5720961
v 1.60178 3.177243 2.090716
v 2.680028 1.58438 0.680447
v 2.832557 0.7912849 0.4482855
v 2.682869 0.7912849 0.6855356
v 2.832027 1.540417 0.4479457
v 2.698768 1.718831 0.6494555
v 2.989366 0.7912849 0.2156017
v 2.754501 1.815054 0.5639489
v 2.983547 1.584413 0.2150071
v 2.830649 1.850323 0.4471599
v 2.96272 1.718954 0.244713
v 2.906861 1.815179 0.3303202
v 2.024626 1.584381 1.665608
v 2.177155 0.7912849 1.433447
v 2.027467 0.791285 1.670697
v 2.176625 1.540417 1.433107
v 2.043365 1.718831 1.634617
v 2.333964 0.7912849 1.200763
v 2.099099 1.815055 1.54911
v 2.328144 1.584413 1.200168
v 2.175247 1.850323 1.432321
v 2.307317 1.718954 1.229874
v 2.251459 1.815179 1.315482
v 3.180037 0.7298449 0.06189282
v 3.144554 0.6946694 0.1521505
v 3.144553 1.562144 0.1521502
v 3.180037 2.182501 0.06189213
v 3.113506 1.761752 0.1997196
v 3.16837 2.147326 0.11037
v 3.028684 1.907875 0.329683
v 3.16837 3.006471 0.1103698
v 3.180037 3.041646 0.06189194
v 3.068658 3.006471 0.266122
v 3.068658 2.147326 0.2661222
v 2.912816 1.96136 0.5072164
v 2.912816 3.006471 0.5072162
v 2.912816 2.147326 0.5072163
v 2.796947 1.907875 0.6847495
v 2.765741 3.006471 0.7325619
v 2.765741 2.147326 0.7325621
v 2.712125 1.761752 0.8147129
v 2.659497 3.006471 0.8998377
v 2.659498 2.147326 0.8998379
v 2.681078 1.562144 0.8622825
v 2.589795 2.147326 0.992761
v 2.681078 0.6946694 0.8622827
v 2.589795 3.006471 0.9927608
v 2.589796 0.6946694 0.9927616
v 2.481153 3.006471 1.143352
v 2.489151 1.562144 1.137312
v 2.489151 0.6946695 1.137312
v 2.458104 1.761752 1.184881
v 2.481153 2.147326 1.143352
v 2.381442 3.006471 1.299104
v 2.373282 1.907875 1.314844
v 2.381442 2.147326 1.299105
v 2.257413 3.006471 1.492378
v 2.257413 1.96136 1.492378
v 2.257413 2.147326 1.492378
v 2.110339 3.006471 1.717724
v 2.141544 1.907875 1.669911
v 2.110339 2.147326 1.717724
v 1.97924 3.006471 1.922359
v 2.056723 1.761752 1.799874
v 1.97924 2.147326 1.922359
v 1.69605 3.006471 2.349868
v 2.025676 1.562144 1.847444
v 1.69605 2.147326 2.349868
v 2.025676 0.6946695 1.847444
v 1.69605 0.6946695 2.349868
v 1.629505 3.006471 2.305597
v 1.460091 2.147326 2.192891
v 1.460091 3.006471 2.192891
v 1.629505 2.147326 2.305597
v 1.69605 3.006471 2.349868
v 1.460092 0.6946694 2.192891
v 1.69605 2.147326 2.349868
v 1.629506 0.6946695 2.305598
v 1.69605 0.6946695 2.349868
v -1.31255 2.896085 -2.779728
v -1.31255 3.179935 -2.779728
v -2.81378 3.178671 -0.4964963
v -2.81378 2.894821 -0.4964962
v -2.459972 2.894821 -0.5701699
v -1.100453 2.896085 -2.640273
v -1.31255 2.896085 -2.779728
v -2.81378 2.894821 -0.4964962
v -1.100453 3.179935 -2.640273
v -2.459973 3.178671 -0.5701699
v -2.81378 3.178671 -0.4964963
v -1.31255 3.179935 -2.779728
v -0.5758894 2.894821 0.9774122
v -2.81378 2.894821 -0.4964962
v -2.81378 3.178671 -0.4964963
v -0.5758895 3.178671 0.9774121
v -2.459973 3.178671 -0.5701699
v -0.4352805 3.178671 0.7635596
v -0.5758895 3.178671 0.9774121
v -2.81378 3.178671 -0.4964963
v -2.459972 2.894821 -0.5701699
v -2.81378 2.894821 -0.4964962
v -0.5758894 2.894821 0.9774122
v -0.4352806 2.894821 0.7635596
v 3.166541 2.896086 0.1707941
v 1.661394 2.894822 2.451445
v 1.661394 3.178672 2.451445
v 3.166541 3.179936 0.170794
v 1.589411 2.894822 2.097289
v 1.661394 2.894822 2.451445
v 3.166541 2.896086 0.1707941
v 2.954683 2.896086 0.03097552
v 2.954683 3.179936 0.03097545
v 3.166541 3.179936 0.170794
v 1.661394 3.178672 2.451445
v 1.589411 3.178672 2.097289
v -0.5762558 2.894821 0.977171
v -0.5762557 3.178671 0.977171
v 1.661394 3.178672 2.451445
v 1.661394 2.894822 2.451445
v 1.589411 3.178672 2.097289
v 1.661394 3.178672 2.451445
v -0.5762557 3.178671 0.977171
v -0.4352805 3.178671 0.7635596
v 1.589411 2.894822 2.097289
v -0.4352806 2.894821 0.7635596
v -0.5762558 2.894821 0.977171
v 1.661394 2.894822 2.451445
v 2.176249 5.136058 0.2674076
v 2.139644 5.193041 0.2134941
v 2.194094 5.136058 0.2492956
v 2.20365 5.136058 0.225733
v 2.272763 4.929815 0.3010204
v 2.296124 4.929815 0.2434155
v 2.348584 4.731036 0.3508732
v 2.203461 5.136058 0.2003072
v 2.385252 4.731036 0.2604579
v 2.424405 4.532258 0.400726
v 2.295663 4.929815 0.1812552
v 2.474379 4.532258 0.2775005
v 2.52694 4.263443 0.4681437
v 2.193557 5.136058 0.1768891
v 2.384528 4.731036 0.1628929
v 2.594909 4.263443 0.3005473
v 2.561686 4.17235 0.4909891
v 2.635752 4.17235 0.3083572
v 2.27145 4.929815 0.124003
v 2.473393 4.532257 0.1445303
v 2.593568 4.263443 0.1196984
v 2.634291 4.17235 0.1112838
v 2.346523 4.731036 0.07303143
v 2.175445 5.136058 0.1590436
v 2.52312 4.263442 -0.04687108
v 2.557523 4.17235 -0.0702294
v 2.421596 4.532257 0.02205972
v 2.22717 4.929815 0.08037515
v 2.394292 4.263442 -0.173802
v 2.417137 4.17235 -0.2085478
v 2.326874 4.532257 -0.07126661
v 2.277022 4.731036 0.004554269
v 2.151882 5.136058 0.1494879
v 2.226696 4.263442 -0.2417708
v 2.234506 4.17235 -0.2826144
v 2.169564 4.929815 0.0570134
v 2.203649 4.532257 -0.1212409
v 2.186607 4.731036 -0.03211368
v 2.126457 5.136058 0.1496765
v 2.045847 4.263442 -0.2404294
v 2.037432 4.17235 -0.2811524
v 2.107404 4.929815 0.05747462
v 2.103038 5.136058 0.1595806
v 2.085193 5.136058 0.1776929
v 2.050152 4.929815 0.0816883
v 2.006524 4.929815 0.1259682
v 2.089042 4.731036 -0.03139007
v 2.070679 4.532257 -0.1202546
v 1.99918 4.731036 0.006615219
v 1.930703 4.731036 0.07611585
v 1.948209 4.532258 -0.06845798
v 1.854882 4.532258 0.02626346
v 1.879277 4.263442 -0.169982
v 1.752346 4.263442 -0.04115374
v 1.855919 4.17235 -0.204385
v 1.7176 4.17235 -0.06399923
v 2.423368 4.17235 0.6313751
v 2.52694 4.263443 0.4681437
v 2.561686 4.17235 0.4909891
v 2.400009 4.263443 0.5969719
v 2.241854 4.17235 0.7081423
v 2.424405 4.532258 0.400726
v 2.23344 4.263443 0.6674191
v 2.044781 4.17235 0.7096043
v 2.331078 4.532258 0.4954472
v 2.348584 4.731036 0.3508732
v 2.052591 4.263442 0.6687607
v 1.862149 4.17235 0.6355377
v 2.208608 4.532258 0.5472439
v 2.280107 4.731036 0.4203739
v 2.272763 4.929815 0.3010204
v 1.884995 4.263442 0.6007922
v 1.721763 4.17235 0.4972193
v 2.075638 4.532257 0.5482302
v 2.229135 4.929815 0.3453004
v 2.194094 5.136058 0.2492956
v 2.176249 5.136058 0.2674076
v 2.190245 4.731036 0.4583789
v 1.756166 4.263442 0.4738609
v 1.644996 4.17235 0.3157063
v 2.171883 4.929815 0.3695142
v 1.952412 4.532257 0.4982562
v 2.09268 4.731036 0.4591027
v 1.685719 4.263442 0.3072913
v 1.643534 4.17235 0.1186327
v 2.15283 5.136058 0.2773119
v 2.139644 5.193041 0.2134941
v 1.857691 4.532257 0.4049295
v 2.109723 4.929815 0.3699752
v 2.002265 4.731036 0.4224349
v 1.684378 4.263442 0.1264425
v 1.7176 4.17235 -0.06399923
v 1.752346 4.263442 -0.04115374
v 2.127405 5.136058 0.2775005
v 1.805894 4.532257 0.2824588
v 1.804908 4.532258 0.1494891
v 1.854882 4.532258 0.02626346
v 2.052117 4.929815 0.3466134
v 1.932764 4.731036 0.3539578
v 1.894035 4.731036 0.1665311
v 1.930703 4.731036 0.07611585
v 1.894759 4.731036 0.2640963
v 2.103842 5.136058 0.2679448
v 2.007838 4.929815 0.3029855
v 1.983163 4.929815 0.1835732
v 2.006524 4.929815 0.1259682
v 1.983624 4.929815 0.2457334
v 2.08573 5.136058 0.2500995
v 2.075826 5.136058 0.2266811
v 2.075637 5.136058 0.2012554
v 2.085193 5.136058 0.1776929
v -1.589115 4.042542 -1.968884
v -1.515048 4.15975 -2.151516
v -1.589115 4.15975 -1.968884
v -1.515048 4.042542 -2.151516
v -1.589114 3.260996 -1.968884
v -1.37673 4.15975 -2.291901
v -1.515048 3.260996 -2.151515
v -1.589114 3.174332 -1.968884
v -1.37673 4.042542 -2.291901
v -1.195217 4.15975 -2.368669
v -1.195217 4.042542 -2.368669
v -0.9981434 4.15975 -2.370131
v -1.37673 3.260996 -2.291901
v -0.9981434 4.042542 -2.370131
v -0.8155113 4.15975 -2.296064
v -1.515048 3.174332 -2.151515
v -1.195217 3.260996 -2.368669
v -0.8155113 4.042542 -2.296064
v -0.6751255 4.15975 -2.157746
v -1.37673 3.174332 -2.291901
v -0.9981432 3.260996 -2.370131
v -0.6751255 4.042542 -2.157746
v -0.5983581 4.15975 -1.976233
v -1.195217 3.174332 -2.368669
v -0.8155111 3.260996 -2.296064
v -0.598358 4.042542 -1.976233
v -0.5968961 4.15975 -1.779159
v -0.596896 4.042542 -1.779159
v -0.9981431 3.174333 -2.370131
v -0.815511 3.174333 -2.296064
v -0.6751253 3.260996 -2.157746
v -0.5983579 3.260996 -1.976233
v -0.5968958 3.260996 -1.779159
v -0.6751252 3.174333 -2.157746
v -0.5983578 3.174333 -1.976233
v -0.5968958 3.174333 -1.779159
v -1.587652 3.174333 -1.77181
v -0.6709622 3.174333 -1.596527
v -1.510885 3.174333 -1.590297
v -0.8092805 3.174333 -1.456141
v -1.370499 3.174333 -1.451978
v -0.9907939 3.174333 -1.379374
v -1.187867 3.174333 -1.377912
v -0.596896 4.042542 -1.779159
v -0.6709625 4.15975 -1.596527
v -0.5968961 4.15975 -1.779159
v -0.6709624 4.042542 -1.596527
v -0.5968958 3.260996 -1.779159
v -0.8092808 4.15975 -1.456141
v -0.6709622 3.260996 -1.596527
v -0.5968958 3.174333 -1.779159
v -0.6709622 3.174333 -1.596527
v -0.8092808 4.042542 -1.456141
v -0.9907942 4.15975 -1.379374
v -0.8092806 3.260996 -1.456141
v -0.8092805 3.174333 -1.456141
v -0.9907942 4.042542 -1.379374
v -1.187868 4.15975 -1.377912
v -0.990794 3.260997 -1.379374
v -0.9907939 3.174333 -1.379374
v -1.187868 4.042542 -1.377912
v -1.370499 4.15975 -1.451979
v -1.187867 3.260996 -1.377912
v -1.187867 3.174333 -1.377912
v -1.370499 4.042542 -1.451979
v -1.510886 4.15975 -1.590297
v -1.370499 3.260996 -1.451978
v -1.370499 3.174333 -1.451978
v -1.510886 4.042542 -1.590297
v -1.587653 4.15975 -1.77181
v -1.510885 3.260996 -1.590297
v -1.510885 3.174333 -1.590297
v -1.587653 4.042542 -1.77181
v -1.589115 4.15975 -1.968884
v -1.589115 4.042542 -1.968884
v -1.587652 3.260996 -1.77181
v -1.587652 3.174333 -1.77181
v -1.589114 3.260996 -1.968884
v -1.589114 3.174332 -1.968884
v -1.722189 4.112661 -2.004857
v -1.720289 4.102457 -1.748669
v -1.722189 4.102457 -2.004857
v -1.720289 4.112661 -1.748669
v -1.722189 4.177372 -2.004857
v -1.620495 4.102457 -1.51271
v -1.720289 4.177372 -1.748669
v -1.722189 4.199418 -2.004857
v -1.620495 4.112661 -1.51271
v -1.437999 4.102458 -1.332901
v -1.437999 4.112661 -1.332901
v -1.200585 4.102458 -1.236618
v -1.620495 4.177372 -1.51271
v -1.200585 4.112661 -1.236618
v -0.944397 4.102458 -1.238518
v -1.720289 4.199418 -1.748669
v -1.437999 4.177372 -1.332901
v -0.944397 4.112661 -1.238518
v -0.7084376 4.102457 -1.338313
v -1.620495 4.199418 -1.51271
v -1.200585 4.177372 -1.236618
v -0.7084376 4.112661 -1.338313
v -0.5286291 4.102457 -1.520809
v -0.5286291 4.112661 -1.520809
v -0.944397 4.177372 -1.238518
v -0.7084376 4.177372 -1.338313
v -0.5286291 4.177372 -1.520809
v -1.437999 4.199419 -1.332901
v -1.200585 4.199419 -1.236618
v -0.944397 4.199419 -1.238518
v -0.7084376 4.199419 -1.338313
v -0.5286291 4.199419 -1.520809
v -1.412598 4.199418 -1.653864
v -1.299944 4.199419 -1.54287
v -1.4742 4.199418 -1.79952
v -1.15339 4.199419 -1.483435
v -0.995248 4.199419 -1.484608
v -1.475373 4.199418 -1.957663
v -0.849592 4.199419 -1.54621
v -0.7385977 4.199419 -1.658864
v -1.415938 4.199418 -2.104216
v -0.4323461 4.199419 -1.758223
v -1.625906 4.199418 -2.242271
v -0.6791629 4.199419 -1.805417
v -1.304944 4.199418 -2.216869
v -0.4342465 4.199419 -2.01441
v -1.446098 4.199418 -2.424767
v -0.680336 4.199419 -1.96356
v -1.159288 4.199418 -2.278472
v -0.5340408 4.199419 -2.25037
v -1.210138 4.199418 -2.524561
v -0.7419382 4.199419 -2.109215
v -1.001145 4.199418 -2.279645
v -0.7165366 4.199418 -2.430178
v -0.9539505 4.199418 -2.526462
v -0.8545914 4.199418 -2.22021
v -1.625906 4.199418 -2.242271
v -1.722189 4.199418 -2.004857
v -1.722189 4.177372 -2.004857
v -1.625906 4.177372 -2.242271
v -1.446098 4.199418 -2.424767
v -1.722189 4.112661 -2.004857
v -1.446098 4.177372 -2.424767
v -1.210138 4.199418 -2.524561
v -1.625906 4.112661 -2.242271
v -1.722189 4.102457 -2.004857
v -1.210138 4.177372 -2.524561
v -0.9539505 4.199418 -2.526462
v -1.446098 4.112661 -2.424767
v -0.9539505 4.177372 -2.526462
v -0.7165366 4.199418 -2.430178
v -1.625906 4.102457 -2.242271
v -1.210138 4.112661 -2.524561
v -0.7165366 4.177372 -2.430178
v -0.5340408 4.199419 -2.25037
v -1.446098 4.102457 -2.424767
v -0.9539505 4.112661 -2.526462
v -0.5340408 4.177372 -2.25037
v -0.4342465 4.199419 -2.01441
v -1.210138 4.102457 -2.524561
v -0.7165366 4.112661 -2.430178
v -0.4342465 4.177372 -2.01441
v -0.4323461 4.199419 -1.758223
v -0.9539505 4.102457 -2.526462
v -0.5340408 4.112661 -2.25037
v -0.4323461 4.177372 -1.758223
v -0.5286291 4.199419 -1.520809
v -0.5286291 4.177372 -1.520809
v -0.4342465 4.112661 -2.01441
v -0.4323461 4.112661 -1.758223
v -0.5286291 4.112661 -1.520809
v -0.7165366 4.102457 -2.430178
v -0.5340408 4.102458 -2.25037
v -0.4342465 4.102458 -2.01441
v -0.4323461 4.102457 -1.758223
v -0.5286291 4.102457 -1.520809
v -0.9872177 4.102457 -2.352482
v -1.174294 4.102457 -2.351094
v -0.8138503 4.102457 -2.282173
v -0.6805864 4.102458 -2.150871
v -1.346599 4.102457 -2.278221
v -0.6077134 4.102458 -1.978566
v -0.6063254 4.102458 -1.79149
v -1.477901 4.102457 -2.144957
v -0.6766345 4.102458 -1.618123
v -0.7084376 4.102457 -1.338313
v -1.54821 4.102457 -1.97159
v -0.8079362 4.102458 -1.484858
v -0.944397 4.102458 -1.238518
v -1.546822 4.102457 -1.784513
v -0.9802414 4.102458 -1.411985
v -1.720289 4.102457 -1.748669
v -1.200585 4.102458 -1.236618
v -1.473949 4.102457 -1.612208
v -1.167318 4.102458 -1.410598
v -1.620495 4.102457 -1.51271
v -1.437999 4.102458 -1.332901
v -1.340685 4.102458 -1.480906
v -1.37673 4.172348 -2.291901
v -1.480303 4.263441 -2.12867
v -1.515048 4.172348 -2.151516
v -1.353371 4.263441 -2.257498
v -1.195217 4.172348 -2.368669
v -1.377767 4.532257 -2.061253
v -1.186802 4.263441 -2.327946
v -0.9981434 4.172348 -2.370131
v -1.28444 4.532257 -2.155974
v -1.301946 4.731035 -2.011401
v -1.005953 4.263441 -2.329287
v -0.8155113 4.172348 -2.296064
v -1.161969 4.532257 -2.207771
v -1.233469 4.731035 -2.080901
v -1.226124 4.929813 -1.961548
v -0.8383566 4.263441 -2.261319
v -0.6751255 4.172349 -2.157746
v -1.028999 4.532257 -2.208757
v -1.182496 4.929813 -2.005828
v -1.147456 5.136057 -1.909824
v -1.143607 4.731035 -2.118907
v -0.7095284 4.263441 -2.134387
v -0.5983581 4.172349 -1.976233
v -1.12961 5.136057 -1.927936
v -1.093005 5.19304 -1.874022
v -0.905774 4.532257 -2.158783
v -1.125244 4.929813 -2.030042
v -1.046042 4.731035 -2.11963
v -0.6390811 4.263441 -1.967818
v -0.5968961 4.172349 -1.779159
v -1.106192 5.136057 -1.93784
v -0.8110527 4.532257 -2.065456
v -1.063084 4.929813 -2.030503
v -0.9556265 4.731035 -2.082962
v -0.6377398 4.263441 -1.786969
v -0.6709625 4.172349 -1.596527
v -0.7057083 4.263441 -1.619373
v -1.080766 5.136057 -1.938029
v -0.7592562 4.532257 -1.942986
v -0.7582699 4.532257 -1.810016
v -0.808244 4.532257 -1.686791
v -1.005479 4.929813 -2.007141
v -0.886126 4.731035 -2.014485
v -0.847397 4.731035 -1.827058
v -0.8840652 4.731035 -1.736643
v -0.8481208 4.731035 -1.924624
v -1.057204 5.136057 -1.928473
v -0.9611988 4.929814 -1.963513
v -0.9365243 4.929814 -1.844101
v -0.959886 4.929814 -1.786496
v -0.9369854 4.929814 -1.906261
v -1.039092 5.136057 -1.910627
v -1.029187 5.136057 -1.887209
v -1.028999 5.136057 -1.861784
v -1.038555 5.136057 -1.838221
v -0.8092808 4.172349 -1.456141
v -0.7057083 4.263441 -1.619373
v -0.6709625 4.172349 -1.596527
v -0.8326394 4.263441 -1.490545
v -0.9907942 4.172349 -1.379374
v -0.808244 4.532257 -1.686791
v -0.9992087 4.263441 -1.420097
v -1.187868 4.172349 -1.377912
v -0.9015704 4.532257 -1.592069
v -0.8840652 4.731035 -1.736643
v -1.180058 4.263441 -1.418756
v -1.370499 4.172349 -1.451979
v -1.024041 4.532257 -1.540273
v -0.9525419 4.731035 -1.667142
v -0.959886 4.929814 -1.786496
v -1.347654 4.263441 -1.486724
v -1.510886 4.172348 -1.590297
v -1.157011 4.532257 -1.539286
v -1.003514 4.929814 -1.742216
v -1.038555 5.136057 -1.838221
v -1.042403 4.731035 -1.629137
v -1.476482 4.263441 -1.613656
v -1.587653 4.172348 -1.77181
v -1.0564 5.136057 -1.820109
v -1.093005 5.19304 -1.874022
v -1.280236 4.532257 -1.58926
v -1.060766 4.929814 -1.718002
v -1.139969 4.731036 -1.628414
v -1.54693 4.263441 -1.780225
v -1.589115 4.172348 -1.968884
v -1.079818 5.136057 -1.810205
v -1.374958 4.532257 -1.682587
v -1.122926 4.929814 -1.717541
v -1.230384 4.731035 -1.665082
v -1.548271 4.263441 -1.961074
v -1.515048 4.172348 -2.151516
v -1.480303 4.263441 -2.12867
v -1.105244 5.136057 -1.810016
v -1.426754 4.532257 -1.805057
v -1.42774 4.532257 -1.938027
v -1.377767 4.532257 -2.061253
v -1.180531 4.929814 -1.740903
v -1.299885 4.731035 -1.733559
v -1.338614 4.731035 -1.920985
v -1.301946 4.731035 -2.011401
v -1.33789 4.731035 -1.82342
v -1.128807 5.136057 -1.819572
v -1.224811 4.929813 -1.784531
v -1.249486 4.929813 -1.903943
v -1.226124 4.929813 -1.961548
v -1.249025 4.929813 -1.841783
v -1.146919 5.136057 -1.837417
v -1.156823 5.136057 -1.860835
v -1.157011 5.136057 -1.886261
v -1.147456 5.136057 -1.909824
v 2.561686 4.042544 0.4909888
v 2.423368 4.159751 0.6313745
v 2.561686 4.159751 0.4909888
v 2.423368 4.042543 0.6313746
v 2.561687 3.260997 0.490989
v 2.241855 4.159751 0.7081419
v 2.423368 3.260997 0.6313748
v 2.561687 3.174334 0.490989
v 2.423368 3.174334 0.6313748
v 2.241855 4.042544 0.7081419
v 2.044781 4.15975 0.7096038
v 2.241855 3.260997 0.7081421
v 2.241855 3.174334 0.7081421
v 2.044781 4.042543 0.7096038
v 1.862149 4.159751 0.6355375
v 2.044781 3.260997 0.709604
v 2.044781 3.174334 0.709604
v 1.862149 4.042543 0.6355376
v 1.721764 4.159751 0.4972189
v 1.86215 3.260997 0.6355377
v 1.86215 3.174334 0.6355377
v 1.721764 4.042543 0.4972189
v 1.644996 4.159751 0.315706
v 1.721764 3.260997 0.4972191
v 1.721764 3.174334 0.4972191
v 1.644996 4.042543 0.315706
v 1.643534 4.159751 0.1186324
v 1.644996 3.260997 0.3157062
v 1.644996 3.174334 0.3157063
v 1.643534 4.042543 0.1186324
v 1.7176 4.159751 -0.06399953
v 1.7176 4.042543 -0.0639995
v 1.643535 3.260997 0.1186326
v 1.643535 3.174334 0.1186326
v 1.717601 3.260997 -0.06399932
v 1.717601 3.174334 -0.0639993
v 1.7176 4.042543 -0.0639995
v 1.855919 4.159751 -0.2043854
v 1.7176 4.159751 -0.06399953
v 1.855919 4.042543 -0.2043854
v 1.717601 3.260997 -0.06399932
v 2.037432 4.159751 -0.2811528
v 1.855919 3.260997 -0.2043852
v 1.717601 3.174334 -0.0639993
v 2.037432 4.042543 -0.2811528
v 2.234506 4.159751 -0.2826146
v 2.234506 4.042543 -0.2826146
v 2.417137 4.159751 -0.2085482
v 2.037432 3.260997 -0.2811526
v 2.417137 4.042543 -0.2085482
v 2.557523 4.15975 -0.07022976
v 1.855919 3.174334 -0.2043852
v 2.234506 3.260997 -0.2826144
v 2.557523 4.042543 -0.07022973
v 2.634291 4.159751 0.1112831
v 2.037432 3.174334 -0.2811525
v 2.417138 3.260997 -0.208548
v 2.634291 4.042544 0.1112831
v 2.635753 4.159751 0.308357
v 2.234506 3.174334 -0.2826144
v 2.417138 3.174334 -0.2085479
v 2.557524 3.260997 -0.07022955
v 2.557524 3.174334 -0.07022954
v 2.635753 4.042543 0.308357
v 2.561686 4.159751 0.4909888
v 2.561686 4.042544 0.4909888
v 2.634291 3.260997 0.1112833
v 2.634291 3.174334 0.1112833
v 1.643535 3.174334 0.1186326
v 2.635753 3.260997 0.3083572
v 2.561687 3.260997 0.490989
v 2.635753 3.174334 0.3083572
v 1.644996 3.174334 0.3157063
v 2.561687 3.174334 0.490989
v 1.721764 3.174334 0.4972191
v 2.423368 3.174334 0.6313748
v 1.86215 3.174334 0.6355377
v 2.241855 3.174334 0.7081421
v 2.044781 3.174334 0.709604
v 1.606742 4.112662 -0.1547546
v 1.510459 4.102458 0.08265945
v 1.606742 4.102458 -0.1547546
v 1.510459 4.112662 0.08265945
v 1.606742 4.177372 -0.1547546
v 1.512359 4.102458 0.3388471
v 1.510459 4.177372 0.08265943
v 1.606742 4.199419 -0.1547546
v 1.512359 4.112662 0.3388471
v 1.612154 4.102458 0.5748066
v 1.612154 4.112662 0.5748066
v 1.79465 4.102458 0.7546149
v 1.512359 4.177372 0.338847
v 1.79465 4.112662 0.7546149
v 2.032064 4.102458 0.8508983
v 1.510459 4.199419 0.08265942
v 1.612154 4.177372 0.5748066
v 2.032064 4.112662 0.8508983
v 2.288252 4.102458 0.848998
v 1.512359 4.199419 0.338847
v 1.79465 4.177372 0.7546149
v 2.288252 4.112662 0.848998
v 2.524211 4.102458 0.7492033
v 2.524211 4.112662 0.7492033
v 2.032064 4.177373 0.8508983
v 2.288252 4.177373 0.848998
v 2.524211 4.177373 0.7492033
v 1.612154 4.199419 0.5748066
v 1.79465 4.199419 0.7546149
v 2.032064 4.199419 0.8508983
v 2.288252 4.199419 0.848998
v 2.524211 4.199419 0.7492033
v 1.758449 4.199419 0.2879965
v 1.820052 4.199419 0.4336523
v 1.757276 4.199419 0.1298538
v 1.932705 4.199419 0.5446464
v 2.079258 4.199419 0.6040815
v 1.816711 4.199419 -0.01669973
v 2.237401 4.199419 0.6029082
v 2.383057 4.199419 0.5413058
v 1.927705 4.199419 -0.129353
v 2.704019 4.199419 0.5667076
v 1.786551 4.199419 -0.3372504
v 2.494051 4.199419 0.4286529
v 2.073361 4.199419 -0.1909555
v 2.800303 4.199419 0.3292937
v 2.02251 4.199419 -0.4370449
v 2.553486 4.199419 0.2820992
v 2.231503 4.199419 -0.1921284
v 2.798402 4.199419 0.07310581
v 2.278698 4.199419 -0.438945
v 2.552313 4.199419 0.1239567
v 2.378057 4.199419 -0.1326934
v 2.698608 4.199419 -0.1628534
v 2.516112 4.199419 -0.342662
v 2.49071 4.199419 -0.02169931
v 1.786551 4.199419 -0.3372504
v 1.606742 4.199419 -0.1547546
v 1.606742 4.177372 -0.1547546
v 1.786551 4.177372 -0.3372504
v 2.02251 4.199419 -0.4370449
v 1.606742 4.112662 -0.1547546
v 2.02251 4.177372 -0.4370449
v 2.278698 4.199419 -0.438945
v 1.786551 4.112662 -0.3372504
v 1.606742 4.102458 -0.1547546
v 2.278698 4.177372 -0.438945
v 2.516112 4.199419 -0.342662
v 2.02251 4.112662 -0.4370448
v 2.516112 4.177372 -0.342662
v 2.698608 4.199419 -0.1628534
v 1.786551 4.102458 -0.3372504
v 2.278698 4.112662 -0.438945
v 2.698608 4.177372 -0.1628534
v 2.798402 4.199419 0.07310581
v 2.02251 4.102458 -0.4370448
v 2.516112 4.112662 -0.3426619
v 2.798402 4.177373 0.07310582
v 2.800303 4.199419 0.3292937
v 2.278698 4.102458 -0.438945
v 2.698608 4.112662 -0.1628533
v 2.800303 4.177373 0.3292937
v 2.704019 4.199419 0.5667076
v 2.516112 4.102458 -0.3426619
v 2.798402 4.112662 0.07310583
v 2.704019 4.177373 0.5667076
v 2.524211 4.199419 0.7492033
v 2.524211 4.177373 0.7492033
v 2.800303 4.112662 0.3292938
v 2.704019 4.112662 0.5667076
v 2.524211 4.112662 0.7492033
v 2.698608 4.102458 -0.1628533
v 2.798402 4.102458 0.07310583
v 2.704019 4.102458 0.5667076
v 2.524211 4.102458 0.7492033
v 2.800303 4.102458 0.3292938
v 2.418798 4.102458 -0.1946565
v 2.245431 4.102458 -0.2649656
v 2.552062 4.102458 -0.06335471
v 2.624935 4.102458 0.1089503
v 2.058354 4.102458 -0.263578
v 2.626323 4.102458 0.2960267
v 2.556014 4.102458 0.4693936
v 1.88605 4.102458 -0.1907049
v 2.424712 4.102458 0.602658
v 1.754748 4.102458 -0.0574408
v 2.288252 4.102458 0.848998
v 2.252407 4.102458 0.6755312
v 1.684439 4.102458 0.1159265
v 2.032064 4.102458 0.8508983
v 1.510459 4.102458 0.08265945
v 2.065331 4.102458 0.6769187
v 1.685826 4.102458 0.303003
v 1.79465 4.102458 0.7546149
v 1.512359 4.102458 0.3388471
v 1.891964 4.102458 0.6066097
v 1.7587 4.102458 0.4753079
v 1.612154 4.102458 0.5748066
v 0.3631388 6.302412 -0.2099935
v 0.282003 6.336193 -0.2062891
v 0.3161158 6.336193 -0.2409113
v 0.3136151 6.302412 -0.1597295
v 0.4043552 6.256951 -0.1828936
v 0.2372366 6.336193 -0.1873548
v 0.3413232 6.256951 -0.1189196
v 0.4381804 6.201558 -0.1606533
v 0.2486256 6.302412 -0.1322434
v 0.1886338 6.336193 -0.1869946
v 0.3640629 6.201558 -0.08542792
v 0.463315 6.13836 -0.1441273
v 0.2586075 6.256951 -0.08393662
v 0.178065 6.302412 -0.1317201
v 0.1435928 6.336193 -0.2052612
v 0.3809599 6.13836 -0.06054141
v 0.4787928 6.069785 -0.1339507
v 0.2667994 6.201558 -0.04429231
v 0.1688008 6.256951 -0.08327051
v 0.112675 6.302412 -0.158239
v 0.1089703 6.336193 -0.2393736
v 0.3913651 6.069785 -0.04521633
v 0.4840189 5.998471 -0.1305143
v 0.2728866 6.13836 -0.01483389
v 0.161198 6.201558 -0.0435091
v 0.0855753 6.256951 -0.1170227
v 0.06241102 6.302412 -0.2077628
v 0.0900372 6.336193 -0.2841389
v 0.3948784 5.998471 -0.04004157
v 0.4787928 5.927156 -0.1339506
v 0.276635 6.069785 0.0033065
v 0.1555485 6.13836 -0.0139636
v 0.06333501 6.201558 -0.08319738
v 0.02160121 6.256951 -0.1800546
v 0.03492505 6.302412 -0.2727521
v 0.08967765 6.336193 -0.3327435
v 0.3913651 5.927156 -0.0452163
v 0.447977 5.858582 -0.154212
v 0.2779008 5.998471 0.009431764
v 0.1520696 6.069785 0.004230476
v 0.04680907 6.13836 -0.05806292
v -0.01189033 6.201558 -0.157315
v -0.01338176 6.256951 -0.2627703
v 0.0344017 6.302412 -0.3433129
v 0.107944 6.336193 -0.3777846
v 0.06092057 6.302412 -0.4087028
v -0.01404782 6.256951 -0.3525771
v 0.01970428 6.256951 -0.4358025
v -0.05302605 6.201558 -0.2545784
v -0.05380926 6.201558 -0.36018
v -0.01412107 6.201558 -0.4580428
v -0.03677691 6.13836 -0.140418
v -0.08248455 6.13836 -0.2484912
v -0.08335479 6.13836 -0.3658295
v -0.0392555 6.13836 -0.4745687
v 0.0366324 6.069785 -0.04258503
v -0.05210217 6.069785 -0.1300129
v -0.1006249 6.069785 -0.2447428
v -0.1015488 6.069785 -0.3693083
v -0.05473333 6.069785 -0.4847454
v 0.1508948 5.998471 0.01037385
v 0.03319623 5.998471 -0.03735882
v -0.05727668 5.998471 -0.1264995
v -0.1067502 5.998471 -0.2434772
v -0.1076922 5.998471 -0.370483
v -0.05995955 5.998471 -0.4881817
v 0.276635 5.927156 0.003306532
v 0.1520696 5.927156 0.004230508
v 0.03663244 5.927156 -0.042585
v -0.05210213 5.927156 -0.1300128
v -0.1006248 5.927156 -0.2447428
v -0.1015488 5.927156 -0.3693082
v -0.05473329 5.927156 -0.4847454
v 0.3706489 5.858582 -0.07572802
v 0.421389 5.795383 -0.171694
v 0.2691722 5.858582 -0.03281046
v 0.3527744 5.795383 -0.1020542
v 0.4043551 5.73999 -0.1828934
v 0.3413233 5.73999 -0.1189195
v 0.262733 5.795383 -0.06397278
v 0.2586077 5.73999 -0.08393651
v 0.158996 5.858582 -0.03199315
v 0.1649723 5.795383 -0.06324771
v 0.1688009 5.73999 -0.08327039
v 0.05689381 5.858582 -0.07340072
v 0.0743757 5.795383 -0.09998905
v 0.08557545 5.73999 -0.1170226
v -0.02159033 5.858582 -0.1507292
v 0.004735817 5.795383 -0.1686036
v 0.02160135 5.73999 -0.1800545
v -0.06450792 5.858582 -0.2522058
v -0.06532516 5.858582 -0.362382
v -0.0333455 5.795383 -0.258645
v -0.01338162 5.73999 -0.2627702
v -0.03407055 5.795383 -0.3564057
v -0.01404768 5.73999 -0.352577
v 0.002670829 5.795383 -0.4470022
v 0.01970442 5.73999 -0.4358024
v -0.06532516 5.858582 -0.362382
v -0.05473329 5.927156 -0.4847454
v -0.1015488 5.927156 -0.3693082
v -0.02391757 5.858582 -0.4644841
v -0.03407055 5.795383 -0.3564057
v 0.002670829 5.795383 -0.4470022
v 0.03269452 5.927156 -0.57348
v 0.0534108 5.858582 -0.5429682
v 0.02918106 5.998471 -0.5786545
v -0.05995955 5.998471 -0.4881817
v 0.07128524 5.795383 -0.5166422
v 0.01970442 5.73999 -0.4358024
v 0.08273631 5.73999 -0.4997764
v 0.1613269 5.795383 -0.5547234
v 0.1654521 5.73999 -0.5347594
v 0.1548876 5.858582 -0.5858858
v 0.1474245 5.927156 -0.6220026
v 0.2590875 5.795383 -0.5554486
v 0.2552587 5.73999 -0.5354256
v 0.2650636 5.858582 -0.5867029
v 0.349684 5.795383 -0.5187071
v 0.3384843 5.73999 -0.5016733
v 0.1461588 5.998471 -0.628128
v 0.27199 5.927156 -0.6229265
v 0.3671658 5.858582 -0.5452953
v 0.4193239 5.795383 -0.4500926
v 0.4024582 5.73999 -0.4386413
v 0.2731647 5.998471 -0.6290699
v 0.3874271 5.927156 -0.5761108
v 0.44565 5.858582 -0.4679669
v 0.4574051 5.795383 -0.3600509
v 0.4374412 5.73999 -0.3559256
v 0.3908634 5.998471 -0.5813371
v 0.4761616 5.927156 -0.4886831
v 0.4885675 5.858582 -0.3664902
v 0.4581302 5.795383 -0.2622904
v 0.4381073 5.73999 -0.2661189
v 0.421389 5.795383 -0.171694
v 0.4043551 5.73999 -0.1828934
v 0.447977 5.858582 -0.154212
v 0.4893846 5.858582 -0.2563141
v 0.4787928 5.927156 -0.1339506
v 0.5256082 5.927156 -0.2493877
v 0.4840189 5.998471 -0.1305143
v 0.5246843 5.927156 -0.3739531
v 0.5317516 5.998471 -0.2482129
v 0.4787928 6.069785 -0.1339507
v 0.5308097 5.998471 -0.375219
v 0.5256082 6.069785 -0.2493877
v 0.463315 6.13836 -0.1441273
v 0.4813363 5.998471 -0.4921965
v 0.5246843 6.069785 -0.3739531
v 0.5074142 6.13836 -0.2528667
v 0.4381804 6.201558 -0.1606533
v 0.4761615 6.069785 -0.4886831
v 0.5065439 6.13836 -0.3702048
v 0.4778688 6.201558 -0.2585161
v 0.4043552 6.256951 -0.1828936
v 0.3874271 6.069785 -0.5761108
v 0.4608365 6.13836 -0.478278
v 0.4770854 6.201558 -0.3641177
v 0.4381072 6.256951 -0.2661191
v 0.3631388 6.302412 -0.2099935
v 0.27199 6.069785 -0.6229265
v 0.3772504 6.13836 -0.5606332
v 0.4359499 6.201558 -0.461381
v 0.437441 6.256951 -0.3559258
v 0.3896576 6.302412 -0.2753833
v 0.3161158 6.336193 -0.2409113
v 0.1474244 6.069785 -0.6220026
v 0.2685111 6.13836 -0.6047325
v 0.3607244 6.201558 -0.5354989
v 0.402458 6.256951 -0.4386414
v 0.3891344 6.302412 -0.345944
v 0.03269448 6.069785 -0.57348
v -0.05473333 6.069785 -0.4847454
v 0.1511728 6.13836 -0.6038622
v 0.04309972 6.13836 -0.5581548
v -0.0392555 6.13836 -0.4745687
v 0.2628615 6.201558 -0.575187
v 0.3384842 6.256951 -0.5016734
v 0.05999663 6.201558 -0.5332682
v -0.01412107 6.201558 -0.4580428
v 0.15726 6.201558 -0.5744039
v 0.0827363 6.256951 -0.4997765
v 0.01970428 6.256951 -0.4358025
v 0.2552587 6.256951 -0.5354256
v 0.1654519 6.256951 -0.5347595
v 0.3616484 6.302412 -0.4109333
v 0.1104444 6.302412 -0.4589667
v 0.06092057 6.302412 -0.4087028
v 0.3113843 6.302412 -0.4604571
v 0.1754337 6.302412 -0.4864528
v 0.2459945 6.302412 -0.4869761
v 0.1420558 6.336193 -0.4124059
v 0.107944 6.336193 -0.3777846
v 0.1868224 6.336193 -0.4313401
v 0.2354253 6.336193 -0.4317003
v 0.2804665 6.336193 -0.4134335
v 0.315089 6.336193 -0.3793212
v 0.3340221 6.336193 -0.3345558
v 0.3343813 6.336193 -0.2859516
v 0.1763572 6.336193 -0.3618859
v 0.1991789 6.336193 -0.3715379
v 0.2120299 6.336193 -0.3093479
v 0.1589672 6.336193 -0.3442369
v 0.08967765 6.336193 -0.3327435
v 0.223956 6.336193 -0.3717217
v 0.1496554 6.336193 -0.3212748
v 0.0900372 6.336193 -0.2841389
v 0.2469188 6.336193 -0.3624106
v 0.1498391 6.336193 -0.2964967
v 0.1089703 6.336193 -0.2393736
v 0.2645684 6.336193 -0.3450192
v 0.1594906 6.336193 -0.2736758
v 0.2742201 6.336193 -0.3221981
v 0.1435928 6.336193 -0.2052612
v 0.1771405 6.336193 -0.2562841
v 0.1886338 6.336193 -0.1869946
v 0.2744038 6.336193 -0.2974201
v 0.200103 6.336193 -0.2469732
v 0.2372366 6.336193 -0.1873548
v 0.2650924 6.336193 -0.2744592
v 0.2248804 6.336193 -0.2471569
v 0.282003 6.336193 -0.2062891
v 0.2477019 6.336193 -0.2568089
v 0.5088134 5.705861 -0.1380001
v 0.2120298 5.845744 0.03334804
v 0.5088136 5.845744 -0.138
v 0.2120299 5.705861 0.03334807
v -0.08475369 5.845744 -0.138
v 0.5088134 5.680726 -0.1380001
v -0.08475378 5.705861 -0.1380001
v -0.08475379 5.845744 -0.4806964
v -0.08475375 5.705861 -0.4806963
v 0.2120299 5.680726 0.03334807
v -0.08475377 5.680726 -0.1380001
v -0.08475374 5.680727 -0.4806963
v 0.5088134 5.680726 -0.4806961
v 0.21203 5.680727 -0.6520443
v 0.5088136 5.845744 -0.138
v 0.2120298 5.845744 0.03334804
v -0.08475369 5.845744 -0.138
v 0.5088134 5.845744 -0.4806961
v -0.08475379 5.845744 -0.4806964
v 0.5088134 5.705861 -0.4806961
v 0.5088134 5.705861 -0.1380001
v 0.2120299 5.845744 -0.6520443
v -0.08475375 5.705861 -0.4806963
v 0.21203 5.705861 -0.6520443
v -0.08475374 5.680727 -0.4806963
v 0.21203 5.680727 -0.6520443
v 0.5088134 5.680726 -0.4806961
v 0.5088134 5.680726 -0.1380001
v -0.9016431 4.536414 -0.529763
v -0.7378297 4.536414 -0.9336919
v -0.719894 4.772756 -0.9218991
v -0.8805599 4.772756 -0.5257316
v -0.8984101 4.536414 -0.09389265
v -0.6667761 5.000015 -0.8869739
v -0.877389 4.772756 -0.09823646
v -0.7286226 4.536414 0.3075618
v -0.81812 5.000015 -0.5137923
v -0.5805172 5.209459 -0.8302585
v -0.7108639 4.772756 0.2955042
v -0.4181296 4.536414 0.6134827
v -0.8151331 5.000015 -0.1111007
v -0.7167231 5.209458 -0.4944038
v -0.4644324 5.393037 -0.7539324
v -0.406337 4.772756 0.5955469
v -0.01420075 4.536414 0.7772962
v -0.6582699 5.000015 0.2597949
v -0.714035 5.209459 -0.131991
v -0.5802659 5.393037 -0.4683116
v -0.3229827 5.543697 -0.6609289
v -0.0101693 4.772756 0.7562127
v 0.4216696 4.536415 0.7740631
v -0.3714118 5.000015 0.5424289
v -0.5728619 5.209459 0.2018062
v -0.5779798 5.393038 -0.1601048
v 0.4173258 4.772756 0.7530418
v 0.8231243 4.536415 0.6042759
v 0.001770044 5.000015 0.6937729
v -0.3146963 5.209459 0.45617
v 0.8110665 4.772756 0.5865169
v 1.129044 4.536415 0.2937833
v 1.111109 4.772756 0.28199
v 0.4044618 5.000016 0.6907859
v 0.7753571 5.000016 0.5339227
v 1.057991 5.000016 0.2470647
v 0.02115828 5.209459 0.5923759
v -0.457922 5.393038 0.1237665
v 0.7173684 5.209459 0.4485148
v 0.9717319 5.209459 0.1903496
v 0.3835712 5.209459 0.5896876
v -0.2383704 5.393038 0.3400851
v 0.6393287 5.393038 0.333575
v 0.8556472 5.393038 0.1140231
v 0.3554575 5.393038 0.4536327
v 0.04725055 5.393038 0.4559187
v -0.4121964 5.543697 -0.1943614
v -0.3178675 5.543697 0.02867488
v -0.1453668 5.543697 0.1986353
v 0.07904416 5.543697 0.2896452
v 0.3212008 5.543697 0.2878491
v 0.544237 5.543697 0.1935202
v -0.4139927 5.543697 -0.436518
v 0.7141972 5.543697 0.02101981
v 0.9714805 5.393038 -0.1715972
v 0.8052072 5.543697 -0.2033911
v 0.5528183 5.655647 -0.08508752
v 0.615507 5.655647 -0.2396642
v 0.4357476 5.655647 0.03373296
v 0.2821176 5.655647 0.09870774
v 0.1153172 5.655647 0.09994502
v -0.0392598 5.655647 0.03725632
v -0.1580804 5.655647 -0.07981458
v -0.2230551 5.655647 -0.2334445
v -0.2242924 5.655647 -0.4002449
v -0.1616036 5.655647 -0.5548218
v -0.04453287 5.655647 -0.6736423
v -0.1530221 5.543697 -0.8334295
v 0.07318494 5.724585 -0.500263
v 0.01350284 5.724585 -0.4396889
v 0.1956073 5.747863 -0.3199547
v 0.1515048 5.724585 -0.5333868
v 0.2365389 5.724585 -0.5340176
v 0.3153414 5.724585 -0.5020592
v 0.3759156 5.724585 -0.4423769
v 0.4090396 5.724585 -0.364057
v -0.01845565 5.724585 -0.3608862
v 0.4096702 5.724585 -0.2790229
v -0.01782492 5.724585 -0.2758522
v 0.6142697 5.655647 -0.4064646
v 0.01529896 5.724585 -0.1975323
v 0.377712 5.724585 -0.2002204
v 0.07587305 5.724585 -0.1378502
v 0.3180297 5.724585 -0.1396462
v 0.1546758 5.724585 -0.1058917
v 0.2397099 5.724585 -0.1065224
v -0.4644324 5.393037 -0.7539324
v -0.1530221 5.543697 -0.8334295
v -0.3229827 5.543697 -0.6609289
v -0.2481137 5.393037 -0.9734841
v -0.5805172 5.209459 -0.8302585
v -0.3261534 5.209458 -1.088424
v -0.6667761 5.000015 -0.8869739
v -0.384142 5.000015 -1.173832
v -0.719894 4.772756 -0.9218991
v -0.4198513 4.772756 -1.226426
v -0.7378297 4.536414 -0.9336919
v -0.4319089 4.536414 -1.244185
v -0.02611068 4.772756 -1.392951
v -0.03045437 4.536414 -1.413972
v -0.01324669 5.000015 -1.330695
v 0.007643787 5.209458 -1.229597
v 0.03575761 5.393037 -1.093542
v 0.07001406 5.543697 -0.9277583
v 0.4013845 4.772756 -1.396122
v 0.4054162 4.536414 -1.417205
v 0.3894452 5.000015 -1.333682
v 0.3700568 5.209459 -1.232285
v 0.3439643 5.393038 -1.095828
v 0.797552 4.772756 -1.235456
v 0.8093449 4.536414 -1.253391
v 0.7626268 5.000015 -1.182338
v 0.7059114 5.209459 -1.096079
v 1.102079 4.772756 -0.935413
v 1.119838 4.536414 -0.9474703
v 1.049485 5.000015 -0.8997037
v 1.268604 4.772756 -0.5416721
v 1.289625 4.536414 -0.5460159
v 0.3121706 5.543697 -0.9295544
v 0.6295851 5.393038 -0.979994
v 0.9640768 5.209459 -0.8417151
v 1.206348 5.000015 -0.5288081
v 1.271775 4.772756 -0.114177
v 1.292858 4.536415 -0.1101453
v 1.111109 4.772756 0.28199
v 1.129044 4.536415 0.2937833
v 1.057991 5.000016 0.2470647
v 1.209335 5.000016 -0.1261163
v 0.9717319 5.209459 0.1903496
v 1.107938 5.209459 -0.1455048
v 0.8556472 5.393038 0.1140231
v 0.9714805 5.393038 -0.1715972
v 1.10525 5.209459 -0.5079178
v 0.9691944 5.393038 -0.479804
v 0.8052072 5.543697 -0.2033911
v 0.8491368 5.393038 -0.7636753
v 0.8034111 5.543697 -0.4455476
v 0.615507 5.655647 -0.2396642
v 0.6142697 5.655647 -0.4064646
v 0.7090822 5.543697 -0.6685839
v 0.5365815 5.543697 -0.8385444
v 0.5492949 5.655647 -0.5600946
v 0.4090396 5.724585 -0.364057
v 0.3759156 5.724585 -0.4423769
v 0.4304745 5.655647 -0.6771655
v 0.3153414 5.724585 -0.5020592
v 0.2758974 5.655647 -0.7398542
v 0.2365389 5.724585 -0.5340176
v 0.1090972 5.655647 -0.7386171
v 0.1515048 5.724585 -0.5333868
v -0.04453287 5.655647 -0.6736423
v 0.07318494 5.724585 -0.500263
v 1.392108 3.263909 -0.09116736
v 1.392108 3.150048 -0.09116733
v 1.213477 3.150049 0.349298
v 1.213477 3.263909 0.3492979
v 1.392107 4.500065 -0.09116764
v 0.8798853 3.150049 0.6878754
v 1.213477 4.500065 0.3492977
v 1.392107 4.534834 -0.09116764
v 1.213477 4.534834 0.3492976
v 0.8798852 3.263909 0.6878754
v 0.442118 3.150048 0.8730206
v 0.8798849 4.500065 0.6878751
v 0.8798849 4.534834 0.6878751
v 0.442118 3.263909 0.8730206
v -0.03317805 3.150048 0.8765459
v 0.4421176 4.500065 0.8730204
v 0.4421176 4.534834 0.8730204
v -0.03317808 3.263909 0.8765459
v -0.4736437 3.150048 0.6979151
v -0.03317841 4.500064 0.8765456
v -0.03317842 4.534834 0.8765456
v -0.4736438 3.263908 0.6979151
v -0.8122218 3.150048 0.3643228
v -0.473644 4.500064 0.6979148
v -0.473644 4.534834 0.6979148
v -0.8122218 3.263908 0.3643227
v -0.9973668 3.150048 -0.07344455
v -0.8122221 4.500064 0.3643225
v -0.8122221 4.534834 0.3643225
v -0.9973668 3.263908 -0.07344458
v -1.000892 3.150048 -0.5487406
v -1.000892 3.263908 -0.5487406
v -0.9973671 4.500064 -0.07344482
v -0.9973671 4.534833 -0.07344483
v -1.000893 4.500064 -0.5487409
v -1.000893 4.534833 -0.5487409
v -1.000892 3.263908 -0.5487406
v -1.000892 3.150048 -0.5487406
v -0.8222616 3.150048 -0.9892062
v -0.8222617 3.263908 -0.9892062
v -1.000893 4.500064 -0.5487409
v -0.4886692 3.150048 -1.327784
v -0.8222619 4.500064 -0.9892064
v -1.000893 4.534833 -0.5487409
v -0.4886692 3.263908 -1.327784
v -0.0509019 3.150048 -1.512929
v -0.05090193 3.263908 -1.512929
v 0.4243942 3.150048 -1.516454
v -0.4886695 4.500064 -1.327784
v 0.4243942 3.263908 -1.516454
v 0.8648598 3.150048 -1.337823
v -0.8222619 4.534833 -0.9892064
v -0.05090221 4.500064 -1.512929
v 0.8648597 3.263908 -1.337823
v 1.203438 3.150048 -1.004231
v -0.4886695 4.534833 -1.327784
v 0.424394 4.500064 -1.516454
v 1.203438 3.263908 -1.004231
v 1.388583 3.150048 -0.5664635
v -0.05090222 4.534833 -1.512929
v 0.8648595 4.500064 -1.337824
v 1.388583 3.263909 -0.5664635
v 1.392108 3.150048 -0.09116733
v 1.392108 3.263909 -0.09116736
v 1.203437 4.500064 -1.004231
v 1.388582 4.500065 -0.5664638
v 1.392107 4.500065 -0.09116764
v 0.424394 4.534834 -1.516454
v 0.8648595 4.534834 -1.337824
v 1.388582 4.534834 -0.5664638
v 1.392107 4.534834 -0.09116764
v 1.203437 4.534834 -1.004231
v -0.0102888 4.534833 -1.316383
v 0.3867006 4.534834 -1.319327
v -0.3759324 4.534833 -1.161741
v 0.7545979 4.534834 -1.170126
v 1.037394 4.534834 -0.8914941
v -0.6545642 4.534833 -0.8789449
v 1.192036 4.534834 -0.5258507
v 1.19498 4.534834 -0.1288612
v -0.8037649 4.534833 -0.5110477
v 1.213477 4.534834 0.3492976
v 1.045779 4.534834 0.2390359
v -0.8008203 4.534833 -0.1140583
v 0.8798849 4.534834 0.6878751
v -0.9973671 4.534833 -0.07344483
v 0.767148 4.534834 0.5218315
v -0.6461785 4.534834 0.2515853
v 0.4421176 4.534834 0.8730204
v -0.8122221 4.534834 0.3643225
v 0.4015042 4.534834 0.6764734
v -0.3633823 4.534834 0.5302172
v -0.03317842 4.534834 0.8765456
v -0.473644 4.534834 0.6979148
v 0.004514874 4.534834 0.679418
v 0.7294741 3.398803 2.080283
v 0.7294741 3.398803 2.18556
v 0.729474 3.754233 2.18556
v 0.729474 3.754233 2.080283
v 0.638301 3.398803 2.027644
v 0.6383009 3.754233 2.027644
v 0.5471278 3.398803 2.080283
v 0.5471277 3.754233 2.080283
v 0.7294741 3.398803 2.18556
v 0.6383008 3.754233 2.238199
v 0.729474 3.754233 2.18556
v 0.638301 3.398803 2.238199
v 0.5471276 3.754233 2.18556
v 0.5471277 3.398803 2.18556
v 0.5471277 3.754233 2.080283
v 0.5471278 3.398803 2.080283
v 0.7294741 3.398803 2.080283
v 0.638301 3.398803 2.027644
v 0.5107973 3.741331 2.059307
v 0.5107971 3.741331 2.206536
v 0.4683652 3.76924 2.231034
v 0.4683651 3.76924 2.034809
v 0.6383008 3.741331 2.28015
v 0.7658045 3.741331 2.206536
v 0.8082368 3.76924 2.231034
v 0.6383008 3.76924 2.329147
v 0.7658046 3.741331 2.059307
v 0.638301 3.741331 1.985693
v 0.6383009 3.76924 1.936697
v 0.8082368 3.76924 2.034809
v 0.638301 3.741331 1.985693
v 0.5107973 3.741331 2.059307
v 0.4683651 3.76924 2.034809
v 0.6383009 3.76924 1.936697
v 0.5107971 3.741331 2.206536
v 0.6383008 3.741331 2.28015
v 0.6383008 3.76924 2.329147
v 0.4683652 3.76924 2.231034
v 0.7658045 3.741331 2.206536
v 0.7658046 3.741331 2.059307
v 0.8082368 3.76924 2.034809
v 0.8082368 3.76924 2.231034
v 0.6383009 3.76924 1.936697
v 0.4683651 3.76924 2.034809
v 0.4423979 3.801082 2.019817
v 0.6383008 3.801082 1.906712
v 0.416036 3.833301 2.004597
v 0.6383008 3.833301 1.876272
v 0.4683652 3.76924 2.231034
v 0.6383008 3.76924 2.329147
v 0.6383008 3.801082 2.359131
v 0.4423978 3.801082 2.246026
v 0.6383008 3.833301 2.389571
v 0.416036 3.833301 2.261246
v 0.8082368 3.76924 2.231034
v 0.8082368 3.76924 2.034809
v 0.8342039 3.801082 2.019817
v 0.8342038 3.801082 2.246026
v 0.8605659 3.833301 2.004597
v 0.8605657 3.833301 2.261246
v 0.4683651 3.76924 2.034809
v 0.4683652 3.76924 2.231034
v 0.4423978 3.801082 2.246026
v 0.4423979 3.801082 2.019817
v 0.416036 3.833301 2.261246
v 0.416036 3.833301 2.004597
v 0.6383008 3.76924 2.329147
v 0.8082368 3.76924 2.231034
v 0.8342038 3.801082 2.246026
v 0.6383008 3.801082 2.359131
v 0.8605657 3.833301 2.261246
v 0.6383008 3.833301 2.389571
v 0.8082368 3.76924 2.034809
v 0.6383009 3.76924 1.936697
v 0.6383008 3.801082 1.906712
v 0.8342039 3.801082 2.019817
v 0.6383008 3.833301 1.876272
v 0.8605659 3.833301 2.004597
v 0.6383009 3.837699 1.848642
v 0.4140212 3.876001 2.003434
v 0.3921078 3.837699 1.990782
v 0.6383009 3.876002 1.873946
v 0.8844941 3.8377 1.990782
v 0.4619243 3.982681 2.03109
v 0.8625804 3.876002 2.003434
v 0.884494 3.8377 2.275061
v 0.8625803 3.876002 2.262409
v 0.6383007 3.982681 1.929259
v 0.5160234 4.090735 2.062325
v 0.8146772 3.982681 2.03109
v 0.8146773 3.982681 2.234753
v 0.638301 4.090735 1.991728
v 0.5798135 4.195719 2.099154
v 0.7605785 4.090735 2.062325
v 0.7605782 4.090735 2.203518
v 0.6383009 4.195719 2.065386
v 0.6167692 4.244089 2.12049
v 0.6383007 4.244089 2.108059
v 0.6967883 4.195719 2.099154
v 0.6967883 4.195719 2.166689
v 0.6598323 4.244089 2.12049
v 0.6598323 4.244089 2.145353
v 0.6383009 3.8377 2.417201
v 0.8625803 3.876002 2.262409
v 0.884494 3.8377 2.275061
v 0.6383008 3.876002 2.391897
v 0.3921076 3.8377 2.275061
v 0.8146773 3.982681 2.234753
v 0.4140213 3.876002 2.262409
v 0.3921078 3.837699 1.990782
v 0.4140212 3.876001 2.003434
v 0.6383009 3.982681 2.336584
v 0.7605782 4.090735 2.203518
v 0.4619243 3.982681 2.234753
v 0.4619243 3.982681 2.03109
v 0.6383009 4.090735 2.274115
v 0.6967883 4.195719 2.166689
v 0.5160235 4.090735 2.203519
v 0.5160234 4.090735 2.062325
v 0.6383009 4.195719 2.200457
v 0.6598323 4.244089 2.145353
v 0.5798133 4.195719 2.166689
v 0.5798135 4.195719 2.099154
v 0.6383008 4.244089 2.157784
v 0.6167693 4.244089 2.145353
v 0.6167692 4.244089 2.12049
v 0.6598323 4.244089 2.12049
v 0.6383007 4.244089 2.108059
v -2.174351 3.398802 0.1803194
v -2.174351 3.398802 0.285597
v -2.174351 3.754232 0.2855969
v -2.174351 3.754232 0.1803193
v -2.265524 3.398802 0.1276805
v -2.265524 3.754232 0.1276805
v -2.356697 3.398802 0.1803192
v -2.356697 3.754232 0.1803192
v -2.174351 3.398802 0.285597
v -2.265524 3.754232 0.3382359
v -2.174351 3.754232 0.2855969
v -2.265524 3.398802 0.3382359
v -2.356697 3.754232 0.2855971
v -2.356697 3.398802 0.2855971
v -2.356697 3.754232 0.1803192
v -2.174351 3.398802 0.1803194
v -2.356697 3.398802 0.1803192
v -2.265524 3.398802 0.1276805
v -2.393028 3.74133 0.1593439
v -2.393027 3.74133 0.3065725
v -2.43546 3.769239 0.3310706
v -2.43546 3.76924 0.1348456
v -2.265524 3.74133 0.3801866
v -2.13802 3.74133 0.3065724
v -2.095588 3.769239 0.3310706
v -2.265524 3.769239 0.4291832
v -2.13802 3.74133 0.159344
v -2.265524 3.74133 0.0857297
v -2.265524 3.769239 0.03673313
v -2.095588 3.769239 0.1348457
v -2.265524 3.74133 0.0857297
v -2.393028 3.74133 0.1593439
v -2.43546 3.76924 0.1348456
v -2.265524 3.769239 0.03673313
v -2.393027 3.74133 0.3065725
v -2.265524 3.74133 0.3801866
v -2.265524 3.769239 0.4291832
v -2.43546 3.769239 0.3310706
v -2.13802 3.74133 0.3065724
v -2.13802 3.74133 0.159344
v -2.095588 3.769239 0.1348457
v -2.095588 3.769239 0.3310706
v -2.265524 3.769239 0.03673313
v -2.43546 3.76924 0.1348456
v -2.461427 3.801081 0.1198533
v -2.265524 3.801081 0.006748885
v -2.487789 3.8333 0.1046334
v -2.265524 3.8333 -0.02369133
v -2.43546 3.769239 0.3310706
v -2.265524 3.769239 0.4291832
v -2.265524 3.801081 0.4591675
v -2.461427 3.801081 0.3460627
v -2.265524 3.8333 0.4896076
v -2.487789 3.8333 0.3612829
v -2.095588 3.769239 0.3310706
v -2.095588 3.769239 0.1348457
v -2.069621 3.801081 0.1198536
v -2.069621 3.801081 0.3460627
v -2.043259 3.8333 0.1046334
v -2.043259 3.8333 0.3612829
v -2.43546 3.76924 0.1348456
v -2.43546 3.769239 0.3310706
v -2.461427 3.801081 0.3460627
v -2.461427 3.801081 0.1198533
v -2.487789 3.8333 0.3612829
v -2.487789 3.8333 0.1046334
v -2.265524 3.769239 0.4291832
v -2.095588 3.769239 0.3310706
v -2.069621 3.801081 0.3460627
v -2.265524 3.801081 0.4591675
v -2.043259 3.8333 0.3612829
v -2.265524 3.8333 0.4896076
v -2.095588 3.769239 0.1348457
v -2.265524 3.769239 0.03673313
v -2.265524 3.801081 0.006748885
v -2.069621 3.801081 0.1198536
v -2.265524 3.8333 -0.02369133
v -2.043259 3.8333 0.1046334
v -2.265524 3.837699 -0.05132107
v -2.489803 3.876001 0.1034703
v -2.511717 3.837699 0.09081837
v -2.265524 3.876001 -0.02601771
v -2.019331 3.837699 0.09081855
v -2.4419 3.98268 0.131127
v -2.041244 3.876001 0.1034703
v -2.019331 3.837699 0.3750979
v -2.041244 3.876001 0.362446
v -2.265524 3.98268 0.02929609
v -2.387801 4.090735 0.1623612
v -2.089148 3.98268 0.131127
v -2.089147 3.98268 0.3347892
v -2.265524 4.090735 0.09176423
v -2.324012 4.195718 0.1991904
v -2.143247 4.090735 0.1623612
v -2.143247 4.090735 0.303555
v -2.265524 4.195718 0.1654226
v -2.287056 4.244088 0.2205269
v -2.265524 4.244088 0.2080957
v -2.207037 4.195718 0.1991904
v -2.207037 4.195718 0.2667258
v -2.243993 4.244088 0.2205267
v -2.243993 4.244088 0.2453893
v -2.265524 3.837699 0.5172372
v -2.041244 3.876001 0.362446
v -2.019331 3.837699 0.3750979
v -2.265524 3.876001 0.4919339
v -2.511717 3.837699 0.3750978
v -2.089147 3.98268 0.3347892
v -2.489803 3.876001 0.3624459
v -2.511717 3.837699 0.09081837
v -2.489803 3.876001 0.1034703
v -2.265524 3.98268 0.4366201
v -2.143247 4.090735 0.303555
v -2.4419 3.98268 0.3347891
v -2.4419 3.98268 0.131127
v -2.265524 4.090735 0.3741519
v -2.207037 4.195718 0.2667258
v -2.387801 4.090735 0.303555
v -2.387801 4.090735 0.1623612
v -2.265524 4.195718 0.3004935
v -2.243993 4.244088 0.2453893
v -2.324012 4.195718 0.2667258
v -2.324012 4.195718 0.1991904
v -2.265524 4.244088 0.2578205
v -2.287056 4.244088 0.2453892
v -2.287056 4.244088 0.2205269
v -2.243993 4.244088 0.2205267
v -2.265524 4.244088 0.2080957
v 3.055121 0.786324 0.08456963
v 2.989663 1.59078 0.1734529
v 2.996278 0.7863019 0.1741292
v 3.055257 1.584734 0.07810247
v 3.173589 0.7862992 0.171141
v 2.965989 1.743713 0.2072198
v 3.179604 1.585126 0.1685418
v 3.025159 1.784588 0.1261903
v 2.902495 1.853092 0.3045297
v 3.148234 1.782142 0.2148417
v 2.938583 1.933668 0.2588009
v 3.063007 1.92884 0.3452928
v 2.815864 1.893041 0.4373417
v 2.946512 1.982599 0.5236564
v 2.820202 1.988252 0.4400771
v 2.729307 1.852951 0.5700959
v 2.701823 1.933609 0.6213115
v 2.830013 1.928897 0.7020586
v 2.665954 1.743573 0.6672913
v 2.869137 1.853221 0.6625751
v 2.615241 1.78453 0.7538325
v 2.80561 1.743785 0.7599308
v 2.644654 1.590743 0.7025196
v 2.583338 1.584709 0.8006889
v 2.781936 1.590797 0.7936949
v 2.647882 0.7863324 0.7083035
v 2.589251 0.7862934 0.7980033
v 2.775328 0.7863002 0.7930065
v 2.830013 1.928897 0.7020586
v 2.615241 1.78453 0.7538325
v 2.701823 1.933609 0.6213115
v 2.744795 1.782198 0.8325981
v 2.583338 1.584709 0.8006889
v 2.714995 1.58515 0.8799752
v 2.589251 0.7862934 0.7980033
v 2.715009 0.7863233 0.8734438
v 2.775328 0.7863002 0.7930065
v 2.781936 1.590797 0.7936949
v 2.80561 1.743785 0.7599308
v 2.869137 1.853221 0.6625751
v 2.946512 1.982599 0.5236564
v 2.955818 1.893193 0.5296884
v 2.729307 1.852951 0.5700959
v 3.063007 1.92884 0.3452928
v 2.815864 1.893041 0.4373417
v 3.042424 1.853079 0.3968589
v 3.148234 1.782142 0.2148417
v 2.902495 1.853092 0.3045297
v 3.105804 1.743645 0.2996171
v 3.179604 1.585126 0.1685418
v 2.965989 1.743713 0.2072198
v 3.127103 1.59076 0.2643903
v 3.173589 0.7862992 0.171141
v 2.989663 1.59078 0.1734529
v 3.123864 0.7863311 0.2586167
v 2.996278 0.7863019 0.1741292
v 2.518187 0.7862993 1.156303
v 2.468462 0.7863312 1.243778
v 2.471701 1.59076 1.249552
v 2.524201 1.585126 1.153703
v 2.399855 1.584734 1.063264
v 2.399719 0.786324 1.069731
v 2.450402 1.743645 1.284779
v 2.492832 1.782142 1.200004
v 2.310587 1.743713 1.192382
v 2.33426 1.59078 1.158614
v 2.247093 1.853092 1.289691
v 2.387021 1.853079 1.38202
v 2.407604 1.92884 1.330454
v 2.160462 1.893041 1.422503
v 2.300415 1.893193 1.51485
v 2.291109 1.982599 1.508818
v 2.073904 1.852951 1.555257
v 2.213734 1.853221 1.647737
v 2.174611 1.928897 1.68722
v 2.010552 1.743574 1.652453
v 2.150208 1.743785 1.745093
v 2.089393 1.782198 1.81776
v 1.989251 1.590743 1.687681
v 2.126534 1.590797 1.778857
v 1.99248 0.7863324 1.693465
v 2.059593 1.58515 1.865137
v 2.119926 0.7863002 1.778168
v 2.059607 0.7863233 1.858606
v 2.059593 1.58515 1.865137
v 2.059607 0.7863233 1.858606
v 1.933849 0.7862935 1.783165
v 1.927936 1.58471 1.785851
v 1.99248 0.7863324 1.693465
v 2.089393 1.782198 1.81776
v 1.989251 1.590743 1.687681
v 1.959838 1.78453 1.738994
v 2.174611 1.928897 1.68722
v 2.010552 1.743574 1.652453
v 2.046421 1.93361 1.606473
v 2.073904 1.852951 1.555257
v 2.291109 1.982599 1.508818
v 2.1648 1.988253 1.425239
v 2.160462 1.893041 1.422503
v 2.28318 1.933668 1.243963
v 2.407604 1.92884 1.330454
v 2.247093 1.853092 1.289691
v 2.492832 1.782142 1.200004
v 2.369757 1.784588 1.111352
v 2.524201 1.585126 1.153703
v 2.310587 1.743713 1.192382
v 2.399855 1.584734 1.063264
v 2.33426 1.59078 1.158614
v 2.399719 0.786324 1.069731
v 2.340875 0.786302 1.159291
v 2.468462 0.7863312 1.243778
v 2.471701 1.59076 1.249552
v -2.673466 0.6946681 -0.4546858
v -1.157863 0.694668 -2.886157
v -1.157863 3.006469 -2.886157
v -2.673467 2.147325 -0.4546862
v -2.673467 3.00647 -0.4546864
v -2.605417 3.00647 -0.4127669
v -2.43217 3.00647 -0.3060459
v -2.43217 2.147325 -0.3060457
v -2.605417 2.147325 -0.4127668
v -2.673467 3.00647 -0.4546864
v -2.43217 0.6946682 -0.3060455
v -2.673467 2.147325 -0.4546862
v -2.605417 0.6946682 -0.4127666
v -2.673466 0.6946681 -0.4546858
v -1.086135 0.6981643 -2.643533
v 2.963755 0.6981656 0.01927944
v 2.963755 3.177243 0.01927923
v -1.086136 3.177242 -2.643533
v 2.963755 0.6981656 0.01927944
v 1.60178 0.6981657 2.090717
v 1.60178 3.177243 2.090716
v 2.963755 3.177243 0.01927923
v -2.44811 0.6981645 -0.5720957
v -1.086135 0.6981643 -2.643533
v -1.086136 3.177242 -2.643533
v -2.448111 3.177242 -0.5720961
v -2.481768 1.715041 0.1070875
v -2.230582 0.6786678 0.1697588
v -2.485873 0.6786677 0.1115715
v -2.229788 1.833024 0.1672566
v -2.448558 1.911935 0.1137732
v -1.97722 0.6786678 0.2340298
v -2.356014 2.052847 0.1360222
v -1.977989 1.715089 0.2283297
v -2.229608 2.104496 0.1664336
v -2.010473 1.912115 0.2192193
v -2.10314 2.05303 0.1968883
v -1.759111 -0.004530139 1.450686
v -0.6641302 -0.00452979 2.170638
v -0.6641303 0.2645772 2.170638
v -1.759112 0.2645768 1.450686
v -0.6641302 -0.00452979 2.170638
v -1.074947 -0.004529759 2.795452
v -1.074947 0.2645772 2.795452
v -0.6641303 0.2645772 2.170638
v -1.074947 -0.004529759 2.795452
v -2.169928 -0.004530108 2.075499
v -2.169928 0.2645769 2.075499
v -1.074947 0.2645772 2.795452
v -2.169928 -0.004530108 2.075499
v -1.759111 -0.004530139 1.450686
v -1.759112 0.2645768 1.450686
v -2.169928 0.2645769 2.075499
v -0.6641302 -0.00452979 2.170638
v -1.759111 -0.004530139 1.450686
v -2.169928 -0.004530108 2.075499
v -1.074947 -0.004529759 2.795452
v -1.074947 0.2645772 2.795452
v -2.169928 0.2645769 2.075499
v -1.759112 0.2645768 1.450686
v -0.6641303 0.2645772 2.170638
v -1.444015 0.3502036 0.9627387
v -0.3490342 0.350204 1.682691
v -0.3490341 0.6193111 1.682691
v -1.444015 0.6193106 0.9627386
v -0.3490342 0.350204 1.682691
v -0.7598505 0.3502041 2.307505
v -0.7598504 0.6193111 2.307505
v -0.3490341 0.6193111 1.682691
v -0.7598505 0.3502041 2.307505
v -1.854832 0.3502037 1.587552
v -1.854832 0.6193107 1.587552
v -0.7598504 0.6193111 2.307505
v -1.854832 0.3502037 1.587552
v -1.444015 0.3502036 0.9627387
v -1.444015 0.6193106 0.9627386
v -1.854832 0.6193107 1.587552
v -0.3490342 0.350204 1.682691
v -1.444015 0.3502036 0.9627387
v -1.854832 0.3502037 1.587552
v -0.7598505 0.3502041 2.307505
v -0.7598504 0.6193111 2.307505
v -1.854832 0.6193107 1.587552
v -1.444015 0.6193106 0.9627386
v -0.3490341 0.6193111 1.682691
v -1.599333 0.1872585 1.203259
v -0.5043517 0.1872589 1.923212
v -0.5043518 0.4563659 1.923212
v -1.599333 0.4563656 1.203259
v -0.5043517 0.1872589 1.923212
v -0.9151681 0.1872589 2.548026
v -0.9151682 0.4563659 2.548026
v -0.5043518 0.4563659 1.923212
v -0.9151681 0.1872589 2.548026
v -2.010149 0.1872585 1.828073
v -2.010149 0.4563656 1.828073
v -0.9151682 0.4563659 2.548026
v -2.010149 0.1872585 1.828073
v -1.599333 0.1872585 1.203259
v -1.599333 0.4563656 1.203259
v -2.010149 0.4563656 1.828073
v -0.5043517 0.1872589 1.923212
v -1.599333 0.1872585 1.203259
v -2.010149 0.1872585 1.828073
v -0.9151681 0.1872589 2.548026
v -0.9151682 0.4563659 2.548026
v -2.010149 0.4563656 1.828073
v -1.599333 0.4563656 1.203259
v -0.5043518 0.4563659 1.923212
v -1.473544 -7.526172E-07 -3.259946
v 3.576993 9.245367E-07 0.06079364
v 3.576992 0.7924953 0.06079346
v -1.473544 0.7924937 -3.259946
v 3.576993 9.245367E-07 0.06079364
v 1.473543 9.759083E-07 3.259946
v 1.473543 0.7924954 3.259946
v 3.576992 0.7924953 0.06079346
v 1.473543 9.759083E-07 3.259946
v -3.576993 -5.919322E-07 -0.06079376
v -3.576994 0.7924939 -0.06079394
v 1.473543 0.7924954 3.259946
v -3.576993 -5.919322E-07 -0.06079376
v -1.473544 -7.526172E-07 -3.259946
v -1.473544 0.7924937 -3.259946
v -3.576994 0.7924939 -0.06079394
v 1.473543 0.7924954 3.259946
v -3.576994 0.7924939 -0.06079394
v -1.473544 0.7924937 -3.259946
v 3.576992 0.7924953 0.06079346
v -3.40376 0.3502031 -0.3027866
v -2.622855 0.3502033 0.2143481
v -2.622856 0.6193103 0.2143481
v -3.403761 0.61931 -0.3027866
v -2.622855 0.3502033 0.2143481
v -3.033672 0.3502033 0.8391616
v -3.033672 0.6193103 0.8391615
v -2.622856 0.6193103 0.2143481
v -3.033672 0.3502033 0.8391616
v -3.814577 0.3502031 0.322027
v -3.814577 0.61931 0.3220269
v -3.033672 0.6193103 0.8391615
v -3.814577 0.3502031 0.322027
v -3.40376 0.3502031 -0.3027866
v -3.403761 0.61931 -0.3027866
v -3.814577 0.61931 0.3220269
v -2.622855 0.3502033 0.2143481
v -3.40376 0.3502031 -0.3027866
v -3.814577 0.3502031 0.322027
v -3.033672 0.3502033 0.8391616
v -3.033672 0.6193103 0.8391615
v -3.814577 0.61931 0.3220269
v -3.403761 0.61931 -0.3027866
v -2.622856 0.6193103 0.2143481
v -3.559078 0.1872579 -0.06226806
v -2.778173 0.1872581 0.4548666
v -2.778173 0.4563652 0.4548666
v -3.559078 0.456365 -0.06226812
v -2.778173 0.1872581 0.4548666
v -3.18899 0.1872582 1.07968
v -3.18899 0.4563652 1.07968
v -2.778173 0.4563652 0.4548666
v -3.18899 0.1872582 1.07968
v -3.969894 0.1872579 0.5625455
v -3.969895 0.456365 0.5625454
v -3.18899 0.4563652 1.07968
v -3.969894 0.1872579 0.5625455
v -3.559078 0.1872579 -0.06226806
v -3.559078 0.456365 -0.06226812
v -3.969895 0.456365 0.5625454
v -2.778173 0.1872581 0.4548666
v -3.559078 0.1872579 -0.06226806
v -3.969894 0.1872579 0.5625455
v -3.18899 0.1872582 1.07968
v -3.18899 0.4563652 1.07968
v -3.969895 0.456365 0.5625454
v -3.559078 0.456365 -0.06226812
v -2.778173 0.4563652 0.4548666
v -3.553324 -0.004530859 -0.07117712
v -2.772419 -0.004530531 0.4459572
v -2.772419 0.2645765 0.4459571
v -3.553324 0.2645762 -0.07117718
v -2.772419 -0.004530531 0.4459572
v -3.348768 -0.004530487 1.327108
v -3.348768 0.2645766 1.327108
v -2.772419 0.2645765 0.4459571
v -3.348768 -0.004530487 1.327108
v -4.129673 -0.004530814 0.8099732
v -4.129673 0.2645763 0.8099732
v -3.348768 0.2645766 1.327108
v -4.129673 -0.004530814 0.8099732
v -3.553324 -0.004530859 -0.07117712
v -3.553324 0.2645762 -0.07117718
v -4.129673 0.2645763 0.8099732
v -3.348768 0.2645766 1.327108
v -4.129673 0.2645763 0.8099732
v -3.553324 0.2645762 -0.07117718
v -2.772419 0.2645765 0.4459571
v 0.8726465 0.3502044 2.458749
v 1.653551 0.3502046 2.975883
v 1.653551 0.6193117 2.975883
v 0.8726464 0.6193113 2.458749
v 1.653551 0.3502046 2.975883
v 1.242735 0.3502046 3.600697
v 1.242735 0.6193117 3.600697
v 1.653551 0.6193117 2.975883
v 1.242735 0.3502046 3.600697
v 0.4618304 0.3502043 3.083563
v 0.4618303 0.6193114 3.083562
v 1.242735 0.6193117 3.600697
v 0.4618304 0.3502043 3.083563
v 0.8726465 0.3502044 2.458749
v 0.8726464 0.6193113 2.458749
v 0.4618303 0.6193114 3.083562
v 1.653551 0.3502046 2.975883
v 0.8726465 0.3502044 2.458749
v 0.4618304 0.3502043 3.083563
v 1.242735 0.3502046 3.600697
v 1.242735 0.6193117 3.600697
v 0.4618303 0.6193114 3.083562
v 0.8726464 0.6193113 2.458749
v 1.653551 0.6193117 2.975883
v 0.717329 0.1872593 2.699267
v 1.498234 0.1872595 3.216402
v 1.498234 0.4563665 3.216402
v 0.7173289 0.4563663 2.699267
v 1.498234 0.1872595 3.216402
v 1.087418 0.1872595 3.841215
v 1.087417 0.4563666 3.841215
v 1.498234 0.4563665 3.216402
v 1.087418 0.1872595 3.841215
v 0.3065128 0.1872593 3.324081
v 0.3065127 0.4563664 3.324081
v 1.087417 0.4563666 3.841215
v 0.3065128 0.1872593 3.324081
v 0.717329 0.1872593 2.699267
v 0.7173289 0.4563663 2.699267
v 0.3065127 0.4563664 3.324081
v 1.498234 0.1872595 3.216402
v 0.717329 0.1872593 2.699267
v 0.3065128 0.1872593 3.324081
v 1.087418 0.1872595 3.841215
v 1.087417 0.4563666 3.841215
v 0.3065127 0.4563664 3.324081
v 0.7173289 0.4563663 2.699267
v 1.498234 0.4563665 3.216402
v 0.6977777 -0.004529516 2.729548
v 1.478682 -0.004529297 3.246683
v 1.478683 0.2645778 3.246682
v 0.6977777 0.2645774 2.729548
v 1.478682 -0.004529297 3.246683
v 0.9276401 -0.004529254 4.088644
v 0.92764 0.2645778 4.088644
v 1.478683 0.2645778 3.246682
v 0.9276401 -0.004529254 4.088644
v 0.1467353 -0.004529472 3.57151
v 0.146736 0.2645775 3.571509
v 0.92764 0.2645778 4.088644
v 0.1467353 -0.004529472 3.57151
v 0.6977777 -0.004529516 2.729548
v 0.6977777 0.2645774 2.729548
v 0.146736 0.2645775 3.571509
v 0.92764 0.2645778 4.088644
v 0.146736 0.2645775 3.571509
v 0.6977777 0.2645774 2.729548
v 1.478683 0.2645778 3.246682
v -1.514671 0.001800293 0.6366375
v -1.324814 0.001800373 0.7623527
v -1.324815 1.168999 0.7623526
v -1.514672 1.168999 0.6366373
v -1.482026 0.001800385 1.001457
v -2.17076 0.00180044 2.061346
v -2.17076 0.3279401 2.061346
v -1.482026 1.168999 1.001457
v -1.324814 0.001800373 0.7623527
v -1.482026 1.168999 1.001457
v -1.324815 1.168999 0.7623526
v -2.17076 0.00180044 2.061346
v -2.360617 0.001800361 1.935631
v -2.360617 0.3279401 1.935631
v -2.17076 0.3279401 2.061346
v -1.671883 0.001800305 0.8757422
v -1.514671 0.001800293 0.6366375
v -1.514672 1.168999 0.6366373
v -1.671883 1.168999 0.875742
v -2.360617 0.001800361 1.935631
v -1.671883 1.168999 0.875742
v -2.360617 0.3279401 1.935631
v -1.482026 1.168999 1.001457
v -1.671883 1.168999 0.875742
v -1.514672 1.168999 0.6366373
v -1.324815 1.168999 0.7623526
v -2.17076 0.3279401 2.061346
v -2.360617 0.3279401 1.935631
v -1.671883 1.168999 0.875742
v -1.482026 1.168999 1.001457
v -0.2259638 0.001800611 1.468835
v -0.03610665 0.00180069 1.59455
v -0.03610696 1.169 1.59455
v -0.2259641 1.169 1.468835
v -0.1933184 0.001800702 1.833655
v -0.8820525 0.001800758 2.893543
v -0.8820525 0.3279405 2.893543
v -0.1933187 1.169 1.833654
v -0.03610665 0.00180069 1.59455
v -0.1933187 1.169 1.833654
v -0.03610696 1.169 1.59455
v -0.8820525 0.001800758 2.893543
v -1.071909 0.001800678 2.767828
v -1.07191 0.3279404 2.767828
v -0.8820525 0.3279405 2.893543
v -0.3831757 0.001800623 1.707939
v -0.2259638 0.001800611 1.468835
v -0.2259641 1.169 1.468835
v -0.383176 1.169 1.707939
v -1.071909 0.001800678 2.767828
v -0.383176 1.169 1.707939
v -1.07191 0.3279404 2.767828
v -0.1933187 1.169 1.833654
v -0.383176 1.169 1.707939
v -0.2259641 1.169 1.468835
v -0.03610696 1.169 1.59455
v -0.8820525 0.3279405 2.893543
v -1.07191 0.3279404 2.767828
v -0.383176 1.169 1.707939
v -0.1933187 1.169 1.833654
vt 0.4746094 0.7714844
vt 0.4731445 0.7875977
vt 0.4731445 0.7714844
vt 0.4746094 0.7875977
vt 0.4746094 0.7709961
vt 0.4748535 0.7871094
vt 0.4726563 0.7910156
vt 0.473877 0.7915039
vt 0.4741211 0.7915039
vt 0.4711914 0.7929688
vt 0.4726563 0.7905273
vt 0.4719238 0.7944336
vt 0.4711914 0.7929688
vt 0.4689941 0.7939453
vt 0.4689941 0.7958984
vt 0.4692383 0.7939453
vt 0.467041 0.7929688
vt 0.4663086 0.7944336
vt 0.467041 0.7929688
vt 0.4655762 0.7905273
vt 0.4655762 0.7905273
vt 0.4641113 0.7915039
vt 0.4650879 0.7875977
vt 0.4633789 0.7875977
vt 0.4648438 0.7709961
vt 0.463623 0.7709961
vt 0.4633789 0.7871094
vt 0.463623 0.7705078
vt 0.4633789 0.7871094
vt 0.4648438 0.7705078
vt 0.463623 0.7705078
vt 0.4648438 0.7875977
vt 0.4648438 0.7709961
vt 0.4650879 0.7875977
vt 0.4641113 0.7915039
vt 0.4633789 0.7875977
vt 0.4641113 0.7915039
vt 0.4655762 0.7905273
vt 0.4655762 0.7905273
vt 0.4663086 0.7944336
vt 0.4663086 0.7944336
vt 0.467041 0.7929688
vt 0.4692383 0.7954102
vt 0.4689941 0.7958984
vt 0.4692383 0.7939453
vt 0.4719238 0.7944336
vt 0.4719238 0.7944336
vt 0.4711914 0.7929688
vt 0.4741211 0.7915039
vt 0.473877 0.7915039
vt 0.4726563 0.7905273
vt 0.4748535 0.7871094
vt 0.4733887 0.7875977
vt 0.4746094 0.7709961
vt 0.4726563 0.7910156
vt 0.4733887 0.7705078
vt 0.4731445 0.7875977
vt 0.4731445 0.7714844
vt 0.4785156 0.7626953
vt 0.4760742 0.7915039
vt 0.4760742 0.7626953
vt 0.4787598 0.7910156
vt 0.4790039 0.7617188
vt 0.4758301 0.7949219
vt 0.4790039 0.7910156
vt 0.4780273 0.7954102
vt 0.4746094 0.7978516
vt 0.4782715 0.7958984
vt 0.4763184 0.7998047
vt 0.4765625 0.7998047
vt 0.4724121 0.7998047
vt 0.473877 0.8037109
vt 0.4733887 0.8032227
vt 0.4689941 0.8012695
vt 0.4692383 0.8081055
vt 0.4689941 0.8071289
vt 0.4760742 0.7915039
vt 0.4765625 0.7617188
vt 0.4760742 0.7626953
vt 0.4765625 0.7915039
vt 0.4790039 0.7617188
vt 0.4758301 0.7949219
vt 0.4790039 0.7910156
vt 0.4763184 0.7949219
vt 0.4746094 0.7978516
vt 0.4782715 0.7958984
vt 0.4748535 0.7983398
vt 0.4724121 0.7998047
vt 0.4765625 0.7998047
vt 0.4726563 0.800293
vt 0.4689941 0.8012695
vt 0.473877 0.8037109
vt 0.4692383 0.8017578
vt 0.4692383 0.8081055
vt 0.4645996 0.8037109
vt 0.4655762 0.800293
vt 0.4689941 0.8012695
vt 0.4616699 0.7998047
vt 0.4655762 0.7998047
vt 0.4633789 0.7983398
vt 0.4599609 0.7958984
vt 0.4633789 0.7978516
vt 0.4619141 0.7949219
vt 0.4592285 0.7910156
vt 0.4621582 0.7949219
vt 0.4616699 0.7915039
vt 0.4592285 0.7617188
vt 0.4619141 0.7915039
vt 0.4616699 0.7617188
vt 0.4619141 0.7626953
vt 0.4594727 0.7626953
vt 0.4619141 0.7626953
vt 0.4619141 0.7915039
vt 0.4592285 0.7910156
vt 0.4592285 0.7617188
vt 0.4621582 0.7949219
vt 0.4592285 0.7910156
vt 0.4599609 0.7954102
vt 0.4633789 0.7978516
vt 0.4599609 0.7958984
vt 0.4616699 0.7998047
vt 0.4616699 0.7998047
vt 0.4655762 0.7998047
vt 0.4645996 0.8037109
vt 0.4643555 0.8032227
vt 0.4689941 0.8012695
vt 0.4692383 0.8081055
vt 0.4689941 0.8071289
vt 0.4602051 0.7714844
vt 0.4621582 0.7714844
vt 0.4624023 0.7890625
vt 0.4604492 0.7890625
vt 0.4599609 0.7709961
vt 0.4631348 0.7919922
vt 0.4602051 0.7890625
vt 0.4611816 0.7924805
vt 0.4641113 0.7939453
vt 0.4609375 0.7924805
vt 0.4626465 0.7949219
vt 0.465332 0.7949219
vt 0.4624023 0.7949219
vt 0.4643555 0.7963867
vt 0.4641113 0.796875
vt 0.4682617 0.7958984
vt 0.4680176 0.7978516
vt 0.4682617 0.7978516
vt 0.4709473 0.7949219
vt 0.472168 0.7963867
vt 0.4719238 0.796875
vt 0.472168 0.7939453
vt 0.4736328 0.7949219
vt 0.4731445 0.7919922
vt 0.4750977 0.7929688
vt 0.473877 0.7890625
vt 0.4758301 0.7890625
vt 0.473877 0.7714844
vt 0.4758301 0.7714844
vt 0.4624023 0.7890625
vt 0.4621582 0.7714844
vt 0.4619141 0.7709961
vt 0.4621582 0.7890625
vt 0.4631348 0.7919922
vt 0.4604492 0.7709961
vt 0.4626465 0.7919922
vt 0.4641113 0.7939453
vt 0.4606934 0.7890625
vt 0.4599609 0.7709961
vt 0.4602051 0.7890625
vt 0.4614258 0.7924805
vt 0.4609375 0.7924805
vt 0.4638672 0.7939453
vt 0.465332 0.7949219
vt 0.4628906 0.7949219
vt 0.4624023 0.7949219
vt 0.4650879 0.7949219
vt 0.4682617 0.7958984
vt 0.4643555 0.7963867
vt 0.4641113 0.796875
vt 0.4680176 0.7958984
vt 0.4709473 0.7949219
vt 0.4680176 0.7973633
vt 0.4680176 0.7978516
vt 0.4709473 0.7949219
vt 0.472168 0.7939453
vt 0.4716797 0.7963867
vt 0.4719238 0.796875
vt 0.472168 0.7939453
vt 0.4731445 0.7919922
vt 0.4731445 0.7949219
vt 0.4731445 0.7924805
vt 0.473877 0.7890625
vt 0.473877 0.7890625
vt 0.473877 0.7714844
vt 0.473877 0.7709961
vt 0.4743652 0.7929688
vt 0.4753418 0.7890625
vt 0.4753418 0.7709961
vt 0.4736328 0.7949219
vt 0.4758301 0.7890625
vt 0.4758301 0.7709961
vt 0.4758301 0.7714844
vt 0.4758301 0.7890625
vt 0.4748535 0.7929688
vt 0.4750977 0.7929688
vt 0.4736328 0.7949219
vt 0.472168 0.7963867
vt 0.4536133 0.7641602
vt 0.4572754 0.7641602
vt 0.4577637 0.7944336
vt 0.4538574 0.7944336
vt 0.4528809 0.7631836
vt 0.458252 0.7978516
vt 0.4533691 0.7949219
vt 0.4550781 0.7988281
vt 0.4602051 0.8012695
vt 0.4545898 0.7998047
vt 0.4577637 0.8032227
vt 0.4572754 0.8037109
vt 0.4633789 0.8041992
vt 0.4614258 0.8076172
vt 0.4616699 0.8066406
vt 0.4682617 0.8071289
vt 0.4682617 0.8120117
vt 0.4682617 0.8105469
vt 0.4577637 0.7944336
vt 0.4572754 0.7641602
vt 0.456543 0.7631836
vt 0.4572754 0.7954102
vt 0.458252 0.7978516
vt 0.4555664 0.7631836
vt 0.4577637 0.7988281
vt 0.4602051 0.8012695
vt 0.4560547 0.7949219
vt 0.4538574 0.7631836
vt 0.4597168 0.8022461
vt 0.4633789 0.8041992
vt 0.4543457 0.7949219
vt 0.4528809 0.7631836
vt 0.4533691 0.7949219
vt 0.4567871 0.7993164
vt 0.4553223 0.7993164
vt 0.4545898 0.7998047
vt 0.4628906 0.8051758
vt 0.4682617 0.8071289
vt 0.4682617 0.8081055
vt 0.4589844 0.8027344
vt 0.4580078 0.8032227
vt 0.4572754 0.8037109
vt 0.4626465 0.8061523
vt 0.4619141 0.8071289
vt 0.4614258 0.8076172
vt 0.4682617 0.8095703
vt 0.4682617 0.8110352
vt 0.4682617 0.8120117
vt 0.4750977 0.8076172
vt 0.4746094 0.8071289
vt 0.4790039 0.8037109
vt 0.473877 0.8061523
vt 0.4785156 0.8032227
vt 0.4816895 0.7998047
vt 0.4733887 0.8051758
vt 0.4682617 0.8071289
vt 0.4731445 0.8041992
vt 0.480957 0.7993164
vt 0.4829102 0.7949219
vt 0.4775391 0.8027344
vt 0.4768066 0.8017578
vt 0.4763184 0.8012695
vt 0.4819336 0.7949219
vt 0.4831543 0.7631836
vt 0.4821777 0.7631836
vt 0.4794922 0.7988281
vt 0.4785156 0.7988281
vt 0.4782715 0.7978516
vt 0.4802246 0.7949219
vt 0.4807129 0.7631836
vt 0.479248 0.7949219
vt 0.4787598 0.7944336
vt 0.4794922 0.7631836
vt 0.4790039 0.7641602
vt 0.482666 0.7641602
vt 0.4787598 0.7944336
vt 0.4790039 0.7641602
vt 0.4824219 0.7944336
vt 0.4831543 0.7631836
vt 0.4782715 0.7978516
vt 0.4829102 0.7949219
vt 0.4812012 0.7988281
vt 0.4763184 0.8012695
vt 0.4816895 0.7998047
vt 0.4787598 0.8027344
vt 0.4790039 0.8037109
vt 0.4731445 0.8041992
vt 0.4750977 0.8076172
vt 0.4748535 0.8066406
vt 0.4682617 0.8071289
vt 0.4682617 0.8120117
vt 0.4682617 0.8105469
vt 0.4575195 0.7709961
vt 0.4602051 0.7709961
vt 0.4604492 0.7944336
vt 0.4575195 0.7944336
vt 0.4570313 0.7705078
vt 0.4616699 0.7988281
vt 0.4572754 0.7944336
vt 0.4589844 0.800293
vt 0.4626465 0.800293
vt 0.4587402 0.800293
vt 0.4606934 0.8022461
vt 0.4643555 0.8022461
vt 0.4602051 0.8027344
vt 0.4631348 0.8041992
vt 0.4626465 0.8046875
vt 0.4682617 0.8032227
vt 0.4680176 0.8061523
vt 0.4682617 0.8056641
vt 0.472168 0.8017578
vt 0.4736328 0.8041992
vt 0.4733887 0.8046875
vt 0.473877 0.800293
vt 0.4755859 0.8022461
vt 0.4755859 0.8022461
vt 0.4748535 0.7988281
vt 0.4772949 0.7998047
vt 0.4772949 0.800293
vt 0.4760742 0.7944336
vt 0.4787598 0.7944336
vt 0.4787598 0.7944336
vt 0.4760742 0.7709961
vt 0.4787598 0.7709961
vt 0.4787598 0.7944336
vt 0.4787598 0.7944336
vt 0.4787598 0.7709961
vt 0.4787598 0.7705078
vt 0.4782715 0.7705078
vt 0.4782715 0.7944336
vt 0.4772949 0.800293
vt 0.4770508 0.7705078
vt 0.4768066 0.800293
vt 0.4755859 0.8022461
vt 0.4770508 0.7949219
vt 0.4763184 0.7705078
vt 0.4753418 0.8022461
vt 0.4733887 0.8046875
vt 0.4760742 0.7949219
vt 0.4760742 0.7709961
vt 0.4760742 0.7944336
vt 0.4758301 0.7998047
vt 0.4748535 0.7993164
vt 0.4748535 0.7988281
vt 0.4731445 0.8041992
vt 0.4680176 0.8061523
vt 0.4743652 0.8012695
vt 0.473877 0.8007813
vt 0.473877 0.800293
vt 0.4680176 0.8056641
vt 0.4626465 0.8046875
vt 0.4724121 0.8032227
vt 0.4719238 0.8022461
vt 0.472168 0.8017578
vt 0.4628906 0.8041992
vt 0.4602051 0.8027344
vt 0.4680176 0.8046875
vt 0.4680176 0.8037109
vt 0.4682617 0.8032227
vt 0.4606934 0.8022461
vt 0.4587402 0.800293
vt 0.463623 0.8032227
vt 0.4641113 0.8027344
vt 0.4643555 0.8022461
vt 0.4592285 0.800293
vt 0.4572754 0.7944336
vt 0.4614258 0.8017578
vt 0.4621582 0.8007813
vt 0.4626465 0.800293
vt 0.4577637 0.7949219
vt 0.4570313 0.7705078
vt 0.4575195 0.7705078
vt 0.4602051 0.7998047
vt 0.4609375 0.7993164
vt 0.4616699 0.7988281
vt 0.4589844 0.7949219
vt 0.4587402 0.7705078
vt 0.4599609 0.7949219
vt 0.4604492 0.7944336
vt 0.4594727 0.7705078
vt 0.4602051 0.7709961
vt 0.09521484 0.7592773
vt 0.09527588 0.753418
vt 0.09332275 0.753418
vt 0.09320068 0.7602539
vt 0.0949707 0.7602539
vt 0.09136963 0.753418
vt 0.09466553 0.7607422
vt 0.09118652 0.7592773
vt 0.09417725 0.7612305
vt 0.09136963 0.7602539
vt 0.09313965 0.7617188
vt 0.09173584 0.7607422
vt 0.09216309 0.7612305
vt 0.4633789 0.7700195
vt 0.4648438 0.7700195
vt 0.4645996 0.784668
vt 0.4631348 0.784668
vt 0.4633789 0.7685547
vt 0.4631348 0.7836914
vt 0.4650879 0.7875977
vt 0.4645996 0.7836914
vt 0.4638672 0.7885742
vt 0.4650879 0.7871094
vt 0.4665527 0.7895508
vt 0.4658203 0.7910156
vt 0.4665527 0.7890625
vt 0.4685059 0.7905273
vt 0.4685059 0.7919922
vt 0.46875 0.7900391
vt 0.470459 0.7895508
vt 0.4711914 0.7910156
vt 0.4707031 0.7890625
vt 0.4719238 0.7875977
vt 0.472168 0.7866211
vt 0.4733887 0.7880859
vt 0.4724121 0.784668
vt 0.473877 0.7841797
vt 0.4733887 0.7875977
vt 0.4724121 0.7695313
vt 0.4741211 0.7836914
vt 0.473877 0.7695313
vt 0.473877 0.7685547
vt 0.4741211 0.7836914
vt 0.473877 0.7685547
vt 0.4726563 0.7685547
vt 0.4726563 0.7836914
vt 0.4724121 0.7695313
vt 0.4724121 0.784668
vt 0.4733887 0.7875977
vt 0.472168 0.7866211
vt 0.4719238 0.7875977
vt 0.4714355 0.7905273
vt 0.4733887 0.7880859
vt 0.4707031 0.7890625
vt 0.4711914 0.7910156
vt 0.46875 0.7915039
vt 0.4685059 0.7919922
vt 0.46875 0.7900391
vt 0.4658203 0.7910156
vt 0.4658203 0.7905273
vt 0.4665527 0.7890625
vt 0.4638672 0.7875977
vt 0.4638672 0.7885742
vt 0.4650879 0.7871094
vt 0.4631348 0.7836914
vt 0.4631348 0.784668
vt 0.4645996 0.7836914
vt 0.4633789 0.7685547
vt 0.4645996 0.7685547
vt 0.4645996 0.784668
vt 0.4648438 0.7700195
vt 0.4597168 0.7631836
vt 0.4619141 0.7631836
vt 0.4616699 0.7895508
vt 0.4592285 0.7890625
vt 0.4594727 0.7607422
vt 0.4619141 0.7924805
vt 0.4587402 0.7885742
vt 0.4599609 0.793457
vt 0.4631348 0.7954102
vt 0.4594727 0.7929688
vt 0.4616699 0.7973633
vt 0.4611816 0.7973633
vt 0.465332 0.7973633
vt 0.4638672 0.8012695
vt 0.4641113 0.8012695
vt 0.46875 0.7988281
vt 0.46875 0.8051758
vt 0.46875 0.8046875
vt 0.4616699 0.7895508
vt 0.4619141 0.7631836
vt 0.4616699 0.7607422
vt 0.4611816 0.7885742
vt 0.4594727 0.7607422
vt 0.4619141 0.7924805
vt 0.4587402 0.7885742
vt 0.4616699 0.7924805
vt 0.4631348 0.7954102
vt 0.4594727 0.7929688
vt 0.4628906 0.7954102
vt 0.465332 0.7973633
vt 0.4611816 0.7973633
vt 0.4650879 0.7973633
vt 0.46875 0.7988281
vt 0.4638672 0.8012695
vt 0.46875 0.7988281
vt 0.46875 0.8051758
vt 0.4733887 0.8012695
vt 0.472168 0.7973633
vt 0.46875 0.7988281
vt 0.4760742 0.7973633
vt 0.4719238 0.7973633
vt 0.4743652 0.7954102
vt 0.4777832 0.7929688
vt 0.4741211 0.7954102
vt 0.4758301 0.7924805
vt 0.4785156 0.7885742
vt 0.4753418 0.7924805
vt 0.4760742 0.7885742
vt 0.4780273 0.7607422
vt 0.4755859 0.7895508
vt 0.4755859 0.7607422
vt 0.4753418 0.7631836
vt 0.4775391 0.7631836
vt 0.4755859 0.7895508
vt 0.4753418 0.7631836
vt 0.4780273 0.7890625
vt 0.4780273 0.7607422
vt 0.4753418 0.7924805
vt 0.4785156 0.7885742
vt 0.4772949 0.793457
vt 0.4741211 0.7954102
vt 0.4777832 0.7929688
vt 0.4758301 0.7973633
vt 0.4760742 0.7973633
vt 0.4719238 0.7973633
vt 0.4733887 0.8012695
vt 0.4731445 0.8012695
vt 0.46875 0.7988281
vt 0.46875 0.8051758
vt 0.46875 0.8046875
vt 0.09417725 0.7583008
vt 0.09399414 0.753418
vt 0.09283447 0.7539063
vt 0.09301758 0.7587891
vt 0.09405518 0.7592773
vt 0.0916748 0.7539063
vt 0.09362793 0.7597656
vt 0.09179688 0.7583008
vt 0.09301758 0.7602539
vt 0.09197998 0.7592773
vt 0.09240723 0.7597656
vt 0.5400391 0.7543945
vt 0.5229492 0.7543945
vt 0.5229492 0.7631836
vt 0.5400391 0.7631836
vt 0.1223755 0.8237305
vt 0.06756592 0.8237305
vt 0.06713867 0.8520508
vt 0.1227417 0.8520508
vt 0.08374023 0.7944336
vt 0.09020996 0.7763672
vt 0.08392334 0.7758789
vt 0.09008789 0.7929688
vt 0.08453369 0.7973633
vt 0.09643555 0.7763672
vt 0.08685303 0.7998047
vt 0.09637451 0.7944336
vt 0.09002686 0.800293
vt 0.09552002 0.7973633
vt 0.09320068 0.7998047
vt 0.08325195 0.7944336
vt 0.09039307 0.7758789
vt 0.08398438 0.7758789
vt 0.08972168 0.793457
vt 0.08392334 0.7973633
vt 0.09674072 0.7758789
vt 0.08624268 0.7998047
vt 0.09613037 0.7944336
vt 0.08947754 0.8007813
vt 0.09521484 0.7973633
vt 0.09277344 0.7998047
vt 0.4914551 0.7661133
vt 0.4875488 0.7661133
vt 0.487793 0.7802734
vt 0.4919434 0.7895508
vt 0.4870605 0.7832031
vt 0.4887695 0.7895508
vt 0.484375 0.7856445
vt 0.4890137 0.8041992
vt 0.4921875 0.8041992
vt 0.486084 0.8041992
vt 0.4858398 0.7895508
vt 0.480957 0.7866211
vt 0.4812012 0.8041992
vt 0.480957 0.7895508
vt 0.4775391 0.7856445
vt 0.4765625 0.8041992
vt 0.4765625 0.7895508
vt 0.4748535 0.7832031
vt 0.4733887 0.8041992
vt 0.4733887 0.7895508
vt 0.473877 0.7802734
vt 0.4714355 0.7895508
vt 0.473877 0.7661133
vt 0.4714355 0.8041992
vt 0.4711914 0.7661133
vt 0.4682617 0.8041992
vt 0.4685059 0.7802734
vt 0.4685059 0.7661133
vt 0.4675293 0.7832031
vt 0.4682617 0.7895508
vt 0.4650879 0.8041992
vt 0.4648438 0.7856445
vt 0.465332 0.7895508
vt 0.4614258 0.8041992
vt 0.4614258 0.7866211
vt 0.4614258 0.7895508
vt 0.4567871 0.8041992
vt 0.4580078 0.7856445
vt 0.4570313 0.7895508
vt 0.4528809 0.8041992
vt 0.4555664 0.7832031
vt 0.4528809 0.7895508
vt 0.4443359 0.8041992
vt 0.4545898 0.7802734
vt 0.4445801 0.7895508
vt 0.454834 0.7661133
vt 0.4450684 0.7661133
vt 0.4445801 0.8037109
vt 0.4458008 0.7895508
vt 0.4455566 0.8032227
vt 0.4448242 0.7895508
vt 0.4443359 0.8041992
vt 0.4462891 0.7675781
vt 0.4445801 0.7895508
vt 0.4453125 0.7666016
vt 0.4450684 0.7661133
vt 0.2631836 0.7563477
vt 0.2631836 0.7602539
vt 0.2600098 0.7607422
vt 0.2600098 0.7563477
vt 0.2646484 0.7563477
vt 0.2666016 0.7563477
vt 0.2631836 0.7563477
vt 0.2600098 0.7563477
vt 0.2666016 0.7602539
vt 0.2646484 0.7607422
vt 0.2600098 0.7607422
vt 0.2631836 0.7602539
vt 0.3029785 0.7563477
vt 0.2600098 0.7563477
vt 0.2600098 0.7607422
vt 0.3029785 0.7607422
vt 0.2646484 0.7607422
vt 0.3024902 0.7607422
vt 0.3029785 0.7607422
vt 0.2600098 0.7607422
vt 0.2646484 0.7563477
vt 0.2600098 0.7563477
vt 0.3029785 0.7563477
vt 0.3024902 0.7563477
vt 0.4511719 0.7563477
vt 0.447998 0.7563477
vt 0.447998 0.7607422
vt 0.4511719 0.7602539
vt 0.4523926 0.7563477
vt 0.447998 0.7563477
vt 0.4511719 0.7563477
vt 0.4545898 0.7563477
vt 0.4545898 0.7602539
vt 0.4511719 0.7602539
vt 0.447998 0.7607422
vt 0.4523926 0.7607422
vt 0.4909668 0.7563477
vt 0.4909668 0.7607422
vt 0.447998 0.7607422
vt 0.447998 0.7563477
vt 0.4523926 0.7607422
vt 0.447998 0.7607422
vt 0.4909668 0.7607422
vt 0.4902344 0.7607422
vt 0.4523926 0.7563477
vt 0.4902344 0.7563477
vt 0.4909668 0.7563477
vt 0.447998 0.7563477
vt 0.1622314 0.8017578
vt 0.1595459 0.8041992
vt 0.1622314 0.8017578
vt 0.1618652 0.8017578
vt 0.1660156 0.7929688
vt 0.164917 0.7929688
vt 0.1695557 0.784668
vt 0.1610107 0.8017578
vt 0.1679688 0.784668
vt 0.1732178 0.7758789
vt 0.1630859 0.7929688
vt 0.1708984 0.7763672
vt 0.1779785 0.7646484
vt 0.1600342 0.8017578
vt 0.1650391 0.784668
vt 0.1749268 0.7651367
vt 0.1796875 0.7607422
vt 0.1762695 0.7612305
vt 0.1606445 0.7929688
vt 0.1668701 0.7763672
vt 0.1694336 0.765625
vt 0.1702881 0.7617188
vt 0.1612549 0.784668
vt 0.1589355 0.8017578
vt 0.1624756 0.765625
vt 0.1627197 0.762207
vt 0.1617432 0.7763672
vt 0.157959 0.7929688
vt 0.1550293 0.7661133
vt 0.1546631 0.762207
vt 0.15625 0.7768555
vt 0.1571045 0.784668
vt 0.157959 0.8017578
vt 0.1480713 0.765625
vt 0.1470947 0.762207
vt 0.1555176 0.7929688
vt 0.151001 0.7763672
vt 0.1533203 0.784668
vt 0.1571045 0.8017578
vt 0.1425781 0.765625
vt 0.1411133 0.7617188
vt 0.1536865 0.7929688
vt 0.1567383 0.8017578
vt 0.1567383 0.8017578
vt 0.1525879 0.7929688
vt 0.1525879 0.7929688
vt 0.1502686 0.784668
vt 0.1469727 0.7763672
vt 0.1486816 0.784668
vt 0.1485596 0.784668
vt 0.1446533 0.7763672
vt 0.1445313 0.7758789
vt 0.1394043 0.7651367
vt 0.1391602 0.7646484
vt 0.1376953 0.7612305
vt 0.1373291 0.7607422
vt 0.1799316 0.7602539
vt 0.1779785 0.7646484
vt 0.1796875 0.7607422
vt 0.1782227 0.7641602
vt 0.1767578 0.7597656
vt 0.1732178 0.7758789
vt 0.175415 0.7636719
vt 0.1707764 0.7592773
vt 0.1733398 0.7758789
vt 0.1695557 0.784668
vt 0.1697998 0.7636719
vt 0.1627197 0.7592773
vt 0.1711426 0.7753906
vt 0.1696777 0.7841797
vt 0.1660156 0.7929688
vt 0.1624756 0.7631836
vt 0.1539307 0.7592773
vt 0.1671143 0.7753906
vt 0.1660156 0.7929688
vt 0.1622314 0.8017578
vt 0.1622314 0.8017578
vt 0.1680908 0.7841797
vt 0.1544189 0.7636719
vt 0.1459961 0.7597656
vt 0.1650391 0.7929688
vt 0.1617432 0.7753906
vt 0.1650391 0.7841797
vt 0.1472168 0.7636719
vt 0.1402588 0.7602539
vt 0.1618652 0.8017578
vt 0.1595459 0.8041992
vt 0.1558838 0.7753906
vt 0.1630859 0.7929688
vt 0.1611328 0.7841797
vt 0.1418457 0.7641602
vt 0.1373291 0.7607422
vt 0.1391602 0.7646484
vt 0.1610107 0.8017578
vt 0.1505127 0.7753906
vt 0.1464844 0.7758789
vt 0.1445313 0.7758789
vt 0.1605225 0.7929688
vt 0.1568604 0.7841797
vt 0.1500244 0.7841797
vt 0.1485596 0.784668
vt 0.1529541 0.7841797
vt 0.1600342 0.8017578
vt 0.1578369 0.7929688
vt 0.1535645 0.7929688
vt 0.1525879 0.7929688
vt 0.1553955 0.7929688
vt 0.1589355 0.8017578
vt 0.157959 0.8017578
vt 0.1571045 0.8017578
vt 0.1567383 0.8017578
vt 0.4506836 0.7988281
vt 0.4516602 0.8032227
vt 0.4506836 0.8032227
vt 0.4519043 0.7983398
vt 0.4511719 0.7685547
vt 0.4558105 0.8027344
vt 0.4521484 0.769043
vt 0.4511719 0.7651367
vt 0.4558105 0.7983398
vt 0.4616699 0.8027344
vt 0.4616699 0.7983398
vt 0.4689941 0.8027344
vt 0.4560547 0.7695313
vt 0.4689941 0.7983398
vt 0.4763184 0.8027344
vt 0.4523926 0.765625
vt 0.4621582 0.7700195
vt 0.4763184 0.7983398
vt 0.4829102 0.8027344
vt 0.4562988 0.7661133
vt 0.4692383 0.7705078
vt 0.4829102 0.7983398
vt 0.487793 0.8027344
vt 0.4621582 0.7666016
vt 0.4768066 0.7705078
vt 0.4880371 0.7983398
vt 0.4904785 0.8027344
vt 0.4904785 0.7983398
vt 0.4694824 0.7670898
vt 0.4768066 0.7670898
vt 0.4833984 0.7705078
vt 0.4882813 0.7700195
vt 0.4907227 0.7695313
vt 0.4833984 0.7670898
vt 0.4882813 0.7670898
vt 0.4907227 0.7661133
vt 0.453125 0.7646484
vt 0.4904785 0.765625
vt 0.458252 0.7641602
vt 0.4873047 0.7651367
vt 0.4655762 0.7641602
vt 0.4812012 0.7646484
vt 0.4736328 0.7641602
vt 0.4904785 0.7983398
vt 0.4902344 0.8032227
vt 0.4904785 0.8027344
vt 0.4902344 0.7983398
vt 0.4907227 0.7695313
vt 0.4868164 0.8032227
vt 0.4904785 0.769043
vt 0.4907227 0.7661133
vt 0.4904785 0.765625
vt 0.4868164 0.7988281
vt 0.480957 0.8032227
vt 0.4873047 0.7685547
vt 0.4873047 0.7651367
vt 0.480957 0.7988281
vt 0.4731445 0.8032227
vt 0.4812012 0.7680664
vt 0.4812012 0.7646484
vt 0.4731445 0.7988281
vt 0.4648438 0.8032227
vt 0.4736328 0.7675781
vt 0.4736328 0.7641602
vt 0.4650879 0.7988281
vt 0.4577637 0.8032227
vt 0.465332 0.7675781
vt 0.4655762 0.7641602
vt 0.4577637 0.7988281
vt 0.4526367 0.8032227
vt 0.458252 0.7675781
vt 0.458252 0.7641602
vt 0.4526367 0.7988281
vt 0.4506836 0.8032227
vt 0.4506836 0.7988281
vt 0.453125 0.7680664
vt 0.453125 0.7646484
vt 0.4511719 0.7685547
vt 0.4511719 0.7651367
vt 0.06933594 0.8344727
vt 0.07202148 0.8339844
vt 0.06933594 0.8344727
vt 0.07202148 0.8344727
vt 0.06933594 0.8369141
vt 0.07849121 0.8334961
vt 0.07202148 0.8369141
vt 0.06933594 0.8378906
vt 0.07849121 0.8339844
vt 0.08782959 0.8334961
vt 0.08782959 0.8339844
vt 0.09820557 0.8334961
vt 0.07849121 0.8364258
vt 0.09820557 0.8339844
vt 0.1077881 0.8339844
vt 0.07202148 0.8374023
vt 0.08782959 0.8364258
vt 0.1077881 0.8344727
vt 0.1148071 0.8344727
vt 0.07849121 0.8374023
vt 0.09820557 0.8364258
vt 0.1148071 0.8349609
vt 0.1183472 0.8349609
vt 0.1183472 0.8349609
vt 0.1077881 0.8369141
vt 0.1148071 0.8369141
vt 0.1183472 0.8374023
vt 0.08782959 0.8374023
vt 0.09820557 0.8374023
vt 0.1077881 0.8374023
vt 0.1148071 0.8378906
vt 0.1183472 0.8383789
vt 0.08496094 0.8378906
vt 0.09057617 0.8378906
vt 0.08099365 0.8378906
vt 0.09680176 0.8378906
vt 0.1025391 0.8378906
vt 0.07922363 0.8378906
vt 0.1069336 0.8378906
vt 0.109314 0.8383789
vt 0.07989502 0.8383789
vt 0.1182251 0.8383789
vt 0.07067871 0.8383789
vt 0.109375 0.8383789
vt 0.08270264 0.8383789
vt 0.1147461 0.8388672
vt 0.07550049 0.8383789
vt 0.1072998 0.8383789
vt 0.08721924 0.8383789
vt 0.1085205 0.8388672
vt 0.08282471 0.8388672
vt 0.1033936 0.8388672
vt 0.09265137 0.8388672
vt 0.1004028 0.8388672
vt 0.0914917 0.8388672
vt 0.09832764 0.8388672
vt 0.07067871 0.8383789
vt 0.06933594 0.8378906
vt 0.06933594 0.8369141
vt 0.07067871 0.8374023
vt 0.07550049 0.8383789
vt 0.06933594 0.8344727
vt 0.07550049 0.8378906
vt 0.08282471 0.8388672
vt 0.07067871 0.8349609
vt 0.06933594 0.8344727
vt 0.08282471 0.8378906
vt 0.0914917 0.8388672
vt 0.07550049 0.8354492
vt 0.0914917 0.8383789
vt 0.1004028 0.8388672
vt 0.07067871 0.8344727
vt 0.08282471 0.8359375
vt 0.1004028 0.8383789
vt 0.1085205 0.8388672
vt 0.07550049 0.8349609
vt 0.0914917 0.8359375
vt 0.1085205 0.8383789
vt 0.1147461 0.8388672
vt 0.08282471 0.8354492
vt 0.1004028 0.8359375
vt 0.1147461 0.8378906
vt 0.1182251 0.8383789
vt 0.0914917 0.8354492
vt 0.1084595 0.8359375
vt 0.1182251 0.8378906
vt 0.1183472 0.8383789
vt 0.1183472 0.8374023
vt 0.1147461 0.8359375
vt 0.1182251 0.8354492
vt 0.1183472 0.8349609
vt 0.1004028 0.8359375
vt 0.1084595 0.8354492
vt 0.1147461 0.8354492
vt 0.1182251 0.8349609
vt 0.1183472 0.8349609
vt 0.09228516 0.8354492
vt 0.08587646 0.8354492
vt 0.09893799 0.8354492
vt 0.1049194 0.8354492
vt 0.08056641 0.8349609
vt 0.1094971 0.8354492
vt 0.1119995 0.8349609
vt 0.07714844 0.8344727
vt 0.1119995 0.8349609
vt 0.1148071 0.8344727
vt 0.07635498 0.8344727
vt 0.1092529 0.8344727
vt 0.1077881 0.8339844
vt 0.07836914 0.8339844
vt 0.1040649 0.8339844
vt 0.07202148 0.8339844
vt 0.09820557 0.8334961
vt 0.08312988 0.8339844
vt 0.097229 0.8339844
vt 0.07849121 0.8334961
vt 0.08782959 0.8334961
vt 0.08978271 0.8339844
vt 0.1408691 0.7607422
vt 0.1397705 0.7636719
vt 0.1380615 0.7602539
vt 0.142334 0.7641602
vt 0.1463623 0.7612305
vt 0.1447754 0.7753906
vt 0.1473389 0.7646484
vt 0.1536865 0.7612305
vt 0.1466064 0.7753906
vt 0.1484375 0.7836914
vt 0.1540527 0.7651367
vt 0.1618652 0.7617188
vt 0.1502686 0.7758789
vt 0.1497803 0.7841797
vt 0.1522217 0.7924805
vt 0.1616211 0.7651367
vt 0.1695557 0.7612305
vt 0.1552734 0.7758789
vt 0.1529541 0.7924805
vt 0.1560059 0.8012695
vt 0.1524658 0.7841797
vt 0.1687012 0.7651367
vt 0.1760254 0.7612305
vt 0.1563721 0.8012695
vt 0.1588135 0.8037109
vt 0.1608887 0.7758789
vt 0.1547852 0.7924805
vt 0.1561279 0.7841797
vt 0.1745605 0.7646484
vt 0.1800537 0.7607422
vt 0.1571045 0.8012695
vt 0.1661377 0.7758789
vt 0.1571045 0.7924805
vt 0.1602783 0.7841797
vt 0.1783447 0.7646484
vt 0.1811523 0.7602539
vt 0.1793213 0.7641602
vt 0.1580811 0.8012695
vt 0.1705322 0.7758789
vt 0.1732178 0.7758789
vt 0.1739502 0.7753906
vt 0.15979 0.7924805
vt 0.1641846 0.7841797
vt 0.1694336 0.7841797
vt 0.1699219 0.7841797
vt 0.1674805 0.7841797
vt 0.1591797 0.8012695
vt 0.1622314 0.7924805
vt 0.1655273 0.7924805
vt 0.1658936 0.7924805
vt 0.1643066 0.7924805
vt 0.1601563 0.8012695
vt 0.1610107 0.8012695
vt 0.161499 0.8012695
vt 0.1616211 0.8012695
vt 0.178833 0.7592773
vt 0.1793213 0.7641602
vt 0.1811523 0.7602539
vt 0.1772461 0.7636719
vt 0.173584 0.7587891
vt 0.1739502 0.7753906
vt 0.1723633 0.7631836
vt 0.1660156 0.7587891
vt 0.1723633 0.7753906
vt 0.1699219 0.7841797
vt 0.1654053 0.7626953
vt 0.1572266 0.7583008
vt 0.1687012 0.7749023
vt 0.1687012 0.7836914
vt 0.1658936 0.7924805
vt 0.1573486 0.7626953
vt 0.1489258 0.7587891
vt 0.1635742 0.7749023
vt 0.1650391 0.7924805
vt 0.1616211 0.8012695
vt 0.1660156 0.7836914
vt 0.1496582 0.7626953
vt 0.142334 0.7587891
vt 0.161377 0.8012695
vt 0.1588135 0.8037109
vt 0.1577148 0.7749023
vt 0.1633301 0.7924805
vt 0.1622314 0.7836914
vt 0.1436768 0.7631836
vt 0.1385498 0.7592773
vt 0.1606445 0.8012695
vt 0.1520996 0.7749023
vt 0.1610107 0.7924805
vt 0.157959 0.7836914
vt 0.1402588 0.7631836
vt 0.1380615 0.7602539
vt 0.1397705 0.7636719
vt 0.159668 0.8012695
vt 0.1477051 0.7749023
vt 0.1451416 0.7749023
vt 0.1447754 0.7753906
vt 0.1583252 0.7924805
vt 0.1539307 0.7836914
vt 0.1488037 0.7836914
vt 0.1484375 0.7836914
vt 0.1506348 0.7836914
vt 0.1585693 0.8012695
vt 0.1556396 0.7924805
vt 0.1523438 0.7924805
vt 0.1522217 0.7924805
vt 0.1535645 0.7924805
vt 0.1574707 0.8012695
vt 0.1566162 0.8012695
vt 0.1561279 0.8012695
vt 0.1560059 0.8012695
vt 0.4904785 0.7983398
vt 0.4902344 0.8032227
vt 0.4904785 0.8032227
vt 0.4902344 0.7988281
vt 0.4904785 0.769043
vt 0.4870605 0.8032227
vt 0.4902344 0.7685547
vt 0.4904785 0.7661133
vt 0.4899902 0.7651367
vt 0.4870605 0.7988281
vt 0.4812012 0.8032227
vt 0.4868164 0.7680664
vt 0.4868164 0.7646484
vt 0.4812012 0.7988281
vt 0.473877 0.8032227
vt 0.480957 0.7675781
vt 0.480957 0.7641602
vt 0.4736328 0.7988281
vt 0.4658203 0.8032227
vt 0.4736328 0.7675781
vt 0.4736328 0.7641602
vt 0.4658203 0.7988281
vt 0.4589844 0.8032227
vt 0.4658203 0.7675781
vt 0.4658203 0.7641602
vt 0.4589844 0.7988281
vt 0.4543457 0.8032227
vt 0.4589844 0.7680664
vt 0.4589844 0.7646484
vt 0.4543457 0.7988281
vt 0.4523926 0.8032227
vt 0.4523926 0.7983398
vt 0.4543457 0.7685547
vt 0.4543457 0.7651367
vt 0.4523926 0.769043
vt 0.4523926 0.7661133
vt 0.4523926 0.7983398
vt 0.4536133 0.8027344
vt 0.4523926 0.8032227
vt 0.4533691 0.7983398
vt 0.4523926 0.769043
vt 0.4570313 0.8027344
vt 0.4533691 0.7695313
vt 0.4523926 0.7661133
vt 0.4570313 0.7983398
vt 0.4626465 0.8027344
vt 0.4626465 0.7983398
vt 0.4694824 0.8027344
vt 0.4570313 0.7700195
vt 0.4694824 0.7983398
vt 0.4765625 0.8027344
vt 0.4533691 0.7666016
vt 0.4626465 0.7705078
vt 0.4765625 0.7983398
vt 0.4831543 0.8027344
vt 0.4570313 0.7670898
vt 0.4694824 0.7705078
vt 0.4831543 0.7983398
vt 0.4880371 0.8027344
vt 0.4626465 0.7670898
vt 0.4694824 0.7675781
vt 0.4765625 0.7705078
vt 0.4765625 0.7675781
vt 0.4880371 0.7983398
vt 0.4904785 0.8032227
vt 0.4904785 0.7983398
vt 0.4829102 0.7700195
vt 0.4829102 0.7670898
vt 0.4543457 0.7651367
vt 0.487793 0.7695313
vt 0.4904785 0.769043
vt 0.487793 0.7666016
vt 0.4589844 0.7646484
vt 0.4904785 0.7661133
vt 0.4658203 0.7641602
vt 0.4899902 0.7651367
vt 0.4736328 0.7641602
vt 0.4868164 0.7646484
vt 0.480957 0.7641602
vt 0.06994629 0.8354492
vt 0.07281494 0.8344727
vt 0.06994629 0.8349609
vt 0.07281494 0.8349609
vt 0.06994629 0.8378906
vt 0.07904053 0.8344727
vt 0.07281494 0.8374023
vt 0.06994629 0.8383789
vt 0.07904053 0.8344727
vt 0.08776855 0.8339844
vt 0.08776855 0.8344727
vt 0.09753418 0.8339844
vt 0.07904053 0.8369141
vt 0.09753418 0.8344727
vt 0.1064453 0.8339844
vt 0.07281494 0.8383789
vt 0.08776855 0.8369141
vt 0.1064453 0.8344727
vt 0.112915 0.8344727
vt 0.07904053 0.8378906
vt 0.09753418 0.8369141
vt 0.112915 0.8349609
vt 0.1159668 0.8349609
vt 0.1159668 0.8349609
vt 0.1064453 0.8369141
vt 0.112915 0.8369141
vt 0.1159668 0.8374023
vt 0.08776855 0.8378906
vt 0.09753418 0.8374023
vt 0.1064453 0.8378906
vt 0.112915 0.8378906
vt 0.1159668 0.8383789
vt 0.08447266 0.8378906
vt 0.08972168 0.8378906
vt 0.08056641 0.8383789
vt 0.09558105 0.8378906
vt 0.1009521 0.8378906
vt 0.07867432 0.8383789
vt 0.1049194 0.8383789
vt 0.1069336 0.8383789
vt 0.07897949 0.8388672
vt 0.1152954 0.8383789
vt 0.07067871 0.8388672
vt 0.1066895 0.8383789
vt 0.08123779 0.8388672
vt 0.1113281 0.8388672
vt 0.07452393 0.8388672
vt 0.1043701 0.8388672
vt 0.08514404 0.8388672
vt 0.1049194 0.8388672
vt 0.08081055 0.8393555
vt 0.1004028 0.8388672
vt 0.09008789 0.8388672
vt 0.09698486 0.8393555
vt 0.08862305 0.8393555
vt 0.09539795 0.8388672
vt 0.07067871 0.8388672
vt 0.06994629 0.8383789
vt 0.06994629 0.8378906
vt 0.07067871 0.8378906
vt 0.07452393 0.8388672
vt 0.06994629 0.8354492
vt 0.07452393 0.8383789
vt 0.08081055 0.8393555
vt 0.07067871 0.8359375
vt 0.06994629 0.8349609
vt 0.08081055 0.8383789
vt 0.08862305 0.8393555
vt 0.07452393 0.8359375
vt 0.08862305 0.8383789
vt 0.09698486 0.8393555
vt 0.07067871 0.8354492
vt 0.08081055 0.8364258
vt 0.09698486 0.8383789
vt 0.1049194 0.8388672
vt 0.07452393 0.8359375
vt 0.08862305 0.8364258
vt 0.1049194 0.8383789
vt 0.1113281 0.8388672
vt 0.08081055 0.8359375
vt 0.09698486 0.8364258
vt 0.1113281 0.8378906
vt 0.1152954 0.8383789
vt 0.08862305 0.8359375
vt 0.1049194 0.8359375
vt 0.1152954 0.8378906
vt 0.1159668 0.8383789
vt 0.1159668 0.8374023
vt 0.1113281 0.8359375
vt 0.1152954 0.8354492
vt 0.1159668 0.8349609
vt 0.09698486 0.8359375
vt 0.1049194 0.8359375
vt 0.1152954 0.8349609
vt 0.1159668 0.8349609
vt 0.1113281 0.8354492
vt 0.08966064 0.8359375
vt 0.0838623 0.8359375
vt 0.09588623 0.8359375
vt 0.1017456 0.8354492
vt 0.07922363 0.8354492
vt 0.1064453 0.8354492
vt 0.1091919 0.8349609
vt 0.07647705 0.8354492
vt 0.1095581 0.8349609
vt 0.07611084 0.8349609
vt 0.112915 0.8344727
vt 0.1072388 0.8344727
vt 0.07830811 0.8349609
vt 0.1064453 0.8339844
vt 0.07281494 0.8344727
vt 0.1025391 0.8344727
vt 0.08288574 0.8344727
vt 0.09753418 0.8339844
vt 0.07904053 0.8344727
vt 0.09613037 0.8344727
vt 0.08917236 0.8344727
vt 0.08776855 0.8339844
vt 0.1657715 0.7885742
vt 0.1630859 0.7900391
vt 0.1635742 0.7900391
vt 0.1650391 0.7885742
vt 0.1676025 0.7871094
vt 0.1618652 0.7900391
vt 0.166748 0.7871094
vt 0.1691895 0.784668
vt 0.1633301 0.7885742
vt 0.1601563 0.7900391
vt 0.1680908 0.784668
vt 0.1702881 0.7822266
vt 0.1645508 0.7871094
vt 0.1607666 0.7885742
vt 0.1582031 0.7900391
vt 0.1691895 0.7822266
vt 0.1708984 0.7792969
vt 0.1655273 0.784668
vt 0.161377 0.7866211
vt 0.157959 0.7885742
vt 0.1563721 0.7900391
vt 0.1696777 0.7792969
vt 0.1710205 0.7768555
vt 0.1662598 0.7817383
vt 0.1617432 0.784668
vt 0.1577148 0.7866211
vt 0.1552734 0.7885742
vt 0.1549072 0.7900391
vt 0.1697998 0.7763672
vt 0.1706543 0.7739258
vt 0.166626 0.7788086
vt 0.1621094 0.7817383
vt 0.1574707 0.784668
vt 0.1541748 0.7871094
vt 0.1530762 0.7885742
vt 0.1540527 0.7900391
vt 0.1694336 0.7734375
vt 0.1690674 0.7709961
vt 0.166748 0.7758789
vt 0.1622314 0.7788086
vt 0.1572266 0.7817383
vt 0.1533203 0.784668
vt 0.1514893 0.7871094
vt 0.1518555 0.7885742
vt 0.1539307 0.7900391
vt 0.1517334 0.7885742
vt 0.1500244 0.7871094
vt 0.1499023 0.7871094
vt 0.1501465 0.784668
vt 0.1484375 0.784668
vt 0.1483154 0.784668
vt 0.15271 0.7817383
vt 0.1491699 0.7822266
vt 0.1472168 0.7822266
vt 0.1470947 0.7822266
vt 0.1571045 0.7788086
vt 0.1522217 0.7788086
vt 0.1485596 0.7792969
vt 0.1464844 0.7792969
vt 0.1463623 0.7797852
vt 0.1622314 0.7758789
vt 0.1569824 0.7758789
vt 0.1520996 0.7758789
vt 0.1483154 0.7763672
vt 0.1462402 0.7768555
vt 0.1461182 0.7768555
vt 0.1663818 0.7729492
vt 0.1619873 0.7729492
vt 0.1569824 0.7729492
vt 0.1520996 0.7734375
vt 0.1484375 0.7734375
vt 0.1464844 0.7739258
vt 0.1463623 0.7744141
vt 0.1679688 0.7709961
vt 0.1677246 0.7685547
vt 0.1652832 0.7705078
vt 0.166748 0.7685547
vt 0.1668701 0.7666016
vt 0.1658936 0.7661133
vt 0.1644287 0.7680664
vt 0.1638184 0.7661133
vt 0.161499 0.7705078
vt 0.1610107 0.7680664
vt 0.1606445 0.765625
vt 0.1569824 0.7705078
vt 0.1571045 0.7680664
vt 0.1571045 0.7661133
vt 0.152832 0.7705078
vt 0.1534424 0.7680664
vt 0.1538086 0.7661133
vt 0.1495361 0.7709961
vt 0.1478271 0.7714844
vt 0.1505127 0.7685547
vt 0.151123 0.7666016
vt 0.1489258 0.769043
vt 0.1496582 0.7666016
vt 0.1488037 0.769043
vt 0.1495361 0.7670898
vt 0.1478271 0.7714844
vt 0.1463623 0.7744141
vt 0.1464844 0.7739258
vt 0.1477051 0.7714844
vt 0.1489258 0.769043
vt 0.1488037 0.769043
vt 0.1479492 0.7744141
vt 0.1490479 0.7719727
vt 0.1478271 0.7773438
vt 0.1461182 0.7768555
vt 0.1500244 0.7695313
vt 0.1495361 0.7670898
vt 0.1506348 0.7675781
vt 0.1524658 0.7700195
vt 0.152832 0.7675781
vt 0.1517334 0.7724609
vt 0.151001 0.7749023
vt 0.1556396 0.7700195
vt 0.1557617 0.7680664
vt 0.1552734 0.7724609
vt 0.1590576 0.7700195
vt 0.1589355 0.7680664
vt 0.1508789 0.7773438
vt 0.1550293 0.7749023
vt 0.1593018 0.7724609
vt 0.1624756 0.7700195
vt 0.1621094 0.7675781
vt 0.1550293 0.7773438
vt 0.1595459 0.7749023
vt 0.1630859 0.7719727
vt 0.1652832 0.7695313
vt 0.1646729 0.7675781
vt 0.1595459 0.7773438
vt 0.1638184 0.7749023
vt 0.1662598 0.7719727
vt 0.1672363 0.769043
vt 0.1663818 0.7670898
vt 0.1677246 0.7685547
vt 0.1668701 0.7666016
vt 0.1690674 0.7709961
vt 0.168457 0.7714844
vt 0.1706543 0.7739258
vt 0.1697998 0.7744141
vt 0.1710205 0.7768555
vt 0.1674805 0.7744141
vt 0.170166 0.7768555
vt 0.1708984 0.7792969
vt 0.1677246 0.7773438
vt 0.1700439 0.7797852
vt 0.1702881 0.7822266
vt 0.1640625 0.7773438
vt 0.1677246 0.7797852
vt 0.1695557 0.7822266
vt 0.1691895 0.784668
vt 0.1639404 0.7802734
vt 0.1672363 0.7822266
vt 0.1685791 0.784668
vt 0.1676025 0.7871094
vt 0.159668 0.7802734
vt 0.1638184 0.7827148
vt 0.1665039 0.784668
vt 0.1671143 0.7871094
vt 0.1657715 0.7885742
vt 0.1551514 0.7802734
vt 0.159668 0.7827148
vt 0.1633301 0.784668
vt 0.1654053 0.7871094
vt 0.1654053 0.7885742
vt 0.1635742 0.7900391
vt 0.151123 0.7802734
vt 0.1553955 0.7827148
vt 0.159668 0.7851563
vt 0.1627197 0.7871094
vt 0.1640625 0.7885742
vt 0.1480713 0.7797852
vt 0.1463623 0.7797852
vt 0.1516113 0.7827148
vt 0.1486816 0.7822266
vt 0.1470947 0.7822266
vt 0.1557617 0.7851563
vt 0.1595459 0.7871094
vt 0.1496582 0.784668
vt 0.1483154 0.784668
vt 0.1522217 0.7851563
vt 0.151001 0.7871094
vt 0.1499023 0.7871094
vt 0.15625 0.7871094
vt 0.1531982 0.7871094
vt 0.1619873 0.7885742
vt 0.1525879 0.7885742
vt 0.1517334 0.7885742
vt 0.1594238 0.7885742
vt 0.1544189 0.7885742
vt 0.1567383 0.7885742
vt 0.154541 0.7900391
vt 0.1539307 0.7900391
vt 0.1557617 0.7900391
vt 0.1573486 0.7900391
vt 0.1591797 0.7900391
vt 0.1610107 0.7900391
vt 0.1624756 0.7900391
vt 0.1634521 0.7900391
vt 0.1566162 0.7900391
vt 0.1572266 0.7900391
vt 0.1586914 0.7900391
vt 0.15625 0.7900391
vt 0.1540527 0.7900391
vt 0.1580811 0.7900391
vt 0.1563721 0.7900391
vt 0.1549072 0.7900391
vt 0.1590576 0.7900391
vt 0.1568604 0.7900391
vt 0.1563721 0.7900391
vt 0.1599121 0.7900391
vt 0.1575928 0.7900391
vt 0.1606445 0.7900391
vt 0.1582031 0.7900391
vt 0.1584473 0.7900391
vt 0.1601563 0.7900391
vt 0.1611328 0.7900391
vt 0.1594238 0.7900391
vt 0.1618652 0.7900391
vt 0.1612549 0.7900391
vt 0.1602783 0.7900391
vt 0.1630859 0.7900391
vt 0.1610107 0.7900391
vt 0.1052246 0.8354492
vt 0.09924316 0.8427734
vt 0.1052246 0.840332
vt 0.09924316 0.8374023
vt 0.08563232 0.8427734
vt 0.1052246 0.8344727
vt 0.08563232 0.8374023
vt 0.07904053 0.8408203
vt 0.07897949 0.8359375
vt 0.09924316 0.8364258
vt 0.08563232 0.8364258
vt 0.07897949 0.8349609
vt 0.09820557 0.8325195
vt 0.08557129 0.8330078
vt 0.1052246 0.840332
vt 0.09924316 0.8427734
vt 0.08563232 0.8427734
vt 0.09820557 0.8388672
vt 0.07904053 0.8408203
vt 0.09820557 0.8334961
vt 0.1052246 0.8354492
vt 0.08557129 0.8388672
vt 0.07897949 0.8359375
vt 0.08557129 0.8339844
vt 0.07897949 0.8349609
vt 0.08557129 0.8330078
vt 0.09820557 0.8325195
vt 0.1052246 0.8344727
vt 0.1352539 0.7666016
vt 0.1343994 0.769043
vt 0.1346436 0.7739258
vt 0.135376 0.7714844
vt 0.1397705 0.7641602
vt 0.1357422 0.7788086
vt 0.1398926 0.7695313
vt 0.1473389 0.7626953
vt 0.1364746 0.7768555
vt 0.1376953 0.7832031
vt 0.1473389 0.7680664
vt 0.1568604 0.762207
vt 0.1407471 0.7749023
vt 0.1384277 0.78125
vt 0.1405029 0.7871094
vt 0.1567383 0.7675781
vt 0.166626 0.7626953
vt 0.1478271 0.7734375
vt 0.142334 0.7797852
vt 0.1412354 0.7856445
vt 0.144043 0.7905273
vt 0.1663818 0.7680664
vt 0.1746826 0.7641602
vt 0.1567383 0.7729492
vt 0.1486816 0.7788086
vt 0.1445313 0.7841797
vt 0.1743164 0.7695313
vt 0.1798096 0.7666016
vt 0.1657715 0.7734375
vt 0.1567383 0.7783203
vt 0.1794434 0.7714844
vt 0.1813965 0.769043
vt 0.1810303 0.7739258
vt 0.1733398 0.7749023
vt 0.1782227 0.7768555
vt 0.1796875 0.7788086
vt 0.1647949 0.7788086
vt 0.1500244 0.7836914
vt 0.1761475 0.78125
vt 0.1774902 0.7832031
vt 0.1716309 0.7797852
vt 0.1567383 0.7832031
vt 0.1733398 0.7856445
vt 0.1745605 0.7871094
vt 0.1694336 0.7841797
vt 0.1636963 0.7836914
vt 0.1472168 0.7885742
vt 0.1516113 0.7875977
vt 0.1568604 0.7875977
vt 0.1622314 0.7875977
vt 0.1668701 0.7885742
vt 0.1697998 0.7895508
vt 0.1446533 0.7890625
vt 0.1708984 0.7905273
vt 0.1732178 0.7885742
vt 0.1699219 0.7915039
vt 0.166626 0.7929688
vt 0.1660156 0.793457
vt 0.1658936 0.7919922
vt 0.1638184 0.7915039
vt 0.1606445 0.7910156
vt 0.1569824 0.7910156
vt 0.1533203 0.7910156
vt 0.1503906 0.7915039
vt 0.1485596 0.7919922
vt 0.1480713 0.7929688
vt 0.1490479 0.793457
vt 0.1453857 0.7915039
vt 0.1530762 0.7949219
vt 0.1525879 0.7944336
vt 0.1573486 0.7949219
vt 0.1541748 0.7949219
vt 0.1557617 0.7954102
vt 0.1575928 0.7954102
vt 0.1593018 0.7954102
vt 0.1607666 0.7949219
vt 0.152832 0.7939453
vt 0.1617432 0.7949219
vt 0.1538086 0.793457
vt 0.1640625 0.7939453
vt 0.1552734 0.793457
vt 0.1621094 0.7944336
vt 0.1571045 0.793457
vt 0.1617432 0.7939453
vt 0.1590576 0.793457
vt 0.1606445 0.793457
vt 0.1405029 0.7871094
vt 0.1453857 0.7915039
vt 0.144043 0.7905273
vt 0.142334 0.7885742
vt 0.1376953 0.7832031
vt 0.1398926 0.7851563
vt 0.1357422 0.7788086
vt 0.1381836 0.7807617
vt 0.1346436 0.7739258
vt 0.1373291 0.7763672
vt 0.1343994 0.769043
vt 0.137085 0.7714844
vt 0.1428223 0.777832
vt 0.1427002 0.7734375
vt 0.1434326 0.7822266
vt 0.1446533 0.7861328
vt 0.1463623 0.7895508
vt 0.1485596 0.7924805
vt 0.1502686 0.7792969
vt 0.1502686 0.7749023
vt 0.1505127 0.7836914
vt 0.151123 0.7871094
vt 0.1519775 0.7905273
vt 0.1586914 0.7797852
vt 0.1588135 0.7753906
vt 0.1585693 0.7836914
vt 0.1584473 0.7875977
vt 0.1669922 0.7792969
vt 0.1672363 0.7749023
vt 0.1663818 0.7836914
vt 0.1740723 0.7783203
vt 0.1744385 0.7734375
vt 0.1529541 0.7929688
vt 0.1582031 0.7905273
vt 0.1655273 0.7871094
vt 0.1732178 0.7822266
vt 0.1790771 0.7763672
vt 0.1794434 0.7714844
vt 0.1810303 0.7739258
vt 0.1813965 0.769043
vt 0.1796875 0.7788086
vt 0.1778564 0.7807617
vt 0.1774902 0.7832031
vt 0.1759033 0.7851563
vt 0.1745605 0.7871094
vt 0.1732178 0.7885742
vt 0.1717529 0.7866211
vt 0.1696777 0.7895508
vt 0.1699219 0.7915039
vt 0.1644287 0.7905273
vt 0.1671143 0.7924805
vt 0.1660156 0.793457
vt 0.1640625 0.7939453
vt 0.1629639 0.7929688
vt 0.157959 0.7929688
vt 0.1612549 0.7944336
vt 0.1607666 0.7949219
vt 0.1593018 0.7954102
vt 0.1578369 0.7949219
vt 0.1575928 0.7954102
vt 0.1542969 0.7944336
vt 0.1557617 0.7954102
vt 0.1512451 0.7939453
vt 0.1541748 0.7949219
vt 0.1490479 0.793457
vt 0.1530762 0.7949219
vt 0.4824219 0.7680664
vt 0.4824219 0.7661133
vt 0.4814453 0.765625
vt 0.4814453 0.7670898
vt 0.4824219 0.784668
vt 0.4780273 0.7646484
vt 0.4814453 0.784668
vt 0.4824219 0.7851563
vt 0.4814453 0.7851563
vt 0.4780273 0.7666016
vt 0.4719238 0.7641602
vt 0.4780273 0.7851563
vt 0.4780273 0.7856445
vt 0.4719238 0.7661133
vt 0.4645996 0.7641602
vt 0.4719238 0.7851563
vt 0.4719238 0.7856445
vt 0.4645996 0.765625
vt 0.4575195 0.7641602
vt 0.4645996 0.7851563
vt 0.4645996 0.7856445
vt 0.4575195 0.7661133
vt 0.4519043 0.7646484
vt 0.4575195 0.7851563
vt 0.4575195 0.7856445
vt 0.4519043 0.7666016
vt 0.4489746 0.765625
vt 0.4519043 0.7851563
vt 0.4519043 0.7856445
vt 0.4489746 0.7670898
vt 0.4489746 0.7661133
vt 0.4489746 0.7675781
vt 0.4489746 0.784668
vt 0.4489746 0.7851563
vt 0.4489746 0.784668
vt 0.4489746 0.7851563
vt 0.4489746 0.7675781
vt 0.4489746 0.7661133
vt 0.451416 0.7670898
vt 0.451416 0.7685547
vt 0.4489746 0.784668
vt 0.4555664 0.7675781
vt 0.451416 0.784668
vt 0.4489746 0.7851563
vt 0.4555664 0.769043
vt 0.4609375 0.7680664
vt 0.4609375 0.769043
vt 0.4665527 0.7680664
vt 0.4555664 0.7841797
vt 0.4665527 0.7695313
vt 0.472168 0.7680664
vt 0.451416 0.7851563
vt 0.4609375 0.7841797
vt 0.472168 0.769043
vt 0.4770508 0.7675781
vt 0.4555664 0.784668
vt 0.4665527 0.7841797
vt 0.4770508 0.769043
vt 0.4807129 0.7670898
vt 0.4609375 0.784668
vt 0.472168 0.7841797
vt 0.4807129 0.7685547
vt 0.4824219 0.7661133
vt 0.4824219 0.7680664
vt 0.4770508 0.7841797
vt 0.4807129 0.784668
vt 0.4824219 0.784668
vt 0.4665527 0.784668
vt 0.472168 0.784668
vt 0.4807129 0.784668
vt 0.4824219 0.7851563
vt 0.4770508 0.784668
vt 0.4616699 0.784668
vt 0.4665527 0.784668
vt 0.4572754 0.784668
vt 0.4711914 0.784668
vt 0.4753418 0.784668
vt 0.4536133 0.7851563
vt 0.4782715 0.7851563
vt 0.4794922 0.7851563
vt 0.4519043 0.7851563
vt 0.4814453 0.7851563
vt 0.4787598 0.7851563
vt 0.4519043 0.7851563
vt 0.4780273 0.7856445
vt 0.4489746 0.7851563
vt 0.4758301 0.7856445
vt 0.4543457 0.7856445
vt 0.4719238 0.7856445
vt 0.4519043 0.7856445
vt 0.4709473 0.7856445
vt 0.4589844 0.7856445
vt 0.4645996 0.7856445
vt 0.4575195 0.7856445
vt 0.4648438 0.7856445
vt 0.46875 0.7988281
vt 0.4702148 0.7988281
vt 0.4702148 0.8046875
vt 0.46875 0.8046875
vt 0.4672852 0.7988281
vt 0.4672852 0.8046875
vt 0.467041 0.7988281
vt 0.467041 0.8046875
vt 0.4702148 0.7988281
vt 0.4699707 0.8051758
vt 0.4702148 0.8046875
vt 0.4699707 0.7988281
vt 0.4685059 0.8051758
vt 0.4685059 0.7988281
vt 0.467041 0.8046875
vt 0.467041 0.7988281
vt 0.46875 0.7988281
vt 0.4672852 0.7988281
vt 0 0
vt 0 0
vt 0 0
vt 0 0
vt 0 0
vt 0 0
vt 0 0
vt 0 0
vt 0 0
vt 0 0
vt 0 0
vt 0 0
vt 0 0
vt 0 0
vt 0 0
vt 0 0
vt 0 0
vt 0 0
vt 0 0
vt 0 0
vt 0 0
vt 0 0
vt 0 0
vt 0 0
vt 0 0
vt 0 0
vt 0 0
vt 0 0
vt 0 0
vt 0 0
vt 0 0
vt 0 0
vt 0 0
vt 0 0
vt 0 0
vt 0 0
vt 0 0
vt 0 0
vt 0 0
vt 0 0
vt 0 0
vt 0 0
vt 0 0
vt 0 0
vt 0 0
vt 0 0
vt 0 0
vt 0 0
vt 0 0
vt 0 0
vt 0 0
vt 0 0
vt 0 0
vt 0 0
vt 0 0
vt 0 0
vt 0 0
vt 0 0
vt 0 0
vt 0 0
vt 0.08044434 0.8286133
vt 0.074646 0.8305664
vt 0.07269287 0.8271484
vt 0.08172607 0.831543
vt 0.102417 0.8286133
vt 0.07904053 0.8388672
vt 0.1017456 0.831543
vt 0.118042 0.8271484
vt 0.1159668 0.8305664
vt 0.08447266 0.8393555
vt 0.08392334 0.8476563
vt 0.1003418 0.8393555
vt 0.1114502 0.8388672
vt 0.08764648 0.8476563
vt 0.08972168 0.855957
vt 0.09869385 0.8476563
vt 0.1063843 0.8476563
vt 0.0914917 0.855957
vt 0.09307861 0.859375
vt 0.09368896 0.8598633
vt 0.09680176 0.855957
vt 0.1004639 0.855957
vt 0.09570313 0.8598633
vt 0.0970459 0.859375
vt 0.1112671 0.8261719
vt 0.1159668 0.8305664
vt 0.118042 0.8271484
vt 0.1097412 0.8291016
vt 0.08776855 0.8261719
vt 0.1114502 0.8388672
vt 0.08843994 0.8291016
vt 0.07269287 0.8271484
vt 0.074646 0.8305664
vt 0.1065063 0.8383789
vt 0.1063843 0.8476563
vt 0.08990479 0.8383789
vt 0.07904053 0.8388672
vt 0.1029053 0.847168
vt 0.1004639 0.855957
vt 0.0914917 0.847168
vt 0.08392334 0.8476563
vt 0.09875488 0.8554688
vt 0.0970459 0.859375
vt 0.09332275 0.8554688
vt 0.08972168 0.855957
vt 0.09637451 0.859375
vt 0.09442139 0.859375
vt 0.09307861 0.859375
vt 0.09570313 0.8598633
vt 0.09368896 0.8598633
vt 0.4699707 0.7988281
vt 0.470459 0.7993164
vt 0.470459 0.8051758
vt 0.4699707 0.8046875
vt 0.4682617 0.7988281
vt 0.4682617 0.8046875
vt 0.4672852 0.7993164
vt 0.4672852 0.8046875
vt 0.470459 0.7993164
vt 0.4694824 0.8051758
vt 0.470459 0.8051758
vt 0.4694824 0.7993164
vt 0.4677734 0.8051758
vt 0.4677734 0.7993164
vt 0.4672852 0.8046875
vt 0.4699707 0.7988281
vt 0.4672852 0.7993164
vt 0.4682617 0.7988281
vt 0 0
vt 0 0
vt 0 0
vt 0 0
vt 0 0
vt 0 0
vt 0 0
vt 0 0
vt 0 0
vt 0 0
vt 0 0
vt 0 0
vt 0 0
vt 0 0
vt 0 0
vt 0 0
vt 0 0
vt 0 0
vt 0 0
vt 0 0
vt 0 0
vt 0 0
vt 0 0
vt 0 0
vt 0 0
vt 0 0
vt 0 0
vt 0 0
vt 0 0
vt 0 0
vt 0 0
vt 0 0
vt 0 0
vt 0 0
vt 0 0
vt 0 0
vt 0 0
vt 0 0
vt 0 0
vt 0 0
vt 0 0
vt 0 0
vt 0 0
vt 0 0
vt 0 0
vt 0 0
vt 0 0
vt 0 0
vt 0 0
vt 0 0
vt 0 0
vt 0 0
vt 0 0
vt 0 0
vt 0 0
vt 0 0
vt 0 0
vt 0 0
vt 0 0
vt 0 0
vt 0.08880615 0.8300781
vt 0.07507324 0.831543
vt 0.07312012 0.8286133
vt 0.08935547 0.8325195
vt 0.1097412 0.8300781
vt 0.0793457 0.8398438
vt 0.1084595 0.8325195
vt 0.116272 0.8286133
vt 0.1143799 0.831543
vt 0.09057617 0.840332
vt 0.08416748 0.8481445
vt 0.1056519 0.840332
vt 0.1102295 0.8398438
vt 0.09191895 0.8486328
vt 0.08978271 0.8564453
vt 0.102417 0.8486328
vt 0.1055908 0.8481445
vt 0.09350586 0.8564453
vt 0.09307861 0.8598633
vt 0.09442139 0.8598633
vt 0.09857178 0.8564453
vt 0.1000366 0.855957
vt 0.09631348 0.8598633
vt 0.09686279 0.8598633
vt 0.1008911 0.8276367
vt 0.1143799 0.831543
vt 0.116272 0.8286133
vt 0.1003418 0.8305664
vt 0.07861328 0.8276367
vt 0.1102295 0.8398438
vt 0.08013916 0.8305664
vt 0.07312012 0.8286133
vt 0.07507324 0.831543
vt 0.09918213 0.8393555
vt 0.1055908 0.8481445
vt 0.08337402 0.8393555
vt 0.0793457 0.8398438
vt 0.09790039 0.8476563
vt 0.1000366 0.855957
vt 0.08703613 0.8476563
vt 0.08416748 0.8481445
vt 0.09637451 0.855957
vt 0.09686279 0.8598633
vt 0.09118652 0.855957
vt 0.08978271 0.8564453
vt 0.09545898 0.8598633
vt 0.09356689 0.8598633
vt 0.09307861 0.8598633
vt 0.09631348 0.8598633
vt 0.09442139 0.8598633
vt 0.1071167 0.8208008
vt 0.1031494 0.8515625
vt 0.1031494 0.8208008
vt 0.1074829 0.8510742
vt 0.1091919 0.8198242
vt 0.1016235 0.8574219
vt 0.1096802 0.8515625
vt 0.1054077 0.8588867
vt 0.097229 0.8618164
vt 0.1075439 0.8598633
vt 0.09954834 0.8647461
vt 0.1014404 0.8657227
vt 0.09124756 0.8632813
vt 0.09295654 0.8681641
vt 0.09130859 0.8671875
vt 0.08520508 0.8618164
vt 0.08300781 0.8652344
vt 0.08441162 0.8662109
vt 0.08074951 0.8574219
vt 0.08666992 0.862793
vt 0.0769043 0.859375
vt 0.08197021 0.8583984
vt 0.0791626 0.8515625
vt 0.07470703 0.8515625
vt 0.08026123 0.8520508
vt 0.07904053 0.8203125
vt 0.07489014 0.8203125
vt 0.08001709 0.8193359
vt 0.08441162 0.8662109
vt 0.0769043 0.859375
vt 0.08300781 0.8652344
vt 0.07806396 0.8603516
vt 0.07470703 0.8515625
vt 0.07574463 0.8520508
vt 0.07489014 0.8203125
vt 0.07592773 0.8193359
vt 0.08001709 0.8193359
vt 0.08026123 0.8520508
vt 0.08197021 0.8583984
vt 0.08666992 0.862793
vt 0.09295654 0.8681641
vt 0.09307861 0.8647461
vt 0.08520508 0.8618164
vt 0.1014404 0.8657227
vt 0.09124756 0.8632813
vt 0.09942627 0.862793
vt 0.1075439 0.8598633
vt 0.097229 0.8618164
vt 0.1040039 0.8583984
vt 0.1096802 0.8515625
vt 0.1016235 0.8574219
vt 0.1055298 0.8520508
vt 0.1091919 0.8198242
vt 0.1031494 0.8515625
vt 0.1053467 0.8198242
vt 0.1031494 0.8208008
vt 0.1100464 0.8188477
vt 0.105957 0.8188477
vt 0.1057129 0.8520508
vt 0.1102905 0.8520508
vt 0.1104126 0.8515625
vt 0.1102295 0.8203125
vt 0.1040039 0.8588867
vt 0.1079102 0.8603516
vt 0.104187 0.8579102
vt 0.105835 0.8515625
vt 0.09954834 0.8623047
vt 0.09912109 0.8632813
vt 0.1013794 0.8662109
vt 0.09320068 0.8637695
vt 0.09234619 0.8652344
vt 0.09240723 0.8686523
vt 0.08679199 0.8623047
vt 0.08557129 0.8637695
vt 0.08325195 0.8666992
vt 0.08203125 0.8579102
vt 0.08056641 0.8588867
vt 0.07659912 0.8608398
vt 0.0803833 0.8520508
vt 0.07885742 0.8525391
vt 0.08044434 0.8198242
vt 0.07421875 0.8520508
vt 0.07897949 0.8183594
vt 0.07470703 0.8183594
vt 0.07421875 0.8520508
vt 0.07470703 0.8183594
vt 0.0760498 0.8198242
vt 0.07562256 0.8515625
vt 0.08044434 0.8198242
vt 0.07659912 0.8608398
vt 0.0803833 0.8520508
vt 0.07788086 0.8598633
vt 0.08325195 0.8666992
vt 0.08203125 0.8579102
vt 0.08435059 0.8657227
vt 0.08679199 0.8623047
vt 0.09240723 0.8686523
vt 0.09313965 0.8676758
vt 0.09320068 0.8637695
vt 0.1018677 0.8652344
vt 0.1013794 0.8662109
vt 0.09954834 0.8623047
vt 0.1079102 0.8603516
vt 0.1081543 0.859375
vt 0.1102905 0.8520508
vt 0.104187 0.8579102
vt 0.1104126 0.8515625
vt 0.105835 0.8515625
vt 0.1102295 0.8203125
vt 0.1060181 0.8198242
vt 0.105957 0.8188477
vt 0.1057129 0.8520508
vt 0.3027344 0.7602539
vt 0.2600098 0.7587891
vt 0.2600098 0.793457
vt 0.3027344 0.78125
vt 0.3027344 0.7939453
vt 0.3027344 0.7939453
vt 0.3024902 0.7944336
vt 0.3024902 0.7822266
vt 0.3027344 0.7817383
vt 0.3027344 0.7939453
vt 0.3024902 0.7617188
vt 0.3027344 0.78125
vt 0.3027344 0.7607422
vt 0.3027344 0.7602539
vt 0.2890625 0.7841797
vt 0.2905273 0.7792969
vt 0.2907715 0.7963867
vt 0.2888184 0.796875
vt 0.2905273 0.7792969
vt 0.2736816 0.7788086
vt 0.2727051 0.7963867
vt 0.2907715 0.7963867
vt 0.2770996 0.7841797
vt 0.2890625 0.7841797
vt 0.2888184 0.796875
vt 0.2766113 0.796875
vt 0.09155273 0.7583008
vt 0.09313965 0.7539063
vt 0.09185791 0.7539063
vt 0.09277344 0.7592773
vt 0.09161377 0.7592773
vt 0.09429932 0.7539063
vt 0.09204102 0.7602539
vt 0.09405518 0.7587891
vt 0.09265137 0.7602539
vt 0.09381104 0.7597656
vt 0.09332275 0.7602539
vt 0.02766418 0.7709961
vt 0.04614258 0.7709961
vt 0.04614258 0.7758789
vt 0.02766418 0.7758789
vt 0.04614258 0.7709961
vt 0.03921509 0.7709961
vt 0.03921509 0.7758789
vt 0.04614258 0.7758789
vt 0.03921509 0.7709961
vt 0.02072144 0.7709961
vt 0.02072144 0.7758789
vt 0.03921509 0.7758789
vt 0.02072144 0.7709961
vt 0.02766418 0.7709961
vt 0.02766418 0.7758789
vt 0.02072144 0.7758789
vt 0.04614258 0.7709961
vt 0.02766418 0.7709961
vt 0.02072144 0.7709961
vt 0.03921509 0.7709961
vt 0.03921509 0.7758789
vt 0.02072144 0.7758789
vt 0.02766418 0.7758789
vt 0.04614258 0.7758789
vt 0.0329895 0.7773438
vt 0.05145264 0.7773438
vt 0.05145264 0.7817383
vt 0.0329895 0.7817383
vt 0.05145264 0.7773438
vt 0.04452515 0.7773438
vt 0.04452515 0.7817383
vt 0.05145264 0.7817383
vt 0.04452515 0.7773438
vt 0.02604675 0.7773438
vt 0.02604675 0.7817383
vt 0.04452515 0.7817383
vt 0.02604675 0.7773438
vt 0.0329895 0.7773438
vt 0.0329895 0.7817383
vt 0.02604675 0.7817383
vt 0.05145264 0.7773438
vt 0.0329895 0.7773438
vt 0.02604675 0.7773438
vt 0.04452515 0.7773438
vt 0.04452515 0.7817383
vt 0.02604675 0.7817383
vt 0.0329895 0.7817383
vt 0.05145264 0.7817383
vt 0.03034973 0.7744141
vt 0.04882813 0.7744141
vt 0.04882813 0.7788086
vt 0.03034973 0.7788086
vt 0.04882813 0.7744141
vt 0.04190063 0.7744141
vt 0.04190063 0.7788086
vt 0.04882813 0.7788086
vt 0.04190063 0.7744141
vt 0.02342224 0.7744141
vt 0.02342224 0.7788086
vt 0.04190063 0.7788086
vt 0.02342224 0.7744141
vt 0.03034973 0.7744141
vt 0.03034973 0.7788086
vt 0.02342224 0.7788086
vt 0.04882813 0.7744141
vt 0.03034973 0.7744141
vt 0.02342224 0.7744141
vt 0.04190063 0.7744141
vt 0.04190063 0.7788086
vt 0.02342224 0.7788086
vt 0.03034973 0.7788086
vt 0.04882813 0.7788086
vt 0.08081055 0.7973633
vt 0.1072388 0.796875
vt 0.1072998 0.7973633
vt 0.07989502 0.7978516
vt 0.1072388 0.796875
vt 0.1069946 0.7802734
vt 0.1069946 0.7797852
vt 0.1072998 0.7973633
vt 0.1069946 0.7802734
vt 0.08129883 0.7807617
vt 0.08044434 0.7802734
vt 0.1069946 0.7797852
vt 0.08129883 0.7807617
vt 0.08081055 0.7973633
vt 0.07989502 0.7978516
vt 0.08044434 0.7802734
vt 0.1069946 0.7797852
vt 0.08044434 0.7802734
vt 0.07989502 0.7978516
vt 0.1072998 0.7973633
vt 0.03271484 0.7773438
vt 0.04589844 0.7773438
vt 0.04589844 0.7817383
vt 0.03271484 0.7817383
vt 0.04589844 0.7773438
vt 0.03897095 0.7773438
vt 0.03897095 0.7817383
vt 0.04589844 0.7817383
vt 0.03897095 0.7773438
vt 0.02578735 0.7773438
vt 0.02578735 0.7817383
vt 0.03897095 0.7817383
vt 0.02578735 0.7773438
vt 0.03271484 0.7773438
vt 0.03271484 0.7817383
vt 0.02578735 0.7817383
vt 0.04589844 0.7773438
vt 0.03271484 0.7773438
vt 0.02578735 0.7773438
vt 0.03897095 0.7773438
vt 0.03897095 0.7817383
vt 0.02578735 0.7817383
vt 0.03271484 0.7817383
vt 0.04589844 0.7817383
vt 0.03009033 0.7744141
vt 0.04327393 0.7744141
vt 0.04327393 0.7788086
vt 0.03009033 0.7788086
vt 0.04327393 0.7744141
vt 0.03634644 0.7744141
vt 0.03634644 0.7788086
vt 0.04327393 0.7788086
vt 0.03634644 0.7744141
vt 0.02316284 0.7744141
vt 0.02316284 0.7788086
vt 0.03634644 0.7788086
vt 0.02316284 0.7744141
vt 0.03009033 0.7744141
vt 0.03009033 0.7788086
vt 0.02316284 0.7788086
vt 0.04327393 0.7744141
vt 0.03009033 0.7744141
vt 0.02316284 0.7744141
vt 0.03634644 0.7744141
vt 0.03634644 0.7788086
vt 0.02316284 0.7788086
vt 0.03009033 0.7788086
vt 0.04327393 0.7788086
vt 0.03019714 0.7709961
vt 0.04336548 0.7709961
vt 0.04336548 0.7758789
vt 0.03019714 0.7758789
vt 0.04336548 0.7709961
vt 0.03363037 0.7709961
vt 0.03363037 0.7758789
vt 0.04336548 0.7758789
vt 0.03363037 0.7709961
vt 0.02046204 0.7709961
vt 0.02046204 0.7758789
vt 0.03363037 0.7758789
vt 0.02046204 0.7709961
vt 0.03019714 0.7709961
vt 0.03019714 0.7758789
vt 0.02046204 0.7758789
vt 0.03363037 0.7758789
vt 0.02046204 0.7758789
vt 0.03019714 0.7758789
vt 0.04336548 0.7758789
vt 0.03274536 0.7773438
vt 0.04592896 0.7773438
vt 0.04592896 0.7817383
vt 0.03274536 0.7817383
vt 0.04592896 0.7773438
vt 0.03900146 0.7773438
vt 0.03900146 0.7817383
vt 0.04592896 0.7817383
vt 0.03900146 0.7773438
vt 0.02581787 0.7773438
vt 0.02581787 0.7817383
vt 0.03900146 0.7817383
vt 0.02581787 0.7773438
vt 0.03274536 0.7773438
vt 0.03274536 0.7817383
vt 0.02581787 0.7817383
vt 0.04592896 0.7773438
vt 0.03274536 0.7773438
vt 0.02581787 0.7773438
vt 0.03900146 0.7773438
vt 0.03900146 0.7817383
vt 0.02581787 0.7817383
vt 0.03274536 0.7817383
vt 0.04592896 0.7817383
vt 0.03013611 0.7744141
vt 0.04330444 0.7744141
vt 0.04330444 0.7788086
vt 0.03013611 0.7788086
vt 0.04330444 0.7744141
vt 0.03637695 0.7744141
vt 0.03637695 0.7788086
vt 0.04330444 0.7788086
vt 0.03637695 0.7744141
vt 0.02319336 0.7744141
vt 0.02319336 0.7788086
vt 0.03637695 0.7788086
vt 0.02319336 0.7744141
vt 0.03013611 0.7744141
vt 0.03013611 0.7788086
vt 0.02319336 0.7788086
vt 0.04330444 0.7744141
vt 0.03013611 0.7744141
vt 0.02319336 0.7744141
vt 0.03637695 0.7744141
vt 0.03637695 0.7788086
vt 0.02319336 0.7788086
vt 0.03013611 0.7788086
vt 0.04330444 0.7788086
vt 0.02980042 0.7709961
vt 0.04296875 0.7709961
vt 0.04296875 0.7758789
vt 0.02980042 0.7758789
vt 0.04296875 0.7709961
vt 0.03369141 0.7709961
vt 0.03369141 0.7758789
vt 0.04296875 0.7758789
vt 0.03369141 0.7709961
vt 0.02050781 0.7709961
vt 0.02050781 0.7758789
vt 0.03369141 0.7758789
vt 0.02050781 0.7709961
vt 0.02980042 0.7709961
vt 0.02980042 0.7758789
vt 0.02050781 0.7758789
vt 0.03369141 0.7758789
vt 0.02050781 0.7758789
vt 0.02980042 0.7758789
vt 0.04296875 0.7758789
vt 0.2705078 0.7739258
vt 0.2736816 0.7739258
vt 0.2731934 0.7905273
vt 0.2697754 0.7905273
vt 0.2734375 0.7729492
vt 0.2724609 0.7695313
vt 0.2722168 0.7749023
vt 0.2729492 0.7905273
vt 0.2736816 0.7739258
vt 0.2729492 0.7905273
vt 0.2731934 0.7905273
vt 0.2724609 0.7695313
vt 0.2685547 0.7695313
vt 0.2683105 0.7749023
vt 0.2722168 0.7749023
vt 0.2702637 0.7729492
vt 0.2705078 0.7739258
vt 0.2697754 0.7905273
vt 0.2695313 0.7905273
vt 0.2685547 0.7695313
vt 0.2695313 0.7905273
vt 0.2683105 0.7749023
vt 0.2729492 0.7905273
vt 0.2695313 0.7905273
vt 0.2697754 0.7905273
vt 0.2731934 0.7905273
vt 0.2722168 0.7749023
vt 0.2683105 0.7749023
vt 0.2695313 0.7905273
vt 0.2729492 0.7905273
vt 0.2919922 0.7739258
vt 0.295166 0.7739258
vt 0.2954102 0.7905273
vt 0.2919922 0.7905273
vt 0.2956543 0.7734375
vt 0.2980957 0.7695313
vt 0.2980957 0.7749023
vt 0.2958984 0.7905273
vt 0.295166 0.7739258
vt 0.2958984 0.7905273
vt 0.2954102 0.7905273
vt 0.2980957 0.7695313
vt 0.2941895 0.7695313
vt 0.2941895 0.7749023
vt 0.2980957 0.7749023
vt 0.2922363 0.7734375
vt 0.2919922 0.7739258
vt 0.2919922 0.7905273
vt 0.2924805 0.7905273
vt 0.2941895 0.7695313
vt 0.2924805 0.7905273
vt 0.2941895 0.7749023
vt 0.2958984 0.7905273
vt 0.2924805 0.7905273
vt 0.2919922 0.7905273
vt 0.2954102 0.7905273
vt 0.2980957 0.7749023
vt 0.2941895 0.7749023
vt 0.2924805 0.7905273
vt 0.2958984 0.7905273
vn 0.887207 -0.006332397 -0.4611816
vn -0.4458008 -0.05599976 -0.8935547
vn -0.4794922 -0.00446701 -0.8774414
vn 0.8984375 0.06555176 -0.4343262
vn 0.5009766 -0.005512238 0.8652344
vn 0.5244141 0.06097412 0.8491211
vn -0.3579102 -0.2230225 -0.9067383
vn 0.8603516 0.2998047 -0.4128418
vn 0.5058594 0.2822266 0.8149414
vn -0.1697998 -0.4526367 -0.8754883
vn -0.753418 -0.2419434 0.6113281
vn 0.6337891 0.6230469 -0.458252
vn -0.5424805 -0.4753418 0.6923828
vn 0.1795654 -0.5800781 -0.7944336
vn 0.1551514 0.7998047 -0.5800781
vn -0.1837158 -0.5532227 0.8125
vn 0.5566406 -0.4946289 -0.6674805
vn -0.3125 0.6098633 -0.7285156
vn 0.1455078 -0.4321289 0.8901367
vn 0.7734375 -0.2507324 -0.5825195
vn 0.3251953 -0.2131348 0.9213867
vn -0.5166016 0.2866211 -0.8071289
vn 0.8515625 -0.06210327 -0.5205078
vn -0.5317383 0.06134033 -0.8447266
vn 0.8720703 -0.004852295 -0.4890137
vn -0.5068359 -0.005836487 -0.8618164
vn -0.8950195 0.06530762 0.440918
vn -0.8842773 -0.005981445 0.467041
vn -0.8950195 0.06530762 0.440918
vn 0.4494629 -0.004699707 0.8930664
vn -0.8842773 -0.005981445 0.467041
vn 0.4135742 -0.05331421 0.9086914
vn 0.8720703 -0.004852295 -0.4890137
vn 0.8515625 -0.06210327 -0.5205078
vn -0.855957 0.2963867 0.4238281
vn -0.5317383 0.06134033 -0.8447266
vn -0.5166016 0.2866211 -0.8071289
vn 0.3251953 -0.2131348 0.9213867
vn 0.7734375 -0.2507324 -0.5825195
vn -0.6308594 0.6108398 0.4780273
vn -0.3125 0.6098633 -0.7285156
vn 0.1455078 -0.4321289 0.8901367
vn -0.1606445 0.7802734 0.6044922
vn 0.1551514 0.7998047 -0.5800781
vn -0.1837158 -0.5532227 0.8125
vn 0.6337891 0.6230469 -0.458252
vn 0.300293 0.5957031 0.7451172
vn -0.5424805 -0.4753418 0.6923828
vn 0.5058594 0.2822266 0.8149414
vn 0.8603516 0.2998047 -0.4128418
vn -0.753418 -0.2419434 0.6113281
vn 0.5244141 0.06097412 0.8491211
vn -0.8330078 -0.05963135 0.550293
vn 0.5009766 -0.005512238 0.8652344
vn -0.3579102 -0.2230225 -0.9067383
vn -0.8554688 -0.00510025 0.5180664
vn -0.4458008 -0.05599976 -0.8935547
vn -0.4794922 -0.00446701 -0.8774414
vn 0.8867188 -0.003105164 -0.4619141
vn -0.4645996 -0.03167725 -0.8847656
vn -0.4768066 -0.001693726 -0.8789063
vn 0.8969727 0.05966187 -0.4384766
vn 0.4594727 -0.002996445 0.8881836
vn -0.4118652 -0.1607666 -0.8969727
vn 0.4819336 0.05819702 0.8745117
vn 0.8735352 0.2125244 -0.4382324
vn -0.2941895 -0.3759766 -0.8789063
vn 0.4658203 0.2059326 0.8603516
vn 0.8076172 0.3674316 -0.4611816
vn 0.4001465 0.3552246 0.8447266
vn -0.1279297 -0.5615234 -0.8173828
vn 0.3132324 0.4882813 0.8144531
vn 0.7133789 0.5029297 -0.487793
vn -0.006561279 -0.5776367 -0.8164063
vn -0.168457 0.8061523 0.5673828
vn 0.6835938 0.6679688 -0.2937012
vn -0.4645996 -0.03167725 -0.8847656
vn -0.878418 -0.001689911 0.4782715
vn -0.4768066 -0.001693726 -0.8789063
vn -0.8710938 -0.03158569 0.4899902
vn 0.4594727 -0.002996445 0.8881836
vn -0.4118652 -0.1607666 -0.8969727
vn 0.4819336 0.05819702 0.8745117
vn -0.8334961 -0.1602783 0.5288086
vn -0.2941895 -0.3759766 -0.8789063
vn 0.4658203 0.2059326 0.8603516
vn -0.7255859 -0.3747559 0.5771484
vn -0.1279297 -0.5615234 -0.8173828
vn 0.4001465 0.3552246 0.8447266
vn -0.5532227 -0.5600586 0.6166992
vn -0.006561279 -0.5776367 -0.8164063
vn 0.3132324 0.4882813 0.8144531
vn -0.2288818 -0.5947266 0.7705078
vn -0.168457 0.8061523 0.5673828
vn -0.7070313 0.4882813 0.5117188
vn 0.1271973 -0.5600586 0.8183594
vn 0.4509277 -0.5776367 -0.6801758
vn -0.7963867 0.3552246 0.489502
vn 0.5532227 -0.5615234 -0.6152344
vn 0.2927246 -0.3747559 0.8798828
vn -0.8598633 0.2059326 0.4667969
vn 0.7260742 -0.3759766 -0.5756836
vn 0.4101563 -0.1602783 0.8979492
vn -0.8808594 0.05819702 0.4697266
vn 0.8344727 -0.1607666 -0.5268555
vn 0.4626465 -0.03158569 0.8862305
vn -0.8696289 -0.002996445 0.4934082
vn 0.8720703 -0.03167725 -0.4880371
vn 0.4748535 -0.001688957 0.8798828
vn 0.8793945 -0.001693726 -0.4763184
vn -0.4909668 -0.003105164 -0.8710938
vn 0.8793945 -0.001693726 -0.4763184
vn 0.8720703 -0.03167725 -0.4880371
vn -0.512207 0.05966187 -0.8569336
vn -0.8696289 -0.002996445 0.4934082
vn 0.8344727 -0.1607666 -0.5268555
vn -0.8808594 0.05819702 0.4697266
vn -0.4926758 0.2125244 -0.84375
vn 0.7260742 -0.3759766 -0.5756836
vn -0.8598633 0.2059326 0.4667969
vn -0.4250488 0.3674316 -0.8271484
vn -0.7963867 0.3552246 0.489502
vn 0.5532227 -0.5615234 -0.6152344
vn -0.7070313 0.4882813 0.5117188
vn -0.3317871 0.5029297 -0.7983398
vn 0.4509277 -0.5776367 -0.6801758
vn -0.168457 0.8061523 0.5673828
vn -0.4123535 0.6679688 -0.6191406
vn -0.2226563 -0.006950378 -0.9750977
vn 0.9804688 -0.005550385 -0.1977539
vn 0.9667969 -0.08001709 -0.2419434
vn -0.2558594 0.08099365 -0.9633789
vn -0.9824219 -0.006713867 0.1877441
vn 0.9287109 -0.2419434 -0.2810059
vn -0.984375 0.08575439 0.1538086
vn -0.2318115 0.2636719 -0.9365234
vn 0.8427734 -0.4106445 -0.3479004
vn -0.9467773 0.2751465 0.1674805
vn -0.1525879 0.4555664 -0.8769531
vn 0.6733398 -0.5585938 -0.4846191
vn -0.8569336 0.4665527 0.2180176
vn 0.0120163 0.6674805 -0.7446289
vn -0.6699219 0.6655273 0.3293457
vn 0.4069824 -0.6088867 -0.6811523
vn -0.3425293 0.7709961 0.5366211
vn 0.331543 0.7885742 -0.5180664
vn 0.1468506 -0.5258789 -0.8378906
vn 0.6665039 0.6791992 -0.3076172
vn -0.02992249 0.6518555 0.7578125
vn -0.01930237 -0.3981934 -0.9169922
vn 0.8447266 0.4912109 -0.2119141
vn -0.08288574 -0.2319336 -0.9692383
vn 0.9423828 0.3024902 -0.1425781
vn -0.1446533 -0.0725708 -0.9868164
vn 0.987793 0.08569336 -0.130249
vn -0.1896973 -0.005115509 -0.9819336
vn 0.9863281 -0.007541656 -0.164917
vn 0.9667969 -0.08001709 -0.2419434
vn 0.9804688 -0.005550385 -0.1977539
vn 0.1625977 -0.00548172 0.9868164
vn 0.1159668 -0.07049561 0.9907227
vn 0.9287109 -0.2419434 -0.2810059
vn -0.5751953 -0.004295349 0.8178711
vn 0.07116699 -0.2097168 0.9750977
vn 0.8427734 -0.4106445 -0.3479004
vn -0.5820313 0.007171631 0.8134766
vn -0.9824219 -0.006713867 0.1877441
vn -0.984375 0.08575439 0.1538086
vn -0.5893555 0.03240967 0.8071289
vn -0.9467773 0.2751465 0.1674805
vn -0.007522583 -0.3618164 0.9321289
vn 0.6733398 -0.5585938 -0.4846191
vn -0.5844727 0.0562439 0.8095703
vn -0.8569336 0.4665527 0.2180176
vn -0.1676025 -0.5039063 0.847168
vn 0.4069824 -0.6088867 -0.6811523
vn -0.5620117 0.07843018 0.8232422
vn -0.6699219 0.6655273 0.3293457
vn -0.4169922 -0.5830078 0.6972656
vn 0.1468506 -0.5258789 -0.8378906
vn -0.5214844 0.09112549 0.8486328
vn -0.3425293 0.7709961 0.5366211
vn -0.6728516 -0.5375977 0.5083008
vn -0.01930237 -0.3981934 -0.9169922
vn -0.482666 0.08087158 0.8720703
vn -0.02992249 0.6518555 0.7578125
vn -0.8286133 -0.4187012 0.3710938
vn -0.08288574 -0.2319336 -0.9692383
vn -0.4597168 0.05877686 0.8862305
vn -0.9111328 -0.251709 0.3259277
vn -0.1446533 -0.0725708 -0.9868164
vn -0.9594727 -0.07794189 0.2702637
vn -0.1896973 -0.005115509 -0.9819336
vn -0.9746094 -0.005947113 0.2243652
vn -0.4519043 0.0333252 0.8916016
vn -0.4597168 0.007667542 0.8881836
vn -0.4672852 -0.004238129 0.8842773
vn 0.1152954 0.4589844 0.8808594
vn 0.2324219 0.08074951 0.9692383
vn 0.199707 -0.006164551 0.9799805
vn 0.9863281 -0.007541656 -0.164917
vn 0.987793 0.08569336 -0.130249
vn 0.2105713 0.2819824 0.9360352
vn 0.9423828 0.3024902 -0.1425781
vn 0.8447266 0.4912109 -0.2119141
vn 0.6665039 0.6791992 -0.3076172
vn -0.2253418 -0.004425049 -0.9741211
vn 0.9794922 -0.002397537 -0.2020264
vn 0.9741211 -0.04446411 -0.2210693
vn -0.2573242 0.0847168 -0.9624023
vn -0.9736328 -0.004207611 0.2290039
vn 0.9331055 -0.2125244 -0.2900391
vn -0.9775391 0.08190918 0.1937256
vn -0.2211914 0.2895508 -0.9311523
vn 0.8569336 -0.4101563 -0.3125
vn -0.9375 0.2788086 0.2081299
vn -0.1210327 0.4663086 -0.8764648
vn -0.8505859 0.4484863 0.2736816
vn 0.7524414 -0.5283203 -0.3928223
vn -0.75 0.5688477 0.3374023
vn -0.0118103 0.5869141 -0.8095703
vn 0.6855469 -0.5249023 -0.5048828
vn -0.3371582 0.7895508 0.5126953
vn -0.0657959 0.7197266 -0.6914063
vn 0.9741211 -0.04446411 -0.2210693
vn 0.9794922 -0.002397537 -0.2020264
vn 0.1998291 -0.002389908 0.9799805
vn 0.1801758 -0.04431152 0.9824219
vn 0.9331055 -0.2125244 -0.2900391
vn -0.5493164 0 0.8354492
vn 0.1008301 -0.2115479 0.972168
vn 0.8569336 -0.4101563 -0.3125
vn -0.5493164 0 0.8354492
vn -0.5493164 0 0.8354492
vn 0.05032349 -0.4086914 0.9111328
vn 0.7524414 -0.5283203 -0.3928223
vn -0.5493164 0 0.8354492
vn -0.9736328 -0.004207611 0.2290039
vn -0.9775391 0.08190918 0.1937256
vn -0.5493164 0 0.8354492
vn -0.5493164 0 0.8354492
vn -0.9375 0.2788086 0.2081299
vn -0.06402588 -0.5268555 0.8476563
vn 0.6855469 -0.5249023 -0.5048828
vn -0.4592285 -0.5488281 0.6982422
vn -0.5493164 0 0.8354492
vn -0.5493164 0 0.8354492
vn -0.8505859 0.4484863 0.2736816
vn -0.5493164 0 0.8354492
vn -0.5493164 0 0.8354492
vn -0.75 0.5688477 0.3374023
vn -0.5493164 0 0.8354492
vn -0.5493164 0 0.8354492
vn -0.3371582 0.7895508 0.5126953
vn -0.01248932 0.5688477 0.8222656
vn -0.5493164 0 0.8354492
vn 0.0859375 0.4484863 0.8896484
vn -0.5493164 0 0.8354492
vn -0.5493164 0 0.8354492
vn 0.1804199 0.2788086 0.9433594
vn -0.7529297 -0.5268555 0.3947754
vn 0.1916504 -0.5249023 -0.8295898
vn 0.06228638 -0.5283203 -0.8466797
vn -0.5493164 0 0.8354492
vn 0.2095947 0.08190918 0.9741211
vn -0.5493164 0 0.8354492
vn -0.8564453 -0.4086914 0.3149414
vn -0.0526123 -0.4101563 -0.9106445
vn -0.5493164 0 0.8354492
vn 0.1755371 -0.004207611 0.984375
vn -0.5493164 0 0.8354492
vn -0.5493164 0 0.8354492
vn -0.9326172 -0.2115479 0.2927246
vn -0.1036377 -0.2125244 -0.9716797
vn -0.5493164 0 0.8354492
vn -0.5493164 0 0.8354492
vn -0.9736328 -0.04431152 0.2241211
vn -0.1832275 -0.04446411 -0.9819336
vn -0.9790039 -0.002391815 0.204834
vn -0.2027588 -0.002397537 -0.9790039
vn 0.9838867 -0.004425049 -0.1793213
vn -0.1832275 -0.04446411 -0.9819336
vn -0.2027588 -0.002397537 -0.9790039
vn 0.9858398 0.0847168 -0.1451416
vn 0.1755371 -0.004207611 0.984375
vn -0.1036377 -0.2125244 -0.9716797
vn 0.2095947 0.08190918 0.9741211
vn 0.9428711 0.2895508 -0.1660156
vn -0.0526123 -0.4101563 -0.9106445
vn 0.1804199 0.2788086 0.9433594
vn 0.8525391 0.4663086 -0.2362061
vn 0.0859375 0.4484863 0.8896484
vn 0.06228638 -0.5283203 -0.8466797
vn -0.01248932 0.5688477 0.8222656
vn 0.7480469 0.5869141 -0.3100586
vn 0.1916504 -0.5249023 -0.8295898
vn -0.3371582 0.7895508 0.5126953
vn 0.6606445 0.7197266 -0.213623
vn -0.2220459 -0.007030487 -0.9750977
vn 0.9804688 -0.005683899 -0.1966553
vn 0.9667969 -0.08288574 -0.2425537
vn -0.2563477 0.08300781 -0.9628906
vn -0.9819336 -0.006866455 0.1881104
vn 0.9130859 -0.2722168 -0.3032227
vn -0.984375 0.08892822 0.1530762
vn -0.2327881 0.3134766 -0.9204102
vn 0.8134766 -0.4533691 -0.3637695
vn -0.9301758 0.3273926 0.1655273
vn -0.1138306 0.4907227 -0.8637695
vn 0.6533203 -0.5771484 -0.4897461
vn -0.8222656 0.5102539 0.2514648
vn 0.02148438 0.671875 -0.7402344
vn -0.6582031 0.6723633 0.3388672
vn 0.3994141 -0.6113281 -0.6831055
vn -0.3405762 0.7705078 0.5390625
vn 0.3300781 0.7875977 -0.5205078
vn 0.1470947 -0.5288086 -0.8359375
vn 0.6630859 0.6821289 -0.3083496
vn -0.02891541 0.6523438 0.7573242
vn -0.01489258 -0.4272461 -0.9038086
vn 0.8198242 0.5185547 -0.2425537
vn 0.08660889 0.4785156 0.8740234
vn -0.06109619 -0.2484131 -0.9667969
vn 0.9272461 0.347168 -0.1397705
vn 0.2067871 0.322998 0.9233398
vn -0.1424561 -0.07366943 -0.9868164
vn 0.987793 0.08874512 -0.1281738
vn 0.230957 0.0826416 0.9692383
vn -0.1888428 -0.005153656 -0.9819336
vn 0.9863281 -0.007759094 -0.1635742
vn 0.230957 0.0826416 0.9692383
vn 0.987793 0.08874512 -0.1281738
vn 0.9863281 -0.007759094 -0.1635742
vn 0.1973877 -0.006198883 0.9804688
vn -0.4621582 -0.004058838 0.8867188
vn -0.4543457 0.008483887 0.890625
vn 0.2067871 0.322998 0.9233398
vn -0.4621582 -0.004619598 0.8867188
vn -0.4477539 0.03790283 0.8935547
vn 0.08660889 0.4785156 0.8740234
vn -0.4541016 0.006408691 0.8911133
vn -0.9750977 -0.006305695 0.2226563
vn -0.454834 0.06304932 0.8881836
vn -0.02891541 0.6523438 0.7573242
vn -0.9594727 -0.08190918 0.2700195
vn -0.1888428 -0.005153656 -0.9819336
vn -0.1424561 -0.07366943 -0.9868164
vn -0.4470215 0.03552246 0.8935547
vn -0.8955078 -0.2783203 0.3469238
vn -0.06109619 -0.2484131 -0.9667969
vn -0.4765625 0.081604 0.8754883
vn -0.3405762 0.7705078 0.5390625
vn -0.454834 0.06286621 0.8881836
vn -0.8095703 -0.4519043 0.3752441
vn -0.01489258 -0.4272461 -0.9038086
vn -0.5151367 0.09161377 0.8525391
vn -0.6582031 0.6723633 0.3388672
vn -0.4768066 0.08190918 0.875
vn -0.6621094 -0.5458984 0.5131836
vn 0.1470947 -0.5288086 -0.8359375
vn -0.5551758 0.0791626 0.828125
vn -0.8222656 0.5102539 0.2514648
vn -0.5151367 0.09161377 0.8520508
vn -0.4094238 -0.5854492 0.699707
vn 0.3994141 -0.6113281 -0.6831055
vn -0.574707 0.06304932 0.815918
vn -0.9301758 0.3273926 0.1655273
vn -0.5551758 0.0791626 0.828125
vn -0.1715088 -0.5185547 0.8378906
vn 0.6533203 -0.5771484 -0.4897461
vn -0.5800781 0.03982544 0.8134766
vn -0.984375 0.08892822 0.1530762
vn -0.574707 0.06274414 0.815918
vn -0.0198822 -0.3964844 0.9179688
vn 0.8134766 -0.4533691 -0.3637695
vn -0.5751953 0.00818634 0.8178711
vn -0.9819336 -0.006866455 0.1881104
vn -0.5678711 -0.004131317 0.8232422
vn -0.5805664 0.03756714 0.8134766
vn 0.04800415 -0.2268066 0.9726563
vn 0.9130859 -0.2722168 -0.3032227
vn -0.5756836 0.006046295 0.8178711
vn -0.5678711 -0.004673004 0.8232422
vn 0.1137085 -0.0723877 0.9907227
vn 0.9667969 -0.08288574 -0.2425537
vn 0.1623535 -0.005710602 0.9868164
vn 0.9804688 -0.005683899 -0.1966553
vn -0.5297852 0.003196716 0.8481445
vn -0.5297852 0.003196716 0.8481445
vn -0.5297852 0.003196716 0.8481445
vn -0.5229492 0.003250122 0.8520508
vn -0.5219727 -0.000638485 0.8530273
vn -0.5180664 0.003213882 0.8554688
vn -0.5244141 0.004417419 0.8515625
vn -0.5249023 0.006908417 0.8510742
vn -0.5229492 0.003250122 0.8520508
vn -0.5249023 0.006908417 0.8510742
vn -0.5229492 0.003250122 0.8520508
vn -0.527832 0.000361681 0.8491211
vn -0.527832 0.000361681 0.8491211
vn 0.1051636 -0.006332397 -0.9946289
vn 0.9921875 -0.00446701 0.1257324
vn 0.9946289 -0.05599976 0.08843994
vn 0.0758667 0.06555176 -0.9951172
vn -0.9887695 -0.005516052 -0.1500244
vn -0.9819336 0.06097412 -0.1778564
vn 0.9746094 -0.2230225 0.001722336
vn -0.2076416 -0.05963135 0.9765625
vn 0.06988525 0.2998047 -0.9516602
vn -0.2939453 -0.2419434 0.9248047
vn 0.8769531 -0.4526367 -0.1618652
vn 0.1949463 0.6230469 -0.7573242
vn -0.4465332 -0.4753418 0.7583008
vn 0.6738281 -0.5800781 -0.4575195
vn 0.4831543 0.7998047 -0.3564453
vn -0.6889648 -0.5532227 0.4680176
vn 0.4179688 -0.4946289 -0.762207
vn 0.7924805 0.6098633 0.02467346
vn -0.8818359 -0.4321289 0.1896973
vn 0.2595215 -0.2507324 -0.9326172
vn -0.9765625 -0.2131348 0.03405762
vn 0.9399414 0.2866211 0.1856689
vn 0.1733398 -0.06210327 -0.9829102
vn 0.9804688 0.06134033 0.1860352
vn -0.08172607 0.2963867 0.9516602
vn 0.1363525 -0.004852295 -0.9907227
vn -0.08325195 0.06530762 0.9941406
vn 0.987793 -0.005836487 0.1569824
vn -0.1116943 -0.005981445 0.9936523
vn -0.08325195 0.06530762 0.9941406
vn -0.1116943 -0.005981445 0.9936523
vn -0.9956055 -0.004703522 -0.09197998
vn -0.9970703 -0.05331421 -0.05288696
vn 0.1363525 -0.004852295 -0.9907227
vn 0.1733398 -0.06210327 -0.9829102
vn -0.08172607 0.2963867 0.9516602
vn -0.9765625 -0.2131348 0.03405762
vn 0.2595215 -0.2507324 -0.9326172
vn -0.2142334 0.6108398 0.762207
vn 0.9399414 0.2866211 0.1856689
vn -0.8818359 -0.4321289 0.1896973
vn 0.7924805 0.6098633 0.02467346
vn -0.5039063 0.7802734 0.3703613
vn 0.4831543 0.7998047 -0.3564453
vn -0.6889648 -0.5532227 0.4680176
vn 0.1949463 0.6230469 -0.7573242
vn -0.8032227 0.5957031 -0.007240295
vn -0.4465332 -0.4753418 0.7583008
vn -0.9438477 0.2822266 -0.1730957
vn 0.06988525 0.2998047 -0.9516602
vn -0.2939453 -0.2419434 0.9248047
vn -0.9819336 0.06097412 -0.1778564
vn 0.0758667 0.06555176 -0.9951172
vn -0.2076416 -0.05963135 0.9765625
vn -0.9887695 -0.005516052 -0.1500244
vn -0.1695557 -0.005096436 0.9853516
vn 0.9946289 -0.05599976 0.08843994
vn 0.9921875 -0.00446701 0.1257324
vn 0.105896 -0.003105164 -0.9941406
vn 0.9926758 -0.001693726 0.1226196
vn 0.9936523 -0.03167725 0.1090088
vn 0.0803833 0.05966187 -0.9951172
vn -0.9946289 -0.002996445 -0.1032104
vn 0.9853516 -0.1607666 0.05566406
vn -0.9897461 0.05819702 -0.1290283
vn 0.08874512 0.2125244 -0.9731445
vn 0.925293 -0.3759766 -0.04736328
vn -0.9711914 0.2059326 -0.1192627
vn 0.1341553 0.3674316 -0.9204102
vn -0.9326172 0.3552246 -0.06378174
vn 0.8076172 -0.5615234 -0.1796875
vn -0.8725586 0.4882813 0.006183624
vn 0.1933594 0.5029297 -0.8422852
vn 0.762207 -0.5776367 -0.2922363
vn -0.4665527 0.8061523 0.3642578
vn 0.0236969 0.6679688 -0.7436523
vn 0.9936523 -0.03167725 0.1090088
vn 0.9926758 -0.001693726 0.1226196
vn -0.1242065 -0.001689911 0.9921875
vn -0.1376953 -0.03158569 0.9897461
vn -0.9946289 -0.002996445 -0.1032104
vn 0.9853516 -0.1607666 0.05566406
vn -0.9897461 0.05819702 -0.1290283
vn -0.1873779 -0.1602783 0.9692383
vn 0.925293 -0.3759766 -0.04736328
vn -0.9711914 0.2059326 -0.1192627
vn -0.2722168 -0.3747559 0.8862305
vn 0.8076172 -0.5615234 -0.1796875
vn -0.9326172 0.3552246 -0.06378174
vn -0.3718262 -0.5600586 0.7402344
vn 0.762207 -0.5776367 -0.2922363
vn -0.8725586 0.4882813 0.006183624
vn -0.6337891 -0.5947266 0.4946289
vn -0.4665527 0.8061523 0.3642578
vn -0.2178955 0.4882813 0.8452148
vn -0.8085938 -0.5600586 0.1807861
vn 0.4685059 -0.5776367 -0.668457
vn -0.1646729 0.3552246 0.9199219
vn 0.3706055 -0.5615234 -0.7397461
vn -0.9257813 -0.3747559 0.04891968
vn -0.1202393 0.2059326 0.9711914
vn 0.270752 -0.3759766 -0.8862305
vn -0.9858398 -0.1602783 -0.05355835
vn -0.1152344 0.05819702 0.9916992
vn 0.1853027 -0.1607666 -0.9692383
vn -0.9936523 -0.03158569 -0.1068115
vn -0.1414795 -0.002996445 0.9897461
vn 0.135498 -0.03167725 -0.9902344
vn -0.9926758 -0.001689911 -0.1204834
vn 0.1220703 -0.001693726 -0.9926758
vn 0.9902344 -0.003105164 0.1387939
vn 0.135498 -0.03167725 -0.9902344
vn 0.1220703 -0.001693726 -0.9926758
vn 0.9848633 0.05966187 0.1636963
vn -0.1414795 -0.002996445 0.9897461
vn 0.1853027 -0.1607666 -0.9692383
vn -0.1152344 0.05819702 0.9916992
vn 0.965332 0.2125244 0.1502686
vn 0.270752 -0.3759766 -0.8862305
vn -0.1202393 0.2059326 0.9711914
vn 0.925293 0.3674316 0.09344482
vn -0.1646729 0.3552246 0.9199219
vn 0.3706055 -0.5615234 -0.7397461
vn -0.2178955 0.4882813 0.8452148
vn 0.8642578 0.5029297 0.01708984
vn 0.4685059 -0.5776367 -0.668457
vn -0.4665527 0.8061523 0.3642578
vn 0.7270508 0.6679688 0.1575928
vn -0.8237305 0.003381729 0.5673828
vn -0.8237305 0.003381729 0.5673828
vn -0.8154297 0.00340271 0.5791016
vn -0.8154297 0.00340271 0.5791016
vn -0.8178711 0.002189636 0.5756836
vn -0.8154297 0.00340271 0.5791016
vn -0.8188477 0.003196716 0.5742188
vn -0.8154297 0.00340271 0.5791016
vn -0.8203125 0.003194809 0.5722656
vn -0.8203125 0.006572723 0.5722656
vn -0.8203125 0.003194809 0.5722656
vn 0 1 0
vn 0 1 0
vn 0 1 0
vn 0 1 0
vn -0.5493164 0 0.8354492
vn -0.5493164 0 0.8354492
vn -0.5493164 0 0.8354492
vn -0.5493164 0 0.8354492
vn 0.8398438 0.006458282 0.5429688
vn 0.8374023 0.003753662 0.5463867
vn 0.8417969 0.003740311 0.5400391
vn 0.8374023 0.00479126 0.5463867
vn 0.8364258 0.006324768 0.5478516
vn 0.8334961 0.003767014 0.5522461
vn 0.8364258 0.004543304 0.5483398
vn 0.8354492 0.006420135 0.5493164
vn 0.8374023 0.005111694 0.5463867
vn 0.8383789 0.006282806 0.5449219
vn 0.8388672 0.004547119 0.5444336
vn 0.8398438 0.006454468 0.5429688
vn 0.8374023 0.003753662 0.5463867
vn 0.8417969 0.003740311 0.5400391
vn 0.8374023 0.00479126 0.5463867
vn 0.8364258 0.006324768 0.5478516
vn 0.8334961 0.003767014 0.5522461
vn 0.8364258 0.004543304 0.5483398
vn 0.8354492 0.006420135 0.5493164
vn 0.8374023 0.005111694 0.5463867
vn 0.8383789 0.006278992 0.5449219
vn 0.8388672 0.004543304 0.5444336
vn 0.9306641 0 0.3659668
vn 0.9306641 0 0.3659668
vn 0.9282227 -0.0009121895 0.3723145
vn 0.9575195 -0.001858711 0.2883301
vn 0.8911133 -0.00374794 0.4541016
vn 0.894043 -0.001851082 0.4484863
vn 0.840332 0.003704071 0.5424805
vn 0.9301758 0 0.3664551
vn 0.972168 0 0.2340088
vn 0.8408203 0 0.5410156
vn 0.8408203 0.001899719 0.5415039
vn 0.8383789 0.001238823 0.5454102
vn 0.8388672 0 0.5449219
vn 0.8383789 0.0006194115 0.5449219
vn 0.8398438 -0.001131058 0.5429688
vn 0.8408203 0 0.5415039
vn 0.840332 -0.0005664825 0.5419922
vn 0.824707 -0.005432129 0.565918
vn 0.8227539 0 0.5683594
vn 0.8251953 -0.002403259 0.5649414
vn 0.8188477 -0.001087189 0.5737305
vn 0.8120117 -0.0003454685 0.5834961
vn 0.8193359 0 0.5732422
vn 0.8056641 0 0.5927734
vn 0.8198242 0 0.5722656
vn 0.8271484 0 0.5625
vn 0.8203125 0.0008826256 0.5717773
vn 0.8208008 0 0.5712891
vn 0.8256836 0.005840302 0.5644531
vn 0.8286133 0.003141403 0.5600586
vn 0.8417969 0 0.5395508
vn 0.8408203 0.00610733 0.5410156
vn 0.8413086 0.002891541 0.5405273
vn 0.8393555 0 0.543457
vn 0.8388672 0.00198555 0.5444336
vn 0.8388672 0.000992775 0.5439453
vn 0.8398438 0 0.5429688
vn 0.8393555 -0.0008320808 0.5439453
vn 0.8393555 -0.0004169941 0.543457
vn 0.8378906 0 0.5458984
vn 0.8369141 -0.003335953 0.5478516
vn 0.8374023 -0.001576424 0.5463867
vn 0.197998 0 0.9799805
vn 0.8359375 -0.001327515 0.5493164
vn 0.1988525 -0.0007343292 0.9799805
vn 0.8359375 0 0.5483398
vn 0.2001953 0 0.9799805
vn -0.5537109 0 0.8325195
vn -0.5537109 0 0.8325195
vn -0.5537109 0 0.8325195
vn -0.5537109 0 0.8325195
vn 0.197998 0 0.9799805
vn -0.5537109 0 0.8325195
vn 0.1988525 -0.0007343292 0.9799805
vn -0.5537109 0 0.8325195
vn 0.2001953 0 0.9799805
vn -0.8354492 0 -0.5493164
vn -0.8354492 0 -0.5493164
vn -0.8354492 0 -0.5493164
vn -0.8354492 0 -0.5493164
vn 6.312132E-05 -1 -0.0005393028
vn 6.312132E-05 -1 -0.0005393028
vn 6.312132E-05 -1 -0.0005393028
vn 6.312132E-05 -1 -0.0005393028
vn -6.312132E-05 1 0.0005393028
vn -6.312132E-05 1 0.0005393028
vn -6.312132E-05 1 0.0005393028
vn -6.312132E-05 1 0.0005393028
vn -0.5498047 0 0.8349609
vn -0.5498047 0 0.8349609
vn -0.5498047 0 0.8349609
vn -0.5498047 0 0.8349609
vn 0 1 0
vn 0 1 0
vn 0 1 0
vn 0 1 0
vn 0 -1 0
vn 0 -1 0
vn 0 -1 0
vn 0 -1 0
vn 0.8344727 0 0.5507813
vn 0.8344727 0 0.5507813
vn 0.8344727 0 0.5507813
vn 0.8344727 0 0.5507813
vn 0.0004713535 -1 -0.0002696514
vn 0.0004713535 -1 -0.0002696514
vn 0.0004713535 -1 -0.0002696514
vn 0.0004713535 -1 -0.0002696514
vn -0.0004713535 1 0.0002703667
vn -0.0004713535 1 0.0002703667
vn -0.0004713535 1 0.0002703667
vn -0.0004713535 1 0.0002703667
vn -0.550293 0 0.8349609
vn -0.550293 0 0.8349609
vn -0.550293 0 0.8349609
vn -0.550293 0 0.8349609
vn 0 1 0
vn 0 1 0
vn 0 1 0
vn 0 1 0
vn 0 -1 0
vn 0 -1 0
vn 0 -1 0
vn 0 -1 0
vn 0.4555664 0.5849609 0.6708984
vn 0 1 0
vn 0.6777344 0.5849609 0.4455566
vn 0.7963867 0.5849609 0.1523438
vn 0.7602539 0.4152832 0.4997559
vn 0.8935547 0.4152832 0.1708984
vn 0.7602539 0.4152832 0.4997559
vn 0.7939453 0.5849609 -0.1640625
vn 0.8935547 0.4152832 0.1708984
vn 0.7602539 0.4152832 0.4997559
vn 0.8911133 0.4152832 -0.184082
vn 0.8935547 0.4152832 0.1708984
vn 0.7602539 0.4152832 0.4997559
vn 0.6708984 0.5849609 -0.4555664
vn 0.8911133 0.4152832 -0.184082
vn 0.8935547 0.4152832 0.1708984
vn 0.7602539 0.4152832 0.4997559
vn 0.8935547 0.4152832 0.1708984
vn 0.7524414 0.4152832 -0.5112305
vn 0.8911133 0.4152832 -0.184082
vn 0.8911133 0.4152832 -0.184082
vn 0.8911133 0.4152832 -0.184082
vn 0.7524414 0.4152832 -0.5112305
vn 0.4455566 0.5849609 -0.6777344
vn 0.7524414 0.4152832 -0.5112305
vn 0.7524414 0.4152832 -0.5112305
vn 0.7524414 0.4152832 -0.5112305
vn 0.4997559 0.4152832 -0.7602539
vn 0.4997559 0.4152832 -0.7602539
vn 0.4997559 0.4152832 -0.7602539
vn 0.4997559 0.4152832 -0.7602539
vn 0.4997559 0.4152832 -0.7602539
vn 0.1523438 0.5849609 -0.7963867
vn 0.1708984 0.4152832 -0.8935547
vn 0.1708984 0.4152832 -0.8935547
vn 0.1708984 0.4152832 -0.8935547
vn 0.1708984 0.4152832 -0.8935547
vn 0.1708984 0.4152832 -0.8935547
vn -0.1640625 0.5849609 -0.7939453
vn -0.184082 0.4152832 -0.8911133
vn -0.184082 0.4152832 -0.8911133
vn -0.184082 0.4152832 -0.8911133
vn -0.4555664 0.5849609 -0.6708984
vn -0.6777344 0.5849609 -0.4455566
vn -0.5112305 0.4152832 -0.7524414
vn -0.7602539 0.4152832 -0.4997559
vn -0.184082 0.4152832 -0.8911133
vn -0.184082 0.4152832 -0.8911133
vn -0.5112305 0.4152832 -0.7524414
vn -0.7602539 0.4152832 -0.4997559
vn -0.5112305 0.4152832 -0.7524414
vn -0.7602539 0.4152832 -0.4997559
vn -0.5112305 0.4152832 -0.7524414
vn -0.7602539 0.4152832 -0.4997559
vn -0.5112305 0.4152832 -0.7524414
vn -0.7602539 0.4152832 -0.4997559
vn 0.5112305 0.4152832 0.7524414
vn 0.7602539 0.4152832 0.4997559
vn 0.7602539 0.4152832 0.4997559
vn 0.5112305 0.4152832 0.7524414
vn 0.184082 0.4152832 0.8911133
vn 0.7602539 0.4152832 0.4997559
vn 0.184082 0.4152832 0.8911133
vn -0.1708984 0.4152832 0.8935547
vn 0.5112305 0.4152832 0.7524414
vn 0.7602539 0.4152832 0.4997559
vn -0.1708984 0.4152832 0.8935547
vn -0.4997559 0.4152832 0.7602539
vn 0.184082 0.4152832 0.8911133
vn 0.5112305 0.4152832 0.7524414
vn 0.7602539 0.4152832 0.4997559
vn -0.4997559 0.4152832 0.7602539
vn -0.7524414 0.4152832 0.5112305
vn -0.1708984 0.4152832 0.8935547
vn 0.5112305 0.4152832 0.7524414
vn 0.6777344 0.5849609 0.4455566
vn 0.4555664 0.5849609 0.6708984
vn 0.184082 0.4152832 0.8911133
vn -0.7524414 0.4152832 0.5112305
vn -0.8911133 0.4152832 0.184082
vn 0.184082 0.4152832 0.8911133
vn -0.4997559 0.4152832 0.7602539
vn -0.1708984 0.4152832 0.8935547
vn -0.8911133 0.4152832 0.184082
vn -0.8935547 0.4152832 -0.1708984
vn 0.1640625 0.5849609 0.7939453
vn 0 1 0
vn -0.7524414 0.4152832 0.5112305
vn -0.1708984 0.4152832 0.8935547
vn -0.4997559 0.4152832 0.7602539
vn -0.8935547 0.4152832 -0.1708984
vn -0.7602539 0.4152832 -0.4997559
vn -0.7602539 0.4152832 -0.4997559
vn -0.1523438 0.5849609 0.7963867
vn -0.8911133 0.4152832 0.184082
vn -0.8935547 0.4152832 -0.1708984
vn -0.7602539 0.4152832 -0.4997559
vn -0.4997559 0.4152832 0.7602539
vn -0.7524414 0.4152832 0.5112305
vn -0.8935547 0.4152832 -0.1708984
vn -0.7602539 0.4152832 -0.4997559
vn -0.8911133 0.4152832 0.184082
vn -0.4455566 0.5849609 0.6777344
vn -0.7524414 0.4152832 0.5112305
vn -0.8935547 0.4152832 -0.1708984
vn -0.7602539 0.4152832 -0.4997559
vn -0.8911133 0.4152832 0.184082
vn -0.6708984 0.5849609 0.4555664
vn -0.7939453 0.5849609 0.1640625
vn -0.7963867 0.5849609 -0.1523438
vn -0.6777344 0.5849609 -0.4455566
vn -0.9824219 0 -0.1878662
vn -0.8354492 0 -0.5493164
vn -0.9824219 0 -0.1878662
vn -0.8354492 0 -0.5493164
vn -0.9824219 0 -0.1878662
vn -0.5615234 0 -0.8271484
vn -0.8354492 0 -0.5493164
vn -0.7329102 -0.6655273 -0.1401367
vn -0.5615234 0 -0.8271484
vn -0.2023926 0 -0.9794922
vn -0.2023926 0 -0.9794922
vn 0.1878662 0 -0.9824219
vn -0.5615234 0 -0.8271484
vn 0.1878662 0 -0.9824219
vn 0.5493164 0 -0.8354492
vn -0.6235352 -0.6655273 -0.4099121
vn -0.2023926 0 -0.9794922
vn 0.5493164 0 -0.8354492
vn 0.8271484 0 -0.5615234
vn -0.4191895 -0.6655273 -0.6171875
vn 0.1878662 0 -0.9824219
vn 0.8271484 0 -0.5615234
vn 0.9794922 0 -0.2023926
vn -0.151001 -0.6655273 -0.730957
vn 0.5493164 0 -0.8354492
vn 0.9794922 0 -0.2023926
vn 0.9824219 0 0.1878662
vn 0.9824219 0 0.1878662
vn 0.1401367 -0.6655273 -0.7329102
vn 0.4099121 -0.6655273 -0.6235352
vn 0.8271484 0 -0.5615234
vn 0.9794922 0 -0.2023926
vn 0.9824219 0 0.1878662
vn 0.6171875 -0.6655273 -0.4191895
vn 0.730957 -0.6655273 -0.151001
vn 0.7329102 -0.6655273 0.1401367
vn -0.730957 -0.6655273 0.151001
vn 0.6235352 -0.6655273 0.4099121
vn -0.6171875 -0.6655273 0.4191895
vn 0.4191895 -0.6655273 0.6171875
vn -0.4099121 -0.6655273 0.6235352
vn 0.151001 -0.6655273 0.730957
vn -0.1401367 -0.6655273 0.7329102
vn 0.9824219 0 0.1878662
vn 0.8354492 0 0.5493164
vn 0.9824219 0 0.1878662
vn 0.8354492 0 0.5493164
vn 0.9824219 0 0.1878662
vn 0.5615234 0 0.8271484
vn 0.8354492 0 0.5493164
vn 0.7329102 -0.6655273 0.1401367
vn 0.6235352 -0.6655273 0.4099121
vn 0.5615234 0 0.8271484
vn 0.2023926 0 0.9794922
vn 0.5615234 0 0.8271484
vn 0.4191895 -0.6655273 0.6171875
vn 0.2023926 0 0.9794922
vn -0.1878662 0 0.9824219
vn 0.2023926 0 0.9794922
vn 0.151001 -0.6655273 0.730957
vn -0.1878662 0 0.9824219
vn -0.5493164 0 0.8354492
vn -0.1878662 0 0.9824219
vn -0.1401367 -0.6655273 0.7329102
vn -0.5493164 0 0.8354492
vn -0.8271484 0 0.5615234
vn -0.5493164 0 0.8354492
vn -0.4099121 -0.6655273 0.6235352
vn -0.8271484 0 0.5615234
vn -0.9794922 0 0.2023926
vn -0.8271484 0 0.5615234
vn -0.6171875 -0.6655273 0.4191895
vn -0.9794922 0 0.2023926
vn -0.9824219 0 -0.1878662
vn -0.9824219 0 -0.1878662
vn -0.9794922 0 0.2023926
vn -0.730957 -0.6655273 0.151001
vn -0.9824219 0 -0.1878662
vn -0.7329102 -0.6655273 -0.1401367
vn -0.9824219 0 -0.1878662
vn -0.730957 -0.6655273 0.151001
vn -0.7329102 -0.6655273 -0.1401367
vn -0.9794922 0 0.2023926
vn -0.9824219 0 -0.1878662
vn -0.6171875 -0.6655273 0.4191895
vn -0.9794922 0 0.2023926
vn -0.7329102 0.6655273 -0.1401367
vn -0.8271484 0 0.5615234
vn -0.4099121 -0.6655273 0.6235352
vn -0.5493164 0 0.8354492
vn -0.1401367 -0.6655273 0.7329102
vn -0.8271484 0 0.5615234
vn -0.1878662 0 0.9824219
vn 0.151001 -0.6655273 0.730957
vn -0.730957 0.6655273 0.151001
vn -0.5493164 0 0.8354492
vn 0.2023926 0 0.9794922
vn 0.4191895 -0.6655273 0.6171875
vn -0.6171875 0.6655273 0.4191895
vn -0.1878662 0 0.9824219
vn 0.5615234 0 0.8271484
vn 0.6235352 -0.6655273 0.4099121
vn 0.8354492 0 0.5493164
vn 0.2023926 0 0.9794922
vn 0.5615234 0 0.8271484
vn 0.8354492 0 0.5493164
vn -0.4099121 0.6655273 0.6235352
vn -0.1401367 0.6655273 0.7329102
vn 0.151001 0.6655273 0.730957
vn 0.4191895 0.6655273 0.6171875
vn 0.6235352 0.6655273 0.4099121
vn 0 1 0
vn 0 1 0
vn 0 1 0
vn 0 1 0
vn 0 1 0
vn 0 1 0
vn 0 1 0
vn 0 1 0
vn 0 1 0
vn 0.7329102 0.6655273 0.1401367
vn -0.6235352 0.6655273 -0.4099121
vn 0 1 0
vn 0 1 0
vn 0.730957 0.6655273 -0.151001
vn -0.4191895 0.6655273 -0.6171875
vn 0 1 0
vn 0 1 0
vn 0.6171875 0.6655273 -0.4191895
vn -0.151001 0.6655273 -0.730957
vn 0 1 0
vn 0 1 0
vn 0.4099121 0.6655273 -0.6235352
vn 0.1401367 0.6655273 -0.7329102
vn 0 1 0
vn -0.6235352 0.6655273 -0.4099121
vn -0.7329102 0.6655273 -0.1401367
vn -0.9824219 0 -0.1878662
vn -0.8354492 0 -0.5493164
vn -0.4191895 0.6655273 -0.6171875
vn -0.9824219 0 -0.1878662
vn -0.5615234 0 -0.8271484
vn -0.151001 0.6655273 -0.730957
vn -0.8354492 0 -0.5493164
vn -0.7329102 -0.6655273 -0.1401367
vn -0.2023926 0 -0.9794922
vn 0.1401367 0.6655273 -0.7329102
vn -0.5615234 0 -0.8271484
vn 0.1878662 0 -0.9824219
vn 0.4099121 0.6655273 -0.6235352
vn -0.6235352 -0.6655273 -0.4099121
vn -0.2023926 0 -0.9794922
vn 0.5493164 0 -0.8354492
vn 0.6171875 0.6655273 -0.4191895
vn -0.4191895 -0.6655273 -0.6171875
vn 0.1878662 0 -0.9824219
vn 0.8271484 0 -0.5615234
vn 0.730957 0.6655273 -0.151001
vn -0.151001 -0.6655273 -0.730957
vn 0.5493164 0 -0.8354492
vn 0.9794922 0 -0.2023926
vn 0.7329102 0.6655273 0.1401367
vn 0.1401367 -0.6655273 -0.7329102
vn 0.8271484 0 -0.5615234
vn 0.9824219 0 0.1878662
vn 0.6235352 0.6655273 0.4099121
vn 0.8354492 0 0.5493164
vn 0.9794922 0 -0.2023926
vn 0.9824219 0 0.1878662
vn 0.8354492 0 0.5493164
vn 0.4099121 -0.6655273 -0.6235352
vn 0.6171875 -0.6655273 -0.4191895
vn 0.730957 -0.6655273 -0.151001
vn 0.7329102 -0.6655273 0.1401367
vn 0.6235352 -0.6655273 0.4099121
vn 0 -1 0
vn 0 -1 0
vn 0 -1 0
vn 0 -1 0
vn 0 -1 0
vn 0 -1 0
vn 0 -1 0
vn 0 -1 0
vn 0 -1 0
vn 0.4191895 -0.6655273 0.6171875
vn 0 -1 0
vn 0 -1 0
vn 0.151001 -0.6655273 0.730957
vn 0 -1 0
vn 0 -1 0
vn -0.730957 -0.6655273 0.151001
vn -0.1401367 -0.6655273 0.7329102
vn 0 -1 0
vn 0 -1 0
vn -0.6171875 -0.6655273 0.4191895
vn -0.4099121 -0.6655273 0.6235352
vn 0 -1 0
vn -0.5112305 0.4152832 -0.7524414
vn -0.7602539 0.4152832 -0.4997559
vn -0.7602539 0.4152832 -0.4997559
vn -0.5112305 0.4152832 -0.7524414
vn -0.184082 0.4152832 -0.8911133
vn -0.7602539 0.4152832 -0.4997559
vn -0.184082 0.4152832 -0.8911133
vn 0.1708984 0.4152832 -0.8935547
vn -0.5112305 0.4152832 -0.7524414
vn -0.7602539 0.4152832 -0.4997559
vn 0.1708984 0.4152832 -0.8935547
vn 0.4997559 0.4152832 -0.7602539
vn -0.184082 0.4152832 -0.8911133
vn -0.5112305 0.4152832 -0.7524414
vn -0.7602539 0.4152832 -0.4997559
vn 0.4997559 0.4152832 -0.7602539
vn 0.7524414 0.4152832 -0.5112305
vn 0.1708984 0.4152832 -0.8935547
vn -0.5112305 0.4152832 -0.7524414
vn -0.6777344 0.5849609 -0.4455566
vn -0.184082 0.4152832 -0.8911133
vn 0.7524414 0.4152832 -0.5112305
vn 0.8911133 0.4152832 -0.184082
vn -0.4555664 0.5849609 -0.6708984
vn 0 1 0
vn 0.4997559 0.4152832 -0.7602539
vn -0.184082 0.4152832 -0.8911133
vn 0.1708984 0.4152832 -0.8935547
vn 0.8911133 0.4152832 -0.184082
vn 0.8935547 0.4152832 0.1708984
vn -0.1640625 0.5849609 -0.7939453
vn 0.7524414 0.4152832 -0.5112305
vn 0.1708984 0.4152832 -0.8935547
vn 0.4997559 0.4152832 -0.7602539
vn 0.8935547 0.4152832 0.1708984
vn 0.7602539 0.4152832 0.4997559
vn 0.7602539 0.4152832 0.4997559
vn 0.1523438 0.5849609 -0.7963867
vn 0.8911133 0.4152832 -0.184082
vn 0.8935547 0.4152832 0.1708984
vn 0.7602539 0.4152832 0.4997559
vn 0.4997559 0.4152832 -0.7602539
vn 0.7524414 0.4152832 -0.5112305
vn 0.8935547 0.4152832 0.1708984
vn 0.7602539 0.4152832 0.4997559
vn 0.8911133 0.4152832 -0.184082
vn 0.4455566 0.5849609 -0.6777344
vn 0.7524414 0.4152832 -0.5112305
vn 0.8935547 0.4152832 0.1708984
vn 0.7602539 0.4152832 0.4997559
vn 0.8911133 0.4152832 -0.184082
vn 0.6708984 0.5849609 -0.4555664
vn 0.7939453 0.5849609 -0.1640625
vn 0.7963867 0.5849609 0.1523438
vn 0.6777344 0.5849609 0.4455566
vn 0.5112305 0.4152832 0.7524414
vn 0.7602539 0.4152832 0.4997559
vn 0.7602539 0.4152832 0.4997559
vn 0.5112305 0.4152832 0.7524414
vn 0.184082 0.4152832 0.8911133
vn 0.7602539 0.4152832 0.4997559
vn 0.184082 0.4152832 0.8911133
vn -0.1708984 0.4152832 0.8935547
vn 0.5112305 0.4152832 0.7524414
vn 0.7602539 0.4152832 0.4997559
vn -0.1708984 0.4152832 0.8935547
vn -0.4997559 0.4152832 0.7602539
vn 0.184082 0.4152832 0.8911133
vn 0.5112305 0.4152832 0.7524414
vn 0.7602539 0.4152832 0.4997559
vn -0.4997559 0.4152832 0.7602539
vn -0.7524414 0.4152832 0.5112305
vn -0.1708984 0.4152832 0.8935547
vn 0.5112305 0.4152832 0.7524414
vn 0.6777344 0.5849609 0.4455566
vn 0.184082 0.4152832 0.8911133
vn -0.7524414 0.4152832 0.5112305
vn -0.8911133 0.4152832 0.184082
vn 0.4555664 0.5849609 0.6708984
vn 0 1 0
vn -0.4997559 0.4152832 0.7602539
vn 0.184082 0.4152832 0.8911133
vn -0.1708984 0.4152832 0.8935547
vn -0.8911133 0.4152832 0.184082
vn -0.8935547 0.4152832 -0.1708984
vn 0.1640625 0.5849609 0.7939453
vn -0.7524414 0.4152832 0.5112305
vn -0.1708984 0.4152832 0.8935547
vn -0.4997559 0.4152832 0.7602539
vn -0.8935547 0.4152832 -0.1708984
vn -0.7602539 0.4152832 -0.4997559
vn -0.7602539 0.4152832 -0.4997559
vn -0.1523438 0.5849609 0.7963867
vn -0.8911133 0.4152832 0.184082
vn -0.8935547 0.4152832 -0.1708984
vn -0.7602539 0.4152832 -0.4997559
vn -0.4997559 0.4152832 0.7602539
vn -0.7524414 0.4152832 0.5112305
vn -0.8935547 0.4152832 -0.1708984
vn -0.7602539 0.4152832 -0.4997559
vn -0.8911133 0.4152832 0.184082
vn -0.4455566 0.5849609 0.6777344
vn -0.7524414 0.4152832 0.5112305
vn -0.8935547 0.4152832 -0.1708984
vn -0.7602539 0.4152832 -0.4997559
vn -0.8911133 0.4152832 0.184082
vn -0.6708984 0.5849609 0.4555664
vn -0.7939453 0.5849609 0.1640625
vn -0.7963867 0.5849609 -0.1523438
vn -0.6777344 0.5849609 -0.4455566
vn 0.8354492 0 0.5493164
vn 0.5615234 0 0.8271484
vn 0.8354492 0 0.5493164
vn 0.5615234 0 0.8271484
vn 0.8354492 0 0.5493164
vn 0.2023926 0 0.9794922
vn 0.5615234 0 0.8271484
vn 0.6235352 -0.6655273 0.4099121
vn 0.4191895 -0.6655273 0.6171875
vn 0.2023926 0 0.9794922
vn -0.1878662 0 0.9824219
vn 0.2023926 0 0.9794922
vn 0.151001 -0.6655273 0.730957
vn -0.1878662 0 0.9824219
vn -0.5493164 0 0.8354492
vn -0.1878662 0 0.9824219
vn -0.1401367 -0.6655273 0.7329102
vn -0.5493164 0 0.8354492
vn -0.8271484 0 0.5615234
vn -0.5493164 0 0.8354492
vn -0.4099121 -0.6655273 0.6235352
vn -0.8271484 0 0.5615234
vn -0.9794922 0 0.2023926
vn -0.8271484 0 0.5615234
vn -0.6171875 -0.6655273 0.4191895
vn -0.9794922 0 0.2023926
vn -0.9824219 0 -0.1878662
vn -0.9794922 0 0.2023926
vn -0.730957 -0.6655273 0.151001
vn -0.9824219 0 -0.1878662
vn -0.8354492 0 -0.5493164
vn -0.8354492 0 -0.5493164
vn -0.9824219 0 -0.1878662
vn -0.7329102 -0.6655273 -0.1401367
vn -0.8354492 0 -0.5493164
vn -0.6235352 -0.6655273 -0.4099121
vn -0.8354492 0 -0.5493164
vn -0.5615234 0 -0.8271484
vn -0.8354492 0 -0.5493164
vn -0.5615234 0 -0.8271484
vn -0.8354492 0 -0.5493164
vn -0.2023926 0 -0.9794922
vn -0.5615234 0 -0.8271484
vn -0.6235352 -0.6655273 -0.4099121
vn -0.2023926 0 -0.9794922
vn 0.1878662 0 -0.9824219
vn 0.1878662 0 -0.9824219
vn 0.5493164 0 -0.8354492
vn -0.2023926 0 -0.9794922
vn 0.5493164 0 -0.8354492
vn 0.8271484 0 -0.5615234
vn -0.4191895 -0.6655273 -0.6171875
vn 0.1878662 0 -0.9824219
vn 0.8271484 0 -0.5615234
vn 0.9794922 0 -0.2023926
vn -0.151001 -0.6655273 -0.730957
vn 0.5493164 0 -0.8354492
vn 0.9794922 0 -0.2023926
vn 0.9824219 0 0.1878662
vn 0.1401367 -0.6655273 -0.7329102
vn 0.4099121 -0.6655273 -0.6235352
vn 0.8271484 0 -0.5615234
vn 0.6171875 -0.6655273 -0.4191895
vn 0.9824219 0 0.1878662
vn 0.8354492 0 0.5493164
vn 0.8354492 0 0.5493164
vn 0.9794922 0 -0.2023926
vn 0.730957 -0.6655273 -0.151001
vn -0.7329102 -0.6655273 -0.1401367
vn 0.9824219 0 0.1878662
vn 0.8354492 0 0.5493164
vn 0.7329102 -0.6655273 0.1401367
vn -0.730957 -0.6655273 0.151001
vn 0.6235352 -0.6655273 0.4099121
vn -0.6171875 -0.6655273 0.4191895
vn 0.4191895 -0.6655273 0.6171875
vn -0.4099121 -0.6655273 0.6235352
vn 0.151001 -0.6655273 0.730957
vn -0.1401367 -0.6655273 0.7329102
vn -0.8354492 0 -0.5493164
vn -0.7329102 -0.6655273 -0.1401367
vn -0.6235352 -0.6655273 -0.4099121
vn -0.9824219 0 -0.1878662
vn -0.8354492 0 -0.5493164
vn -0.730957 -0.6655273 0.151001
vn -0.9824219 0 -0.1878662
vn -0.6235352 0.6655273 -0.4099121
vn -0.9794922 0 0.2023926
vn -0.6171875 -0.6655273 0.4191895
vn -0.8271484 0 0.5615234
vn -0.4099121 -0.6655273 0.6235352
vn -0.9794922 0 0.2023926
vn -0.5493164 0 0.8354492
vn -0.1401367 -0.6655273 0.7329102
vn -0.7329102 0.6655273 -0.1401367
vn -0.8271484 0 0.5615234
vn -0.1878662 0 0.9824219
vn 0.151001 -0.6655273 0.730957
vn -0.730957 0.6655273 0.151001
vn -0.5493164 0 0.8354492
vn 0.2023926 0 0.9794922
vn 0.4191895 -0.6655273 0.6171875
vn 0.5615234 0 0.8271484
vn -0.1878662 0 0.9824219
vn 0.2023926 0 0.9794922
vn 0.5615234 0 0.8271484
vn -0.6171875 0.6655273 0.4191895
vn -0.4099121 0.6655273 0.6235352
vn -0.1401367 0.6655273 0.7329102
vn 0.151001 0.6655273 0.730957
vn 0.4191895 0.6655273 0.6171875
vn 0 1 0
vn 0 1 0
vn 0 1 0
vn 0 1 0
vn 0 1 0
vn 0 1 0
vn 0 1 0
vn 0 1 0
vn 0 1 0
vn 0.6235352 0.6655273 0.4099121
vn -0.4191895 0.6655273 -0.6171875
vn 0 1 0
vn 0 1 0
vn 0.7329102 0.6655273 0.1401367
vn -0.151001 0.6655273 -0.730957
vn 0 1 0
vn 0 1 0
vn 0.730957 0.6655273 -0.151001
vn 0.1401367 0.6655273 -0.7329102
vn 0 1 0
vn 0 1 0
vn 0.6171875 0.6655273 -0.4191895
vn 0.4099121 0.6655273 -0.6235352
vn 0 1 0
vn -0.4191895 0.6655273 -0.6171875
vn -0.6235352 0.6655273 -0.4099121
vn -0.8354492 0 -0.5493164
vn -0.5615234 0 -0.8271484
vn -0.151001 0.6655273 -0.730957
vn -0.8354492 0 -0.5493164
vn -0.2023926 0 -0.9794922
vn 0.1401367 0.6655273 -0.7329102
vn -0.5615234 0 -0.8271484
vn -0.6235352 -0.6655273 -0.4099121
vn 0.1878662 0 -0.9824219
vn 0.4099121 0.6655273 -0.6235352
vn -0.2023926 0 -0.9794922
vn 0.5493164 0 -0.8354492
vn 0.6171875 0.6655273 -0.4191895
vn -0.4191895 -0.6655273 -0.6171875
vn 0.1878662 0 -0.9824219
vn 0.8271484 0 -0.5615234
vn 0.730957 0.6655273 -0.151001
vn -0.151001 -0.6655273 -0.730957
vn 0.5493164 0 -0.8354492
vn 0.9794922 0 -0.2023926
vn 0.7329102 0.6655273 0.1401367
vn 0.1401367 -0.6655273 -0.7329102
vn 0.8271484 0 -0.5615234
vn 0.9824219 0 0.1878662
vn 0.6235352 0.6655273 0.4099121
vn 0.4099121 -0.6655273 -0.6235352
vn 0.9794922 0 -0.2023926
vn 0.8354492 0 0.5493164
vn 0.4191895 0.6655273 0.6171875
vn 0.5615234 0 0.8271484
vn 0.9824219 0 0.1878662
vn 0.8354492 0 0.5493164
vn 0.5615234 0 0.8271484
vn 0.6171875 -0.6655273 -0.4191895
vn 0.730957 -0.6655273 -0.151001
vn 0.6235352 -0.6655273 0.4099121
vn 0.4191895 -0.6655273 0.6171875
vn 0.7329102 -0.6655273 0.1401367
vn 0 -1 0
vn 0 -1 0
vn 0 -1 0
vn 0 -1 0
vn 0 -1 0
vn 0 -1 0
vn 0 -1 0
vn 0 -1 0
vn 0 -1 0
vn 0 -1 0
vn 0.151001 -0.6655273 0.730957
vn 0 -1 0
vn 0 -1 0
vn -0.1401367 -0.6655273 0.7329102
vn -0.7329102 -0.6655273 -0.1401367
vn 0 -1 0
vn 0 -1 0
vn -0.4099121 -0.6655273 0.6235352
vn -0.730957 -0.6655273 0.151001
vn 0 -1 0
vn 0 -1 0
vn -0.6171875 -0.6655273 0.4191895
vn 0.5073242 0.7944336 0.3337402
vn 0.1671143 0.9545898 0.2460938
vn 0.2485352 0.9545898 0.1634521
vn 0.3410645 0.7944336 0.5024414
vn 0.6279297 0.659668 0.4128418
vn 0.06018066 0.9545898 0.2912598
vn 0.4221191 0.659668 0.621582
vn 0.7202148 0.5073242 0.4736328
vn 0.1229248 0.7944336 0.5947266
vn -0.05587769 0.9545898 0.2922363
vn 0.4841309 0.5073242 0.7128906
vn 0.784668 0.3430176 0.5161133
vn 0.1520996 0.659668 0.7358398
vn -0.1140747 0.7944336 0.5966797
vn -0.1634521 0.9545898 0.2485352
vn 0.527832 0.3430176 0.7773438
vn 0.8227539 0.1728516 0.5410156
vn 0.1744385 0.5073242 0.8442383
vn -0.1411133 0.659668 0.737793
vn -0.3337402 0.7944336 0.5073242
vn -0.2460938 0.9545898 0.1671143
vn 0.5532227 0.1728516 0.8149414
vn 0.8354492 0 0.5493164
vn 0.1900635 0.3430176 0.9199219
vn -0.1618652 0.5073242 0.8466797
vn -0.4128418 0.659668 0.6279297
vn -0.5024414 0.7944336 0.3410645
vn -0.2912598 0.9545898 0.06018066
vn 0.5615234 0 0.8271484
vn 0.8022461 -0.2797852 0.5273438
vn 0.1993408 0.1728516 0.9643555
vn -0.1763916 0.3430176 0.9223633
vn -0.4736328 0.5073242 0.7202148
vn -0.621582 0.659668 0.4221191
vn -0.5947266 0.7944336 0.1228638
vn -0.2922363 0.9545898 -0.05587769
vn 0.5390625 -0.2797852 0.7944336
vn 0.7407227 -0.4624023 0.4870605
vn 0.2023926 0 0.9794922
vn -0.1849365 0.1728516 0.9672852
vn -0.5161133 0.3430176 0.784668
vn -0.7128906 0.5073242 0.4841309
vn -0.7358398 0.659668 0.1520996
vn -0.5966797 0.7944336 -0.1140747
vn -0.2485352 0.9545898 -0.1634521
vn -0.5073242 0.7944336 -0.3337402
vn -0.737793 0.659668 -0.1411133
vn -0.6279297 0.659668 -0.4128418
vn -0.8442383 0.5073242 0.1744385
vn -0.8466797 0.5073242 -0.1618652
vn -0.7202148 0.5073242 -0.4736328
vn -0.7773438 0.3430176 0.527832
vn -0.9199219 0.3430176 0.1900635
vn -0.9223633 0.3430176 -0.1763916
vn -0.784668 0.3430176 -0.5161133
vn -0.5410156 0.1728516 0.8227539
vn -0.8149414 0.1728516 0.5532227
vn -0.9643555 0.1728516 0.1993408
vn -0.9672852 0.1728516 -0.1849365
vn -0.8227539 0.1728516 -0.5410156
vn -0.1878662 0 0.9824219
vn -0.5493164 0 0.8354492
vn -0.8271484 0 0.5615234
vn -0.9794922 0 0.2023926
vn -0.9824219 0 -0.1878662
vn -0.8354492 0 -0.5493164
vn 0.1943359 -0.2797852 0.9404297
vn -0.1802979 -0.2797852 0.9428711
vn -0.5273438 -0.2797852 0.8022461
vn -0.7944336 -0.2797852 0.5390625
vn -0.9404297 -0.2797852 0.1943359
vn -0.9428711 -0.2797852 -0.1802979
vn -0.8022461 -0.2797852 -0.5273438
vn 0.4980469 -0.4624023 0.7333984
vn 0.765625 -0.4008789 0.503418
vn 0.1794434 -0.4624023 0.8681641
vn 0.5146484 -0.4008789 0.7578125
vn 0.7841797 -0.345459 0.515625
vn 0.5273438 -0.345459 0.7763672
vn 0.1854248 -0.4008789 0.8969727
vn 0.1899414 -0.345459 0.9189453
vn -0.1665039 -0.4624023 0.8710938
vn -0.1721191 -0.4008789 0.8999023
vn -0.1762695 -0.345459 0.921875
vn -0.4870605 -0.4624023 0.7407227
vn -0.503418 -0.4008789 0.765625
vn -0.515625 -0.345459 0.7841797
vn -0.7333984 -0.4624023 0.4980469
vn -0.7578125 -0.4008789 0.5146484
vn -0.7763672 -0.345459 0.5273438
vn -0.8681641 -0.4624023 0.1794434
vn -0.8710938 -0.4624023 -0.1665039
vn -0.8969727 -0.4008789 0.1854248
vn -0.9189453 -0.345459 0.1899414
vn -0.8999023 -0.4008789 -0.1721191
vn -0.921875 -0.345459 -0.1762695
vn -0.765625 -0.4008789 -0.503418
vn -0.7841797 -0.345459 -0.515625
vn -0.8710938 -0.4624023 -0.1665039
vn -0.8022461 -0.2797852 -0.5273438
vn -0.9428711 -0.2797852 -0.1802979
vn -0.7407227 -0.4624023 -0.4870605
vn -0.8999023 -0.4008789 -0.1721191
vn -0.765625 -0.4008789 -0.503418
vn -0.5390625 -0.2797852 -0.7944336
vn -0.4980469 -0.4624023 -0.7333984
vn -0.5615234 0 -0.8271484
vn -0.8354492 0 -0.5493164
vn -0.5146484 -0.4008789 -0.7578125
vn -0.7841797 -0.345459 -0.515625
vn -0.5273438 -0.345459 -0.7763672
vn -0.1854248 -0.4008789 -0.8969727
vn -0.1899414 -0.345459 -0.9189453
vn -0.1794434 -0.4624023 -0.8681641
vn -0.1943359 -0.2797852 -0.9404297
vn 0.1721191 -0.4008789 -0.8999023
vn 0.1762695 -0.345459 -0.921875
vn 0.1665039 -0.4624023 -0.8710938
vn 0.503418 -0.4008789 -0.765625
vn 0.515625 -0.345459 -0.7841797
vn -0.2023926 0 -0.9794922
vn 0.1802979 -0.2797852 -0.9428711
vn 0.4870605 -0.4624023 -0.7407227
vn 0.7578125 -0.4008789 -0.5146484
vn 0.7763672 -0.345459 -0.5273438
vn 0.1878662 0 -0.9824219
vn 0.5273438 -0.2797852 -0.8022461
vn 0.7333984 -0.4624023 -0.4980469
vn 0.8969727 -0.4008789 -0.1854248
vn 0.9189453 -0.345459 -0.1899414
vn 0.5493164 0 -0.8354492
vn 0.7944336 -0.2797852 -0.5390625
vn 0.8681641 -0.4624023 -0.1794434
vn 0.8999023 -0.4008789 0.1721191
vn 0.921875 -0.345459 0.1762695
vn 0.765625 -0.4008789 0.503418
vn 0.7841797 -0.345459 0.515625
vn 0.7407227 -0.4624023 0.4870605
vn 0.8710938 -0.4624023 0.1665039
vn 0.8022461 -0.2797852 0.5273438
vn 0.9428711 -0.2797852 0.1802979
vn 0.8354492 0 0.5493164
vn 0.9404297 -0.2797852 -0.1943359
vn 0.9824219 0 0.1878662
vn 0.8227539 0.1728516 0.5410156
vn 0.9794922 0 -0.2023926
vn 0.9672852 0.1728516 0.1849365
vn 0.784668 0.3430176 0.5161133
vn 0.8271484 0 -0.5615234
vn 0.9643555 0.1728516 -0.1993408
vn 0.9223633 0.3430176 0.1763916
vn 0.7202148 0.5073242 0.4736328
vn 0.8149414 0.1728516 -0.5532227
vn 0.9199219 0.3430176 -0.1900635
vn 0.8466797 0.5073242 0.1618652
vn 0.6279297 0.659668 0.4128418
vn 0.5410156 0.1728516 -0.8227539
vn 0.7773438 0.3430176 -0.527832
vn 0.8442383 0.5073242 -0.1744385
vn 0.737793 0.659668 0.1411133
vn 0.5073242 0.7944336 0.3337402
vn 0.1849365 0.1728516 -0.9672852
vn 0.5161133 0.3430176 -0.784668
vn 0.7128906 0.5073242 -0.4841309
vn 0.7358398 0.659668 -0.1520996
vn 0.5966797 0.7944336 0.1140747
vn 0.2485352 0.9545898 0.1634521
vn -0.1993408 0.1728516 -0.9643555
vn 0.1763916 0.3430176 -0.9223633
vn 0.4733887 0.5073242 -0.7202148
vn 0.621582 0.659668 -0.4221191
vn 0.5947266 0.7944336 -0.1228638
vn -0.5532227 0.1728516 -0.8149414
vn -0.8227539 0.1728516 -0.5410156
vn -0.1900635 0.3430176 -0.9199219
vn -0.527832 0.3430176 -0.7773438
vn -0.784668 0.3430176 -0.5161133
vn 0.1618652 0.5073242 -0.8466797
vn 0.4128418 0.659668 -0.6279297
vn -0.4841309 0.5073242 -0.7128906
vn -0.7202148 0.5073242 -0.4736328
vn -0.1744385 0.5073242 -0.8442383
vn -0.4221191 0.659668 -0.621582
vn -0.6279297 0.659668 -0.4128418
vn 0.1411133 0.659668 -0.737793
vn -0.1520996 0.659668 -0.7358398
vn 0.5024414 0.7944336 -0.3410645
vn -0.3410645 0.7944336 -0.5024414
vn -0.5073242 0.7944336 -0.3337402
vn 0.3337402 0.7944336 -0.5073242
vn -0.1229248 0.7944336 -0.5947266
vn 0.1140747 0.7944336 -0.5966797
vn -0.1671143 0.9545898 -0.2460938
vn -0.2485352 0.9545898 -0.1634521
vn -0.06018066 0.9545898 -0.2912598
vn 0.05587769 0.9545898 -0.2922363
vn 0.1634521 0.9545898 -0.2485352
vn 0.2460938 0.9545898 -0.1671143
vn 0.2912598 0.9545898 -0.06018066
vn 0.2922363 0.9545898 0.05587769
vn 0 1 0
vn 0 1 0
vn 0 1 0
vn 0 1 1.037121E-05
vn -0.2922363 0.9545898 -0.05587769
vn 0 1 0
vn 0 1 0
vn -0.2912598 0.9545898 0.06018066
vn 0 1 0
vn 0 1 0
vn -0.2460938 0.9545898 0.1671143
vn 0 1 0
vn 0 1 0
vn 0 1 0
vn -0.1634521 0.9545898 0.2485352
vn 0 1 0
vn -0.05587769 0.9545898 0.2922363
vn 0 1 0
vn 0 1 0
vn 0.06018066 0.9545898 0.2912598
vn 0 1 0
vn 0 1 0
vn 0.1671143 0.9545898 0.2460938
vn 0 1 0
vn 0.8662109 0 0.5
vn 0 0.6098633 0.7924805
vn 0.6860352 0.6098633 0.3962402
vn 0 0 1
vn -0.6860352 0.6098633 0.3962402
vn 0.6860352 -0.6098633 0.3962402
vn -0.8662109 0 0.5
vn -0.6860352 0.6098633 -0.3962402
vn -0.8662109 0 -0.5
vn 0 -0.6098633 0.7924805
vn -0.6860352 -0.6098633 0.3962402
vn -0.6860352 -0.6098633 -0.3962402
vn 0.6860352 -0.6098633 -0.3962402
vn 0 -0.6098633 -0.7924805
vn 0.6860352 0.6098633 0.3962402
vn 0 0.6098633 0.7924805
vn -0.6860352 0.6098633 0.3962402
vn 0.6860352 0.6098633 -0.3962402
vn -0.6860352 0.6098633 -0.3962402
vn 0.8662109 0 -0.5
vn 0.8662109 0 0.5
vn 0 0.6098633 -0.7924805
vn -0.8662109 0 -0.5
vn 0 0 -1
vn -0.6860352 -0.6098633 -0.3962402
vn 0 -0.6098633 -0.7924805
vn 0.6860352 -0.6098633 -0.3962402
vn 0.6860352 -0.6098633 0.3962402
vn -0.9780273 0.0904541 -0.1870117
vn -0.8320313 0.0904541 -0.5473633
vn -0.8222656 0.1787109 -0.5405273
vn -0.9663086 0.1787109 -0.1848145
vn -0.9750977 0.0904541 0.2015381
vn -0.7817383 0.3535156 -0.5141602
vn -0.9633789 0.1787109 0.1990967
vn -0.8237305 0.0904541 0.5595703
vn -0.9189453 0.3535156 -0.1756592
vn -0.7138672 0.5200195 -0.4692383
vn -0.8139648 0.1787109 0.5527344
vn -0.5473633 0.0904541 0.8320313
vn -0.9160156 0.3535156 0.1893311
vn -0.8388672 0.5200195 -0.1604004
vn -0.6186523 0.6723633 -0.4064941
vn -0.5405273 0.1787109 0.8222656
vn -0.1870117 0.0904541 0.9780273
vn -0.7739258 0.3535156 0.5253906
vn -0.8364258 0.5200195 0.1728516
vn -0.7270508 0.6723633 -0.1390381
vn -0.496582 0.8041992 -0.326416
vn -0.1848145 0.1787109 0.9663086
vn 0.2015381 0.0904541 0.9750977
vn -0.5141602 0.3535156 0.7817383
vn -0.706543 0.5200195 0.4797363
vn -0.7246094 0.6723633 0.1497803
vn 0.1990967 0.1787109 0.9633789
vn 0.5595703 0.0904541 0.8237305
vn -0.1756592 0.3535156 0.9189453
vn -0.4692383 0.5200195 0.7138672
vn 0.5527344 0.1787109 0.8139648
vn 0.8320313 0.0904541 0.5473633
vn 0.8222656 0.1787109 0.5405273
vn 0.1893311 0.3535156 0.9160156
vn 0.5253906 0.3535156 0.7739258
vn 0.7817383 0.3535156 0.5136719
vn -0.1604004 0.5200195 0.8388672
vn -0.6123047 0.6723633 0.4157715
vn 0.4797363 0.5200195 0.706543
vn 0.7138672 0.5200195 0.4692383
vn 0.1728516 0.5200195 0.8364258
vn -0.4064941 0.6723633 0.6186523
vn 0.4157715 0.6723633 0.6123047
vn 0.6186523 0.6723633 0.4064941
vn 0.1497803 0.6723633 0.7246094
vn -0.1390381 0.6723633 0.7270508
vn -0.5820313 0.8041992 0.1202393
vn -0.4916992 0.8041992 0.3337402
vn -0.326416 0.8041992 0.496582
vn -0.1116333 0.8041992 0.5834961
vn 0.1202393 0.8041992 0.5820313
vn 0.3337402 0.8041992 0.4916992
vn -0.5834961 0.8041992 -0.1116333
vn 0.496582 0.8041992 0.326416
vn 0.7270508 0.6723633 0.1390381
vn 0.5834961 0.8041992 0.1116333
vn 0.3508301 0.9077148 0.2307129
vn 0.4123535 0.9077148 0.07885742
vn 0.2358398 0.9077148 0.3474121
vn 0.08496094 0.9077148 0.4111328
vn -0.07885742 0.9077148 0.4123535
vn -0.2307129 0.9077148 0.3508301
vn -0.3474121 0.9077148 0.2358398
vn -0.4111328 0.9077148 0.08496094
vn -0.4123535 0.9077148 -0.07885742
vn -0.3508301 0.9077148 -0.2307129
vn -0.2358398 0.9077148 -0.3474121
vn -0.3337402 0.8041992 -0.4916992
vn -0.1252441 0.9746094 -0.1845703
vn -0.1864014 0.9746094 -0.1225586
vn 0 1 0
vn -0.0451355 0.9746094 -0.2183838
vn 0.04190063 0.9746094 -0.2191162
vn 0.1225586 0.9746094 -0.1864014
vn 0.1845703 0.9746094 -0.1252441
vn 0.2183838 0.9746094 -0.0451355
vn -0.2191162 0.9746094 -0.04190063
vn 0.2191162 0.9746094 0.04190063
vn -0.2183838 0.9746094 0.0451355
vn 0.4111328 0.9077148 -0.08496094
vn -0.1845703 0.9746094 0.1252441
vn 0.1864014 0.9746094 0.1225586
vn -0.1225586 0.9746094 0.1864014
vn 0.1252441 0.9746094 0.1845703
vn -0.04190063 0.9746094 0.2191162
vn 0.0451355 0.9746094 0.2183838
vn -0.6186523 0.6723633 -0.4064941
vn -0.3337402 0.8041992 -0.4916992
vn -0.496582 0.8041992 -0.326416
vn -0.4157715 0.6723633 -0.6123047
vn -0.7138672 0.5200195 -0.4692383
vn -0.4797363 0.5200195 -0.706543
vn -0.7817383 0.3535156 -0.5141602
vn -0.5253906 0.3535156 -0.7739258
vn -0.8222656 0.1787109 -0.5405273
vn -0.5527344 0.1787109 -0.8139648
vn -0.8320313 0.0904541 -0.5473633
vn -0.5595703 0.0904541 -0.8237305
vn -0.1990967 0.1787109 -0.9633789
vn -0.2015381 0.0904541 -0.9750977
vn -0.1893311 0.3535156 -0.9160156
vn -0.1728516 0.5200195 -0.8364258
vn -0.1497803 0.6723633 -0.7246094
vn -0.1202393 0.8041992 -0.5820313
vn 0.1848145 0.1787109 -0.9663086
vn 0.1870117 0.0904541 -0.9780273
vn 0.1756592 0.3535156 -0.9189453
vn 0.1604004 0.5200195 -0.8388672
vn 0.1390381 0.6723633 -0.7270508
vn 0.5405273 0.1787109 -0.8222656
vn 0.5473633 0.0904541 -0.8320313
vn 0.5141602 0.3535156 -0.7817383
vn 0.4692383 0.5200195 -0.7138672
vn 0.8139648 0.1787109 -0.5527344
vn 0.8237305 0.0904541 -0.5595703
vn 0.7739258 0.3535156 -0.5253906
vn 0.9633789 0.1787109 -0.1990967
vn 0.9750977 0.0904541 -0.2015381
vn 0.1116333 0.8041992 -0.5834961
vn 0.4064941 0.6723633 -0.6186523
vn 0.706543 0.5200195 -0.4797363
vn 0.9160156 0.3535156 -0.1893311
vn 0.9663086 0.1787109 0.1848145
vn 0.9780273 0.0904541 0.1870117
vn 0.8222656 0.1787109 0.5405273
vn 0.8320313 0.0904541 0.5473633
vn 0.7817383 0.3535156 0.5136719
vn 0.9189453 0.3535156 0.1756592
vn 0.7138672 0.5200195 0.4692383
vn 0.8388672 0.5200195 0.1604004
vn 0.6186523 0.6723633 0.4064941
vn 0.7270508 0.6723633 0.1390381
vn 0.8364258 0.5200195 -0.1728516
vn 0.7246094 0.6723633 -0.1497803
vn 0.5834961 0.8041992 0.1116333
vn 0.6123047 0.6723633 -0.4157715
vn 0.5820313 0.8041992 -0.1202393
vn 0.4123535 0.9077148 0.07885742
vn 0.4111328 0.9077148 -0.08496094
vn 0.4916992 0.8041992 -0.3337402
vn 0.326416 0.8041992 -0.496582
vn 0.3474121 0.9077148 -0.2358398
vn 0.2183838 0.9746094 -0.0451355
vn 0.1845703 0.9746094 -0.1252441
vn 0.2307129 0.9077148 -0.3508301
vn 0.1225586 0.9746094 -0.1864014
vn 0.07885742 0.9077148 -0.4123535
vn 0.04190063 0.9746094 -0.2191162
vn -0.08496094 0.9077148 -0.4111328
vn -0.0451355 0.9746094 -0.2183838
vn -0.2358398 0.9077148 -0.3474121
vn -0.1252441 0.9746094 -0.1845703
vn 0.9824219 0 0.1878662
vn 0.9824219 0 0.1878662
vn 0.8354492 0 0.5493164
vn 0.8354492 0 0.5493164
vn 0.9824219 0 0.1878662
vn 0.5615234 0 0.8271484
vn 0.8354492 0 0.5493164
vn 0.7329102 0.6655273 0.1401367
vn 0.6235352 0.6655273 0.4099121
vn 0.5615234 0 0.8271484
vn 0.2023926 0 0.9794922
vn 0.5615234 0 0.8271484
vn 0.4191895 0.6655273 0.6171875
vn 0.2023926 0 0.9794922
vn -0.1878662 0 0.9824219
vn 0.2023926 0 0.9794922
vn 0.151001 0.6655273 0.730957
vn -0.1878662 0 0.9824219
vn -0.5493164 0 0.8354492
vn -0.1878662 0 0.9824219
vn -0.1401367 0.6655273 0.7329102
vn -0.5493164 0 0.8354492
vn -0.8271484 0 0.5615234
vn -0.5493164 0 0.8354492
vn -0.4099121 0.6655273 0.6235352
vn -0.8271484 0 0.5615234
vn -0.9794922 0 0.2023926
vn -0.8271484 0 0.5615234
vn -0.6171875 0.6655273 0.4191895
vn -0.9794922 0 0.2023926
vn -0.9824219 0 -0.1878662
vn -0.9824219 0 -0.1878662
vn -0.9794922 0 0.2023926
vn -0.730957 0.6655273 0.151001
vn -0.9824219 0 -0.1878662
vn -0.7329102 0.6655273 -0.1401367
vn -0.9824219 0 -0.1878662
vn -0.9824219 0 -0.1878662
vn -0.8354492 0 -0.5493164
vn -0.8354492 0 -0.5493164
vn -0.9824219 0 -0.1878662
vn -0.5615234 0 -0.8271484
vn -0.8354492 0 -0.5493164
vn -0.7329102 0.6655273 -0.1401367
vn -0.5615234 0 -0.8271484
vn -0.2023926 0 -0.9794922
vn -0.2023926 0 -0.9794922
vn 0.1878662 0 -0.9824219
vn -0.5615234 0 -0.8271484
vn 0.1878662 0 -0.9824219
vn 0.5493164 0 -0.8354492
vn -0.6235352 0.6655273 -0.4099121
vn -0.2023926 0 -0.9794922
vn 0.5493164 0 -0.8354492
vn 0.8271484 0 -0.5615234
vn -0.4191895 0.6655273 -0.6171875
vn 0.1878662 0 -0.9824219
vn 0.8271484 0 -0.5615234
vn 0.9794922 0 -0.2023926
vn -0.151001 0.6655273 -0.730957
vn 0.5493164 0 -0.8354492
vn 0.9794922 0 -0.2023926
vn 0.9824219 0 0.1878662
vn 0.9824219 0 0.1878662
vn 0.8271484 0 -0.5615234
vn 0.9794922 0 -0.2023926
vn 0.9824219 0 0.1878662
vn 0.1401367 0.6655273 -0.7329102
vn 0.4099121 0.6655273 -0.6235352
vn 0.730957 0.6655273 -0.151001
vn 0.7329102 0.6655273 0.1401367
vn 0.6171875 0.6655273 -0.4191895
vn 0 1 0
vn 0 1 0
vn 0 1 0
vn 0 1 0
vn 0 1 0
vn 0 1 0
vn 0 1 0
vn 0 1 0
vn 0 1 0
vn 0.6235352 0.6655273 0.4099121
vn 0 1 0
vn 0 1 0
vn 0.4191895 0.6655273 0.6171875
vn -0.730957 0.6655273 0.151001
vn 0 1 0
vn 0 1 0
vn 0.151001 0.6655273 0.730957
vn -0.6171875 0.6655273 0.4191895
vn 0 1 0
vn 0 1 0
vn -0.1401367 0.6655273 0.7329102
vn -0.4099121 0.6655273 0.6235352
vn 0 1 0
vn 0.6860352 -0.6098633 -0.3962402
vn 0.6860352 -0.6098633 0.3962402
vn 0.8662109 0 0.5
vn 0.8662109 0 -0.5
vn 0 -0.6098633 -0.7924805
vn 0 0 -1
vn -0.6860352 -0.6098633 -0.3962402
vn -0.8662109 0 -0.5
vn 0.6860352 -0.6098633 0.3962402
vn 0 0 1
vn 0.8662109 0 0.5
vn 0 -0.6098633 0.7924805
vn -0.8662109 0 0.5
vn -0.6860352 -0.6098633 0.3962402
vn -0.8662109 0 -0.5
vn -0.6860352 -0.6098633 -0.3962402
vn 0.6860352 -0.6098633 -0.3962402
vn 0 -0.6098633 -0.7924805
vn 0.5493164 0.8354492 0
vn 0.5493164 0.8354492 0
vn 0.5493164 0.8354492 0
vn 0.5493164 0.8354492 0
vn -0.2746582 0.8354492 -0.4758301
vn -0.2746582 0.8354492 -0.4758301
vn -0.2746582 0.8354492 -0.4758301
vn -0.2746582 0.8354492 -0.4758301
vn -0.2746582 0.8354492 0.4758301
vn -0.2746582 0.8354492 0.4758301
vn -0.2746582 0.8354492 0.4758301
vn -0.2746582 0.8354492 0.4758301
vn 0.2746582 0.8354492 0.4758301
vn 0.2746582 0.8354492 0.4758301
vn 0.2746582 0.8354492 0.4758301
vn 0.2746582 0.8354492 0.4758301
vn 0.2746582 0.8354492 -0.4758301
vn 0.2746582 0.8354492 -0.4758301
vn 0.2746582 0.8354492 -0.4758301
vn 0.2746582 0.8354492 -0.4758301
vn -0.5493164 0.8354492 0
vn -0.5493164 0.8354492 0
vn -0.5493164 0.8354492 0
vn -0.5493164 0.8354492 0
vn 0.3874512 0.6318359 0.6713867
vn 0.3874512 0.6318359 0.6713867
vn 0.3874512 0.6318359 0.6713867
vn 0.3874512 0.6318359 0.6713867
vn 0.3869629 0.6333008 0.6704102
vn 0.3869629 0.6333008 0.6704102
vn 0.3874512 0.6318359 -0.6713867
vn 0.3874512 0.6318359 -0.6713867
vn 0.3874512 0.6318359 -0.6713867
vn 0.3874512 0.6318359 -0.6713867
vn 0.3869629 0.6333008 -0.6704102
vn 0.3869629 0.6333008 -0.6704102
vn -0.7749023 0.6318359 0
vn -0.7749023 0.6318359 0
vn -0.7749023 0.6318359 0
vn -0.7749023 0.6318359 0
vn -0.7739258 0.6333008 0
vn -0.7739258 0.6333008 0
vn 0.7749023 0.6318359 0
vn 0.7749023 0.6318359 0
vn 0.7749023 0.6318359 0
vn 0.7749023 0.6318359 0
vn 0.7739258 0.6333008 0
vn 0.7739258 0.6333008 0
vn -0.3874512 0.6318359 -0.6713867
vn -0.3874512 0.6318359 -0.6713867
vn -0.3874512 0.6318359 -0.6713867
vn -0.3874512 0.6318359 -0.6713867
vn -0.3869629 0.6333008 -0.6704102
vn -0.3869629 0.6333008 -0.6704102
vn -0.3874512 0.6318359 0.6713867
vn -0.3874512 0.6318359 0.6713867
vn -0.3874512 0.6318359 0.6713867
vn -0.3874512 0.6318359 0.6713867
vn -0.3869629 0.6333008 0.6704102
vn -0.3869629 0.6333008 0.6704102
vn 0 0.5512695 -0.8344727
vn -0.7426758 0.5141602 -0.4289551
vn -0.7226563 0.5512695 -0.4172363
vn 0 0.5141602 -0.8579102
vn 0.7226563 0.5512695 -0.4172363
vn -0.7607422 0.4775391 -0.439209
vn 0.7426758 0.5141602 -0.4289551
vn 0.7226563 0.5512695 0.4172363
vn 0.7426758 0.5141602 0.4289551
vn 0 0.4775391 -0.878418
vn -0.7333984 0.5317383 -0.423584
vn 0.7607422 0.4775391 -0.439209
vn 0.7607422 0.4775391 0.439209
vn 0 0.5317383 -0.847168
vn -0.6860352 0.6103516 -0.3959961
vn 0.7333984 0.5317383 -0.423584
vn 0.7333984 0.5317383 0.423584
vn 0 0.6103516 -0.7919922
vn -0.4431152 0.859375 -0.2558594
vn 0 0.859375 -0.5117188
vn 0.6860352 0.6103516 -0.3959961
vn 0.6860352 0.6103516 0.3959961
vn 0.4431152 0.859375 -0.2558594
vn 0.4431152 0.859375 0.2558594
vn 0 0.5512695 0.8344727
vn 0.7426758 0.5141602 0.4289551
vn 0.7226563 0.5512695 0.4172363
vn 0 0.5141602 0.8579102
vn -0.7226563 0.5512695 0.4172363
vn 0.7607422 0.4775391 0.439209
vn -0.7426758 0.5141602 0.4289551
vn -0.7226563 0.5512695 -0.4172363
vn -0.7426758 0.5141602 -0.4289551
vn 0 0.4775391 0.878418
vn 0.7333984 0.5317383 0.423584
vn -0.7607422 0.4775391 0.439209
vn -0.7607422 0.4775391 -0.439209
vn 0 0.5317383 0.847168
vn 0.6860352 0.6103516 0.3959961
vn -0.7333984 0.5317383 0.423584
vn -0.7333984 0.5317383 -0.423584
vn 0 0.6103516 0.7919922
vn 0.4431152 0.859375 0.2558594
vn -0.6860352 0.6103516 0.3959961
vn -0.6860352 0.6103516 -0.3959961
vn 0 0.859375 0.5117188
vn -0.4431152 0.859375 0.2558594
vn -0.4431152 0.859375 -0.2558594
vn 0.4431152 0.859375 -0.2558594
vn 0 0.859375 -0.5117188
vn 0.6860352 -0.6098633 -0.3962402
vn 0.6860352 -0.6098633 0.3962402
vn 0.8662109 0 0.5
vn 0.8662109 0 -0.5
vn 0 -0.6098633 -0.7924805
vn 0 0 -1
vn -0.6860352 -0.6098633 -0.3962402
vn -0.8662109 0 -0.5
vn 0.6860352 -0.6098633 0.3962402
vn 0 0 1
vn 0.8662109 0 0.5
vn 0 -0.6098633 0.7924805
vn -0.8662109 0 0.5
vn -0.6860352 -0.6098633 0.3962402
vn -0.8662109 0 -0.5
vn 0.6860352 -0.6098633 -0.3962402
vn -0.6860352 -0.6098633 -0.3962402
vn 0 -0.6098633 -0.7924805
vn 0.5493164 0.8354492 0
vn 0.5493164 0.8354492 0
vn 0.5493164 0.8354492 0
vn 0.5493164 0.8354492 0
vn -0.2746582 0.8354492 -0.4758301
vn -0.2746582 0.8354492 -0.4758301
vn -0.2746582 0.8354492 -0.4758301
vn -0.2746582 0.8354492 -0.4758301
vn -0.2746582 0.8354492 0.4758301
vn -0.2746582 0.8354492 0.4758301
vn -0.2746582 0.8354492 0.4758301
vn -0.2746582 0.8354492 0.4758301
vn 0.2746582 0.8354492 0.4758301
vn 0.2746582 0.8354492 0.4758301
vn 0.2746582 0.8354492 0.4758301
vn 0.2746582 0.8354492 0.4758301
vn 0.2746582 0.8354492 -0.4758301
vn 0.2746582 0.8354492 -0.4758301
vn 0.2746582 0.8354492 -0.4758301
vn 0.2746582 0.8354492 -0.4758301
vn -0.5493164 0.8354492 0
vn -0.5493164 0.8354492 0
vn -0.5493164 0.8354492 0
vn -0.5493164 0.8354492 0
vn 0.3874512 0.6318359 0.6708984
vn 0.3874512 0.6318359 0.6708984
vn 0.3874512 0.6318359 0.6708984
vn 0.3874512 0.6318359 0.6708984
vn 0.3869629 0.6333008 0.6704102
vn 0.3869629 0.6333008 0.6704102
vn 0.3874512 0.6318359 -0.6713867
vn 0.3874512 0.6318359 -0.6713867
vn 0.3874512 0.6318359 -0.6713867
vn 0.3874512 0.6318359 -0.6713867
vn 0.3869629 0.6333008 -0.6704102
vn 0.3869629 0.6333008 -0.6704102
vn -0.7749023 0.6318359 0
vn -0.7749023 0.6318359 0
vn -0.7749023 0.6318359 0
vn -0.7749023 0.6318359 0
vn -0.7739258 0.6333008 0
vn -0.7739258 0.6333008 0
vn 0.7749023 0.6318359 0
vn 0.7749023 0.6318359 0
vn 0.7749023 0.6318359 0
vn 0.7749023 0.6318359 0
vn 0.7739258 0.6333008 0
vn 0.7739258 0.6333008 0
vn -0.3874512 0.6318359 -0.6713867
vn -0.3874512 0.6318359 -0.6713867
vn -0.3874512 0.6318359 -0.6713867
vn -0.3874512 0.6318359 -0.6713867
vn -0.3869629 0.6333008 -0.6704102
vn -0.3869629 0.6333008 -0.6704102
vn -0.3874512 0.6318359 0.6713867
vn -0.3874512 0.6318359 0.6713867
vn -0.3874512 0.6318359 0.6713867
vn -0.3874512 0.6318359 0.6713867
vn -0.3869629 0.6333008 0.6704102
vn -0.3869629 0.6333008 0.6704102
vn 0 0.5512695 -0.8344727
vn -0.7426758 0.5141602 -0.4289551
vn -0.7226563 0.5512695 -0.4172363
vn 0 0.5141602 -0.8579102
vn 0.7226563 0.5512695 -0.4172363
vn -0.7607422 0.4775391 -0.439209
vn 0.7426758 0.5141602 -0.4289551
vn 0.7226563 0.5512695 0.4172363
vn 0.7426758 0.5141602 0.4289551
vn 0 0.4775391 -0.878418
vn -0.7333984 0.5317383 -0.423584
vn 0.7607422 0.4775391 -0.439209
vn 0.7607422 0.4775391 0.439209
vn 0 0.5317383 -0.847168
vn -0.6860352 0.6103516 -0.3959961
vn 0.7333984 0.5317383 -0.423584
vn 0.7333984 0.5317383 0.423584
vn 0 0.6103516 -0.7919922
vn -0.4431152 0.859375 -0.2558594
vn 0 0.859375 -0.5117188
vn 0.6860352 0.6103516 -0.3959961
vn 0.6860352 0.6103516 0.3959961
vn 0.4431152 0.859375 -0.2558594
vn 0.4431152 0.859375 0.2558594
vn 0 0.5512695 0.8344727
vn 0.7426758 0.5141602 0.4289551
vn 0.7226563 0.5512695 0.4172363
vn 0 0.5141602 0.8579102
vn -0.7226563 0.5512695 0.4172363
vn 0.7607422 0.4775391 0.439209
vn -0.7426758 0.5141602 0.4289551
vn -0.7226563 0.5512695 -0.4172363
vn -0.7426758 0.5141602 -0.4289551
vn 0 0.4775391 0.878418
vn 0.7333984 0.5317383 0.423584
vn -0.7607422 0.4775391 0.439209
vn -0.7607422 0.4775391 -0.439209
vn 0 0.5317383 0.847168
vn 0.6860352 0.6103516 0.3959961
vn -0.7333984 0.5317383 0.423584
vn -0.7333984 0.5317383 -0.423584
vn 0 0.6103516 0.7919922
vn 0.4431152 0.859375 0.2558594
vn -0.6860352 0.6103516 0.3959961
vn -0.6860352 0.6103516 -0.3959961
vn 0 0.859375 0.5117188
vn -0.4431152 0.859375 0.2558594
vn -0.4431152 0.859375 -0.2558594
vn 0.4431152 0.859375 -0.2558594
vn 0 0.859375 -0.5117188
vn -0.1741943 -0.009147644 -0.9848633
vn -0.9858398 -0.08935547 0.140625
vn -0.9804688 -0.006839752 0.1967773
vn -0.1339111 0.09967041 -0.9858398
vn 0.9770508 -0.008590698 -0.2137451
vn -0.9501953 -0.3112793 0.005836487
vn 0.9628906 0.0980835 -0.2504883
vn -0.1513672 0.4064941 -0.9008789
vn -0.8227539 -0.5385742 -0.1824951
vn 0.8935547 0.4006348 -0.2037354
vn -0.3137207 0.6865234 -0.65625
vn 0.7324219 0.6796875 0.03369141
vn -0.6586914 -0.6181641 -0.4294434
vn 0.5268555 0.7768555 0.3447266
vn -0.5224609 0.78125 -0.3417969
vn -0.4953613 -0.5419922 -0.6787109
vn -0.7285156 0.6845703 -0.02716064
vn 0.3215332 0.6816406 0.6572266
vn -0.3701172 -0.3149414 -0.8740234
vn 0.8354492 -0.5092773 0.2077637
vn -0.8881836 0.4047852 0.217041
vn 0.9555664 -0.2937012 0.0275116
vn -0.2590332 -0.0904541 -0.9614258
vn -0.9589844 0.09899902 0.265625
vn 0.9907227 -0.08538818 -0.1077881
vn -0.2054443 -0.006881714 -0.9785156
vn -0.9736328 -0.009109497 0.2279053
vn 0.9858398 -0.007167816 -0.1665039
vn 0.3215332 0.6816406 0.6572266
vn -0.8881836 0.4047852 0.217041
vn -0.7285156 0.6845703 -0.02716064
vn 0.1655273 0.4023438 0.9003906
vn -0.9589844 0.09899902 0.265625
vn 0.149292 0.09881592 0.9838867
vn -0.9736328 -0.009109497 0.2279053
vn 0.1884766 -0.008628845 0.9819336
vn 0.9858398 -0.007167816 -0.1665039
vn 0.9907227 -0.08538818 -0.1077881
vn 0.9555664 -0.2937012 0.0275116
vn 0.8354492 -0.5092773 0.2077637
vn 0.5268555 0.7768555 0.3447266
vn 0.6796875 -0.5849609 0.4428711
vn -0.4953613 -0.5419922 -0.6787109
vn 0.7324219 0.6796875 0.03369141
vn -0.6586914 -0.6181641 -0.4294434
vn 0.5234375 -0.5126953 0.6801758
vn 0.8935547 0.4006348 -0.2037354
vn -0.8227539 -0.5385742 -0.1824951
vn 0.402832 -0.2978516 0.8652344
vn 0.9628906 0.0980835 -0.2504883
vn -0.9501953 -0.3112793 0.005836487
vn 0.2910156 -0.08654785 0.9526367
vn 0.9770508 -0.008590698 -0.2137451
vn -0.9858398 -0.08935547 0.140625
vn 0.2353516 -0.007209778 0.9716797
vn -0.9804688 -0.006839752 0.1967773
vn 0.9770508 -0.008590698 -0.2137451
vn 0.2353516 -0.007209778 0.9716797
vn 0.2910156 -0.08654785 0.9526367
vn 0.9628906 0.0980835 -0.2504883
vn -0.1339111 0.09967041 -0.9858398
vn -0.1741943 -0.009155273 -0.9848633
vn 0.402832 -0.2978516 0.8652344
vn 0.8935547 0.4006348 -0.2037354
vn -0.9501953 -0.3112793 0.005832672
vn -0.9858398 -0.08935547 0.140625
vn -0.8227539 -0.5385742 -0.1824951
vn 0.5234375 -0.5126953 0.6801758
vn 0.7324219 0.6796875 0.03369141
vn -0.6586914 -0.6181641 -0.4294434
vn 0.6796875 -0.5849609 0.4428711
vn 0.5268555 0.7768555 0.3447266
vn -0.4953613 -0.5419922 -0.6787109
vn 0.8354492 -0.5092773 0.2077637
vn 0.3215332 0.6816406 0.6572266
vn -0.3701172 -0.3149414 -0.8740234
vn 0.9555664 -0.2937012 0.0275116
vn 0.1655273 0.4023438 0.9003906
vn -0.2590332 -0.0904541 -0.9614258
vn 0.9907227 -0.08538818 -0.1077881
vn -0.2054443 -0.006881714 -0.9785156
vn 0.149292 0.09881592 0.9838867
vn 0.9858398 -0.007167816 -0.1665039
vn 0.1884766 -0.008628845 0.9819336
vn 0.149292 0.09881592 0.9838867
vn 0.1884766 -0.008628845 0.9819336
vn -0.9736328 -0.009109497 0.2279053
vn -0.9589844 0.09899902 0.265625
vn -0.2054443 -0.006881714 -0.9785156
vn 0.1655273 0.4023438 0.9003906
vn -0.2590332 -0.0904541 -0.9614258
vn -0.8881836 0.4047852 0.217041
vn 0.3215332 0.6816406 0.6572266
vn -0.3701172 -0.3149414 -0.8740234
vn -0.7285156 0.6845703 -0.02716064
vn -0.4953613 -0.5419922 -0.6787109
vn 0.5268555 0.7768555 0.3447266
vn -0.5224609 0.78125 -0.3417969
vn -0.6586914 -0.6181641 -0.4294434
vn -0.3137207 0.6865234 -0.65625
vn 0.7324219 0.6796875 0.03369141
vn -0.8227539 -0.5385742 -0.1824951
vn 0.8935547 0.4006348 -0.2037354
vn -0.1513672 0.4064941 -0.9008789
vn 0.9628906 0.0980835 -0.2504883
vn -0.9501953 -0.3112793 0.005832672
vn -0.1339111 0.09967041 -0.9858398
vn -0.9858398 -0.08935547 0.140625
vn -0.1741943 -0.009155273 -0.9848633
vn -0.9804688 -0.006843567 0.1967773
vn 0.2353516 -0.007209778 0.9716797
vn 0.2910156 -0.08654785 0.9526367
vn -0.9736328 0 0.2286377
vn -0.8486328 0 -0.5288086
vn -0.8486328 0 -0.5288086
vn -0.9736328 0 0.2286377
vn -0.9736328 0 0.2286377
vn -0.5244141 0 0.8515625
vn -0.5244141 0 0.8515625
vn -0.5244141 0 0.8515625
vn -0.5244141 0 0.8515625
vn -0.9736328 0 0.2286377
vn -0.5244141 0 0.8515625
vn -0.9736328 0 0.2286377
vn -0.5244141 0 0.8515625
vn -0.9736328 0 0.2286377
vn 0.5493164 0 -0.8354492
vn 0.5493164 0 -0.8354492
vn 0.5493164 0 -0.8354492
vn 0.5493164 0 -0.8354492
vn 0.8354492 0 0.5493164
vn 0.8354492 0 0.5493164
vn 0.8354492 0 0.5493164
vn 0.8354492 0 0.5493164
vn -0.8354492 0 -0.5493164
vn -0.8354492 0 -0.5493164
vn -0.8354492 0 -0.5493164
vn -0.8354492 0 -0.5493164
vn -0.2280273 0.003614426 0.9736328
vn -0.2399902 0.003637314 0.9707031
vn -0.2280273 0.003614426 0.9736328
vn -0.2399902 0.003637314 0.9707031
vn -0.2368164 0.002092361 0.9716797
vn -0.2399902 0.003637314 0.9707031
vn -0.2351074 0.003101349 0.972168
vn -0.2399902 0.003637314 0.9707031
vn -0.2329102 0.003101349 0.9726563
vn -0.2327881 0.006587982 0.9726563
vn -0.2329102 0.003101349 0.9726563
vn 0.5493164 0 -0.8354492
vn 0.5493164 0 -0.8354492
vn 0.5493164 0 -0.8354492
vn 0.5493164 0 -0.8354492
vn 0.8354492 0 0.5493164
vn 0.8354492 0 0.5493164
vn 0.8354492 0 0.5493164
vn 0.8354492 0 0.5493164
vn -0.5493164 0 0.8354492
vn -0.5493164 0 0.8354492
vn -0.5493164 0 0.8354492
vn -0.5493164 0 0.8354492
vn -0.8354492 0 -0.5493164
vn -0.8354492 0 -0.5493164
vn -0.8354492 0 -0.5493164
vn -0.8354492 0 -0.5493164
vn 0 -1 0
vn 0 -1 0
vn 0 -1 0
vn 0 -1 0
vn 0 1 0
vn 0 1 0
vn 0 1 0
vn 0 1 0
vn 0.5493164 0 -0.8354492
vn 0.5493164 0 -0.8354492
vn 0.5493164 0 -0.8354492
vn 0.5493164 0 -0.8354492
vn 0.8354492 0 0.5493164
vn 0.8354492 0 0.5493164
vn 0.8354492 0 0.5493164
vn 0.8354492 0 0.5493164
vn -0.5493164 0 0.8354492
vn -0.5493164 0 0.8354492
vn -0.5493164 0 0.8354492
vn -0.5493164 0 0.8354492
vn -0.8354492 0 -0.5493164
vn -0.8354492 0 -0.5493164
vn -0.8354492 0 -0.5493164
vn -0.8354492 0 -0.5493164
vn 0 -1 0
vn 0 -1 0
vn 0 -1 0
vn 0 -1 0
vn 0 1 0
vn 0 1 0
vn 0 1 0
vn 0 1 0
vn 0.5493164 0 -0.8354492
vn 0.5493164 0 -0.8354492
vn 0.5493164 0 -0.8354492
vn 0.5493164 0 -0.8354492
vn 0.8354492 0 0.5493164
vn 0.8354492 0 0.5493164
vn 0.8354492 0 0.5493164
vn 0.8354492 0 0.5493164
vn -0.5493164 0 0.8354492
vn -0.5493164 0 0.8354492
vn -0.5493164 0 0.8354492
vn -0.5493164 0 0.8354492
vn -0.8354492 0 -0.5493164
vn -0.8354492 0 -0.5493164
vn -0.8354492 0 -0.5493164
vn -0.8354492 0 -0.5493164
vn 0 -1 0
vn 0 -1 0
vn 0 -1 0
vn 0 -1 0
vn 0 1 0
vn 0 1 0
vn 0 1 0
vn 0 1 0
vn 0.5493164 0 -0.8354492
vn 0.5493164 0 -0.8354492
vn 0.5493164 0 -0.8354492
vn 0.5493164 0 -0.8354492
vn 0.8354492 0 0.5493164
vn 0.8354492 0 0.5493164
vn 0.8354492 0 0.5493164
vn 0.8354492 0 0.5493164
vn -0.5493164 0 0.8354492
vn -0.5493164 0 0.8354492
vn -0.5493164 0 0.8354492
vn -0.5493164 0 0.8354492
vn -0.8354492 0 -0.5493164
vn -0.8354492 0 -0.5493164
vn -0.8354492 0 -0.5493164
vn -0.8354492 0 -0.5493164
vn 0 1 0
vn 0 1 0
vn 0 1 0
vn 0 1 0
vn 0.5522461 0 -0.8339844
vn 0.5522461 0 -0.8339844
vn 0.5522461 0 -0.8339844
vn 0.5522461 0 -0.8339844
vn 0.8354492 0 0.5493164
vn 0.8354492 0 0.5493164
vn 0.8354492 0 0.5493164
vn 0.8354492 0 0.5493164
vn -0.5522461 0 0.8339844
vn -0.5522461 0 0.8339844
vn -0.5522461 0 0.8339844
vn -0.5522461 0 0.8339844
vn -0.8354492 0 -0.5493164
vn -0.8354492 0 -0.5493164
vn -0.8354492 0 -0.5493164
vn -0.8354492 0 -0.5493164
vn 0 -1 0
vn 0 -1 0
vn 0 -1 0
vn 0 -1 0
vn 0 1 0
vn 0 1 0
vn 0 1 0
vn 0 1 0
vn 0.5522461 0 -0.8339844
vn 0.5522461 0 -0.8339844
vn 0.5522461 0 -0.8339844
vn 0.5522461 0 -0.8339844
vn 0.8354492 0 0.5493164
vn 0.8354492 0 0.5493164
vn 0.8354492 0 0.5493164
vn 0.8354492 0 0.5493164
vn -0.5522461 0 0.8339844
vn -0.5522461 0 0.8339844
vn -0.5522461 0 0.8339844
vn -0.5522461 0 0.8339844
vn -0.8354492 0 -0.5493164
vn -0.8354492 0 -0.5493164
vn -0.8354492 0 -0.5493164
vn -0.8354492 0 -0.5493164
vn 0 -1 0
vn 0 -1 0
vn 0 -1 0
vn 0 -1 0
vn 0 1 0
vn 0 1 0
vn 0 1 0
vn 0 1 0
vn 0.5522461 0 -0.8339844
vn 0.5522461 0 -0.8339844
vn 0.5522461 0 -0.8339844
vn 0.5522461 0 -0.8339844
vn 0.8369141 0 0.5473633
vn 0.8369141 0 0.5473633
vn 0.8369141 0 0.5473633
vn 0.8369141 0 0.5473633
vn -0.5522461 0 0.8339844
vn -0.5522461 0 0.8339844
vn -0.5522461 0 0.8339844
vn -0.5522461 0 0.8339844
vn -0.8369141 0 -0.5473633
vn -0.8369141 0 -0.5473633
vn -0.8369141 0 -0.5473633
vn -0.8369141 0 -0.5473633
vn 0 1 0
vn 0 1 0
vn 0 1 0
vn 0 1 0
vn 0.5522461 0 -0.8339844
vn 0.5522461 0 -0.8339844
vn 0.5522461 0 -0.8339844
vn 0.5522461 0 -0.8339844
vn 0.8354492 0 0.5493164
vn 0.8354492 0 0.5493164
vn 0.8354492 0 0.5493164
vn 0.8354492 0 0.5493164
vn -0.5522461 0 0.8339844
vn -0.5522461 0 0.8339844
vn -0.5522461 0 0.8339844
vn -0.5522461 0 0.8339844
vn -0.8354492 0 -0.5493164
vn -0.8354492 0 -0.5493164
vn -0.8354492 0 -0.5493164
vn -0.8354492 0 -0.5493164
vn 0 -1 0
vn 0 -1 0
vn 0 -1 0
vn 0 -1 0
vn 0 1 0
vn 0 1 0
vn 0 1 0
vn 0 1 0
vn 0.5522461 0 -0.8339844
vn 0.5522461 0 -0.8339844
vn 0.5522461 0 -0.8339844
vn 0.5522461 0 -0.8339844
vn 0.8354492 0 0.5493164
vn 0.8354492 0 0.5493164
vn 0.8354492 0 0.5493164
vn 0.8354492 0 0.5493164
vn -0.5522461 0 0.8339844
vn -0.5522461 0 0.8339844
vn -0.5522461 0 0.8339844
vn -0.5522461 0 0.8339844
vn -0.8354492 0 -0.5493164
vn -0.8354492 0 -0.5493164
vn -0.8354492 0 -0.5493164
vn -0.8354492 0 -0.5493164
vn 0 -1 0
vn 0 -1 0
vn 0 -1 0
vn 0 -1 0
vn 0 1 0
vn 0 1 0
vn 0 1 0
vn 0 1 0
vn 0.5522461 0 -0.8339844
vn 0.5522461 0 -0.8339844
vn 0.5522461 0 -0.8339844
vn 0.5522461 0 -0.8339844
vn 0.8369141 0 0.5478516
vn 0.8369141 0 0.5478516
vn 0.8369141 0 0.5478516
vn 0.8369141 0 0.5478516
vn -0.5522461 0 0.8339844
vn -0.5522461 0 0.8339844
vn -0.5522461 0 0.8339844
vn -0.5522461 0 0.8339844
vn -0.8369141 0 -0.5478516
vn -0.8369141 0 -0.5478516
vn -0.8369141 0 -0.5478516
vn -0.8369141 0 -0.5478516
vn 0 1 0
vn 0 1 0
vn 0 1 0
vn 0 1 0
vn 0.5522461 0 -0.8339844
vn 0.5522461 0 -0.8339844
vn 0.5522461 0 -0.8339844
vn 0.5522461 0 -0.8339844
vn 0.8383789 0 0.5449219
vn 0.8383789 0 0.5449219
vn 0.8383789 0 0.5449219
vn 0.8383789 0 0.5449219
vn 0.8354492 0 0.5493164
vn 0.8354492 0 0.5493164
vn 0.8354492 0 0.5493164
vn -0.5522461 0 0.8339844
vn -0.5522461 0 0.8339844
vn -0.5522461 0 0.8339844
vn -0.5522461 0 0.8339844
vn -0.8354492 0 -0.5493164
vn -0.8354492 0 -0.5493164
vn -0.8354492 0 -0.5493164
vn -0.8354492 0 -0.5493164
vn -0.8383789 0 -0.5449219
vn -0.8383789 0 -0.5449219
vn -0.8383789 0 -0.5449219
vn 0 1 0
vn 0 1 0
vn 0 1 0
vn 0 1 0
vn -0.3059082 0.8325195 0.4619141
vn -0.3059082 0.8325195 0.4619141
vn -0.3059082 0.8325195 0.4619141
vn -0.3059082 0.8325195 0.4619141
vn 0.5522461 0 -0.8339844
vn 0.5522461 0 -0.8339844
vn 0.5522461 0 -0.8339844
vn 0.5522461 0 -0.8339844
vn 0.8383789 0 0.5449219
vn 0.8383789 0 0.5449219
vn 0.8383789 0 0.5449219
vn 0.8383789 0 0.5449219
vn 0.8354492 0 0.5493164
vn 0.8354492 0 0.5493164
vn 0.8354492 0 0.5493164
vn -0.5522461 0 0.8339844
vn -0.5522461 0 0.8339844
vn -0.5522461 0 0.8339844
vn -0.5522461 0 0.8339844
vn -0.8354492 0 -0.5493164
vn -0.8354492 0 -0.5493164
vn -0.8354492 0 -0.5493164
vn -0.8354492 0 -0.5493164
vn -0.8383789 0 -0.5449219
vn -0.8383789 0 -0.5449219
vn -0.8383789 0 -0.5449219
vn 0 1 0
vn 0 1 0
vn 0 1 0
vn 0 1 0
vn -0.3059082 0.8325195 0.4619141
vn -0.3059082 0.8325195 0.4619141
vn -0.3059082 0.8325195 0.4619141
vn -0.3059082 0.8325195 0.4619141
g Basilica_0
f 3/3/3 2/2/2 1/1/1
f 2/2/2 4/4/4 1/1/1
f 1/1/1 4/4/4 5/5/5
f 4/4/4 6/6/6 5/5/5
f 2/2/2 7/7/7 4/4/4
f 4/4/4 8/8/8 6/6/6
f 7/7/7 8/8/8 4/4/4
f 8/8/8 9/9/9 6/6/6
f 7/7/7 10/10/10 8/8/8
f 7/7/7 11/11/11 10/10/10
f 10/10/10 12/12/12 8/8/8
f 11/11/11 13/13/13 10/10/10
f 10/10/10 14/14/14 12/12/12
f 10/10/10 13/13/13 14/14/14
f 14/14/14 15/15/15 12/12/12
f 13/13/13 16/16/16 14/14/14
f 14/14/14 17/17/17 15/15/15
f 14/14/14 16/16/16 17/17/17
f 17/17/17 18/18/18 15/15/15
f 16/16/16 19/19/19 17/17/17
f 17/17/17 20/20/20 18/18/18
f 17/17/17 19/19/19 20/20/20
f 19/19/19 21/21/21 20/20/20
f 20/20/20 22/22/22 18/18/18
f 20/20/20 23/23/23 22/22/22
f 23/23/23 24/24/24 22/22/22
f 23/23/23 25/25/25 24/24/24
f 25/25/25 26/26/26 24/24/24
f 24/24/24 26/26/26 27/27/27
f 26/26/26 28/28/28 27/27/27
f 31/31/31 30/30/30 29/29/29
f 30/30/30 32/32/32 29/29/29
f 32/32/32 30/30/30 33/33/33
f 34/34/34 32/32/32 33/33/33
f 29/29/29 32/32/32 35/35/35
f 36/36/36 29/29/29 35/35/35
f 37/37/37 36/36/36 35/35/35
f 38/38/38 32/32/32 34/34/34
f 32/32/32 38/38/38 35/35/35
f 39/39/39 38/38/38 34/34/34
f 37/37/37 35/35/35 40/40/40
f 35/35/35 38/38/38 40/40/40
f 41/41/41 37/37/37 40/40/40
f 38/38/38 42/42/42 40/40/40
f 41/41/41 40/40/40 43/43/43
f 40/40/40 42/42/42 43/43/43
f 44/44/44 41/41/41 43/43/43
f 42/42/42 45/45/45 43/43/43
f 44/44/44 43/43/43 46/46/46
f 43/43/43 45/45/45 47/47/47
f 43/43/43 47/47/47 46/46/46
f 45/45/45 48/48/48 47/47/47
f 46/46/46 47/47/47 49/49/49
f 47/47/47 48/48/48 49/49/49
f 50/50/50 46/46/46 49/49/49
f 48/48/48 51/51/51 49/49/49
f 49/49/49 51/51/51 52/52/52
f 51/51/51 53/53/53 52/52/52
f 52/52/52 53/53/53 54/54/54
f 53/53/53 51/51/51 55/55/55
f 53/53/53 56/56/56 54/54/54
f 57/57/57 53/53/53 55/55/55
f 56/56/56 53/53/53 57/57/57
f 58/58/58 56/56/56 57/57/57
f 61/61/61 60/60/60 59/59/59
f 60/60/60 62/62/62 59/59/59
f 59/59/59 62/62/62 63/63/63
f 60/60/60 64/64/64 62/62/62
f 62/62/62 65/65/65 63/63/63
f 64/64/64 66/66/66 62/62/62
f 62/62/62 66/66/66 65/65/65
f 64/64/64 67/67/67 66/66/66
f 66/66/66 68/68/68 65/65/65
f 67/67/67 69/69/69 66/66/66
f 66/66/66 69/69/69 68/68/68
f 69/69/69 70/70/70 68/68/68
f 67/67/67 71/71/71 69/69/69
f 72/72/72 70/70/70 69/69/69
f 71/71/71 73/73/73 69/69/69
f 73/73/73 72/72/72 69/69/69
f 71/71/71 74/74/74 73/73/73
f 75/75/75 72/72/72 73/73/73
f 74/74/74 76/76/76 73/73/73
f 76/76/76 75/75/75 73/73/73
f 79/79/79 78/78/78 77/77/77
f 78/78/78 80/80/80 77/77/77
f 80/80/80 78/78/78 81/81/81
f 77/77/77 80/80/80 82/82/82
f 83/83/83 80/80/80 81/81/81
f 80/80/80 84/84/84 82/82/82
f 84/84/84 80/80/80 83/83/83
f 82/82/82 84/84/84 85/85/85
f 86/86/86 84/84/84 83/83/83
f 84/84/84 87/87/87 85/85/85
f 87/87/87 84/84/84 86/86/86
f 85/85/85 87/87/87 88/88/88
f 89/89/89 87/87/87 86/86/86
f 87/87/87 90/90/90 88/88/88
f 90/90/90 87/87/87 89/89/89
f 88/88/88 90/90/90 91/91/91
f 92/92/92 90/90/90 89/89/89
f 90/90/90 93/93/93 91/91/91
f 93/93/93 90/90/90 92/92/92
f 94/94/94 93/93/93 92/92/92
f 93/93/93 94/94/94 95/95/95
f 96/96/96 93/93/93 95/95/95
f 93/93/93 96/96/96 97/97/97
f 96/96/96 95/95/95 98/98/98
f 96/96/96 99/99/99 97/97/97
f 100/100/100 96/96/96 98/98/98
f 96/96/96 100/100/100 99/99/99
f 100/100/100 98/98/98 101/101/101
f 100/100/100 102/102/102 99/99/99
f 103/103/103 100/100/100 101/101/101
f 100/100/100 103/103/103 102/102/102
f 103/103/103 101/101/101 104/104/104
f 103/103/103 105/105/105 102/102/102
f 106/106/106 103/103/103 104/104/104
f 103/103/103 106/106/106 105/105/105
f 106/106/106 104/104/104 107/107/107
f 106/106/106 108/108/108 105/105/105
f 109/109/109 106/106/106 107/107/107
f 106/106/106 109/109/109 108/108/108
f 109/109/109 110/110/110 108/108/108
f 113/113/113 112/112/112 111/111/111
f 114/114/114 113/113/113 111/111/111
f 114/114/114 111/111/111 115/115/115
f 116/116/116 113/113/113 114/114/114
f 117/117/117 114/114/114 115/115/115
f 118/118/118 116/116/116 114/114/114
f 118/118/118 114/114/114 117/117/117
f 119/119/119 116/116/116 118/118/118
f 120/120/120 118/118/118 117/117/117
f 121/121/121 119/119/119 118/118/118
f 121/121/121 118/118/118 120/120/120
f 122/122/122 121/121/121 120/120/120
f 123/123/123 119/119/119 121/121/121
f 122/122/122 124/124/124 121/121/121
f 125/125/125 123/123/123 121/121/121
f 124/124/124 125/125/125 121/121/121
f 126/126/126 123/123/123 125/125/125
f 124/124/124 127/127/127 125/125/125
f 128/128/128 126/126/126 125/125/125
f 127/127/127 128/128/128 125/125/125
f 131/131/131 130/130/130 129/129/129
f 132/132/132 131/131/131 129/129/129
f 132/132/132 129/129/129 133/133/133
f 134/134/134 131/131/131 132/132/132
f 135/135/135 132/132/132 133/133/133
f 136/136/136 134/134/134 132/132/132
f 136/136/136 132/132/132 135/135/135
f 137/137/137 134/134/134 136/136/136
f 138/138/138 136/136/136 135/135/135
f 139/139/139 137/137/137 136/136/136
f 139/139/139 136/136/136 138/138/138
f 140/140/140 137/137/137 139/139/139
f 141/141/141 139/139/139 138/138/138
f 142/142/142 140/140/140 139/139/139
f 142/142/142 139/139/139 141/141/141
f 143/143/143 142/142/142 141/141/141
f 144/144/144 140/140/140 142/142/142
f 143/143/143 145/145/145 142/142/142
f 146/146/146 144/144/144 142/142/142
f 145/145/145 146/146/146 142/142/142
f 147/147/147 144/144/144 146/146/146
f 148/148/148 146/146/146 145/145/145
f 148/148/148 147/147/147 146/146/146
f 149/149/149 148/148/148 145/145/145
f 150/150/150 147/147/147 148/148/148
f 151/151/151 150/150/150 148/148/148
f 152/152/152 150/150/150 151/151/151
f 153/153/153 152/152/152 151/151/151
f 154/154/154 152/152/152 153/153/153
f 155/155/155 154/154/154 153/153/153
f 156/156/156 154/154/154 155/155/155
f 157/157/157 156/156/156 155/155/155
f 160/160/160 159/159/159 158/158/158
f 161/161/161 160/160/160 158/158/158
f 161/161/161 158/158/158 162/162/162
f 160/160/160 161/161/161 163/163/163
f 164/164/164 161/161/161 162/162/162
f 164/164/164 162/162/162 165/165/165
f 161/161/161 166/166/166 163/163/163
f 161/161/161 164/164/164 166/166/166
f 163/163/163 166/166/166 167/167/167
f 166/166/166 168/168/168 167/167/167
f 166/166/166 169/169/169 168/168/168
f 164/164/164 169/169/169 166/166/166
f 169/169/169 170/170/170 168/168/168
f 171/171/171 164/164/164 165/165/165
f 164/164/164 171/171/171 169/169/169
f 171/171/171 165/165/165 172/172/172
f 169/169/169 173/173/173 170/170/170
f 171/171/171 173/173/173 169/169/169
f 173/173/173 174/174/174 170/170/170
f 175/175/175 171/171/171 172/172/172
f 171/171/171 175/175/175 173/173/173
f 175/175/175 172/172/172 176/176/176
f 173/173/173 177/177/177 174/174/174
f 175/175/175 177/177/177 173/173/173
f 177/177/177 178/178/178 174/174/174
f 179/179/179 175/175/175 176/176/176
f 175/175/175 179/179/179 177/177/177
f 179/179/179 176/176/176 180/180/180
f 177/177/177 181/181/181 178/178/178
f 179/179/179 181/181/181 177/177/177
f 181/181/181 182/182/182 178/178/178
f 183/183/183 179/179/179 180/180/180
f 179/179/179 183/183/183 181/181/181
f 183/183/183 180/180/180 184/184/184
f 181/181/181 185/185/185 182/182/182
f 183/183/183 185/185/185 181/181/181
f 185/185/185 186/186/186 182/182/182
f 187/187/187 183/183/183 184/184/184
f 183/183/183 187/187/187 185/185/185
f 187/187/187 184/184/184 188/188/188
f 187/187/187 189/189/189 185/185/185
f 185/185/185 189/189/189 186/186/186
f 190/190/190 187/187/187 188/188/188
f 187/187/187 190/190/190 189/189/189
f 190/190/190 188/188/188 191/191/191
f 192/192/192 190/190/190 191/191/191
f 192/192/192 191/191/191 193/193/193
f 194/194/194 192/192/192 193/193/193
f 190/190/190 195/195/195 189/189/189
f 190/190/190 192/192/192 195/195/195
f 192/192/192 194/194/194 196/196/196
f 192/192/192 196/196/196 195/195/195
f 194/194/194 197/197/197 196/196/196
f 189/189/189 198/198/198 186/186/186
f 189/189/189 195/195/195 198/198/198
f 196/196/196 197/197/197 199/199/199
f 197/197/197 200/200/200 199/199/199
f 200/200/200 201/201/201 199/199/199
f 201/201/201 202/202/202 199/199/199
f 195/195/195 196/196/196 203/203/203
f 196/196/196 199/199/199 203/203/203
f 199/199/199 202/202/202 203/203/203
f 195/195/195 203/203/203 198/198/198
f 202/202/202 204/204/204 203/203/203
f 203/203/203 204/204/204 198/198/198
f 204/204/204 205/205/205 198/198/198
f 198/198/198 205/205/205 186/186/186
f 205/205/205 206/206/206 186/186/186
f 209/209/209 208/208/208 207/207/207
f 210/210/210 209/209/209 207/207/207
f 210/210/210 207/207/207 211/211/211
f 212/212/212 209/209/209 210/210/210
f 213/213/213 210/210/210 211/211/211
f 214/214/214 212/212/212 210/210/210
f 214/214/214 210/210/210 213/213/213
f 215/215/215 212/212/212 214/214/214
f 216/216/216 214/214/214 213/213/213
f 217/217/217 215/215/215 214/214/214
f 217/217/217 214/214/214 216/216/216
f 218/218/218 217/217/217 216/216/216
f 219/219/219 215/215/215 217/217/217
f 218/218/218 220/220/220 217/217/217
f 221/221/221 219/219/219 217/217/217
f 220/220/220 221/221/221 217/217/217
f 222/222/222 219/219/219 221/221/221
f 220/220/220 223/223/223 221/221/221
f 224/224/224 222/222/222 221/221/221
f 223/223/223 224/224/224 221/221/221
f 227/227/227 226/226/226 225/225/225
f 228/228/228 227/227/227 225/225/225
f 228/228/228 225/225/225 229/229/229
f 227/227/227 228/228/228 230/230/230
f 231/231/231 228/228/228 229/229/229
f 231/231/231 229/229/229 232/232/232
f 228/228/228 233/233/233 230/230/230
f 228/228/228 231/231/231 233/233/233
f 230/230/230 233/233/233 234/234/234
f 235/235/235 231/231/231 232/232/232
f 235/235/235 232/232/232 236/236/236
f 233/233/233 237/237/237 234/234/234
f 234/234/234 237/237/237 238/238/238
f 237/237/237 239/239/239 238/238/238
f 231/231/231 240/240/240 233/233/233
f 233/233/233 240/240/240 237/237/237
f 231/231/231 235/235/235 240/240/240
f 237/237/237 241/241/241 239/239/239
f 240/240/240 241/241/241 237/237/237
f 241/241/241 242/242/242 239/239/239
f 243/243/243 235/235/235 236/236/236
f 243/243/243 236/236/236 244/244/244
f 245/245/245 243/243/243 244/244/244
f 235/235/235 246/246/246 240/240/240
f 240/240/240 246/246/246 241/241/241
f 235/235/235 243/243/243 246/246/246
f 241/241/241 247/247/247 242/242/242
f 246/246/246 247/247/247 241/241/241
f 247/247/247 248/248/248 242/242/242
f 243/243/243 249/249/249 246/246/246
f 246/246/246 249/249/249 247/247/247
f 243/243/243 245/245/245 249/249/249
f 247/247/247 250/250/250 248/248/248
f 249/249/249 250/250/250 247/247/247
f 250/250/250 251/251/251 248/248/248
f 249/249/249 252/252/252 250/250/250
f 245/245/245 252/252/252 249/249/249
f 250/250/250 253/253/253 251/251/251
f 252/252/252 253/253/253 250/250/250
f 253/253/253 254/254/254 251/251/251
f 254/254/254 253/253/253 255/255/255
f 253/253/253 256/256/256 255/255/255
f 253/253/253 252/252/252 256/256/256
f 255/255/255 256/256/256 257/257/257
f 252/252/252 245/245/245 258/258/258
f 252/252/252 258/258/258 256/256/256
f 256/256/256 259/259/259 257/257/257
f 256/256/256 258/258/258 259/259/259
f 257/257/257 259/259/259 260/260/260
f 245/245/245 261/261/261 258/258/258
f 261/261/261 245/245/245 262/262/262
f 263/263/263 261/261/261 262/262/262
f 259/259/259 264/264/264 260/260/260
f 260/260/260 264/264/264 265/265/265
f 258/258/258 266/266/266 259/259/259
f 258/258/258 261/261/261 266/266/266
f 259/259/259 266/266/266 264/264/264
f 267/267/267 261/261/261 263/263/263
f 261/261/261 267/267/267 266/266/266
f 268/268/268 267/267/267 263/263/263
f 264/264/264 269/269/269 265/265/265
f 265/265/265 269/269/269 270/270/270
f 269/269/269 271/271/271 270/270/270
f 266/266/266 272/272/272 264/264/264
f 266/266/266 267/267/267 272/272/272
f 264/264/264 272/272/272 269/269/269
f 273/273/273 267/267/267 268/268/268
f 267/267/267 273/273/273 272/272/272
f 274/274/274 273/273/273 268/268/268
f 269/269/269 275/275/275 271/271/271
f 272/272/272 275/275/275 269/269/269
f 272/272/272 273/273/273 275/275/275
f 275/275/275 276/276/276 271/271/271
f 277/277/277 273/273/273 274/274/274
f 273/273/273 277/277/277 275/275/275
f 275/275/275 277/277/277 276/276/276
f 278/278/278 277/277/277 274/274/274
f 277/277/277 279/279/279 276/276/276
f 279/279/279 277/277/277 278/278/278
f 280/280/280 279/279/279 278/278/278
f 283/283/283 282/282/282 281/281/281
f 282/282/282 284/284/284 281/281/281
f 281/281/281 284/284/284 285/285/285
f 282/282/282 286/286/286 284/284/284
f 284/284/284 287/287/287 285/285/285
f 286/286/286 288/288/288 284/284/284
f 284/284/284 288/288/288 287/287/287
f 286/286/286 289/289/289 288/288/288
f 288/288/288 290/290/290 287/287/287
f 289/289/289 291/291/291 288/288/288
f 288/288/288 291/291/291 290/290/290
f 291/291/291 292/292/292 290/290/290
f 289/289/289 293/293/293 291/291/291
f 294/294/294 292/292/292 291/291/291
f 293/293/293 295/295/295 291/291/291
f 295/295/295 294/294/294 291/291/291
f 293/293/293 296/296/296 295/295/295
f 297/297/297 294/294/294 295/295/295
f 296/296/296 298/298/298 295/295/295
f 298/298/298 297/297/297 295/295/295
f 301/301/301 300/300/300 299/299/299
f 302/302/302 301/301/301 299/299/299
f 302/302/302 299/299/299 303/303/303
f 304/304/304 301/301/301 302/302/302
f 305/305/305 302/302/302 303/303/303
f 306/306/306 304/304/304 302/302/302
f 306/306/306 302/302/302 305/305/305
f 307/307/307 304/304/304 306/306/306
f 308/308/308 306/306/306 305/305/305
f 309/309/309 307/307/307 306/306/306
f 309/309/309 306/306/306 308/308/308
f 310/310/310 307/307/307 309/309/309
f 311/311/311 309/309/309 308/308/308
f 312/312/312 310/310/310 309/309/309
f 312/312/312 309/309/309 311/311/311
f 313/313/313 312/312/312 311/311/311
f 314/314/314 310/310/310 312/312/312
f 313/313/313 315/315/315 312/312/312
f 316/316/316 314/314/314 312/312/312
f 315/315/315 316/316/316 312/312/312
f 317/317/317 314/314/314 316/316/316
f 318/318/318 316/316/316 315/315/315
f 318/318/318 317/317/317 316/316/316
f 319/319/319 318/318/318 315/315/315
f 320/320/320 317/317/317 318/318/318
f 321/321/321 318/318/318 319/319/319
f 321/321/321 320/320/320 318/318/318
f 322/322/322 321/321/321 319/319/319
f 323/323/323 320/320/320 321/321/321
f 324/324/324 321/321/321 322/322/322
f 324/324/324 323/323/323 321/321/321
f 325/325/325 324/324/324 322/322/322
f 326/326/326 323/323/323 324/324/324
f 327/327/327 324/324/324 325/325/325
f 327/327/327 326/326/326 324/324/324
f 328/328/328 327/327/327 325/325/325
f 329/329/329 326/326/326 327/327/327
f 330/330/330 329/329/329 327/327/327
f 333/333/333 332/332/332 331/331/331
f 334/334/334 333/333/333 331/331/331
f 335/335/335 334/334/334 331/331/331
f 336/336/336 335/335/335 331/331/331
f 336/336/336 331/331/331 337/337/337
f 338/338/338 335/335/335 336/336/336
f 339/339/339 336/336/336 337/337/337
f 339/339/339 337/337/337 340/340/340
f 341/341/341 338/338/338 336/336/336
f 341/341/341 336/336/336 339/339/339
f 342/342/342 338/338/338 341/341/341
f 343/343/343 339/339/339 340/340/340
f 343/343/343 340/340/340 344/344/344
f 345/345/345 342/342/342 341/341/341
f 342/342/342 345/345/345 346/346/346
f 345/345/345 347/347/347 346/346/346
f 348/348/348 341/341/341 339/339/339
f 345/345/345 341/341/341 348/348/348
f 348/348/348 339/339/339 343/343/343
f 345/345/345 349/349/349 347/347/347
f 349/349/349 345/345/345 348/348/348
f 349/349/349 350/350/350 347/347/347
f 351/351/351 343/343/343 344/344/344
f 351/351/351 344/344/344 352/352/352
f 353/353/353 348/348/348 343/343/343
f 349/349/349 348/348/348 353/353/353
f 353/353/353 343/343/343 351/351/351
f 349/349/349 354/354/354 350/350/350
f 354/354/354 349/349/349 353/353/353
f 354/354/354 355/355/355 350/350/350
f 356/356/356 351/351/351 352/352/352
f 356/356/356 352/352/352 357/357/357
f 358/358/358 353/353/353 351/351/351
f 354/354/354 353/353/353 358/358/358
f 358/358/358 351/351/351 356/356/356
f 354/354/354 359/359/359 355/355/355
f 359/359/359 354/354/354 358/358/358
f 359/359/359 360/360/360 355/355/355
f 361/361/361 356/356/356 357/357/357
f 361/361/361 357/357/357 362/362/362
f 363/363/363 358/358/358 356/356/356
f 359/359/359 358/358/358 363/363/363
f 363/363/363 356/356/356 361/361/361
f 359/359/359 364/364/364 360/360/360
f 364/364/364 359/359/359 363/363/363
f 364/364/364 365/365/365 360/360/360
f 366/366/366 361/361/361 362/362/362
f 366/366/366 362/362/362 367/367/367
f 368/368/368 363/363/363 361/361/361
f 364/364/364 363/363/363 368/368/368
f 368/368/368 361/361/361 366/366/366
f 364/364/364 369/369/369 365/365/365
f 369/369/369 364/364/364 368/368/368
f 369/369/369 370/370/370 365/365/365
f 371/371/371 366/366/366 367/367/367
f 371/371/371 367/367/367 372/372/372
f 373/373/373 368/368/368 366/366/366
f 369/369/369 368/368/368 373/373/373
f 373/373/373 366/366/366 371/371/371
f 369/369/369 374/374/374 370/370/370
f 374/374/374 369/369/369 373/373/373
f 374/374/374 375/375/375 370/370/370
f 376/376/376 371/371/371 372/372/372
f 376/376/376 372/372/372 377/377/377
f 378/378/378 376/376/376 377/377/377
f 379/379/379 373/373/373 371/371/371
f 374/374/374 373/373/373 379/379/379
f 379/379/379 371/371/371 376/376/376
f 374/374/374 380/380/380 375/375/375
f 380/380/380 374/374/374 379/379/379
f 380/380/380 381/381/381 375/375/375
f 382/382/382 376/376/376 378/378/378
f 382/382/382 379/379/379 376/376/376
f 380/380/380 379/379/379 382/382/382
f 383/383/383 382/382/382 378/378/378
f 380/380/380 384/384/384 381/381/381
f 384/384/384 380/380/380 382/382/382
f 384/384/384 382/382/382 383/383/383
f 384/384/384 385/385/385 381/381/381
f 386/386/386 384/384/384 383/383/383
f 384/384/384 386/386/386 385/385/385
f 386/386/386 387/387/387 385/385/385
f 390/390/390 389/389/389 388/388/388
f 391/391/391 390/390/390 388/388/388
f 391/391/391 388/388/388 392/392/392
f 390/390/390 391/391/391 393/393/393
f 391/391/391 392/392/392 394/394/394
f 391/391/391 395/395/395 393/393/393
f 391/391/391 394/394/394 396/396/396
f 391/391/391 397/397/397 395/395/395
f 391/391/391 396/396/396 398/398/398
f 391/391/391 399/399/399 397/397/397
f 391/391/391 398/398/398 400/400/400
f 391/391/391 400/400/400 399/399/399
f 403/403/403 402/402/402 401/401/401
f 404/404/404 403/403/403 401/401/401
f 404/404/404 401/401/401 405/405/405
f 406/406/406 404/404/404 405/405/405
f 407/407/407 403/403/403 404/404/404
f 408/408/408 403/403/403 407/407/407
f 409/409/409 407/407/407 404/404/404
f 410/410/410 408/408/408 407/407/407
f 411/411/411 407/407/407 409/409/409
f 410/410/410 407/407/407 411/411/411
f 412/412/412 411/411/411 409/409/409
f 413/413/413 410/410/410 411/411/411
f 414/414/414 411/411/411 412/412/412
f 413/413/413 411/411/411 414/414/414
f 415/415/415 414/414/414 412/412/412
f 416/416/416 413/413/413 414/414/414
f 417/417/417 414/414/414 415/415/415
f 416/416/416 414/414/414 417/417/417
f 418/418/418 417/417/417 415/415/415
f 419/419/419 416/416/416 417/417/417
f 420/420/420 417/417/417 418/418/418
f 419/419/419 417/417/417 420/420/420
f 421/421/421 419/419/419 420/420/420
f 422/422/422 420/420/420 418/418/418
f 423/423/423 420/420/420 422/422/422
f 424/424/424 423/423/423 422/422/422
f 424/424/424 422/422/422 425/425/425
f 426/426/426 423/423/423 424/424/424
f 427/427/427 424/424/424 425/425/425
f 428/428/428 426/426/426 424/424/424
f 428/428/428 424/424/424 427/427/427
f 429/429/429 428/428/428 427/427/427
f 432/432/432 431/431/431 430/430/430
f 433/433/433 432/432/432 430/430/430
f 432/432/432 433/433/433 434/434/434
f 433/433/433 435/435/435 434/434/434
f 433/433/433 430/430/430 436/436/436
f 433/433/433 437/437/437 435/435/435
f 437/437/437 433/433/433 436/436/436
f 437/437/437 438/438/438 435/435/435
f 437/437/437 436/436/436 439/439/439
f 436/436/436 440/440/440 439/439/439
f 441/441/441 437/437/437 439/439/439
f 440/440/440 442/442/442 439/439/439
f 441/441/441 439/439/439 443/443/443
f 439/439/439 442/442/442 443/443/443
f 442/442/442 444/444/444 443/443/443
f 445/445/445 441/441/441 443/443/443
f 443/443/443 444/444/444 446/446/446
f 445/445/445 443/443/443 447/447/447
f 447/447/447 443/443/443 446/446/446
f 448/448/448 445/445/445 447/447/447
f 447/447/447 446/446/446 449/449/449
f 448/448/448 447/447/447 449/449/449
f 446/446/446 450/450/450 449/449/449
f 451/451/451 448/448/448 449/449/449
f 449/449/449 450/450/450 452/452/452
f 451/451/451 449/449/449 452/452/452
f 450/450/450 453/453/453 452/452/452
f 454/454/454 451/451/451 452/452/452
f 454/454/454 452/452/452 455/455/455
f 456/456/456 454/454/454 455/455/455
f 454/454/454 456/456/456 457/457/457
f 456/456/456 458/458/458 457/457/457
f 461/461/461 460/460/460 459/459/459
f 462/462/462 461/461/461 459/459/459
f 462/462/462 459/459/459 463/463/463
f 464/464/464 461/461/461 462/462/462
f 465/465/465 462/462/462 463/463/463
f 466/466/466 464/464/464 462/462/462
f 466/466/466 462/462/462 465/465/465
f 467/467/467 464/464/464 466/466/466
f 468/468/468 466/466/466 465/465/465
f 469/469/469 467/467/467 466/466/466
f 469/469/469 466/466/466 468/468/468
f 470/470/470 469/469/469 468/468/468
f 471/471/471 467/467/467 469/469/469
f 470/470/470 472/472/472 469/469/469
f 473/473/473 471/471/471 469/469/469
f 472/472/472 473/473/473 469/469/469
f 474/474/474 471/471/471 473/473/473
f 472/472/472 475/475/475 473/473/473
f 476/476/476 474/474/474 473/473/473
f 475/475/475 476/476/476 473/473/473
f 479/479/479 478/478/478 477/477/477
f 480/480/480 479/479/479 477/477/477
f 479/479/479 480/480/480 481/481/481
f 480/480/480 477/477/477 482/482/482
f 480/480/480 483/483/483 481/481/481
f 484/484/484 480/480/480 482/482/482
f 480/480/480 484/484/484 483/483/483
f 484/484/484 482/482/482 485/485/485
f 484/484/484 486/486/486 483/483/483
f 487/487/487 484/484/484 485/485/485
f 484/484/484 487/487/487 486/486/486
f 487/487/487 485/485/485 488/488/488
f 487/487/487 489/489/489 486/486/486
f 490/490/490 487/487/487 488/488/488
f 487/487/487 490/490/490 489/489/489
f 490/490/490 488/488/488 491/491/491
f 490/490/490 492/492/492 489/489/489
f 493/493/493 490/490/490 491/491/491
f 490/490/490 493/493/493 492/492/492
f 493/493/493 494/494/494 492/492/492
f 494/494/494 493/493/493 495/495/495
f 493/493/493 496/496/496 495/495/495
f 496/496/496 493/493/493 497/497/497
f 495/495/495 496/496/496 498/498/498
f 499/499/499 496/496/496 497/497/497
f 496/496/496 500/500/500 498/498/498
f 500/500/500 496/496/496 499/499/499
f 498/498/498 500/500/500 501/501/501
f 502/502/502 500/500/500 499/499/499
f 500/500/500 503/503/503 501/501/501
f 503/503/503 500/500/500 502/502/502
f 501/501/501 503/503/503 504/504/504
f 505/505/505 503/503/503 502/502/502
f 503/503/503 506/506/506 504/504/504
f 506/506/506 503/503/503 505/505/505
f 504/504/504 506/506/506 507/507/507
f 508/508/508 506/506/506 505/505/505
f 506/506/506 509/509/509 507/507/507
f 509/509/509 506/506/506 508/508/508
f 510/510/510 509/509/509 508/508/508
f 513/513/513 512/512/512 511/511/511
f 512/512/512 514/514/514 511/511/511
f 511/511/511 514/514/514 515/515/515
f 512/512/512 516/516/516 514/514/514
f 514/514/514 517/517/517 515/515/515
f 516/516/516 518/518/518 514/514/514
f 514/514/514 518/518/518 517/517/517
f 516/516/516 519/519/519 518/518/518
f 518/518/518 520/520/520 517/517/517
f 519/519/519 521/521/521 518/518/518
f 518/518/518 521/521/521 520/520/520
f 521/521/521 522/522/522 520/520/520
f 519/519/519 523/523/523 521/521/521
f 524/524/524 522/522/522 521/521/521
f 523/523/523 525/525/525 521/521/521
f 525/525/525 524/524/524 521/521/521
f 523/523/523 526/526/526 525/525/525
f 527/527/527 524/524/524 525/525/525
f 526/526/526 528/528/528 525/525/525
f 528/528/528 527/527/527 525/525/525
f 531/531/531 530/530/530 529/529/529
f 532/532/532 531/531/531 529/529/529
f 532/532/532 529/529/529 533/533/533
f 531/531/531 532/532/532 534/534/534
f 532/532/532 533/533/533 535/535/535
f 532/532/532 536/536/536 534/534/534
f 532/532/532 535/535/535 537/537/537
f 532/532/532 538/538/538 536/536/536
f 532/532/532 537/537/537 539/539/539
f 532/532/532 539/539/539 538/538/538
f 542/542/542 541/541/541 540/540/540
f 543/543/543 542/542/542 540/540/540
f 546/546/546 545/545/545 544/544/544
f 547/547/547 546/546/546 544/544/544
f 550/550/550 549/549/549 548/548/548
f 549/549/549 551/551/551 548/548/548
f 548/548/548 551/551/551 552/552/552
f 551/551/551 549/549/549 553/553/553
f 552/552/552 551/551/551 554/554/554
f 555/555/555 551/551/551 553/553/553
f 554/554/554 551/551/551 556/556/556
f 557/557/557 551/551/551 555/555/555
f 556/556/556 551/551/551 558/558/558
f 558/558/558 551/551/551 557/557/557
f 561/561/561 560/560/560 559/559/559
f 560/560/560 562/562/562 559/559/559
f 559/559/559 562/562/562 563/563/563
f 562/562/562 560/560/560 564/564/564
f 563/563/563 562/562/562 565/565/565
f 566/566/566 562/562/562 564/564/564
f 565/565/565 562/562/562 567/567/567
f 568/568/568 562/562/562 566/566/566
f 567/567/567 562/562/562 569/569/569
f 569/569/569 562/562/562 568/568/568
f 572/572/572 571/571/571 570/570/570
f 573/573/573 572/572/572 570/570/570
f 574/574/574 572/572/572 573/573/573
f 575/575/575 574/574/574 573/573/573
f 576/576/576 574/574/574 575/575/575
f 577/577/577 575/575/575 573/573/573
f 578/578/578 577/577/577 573/573/573
f 577/577/577 579/579/579 575/575/575
f 580/580/580 576/576/576 575/575/575
f 579/579/579 580/580/580 575/575/575
f 581/581/581 576/576/576 580/580/580
f 579/579/579 582/582/582 580/580/580
f 583/583/583 581/581/581 580/580/580
f 582/582/582 583/583/583 580/580/580
f 584/584/584 581/581/581 583/583/583
f 582/582/582 585/585/585 583/583/583
f 586/586/586 584/584/584 583/583/583
f 585/585/585 586/586/586 583/583/583
f 587/587/587 584/584/584 586/586/586
f 585/585/585 588/588/588 586/586/586
f 589/589/589 587/587/587 586/586/586
f 588/588/588 589/589/589 586/586/586
f 590/590/590 587/587/587 589/589/589
f 591/591/591 590/590/590 589/589/589
f 592/592/592 590/590/590 591/591/591
f 588/588/588 593/593/593 589/589/589
f 593/593/593 591/591/591 589/589/589
f 594/594/594 592/592/592 591/591/591
f 593/593/593 595/595/595 591/591/591
f 591/591/591 596/596/596 594/594/594
f 596/596/596 597/597/597 594/594/594
f 598/598/598 596/596/596 591/591/591
f 595/595/595 599/599/599 591/591/591
f 599/599/599 598/598/598 591/591/591
f 595/595/595 600/600/600 599/599/599
f 601/601/601 598/598/598 599/599/599
f 600/600/600 602/602/602 599/599/599
f 602/602/602 601/601/601 599/599/599
f 600/600/600 603/603/603 602/602/602
f 604/604/604 601/601/601 602/602/602
f 603/603/603 605/605/605 602/602/602
f 605/605/605 604/604/604 602/602/602
f 603/603/603 606/606/606 605/605/605
f 607/607/607 604/604/604 605/605/605
f 606/606/606 608/608/608 605/605/605
f 608/608/608 607/607/607 605/605/605
f 606/606/606 609/609/609 608/608/608
f 610/610/610 607/607/607 608/608/608
f 609/609/609 611/611/611 608/608/608
f 611/611/611 610/610/610 608/608/608
f 609/609/609 612/612/612 611/611/611
f 613/613/613 610/610/610 611/611/611
f 612/612/612 614/614/614 611/611/611
f 614/614/614 613/613/613 611/611/611
f 615/615/615 613/613/613 614/614/614
f 616/616/616 615/615/615 614/614/614
f 619/619/619 618/618/618 617/617/617
f 618/618/618 620/620/620 617/617/617
f 617/617/617 620/620/620 621/621/621
f 618/618/618 622/622/622 620/620/620
f 620/620/620 623/623/623 621/621/621
f 622/622/622 624/624/624 620/620/620
f 620/620/620 624/624/624 623/623/623
f 624/624/624 625/625/625 623/623/623
f 628/628/628 627/627/627 626/626/626
f 629/629/629 628/628/628 626/626/626
f 632/632/632 631/631/631 630/630/630
f 633/633/633 632/632/632 630/630/630
f 636/636/636 635/635/635 634/634/634
f 637/637/637 636/636/636 634/634/634
f 640/640/640 639/639/639 638/638/638
f 641/641/641 640/640/640 638/638/638
f 644/644/644 643/643/643 642/642/642
f 645/645/645 644/644/644 642/642/642
f 648/648/648 647/647/647 646/646/646
f 649/649/649 648/648/648 646/646/646
f 652/652/652 651/651/651 650/650/650
f 653/653/653 652/652/652 650/650/650
f 656/656/656 655/655/655 654/654/654
f 657/657/657 656/656/656 654/654/654
f 660/660/660 659/659/659 658/658/658
f 661/661/661 660/660/660 658/658/658
f 664/664/664 663/663/663 662/662/662
f 665/665/665 664/664/664 662/662/662
f 668/668/668 667/667/667 666/666/666
f 669/669/669 668/668/668 666/666/666
f 672/672/672 671/671/671 670/670/670
f 673/673/673 672/672/672 670/670/670
f 676/676/676 675/675/675 674/674/674
f 677/677/677 675/675/675 676/676/676
f 677/677/677 676/676/676 678/678/678
f 679/679/679 677/677/677 678/678/678
f 679/679/679 678/678/678 680/680/680
f 681/681/681 675/675/675 677/677/677
f 681/681/681 677/677/677 679/679/679
f 682/682/682 679/679/679 680/680/680
f 682/682/682 680/680/680 683/683/683
f 684/684/684 681/681/681 679/679/679
f 684/684/684 679/679/679 682/682/682
f 685/685/685 682/682/682 683/683/683
f 685/685/685 683/683/683 686/686/686
f 687/687/687 675/675/675 681/681/681
f 687/687/687 681/681/681 684/684/684
f 688/688/688 684/684/684 682/682/682
f 688/688/688 682/682/682 685/685/685
f 689/689/689 685/685/685 686/686/686
f 689/689/689 686/686/686 690/690/690
f 691/691/691 689/689/689 690/690/690
f 692/692/692 687/687/687 684/684/684
f 692/692/692 684/684/684 688/688/688
f 693/693/693 685/685/685 689/689/689
f 693/693/693 688/688/688 685/685/685
f 694/694/694 689/689/689 691/691/691
f 694/694/694 693/693/693 689/689/689
f 695/695/695 694/694/694 691/691/691
f 696/696/696 688/688/688 693/693/693
f 696/696/696 692/692/692 688/688/688
f 697/697/697 687/687/687 692/692/692
f 697/697/697 675/675/675 687/687/687
f 698/698/698 694/694/694 695/695/695
f 699/699/699 698/698/698 695/695/695
f 700/700/700 693/693/693 694/694/694
f 700/700/700 696/696/696 693/693/693
f 698/698/698 700/700/700 694/694/694
f 701/701/701 697/697/697 692/692/692
f 701/701/701 692/692/692 696/696/696
f 702/702/702 698/698/698 699/699/699
f 703/703/703 702/702/702 699/699/699
f 704/704/704 700/700/700 698/698/698
f 702/702/702 704/704/704 698/698/698
f 705/705/705 696/696/696 700/700/700
f 705/705/705 701/701/701 696/696/696
f 704/704/704 705/705/705 700/700/700
f 706/706/706 697/697/697 701/701/701
f 706/706/706 675/675/675 697/697/697
f 707/707/707 702/702/702 703/703/703
f 708/708/708 707/707/707 703/703/703
f 709/709/709 701/701/701 705/705/705
f 709/709/709 706/706/706 701/701/701
f 710/710/710 704/704/704 702/702/702
f 707/707/707 710/710/710 702/702/702
f 711/711/711 705/705/705 704/704/704
f 711/711/711 709/709/709 705/705/705
f 710/710/710 711/711/711 704/704/704
f 712/712/712 675/675/675 706/706/706
f 712/712/712 706/706/706 709/709/709
f 713/713/713 707/707/707 708/708/708
f 714/714/714 713/713/713 708/708/708
f 715/715/715 709/709/709 711/711/711
f 715/715/715 712/712/712 709/709/709
f 716/716/716 675/675/675 712/712/712
f 716/716/716 712/712/712 715/715/715
f 717/717/717 675/675/675 716/716/716
f 717/717/717 716/716/716 718/718/718
f 718/718/718 716/716/716 715/715/715
f 719/719/719 717/717/717 718/718/718
f 720/720/720 715/715/715 711/711/711
f 720/720/720 711/711/711 710/710/710
f 718/718/718 715/715/715 720/720/720
f 721/721/721 710/710/710 707/707/707
f 721/721/721 720/720/720 710/710/710
f 713/713/713 721/721/721 707/707/707
f 719/719/719 718/718/718 722/722/722
f 722/722/722 718/718/718 720/720/720
f 722/722/722 720/720/720 721/721/721
f 723/723/723 719/719/719 722/722/722
f 724/724/724 722/722/722 721/721/721
f 723/723/723 722/722/722 724/724/724
f 724/724/724 721/721/721 713/713/713
f 725/725/725 723/723/723 724/724/724
f 726/726/726 724/724/724 713/713/713
f 725/725/725 724/724/724 726/726/726
f 726/726/726 713/713/713 714/714/714
f 727/727/727 725/725/725 726/726/726
f 728/728/728 726/726/726 714/714/714
f 727/727/727 726/726/726 728/728/728
f 729/729/729 727/727/727 728/728/728
f 732/732/732 731/731/731 730/730/730
f 731/731/731 733/733/733 730/730/730
f 730/730/730 733/733/733 734/734/734
f 731/731/731 735/735/735 733/733/733
f 733/733/733 736/736/736 734/734/734
f 734/734/734 736/736/736 737/737/737
f 735/735/735 738/738/738 733/733/733
f 733/733/733 738/738/738 736/736/736
f 735/735/735 739/739/739 738/738/738
f 736/736/736 740/740/740 737/737/737
f 737/737/737 740/740/740 741/741/741
f 738/738/738 742/742/742 736/736/736
f 736/736/736 742/742/742 740/740/740
f 739/739/739 743/743/743 738/738/738
f 738/738/738 743/743/743 742/742/742
f 739/739/739 744/744/744 743/743/743
f 740/740/740 745/745/745 741/741/741
f 741/741/741 745/745/745 746/746/746
f 742/742/742 747/747/747 740/740/740
f 740/740/740 747/747/747 745/745/745
f 744/744/744 748/748/748 743/743/743
f 744/744/744 749/749/749 748/748/748
f 749/749/749 750/750/750 748/748/748
f 743/743/743 751/751/751 742/742/742
f 743/743/743 748/748/748 751/751/751
f 742/742/742 751/751/751 747/747/747
f 745/745/745 752/752/752 746/746/746
f 746/746/746 752/752/752 753/753/753
f 748/748/748 750/750/750 754/754/754
f 748/748/748 754/754/754 751/751/751
f 747/747/747 755/755/755 745/745/745
f 745/745/745 755/755/755 752/752/752
f 751/751/751 756/756/756 747/747/747
f 751/751/751 754/754/754 756/756/756
f 747/747/747 756/756/756 755/755/755
f 752/752/752 757/757/757 753/753/753
f 753/753/753 757/757/757 758/758/758
f 750/750/750 759/759/759 754/754/754
f 750/750/750 760/760/760 759/759/759
f 755/755/755 761/761/761 752/752/752
f 752/752/752 761/761/761 757/757/757
f 754/754/754 762/762/762 756/756/756
f 754/754/754 759/759/759 762/762/762
f 756/756/756 763/763/763 755/755/755
f 755/755/755 763/763/763 761/761/761
f 756/756/756 762/762/762 763/763/763
f 757/757/757 764/764/764 758/758/758
f 758/758/758 764/764/764 765/765/765
f 764/764/764 766/766/766 765/765/765
f 759/759/759 767/767/767 762/762/762
f 759/759/759 760/760/760 767/767/767
f 761/761/761 768/768/768 757/757/757
f 757/757/757 768/768/768 764/764/764
f 764/764/764 769/769/769 766/766/766
f 768/768/768 769/769/769 764/764/764
f 769/769/769 770/770/770 766/766/766
f 762/762/762 771/771/771 763/763/763
f 762/762/762 767/767/767 771/771/771
f 763/763/763 772/772/772 761/761/761
f 761/761/761 772/772/772 768/768/768
f 763/763/763 771/771/771 772/772/772
f 769/769/769 773/773/773 770/770/770
f 773/773/773 774/774/774 770/770/770
f 768/768/768 775/775/775 769/769/769
f 772/772/772 775/775/775 768/768/768
f 775/775/775 773/773/773 769/769/769
f 767/767/767 776/776/776 771/771/771
f 767/767/767 760/760/760 776/776/776
f 771/771/771 777/777/777 772/772/772
f 772/772/772 777/777/777 775/775/775
f 771/771/771 776/776/776 777/777/777
f 773/773/773 778/778/778 774/774/774
f 778/778/778 779/779/779 774/774/774
f 775/775/775 780/780/780 773/773/773
f 777/777/777 780/780/780 775/775/775
f 780/780/780 778/778/778 773/773/773
f 776/776/776 781/781/781 777/777/777
f 777/777/777 781/781/781 780/780/780
f 776/776/776 760/760/760 781/781/781
f 781/781/781 782/782/782 780/780/780
f 780/780/780 782/782/782 778/778/778
f 781/781/781 760/760/760 782/782/782
f 778/778/778 783/783/783 779/779/779
f 782/782/782 783/783/783 778/778/778
f 782/782/782 760/760/760 783/783/783
f 783/783/783 784/784/784 779/779/779
f 783/783/783 760/760/760 784/784/784
f 787/787/787 786/786/786 785/785/785
f 786/786/786 788/788/788 785/785/785
f 785/785/785 788/788/788 789/789/789
f 786/786/786 790/790/790 788/788/788
f 788/788/788 791/791/791 789/789/789
f 789/789/789 791/791/791 792/792/792
f 790/790/790 793/793/793 788/788/788
f 788/788/788 793/793/793 791/791/791
f 790/790/790 794/794/794 793/793/793
f 794/794/794 795/795/795 793/793/793
f 794/794/794 796/796/796 795/795/795
f 793/793/793 797/797/797 791/791/791
f 793/793/793 795/795/795 797/797/797
f 796/796/796 798/798/798 795/795/795
f 796/796/796 799/799/799 798/798/798
f 791/791/791 800/800/800 792/792/792
f 791/791/791 797/797/797 800/800/800
f 795/795/795 801/801/801 797/797/797
f 795/795/795 798/798/798 801/801/801
f 799/799/799 802/802/802 798/798/798
f 799/799/799 803/803/803 802/802/802
f 797/797/797 804/804/804 800/800/800
f 797/797/797 801/801/801 804/804/804
f 798/798/798 805/805/805 801/801/801
f 798/798/798 802/802/802 805/805/805
f 803/803/803 806/806/806 802/802/802
f 803/803/803 807/807/807 806/806/806
f 801/801/801 808/808/808 804/804/804
f 801/801/801 805/805/805 808/808/808
f 802/802/802 809/809/809 805/805/805
f 802/802/802 806/806/806 809/809/809
f 807/807/807 810/810/810 806/806/806
f 807/807/807 811/811/811 810/810/810
f 811/811/811 812/812/812 810/810/810
f 805/805/805 813/813/813 808/808/808
f 805/805/805 809/809/809 813/813/813
f 808/808/808 813/813/813 814/814/814
f 814/814/814 804/804/804 808/808/808
f 809/809/809 814/814/814 813/813/813
f 806/806/806 815/815/815 809/809/809
f 806/806/806 810/810/810 815/815/815
f 809/809/809 815/815/815 814/814/814
f 810/810/810 812/812/812 816/816/816
f 810/810/810 816/816/816 815/815/815
f 812/812/812 817/817/817 816/816/816
f 814/814/814 818/818/818 804/804/804
f 815/815/815 818/818/818 814/814/814
f 815/815/815 816/816/816 818/818/818
f 818/818/818 800/800/800 804/804/804
f 816/816/816 817/817/817 819/819/819
f 816/816/816 819/819/819 818/818/818
f 818/818/818 819/819/819 800/800/800
f 819/819/819 792/792/792 800/800/800
f 817/817/817 820/820/820 819/819/819
f 819/819/819 820/820/820 792/792/792
f 820/820/820 821/821/821 792/792/792
f 820/820/820 822/822/822 821/821/821
f 822/822/822 823/823/823 821/821/821
f 822/822/822 824/824/824 823/823/823
f 824/824/824 825/825/825 823/823/823
f 824/824/824 826/826/826 825/825/825
f 826/826/826 827/827/827 825/825/825
f 830/830/830 829/829/829 828/828/828
f 829/829/829 831/831/831 828/828/828
f 828/828/828 831/831/831 832/832/832
f 829/829/829 833/833/833 831/831/831
f 831/831/831 834/834/834 832/832/832
f 832/832/832 834/834/834 835/835/835
f 834/834/834 836/836/836 835/835/835
f 833/833/833 837/837/837 831/831/831
f 831/831/831 837/837/837 834/834/834
f 833/833/833 838/838/838 837/837/837
f 834/834/834 839/839/839 836/836/836
f 837/837/837 839/839/839 834/834/834
f 839/839/839 840/840/840 836/836/836
f 838/838/838 841/841/841 837/837/837
f 837/837/837 841/841/841 839/839/839
f 838/838/838 842/842/842 841/841/841
f 839/839/839 843/843/843 840/840/840
f 841/841/841 843/843/843 839/839/839
f 843/843/843 844/844/844 840/840/840
f 842/842/842 845/845/845 841/841/841
f 841/841/841 845/845/845 843/843/843
f 842/842/842 846/846/846 845/845/845
f 843/843/843 847/847/847 844/844/844
f 845/845/845 847/847/847 843/843/843
f 847/847/847 848/848/848 844/844/844
f 846/846/846 849/849/849 845/845/845
f 845/845/845 849/849/849 847/847/847
f 846/846/846 850/850/850 849/849/849
f 847/847/847 851/851/851 848/848/848
f 849/849/849 851/851/851 847/847/847
f 851/851/851 852/852/852 848/848/848
f 850/850/850 853/853/853 849/849/849
f 849/849/849 853/853/853 851/851/851
f 850/850/850 854/854/854 853/853/853
f 851/851/851 855/855/855 852/852/852
f 853/853/853 855/855/855 851/851/851
f 855/855/855 856/856/856 852/852/852
f 854/854/854 857/857/857 853/853/853
f 853/853/853 857/857/857 855/855/855
f 854/854/854 858/858/858 857/857/857
f 858/858/858 859/859/859 857/857/857
f 855/855/855 860/860/860 856/856/856
f 857/857/857 860/860/860 855/855/855
f 857/857/857 859/859/859 860/860/860
f 860/860/860 861/861/861 856/856/856
f 859/859/859 862/862/862 860/860/860
f 860/860/860 862/862/862 861/861/861
f 862/862/862 863/863/863 861/861/861
f 866/866/866 865/865/865 864/864/864
f 865/865/865 867/867/867 864/864/864
f 864/864/864 867/867/867 868/868/868
f 865/865/865 869/869/869 867/867/867
f 867/867/867 870/870/870 868/868/868
f 868/868/868 870/870/870 871/871/871
f 869/869/869 872/872/872 867/867/867
f 867/867/867 872/872/872 870/870/870
f 869/869/869 873/873/873 872/872/872
f 873/873/873 874/874/874 872/872/872
f 873/873/873 875/875/875 874/874/874
f 872/872/872 876/876/876 870/870/870
f 872/872/872 874/874/874 876/876/876
f 875/875/875 877/877/877 874/874/874
f 875/875/875 878/878/878 877/877/877
f 870/870/870 879/879/879 871/871/871
f 870/870/870 876/876/876 879/879/879
f 874/874/874 880/880/880 876/876/876
f 874/874/874 877/877/877 880/880/880
f 878/878/878 881/881/881 877/877/877
f 878/878/878 882/882/882 881/881/881
f 876/876/876 883/883/883 879/879/879
f 876/876/876 880/880/880 883/883/883
f 877/877/877 884/884/884 880/880/880
f 877/877/877 881/881/881 884/884/884
f 882/882/882 885/885/885 881/881/881
f 882/882/882 886/886/886 885/885/885
f 886/886/886 887/887/887 885/885/885
f 881/881/881 885/885/885 888/888/888
f 881/881/881 888/888/888 884/884/884
f 885/885/885 887/887/887 889/889/889
f 885/885/885 889/889/889 888/888/888
f 887/887/887 890/890/890 889/889/889
f 880/880/880 884/884/884 891/891/891
f 880/880/880 891/891/891 883/883/883
f 884/884/884 888/888/888 892/892/892
f 884/884/884 892/892/892 891/891/891
f 888/888/888 889/889/889 893/893/893
f 888/888/888 893/893/893 892/892/892
f 889/889/889 890/890/890 894/894/894
f 889/889/889 894/894/894 893/893/893
f 890/890/890 895/895/895 894/894/894
f 883/883/883 891/891/891 896/896/896
f 891/891/891 897/897/897 896/896/896
f 891/891/891 892/892/892 897/897/897
f 883/883/883 896/896/896 898/898/898
f 892/892/892 899/899/899 897/897/897
f 892/892/892 893/893/893 899/899/899
f 879/879/879 883/883/883 898/898/898
f 893/893/893 900/900/900 899/899/899
f 893/893/893 894/894/894 900/900/900
f 879/879/879 898/898/898 901/901/901
f 894/894/894 902/902/902 900/900/900
f 894/894/894 895/895/895 902/902/902
f 871/871/871 879/879/879 901/901/901
f 895/895/895 903/903/903 902/902/902
f 871/871/871 901/901/901 904/904/904
f 895/895/895 905/905/905 903/903/903
f 906/906/906 871/871/871 904/904/904
f 905/905/905 907/907/907 903/903/903
f 906/906/906 904/904/904 908/908/908
f 905/905/905 909/909/909 907/907/907
f 910/910/910 906/906/906 908/908/908
f 909/909/909 911/911/911 907/907/907
f 910/910/910 908/908/908 912/912/912
f 909/909/909 913/913/913 911/911/911
f 914/914/914 910/910/910 912/912/912
f 913/913/913 915/915/915 911/911/911
f 914/914/914 912/912/912 916/916/916
f 913/913/913 917/917/917 915/915/915
f 918/918/918 914/914/914 916/916/916
f 917/917/917 919/919/919 915/915/915
f 918/918/918 916/916/916 919/919/919
f 917/917/917 918/918/918 919/919/919
f 922/922/922 921/921/921 920/920/920
f 923/923/923 922/922/922 920/920/920
f 923/923/923 920/920/920 924/924/924
f 925/925/925 922/922/922 923/923/923
f 926/926/926 923/923/923 924/924/924
f 926/926/926 924/924/924 927/927/927
f 928/928/928 925/925/925 923/923/923
f 928/928/928 923/923/923 926/926/926
f 929/929/929 925/925/925 928/928/928
f 930/930/930 926/926/926 927/927/927
f 930/930/930 927/927/927 931/931/931
f 932/932/932 928/928/928 926/926/926
f 932/932/932 926/926/926 930/930/930
f 933/933/933 930/930/930 931/931/931
f 933/933/933 931/931/931 934/934/934
f 935/935/935 929/929/929 928/928/928
f 935/935/935 928/928/928 932/932/932
f 936/936/936 932/932/932 930/930/930
f 936/936/936 930/930/930 933/933/933
f 937/937/937 933/933/933 934/934/934
f 937/937/937 934/934/934 938/938/938
f 939/939/939 935/935/935 932/932/932
f 939/939/939 932/932/932 936/936/936
f 940/940/940 936/936/936 933/933/933
f 940/940/940 933/933/933 937/937/937
f 941/941/941 937/937/937 938/938/938
f 941/941/941 938/938/938 942/942/942
f 943/943/943 939/939/939 936/936/936
f 943/943/943 936/936/936 940/940/940
f 944/944/944 940/940/940 937/937/937
f 944/944/944 937/937/937 941/941/941
f 945/945/945 941/941/941 942/942/942
f 945/945/945 942/942/942 946/946/946
f 947/947/947 943/943/943 940/940/940
f 947/947/947 940/940/940 944/944/944
f 948/948/948 944/944/944 941/941/941
f 948/948/948 941/941/941 945/945/945
f 949/949/949 945/945/945 946/946/946
f 949/949/949 946/946/946 950/950/950
f 951/951/951 949/949/949 950/950/950
f 952/952/952 945/945/945 949/949/949
f 952/952/952 948/948/948 945/945/945
f 953/953/953 949/949/949 951/951/951
f 953/953/953 952/952/952 949/949/949
f 954/954/954 953/953/953 951/951/951
f 955/955/955 944/944/944 948/948/948
f 955/955/955 947/947/947 944/944/944
f 956/956/956 948/948/948 952/952/952
f 956/956/956 955/955/955 948/948/948
f 957/957/957 952/952/952 953/953/953
f 957/957/957 956/956/956 952/952/952
f 958/958/958 953/953/953 954/954/954
f 958/958/958 957/957/957 953/953/953
f 959/959/959 958/958/958 954/954/954
f 947/947/947 955/955/955 960/960/960
f 947/947/947 960/960/960 961/961/961
f 955/955/955 962/962/962 960/960/960
f 955/955/955 956/956/956 962/962/962
f 943/943/943 947/947/947 961/961/961
f 956/956/956 963/963/963 962/962/962
f 956/956/956 957/957/957 963/963/963
f 943/943/943 961/961/961 964/964/964
f 957/957/957 965/965/965 963/963/963
f 957/957/957 958/958/958 965/965/965
f 939/939/939 943/943/943 964/964/964
f 958/958/958 966/966/966 965/965/965
f 958/958/958 959/959/959 966/966/966
f 939/939/939 964/964/964 967/967/967
f 959/959/959 968/968/968 966/966/966
f 935/935/935 939/939/939 967/967/967
f 959/959/959 969/969/969 968/968/968
f 935/935/935 967/967/967 970/970/970
f 969/969/969 971/971/971 968/968/968
f 929/929/929 935/935/935 970/970/970
f 969/969/969 972/972/972 971/971/971
f 929/929/929 970/970/970 973/973/973
f 972/972/972 974/974/974 971/971/971
f 975/975/975 929/929/929 973/973/973
f 972/972/972 976/976/976 974/974/974
f 975/975/975 973/973/973 977/977/977
f 976/976/976 978/978/978 974/974/974
f 979/979/979 975/975/975 977/977/977
f 976/976/976 980/980/980 978/978/978
f 979/979/979 977/977/977 981/981/981
f 980/980/980 981/981/981 978/978/978
f 980/980/980 979/979/979 981/981/981
f 984/984/984 983/983/983 982/982/982
f 983/983/983 985/985/985 982/982/982
f 982/982/982 985/985/985 986/986/986
f 983/983/983 987/987/987 985/985/985
f 985/985/985 988/988/988 986/986/986
f 986/986/986 988/988/988 989/989/989
f 987/987/987 990/990/990 985/985/985
f 985/985/985 990/990/990 988/988/988
f 987/987/987 991/991/991 990/990/990
f 988/988/988 992/992/992 989/989/989
f 989/989/989 992/992/992 993/993/993
f 990/990/990 994/994/994 988/988/988
f 988/988/988 994/994/994 992/992/992
f 991/991/991 995/995/995 990/990/990
f 990/990/990 995/995/995 994/994/994
f 991/991/991 996/996/996 995/995/995
f 992/992/992 997/997/997 993/993/993
f 993/993/993 997/997/997 998/998/998
f 994/994/994 999/999/999 992/992/992
f 992/992/992 999/999/999 997/997/997
f 996/996/996 1000/1000/1000 995/995/995
f 996/996/996 1001/1001/1001 1000/1000/1000
f 995/995/995 1002/1002/1002 994/994/994
f 994/994/994 1002/1002/1002 999/999/999
f 995/995/995 1000/1000/1000 1002/1002/1002
f 997/997/997 1003/1003/1003 998/998/998
f 998/998/998 1003/1003/1003 1004/1004/1004
f 1001/1001/1001 1005/1005/1005 1000/1000/1000
f 1001/1001/1001 1006/1006/1006 1005/1005/1005
f 999/999/999 1007/1007/1007 997/997/997
f 997/997/997 1007/1007/1007 1003/1003/1003
f 1000/1000/1000 1008/1008/1008 1002/1002/1002
f 1000/1000/1000 1005/1005/1005 1008/1008/1008
f 1002/1002/1002 1009/1009/1009 999/999/999
f 999/999/999 1009/1009/1009 1007/1007/1007
f 1002/1002/1002 1008/1008/1008 1009/1009/1009
f 1003/1003/1003 1010/1010/1010 1004/1004/1004
f 1004/1004/1004 1010/1010/1010 1011/1011/1011
f 1005/1005/1005 1012/1012/1012 1008/1008/1008
f 1005/1005/1005 1006/1006/1006 1012/1012/1012
f 1007/1007/1007 1013/1013/1013 1003/1003/1003
f 1003/1003/1003 1013/1013/1013 1010/1010/1010
f 1008/1008/1008 1014/1014/1014 1009/1009/1009
f 1008/1008/1008 1012/1012/1012 1014/1014/1014
f 1009/1009/1009 1015/1015/1015 1007/1007/1007
f 1007/1007/1007 1015/1015/1015 1013/1013/1013
f 1009/1009/1009 1014/1014/1014 1015/1015/1015
f 1010/1010/1010 1016/1016/1016 1011/1011/1011
f 1011/1011/1011 1016/1016/1016 1017/1017/1017
f 1016/1016/1016 1018/1018/1018 1017/1017/1017
f 1012/1012/1012 1019/1019/1019 1014/1014/1014
f 1012/1012/1012 1006/1006/1006 1019/1019/1019
f 1013/1013/1013 1020/1020/1020 1010/1010/1010
f 1010/1010/1010 1020/1020/1020 1016/1016/1016
f 1016/1016/1016 1021/1021/1021 1018/1018/1018
f 1020/1020/1020 1021/1021/1021 1016/1016/1016
f 1021/1021/1021 1022/1022/1022 1018/1018/1018
f 1014/1014/1014 1023/1023/1023 1015/1015/1015
f 1014/1014/1014 1019/1019/1019 1023/1023/1023
f 1015/1015/1015 1024/1024/1024 1013/1013/1013
f 1013/1013/1013 1024/1024/1024 1020/1020/1020
f 1015/1015/1015 1023/1023/1023 1024/1024/1024
f 1021/1021/1021 1025/1025/1025 1022/1022/1022
f 1025/1025/1025 1026/1026/1026 1022/1022/1022
f 1020/1020/1020 1027/1027/1027 1021/1021/1021
f 1024/1024/1024 1027/1027/1027 1020/1020/1020
f 1027/1027/1027 1025/1025/1025 1021/1021/1021
f 1019/1019/1019 1028/1028/1028 1023/1023/1023
f 1019/1019/1019 1006/1006/1006 1028/1028/1028
f 1023/1023/1023 1029/1029/1029 1024/1024/1024
f 1024/1024/1024 1029/1029/1029 1027/1027/1027
f 1023/1023/1023 1028/1028/1028 1029/1029/1029
f 1025/1025/1025 1030/1030/1030 1026/1026/1026
f 1030/1030/1030 1031/1031/1031 1026/1026/1026
f 1027/1027/1027 1032/1032/1032 1025/1025/1025
f 1029/1029/1029 1032/1032/1032 1027/1027/1027
f 1032/1032/1032 1030/1030/1030 1025/1025/1025
f 1028/1028/1028 1033/1033/1033 1029/1029/1029
f 1029/1029/1029 1033/1033/1033 1032/1032/1032
f 1028/1028/1028 1006/1006/1006 1033/1033/1033
f 1033/1033/1033 1034/1034/1034 1032/1032/1032
f 1032/1032/1032 1034/1034/1034 1030/1030/1030
f 1033/1033/1033 1006/1006/1006 1034/1034/1034
f 1030/1030/1030 1035/1035/1035 1031/1031/1031
f 1034/1034/1034 1035/1035/1035 1030/1030/1030
f 1034/1034/1034 1006/1006/1006 1035/1035/1035
f 1035/1035/1035 1036/1036/1036 1031/1031/1031
f 1035/1035/1035 1006/1006/1006 1036/1036/1036
f 1039/1039/1039 1038/1038/1038 1037/1037/1037
f 1038/1038/1038 1040/1040/1040 1037/1037/1037
f 1037/1037/1037 1040/1040/1040 1041/1041/1041
f 1038/1038/1038 1042/1042/1042 1040/1040/1040
f 1040/1040/1040 1043/1043/1043 1041/1041/1041
f 1041/1041/1041 1043/1043/1043 1044/1044/1044
f 1042/1042/1042 1045/1045/1045 1040/1040/1040
f 1040/1040/1040 1045/1045/1045 1043/1043/1043
f 1042/1042/1042 1046/1046/1046 1045/1045/1045
f 1043/1043/1043 1047/1047/1047 1044/1044/1044
f 1044/1044/1044 1047/1047/1047 1048/1048/1048
f 1045/1045/1045 1049/1049/1049 1043/1043/1043
f 1043/1043/1043 1049/1049/1049 1047/1047/1047
f 1046/1046/1046 1050/1050/1050 1045/1045/1045
f 1045/1045/1045 1050/1050/1050 1049/1049/1049
f 1046/1046/1046 1051/1051/1051 1050/1050/1050
f 1047/1047/1047 1052/1052/1052 1048/1048/1048
f 1048/1048/1048 1052/1052/1052 1053/1053/1053
f 1049/1049/1049 1054/1054/1054 1047/1047/1047
f 1047/1047/1047 1054/1054/1054 1052/1052/1052
f 1051/1051/1051 1055/1055/1055 1050/1050/1050
f 1051/1051/1051 1056/1056/1056 1055/1055/1055
f 1050/1050/1050 1057/1057/1057 1049/1049/1049
f 1049/1049/1049 1057/1057/1057 1054/1054/1054
f 1050/1050/1050 1055/1055/1055 1057/1057/1057
f 1052/1052/1052 1058/1058/1058 1053/1053/1053
f 1053/1053/1053 1058/1058/1058 1059/1059/1059
f 1056/1056/1056 1060/1060/1060 1055/1055/1055
f 1056/1056/1056 1061/1061/1061 1060/1060/1060
f 1054/1054/1054 1062/1062/1062 1052/1052/1052
f 1052/1052/1052 1062/1062/1062 1058/1058/1058
f 1055/1055/1055 1063/1063/1063 1057/1057/1057
f 1055/1055/1055 1060/1060/1060 1063/1063/1063
f 1057/1057/1057 1064/1064/1064 1054/1054/1054
f 1054/1054/1054 1064/1064/1064 1062/1062/1062
f 1057/1057/1057 1063/1063/1063 1064/1064/1064
f 1058/1058/1058 1065/1065/1065 1059/1059/1059
f 1059/1059/1059 1065/1065/1065 1066/1066/1066
f 1060/1060/1060 1067/1067/1067 1063/1063/1063
f 1060/1060/1060 1061/1061/1061 1067/1067/1067
f 1062/1062/1062 1068/1068/1068 1058/1058/1058
f 1058/1058/1058 1068/1068/1068 1065/1065/1065
f 1063/1063/1063 1069/1069/1069 1064/1064/1064
f 1063/1063/1063 1067/1067/1067 1069/1069/1069
f 1064/1064/1064 1070/1070/1070 1062/1062/1062
f 1062/1062/1062 1070/1070/1070 1068/1068/1068
f 1064/1064/1064 1069/1069/1069 1070/1070/1070
f 1065/1065/1065 1071/1071/1071 1066/1066/1066
f 1066/1066/1066 1071/1071/1071 1072/1072/1072
f 1071/1071/1071 1073/1073/1073 1072/1072/1072
f 1067/1067/1067 1074/1074/1074 1069/1069/1069
f 1067/1067/1067 1061/1061/1061 1074/1074/1074
f 1068/1068/1068 1075/1075/1075 1065/1065/1065
f 1065/1065/1065 1075/1075/1075 1071/1071/1071
f 1071/1071/1071 1076/1076/1076 1073/1073/1073
f 1075/1075/1075 1076/1076/1076 1071/1071/1071
f 1076/1076/1076 1077/1077/1077 1073/1073/1073
f 1069/1069/1069 1078/1078/1078 1070/1070/1070
f 1069/1069/1069 1074/1074/1074 1078/1078/1078
f 1070/1070/1070 1079/1079/1079 1068/1068/1068
f 1068/1068/1068 1079/1079/1079 1075/1075/1075
f 1070/1070/1070 1078/1078/1078 1079/1079/1079
f 1076/1076/1076 1080/1080/1080 1077/1077/1077
f 1080/1080/1080 1081/1081/1081 1077/1077/1077
f 1075/1075/1075 1082/1082/1082 1076/1076/1076
f 1079/1079/1079 1082/1082/1082 1075/1075/1075
f 1082/1082/1082 1080/1080/1080 1076/1076/1076
f 1074/1074/1074 1083/1083/1083 1078/1078/1078
f 1074/1074/1074 1061/1061/1061 1083/1083/1083
f 1078/1078/1078 1084/1084/1084 1079/1079/1079
f 1079/1079/1079 1084/1084/1084 1082/1082/1082
f 1078/1078/1078 1083/1083/1083 1084/1084/1084
f 1080/1080/1080 1085/1085/1085 1081/1081/1081
f 1085/1085/1085 1086/1086/1086 1081/1081/1081
f 1082/1082/1082 1087/1087/1087 1080/1080/1080
f 1084/1084/1084 1087/1087/1087 1082/1082/1082
f 1087/1087/1087 1085/1085/1085 1080/1080/1080
f 1083/1083/1083 1088/1088/1088 1084/1084/1084
f 1084/1084/1084 1088/1088/1088 1087/1087/1087
f 1083/1083/1083 1061/1061/1061 1088/1088/1088
f 1088/1088/1088 1089/1089/1089 1087/1087/1087
f 1087/1087/1087 1089/1089/1089 1085/1085/1085
f 1088/1088/1088 1061/1061/1061 1089/1089/1089
f 1085/1085/1085 1090/1090/1090 1086/1086/1086
f 1089/1089/1089 1090/1090/1090 1085/1085/1085
f 1089/1089/1089 1061/1061/1061 1090/1090/1090
f 1090/1090/1090 1091/1091/1091 1086/1086/1086
f 1090/1090/1090 1061/1061/1061 1091/1091/1091
f 1094/1094/1094 1093/1093/1093 1092/1092/1092
f 1093/1093/1093 1095/1095/1095 1092/1092/1092
f 1092/1092/1092 1095/1095/1095 1096/1096/1096
f 1093/1093/1093 1097/1097/1097 1095/1095/1095
f 1095/1095/1095 1098/1098/1098 1096/1096/1096
f 1096/1096/1096 1098/1098/1098 1099/1099/1099
f 1098/1098/1098 1100/1100/1100 1099/1099/1099
f 1097/1097/1097 1101/1101/1101 1095/1095/1095
f 1095/1095/1095 1101/1101/1101 1098/1098/1098
f 1097/1097/1097 1102/1102/1102 1101/1101/1101
f 1098/1098/1098 1103/1103/1103 1100/1100/1100
f 1101/1101/1101 1103/1103/1103 1098/1098/1098
f 1103/1103/1103 1104/1104/1104 1100/1100/1100
f 1102/1102/1102 1105/1105/1105 1101/1101/1101
f 1101/1101/1101 1105/1105/1105 1103/1103/1103
f 1102/1102/1102 1106/1106/1106 1105/1105/1105
f 1103/1103/1103 1107/1107/1107 1104/1104/1104
f 1105/1105/1105 1107/1107/1107 1103/1103/1103
f 1107/1107/1107 1108/1108/1108 1104/1104/1104
f 1106/1106/1106 1109/1109/1109 1105/1105/1105
f 1105/1105/1105 1109/1109/1109 1107/1107/1107
f 1106/1106/1106 1110/1110/1110 1109/1109/1109
f 1107/1107/1107 1111/1111/1111 1108/1108/1108
f 1109/1109/1109 1111/1111/1111 1107/1107/1107
f 1111/1111/1111 1112/1112/1112 1108/1108/1108
f 1110/1110/1110 1113/1113/1113 1109/1109/1109
f 1109/1109/1109 1113/1113/1113 1111/1111/1111
f 1110/1110/1110 1114/1114/1114 1113/1113/1113
f 1111/1111/1111 1115/1115/1115 1112/1112/1112
f 1113/1113/1113 1115/1115/1115 1111/1111/1111
f 1115/1115/1115 1116/1116/1116 1112/1112/1112
f 1114/1114/1114 1117/1117/1117 1113/1113/1113
f 1113/1113/1113 1117/1117/1117 1115/1115/1115
f 1114/1114/1114 1118/1118/1118 1117/1117/1117
f 1115/1115/1115 1119/1119/1119 1116/1116/1116
f 1117/1117/1117 1119/1119/1119 1115/1115/1115
f 1119/1119/1119 1120/1120/1120 1116/1116/1116
f 1118/1118/1118 1121/1121/1121 1117/1117/1117
f 1117/1117/1117 1121/1121/1121 1119/1119/1119
f 1118/1118/1118 1122/1122/1122 1121/1121/1121
f 1122/1122/1122 1123/1123/1123 1121/1121/1121
f 1119/1119/1119 1124/1124/1124 1120/1120/1120
f 1121/1121/1121 1124/1124/1124 1119/1119/1119
f 1121/1121/1121 1123/1123/1123 1124/1124/1124
f 1124/1124/1124 1125/1125/1125 1120/1120/1120
f 1123/1123/1123 1126/1126/1126 1124/1124/1124
f 1124/1124/1124 1126/1126/1126 1125/1125/1125
f 1126/1126/1126 1127/1127/1127 1125/1125/1125
f 1130/1130/1130 1129/1129/1129 1128/1128/1128
f 1129/1129/1129 1131/1131/1131 1128/1128/1128
f 1128/1128/1128 1131/1131/1131 1132/1132/1132
f 1129/1129/1129 1133/1133/1133 1131/1131/1131
f 1131/1131/1131 1134/1134/1134 1132/1132/1132
f 1132/1132/1132 1134/1134/1134 1135/1135/1135
f 1133/1133/1133 1136/1136/1136 1131/1131/1131
f 1131/1131/1131 1136/1136/1136 1134/1134/1134
f 1133/1133/1133 1137/1137/1137 1136/1136/1136
f 1137/1137/1137 1138/1138/1138 1136/1136/1136
f 1137/1137/1137 1139/1139/1139 1138/1138/1138
f 1136/1136/1136 1140/1140/1140 1134/1134/1134
f 1136/1136/1136 1138/1138/1138 1140/1140/1140
f 1139/1139/1139 1141/1141/1141 1138/1138/1138
f 1139/1139/1139 1142/1142/1142 1141/1141/1141
f 1134/1134/1134 1143/1143/1143 1135/1135/1135
f 1134/1134/1134 1140/1140/1140 1143/1143/1143
f 1138/1138/1138 1144/1144/1144 1140/1140/1140
f 1138/1138/1138 1141/1141/1141 1144/1144/1144
f 1142/1142/1142 1145/1145/1145 1141/1141/1141
f 1142/1142/1142 1146/1146/1146 1145/1145/1145
f 1140/1140/1140 1147/1147/1147 1143/1143/1143
f 1140/1140/1140 1144/1144/1144 1147/1147/1147
f 1141/1141/1141 1148/1148/1148 1144/1144/1144
f 1141/1141/1141 1145/1145/1145 1148/1148/1148
f 1146/1146/1146 1149/1149/1149 1145/1145/1145
f 1146/1146/1146 1150/1150/1150 1149/1149/1149
f 1144/1144/1144 1151/1151/1151 1147/1147/1147
f 1144/1144/1144 1148/1148/1148 1151/1151/1151
f 1147/1147/1147 1151/1151/1151 1152/1152/1152
f 1152/1152/1152 1143/1143/1143 1147/1147/1147
f 1148/1148/1148 1152/1152/1152 1151/1151/1151
f 1145/1145/1145 1153/1153/1153 1148/1148/1148
f 1148/1148/1148 1153/1153/1153 1152/1152/1152
f 1145/1145/1145 1149/1149/1149 1153/1153/1153
f 1152/1152/1152 1154/1154/1154 1143/1143/1143
f 1153/1153/1153 1154/1154/1154 1152/1152/1152
f 1154/1154/1154 1135/1135/1135 1143/1143/1143
f 1150/1150/1150 1155/1155/1155 1149/1149/1149
f 1150/1150/1150 1156/1156/1156 1155/1155/1155
f 1156/1156/1156 1157/1157/1157 1155/1155/1155
f 1149/1149/1149 1158/1158/1158 1153/1153/1153
f 1153/1153/1153 1158/1158/1158 1154/1154/1154
f 1149/1149/1149 1155/1155/1155 1158/1158/1158
f 1154/1154/1154 1159/1159/1159 1135/1135/1135
f 1158/1158/1158 1159/1159/1159 1154/1154/1154
f 1159/1159/1159 1160/1160/1160 1135/1135/1135
f 1155/1155/1155 1157/1157/1157 1161/1161/1161
f 1155/1155/1155 1161/1161/1161 1158/1158/1158
f 1158/1158/1158 1161/1161/1161 1159/1159/1159
f 1157/1157/1157 1162/1162/1162 1161/1161/1161
f 1159/1159/1159 1163/1163/1163 1160/1160/1160
f 1161/1161/1161 1163/1163/1163 1159/1159/1159
f 1161/1161/1161 1162/1162/1162 1163/1163/1163
f 1163/1163/1163 1164/1164/1164 1160/1160/1160
f 1162/1162/1162 1165/1165/1165 1163/1163/1163
f 1163/1163/1163 1165/1165/1165 1164/1164/1164
f 1165/1165/1165 1166/1166/1166 1164/1164/1164
f 1165/1165/1165 1167/1167/1167 1166/1166/1166
f 1167/1167/1167 1168/1168/1168 1166/1166/1166
f 1167/1167/1167 1169/1169/1169 1168/1168/1168
f 1169/1169/1169 1170/1170/1170 1168/1168/1168
f 1173/1173/1173 1172/1172/1172 1171/1171/1171
f 1172/1172/1172 1174/1174/1174 1171/1171/1171
f 1171/1171/1171 1174/1174/1174 1175/1175/1175
f 1172/1172/1172 1176/1176/1176 1174/1174/1174
f 1174/1174/1174 1177/1177/1177 1175/1175/1175
f 1175/1175/1175 1177/1177/1177 1178/1178/1178
f 1176/1176/1176 1179/1179/1179 1174/1174/1174
f 1174/1174/1174 1179/1179/1179 1177/1177/1177
f 1176/1176/1176 1180/1180/1180 1179/1179/1179
f 1180/1180/1180 1181/1181/1181 1179/1179/1179
f 1180/1180/1180 1182/1182/1182 1181/1181/1181
f 1179/1179/1179 1183/1183/1183 1177/1177/1177
f 1179/1179/1179 1181/1181/1181 1183/1183/1183
f 1182/1182/1182 1184/1184/1184 1181/1181/1181
f 1182/1182/1182 1185/1185/1185 1184/1184/1184
f 1177/1177/1177 1186/1186/1186 1178/1178/1178
f 1177/1177/1177 1183/1183/1183 1186/1186/1186
f 1181/1181/1181 1187/1187/1187 1183/1183/1183
f 1181/1181/1181 1184/1184/1184 1187/1187/1187
f 1185/1185/1185 1188/1188/1188 1184/1184/1184
f 1185/1185/1185 1189/1189/1189 1188/1188/1188
f 1183/1183/1183 1190/1190/1190 1186/1186/1186
f 1183/1183/1183 1187/1187/1187 1190/1190/1190
f 1184/1184/1184 1191/1191/1191 1187/1187/1187
f 1184/1184/1184 1188/1188/1188 1191/1191/1191
f 1189/1189/1189 1192/1192/1192 1188/1188/1188
f 1189/1189/1189 1193/1193/1193 1192/1192/1192
f 1193/1193/1193 1194/1194/1194 1192/1192/1192
f 1188/1188/1188 1192/1192/1192 1195/1195/1195
f 1188/1188/1188 1195/1195/1195 1191/1191/1191
f 1192/1192/1192 1194/1194/1194 1196/1196/1196
f 1192/1192/1192 1196/1196/1196 1195/1195/1195
f 1194/1194/1194 1197/1197/1197 1196/1196/1196
f 1187/1187/1187 1191/1191/1191 1198/1198/1198
f 1187/1187/1187 1198/1198/1198 1190/1190/1190
f 1191/1191/1191 1195/1195/1195 1199/1199/1199
f 1191/1191/1191 1199/1199/1199 1198/1198/1198
f 1195/1195/1195 1196/1196/1196 1200/1200/1200
f 1195/1195/1195 1200/1200/1200 1199/1199/1199
f 1196/1196/1196 1197/1197/1197 1201/1201/1201
f 1196/1196/1196 1201/1201/1201 1200/1200/1200
f 1197/1197/1197 1202/1202/1202 1201/1201/1201
f 1190/1190/1190 1198/1198/1198 1203/1203/1203
f 1198/1198/1198 1204/1204/1204 1203/1203/1203
f 1198/1198/1198 1199/1199/1199 1204/1204/1204
f 1190/1190/1190 1203/1203/1203 1205/1205/1205
f 1199/1199/1199 1206/1206/1206 1204/1204/1204
f 1199/1199/1199 1200/1200/1200 1206/1206/1206
f 1186/1186/1186 1190/1190/1190 1205/1205/1205
f 1200/1200/1200 1207/1207/1207 1206/1206/1206
f 1200/1200/1200 1201/1201/1201 1207/1207/1207
f 1186/1186/1186 1205/1205/1205 1208/1208/1208
f 1201/1201/1201 1209/1209/1209 1207/1207/1207
f 1201/1201/1201 1202/1202/1202 1209/1209/1209
f 1178/1178/1178 1186/1186/1186 1208/1208/1208
f 1202/1202/1202 1210/1210/1210 1209/1209/1209
f 1178/1178/1178 1208/1208/1208 1211/1211/1211
f 1202/1202/1202 1212/1212/1212 1210/1210/1210
f 1213/1213/1213 1178/1178/1178 1211/1211/1211
f 1212/1212/1212 1214/1214/1214 1210/1210/1210
f 1213/1213/1213 1211/1211/1211 1215/1215/1215
f 1212/1212/1212 1216/1216/1216 1214/1214/1214
f 1217/1217/1217 1213/1213/1213 1215/1215/1215
f 1216/1216/1216 1218/1218/1218 1214/1214/1214
f 1217/1217/1217 1215/1215/1215 1219/1219/1219
f 1216/1216/1216 1220/1220/1220 1218/1218/1218
f 1221/1221/1221 1217/1217/1217 1219/1219/1219
f 1220/1220/1220 1222/1222/1222 1218/1218/1218
f 1221/1221/1221 1219/1219/1219 1223/1223/1223
f 1220/1220/1220 1224/1224/1224 1222/1222/1222
f 1225/1225/1225 1221/1221/1221 1223/1223/1223
f 1224/1224/1224 1226/1226/1226 1222/1222/1222
f 1225/1225/1225 1223/1223/1223 1226/1226/1226
f 1224/1224/1224 1225/1225/1225 1226/1226/1226
f 1229/1229/1229 1228/1228/1228 1227/1227/1227
f 1230/1230/1230 1229/1229/1229 1227/1227/1227
f 1230/1230/1230 1227/1227/1227 1231/1231/1231
f 1232/1232/1232 1229/1229/1229 1230/1230/1230
f 1233/1233/1233 1230/1230/1230 1231/1231/1231
f 1233/1233/1233 1231/1231/1231 1234/1234/1234
f 1235/1235/1235 1232/1232/1232 1230/1230/1230
f 1235/1235/1235 1230/1230/1230 1233/1233/1233
f 1236/1236/1236 1232/1232/1232 1235/1235/1235
f 1237/1237/1237 1233/1233/1233 1234/1234/1234
f 1237/1237/1237 1234/1234/1234 1238/1238/1238
f 1239/1239/1239 1235/1235/1235 1233/1233/1233
f 1239/1239/1239 1233/1233/1233 1237/1237/1237
f 1240/1240/1240 1237/1237/1237 1238/1238/1238
f 1240/1240/1240 1238/1238/1238 1241/1241/1241
f 1242/1242/1242 1236/1236/1236 1235/1235/1235
f 1242/1242/1242 1235/1235/1235 1239/1239/1239
f 1243/1243/1243 1239/1239/1239 1237/1237/1237
f 1243/1243/1243 1237/1237/1237 1240/1240/1240
f 1244/1244/1244 1240/1240/1240 1241/1241/1241
f 1244/1244/1244 1241/1241/1241 1245/1245/1245
f 1246/1246/1246 1242/1242/1242 1239/1239/1239
f 1246/1246/1246 1239/1239/1239 1243/1243/1243
f 1247/1247/1247 1243/1243/1243 1240/1240/1240
f 1247/1247/1247 1240/1240/1240 1244/1244/1244
f 1248/1248/1248 1244/1244/1244 1245/1245/1245
f 1248/1248/1248 1245/1245/1245 1249/1249/1249
f 1250/1250/1250 1246/1246/1246 1243/1243/1243
f 1250/1250/1250 1243/1243/1243 1247/1247/1247
f 1251/1251/1251 1247/1247/1247 1244/1244/1244
f 1251/1251/1251 1244/1244/1244 1248/1248/1248
f 1252/1252/1252 1248/1248/1248 1249/1249/1249
f 1252/1252/1252 1249/1249/1249 1253/1253/1253
f 1254/1254/1254 1250/1250/1250 1247/1247/1247
f 1254/1254/1254 1247/1247/1247 1251/1251/1251
f 1255/1255/1255 1251/1251/1251 1248/1248/1248
f 1255/1255/1255 1248/1248/1248 1252/1252/1252
f 1256/1256/1256 1252/1252/1252 1253/1253/1253
f 1256/1256/1256 1253/1253/1253 1257/1257/1257
f 1258/1258/1258 1256/1256/1256 1257/1257/1257
f 1259/1259/1259 1252/1252/1252 1256/1256/1256
f 1259/1259/1259 1255/1255/1255 1252/1252/1252
f 1260/1260/1260 1256/1256/1256 1258/1258/1258
f 1260/1260/1260 1259/1259/1259 1256/1256/1256
f 1261/1261/1261 1260/1260/1260 1258/1258/1258
f 1262/1262/1262 1251/1251/1251 1255/1255/1255
f 1262/1262/1262 1254/1254/1254 1251/1251/1251
f 1263/1263/1263 1255/1255/1255 1259/1259/1259
f 1263/1263/1263 1262/1262/1262 1255/1255/1255
f 1264/1264/1264 1260/1260/1260 1261/1261/1261
f 1265/1265/1265 1264/1264/1264 1261/1261/1261
f 1266/1266/1266 1259/1259/1259 1260/1260/1260
f 1266/1266/1266 1263/1263/1263 1259/1259/1259
f 1264/1264/1264 1266/1266/1266 1260/1260/1260
f 1254/1254/1254 1262/1262/1262 1267/1267/1267
f 1254/1254/1254 1267/1267/1267 1268/1268/1268
f 1262/1262/1262 1269/1269/1269 1267/1267/1267
f 1262/1262/1262 1263/1263/1263 1269/1269/1269
f 1250/1250/1250 1254/1254/1254 1268/1268/1268
f 1263/1263/1263 1270/1270/1270 1269/1269/1269
f 1263/1263/1263 1266/1266/1266 1270/1270/1270
f 1250/1250/1250 1268/1268/1268 1271/1271/1271
f 1266/1266/1266 1272/1272/1272 1270/1270/1270
f 1266/1266/1266 1264/1264/1264 1272/1272/1272
f 1246/1246/1246 1250/1250/1250 1271/1271/1271
f 1264/1264/1264 1273/1273/1273 1272/1272/1272
f 1246/1246/1246 1271/1271/1271 1274/1274/1274
f 1264/1264/1264 1265/1265/1265 1273/1273/1273
f 1242/1242/1242 1246/1246/1246 1274/1274/1274
f 1265/1265/1265 1275/1275/1275 1273/1273/1273
f 1242/1242/1242 1274/1274/1274 1276/1276/1276
f 1265/1265/1265 1277/1277/1277 1275/1275/1275
f 1236/1236/1236 1242/1242/1242 1276/1276/1276
f 1277/1277/1277 1278/1278/1278 1275/1275/1275
f 1236/1236/1236 1276/1276/1276 1279/1279/1279
f 1277/1277/1277 1280/1280/1280 1278/1278/1278
f 1281/1281/1281 1236/1236/1236 1279/1279/1279
f 1280/1280/1280 1282/1282/1282 1278/1278/1278
f 1281/1281/1281 1279/1279/1279 1283/1283/1283
f 1280/1280/1280 1284/1284/1284 1282/1282/1282
f 1285/1285/1285 1281/1281/1281 1283/1283/1283
f 1284/1284/1284 1286/1286/1286 1282/1282/1282
f 1285/1285/1285 1283/1283/1283 1287/1287/1287
f 1284/1284/1284 1288/1288/1288 1286/1286/1286
f 1288/1288/1288 1287/1287/1287 1286/1286/1286
f 1288/1288/1288 1285/1285/1285 1287/1287/1287
f 1291/1291/1291 1290/1290/1290 1289/1289/1289
f 1290/1290/1290 1292/1292/1292 1289/1289/1289
f 1289/1289/1289 1292/1292/1292 1293/1293/1293
f 1290/1290/1290 1294/1294/1294 1292/1292/1292
f 1292/1292/1292 1295/1295/1295 1293/1293/1293
f 1293/1293/1293 1295/1295/1295 1296/1296/1296
f 1294/1294/1294 1297/1297/1297 1292/1292/1292
f 1292/1292/1292 1297/1297/1297 1295/1295/1295
f 1294/1294/1294 1298/1298/1298 1297/1297/1297
f 1295/1295/1295 1299/1299/1299 1296/1296/1296
f 1296/1296/1296 1299/1299/1299 1300/1300/1300
f 1297/1297/1297 1301/1301/1301 1295/1295/1295
f 1295/1295/1295 1301/1301/1301 1299/1299/1299
f 1298/1298/1298 1302/1302/1302 1297/1297/1297
f 1297/1297/1297 1302/1302/1302 1301/1301/1301
f 1298/1298/1298 1303/1303/1303 1302/1302/1302
f 1299/1299/1299 1304/1304/1304 1300/1300/1300
f 1300/1300/1300 1304/1304/1304 1305/1305/1305
f 1301/1301/1301 1306/1306/1306 1299/1299/1299
f 1299/1299/1299 1306/1306/1306 1304/1304/1304
f 1302/1302/1302 1307/1307/1307 1301/1301/1301
f 1301/1301/1301 1307/1307/1307 1306/1306/1306
f 1303/1303/1303 1308/1308/1308 1302/1302/1302
f 1302/1302/1302 1308/1308/1308 1307/1307/1307
f 1303/1303/1303 1309/1309/1309 1308/1308/1308
f 1304/1304/1304 1310/1310/1310 1305/1305/1305
f 1305/1305/1305 1310/1310/1310 1311/1311/1311
f 1306/1306/1306 1312/1312/1312 1304/1304/1304
f 1304/1304/1304 1312/1312/1312 1310/1310/1310
f 1307/1307/1307 1313/1313/1313 1306/1306/1306
f 1306/1306/1306 1313/1313/1313 1312/1312/1312
f 1308/1308/1308 1314/1314/1314 1307/1307/1307
f 1307/1307/1307 1314/1314/1314 1313/1313/1313
f 1309/1309/1309 1315/1315/1315 1308/1308/1308
f 1308/1308/1308 1315/1315/1315 1314/1314/1314
f 1309/1309/1309 1316/1316/1316 1315/1315/1315
f 1310/1310/1310 1317/1317/1317 1311/1311/1311
f 1311/1311/1311 1317/1317/1317 1318/1318/1318
f 1312/1312/1312 1319/1319/1319 1310/1310/1310
f 1310/1310/1310 1319/1319/1319 1317/1317/1317
f 1313/1313/1313 1320/1320/1320 1312/1312/1312
f 1312/1312/1312 1320/1320/1320 1319/1319/1319
f 1314/1314/1314 1321/1321/1321 1313/1313/1313
f 1313/1313/1313 1321/1321/1321 1320/1320/1320
f 1315/1315/1315 1322/1322/1322 1314/1314/1314
f 1314/1314/1314 1322/1322/1322 1321/1321/1321
f 1316/1316/1316 1323/1323/1323 1315/1315/1315
f 1315/1315/1315 1323/1323/1323 1322/1322/1322
f 1316/1316/1316 1324/1324/1324 1323/1323/1323
f 1317/1317/1317 1325/1325/1325 1318/1318/1318
f 1318/1318/1318 1325/1325/1325 1326/1326/1326
f 1319/1319/1319 1327/1327/1327 1317/1317/1317
f 1317/1317/1317 1327/1327/1327 1325/1325/1325
f 1320/1320/1320 1328/1328/1328 1319/1319/1319
f 1319/1319/1319 1328/1328/1328 1327/1327/1327
f 1321/1321/1321 1329/1329/1329 1320/1320/1320
f 1320/1320/1320 1329/1329/1329 1328/1328/1328
f 1322/1322/1322 1330/1330/1330 1321/1321/1321
f 1321/1321/1321 1330/1330/1330 1329/1329/1329
f 1323/1323/1323 1331/1331/1331 1322/1322/1322
f 1322/1322/1322 1331/1331/1331 1330/1330/1330
f 1324/1324/1324 1332/1332/1332 1323/1323/1323
f 1323/1323/1323 1332/1332/1332 1331/1331/1331
f 1324/1324/1324 1333/1333/1333 1332/1332/1332
f 1333/1333/1333 1334/1334/1334 1332/1332/1332
f 1332/1332/1332 1334/1334/1334 1335/1335/1335
f 1332/1332/1332 1335/1335/1335 1331/1331/1331
f 1334/1334/1334 1336/1336/1336 1335/1335/1335
f 1331/1331/1331 1337/1337/1337 1330/1330/1330
f 1331/1331/1331 1335/1335/1335 1337/1337/1337
f 1335/1335/1335 1336/1336/1336 1338/1338/1338
f 1335/1335/1335 1338/1338/1338 1337/1337/1337
f 1336/1336/1336 1339/1339/1339 1338/1338/1338
f 1330/1330/1330 1340/1340/1340 1329/1329/1329
f 1330/1330/1330 1337/1337/1337 1340/1340/1340
f 1337/1337/1337 1338/1338/1338 1341/1341/1341
f 1337/1337/1337 1341/1341/1341 1340/1340/1340
f 1338/1338/1338 1339/1339/1339 1342/1342/1342
f 1338/1338/1338 1342/1342/1342 1341/1341/1341
f 1339/1339/1339 1343/1343/1343 1342/1342/1342
f 1329/1329/1329 1340/1340/1340 1344/1344/1344
f 1329/1329/1329 1344/1344/1344 1328/1328/1328
f 1340/1340/1340 1341/1341/1341 1345/1345/1345
f 1340/1340/1340 1345/1345/1345 1344/1344/1344
f 1341/1341/1341 1342/1342/1342 1346/1346/1346
f 1341/1341/1341 1346/1346/1346 1345/1345/1345
f 1342/1342/1342 1343/1343/1343 1347/1347/1347
f 1342/1342/1342 1347/1347/1347 1346/1346/1346
f 1343/1343/1343 1348/1348/1348 1347/1347/1347
f 1328/1328/1328 1344/1344/1344 1349/1349/1349
f 1328/1328/1328 1349/1349/1349 1327/1327/1327
f 1344/1344/1344 1345/1345/1345 1350/1350/1350
f 1344/1344/1344 1350/1350/1350 1349/1349/1349
f 1345/1345/1345 1346/1346/1346 1351/1351/1351
f 1345/1345/1345 1351/1351/1351 1350/1350/1350
f 1346/1346/1346 1347/1347/1347 1352/1352/1352
f 1346/1346/1346 1352/1352/1352 1351/1351/1351
f 1347/1347/1347 1348/1348/1348 1353/1353/1353
f 1347/1347/1347 1353/1353/1353 1352/1352/1352
f 1348/1348/1348 1354/1354/1354 1353/1353/1353
f 1327/1327/1327 1349/1349/1349 1355/1355/1355
f 1327/1327/1327 1355/1355/1355 1325/1325/1325
f 1349/1349/1349 1350/1350/1350 1356/1356/1356
f 1349/1349/1349 1356/1356/1356 1355/1355/1355
f 1350/1350/1350 1351/1351/1351 1357/1357/1357
f 1350/1350/1350 1357/1357/1357 1356/1356/1356
f 1351/1351/1351 1352/1352/1352 1358/1358/1358
f 1351/1351/1351 1358/1358/1358 1357/1357/1357
f 1352/1352/1352 1353/1353/1353 1359/1359/1359
f 1352/1352/1352 1359/1359/1359 1358/1358/1358
f 1353/1353/1353 1354/1354/1354 1360/1360/1360
f 1353/1353/1353 1360/1360/1360 1359/1359/1359
f 1354/1354/1354 1361/1361/1361 1360/1360/1360
f 1325/1325/1325 1355/1355/1355 1362/1362/1362
f 1325/1325/1325 1362/1362/1362 1326/1326/1326
f 1326/1326/1326 1362/1362/1362 1363/1363/1363
f 1355/1355/1355 1356/1356/1356 1364/1364/1364
f 1355/1355/1355 1364/1364/1364 1362/1362/1362
f 1362/1362/1362 1365/1365/1365 1363/1363/1363
f 1362/1362/1362 1364/1364/1364 1365/1365/1365
f 1363/1363/1363 1365/1365/1365 1366/1366/1366
f 1365/1365/1365 1367/1367/1367 1366/1366/1366
f 1365/1365/1365 1368/1368/1368 1367/1367/1367
f 1364/1364/1364 1368/1368/1368 1365/1365/1365
f 1368/1368/1368 1369/1369/1369 1367/1367/1367
f 1356/1356/1356 1370/1370/1370 1364/1364/1364
f 1364/1364/1364 1370/1370/1370 1368/1368/1368
f 1356/1356/1356 1357/1357/1357 1370/1370/1370
f 1368/1368/1368 1371/1371/1371 1369/1369/1369
f 1370/1370/1370 1371/1371/1371 1368/1368/1368
f 1371/1371/1371 1372/1372/1372 1369/1369/1369
f 1357/1357/1357 1373/1373/1373 1370/1370/1370
f 1370/1370/1370 1373/1373/1373 1371/1371/1371
f 1357/1357/1357 1358/1358/1358 1373/1373/1373
f 1371/1371/1371 1374/1374/1374 1372/1372/1372
f 1373/1373/1373 1374/1374/1374 1371/1371/1371
f 1374/1374/1374 1375/1375/1375 1372/1372/1372
f 1358/1358/1358 1376/1376/1376 1373/1373/1373
f 1373/1373/1373 1376/1376/1376 1374/1374/1374
f 1358/1358/1358 1359/1359/1359 1376/1376/1376
f 1374/1374/1374 1377/1377/1377 1375/1375/1375
f 1376/1376/1376 1377/1377/1377 1374/1374/1374
f 1377/1377/1377 1378/1378/1378 1375/1375/1375
f 1359/1359/1359 1379/1379/1379 1376/1376/1376
f 1376/1376/1376 1379/1379/1379 1377/1377/1377
f 1359/1359/1359 1360/1360/1360 1379/1379/1379
f 1360/1360/1360 1380/1380/1380 1379/1379/1379
f 1377/1377/1377 1381/1381/1381 1378/1378/1378
f 1379/1379/1379 1381/1381/1381 1377/1377/1377
f 1379/1379/1379 1380/1380/1380 1381/1381/1381
f 1381/1381/1381 1382/1382/1382 1378/1378/1378
f 1380/1380/1380 1383/1383/1383 1381/1381/1381
f 1381/1381/1381 1383/1383/1383 1382/1382/1382
f 1383/1383/1383 1384/1384/1384 1382/1382/1382
f 1383/1383/1383 1385/1385/1385 1384/1384/1384
f 1385/1385/1385 1386/1386/1386 1384/1384/1384
f 1389/1389/1389 1388/1388/1388 1387/1387/1387
f 1388/1388/1388 1390/1390/1390 1387/1387/1387
f 1387/1387/1387 1390/1390/1390 1391/1391/1391
f 1390/1390/1390 1392/1392/1392 1391/1391/1391
f 1388/1388/1388 1393/1393/1393 1390/1390/1390
f 1390/1390/1390 1394/1394/1394 1392/1392/1392
f 1393/1393/1393 1394/1394/1394 1390/1390/1390
f 1395/1395/1395 1393/1393/1393 1388/1388/1388
f 1396/1396/1396 1395/1395/1395 1388/1388/1388
f 1394/1394/1394 1397/1397/1397 1392/1392/1392
f 1392/1392/1392 1397/1397/1397 1398/1398/1398
f 1397/1397/1397 1399/1399/1399 1398/1398/1398
f 1397/1397/1397 1400/1400/1400 1399/1399/1399
f 1400/1400/1400 1401/1401/1401 1399/1399/1399
f 1394/1394/1394 1402/1402/1402 1397/1397/1397
f 1402/1402/1402 1400/1400/1400 1397/1397/1397
f 1393/1393/1393 1403/1403/1403 1394/1394/1394
f 1403/1403/1403 1402/1402/1402 1394/1394/1394
f 1400/1400/1400 1404/1404/1404 1401/1401/1401
f 1404/1404/1404 1405/1405/1405 1401/1401/1401
f 1402/1402/1402 1406/1406/1406 1400/1400/1400
f 1406/1406/1406 1404/1404/1404 1400/1400/1400
f 1404/1404/1404 1407/1407/1407 1405/1405/1405
f 1407/1407/1407 1408/1408/1408 1405/1405/1405
f 1409/1409/1409 1403/1403/1403 1393/1393/1393
f 1395/1395/1395 1409/1409/1409 1393/1393/1393
f 1403/1403/1403 1410/1410/1410 1402/1402/1402
f 1410/1410/1410 1406/1406/1406 1402/1402/1402
f 1406/1406/1406 1411/1411/1411 1404/1404/1404
f 1411/1411/1411 1407/1407/1407 1404/1404/1404
f 1407/1407/1407 1412/1412/1412 1408/1408/1408
f 1412/1412/1412 1413/1413/1413 1408/1408/1408
f 1409/1409/1409 1414/1414/1414 1403/1403/1403
f 1414/1414/1414 1410/1410/1410 1403/1403/1403
f 1410/1410/1410 1415/1415/1415 1406/1406/1406
f 1415/1415/1415 1411/1411/1411 1406/1406/1406
f 1411/1411/1411 1416/1416/1416 1407/1407/1407
f 1416/1416/1416 1412/1412/1412 1407/1407/1407
f 1412/1412/1412 1417/1417/1417 1413/1413/1413
f 1417/1417/1417 1418/1418/1418 1413/1413/1413
f 1414/1414/1414 1419/1419/1419 1410/1410/1410
f 1419/1419/1419 1415/1415/1415 1410/1410/1410
f 1415/1415/1415 1420/1420/1420 1411/1411/1411
f 1420/1420/1420 1416/1416/1416 1411/1411/1411
f 1416/1416/1416 1421/1421/1421 1412/1412/1412
f 1421/1421/1421 1417/1417/1417 1412/1412/1412
f 1417/1417/1417 1422/1422/1422 1418/1418/1418
f 1422/1422/1422 1423/1423/1423 1418/1418/1418
f 1422/1422/1422 1424/1424/1424 1423/1423/1423
f 1424/1424/1424 1425/1425/1425 1423/1423/1423
f 1426/1426/1426 1424/1424/1424 1422/1422/1422
f 1427/1427/1427 1422/1422/1422 1417/1417/1417
f 1427/1427/1427 1426/1426/1426 1422/1422/1422
f 1421/1421/1421 1427/1427/1427 1417/1417/1417
f 1428/1428/1428 1426/1426/1426 1427/1427/1427
f 1429/1429/1429 1428/1428/1428 1427/1427/1427
f 1429/1429/1429 1427/1427/1427 1421/1421/1421
f 1430/1430/1430 1428/1428/1428 1429/1429/1429
f 1431/1431/1431 1421/1421/1421 1416/1416/1416
f 1431/1431/1431 1429/1429/1429 1421/1421/1421
f 1420/1420/1420 1431/1431/1431 1416/1416/1416
f 1432/1432/1432 1430/1430/1430 1429/1429/1429
f 1432/1432/1432 1429/1429/1429 1431/1431/1431
f 1433/1433/1433 1430/1430/1430 1432/1432/1432
f 1434/1434/1434 1431/1431/1431 1420/1420/1420
f 1434/1434/1434 1432/1432/1432 1431/1431/1431
f 1435/1435/1435 1433/1433/1433 1432/1432/1432
f 1435/1435/1435 1432/1432/1432 1434/1434/1434
f 1436/1436/1436 1433/1433/1433 1435/1435/1435
f 1437/1437/1437 1434/1434/1434 1420/1420/1420
f 1437/1437/1437 1420/1420/1420 1415/1415/1415
f 1419/1419/1419 1437/1437/1437 1415/1415/1415
f 1438/1438/1438 1435/1435/1435 1434/1434/1434
f 1438/1438/1438 1434/1434/1434 1437/1437/1437
f 1439/1439/1439 1436/1436/1436 1435/1435/1435
f 1439/1439/1439 1435/1435/1435 1438/1438/1438
f 1440/1440/1440 1436/1436/1436 1439/1439/1439
f 1441/1441/1441 1437/1437/1437 1419/1419/1419
f 1441/1441/1441 1438/1438/1438 1437/1437/1437
f 1442/1442/1442 1439/1439/1439 1438/1438/1438
f 1442/1442/1442 1438/1438/1438 1441/1441/1441
f 1443/1443/1443 1440/1440/1440 1439/1439/1439
f 1443/1443/1443 1439/1439/1439 1442/1442/1442
f 1444/1444/1444 1440/1440/1440 1443/1443/1443
f 1445/1445/1445 1441/1441/1441 1419/1419/1419
f 1445/1445/1445 1419/1419/1419 1414/1414/1414
f 1446/1446/1446 1442/1442/1442 1441/1441/1441
f 1446/1446/1446 1441/1441/1441 1445/1445/1445
f 1447/1447/1447 1443/1443/1443 1442/1442/1442
f 1447/1447/1447 1442/1442/1442 1446/1446/1446
f 1448/1448/1448 1444/1444/1444 1443/1443/1443
f 1448/1448/1448 1443/1443/1443 1447/1447/1447
f 1449/1449/1449 1444/1444/1444 1448/1448/1448
f 1450/1450/1450 1445/1445/1445 1414/1414/1414
f 1450/1450/1450 1414/1414/1414 1409/1409/1409
f 1451/1451/1451 1446/1446/1446 1445/1445/1445
f 1451/1451/1451 1445/1445/1445 1450/1450/1450
f 1452/1452/1452 1447/1447/1447 1446/1446/1446
f 1452/1452/1452 1446/1446/1446 1451/1451/1451
f 1453/1453/1453 1448/1448/1448 1447/1447/1447
f 1453/1453/1453 1447/1447/1447 1452/1452/1452
f 1454/1454/1454 1449/1449/1449 1448/1448/1448
f 1454/1454/1454 1448/1448/1448 1453/1453/1453
f 1455/1455/1455 1449/1449/1449 1454/1454/1454
f 1456/1456/1456 1450/1450/1450 1409/1409/1409
f 1456/1456/1456 1409/1409/1409 1395/1395/1395
f 1457/1457/1457 1451/1451/1451 1450/1450/1450
f 1457/1457/1457 1450/1450/1450 1456/1456/1456
f 1458/1458/1458 1452/1452/1452 1451/1451/1451
f 1458/1458/1458 1451/1451/1451 1457/1457/1457
f 1459/1459/1459 1453/1453/1453 1452/1452/1452
f 1459/1459/1459 1452/1452/1452 1458/1458/1458
f 1460/1460/1460 1454/1454/1454 1453/1453/1453
f 1460/1460/1460 1453/1453/1453 1459/1459/1459
f 1461/1461/1461 1456/1456/1456 1395/1395/1395
f 1461/1461/1461 1395/1395/1395 1396/1396/1396
f 1462/1462/1462 1461/1461/1461 1396/1396/1396
f 1463/1463/1463 1457/1457/1457 1456/1456/1456
f 1463/1463/1463 1456/1456/1456 1461/1461/1461
f 1464/1464/1464 1461/1461/1461 1462/1462/1462
f 1464/1464/1464 1463/1463/1463 1461/1461/1461
f 1465/1465/1465 1464/1464/1464 1462/1462/1462
f 1466/1466/1466 1458/1458/1458 1457/1457/1457
f 1466/1466/1466 1457/1457/1457 1463/1463/1463
f 1467/1467/1467 1459/1459/1459 1458/1458/1458
f 1467/1467/1467 1458/1458/1458 1466/1466/1466
f 1468/1468/1468 1464/1464/1464 1465/1465/1465
f 1469/1469/1469 1468/1468/1468 1465/1465/1465
f 1470/1470/1470 1463/1463/1463 1464/1464/1464
f 1470/1470/1470 1466/1466/1466 1463/1463/1463
f 1468/1468/1468 1470/1470/1470 1464/1464/1464
f 1471/1471/1471 1468/1468/1468 1469/1469/1469
f 1472/1472/1472 1471/1471/1471 1469/1469/1469
f 1473/1473/1473 1466/1466/1466 1470/1470/1470
f 1473/1473/1473 1467/1467/1467 1466/1466/1466
f 1474/1474/1474 1470/1470/1470 1468/1468/1468
f 1471/1471/1471 1474/1474/1474 1468/1468/1468
f 1474/1474/1474 1473/1473/1473 1470/1470/1470
f 1475/1475/1475 1459/1459/1459 1467/1467/1467
f 1475/1475/1475 1460/1460/1460 1459/1459/1459
f 1476/1476/1476 1471/1471/1471 1472/1472/1472
f 1477/1477/1477 1476/1476/1476 1472/1472/1472
f 1478/1478/1478 1467/1467/1467 1473/1473/1473
f 1478/1478/1478 1475/1475/1475 1467/1467/1467
f 1479/1479/1479 1474/1474/1474 1471/1471/1471
f 1476/1476/1476 1479/1479/1479 1471/1471/1471
f 1480/1480/1480 1473/1473/1473 1474/1474/1474
f 1480/1480/1480 1478/1478/1478 1473/1473/1473
f 1479/1479/1479 1480/1480/1480 1474/1474/1474
f 1481/1481/1481 1476/1476/1476 1477/1477/1477
f 1482/1482/1482 1481/1481/1481 1477/1477/1477
f 1483/1483/1483 1479/1479/1479 1476/1476/1476
f 1481/1481/1481 1483/1483/1483 1476/1476/1476
f 1484/1484/1484 1480/1480/1480 1479/1479/1479
f 1483/1483/1483 1484/1484/1484 1479/1479/1479
f 1485/1485/1485 1478/1478/1478 1480/1480/1480
f 1484/1484/1484 1485/1485/1485 1480/1480/1480
f 1486/1486/1486 1475/1475/1475 1478/1478/1478
f 1485/1485/1485 1486/1486/1486 1478/1478/1478
f 1486/1486/1486 1487/1487/1487 1475/1475/1475
f 1487/1487/1487 1460/1460/1460 1475/1475/1475
f 1487/1487/1487 1488/1488/1488 1460/1460/1460
f 1488/1488/1488 1454/1454/1454 1460/1460/1460
f 1488/1488/1488 1455/1455/1455 1454/1454/1454
f 1489/1489/1489 1481/1481/1481 1482/1482/1482
f 1490/1490/1490 1483/1483/1483 1481/1481/1481
f 1489/1489/1489 1490/1490/1490 1481/1481/1481
f 1491/1491/1491 1490/1490/1490 1489/1489/1489
f 1492/1492/1492 1489/1489/1489 1482/1482/1482
f 1491/1491/1491 1489/1489/1489 1492/1492/1492
f 1492/1492/1492 1482/1482/1482 1493/1493/1493
f 1490/1490/1490 1494/1494/1494 1483/1483/1483
f 1491/1491/1491 1494/1494/1494 1490/1490/1490
f 1494/1494/1494 1484/1484/1484 1483/1483/1483
f 1495/1495/1495 1492/1492/1492 1493/1493/1493
f 1491/1491/1491 1492/1492/1492 1495/1495/1495
f 1495/1495/1495 1493/1493/1493 1496/1496/1496
f 1494/1494/1494 1497/1497/1497 1484/1484/1484
f 1491/1491/1491 1497/1497/1497 1494/1494/1494
f 1497/1497/1497 1485/1485/1485 1484/1484/1484
f 1498/1498/1498 1495/1495/1495 1496/1496/1496
f 1491/1491/1491 1495/1495/1495 1498/1498/1498
f 1498/1498/1498 1496/1496/1496 1499/1499/1499
f 1497/1497/1497 1500/1500/1500 1485/1485/1485
f 1491/1491/1491 1500/1500/1500 1497/1497/1497
f 1491/1491/1491 1498/1498/1498 1501/1501/1501
f 1501/1501/1501 1498/1498/1498 1499/1499/1499
f 1491/1491/1491 1502/1502/1502 1500/1500/1500
f 1500/1500/1500 1486/1486/1486 1485/1485/1485
f 1500/1500/1500 1502/1502/1502 1486/1486/1486
f 1501/1501/1501 1499/1499/1499 1503/1503/1503
f 1502/1502/1502 1487/1487/1487 1486/1486/1486
f 1504/1504/1504 1501/1501/1501 1503/1503/1503
f 1491/1491/1491 1501/1501/1501 1504/1504/1504
f 1504/1504/1504 1503/1503/1503 1505/1505/1505
f 1502/1502/1502 1506/1506/1506 1487/1487/1487
f 1491/1491/1491 1506/1506/1506 1502/1502/1502
f 1506/1506/1506 1488/1488/1488 1487/1487/1487
f 1507/1507/1507 1504/1504/1504 1505/1505/1505
f 1491/1491/1491 1504/1504/1504 1507/1507/1507
f 1507/1507/1507 1505/1505/1505 1508/1508/1508
f 1506/1506/1506 1509/1509/1509 1488/1488/1488
f 1491/1491/1491 1509/1509/1509 1506/1506/1506
f 1509/1509/1509 1455/1455/1455 1488/1488/1488
f 1510/1510/1510 1507/1507/1507 1508/1508/1508
f 1491/1491/1491 1507/1507/1507 1510/1510/1510
f 1510/1510/1510 1508/1508/1508 1511/1511/1511
f 1512/1512/1512 1511/1511/1511 1455/1455/1455
f 1509/1509/1509 1512/1512/1512 1455/1455/1455
f 1491/1491/1491 1512/1512/1512 1509/1509/1509
f 1491/1491/1491 1510/1510/1510 1512/1512/1512
f 1512/1512/1512 1510/1510/1510 1511/1511/1511
f 1515/1515/1515 1514/1514/1514 1513/1513/1513
f 1514/1514/1514 1516/1516/1516 1513/1513/1513
f 1514/1514/1514 1517/1517/1517 1516/1516/1516
f 1513/1513/1513 1516/1516/1516 1518/1518/1518
f 1517/1517/1517 1519/1519/1519 1516/1516/1516
f 1517/1517/1517 1520/1520/1520 1519/1519/1519
f 1520/1520/1520 1521/1521/1521 1519/1519/1519
f 1516/1516/1516 1522/1522/1522 1518/1518/1518
f 1516/1516/1516 1519/1519/1519 1522/1522/1522
f 1519/1519/1519 1521/1521/1521 1523/1523/1523
f 1519/1519/1519 1523/1523/1523 1522/1522/1522
f 1518/1518/1518 1522/1522/1522 1523/1523/1523
f 1521/1521/1521 1524/1524/1524 1523/1523/1523
f 1525/1525/1525 1518/1518/1518 1523/1523/1523
f 1525/1525/1525 1523/1523/1523 1524/1524/1524
f 1524/1524/1524 1526/1526/1526 1525/1525/1525
f 1529/1529/1529 1528/1528/1528 1527/1527/1527
f 1529/1529/1529 1527/1527/1527 1530/1530/1530
f 1531/1531/1531 1529/1529/1529 1530/1530/1530
f 1530/1530/1530 1527/1527/1527 1532/1532/1532
f 1527/1527/1527 1533/1533/1533 1532/1532/1532
f 1530/1530/1530 1534/1534/1534 1531/1531/1531
f 1531/1531/1531 1534/1534/1534 1535/1535/1535
f 1534/1534/1534 1530/1530/1530 1536/1536/1536
f 1534/1534/1534 1536/1536/1536 1535/1535/1535
f 1530/1530/1530 1532/1532/1532 1536/1536/1536
f 1535/1535/1535 1536/1536/1536 1537/1537/1537
f 1536/1536/1536 1538/1538/1538 1537/1537/1537
f 1536/1536/1536 1532/1532/1532 1538/1538/1538
f 1532/1532/1532 1539/1539/1539 1538/1538/1538
f 1532/1532/1532 1533/1533/1533 1539/1539/1539
f 1533/1533/1533 1540/1540/1540 1539/1539/1539
f 1543/1543/1543 1542/1542/1542 1541/1541/1541
f 1544/1544/1544 1543/1543/1543 1541/1541/1541
f 1544/1544/1544 1541/1541/1541 1545/1545/1545
f 1546/1546/1546 1543/1543/1543 1544/1544/1544
f 1547/1547/1547 1544/1544/1544 1545/1545/1545
f 1547/1547/1547 1545/1545/1545 1548/1548/1548
f 1549/1549/1549 1546/1546/1546 1544/1544/1544
f 1549/1549/1549 1544/1544/1544 1547/1547/1547
f 1550/1550/1550 1546/1546/1546 1549/1549/1549
f 1551/1551/1551 1547/1547/1547 1548/1548/1548
f 1551/1551/1551 1548/1548/1548 1552/1552/1552
f 1553/1553/1553 1549/1549/1549 1547/1547/1547
f 1553/1553/1553 1547/1547/1547 1551/1551/1551
f 1554/1554/1554 1550/1550/1550 1549/1549/1549
f 1554/1554/1554 1549/1549/1549 1553/1553/1553
f 1555/1555/1555 1550/1550/1550 1554/1554/1554
f 1556/1556/1556 1551/1551/1551 1552/1552/1552
f 1556/1556/1556 1552/1552/1552 1557/1557/1557
f 1558/1558/1558 1553/1553/1553 1551/1551/1551
f 1558/1558/1558 1551/1551/1551 1556/1556/1556
f 1559/1559/1559 1554/1554/1554 1553/1553/1553
f 1559/1559/1559 1553/1553/1553 1558/1558/1558
f 1560/1560/1560 1555/1555/1555 1554/1554/1554
f 1560/1560/1560 1554/1554/1554 1559/1559/1559
f 1561/1561/1561 1555/1555/1555 1560/1560/1560
f 1562/1562/1562 1556/1556/1556 1557/1557/1557
f 1562/1562/1562 1557/1557/1557 1563/1563/1563
f 1564/1564/1564 1558/1558/1558 1556/1556/1556
f 1564/1564/1564 1556/1556/1556 1562/1562/1562
f 1565/1565/1565 1559/1559/1559 1558/1558/1558
f 1565/1565/1565 1558/1558/1558 1564/1564/1564
f 1566/1566/1566 1560/1560/1560 1559/1559/1559
f 1566/1566/1566 1559/1559/1559 1565/1565/1565
f 1567/1567/1567 1562/1562/1562 1563/1563/1563
f 1567/1567/1567 1563/1563/1563 1568/1568/1568
f 1569/1569/1569 1564/1564/1564 1562/1562/1562
f 1569/1569/1569 1562/1562/1562 1567/1567/1567
f 1570/1570/1570 1565/1565/1565 1564/1564/1564
f 1570/1570/1570 1564/1564/1564 1569/1569/1569
f 1571/1571/1571 1567/1567/1567 1568/1568/1568
f 1571/1571/1571 1568/1568/1568 1572/1572/1572
f 1573/1573/1573 1571/1571/1571 1572/1572/1572
f 1574/1574/1574 1569/1569/1569 1567/1567/1567
f 1574/1574/1574 1567/1567/1567 1571/1571/1571
f 1575/1575/1575 1571/1571/1571 1573/1573/1573
f 1575/1575/1575 1574/1574/1574 1571/1571/1571
f 1576/1576/1576 1575/1575/1575 1573/1573/1573
f 1577/1577/1577 1569/1569/1569 1574/1574/1574
f 1577/1577/1577 1570/1570/1570 1569/1569/1569
f 1578/1578/1578 1565/1565/1565 1570/1570/1570
f 1578/1578/1578 1566/1566/1566 1565/1565/1565
f 1579/1579/1579 1575/1575/1575 1576/1576/1576
f 1580/1580/1580 1579/1579/1579 1576/1576/1576
f 1581/1581/1581 1574/1574/1574 1575/1575/1575
f 1581/1581/1581 1577/1577/1577 1574/1574/1574
f 1579/1579/1579 1581/1581/1581 1575/1575/1575
f 1582/1582/1582 1570/1570/1570 1577/1577/1577
f 1582/1582/1582 1578/1578/1578 1570/1570/1570
f 1583/1583/1583 1579/1579/1579 1580/1580/1580
f 1584/1584/1584 1583/1583/1583 1580/1580/1580
f 1585/1585/1585 1581/1581/1581 1579/1579/1579
f 1583/1583/1583 1585/1585/1585 1579/1579/1579
f 1586/1586/1586 1577/1577/1577 1581/1581/1581
f 1586/1586/1586 1582/1582/1582 1577/1577/1577
f 1585/1585/1585 1586/1586/1586 1581/1581/1581
f 1587/1587/1587 1566/1566/1566 1578/1578/1578
f 1588/1588/1588 1578/1578/1578 1582/1582/1582
f 1588/1588/1588 1587/1587/1587 1578/1578/1578
f 1589/1589/1589 1582/1582/1582 1586/1586/1586
f 1589/1589/1589 1588/1588/1588 1582/1582/1582
f 1590/1590/1590 1586/1586/1586 1585/1585/1585
f 1590/1590/1590 1589/1589/1589 1586/1586/1586
f 1591/1591/1591 1585/1585/1585 1583/1583/1583
f 1591/1591/1591 1590/1590/1590 1585/1585/1585
f 1592/1592/1592 1583/1583/1583 1584/1584/1584
f 1592/1592/1592 1591/1591/1591 1583/1583/1583
f 1587/1587/1587 1593/1593/1593 1566/1566/1566
f 1593/1593/1593 1560/1560/1560 1566/1566/1566
f 1593/1593/1593 1561/1561/1561 1560/1560/1560
f 1594/1594/1594 1592/1592/1592 1584/1584/1584
f 1594/1594/1594 1584/1584/1584 1595/1595/1595
f 1596/1596/1596 1594/1594/1594 1595/1595/1595
f 1597/1597/1597 1594/1594/1594 1596/1596/1596
f 1598/1598/1598 1597/1597/1597 1596/1596/1596
f 1599/1599/1599 1592/1592/1592 1594/1594/1594
f 1597/1597/1597 1599/1599/1599 1594/1594/1594
f 1600/1600/1600 1591/1591/1591 1592/1592/1592
f 1599/1599/1599 1600/1600/1600 1592/1592/1592
f 1600/1600/1600 1601/1601/1601 1591/1591/1591
f 1601/1601/1601 1590/1590/1590 1591/1591/1591
f 1601/1601/1601 1602/1602/1602 1590/1590/1590
f 1602/1602/1602 1589/1589/1589 1590/1590/1590
f 1602/1602/1602 1603/1603/1603 1589/1589/1589
f 1603/1603/1603 1588/1588/1588 1589/1589/1589
f 1603/1603/1603 1604/1604/1604 1588/1588/1588
f 1604/1604/1604 1587/1587/1587 1588/1588/1588
f 1604/1604/1604 1605/1605/1605 1587/1587/1587
f 1605/1605/1605 1593/1593/1593 1587/1587/1587
f 1605/1605/1605 1606/1606/1606 1593/1593/1593
f 1606/1606/1606 1561/1561/1561 1593/1593/1593
f 1606/1606/1606 1607/1607/1607 1561/1561/1561
f 1607/1607/1607 1608/1608/1608 1561/1561/1561
f 1609/1609/1609 1607/1607/1607 1606/1606/1606
f 1610/1610/1610 1606/1606/1606 1605/1605/1605
f 1610/1610/1610 1609/1609/1609 1606/1606/1606
f 1611/1611/1611 1609/1609/1609 1610/1610/1610
f 1611/1611/1611 1612/1612/1612 1609/1609/1609
f 1611/1611/1611 1613/1613/1613 1612/1612/1612
f 1611/1611/1611 1614/1614/1614 1613/1613/1613
f 1611/1611/1611 1615/1615/1615 1614/1614/1614
f 1611/1611/1611 1616/1616/1616 1615/1615/1615
f 1617/1617/1617 1610/1610/1610 1605/1605/1605
f 1611/1611/1611 1610/1610/1610 1617/1617/1617
f 1611/1611/1611 1618/1618/1618 1616/1616/1616
f 1611/1611/1611 1617/1617/1617 1619/1619/1619
f 1617/1617/1617 1605/1605/1605 1604/1604/1604
f 1619/1619/1619 1617/1617/1617 1604/1604/1604
f 1616/1616/1616 1618/1618/1618 1620/1620/1620
f 1619/1619/1619 1604/1604/1604 1603/1603/1603
f 1618/1618/1618 1598/1598/1598 1620/1620/1620
f 1621/1621/1621 1619/1619/1619 1603/1603/1603
f 1611/1611/1611 1619/1619/1619 1621/1621/1621
f 1621/1621/1621 1603/1603/1603 1602/1602/1602
f 1618/1618/1618 1622/1622/1622 1598/1598/1598
f 1611/1611/1611 1622/1622/1622 1618/1618/1618
f 1622/1622/1622 1597/1597/1597 1598/1598/1598
f 1623/1623/1623 1621/1621/1621 1602/1602/1602
f 1611/1611/1611 1621/1621/1621 1623/1623/1623
f 1623/1623/1623 1602/1602/1602 1601/1601/1601
f 1622/1622/1622 1624/1624/1624 1597/1597/1597
f 1611/1611/1611 1624/1624/1624 1622/1622/1622
f 1624/1624/1624 1599/1599/1599 1597/1597/1597
f 1625/1625/1625 1623/1623/1623 1601/1601/1601
f 1611/1611/1611 1623/1623/1623 1625/1625/1625
f 1625/1625/1625 1601/1601/1601 1600/1600/1600
f 1626/1626/1626 1600/1600/1600 1599/1599/1599
f 1624/1624/1624 1626/1626/1626 1599/1599/1599
f 1611/1611/1611 1626/1626/1626 1624/1624/1624
f 1611/1611/1611 1625/1625/1625 1626/1626/1626
f 1626/1626/1626 1625/1625/1625 1600/1600/1600
f 1629/1629/1629 1628/1628/1628 1627/1627/1627
f 1628/1628/1628 1630/1630/1630 1627/1627/1627
f 1627/1627/1627 1630/1630/1630 1631/1631/1631
f 1630/1630/1630 1632/1632/1632 1631/1631/1631
f 1631/1631/1631 1632/1632/1632 1633/1633/1633
f 1632/1632/1632 1634/1634/1634 1633/1633/1633
f 1633/1633/1633 1634/1634/1634 1635/1635/1635
f 1634/1634/1634 1636/1636/1636 1635/1635/1635
f 1635/1635/1635 1636/1636/1636 1637/1637/1637
f 1636/1636/1636 1638/1638/1638 1637/1637/1637
f 1636/1636/1636 1639/1639/1639 1638/1638/1638
f 1639/1639/1639 1640/1640/1640 1638/1638/1638
f 1634/1634/1634 1641/1641/1641 1636/1636/1636
f 1641/1641/1641 1639/1639/1639 1636/1636/1636
f 1632/1632/1632 1642/1642/1642 1634/1634/1634
f 1642/1642/1642 1641/1641/1641 1634/1634/1634
f 1630/1630/1630 1643/1643/1643 1632/1632/1632
f 1643/1643/1643 1642/1642/1642 1632/1632/1632
f 1628/1628/1628 1644/1644/1644 1630/1630/1630
f 1644/1644/1644 1643/1643/1643 1630/1630/1630
f 1639/1639/1639 1645/1645/1645 1640/1640/1640
f 1645/1645/1645 1646/1646/1646 1640/1640/1640
f 1641/1641/1641 1647/1647/1647 1639/1639/1639
f 1647/1647/1647 1645/1645/1645 1639/1639/1639
f 1642/1642/1642 1648/1648/1648 1641/1641/1641
f 1648/1648/1648 1647/1647/1647 1641/1641/1641
f 1643/1643/1643 1649/1649/1649 1642/1642/1642
f 1649/1649/1649 1648/1648/1648 1642/1642/1642
f 1645/1645/1645 1650/1650/1650 1646/1646/1646
f 1650/1650/1650 1651/1651/1651 1646/1646/1646
f 1647/1647/1647 1652/1652/1652 1645/1645/1645
f 1652/1652/1652 1650/1650/1650 1645/1645/1645
f 1648/1648/1648 1653/1653/1653 1647/1647/1647
f 1653/1653/1653 1652/1652/1652 1647/1647/1647
f 1650/1650/1650 1654/1654/1654 1651/1651/1651
f 1654/1654/1654 1655/1655/1655 1651/1651/1651
f 1652/1652/1652 1656/1656/1656 1650/1650/1650
f 1656/1656/1656 1654/1654/1654 1650/1650/1650
f 1654/1654/1654 1657/1657/1657 1655/1655/1655
f 1657/1657/1657 1658/1658/1658 1655/1655/1655
f 1659/1659/1659 1649/1649/1649 1643/1643/1643
f 1644/1644/1644 1659/1659/1659 1643/1643/1643
f 1649/1649/1649 1660/1660/1660 1648/1648/1648
f 1660/1660/1660 1653/1653/1653 1648/1648/1648
f 1653/1653/1653 1661/1661/1661 1652/1652/1652
f 1661/1661/1661 1656/1656/1656 1652/1652/1652
f 1656/1656/1656 1662/1662/1662 1654/1654/1654
f 1662/1662/1662 1657/1657/1657 1654/1654/1654
f 1657/1657/1657 1663/1663/1663 1658/1658/1658
f 1663/1663/1663 1664/1664/1664 1658/1658/1658
f 1663/1663/1663 1665/1665/1665 1664/1664/1664
f 1665/1665/1665 1666/1666/1666 1664/1664/1664
f 1667/1667/1667 1665/1665/1665 1663/1663/1663
f 1668/1668/1668 1663/1663/1663 1657/1657/1657
f 1668/1668/1668 1667/1667/1667 1663/1663/1663
f 1662/1662/1662 1668/1668/1668 1657/1657/1657
f 1669/1669/1669 1667/1667/1667 1668/1668/1668
f 1670/1670/1670 1669/1669/1669 1668/1668/1668
f 1670/1670/1670 1668/1668/1668 1662/1662/1662
f 1671/1671/1671 1669/1669/1669 1670/1670/1670
f 1672/1672/1672 1671/1671/1671 1670/1670/1670
f 1673/1673/1673 1662/1662/1662 1656/1656/1656
f 1673/1673/1673 1670/1670/1670 1662/1662/1662
f 1672/1672/1672 1670/1670/1670 1673/1673/1673
f 1661/1661/1661 1673/1673/1673 1656/1656/1656
f 1674/1674/1674 1672/1672/1672 1673/1673/1673
f 1674/1674/1674 1673/1673/1673 1661/1661/1661
f 1675/1675/1675 1672/1672/1672 1674/1674/1674
f 1676/1676/1676 1674/1674/1674 1661/1661/1661
f 1676/1676/1676 1661/1661/1661 1653/1653/1653
f 1660/1660/1660 1676/1676/1676 1653/1653/1653
f 1677/1677/1677 1675/1675/1675 1674/1674/1674
f 1677/1677/1677 1674/1674/1674 1676/1676/1676
f 1678/1678/1678 1675/1675/1675 1677/1677/1677
f 1679/1679/1679 1678/1678/1678 1677/1677/1677
f 1680/1680/1680 1677/1677/1677 1676/1676/1676
f 1680/1680/1680 1676/1676/1676 1660/1660/1660
f 1679/1679/1679 1677/1677/1677 1680/1680/1680
f 1681/1681/1681 1680/1680/1680 1660/1660/1660
f 1681/1681/1681 1660/1660/1660 1649/1649/1649
f 1659/1659/1659 1681/1681/1681 1649/1649/1649
f 1682/1682/1682 1679/1679/1679 1680/1680/1680
f 1682/1682/1682 1680/1680/1680 1681/1681/1681
f 1683/1683/1683 1679/1679/1679 1682/1682/1682
f 1684/1684/1684 1683/1683/1683 1682/1682/1682
f 1685/1685/1685 1682/1682/1682 1681/1681/1681
f 1684/1684/1684 1682/1682/1682 1685/1685/1685
f 1685/1685/1685 1681/1681/1681 1659/1659/1659
f 1686/1686/1686 1684/1684/1684 1685/1685/1685
f 1687/1687/1687 1685/1685/1685 1659/1659/1659
f 1686/1686/1686 1685/1685/1685 1687/1687/1687
f 1687/1687/1687 1659/1659/1659 1644/1644/1644
f 1688/1688/1688 1686/1686/1686 1687/1687/1687
f 1689/1689/1689 1687/1687/1687 1644/1644/1644
f 1688/1688/1688 1687/1687/1687 1689/1689/1689
f 1689/1689/1689 1644/1644/1644 1628/1628/1628
f 1690/1690/1690 1688/1688/1688 1689/1689/1689
f 1691/1691/1691 1689/1689/1689 1628/1628/1628
f 1690/1690/1690 1689/1689/1689 1691/1691/1691
f 1692/1692/1692 1690/1690/1690 1691/1691/1691
f 1695/1695/1695 1694/1694/1694 1693/1693/1693
f 1696/1696/1696 1695/1695/1695 1693/1693/1693
f 1696/1696/1696 1693/1693/1693 1697/1697/1697
f 1698/1698/1698 1695/1695/1695 1696/1696/1696
f 1699/1699/1699 1696/1696/1696 1697/1697/1697
f 1699/1699/1699 1697/1697/1697 1700/1700/1700
f 1701/1701/1701 1699/1699/1699 1700/1700/1700
f 1702/1702/1702 1698/1698/1698 1696/1696/1696
f 1702/1702/1702 1696/1696/1696 1699/1699/1699
f 1703/1703/1703 1698/1698/1698 1702/1702/1702
f 1704/1704/1704 1699/1699/1699 1701/1701/1701
f 1704/1704/1704 1702/1702/1702 1699/1699/1699
f 1705/1705/1705 1704/1704/1704 1701/1701/1701
f 1706/1706/1706 1703/1703/1703 1702/1702/1702
f 1706/1706/1706 1702/1702/1702 1704/1704/1704
f 1707/1707/1707 1703/1703/1703 1706/1706/1706
f 1708/1708/1708 1704/1704/1704 1705/1705/1705
f 1708/1708/1708 1706/1706/1706 1704/1704/1704
f 1709/1709/1709 1708/1708/1708 1705/1705/1705
f 1710/1710/1710 1707/1707/1707 1706/1706/1706
f 1710/1710/1710 1706/1706/1706 1708/1708/1708
f 1711/1711/1711 1707/1707/1707 1710/1710/1710
f 1712/1712/1712 1708/1708/1708 1709/1709/1709
f 1712/1712/1712 1710/1710/1710 1708/1708/1708
f 1713/1713/1713 1712/1712/1712 1709/1709/1709
f 1714/1714/1714 1711/1711/1711 1710/1710/1710
f 1714/1714/1714 1710/1710/1710 1712/1712/1712
f 1715/1715/1715 1711/1711/1711 1714/1714/1714
f 1716/1716/1716 1712/1712/1712 1713/1713/1713
f 1716/1716/1716 1714/1714/1714 1712/1712/1712
f 1717/1717/1717 1716/1716/1716 1713/1713/1713
f 1718/1718/1718 1715/1715/1715 1714/1714/1714
f 1718/1718/1718 1714/1714/1714 1716/1716/1716
f 1719/1719/1719 1715/1715/1715 1718/1718/1718
f 1720/1720/1720 1716/1716/1716 1717/1717/1717
f 1720/1720/1720 1718/1718/1718 1716/1716/1716
f 1721/1721/1721 1720/1720/1720 1717/1717/1717
f 1722/1722/1722 1719/1719/1719 1718/1718/1718
f 1722/1722/1722 1718/1718/1718 1720/1720/1720
f 1723/1723/1723 1719/1719/1719 1722/1722/1722
f 1724/1724/1724 1723/1723/1723 1722/1722/1722
f 1725/1725/1725 1720/1720/1720 1721/1721/1721
f 1725/1725/1725 1722/1722/1722 1720/1720/1720
f 1724/1724/1724 1722/1722/1722 1725/1725/1725
f 1726/1726/1726 1725/1725/1725 1721/1721/1721
f 1727/1727/1727 1724/1724/1724 1725/1725/1725
f 1727/1727/1727 1725/1725/1725 1726/1726/1726
f 1728/1728/1728 1727/1727/1727 1726/1726/1726
f 1731/1731/1731 1730/1730/1730 1729/1729/1729
f 1732/1732/1732 1731/1731/1731 1729/1729/1729
f 1732/1732/1732 1729/1729/1729 1733/1733/1733
f 1734/1734/1734 1731/1731/1731 1732/1732/1732
f 1735/1735/1735 1732/1732/1732 1733/1733/1733
f 1735/1735/1735 1733/1733/1733 1736/1736/1736
f 1737/1737/1737 1734/1734/1734 1732/1732/1732
f 1737/1737/1737 1732/1732/1732 1735/1735/1735
f 1738/1738/1738 1734/1734/1734 1737/1737/1737
f 1739/1739/1739 1738/1738/1738 1737/1737/1737
f 1740/1740/1740 1738/1738/1738 1739/1739/1739
f 1741/1741/1741 1737/1737/1737 1735/1735/1735
f 1739/1739/1739 1737/1737/1737 1741/1741/1741
f 1742/1742/1742 1740/1740/1740 1739/1739/1739
f 1743/1743/1743 1740/1740/1740 1742/1742/1742
f 1744/1744/1744 1735/1735/1735 1736/1736/1736
f 1741/1741/1741 1735/1735/1735 1744/1744/1744
f 1745/1745/1745 1739/1739/1739 1741/1741/1741
f 1742/1742/1742 1739/1739/1739 1745/1745/1745
f 1746/1746/1746 1743/1743/1743 1742/1742/1742
f 1747/1747/1747 1743/1743/1743 1746/1746/1746
f 1748/1748/1748 1741/1741/1741 1744/1744/1744
f 1745/1745/1745 1741/1741/1741 1748/1748/1748
f 1749/1749/1749 1742/1742/1742 1745/1745/1745
f 1746/1746/1746 1742/1742/1742 1749/1749/1749
f 1750/1750/1750 1747/1747/1747 1746/1746/1746
f 1751/1751/1751 1747/1747/1747 1750/1750/1750
f 1752/1752/1752 1745/1745/1745 1748/1748/1748
f 1749/1749/1749 1745/1745/1745 1752/1752/1752
f 1753/1753/1753 1746/1746/1746 1749/1749/1749
f 1750/1750/1750 1746/1746/1746 1753/1753/1753
f 1754/1754/1754 1751/1751/1751 1750/1750/1750
f 1755/1755/1755 1751/1751/1751 1754/1754/1754
f 1756/1756/1756 1755/1755/1755 1754/1754/1754
f 1754/1754/1754 1750/1750/1750 1757/1757/1757
f 1757/1757/1757 1750/1750/1750 1753/1753/1753
f 1756/1756/1756 1754/1754/1754 1758/1758/1758
f 1758/1758/1758 1754/1754/1754 1757/1757/1757
f 1759/1759/1759 1756/1756/1756 1758/1758/1758
f 1753/1753/1753 1749/1749/1749 1760/1760/1760
f 1760/1760/1760 1749/1749/1749 1752/1752/1752
f 1757/1757/1757 1753/1753/1753 1761/1761/1761
f 1761/1761/1761 1753/1753/1753 1760/1760/1760
f 1759/1759/1759 1758/1758/1758 1762/1762/1762
f 1763/1763/1763 1759/1759/1759 1762/1762/1762
f 1758/1758/1758 1757/1757/1757 1764/1764/1764
f 1764/1764/1764 1757/1757/1757 1761/1761/1761
f 1762/1762/1762 1758/1758/1758 1764/1764/1764
f 1752/1752/1752 1765/1765/1765 1760/1760/1760
f 1765/1765/1765 1766/1766/1766 1760/1760/1760
f 1760/1760/1760 1766/1766/1766 1761/1761/1761
f 1767/1767/1767 1765/1765/1765 1752/1752/1752
f 1766/1766/1766 1768/1768/1768 1761/1761/1761
f 1761/1761/1761 1768/1768/1768 1764/1764/1764
f 1748/1748/1748 1767/1767/1767 1752/1752/1752
f 1768/1768/1768 1769/1769/1769 1764/1764/1764
f 1764/1764/1764 1769/1769/1769 1762/1762/1762
f 1770/1770/1770 1767/1767/1767 1748/1748/1748
f 1769/1769/1769 1771/1771/1771 1762/1762/1762
f 1762/1762/1762 1771/1771/1771 1763/1763/1763
f 1744/1744/1744 1770/1770/1770 1748/1748/1748
f 1771/1771/1771 1772/1772/1772 1763/1763/1763
f 1773/1773/1773 1770/1770/1770 1744/1744/1744
f 1763/1763/1763 1772/1772/1772 1774/1774/1774
f 1736/1736/1736 1773/1773/1773 1744/1744/1744
f 1772/1772/1772 1775/1775/1775 1774/1774/1774
f 1776/1776/1776 1773/1773/1773 1736/1736/1736
f 1774/1774/1774 1775/1775/1775 1777/1777/1777
f 1778/1778/1778 1776/1776/1776 1736/1736/1736
f 1775/1775/1775 1779/1779/1779 1777/1777/1777
f 1780/1780/1780 1776/1776/1776 1778/1778/1778
f 1777/1777/1777 1779/1779/1779 1781/1781/1781
f 1782/1782/1782 1780/1780/1780 1778/1778/1778
f 1779/1779/1779 1783/1783/1783 1781/1781/1781
f 1784/1784/1784 1780/1780/1780 1782/1782/1782
f 1781/1781/1781 1783/1783/1783 1785/1785/1785
f 1786/1786/1786 1784/1784/1784 1782/1782/1782
f 1783/1783/1783 1787/1787/1787 1785/1785/1785
f 1787/1787/1787 1784/1784/1784 1786/1786/1786
f 1785/1785/1785 1787/1787/1787 1786/1786/1786
f 1790/1790/1790 1789/1789/1789 1788/1788/1788
f 1791/1791/1791 1790/1790/1790 1788/1788/1788
f 1791/1791/1791 1788/1788/1788 1792/1792/1792
f 1793/1793/1793 1791/1791/1791 1792/1792/1792
f 1793/1793/1793 1792/1792/1792 1794/1794/1794
f 1795/1795/1795 1793/1793/1793 1794/1794/1794
f 1798/1798/1798 1797/1797/1797 1796/1796/1796
f 1797/1797/1797 1799/1799/1799 1796/1796/1796
f 1797/1797/1797 1800/1800/1800 1799/1799/1799
f 1800/1800/1800 1801/1801/1801 1799/1799/1799
f 1796/1796/1796 1799/1799/1799 1801/1801/1801
f 1800/1800/1800 1802/1802/1802 1801/1801/1801
f 1802/1802/1802 1803/1803/1803 1801/1801/1801
f 1796/1796/1796 1801/1801/1801 1803/1803/1803
f 1804/1804/1804 1796/1796/1796 1803/1803/1803
f 1803/1803/1803 1805/1805/1805 1804/1804/1804
f 1808/1808/1808 1807/1807/1807 1806/1806/1806
f 1809/1809/1809 1808/1808/1808 1806/1806/1806
f 1812/1812/1812 1811/1811/1811 1810/1810/1810
f 1813/1813/1813 1812/1812/1812 1810/1810/1810
f 1816/1816/1816 1815/1815/1815 1814/1814/1814
f 1817/1817/1817 1816/1816/1816 1814/1814/1814
f 1820/1820/1820 1819/1819/1819 1818/1818/1818
f 1821/1821/1821 1820/1820/1820 1818/1818/1818
f 1824/1824/1824 1823/1823/1823 1822/1822/1822
f 1825/1825/1825 1824/1824/1824 1822/1822/1822
f 1828/1828/1828 1827/1827/1827 1826/1826/1826
f 1829/1829/1829 1828/1828/1828 1826/1826/1826
f 1832/1832/1832 1831/1831/1831 1830/1830/1830
f 1833/1833/1833 1832/1832/1832 1830/1830/1830
f 1834/1834/1834 1832/1832/1832 1833/1833/1833
f 1835/1835/1835 1834/1834/1834 1833/1833/1833
f 1838/1838/1838 1837/1837/1837 1836/1836/1836
f 1839/1839/1839 1838/1838/1838 1836/1836/1836
f 1840/1840/1840 1838/1838/1838 1839/1839/1839
f 1841/1841/1841 1840/1840/1840 1839/1839/1839
f 1844/1844/1844 1843/1843/1843 1842/1842/1842
f 1845/1845/1845 1844/1844/1844 1842/1842/1842
f 1846/1846/1846 1844/1844/1844 1845/1845/1845
f 1847/1847/1847 1846/1846/1846 1845/1845/1845
f 1850/1850/1850 1849/1849/1849 1848/1848/1848
f 1851/1851/1851 1850/1850/1850 1848/1848/1848
f 1852/1852/1852 1850/1850/1850 1851/1851/1851
f 1853/1853/1853 1852/1852/1852 1851/1851/1851
f 1856/1856/1856 1855/1855/1855 1854/1854/1854
f 1857/1857/1857 1856/1856/1856 1854/1854/1854
f 1858/1858/1858 1856/1856/1856 1857/1857/1857
f 1859/1859/1859 1858/1858/1858 1857/1857/1857
f 1862/1862/1862 1861/1861/1861 1860/1860/1860
f 1863/1863/1863 1862/1862/1862 1860/1860/1860
f 1864/1864/1864 1862/1862/1862 1863/1863/1863
f 1865/1865/1865 1864/1864/1864 1863/1863/1863
f 1868/1868/1868 1867/1867/1867 1866/1866/1866
f 1867/1867/1867 1869/1869/1869 1866/1866/1866
f 1866/1866/1866 1869/1869/1869 1870/1870/1870
f 1867/1867/1867 1871/1871/1871 1869/1869/1869
f 1869/1869/1869 1872/1872/1872 1870/1870/1870
f 1870/1870/1870 1872/1872/1872 1873/1873/1873
f 1872/1872/1872 1874/1874/1874 1873/1873/1873
f 1871/1871/1871 1875/1875/1875 1869/1869/1869
f 1869/1869/1869 1875/1875/1875 1872/1872/1872
f 1871/1871/1871 1876/1876/1876 1875/1875/1875
f 1872/1872/1872 1877/1877/1877 1874/1874/1874
f 1875/1875/1875 1877/1877/1877 1872/1872/1872
f 1877/1877/1877 1878/1878/1878 1874/1874/1874
f 1876/1876/1876 1879/1879/1879 1875/1875/1875
f 1875/1875/1875 1879/1879/1879 1877/1877/1877
f 1876/1876/1876 1880/1880/1880 1879/1879/1879
f 1877/1877/1877 1881/1881/1881 1878/1878/1878
f 1879/1879/1879 1881/1881/1881 1877/1877/1877
f 1881/1881/1881 1882/1882/1882 1878/1878/1878
f 1880/1880/1880 1883/1883/1883 1879/1879/1879
f 1879/1879/1879 1883/1883/1883 1881/1881/1881
f 1880/1880/1880 1884/1884/1884 1883/1883/1883
f 1884/1884/1884 1885/1885/1885 1883/1883/1883
f 1881/1881/1881 1886/1886/1886 1882/1882/1882
f 1883/1883/1883 1886/1886/1886 1881/1881/1881
f 1883/1883/1883 1885/1885/1885 1886/1886/1886
f 1886/1886/1886 1887/1887/1887 1882/1882/1882
f 1885/1885/1885 1888/1888/1888 1886/1886/1886
f 1886/1886/1886 1888/1888/1888 1887/1887/1887
f 1888/1888/1888 1889/1889/1889 1887/1887/1887
f 1892/1892/1892 1891/1891/1891 1890/1890/1890
f 1891/1891/1891 1893/1893/1893 1890/1890/1890
f 1890/1890/1890 1893/1893/1893 1894/1894/1894
f 1891/1891/1891 1895/1895/1895 1893/1893/1893
f 1893/1893/1893 1896/1896/1896 1894/1894/1894
f 1894/1894/1894 1896/1896/1896 1897/1897/1897
f 1896/1896/1896 1898/1898/1898 1897/1897/1897
f 1895/1895/1895 1899/1899/1899 1893/1893/1893
f 1893/1893/1893 1899/1899/1899 1896/1896/1896
f 1895/1895/1895 1900/1900/1900 1899/1899/1899
f 1896/1896/1896 1901/1901/1901 1898/1898/1898
f 1899/1899/1899 1901/1901/1901 1896/1896/1896
f 1901/1901/1901 1902/1902/1902 1898/1898/1898
f 1900/1900/1900 1903/1903/1903 1899/1899/1899
f 1899/1899/1899 1903/1903/1903 1901/1901/1901
f 1900/1900/1900 1904/1904/1904 1903/1903/1903
f 1901/1901/1901 1905/1905/1905 1902/1902/1902
f 1903/1903/1903 1905/1905/1905 1901/1901/1901
f 1905/1905/1905 1906/1906/1906 1902/1902/1902
f 1904/1904/1904 1907/1907/1907 1903/1903/1903
f 1903/1903/1903 1907/1907/1907 1905/1905/1905
f 1904/1904/1904 1908/1908/1908 1907/1907/1907
f 1905/1905/1905 1909/1909/1909 1906/1906/1906
f 1907/1907/1907 1909/1909/1909 1905/1905/1905
f 1909/1909/1909 1910/1910/1910 1906/1906/1906
f 1908/1908/1908 1911/1911/1911 1907/1907/1907
f 1907/1907/1907 1911/1911/1911 1909/1909/1909
f 1909/1909/1909 1912/1912/1912 1910/1910/1910
f 1911/1911/1911 1912/1912/1912 1909/1909/1909
f 1912/1912/1912 1911/1911/1911 1908/1908/1908
f 1912/1912/1912 1913/1913/1913 1910/1910/1910
f 1912/1912/1912 1908/1908/1908 1914/1914/1914
f 1913/1913/1913 1912/1912/1912 1914/1914/1914
f 1914/1914/1914 1915/1915/1915 1913/1913/1913
f 1918/1918/1918 1917/1917/1917 1916/1916/1916
f 1919/1919/1919 1918/1918/1918 1916/1916/1916
f 1919/1919/1919 1916/1916/1916 1920/1920/1920
f 1921/1921/1921 1919/1919/1919 1920/1920/1920
f 1921/1921/1921 1920/1920/1920 1922/1922/1922
f 1923/1923/1923 1921/1921/1921 1922/1922/1922
f 1926/1926/1926 1925/1925/1925 1924/1924/1924
f 1925/1925/1925 1927/1927/1927 1924/1924/1924
f 1925/1925/1925 1928/1928/1928 1927/1927/1927
f 1924/1924/1924 1927/1927/1927 1929/1929/1929
f 1928/1928/1928 1929/1929/1929 1927/1927/1927
f 1928/1928/1928 1930/1930/1930 1929/1929/1929
f 1931/1931/1931 1924/1924/1924 1929/1929/1929
f 1930/1930/1930 1932/1932/1932 1929/1929/1929
f 1931/1931/1931 1929/1929/1929 1932/1932/1932
f 1932/1932/1932 1933/1933/1933 1931/1931/1931
f 1936/1936/1936 1935/1935/1935 1934/1934/1934
f 1937/1937/1937 1936/1936/1936 1934/1934/1934
f 1940/1940/1940 1939/1939/1939 1938/1938/1938
f 1941/1941/1941 1940/1940/1940 1938/1938/1938
f 1944/1944/1944 1943/1943/1943 1942/1942/1942
f 1945/1945/1945 1944/1944/1944 1942/1942/1942
f 1948/1948/1948 1947/1947/1947 1946/1946/1946
f 1949/1949/1949 1948/1948/1948 1946/1946/1946
f 1952/1952/1952 1951/1951/1951 1950/1950/1950
f 1953/1953/1953 1952/1952/1952 1950/1950/1950
f 1956/1956/1956 1955/1955/1955 1954/1954/1954
f 1957/1957/1957 1956/1956/1956 1954/1954/1954
f 1960/1960/1960 1959/1959/1959 1958/1958/1958
f 1961/1961/1961 1960/1960/1960 1958/1958/1958
f 1962/1962/1962 1960/1960/1960 1961/1961/1961
f 1963/1963/1963 1962/1962/1962 1961/1961/1961
f 1966/1966/1966 1965/1965/1965 1964/1964/1964
f 1967/1967/1967 1966/1966/1966 1964/1964/1964
f 1968/1968/1968 1966/1966/1966 1967/1967/1967
f 1969/1969/1969 1968/1968/1968 1967/1967/1967
f 1972/1972/1972 1971/1971/1971 1970/1970/1970
f 1973/1973/1973 1972/1972/1972 1970/1970/1970
f 1974/1974/1974 1972/1972/1972 1973/1973/1973
f 1975/1975/1975 1974/1974/1974 1973/1973/1973
f 1978/1978/1978 1977/1977/1977 1976/1976/1976
f 1979/1979/1979 1978/1978/1978 1976/1976/1976
f 1980/1980/1980 1978/1978/1978 1979/1979/1979
f 1981/1981/1981 1980/1980/1980 1979/1979/1979
f 1984/1984/1984 1983/1983/1983 1982/1982/1982
f 1985/1985/1985 1984/1984/1984 1982/1982/1982
f 1986/1986/1986 1984/1984/1984 1985/1985/1985
f 1987/1987/1987 1986/1986/1986 1985/1985/1985
f 1990/1990/1990 1989/1989/1989 1988/1988/1988
f 1991/1991/1991 1990/1990/1990 1988/1988/1988
f 1992/1992/1992 1990/1990/1990 1991/1991/1991
f 1993/1993/1993 1992/1992/1992 1991/1991/1991
f 1996/1996/1996 1995/1995/1995 1994/1994/1994
f 1995/1995/1995 1997/1997/1997 1994/1994/1994
f 1994/1994/1994 1997/1997/1997 1998/1998/1998
f 1995/1995/1995 1999/1999/1999 1997/1997/1997
f 1997/1997/1997 2000/2000/2000 1998/1998/1998
f 1998/1998/1998 2000/2000/2000 2001/2001/2001
f 2000/2000/2000 2002/2002/2002 2001/2001/2001
f 1999/1999/1999 2003/2003/2003 1997/1997/1997
f 1997/1997/1997 2003/2003/2003 2000/2000/2000
f 1999/1999/1999 2004/2004/2004 2003/2003/2003
f 2000/2000/2000 2005/2005/2005 2002/2002/2002
f 2003/2003/2003 2005/2005/2005 2000/2000/2000
f 2005/2005/2005 2006/2006/2006 2002/2002/2002
f 2004/2004/2004 2007/2007/2007 2003/2003/2003
f 2003/2003/2003 2007/2007/2007 2005/2005/2005
f 2004/2004/2004 2008/2008/2008 2007/2007/2007
f 2005/2005/2005 2009/2009/2009 2006/2006/2006
f 2007/2007/2007 2009/2009/2009 2005/2005/2005
f 2009/2009/2009 2010/2010/2010 2006/2006/2006
f 2008/2008/2008 2011/2011/2011 2007/2007/2007
f 2007/2007/2007 2011/2011/2011 2009/2009/2009
f 2008/2008/2008 2012/2012/2012 2011/2011/2011
f 2012/2012/2012 2013/2013/2013 2011/2011/2011
f 2009/2009/2009 2014/2014/2014 2010/2010/2010
f 2011/2011/2011 2014/2014/2014 2009/2009/2009
f 2011/2011/2011 2013/2013/2013 2014/2014/2014
f 2014/2014/2014 2015/2015/2015 2010/2010/2010
f 2013/2013/2013 2016/2016/2016 2014/2014/2014
f 2014/2014/2014 2016/2016/2016 2015/2015/2015
f 2016/2016/2016 2017/2017/2017 2015/2015/2015
f 2020/2020/2020 2019/2019/2019 2018/2018/2018
f 2019/2019/2019 2021/2021/2021 2018/2018/2018
f 2018/2018/2018 2021/2021/2021 2022/2022/2022
f 2019/2019/2019 2023/2023/2023 2021/2021/2021
f 2021/2021/2021 2024/2024/2024 2022/2022/2022
f 2022/2022/2022 2024/2024/2024 2025/2025/2025
f 2024/2024/2024 2026/2026/2026 2025/2025/2025
f 2023/2023/2023 2027/2027/2027 2021/2021/2021
f 2021/2021/2021 2027/2027/2027 2024/2024/2024
f 2023/2023/2023 2028/2028/2028 2027/2027/2027
f 2024/2024/2024 2029/2029/2029 2026/2026/2026
f 2027/2027/2027 2029/2029/2029 2024/2024/2024
f 2029/2029/2029 2030/2030/2030 2026/2026/2026
f 2028/2028/2028 2031/2031/2031 2027/2027/2027
f 2027/2027/2027 2031/2031/2031 2029/2029/2029
f 2028/2028/2028 2032/2032/2032 2031/2031/2031
f 2029/2029/2029 2033/2033/2033 2030/2030/2030
f 2031/2031/2031 2033/2033/2033 2029/2029/2029
f 2033/2033/2033 2034/2034/2034 2030/2030/2030
f 2032/2032/2032 2035/2035/2035 2031/2031/2031
f 2031/2031/2031 2035/2035/2035 2033/2033/2033
f 2032/2032/2032 2036/2036/2036 2035/2035/2035
f 2033/2033/2033 2037/2037/2037 2034/2034/2034
f 2035/2035/2035 2037/2037/2037 2033/2033/2033
f 2037/2037/2037 2038/2038/2038 2034/2034/2034
f 2035/2035/2035 2039/2039/2039 2037/2037/2037
f 2036/2036/2036 2039/2039/2039 2035/2035/2035
f 2037/2037/2037 2040/2040/2040 2038/2038/2038
f 2039/2039/2039 2040/2040/2040 2037/2037/2037
f 2040/2040/2040 2039/2039/2039 2036/2036/2036
f 2040/2040/2040 2041/2041/2041 2038/2038/2038
f 2041/2041/2041 2040/2040/2040 2036/2036/2036
f 2041/2041/2041 2036/2036/2036 2042/2042/2042
f 2042/2042/2042 2043/2043/2043 2041/2041/2041
f 2046/2046/2046 2045/2045/2045 2044/2044/2044
f 2045/2045/2045 2047/2047/2047 2044/2044/2044
f 2044/2044/2044 2047/2047/2047 2048/2048/2048
f 2045/2045/2045 2049/2049/2049 2047/2047/2047
f 2047/2047/2047 2050/2050/2050 2048/2048/2048
f 2049/2049/2049 2051/2051/2051 2047/2047/2047
f 2047/2047/2047 2051/2051/2051 2050/2050/2050
f 2049/2049/2049 2052/2052/2052 2051/2051/2051
f 2051/2051/2051 2053/2053/2053 2050/2050/2050
f 2052/2052/2052 2054/2054/2054 2051/2051/2051
f 2051/2051/2051 2054/2054/2054 2053/2053/2053
f 2054/2054/2054 2055/2055/2055 2053/2053/2053
f 2052/2052/2052 2056/2056/2056 2054/2054/2054
f 2057/2057/2057 2055/2055/2055 2054/2054/2054
f 2056/2056/2056 2058/2058/2058 2054/2054/2054
f 2058/2058/2058 2057/2057/2057 2054/2054/2054
f 2056/2056/2056 2059/2059/2059 2058/2058/2058
f 2058/2058/2058 2060/2060/2060 2057/2057/2057
f 2059/2059/2059 2060/2060/2060 2058/2058/2058
f 2060/2060/2060 2061/2061/2061 2057/2057/2057
f 2059/2059/2059 2062/2062/2062 2060/2060/2060
f 2059/2059/2059 2063/2063/2063 2062/2062/2062
f 2062/2062/2062 2064/2064/2064 2060/2060/2060
f 2063/2063/2063 2065/2065/2065 2062/2062/2062
f 2062/2062/2062 2066/2066/2066 2064/2064/2064
f 2062/2062/2062 2065/2065/2065 2066/2066/2066
f 2066/2066/2066 2067/2067/2067 2064/2064/2064
f 2065/2065/2065 2068/2068/2068 2066/2066/2066
f 2066/2066/2066 2069/2069/2069 2067/2067/2067
f 2066/2066/2066 2068/2068/2068 2069/2069/2069
f 2069/2069/2069 2070/2070/2070 2067/2067/2067
f 2068/2068/2068 2071/2071/2071 2069/2069/2069
f 2074/2074/2074 2073/2073/2073 2072/2072/2072
f 2073/2073/2073 2075/2075/2075 2072/2072/2072
f 2073/2073/2073 2076/2076/2076 2075/2075/2075
f 2076/2076/2076 2077/2077/2077 2075/2075/2075
f 2076/2076/2076 2078/2078/2078 2077/2077/2077
f 2078/2078/2078 2079/2079/2079 2077/2077/2077
f 2079/2079/2079 2080/2080/2080 2077/2077/2077
f 2080/2080/2080 2081/2081/2081 2077/2077/2077
f 2077/2077/2077 2081/2081/2081 2075/2075/2075
f 2081/2081/2081 2082/2082/2082 2075/2075/2075
f 2075/2075/2075 2082/2082/2082 2072/2072/2072
f 2082/2082/2082 2083/2083/2083 2072/2072/2072
f 2072/2072/2072 2083/2083/2083 2084/2084/2084
f 2083/2083/2083 2085/2085/2085 2084/2084/2084
f 2085/2085/2085 2083/2083/2083 2086/2086/2086
f 2084/2084/2084 2085/2085/2085 2087/2087/2087
f 2088/2088/2088 2085/2085/2085 2086/2086/2086
f 2085/2085/2085 2089/2089/2089 2087/2087/2087
f 2089/2089/2089 2085/2085/2085 2088/2088/2088
f 2087/2087/2087 2089/2089/2089 2090/2090/2090
f 2091/2091/2091 2089/2089/2089 2088/2088/2088
f 2089/2089/2089 2092/2092/2092 2090/2090/2090
f 2092/2092/2092 2089/2089/2089 2091/2091/2091
f 2090/2090/2090 2092/2092/2092 2093/2093/2093
f 2094/2094/2094 2092/2092/2092 2091/2091/2091
f 2092/2092/2092 2095/2095/2095 2093/2093/2093
f 2095/2095/2095 2092/2092/2092 2094/2094/2094
f 2093/2093/2093 2095/2095/2095 2096/2096/2096
f 2097/2097/2097 2095/2095/2095 2094/2094/2094
f 2095/2095/2095 2098/2098/2098 2096/2096/2096
f 2098/2098/2098 2095/2095/2095 2097/2097/2097
f 2099/2099/2099 2098/2098/2098 2097/2097/2097
f 2102/2102/2102 2101/2101/2101 2100/2100/2100
f 2103/2103/2103 2102/2102/2102 2100/2100/2100
f 2104/2104/2104 2103/2103/2103 2100/2100/2100
f 2105/2105/2105 2104/2104/2104 2100/2100/2100
f 2106/2106/2106 2102/2102/2102 2103/2103/2103
f 2107/2107/2107 2106/2106/2106 2103/2103/2103
f 2102/2102/2102 2106/2106/2106 2108/2108/2108
f 2109/2109/2109 2102/2102/2102 2108/2108/2108
f 2108/2108/2108 2106/2106/2106 2110/2110/2110
f 2111/2111/2111 2106/2106/2106 2107/2107/2107
f 2106/2106/2106 2111/2111/2111 2110/2110/2110
f 2112/2112/2112 2111/2111/2111 2107/2107/2107
f 2110/2110/2110 2111/2111/2111 2113/2113/2113
f 2114/2114/2114 2111/2111/2111 2112/2112/2112
f 2111/2111/2111 2114/2114/2114 2113/2113/2113
f 2115/2115/2115 2114/2114/2114 2112/2112/2112
f 2113/2113/2113 2114/2114/2114 2116/2116/2116
f 2117/2117/2117 2114/2114/2114 2115/2115/2115
f 2114/2114/2114 2117/2117/2117 2116/2116/2116
f 2118/2118/2118 2117/2117/2117 2115/2115/2115
f 2116/2116/2116 2117/2117/2117 2119/2119/2119
f 2120/2120/2120 2117/2117/2117 2118/2118/2118
f 2117/2117/2117 2120/2120/2120 2119/2119/2119
f 2121/2121/2121 2120/2120/2120 2118/2118/2118
f 2119/2119/2119 2120/2120/2120 2122/2122/2122
f 2123/2123/2123 2120/2120/2120 2121/2121/2121
f 2120/2120/2120 2123/2123/2123 2122/2122/2122
f 2122/2122/2122 2123/2123/2123 2124/2124/2124
f 2125/2125/2125 2123/2123/2123 2121/2121/2121
f 2123/2123/2123 2126/2126/2126 2124/2124/2124
f 2126/2126/2126 2123/2123/2123 2125/2125/2125
f 2127/2127/2127 2126/2126/2126 2125/2125/2125
f 2130/2130/2130 2129/2129/2129 2128/2128/2128
f 2131/2131/2131 2130/2130/2130 2128/2128/2128
f 2132/2132/2132 2130/2130/2130 2131/2131/2131
f 2131/2131/2131 2128/2128/2128 2133/2133/2133
f 2134/2134/2134 2132/2132/2132 2131/2131/2131
f 2135/2135/2135 2131/2131/2131 2133/2133/2133
f 2134/2134/2134 2131/2131/2131 2135/2135/2135
f 2135/2135/2135 2133/2133/2133 2136/2136/2136
f 2137/2137/2137 2134/2134/2134 2135/2135/2135
f 2138/2138/2138 2135/2135/2135 2136/2136/2136
f 2137/2137/2137 2135/2135/2135 2138/2138/2138
f 2139/2139/2139 2137/2137/2137 2138/2138/2138
f 2138/2138/2138 2136/2136/2136 2140/2140/2140
f 2139/2139/2139 2138/2138/2138 2141/2141/2141
f 2141/2141/2141 2138/2138/2138 2140/2140/2140
f 2142/2142/2142 2139/2139/2139 2141/2141/2141
f 2141/2141/2141 2140/2140/2140 2143/2143/2143
f 2142/2142/2142 2141/2141/2141 2143/2143/2143
f 2140/2140/2140 2144/2144/2144 2143/2143/2143
f 2145/2145/2145 2142/2142/2142 2143/2143/2143
f 2143/2143/2143 2144/2144/2144 2146/2146/2146
f 2145/2145/2145 2143/2143/2143 2147/2147/2147
f 2147/2147/2147 2143/2143/2143 2146/2146/2146
f 2147/2147/2147 2146/2146/2146 2148/2148/2148
f 2149/2149/2149 2145/2145/2145 2147/2147/2147
f 2150/2150/2150 2147/2147/2147 2148/2148/2148
f 2149/2149/2149 2147/2147/2147 2150/2150/2150
f 2151/2151/2151 2149/2149/2149 2150/2150/2150
f 2151/2151/2151 2150/2150/2150 2152/2152/2152
f 2153/2153/2153 2151/2151/2151 2152/2152/2152
f 2153/2153/2153 2154/2154/2154 2151/2151/2151
f 2154/2154/2154 2155/2155/2155 2151/2151/2151
f 2158/2158/2158 2157/2157/2157 2156/2156/2156
f 2156/2156/2156 2159/2159/2159 2158/2158/2158
f 2159/2159/2159 2160/2160/2160 2158/2158/2158
f 2163/2163/2163 2162/2162/2162 2161/2161/2161
f 2164/2164/2164 2163/2163/2163 2161/2161/2161
f 2164/2164/2164 2161/2161/2161 2165/2165/2165
f 2166/2166/2166 2163/2163/2163 2164/2164/2164
f 2167/2167/2167 2164/2164/2164 2165/2165/2165
f 2168/2168/2168 2166/2166/2166 2164/2164/2164
f 2168/2168/2168 2164/2164/2164 2167/2167/2167
f 2169/2169/2169 2168/2168/2168 2167/2167/2167
f 2172/2172/2172 2171/2171/2171 2170/2170/2170
f 2173/2173/2173 2172/2172/2172 2170/2170/2170
f 2176/2176/2176 2175/2175/2175 2174/2174/2174
f 2177/2177/2177 2176/2176/2176 2174/2174/2174
f 2180/2180/2180 2179/2179/2179 2178/2178/2178
f 2181/2181/2181 2180/2180/2180 2178/2178/2178
f 2184/2184/2184 2183/2183/2183 2182/2182/2182
f 2183/2183/2183 2185/2185/2185 2182/2182/2182
f 2182/2182/2182 2185/2185/2185 2186/2186/2186
f 2185/2185/2185 2183/2183/2183 2187/2187/2187
f 2186/2186/2186 2185/2185/2185 2188/2188/2188
f 2189/2189/2189 2185/2185/2185 2187/2187/2187
f 2188/2188/2188 2185/2185/2185 2190/2190/2190
f 2191/2191/2191 2185/2185/2185 2189/2189/2189
f 2190/2190/2190 2185/2185/2185 2192/2192/2192
f 2192/2192/2192 2185/2185/2185 2191/2191/2191
f 2195/2195/2195 2194/2194/2194 2193/2193/2193
f 2196/2196/2196 2195/2195/2195 2193/2193/2193
f 2199/2199/2199 2198/2198/2198 2197/2197/2197
f 2200/2200/2200 2199/2199/2199 2197/2197/2197
f 2203/2203/2203 2202/2202/2202 2201/2201/2201
f 2204/2204/2204 2203/2203/2203 2201/2201/2201
f 2207/2207/2207 2206/2206/2206 2205/2205/2205
f 2208/2208/2208 2207/2207/2207 2205/2205/2205
f 2211/2211/2211 2210/2210/2210 2209/2209/2209
f 2212/2212/2212 2211/2211/2211 2209/2209/2209
f 2215/2215/2215 2214/2214/2214 2213/2213/2213
f 2216/2216/2216 2215/2215/2215 2213/2213/2213
f 2219/2219/2219 2218/2218/2218 2217/2217/2217
f 2220/2220/2220 2219/2219/2219 2217/2217/2217
f 2223/2223/2223 2222/2222/2222 2221/2221/2221
f 2224/2224/2224 2223/2223/2223 2221/2221/2221
f 2227/2227/2227 2226/2226/2226 2225/2225/2225
f 2228/2228/2228 2227/2227/2227 2225/2225/2225
f 2231/2231/2231 2230/2230/2230 2229/2229/2229
f 2232/2232/2232 2231/2231/2231 2229/2229/2229
f 2235/2235/2235 2234/2234/2234 2233/2233/2233
f 2236/2236/2236 2235/2235/2235 2233/2233/2233
f 2239/2239/2239 2238/2238/2238 2237/2237/2237
f 2240/2240/2240 2239/2239/2239 2237/2237/2237
f 2243/2243/2243 2242/2242/2242 2241/2241/2241
f 2244/2244/2244 2243/2243/2243 2241/2241/2241
f 2247/2247/2247 2246/2246/2246 2245/2245/2245
f 2248/2248/2248 2247/2247/2247 2245/2245/2245
f 2251/2251/2251 2250/2250/2250 2249/2249/2249
f 2252/2252/2252 2251/2251/2251 2249/2249/2249
f 2255/2255/2255 2254/2254/2254 2253/2253/2253
f 2256/2256/2256 2255/2255/2255 2253/2253/2253
f 2259/2259/2259 2258/2258/2258 2257/2257/2257
f 2260/2260/2260 2259/2259/2259 2257/2257/2257
f 2263/2263/2263 2262/2262/2262 2261/2261/2261
f 2264/2264/2264 2263/2263/2263 2261/2261/2261
f 2267/2267/2267 2266/2266/2266 2265/2265/2265
f 2268/2268/2268 2267/2267/2267 2265/2265/2265
f 2271/2271/2271 2270/2270/2270 2269/2269/2269
f 2272/2272/2272 2271/2271/2271 2269/2269/2269
f 2275/2275/2275 2274/2274/2274 2273/2273/2273
f 2276/2276/2276 2275/2275/2275 2273/2273/2273
f 2279/2279/2279 2278/2278/2278 2277/2277/2277
f 2280/2280/2280 2279/2279/2279 2277/2277/2277
f 2283/2283/2283 2282/2282/2282 2281/2281/2281
f 2284/2284/2284 2283/2283/2283 2281/2281/2281
f 2287/2287/2287 2286/2286/2286 2285/2285/2285
f 2288/2288/2288 2287/2287/2287 2285/2285/2285
f 2291/2291/2291 2290/2290/2290 2289/2289/2289
f 2292/2292/2292 2291/2291/2291 2289/2289/2289
f 2295/2295/2295 2294/2294/2294 2293/2293/2293
f 2296/2296/2296 2295/2295/2295 2293/2293/2293
f 2299/2299/2299 2298/2298/2298 2297/2297/2297
f 2300/2300/2300 2299/2299/2299 2297/2297/2297
f 2303/2303/2303 2302/2302/2302 2301/2301/2301
f 2304/2304/2304 2303/2303/2303 2301/2301/2301
f 2307/2307/2307 2306/2306/2306 2305/2305/2305
f 2308/2308/2308 2307/2307/2307 2305/2305/2305
f 2311/2311/2311 2310/2310/2310 2309/2309/2309
f 2312/2312/2312 2311/2311/2311 2309/2309/2309
f 2315/2315/2315 2314/2314/2314 2313/2313/2313
f 2316/2316/2316 2315/2315/2315 2313/2313/2313
f 2319/2319/2319 2318/2318/2318 2317/2317/2317
f 2320/2320/2320 2319/2319/2319 2317/2317/2317
f 2323/2323/2323 2322/2322/2322 2321/2321/2321
f 2324/2324/2324 2323/2323/2323 2321/2321/2321
f 2327/2327/2327 2326/2326/2326 2325/2325/2325
f 2328/2328/2328 2327/2327/2327 2325/2325/2325
f 2331/2331/2331 2330/2330/2330 2329/2329/2329
f 2332/2332/2332 2331/2331/2331 2329/2329/2329
f 2335/2335/2335 2334/2334/2334 2333/2333/2333
f 2336/2336/2336 2335/2335/2335 2333/2333/2333
f 2339/2339/2339 2338/2338/2338 2337/2337/2337
f 2340/2340/2340 2339/2339/2339 2337/2337/2337
f 2343/2343/2343 2342/2342/2342 2341/2341/2341
f 2344/2344/2344 2343/2343/2343 2341/2341/2341
f 2347/2347/2347 2346/2346/2346 2345/2345/2345
f 2348/2348/2348 2347/2347/2347 2345/2345/2345
f 2351/2351/2351 2350/2350/2350 2349/2349/2349
f 2352/2352/2352 2351/2351/2351 2349/2349/2349
f 2355/2355/2355 2354/2354/2354 2353/2353/2353
f 2356/2356/2356 2355/2355/2355 2353/2353/2353
f 2359/2359/2359 2358/2358/2358 2357/2357/2357
f 2360/2360/2360 2359/2359/2359 2357/2357/2357
f 2363/2363/2363 2362/2362/2362 2361/2361/2361
f 2364/2364/2364 2363/2363/2363 2361/2361/2361
f 2367/2367/2367 2366/2366/2366 2365/2365/2365
f 2368/2368/2368 2367/2367/2367 2365/2365/2365
f 2371/2371/2371 2370/2370/2370 2369/2369/2369
f 2372/2372/2372 2371/2371/2371 2369/2369/2369
f 2375/2375/2375 2374/2374/2374 2373/2373/2373
f 2376/2376/2376 2375/2375/2375 2373/2373/2373
f 2379/2379/2379 2378/2378/2378 2377/2377/2377
f 2380/2380/2380 2379/2379/2379 2377/2377/2377
f 2383/2383/2383 2382/2382/2382 2381/2381/2381
f 2384/2384/2384 2383/2383/2383 2381/2381/2381
f 2387/2387/2387 2386/2386/2386 2385/2385/2385
f 2388/2388/2388 2387/2387/2387 2385/2385/2385
f 2391/2391/2391 2390/2390/2390 2389/2389/2389
f 2392/2392/2392 2391/2391/2391 2389/2389/2389
f 2395/2395/2395 2394/2394/2394 2393/2393/2393
f 2396/2396/2396 2395/2395/2395 2393/2393/2393
f 2399/2399/2399 2398/2398/2398 2397/2397/2397
f 2400/2400/2400 2399/2399/2399 2397/2397/2397
f 2403/2403/2403 2402/2402/2402 2401/2401/2401
f 2404/2404/2404 2403/2403/2403 2401/2401/2401
f 2407/2407/2407 2406/2406/2406 2405/2405/2405
f 2408/2408/2408 2407/2407/2407 2405/2405/2405
f 2411/2411/2411 2410/2410/2410 2409/2409/2409
f 2412/2412/2412 2411/2411/2411 2409/2409/2409
f 2415/2415/2415 2414/2414/2414 2413/2413/2413
f 2416/2416/2416 2415/2415/2415 2413/2413/2413
f 2419/2419/2419 2418/2418/2418 2417/2417/2417
f 2420/2420/2420 2419/2419/2419 2417/2417/2417
f 2423/2423/2423 2422/2422/2422 2421/2421/2421
f 2424/2424/2424 2423/2423/2423 2421/2421/2421
f 2427/2427/2427 2426/2426/2426 2425/2425/2425
f 2428/2428/2428 2427/2427/2427 2425/2425/2425
f 2430/2430/2430 2425/2425/2425 2429/2429/2429
f 2431/2431/2431 2430/2430/2430 2429/2429/2429
f 2434/2434/2434 2433/2433/2433 2432/2432/2432
f 2435/2435/2435 2434/2434/2434 2432/2432/2432
f 2438/2438/2438 2437/2437/2437 2436/2436/2436
f 2439/2439/2439 2438/2438/2438 2436/2436/2436
f 2441/2441/2441 2436/2436/2436 2440/2440/2440
f 2442/2442/2442 2441/2441/2441 2440/2440/2440
f 2445/2445/2445 2444/2444/2444 2443/2443/2443
f 2446/2446/2446 2445/2445/2445 2443/2443/2443
f 2449/2449/2449 2448/2448/2448 2447/2447/2447
f 2450/2450/2450 2449/2449/2449 2447/2447/2447
f 2453/2453/2453 2452/2452/2452 2451/2451/2451
f 2454/2454/2454 2453/2453/2453 2451/2451/2451
f 2457/2457/2457 2456/2456/2456 2455/2455/2455
f 2458/2458/2458 2457/2457/2457 2455/2455/2455
f 2460/2460/2460 2455/2455/2455 2459/2459/2459
f 2461/2461/2461 2460/2460/2460 2459/2459/2459
f 2464/2464/2464 2463/2463/2463 2462/2462/2462
f 2465/2465/2465 2464/2464/2464 2462/2462/2462
f 2468/2468/2468 2467/2467/2467 2466/2466/2466
f 2469/2469/2469 2468/2468/2468 2466/2466/2466
f 2471/2471/2471 2466/2466/2466 2470/2470/2470
f 2472/2472/2472 2471/2471/2471 2470/2470/2470
f 2475/2475/2475 2474/2474/2474 2473/2473/2473
f 2476/2476/2476 2475/2475/2475 2473/2473/2473
f 2479/2479/2479 2478/2478/2478 2477/2477/2477
f 2480/2480/2480 2479/2479/2479 2477/2477/2477
