g Cable_Car
v -2.950876 1.322541 2.217758
v -2.966985 1.265375 2.237851
v -2.973895 1.285275 2.208231
v -2.251807 1.015071 2.237851
v -2.228108 1.06958 2.217758
v -2.231708 1.025518 2.208231
v 1.173462 -0.8959175 -0.9929386
v 1.153803 -0.9656872 -0.9684156
v 1.145369 -0.9413999 -1.004566
v 2.026652 -1.271174 -0.9684155
v 2.055575 -1.204647 -0.9929385
v 2.051181 -1.258424 -1.004566
v -3.110241 0.5473126 2.028139
v -2.851903 0.4466935 2.028139
v -2.851903 0.4466933 1.640123
v -3.110241 0.5473124 1.640123
v -3.344487 0.6569707 2.028139
v -3.239209 0.5821823 2.028139
v -3.239209 0.5821822 1.640123
v -3.344487 0.6569705 1.640123
v -3.394788 0.7606645 2.028139
v -3.394788 0.7606643 1.640123
v -3.41696 0.8538797 2.028139
v -3.41696 0.8538796 1.640123
v -3.335779 0.8838729 2.237851
v -3.256525 1.110321 2.237851
v -2.966985 1.265375 2.237851
v -3.315026 0.7402015 2.237851
v -3.391417 0.8965765 2.208231
v -3.28198 0.6628092 2.237851
v -3.206121 0.5821043 2.237851
v -3.371657 0.7460129 2.208231
v -3.422089 0.9045072 2.136735
v -3.401717 0.7475768 2.136735
v -3.331079 0.6494265 2.208231
v -3.206121 0.5821043 2.237851
v -3.351417 0.6438831 2.136735
v -3.234198 0.5579495 2.136735
v -2.966985 1.265375 2.237851
v -2.847941 0.4567453 2.237851
v -2.608804 1.140016 2.237851
v -2.950876 1.322541 2.217758
v -2.589222 1.195966 2.217758
v -2.294922 0.3824817 1.428182
v -2.490943 0.3318006 1.428182
v -2.481746 0.3111005 1.457803
v -2.258141 0.3562945 1.457803
v -2.480824 0.2942776 1.529298
v -2.233666 0.3387723 1.529298
v -2.483073 0.3098983 1.456172
v -2.490943 0.3318006 1.428182
v -2.506409 0.2744094 1.448275
v -2.505759 0.223029 1.529298
v -2.847941 0.4567451 1.428182
v -2.867523 0.4007947 1.448275
v -2.883472 0.3552241 1.529298
v -2.505759 0.223029 1.529298
v -2.716593 0.349603 1.529298
v -2.480824 0.2942776 1.529298
v -2.505759 0.223029 1.529298
v -2.883472 0.3552241 1.529298
v -3.017435 0.4548944 1.529298
v -2.883472 0.3552241 1.529298
v -3.234198 0.5579494 1.529298
v -3.259134 0.4867014 1.529298
v -2.129455 0.4648398 2.028139
v -2.052176 0.6856461 2.028139
v -2.052176 0.6856459 1.640123
v -2.129455 0.4648397 1.640123
v -2.11988 0.4487492 1.529298
v -2.034656 0.6922538 1.529298
v -2.066379 0.6985862 1.457803
v -2.148628 0.4635805 1.457803
v -2.233666 0.3387723 1.529298
v -2.258141 0.3562945 1.457803
v -2.101023 0.7059082 1.428182
v -2.180277 0.4794604 1.428182
v -2.294922 0.3824817 1.428182
v -2.490943 0.3318006 1.428182
v -2.251807 1.015071 1.428182
v -2.130171 0.8532128 1.428182
v -2.847941 0.4567451 1.428182
v -2.608804 1.140016 1.428182
v -3.391417 0.8965763 1.457802
v -3.336865 1.148012 1.529298
v -3.422089 0.9045071 1.529298
v -3.307941 1.135085 1.457802
v -3.335779 0.8838727 1.428182
v -3.256525 1.110321 1.428182
v -3.198604 1.240466 1.457802
v -3.223078 1.257989 1.529298
v -3.150709 1.209695 1.428182
v -2.966985 1.265375 1.428182
v -3.206121 0.5821041 1.428182
v -2.608804 1.140016 1.428182
v -2.847941 0.4567451 1.428182
v -3.229177 0.5273693 1.448275
v -2.867523 0.4007947 1.448275
v -3.259134 0.4867014 1.529298
v -2.883472 0.3552241 1.529298
v -3.206121 0.5821041 1.428182
v -3.256525 1.110321 1.428182
v -3.335779 0.8838727 1.428182
v -3.315026 0.7402014 1.428182
v -3.391417 0.8965763 1.457802
v -3.28198 0.662809 1.428182
v -3.371657 0.7460127 1.457803
v -3.422089 0.9045071 1.529298
v -3.401717 0.7475767 1.529298
v -3.331079 0.6494263 1.457803
v -3.206121 0.5821041 1.428182
v -3.351417 0.6438829 1.529298
v -3.223933 0.570857 1.457803
v -3.234198 0.5579494 1.529298
v -3.229177 0.5273693 1.448275
v -3.206121 0.5821041 1.428182
v -3.223933 0.570857 1.457803
v -3.234198 0.5579494 1.529298
v -3.259134 0.4867014 1.529298
v -2.239743 0.3739202 1.640123
v -2.487031 0.3297108 1.640123
v -2.487031 0.3297109 2.028139
v -2.239743 0.3739204 2.028139
v -2.162987 0.4362173 1.640123
v -2.162987 0.4362174 2.028139
v -2.599782 0.3704953 1.640123
v -2.851903 0.4466933 1.640123
v -2.851903 0.4466935 2.028139
v -2.599782 0.3704954 2.028139
v -2.258141 0.3562945 2.208231
v -2.233666 0.3387723 2.136735
v -2.480824 0.2942776 2.136735
v -2.483073 0.3098984 2.209862
v -2.506409 0.2744095 2.217758
v -2.505759 0.223029 2.136735
v -2.483073 0.3098984 2.209862
v -2.294922 0.3824818 2.237851
v -2.490943 0.3318006 2.237851
v -2.251807 1.015071 2.237851
v -2.847941 0.4567453 2.237851
v -2.608804 1.140016 2.237851
v -2.490943 0.3318006 2.237851
v -2.867523 0.4007949 2.217758
v -2.506409 0.2744095 2.217758
v -2.483073 0.3098984 2.209862
v -2.883472 0.3552241 2.136735
v -2.505759 0.223029 2.136735
v -2.180277 0.4794605 2.237851
v -2.294922 0.3824818 2.237851
v -2.258141 0.3562945 2.208231
v -2.148628 0.4635806 2.208231
v -2.233666 0.3387723 2.136735
v -2.11988 0.4487493 2.136735
v -2.034656 0.6922539 2.136735
v -2.066379 0.6985863 2.208231
v -2.101023 0.7059084 2.237851
v -2.251807 1.015071 2.237851
v -2.130171 0.853213 2.237851
v -2.867014 0.4022488 2.136735
v -2.883472 0.3552241 2.136735
v -2.505759 0.223029 2.136735
v -2.480824 0.2942776 2.136735
v -3.234198 0.5579495 2.136735
v -3.259134 0.4867015 2.136735
v -2.883472 0.3552241 2.136735
v -2.867014 0.4022488 2.136735
v -3.290988 1.119216 1.640123
v -3.290988 1.119216 2.028139
v -3.368268 0.89841 2.028139
v -3.368268 0.8984098 1.640123
v -2.847941 0.4567453 2.237851
v -3.229177 0.5273695 2.217758
v -3.206121 0.5821043 2.237851
v -2.867523 0.4007949 2.217758
v -3.259134 0.4867015 2.136735
v -2.883472 0.3552241 2.136735
v -3.206121 0.5821043 2.237851
v -3.229177 0.5273695 2.217758
v -3.259134 0.4867015 2.136735
v -3.234198 0.5579495 2.136735
v -3.110241 0.5473126 2.028139
v -3.137796 0.477712 2.028139
v -2.876732 0.3744836 2.028139
v -2.851903 0.4466935 2.028139
v -2.851903 0.4466935 2.028139
v -2.876732 0.3744836 2.028139
v -2.621385 0.2987509 2.028139
v -2.599782 0.3704954 2.028139
v -2.621385 0.2987508 1.640123
v -2.876732 0.3744835 1.529298
v -2.876732 0.3744835 1.640123
v -2.489947 0.2682101 1.529298
v -2.489556 0.2682644 1.640123
v -2.211052 0.3177223 1.640123
v -2.211052 0.3177223 1.529298
v -2.13137 0.3857249 1.640123
v -2.489556 0.2682644 2.028139
v -2.09312 0.4354433 1.529298
v -2.621385 0.2987509 2.028139
v -2.13137 0.3857251 2.028139
v -2.489947 0.2682101 2.136735
v -2.876732 0.3744836 2.028139
v -2.876732 0.3744836 2.136735
v -2.211052 0.3177223 2.136735
v -2.211052 0.3177223 2.028139
v -2.09312 0.4354434 2.136735
v -2.087691 0.4502225 1.640123
v -2.005439 0.6859678 1.529298
v -2.087691 0.4502227 2.028139
v -2.010412 0.6710294 1.640123
v -2.010412 0.6710296 2.028139
v -2.005439 0.685968 2.136735
v -2.00162 0.7691036 1.640123
v -2.00162 0.7691037 2.028139
v -2.876732 0.3744835 1.640123
v -2.876732 0.3744835 1.529298
v -3.253586 0.5373932 1.529298
v -3.137796 0.4777119 1.640123
v -3.267947 0.5468709 1.640123
v -3.375128 0.6307409 1.529298
v -3.137796 0.477712 2.028139
v -3.375128 0.6307409 1.640123
v -3.428208 0.7476968 1.529298
v -3.428208 0.7476968 1.640123
v -3.448985 0.9099807 1.529298
v -3.450018 0.8420566 1.640123
v -3.267947 0.546871 2.028139
v -3.253586 0.5373934 2.136735
v -3.375128 0.6307411 2.028139
v -2.876732 0.3744836 2.136735
v -2.876732 0.3744836 2.028139
v -3.375128 0.6307411 2.136735
v -3.428208 0.7476969 2.028139
v -3.428208 0.7476969 2.136735
v -3.450018 0.8420568 2.028139
v -3.448985 0.9099808 2.136735
v -2.480824 0.2942776 2.136735
v -2.876732 0.3744836 2.136735
v -2.867014 0.4022488 2.136735
v -2.489947 0.2682101 2.136735
v -2.233666 0.3387723 2.136735
v -2.211052 0.3177223 2.136735
v -2.867014 0.4022488 2.136735
v -2.876732 0.3744836 2.136735
v -3.253586 0.5373934 2.136735
v -3.234198 0.5579495 2.136735
v -3.375128 0.6307411 2.136735
v -3.351417 0.6438831 2.136735
v -3.428208 0.7476969 2.136735
v -3.401717 0.7475768 2.136735
v -3.448985 0.9099808 2.136735
v -3.422089 0.9045072 2.136735
v -3.336865 1.148012 2.136735
v -3.361305 1.160505 2.136735
v -3.223078 1.257989 2.136735
v -3.243863 1.274414 2.136735
v -2.599782 0.3704953 1.640123
v -2.621385 0.2987508 1.640123
v -2.876732 0.3744835 1.640123
v -2.851903 0.4466933 1.640123
v -2.599782 0.3704954 2.028139
v -2.621385 0.2987509 2.028139
v -2.621385 0.2987508 1.640123
v -2.599782 0.3704953 1.640123
v -2.851903 0.4466933 1.640123
v -2.876732 0.3744835 1.640123
v -3.137796 0.4777119 1.640123
v -3.110241 0.5473124 1.640123
v -3.110241 0.5473124 1.640123
v -3.137796 0.4777119 1.640123
v -3.137796 0.477712 2.028139
v -3.110241 0.5473126 2.028139
v -2.239743 0.3739204 2.028139
v -2.211052 0.3177223 2.028139
v -2.13137 0.3857251 2.028139
v -2.162987 0.4362174 2.028139
v -3.394788 0.7606645 2.028139
v -3.428208 0.7476969 2.028139
v -3.375128 0.6307411 2.028139
v -3.344487 0.6569707 2.028139
v -2.487031 0.3297109 2.028139
v -2.489556 0.2682644 2.028139
v -2.211052 0.3177223 2.028139
v -2.239743 0.3739204 2.028139
v -2.11988 0.4487493 2.136735
v -2.211052 0.3177223 2.136735
v -2.233666 0.3387723 2.136735
v -2.09312 0.4354434 2.136735
v -2.005439 0.685968 2.136735
v -2.034656 0.6922539 2.136735
v -2.024222 0.8515381 2.136735
v -2.055028 0.8491843 2.136735
v -3.239209 0.5821822 1.640123
v -3.267947 0.5468709 1.640123
v -3.375128 0.6307409 1.640123
v -3.344487 0.6569705 1.640123
v -3.428208 0.7476968 1.640123
v -3.394788 0.7606643 1.640123
v -3.450018 0.8420566 1.640123
v -3.41696 0.8538796 1.640123
v -3.450018 0.8420568 2.028139
v -3.450018 0.8420566 1.640123
v -3.448985 0.9099807 1.529298
v -3.448985 0.9099808 2.136735
v -3.443785 0.9248398 1.640123
v -3.443785 0.92484 2.028139
v -3.366505 1.145646 1.640123
v -3.361305 1.160505 2.136735
v -3.366505 1.145646 2.028139
v -3.361305 1.160505 1.529298
v -3.323609 1.208907 2.028139
v -3.243863 1.274414 2.136735
v -3.243863 1.274414 2.028139
v -3.323609 1.208907 1.640123
v -3.243863 1.274414 1.640123
v -3.243863 1.274414 1.529298
v -2.239743 0.3739202 1.640123
v -2.211052 0.3177223 1.640123
v -2.489556 0.2682644 1.640123
v -2.487031 0.3297108 1.640123
v -2.162987 0.4362173 1.640123
v -2.13137 0.3857249 1.640123
v -2.211052 0.3177223 1.640123
v -2.239743 0.3739202 1.640123
v -3.41696 0.8538797 2.028139
v -3.450018 0.8420568 2.028139
v -3.428208 0.7476969 2.028139
v -3.394788 0.7606645 2.028139
v -3.344487 0.6569707 2.028139
v -3.375128 0.6307411 2.028139
v -3.267947 0.546871 2.028139
v -3.239209 0.5821823 2.028139
v -2.162987 0.4362174 2.028139
v -2.13137 0.3857251 2.028139
v -2.13137 0.3857249 1.640123
v -2.162987 0.4362173 1.640123
v -2.487031 0.3297108 1.640123
v -2.489556 0.2682644 1.640123
v -2.489556 0.2682644 2.028139
v -2.487031 0.3297109 2.028139
v -3.41696 0.8538796 1.640123
v -3.450018 0.8420566 1.640123
v -3.450018 0.8420568 2.028139
v -3.41696 0.8538797 2.028139
v -3.239209 0.5821823 2.028139
v -3.267947 0.546871 2.028139
v -3.267947 0.5468709 1.640123
v -3.239209 0.5821822 1.640123
v -3.290988 1.119216 1.640123
v -3.368268 0.8984098 1.640123
v -3.443785 0.9248398 1.640123
v -3.366505 1.145646 1.640123
v -3.368268 0.89841 2.028139
v -3.290988 1.119216 2.028139
v -3.366505 1.145646 2.028139
v -3.443785 0.92484 2.028139
v -2.129455 0.4648397 1.640123
v -2.087691 0.4502225 1.640123
v -2.087691 0.4502227 2.028139
v -2.129455 0.4648398 2.028139
v -3.368268 0.89841 2.028139
v -3.443785 0.92484 2.028139
v -3.443785 0.9248398 1.640123
v -3.368268 0.8984098 1.640123
v -2.129455 0.4648397 1.640123
v -2.052176 0.6856459 1.640123
v -2.010412 0.6710294 1.640123
v -2.087691 0.4502225 1.640123
v -2.052176 0.6856461 2.028139
v -2.129455 0.4648398 2.028139
v -2.087691 0.4502227 2.028139
v -2.010412 0.6710296 2.028139
v -3.391417 0.8965765 2.208231
v -3.256525 1.110321 2.237851
v -3.335779 0.8838729 2.237851
v -3.307941 1.135085 2.208231
v -3.422089 0.9045072 2.136735
v -3.336865 1.148012 2.136735
v -3.150709 1.209695 2.237851
v -2.966985 1.265375 2.237851
v -3.198604 1.240466 2.208231
v -3.223078 1.257989 2.136735
v -2.101023 0.7059082 1.428182
v -2.085087 0.8507481 1.457803
v -2.130171 0.8532128 1.428182
v -2.066379 0.6985862 1.457803
v -2.055028 0.8491842 1.529298
v -2.034656 0.6922538 1.529298
v -3.281239 1.139668 2.028139
v -3.281239 1.139668 1.640123
v -3.201923 1.204054 1.640123
v -3.201923 1.204054 2.028139
v -2.101023 0.7059084 2.237851
v -2.130171 0.853213 2.237851
v -2.085087 0.8507482 2.208231
v -2.066379 0.6985863 2.208231
v -2.055028 0.8491843 2.136735
v -2.034656 0.6922539 2.136735
v -2.130171 0.853213 2.237851
v -2.251807 1.015071 2.237851
v -2.231708 1.025518 2.208231
v -2.085087 0.8507482 2.208231
v -2.608804 1.140016 2.237851
v -2.589222 1.195966 2.217758
v -2.228108 1.06958 2.217758
v -2.251807 1.015071 2.237851
v -2.07162 0.753687 1.640123
v -2.07162 0.7536871 2.028139
v -2.095493 0.8298366 2.028139
v -2.095493 0.8298365 1.640123
v -2.966985 1.265375 2.237851
v -3.150709 1.209695 2.237851
v -3.198604 1.240466 2.208231
v -2.973895 1.285275 2.208231
v -2.055028 0.8491842 1.529298
v -2.005439 0.6859678 1.529298
v -2.024222 0.8515379 1.529298
v -2.034656 0.6922538 1.529298
v -2.09312 0.4354433 1.529298
v -2.11988 0.4487492 1.529298
v -2.233666 0.3387723 1.529298
v -2.211052 0.3177223 1.529298
v -2.480824 0.2942776 1.529298
v -2.489947 0.2682101 1.529298
v -2.716593 0.349603 1.529298
v -2.876732 0.3744835 1.529298
v -3.017435 0.4548944 1.529298
v -3.234198 0.5579494 1.529298
v -2.876732 0.3744835 1.529298
v -3.253586 0.5373932 1.529298
v -3.351417 0.6438829 1.529298
v -3.375128 0.6307409 1.529298
v -3.401717 0.7475767 1.529298
v -3.428208 0.7476968 1.529298
v -3.422089 0.9045071 1.529298
v -3.448985 0.9099807 1.529298
v -3.361305 1.160505 1.529298
v -3.336865 1.148012 1.529298
v -3.243863 1.274414 1.529298
v -3.223078 1.257989 1.529298
v -2.095493 0.8298366 2.028139
v -2.07162 0.7536871 2.028139
v -2.00162 0.7691037 2.028139
v -2.024222 0.8515381 2.028139
v -3.201923 1.204054 1.640123
v -3.281239 1.139668 1.640123
v -3.323609 1.208907 1.640123
v -3.243863 1.274414 1.640123
v -2.07162 0.753687 1.640123
v -2.095493 0.8298365 1.640123
v -2.024222 0.8515379 1.640123
v -2.00162 0.7691036 1.640123
v -2.00162 0.7691036 1.640123
v -2.024222 0.8515379 1.640123
v -2.024222 0.8515379 1.529298
v -2.005439 0.6859678 1.529298
v -2.024222 0.8515381 2.028139
v -2.00162 0.7691037 2.028139
v -2.005439 0.685968 2.136735
v -2.024222 0.8515381 2.136735
v -3.281239 1.139668 2.028139
v -3.201923 1.204054 2.028139
v -3.243863 1.274414 2.028139
v -3.323609 1.208907 2.028139
v -2.07162 0.7536871 2.028139
v -2.07162 0.753687 1.640123
v -2.00162 0.7691036 1.640123
v -2.00162 0.7691037 2.028139
v -3.281239 1.139668 1.640123
v -3.281239 1.139668 2.028139
v -3.323609 1.208907 2.028139
v -3.323609 1.208907 1.640123
v -2.052176 0.6856459 1.640123
v -2.052176 0.6856461 2.028139
v -2.010412 0.6710296 2.028139
v -2.010412 0.6710294 1.640123
v -3.290988 1.119216 2.028139
v -3.290988 1.119216 1.640123
v -3.366505 1.145646 1.640123
v -3.366505 1.145646 2.028139
v -2.490306 0.3617168 2.264731
v -3.210321 0.6137138 2.264731
v -3.210321 0.6137138 2.353241
v -2.490306 0.3617168 2.353241
v -3.210321 0.6137138 2.264731
v -2.998332 1.219417 2.264731
v -2.998332 1.219417 2.353241
v -3.210321 0.6137138 2.353241
v -2.998332 1.219417 2.264731
v -2.278317 0.9674204 2.264731
v -2.278317 0.9674204 2.353241
v -2.998332 1.219417 2.353241
v -2.278317 0.9674204 2.264731
v -2.490306 0.3617168 2.264731
v -2.490306 0.3617168 2.353241
v -2.278317 0.9674204 2.353241
v -2.322282 0.9495863 2.353241
v -2.322282 0.9495863 2.264731
v -2.975084 1.178059 2.264731
v -2.975084 1.178059 2.353241
v -2.513555 0.4030743 2.353241
v -2.513555 0.4030743 2.264731
v -2.322282 0.9495863 2.264731
v -2.322282 0.9495863 2.353241
v -2.975084 1.178059 2.353241
v -2.975084 1.178059 2.264731
v -3.166357 0.6315475 2.264731
v -3.166357 0.6315475 2.353241
v -3.166357 0.6315475 2.353241
v -3.166357 0.6315475 2.264731
v -2.513555 0.4030743 2.264731
v -2.513555 0.4030743 2.353241
v -2.589318 0.6322449 2.560249
v -2.649658 0.5702091 2.802819
v -2.629779 0.6270078 2.802819
v -2.566696 0.696883 2.560249
v -2.571216 0.6259096 2.505828
v -2.548594 0.6905479 2.505828
v -2.521147 0.3810819 2.263258
v -2.553755 0.7338578 2.560249
v -2.495684 0.4538341 2.263258
v -2.521147 0.3810819 2.205091
v -2.495684 0.4538341 2.205091
v -2.535653 0.7275226 2.505828
v -2.522712 0.7644972 2.505828
v -2.540814 0.7708325 2.560249
v -2.50009 0.8291355 2.505828
v -2.315237 0.9694141 2.263258
v -2.518191 0.835471 2.560249
v -2.546556 0.8647962 2.802819
v -2.526677 0.9215953 2.802819
v -2.340699 0.8966622 2.263258
v -2.315237 0.9694141 2.20509
v -2.340699 0.8966622 2.20509
v -2.653446 0.6546887 2.560249
v -2.693907 0.6494517 2.802819
v -2.713786 0.5926529 2.802819
v -2.630823 0.7193272 2.560249
v -2.635344 0.6483535 2.505828
v -2.612721 0.7129918 2.505828
v -2.585274 0.4035257 2.263258
v -2.617882 0.7563016 2.560249
v -2.559812 0.4762779 2.263258
v -2.559812 0.4762779 2.205091
v -2.585274 0.4035257 2.205091
v -2.599781 0.7499668 2.505828
v -2.58684 0.7869409 2.505828
v -2.604942 0.7932764 2.560249
v -2.564218 0.8515794 2.505828
v -2.582319 0.8579147 2.560249
v -2.610683 0.8872402 2.802819
v -2.590805 0.944039 2.802819
v -2.379364 0.9918581 2.263258
v -2.404826 0.9191059 2.263258
v -2.404826 0.9191059 2.20509
v -2.379364 0.9918581 2.20509
v -2.566696 0.696883 2.560249
v -2.630823 0.7193272 2.560249
v -2.617882 0.7563016 2.560249
v -2.553755 0.7338578 2.560249
v -2.540814 0.7708325 2.560249
v -2.604942 0.7932764 2.560249
v -2.546556 0.8647962 2.802819
v -2.540814 0.7708325 2.560249
v -2.604942 0.7932764 2.560249
v -2.610683 0.8872402 2.802819
v -2.518191 0.835471 2.560249
v -2.526677 0.9215953 2.802819
v -2.590805 0.944039 2.802819
v -2.582319 0.8579147 2.560249
v -2.50009 0.8291355 2.505828
v -2.564218 0.8515794 2.505828
v -2.315237 0.9694141 2.263258
v -2.379364 0.9918581 2.263258
v -2.379364 0.9918581 2.20509
v -2.315237 0.9694141 2.20509
v -2.629779 0.6270078 2.802819
v -2.693907 0.6494517 2.802819
v -2.630823 0.7193272 2.560249
v -2.566696 0.696883 2.560249
v -2.526677 0.9215953 2.802819
v -2.590805 0.944039 2.802819
v -2.610683 0.8872402 2.802819
v -2.546556 0.8647962 2.802819
v -2.589318 0.6322449 2.560249
v -2.713786 0.5926529 2.802819
v -2.649658 0.5702091 2.802819
v -2.653446 0.6546887 2.560249
v -2.571216 0.6259096 2.505828
v -2.635344 0.6483535 2.505828
v -2.521147 0.3810819 2.263258
v -2.585274 0.4035257 2.263258
v -2.585274 0.4035257 2.205091
v -2.521147 0.3810819 2.205091
v -2.649658 0.5702091 2.802819
v -2.713786 0.5926529 2.802819
v -2.693907 0.6494517 2.802819
v -2.629779 0.6270078 2.802819
v -2.404826 0.9191059 2.263258
v -2.340699 0.8966622 2.20509
v -2.404826 0.9191059 2.20509
v -2.340699 0.8966622 2.263258
v -2.522712 0.7644972 2.505828
v -2.58684 0.7869409 2.505828
v -2.535653 0.7275226 2.505828
v -2.599781 0.7499668 2.505828
v -2.612721 0.7129918 2.505828
v -2.548594 0.6905479 2.505828
v -2.559812 0.4762779 2.263258
v -2.495684 0.4538341 2.263258
v -2.495684 0.4538341 2.205091
v -2.559812 0.4762779 2.205091
v -2.627985 0.5538834 2.761869
v -2.984051 0.6785027 2.761869
v -2.984051 0.6785027 2.831796
v -2.627985 0.5538834 2.831796
v -2.984051 0.6785027 2.761869
v -2.855804 1.044935 2.761869
v -2.855804 1.044935 2.831796
v -2.984051 0.6785027 2.831796
v -2.855804 1.044935 2.761869
v -2.499738 0.9203164 2.761869
v -2.499738 0.9203165 2.831796
v -2.855804 1.044935 2.831796
v -2.499738 0.9203164 2.761869
v -2.627985 0.5538834 2.761869
v -2.627985 0.5538834 2.831796
v -2.499738 0.9203165 2.831796
v -2.636765 0.8469587 2.831796
v -2.636765 0.8469586 2.761869
v -2.794428 0.9021389 2.761869
v -2.794428 0.902139 2.831796
v -2.689361 0.6966802 2.831796
v -2.689361 0.6966802 2.761869
v -2.636765 0.8469586 2.761869
v -2.636765 0.8469587 2.831796
v -2.794428 0.902139 2.831796
v -2.794428 0.9021389 2.761869
v -2.847024 0.7518605 2.761869
v -2.847024 0.7518606 2.831796
v -2.847024 0.7518606 2.831796
v -2.847024 0.7518605 2.761869
v -2.689361 0.6966802 2.761869
v -2.689361 0.6966802 2.831796
v -2.966733 0.7643362 2.560249
v -2.938369 0.7350109 2.802819
v -2.958248 0.6782117 2.802819
v -2.944111 0.8289744 2.560249
v -2.984835 0.7706714 2.505828
v -2.962212 0.8353094 2.505828
v -3.17665 0.6105003 2.263258
v -2.93117 0.8659488 2.560249
v -3.151188 0.6832526 2.263258
v -3.17665 0.6105003 2.205091
v -3.151188 0.6832526 2.205091
v -2.949272 0.8722842 2.505828
v -2.936331 0.909259 2.505828
v -2.91823 0.9029236 2.560249
v -2.913709 0.9738973 2.505828
v -2.970741 1.198833 2.263258
v -2.895607 0.9675618 2.560249
v -2.855146 0.9727992 2.802819
v -2.835266 1.029598 2.802819
v -2.996203 1.126081 2.263258
v -2.970741 1.198833 2.20509
v -2.996203 1.126081 2.20509
v -2.904628 0.7426 2.560249
v -2.896142 0.6564752 2.802819
v -2.876263 0.7132745 2.802819
v -2.882005 0.8072379 2.560249
v -2.922729 0.748935 2.505828
v -2.900107 0.8135734 2.505828
v -3.114544 0.5887643 2.263258
v -2.869064 0.8442127 2.560249
v -3.089082 0.6615162 2.263258
v -3.089082 0.6615162 2.205091
v -3.114544 0.5887643 2.205091
v -2.887166 0.8505482 2.505828
v -2.874225 0.8875225 2.505828
v -2.856123 0.8811876 2.560249
v -2.851603 0.9521608 2.505828
v -2.833501 0.9458255 2.560249
v -2.79304 0.9510626 2.802819
v -2.773161 1.007862 2.802819
v -2.908635 1.177097 2.263258
v -2.934097 1.104345 2.263258
v -2.934097 1.104345 2.20509
v -2.908635 1.177097 2.20509
v -2.944111 0.8289744 2.560249
v -2.869064 0.8442127 2.560249
v -2.882005 0.8072379 2.560249
v -2.93117 0.8659488 2.560249
v -2.91823 0.9029236 2.560249
v -2.856123 0.8811876 2.560249
v -2.855146 0.9727992 2.802819
v -2.79304 0.9510626 2.802819
v -2.856123 0.8811876 2.560249
v -2.91823 0.9029236 2.560249
v -2.895607 0.9675618 2.560249
v -2.773161 1.007862 2.802819
v -2.835266 1.029598 2.802819
v -2.833501 0.9458255 2.560249
v -2.913709 0.9738973 2.505828
v -2.851603 0.9521608 2.505828
v -2.970741 1.198833 2.263258
v -2.908635 1.177097 2.263258
v -2.908635 1.177097 2.20509
v -2.970741 1.198833 2.20509
v -2.938369 0.7350109 2.802819
v -2.944111 0.8289744 2.560249
v -2.882005 0.8072379 2.560249
v -2.876263 0.7132745 2.802819
v -2.835266 1.029598 2.802819
v -2.773161 1.007862 2.802819
v -2.79304 0.9510626 2.802819
v -2.855146 0.9727992 2.802819
v -2.966733 0.7643362 2.560249
v -2.958248 0.6782117 2.802819
v -2.896142 0.6564752 2.802819
v -2.904628 0.7426 2.560249
v -2.984835 0.7706714 2.505828
v -2.922729 0.748935 2.505828
v -3.17665 0.6105003 2.263258
v -3.114544 0.5887643 2.263258
v -3.114544 0.5887643 2.205091
v -3.17665 0.6105003 2.205091
v -2.958248 0.6782117 2.802819
v -2.896142 0.6564752 2.802819
v -2.876263 0.7132745 2.802819
v -2.938369 0.7350109 2.802819
v -2.934097 1.104345 2.263258
v -2.934097 1.104345 2.20509
v -2.996203 1.126081 2.20509
v -2.996203 1.126081 2.263258
v -2.936331 0.909259 2.505828
v -2.874225 0.8875225 2.505828
v -2.949272 0.8722842 2.505828
v -2.887166 0.8505482 2.505828
v -2.900107 0.8135734 2.505828
v -2.962212 0.8353094 2.505828
v -3.089082 0.6615162 2.263258
v -3.151188 0.6832526 2.263258
v -3.151188 0.6832526 2.205091
v -3.089082 0.6615162 2.205091
v -2.828999 0.832194 3.128482
v -2.610784 0.8910953 3.066993
v -2.652962 0.7705828 3.128482
v -2.786821 0.9527065 3.066993
v -2.600368 0.9208597 2.928833
v -2.776404 0.9824702 2.928833
v -2.625384 0.8493804 2.818036
v -2.801421 0.9109915 2.818036
v -2.68054 0.6917853 2.818036
v -2.856578 0.7533964 2.818036
v -2.856578 0.7533964 2.818036
v -2.705557 0.6203065 2.928833
v -2.68054 0.6917853 2.818036
v -2.881594 0.6819174 2.928833
v -2.69514 0.6500704 3.066993
v -2.871177 0.7116816 3.066993
v -2.652962 0.7705828 3.128482
v -2.828999 0.832194 3.128482
v -2.628445 0.8406358 3.02436
v -2.828999 0.832194 3.060103
v -2.652962 0.7705828 3.060103
v -2.804482 0.9022471 3.02436
v -2.622389 0.8579375 2.944048
v -2.798427 0.9195486 2.944048
v -2.636931 0.8163874 2.879643
v -2.812968 0.8779982 2.879643
v -2.652962 0.7705828 3.060103
v -2.828999 0.832194 3.060103
v -2.853517 0.762141 3.02436
v -2.67748 0.7005299 3.02436
v -2.859573 0.7448393 2.944048
v -2.683535 0.6832281 2.944048
v -2.84503 0.7863894 2.879643
v -2.668993 0.7247786 2.879643
v -2.812968 0.8779982 2.879643
v -2.636931 0.8163874 2.879643
v 3.202962 -0.8529106 -1.114118
v 4.624004 -0.04070176 -1.114118
v 4.593142 0.01135193 -1.094512
v 3.189245 -0.7934746 -1.094512
v 2.838968 -0.9564735 -1.046928
v 4.580357 0.03291213 -1.047181
v 2.825112 -0.8974687 -1.026814
v 2.469572 -0.9153689 -0.8847199
v 3.183406 -0.7689444 -1.047181
v 4.593142 0.01135194 -0.9998505
v 3.189245 -0.7934746 -0.9998503
v 4.624004 -0.04070175 -0.9802448
v 3.202962 -0.8529106 -0.9802447
v 2.820077 -0.8733422 -0.9798318
v 2.826038 -0.897823 -0.9329577
v 2.838932 -0.9564596 -0.9133645
v 2.454857 -0.8568214 -0.8633738
v 2.458023 -0.8580292 -0.7714635
v 2.469453 -0.9153229 -0.7519045
v -3.857943 1.177166 3.850653
v 2.451325 -0.8335515 -0.8172351
v -3.840115 1.206793 3.752576
v -3.857659 1.17707 3.736775
v -4.147482 1.380977 3.871304
v -3.839187 1.206483 3.832419
v -3.831702 1.218726 3.791728
v -4.124613 1.406235 3.88761
v -4.425176 1.67553 3.927028
v -4.124363 1.406093 3.96738
v -4.147558 1.38102 3.984399
v -4.114821 1.416508 3.92727
v -4.39924 1.697467 3.943543
v -5.228479 2.736363 3.927028
v -5.20123 2.756422 3.943543
v -5.189944 2.764729 3.983413
v -4.388466 1.706493 3.983413
v -5.20123 2.756422 4.023284
v -4.39924 1.697467 4.023284
v -4.425176 1.67553 4.039798
v -5.228479 2.736363 4.039798
v -4.425176 1.67553 4.039798
v -5.255727 2.716306 4.023284
v -5.228479 2.736363 4.039798
v -4.451008 1.653412 4.023284
v -5.267014 2.707996 3.983413
v -4.170372 1.355707 3.968078
v -4.147558 1.38102 3.984399
v -4.461686 1.644207 3.983413
v -5.255727 2.716306 3.943543
v -4.179581 1.345077 3.928056
v -3.875423 1.14743 3.834802
v -3.857943 1.177166 3.850653
v 2.469453 -0.9153229 -0.7519045
v -4.451008 1.653412 3.943543
v -5.228479 2.736363 3.927028
v -4.425176 1.67553 3.927028
v -4.147482 1.380977 3.871304
v -4.1701 1.355551 3.887966
v -3.857659 1.17707 3.736775
v -3.881797 1.13482 3.794413
v -3.874408 1.147086 3.753792
v 2.48022 -0.9723581 -0.7708207
v 2.483684 -0.973699 -0.8668004
v 2.469572 -0.9153689 -0.8847199
v 2.838968 -0.9564735 -1.046928
v 2.487905 -0.9972321 -0.8195
v 2.852518 -1.015484 -1.027817
v 3.202962 -0.8529106 -1.114118
v 2.851503 -1.015092 -0.9327698
v 2.838932 -0.9564596 -0.9133645
v 2.857631 -1.039758 -0.9804955
v 3.216234 -0.9125856 -1.094512
v 4.624004 -0.04070176 -1.114118
v 4.654867 -0.09275401 -1.094512
v 3.221655 -0.9373454 -1.047181
v 4.66765 -0.1143161 -1.047181
v 3.216234 -0.9125856 -0.9998503
v 3.202962 -0.8529106 -0.9802447
v 4.654867 -0.09275401 -0.9998505
v 4.624004 -0.04070175 -0.9802448
v -4.631761 1.013437 4.089062
v -5.474375 2.010625 4.072547
v -5.447638 2.03136 4.089062
v -4.650966 0.9850359 4.072547
v -5.48545 2.002037 4.032678
v -4.348321 0.6906652 4.01673
v -4.329227 0.7190223 4.033151
v -4.658861 0.9731946 4.032676
v -5.474375 2.010625 3.992806
v -4.356031 0.6788011 3.976702
v -4.083107 0.4934797 3.88198
v -4.064164 0.5224252 3.898171
v -4.650966 0.9850359 3.992806
v -5.447638 2.03136 3.976291
v -4.631761 1.013437 3.976291
v -4.32916 0.7189865 3.920071
v -4.34817 0.6905851 3.936703
v -4.063937 0.5223074 3.784345
v -4.090329 0.4811635 3.84157
v -4.082587 0.4932084 3.801259
v 3.215187 -2.267412 -1.311183
v 3.211354 -2.207775 -1.32951
v 3.570441 -2.268173 -1.490934
v 3.215322 -2.291411 -1.263756
v 3.573711 -2.328835 -1.471703
v 3.939545 -2.174267 -1.557799
v 3.212537 -2.266127 -1.215573
v 3.211354 -2.207775 -1.196715
v 3.942357 -2.236281 -1.538194
v 5.341177 -1.417854 -1.557799
v 5.369339 -1.471416 -1.538194
v 3.574609 -2.35377 -1.424345
v 3.572936 -2.328457 -1.376764
v 3.570442 -2.268172 -1.357378
v 3.943414 -2.262013 -1.490863
v 5.381003 -1.493602 -1.490863
v 3.942357 -2.236281 -1.443532
v 3.939545 -2.174267 -1.423926
v 5.369339 -1.471416 -1.443532
v 5.341177 -1.417854 -1.423926
v 3.939545 -2.174267 -1.557799
v 5.341177 -1.417854 -1.557799
v 5.313014 -1.364291 -1.538194
v 3.935645 -2.112802 -1.538194
v 3.570441 -2.268173 -1.490934
v 5.301347 -1.342105 -1.490863
v 3.566642 -2.207573 -1.470908
v 3.211354 -2.207775 -1.32951
v 3.933627 -2.087551 -1.490863
v 5.313014 -1.364291 -1.443532
v 3.206802 -2.147806 -1.308468
v -4.063937 0.5223074 3.784345
v 3.935645 -2.112802 -1.443532
v 5.341177 -1.417854 -1.423926
v 3.939545 -2.174267 -1.423926
v 3.565481 -2.182789 -1.42384
v 3.567372 -2.207924 -1.376944
v 3.570442 -2.268172 -1.357378
v -4.044457 0.550982 3.800178
v -4.32916 0.7189865 3.920071
v 3.206729 -2.123833 -1.262035
v 3.209296 -2.148997 -1.216189
v 3.211354 -2.207775 -1.196715
v -4.309816 0.7471485 3.936387
v -4.631761 1.013437 3.976291
v -4.035538 0.5624223 3.839471
v -4.043993 0.5507421 3.880257
v -4.064164 0.5224252 3.898171
v -4.612243 1.041439 3.992806
v -5.447638 2.03136 3.976291
v -5.420901 2.052094 3.992806
v -5.409827 2.060682 4.032678
v -4.301525 0.7586465 3.976087
v -4.30968 0.7470779 4.016227
v -4.329227 0.7190223 4.033151
v -4.604057 1.052907 4.032676
v -5.420901 2.052094 4.072547
v -4.612243 1.04144 4.072547
v -4.631761 1.013437 4.089062
v -5.447638 2.03136 4.089062
v 0.9789629 -1.842056 -1.224362
v 1.294256 -1.964858 -1.224362
v 1.294256 -1.964858 -1.697922
v 0.9789629 -1.842056 -1.697922
v 0.6930743 -1.708223 -1.224362
v 0.8215623 -1.799499 -1.224362
v 0.8215623 -1.799499 -1.697922
v 0.6930743 -1.708223 -1.697922
v 0.6316845 -1.581668 -1.224362
v 0.6316845 -1.581668 -1.697922
v 0.6046241 -1.467902 -1.224362
v 0.6046241 -1.467902 -1.697922
v 0.7037024 -1.431296 -0.9684155
v 0.8004296 -1.154925 -0.9684156
v 1.153803 -0.9656872 -0.9684156
v 0.7290303 -1.606642 -0.9684155
v 0.6357981 -1.415792 -1.004566
v 0.7693623 -1.701097 -0.9684155
v 0.8619453 -1.799594 -0.9684155
v 0.6599141 -1.59955 -1.004566
v 0.5983645 -1.406113 -1.091824
v 0.6232274 -1.597641 -1.091824
v 0.7094388 -1.71743 -1.004566
v 0.8619453 -1.799594 -0.9684155
v 0.6846172 -1.724195 -1.091824
v 0.8276788 -1.829074 -1.091824
v 1.153803 -0.9656872 -0.9684156
v 1.299092 -1.95259 -0.9684155
v 1.590949 -1.118683 -0.9684156
v 1.173462 -0.8959175 -0.9929386
v 1.614849 -1.050397 -0.9929386
v 1.974031 -2.043226 -1.956588
v 1.734794 -2.105081 -1.956588
v 1.746019 -2.130345 -1.920437
v 2.018922 -2.075187 -1.920437
v 1.747145 -2.150876 -1.833179
v 2.048792 -2.096572 -1.833179
v 1.7444 -2.131812 -1.922427
v 1.734794 -2.105081 -1.956588
v 1.715919 -2.175125 -1.932065
v 1.716712 -2.237833 -1.833179
v 1.299092 -1.952591 -1.956588
v 1.275192 -2.020876 -1.932065
v 1.255727 -2.076494 -1.833179
v 1.716712 -2.237833 -1.833179
v 1.459397 -2.083354 -1.833179
v 1.747145 -2.150876 -1.833179
v 1.716712 -2.237833 -1.833179
v 1.255727 -2.076494 -1.833179
v 1.09223 -1.954849 -1.833179
v 1.255727 -2.076494 -1.833179
v 0.8276788 -1.829074 -1.833179
v 0.7972451 -1.91603 -1.833179
v 2.175977 -1.942711 -1.224362
v 2.270294 -1.673225 -1.224362
v 2.270294 -1.673225 -1.697922
v 2.175977 -1.942711 -1.697922
v 2.187664 -1.962349 -1.833179
v 2.291677 -1.66516 -1.833179
v 2.252959 -1.657432 -1.920437
v 2.152578 -1.944248 -1.920437
v 2.048792 -2.096572 -1.833179
v 2.018922 -2.075187 -1.920437
v 2.210678 -1.648496 -1.956588
v 2.113951 -1.924867 -1.956588
v 1.974031 -2.043226 -1.956588
v 1.734794 -2.105081 -1.956588
v 2.026652 -1.271174 -1.956588
v 2.175103 -1.468716 -1.956588
v 1.299092 -1.952591 -1.956588
v 1.590949 -1.118683 -1.956588
v 0.6357981 -1.415792 -1.920437
v 0.702377 -1.108924 -1.833179
v 0.5983645 -1.406113 -1.833179
v 0.7376771 -1.124701 -1.920437
v 0.7037024 -1.431296 -1.956588
v 0.8004296 -1.154925 -1.956588
v 0.8711194 -0.9960866 -1.920437
v 0.8412493 -0.9747015 -1.833179
v 0.9295741 -1.033643 -1.956588
v 1.153803 -0.9656872 -1.956588
v 0.8619453 -1.799594 -1.956588
v 1.590949 -1.118683 -1.956588
v 1.299092 -1.952591 -1.956588
v 0.8338063 -1.866396 -1.932065
v 1.275192 -2.020876 -1.932065
v 0.7972451 -1.91603 -1.833179
v 1.255727 -2.076494 -1.833179
v 0.8619453 -1.799594 -1.956588
v 0.8004296 -1.154925 -1.956588
v 0.7037024 -1.431296 -1.956588
v 0.7290303 -1.606642 -1.956588
v 0.6357981 -1.415792 -1.920437
v 0.7693623 -1.701097 -1.956588
v 0.6599141 -1.59955 -1.920437
v 0.5983645 -1.406113 -1.833179
v 0.6232274 -1.597641 -1.833179
v 0.7094388 -1.71743 -1.920437
v 0.8619453 -1.799594 -1.956588
v 0.6846172 -1.724195 -1.833179
v 0.8402064 -1.813321 -1.920437
v 0.8276788 -1.829074 -1.833179
v 0.8338063 -1.866396 -1.932065
v 0.8619453 -1.799594 -1.956588
v 0.8402064 -1.813321 -1.920437
v 0.8276788 -1.829074 -1.833179
v 0.7972451 -1.91603 -1.833179
v 2.041376 -2.053675 -1.697922
v 1.739569 -2.107631 -1.697922
v 1.739569 -2.107631 -1.224362
v 2.041376 -2.053675 -1.224362
v 2.135054 -1.977644 -1.697922
v 2.135054 -1.977644 -1.224362
v 1.601961 -2.057856 -1.697922
v 1.294256 -1.964858 -1.697922
v 1.294256 -1.964858 -1.224362
v 1.601961 -2.057855 -1.224362
v 2.018922 -2.075187 -1.004566
v 2.048792 -2.096572 -1.091824
v 1.747145 -2.150876 -1.091824
v 1.7444 -2.131812 -1.002575
v 1.715919 -2.175125 -0.9929385
v 1.716712 -2.237833 -1.091824
v 1.7444 -2.131812 -1.002575
v 1.974031 -2.043226 -0.9684154
v 1.734794 -2.105081 -0.9684154
v 2.026652 -1.271174 -0.9684155
v 1.299092 -1.95259 -0.9684155
v 1.590949 -1.118683 -0.9684156
v 1.734794 -2.105081 -0.9684154
v 1.275192 -2.020876 -0.9929385
v 1.715919 -2.175125 -0.9929385
v 1.7444 -2.131812 -1.002575
v 1.255727 -2.076493 -1.091824
v 1.716712 -2.237833 -1.091824
v 2.113951 -1.924867 -0.9684155
v 1.974031 -2.043226 -0.9684154
v 2.018922 -2.075187 -1.004566
v 2.152578 -1.944248 -1.004566
v 2.048792 -2.096572 -1.091824
v 2.187664 -1.962349 -1.091824
v 2.291677 -1.66516 -1.091824
v 2.252959 -1.657432 -1.004566
v 2.210678 -1.648496 -0.9684155
v 2.026652 -1.271174 -0.9684155
v 2.175103 -1.468716 -0.9684155
v 1.275813 -2.019101 -1.091824
v 1.255727 -2.076493 -1.091824
v 1.716712 -2.237833 -1.091824
v 1.747145 -2.150876 -1.091824
v 0.8276788 -1.829074 -1.091824
v 0.7972451 -1.91603 -1.091824
v 1.255727 -2.076493 -1.091824
v 1.275813 -2.019101 -1.091824
v 0.7583679 -1.144068 -1.697922
v 0.7583679 -1.144068 -1.224362
v 0.6640506 -1.413554 -1.224362
v 0.6640506 -1.413555 -1.697922
v 1.299092 -1.95259 -0.9684155
v 0.8338063 -1.866396 -0.9929385
v 0.8619453 -1.799594 -0.9684155
v 1.275192 -2.020876 -0.9929385
v 0.7972451 -1.91603 -1.091824
v 1.255727 -2.076493 -1.091824
v 0.8619453 -1.799594 -0.9684155
v 0.8338063 -1.866396 -0.9929385
v 0.7972451 -1.91603 -1.091824
v 0.8276788 -1.829074 -1.091824
v 0.9789629 -1.842056 -1.224362
v 0.945334 -1.927001 -1.224362
v 1.263953 -2.052988 -1.224362
v 1.294256 -1.964858 -1.224362
v 1.294256 -1.964858 -1.224362
v 1.263953 -2.052988 -1.224362
v 1.575594 -2.145417 -1.224362
v 1.601961 -2.057855 -1.224362
v 1.575594 -2.145417 -1.697922
v 1.263953 -2.052988 -1.833179
v 1.263953 -2.052988 -1.697922
v 1.73601 -2.182691 -1.833179
v 1.736487 -2.182625 -1.697922
v 2.076392 -2.122263 -1.697922
v 2.076392 -2.122263 -1.833179
v 2.17364 -2.039268 -1.697922
v 1.736487 -2.182624 -1.224362
v 2.220324 -1.978589 -1.833179
v 1.575594 -2.145417 -1.224362
v 2.17364 -2.039268 -1.224362
v 1.73601 -2.182691 -1.091824
v 1.263953 -2.052988 -1.224362
v 1.263953 -2.052988 -1.091824
v 2.076392 -2.122263 -1.091824
v 2.076392 -2.122263 -1.224362
v 2.220324 -1.978588 -1.091824
v 2.226949 -1.960551 -1.697922
v 2.327335 -1.672832 -1.833179
v 2.226949 -1.960551 -1.224362
v 2.321265 -1.691064 -1.697922
v 2.321265 -1.691064 -1.224362
v 2.327335 -1.672832 -1.091824
v 2.331995 -1.571368 -1.697922
v 2.331995 -1.571368 -1.224362
v 1.263953 -2.052988 -1.697922
v 1.263953 -2.052988 -1.833179
v 0.8040159 -1.854162 -1.833179
v 0.945334 -1.927001 -1.697922
v 0.7864884 -1.842595 -1.697922
v 0.655678 -1.740235 -1.833179
v 0.945334 -1.927001 -1.224362
v 0.655678 -1.740235 -1.697922
v 0.5908959 -1.597494 -1.833179
v 0.5908959 -1.597494 -1.697922
v 0.565538 -1.399433 -1.833179
v 0.5642772 -1.482332 -1.697922
v 0.7864884 -1.842595 -1.224362
v 0.8040159 -1.854162 -1.091824
v 0.655678 -1.740235 -1.224362
v 1.263953 -2.052988 -1.091824
v 1.263953 -2.052988 -1.224362
v 0.655678 -1.740235 -1.091824
v 0.5908959 -1.597494 -1.224362
v 0.5908959 -1.597494 -1.091824
v 0.5642772 -1.482331 -1.224362
v 0.565538 -1.399433 -1.091824
v 1.747145 -2.150876 -1.091824
v 1.263953 -2.052988 -1.091824
v 1.275813 -2.019101 -1.091824
v 1.73601 -2.182691 -1.091824
v 2.048792 -2.096572 -1.091824
v 2.076392 -2.122263 -1.091824
v 1.275813 -2.019101 -1.091824
v 1.263953 -2.052988 -1.091824
v 0.8040159 -1.854162 -1.091824
v 0.8276788 -1.829074 -1.091824
v 0.655678 -1.740235 -1.091824
v 0.6846172 -1.724195 -1.091824
v 0.5908959 -1.597494 -1.091824
v 0.6232274 -1.597641 -1.091824
v 0.565538 -1.399433 -1.091824
v 0.5983645 -1.406113 -1.091824
v 0.702377 -1.108924 -1.091824
v 0.6725491 -1.093676 -1.091824
v 0.8412493 -0.9747015 -1.091824
v 0.815883 -0.9546543 -1.091824
v 1.601961 -2.057856 -1.697922
v 1.575594 -2.145417 -1.697922
v 1.263953 -2.052988 -1.697922
v 1.294256 -1.964858 -1.697922
v 1.601961 -2.057855 -1.224362
v 1.575594 -2.145417 -1.224362
v 1.575594 -2.145417 -1.697922
v 1.601961 -2.057856 -1.697922
v 1.294256 -1.964858 -1.697922
v 1.263953 -2.052988 -1.697922
v 0.945334 -1.927001 -1.697922
v 0.9789629 -1.842056 -1.697922
v 0.9789629 -1.842056 -1.697922
v 0.945334 -1.927001 -1.697922
v 0.945334 -1.927001 -1.224362
v 0.9789629 -1.842056 -1.224362
v 2.041376 -2.053675 -1.224362
v 2.076392 -2.122263 -1.224362
v 2.17364 -2.039268 -1.224362
v 2.135054 -1.977644 -1.224362
v 0.6316845 -1.581668 -1.224362
v 0.5908959 -1.597494 -1.224362
v 0.655678 -1.740235 -1.224362
v 0.6930743 -1.708223 -1.224362
v 1.739569 -2.107631 -1.224362
v 1.736487 -2.182624 -1.224362
v 2.076392 -2.122263 -1.224362
v 2.041376 -2.053675 -1.224362
v 2.187664 -1.962349 -1.091824
v 2.076392 -2.122263 -1.091824
v 2.048792 -2.096572 -1.091824
v 2.220324 -1.978588 -1.091824
v 2.327335 -1.672832 -1.091824
v 2.291677 -1.66516 -1.091824
v 2.30441 -1.47076 -1.091824
v 2.266813 -1.473632 -1.091824
v 0.8215623 -1.799499 -1.697922
v 0.7864884 -1.842595 -1.697922
v 0.655678 -1.740235 -1.697922
v 0.6930743 -1.708223 -1.697922
v 0.5908959 -1.597494 -1.697922
v 0.6316845 -1.581668 -1.697922
v 0.5642772 -1.482332 -1.697922
v 0.6046241 -1.467902 -1.697922
v 0.5642772 -1.482331 -1.224362
v 0.5642772 -1.482332 -1.697922
v 0.565538 -1.399433 -1.833179
v 0.565538 -1.399433 -1.091824
v 0.5718849 -1.381298 -1.697922
v 0.5718849 -1.381297 -1.224362
v 0.6662025 -1.111811 -1.697922
v 0.6725491 -1.093676 -1.091824
v 0.6662025 -1.111811 -1.224362
v 0.6725491 -1.093676 -1.833179
v 0.7185556 -1.034604 -1.224362
v 0.815883 -0.9546543 -1.091824
v 0.815883 -0.9546543 -1.224362
v 0.7185556 -1.034604 -1.697922
v 0.815883 -0.9546543 -1.697922
v 0.815883 -0.9546543 -1.833179
v 2.041376 -2.053675 -1.697922
v 2.076392 -2.122263 -1.697922
v 1.736487 -2.182625 -1.697922
v 1.739569 -2.107631 -1.697922
v 2.135054 -1.977644 -1.697922
v 2.17364 -2.039268 -1.697922
v 2.076392 -2.122263 -1.697922
v 2.041376 -2.053675 -1.697922
v 0.6046241 -1.467902 -1.224362
v 0.5642772 -1.482331 -1.224362
v 0.5908959 -1.597494 -1.224362
v 0.6316845 -1.581668 -1.224362
v 0.6930743 -1.708223 -1.224362
v 0.655678 -1.740235 -1.224362
v 0.7864884 -1.842595 -1.224362
v 0.8215623 -1.799499 -1.224362
v 2.135054 -1.977644 -1.224362
v 2.17364 -2.039268 -1.224362
v 2.17364 -2.039268 -1.697922
v 2.135054 -1.977644 -1.697922
v 1.739569 -2.107631 -1.697922
v 1.736487 -2.182625 -1.697922
v 1.736487 -2.182624 -1.224362
v 1.739569 -2.107631 -1.224362
v 0.6046241 -1.467902 -1.697922
v 0.5642772 -1.482332 -1.697922
v 0.5642772 -1.482331 -1.224362
v 0.6046241 -1.467902 -1.224362
v 0.8215623 -1.799499 -1.224362
v 0.7864884 -1.842595 -1.224362
v 0.7864884 -1.842595 -1.697922
v 0.8215623 -1.799499 -1.697922
v 0.7583679 -1.144068 -1.697922
v 0.6640506 -1.413555 -1.697922
v 0.5718849 -1.381298 -1.697922
v 0.6662025 -1.111811 -1.697922
v 0.6640506 -1.413554 -1.224362
v 0.7583679 -1.144068 -1.224362
v 0.6662025 -1.111811 -1.224362
v 0.5718849 -1.381297 -1.224362
v 2.175977 -1.942711 -1.697922
v 2.226949 -1.960551 -1.697922
v 2.226949 -1.960551 -1.224362
v 2.175977 -1.942711 -1.224362
v 0.6640506 -1.413554 -1.224362
v 0.5718849 -1.381297 -1.224362
v 0.5718849 -1.381298 -1.697922
v 0.6640506 -1.413555 -1.697922
v 2.175977 -1.942711 -1.697922
v 2.270294 -1.673225 -1.697922
v 2.321265 -1.691064 -1.697922
v 2.226949 -1.960551 -1.697922
v 2.270294 -1.673225 -1.224362
v 2.175977 -1.942711 -1.224362
v 2.226949 -1.960551 -1.224362
v 2.321265 -1.691064 -1.224362
v 0.6357981 -1.415792 -1.004566
v 0.8004296 -1.154925 -0.9684156
v 0.7037024 -1.431296 -0.9684155
v 0.7376771 -1.124701 -1.004566
v 0.5983645 -1.406113 -1.091824
v 0.702377 -1.108924 -1.091824
v 0.9295741 -1.033643 -0.9684156
v 1.153803 -0.9656872 -0.9684156
v 0.8711194 -0.9960865 -1.004566
v 0.8412493 -0.9747015 -1.091824
v 2.210678 -1.648496 -1.956588
v 2.230127 -1.471724 -1.920437
v 2.175103 -1.468716 -1.956588
v 2.252959 -1.657432 -1.920437
v 2.266813 -1.473633 -1.833179
v 2.291677 -1.66516 -1.833179
v 0.7702667 -1.119108 -1.224362
v 0.7702667 -1.119108 -1.697922
v 0.8670689 -1.040527 -1.697922
v 0.8670689 -1.040527 -1.224362
v 2.210678 -1.648496 -0.9684155
v 2.175103 -1.468716 -0.9684155
v 2.230127 -1.471724 -1.004566
v 2.252959 -1.657432 -1.004566
v 2.266813 -1.473632 -1.091824
v 2.291677 -1.66516 -1.091824
v 2.175103 -1.468716 -0.9684155
v 2.026652 -1.271174 -0.9684155
v 2.051181 -1.258424 -1.004566
v 2.230127 -1.471724 -1.004566
v 2.064865 -1.243076 -1.091824
v 2.266813 -1.473632 -1.091824
v 1.590949 -1.118683 -0.9684156
v 1.614849 -1.050397 -0.9929386
v 2.055575 -1.204647 -0.9929385
v 2.026652 -1.271174 -0.9684155
v 2.246563 -1.590184 -1.697922
v 2.246563 -1.590183 -1.224362
v 2.217427 -1.497246 -1.224362
v 2.217427 -1.497246 -1.697922
v 1.145369 -0.9413999 -1.004566
v 0.8412493 -0.9747015 -1.091824
v 1.145399 -0.9212726 -1.091824
v 0.8711194 -0.9960865 -1.004566
v 1.153803 -0.9656872 -0.9684156
v 0.9295741 -1.033643 -0.9684156
v 2.266813 -1.473633 -1.833179
v 2.327335 -1.672832 -1.833179
v 2.30441 -1.47076 -1.833179
v 2.291677 -1.66516 -1.833179
v 2.220324 -1.978589 -1.833179
v 2.187664 -1.962349 -1.833179
v 2.048792 -2.096572 -1.833179
v 2.076392 -2.122263 -1.833179
v 1.747145 -2.150876 -1.833179
v 1.73601 -2.182691 -1.833179
v 1.459397 -2.083354 -1.833179
v 1.263953 -2.052988 -1.833179
v 1.09223 -1.954849 -1.833179
v 0.8276788 -1.829074 -1.833179
v 1.263953 -2.052988 -1.833179
v 0.8040159 -1.854162 -1.833179
v 0.6846172 -1.724195 -1.833179
v 0.655678 -1.740235 -1.833179
v 0.6232274 -1.597641 -1.833179
v 0.5908959 -1.597494 -1.833179
v 0.5983645 -1.406113 -1.833179
v 0.565538 -1.399433 -1.833179
v 0.6725491 -1.093676 -1.833179
v 0.702377 -1.108924 -1.833179
v 0.815883 -0.9546543 -1.833179
v 0.8412493 -0.9747015 -1.833179
v 2.266813 -1.473632 -1.091824
v 2.064865 -1.243076 -1.091824
v 2.076 -1.211261 -1.091824
v 2.30441 -1.47076 -1.091824
v 2.217427 -1.497246 -1.224362
v 2.246563 -1.590183 -1.224362
v 2.331995 -1.571368 -1.224362
v 2.30441 -1.47076 -1.224362
v 0.8670689 -1.040527 -1.697922
v 0.7702667 -1.119108 -1.697922
v 0.7185556 -1.034604 -1.697922
v 0.815883 -0.9546543 -1.697922
v 2.246563 -1.590184 -1.697922
v 2.217427 -1.497246 -1.697922
v 2.30441 -1.47076 -1.697922
v 2.331995 -1.571368 -1.697922
v 2.331995 -1.571368 -1.697922
v 2.30441 -1.47076 -1.697922
v 2.30441 -1.47076 -1.833179
v 2.327335 -1.672832 -1.833179
v 2.30441 -1.47076 -1.224362
v 2.331995 -1.571368 -1.224362
v 2.327335 -1.672832 -1.091824
v 2.30441 -1.47076 -1.091824
v 0.7702667 -1.119108 -1.224362
v 0.8670689 -1.040527 -1.224362
v 0.815883 -0.9546543 -1.224362
v 0.7185556 -1.034604 -1.224362
v 2.246563 -1.590183 -1.224362
v 2.246563 -1.590184 -1.697922
v 2.331995 -1.571368 -1.697922
v 2.331995 -1.571368 -1.224362
v 0.7702667 -1.119108 -1.697922
v 0.7702667 -1.119108 -1.224362
v 0.7185556 -1.034604 -1.224362
v 0.7185556 -1.034604 -1.697922
v 1.145399 -0.9212726 -1.091824
v 0.8412493 -0.9747015 -1.091824
v 0.815883 -0.9546543 -1.091824
v 1.142545 -0.8869039 -1.091824
v 2.270294 -1.673225 -1.697922
v 2.270294 -1.673225 -1.224362
v 2.321265 -1.691064 -1.224362
v 2.321265 -1.691064 -1.697922
v 0.7583679 -1.144068 -1.224362
v 0.7583679 -1.144068 -1.697922
v 0.6662025 -1.111811 -1.697922
v 0.6662025 -1.111811 -1.224362
v 1.735572 -2.068569 -0.935609
v 0.8568189 -1.761016 -0.9356091
v 0.8568189 -1.761016 -0.8275861
v 1.735572 -2.068569 -0.827586
v 0.8568189 -1.761016 -0.9356091
v 1.115544 -1.021777 -0.9356092
v 1.115544 -1.021777 -0.8275861
v 0.8568189 -1.761016 -0.8275861
v 1.115544 -1.021777 -0.9356092
v 1.994297 -1.32933 -0.9356091
v 1.994297 -1.32933 -0.8275861
v 1.115544 -1.021777 -0.8275861
v 1.994297 -1.32933 -0.9356091
v 1.735572 -2.068569 -0.935609
v 1.735572 -2.068569 -0.827586
v 1.994297 -1.32933 -0.8275861
v 1.940639 -1.351096 -0.8275861
v 1.940639 -1.351096 -0.9356091
v 1.143918 -1.072252 -0.9356092
v 1.143918 -1.072252 -0.8275861
v 1.707198 -2.018094 -0.827586
v 1.707198 -2.018094 -0.935609
v 1.940639 -1.351096 -0.9356091
v 1.940639 -1.351096 -0.8275861
v 1.143918 -1.072252 -0.8275861
v 1.143918 -1.072252 -0.9356092
v 0.9104764 -1.73925 -0.9356091
v 0.9104764 -1.73925 -0.8275861
v 0.9104764 -1.73925 -0.8275861
v 0.9104764 -1.73925 -0.9356091
v 1.707198 -2.018094 -0.935609
v 1.707198 -2.018094 -0.827586
v 1.614731 -1.738399 -0.5749406
v 1.541089 -1.814112 -0.278893
v 1.56535 -1.744791 -0.278893
v 1.642341 -1.659511 -0.5749406
v 1.636824 -1.746131 -0.6413592
v 1.664433 -1.667243 -0.6413592
v 1.697932 -2.044935 -0.9374079
v 1.658135 -1.614384 -0.5749406
v 1.729008 -1.956143 -0.937408
v 1.697932 -2.044935 -1.008398
v 1.729008 -1.956143 -1.008398
v 1.680227 -1.622116 -0.6413592
v 1.696021 -1.57699 -0.6413592
v 1.673929 -1.569258 -0.5749406
v 1.723631 -1.498101 -0.6413592
v 1.949238 -1.326896 -0.937408
v 1.701539 -1.490369 -0.5749406
v 1.666921 -1.454579 -0.278893
v 1.691182 -1.385257 -0.278893
v 1.918162 -1.415688 -0.937408
v 1.949238 -1.326896 -1.008399
v 1.918162 -1.415688 -1.008399
v 1.536466 -1.711007 -0.5749406
v 1.487085 -1.717399 -0.278893
v 1.462823 -1.78672 -0.278893
v 1.564076 -1.632119 -0.5749406
v 1.558558 -1.718739 -0.6413592
v 1.586169 -1.63985 -0.6413592
v 1.619667 -2.017543 -0.9374079
v 1.57987 -1.586993 -0.5749406
v 1.650743 -1.928752 -0.937408
v 1.650743 -1.928752 -1.008398
v 1.619667 -2.017543 -1.008398
v 1.601962 -1.594724 -0.6413592
v 1.617756 -1.549598 -0.6413592
v 1.595663 -1.541866 -0.5749406
v 1.645366 -1.470709 -0.6413592
v 1.623273 -1.462977 -0.5749406
v 1.588656 -1.427187 -0.278893
v 1.612917 -1.357866 -0.278893
v 1.870973 -1.299504 -0.937408
v 1.839897 -1.388296 -0.937408
v 1.839897 -1.388296 -1.008399
v 1.870973 -1.299504 -1.008399
v 1.642341 -1.659511 -0.5749406
v 1.564076 -1.632119 -0.5749406
v 1.57987 -1.586993 -0.5749406
v 1.658135 -1.614384 -0.5749406
v 1.673929 -1.569258 -0.5749406
v 1.595663 -1.541866 -0.5749406
v 1.666921 -1.454579 -0.278893
v 1.673929 -1.569258 -0.5749406
v 1.595663 -1.541866 -0.5749406
v 1.588656 -1.427187 -0.278893
v 1.701539 -1.490369 -0.5749406
v 1.691182 -1.385257 -0.278893
v 1.612917 -1.357866 -0.278893
v 1.623273 -1.462977 -0.5749406
v 1.723631 -1.498101 -0.6413592
v 1.645366 -1.470709 -0.6413592
v 1.949238 -1.326896 -0.937408
v 1.870973 -1.299504 -0.937408
v 1.870973 -1.299504 -1.008399
v 1.949238 -1.326896 -1.008399
v 1.56535 -1.744791 -0.278893
v 1.487085 -1.717399 -0.278893
v 1.564076 -1.632119 -0.5749406
v 1.642341 -1.659511 -0.5749406
v 1.691182 -1.385257 -0.278893
v 1.612917 -1.357866 -0.278893
v 1.588656 -1.427187 -0.278893
v 1.666921 -1.454579 -0.278893
v 1.614731 -1.738399 -0.5749406
v 1.462823 -1.78672 -0.278893
v 1.541089 -1.814112 -0.278893
v 1.536466 -1.711007 -0.5749406
v 1.636824 -1.746131 -0.6413592
v 1.558558 -1.718739 -0.6413592
v 1.697932 -2.044935 -0.9374079
v 1.619667 -2.017543 -0.9374079
v 1.619667 -2.017543 -1.008398
v 1.697932 -2.044935 -1.008398
v 1.541089 -1.814112 -0.278893
v 1.462823 -1.78672 -0.278893
v 1.487085 -1.717399 -0.278893
v 1.56535 -1.744791 -0.278893
v 1.839897 -1.388296 -0.937408
v 1.918162 -1.415688 -1.008399
v 1.839897 -1.388296 -1.008399
v 1.918162 -1.415688 -0.937408
v 1.696021 -1.57699 -0.6413592
v 1.617756 -1.549598 -0.6413592
v 1.680227 -1.622116 -0.6413592
v 1.601962 -1.594724 -0.6413592
v 1.586169 -1.63985 -0.6413592
v 1.664433 -1.667243 -0.6413592
v 1.650743 -1.928752 -0.937408
v 1.729008 -1.956143 -0.937408
v 1.729008 -1.956143 -1.008398
v 1.650743 -1.928752 -1.008398
v 1.56754 -1.834037 -0.3288704
v 1.132974 -1.681943 -0.3288705
v 1.132974 -1.681943 -0.2435271
v 1.56754 -1.834037 -0.2435271
v 1.132974 -1.681943 -0.3288705
v 1.289495 -1.234725 -0.3288705
v 1.289495 -1.234725 -0.2435271
v 1.132974 -1.681943 -0.2435271
v 1.289495 -1.234725 -0.3288705
v 1.724061 -1.386818 -0.3288705
v 1.724061 -1.386818 -0.2435271
v 1.289495 -1.234725 -0.2435271
v 1.724061 -1.386818 -0.3288705
v 1.56754 -1.834037 -0.3288704
v 1.56754 -1.834037 -0.2435271
v 1.724061 -1.386818 -0.2435271
v 1.556824 -1.476349 -0.2435271
v 1.556824 -1.476349 -0.3288705
v 1.364402 -1.409003 -0.3288705
v 1.364402 -1.409003 -0.2435271
v 1.492633 -1.659758 -0.2435271
v 1.492633 -1.659758 -0.3288705
v 1.556824 -1.476349 -0.3288705
v 1.556824 -1.476349 -0.2435271
v 1.364402 -1.409003 -0.2435271
v 1.364402 -1.409003 -0.3288705
v 1.300211 -1.592413 -0.3288705
v 1.300211 -1.592413 -0.2435271
v 1.300211 -1.592413 -0.2435271
v 1.300211 -1.592413 -0.3288705
v 1.492633 -1.659758 -0.3288705
v 1.492633 -1.659758 -0.2435271
v 1.15411 -1.577186 -0.5749406
v 1.188727 -1.612977 -0.278893
v 1.164466 -1.682298 -0.278893
v 1.181719 -1.498298 -0.5749406
v 1.132017 -1.569455 -0.6413592
v 1.159627 -1.490566 -0.6413592
v 0.8979136 -1.764938 -0.937408
v 1.197513 -1.453172 -0.5749406
v 0.9289895 -1.676146 -0.937408
v 0.8979136 -1.764938 -1.008398
v 0.9289895 -1.676146 -1.008398
v 1.175421 -1.44544 -0.6413592
v 1.191214 -1.400313 -0.6413592
v 1.213307 -1.408046 -0.5749406
v 1.218824 -1.321425 -0.6413592
v 1.149219 -1.046899 -0.937408
v 1.240917 -1.329157 -0.5749406
v 1.290298 -1.322765 -0.278893
v 1.31456 -1.253444 -0.278893
v 1.118143 -1.13569 -0.937408
v 1.149219 -1.046899 -1.008399
v 1.118143 -1.13569 -1.008399
v 1.229907 -1.603715 -0.5749406
v 1.240264 -1.708827 -0.278893
v 1.264526 -1.639506 -0.278893
v 1.257517 -1.524827 -0.5749406
v 1.207815 -1.595983 -0.6413592
v 1.235425 -1.517094 -0.6413592
v 0.9737113 -1.791466 -0.937408
v 1.273311 -1.4797 -0.5749406
v 1.004787 -1.702675 -0.937408
v 1.004787 -1.702675 -1.008398
v 0.9737113 -1.791466 -1.008398
v 1.251218 -1.471968 -0.6413592
v 1.267012 -1.426842 -0.6413592
v 1.289105 -1.434574 -0.5749406
v 1.294622 -1.347953 -0.6413592
v 1.316715 -1.355685 -0.5749406
v 1.366096 -1.349294 -0.278893
v 1.390358 -1.279973 -0.278893
v 1.225016 -1.073427 -0.937408
v 1.193941 -1.162218 -0.937408
v 1.193941 -1.162218 -1.008399
v 1.225016 -1.073427 -1.008399
v 1.181719 -1.498298 -0.5749406
v 1.273311 -1.4797 -0.5749406
v 1.257517 -1.524827 -0.5749406
v 1.197513 -1.453172 -0.5749406
v 1.213307 -1.408046 -0.5749406
v 1.289105 -1.434574 -0.5749406
v 1.290298 -1.322765 -0.278893
v 1.366096 -1.349294 -0.278893
v 1.289105 -1.434574 -0.5749406
v 1.213307 -1.408046 -0.5749406
v 1.240917 -1.329157 -0.5749406
v 1.390358 -1.279973 -0.278893
v 1.31456 -1.253444 -0.278893
v 1.316715 -1.355685 -0.5749406
v 1.218824 -1.321425 -0.6413592
v 1.294622 -1.347953 -0.6413592
v 1.149219 -1.046899 -0.937408
v 1.225016 -1.073427 -0.937408
v 1.225016 -1.073427 -1.008399
v 1.149219 -1.046899 -1.008399
v 1.188727 -1.612977 -0.278893
v 1.181719 -1.498298 -0.5749406
v 1.257517 -1.524827 -0.5749406
v 1.264526 -1.639506 -0.278893
v 1.31456 -1.253444 -0.278893
v 1.390358 -1.279973 -0.278893
v 1.366096 -1.349294 -0.278893
v 1.290298 -1.322765 -0.278893
v 1.15411 -1.577186 -0.5749406
v 1.164466 -1.682298 -0.278893
v 1.240264 -1.708827 -0.278893
v 1.229907 -1.603715 -0.5749406
v 1.132017 -1.569455 -0.6413592
v 1.207815 -1.595983 -0.6413592
v 0.8979136 -1.764938 -0.937408
v 0.9737113 -1.791466 -0.937408
v 0.9737113 -1.791466 -1.008398
v 0.8979136 -1.764938 -1.008398
v 1.164466 -1.682298 -0.278893
v 1.240264 -1.708827 -0.278893
v 1.264526 -1.639506 -0.278893
v 1.188727 -1.612977 -0.278893
v 1.193941 -1.162218 -0.937408
v 1.193941 -1.162218 -1.008399
v 1.118143 -1.13569 -1.008399
v 1.118143 -1.13569 -0.937408
v 1.191214 -1.400313 -0.6413592
v 1.267012 -1.426842 -0.6413592
v 1.175421 -1.44544 -0.6413592
v 1.251218 -1.471968 -0.6413592
v 1.235425 -1.517094 -0.6413592
v 1.159627 -1.490566 -0.6413592
v 1.004787 -1.702675 -0.937408
v 0.9289895 -1.676146 -0.937408
v 0.9289895 -1.676146 -1.008398
v 1.004787 -1.702675 -1.008398
v 1.322209 -1.494369 0.1185672
v 1.588533 -1.422482 0.04352306
v 1.537056 -1.569563 0.1185672
v 1.373686 -1.347287 0.04352305
v 1.601246 -1.386155 -0.1250971
v 1.386399 -1.310962 -0.1250971
v 1.570714 -1.473393 -0.2603202
v 1.355867 -1.398199 -0.2603202
v 1.503398 -1.665732 -0.2603202
v 1.28855 -1.590538 -0.2603202
v 1.28855 -1.590538 -0.2603202
v 1.472865 -1.75297 -0.1250971
v 1.503398 -1.665732 -0.2603202
v 1.258019 -1.677776 -0.1250971
v 1.485579 -1.716644 0.04352308
v 1.270732 -1.64145 0.04352308
v 1.537056 -1.569563 0.1185672
v 1.322209 -1.494369 0.1185672
v 1.566979 -1.484066 -0.008509286
v 1.322209 -1.494369 0.03511404
v 1.537056 -1.569563 0.03511405
v 1.352132 -1.408871 -0.008509291
v 1.574369 -1.46295 -0.106527
v 1.359522 -1.387755 -0.106527
v 1.556621 -1.51366 -0.1851309
v 1.341774 -1.438466 -0.1851309
v 1.537056 -1.569563 0.03511405
v 1.322209 -1.494369 0.03511404
v 1.292286 -1.579866 -0.008509278
v 1.507133 -1.65506 -0.008509273
v 1.284895 -1.600982 -0.106527
v 1.499743 -1.676176 -0.106527
v 1.302644 -1.550271 -0.1851309
v 1.517491 -1.625465 -0.1851309
v 1.341774 -1.438466 -0.1851309
v 1.556621 -1.51366 -0.1851309
v 1.499743 -1.676176 -0.106527
v 1.472865 -1.75297 -0.1250971
v 1.485579 -1.716644 0.04352308
v 1.517491 -1.625465 -0.1851309
v 1.507133 -1.65506 -0.008509273
v 1.503398 -1.665732 -0.2603202
v 1.537056 -1.569563 0.1185672
v 1.556621 -1.51366 -0.1851309
v 1.537056 -1.569563 0.03511405
v 1.570714 -1.473393 -0.2603202
v 1.588533 -1.422482 0.04352306
v 1.574369 -1.46295 -0.106527
v 1.566979 -1.484066 -0.008509286
v 1.601246 -1.386155 -0.1250971
v 1.292286 -1.579866 -0.008509278
v 1.270732 -1.64145 0.04352308
v 1.258019 -1.677776 -0.1250971
v 1.284895 -1.600982 -0.106527
v 1.322209 -1.494369 0.03511404
v 1.28855 -1.590538 -0.2603202
v 1.322209 -1.494369 0.1185672
v 1.302644 -1.550271 -0.1851309
v 1.352132 -1.408871 -0.008509291
v 1.355867 -1.398199 -0.2603202
v 1.373686 -1.347287 0.04352305
v 1.341774 -1.438466 -0.1851309
v 1.359522 -1.387755 -0.106527
v 1.386399 -1.310962 -0.1250971
v 1.364402 -1.409003 -0.2435271
v 1.289495 -1.234725 -0.2435271
v 1.724061 -1.386818 -0.2435271
v 1.300211 -1.592413 -0.2435271
v 1.556824 -1.476349 -0.2435271
v 1.132974 -1.681943 -0.2435271
v 1.56754 -1.834037 -0.2435271
v 1.492633 -1.659758 -0.2435271
v 1.556824 -1.476349 -0.3288705
v 1.724061 -1.386818 -0.3288705
v 1.289495 -1.234725 -0.3288705
v 1.364402 -1.409003 -0.3288705
v 1.492633 -1.659758 -0.3288705
v 1.132974 -1.681943 -0.3288705
v 1.56754 -1.834037 -0.3288704
v 1.300211 -1.592413 -0.3288705
v 1.143918 -1.072252 -0.8275861
v 1.115544 -1.021777 -0.8275861
v 1.994297 -1.32933 -0.8275861
v 0.9104764 -1.73925 -0.8275861
v 1.940639 -1.351096 -0.8275861
v 0.8568189 -1.761016 -0.8275861
v 1.735572 -2.068569 -0.827586
v 1.707198 -2.018094 -0.827586
v 1.940639 -1.351096 -0.9356091
v 1.994297 -1.32933 -0.9356091
v 1.115544 -1.021777 -0.9356092
v 1.143918 -1.072252 -0.9356092
v 1.707198 -2.018094 -0.935609
v 0.8568189 -1.761016 -0.9356091
v 1.735572 -2.068569 -0.935609
v 0.9104764 -1.73925 -0.9356091
v -2.683535 0.6832281 2.944048
v -2.705557 0.6203065 2.928833
v -2.69514 0.6500704 3.066993
v -2.668993 0.7247786 2.879643
v -2.67748 0.7005299 3.02436
v -2.68054 0.6917853 2.818036
v -2.652962 0.7705828 3.128482
v -2.636931 0.8163874 2.879643
v -2.652962 0.7705828 3.060103
v -2.625384 0.8493804 2.818036
v -2.610784 0.8910953 3.066993
v -2.622389 0.8579375 2.944048
v -2.628445 0.8406358 3.02436
v -2.600368 0.9208597 2.928833
v -2.853517 0.762141 3.02436
v -2.871177 0.7116816 3.066993
v -2.881594 0.6819174 2.928833
v -2.859573 0.7448393 2.944048
v -2.828999 0.832194 3.060103
v -2.856578 0.7533964 2.818036
v -2.828999 0.832194 3.128482
v -2.84503 0.7863894 2.879643
v -2.804482 0.9022471 3.02436
v -2.801421 0.9109915 2.818036
v -2.786821 0.9527065 3.066993
v -2.812968 0.8779982 2.879643
v -2.798427 0.9195486 2.944048
v -2.776404 0.9824702 2.928833
v -2.794428 0.902139 2.831796
v -2.855804 1.044935 2.831796
v -2.499738 0.9203165 2.831796
v -2.847024 0.7518606 2.831796
v -2.636765 0.8469587 2.831796
v -2.984051 0.6785027 2.831796
v -2.627985 0.5538834 2.831796
v -2.689361 0.6966802 2.831796
v -2.636765 0.8469586 2.761869
v -2.499738 0.9203164 2.761869
v -2.855804 1.044935 2.761869
v -2.794428 0.9021389 2.761869
v -2.689361 0.6966802 2.761869
v -2.984051 0.6785027 2.761869
v -2.627985 0.5538834 2.761869
v -2.847024 0.7518605 2.761869
v -2.975084 1.178059 2.353241
v -2.998332 1.219417 2.353241
v -2.278317 0.9674204 2.353241
v -3.166357 0.6315475 2.353241
v -2.322282 0.9495863 2.353241
v -3.210321 0.6137138 2.353241
v -2.490306 0.3617168 2.353241
v -2.513555 0.4030743 2.353241
v -2.322282 0.9495863 2.264731
v -2.278317 0.9674204 2.264731
v -2.998332 1.219417 2.264731
v -2.975084 1.178059 2.264731
v -2.513555 0.4030743 2.264731
v -3.210321 0.6137138 2.264731
v -2.490306 0.3617168 2.264731
v -3.166357 0.6315475 2.264731
vt 0.3366699 0.8886719
vt 0.3359375 0.8803711
vt 0.3359375 0.8916016
vt 0.3598633 0.8803711
vt 0.3608398 0.8886719
vt 0.3605957 0.8916016
vt 0.3366699 0.8886719
vt 0.3359375 0.8803711
vt 0.3359375 0.8916016
vt 0.3598633 0.8803711
vt 0.3608398 0.8886719
vt 0.3605957 0.8916016
vt 0.8286133 0.9199219
vt 0.8349609 0.9199219
vt 0.8349609 0.8798828
vt 0.8286133 0.8798828
vt 0.8242188 0.9199219
vt 0.8276367 0.9199219
vt 0.8276367 0.8798828
vt 0.8242188 0.8798828
vt 0.8227539 0.9199219
vt 0.8227539 0.8798828
vt 0.8222656 0.9199219
vt 0.8222656 0.8798828
vt 0.322998 0.8803711
vt 0.3261719 0.8803711
vt 0.328125 0.8803711
vt 0.3237305 0.8803711
vt 0.3212891 0.8925781
vt 0.324707 0.8803711
vt 0.3273926 0.8803711
vt 0.3217773 0.8925781
vt 0.3203125 0.921875
vt 0.3208008 0.921875
vt 0.322998 0.8925781
vt 0.326416 0.8925781
vt 0.3222656 0.921875
vt 0.3261719 0.921875
vt 0.3359375 0.8803711
vt 0.3344727 0.8803711
vt 0.3435059 0.8803711
vt 0.3366699 0.8886719
vt 0.3439941 0.8886719
vt 0.361084 0.8779297
vt 0.3532715 0.8779297
vt 0.3532715 0.8842773
vt 0.3625488 0.8842773
vt 0.3532715 0.8989258
vt 0.3635254 0.8989258
vt 0.3532715 0.8837891
vt 0.3530273 0.8779297
vt 0.3522949 0.8823242
vt 0.3522949 0.8989258
vt 0.3439941 0.8779297
vt 0.3432617 0.8823242
vt 0.3430176 0.8989258
vt 0.3522949 0.8989258
vt 0.34375 0.8989258
vt 0.3532715 0.8989258
vt 0.3522949 0.8989258
vt 0.3430176 0.8989258
vt 0.331543 0.8989258
vt 0.3308105 0.8989258
vt 0.3227539 0.8989258
vt 0.3217773 0.8989258
vt 0.8632813 0.9199219
vt 0.8657227 0.9199219
vt 0.8657227 0.8798828
vt 0.8632813 0.8798828
vt 0.3684082 0.8989258
vt 0.3723145 0.8989258
vt 0.3708496 0.8842773
vt 0.3671875 0.8842773
vt 0.3635254 0.8989258
vt 0.3625488 0.8842773
vt 0.3696289 0.8779297
vt 0.3659668 0.8779297
vt 0.361084 0.8779297
vt 0.3532715 0.8779297
vt 0.3637695 0.8779297
vt 0.3686523 0.8779297
vt 0.3439941 0.8779297
vt 0.3547363 0.8779297
vt 0.3168945 0.8842773
vt 0.3195801 0.8989258
vt 0.3156738 0.8989258
vt 0.3208008 0.8842773
vt 0.3190918 0.8779297
vt 0.3227539 0.8779297
vt 0.3254395 0.8842773
vt 0.3244629 0.8989258
vt 0.3271484 0.8779297
vt 0.3344727 0.8779297
vt 0.3239746 0.8779297
vt 0.34375 0.8779297
vt 0.3330078 0.8779297
vt 0.322998 0.8823242
vt 0.3320313 0.8823242
vt 0.3217773 0.8989258
vt 0.3308105 0.8989258
vt 0.3244629 0.8779297
vt 0.3227539 0.8779297
vt 0.3190918 0.8779297
vt 0.3198242 0.8779297
vt 0.3168945 0.8842773
vt 0.3210449 0.8779297
vt 0.3173828 0.8842773
vt 0.3156738 0.8989258
vt 0.3161621 0.8989258
vt 0.3190918 0.8842773
vt 0.3244629 0.8779297
vt 0.3181152 0.8989258
vt 0.3232422 0.8842773
vt 0.3227539 0.8989258
vt 0.322998 0.8823242
vt 0.3239746 0.8779297
vt 0.3232422 0.8837891
vt 0.3227539 0.8989258
vt 0.3217773 0.8989258
vt 0.859375 0.8798828
vt 0.8515625 0.8798828
vt 0.8515625 0.9199219
vt 0.859375 0.9199219
vt 0.8623047 0.8798828
vt 0.8623047 0.9199219
vt 0.8500977 0.8798828
vt 0.8442383 0.8798828
vt 0.8442383 0.9199219
vt 0.8500977 0.9199219
vt 0.3588867 0.8925781
vt 0.3596191 0.921875
vt 0.3513184 0.921875
vt 0.3513184 0.8925781
vt 0.3503418 0.8886719
vt 0.3503418 0.921875
vt 0.3513184 0.8916016
vt 0.357666 0.8803711
vt 0.3513184 0.8803711
vt 0.3518066 0.8803711
vt 0.3435059 0.8803711
vt 0.3525391 0.8803711
vt 0.3510742 0.8803711
vt 0.3430176 0.8886719
vt 0.3503418 0.8886719
vt 0.3513184 0.8916016
vt 0.3427734 0.921875
vt 0.3503418 0.921875
vt 0.3615723 0.8803711
vt 0.357666 0.8803711
vt 0.3588867 0.8925781
vt 0.362793 0.8925781
vt 0.3596191 0.921875
vt 0.3635254 0.921875
vt 0.3666992 0.921875
vt 0.3657227 0.8925781
vt 0.364502 0.8803711
vt 0.3596191 0.8803711
vt 0.3637695 0.8803711
vt 0.3432617 0.921875
vt 0.3427734 0.921875
vt 0.3503418 0.921875
vt 0.3513184 0.921875
vt 0.3261719 0.921875
vt 0.3251953 0.921875
vt 0.3327637 0.921875
vt 0.333252 0.921875
vt 0.8251953 0.8798828
vt 0.8251953 0.9199219
vt 0.8227539 0.9199219
vt 0.8227539 0.8798828
vt 0.3344727 0.8803711
vt 0.3261719 0.8886719
vt 0.3271484 0.8803711
vt 0.3337402 0.8886719
vt 0.3251953 0.921875
vt 0.3327637 0.921875
vt 0.326416 0.8916016
vt 0.3261719 0.8886719
vt 0.3251953 0.921875
vt 0.3261719 0.921875
vt 0.7871094 0.8725586
vt 0.7871094 0.8725586
vt 0.7871094 0.8725586
vt 0.7871094 0.8725586
vt 0.7871094 0.8720703
vt 0.7871094 0.8720703
vt 0.7871094 0.8720703
vt 0.7871094 0.8720703
vt 0.7827148 0.8256836
vt 0.7807617 0.8149414
vt 0.7807617 0.8256836
vt 0.784668 0.8149414
vt 0.784668 0.8256836
vt 0.7895508 0.8256836
vt 0.7895508 0.8149414
vt 0.7905273 0.8256836
vt 0.784668 0.8623047
vt 0.7915039 0.8149414
vt 0.7827148 0.8623047
vt 0.7905273 0.8623047
vt 0.784668 0.8725586
vt 0.7807617 0.8623047
vt 0.7807617 0.8725586
vt 0.7895508 0.8725586
vt 0.7895508 0.8623047
vt 0.7915039 0.8725586
vt 0.7915039 0.8256836
vt 0.7929688 0.8149414
vt 0.7915039 0.8623047
vt 0.7929688 0.8256836
vt 0.7929688 0.8623047
vt 0.7929688 0.8725586
vt 0.7929688 0.8256836
vt 0.7929688 0.8623047
vt 0.7758789 0.8256836
vt 0.7758789 0.8149414
vt 0.7724609 0.8149414
vt 0.7739258 0.8256836
vt 0.7719727 0.8256836
vt 0.7705078 0.8149414
vt 0.7739258 0.8623047
vt 0.7705078 0.8256836
vt 0.7695313 0.8149414
vt 0.7695313 0.8256836
vt 0.769043 0.8149414
vt 0.769043 0.8256836
vt 0.7719727 0.8623047
vt 0.7724609 0.8725586
vt 0.7705078 0.8623047
vt 0.7758789 0.8725586
vt 0.7758789 0.8623047
vt 0.7705078 0.8725586
vt 0.7695313 0.8623047
vt 0.7695313 0.8725586
vt 0.769043 0.8623047
vt 0.769043 0.8725586
vt 0.7836914 0.8725586
vt 0.7792969 0.8725586
vt 0.7792969 0.8725586
vt 0.7832031 0.8725586
vt 0.7880859 0.8725586
vt 0.7890625 0.8725586
vt 0.7739258 0.8725586
vt 0.7734375 0.8725586
vt 0.7695313 0.8725586
vt 0.7700195 0.8725586
vt 0.7675781 0.8725586
vt 0.7680664 0.8725586
vt 0.7666016 0.8725586
vt 0.7670898 0.8725586
vt 0.7661133 0.8725586
vt 0.7666016 0.8725586
vt 0.7685547 0.8725586
vt 0.7680664 0.8725586
vt 0.7705078 0.8725586
vt 0.7705078 0.8725586
vt 0.7856445 0.8725586
vt 0.7856445 0.8725586
vt 0.7856445 0.8725586
vt 0.7856445 0.8725586
vt 0.7871094 0.8720703
vt 0.7871094 0.8720703
vt 0.7856445 0.8725586
vt 0.7856445 0.8725586
vt 0.7856445 0.8725586
vt 0.7856445 0.8725586
vt 0.7856445 0.8725586
vt 0.7856445 0.8725586
vt 0.7856445 0.8725586
vt 0.7856445 0.8725586
vt 0.7871094 0.8725586
vt 0.7871094 0.8725586
vt 0.7871094 0.8720703
vt 0.7871094 0.8720703
vt 0.7871094 0.8720703
vt 0.7871094 0.8720703
vt 0.7871094 0.8725586
vt 0.7871094 0.8725586
vt 0.7871094 0.8725586
vt 0.7871094 0.8725586
vt 0.7871094 0.8720703
vt 0.7871094 0.8720703
vt 0.7871094 0.8720703
vt 0.7871094 0.8720703
vt 0.7900391 0.8725586
vt 0.7885742 0.8725586
vt 0.7880859 0.8725586
vt 0.7905273 0.8725586
vt 0.7924805 0.8725586
vt 0.7919922 0.8725586
vt 0.7919922 0.8725586
vt 0.7915039 0.8725586
vt 0.7856445 0.8725586
vt 0.7856445 0.8725586
vt 0.7856445 0.8725586
vt 0.7856445 0.8725586
vt 0.7856445 0.8730469
vt 0.7856445 0.8730469
vt 0.7856445 0.8730469
vt 0.7856445 0.8730469
vt 0.769043 0.8623047
vt 0.769043 0.8256836
vt 0.769043 0.8149414
vt 0.769043 0.8725586
vt 0.7695313 0.8256836
vt 0.7695313 0.8623047
vt 0.7709961 0.8256836
vt 0.7709961 0.8725586
vt 0.7709961 0.8623047
vt 0.7709961 0.8149414
vt 0.7714844 0.8623047
vt 0.7729492 0.8725586
vt 0.7729492 0.8623047
vt 0.7714844 0.8256836
vt 0.7729492 0.8256836
vt 0.7729492 0.8149414
vt 0.7856445 0.8720703
vt 0.7856445 0.8720703
vt 0.7856445 0.8720703
vt 0.7856445 0.8720703
vt 0.7856445 0.8720703
vt 0.7856445 0.8720703
vt 0.7856445 0.8720703
vt 0.7856445 0.8720703
vt 0.7871094 0.8725586
vt 0.7871094 0.8725586
vt 0.7871094 0.8725586
vt 0.7871094 0.8725586
vt 0.7871094 0.8725586
vt 0.7871094 0.8725586
vt 0.7871094 0.8725586
vt 0.7871094 0.8725586
vt 0.7871094 0.8720703
vt 0.7871094 0.8720703
vt 0.7856445 0.8720703
vt 0.7856445 0.8720703
vt 0.7856445 0.8720703
vt 0.7856445 0.8720703
vt 0.7871094 0.8720703
vt 0.7871094 0.8720703
vt 0.7856445 0.8730469
vt 0.7856445 0.8730469
vt 0.7871094 0.8725586
vt 0.7871094 0.8725586
vt 0.7871094 0.8725586
vt 0.7871094 0.8725586
vt 0.7856445 0.8725586
vt 0.7856445 0.8725586
vt 0.7856445 0.8725586
vt 0.7856445 0.8730469
vt 0.7856445 0.8730469
vt 0.7856445 0.8725586
vt 0.7871094 0.8725586
vt 0.7871094 0.8725586
vt 0.7871094 0.8725586
vt 0.7871094 0.8725586
vt 0.7856445 0.8720703
vt 0.7856445 0.8720703
vt 0.7871094 0.8720703
vt 0.7871094 0.8720703
vt 0.7871094 0.8725586
vt 0.7871094 0.8725586
vt 0.7856445 0.8730469
vt 0.7856445 0.8730469
vt 0.7856445 0.8720703
vt 0.7856445 0.8720703
vt 0.7856445 0.8720703
vt 0.7856445 0.8720703
vt 0.7871094 0.871582
vt 0.7871094 0.8720703
vt 0.7871094 0.8720703
vt 0.7871094 0.871582
vt 0.3212891 0.8925781
vt 0.3261719 0.8803711
vt 0.322998 0.8803711
vt 0.3244629 0.8925781
vt 0.3203125 0.921875
vt 0.3234863 0.921875
vt 0.329834 0.8803711
vt 0.3356934 0.8803711
vt 0.328125 0.8925781
vt 0.3273926 0.921875
vt 0.3696289 0.8779297
vt 0.3703613 0.8842773
vt 0.3686523 0.8779297
vt 0.3708496 0.8842773
vt 0.371582 0.8989258
vt 0.3723145 0.8989258
vt 0.8256836 0.9199219
vt 0.8256836 0.8798828
vt 0.8291016 0.8798828
vt 0.8291016 0.9199219
vt 0.364502 0.8803711
vt 0.3637695 0.8803711
vt 0.3652344 0.8925781
vt 0.3657227 0.8925781
vt 0.3662109 0.921875
vt 0.3666992 0.921875
vt 0.3637695 0.8803711
vt 0.3596191 0.8803711
vt 0.3605957 0.8925781
vt 0.3652344 0.8925781
vt 0.3525391 0.8803711
vt 0.3532715 0.8886719
vt 0.3608398 0.8886719
vt 0.3598633 0.8803711
vt 0.8657227 0.8798828
vt 0.8657227 0.9199219
vt 0.8657227 0.9199219
vt 0.8657227 0.8798828
vt 0.3356934 0.8803711
vt 0.329834 0.8803711
vt 0.328125 0.8925781
vt 0.3359375 0.8925781
vt 0.7910156 0.8725586
vt 0.7919922 0.8725586
vt 0.7915039 0.8725586
vt 0.7910156 0.8725586
vt 0.7900391 0.8725586
vt 0.7895508 0.8725586
vt 0.7875977 0.8725586
vt 0.7875977 0.8725586
vt 0.7827148 0.8725586
vt 0.7827148 0.8725586
vt 0.7788086 0.8725586
vt 0.7783203 0.8725586
vt 0.7734375 0.8725586
vt 0.7695313 0.8725586
vt 0.7729492 0.8725586
vt 0.769043 0.8725586
vt 0.7670898 0.8725586
vt 0.7670898 0.8725586
vt 0.7666016 0.8725586
vt 0.7661133 0.8725586
vt 0.7661133 0.8725586
vt 0.765625 0.8725586
vt 0.7675781 0.8725586
vt 0.7680664 0.8725586
vt 0.7695313 0.8725586
vt 0.7700195 0.8725586
vt 0.7871094 0.871582
vt 0.7871094 0.871582
vt 0.7871094 0.871582
vt 0.7871094 0.871582
vt 0.7856445 0.8725586
vt 0.7856445 0.8725586
vt 0.7856445 0.8725586
vt 0.7856445 0.8725586
vt 0.7856445 0.8720703
vt 0.7856445 0.8720703
vt 0.7856445 0.8720703
vt 0.7856445 0.8720703
vt 0.7929688 0.8256836
vt 0.7929688 0.8256836
vt 0.7929688 0.8149414
vt 0.7929688 0.8149414
vt 0.7929688 0.8623047
vt 0.7929688 0.8623047
vt 0.7929688 0.8725586
vt 0.7929688 0.8725586
vt 0.7871094 0.8725586
vt 0.7871094 0.8725586
vt 0.7871094 0.8725586
vt 0.7871094 0.8725586
vt 0.7871094 0.871582
vt 0.7856445 0.8720703
vt 0.7856445 0.8720703
vt 0.7871094 0.871582
vt 0.7856445 0.8725586
vt 0.7871094 0.8725586
vt 0.7871094 0.8725586
vt 0.7856445 0.8725586
vt 0.7856445 0.8720703
vt 0.7871094 0.871582
vt 0.7871094 0.871582
vt 0.7856445 0.8720703
vt 0.7871094 0.8725586
vt 0.7856445 0.8725586
vt 0.7856445 0.8725586
vt 0.7871094 0.8725586
vt 0.8574219 0.9448242
vt 0.8173828 0.9448242
vt 0.8173828 0.949707
vt 0.8574219 0.949707
vt 0.8173828 0.9448242
vt 0.8305664 0.9448242
vt 0.8305664 0.949707
vt 0.8173828 0.949707
vt 0.8305664 0.9448242
vt 0.8706055 0.9448242
vt 0.8706055 0.949707
vt 0.8305664 0.949707
vt 0.8706055 0.9448242
vt 0.8574219 0.9448242
vt 0.8574219 0.949707
vt 0.8706055 0.949707
vt 0.8681641 0.949707
vt 0.8681641 0.9448242
vt 0.831543 0.9448242
vt 0.831543 0.949707
vt 0.8564453 0.949707
vt 0.8564453 0.9448242
vt 0.8681641 0.9448242
vt 0.8681641 0.949707
vt 0.831543 0.949707
vt 0.831543 0.9448242
vt 0.8198242 0.9448242
vt 0.8198242 0.949707
vt 0.8198242 0.949707
vt 0.8198242 0.9448242
vt 0.8564453 0.9448242
vt 0.8564453 0.949707
vt 0.8525391 0.9614258
vt 0.8491211 0.9750977
vt 0.8500977 0.9750977
vt 0.8540039 0.9614258
vt 0.8535156 0.9584961
vt 0.8549805 0.9584961
vt 0.855957 0.9448242
vt 0.8544922 0.9614258
vt 0.8574219 0.9448242
vt 0.855957 0.9414063
vt 0.8574219 0.9414063
vt 0.8554688 0.9584961
vt 0.8564453 0.9584961
vt 0.8554688 0.9614258
vt 0.8579102 0.9584961
vt 0.8686523 0.9448242
vt 0.8569336 0.9614258
vt 0.8554688 0.9750977
vt 0.8564453 0.9750977
vt 0.8671875 0.9448242
vt 0.8686523 0.9414063
vt 0.8671875 0.9414063
vt 0.8486328 0.9614258
vt 0.8466797 0.9750977
vt 0.8452148 0.9750977
vt 0.8500977 0.9614258
vt 0.8496094 0.9584961
vt 0.8510742 0.9584961
vt 0.8520508 0.9448242
vt 0.8510742 0.9614258
vt 0.8535156 0.9448242
vt 0.8535156 0.9414063
vt 0.8520508 0.9414063
vt 0.8520508 0.9584961
vt 0.8530273 0.9584961
vt 0.8520508 0.9614258
vt 0.8544922 0.9584961
vt 0.8530273 0.9614258
vt 0.8515625 0.9750977
vt 0.8530273 0.9750977
vt 0.8652344 0.9448242
vt 0.8632813 0.9448242
vt 0.8632813 0.9414063
vt 0.8652344 0.9414063
vt 0.8540039 0.9614258
vt 0.8500977 0.9614258
vt 0.8510742 0.9614258
vt 0.8544922 0.9614258
vt 0.8554688 0.9614258
vt 0.8520508 0.9614258
vt 0.8554688 0.9750977
vt 0.8554688 0.9614258
vt 0.8520508 0.9614258
vt 0.8515625 0.9750977
vt 0.8569336 0.9614258
vt 0.8564453 0.9750977
vt 0.8530273 0.9750977
vt 0.8530273 0.9614258
vt 0.8579102 0.9584961
vt 0.8544922 0.9584961
vt 0.8686523 0.9448242
vt 0.8652344 0.9448242
vt 0.8652344 0.9414063
vt 0.8686523 0.9414063
vt 0.8500977 0.9750977
vt 0.8466797 0.9750977
vt 0.8500977 0.9614258
vt 0.8540039 0.9614258
vt 0.8564453 0.9750977
vt 0.8530273 0.9750977
vt 0.8515625 0.9750977
vt 0.8554688 0.9750977
vt 0.8525391 0.9614258
vt 0.8452148 0.9750977
vt 0.8491211 0.9750977
vt 0.8486328 0.9614258
vt 0.8535156 0.9584961
vt 0.8496094 0.9584961
vt 0.855957 0.9448242
vt 0.8520508 0.9448242
vt 0.8520508 0.9414063
vt 0.855957 0.9414063
vt 0.8491211 0.9750977
vt 0.8452148 0.9750977
vt 0.8466797 0.9750977
vt 0.8500977 0.9750977
vt 0.8632813 0.9448242
vt 0.8671875 0.9414063
vt 0.8632813 0.9414063
vt 0.8671875 0.9448242
vt 0.8564453 0.9584961
vt 0.8530273 0.9584961
vt 0.8554688 0.9584961
vt 0.8520508 0.9584961
vt 0.8510742 0.9584961
vt 0.8549805 0.9584961
vt 0.8535156 0.9448242
vt 0.8574219 0.9448242
vt 0.8574219 0.9414063
vt 0.8535156 0.9414063
vt 0.8500977 0.9731445
vt 0.8300781 0.9731445
vt 0.8300781 0.9770508
vt 0.8500977 0.9770508
vt 0.8300781 0.9731445
vt 0.8383789 0.9731445
vt 0.8383789 0.9770508
vt 0.8300781 0.9770508
vt 0.8383789 0.9731445
vt 0.8579102 0.9731445
vt 0.8579102 0.9770508
vt 0.8383789 0.9770508
vt 0.8579102 0.9731445
vt 0.8500977 0.9731445
vt 0.8500977 0.9770508
vt 0.8579102 0.9770508
vt 0.8500977 0.9770508
vt 0.8500977 0.9731445
vt 0.8413086 0.9731445
vt 0.8413086 0.9770508
vt 0.8466797 0.9770508
vt 0.8466797 0.9731445
vt 0.8500977 0.9731445
vt 0.8500977 0.9770508
vt 0.8413086 0.9770508
vt 0.8413086 0.9731445
vt 0.8378906 0.9731445
vt 0.8378906 0.9770508
vt 0.8378906 0.9770508
vt 0.8378906 0.9731445
vt 0.8466797 0.9731445
vt 0.8466797 0.9770508
vt 0.831543 0.9614258
vt 0.8330078 0.9750977
vt 0.831543 0.9750977
vt 0.8330078 0.9614258
vt 0.8305664 0.9584961
vt 0.831543 0.9584961
vt 0.8193359 0.9448242
vt 0.8334961 0.9614258
vt 0.8208008 0.9448242
vt 0.8193359 0.9414063
vt 0.8208008 0.9414063
vt 0.8325195 0.9584961
vt 0.8334961 0.9584961
vt 0.8344727 0.9614258
vt 0.8349609 0.9584961
vt 0.8320313 0.9448242
vt 0.8359375 0.9614258
vt 0.8378906 0.9750977
vt 0.8393555 0.9750977
vt 0.8305664 0.9448242
vt 0.8320313 0.9414063
vt 0.8305664 0.9414063
vt 0.8349609 0.9614258
vt 0.8349609 0.9750977
vt 0.8364258 0.9750977
vt 0.8364258 0.9614258
vt 0.8339844 0.9584961
vt 0.8354492 0.9584961
vt 0.8227539 0.9448242
vt 0.8369141 0.9614258
vt 0.8242188 0.9448242
vt 0.8242188 0.9414063
vt 0.8227539 0.9414063
vt 0.8359375 0.9584961
vt 0.8369141 0.9584961
vt 0.8378906 0.9614258
vt 0.8383789 0.9584961
vt 0.8393555 0.9614258
vt 0.8417969 0.9750977
vt 0.8427734 0.9750977
vt 0.8354492 0.9448242
vt 0.8339844 0.9448242
vt 0.8339844 0.9414063
vt 0.8354492 0.9414063
vt 0.8330078 0.9614258
vt 0.8369141 0.9614258
vt 0.8364258 0.9614258
vt 0.8334961 0.9614258
vt 0.8344727 0.9614258
vt 0.8378906 0.9614258
vt 0.8378906 0.9750977
vt 0.8417969 0.9750977
vt 0.8378906 0.9614258
vt 0.8344727 0.9614258
vt 0.8359375 0.9614258
vt 0.8427734 0.9750977
vt 0.8393555 0.9750977
vt 0.8393555 0.9614258
vt 0.8349609 0.9584961
vt 0.8383789 0.9584961
vt 0.8320313 0.9448242
vt 0.8354492 0.9448242
vt 0.8354492 0.9414063
vt 0.8320313 0.9414063
vt 0.8330078 0.9750977
vt 0.8330078 0.9614258
vt 0.8364258 0.9614258
vt 0.8364258 0.9750977
vt 0.8393555 0.9750977
vt 0.8427734 0.9750977
vt 0.8417969 0.9750977
vt 0.8378906 0.9750977
vt 0.831543 0.9614258
vt 0.831543 0.9750977
vt 0.8349609 0.9750977
vt 0.8349609 0.9614258
vt 0.8305664 0.9584961
vt 0.8339844 0.9584961
vt 0.8193359 0.9448242
vt 0.8227539 0.9448242
vt 0.8227539 0.9414063
vt 0.8193359 0.9414063
vt 0.831543 0.9750977
vt 0.8349609 0.9750977
vt 0.8364258 0.9750977
vt 0.8330078 0.9750977
vt 0.8339844 0.9448242
vt 0.8339844 0.9414063
vt 0.8305664 0.9414063
vt 0.8305664 0.9448242
vt 0.8334961 0.9584961
vt 0.8369141 0.9584961
vt 0.8325195 0.9584961
vt 0.8359375 0.9584961
vt 0.8354492 0.9584961
vt 0.831543 0.9584961
vt 0.8242188 0.9448242
vt 0.8208008 0.9448242
vt 0.8208008 0.9414063
vt 0.8242188 0.9414063
vt 0.8393555 0.9936523
vt 0.8515625 0.9902344
vt 0.8491211 0.9936523
vt 0.8417969 0.9902344
vt 0.8525391 0.9824219
vt 0.8427734 0.9824219
vt 0.8505859 0.9760742
vt 0.8408203 0.9760742
vt 0.847168 0.9760742
vt 0.8374023 0.9760742
vt 0.8374023 0.9760742
vt 0.8457031 0.9824219
vt 0.847168 0.9760742
vt 0.8359375 0.9824219
vt 0.8466797 0.9902344
vt 0.8364258 0.9902344
vt 0.8491211 0.9936523
vt 0.8393555 0.9936523
vt 0.8505859 0.987793
vt 0.8393555 0.9897461
vt 0.8491211 0.9897461
vt 0.8408203 0.987793
vt 0.8510742 0.9833984
vt 0.8413086 0.9833984
vt 0.8500977 0.9794922
vt 0.840332 0.9794922
vt 0.8491211 0.9897461
vt 0.8393555 0.9897461
vt 0.8378906 0.987793
vt 0.8476563 0.987793
vt 0.8374023 0.9833984
vt 0.847168 0.9833984
vt 0.8383789 0.9794922
vt 0.8481445 0.9794922
vt 0.840332 0.9794922
vt 0.8500977 0.9794922
vt 0.9858398 0.9458008
vt 0.9921875 0.9443359
vt 0.9921875 0.9448242
vt 0.9858398 0.9462891
vt 0.9838867 0.9467773
vt 0.9921875 0.9448242
vt 0.9838867 0.9467773
vt 0.9824219 0.9477539
vt 0.9858398 0.9462891
vt 0.9921875 0.9453125
vt 0.9858398 0.9467773
vt 0.9926758 0.9453125
vt 0.9858398 0.9467773
vt 0.9838867 0.9472656
vt 0.984375 0.9472656
vt 0.984375 0.9472656
vt 0.9824219 0.9477539
vt 0.9824219 0.9482422
vt 0.9824219 0.9487305
vt 0.9584961 0.9799805
vt 0.9824219 0.9482422
vt 0.9584961 0.9794922
vt 0.9584961 0.9790039
vt 0.9570313 0.9804688
vt 0.9584961 0.9794922
vt 0.9584961 0.9794922
vt 0.9570313 0.9804688
vt 0.9550781 0.980957
vt 0.9570313 0.9804688
vt 0.9570313 0.980957
vt 0.9570313 0.9804688
vt 0.9555664 0.980957
vt 0.9501953 0.9819336
vt 0.9501953 0.9819336
vt 0.9501953 0.9824219
vt 0.9555664 0.980957
vt 0.9501953 0.9824219
vt 0.9555664 0.9814453
vt 0.9555664 0.9814453
vt 0.9501953 0.9824219
vt 0.9555664 0.9814453
vt 0.9501953 0.9824219
vt 0.9501953 0.9824219
vt 0.9550781 0.9814453
vt 0.9501953 0.9824219
vt 0.9570313 0.9804688
vt 0.9570313 0.980957
vt 0.9550781 0.980957
vt 0.9501953 0.9819336
vt 0.9570313 0.9804688
vt 0.9584961 0.9794922
vt 0.9584961 0.9799805
vt 0.9824219 0.9487305
vt 0.9550781 0.980957
vt 0.9501953 0.9819336
vt 0.9550781 0.980957
vt 0.9570313 0.9804688
vt 0.9570313 0.9804688
vt 0.9584961 0.9790039
vt 0.9584961 0.9794922
vt 0.9584961 0.9794922
vt 0.9829102 0.9482422
vt 0.9824219 0.9477539
vt 0.9824219 0.9477539
vt 0.9838867 0.9467773
vt 0.9824219 0.9482422
vt 0.984375 0.9467773
vt 0.9858398 0.9458008
vt 0.984375 0.9472656
vt 0.984375 0.9472656
vt 0.984375 0.9467773
vt 0.9858398 0.9462891
vt 0.9921875 0.9443359
vt 0.9926758 0.9443359
vt 0.9858398 0.9462891
vt 0.9926758 0.9448242
vt 0.9858398 0.9462891
vt 0.9858398 0.9467773
vt 0.9926758 0.9448242
vt 0.9926758 0.9453125
vt 0.9550781 0.9814453
vt 0.9501953 0.9824219
vt 0.9501953 0.9824219
vt 0.9550781 0.9814453
vt 0.9501953 0.9819336
vt 0.9570313 0.9804688
vt 0.9570313 0.9804688
vt 0.9550781 0.980957
vt 0.9501953 0.9819336
vt 0.9570313 0.9804688
vt 0.9584961 0.9794922
vt 0.9584961 0.9794922
vt 0.9550781 0.980957
vt 0.9501953 0.9819336
vt 0.9550781 0.980957
vt 0.9570313 0.9799805
vt 0.9570313 0.9799805
vt 0.9580078 0.9790039
vt 0.9580078 0.9794922
vt 0.9580078 0.9790039
vt 0.9833984 0.9472656
vt 0.9833984 0.9472656
vt 0.9848633 0.9458008
vt 0.9833984 0.9472656
vt 0.9848633 0.9462891
vt 0.9863281 0.9453125
vt 0.9833984 0.9477539
vt 0.9833984 0.9477539
vt 0.9863281 0.9453125
vt 0.9926758 0.9438477
vt 0.9931641 0.9438477
vt 0.9848633 0.9462891
vt 0.9848633 0.9467773
vt 0.9848633 0.9467773
vt 0.9868164 0.9458008
vt 0.9931641 0.9443359
vt 0.9868164 0.9458008
vt 0.9868164 0.9458008
vt 0.9931641 0.9443359
vt 0.9931641 0.9443359
vt 0.9863281 0.9453125
vt 0.9926758 0.9438477
vt 0.9926758 0.9438477
vt 0.9863281 0.9453125
vt 0.9848633 0.9458008
vt 0.9926758 0.9443359
vt 0.9848633 0.9462891
vt 0.9833984 0.9472656
vt 0.9863281 0.9458008
vt 0.9926758 0.9443359
vt 0.9833984 0.9472656
vt 0.9580078 0.9790039
vt 0.9863281 0.9458008
vt 0.9931641 0.9443359
vt 0.9868164 0.9458008
vt 0.9848633 0.9462891
vt 0.9848633 0.9467773
vt 0.9848633 0.9467773
vt 0.9584961 0.9790039
vt 0.9570313 0.9799805
vt 0.9833984 0.9477539
vt 0.9833984 0.9477539
vt 0.9833984 0.9477539
vt 0.9570313 0.9799805
vt 0.9550781 0.980957
vt 0.9584961 0.9794922
vt 0.9584961 0.9794922
vt 0.9584961 0.9794922
vt 0.9550781 0.980957
vt 0.9501953 0.9819336
vt 0.9501953 0.9819336
vt 0.9501953 0.9819336
vt 0.9570313 0.9804688
vt 0.9570313 0.9804688
vt 0.9570313 0.9804688
vt 0.9555664 0.980957
vt 0.9501953 0.9824219
vt 0.9555664 0.980957
vt 0.9550781 0.9814453
vt 0.9501953 0.9824219
vt 0.8286133 0.9199219
vt 0.8349609 0.9199219
vt 0.8349609 0.8798828
vt 0.8286133 0.8798828
vt 0.8242188 0.9199219
vt 0.8276367 0.9199219
vt 0.8276367 0.8798828
vt 0.8242188 0.8798828
vt 0.8227539 0.9199219
vt 0.8227539 0.8798828
vt 0.8222656 0.9199219
vt 0.8222656 0.8798828
vt 0.322998 0.8803711
vt 0.3261719 0.8803711
vt 0.328125 0.8803711
vt 0.3237305 0.8803711
vt 0.3212891 0.8925781
vt 0.324707 0.8803711
vt 0.3273926 0.8803711
vt 0.3217773 0.8925781
vt 0.3203125 0.921875
vt 0.3208008 0.921875
vt 0.322998 0.8925781
vt 0.326416 0.8925781
vt 0.3222656 0.921875
vt 0.3261719 0.921875
vt 0.3359375 0.8803711
vt 0.3344727 0.8803711
vt 0.3435059 0.8803711
vt 0.3366699 0.8886719
vt 0.3439941 0.8886719
vt 0.361084 0.8779297
vt 0.3532715 0.8779297
vt 0.3532715 0.8842773
vt 0.3625488 0.8842773
vt 0.3532715 0.8989258
vt 0.3635254 0.8989258
vt 0.3532715 0.8837891
vt 0.3530273 0.8779297
vt 0.3522949 0.8823242
vt 0.3522949 0.8989258
vt 0.3439941 0.8779297
vt 0.3432617 0.8823242
vt 0.3430176 0.8989258
vt 0.3522949 0.8989258
vt 0.34375 0.8989258
vt 0.3532715 0.8989258
vt 0.3522949 0.8989258
vt 0.3430176 0.8989258
vt 0.331543 0.8989258
vt 0.3308105 0.8989258
vt 0.3227539 0.8989258
vt 0.3217773 0.8989258
vt 0.8632813 0.9199219
vt 0.8657227 0.9199219
vt 0.8657227 0.8798828
vt 0.8632813 0.8798828
vt 0.3684082 0.8989258
vt 0.3723145 0.8989258
vt 0.3708496 0.8842773
vt 0.3671875 0.8842773
vt 0.3635254 0.8989258
vt 0.3625488 0.8842773
vt 0.3696289 0.8779297
vt 0.3659668 0.8779297
vt 0.361084 0.8779297
vt 0.3532715 0.8779297
vt 0.3637695 0.8779297
vt 0.3686523 0.8779297
vt 0.3439941 0.8779297
vt 0.3547363 0.8779297
vt 0.3168945 0.8842773
vt 0.3195801 0.8989258
vt 0.3156738 0.8989258
vt 0.3208008 0.8842773
vt 0.3190918 0.8779297
vt 0.3227539 0.8779297
vt 0.3254395 0.8842773
vt 0.3244629 0.8989258
vt 0.3271484 0.8779297
vt 0.3344727 0.8779297
vt 0.3239746 0.8779297
vt 0.34375 0.8779297
vt 0.3330078 0.8779297
vt 0.322998 0.8823242
vt 0.3320313 0.8823242
vt 0.3217773 0.8989258
vt 0.3308105 0.8989258
vt 0.3244629 0.8779297
vt 0.3227539 0.8779297
vt 0.3190918 0.8779297
vt 0.3198242 0.8779297
vt 0.3168945 0.8842773
vt 0.3210449 0.8779297
vt 0.3173828 0.8842773
vt 0.3156738 0.8989258
vt 0.3161621 0.8989258
vt 0.3190918 0.8842773
vt 0.3244629 0.8779297
vt 0.3181152 0.8989258
vt 0.3232422 0.8842773
vt 0.3227539 0.8989258
vt 0.322998 0.8823242
vt 0.3239746 0.8779297
vt 0.3232422 0.8837891
vt 0.3227539 0.8989258
vt 0.3217773 0.8989258
vt 0.859375 0.8798828
vt 0.8515625 0.8798828
vt 0.8515625 0.9199219
vt 0.859375 0.9199219
vt 0.8623047 0.8798828
vt 0.8623047 0.9199219
vt 0.8500977 0.8798828
vt 0.8442383 0.8798828
vt 0.8442383 0.9199219
vt 0.8500977 0.9199219
vt 0.3588867 0.8925781
vt 0.3596191 0.921875
vt 0.3513184 0.921875
vt 0.3513184 0.8925781
vt 0.3503418 0.8886719
vt 0.3503418 0.921875
vt 0.3513184 0.8916016
vt 0.357666 0.8803711
vt 0.3513184 0.8803711
vt 0.3518066 0.8803711
vt 0.3435059 0.8803711
vt 0.3525391 0.8803711
vt 0.3510742 0.8803711
vt 0.3430176 0.8886719
vt 0.3503418 0.8886719
vt 0.3513184 0.8916016
vt 0.3427734 0.921875
vt 0.3503418 0.921875
vt 0.3615723 0.8803711
vt 0.357666 0.8803711
vt 0.3588867 0.8925781
vt 0.362793 0.8925781
vt 0.3596191 0.921875
vt 0.3635254 0.921875
vt 0.3666992 0.921875
vt 0.3657227 0.8925781
vt 0.364502 0.8803711
vt 0.3596191 0.8803711
vt 0.3637695 0.8803711
vt 0.3432617 0.921875
vt 0.3427734 0.921875
vt 0.3503418 0.921875
vt 0.3513184 0.921875
vt 0.3261719 0.921875
vt 0.3251953 0.921875
vt 0.3327637 0.921875
vt 0.333252 0.921875
vt 0.8251953 0.8798828
vt 0.8251953 0.9199219
vt 0.8227539 0.9199219
vt 0.8227539 0.8798828
vt 0.3344727 0.8803711
vt 0.3261719 0.8886719
vt 0.3271484 0.8803711
vt 0.3337402 0.8886719
vt 0.3251953 0.921875
vt 0.3327637 0.921875
vt 0.326416 0.8916016
vt 0.3261719 0.8886719
vt 0.3251953 0.921875
vt 0.3261719 0.921875
vt 0.7871094 0.8725586
vt 0.7871094 0.8725586
vt 0.7871094 0.8725586
vt 0.7871094 0.8725586
vt 0.7871094 0.8720703
vt 0.7871094 0.8720703
vt 0.7871094 0.8720703
vt 0.7871094 0.8720703
vt 0.7827148 0.8256836
vt 0.7807617 0.8149414
vt 0.7807617 0.8256836
vt 0.784668 0.8149414
vt 0.784668 0.8256836
vt 0.7895508 0.8256836
vt 0.7895508 0.8149414
vt 0.7905273 0.8256836
vt 0.784668 0.8623047
vt 0.7915039 0.8149414
vt 0.7827148 0.8623047
vt 0.7905273 0.8623047
vt 0.784668 0.8725586
vt 0.7807617 0.8623047
vt 0.7807617 0.8725586
vt 0.7895508 0.8725586
vt 0.7895508 0.8623047
vt 0.7915039 0.8725586
vt 0.7915039 0.8256836
vt 0.7929688 0.8149414
vt 0.7915039 0.8623047
vt 0.7929688 0.8256836
vt 0.7929688 0.8623047
vt 0.7929688 0.8725586
vt 0.7929688 0.8256836
vt 0.7929688 0.8623047
vt 0.7758789 0.8256836
vt 0.7758789 0.8149414
vt 0.7724609 0.8149414
vt 0.7739258 0.8256836
vt 0.7719727 0.8256836
vt 0.7705078 0.8149414
vt 0.7739258 0.8623047
vt 0.7705078 0.8256836
vt 0.7695313 0.8149414
vt 0.7695313 0.8256836
vt 0.769043 0.8149414
vt 0.769043 0.8256836
vt 0.7719727 0.8623047
vt 0.7724609 0.8725586
vt 0.7705078 0.8623047
vt 0.7758789 0.8725586
vt 0.7758789 0.8623047
vt 0.7705078 0.8725586
vt 0.7695313 0.8623047
vt 0.7695313 0.8725586
vt 0.769043 0.8623047
vt 0.769043 0.8725586
vt 0.7836914 0.8725586
vt 0.7792969 0.8725586
vt 0.7792969 0.8725586
vt 0.7832031 0.8725586
vt 0.7880859 0.8725586
vt 0.7890625 0.8725586
vt 0.7739258 0.8725586
vt 0.7734375 0.8725586
vt 0.7695313 0.8725586
vt 0.7700195 0.8725586
vt 0.7675781 0.8725586
vt 0.7680664 0.8725586
vt 0.7666016 0.8725586
vt 0.7670898 0.8725586
vt 0.7661133 0.8725586
vt 0.7666016 0.8725586
vt 0.7685547 0.8725586
vt 0.7680664 0.8725586
vt 0.7705078 0.8725586
vt 0.7705078 0.8725586
vt 0.7856445 0.8725586
vt 0.7856445 0.8725586
vt 0.7856445 0.8725586
vt 0.7856445 0.8725586
vt 0.7871094 0.8720703
vt 0.7871094 0.8720703
vt 0.7856445 0.8725586
vt 0.7856445 0.8725586
vt 0.7856445 0.8725586
vt 0.7856445 0.8725586
vt 0.7856445 0.8725586
vt 0.7856445 0.8725586
vt 0.7856445 0.8725586
vt 0.7856445 0.8725586
vt 0.7871094 0.8725586
vt 0.7871094 0.8725586
vt 0.7871094 0.8720703
vt 0.7871094 0.8720703
vt 0.7871094 0.8720703
vt 0.7871094 0.8720703
vt 0.7871094 0.8725586
vt 0.7871094 0.8725586
vt 0.7871094 0.8725586
vt 0.7871094 0.8725586
vt 0.7871094 0.8720703
vt 0.7871094 0.8720703
vt 0.7871094 0.8720703
vt 0.7871094 0.8720703
vt 0.7900391 0.8725586
vt 0.7885742 0.8725586
vt 0.7880859 0.8725586
vt 0.7905273 0.8725586
vt 0.7924805 0.8725586
vt 0.7919922 0.8725586
vt 0.7919922 0.8725586
vt 0.7915039 0.8725586
vt 0.7856445 0.8725586
vt 0.7856445 0.8725586
vt 0.7856445 0.8725586
vt 0.7856445 0.8725586
vt 0.7856445 0.8730469
vt 0.7856445 0.8730469
vt 0.7856445 0.8730469
vt 0.7856445 0.8730469
vt 0.769043 0.8623047
vt 0.769043 0.8256836
vt 0.769043 0.8149414
vt 0.769043 0.8725586
vt 0.7695313 0.8256836
vt 0.7695313 0.8623047
vt 0.7709961 0.8256836
vt 0.7709961 0.8725586
vt 0.7709961 0.8623047
vt 0.7709961 0.8149414
vt 0.7714844 0.8623047
vt 0.7729492 0.8725586
vt 0.7729492 0.8623047
vt 0.7714844 0.8256836
vt 0.7729492 0.8256836
vt 0.7729492 0.8149414
vt 0.7856445 0.8720703
vt 0.7856445 0.8720703
vt 0.7856445 0.8720703
vt 0.7856445 0.8720703
vt 0.7856445 0.8720703
vt 0.7856445 0.8720703
vt 0.7856445 0.8720703
vt 0.7856445 0.8720703
vt 0.7871094 0.8725586
vt 0.7871094 0.8725586
vt 0.7871094 0.8725586
vt 0.7871094 0.8725586
vt 0.7871094 0.8725586
vt 0.7871094 0.8725586
vt 0.7871094 0.8725586
vt 0.7871094 0.8725586
vt 0.7871094 0.8720703
vt 0.7871094 0.8720703
vt 0.7856445 0.8720703
vt 0.7856445 0.8720703
vt 0.7856445 0.8720703
vt 0.7856445 0.8720703
vt 0.7871094 0.8720703
vt 0.7871094 0.8720703
vt 0.7856445 0.8730469
vt 0.7856445 0.8730469
vt 0.7871094 0.8725586
vt 0.7871094 0.8725586
vt 0.7871094 0.8725586
vt 0.7871094 0.8725586
vt 0.7856445 0.8725586
vt 0.7856445 0.8725586
vt 0.7856445 0.8725586
vt 0.7856445 0.8730469
vt 0.7856445 0.8730469
vt 0.7856445 0.8725586
vt 0.7871094 0.8725586
vt 0.7871094 0.8725586
vt 0.7871094 0.8725586
vt 0.7871094 0.8725586
vt 0.7856445 0.8720703
vt 0.7856445 0.8720703
vt 0.7871094 0.8720703
vt 0.7871094 0.8720703
vt 0.7871094 0.8725586
vt 0.7871094 0.8725586
vt 0.7856445 0.8730469
vt 0.7856445 0.8730469
vt 0.7856445 0.8720703
vt 0.7856445 0.8720703
vt 0.7856445 0.8720703
vt 0.7856445 0.8720703
vt 0.7871094 0.871582
vt 0.7871094 0.8720703
vt 0.7871094 0.8720703
vt 0.7871094 0.871582
vt 0.3212891 0.8925781
vt 0.3261719 0.8803711
vt 0.322998 0.8803711
vt 0.3244629 0.8925781
vt 0.3203125 0.921875
vt 0.3234863 0.921875
vt 0.329834 0.8803711
vt 0.3356934 0.8803711
vt 0.328125 0.8925781
vt 0.3273926 0.921875
vt 0.3696289 0.8779297
vt 0.3703613 0.8842773
vt 0.3686523 0.8779297
vt 0.3708496 0.8842773
vt 0.371582 0.8989258
vt 0.3723145 0.8989258
vt 0.8256836 0.9199219
vt 0.8256836 0.8798828
vt 0.8291016 0.8798828
vt 0.8291016 0.9199219
vt 0.364502 0.8803711
vt 0.3637695 0.8803711
vt 0.3652344 0.8925781
vt 0.3657227 0.8925781
vt 0.3662109 0.921875
vt 0.3666992 0.921875
vt 0.3637695 0.8803711
vt 0.3596191 0.8803711
vt 0.3605957 0.8925781
vt 0.3652344 0.8925781
vt 0.3608398 0.921875
vt 0.3662109 0.921875
vt 0.3525391 0.8803711
vt 0.3532715 0.8886719
vt 0.3608398 0.8886719
vt 0.3598633 0.8803711
vt 0.8657227 0.8798828
vt 0.8657227 0.9199219
vt 0.8657227 0.9199219
vt 0.8657227 0.8798828
vt 0.3359375 0.8925781
vt 0.3273926 0.921875
vt 0.3359375 0.921875
vt 0.328125 0.8925781
vt 0.3356934 0.8803711
vt 0.329834 0.8803711
vt 0.7910156 0.8725586
vt 0.7919922 0.8725586
vt 0.7915039 0.8725586
vt 0.7910156 0.8725586
vt 0.7900391 0.8725586
vt 0.7895508 0.8725586
vt 0.7875977 0.8725586
vt 0.7875977 0.8725586
vt 0.7827148 0.8725586
vt 0.7827148 0.8725586
vt 0.7788086 0.8725586
vt 0.7783203 0.8725586
vt 0.7734375 0.8725586
vt 0.7695313 0.8725586
vt 0.7729492 0.8725586
vt 0.769043 0.8725586
vt 0.7670898 0.8725586
vt 0.7670898 0.8725586
vt 0.7666016 0.8725586
vt 0.7661133 0.8725586
vt 0.7661133 0.8725586
vt 0.765625 0.8725586
vt 0.7675781 0.8725586
vt 0.7680664 0.8725586
vt 0.7695313 0.8725586
vt 0.7700195 0.8725586
vt 0.7915039 0.8725586
vt 0.7885742 0.8725586
vt 0.7890625 0.8725586
vt 0.7924805 0.8725586
vt 0.7871094 0.871582
vt 0.7871094 0.871582
vt 0.7871094 0.871582
vt 0.7871094 0.871582
vt 0.7856445 0.8725586
vt 0.7856445 0.8725586
vt 0.7856445 0.8725586
vt 0.7856445 0.8725586
vt 0.7856445 0.8720703
vt 0.7856445 0.8720703
vt 0.7856445 0.8720703
vt 0.7856445 0.8720703
vt 0.7929688 0.8256836
vt 0.7929688 0.8256836
vt 0.7929688 0.8149414
vt 0.7929688 0.8149414
vt 0.7929688 0.8623047
vt 0.7929688 0.8623047
vt 0.7929688 0.8725586
vt 0.7929688 0.8725586
vt 0.7871094 0.8725586
vt 0.7871094 0.8725586
vt 0.7871094 0.8725586
vt 0.7871094 0.8725586
vt 0.7871094 0.871582
vt 0.7856445 0.8720703
vt 0.7856445 0.8720703
vt 0.7871094 0.871582
vt 0.7856445 0.8725586
vt 0.7871094 0.8725586
vt 0.7871094 0.8725586
vt 0.7856445 0.8725586
vt 0.7753906 0.8725586
vt 0.7705078 0.8725586
vt 0.7714844 0.8725586
vt 0.7753906 0.8725586
vt 0.7856445 0.8720703
vt 0.7871094 0.871582
vt 0.7871094 0.871582
vt 0.7856445 0.8720703
vt 0.7871094 0.8725586
vt 0.7856445 0.8725586
vt 0.7856445 0.8725586
vt 0.7871094 0.8725586
vt 0.8574219 0.9448242
vt 0.8173828 0.9448242
vt 0.8173828 0.949707
vt 0.8574219 0.949707
vt 0.8173828 0.9448242
vt 0.8305664 0.9448242
vt 0.8305664 0.949707
vt 0.8173828 0.949707
vt 0.8305664 0.9448242
vt 0.8706055 0.9448242
vt 0.8706055 0.949707
vt 0.8305664 0.949707
vt 0.8706055 0.9448242
vt 0.8574219 0.9448242
vt 0.8574219 0.949707
vt 0.8706055 0.949707
vt 0.8681641 0.949707
vt 0.8681641 0.9448242
vt 0.831543 0.9448242
vt 0.831543 0.949707
vt 0.8564453 0.949707
vt 0.8564453 0.9448242
vt 0.8681641 0.9448242
vt 0.8681641 0.949707
vt 0.831543 0.949707
vt 0.831543 0.9448242
vt 0.8198242 0.9448242
vt 0.8198242 0.949707
vt 0.8198242 0.949707
vt 0.8198242 0.9448242
vt 0.8564453 0.9448242
vt 0.8564453 0.949707
vt 0.8525391 0.9614258
vt 0.8491211 0.9750977
vt 0.8500977 0.9750977
vt 0.8540039 0.9614258
vt 0.8535156 0.9584961
vt 0.8549805 0.9584961
vt 0.855957 0.9448242
vt 0.8544922 0.9614258
vt 0.8574219 0.9448242
vt 0.855957 0.9414063
vt 0.8574219 0.9414063
vt 0.8554688 0.9584961
vt 0.8564453 0.9584961
vt 0.8554688 0.9614258
vt 0.8579102 0.9584961
vt 0.8686523 0.9448242
vt 0.8569336 0.9614258
vt 0.8554688 0.9750977
vt 0.8564453 0.9750977
vt 0.8671875 0.9448242
vt 0.8686523 0.9414063
vt 0.8671875 0.9414063
vt 0.8486328 0.9614258
vt 0.8466797 0.9750977
vt 0.8452148 0.9750977
vt 0.8500977 0.9614258
vt 0.8496094 0.9584961
vt 0.8510742 0.9584961
vt 0.8520508 0.9448242
vt 0.8510742 0.9614258
vt 0.8535156 0.9448242
vt 0.8535156 0.9414063
vt 0.8520508 0.9414063
vt 0.8520508 0.9584961
vt 0.8530273 0.9584961
vt 0.8520508 0.9614258
vt 0.8544922 0.9584961
vt 0.8530273 0.9614258
vt 0.8515625 0.9750977
vt 0.8530273 0.9750977
vt 0.8652344 0.9448242
vt 0.8632813 0.9448242
vt 0.8632813 0.9414063
vt 0.8652344 0.9414063
vt 0.8540039 0.9614258
vt 0.8500977 0.9614258
vt 0.8510742 0.9614258
vt 0.8544922 0.9614258
vt 0.8554688 0.9614258
vt 0.8520508 0.9614258
vt 0.8554688 0.9750977
vt 0.8554688 0.9614258
vt 0.8520508 0.9614258
vt 0.8515625 0.9750977
vt 0.8569336 0.9614258
vt 0.8564453 0.9750977
vt 0.8530273 0.9750977
vt 0.8530273 0.9614258
vt 0.8579102 0.9584961
vt 0.8544922 0.9584961
vt 0.8686523 0.9448242
vt 0.8652344 0.9448242
vt 0.8652344 0.9414063
vt 0.8686523 0.9414063
vt 0.8500977 0.9750977
vt 0.8466797 0.9750977
vt 0.8500977 0.9614258
vt 0.8540039 0.9614258
vt 0.8564453 0.9750977
vt 0.8530273 0.9750977
vt 0.8515625 0.9750977
vt 0.8554688 0.9750977
vt 0.8525391 0.9614258
vt 0.8452148 0.9750977
vt 0.8491211 0.9750977
vt 0.8486328 0.9614258
vt 0.8535156 0.9584961
vt 0.8496094 0.9584961
vt 0.855957 0.9448242
vt 0.8520508 0.9448242
vt 0.8520508 0.9414063
vt 0.855957 0.9414063
vt 0.8491211 0.9750977
vt 0.8452148 0.9750977
vt 0.8466797 0.9750977
vt 0.8500977 0.9750977
vt 0.8632813 0.9448242
vt 0.8671875 0.9414063
vt 0.8632813 0.9414063
vt 0.8671875 0.9448242
vt 0.8564453 0.9584961
vt 0.8530273 0.9584961
vt 0.8554688 0.9584961
vt 0.8520508 0.9584961
vt 0.8510742 0.9584961
vt 0.8549805 0.9584961
vt 0.8535156 0.9448242
vt 0.8574219 0.9448242
vt 0.8574219 0.9414063
vt 0.8535156 0.9414063
vt 0.8500977 0.9731445
vt 0.8300781 0.9731445
vt 0.8300781 0.9770508
vt 0.8500977 0.9770508
vt 0.8300781 0.9731445
vt 0.8383789 0.9731445
vt 0.8383789 0.9770508
vt 0.8300781 0.9770508
vt 0.8383789 0.9731445
vt 0.8579102 0.9731445
vt 0.8579102 0.9770508
vt 0.8383789 0.9770508
vt 0.8579102 0.9731445
vt 0.8500977 0.9731445
vt 0.8500977 0.9770508
vt 0.8579102 0.9770508
vt 0.8500977 0.9770508
vt 0.8500977 0.9731445
vt 0.8413086 0.9731445
vt 0.8413086 0.9770508
vt 0.8466797 0.9770508
vt 0.8466797 0.9731445
vt 0.8500977 0.9731445
vt 0.8500977 0.9770508
vt 0.8413086 0.9770508
vt 0.8413086 0.9731445
vt 0.8378906 0.9731445
vt 0.8378906 0.9770508
vt 0.8378906 0.9770508
vt 0.8378906 0.9731445
vt 0.8466797 0.9731445
vt 0.8466797 0.9770508
vt 0.831543 0.9614258
vt 0.8330078 0.9750977
vt 0.831543 0.9750977
vt 0.8330078 0.9614258
vt 0.8305664 0.9584961
vt 0.831543 0.9584961
vt 0.8193359 0.9448242
vt 0.8334961 0.9614258
vt 0.8208008 0.9448242
vt 0.8193359 0.9414063
vt 0.8208008 0.9414063
vt 0.8325195 0.9584961
vt 0.8334961 0.9584961
vt 0.8344727 0.9614258
vt 0.8349609 0.9584961
vt 0.8320313 0.9448242
vt 0.8359375 0.9614258
vt 0.8378906 0.9750977
vt 0.8393555 0.9750977
vt 0.8305664 0.9448242
vt 0.8320313 0.9414063
vt 0.8305664 0.9414063
vt 0.8349609 0.9614258
vt 0.8349609 0.9750977
vt 0.8364258 0.9750977
vt 0.8364258 0.9614258
vt 0.8339844 0.9584961
vt 0.8354492 0.9584961
vt 0.8227539 0.9448242
vt 0.8369141 0.9614258
vt 0.8242188 0.9448242
vt 0.8242188 0.9414063
vt 0.8227539 0.9414063
vt 0.8359375 0.9584961
vt 0.8369141 0.9584961
vt 0.8378906 0.9614258
vt 0.8383789 0.9584961
vt 0.8393555 0.9614258
vt 0.8417969 0.9750977
vt 0.8427734 0.9750977
vt 0.8354492 0.9448242
vt 0.8339844 0.9448242
vt 0.8339844 0.9414063
vt 0.8354492 0.9414063
vt 0.8330078 0.9614258
vt 0.8369141 0.9614258
vt 0.8364258 0.9614258
vt 0.8334961 0.9614258
vt 0.8344727 0.9614258
vt 0.8378906 0.9614258
vt 0.8378906 0.9750977
vt 0.8417969 0.9750977
vt 0.8378906 0.9614258
vt 0.8344727 0.9614258
vt 0.8359375 0.9614258
vt 0.8427734 0.9750977
vt 0.8393555 0.9750977
vt 0.8393555 0.9614258
vt 0.8349609 0.9584961
vt 0.8383789 0.9584961
vt 0.8320313 0.9448242
vt 0.8354492 0.9448242
vt 0.8354492 0.9414063
vt 0.8320313 0.9414063
vt 0.8330078 0.9750977
vt 0.8330078 0.9614258
vt 0.8364258 0.9614258
vt 0.8364258 0.9750977
vt 0.8393555 0.9750977
vt 0.8427734 0.9750977
vt 0.8417969 0.9750977
vt 0.8378906 0.9750977
vt 0.831543 0.9614258
vt 0.831543 0.9750977
vt 0.8349609 0.9750977
vt 0.8349609 0.9614258
vt 0.8305664 0.9584961
vt 0.8339844 0.9584961
vt 0.8193359 0.9448242
vt 0.8227539 0.9448242
vt 0.8227539 0.9414063
vt 0.8193359 0.9414063
vt 0.831543 0.9750977
vt 0.8349609 0.9750977
vt 0.8364258 0.9750977
vt 0.8330078 0.9750977
vt 0.8339844 0.9448242
vt 0.8339844 0.9414063
vt 0.8305664 0.9414063
vt 0.8305664 0.9448242
vt 0.8334961 0.9584961
vt 0.8369141 0.9584961
vt 0.8325195 0.9584961
vt 0.8359375 0.9584961
vt 0.8354492 0.9584961
vt 0.831543 0.9584961
vt 0.8242188 0.9448242
vt 0.8208008 0.9448242
vt 0.8208008 0.9414063
vt 0.8242188 0.9414063
vt 0.8393555 0.9936523
vt 0.8515625 0.9902344
vt 0.8491211 0.9936523
vt 0.8417969 0.9902344
vt 0.8525391 0.9824219
vt 0.8427734 0.9824219
vt 0.8505859 0.9760742
vt 0.8408203 0.9760742
vt 0.847168 0.9760742
vt 0.8374023 0.9760742
vt 0.8374023 0.9760742
vt 0.8457031 0.9824219
vt 0.847168 0.9760742
vt 0.8359375 0.9824219
vt 0.8466797 0.9902344
vt 0.8364258 0.9902344
vt 0.8491211 0.9936523
vt 0.8393555 0.9936523
vt 0.8505859 0.987793
vt 0.8393555 0.9897461
vt 0.8491211 0.9897461
vt 0.8408203 0.987793
vt 0.8510742 0.9833984
vt 0.8413086 0.9833984
vt 0.8500977 0.9794922
vt 0.840332 0.9794922
vt 0.8491211 0.9897461
vt 0.8393555 0.9897461
vt 0.8378906 0.987793
vt 0.8476563 0.987793
vt 0.8374023 0.9833984
vt 0.847168 0.9833984
vt 0.8383789 0.9794922
vt 0.8481445 0.9794922
vt 0.840332 0.9794922
vt 0.8500977 0.9794922
vt 0.847168 0.9833984
vt 0.8457031 0.9824219
vt 0.8466797 0.9902344
vt 0.8481445 0.9794922
vt 0.8476563 0.987793
vt 0.847168 0.9760742
vt 0.8491211 0.9936523
vt 0.8500977 0.9794922
vt 0.8491211 0.9897461
vt 0.8505859 0.9760742
vt 0.8515625 0.9902344
vt 0.8510742 0.9833984
vt 0.8505859 0.987793
vt 0.8525391 0.9824219
vt 0.8378906 0.987793
vt 0.8364258 0.9902344
vt 0.8359375 0.9824219
vt 0.8374023 0.9833984
vt 0.8393555 0.9897461
vt 0.8374023 0.9760742
vt 0.8393555 0.9936523
vt 0.8383789 0.9794922
vt 0.8408203 0.987793
vt 0.8408203 0.9760742
vt 0.8417969 0.9902344
vt 0.840332 0.9794922
vt 0.8413086 0.9833984
vt 0.8427734 0.9824219
vt 0.8413086 0.9770508
vt 0.8383789 0.9770508
vt 0.8579102 0.9770508
vt 0.8378906 0.9770508
vt 0.8500977 0.9770508
vt 0.8300781 0.9770508
vt 0.8500977 0.9770508
vt 0.8466797 0.9770508
vt 0.8500977 0.9731445
vt 0.8579102 0.9731445
vt 0.8383789 0.9731445
vt 0.8413086 0.9731445
vt 0.8466797 0.9731445
vt 0.8300781 0.9731445
vt 0.8500977 0.9731445
vt 0.8378906 0.9731445
vt 0.831543 0.949707
vt 0.8305664 0.949707
vt 0.8706055 0.949707
vt 0.8198242 0.949707
vt 0.8681641 0.949707
vt 0.8173828 0.949707
vt 0.8574219 0.949707
vt 0.8564453 0.949707
vt 0.8681641 0.9448242
vt 0.8706055 0.9448242
vt 0.8305664 0.9448242
vt 0.831543 0.9448242
vt 0.8564453 0.9448242
vt 0.8173828 0.9448242
vt 0.8574219 0.9448242
vt 0.8198242 0.9448242
vt 0.847168 0.9833984
vt 0.8457031 0.9824219
vt 0.8466797 0.9902344
vt 0.8481445 0.9794922
vt 0.8476563 0.987793
vt 0.847168 0.9760742
vt 0.8491211 0.9936523
vt 0.8500977 0.9794922
vt 0.8491211 0.9897461
vt 0.8505859 0.9760742
vt 0.8515625 0.9902344
vt 0.8510742 0.9833984
vt 0.8505859 0.987793
vt 0.8525391 0.9824219
vt 0.8378906 0.987793
vt 0.8364258 0.9902344
vt 0.8359375 0.9824219
vt 0.8374023 0.9833984
vt 0.8393555 0.9897461
vt 0.8374023 0.9760742
vt 0.8393555 0.9936523
vt 0.8383789 0.9794922
vt 0.8408203 0.987793
vt 0.8408203 0.9760742
vt 0.8417969 0.9902344
vt 0.840332 0.9794922
vt 0.8413086 0.9833984
vt 0.8427734 0.9824219
vt 0.8413086 0.9770508
vt 0.8383789 0.9770508
vt 0.8579102 0.9770508
vt 0.8378906 0.9770508
vt 0.8500977 0.9770508
vt 0.8300781 0.9770508
vt 0.8500977 0.9770508
vt 0.8466797 0.9770508
vt 0.8500977 0.9731445
vt 0.8579102 0.9731445
vt 0.8383789 0.9731445
vt 0.8413086 0.9731445
vt 0.8466797 0.9731445
vt 0.8300781 0.9731445
vt 0.8500977 0.9731445
vt 0.8378906 0.9731445
vt 0.831543 0.949707
vt 0.8305664 0.949707
vt 0.8706055 0.949707
vt 0.8198242 0.949707
vt 0.8681641 0.949707
vt 0.8173828 0.949707
vt 0.8574219 0.949707
vt 0.8564453 0.949707
vt 0.8681641 0.9448242
vt 0.8706055 0.9448242
vt 0.8305664 0.9448242
vt 0.831543 0.9448242
vt 0.8564453 0.9448242
vt 0.8173828 0.9448242
vt 0.8574219 0.9448242
vt 0.8198242 0.9448242
vn -0.8076172 0.3847656 0.4467773
vn -0.1213379 0.3120117 0.9423828
vn -0.5361328 0.5644531 0.6279297
vn 0.2866211 0.1744385 0.9418945
vn 0.3615723 0.1799316 0.9145508
vn 0.7553711 0.1451416 0.6386719
vn -0.8076172 0.3847656 0.4467773
vn -0.1213379 0.3120117 0.9423828
vn -0.4353027 0.7299805 0.5273438
vn 0.2866211 0.1744385 0.9418945
vn 0.3615723 0.1799316 0.9145508
vn 0.7817383 0.3203125 0.5351563
vn -0.3630371 -0.9316406 0
vn -0.326416 -0.9453125 0
vn -0.326416 -0.9453125 0
vn -0.3630371 -0.9316406 0
vn -0.7631836 -0.6459961 0
vn -0.5791016 -0.8154297 0
vn -0.5791016 -0.8154297 0
vn -0.7631836 -0.6459961 0
vn -0.9418945 -0.3359375 0
vn -0.9418945 -0.3359375 0
vn -0.9726563 -0.2314453 0
vn -0.9726563 -0.2314453 0
vn -0.2700195 0.02183533 0.9624023
vn -0.2247314 0.1512451 0.9624023
vn -0.1213379 0.3120117 0.9423828
vn -0.2624512 -0.08074951 0.9614258
vn -0.7475586 0.07495117 0.6601563
vn -0.2470703 -0.1734619 0.953125
vn -0.1904297 -0.3110352 0.9311523
vn -0.7412109 -0.2095947 0.6376953
vn -0.909668 0.1019897 0.4023438
vn -0.9018555 -0.2467041 0.3547363
vn -0.6376953 -0.5112305 0.5756836
vn -0.1904297 -0.3110352 0.9311523
vn -0.7382813 -0.5976563 0.3129883
vn -0.5371094 -0.7929688 0.2871094
vn -0.1213379 0.3120117 0.9423828
vn -0.05374146 -0.1535645 0.9868164
vn 0.05374146 0.1535645 0.9868164
vn 0.1060181 0.3029785 0.9472656
vn 0.1060181 0.3029785 0.9472656
vn 0.157959 -0.371582 -0.9150391
vn 0.1151123 -0.314209 -0.9423828
vn 0.5966797 -0.6743164 -0.4348145
vn 0.3830566 -0.7436523 -0.5478516
vn 0.6342773 -0.7319336 -0.2479248
vn 0.456543 -0.8198242 -0.345459
vn 0.8520508 -0.3674316 -0.3723145
vn 0.1151123 -0.314209 -0.9423828
vn 0.3356934 -0.6508789 -0.6811523
vn 0.8984375 -0.3969727 -0.1875
vn -0.05374146 -0.1535645 -0.9868164
vn -0.2077637 -0.59375 -0.7773438
vn -0.2836914 -0.8110352 -0.5117188
vn -0.2836914 -0.8110352 -0.5117188
vn 0 0 1
vn 0 0 1
vn 0 0 1
vn 0 0 1
vn 0 0 1
vn 0 0 1
vn 0 0 1
vn 0 0 1
vn 0.9438477 -0.3303223 0
vn 0.9438477 -0.3303223 0
vn 0.9438477 -0.3303223 0
vn 0.9438477 -0.3303223 0
vn 0.7719727 -0.4873047 -0.4082031
vn 0.9072266 -0.1004639 -0.4082031
vn 0.7958984 -0.0824585 -0.5996094
vn 0.6738281 -0.4321289 -0.5996094
vn 0.456543 -0.8198242 -0.345459
vn 0.3830566 -0.7436523 -0.5478516
vn 0.3703613 -0.03025818 -0.9282227
vn 0.3083496 -0.2072754 -0.9282227
vn 0.157959 -0.371582 -0.9150391
vn 0.1151123 -0.314209 -0.9423828
vn 0 0 -1
vn 0.2120361 0.03387451 -0.9765625
vn -0.05374146 -0.1535645 -0.9868164
vn 0 0 -1
vn -0.7475586 0.07495117 -0.6601563
vn -0.7749023 0.4875488 -0.4023438
vn -0.909668 0.1019897 -0.4023438
vn -0.6308594 0.4074707 -0.6601563
vn -0.2700195 0.02183533 -0.9624023
vn -0.2247314 0.1512451 -0.9624023
vn -0.5014648 0.5219727 -0.6899414
vn -0.6420898 0.6650391 -0.3813477
vn -0.1137695 0.1195679 -0.9863281
vn 0 0 -1
vn -0.2553711 -0.1848145 -0.9492188
vn 0 0 -1
vn -0.05374146 -0.1535645 -0.9868164
vn -0.2139893 -0.6113281 -0.7617188
vn -0.2077637 -0.59375 -0.7773438
vn -0.2836914 -0.8110352 -0.5117188
vn -0.2836914 -0.8110352 -0.5117188
vn -0.2553711 -0.1848145 -0.9492188
vn -0.2247314 0.1512451 -0.9624023
vn -0.2700195 0.02183533 -0.9624023
vn -0.2624512 -0.08074951 -0.9614258
vn -0.7475586 0.07495117 -0.6601563
vn -0.2692871 -0.2252197 -0.9365234
vn -0.7412109 -0.2095947 -0.6376953
vn -0.909668 0.1019897 -0.4023438
vn -0.9018555 -0.2467041 -0.3547363
vn -0.6513672 -0.515625 -0.5566406
vn -0.2553711 -0.1848145 -0.9492188
vn -0.7543945 -0.5922852 -0.2822266
vn -0.8442383 -0.244873 -0.4768066
vn -0.5761719 -0.7856445 -0.2247314
vn -0.9399414 0.2507324 -0.2318115
vn -0.2553711 -0.1848145 -0.9492188
vn -0.8442383 -0.244873 -0.4768066
vn -0.9516602 0.2634277 -0.1584473
vn -0.9516602 0.2634277 -0.1584473
vn 0.4162598 -0.9091797 0
vn 0.1760254 -0.984375 0
vn 0.1760254 -0.984375 0
vn 0.4162598 -0.9091797 0
vn 0.6303711 -0.7763672 0
vn 0.6303711 -0.7763672 0
vn -0.2893066 -0.9570313 0
vn -0.326416 -0.9453125 0
vn -0.326416 -0.9453125 0
vn -0.2893066 -0.9570313 0
vn 0.3845215 -0.7426758 0.5483398
vn 0.4580078 -0.8208008 0.3415527
vn 0.6318359 -0.7353516 0.2445068
vn 0.5698242 -0.6713867 0.4733887
vn 0.3366699 -0.6499023 0.6816406
vn 0.8999023 -0.3930664 0.1878662
vn 0.5698242 -0.6713867 0.4733887
vn 0.1575928 -0.3640137 0.9179688
vn 0.1073608 -0.3110352 0.9443359
vn 0.2866211 0.1744385 0.9418945
vn -0.05374146 -0.1535645 0.9868164
vn 0.05374146 0.1535645 0.9868164
vn 0.1073608 -0.3110352 0.9443359
vn -0.2077637 -0.59375 0.7773438
vn 0.3366699 -0.6499023 0.6816406
vn 0.5698242 -0.6713867 0.4733887
vn -0.2836914 -0.8110352 0.5117188
vn -0.2836914 -0.8110352 0.5117188
vn 0.3083496 -0.2072754 0.9282227
vn 0.1575928 -0.3640137 0.9179688
vn 0.3845215 -0.7426758 0.5483398
vn 0.6738281 -0.4321289 0.5996094
vn 0.4580078 -0.8208008 0.3415527
vn 0.7719727 -0.4873047 0.4082031
vn 0.9072266 -0.1004639 0.4082031
vn 0.7958984 -0.0824585 0.5996094
vn 0.3703613 -0.03025818 0.9282227
vn 0.2866211 0.1744385 0.9418945
vn 0.3552246 0.1920166 0.9150391
vn 0 0 -1
vn 0 0 -1
vn 0 0 -1
vn 0 0 -1
vn 0 0 -1
vn 0 0 -1
vn 0 0 -1
vn 0 0 -1
vn -0.9438477 0.3303223 0
vn -0.9438477 0.3303223 0
vn -0.9438477 0.3303223 0
vn -0.9438477 0.3303223 0
vn -0.05374146 -0.1535645 0.9868164
vn -0.2139893 -0.6113281 0.7617188
vn -0.1904297 -0.3110352 0.9311523
vn -0.2077637 -0.59375 0.7773438
vn -0.2836914 -0.8110352 0.5117188
vn -0.2836914 -0.8110352 0.5117188
vn -0.9282227 0.3249512 0.1801758
vn -0.9282227 0.3249512 0.1801758
vn -0.9282227 0.3249512 0.1801758
vn -0.9282227 0.3249512 0.1801758
vn 0 0 -1
vn 0 0 -1
vn 0 0 -1
vn 0 0 -1
vn 0 0 -1
vn 0 0 -1
vn 0 0 -1
vn 0 0 -1
vn -0.25 -0.9682617 -0.01516724
vn -0.3291016 -0.9433594 -0.03829956
vn -0.3291016 -0.9433594 -0.03829956
vn -0.03692627 -0.9995117 -0.006565094
vn -0.09332275 -0.9956055 -2.288818E-05
vn 0.4482422 -0.8935547 -0.02363586
vn 0.4482422 -0.8935547 -0.02363586
vn 0.7695313 -0.6386719 -0.02008057
vn -0.09332275 -0.9956055 2.336502E-05
vn 0.8515625 -0.5244141 -0.01663208
vn -0.25 -0.9682617 0.01554108
vn 0.769043 -0.6386719 0.02056885
vn -0.0368042 -0.9995117 0.006603241
vn -0.3291016 -0.9433594 0.0390625
vn -0.3291016 -0.9433594 0.0390625
vn 0.4482422 -0.8935547 0.02410889
vn 0.4482422 -0.8935547 0.02410889
vn 0.8515625 -0.5239258 0.0168457
vn 0.8769531 -0.4807129 -0.0007958412
vn 0.9916992 -0.1263428 -0.0249176
vn 0.8769531 -0.4807129 0.000813961
vn 0.9838867 -0.1781006 -0.0007953644
vn 0.9838867 -0.1782227 0.0008130074
vn 0.9916992 -0.1269531 0.025177
vn 0.9990234 0.02902222 -0.03689575
vn 0.9990234 0.02952576 0.03781128
vn -0.3291016 -0.9433594 -0.03829956
vn -0.3291016 -0.9433594 -0.03829956
vn -0.5180664 -0.8554688 -0.01338196
vn -0.4260254 -0.9042969 -0.02445984
vn -0.5234375 -0.8520508 -0.002159119
vn -0.784668 -0.6201172 -0.003030777
vn -0.4260254 -0.9042969 0.02507019
vn -0.784668 -0.6201172 -0.003030777
vn -0.956543 -0.2910156 -0.02758789
vn -0.956543 -0.2910156 -0.02758789
vn -0.9931641 0.1160889 -0.01832581
vn -0.9990234 -0.03201294 -0.02467346
vn -0.5234375 -0.8520508 0.00220871
vn -0.5180664 -0.8554688 0.0134964
vn -0.784668 -0.6201172 0.003093719
vn -0.3291016 -0.9433594 0.0390625
vn -0.3291016 -0.9433594 0.0390625
vn -0.784668 -0.6201172 0.003093719
vn -0.956543 -0.2910156 0.02815247
vn -0.956543 -0.2910156 0.02815247
vn -0.9990234 -0.0324707 0.02528381
vn -0.9931641 0.1165161 0.01852417
vn 0 0 1
vn 0 0 1
vn 0 0 1
vn 0 0 1
vn 0 0 1
vn 0 0 1
vn 0 0 1
vn 0 0 1
vn 0 0 1
vn 0 0 1
vn 0 0 1
vn 0 0 1
vn 0 0 1
vn 0 0 1
vn 0 0 1
vn 0 0 1
vn 0 0 1
vn 0 0 1
vn 0 0 1
vn 0 0 1
vn 0 0 1
vn 0 0 1
vn 0 0 1
vn 0 0 1
vn -0.9575195 0.2883301 0
vn -0.9575195 0.2883301 0
vn -0.9575195 0.2883301 0
vn -0.9575195 0.2883301 0
vn 0 0 1
vn 0 0 1
vn 0 0 1
vn 0 0 1
vn 0.9296875 -0.3681641 0
vn 0.9296875 -0.3681641 0
vn 0.9296875 -0.3681641 0
vn 0.9296875 -0.3681641 0
vn 0 0 -1
vn 0 0 -1
vn 0 0 -1
vn 0 0 -1
vn 0 0 -1
vn 0 0 -1
vn 0 0 -1
vn 0 0 -1
vn 0 0 -1
vn 0 0 -1
vn 0 0 -1
vn 0 0 -1
vn 0 0 1
vn 0 0 1
vn 0 0 1
vn 0 0 1
vn 0 0 1
vn 0 0 1
vn 0 0 1
vn 0 0 1
vn 0 0 1
vn 0 0 1
vn 0 0 1
vn 0 0 1
vn 0 0 1
vn 0 0 1
vn 0 0 1
vn 0 0 1
vn -0.9990234 -0.0324707 0.02528381
vn -0.9990234 -0.03201294 -0.02467346
vn -0.9931641 0.1160889 -0.01832581
vn -0.9931641 0.1165161 0.01852417
vn -0.9853516 0.1691895 0
vn -0.9853516 0.1693115 0
vn -0.8764648 0.4812012 0
vn -0.8481445 0.5292969 0.01661682
vn -0.8769531 0.480957 0
vn -0.8481445 0.5292969 -0.01641846
vn -0.7646484 0.644043 0.02130127
vn -0.6723633 0.7387695 0.04797363
vn -0.6723633 0.7387695 0.04797363
vn -0.7651367 0.644043 -0.02078247
vn -0.6723633 0.7387695 -0.04699707
vn -0.6723633 0.7387695 -0.04699707
vn 0 0 1
vn 0 0 1
vn 0 0 1
vn 0 0 1
vn 0 0 1
vn 0 0 1
vn 0 0 1
vn 0 0 1
vn 0 0 -1
vn 0 0 -1
vn 0 0 -1
vn 0 0 -1
vn 0 0 -1
vn 0 0 -1
vn 0 0 -1
vn 0 0 -1
vn -0.8476563 -0.5307617 0
vn -0.8476563 -0.5307617 0
vn -0.8476563 -0.5307617 0
vn -0.8476563 -0.5307617 0
vn 0.9990234 -0.04104614 0
vn 0.9990234 -0.04104614 0
vn 0.9990234 -0.04104614 0
vn 0.9990234 -0.04104614 0
vn 0.3366699 -0.9414063 0
vn 0.3366699 -0.9414063 0
vn 0.3366699 -0.9414063 0
vn 0.3366699 -0.9414063 0
vn -0.7753906 0.6313477 0
vn -0.7753906 0.6313477 0
vn -0.7753906 0.6313477 0
vn -0.7753906 0.6313477 0
vn 0 0 1
vn 0 0 1
vn 0 0 1
vn 0 0 1
vn 0 0 -1
vn 0 0 -1
vn 0 0 -1
vn 0 0 -1
vn 0.3303223 0.9438477 0
vn 0.3303223 0.9438477 0
vn 0.3303223 0.9438477 0
vn 0.3303223 0.9438477 0
vn 0.3303223 0.9438477 0
vn 0.3303223 0.9438477 0
vn 0.3303223 0.9438477 0
vn 0.3303223 0.9438477 0
vn 0 0 1
vn 0 0 1
vn 0 0 1
vn 0 0 1
vn 0 0 -1
vn 0 0 -1
vn 0 0 -1
vn 0 0 -1
vn -0.7475586 0.07495117 0.6601563
vn -0.2247314 0.1512451 0.9624023
vn -0.2700195 0.02183533 0.9624023
vn -0.6308594 0.4074707 0.6601563
vn -0.909668 0.1019897 0.4023438
vn -0.7749023 0.4875488 0.4023438
vn -0.1380615 0.3305664 0.9335938
vn -0.1213379 0.3120117 0.9423828
vn -0.4318848 0.5615234 0.7060547
vn -0.6420898 0.6650391 0.3813477
vn 0.3703613 -0.03025818 -0.9282227
vn 0.7729492 0.1087646 -0.625
vn 0.2120361 0.03387451 -0.9765625
vn 0.7958984 -0.0824585 -0.5996094
vn 0.9140625 0.1156006 -0.3886719
vn 0.9072266 -0.1004639 -0.4082031
vn -0.6303711 0.7763672 0
vn -0.6303711 0.7763672 0
vn -0.6303711 0.7763672 0
vn -0.6303711 0.7763672 0
vn 0.3703613 -0.03025818 0.9282227
vn 0.3552246 0.1920166 0.9150391
vn 0.7358398 0.1928711 0.6494141
vn 0.7958984 -0.0824585 0.5996094
vn 0.9140625 0.1156006 0.3886719
vn 0.9072266 -0.1004639 0.4082031
vn 0.3552246 0.1920166 0.9150391
vn 0.2866211 0.1744385 0.9418945
vn 0.7553711 0.1451416 0.6386719
vn 0.7358398 0.1928711 0.6494141
vn 0.05374146 0.1535645 0.9868164
vn 0.1060181 0.3029785 0.9472656
vn 0.3615723 0.1799316 0.9145508
vn 0.2866211 0.1744385 0.9418945
vn 0.9541016 0.2990723 0
vn 0.9541016 0.2990723 0
vn 0.9541016 0.2990723 0
vn 0.9541016 0.2990723 0
vn -0.1213379 0.3120117 0.9423828
vn -0.1380615 0.3305664 0.9335938
vn -0.4318848 0.5615234 0.7060547
vn -0.5361328 0.5644531 0.6279297
vn 0 0 -1
vn 0 0 -1
vn 0 0 -1
vn 0 0 -1
vn 0 0 -1
vn 0 0 -1
vn 0 0 -1
vn 0 0 -1
vn 0 0 -1
vn 0 0 -1
vn 0 0 -1
vn 0 0 -1
vn 0 0 -1
vn 0 0 -1
vn 0 0 -1
vn 0 0 -1
vn 0 0 -1
vn 0 0 -1
vn 0 0 -1
vn 0 0 -1
vn 0 0 -1
vn 0 0 -1
vn 0 0 -1
vn 0 0 -1
vn 0 0 -1
vn 0 0 -1
vn 0 0 -1
vn 0 0 -1
vn 0 0 -1
vn 0 0 -1
vn 0 0 1
vn 0 0 1
vn 0 0 1
vn 0 0 1
vn 0 0 1
vn 0 0 1
vn 0 0 1
vn 0 0 1
vn 0.9990234 0.02902222 -0.03689575
vn 0.9833984 0.1640625 -0.07849121
vn 0.9833984 0.1640625 -0.07849121
vn 0.9916992 -0.1263428 -0.0249176
vn 0.9833984 0.1640625 0.08007813
vn 0.9990234 0.02952576 0.03781128
vn 0.9916992 -0.1269531 0.025177
vn 0.9833984 0.1640625 0.08007813
vn 0 0 -1
vn 0 0 -1
vn 0 0 -1
vn 0 0 -1
vn -0.2150879 0.9765625 0
vn -0.2150879 0.9765625 0
vn -0.2150879 0.9765625 0
vn -0.2150879 0.9765625 0
vn 0.8530273 0.5219727 0
vn 0.8530273 0.5219727 0
vn 0.8530273 0.5219727 0
vn 0.8530273 0.5219727 0
vn -0.3303223 -0.9438477 0
vn -0.3303223 -0.9438477 0
vn -0.3303223 -0.9438477 0
vn -0.3303223 -0.9438477 0
vn -0.3303223 -0.9438477 0
vn -0.3303223 -0.9438477 0
vn -0.3303223 -0.9438477 0
vn -0.3303223 -0.9438477 0
vn -0.3303223 -0.9438477 0
vn -0.3303223 -0.9438477 0
vn -0.3303223 -0.9438477 0
vn -0.3303223 -0.9438477 0
vn -0.9438477 0.3303223 0
vn -0.9438477 0.3303223 0
vn -0.9438477 0.3303223 0
vn -0.9438477 0.3303223 0
vn 0.3303223 0.9438477 0
vn 0.3303223 0.9438477 0
vn 0.3303223 0.9438477 0
vn 0.3303223 0.9438477 0
vn 0.9438477 -0.3303223 0
vn 0.9438477 -0.3303223 0
vn 0.9438477 -0.3303223 0
vn 0.9438477 -0.3303223 0
vn -0.3303223 -0.9438477 0
vn -0.3303223 -0.9438477 0
vn -0.3303223 -0.9438477 0
vn -0.3303223 -0.9438477 0
vn -0.9438477 0.3303223 0
vn -0.9438477 0.3303223 0
vn -0.9438477 0.3303223 0
vn -0.9438477 0.3303223 0
vn 0.9438477 -0.3303223 0
vn 0.9438477 -0.3303223 0
vn 0.9438477 -0.3303223 0
vn 0.9438477 -0.3303223 0
vn 0.3303223 0.9438477 0
vn 0.3303223 0.9438477 0
vn 0.3303223 0.9438477 0
vn 0.3303223 0.9438477 0
vn 0.9179688 -0.3212891 0.2332764
vn 0.9335938 -0.3266602 0.1486816
vn 0.9335938 -0.3266602 0.1486816
vn 0.9057617 -0.3168945 0.2817383
vn 0.8598633 -0.3010254 0.4125977
vn 0.8793945 -0.3076172 0.3637695
vn 0.9291992 -0.3251953 0.1757813
vn 0.8901367 -0.3115234 0.3322754
vn 0.9057617 -0.3168945 0.28125
vn 0.9438477 -0.3303223 0
vn 0.9438477 -0.3303223 0
vn 0.8901367 -0.3115234 0.3322754
vn 0.8789063 -0.3076172 0.3649902
vn 0.9057617 -0.3168945 0.2817383
vn 0.8598633 -0.3010254 0.4118652
vn 0.9282227 -0.3249512 0.1817627
vn 0.9179688 -0.3212891 0.2332764
vn 0.9335938 -0.3266602 0.1486816
vn 0.9335938 -0.3266602 0.1486816
vn 0.90625 -0.3173828 0.2785645
vn 0.9438477 -0.3303223 0
vn 0.9438477 -0.3303223 0
vn -0.9179688 0.3212891 -0.2332764
vn -0.9335938 0.3266602 -0.1486816
vn -0.9335938 0.3266602 -0.1486816
vn -0.9057617 0.3168945 -0.2817383
vn -0.8598633 0.3010254 -0.4125977
vn -0.8793945 0.3076172 -0.3637695
vn -0.9291992 0.3251953 -0.1757813
vn -0.8901367 0.3115234 -0.3322754
vn -0.9057617 0.3168945 -0.28125
vn -0.9438477 0.3303223 0
vn -0.9438477 0.3303223 0
vn -0.8901367 0.3115234 -0.3322754
vn -0.8789063 0.3076172 -0.3649902
vn -0.9057617 0.3168945 -0.2817383
vn -0.8598633 0.3010254 -0.4118652
vn -0.9179688 0.3212891 -0.2332764
vn -0.9335938 0.3266602 -0.1486816
vn -0.9335938 0.3266602 -0.1486816
vn -0.9282227 0.3249512 -0.1817627
vn -0.90625 0.3171387 -0.2785645
vn -0.9438477 0.3303223 0
vn -0.9438477 0.3303223 0
vn 0 0 1
vn 0 0 1
vn 0 0 1
vn 0 0 1
vn 0 0 1
vn 0 0 1
vn -0.3110352 -0.8886719 0.3369141
vn -0.3110352 -0.8886719 0.3369141
vn -0.3110352 -0.8886719 0.3369141
vn -0.3110352 -0.8886719 0.3369141
vn 0.3273926 0.9355469 -0.1333008
vn 0.314209 0.8979492 -0.3078613
vn 0.314209 0.8979492 -0.3078613
vn 0.3249512 0.9282227 -0.1812744
vn 0.302002 0.8632813 0.404541
vn 0.3198242 0.9135742 0.2512207
vn 0.3168945 0.9052734 0.282959
vn 0.307373 0.8779297 0.3666992
vn 0.3303223 0.9438477 0
vn 0.3303223 0.9438477 0
vn 0.3110352 0.8886719 0.3369141
vn 0.3110352 0.8886719 0.3369141
vn 0.3110352 0.8886719 0.3369141
vn 0.3110352 0.8886719 0.3369141
vn 0 0 -1
vn 0 0 -1
vn 0 0 -1
vn 0 0 -1
vn -0.3273926 -0.9355469 -0.1333008
vn -0.314209 -0.8979492 -0.3078613
vn -0.314209 -0.8979492 -0.3078613
vn -0.3249512 -0.9282227 -0.1812744
vn -0.2978516 -0.8510742 0.432373
vn -0.3178711 -0.9082031 0.2714844
vn -0.3144531 -0.8989258 0.3056641
vn -0.3039551 -0.8681641 0.3918457
vn -0.3303223 -0.9438477 0
vn -0.3303223 -0.9438477 0
vn 0 0 1
vn 0 0 1
vn 0 0 1
vn 0 0 1
vn -0.3088379 -0.8823242 -0.3554688
vn -0.3303223 -0.9438477 0
vn -0.3303223 -0.9438477 0
vn -0.3178711 -0.9077148 -0.2731934
vn -0.1628418 -0.4650879 -0.8701172
vn -0.125 -0.3571777 -0.9257813
vn 0 0 -1
vn 0 0 -1
vn 0.1192627 0.3408203 -0.9326172
vn 0.1535645 0.4389648 -0.8852539
vn 0.3054199 0.8725586 -0.3818359
vn 0.3154297 0.9013672 -0.2966309
vn 0.3303223 0.9438477 0
vn 0.3303223 0.9438477 0
vn -0.3303223 -0.9438477 0
vn -0.3303223 -0.9438477 0
vn -0.3303223 -0.9438477 0
vn -0.3303223 -0.9438477 0
vn -0.9438477 0.3303223 0
vn -0.9438477 0.3303223 0
vn -0.9438477 0.3303223 0
vn -0.9438477 0.3303223 0
vn 0.3303223 0.9438477 0
vn 0.3303223 0.9438477 0
vn 0.3303223 0.9438477 0
vn 0.3303223 0.9438477 0
vn 0.9438477 -0.3303223 0
vn 0.9438477 -0.3303223 0
vn 0.9438477 -0.3303223 0
vn 0.9438477 -0.3303223 0
vn -0.3303223 -0.9438477 0
vn -0.3303223 -0.9438477 0
vn -0.3303223 -0.9438477 0
vn -0.3303223 -0.9438477 0
vn -0.9438477 0.3303223 0
vn -0.9438477 0.3303223 0
vn -0.9438477 0.3303223 0
vn -0.9438477 0.3303223 0
vn 0.9438477 -0.3303223 0
vn 0.9438477 -0.3303223 0
vn 0.9438477 -0.3303223 0
vn 0.9438477 -0.3303223 0
vn 0.3303223 0.9438477 0
vn 0.3303223 0.9438477 0
vn 0.3303223 0.9438477 0
vn 0.3303223 0.9438477 0
vn -0.9179688 0.3212891 0.2332764
vn -0.9335938 0.3266602 0.1486816
vn -0.9335938 0.3266602 0.1486816
vn -0.9057617 0.3168945 0.2817383
vn -0.8598633 0.3010254 0.4125977
vn -0.8793945 0.3076172 0.3637695
vn -0.9291992 0.3251953 0.1757813
vn -0.8901367 0.3115234 0.3322754
vn -0.9057617 0.3168945 0.28125
vn -0.9438477 0.3303223 0
vn -0.9438477 0.3303223 0
vn -0.8901367 0.3115234 0.3322754
vn -0.8789063 0.3076172 0.3649902
vn -0.9057617 0.3168945 0.2817383
vn -0.8598633 0.3010254 0.4118652
vn -0.9282227 0.3249512 0.1817627
vn -0.9179688 0.3212891 0.2332764
vn -0.9335938 0.3266602 0.1486816
vn -0.9335938 0.3266602 0.1486816
vn -0.90625 0.3173828 0.2785645
vn -0.9438477 0.3303223 0
vn -0.9438477 0.3303223 0
vn 0.9179688 -0.3212891 -0.2332764
vn 0.9335938 -0.3266602 -0.1486816
vn 0.9335938 -0.3266602 -0.1486816
vn 0.9057617 -0.3168945 -0.2817383
vn 0.8598633 -0.3010254 -0.4125977
vn 0.8793945 -0.3076172 -0.3637695
vn 0.9291992 -0.3251953 -0.1757813
vn 0.8901367 -0.3115234 -0.3322754
vn 0.9057617 -0.3168945 -0.28125
vn 0.9438477 -0.3303223 0
vn 0.9438477 -0.3303223 0
vn 0.8901367 -0.3115234 -0.3322754
vn 0.8789063 -0.3076172 -0.3649902
vn 0.9057617 -0.3168945 -0.2817383
vn 0.8598633 -0.3010254 -0.4118652
vn 0.9179688 -0.3212891 -0.2332764
vn 0.9335938 -0.3266602 -0.1486816
vn 0.9335938 -0.3266602 -0.1486816
vn 0.9282227 -0.3249512 -0.1817627
vn 0.90625 -0.3173828 -0.2785645
vn 0.9438477 -0.3303223 0
vn 0.9438477 -0.3303223 0
vn 0 0 1
vn 0 0 1
vn 0 0 1
vn 0 0 1
vn 0 0 1
vn 0 0 1
vn -0.3110352 -0.8886719 0.3369141
vn -0.3110352 -0.8886719 0.3369141
vn -0.3110352 -0.8886719 0.3369141
vn -0.3110352 -0.8886719 0.3369141
vn 0.3273926 0.9355469 -0.1333008
vn 0.314209 0.8979492 -0.3078613
vn 0.314209 0.8979492 -0.3078613
vn 0.3249512 0.9282227 -0.1811523
vn 0.302002 0.8632813 0.404541
vn 0.3198242 0.9135742 0.2512207
vn 0.3168945 0.9052734 0.282959
vn 0.307373 0.8779297 0.3666992
vn 0.3303223 0.9438477 0
vn 0.3303223 0.9438477 0
vn 0.3110352 0.8886719 0.3369141
vn 0.3110352 0.8886719 0.3369141
vn 0.3110352 0.8886719 0.3369141
vn 0.3110352 0.8886719 0.3369141
vn 0 0 1
vn 0 0 1
vn 0 0 1
vn 0 0 1
vn -0.3273926 -0.9355469 -0.1333008
vn -0.314209 -0.8979492 -0.3078613
vn -0.314209 -0.8979492 -0.3078613
vn -0.3249512 -0.9282227 -0.1811523
vn -0.2978516 -0.8510742 0.432373
vn -0.3178711 -0.9082031 0.2714844
vn -0.3144531 -0.8989258 0.3054199
vn -0.3039551 -0.8681641 0.3918457
vn -0.3303223 -0.9438477 0
vn -0.3303223 -0.9438477 0
vn 0 0 -1
vn 0 0 -1
vn 0 0 -1
vn 0 0 -1
vn -0.3088379 -0.8823242 -0.3554688
vn -0.3303223 -0.9438477 0
vn -0.3303223 -0.9438477 0
vn -0.3178711 -0.9077148 -0.2731934
vn -0.1628418 -0.4650879 -0.8701172
vn -0.125 -0.3571777 -0.9257813
vn 0 0 -1
vn 0 0 -1
vn 0.1192627 0.3408203 -0.9326172
vn 0.1535645 0.4389648 -0.8852539
vn 0.3054199 0.8725586 -0.3818359
vn 0.3154297 0.9013672 -0.2966309
vn 0.3303223 0.9438477 0
vn 0.3303223 0.9438477 0
vn 0 0 1
vn 0.2583008 0.737793 0.6235352
vn 0 0 1
vn 0.2583008 0.737793 0.6235352
vn 0.3244629 0.9272461 -0.1865234
vn 0.3244629 0.9272461 -0.1865234
vn 0.1541748 0.4404297 -0.8842773
vn 0.1541748 0.4404297 -0.8842773
vn -0.1541748 -0.4404297 -0.8842773
vn -0.1541748 -0.4404297 -0.8842773
vn -0.1541748 -0.4404297 -0.8842773
vn -0.3244629 -0.9272461 -0.1865234
vn -0.1541748 -0.4404297 -0.8842773
vn -0.3244629 -0.9272461 -0.1865234
vn -0.2583008 -0.737793 0.6235352
vn -0.2583008 -0.737793 0.6235352
vn 0 0 1
vn 0 0 1
vn -0.2583008 -0.737793 -0.6235352
vn 0 0 -1
vn 0 0 -1
vn -0.2583008 -0.737793 -0.6235352
vn -0.3244629 -0.9272461 0.1865234
vn -0.3244629 -0.9272461 0.1865234
vn -0.1541748 -0.4404297 0.8842773
vn -0.1541748 -0.4404297 0.8842773
vn 0 0 -1
vn 0 0 -1
vn 0.2583008 0.737793 -0.6235352
vn 0.2583008 0.737793 -0.6235352
vn 0.3244629 0.9272461 0.1865234
vn 0.3244629 0.9272461 0.1865234
vn 0.1541748 0.4404297 0.8842773
vn 0.1541748 0.4404297 0.8842773
vn -0.1541748 -0.4404297 0.8842773
vn -0.1541748 -0.4404297 0.8842773
vn -0.07116699 -0.03912354 -0.996582
vn 0.001391411 -0.002861023 -1
vn -0.3212891 0.5600586 -0.7636719
vn -0.3034668 0.5473633 -0.7802734
vn -0.2856445 -0.08746338 -0.9545898
vn -0.4975586 0.8671875 0
vn -0.3068848 0.5478516 -0.7783203
vn -0.4956055 -0.03585815 -0.8676758
vn -0.3989258 0.9165039 -0.02319336
vn -0.3212891 0.5600586 0.7636719
vn -0.1827393 0.6049805 0.7753906
vn 0.001391411 -0.002861023 1
vn 0.09924316 -0.0003926754 0.9951172
vn -0.1029663 0.9936523 -0.04019165
vn 0.1826172 0.6533203 0.7348633
vn 0.2961426 0.02523804 0.9545898
vn -0.2932129 0.6362305 -0.7133789
vn 0.5004883 0.6079102 0.6162109
vn 0.4953613 -0.008094788 0.8686523
vn 0.4125977 -0.161377 0.8964844
vn 0.1875 0.9814453 -0.03643799
vn -0.03369141 0.7446289 -0.6669922
vn -0.4733887 0.08703613 -0.8764648
vn -0.2196045 0.1328125 -0.9663086
vn 0.6240234 0.4775391 0.6186523
vn 0.4667969 0.8842773 0.01660156
vn 0.3466797 0.6689453 -0.6572266
vn -0.06039429 0.03982544 -0.9975586
vn 0.6069336 0.4248047 0.6713867
vn 0.1717529 -0.1646729 0.9711914
vn 0.6625977 0.7490234 0.02204895
vn 0.5395508 0.5175781 -0.6640625
vn -0.002962112 -0.002223969 -1
vn 0.5942383 0.4499512 -0.6669922
vn 0.7973633 0.6035156 0
vn 0.7646484 0.6445313 0.01396179
vn 0.5942383 0.4499512 0.6669922
vn 0.5908203 0.4375 0.6777344
vn 0.03594971 -0.05648804 0.9975586
vn -0.00296402 -0.002222061 1
vn 0.03594971 -0.05648804 0.9975586
vn -0.5961914 -0.451416 0.6635742
vn -0.00296402 -0.002222061 1
vn -0.5375977 -0.5126953 0.6694336
vn -0.7973633 -0.6035156 0
vn -0.359375 -0.6567383 0.6630859
vn 0.1717529 -0.1646729 0.9711914
vn -0.762207 -0.6469727 0.01428986
vn -0.5961914 -0.451416 -0.6635742
vn -0.6469727 -0.762207 0.02259827
vn -0.01647949 -0.7402344 0.6723633
vn 0.4125977 -0.161377 0.8964844
vn 0.4953613 -0.008094788 0.8686523
vn -0.6088867 -0.4584961 -0.6474609
vn -0.002962112 -0.002223969 -1
vn -0.06039429 0.03982544 -0.9975586
vn -0.2196045 0.1328125 -0.9663086
vn -0.6157227 -0.4802246 -0.6245117
vn -0.4733887 0.08703613 -0.8764648
vn -0.4140625 -0.9091797 0.04806519
vn -0.597168 -0.5483398 -0.5854492
vn 0.2147217 -0.684082 0.6972656
vn -0.4675293 -0.6196289 -0.6303711
vn -0.4956055 -0.03585815 -0.8676758
vn -0.2856445 -0.08746338 -0.9545898
vn -0.2143555 -0.9765625 0.01643372
vn -0.144165 -0.6762695 -0.7226563
vn -0.07116699 -0.03912354 -0.996582
vn 0.2570801 -0.6411133 0.7231445
vn 0.2961426 0.02523804 0.9545898
vn 0.07312012 -0.9970703 -0.01904297
vn 0.1868896 -0.6166992 -0.7646484
vn 0.001391411 -0.002861023 -1
vn 0.3220215 -0.5649414 -0.7597656
vn 0.3754883 -0.9262695 -0.02723694
vn 0.494873 -0.8691406 0
vn 0.3222656 -0.5966797 0.7348633
vn 0.09924316 -0.0003926754 0.9951172
vn 0.3220215 -0.5649414 0.7597656
vn 0.001391411 -0.002861023 1
vn 0.03723145 -0.046875 0.9980469
vn -0.5869141 -0.4711914 0.6586914
vn -0.003389359 -0.002983093 1
vn -0.5166016 -0.5336914 0.6694336
vn -0.7797852 -0.6259766 0
vn -0.3300781 -0.6630859 0.671875
vn 0.1934814 -0.1519775 0.9692383
vn -0.7363281 -0.6767578 0.01526642
vn -0.5869141 -0.4711914 -0.6586914
vn -0.6347656 -0.7719727 0.0297699
vn -0.04040527 -0.7456055 0.6650391
vn 0.4091797 -0.1899414 0.8925781
vn -0.5976563 -0.4838867 -0.6391602
vn -0.003393173 -0.002981186 -1
vn -0.07110596 0.03038025 -0.9970703
vn -0.2371826 0.1352539 -0.9619141
vn -0.6245117 -0.4797363 -0.6162109
vn -0.4604492 0.1297607 -0.8779297
vn -0.4511719 -0.8916016 0.04122925
vn -0.6191406 -0.5078125 -0.5986328
vn -0.5004883 -0.5698242 -0.6518555
vn -0.4804688 0.0292511 -0.8764648
vn -0.2871094 -0.04608154 -0.956543
vn -0.2658691 -0.9638672 0.01080322
vn -0.1796875 -0.6538086 -0.7348633
vn -0.06994629 -0.02674866 -0.9970703
vn 0.1749268 -0.7011719 0.690918
vn 0.4768066 -0.07055664 0.8764648
vn 0.1678467 -0.6201172 -0.7661133
vn -0.00150013 0.001757622 -1
vn 0.3081055 -0.574707 -0.7578125
vn 0.01931763 -0.9995117 -0.0284729
vn 0.232666 -0.6625977 0.7119141
vn 0.3024902 -0.02429199 0.9526367
vn 0.34375 -0.9384766 -0.02984619
vn 0.4719238 -0.8818359 0
vn 0.3103027 -0.6137695 0.7260742
vn 0.1044922 -0.01441193 0.9946289
vn 0.3081055 -0.574707 0.7578125
vn -0.001499176 0.001758575 1
vn -0.06994629 -0.02674866 -0.9970703
vn -0.00150013 0.001757622 -1
vn -0.3129883 0.5761719 -0.7553711
vn -0.2880859 0.5644531 -0.7734375
vn -0.2871094 -0.04608154 -0.956543
vn -0.4780273 0.878418 0
vn -0.2797852 0.5732422 -0.7700195
vn -0.4804688 0.0292511 -0.8764648
vn -0.380127 0.9248047 -0.02055359
vn -0.3129883 0.5761719 0.7553711
vn -0.2401123 0.6625977 -0.7094727
vn -0.4604492 0.1297607 -0.8779297
vn -0.1707764 0.6074219 0.7758789
vn -0.001499176 0.001758575 1
vn 0.1044922 -0.01441193 0.9946289
vn -0.06835938 0.9970703 -0.03515625
vn 0.2149658 0.6210938 0.753418
vn 0.3024902 -0.02429199 0.9526367
vn -0.009628296 0.7456055 -0.6660156
vn -0.2371826 0.1352539 -0.9619141
vn 0.2397461 0.9707031 -0.02476501
vn 0.5253906 0.5566406 0.6435547
vn 0.4768066 -0.07055664 0.8764648
vn 0.3405762 0.6733398 -0.65625
vn -0.07110596 0.03038025 -0.9970703
vn 0.4936523 0.8696289 0.01797485
vn 0.6401367 0.4436035 0.6274414
vn 0.4091797 -0.1899414 0.8925781
vn 0.5244141 0.53125 -0.6655273
vn -0.003393173 -0.002981186 -1
vn 0.5849609 0.4680176 -0.6625977
vn 0.7807617 0.6245117 0
vn 0.6586914 0.7519531 0.02325439
vn 0.6083984 0.4367676 0.6625977
vn 0.1934814 -0.1519775 0.9692383
vn 0.7436523 0.668457 0.01224518
vn 0.5849609 0.4680176 0.6625977
vn 0.5756836 0.465332 0.6723633
vn 0.03723145 -0.046875 0.9980469
vn -0.003389359 -0.002983093 1
vn -0.3630371 -0.9316406 0
vn -0.326416 -0.9453125 0
vn -0.326416 -0.9453125 0
vn -0.3630371 -0.9316406 0
vn -0.7631836 -0.6459961 0
vn -0.5791016 -0.8154297 0
vn -0.5791016 -0.8154297 0
vn -0.7631836 -0.6459961 0
vn -0.9418945 -0.3359375 0
vn -0.9418945 -0.3359375 0
vn -0.9726563 -0.2314453 0
vn -0.9726563 -0.2314453 0
vn -0.2700195 0.02183533 0.9624023
vn -0.2247314 0.1512451 0.9624023
vn -0.1213379 0.3120117 0.9423828
vn -0.2624512 -0.08074951 0.9614258
vn -0.7475586 0.07495117 0.6601563
vn -0.2470703 -0.1734619 0.953125
vn -0.1904297 -0.3110352 0.9311523
vn -0.7412109 -0.2095947 0.6376953
vn -0.909668 0.1019897 0.4023438
vn -0.9018555 -0.2467041 0.3547363
vn -0.6376953 -0.5112305 0.5756836
vn -0.1904297 -0.3110352 0.9311523
vn -0.7382813 -0.5976563 0.3129883
vn -0.5371094 -0.7929688 0.2871094
vn -0.1213379 0.3120117 0.9423828
vn -0.05374146 -0.1535645 0.9868164
vn 0.05374146 0.1535645 0.9868164
vn 0.1060181 0.3029785 0.9472656
vn 0.1060181 0.3029785 0.9472656
vn 0.157959 -0.371582 -0.9150391
vn 0.1151123 -0.314209 -0.9423828
vn 0.5966797 -0.6743164 -0.4348145
vn 0.3830566 -0.7436523 -0.5478516
vn 0.6342773 -0.7319336 -0.2479248
vn 0.456543 -0.8198242 -0.345459
vn 0.8520508 -0.3671875 -0.3723145
vn 0.1151123 -0.314209 -0.9423828
vn 0.3356934 -0.6508789 -0.6811523
vn 0.8984375 -0.3969727 -0.1875
vn -0.05374146 -0.1535645 -0.9868164
vn -0.2077637 -0.59375 -0.7773438
vn -0.2836914 -0.8110352 -0.5117188
vn -0.2836914 -0.8110352 -0.5117188
vn 0 0 1
vn 0 0 1
vn 0 0 1
vn 0 0 1
vn 0 0 1
vn 0 0 1
vn 0 0 1
vn 0 0 1
vn 0.9438477 -0.3303223 0
vn 0.9438477 -0.3303223 0
vn 0.9438477 -0.3303223 0
vn 0.9438477 -0.3303223 0
vn 0.7719727 -0.4873047 -0.4082031
vn 0.9072266 -0.1004639 -0.4082031
vn 0.7958984 -0.0824585 -0.5996094
vn 0.6738281 -0.4321289 -0.5996094
vn 0.456543 -0.8198242 -0.345459
vn 0.3830566 -0.7436523 -0.5478516
vn 0.3703613 -0.03025818 -0.9282227
vn 0.3083496 -0.2072754 -0.9282227
vn 0.157959 -0.371582 -0.9150391
vn 0.1151123 -0.314209 -0.9423828
vn 0 0 -1
vn 0.2120361 0.03387451 -0.9765625
vn -0.05374146 -0.1535645 -0.9868164
vn 0 0 -1
vn -0.7475586 0.07495117 -0.6601563
vn -0.7749023 0.4875488 -0.4023438
vn -0.909668 0.1019897 -0.4023438
vn -0.6308594 0.4074707 -0.6601563
vn -0.2700195 0.02183533 -0.9624023
vn -0.2247314 0.1512451 -0.9624023
vn -0.5014648 0.5219727 -0.6899414
vn -0.6420898 0.6650391 -0.3813477
vn -0.1137695 0.1195679 -0.9863281
vn 0 0 -1
vn -0.2553711 -0.1848145 -0.9492188
vn 0 0 -1
vn -0.05374146 -0.1535645 -0.9868164
vn -0.2139893 -0.6113281 -0.7617188
vn -0.2077637 -0.59375 -0.7773438
vn -0.2836914 -0.8110352 -0.5117188
vn -0.2836914 -0.8110352 -0.5117188
vn -0.2553711 -0.1848145 -0.9492188
vn -0.2247314 0.1512451 -0.9624023
vn -0.2700195 0.02183533 -0.9624023
vn -0.2626953 -0.08074951 -0.9614258
vn -0.7475586 0.07495117 -0.6601563
vn -0.2692871 -0.2252197 -0.9365234
vn -0.7412109 -0.2095947 -0.6376953
vn -0.909668 0.1019897 -0.4023438
vn -0.9018555 -0.2467041 -0.3547363
vn -0.6513672 -0.515625 -0.5566406
vn -0.2553711 -0.1848145 -0.9492188
vn -0.7543945 -0.5922852 -0.2822266
vn -0.8442383 -0.244873 -0.4768066
vn -0.5761719 -0.7856445 -0.2247314
vn -0.9399414 0.2507324 -0.2318115
vn -0.2553711 -0.1848145 -0.9492188
vn -0.8442383 -0.244873 -0.4768066
vn -0.9516602 0.2634277 -0.1584473
vn -0.9516602 0.2634277 -0.1584473
vn 0.4162598 -0.9091797 0
vn 0.1760254 -0.984375 0
vn 0.1760254 -0.984375 0
vn 0.4162598 -0.9091797 0
vn 0.6303711 -0.7763672 0
vn 0.6303711 -0.7763672 0
vn -0.2893066 -0.9570313 0
vn -0.326416 -0.9453125 0
vn -0.326416 -0.9453125 0
vn -0.2893066 -0.9570313 0
vn 0.3845215 -0.7426758 0.5483398
vn 0.4580078 -0.8208008 0.3415527
vn 0.6318359 -0.7353516 0.2445068
vn 0.5698242 -0.6713867 0.4733887
vn 0.3366699 -0.6499023 0.6816406
vn 0.8999023 -0.3930664 0.1878662
vn 0.5698242 -0.6713867 0.4733887
vn 0.1575928 -0.3640137 0.9179688
vn 0.1073608 -0.3110352 0.9443359
vn 0.2866211 0.1744385 0.9418945
vn -0.05374146 -0.1535645 0.9868164
vn 0.05374146 0.1535645 0.9868164
vn 0.1073608 -0.3110352 0.9443359
vn -0.2077637 -0.59375 0.7773438
vn 0.3366699 -0.6499023 0.6816406
vn 0.5698242 -0.6713867 0.4733887
vn -0.2836914 -0.8110352 0.5117188
vn -0.2836914 -0.8110352 0.5117188
vn 0.3083496 -0.2072754 0.9282227
vn 0.1575928 -0.3640137 0.9179688
vn 0.3845215 -0.7426758 0.5483398
vn 0.6738281 -0.4321289 0.5996094
vn 0.4580078 -0.8208008 0.3415527
vn 0.7719727 -0.4873047 0.4082031
vn 0.9072266 -0.1004639 0.4082031
vn 0.7958984 -0.0824585 0.5996094
vn 0.3703613 -0.03025818 0.9282227
vn 0.2866211 0.1744385 0.9418945
vn 0.3552246 0.1920166 0.9150391
vn 0 0 -1
vn 0 0 -1
vn 0 0 -1
vn 0 0 -1
vn 0 0 -1
vn 0 0 -1
vn 0 0 -1
vn 0 0 -1
vn -0.9438477 0.3303223 0
vn -0.9438477 0.3303223 0
vn -0.9438477 0.3303223 0
vn -0.9438477 0.3303223 0
vn -0.05374146 -0.1535645 0.9868164
vn -0.2139893 -0.6113281 0.7617188
vn -0.1904297 -0.3110352 0.9311523
vn -0.2077637 -0.59375 0.7773438
vn -0.2836914 -0.8110352 0.5117188
vn -0.2836914 -0.8110352 0.5117188
vn -0.9282227 0.3249512 0.1801758
vn -0.9282227 0.3249512 0.1801758
vn -0.9282227 0.3249512 0.1801758
vn -0.9282227 0.3249512 0.1801758
vn 0 0 -1
vn 0 0 -1
vn 0 0 -1
vn 0 0 -1
vn 0 0 -1
vn 0 0 -1
vn 0 0 -1
vn 0 0 -1
vn -0.25 -0.9682617 -0.01516724
vn -0.3291016 -0.9433594 -0.03829956
vn -0.3291016 -0.9433594 -0.03829956
vn -0.03692627 -0.9995117 -0.006565094
vn -0.09332275 -0.9956055 -2.259016E-05
vn 0.4482422 -0.8935547 -0.02363586
vn 0.4482422 -0.8935547 -0.02363586
vn 0.7695313 -0.6386719 -0.02008057
vn -0.09332275 -0.9956055 2.259016E-05
vn 0.8515625 -0.5244141 -0.01663208
vn -0.25 -0.9682617 0.01554108
vn 0.769043 -0.6386719 0.02056885
vn -0.0368042 -0.9995117 0.006603241
vn -0.3291016 -0.9433594 0.0390625
vn -0.3291016 -0.9433594 0.0390625
vn 0.4482422 -0.8935547 0.02410889
vn 0.4482422 -0.8935547 0.02410889
vn 0.8515625 -0.5239258 0.0168457
vn 0.8769531 -0.4807129 -0.0007958412
vn 0.9916992 -0.1263428 -0.0249176
vn 0.8769531 -0.4807129 0.000813961
vn 0.9838867 -0.1781006 -0.0007958412
vn 0.9838867 -0.1782227 0.0008130074
vn 0.9916992 -0.1269531 0.025177
vn 0.9990234 0.02902222 -0.03689575
vn 0.9990234 0.02952576 0.03781128
vn -0.3291016 -0.9433594 -0.03829956
vn -0.3291016 -0.9433594 -0.03829956
vn -0.5180664 -0.8554688 -0.01338196
vn -0.4260254 -0.9042969 -0.02445984
vn -0.5234375 -0.8520508 -0.002161026
vn -0.784668 -0.6201172 -0.003030777
vn -0.4260254 -0.9042969 0.02507019
vn -0.784668 -0.6201172 -0.003030777
vn -0.956543 -0.2910156 -0.02758789
vn -0.956543 -0.2910156 -0.02758789
vn -0.9931641 0.1160889 -0.01832581
vn -0.9990234 -0.03201294 -0.02467346
vn -0.5234375 -0.8520508 0.00220871
vn -0.5180664 -0.8554688 0.0134964
vn -0.784668 -0.6201172 0.003093719
vn -0.3291016 -0.9433594 0.0390625
vn -0.3291016 -0.9433594 0.0390625
vn -0.784668 -0.6201172 0.003093719
vn -0.956543 -0.2910156 0.02815247
vn -0.956543 -0.2910156 0.02815247
vn -0.9990234 -0.0324707 0.02528381
vn -0.9931641 0.1165161 0.01852417
vn 0 0 1
vn 0 0 1
vn 0 0 1
vn 0 0 1
vn 0 0 1
vn 0 0 1
vn 0 0 1
vn 0 0 1
vn 0 0 1
vn 0 0 1
vn 0 0 1
vn 0 0 1
vn 0 0 1
vn 0 0 1
vn 0 0 1
vn 0 0 1
vn 0 0 1
vn 0 0 1
vn 0 0 1
vn 0 0 1
vn 0 0 1
vn 0 0 1
vn 0 0 1
vn 0 0 1
vn -0.9575195 0.2883301 0
vn -0.9575195 0.2883301 0
vn -0.9575195 0.2883301 0
vn -0.9575195 0.2883301 0
vn 0 0 1
vn 0 0 1
vn 0 0 1
vn 0 0 1
vn 0.9296875 -0.3681641 0
vn 0.9296875 -0.3681641 0
vn 0.9296875 -0.3681641 0
vn 0.9296875 -0.3681641 0
vn 0 0 -1
vn 0 0 -1
vn 0 0 -1
vn 0 0 -1
vn 0 0 -1
vn 0 0 -1
vn 0 0 -1
vn 0 0 -1
vn 0 0 -1
vn 0 0 -1
vn 0 0 -1
vn 0 0 -1
vn 0 0 1
vn 0 0 1
vn 0 0 1
vn 0 0 1
vn 0 0 1
vn 0 0 1
vn 0 0 1
vn 0 0 1
vn 0 0 1
vn 0 0 1
vn 0 0 1
vn 0 0 1
vn 0 0 1
vn 0 0 1
vn 0 0 1
vn 0 0 1
vn -0.9990234 -0.0324707 0.02528381
vn -0.9990234 -0.03201294 -0.02467346
vn -0.9931641 0.1160889 -0.01832581
vn -0.9931641 0.1165161 0.01852417
vn -0.9853516 0.1691895 0
vn -0.9853516 0.1693115 0
vn -0.8764648 0.4812012 0
vn -0.8481445 0.5292969 0.01661682
vn -0.8769531 0.480957 0
vn -0.8481445 0.5292969 -0.01641846
vn -0.7646484 0.644043 0.02130127
vn -0.6723633 0.7387695 0.04797363
vn -0.6723633 0.7387695 0.04797363
vn -0.7651367 0.644043 -0.02078247
vn -0.6723633 0.7387695 -0.04699707
vn -0.6723633 0.7387695 -0.04699707
vn 0 0 1
vn 0 0 1
vn 0 0 1
vn 0 0 1
vn 0 0 1
vn 0 0 1
vn 0 0 1
vn 0 0 1
vn 0 0 -1
vn 0 0 -1
vn 0 0 -1
vn 0 0 -1
vn 0 0 -1
vn 0 0 -1
vn 0 0 -1
vn 0 0 -1
vn -0.8476563 -0.5307617 0
vn -0.8476563 -0.5307617 0
vn -0.8476563 -0.5307617 0
vn -0.8476563 -0.5307617 0
vn 0.9990234 -0.04104614 0
vn 0.9990234 -0.04104614 0
vn 0.9990234 -0.04104614 0
vn 0.9990234 -0.04104614 0
vn 0.3366699 -0.9414063 0
vn 0.3366699 -0.9414063 0
vn 0.3366699 -0.9414063 0
vn 0.3366699 -0.9414063 0
vn -0.7753906 0.6313477 0
vn -0.7753906 0.6313477 0
vn -0.7753906 0.6313477 0
vn -0.7753906 0.6313477 0
vn 0 0 1
vn 0 0 1
vn 0 0 1
vn 0 0 1
vn 0 0 -1
vn 0 0 -1
vn 0 0 -1
vn 0 0 -1
vn 0.3303223 0.9438477 0
vn 0.3303223 0.9438477 0
vn 0.3303223 0.9438477 0
vn 0.3303223 0.9438477 0
vn 0.3303223 0.9438477 0
vn 0.3303223 0.9438477 0
vn 0.3303223 0.9438477 0
vn 0.3303223 0.9438477 0
vn 0 0 1
vn 0 0 1
vn 0 0 1
vn 0 0 1
vn 0 0 -1
vn 0 0 -1
vn 0 0 -1
vn 0 0 -1
vn -0.7475586 0.07495117 0.6601563
vn -0.2247314 0.1512451 0.9624023
vn -0.2700195 0.02183533 0.9624023
vn -0.6308594 0.4074707 0.6601563
vn -0.909668 0.1019897 0.4023438
vn -0.7749023 0.4875488 0.4023438
vn -0.1380615 0.3305664 0.9335938
vn -0.1213379 0.3120117 0.9423828
vn -0.3679199 0.71875 0.5898438
vn -0.454834 0.8232422 0.3395996
vn 0.3703613 -0.03025818 -0.9282227
vn 0.7729492 0.1087646 -0.625
vn 0.2120361 0.03387451 -0.9765625
vn 0.7958984 -0.0824585 -0.5996094
vn 0.9140625 0.1156006 -0.3886719
vn 0.9072266 -0.1004639 -0.4082031
vn -0.6303711 0.7763672 0
vn -0.6303711 0.7763672 0
vn -0.6303711 0.7763672 0
vn -0.6303711 0.7763672 0
vn 0.3703613 -0.03025818 0.9282227
vn 0.3552246 0.1920166 0.9150391
vn 0.7631836 0.3425293 0.5478516
vn 0.7958984 -0.0824585 0.5996094
vn 0.8681641 0.3562012 0.345459
vn 0.9072266 -0.1004639 0.4082031
vn 0.3552246 0.1920166 0.9150391
vn 0.2866211 0.1744385 0.9418945
vn 0.7817383 0.3203125 0.5351563
vn 0.7631836 0.3425293 0.5478516
vn 0.7329102 0.6289063 0.2600098
vn 0.8681641 0.3562012 0.345459
vn 0.05374146 0.1535645 0.9868164
vn 0.1060181 0.3029785 0.9472656
vn 0.3615723 0.1799316 0.9145508
vn 0.2866211 0.1744385 0.9418945
vn 0.9541016 0.2990723 0
vn 0.9541016 0.2990723 0
vn 0.9541016 0.2990723 0
vn 0.9541016 0.2990723 0
vn -0.4353027 0.7299805 0.5273438
vn -0.454834 0.8232422 0.3395996
vn -0.1776123 0.9501953 0.2563477
vn -0.3679199 0.71875 0.5898438
vn -0.1213379 0.3120117 0.9423828
vn -0.1380615 0.3305664 0.9335938
vn 0 0 -1
vn 0 0 -1
vn 0 0 -1
vn 0 0 -1
vn 0 0 -1
vn 0 0 -1
vn 0 0 -1
vn 0 0 -1
vn 0 0 -1
vn 0 0 -1
vn 0 0 -1
vn 0 0 -1
vn 0 0 -1
vn 0 0 -1
vn 0 0 -1
vn 0 0 -1
vn 0 0 -1
vn 0 0 -1
vn 0 0 -1
vn 0 0 -1
vn 0 0 -1
vn 0 0 -1
vn 0 0 -1
vn 0 0 -1
vn 0 0 -1
vn 0 0 -1
vn 0 0 1
vn 0 0 1
vn 0 0 1
vn 0 0 1
vn 0 0 -1
vn 0 0 -1
vn 0 0 -1
vn 0 0 -1
vn 0 0 1
vn 0 0 1
vn 0 0 1
vn 0 0 1
vn 0 0 1
vn 0 0 1
vn 0 0 1
vn 0 0 1
vn 0.9990234 0.02902222 -0.03689575
vn 0.9833984 0.1640625 -0.07849121
vn 0.9833984 0.1640625 -0.07849121
vn 0.9916992 -0.1263428 -0.0249176
vn 0.9833984 0.1640625 0.08007813
vn 0.9990234 0.02952576 0.03781128
vn 0.9916992 -0.1269531 0.025177
vn 0.9833984 0.1640625 0.08007813
vn 0 0 -1
vn 0 0 -1
vn 0 0 -1
vn 0 0 -1
vn -0.2150879 0.9765625 0
vn -0.2150879 0.9765625 0
vn -0.2150879 0.9765625 0
vn -0.2150879 0.9765625 0
vn 0.8530273 0.5219727 0
vn 0.8530273 0.5219727 0
vn 0.8530273 0.5219727 0
vn 0.8530273 0.5219727 0
vn 0 0 1
vn 0 0 1
vn 0 0 1
vn 0 0 1
vn -0.3303223 -0.9438477 0
vn -0.3303223 -0.9438477 0
vn -0.3303223 -0.9438477 0
vn -0.3303223 -0.9438477 0
vn -0.3303223 -0.9438477 0
vn -0.3303223 -0.9438477 0
vn -0.3303223 -0.9438477 0
vn -0.3303223 -0.9438477 0
vn -0.3303223 -0.9438477 0
vn -0.3303223 -0.9438477 0
vn -0.3303223 -0.9438477 0
vn -0.3303223 -0.9438477 0
vn -0.9438477 0.3303223 0
vn -0.9438477 0.3303223 0
vn -0.9438477 0.3303223 0
vn -0.9438477 0.3303223 0
vn 0.3303223 0.9438477 0
vn 0.3303223 0.9438477 0
vn 0.3303223 0.9438477 0
vn 0.3303223 0.9438477 0
vn 0.9438477 -0.3303223 0
vn 0.9438477 -0.3303223 0
vn 0.9438477 -0.3303223 0
vn 0.9438477 -0.3303223 0
vn -0.3303223 -0.9438477 0
vn -0.3303223 -0.9438477 0
vn -0.3303223 -0.9438477 0
vn -0.3303223 -0.9438477 0
vn -0.9438477 0.3303223 0
vn -0.9438477 0.3303223 0
vn -0.9438477 0.3303223 0
vn -0.9438477 0.3303223 0
vn 0.9438477 -0.3303223 0
vn 0.9438477 -0.3303223 0
vn 0.9438477 -0.3303223 0
vn 0.9438477 -0.3303223 0
vn 0.3303223 0.9438477 0
vn 0.3303223 0.9438477 0
vn 0.3303223 0.9438477 0
vn 0.3303223 0.9438477 0
vn 0.9179688 -0.3212891 0.2332764
vn 0.9335938 -0.3266602 0.1486816
vn 0.9335938 -0.3266602 0.1486816
vn 0.9057617 -0.3168945 0.2817383
vn 0.8598633 -0.3010254 0.4125977
vn 0.8793945 -0.3076172 0.3637695
vn 0.9291992 -0.3251953 0.1757813
vn 0.8901367 -0.3115234 0.3322754
vn 0.9057617 -0.3168945 0.28125
vn 0.9438477 -0.3303223 0
vn 0.9438477 -0.3303223 0
vn 0.8901367 -0.3115234 0.3322754
vn 0.8789063 -0.3076172 0.3649902
vn 0.9057617 -0.3168945 0.2817383
vn 0.8598633 -0.3010254 0.4118652
vn 0.9282227 -0.3249512 0.1817627
vn 0.9179688 -0.3212891 0.2332764
vn 0.9335938 -0.3266602 0.1486816
vn 0.9335938 -0.3266602 0.1486816
vn 0.90625 -0.3173828 0.2785645
vn 0.9438477 -0.3303223 0
vn 0.9438477 -0.3303223 0
vn -0.9179688 0.3212891 -0.2332764
vn -0.9335938 0.3266602 -0.1486816
vn -0.9335938 0.3266602 -0.1486816
vn -0.9057617 0.3168945 -0.2817383
vn -0.8598633 0.3010254 -0.4125977
vn -0.8793945 0.3076172 -0.3637695
vn -0.9291992 0.3251953 -0.1757813
vn -0.8901367 0.3115234 -0.3322754
vn -0.9057617 0.3168945 -0.28125
vn -0.9438477 0.3303223 0
vn -0.9438477 0.3303223 0
vn -0.8901367 0.3115234 -0.3322754
vn -0.8789063 0.3076172 -0.3649902
vn -0.9057617 0.3168945 -0.2817383
vn -0.8598633 0.3010254 -0.4118652
vn -0.9179688 0.3212891 -0.2332764
vn -0.9335938 0.3266602 -0.1486816
vn -0.9335938 0.3266602 -0.1486816
vn -0.9282227 0.3249512 -0.1817627
vn -0.90625 0.3171387 -0.2785645
vn -0.9438477 0.3303223 0
vn -0.9438477 0.3303223 0
vn 0 0 1
vn 0 0 1
vn 0 0 1
vn 0 0 1
vn 0 0 1
vn 0 0 1
vn -0.3110352 -0.8886719 0.3369141
vn -0.3110352 -0.8886719 0.3369141
vn -0.3110352 -0.8886719 0.3369141
vn -0.3110352 -0.8886719 0.3369141
vn 0.3273926 0.9355469 -0.1333008
vn 0.314209 0.8979492 -0.3078613
vn 0.314209 0.8979492 -0.3078613
vn 0.3249512 0.9282227 -0.1812744
vn 0.302002 0.8632813 0.404541
vn 0.3198242 0.9135742 0.2512207
vn 0.3168945 0.9052734 0.282959
vn 0.307373 0.8779297 0.3666992
vn 0.3303223 0.9438477 0
vn 0.3303223 0.9438477 0
vn 0.3110352 0.8886719 0.3369141
vn 0.3110352 0.8886719 0.3369141
vn 0.3110352 0.8886719 0.3369141
vn 0.3110352 0.8886719 0.3369141
vn 0 0 -1
vn 0 0 -1
vn 0 0 -1
vn 0 0 -1
vn -0.3273926 -0.9355469 -0.1333008
vn -0.314209 -0.8979492 -0.3078613
vn -0.314209 -0.8979492 -0.3078613
vn -0.3249512 -0.9282227 -0.1812744
vn -0.2978516 -0.8510742 0.432373
vn -0.3178711 -0.9082031 0.2714844
vn -0.3144531 -0.8989258 0.3056641
vn -0.3039551 -0.8681641 0.3918457
vn -0.3303223 -0.9438477 0
vn -0.3303223 -0.9438477 0
vn 0 0 1
vn 0 0 1
vn 0 0 1
vn 0 0 1
vn -0.3088379 -0.8823242 -0.3554688
vn -0.3303223 -0.9438477 0
vn -0.3303223 -0.9438477 0
vn -0.3178711 -0.9077148 -0.2731934
vn -0.1628418 -0.4650879 -0.8701172
vn -0.125 -0.3571777 -0.9257813
vn 0 0 -1
vn 0 0 -1
vn 0.1192627 0.3408203 -0.9326172
vn 0.1535645 0.4389648 -0.8852539
vn 0.3054199 0.8725586 -0.3818359
vn 0.3154297 0.9013672 -0.2966309
vn 0.3303223 0.9438477 0
vn 0.3303223 0.9438477 0
vn -0.3303223 -0.9438477 0
vn -0.3303223 -0.9438477 0
vn -0.3303223 -0.9438477 0
vn -0.3303223 -0.9438477 0
vn -0.9438477 0.3303223 0
vn -0.9438477 0.3303223 0
vn -0.9438477 0.3303223 0
vn -0.9438477 0.3303223 0
vn 0.3303223 0.9438477 0
vn 0.3303223 0.9438477 0
vn 0.3303223 0.9438477 0
vn 0.3303223 0.9438477 0
vn 0.9438477 -0.3303223 0
vn 0.9438477 -0.3303223 0
vn 0.9438477 -0.3303223 0
vn 0.9438477 -0.3303223 0
vn -0.3303223 -0.9438477 0
vn -0.3303223 -0.9438477 0
vn -0.3303223 -0.9438477 0
vn -0.3303223 -0.9438477 0
vn -0.9438477 0.3303223 0
vn -0.9438477 0.3303223 0
vn -0.9438477 0.3303223 0
vn -0.9438477 0.3303223 0
vn 0.9438477 -0.3303223 0
vn 0.9438477 -0.3303223 0
vn 0.9438477 -0.3303223 0
vn 0.9438477 -0.3303223 0
vn 0.3303223 0.9438477 0
vn 0.3303223 0.9438477 0
vn 0.3303223 0.9438477 0
vn 0.3303223 0.9438477 0
vn -0.9179688 0.3212891 0.2332764
vn -0.9335938 0.3266602 0.1486816
vn -0.9335938 0.3266602 0.1486816
vn -0.9057617 0.3168945 0.2817383
vn -0.8598633 0.3010254 0.4125977
vn -0.8793945 0.3076172 0.3637695
vn -0.9291992 0.3251953 0.1757813
vn -0.8901367 0.3115234 0.3322754
vn -0.9057617 0.3168945 0.28125
vn -0.9438477 0.3303223 0
vn -0.9438477 0.3303223 0
vn -0.8901367 0.3115234 0.3322754
vn -0.8789063 0.3076172 0.3649902
vn -0.9057617 0.3168945 0.2817383
vn -0.8598633 0.3010254 0.4118652
vn -0.9282227 0.3249512 0.1817627
vn -0.9179688 0.3212891 0.2332764
vn -0.9335938 0.3266602 0.1486816
vn -0.9335938 0.3266602 0.1486816
vn -0.90625 0.3173828 0.2785645
vn -0.9438477 0.3303223 0
vn -0.9438477 0.3303223 0
vn 0.9179688 -0.3212891 -0.2332764
vn 0.9335938 -0.3266602 -0.1486816
vn 0.9335938 -0.3266602 -0.1486816
vn 0.9057617 -0.3168945 -0.2817383
vn 0.8598633 -0.3010254 -0.4125977
vn 0.8793945 -0.3076172 -0.3637695
vn 0.9291992 -0.3251953 -0.1757813
vn 0.8901367 -0.3115234 -0.3322754
vn 0.9057617 -0.3168945 -0.28125
vn 0.9438477 -0.3303223 0
vn 0.9438477 -0.3303223 0
vn 0.8901367 -0.3115234 -0.3322754
vn 0.8789063 -0.3076172 -0.3649902
vn 0.9057617 -0.3168945 -0.2817383
vn 0.8598633 -0.3010254 -0.4118652
vn 0.9179688 -0.3212891 -0.2332764
vn 0.9335938 -0.3266602 -0.1486816
vn 0.9335938 -0.3266602 -0.1486816
vn 0.9282227 -0.3249512 -0.1817627
vn 0.90625 -0.3171387 -0.2785645
vn 0.9438477 -0.3303223 0
vn 0.9438477 -0.3303223 0
vn 0 0 1
vn 0 0 1
vn 0 0 1
vn 0 0 1
vn 0 0 1
vn 0 0 1
vn -0.3110352 -0.8886719 0.3369141
vn -0.3110352 -0.8886719 0.3369141
vn -0.3110352 -0.8886719 0.3369141
vn -0.3110352 -0.8886719 0.3369141
vn 0.3273926 0.9355469 -0.1333008
vn 0.314209 0.8979492 -0.3078613
vn 0.314209 0.8979492 -0.3078613
vn 0.3249512 0.9282227 -0.1812744
vn 0.302002 0.8632813 0.404541
vn 0.3198242 0.9135742 0.2512207
vn 0.3168945 0.9052734 0.282959
vn 0.307373 0.8779297 0.3666992
vn 0.3303223 0.9438477 0
vn 0.3303223 0.9438477 0
vn 0.3110352 0.8886719 0.3369141
vn 0.3110352 0.8886719 0.3369141
vn 0.3110352 0.8886719 0.3369141
vn 0.3110352 0.8886719 0.3369141
vn 0 0 1
vn 0 0 1
vn 0 0 1
vn 0 0 1
vn -0.3273926 -0.9355469 -0.1333008
vn -0.314209 -0.8979492 -0.3078613
vn -0.314209 -0.8979492 -0.3078613
vn -0.3249512 -0.9282227 -0.1811523
vn -0.2978516 -0.8510742 0.432373
vn -0.3178711 -0.9082031 0.2714844
vn -0.3144531 -0.8989258 0.3054199
vn -0.3039551 -0.8681641 0.3918457
vn -0.3303223 -0.9438477 0
vn -0.3303223 -0.9438477 0
vn 0 0 -1
vn 0 0 -1
vn 0 0 -1
vn 0 0 -1
vn -0.3088379 -0.8823242 -0.3554688
vn -0.3303223 -0.9438477 0
vn -0.3303223 -0.9438477 0
vn -0.3178711 -0.9077148 -0.2731934
vn -0.1628418 -0.4650879 -0.8701172
vn -0.125 -0.3571777 -0.9257813
vn 0 0 -1
vn 0 0 -1
vn 0.1192627 0.3408203 -0.9326172
vn 0.1535645 0.4389648 -0.8852539
vn 0.3054199 0.8725586 -0.3818359
vn 0.3154297 0.9013672 -0.2966309
vn 0.3303223 0.9438477 0
vn 0.3303223 0.9438477 0
vn 0 0 1
vn 0.2583008 0.737793 0.6235352
vn 0 0 1
vn 0.2583008 0.737793 0.6235352
vn 0.3244629 0.9272461 -0.1865234
vn 0.3244629 0.9272461 -0.1865234
vn 0.1541748 0.4404297 -0.8842773
vn 0.1541748 0.4404297 -0.8842773
vn -0.1541748 -0.4404297 -0.8842773
vn -0.1541748 -0.4404297 -0.8842773
vn -0.1541748 -0.4404297 -0.8842773
vn -0.3244629 -0.9272461 -0.1865234
vn -0.1541748 -0.4404297 -0.8842773
vn -0.3244629 -0.9272461 -0.1865234
vn -0.2583008 -0.737793 0.6235352
vn -0.2583008 -0.737793 0.6235352
vn 0 0 1
vn 0 0 1
vn -0.2583008 -0.737793 -0.6235352
vn 0 0 -1
vn 0 0 -1
vn -0.2583008 -0.737793 -0.6235352
vn -0.3244629 -0.9272461 0.1865234
vn -0.3244629 -0.9272461 0.1865234
vn -0.1541748 -0.4404297 0.8842773
vn -0.1541748 -0.4404297 0.8842773
vn 0 0 -1
vn 0 0 -1
vn 0.2583008 0.737793 -0.6235352
vn 0.2583008 0.737793 -0.6235352
vn 0.3244629 0.9272461 0.1865234
vn 0.3244629 0.9272461 0.1865234
vn 0.1541748 0.4404297 0.8842773
vn 0.1541748 0.4404297 0.8842773
vn -0.1541748 -0.4404297 0.8842773
vn -0.1541748 -0.4404297 0.8842773
vn 0.9438477 -0.3303223 0
vn 0.9438477 -0.3303223 0
vn 0.9438477 -0.3303223 0
vn 0.9438477 -0.3303223 0
vn 0.9438477 -0.3303223 0
vn 0.9438477 -0.3303223 0
vn 0.9438477 -0.3303223 0
vn 0.9438477 -0.3303223 0
vn 0.9438477 -0.3303223 0
vn 0.9438477 -0.3303223 0
vn 0.9438477 -0.3303223 0
vn 0.9438477 -0.3303223 0
vn 0.9438477 -0.3303223 0
vn 0.9438477 -0.3303223 0
vn -0.9438477 0.3303223 0
vn -0.9438477 0.3303223 0
vn -0.9438477 0.3303223 0
vn -0.9438477 0.3303223 0
vn -0.9438477 0.3303223 0
vn -0.9438477 0.3303223 0
vn -0.9438477 0.3303223 0
vn -0.9438477 0.3303223 0
vn -0.9438477 0.3303223 0
vn -0.9438477 0.3303223 0
vn -0.9438477 0.3303223 0
vn -0.9438477 0.3303223 0
vn -0.9438477 0.3303223 0
vn -0.9438477 0.3303223 0
vn 0 0 1
vn 0 0 1
vn 0 0 1
vn 0 0 1
vn 0 0 1
vn 0 0 1
vn 0 0 1
vn 0 0 1
vn 0 0 -1
vn 0 0 -1
vn 0 0 -1
vn 0 0 -1
vn 0 0 -1
vn 0 0 -1
vn 0 0 -1
vn 0 0 -1
vn 0 0 1
vn 0 0 1
vn 0 0 1
vn 0 0 1
vn 0 0 1
vn 0 0 1
vn 0 0 1
vn 0 0 1
vn 0 0 -1
vn 0 0 -1
vn 0 0 -1
vn 0 0 -1
vn 0 0 -1
vn 0 0 -1
vn 0 0 -1
vn 0 0 -1
vn 0.9438477 -0.3303223 0
vn 0.9438477 -0.3303223 0
vn 0.9438477 -0.3303223 0
vn 0.9438477 -0.3303223 0
vn 0.9438477 -0.3303223 0
vn 0.9438477 -0.3303223 0
vn 0.9438477 -0.3303223 0
vn 0.9438477 -0.3303223 0
vn 0.9438477 -0.3303223 0
vn 0.9438477 -0.3303223 0
vn 0.9438477 -0.3303223 0
vn 0.9438477 -0.3303223 0
vn 0.9438477 -0.3303223 0
vn 0.9438477 -0.3303223 0
vn -0.9438477 0.3303223 0
vn -0.9438477 0.3303223 0
vn -0.9438477 0.3303223 0
vn -0.9438477 0.3303223 0
vn -0.9438477 0.3303223 0
vn -0.9438477 0.3303223 0
vn -0.9438477 0.3303223 0
vn -0.9438477 0.3303223 0
vn -0.9438477 0.3303223 0
vn -0.9438477 0.3303223 0
vn -0.9438477 0.3303223 0
vn -0.9438477 0.3303223 0
vn -0.9438477 0.3303223 0
vn -0.9438477 0.3303223 0
vn 0 0 1
vn 0 0 1
vn 0 0 1
vn 0 0 1
vn 0 0 1
vn 0 0 1
vn 0 0 1
vn 0 0 1
vn 0 0 -1
vn 0 0 -1
vn 0 0 -1
vn 0 0 -1
vn 0 0 -1
vn 0 0 -1
vn 0 0 -1
vn 0 0 -1
vn 0 0 1
vn 0 0 1
vn 0 0 1
vn 0 0 1
vn 0 0 1
vn 0 0 1
vn 0 0 1
vn 0 0 1
vn 0 0 -1
vn 0 0 -1
vn 0 0 -1
vn 0 0 -1
vn 0 0 -1
vn 0 0 -1
vn 0 0 -1
vn 0 0 -1
g Cable_Car_0
f 3/3/3 2/2/2 1/1/1
f 6/6/6 5/5/5 4/4/4
f 9/9/9 8/8/8 7/7/7
f 12/12/12 11/11/11 10/10/10
f 15/15/15 14/14/14 13/13/13
f 16/16/16 15/15/15 13/13/13
f 19/19/19 18/18/18 17/17/17
f 20/20/20 19/19/19 17/17/17
f 20/20/20 17/17/17 21/21/21
f 22/22/22 20/20/20 21/21/21
f 22/22/22 21/21/21 23/23/23
f 24/24/24 22/22/22 23/23/23
f 27/27/27 26/26/26 25/25/25
f 25/25/25 28/28/28 27/27/27
f 25/25/25 29/29/29 28/28/28
f 28/28/28 30/30/30 27/27/27
f 30/30/30 31/31/31 27/27/27
f 29/29/29 32/32/32 28/28/28
f 28/28/28 32/32/32 30/30/30
f 29/29/29 33/33/33 32/32/32
f 33/33/33 34/34/34 32/32/32
f 32/32/32 35/35/35 30/30/30
f 32/32/32 34/34/34 35/35/35
f 30/30/30 35/35/35 36/36/36
f 34/34/34 37/37/37 35/35/35
f 35/35/35 37/37/37 36/36/36
f 37/37/37 38/38/38 36/36/36
f 31/31/31 40/40/40 39/39/39
f 40/40/40 41/41/41 39/39/39
f 39/39/39 41/41/41 42/42/42
f 41/41/41 43/43/43 42/42/42
f 46/46/46 45/45/45 44/44/44
f 47/47/47 46/46/46 44/44/44
f 48/48/48 46/46/46 47/47/47
f 49/49/49 48/48/48 47/47/47
f 50/50/50 46/46/46 48/48/48
f 50/50/50 51/51/51 46/46/46
f 52/52/52 50/50/50 48/48/48
f 50/50/50 52/52/52 51/51/51
f 48/48/48 53/53/53 52/52/52
f 51/51/51 52/52/52 54/54/54
f 52/52/52 55/55/55 54/54/54
f 56/56/56 55/55/55 52/52/52
f 57/57/57 56/56/56 52/52/52
f 60/60/60 59/59/59 58/58/58
f 61/61/61 60/60/60 58/58/58
f 63/63/63 58/58/58 62/62/62
f 63/63/63 62/62/62 64/64/64
f 65/65/65 63/63/63 64/64/64
f 68/68/68 67/67/67 66/66/66
f 69/69/69 68/68/68 66/66/66
f 72/72/72 71/71/71 70/70/70
f 73/73/73 72/72/72 70/70/70
f 70/70/70 74/74/74 73/73/73
f 74/74/74 75/75/75 73/73/73
f 76/76/76 72/72/72 73/73/73
f 73/73/73 75/75/75 77/77/77
f 77/77/77 76/76/76 73/73/73
f 75/75/75 78/78/78 77/77/77
f 78/78/78 79/79/79 77/77/77
f 80/80/80 76/76/76 77/77/77
f 79/79/79 80/80/80 77/77/77
f 80/80/80 81/81/81 76/76/76
f 80/80/80 79/79/79 82/82/82
f 83/83/83 80/80/80 82/82/82
f 86/86/86 85/85/85 84/84/84
f 85/85/85 87/87/87 84/84/84
f 84/84/84 87/87/87 88/88/88
f 87/87/87 89/89/89 88/88/88
f 87/87/87 85/85/85 90/90/90
f 85/85/85 91/91/91 90/90/90
f 87/87/87 90/90/90 92/92/92
f 89/89/89 87/87/87 92/92/92
f 89/89/89 92/92/92 93/93/93
f 93/93/93 95/95/95 94/94/94
f 95/95/95 96/96/96 94/94/94
f 94/94/94 96/96/96 97/97/97
f 96/96/96 98/98/98 97/97/97
f 99/99/99 97/97/97 98/98/98
f 100/100/100 99/99/99 98/98/98
f 102/102/102 93/93/93 101/101/101
f 103/103/103 102/102/102 101/101/101
f 104/104/104 103/103/103 101/101/101
f 105/105/105 103/103/103 104/104/104
f 106/106/106 104/104/104 101/101/101
f 107/107/107 105/105/105 104/104/104
f 107/107/107 104/104/104 106/106/106
f 108/108/108 105/105/105 107/107/107
f 109/109/109 108/108/108 107/107/107
f 110/110/110 107/107/107 106/106/106
f 109/109/109 107/107/107 110/110/110
f 110/110/110 106/106/106 111/111/111
f 112/112/112 109/109/109 110/110/110
f 113/113/113 110/110/110 111/111/111
f 112/112/112 110/110/110 113/113/113
f 114/114/114 112/112/112 113/113/113
f 117/117/117 116/116/116 115/115/115
f 118/118/118 117/117/117 115/115/115
f 119/119/119 118/118/118 115/115/115
f 122/122/122 121/121/121 120/120/120
f 123/123/123 122/122/122 120/120/120
f 123/123/123 120/120/120 124/124/124
f 125/125/125 123/123/123 124/124/124
f 128/128/128 127/127/127 126/126/126
f 129/129/129 128/128/128 126/126/126
f 132/132/132 131/131/131 130/130/130
f 133/133/133 132/132/132 130/130/130
f 132/132/132 133/133/133 134/134/134
f 135/135/135 132/132/132 134/134/134
f 130/130/130 137/137/137 136/136/136
f 137/137/137 138/138/138 136/136/136
f 139/139/139 138/138/138 137/137/137
f 139/139/139 141/141/141 140/140/140
f 142/142/142 139/139/139 140/140/140
f 140/140/140 143/143/143 142/142/142
f 143/143/143 144/144/144 142/142/142
f 142/142/142 144/144/144 145/145/145
f 143/143/143 146/146/146 144/144/144
f 146/146/146 147/147/147 144/144/144
f 139/139/139 149/149/149 148/148/148
f 149/149/149 150/150/150 148/148/148
f 150/150/150 151/151/151 148/148/148
f 150/150/150 152/152/152 151/151/151
f 152/152/152 153/153/153 151/151/151
f 153/153/153 154/154/154 151/151/151
f 154/154/154 155/155/155 151/151/151
f 151/151/151 155/155/155 148/148/148
f 155/155/155 156/156/156 148/148/148
f 148/148/148 156/156/156 157/157/157
f 158/158/158 157/157/157 156/156/156
f 161/161/161 160/160/160 159/159/159
f 162/162/162 161/161/161 159/159/159
f 165/165/165 164/164/164 163/163/163
f 166/166/166 165/165/165 163/163/163
f 169/169/169 168/168/168 167/167/167
f 170/170/170 169/169/169 167/167/167
f 173/173/173 172/172/172 171/171/171
f 172/172/172 174/174/174 171/171/171
f 172/172/172 175/175/175 174/174/174
f 175/175/175 176/176/176 174/174/174
f 179/179/179 178/178/178 177/177/177
f 180/180/180 179/179/179 177/177/177
f 183/183/183 182/182/182 181/181/181
f 184/184/184 183/183/183 181/181/181
f 187/187/187 186/186/186 185/185/185
f 188/188/188 187/187/187 185/185/185
f 191/191/191 190/190/190 189/189/189
f 190/190/190 192/192/192 189/189/189
f 189/189/189 192/192/192 193/193/193
f 193/193/193 192/192/192 194/194/194
f 192/192/192 195/195/195 194/194/194
f 194/194/194 195/195/195 196/196/196
f 193/193/193 197/197/197 189/189/189
f 195/195/195 198/198/198 196/196/196
f 197/197/197 199/199/199 189/189/189
f 200/200/200 196/196/196 198/198/198
f 197/197/197 201/201/201 199/199/199
f 199/199/199 201/201/201 202/202/202
f 201/201/201 203/203/203 202/202/202
f 204/204/204 201/201/201 197/197/197
f 205/205/205 204/204/204 197/197/197
f 206/206/206 204/204/204 205/205/205
f 200/200/200 206/206/206 205/205/205
f 198/198/198 206/206/206 200/200/200
f 198/198/198 207/207/207 206/206/206
f 198/198/198 208/208/208 207/207/207
f 207/207/207 209/209/209 206/206/206
f 208/208/208 210/210/210 207/207/207
f 206/206/206 209/209/209 211/211/211
f 211/211/211 210/210/210 208/208/208
f 212/212/212 206/206/206 211/211/211
f 208/208/208 212/212/212 211/211/211
f 208/208/208 213/213/213 212/212/212
f 213/213/213 214/214/214 212/212/212
f 217/217/217 216/216/216 215/215/215
f 218/218/218 217/217/217 215/215/215
f 219/219/219 217/217/217 218/218/218
f 220/220/220 217/217/217 219/219/219
f 218/218/218 221/221/221 219/219/219
f 222/222/222 220/220/220 219/219/219
f 223/223/223 220/220/220 222/222/222
f 224/224/224 223/223/223 222/222/222
f 225/225/225 223/223/223 224/224/224
f 226/226/226 225/225/225 224/224/224
f 221/221/221 227/227/227 219/219/219
f 221/221/221 228/228/228 227/227/227
f 227/227/227 228/228/228 229/229/229
f 230/230/230 228/228/228 221/221/221
f 231/231/231 230/230/230 221/221/221
f 228/228/228 232/232/232 229/229/229
f 229/229/229 232/232/232 233/233/233
f 232/232/232 234/234/234 233/233/233
f 233/233/233 234/234/234 235/235/235
f 234/234/234 236/236/236 235/235/235
f 239/239/239 238/238/238 237/237/237
f 238/238/238 240/240/240 237/237/237
f 237/237/237 240/240/240 241/241/241
f 240/240/240 242/242/242 241/241/241
f 245/245/245 244/244/244 243/243/243
f 246/246/246 245/245/245 243/243/243
f 247/247/247 245/245/245 246/246/246
f 248/248/248 247/247/247 246/246/246
f 249/249/249 247/247/247 248/248/248
f 250/250/250 249/249/249 248/248/248
f 251/251/251 249/249/249 250/250/250
f 252/252/252 251/251/251 250/250/250
f 251/251/251 252/252/252 253/253/253
f 254/254/254 251/251/251 253/253/253
f 254/254/254 253/253/253 255/255/255
f 256/256/256 254/254/254 255/255/255
f 259/259/259 258/258/258 257/257/257
f 260/260/260 259/259/259 257/257/257
f 263/263/263 262/262/262 261/261/261
f 264/264/264 263/263/263 261/261/261
f 267/267/267 266/266/266 265/265/265
f 268/268/268 267/267/267 265/265/265
f 271/271/271 270/270/270 269/269/269
f 272/272/272 271/271/271 269/269/269
f 275/275/275 274/274/274 273/273/273
f 276/276/276 275/275/275 273/273/273
f 279/279/279 278/278/278 277/277/277
f 280/280/280 279/279/279 277/277/277
f 283/283/283 282/282/282 281/281/281
f 284/284/284 283/283/283 281/281/281
f 287/287/287 286/286/286 285/285/285
f 286/286/286 288/288/288 285/285/285
f 288/288/288 289/289/289 285/285/285
f 289/289/289 290/290/290 285/285/285
f 289/289/289 291/291/291 290/290/290
f 291/291/291 292/292/292 290/290/290
f 295/295/295 294/294/294 293/293/293
f 296/296/296 295/295/295 293/293/293
f 297/297/297 295/295/295 296/296/296
f 298/298/298 297/297/297 296/296/296
f 299/299/299 297/297/297 298/298/298
f 300/300/300 299/299/299 298/298/298
f 303/303/303 302/302/302 301/301/301
f 301/301/301 304/304/304 303/303/303
f 304/304/304 305/305/305 303/303/303
f 304/304/304 306/306/306 305/305/305
f 303/303/303 305/305/305 307/307/307
f 304/304/304 308/308/308 306/306/306
f 308/308/308 309/309/309 306/306/306
f 307/307/307 309/309/309 308/308/308
f 310/310/310 303/303/303 307/307/307
f 308/308/308 310/310/310 307/307/307
f 308/308/308 311/311/311 310/310/310
f 308/308/308 312/312/312 311/311/311
f 312/312/312 313/313/313 311/311/311
f 311/311/311 314/314/314 310/310/310
f 310/310/310 314/314/314 315/315/315
f 316/316/316 310/310/310 315/315/315
f 319/319/319 318/318/318 317/317/317
f 320/320/320 319/319/319 317/317/317
f 323/323/323 322/322/322 321/321/321
f 324/324/324 323/323/323 321/321/321
f 327/327/327 326/326/326 325/325/325
f 328/328/328 327/327/327 325/325/325
f 331/331/331 330/330/330 329/329/329
f 332/332/332 331/331/331 329/329/329
f 335/335/335 334/334/334 333/333/333
f 336/336/336 335/335/335 333/333/333
f 339/339/339 338/338/338 337/337/337
f 340/340/340 339/339/339 337/337/337
f 343/343/343 342/342/342 341/341/341
f 344/344/344 343/343/343 341/341/341
f 347/347/347 346/346/346 345/345/345
f 348/348/348 347/347/347 345/345/345
f 351/351/351 350/350/350 349/349/349
f 352/352/352 351/351/351 349/349/349
f 355/355/355 354/354/354 353/353/353
f 356/356/356 355/355/355 353/353/353
f 359/359/359 358/358/358 357/357/357
f 360/360/360 359/359/359 357/357/357
f 363/363/363 362/362/362 361/361/361
f 364/364/364 363/363/363 361/361/361
f 367/367/367 366/366/366 365/365/365
f 368/368/368 367/367/367 365/365/365
f 371/371/371 370/370/370 369/369/369
f 372/372/372 371/371/371 369/369/369
f 375/375/375 374/374/374 373/373/373
f 374/374/374 376/376/376 373/373/373
f 373/373/373 376/376/376 377/377/377
f 376/376/376 378/378/378 377/377/377
f 376/376/376 374/374/374 379/379/379
f 379/379/379 374/374/374 380/380/380
f 381/381/381 376/376/376 379/379/379
f 378/378/378 376/376/376 381/381/381
f 382/382/382 378/378/378 381/381/381
f 385/385/385 384/384/384 383/383/383
f 384/384/384 386/386/386 383/383/383
f 384/384/384 387/387/387 386/386/386
f 387/387/387 388/388/388 386/386/386
f 391/391/391 390/390/390 389/389/389
f 392/392/392 391/391/391 389/389/389
f 395/395/395 394/394/394 393/393/393
f 396/396/396 395/395/395 393/393/393
f 397/397/397 395/395/395 396/396/396
f 398/398/398 397/397/397 396/396/396
f 401/401/401 400/400/400 399/399/399
f 402/402/402 401/401/401 399/399/399
f 405/405/405 404/404/404 403/403/403
f 406/406/406 405/405/405 403/403/403
f 409/409/409 408/408/408 407/407/407
f 410/410/410 409/409/409 407/407/407
f 413/413/413 412/412/412 411/411/411
f 414/414/414 413/413/413 411/411/411
f 417/417/417 416/416/416 415/415/415
f 416/416/416 418/418/418 415/415/415
f 416/416/416 419/419/419 418/418/418
f 419/419/419 420/420/420 418/418/418
f 420/420/420 419/419/419 421/421/421
f 419/419/419 422/422/422 421/421/421
f 421/421/421 422/422/422 423/423/423
f 422/422/422 424/424/424 423/423/423
f 423/423/423 424/424/424 425/425/425
f 424/424/424 426/426/426 425/425/425
f 425/425/425 426/426/426 427/427/427
f 427/427/427 429/429/429 428/428/428
f 429/429/429 430/430/430 428/428/428
f 428/428/428 430/430/430 431/431/431
f 430/430/430 432/432/432 431/431/431
f 431/431/431 432/432/432 433/433/433
f 432/432/432 434/434/434 433/433/433
f 433/433/433 434/434/434 435/435/435
f 434/434/434 436/436/436 435/435/435
f 436/436/436 437/437/437 435/435/435
f 437/437/437 438/438/438 435/435/435
f 437/437/437 439/439/439 438/438/438
f 439/439/439 440/440/440 438/438/438
f 443/443/443 442/442/442 441/441/441
f 444/444/444 443/443/443 441/441/441
f 447/447/447 446/446/446 445/445/445
f 448/448/448 447/447/447 445/445/445
f 451/451/451 450/450/450 449/449/449
f 452/452/452 451/451/451 449/449/449
f 455/455/455 454/454/454 453/453/453
f 456/456/456 455/455/455 453/453/453
f 459/459/459 458/458/458 457/457/457
f 460/460/460 459/459/459 457/457/457
f 463/463/463 462/462/462 461/461/461
f 464/464/464 463/463/463 461/461/461
f 467/467/467 466/466/466 465/465/465
f 468/468/468 467/467/467 465/465/465
f 471/471/471 470/470/470 469/469/469
f 472/472/472 471/471/471 469/469/469
f 475/475/475 474/474/474 473/473/473
f 476/476/476 475/475/475 473/473/473
f 479/479/479 478/478/478 477/477/477
f 480/480/480 479/479/479 477/477/477
f 483/483/483 482/482/482 481/481/481
f 484/484/484 483/483/483 481/481/481
f 487/487/487 486/486/486 485/485/485
f 488/488/488 487/487/487 485/485/485
f 491/491/491 490/490/490 489/489/489
f 492/492/492 491/491/491 489/489/489
f 495/495/495 494/494/494 493/493/493
f 496/496/496 495/495/495 493/493/493
f 499/499/499 498/498/498 497/497/497
f 500/500/500 499/499/499 497/497/497
f 503/503/503 502/502/502 501/501/501
f 504/504/504 503/503/503 501/501/501
f 507/507/507 506/506/506 505/505/505
f 508/508/508 507/507/507 505/505/505
f 511/511/511 510/510/510 509/509/509
f 512/512/512 511/511/511 509/509/509
f 515/515/515 514/514/514 513/513/513
f 516/516/516 515/515/515 513/513/513
f 516/516/516 513/513/513 517/517/517
f 518/518/518 516/516/516 517/517/517
f 518/518/518 517/517/517 519/519/519
f 520/520/520 516/516/516 518/518/518
f 521/521/521 518/518/518 519/519/519
f 519/519/519 522/522/522 521/521/521
f 522/522/522 523/523/523 521/521/521
f 524/524/524 520/520/520 518/518/518
f 520/520/520 524/524/524 525/525/525
f 526/526/526 520/520/520 525/525/525
f 526/526/526 525/525/525 527/527/527
f 527/527/527 525/525/525 528/528/528
f 529/529/529 526/526/526 527/527/527
f 530/530/530 526/526/526 529/529/529
f 531/531/531 530/530/530 529/529/529
f 525/525/525 532/532/532 528/528/528
f 533/533/533 528/528/528 532/532/532
f 534/534/534 533/533/533 532/532/532
f 537/537/537 536/536/536 535/535/535
f 536/536/536 538/538/538 535/535/535
f 535/535/535 538/538/538 539/539/539
f 538/538/538 540/540/540 539/539/539
f 539/539/539 540/540/540 541/541/541
f 538/538/538 542/542/542 540/540/540
f 540/540/540 543/543/543 541/541/541
f 543/543/543 544/544/544 541/541/541
f 544/544/544 545/545/545 541/541/541
f 542/542/542 546/546/546 540/540/540
f 546/546/546 542/542/542 547/547/547
f 542/542/542 548/548/548 547/547/547
f 547/547/547 548/548/548 549/549/549
f 548/548/548 550/550/550 549/549/549
f 548/548/548 551/551/551 550/550/550
f 551/551/551 552/552/552 550/550/550
f 547/547/547 549/549/549 553/553/553
f 554/554/554 547/547/547 553/553/553
f 555/555/555 554/554/554 553/553/553
f 556/556/556 555/555/555 553/553/553
f 559/559/559 558/558/558 557/557/557
f 560/560/560 559/559/559 557/557/557
f 559/559/559 560/560/560 561/561/561
f 562/562/562 559/559/559 561/561/561
f 565/565/565 564/564/564 563/563/563
f 566/566/566 565/565/565 563/563/563
f 569/569/569 568/568/568 567/567/567
f 570/570/570 569/569/569 567/567/567
f 570/570/570 567/567/567 571/571/571
f 572/572/572 570/570/570 571/571/571
f 572/572/572 571/571/571 573/573/573
f 574/574/574 572/572/572 573/573/573
f 575/575/575 574/574/574 573/573/573
f 576/576/576 575/575/575 573/573/573
f 579/579/579 578/578/578 577/577/577
f 580/580/580 579/579/579 577/577/577
f 583/583/583 582/582/582 581/581/581
f 584/584/584 583/583/583 581/581/581
f 587/587/587 586/586/586 585/585/585
f 586/586/586 588/588/588 585/585/585
f 585/585/585 588/588/588 589/589/589
f 588/588/588 590/590/590 589/589/589
f 589/589/589 590/590/590 591/591/591
f 590/590/590 592/592/592 591/591/591
f 592/592/592 593/593/593 591/591/591
f 593/593/593 594/594/594 591/591/591
f 597/597/597 596/596/596 595/595/595
f 598/598/598 597/597/597 595/595/595
f 601/601/601 600/600/600 599/599/599
f 600/600/600 602/602/602 599/599/599
f 599/599/599 602/602/602 603/603/603
f 604/604/604 599/599/599 603/603/603
f 604/604/604 603/603/603 605/605/605
f 606/606/606 604/604/604 605/605/605
f 607/607/607 606/606/606 605/605/605
f 608/608/608 607/607/607 605/605/605
f 609/609/609 607/607/607 608/608/608
f 610/610/610 609/609/609 608/608/608
f 610/610/610 611/611/611 609/609/609
f 611/611/611 612/612/612 609/609/609
f 615/615/615 614/614/614 613/613/613
f 616/616/616 615/615/615 613/613/613
f 619/619/619 618/618/618 617/617/617
f 620/620/620 619/619/619 617/617/617
f 623/623/623 622/622/622 621/621/621
f 624/624/624 623/623/623 621/621/621
f 627/627/627 626/626/626 625/625/625
f 628/628/628 627/627/627 625/625/625
f 631/631/631 630/630/630 629/629/629
f 632/632/632 631/631/631 629/629/629
f 635/635/635 634/634/634 633/633/633
f 636/636/636 635/635/635 633/633/633
f 639/639/639 638/638/638 637/637/637
f 640/640/640 639/639/639 637/637/637
f 643/643/643 642/642/642 641/641/641
f 644/644/644 643/643/643 641/641/641
f 647/647/647 646/646/646 645/645/645
f 646/646/646 648/648/648 645/645/645
f 645/645/645 648/648/648 649/649/649
f 648/648/648 650/650/650 649/649/649
f 649/649/649 650/650/650 651/651/651
f 648/648/648 652/652/652 650/650/650
f 650/650/650 653/653/653 651/651/651
f 654/654/654 651/651/651 653/653/653
f 655/655/655 654/654/654 653/653/653
f 652/652/652 656/656/656 650/650/650
f 656/656/656 652/652/652 657/657/657
f 652/652/652 658/658/658 657/657/657
f 657/657/657 658/658/658 659/659/659
f 657/657/657 659/659/659 660/660/660
f 658/658/658 661/661/661 659/659/659
f 658/658/658 662/662/662 661/661/661
f 662/662/662 663/663/663 661/661/661
f 664/664/664 657/657/657 660/660/660
f 660/660/660 665/665/665 664/664/664
f 665/665/665 666/666/666 664/664/664
f 669/669/669 668/668/668 667/667/667
f 670/670/670 669/669/669 667/667/667
f 670/670/670 667/667/667 671/671/671
f 672/672/672 670/670/670 671/671/671
f 672/672/672 671/671/671 673/673/673
f 674/674/674 670/670/670 672/672/672
f 675/675/675 672/672/672 673/673/673
f 676/676/676 675/675/675 673/673/673
f 677/677/677 676/676/676 673/673/673
f 678/678/678 674/674/674 672/672/672
f 674/674/674 678/678/678 679/679/679
f 680/680/680 674/674/674 679/679/679
f 680/680/680 679/679/679 681/681/681
f 682/682/682 680/680/680 681/681/681
f 683/683/683 680/680/680 682/682/682
f 684/684/684 683/683/683 682/682/682
f 681/681/681 679/679/679 685/685/685
f 679/679/679 686/686/686 685/685/685
f 686/686/686 687/687/687 685/685/685
f 687/687/687 688/688/688 685/685/685
f 691/691/691 690/690/690 689/689/689
f 690/690/690 692/692/692 689/689/689
f 692/692/692 690/690/690 693/693/693
f 690/690/690 694/694/694 693/693/693
f 697/697/697 696/696/696 695/695/695
f 698/698/698 697/697/697 695/695/695
f 701/701/701 700/700/700 699/699/699
f 700/700/700 702/702/702 699/699/699
f 699/699/699 702/702/702 703/703/703
f 702/702/702 704/704/704 703/703/703
f 703/703/703 704/704/704 705/705/705
f 704/704/704 706/706/706 705/705/705
f 706/706/706 707/707/707 705/705/705
f 707/707/707 708/708/708 705/705/705
f 711/711/711 710/710/710 709/709/709
f 712/712/712 711/711/711 709/709/709
f 715/715/715 714/714/714 713/713/713
f 716/716/716 715/715/715 713/713/713
f 719/719/719 718/718/718 717/717/717
f 720/720/720 719/719/719 717/717/717
f 720/720/720 717/717/717 721/721/721
f 722/722/722 720/720/720 721/721/721
f 722/722/722 721/721/721 723/723/723
f 724/724/724 722/722/722 723/723/723
f 725/725/725 724/724/724 723/723/723
f 726/726/726 725/725/725 723/723/723
f 729/729/729 728/728/728 727/727/727
f 730/730/730 729/729/729 727/727/727
f 733/733/733 732/732/732 731/731/731
f 734/734/734 733/733/733 731/731/731
f 734/734/734 731/731/731 735/735/735
f 731/731/731 736/736/736 735/735/735
f 735/735/735 736/736/736 737/737/737
f 736/736/736 738/738/738 737/737/737
f 738/738/738 739/739/739 737/737/737
f 739/739/739 740/740/740 737/737/737
f 739/739/739 741/741/741 740/740/740
f 741/741/741 742/742/742 740/740/740
f 743/743/743 742/742/742 741/741/741
f 744/744/744 743/743/743 741/741/741
f 747/747/747 746/746/746 745/745/745
f 746/746/746 748/748/748 745/745/745
f 746/746/746 749/749/749 748/748/748
f 749/749/749 750/750/750 748/748/748
f 749/749/749 751/751/751 750/750/750
f 751/751/751 752/752/752 750/750/750
f 751/751/751 753/753/753 752/752/752
f 753/753/753 754/754/754 752/752/752
f 757/757/757 756/756/756 755/755/755
f 756/756/756 758/758/758 755/755/755
f 756/756/756 759/759/759 758/758/758
f 759/759/759 760/760/760 758/758/758
f 759/759/759 761/761/761 760/760/760
f 761/761/761 762/762/762 760/760/760
f 765/765/765 764/764/764 763/763/763
f 764/764/764 766/766/766 763/763/763
f 763/763/763 766/766/766 767/767/767
f 766/766/766 768/768/768 767/767/767
f 767/767/767 768/768/768 769/769/769
f 768/768/768 770/770/770 769/769/769
f 773/773/773 772/772/772 771/771/771
f 774/774/774 773/773/773 771/771/771
f 775/775/775 773/773/773 774/774/774
f 776/776/776 775/775/775 774/774/774
f 777/777/777 775/775/775 776/776/776
f 778/778/778 777/777/777 776/776/776
f 779/779/779 777/777/777 778/778/778
f 780/780/780 779/779/779 778/778/778
f 783/783/783 782/782/782 781/781/781
f 784/784/784 783/783/783 781/781/781
f 784/784/784 781/781/781 785/785/785
f 786/786/786 783/783/783 784/784/784
f 787/787/787 784/784/784 785/785/785
f 787/787/787 785/785/785 788/788/788
f 789/789/789 786/786/786 784/784/784
f 789/789/789 784/784/784 787/787/787
f 790/790/790 786/786/786 789/789/789
f 791/791/791 790/790/790 789/789/789
f 792/792/792 790/790/790 791/791/791
f 793/793/793 792/792/792 791/791/791
f 794/794/794 789/789/789 787/787/787
f 791/791/791 789/789/789 794/794/794
f 793/793/793 791/791/791 795/795/795
f 795/795/795 791/791/791 794/794/794
f 796/796/796 793/793/793 795/795/795
f 797/797/797 787/787/787 788/788/788
f 794/794/794 787/787/787 797/797/797
f 796/796/796 795/795/795 798/798/798
f 799/799/799 796/796/796 798/798/798
f 799/799/799 798/798/798 800/800/800
f 795/795/795 794/794/794 801/801/801
f 798/798/798 795/795/795 801/801/801
f 801/801/801 794/794/794 797/797/797
f 797/797/797 788/788/788 802/802/802
f 788/788/788 803/803/803 802/802/802
f 803/803/803 804/804/804 802/802/802
f 798/798/798 805/805/805 800/800/800
f 798/798/798 801/801/801 805/805/805
f 801/801/801 797/797/797 806/806/806
f 797/797/797 802/802/802 806/806/806
f 801/801/801 806/806/806 805/805/805
f 804/804/804 807/807/807 802/802/802
f 802/802/802 807/807/807 806/806/806
f 804/804/804 808/808/808 807/807/807
f 805/805/805 809/809/809 800/800/800
f 809/809/809 810/810/810 800/800/800
f 806/806/806 811/811/811 805/805/805
f 807/807/807 811/811/811 806/806/806
f 811/811/811 809/809/809 805/805/805
f 808/808/808 812/812/812 807/807/807
f 807/807/807 812/812/812 811/811/811
f 808/808/808 813/813/813 812/812/812
f 813/813/813 814/814/814 812/812/812
f 814/814/814 815/815/815 812/812/812
f 812/812/812 816/816/816 811/811/811
f 815/815/815 816/816/816 812/812/812
f 811/811/811 816/816/816 809/809/809
f 815/815/815 817/817/817 816/816/816
f 809/809/809 818/818/818 810/810/810
f 816/816/816 818/818/818 809/809/809
f 817/817/817 818/818/818 816/816/816
f 818/818/818 819/819/819 810/810/810
f 817/817/817 820/820/820 818/818/818
f 820/820/820 819/819/819 818/818/818
f 823/823/823 822/822/822 821/821/821
f 822/822/822 824/824/824 821/821/821
f 822/822/822 825/825/825 824/824/824
f 821/821/821 824/824/824 826/826/826
f 827/827/827 821/821/821 826/826/826
f 825/825/825 828/828/828 824/824/824
f 825/825/825 829/829/829 828/828/828
f 826/826/826 824/824/824 830/830/830
f 824/824/824 828/828/828 830/830/830
f 827/827/827 826/826/826 831/831/831
f 832/832/832 827/827/827 831/831/831
f 833/833/833 832/832/832 831/831/831
f 829/829/829 834/834/834 828/828/828
f 829/829/829 835/835/835 834/834/834
f 835/835/835 836/836/836 834/834/834
f 834/834/834 836/836/836 837/837/837
f 828/828/828 834/834/834 838/838/838
f 838/838/838 834/834/834 837/837/837
f 830/830/830 828/828/828 838/838/838
f 838/838/838 837/837/837 839/839/839
f 826/826/826 830/830/830 840/840/840
f 831/831/831 826/826/826 840/840/840
f 830/830/830 838/838/838 841/841/841
f 841/841/841 838/838/838 839/839/839
f 840/840/840 830/830/830 841/841/841
f 842/842/842 833/833/833 831/831/831
f 842/842/842 831/831/831 840/840/840
f 843/843/843 841/841/841 839/839/839
f 844/844/844 843/843/843 839/839/839
f 844/844/844 845/845/845 843/843/843
f 846/846/846 840/840/840 841/841/841
f 843/843/843 846/846/846 841/841/841
f 846/846/846 842/842/842 840/840/840
f 845/845/845 847/847/847 843/843/843
f 843/843/843 847/847/847 846/846/846
f 845/845/845 848/848/848 847/847/847
f 842/842/842 849/849/849 833/833/833
f 849/849/849 850/850/850 833/833/833
f 846/846/846 851/851/851 842/842/842
f 847/847/847 851/851/851 846/846/846
f 851/851/851 849/849/849 842/842/842
f 848/848/848 852/852/852 847/847/847
f 847/847/847 852/852/852 851/851/851
f 848/848/848 853/853/853 852/852/852
f 853/853/853 854/854/854 852/852/852
f 852/852/852 855/855/855 851/851/851
f 852/852/852 854/854/854 855/855/855
f 851/851/851 855/855/855 849/849/849
f 854/854/854 856/856/856 855/855/855
f 849/849/849 857/857/857 850/850/850
f 855/855/855 857/857/857 849/849/849
f 855/855/855 856/856/856 857/857/857
f 857/857/857 858/858/858 850/850/850
f 856/856/856 859/859/859 857/857/857
f 857/857/857 859/859/859 858/858/858
f 859/859/859 860/860/860 858/858/858
f 863/863/863 862/862/862 861/861/861
f 862/862/862 864/864/864 861/861/861
f 862/862/862 865/865/865 864/864/864
f 861/861/861 864/864/864 866/866/866
f 867/867/867 861/861/861 866/866/866
f 865/865/865 868/868/868 864/864/864
f 865/865/865 869/869/869 868/868/868
f 866/866/866 864/864/864 870/870/870
f 864/864/864 868/868/868 870/870/870
f 867/867/867 866/866/866 871/871/871
f 872/872/872 867/867/867 871/871/871
f 869/869/869 873/873/873 868/868/868
f 869/869/869 874/874/874 873/873/873
f 874/874/874 875/875/875 873/873/873
f 873/873/873 875/875/875 876/876/876
f 868/868/868 873/873/873 877/877/877
f 877/877/877 873/873/873 876/876/876
f 870/870/870 868/868/868 877/877/877
f 877/877/877 876/876/876 878/878/878
f 866/866/866 870/870/870 879/879/879
f 871/871/871 866/866/866 879/879/879
f 870/870/870 877/877/877 880/880/880
f 880/880/880 877/877/877 878/878/878
f 879/879/879 870/870/870 880/880/880
f 881/881/881 880/880/880 878/878/878
f 879/879/879 880/880/880 881/881/881
f 882/882/882 881/881/881 878/878/878
f 882/882/882 883/883/883 881/881/881
f 871/871/871 879/879/879 884/884/884
f 884/884/884 879/879/879 881/881/881
f 883/883/883 885/885/885 881/881/881
f 881/881/881 885/885/885 884/884/884
f 883/883/883 886/886/886 885/885/885
f 887/887/887 871/871/871 884/884/884
f 872/872/872 871/871/871 887/887/887
f 888/888/888 872/872/872 887/887/887
f 886/886/886 889/889/889 885/885/885
f 886/886/886 890/890/890 889/889/889
f 890/890/890 891/891/891 889/889/889
f 885/885/885 892/892/892 884/884/884
f 884/884/884 892/892/892 887/887/887
f 885/885/885 889/889/889 892/892/892
f 887/887/887 893/893/893 888/888/888
f 892/892/892 893/893/893 887/887/887
f 893/893/893 894/894/894 888/888/888
f 889/889/889 891/891/891 895/895/895
f 889/889/889 895/895/895 892/892/892
f 892/892/892 895/895/895 893/893/893
f 891/891/891 896/896/896 895/895/895
f 893/893/893 897/897/897 894/894/894
f 895/895/895 897/897/897 893/893/893
f 895/895/895 896/896/896 897/897/897
f 897/897/897 898/898/898 894/894/894
f 896/896/896 899/899/899 897/897/897
f 897/897/897 899/899/899 898/898/898
f 899/899/899 900/900/900 898/898/898
f 903/903/903 902/902/902 901/901/901
f 904/904/904 903/903/903 901/901/901
f 904/904/904 901/901/901 905/905/905
f 906/906/906 903/903/903 904/904/904
f 907/907/907 904/904/904 905/905/905
f 907/907/907 905/905/905 908/908/908
f 909/909/909 906/906/906 904/904/904
f 909/909/909 904/904/904 907/907/907
f 910/910/910 906/906/906 909/909/909
f 911/911/911 907/907/907 908/908/908
f 908/908/908 912/912/912 911/911/911
f 913/913/913 910/910/910 909/909/909
f 914/914/914 910/910/910 913/913/913
f 915/915/915 914/914/914 913/913/913
f 916/916/916 909/909/909 907/907/907
f 913/913/913 909/909/909 916/916/916
f 916/916/916 907/907/907 911/911/911
f 915/915/915 913/913/913 917/917/917
f 917/917/917 913/913/913 916/916/916
f 918/918/918 915/915/915 917/917/917
f 912/912/912 919/919/919 911/911/911
f 912/912/912 920/920/920 919/919/919
f 921/921/921 916/916/916 911/911/911
f 917/917/917 916/916/916 921/921/921
f 911/911/911 919/919/919 921/921/921
f 918/918/918 917/917/917 922/922/922
f 922/922/922 917/917/917 921/921/921
f 923/923/923 918/918/918 922/922/922
f 920/920/920 924/924/924 919/919/919
f 920/920/920 925/925/925 924/924/924
f 919/919/919 926/926/926 921/921/921
f 921/921/921 926/926/926 922/922/922
f 919/919/919 924/924/924 926/926/926
f 922/922/922 927/927/927 923/923/923
f 926/926/926 927/927/927 922/922/922
f 927/927/927 928/928/928 923/923/923
f 925/925/925 929/929/929 924/924/924
f 925/925/925 930/930/930 929/929/929
f 930/930/930 931/931/931 929/929/929
f 931/931/931 932/932/932 929/929/929
f 924/924/924 933/933/933 926/926/926
f 926/926/926 933/933/933 927/927/927
f 924/924/924 929/929/929 933/933/933
f 927/927/927 934/934/934 928/928/928
f 933/933/933 934/934/934 927/927/927
f 934/934/934 935/935/935 928/928/928
f 932/932/932 936/936/936 929/929/929
f 929/929/929 936/936/936 933/933/933
f 933/933/933 936/936/936 934/934/934
f 932/932/932 937/937/937 936/936/936
f 934/934/934 938/938/938 935/935/935
f 936/936/936 938/938/938 934/934/934
f 937/937/937 938/938/938 936/936/936
f 938/938/938 939/939/939 935/935/935
f 937/937/937 940/940/940 938/938/938
f 940/940/940 939/939/939 938/938/938
f 943/943/943 942/942/942 941/941/941
f 944/944/944 943/943/943 941/941/941
f 947/947/947 946/946/946 945/945/945
f 948/948/948 947/947/947 945/945/945
f 948/948/948 945/945/945 949/949/949
f 950/950/950 948/948/948 949/949/949
f 950/950/950 949/949/949 951/951/951
f 952/952/952 950/950/950 951/951/951
f 955/955/955 954/954/954 953/953/953
f 953/953/953 956/956/956 955/955/955
f 953/953/953 957/957/957 956/956/956
f 956/956/956 958/958/958 955/955/955
f 958/958/958 959/959/959 955/955/955
f 957/957/957 960/960/960 956/956/956
f 956/956/956 960/960/960 958/958/958
f 957/957/957 961/961/961 960/960/960
f 961/961/961 962/962/962 960/960/960
f 960/960/960 963/963/963 958/958/958
f 960/960/960 962/962/962 963/963/963
f 958/958/958 963/963/963 964/964/964
f 962/962/962 965/965/965 963/963/963
f 963/963/963 965/965/965 964/964/964
f 965/965/965 966/966/966 964/964/964
f 959/959/959 968/968/968 967/967/967
f 968/968/968 969/969/969 967/967/967
f 967/967/967 969/969/969 970/970/970
f 969/969/969 971/971/971 970/970/970
f 974/974/974 973/973/973 972/972/972
f 975/975/975 974/974/974 972/972/972
f 976/976/976 974/974/974 975/975/975
f 977/977/977 976/976/976 975/975/975
f 978/978/978 974/974/974 976/976/976
f 978/978/978 979/979/979 974/974/974
f 980/980/980 978/978/978 976/976/976
f 978/978/978 980/980/980 979/979/979
f 976/976/976 981/981/981 980/980/980
f 979/979/979 980/980/980 982/982/982
f 980/980/980 983/983/983 982/982/982
f 984/984/984 983/983/983 980/980/980
f 985/985/985 984/984/984 980/980/980
f 988/988/988 987/987/987 986/986/986
f 989/989/989 988/988/988 986/986/986
f 991/991/991 986/986/986 990/990/990
f 991/991/991 990/990/990 992/992/992
f 993/993/993 991/991/991 992/992/992
f 996/996/996 995/995/995 994/994/994
f 997/997/997 996/996/996 994/994/994
f 1000/1000/1000 999/999/999 998/998/998
f 1001/1001/1001 1000/1000/1000 998/998/998
f 998/998/998 1002/1002/1002 1001/1001/1001
f 1002/1002/1002 1003/1003/1003 1001/1001/1001
f 1004/1004/1004 1000/1000/1000 1001/1001/1001
f 1001/1001/1001 1003/1003/1003 1005/1005/1005
f 1005/1005/1005 1004/1004/1004 1001/1001/1001
f 1003/1003/1003 1006/1006/1006 1005/1005/1005
f 1006/1006/1006 1007/1007/1007 1005/1005/1005
f 1008/1008/1008 1004/1004/1004 1005/1005/1005
f 1007/1007/1007 1008/1008/1008 1005/1005/1005
f 1008/1008/1008 1009/1009/1009 1004/1004/1004
f 1008/1008/1008 1007/1007/1007 1010/1010/1010
f 1011/1011/1011 1008/1008/1008 1010/1010/1010
f 1014/1014/1014 1013/1013/1013 1012/1012/1012
f 1013/1013/1013 1015/1015/1015 1012/1012/1012
f 1012/1012/1012 1015/1015/1015 1016/1016/1016
f 1015/1015/1015 1017/1017/1017 1016/1016/1016
f 1015/1015/1015 1013/1013/1013 1018/1018/1018
f 1013/1013/1013 1019/1019/1019 1018/1018/1018
f 1015/1015/1015 1018/1018/1018 1020/1020/1020
f 1017/1017/1017 1015/1015/1015 1020/1020/1020
f 1017/1017/1017 1020/1020/1020 1021/1021/1021
f 1021/1021/1021 1023/1023/1023 1022/1022/1022
f 1023/1023/1023 1024/1024/1024 1022/1022/1022
f 1022/1022/1022 1024/1024/1024 1025/1025/1025
f 1024/1024/1024 1026/1026/1026 1025/1025/1025
f 1027/1027/1027 1025/1025/1025 1026/1026/1026
f 1028/1028/1028 1027/1027/1027 1026/1026/1026
f 1030/1030/1030 1021/1021/1021 1029/1029/1029
f 1031/1031/1031 1030/1030/1030 1029/1029/1029
f 1032/1032/1032 1031/1031/1031 1029/1029/1029
f 1033/1033/1033 1031/1031/1031 1032/1032/1032
f 1034/1034/1034 1032/1032/1032 1029/1029/1029
f 1035/1035/1035 1033/1033/1033 1032/1032/1032
f 1035/1035/1035 1032/1032/1032 1034/1034/1034
f 1036/1036/1036 1033/1033/1033 1035/1035/1035
f 1037/1037/1037 1036/1036/1036 1035/1035/1035
f 1038/1038/1038 1035/1035/1035 1034/1034/1034
f 1037/1037/1037 1035/1035/1035 1038/1038/1038
f 1038/1038/1038 1034/1034/1034 1039/1039/1039
f 1040/1040/1040 1037/1037/1037 1038/1038/1038
f 1041/1041/1041 1038/1038/1038 1039/1039/1039
f 1040/1040/1040 1038/1038/1038 1041/1041/1041
f 1042/1042/1042 1040/1040/1040 1041/1041/1041
f 1045/1045/1045 1044/1044/1044 1043/1043/1043
f 1046/1046/1046 1045/1045/1045 1043/1043/1043
f 1047/1047/1047 1046/1046/1046 1043/1043/1043
f 1050/1050/1050 1049/1049/1049 1048/1048/1048
f 1051/1051/1051 1050/1050/1050 1048/1048/1048
f 1051/1051/1051 1048/1048/1048 1052/1052/1052
f 1053/1053/1053 1051/1051/1051 1052/1052/1052
f 1056/1056/1056 1055/1055/1055 1054/1054/1054
f 1057/1057/1057 1056/1056/1056 1054/1054/1054
f 1060/1060/1060 1059/1059/1059 1058/1058/1058
f 1061/1061/1061 1060/1060/1060 1058/1058/1058
f 1060/1060/1060 1061/1061/1061 1062/1062/1062
f 1063/1063/1063 1060/1060/1060 1062/1062/1062
f 1058/1058/1058 1065/1065/1065 1064/1064/1064
f 1065/1065/1065 1066/1066/1066 1064/1064/1064
f 1067/1067/1067 1066/1066/1066 1065/1065/1065
f 1067/1067/1067 1069/1069/1069 1068/1068/1068
f 1070/1070/1070 1067/1067/1067 1068/1068/1068
f 1068/1068/1068 1071/1071/1071 1070/1070/1070
f 1071/1071/1071 1072/1072/1072 1070/1070/1070
f 1070/1070/1070 1072/1072/1072 1073/1073/1073
f 1071/1071/1071 1074/1074/1074 1072/1072/1072
f 1074/1074/1074 1075/1075/1075 1072/1072/1072
f 1067/1067/1067 1077/1077/1077 1076/1076/1076
f 1077/1077/1077 1078/1078/1078 1076/1076/1076
f 1078/1078/1078 1079/1079/1079 1076/1076/1076
f 1078/1078/1078 1080/1080/1080 1079/1079/1079
f 1080/1080/1080 1081/1081/1081 1079/1079/1079
f 1081/1081/1081 1082/1082/1082 1079/1079/1079
f 1082/1082/1082 1083/1083/1083 1079/1079/1079
f 1079/1079/1079 1083/1083/1083 1076/1076/1076
f 1083/1083/1083 1084/1084/1084 1076/1076/1076
f 1076/1076/1076 1084/1084/1084 1085/1085/1085
f 1086/1086/1086 1085/1085/1085 1084/1084/1084
f 1089/1089/1089 1088/1088/1088 1087/1087/1087
f 1090/1090/1090 1089/1089/1089 1087/1087/1087
f 1093/1093/1093 1092/1092/1092 1091/1091/1091
f 1094/1094/1094 1093/1093/1093 1091/1091/1091
f 1097/1097/1097 1096/1096/1096 1095/1095/1095
f 1098/1098/1098 1097/1097/1097 1095/1095/1095
f 1101/1101/1101 1100/1100/1100 1099/1099/1099
f 1100/1100/1100 1102/1102/1102 1099/1099/1099
f 1100/1100/1100 1103/1103/1103 1102/1102/1102
f 1103/1103/1103 1104/1104/1104 1102/1102/1102
f 1107/1107/1107 1106/1106/1106 1105/1105/1105
f 1108/1108/1108 1107/1107/1107 1105/1105/1105
f 1111/1111/1111 1110/1110/1110 1109/1109/1109
f 1112/1112/1112 1111/1111/1111 1109/1109/1109
f 1115/1115/1115 1114/1114/1114 1113/1113/1113
f 1116/1116/1116 1115/1115/1115 1113/1113/1113
f 1119/1119/1119 1118/1118/1118 1117/1117/1117
f 1118/1118/1118 1120/1120/1120 1117/1117/1117
f 1117/1117/1117 1120/1120/1120 1121/1121/1121
f 1121/1121/1121 1120/1120/1120 1122/1122/1122
f 1120/1120/1120 1123/1123/1123 1122/1122/1122
f 1122/1122/1122 1123/1123/1123 1124/1124/1124
f 1121/1121/1121 1125/1125/1125 1117/1117/1117
f 1123/1123/1123 1126/1126/1126 1124/1124/1124
f 1125/1125/1125 1127/1127/1127 1117/1117/1117
f 1128/1128/1128 1124/1124/1124 1126/1126/1126
f 1125/1125/1125 1129/1129/1129 1127/1127/1127
f 1127/1127/1127 1129/1129/1129 1130/1130/1130
f 1129/1129/1129 1131/1131/1131 1130/1130/1130
f 1132/1132/1132 1129/1129/1129 1125/1125/1125
f 1133/1133/1133 1132/1132/1132 1125/1125/1125
f 1134/1134/1134 1132/1132/1132 1133/1133/1133
f 1128/1128/1128 1134/1134/1134 1133/1133/1133
f 1126/1126/1126 1134/1134/1134 1128/1128/1128
f 1126/1126/1126 1135/1135/1135 1134/1134/1134
f 1126/1126/1126 1136/1136/1136 1135/1135/1135
f 1135/1135/1135 1137/1137/1137 1134/1134/1134
f 1136/1136/1136 1138/1138/1138 1135/1135/1135
f 1134/1134/1134 1137/1137/1137 1139/1139/1139
f 1139/1139/1139 1138/1138/1138 1136/1136/1136
f 1140/1140/1140 1134/1134/1134 1139/1139/1139
f 1136/1136/1136 1140/1140/1140 1139/1139/1139
f 1136/1136/1136 1141/1141/1141 1140/1140/1140
f 1141/1141/1141 1142/1142/1142 1140/1140/1140
f 1145/1145/1145 1144/1144/1144 1143/1143/1143
f 1146/1146/1146 1145/1145/1145 1143/1143/1143
f 1147/1147/1147 1145/1145/1145 1146/1146/1146
f 1148/1148/1148 1145/1145/1145 1147/1147/1147
f 1146/1146/1146 1149/1149/1149 1147/1147/1147
f 1150/1150/1150 1148/1148/1148 1147/1147/1147
f 1151/1151/1151 1148/1148/1148 1150/1150/1150
f 1152/1152/1152 1151/1151/1151 1150/1150/1150
f 1153/1153/1153 1151/1151/1151 1152/1152/1152
f 1154/1154/1154 1153/1153/1153 1152/1152/1152
f 1149/1149/1149 1155/1155/1155 1147/1147/1147
f 1149/1149/1149 1156/1156/1156 1155/1155/1155
f 1155/1155/1155 1156/1156/1156 1157/1157/1157
f 1158/1158/1158 1156/1156/1156 1149/1149/1149
f 1159/1159/1159 1158/1158/1158 1149/1149/1149
f 1156/1156/1156 1160/1160/1160 1157/1157/1157
f 1157/1157/1157 1160/1160/1160 1161/1161/1161
f 1160/1160/1160 1162/1162/1162 1161/1161/1161
f 1161/1161/1161 1162/1162/1162 1163/1163/1163
f 1162/1162/1162 1164/1164/1164 1163/1163/1163
f 1167/1167/1167 1166/1166/1166 1165/1165/1165
f 1166/1166/1166 1168/1168/1168 1165/1165/1165
f 1165/1165/1165 1168/1168/1168 1169/1169/1169
f 1168/1168/1168 1170/1170/1170 1169/1169/1169
f 1173/1173/1173 1172/1172/1172 1171/1171/1171
f 1174/1174/1174 1173/1173/1173 1171/1171/1171
f 1175/1175/1175 1173/1173/1173 1174/1174/1174
f 1176/1176/1176 1175/1175/1175 1174/1174/1174
f 1177/1177/1177 1175/1175/1175 1176/1176/1176
f 1178/1178/1178 1177/1177/1177 1176/1176/1176
f 1179/1179/1179 1177/1177/1177 1178/1178/1178
f 1180/1180/1180 1179/1179/1179 1178/1178/1178
f 1179/1179/1179 1180/1180/1180 1181/1181/1181
f 1182/1182/1182 1179/1179/1179 1181/1181/1181
f 1182/1182/1182 1181/1181/1181 1183/1183/1183
f 1184/1184/1184 1182/1182/1182 1183/1183/1183
f 1187/1187/1187 1186/1186/1186 1185/1185/1185
f 1188/1188/1188 1187/1187/1187 1185/1185/1185
f 1191/1191/1191 1190/1190/1190 1189/1189/1189
f 1192/1192/1192 1191/1191/1191 1189/1189/1189
f 1195/1195/1195 1194/1194/1194 1193/1193/1193
f 1196/1196/1196 1195/1195/1195 1193/1193/1193
f 1199/1199/1199 1198/1198/1198 1197/1197/1197
f 1200/1200/1200 1199/1199/1199 1197/1197/1197
f 1203/1203/1203 1202/1202/1202 1201/1201/1201
f 1204/1204/1204 1203/1203/1203 1201/1201/1201
f 1207/1207/1207 1206/1206/1206 1205/1205/1205
f 1208/1208/1208 1207/1207/1207 1205/1205/1205
f 1211/1211/1211 1210/1210/1210 1209/1209/1209
f 1212/1212/1212 1211/1211/1211 1209/1209/1209
f 1215/1215/1215 1214/1214/1214 1213/1213/1213
f 1214/1214/1214 1216/1216/1216 1213/1213/1213
f 1216/1216/1216 1217/1217/1217 1213/1213/1213
f 1217/1217/1217 1218/1218/1218 1213/1213/1213
f 1217/1217/1217 1219/1219/1219 1218/1218/1218
f 1219/1219/1219 1220/1220/1220 1218/1218/1218
f 1223/1223/1223 1222/1222/1222 1221/1221/1221
f 1224/1224/1224 1223/1223/1223 1221/1221/1221
f 1225/1225/1225 1223/1223/1223 1224/1224/1224
f 1226/1226/1226 1225/1225/1225 1224/1224/1224
f 1227/1227/1227 1225/1225/1225 1226/1226/1226
f 1228/1228/1228 1227/1227/1227 1226/1226/1226
f 1231/1231/1231 1230/1230/1230 1229/1229/1229
f 1229/1229/1229 1232/1232/1232 1231/1231/1231
f 1232/1232/1232 1233/1233/1233 1231/1231/1231
f 1232/1232/1232 1234/1234/1234 1233/1233/1233
f 1231/1231/1231 1233/1233/1233 1235/1235/1235
f 1232/1232/1232 1236/1236/1236 1234/1234/1234
f 1236/1236/1236 1237/1237/1237 1234/1234/1234
f 1235/1235/1235 1237/1237/1237 1236/1236/1236
f 1238/1238/1238 1231/1231/1231 1235/1235/1235
f 1236/1236/1236 1238/1238/1238 1235/1235/1235
f 1236/1236/1236 1239/1239/1239 1238/1238/1238
f 1236/1236/1236 1240/1240/1240 1239/1239/1239
f 1240/1240/1240 1241/1241/1241 1239/1239/1239
f 1239/1239/1239 1242/1242/1242 1238/1238/1238
f 1238/1238/1238 1242/1242/1242 1243/1243/1243
f 1244/1244/1244 1238/1238/1238 1243/1243/1243
f 1247/1247/1247 1246/1246/1246 1245/1245/1245
f 1248/1248/1248 1247/1247/1247 1245/1245/1245
f 1251/1251/1251 1250/1250/1250 1249/1249/1249
f 1252/1252/1252 1251/1251/1251 1249/1249/1249
f 1255/1255/1255 1254/1254/1254 1253/1253/1253
f 1256/1256/1256 1255/1255/1255 1253/1253/1253
f 1259/1259/1259 1258/1258/1258 1257/1257/1257
f 1260/1260/1260 1259/1259/1259 1257/1257/1257
f 1263/1263/1263 1262/1262/1262 1261/1261/1261
f 1264/1264/1264 1263/1263/1263 1261/1261/1261
f 1267/1267/1267 1266/1266/1266 1265/1265/1265
f 1268/1268/1268 1267/1267/1267 1265/1265/1265
f 1271/1271/1271 1270/1270/1270 1269/1269/1269
f 1272/1272/1272 1271/1271/1271 1269/1269/1269
f 1275/1275/1275 1274/1274/1274 1273/1273/1273
f 1276/1276/1276 1275/1275/1275 1273/1273/1273
f 1279/1279/1279 1278/1278/1278 1277/1277/1277
f 1280/1280/1280 1279/1279/1279 1277/1277/1277
f 1283/1283/1283 1282/1282/1282 1281/1281/1281
f 1284/1284/1284 1283/1283/1283 1281/1281/1281
f 1287/1287/1287 1286/1286/1286 1285/1285/1285
f 1288/1288/1288 1287/1287/1287 1285/1285/1285
f 1291/1291/1291 1290/1290/1290 1289/1289/1289
f 1292/1292/1292 1291/1291/1291 1289/1289/1289
f 1295/1295/1295 1294/1294/1294 1293/1293/1293
f 1296/1296/1296 1295/1295/1295 1293/1293/1293
f 1299/1299/1299 1298/1298/1298 1297/1297/1297
f 1300/1300/1300 1299/1299/1299 1297/1297/1297
f 1303/1303/1303 1302/1302/1302 1301/1301/1301
f 1302/1302/1302 1304/1304/1304 1301/1301/1301
f 1301/1301/1301 1304/1304/1304 1305/1305/1305
f 1304/1304/1304 1306/1306/1306 1305/1305/1305
f 1304/1304/1304 1302/1302/1302 1307/1307/1307
f 1307/1307/1307 1302/1302/1302 1308/1308/1308
f 1309/1309/1309 1304/1304/1304 1307/1307/1307
f 1306/1306/1306 1304/1304/1304 1309/1309/1309
f 1310/1310/1310 1306/1306/1306 1309/1309/1309
f 1313/1313/1313 1312/1312/1312 1311/1311/1311
f 1312/1312/1312 1314/1314/1314 1311/1311/1311
f 1312/1312/1312 1315/1315/1315 1314/1314/1314
f 1315/1315/1315 1316/1316/1316 1314/1314/1314
f 1319/1319/1319 1318/1318/1318 1317/1317/1317
f 1320/1320/1320 1319/1319/1319 1317/1317/1317
f 1323/1323/1323 1322/1322/1322 1321/1321/1321
f 1324/1324/1324 1323/1323/1323 1321/1321/1321
f 1325/1325/1325 1323/1323/1323 1324/1324/1324
f 1326/1326/1326 1325/1325/1325 1324/1324/1324
f 1329/1329/1329 1328/1328/1328 1327/1327/1327
f 1330/1330/1330 1329/1329/1329 1327/1327/1327
f 1331/1331/1331 1329/1329/1329 1330/1330/1330
f 1332/1332/1332 1331/1331/1331 1330/1330/1330
f 1335/1335/1335 1334/1334/1334 1333/1333/1333
f 1336/1336/1336 1335/1335/1335 1333/1333/1333
f 1339/1339/1339 1338/1338/1338 1337/1337/1337
f 1340/1340/1340 1339/1339/1339 1337/1337/1337
f 1343/1343/1343 1342/1342/1342 1341/1341/1341
f 1342/1342/1342 1344/1344/1344 1341/1341/1341
f 1341/1341/1341 1344/1344/1344 1345/1345/1345
f 1344/1344/1344 1346/1346/1346 1345/1345/1345
f 1349/1349/1349 1348/1348/1348 1347/1347/1347
f 1348/1348/1348 1350/1350/1350 1347/1347/1347
f 1348/1348/1348 1351/1351/1351 1350/1350/1350
f 1351/1351/1351 1352/1352/1352 1350/1350/1350
f 1352/1352/1352 1351/1351/1351 1353/1353/1353
f 1351/1351/1351 1354/1354/1354 1353/1353/1353
f 1353/1353/1353 1354/1354/1354 1355/1355/1355
f 1354/1354/1354 1356/1356/1356 1355/1355/1355
f 1355/1355/1355 1356/1356/1356 1357/1357/1357
f 1356/1356/1356 1358/1358/1358 1357/1357/1357
f 1357/1357/1357 1358/1358/1358 1359/1359/1359
f 1359/1359/1359 1361/1361/1361 1360/1360/1360
f 1361/1361/1361 1362/1362/1362 1360/1360/1360
f 1360/1360/1360 1362/1362/1362 1363/1363/1363
f 1362/1362/1362 1364/1364/1364 1363/1363/1363
f 1363/1363/1363 1364/1364/1364 1365/1365/1365
f 1364/1364/1364 1366/1366/1366 1365/1365/1365
f 1365/1365/1365 1366/1366/1366 1367/1367/1367
f 1366/1366/1366 1368/1368/1368 1367/1367/1367
f 1368/1368/1368 1369/1369/1369 1367/1367/1367
f 1369/1369/1369 1370/1370/1370 1367/1367/1367
f 1369/1369/1369 1371/1371/1371 1370/1370/1370
f 1371/1371/1371 1372/1372/1372 1370/1370/1370
f 1375/1375/1375 1374/1374/1374 1373/1373/1373
f 1376/1376/1376 1375/1375/1375 1373/1373/1373
f 1379/1379/1379 1378/1378/1378 1377/1377/1377
f 1380/1380/1380 1379/1379/1379 1377/1377/1377
f 1383/1383/1383 1382/1382/1382 1381/1381/1381
f 1384/1384/1384 1383/1383/1383 1381/1381/1381
f 1387/1387/1387 1386/1386/1386 1385/1385/1385
f 1388/1388/1388 1387/1387/1387 1385/1385/1385
f 1391/1391/1391 1390/1390/1390 1389/1389/1389
f 1392/1392/1392 1391/1391/1391 1389/1389/1389
f 1395/1395/1395 1394/1394/1394 1393/1393/1393
f 1396/1396/1396 1395/1395/1395 1393/1393/1393
f 1399/1399/1399 1398/1398/1398 1397/1397/1397
f 1400/1400/1400 1399/1399/1399 1397/1397/1397
f 1403/1403/1403 1402/1402/1402 1401/1401/1401
f 1404/1404/1404 1403/1403/1403 1401/1401/1401
f 1407/1407/1407 1406/1406/1406 1405/1405/1405
f 1408/1408/1408 1407/1407/1407 1405/1405/1405
f 1411/1411/1411 1410/1410/1410 1409/1409/1409
f 1412/1412/1412 1411/1411/1411 1409/1409/1409
f 1415/1415/1415 1414/1414/1414 1413/1413/1413
f 1416/1416/1416 1415/1415/1415 1413/1413/1413
f 1419/1419/1419 1418/1418/1418 1417/1417/1417
f 1420/1420/1420 1419/1419/1419 1417/1417/1417
f 1423/1423/1423 1422/1422/1422 1421/1421/1421
f 1424/1424/1424 1423/1423/1423 1421/1421/1421
f 1427/1427/1427 1426/1426/1426 1425/1425/1425
f 1428/1428/1428 1427/1427/1427 1425/1425/1425
f 1431/1431/1431 1430/1430/1430 1429/1429/1429
f 1432/1432/1432 1431/1431/1431 1429/1429/1429
f 1435/1435/1435 1434/1434/1434 1433/1433/1433
f 1436/1436/1436 1435/1435/1435 1433/1433/1433
f 1439/1439/1439 1438/1438/1438 1437/1437/1437
f 1440/1440/1440 1439/1439/1439 1437/1437/1437
f 1443/1443/1443 1442/1442/1442 1441/1441/1441
f 1444/1444/1444 1443/1443/1443 1441/1441/1441
f 1447/1447/1447 1446/1446/1446 1445/1445/1445
f 1448/1448/1448 1447/1447/1447 1445/1445/1445
f 1451/1451/1451 1450/1450/1450 1449/1449/1449
f 1452/1452/1452 1451/1451/1451 1449/1449/1449
f 1455/1455/1455 1454/1454/1454 1453/1453/1453
f 1456/1456/1456 1455/1455/1455 1453/1453/1453
f 1456/1456/1456 1453/1453/1453 1457/1457/1457
f 1458/1458/1458 1456/1456/1456 1457/1457/1457
f 1458/1458/1458 1457/1457/1457 1459/1459/1459
f 1460/1460/1460 1456/1456/1456 1458/1458/1458
f 1461/1461/1461 1458/1458/1458 1459/1459/1459
f 1459/1459/1459 1462/1462/1462 1461/1461/1461
f 1462/1462/1462 1463/1463/1463 1461/1461/1461
f 1464/1464/1464 1460/1460/1460 1458/1458/1458
f 1460/1460/1460 1464/1464/1464 1465/1465/1465
f 1466/1466/1466 1460/1460/1460 1465/1465/1465
f 1466/1466/1466 1465/1465/1465 1467/1467/1467
f 1467/1467/1467 1465/1465/1465 1468/1468/1468
f 1469/1469/1469 1466/1466/1466 1467/1467/1467
f 1470/1470/1470 1466/1466/1466 1469/1469/1469
f 1471/1471/1471 1470/1470/1470 1469/1469/1469
f 1465/1465/1465 1472/1472/1472 1468/1468/1468
f 1473/1473/1473 1468/1468/1468 1472/1472/1472
f 1474/1474/1474 1473/1473/1473 1472/1472/1472
f 1477/1477/1477 1476/1476/1476 1475/1475/1475
f 1476/1476/1476 1478/1478/1478 1475/1475/1475
f 1475/1475/1475 1478/1478/1478 1479/1479/1479
f 1478/1478/1478 1480/1480/1480 1479/1479/1479
f 1479/1479/1479 1480/1480/1480 1481/1481/1481
f 1478/1478/1478 1482/1482/1482 1480/1480/1480
f 1480/1480/1480 1483/1483/1483 1481/1481/1481
f 1483/1483/1483 1484/1484/1484 1481/1481/1481
f 1484/1484/1484 1485/1485/1485 1481/1481/1481
f 1482/1482/1482 1486/1486/1486 1480/1480/1480
f 1486/1486/1486 1482/1482/1482 1487/1487/1487
f 1482/1482/1482 1488/1488/1488 1487/1487/1487
f 1487/1487/1487 1488/1488/1488 1489/1489/1489
f 1488/1488/1488 1490/1490/1490 1489/1489/1489
f 1488/1488/1488 1491/1491/1491 1490/1490/1490
f 1491/1491/1491 1492/1492/1492 1490/1490/1490
f 1487/1487/1487 1489/1489/1489 1493/1493/1493
f 1494/1494/1494 1487/1487/1487 1493/1493/1493
f 1495/1495/1495 1494/1494/1494 1493/1493/1493
f 1496/1496/1496 1495/1495/1495 1493/1493/1493
f 1499/1499/1499 1498/1498/1498 1497/1497/1497
f 1500/1500/1500 1499/1499/1499 1497/1497/1497
f 1499/1499/1499 1500/1500/1500 1501/1501/1501
f 1502/1502/1502 1499/1499/1499 1501/1501/1501
f 1505/1505/1505 1504/1504/1504 1503/1503/1503
f 1506/1506/1506 1505/1505/1505 1503/1503/1503
f 1509/1509/1509 1508/1508/1508 1507/1507/1507
f 1510/1510/1510 1509/1509/1509 1507/1507/1507
f 1510/1510/1510 1507/1507/1507 1511/1511/1511
f 1512/1512/1512 1510/1510/1510 1511/1511/1511
f 1512/1512/1512 1511/1511/1511 1513/1513/1513
f 1514/1514/1514 1512/1512/1512 1513/1513/1513
f 1515/1515/1515 1514/1514/1514 1513/1513/1513
f 1516/1516/1516 1515/1515/1515 1513/1513/1513
f 1519/1519/1519 1518/1518/1518 1517/1517/1517
f 1520/1520/1520 1519/1519/1519 1517/1517/1517
f 1523/1523/1523 1522/1522/1522 1521/1521/1521
f 1524/1524/1524 1523/1523/1523 1521/1521/1521
f 1527/1527/1527 1526/1526/1526 1525/1525/1525
f 1526/1526/1526 1528/1528/1528 1525/1525/1525
f 1525/1525/1525 1528/1528/1528 1529/1529/1529
f 1528/1528/1528 1530/1530/1530 1529/1529/1529
f 1529/1529/1529 1530/1530/1530 1531/1531/1531
f 1530/1530/1530 1532/1532/1532 1531/1531/1531
f 1532/1532/1532 1533/1533/1533 1531/1531/1531
f 1533/1533/1533 1534/1534/1534 1531/1531/1531
f 1537/1537/1537 1536/1536/1536 1535/1535/1535
f 1538/1538/1538 1537/1537/1537 1535/1535/1535
f 1541/1541/1541 1540/1540/1540 1539/1539/1539
f 1540/1540/1540 1542/1542/1542 1539/1539/1539
f 1539/1539/1539 1542/1542/1542 1543/1543/1543
f 1544/1544/1544 1539/1539/1539 1543/1543/1543
f 1544/1544/1544 1543/1543/1543 1545/1545/1545
f 1546/1546/1546 1544/1544/1544 1545/1545/1545
f 1547/1547/1547 1546/1546/1546 1545/1545/1545
f 1548/1548/1548 1547/1547/1547 1545/1545/1545
f 1549/1549/1549 1547/1547/1547 1548/1548/1548
f 1550/1550/1550 1549/1549/1549 1548/1548/1548
f 1550/1550/1550 1551/1551/1551 1549/1549/1549
f 1551/1551/1551 1552/1552/1552 1549/1549/1549
f 1555/1555/1555 1554/1554/1554 1553/1553/1553
f 1556/1556/1556 1555/1555/1555 1553/1553/1553
f 1559/1559/1559 1558/1558/1558 1557/1557/1557
f 1560/1560/1560 1559/1559/1559 1557/1557/1557
f 1563/1563/1563 1562/1562/1562 1561/1561/1561
f 1564/1564/1564 1563/1563/1563 1561/1561/1561
f 1567/1567/1567 1566/1566/1566 1565/1565/1565
f 1568/1568/1568 1567/1567/1567 1565/1565/1565
f 1571/1571/1571 1570/1570/1570 1569/1569/1569
f 1572/1572/1572 1571/1571/1571 1569/1569/1569
f 1575/1575/1575 1574/1574/1574 1573/1573/1573
f 1576/1576/1576 1575/1575/1575 1573/1573/1573
f 1579/1579/1579 1578/1578/1578 1577/1577/1577
f 1580/1580/1580 1579/1579/1579 1577/1577/1577
f 1583/1583/1583 1582/1582/1582 1581/1581/1581
f 1584/1584/1584 1583/1583/1583 1581/1581/1581
f 1587/1587/1587 1586/1586/1586 1585/1585/1585
f 1586/1586/1586 1588/1588/1588 1585/1585/1585
f 1585/1585/1585 1588/1588/1588 1589/1589/1589
f 1588/1588/1588 1590/1590/1590 1589/1589/1589
f 1589/1589/1589 1590/1590/1590 1591/1591/1591
f 1588/1588/1588 1592/1592/1592 1590/1590/1590
f 1590/1590/1590 1593/1593/1593 1591/1591/1591
f 1594/1594/1594 1591/1591/1591 1593/1593/1593
f 1595/1595/1595 1594/1594/1594 1593/1593/1593
f 1592/1592/1592 1596/1596/1596 1590/1590/1590
f 1596/1596/1596 1592/1592/1592 1597/1597/1597
f 1592/1592/1592 1598/1598/1598 1597/1597/1597
f 1597/1597/1597 1598/1598/1598 1599/1599/1599
f 1597/1597/1597 1599/1599/1599 1600/1600/1600
f 1598/1598/1598 1601/1601/1601 1599/1599/1599
f 1598/1598/1598 1602/1602/1602 1601/1601/1601
f 1602/1602/1602 1603/1603/1603 1601/1601/1601
f 1604/1604/1604 1597/1597/1597 1600/1600/1600
f 1600/1600/1600 1605/1605/1605 1604/1604/1604
f 1605/1605/1605 1606/1606/1606 1604/1604/1604
f 1609/1609/1609 1608/1608/1608 1607/1607/1607
f 1610/1610/1610 1609/1609/1609 1607/1607/1607
f 1610/1610/1610 1607/1607/1607 1611/1611/1611
f 1612/1612/1612 1610/1610/1610 1611/1611/1611
f 1612/1612/1612 1611/1611/1611 1613/1613/1613
f 1614/1614/1614 1610/1610/1610 1612/1612/1612
f 1615/1615/1615 1612/1612/1612 1613/1613/1613
f 1616/1616/1616 1615/1615/1615 1613/1613/1613
f 1617/1617/1617 1616/1616/1616 1613/1613/1613
f 1618/1618/1618 1614/1614/1614 1612/1612/1612
f 1614/1614/1614 1618/1618/1618 1619/1619/1619
f 1620/1620/1620 1614/1614/1614 1619/1619/1619
f 1620/1620/1620 1619/1619/1619 1621/1621/1621
f 1622/1622/1622 1620/1620/1620 1621/1621/1621
f 1623/1623/1623 1620/1620/1620 1622/1622/1622
f 1624/1624/1624 1623/1623/1623 1622/1622/1622
f 1621/1621/1621 1619/1619/1619 1625/1625/1625
f 1619/1619/1619 1626/1626/1626 1625/1625/1625
f 1626/1626/1626 1627/1627/1627 1625/1625/1625
f 1627/1627/1627 1628/1628/1628 1625/1625/1625
f 1631/1631/1631 1630/1630/1630 1629/1629/1629
f 1630/1630/1630 1632/1632/1632 1629/1629/1629
f 1632/1632/1632 1630/1630/1630 1633/1633/1633
f 1630/1630/1630 1634/1634/1634 1633/1633/1633
f 1637/1637/1637 1636/1636/1636 1635/1635/1635
f 1638/1638/1638 1637/1637/1637 1635/1635/1635
f 1641/1641/1641 1640/1640/1640 1639/1639/1639
f 1640/1640/1640 1642/1642/1642 1639/1639/1639
f 1639/1639/1639 1642/1642/1642 1643/1643/1643
f 1642/1642/1642 1644/1644/1644 1643/1643/1643
f 1643/1643/1643 1644/1644/1644 1645/1645/1645
f 1644/1644/1644 1646/1646/1646 1645/1645/1645
f 1646/1646/1646 1647/1647/1647 1645/1645/1645
f 1647/1647/1647 1648/1648/1648 1645/1645/1645
f 1651/1651/1651 1650/1650/1650 1649/1649/1649
f 1652/1652/1652 1651/1651/1651 1649/1649/1649
f 1655/1655/1655 1654/1654/1654 1653/1653/1653
f 1656/1656/1656 1655/1655/1655 1653/1653/1653
f 1659/1659/1659 1658/1658/1658 1657/1657/1657
f 1660/1660/1660 1659/1659/1659 1657/1657/1657
f 1660/1660/1660 1657/1657/1657 1661/1661/1661
f 1662/1662/1662 1660/1660/1660 1661/1661/1661
f 1662/1662/1662 1661/1661/1661 1663/1663/1663
f 1664/1664/1664 1662/1662/1662 1663/1663/1663
f 1665/1665/1665 1664/1664/1664 1663/1663/1663
f 1666/1666/1666 1665/1665/1665 1663/1663/1663
f 1669/1669/1669 1668/1668/1668 1667/1667/1667
f 1670/1670/1670 1669/1669/1669 1667/1667/1667
f 1673/1673/1673 1672/1672/1672 1671/1671/1671
f 1674/1674/1674 1673/1673/1673 1671/1671/1671
f 1674/1674/1674 1671/1671/1671 1675/1675/1675
f 1671/1671/1671 1676/1676/1676 1675/1675/1675
f 1675/1675/1675 1676/1676/1676 1677/1677/1677
f 1676/1676/1676 1678/1678/1678 1677/1677/1677
f 1678/1678/1678 1679/1679/1679 1677/1677/1677
f 1679/1679/1679 1680/1680/1680 1677/1677/1677
f 1679/1679/1679 1681/1681/1681 1680/1680/1680
f 1681/1681/1681 1682/1682/1682 1680/1680/1680
f 1683/1683/1683 1682/1682/1682 1681/1681/1681
f 1684/1684/1684 1683/1683/1683 1681/1681/1681
f 1687/1687/1687 1686/1686/1686 1685/1685/1685
f 1686/1686/1686 1688/1688/1688 1685/1685/1685
f 1686/1686/1686 1689/1689/1689 1688/1688/1688
f 1689/1689/1689 1690/1690/1690 1688/1688/1688
f 1689/1689/1689 1691/1691/1691 1690/1690/1690
f 1691/1691/1691 1692/1692/1692 1690/1690/1690
f 1691/1691/1691 1693/1693/1693 1692/1692/1692
f 1693/1693/1693 1694/1694/1694 1692/1692/1692
f 1697/1697/1697 1696/1696/1696 1695/1695/1695
f 1696/1696/1696 1698/1698/1698 1695/1695/1695
f 1696/1696/1696 1699/1699/1699 1698/1698/1698
f 1699/1699/1699 1700/1700/1700 1698/1698/1698
f 1699/1699/1699 1701/1701/1701 1700/1700/1700
f 1701/1701/1701 1702/1702/1702 1700/1700/1700
f 1705/1705/1705 1704/1704/1704 1703/1703/1703
f 1704/1704/1704 1706/1706/1706 1703/1703/1703
f 1703/1703/1703 1706/1706/1706 1707/1707/1707
f 1706/1706/1706 1708/1708/1708 1707/1707/1707
f 1707/1707/1707 1708/1708/1708 1709/1709/1709
f 1708/1708/1708 1710/1710/1710 1709/1709/1709
f 1713/1713/1713 1712/1712/1712 1711/1711/1711
f 1714/1714/1714 1713/1713/1713 1711/1711/1711
f 1715/1715/1715 1713/1713/1713 1714/1714/1714
f 1716/1716/1716 1715/1715/1715 1714/1714/1714
f 1717/1717/1717 1715/1715/1715 1716/1716/1716
f 1718/1718/1718 1717/1717/1717 1716/1716/1716
f 1719/1719/1719 1717/1717/1717 1718/1718/1718
f 1720/1720/1720 1719/1719/1719 1718/1718/1718
f 1723/1723/1723 1722/1722/1722 1721/1721/1721
f 1721/1721/1721 1722/1722/1722 1724/1724/1724
f 1725/1725/1725 1723/1723/1723 1721/1721/1721
f 1722/1722/1722 1726/1726/1726 1724/1724/1724
f 1727/1727/1727 1723/1723/1723 1725/1725/1725
f 1724/1724/1724 1726/1726/1726 1728/1728/1728
f 1729/1729/1729 1727/1727/1727 1725/1725/1725
f 1726/1726/1726 1730/1730/1730 1728/1728/1728
f 1731/1731/1731 1727/1727/1727 1729/1729/1729
f 1728/1728/1728 1730/1730/1730 1732/1732/1732
f 1733/1733/1733 1731/1731/1731 1729/1729/1729
f 1730/1730/1730 1734/1734/1734 1732/1732/1732
f 1734/1734/1734 1731/1731/1731 1733/1733/1733
f 1732/1732/1732 1734/1734/1734 1733/1733/1733
f 1737/1737/1737 1736/1736/1736 1735/1735/1735
f 1738/1738/1738 1737/1737/1737 1735/1735/1735
f 1735/1735/1735 1736/1736/1736 1739/1739/1739
f 1740/1740/1740 1737/1737/1737 1738/1738/1738
f 1736/1736/1736 1741/1741/1741 1739/1739/1739
f 1742/1742/1742 1740/1740/1740 1738/1738/1738
f 1739/1739/1739 1741/1741/1741 1743/1743/1743
f 1744/1744/1744 1740/1740/1740 1742/1742/1742
f 1741/1741/1741 1745/1745/1745 1743/1743/1743
f 1746/1746/1746 1744/1744/1744 1742/1742/1742
f 1743/1743/1743 1745/1745/1745 1747/1747/1747
f 1748/1748/1748 1744/1744/1744 1746/1746/1746
f 1745/1745/1745 1748/1748/1748 1747/1747/1747
f 1747/1747/1747 1748/1748/1748 1746/1746/1746
f 1751/1751/1751 1750/1750/1750 1749/1749/1749
f 1749/1749/1749 1750/1750/1750 1752/1752/1752
f 1753/1753/1753 1751/1751/1751 1749/1749/1749
f 1750/1750/1750 1754/1754/1754 1752/1752/1752
f 1755/1755/1755 1751/1751/1751 1753/1753/1753
f 1752/1752/1752 1754/1754/1754 1756/1756/1756
f 1756/1756/1756 1755/1755/1755 1753/1753/1753
f 1754/1754/1754 1755/1755/1755 1756/1756/1756
f 1759/1759/1759 1758/1758/1758 1757/1757/1757
f 1760/1760/1760 1759/1759/1759 1757/1757/1757
f 1757/1757/1757 1758/1758/1758 1761/1761/1761
f 1762/1762/1762 1759/1759/1759 1760/1760/1760
f 1758/1758/1758 1763/1763/1763 1761/1761/1761
f 1764/1764/1764 1762/1762/1762 1760/1760/1760
f 1761/1761/1761 1763/1763/1763 1764/1764/1764
f 1763/1763/1763 1762/1762/1762 1764/1764/1764
f 1767/1767/1767 1766/1766/1766 1765/1765/1765
f 1765/1765/1765 1766/1766/1766 1768/1768/1768
f 1769/1769/1769 1767/1767/1767 1765/1765/1765
f 1766/1766/1766 1770/1770/1770 1768/1768/1768
f 1771/1771/1771 1767/1767/1767 1769/1769/1769
f 1768/1768/1768 1770/1770/1770 1772/1772/1772
f 1772/1772/1772 1771/1771/1771 1769/1769/1769
f 1770/1770/1770 1771/1771/1771 1772/1772/1772
f 1775/1775/1775 1774/1774/1774 1773/1773/1773
f 1776/1776/1776 1775/1775/1775 1773/1773/1773
f 1773/1773/1773 1774/1774/1774 1777/1777/1777
f 1778/1778/1778 1775/1775/1775 1776/1776/1776
f 1774/1774/1774 1779/1779/1779 1777/1777/1777
f 1780/1780/1780 1778/1778/1778 1776/1776/1776
f 1777/1777/1777 1779/1779/1779 1780/1780/1780
f 1779/1779/1779 1778/1778/1778 1780/1780/1780
f 1783/1783/1783 1782/1782/1782 1781/1781/1781
f 1781/1781/1781 1782/1782/1782 1784/1784/1784
f 1785/1785/1785 1783/1783/1783 1781/1781/1781
f 1782/1782/1782 1786/1786/1786 1784/1784/1784
f 1787/1787/1787 1783/1783/1783 1785/1785/1785
f 1784/1784/1784 1786/1786/1786 1788/1788/1788
f 1789/1789/1789 1787/1787/1787 1785/1785/1785
f 1786/1786/1786 1790/1790/1790 1788/1788/1788
f 1791/1791/1791 1787/1787/1787 1789/1789/1789
f 1788/1788/1788 1790/1790/1790 1792/1792/1792
f 1793/1793/1793 1791/1791/1791 1789/1789/1789
f 1790/1790/1790 1794/1794/1794 1792/1792/1792
f 1794/1794/1794 1791/1791/1791 1793/1793/1793
f 1792/1792/1792 1794/1794/1794 1793/1793/1793
f 1797/1797/1797 1796/1796/1796 1795/1795/1795
f 1798/1798/1798 1797/1797/1797 1795/1795/1795
f 1795/1795/1795 1796/1796/1796 1799/1799/1799
f 1800/1800/1800 1797/1797/1797 1798/1798/1798
f 1796/1796/1796 1801/1801/1801 1799/1799/1799
f 1802/1802/1802 1800/1800/1800 1798/1798/1798
f 1799/1799/1799 1801/1801/1801 1803/1803/1803
f 1804/1804/1804 1800/1800/1800 1802/1802/1802
f 1801/1801/1801 1805/1805/1805 1803/1803/1803
f 1806/1806/1806 1804/1804/1804 1802/1802/1802
f 1803/1803/1803 1805/1805/1805 1807/1807/1807
f 1808/1808/1808 1804/1804/1804 1806/1806/1806
f 1805/1805/1805 1808/1808/1808 1807/1807/1807
f 1807/1807/1807 1808/1808/1808 1806/1806/1806
f 1811/1811/1811 1810/1810/1810 1809/1809/1809
f 1809/1809/1809 1810/1810/1810 1812/1812/1812
f 1813/1813/1813 1811/1811/1811 1809/1809/1809
f 1810/1810/1810 1814/1814/1814 1812/1812/1812
f 1815/1815/1815 1811/1811/1811 1813/1813/1813
f 1812/1812/1812 1814/1814/1814 1816/1816/1816
f 1816/1816/1816 1815/1815/1815 1813/1813/1813
f 1814/1814/1814 1815/1815/1815 1816/1816/1816
f 1819/1819/1819 1818/1818/1818 1817/1817/1817
f 1820/1820/1820 1819/1819/1819 1817/1817/1817
f 1817/1817/1817 1818/1818/1818 1821/1821/1821
f 1822/1822/1822 1819/1819/1819 1820/1820/1820
f 1818/1818/1818 1823/1823/1823 1821/1821/1821
f 1824/1824/1824 1822/1822/1822 1820/1820/1820
f 1821/1821/1821 1823/1823/1823 1824/1824/1824
f 1823/1823/1823 1822/1822/1822 1824/1824/1824
f 1827/1827/1827 1826/1826/1826 1825/1825/1825
f 1825/1825/1825 1826/1826/1826 1828/1828/1828
f 1829/1829/1829 1827/1827/1827 1825/1825/1825
f 1826/1826/1826 1830/1830/1830 1828/1828/1828
f 1831/1831/1831 1827/1827/1827 1829/1829/1829
f 1828/1828/1828 1830/1830/1830 1832/1832/1832
f 1832/1832/1832 1831/1831/1831 1829/1829/1829
f 1830/1830/1830 1831/1831/1831 1832/1832/1832
f 1835/1835/1835 1834/1834/1834 1833/1833/1833
f 1836/1836/1836 1835/1835/1835 1833/1833/1833
f 1833/1833/1833 1834/1834/1834 1837/1837/1837
f 1838/1838/1838 1835/1835/1835 1836/1836/1836
f 1834/1834/1834 1839/1839/1839 1837/1837/1837
f 1840/1840/1840 1838/1838/1838 1836/1836/1836
f 1837/1837/1837 1839/1839/1839 1840/1840/1840
f 1839/1839/1839 1838/1838/1838 1840/1840/1840
