g HexaBase
v 1.377983 0.4916544 2.558281
v 1.389636 0.502751 2.683022
v 1.612559 0.3842493 2.682295
v 1.610979 0.3781305 2.558281
v 1.929623 0.5244769 2.558281
v 1.92271 0.531737 2.683023
v 2.124385 0.7910795 2.682295
v 2.130574 0.7923583 2.558281
v 2.012702 1.110725 2.683023
v 2.024355 1.121821 2.558281
v 2.130574 0.7923583 2.558281
v 2.124385 0.7910795 2.682295
v 1.42552 1.064124 2.558281
v 1.432433 1.056864 2.683022
v 1.226405 0.7355856 2.682295
v 1.220217 0.7343067 2.558281
v 1.682227 1.255905 2.558281
v 1.680647 1.249786 2.682295
v 1.432433 1.056864 2.683022
v 1.42552 1.064124 2.558281
v 1.610979 0.3781305 2.558281
v 1.612559 0.3842493 2.682295
v 1.92271 0.531737 2.683023
v 1.929623 0.5244769 2.558281
v 1.389636 0.502751 2.683022
v 1.92271 0.531737 2.683023
v 1.612559 0.3842493 2.682295
v 1.683874 0.7976053 2.685205
v 1.226405 0.7355856 2.682295
v 2.124385 0.7910795 2.682295
v 1.432433 1.056864 2.683022
v 2.012702 1.110725 2.683023
v 1.680647 1.249786 2.682295
v 1.680647 1.249786 2.682295
v 1.682227 1.255905 2.558281
v 2.024355 1.121821 2.558281
v 2.012702 1.110725 2.683023
v 1.220217 0.7343067 2.558281
v 1.226405 0.7355856 2.682295
v 1.389636 0.502751 2.683022
v 1.377983 0.4916544 2.558281
v -10.15926 0.02695012 3.105896
v -10.22072 -0.04610705 3.215291
v -10.1117 -0.02713656 3.121292
v -10.02673 0.1059434 2.864161
v -9.949515 0.01813293 2.889157
v -9.909775 0.137459 2.583748
v -9.824507 0.04049373 2.611349
v -9.799282 0.1116135 2.442121
v -9.745396 0.05033183 2.459564
v -9.697752 0.04787326 2.46488
v -9.594906 0.1191943 2.619278
v -9.634577 0.1022313 2.460672
v -9.69487 0.03318572 2.625936
v -9.547756 0.07797027 2.918245
v -9.638281 8.273125E-05 2.924275
v -9.482458 -0.01272225 3.182346
v -9.538218 -0.06069875 3.18606
v -9.455809 -0.09099126 3.301704
v -9.668022 0.08697581 2.460258
v -9.610426 0.2502954 2.592086
v -9.662117 0.1687801 2.444874
v -9.61977 0.1208551 2.616429
v -9.516268 0.2912447 2.879769
v -9.52473 0.1740243 2.901814
v -9.378347 0.3050797 3.130817
v -9.383559 0.2328784 3.144395
v -9.291871 0.2828047 3.245306
v -9.758101 0.0818336 2.452119
v -9.685995 0.06086469 2.621429
v -9.675116 0.08054996 2.460794
v -9.817304 0.06289411 2.607703
v -9.724185 -0.006653547 2.916872
v -9.843099 -0.004816294 2.904443
v -9.775944 -0.1225646 3.174019
v -9.849189 -0.1214335 3.166363
v -9.82585 -0.2009046 3.285619
v -9.990505 0.01449847 3.17959
v -10.01036 -0.05451512 3.273695
v -9.937843 -0.01233602 3.190178
v -9.925155 0.1032784 2.973413
v -9.839659 0.05971169 2.990605
v -9.859806 0.149874 2.737672
v -9.765396 0.1017668 2.756655
v -9.784504 0.1495135 2.648856
v -9.724838 0.1191099 2.660853
v -9.715569 0.1220472 2.661219
v -9.641329 0.2191403 2.746314
v -9.683587 0.1815073 2.652847
v -9.691933 0.1250565 2.759561
v -9.578198 0.2132785 2.987138
v -9.624025 0.1280768 2.999134
v -9.488674 0.1735985 3.19944
v -9.516903 0.1211193 3.206829
v -9.439547 0.1264575 3.296273
v -9.686538 0.1510222 2.658504
v -9.674597 0.3041961 2.726318
v -9.706632 0.2144005 2.644082
v -9.642801 0.2039154 2.74914
v -9.600225 0.3740222 2.953493
v -9.571431 0.2832081 2.974161
v -9.486587 0.4343812 3.148696
v -9.468851 0.378443 3.161427
v -9.408531 0.4469507 3.236799
v -9.784353 0.1890867 2.641139
v -9.848728 0.1368496 2.741341
v -9.764259 0.1257107 2.655562
v -9.880524 0.2371304 2.718519
v -9.968267 0.1539681 2.959132
v -9.997061 0.2447808 2.938466
v -10.11975 0.1664608 3.136777
v -10.13749 0.2223985 3.124048
v -10.21381 0.1846907 3.206304
v -9.753908 0.1207736 2.657577
v -9.675421 0.1393173 2.758451
v -9.690029 0.1441052 2.659503
v -9.776495 0.1024015 2.755405
v -9.669674 0.08865094 3.002204
v -9.761206 0.05522084 2.999446
v -9.662121 -0.00430131 3.216596
v -9.718502 -0.024894 3.214896
v -9.671546 -0.07391238 3.311875
v -2.715067 4.691624 3.154944
v -2.798454 4.617536 3.282753
v -2.66921 4.62107 3.172931
v -2.548531 4.760584 2.872519
v -2.474078 4.646039 2.901723
v -2.408 4.777284 2.719187
v -2.325787 4.650797 2.577154
v -2.284624 4.72876 2.350106
v -2.232667 4.648822 2.370485
v -2.178004 4.637941 2.376696
v -2.047071 4.703039 2.586417
v -2.095795 4.690122 2.37178
v -2.17715 4.620474 2.594196
v -1.999518 4.647426 2.935707
v -2.117314 4.572656 2.942752
v -1.939332 4.531559 3.244262
v -2.01189 4.485505 3.248601
v -1.921729 4.436579 3.38371
v -2.137035 4.678129 2.371296
v -2.042893 4.85722 2.728927
v -2.116405 4.771704 2.353322
v -2.075535 4.709154 2.583089
v -1.927129 4.888674 2.890755
v -1.956691 4.754585 2.91651
v -1.76535 4.881395 3.18406
v -1.783556 4.798805 3.199923
v -1.669134 4.841052 3.31782
v -2.24204 4.687384 2.361787
v -2.162218 4.650976 2.58893
v -2.14632 4.671897 2.371922
v -2.313679 4.675477 2.572895
v -2.217763 4.579363 2.934103
v -2.354925 4.601552 2.919582
v -2.297157 4.454096 3.234533
v -2.381642 4.467762 3.225588
v -2.36807 4.371949 3.364918
v -2.522079 4.648754 3.241041
v -2.465724 4.608846 3.253412
v -2.556678 4.57232 3.350986
v -2.431548 4.740363 3.000161
v -2.34006 4.67557 3.020247
v -2.348138 4.783204 2.72474
v -2.247111 4.711658 2.746918
v -2.261145 4.770082 2.591639
v -2.197296 4.724865 2.605655
v -2.186085 4.726697 2.606083
v -2.083875 4.826416 2.734837
v -2.13908 4.790041 2.596302
v -2.158252 4.726189 2.750313
v -2.01188 4.808989 3.016196
v -2.079236 4.718222 3.030211
v -1.91508 4.748011 3.264233
v -1.95657 4.692103 3.272866
v -1.866238 4.685222 3.377366
v -2.147634 4.755295 2.602911
v -2.107983 4.930361 2.711474
v -2.16017 4.831956 2.586061
v -2.088147 4.809063 2.738137
v -2.010222 4.998536 2.976888
v -1.992257 4.88869 3.001034
v -1.868665 5.049141 3.204948
v -1.857598 4.981481 3.219821
v -1.776304 5.050502 3.307881
v -2.254294 4.815806 2.582623
v -2.337529 4.766279 2.729027
v -2.241757 4.739148 2.599473
v -2.357366 4.887575 2.702363
v -2.472836 4.806239 2.983477
v -2.490801 4.916084 2.959331
v -2.645853 4.846243 3.191023
v -2.65692 4.913902 3.176151
v -2.751514 4.883188 3.272253
v -2.230624 4.731694 2.601827
v -2.136756 4.739888 2.749016
v -2.152838 4.747889 2.604078
v -2.259835 4.714266 2.745457
v -2.138663 4.680345 3.033798
v -2.250121 4.657141 3.030576
v -2.145614 4.571611 3.284276
v -2.21427 4.557318 3.282291
v -2.168257 4.492725 3.395594
v -4.238914 -8.365936 3.068874
v -4.300403 -8.419624 3.162406
v -4.205801 -8.417855 3.082037
v -4.116608 -8.316525 2.862192
v -4.062849 -8.400819 2.883564
v -4.013664 -8.305194 2.622442
v -3.954302 -8.398276 2.646041
v -3.923687 -8.341484 2.526624
v -3.886171 -8.400311 2.541538
v -3.846239 -8.408618 2.546084
v -3.750013 -8.361809 2.65282
v -3.785751 -8.370954 2.542486
v -3.845724 -8.421405 2.658513
v -3.715566 -8.402806 2.908434
v -3.80224 -8.456777 2.91359
v -3.672257 -8.487975 3.134238
v -3.725642 -8.52122 3.137414
v -3.659976 -8.557593 3.236288
v -3.816004 -8.379469 2.542132
v -3.74598 -8.249008 2.629571
v -3.800314 -8.311122 2.528978
v -3.770804 -8.357153 2.650384
v -3.661066 -8.226724 2.875538
v -3.683547 -8.324659 2.894386
v -3.542724 -8.233073 3.090181
v -3.556571 -8.293396 3.10179
v -3.472572 -8.263204 3.188068
v -3.892786 -8.372031 2.535173
v -3.834606 -8.399179 2.654659
v -3.822838 -8.383969 2.54259
v -3.945287 -8.380291 2.642924
v -3.875704 -8.451234 2.90726
v -3.975937 -8.434127 2.896634
v -3.934596 -8.542399 3.127119
v -3.996335 -8.531863 3.120572
v -3.98701 -8.602064 3.222536
v -4.09796 -8.398528 3.131881
v -4.123761 -8.454243 3.21234
v -4.056973 -8.428089 3.140934
v -4.03113 -8.332063 2.955602
v -3.96459 -8.380055 2.970301
v -3.969821 -8.30124 2.754046
v -3.896343 -8.354236 2.770277
v -3.906243 -8.311394 2.703381
v -3.859807 -8.344886 2.713639
v -3.851591 -8.343617 2.713952
v -3.776164 -8.271291 2.761435
v -3.816792 -8.297559 2.706794
v -3.831227 -8.344165 2.772761
v -3.72359 -8.2845 2.967337
v -3.773454 -8.350495 2.977593
v -3.653139 -8.329736 3.148853
v -3.683853 -8.370384 3.155171
v -3.617794 -8.375993 3.231645
v -3.823272 -8.322932 2.711631
v -3.793149 -8.195073 2.744338
v -3.83196 -8.266753 2.699299
v -3.779401 -8.283961 2.76385
v -3.721177 -8.145802 2.938571
v -3.708725 -8.226299 2.956241
v -3.617266 -8.109666 3.105468
v -3.609598 -8.159248 3.116352
v -3.549671 -8.109254 3.180795
v -3.900941 -8.277976 2.696783
v -3.962164 -8.313693 2.757183
v -3.892252 -8.334153 2.709115
v -3.975915 -8.224804 2.73767
v -4.060927 -8.283595 2.943393
v -4.073379 -8.203098 2.925723
v -4.187284 -8.253227 3.095278
v -4.194955 -8.203644 3.084394
v -4.264372 -8.225522 3.154722
v -3.884152 -8.33968 2.710837
v -3.815408 -8.334277 2.771812
v -3.827127 -8.328321 2.712484
v -3.905638 -8.352247 2.769207
v -3.817181 -8.377837 2.980218
v -3.898891 -8.394112 2.97786
v -3.822956 -8.457362 3.163521
v -3.873288 -8.467387 3.162068
v -3.840024 -8.514948 3.244985
v 2.82879 -1.406039 3.136653
v 2.725134 -1.386159 3.257589
v 2.80227 -1.481116 3.153673
v 2.976519 -1.491277 2.869416
v 2.933465 -1.613165 2.89705
v 3.070042 -1.587119 2.733702
v 3.022497 -1.721712 2.589935
v 3.104728 -1.707673 2.384469
v 3.074681 -1.792735 2.403753
v 3.098018 -1.840029 2.40963
v 3.222329 -1.900771 2.5987
v 3.184555 -1.871651 2.404978
v 3.085402 -1.850735 2.606061
v 3.207998 -1.96851 2.929207
v 3.083999 -1.923198 2.935872
v 3.155729 -2.080452 3.221168
v 3.07935 -2.052541 3.225274
v 3.094593 -2.148401 3.353118
v 3.151788 -1.847614 2.40452
v 3.340446 -1.815053 2.742919
v 3.233903 -1.809168 2.387512
v 3.210515 -1.875886 2.595551
v 3.430765 -1.883802 2.886672
v 3.313101 -1.938894 2.911042
v 3.518539 -2.009408 3.164204
v 3.446064 -2.043341 3.179214
v 3.543713 -2.104864 3.290771
v 3.098219 -1.763477 2.395523
v 3.116897 -1.844362 2.601078
v 3.141761 -1.844237 2.405112
v 3.047997 -1.716575 2.585905
v 3.031143 -1.843949 2.927689
v 2.968747 -1.728224 2.913949
v 2.891377 -1.856558 3.211963
v 2.852945 -1.785278 3.203499
v 2.788861 -1.850682 3.335336
v 2.907839 -1.575577 3.218121
v 2.830539 -1.593662 3.322154
v 2.910367 -1.640868 3.229827
v 3.028762 -1.590723 2.990194
v 3.032864 -1.696723 3.0092
v 3.108983 -1.62863 2.729584
v 3.113513 -1.745681 2.75057
v 3.14927 -1.70148 2.613013
v 3.152133 -1.775455 2.626276
v 3.159969 -1.782812 2.626681
v 3.29371 -1.80205 2.739138
v 3.234597 -1.781584 2.617426
v 3.175627 -1.803993 2.753782
v 3.322122 -1.866121 3.005367
v 3.215188 -1.867883 3.018629
v 3.332145 -1.97391 3.240065
v 3.266279 -1.974994 3.248234
v 3.313172 -2.04675 3.347114
v 3.203592 -1.795187 2.62368
v 3.357824 -1.724052 2.717032
v 3.253899 -1.7416 2.607735
v 3.278225 -1.808843 2.742262
v 3.465328 -1.75813 2.968174
v 3.393245 -1.834917 2.991021
v 3.584886 -1.835201 3.183969
v 3.540487 -1.882498 3.198042
v 3.639136 -1.903729 3.281366
v 3.187534 -1.680269 2.604482
v 3.102396 -1.646347 2.733641
v 3.137229 -1.733857 2.620427
v 3.181992 -1.561555 2.708411
v 3.054406 -1.521773 2.974407
v 3.126489 -1.444986 2.95156
v 2.984716 -1.368874 3.170793
v 3.029116 -1.321576 3.15672
v 2.95155 -1.268288 3.247654
v 3.138052 -1.746507 2.622654
v 3.198298 -1.81223 2.752555
v 3.195034 -1.795551 2.624783
v 3.108137 -1.73463 2.749188
v 3.152514 -1.845114 3.022022
v 3.070865 -1.774841 3.018973
v 3.066905 -1.90256 3.259031
v 3.016612 -1.859274 3.257153
v 2.994654 -1.931031 3.364362
v 5.178549 2.151941 3.046345
v 5.104086 2.136867 3.133395
v 5.181395 2.094699 3.058595
v 5.300215 2.13553 2.853985
v 5.304837 2.042596 2.873875
v 5.388677 2.09725 2.630847
v 5.39378 1.994626 2.652811
v 5.444707 2.026439 2.553746
v 5.447931 1.961583 2.567626
v 5.476392 1.936461 2.571856
v 5.575773 1.929965 2.65912
v 5.542662 1.939041 2.568508
v 5.470916 1.925885 2.664418
v 5.584732 1.880939 2.897022
v 5.489776 1.877245 2.90182
v 5.580503 1.792112 3.107179
v 5.522012 1.789835 3.110135
v 5.558347 1.73016 3.202158
v 5.514275 1.946099 2.568178
v 5.631021 2.019317 2.637482
v 5.558458 1.994132 2.555936
v 5.561108 1.94331 2.656853
v 5.709949 1.998203 2.866405
v 5.646637 1.929373 2.883947
v 5.802714 1.93853 3.066175
v 5.763717 1.896133 3.07698
v 5.845554 1.881835 3.15728
v 5.455615 1.987497 2.561702
v 5.490149 1.938732 2.660832
v 5.506674 1.945608 2.568604
v 5.409359 2.005014 2.64991
v 5.432928 1.915583 2.89593
v 5.359763 1.975608 2.886039
v 5.343294 1.869008 3.100553
v 5.298227 1.905979 3.094461
v 5.273415 1.844918 3.189359
v 5.277503 2.060628 3.104986
v 5.230963 2.027468 3.179869
v 5.297021 2.017837 3.113412
v 5.362171 2.083573 2.940922
v 5.393857 2.014101 2.954602
v 5.425951 2.080241 2.753332
v 5.460941 2.003526 2.768438
v 5.472679 2.042731 2.718254
v 5.494793 1.994249 2.727801
v 5.502021 1.991488 2.728092
v 5.596342 2.015209 2.760209
v 5.551385 2.012692 2.72143
v 5.518235 1.98166 2.77075
v 5.632767 1.980299 2.951843
v 5.562033 1.949917 2.961389
v 5.668885 1.911255 3.120781
v 5.625317 1.892542 3.126662
v 5.676147 1.857563 3.197836
v 5.534452 1.995162 2.725932
v 5.617735 2.084666 2.744297
v 5.553317 2.044592 2.714455
v 5.587887 2.006455 2.762457
v 5.698638 2.091338 2.925071
v 5.671608 2.02051 2.941517
v 5.799313 2.07267 3.080403
v 5.782662 2.029042 3.090533
v 5.854159 2.04185 3.15051
v 5.492368 2.067308 2.712113
v 5.426402 2.066643 2.756252
v 5.473504 2.017879 2.72359
v 5.45625 2.144855 2.738091
v 5.360415 2.136496 2.929558
v 5.387444 2.207323 2.913113
v 5.272238 2.219285 3.070919
v 5.288887 2.262912 3.060789
v 5.222674 2.277213 3.126244
v 5.477508 2.00968 2.725193
v 5.535583 1.982367 2.769866
v 5.528853 1.992583 2.726726
v 5.454341 2.009417 2.767442
v 5.514074 1.947961 2.963832
v 5.440504 1.972457 2.961637
v 5.472754 1.886318 3.134434
v 5.427437 1.901407 3.133081
v 5.432415 1.847622 3.210252
v -2.00486 -4.466274 3.136653
v -2.110203 -4.472795 3.257589
v -2.011877 -4.545588 3.153673
v -1.840575 -4.512099 2.869417
v -1.851966 -4.640864 2.89705
v -1.726157 -4.581673 2.733702
v -1.738739 -4.723862 2.589935
v -1.662581 -4.689815 2.384469
v -1.670532 -4.779676 2.403753
v -1.636168 -4.819681 2.40963
v -1.500656 -4.847603 2.5987
v -1.544485 -4.82879 2.404978
v -1.645725 -4.833189 2.606061
v -1.497693 -4.916778 2.929207
v -1.629064 -4.903724 2.935872
v -1.520481 -5.038202 3.221168
v -1.601402 -5.030162 3.225275
v -1.5628 -5.119219 3.353118
v -1.5822 -4.813657 2.40452
v -1.407566 -4.735205 2.742919
v -1.512225 -4.755998 2.387512
v -1.518287 -4.826439 2.595551
v -1.302987 -4.779334 2.886672
v -1.403256 -4.861956 2.911042
v -1.186736 -4.879168 3.164203
v -1.248495 -4.930058 3.179214
v -1.138615 -4.965366 3.290771
v -1.65501 -4.745483 2.395523
v -1.616804 -4.819183 2.601078
v -1.592752 -4.812881 2.405112
v -1.715317 -4.712544 2.585905
v -1.699966 -4.840109 2.927689
v -1.78918 -4.743536 2.913949
v -1.832206 -4.887078 3.211963
v -1.887157 -4.827595 3.203499
v -1.932964 -4.906879 3.335336
v -1.886135 -4.61083 3.218121
v -1.95651 -4.647569 3.322153
v -1.86745 -4.673442 3.229827
v -1.765243 -4.595428 2.990194
v -1.734912 -4.697079 3.0092
v -1.678116 -4.612197 2.729584
v -1.64462 -4.724444 2.750571
v -1.620978 -4.672739 2.613014
v -1.59981 -4.743679 2.626276
v -1.59039 -4.748857 2.626681
v -1.456067 -4.734231 2.739138
v -1.518412 -4.729109 2.617426
v -1.569957 -4.765479 2.753783
v -1.412615 -4.789227 3.005367
v -1.515752 -4.817525 3.018629
v -1.376101 -4.891136 3.240065
v -1.439629 -4.908565 3.248234
v -1.376366 -4.966407 3.347114
v -1.545061 -4.749996 2.62368
v -1.413363 -4.64274 2.717032
v -1.50966 -4.685581 2.607736
v -1.469376 -4.744662 2.742261
v -1.300761 -4.649014 2.968174
v -1.351486 -4.741315 2.991021
v -1.165793 -4.693933 3.183969
v -1.197037 -4.750787 3.198042
v -1.096208 -4.746819 3.281366
v -1.589192 -4.64268 2.604482
v -1.680091 -4.630995 2.733641
v -1.624591 -4.707093 2.620426
v -1.62408 -4.529074 2.708411
v -1.757551 -4.522267 2.974407
v -1.706828 -4.42997 2.95156
v -1.863075 -4.391502 3.170793
v -1.831831 -4.33465 3.15672
v -1.920212 -4.302323 3.247653
v -1.620647 -4.719142 2.622654
v -1.545951 -4.767819 2.752555
v -1.55326 -4.752475 2.624783
v -1.652576 -4.715077 2.749188
v -1.582119 -4.811056 3.022022
v -1.678678 -4.763293 3.018973
v -1.650753 -4.887986 3.259031
v -1.710231 -4.858566 3.257153
v -1.713654 -4.93353 3.364362
v 8.488794 -2.18845 3.152867
v 8.378151 -2.1953 3.279886
v 8.481424 -2.271753 3.170743
v 8.661343 -2.23658 2.872187
v 8.64938 -2.371824 2.90121
v 8.781516 -2.309654 2.720878
v 8.768304 -2.458996 2.578647
v 8.848289 -2.423236 2.354078
v 8.83994 -2.517618 2.374331
v 8.876032 -2.559635 2.380504
v 9.01836 -2.588963 2.587852
v 8.972326 -2.569203 2.375618
v 8.865994 -2.573823 2.595584
v 9.021474 -2.661616 2.934985
v 8.883494 -2.647906 2.941986
v 8.997538 -2.789147 3.241633
v 8.912547 -2.780704 3.245946
v 8.953091 -2.87424 3.38022
v 8.932716 -2.553308 2.375137
v 9.116135 -2.470909 2.730559
v 9.006211 -2.492749 2.357274
v 8.999843 -2.566732 2.584545
v 9.225974 -2.517258 2.89031
v 9.120663 -2.604036 2.915906
v 9.348073 -2.622114 3.181803
v 9.283208 -2.675564 3.197569
v 9.398614 -2.712649 3.314737
v 8.856243 -2.481705 2.365687
v 8.896371 -2.559112 2.59035
v 8.921633 -2.552491 2.375759
v 8.792902 -2.44711 2.574413
v 8.809025 -2.58109 2.93339
v 8.715324 -2.47966 2.918959
v 8.670133 -2.630422 3.231965
v 8.612417 -2.567947 3.223075
v 8.564306 -2.651218 3.361544
v 8.613491 -2.340277 3.238433
v 8.539577 -2.378865 3.347698
v 8.633116 -2.406039 3.250728
v 8.740464 -2.324102 2.99904
v 8.772321 -2.430865 3.019002
v 8.831975 -2.341713 2.725321
v 8.867155 -2.459607 2.747362
v 8.891987 -2.405302 2.594119
v 8.914219 -2.479808 2.608048
v 8.924112 -2.485248 2.608474
v 9.065194 -2.469887 2.735355
v 8.999713 -2.464506 2.598753
v 8.945575 -2.502706 2.750736
v 9.110832 -2.527649 3.014977
v 9.002505 -2.55737 3.028905
v 9.149181 -2.634684 3.261481
v 9.082458 -2.652991 3.270061
v 9.148906 -2.713741 3.373915
v 8.971723 -2.486444 2.605322
v 9.110046 -2.373795 2.712137
v 9.008906 -2.41879 2.588576
v 9.051215 -2.480844 2.738636
v 9.228312 -2.380382 2.975912
v 9.175035 -2.477326 2.999908
v 9.37007 -2.427561 3.202562
v 9.337254 -2.487275 3.217344
v 9.443156 -2.483108 3.304859
v 8.925372 -2.373731 2.585158
v 8.829899 -2.361458 2.729581
v 8.888192 -2.441383 2.601905
v 8.888729 -2.254408 2.703082
v 8.748545 -2.247261 2.982459
v 8.801818 -2.150318 2.958463
v 8.637712 -2.109917 3.188724
v 8.670527 -2.050205 3.173943
v 8.577701 -2.016251 3.269451
v 8.892334 -2.454039 2.604244
v 8.970788 -2.505164 2.749447
v 8.963112 -2.489048 2.606481
v 8.8588 -2.449769 2.74591
v 8.9328 -2.550575 3.03247
v 8.831385 -2.500411 3.029267
v 8.860713 -2.631377 3.281401
v 8.798244 -2.600477 3.279428
v 8.794648 -2.67921 3.39203
v 1.985913 4.882175 3.151731
v 1.958242 4.80355 3.169548
v 2.083483 4.830325 3.278333
v 1.809497 4.909676 2.871974
v 1.76457 4.782025 2.900902
v 1.670316 4.892939 2.721736
v 1.620707 4.751981 2.579399
v 1.56288 4.817421 2.356142
v 1.531528 4.728337 2.376328
v 1.481447 4.705099 2.382481
v 1.390126 4.736135 2.377611
v 1.340206 4.737195 2.588575
v 1.484703 4.688086 2.59628
v 1.307415 4.672556 2.934566
v 1.438268 4.628083 2.941544
v 1.27653 4.546965 3.240206
v 1.357131 4.519571 3.244504
v 1.281763 4.451423 3.378337
v 1.432624 4.73422 2.377132
v 1.390916 4.819484 2.359327
v 1.300184 4.88464 2.731385
v 1.366177 4.749726 2.585278
v 1.181401 4.887889 2.890038
v 1.241166 4.765712 2.91555
v 1.027364 4.843108 3.180572
v 1.064174 4.767855 3.196286
v 0.9441636 4.781808 3.313069
v 1.531546 4.767646 2.367713
v 1.443018 4.73039 2.377752
v 1.463208 4.713962 2.591064
v 1.603289 4.772913 2.57518
v 1.533398 4.657993 2.932976
v 1.660256 4.71138 2.918593
v 1.639075 4.555943 3.230569
v 1.717213 4.588826 3.221709
v 1.72652 4.493423 3.359723
v 1.810144 4.795847 3.237016
v 1.765213 4.74427 3.24927
v 1.861297 4.730347 3.345922
v 1.701605 4.862896 2.998411
v 1.628663 4.779162 3.018306
v 1.611308 4.884661 2.725591
v 1.530759 4.792199 2.74756
v 1.530628 4.851716 2.595393
v 1.479722 4.793281 2.609277
v 1.468503 4.792427 2.609701
v 1.408462 4.842429 2.600012
v 1.346827 4.864555 2.735592
v 1.441829 4.785439 2.750923
v 1.281591 4.830969 3.014294
v 1.367625 4.75932 3.028177
v 1.202646 4.749667 3.259988
v 1.255638 4.705536 3.26854
v 1.170289 4.677819 3.372052
v 1.42481 4.810979 2.60656
v 1.418978 4.887703 2.589868
v 1.345765 4.970247 2.71245
v 1.354992 4.848849 2.738862
v 1.235738 5.013049 2.975358
v 1.244092 4.903111 2.999276
v 1.087653 5.02871 3.201263
v 1.092798 4.960994 3.215996
v 0.998426 5.008456 3.303224
v 1.513357 4.894134 2.586462
v 1.519188 4.817411 2.603154
v 1.605048 4.86589 2.729837
v 1.595823 4.987287 2.703425
v 1.725969 4.93595 2.981884
v 1.717616 5.045887 2.957967
v 1.883182 5.014856 3.18747
v 1.878038 5.082573 3.172738
v 1.97627 5.075093 3.267932
v 1.510211 4.807637 2.605485
v 1.43155 4.805064 2.607714
v 1.417936 4.793608 2.749638
v 1.542399 4.797679 2.746113
v 1.433675 4.736733 3.03173
v 1.546387 4.740421 3.028538
v 1.465755 4.633684 3.279843
v 1.535183 4.635956 3.277876
v 1.505971 4.563033 3.390109
v -1.387548 -7.373371 3.068874
v -1.449036 -7.42706 3.162406
v -1.354435 -7.425292 3.082037
v -1.265242 -7.323962 2.862193
v -1.211483 -7.408255 2.883564
v -1.162298 -7.312631 2.622442
v -1.102936 -7.405711 2.646041
v -1.072321 -7.34892 2.526625
v -1.034804 -7.407746 2.541539
v -0.9948728 -7.416053 2.546084
v -0.8986459 -7.369245 2.65282
v -0.9343829 -7.378389 2.542486
v -0.9943576 -7.428841 2.658513
v -0.8641994 -7.410243 2.908434
v -0.9508741 -7.464211 2.91359
v -0.8208885 -7.495413 3.134238
v -0.8742764 -7.528656 3.137414
v -0.808609 -7.56503 3.236288
v -0.9646368 -7.386906 2.542132
v -0.8946121 -7.256444 2.629571
v -0.9489481 -7.318559 2.528978
v -0.9194367 -7.36459 2.650384
v -0.8097 -7.234159 2.875538
v -0.8321807 -7.332095 2.894386
v -0.6913579 -7.240508 3.090181
v -0.7052038 -7.300832 3.101791
v -0.6212046 -7.27064 3.188069
v -1.04142 -7.379466 2.535173
v -0.9832392 -7.406614 2.654659
v -0.9714708 -7.391406 2.54259
v -1.093919 -7.387727 2.642924
v -1.024338 -7.458669 2.90726
v -1.12457 -7.441564 2.896634
v -1.08323 -7.549836 3.127119
v -1.144969 -7.539299 3.120572
v -1.135643 -7.609501 3.222536
v -1.246593 -7.405963 3.131881
v -1.272393 -7.461679 3.212341
v -1.205606 -7.435526 3.140935
v -1.179764 -7.339499 2.955602
v -1.113224 -7.387491 2.970301
v -1.118455 -7.308677 2.754046
v -1.044977 -7.36167 2.770277
v -1.054877 -7.31883 2.703381
v -1.00844 -7.352323 2.713639
v -1.000224 -7.351053 2.713952
v -0.9247973 -7.278727 2.761435
v -0.9654248 -7.304996 2.706794
v -0.9798598 -7.351602 2.772761
v -0.8722234 -7.291935 2.967337
v -0.9220872 -7.35793 2.977593
v -0.8017733 -7.337171 3.148853
v -0.8324871 -7.37782 3.155171
v -0.7664285 -7.383429 3.231645
v -0.9719055 -7.330368 2.711631
v -0.941782 -7.202508 2.744338
v -0.9805934 -7.27419 2.699299
v -0.9280336 -7.291397 2.763851
v -0.8698103 -7.153238 2.938571
v -0.8573592 -7.233735 2.956242
v -0.7659001 -7.117102 3.105468
v -0.7582309 -7.166684 3.116352
v -0.6983042 -7.116691 3.180795
v -1.049574 -7.285413 2.696783
v -1.110799 -7.321129 2.757183
v -1.040885 -7.341589 2.709115
v -1.124547 -7.232242 2.73767
v -1.209561 -7.29103 2.943393
v -1.222013 -7.210534 2.925723
v -1.335918 -7.260663 3.095278
v -1.343589 -7.211081 3.084394
v -1.413005 -7.232958 3.154722
v -1.032785 -7.347114 2.710837
v -0.9640427 -7.341712 2.771812
v -0.9757595 -7.335757 2.712484
v -1.054271 -7.359683 2.769207
v -0.9658144 -7.385272 2.980218
v -1.047525 -7.401547 2.97786
v -0.9715903 -7.464797 3.163521
v -1.021922 -7.474823 3.162069
v -0.988658 -7.522383 3.244985
v 4.612002 -9.621728 3.136653
v 4.506607 -9.627309 3.257589
v 4.604277 -9.700976 3.153673
v 4.775873 -9.669023 2.869417
v 4.76333 -9.797681 2.89705
v 4.889664 -9.739618 2.733702
v 4.875811 -9.881688 2.589935
v 4.952269 -9.848323 2.384469
v 4.943515 -9.93811 2.403753
v 4.977521 -9.97842 2.40963
v 5.112777 -10.00755 2.598701
v 5.069119 -9.988351 2.404978
v 4.967844 -9.991844 2.606062
v 5.115122 -10.07675 2.929207
v 4.983871 -10.06252 2.935873
v 5.091249 -10.19797 3.221169
v 5.010402 -10.1892 3.225275
v 5.048207 -10.2786 3.353118
v 5.03154 -9.972879 2.40452
v 5.20687 -9.895993 2.742919
v 5.102029 -9.915851 2.387513
v 5.095336 -9.986232 2.595551
v 5.311049 -9.941056 2.886672
v 5.210044 -10.02278 2.911042
v 5.426403 -10.04193 3.164204
v 5.364191 -10.09226 3.179214
v 5.473749 -10.12855 3.290771
v 4.959343 -9.904059 2.395523
v 4.996889 -9.978098 2.601079
v 5.020996 -9.972007 2.405112
v 4.899333 -9.87058 2.585905
v 4.913543 -9.998279 2.927689
v 4.825195 -9.90091 2.913949
v 4.780887 -10.04406 3.211963
v 4.726472 -9.98409 3.203499
v 4.679955 -10.06296 3.335337
v 4.729433 -9.767343 3.218122
v 4.658731 -9.80345 3.322154
v 4.747555 -9.830119 3.229827
v 4.850456 -9.753022 2.990194
v 4.879877 -9.854941 3.0092
v 4.93743 -9.77057 2.729585
v 4.96992 -9.883112 2.75057
v 4.994024 -9.83162 2.613014
v 5.014556 -9.902745 2.626276
v 5.02393 -9.90801 2.626681
v 5.158378 -9.894584 2.739138
v 5.096081 -9.888905 2.617426
v 5.044215 -9.924814 2.753783
v 5.201339 -9.949968 3.005368
v 5.09795 -9.977342 3.018629
v 5.236938 -10.0522 3.240065
v 5.173256 -10.06906 3.248234
v 5.236001 -10.12747 3.347114
v 5.069246 -9.909552 2.62368
v 5.2019 -9.803481 2.717032
v 5.105222 -9.845458 2.607736
v 5.144978 -9.904898 2.742262
v 5.314441 -9.810762 2.968174
v 5.262894 -9.902604 2.991021
v 5.449 -9.856885 3.183969
v 5.41725 -9.913455 3.198042
v 5.51811 -9.910392 3.281366
v 5.026077 -9.801847 2.604482
v 4.935287 -9.78935 2.733641
v 4.990107 -9.865944 2.620427
v 4.992208 -9.687933 2.708412
v 4.858803 -9.679935 2.974408
v 4.910349 -9.588093 2.951561
v 4.754452 -9.54823 3.170793
v 4.786205 -9.491661 3.156721
v 4.698115 -9.458543 3.247654
v 4.993941 -9.878026 2.622654
v 5.068197 -9.927368 2.752556
v 5.061028 -9.91196 2.624784
v 4.962048 -9.873674 2.749188
v 5.031645 -9.97028 3.022023
v 4.935517 -9.921655 3.018973
v 4.962324 -10.04659 3.259031
v 4.903112 -10.01664 3.257153
v 4.899019 -10.09157 3.364362
v -1.426839 6.281144 4.930245
v -1.521685 6.222434 5.058055
v -1.393744 6.203777 4.948233
v -1.250952 6.320558 4.647821
v -1.19722 6.194953 4.677025
v -1.109637 6.312938 4.494489
v -1.050306 6.174237 4.352456
v -0.9963965 6.243998 4.125408
v -0.9589007 6.156341 4.145787
v -0.9069097 6.136256 4.151998
v -0.7667603 6.177965 4.361719
v -0.816978 6.173584 4.147082
v -0.9090602 6.118901 4.369498
v -0.7294371 6.115027 4.71101
v -0.8583 6.061542 4.718054
v -0.6899874 5.990564 5.019564
v -0.7693629 5.957618 5.023904
v -0.6889162 5.893971 5.159013
v -0.8596625 6.168832 4.146598
v -0.7362335 6.32915 4.504229
v -0.8233078 6.257491 4.128624
v -0.7937553 6.188866 4.358391
v -0.6167936 6.340309 4.666057
v -0.6688864 6.213266 4.691813
v -0.4586511 6.305427 4.959362
v -0.4907358 6.227176 4.975225
v -0.3707685 6.249198 5.093122
v -0.9615304 6.195937 4.137089
v -0.8891242 6.146396 4.364233
v -0.8698771 6.164284 4.147223
v -1.034149 6.196479 4.348197
v -0.9561138 6.085356 4.709405
v -1.08745 6.130712 4.694884
v -1.055794 5.975539 5.009835
v -1.136689 6.003476 5.000891
v -1.13973 5.906754 5.140221
v -1.244047 6.20585 5.016343
v -1.291227 6.136472 5.126288
v -1.195362 6.156878 5.028714
v -1.139162 6.280597 4.775463
v -1.060124 6.201091 4.795548
v -1.049645 6.308517 4.500042
v -0.9623663 6.220723 4.522221
v -0.966186 6.280686 4.366941
v -0.911027 6.225202 4.380957
v -0.8996682 6.225086 4.381385
v -0.7818863 6.305822 4.510139
v -0.8425062 6.279441 4.371604
v -0.8723338 6.219816 4.525615
v -0.7139413 6.27632 4.791499
v -0.7958486 6.198434 4.805513
v -0.6290181 6.199661 5.039535
v -0.6794698 6.151689 5.048168
v -0.5916536 6.129434 5.152667
v -0.8568869 6.246675 4.378213
v -0.787832 6.41236 4.486776
v -0.8561041 6.324349 4.361363
v -0.7890685 6.289458 4.51344
v -0.6798384 6.462782 4.752191
v -0.6809552 6.351482 4.776337
v -0.5317037 6.488391 4.98025
v -0.5323923 6.419834 4.995124
v -0.4404769 6.473909 5.083182
v -0.9516034 6.324561 4.357924
v -1.042093 6.290024 4.504329
v -0.9523835 6.246889 4.374775
v -1.04086 6.412925 4.477665
v -1.168554 6.352572 4.758779
v -1.167437 6.463871 4.734633
v -1.332162 6.42162 4.966326
v -1.331475 6.490176 4.951453
v -1.429932 6.47612 5.047554
v -0.9426916 6.237638 4.377129
v -0.8488073 6.229632 4.524318
v -0.8632815 6.240268 4.37938
v -0.9744551 6.225471 4.52076
v -0.8608875 6.171294 4.8091
v -0.9746716 6.167527 4.805878
v -0.8863604 6.065359 5.059579
v -0.95645 6.063038 5.057594
v -0.9221811 5.991518 5.170897
v 0.8930765 6.445831 4.930245
v 0.8347217 6.350767 5.058055
v 0.9574015 6.391582 4.948233
v 1.0325 6.560069 4.647821
v 1.136938 6.471998 4.677025
v 1.162173 6.616757 4.494489
v 1.277496 6.519502 4.352456
v 1.294314 6.606046 4.125408
v 1.367196 6.544581 4.145787
v 1.422668 6.549999 4.151998
v 1.529133 6.650229 4.361719
v 1.48624 6.623755 4.147082
v 1.428544 6.533529 4.369498
v 1.590757 6.610773 4.711009
v 1.499664 6.50509 4.718054
v 1.681921 6.517304 5.019564
v 1.625812 6.452209 5.023904
v 1.726279 6.431494 5.159013
v 1.450241 6.600331 4.146598
v 1.488478 6.799012 4.504229
v 1.442885 6.695871 4.128624
v 1.50012 6.64784 4.358391
v 1.59017 6.862648 4.666057
v 1.600711 6.725744 4.691813
v 1.747124 6.902538 4.959362
v 1.753618 6.818215 4.975225
v 1.850898 6.891789 5.093122
v 1.347056 6.578776 4.137089
v 1.434001 6.567048 4.364232
v 1.44316 6.591679 4.147223
v 1.281936 6.546631 4.348197
v 1.40158 6.482418 4.709405
v 1.263869 6.463928 4.694884
v 1.361869 6.339523 5.009835
v 1.277047 6.328135 5.00089
v 1.317788 6.240359 5.140221
v 1.090209 6.460694 5.016344
v 1.07923 6.377515 5.126288
v 1.155705 6.438817 5.028715
v 1.150326 6.574597 4.775463
v 1.256658 6.53908 4.795548
v 1.217754 6.639761 4.500041
v 1.335173 6.600543 4.522221
v 1.304819 6.652396 4.36694
v 1.379026 6.627611 4.380957
v 1.389226 6.632612 4.381385
v 1.458174 6.757658 4.510139
v 1.415871 6.706854 4.371604
v 1.416015 6.640186 4.525615
v 1.532131 6.761831 4.791499
v 1.49395 6.655446 4.805513
v 1.642443 6.731503 5.039535
v 1.618924 6.665976 5.048168
v 1.707376 6.685551 5.152667
v 1.417746 6.67112 4.378213
v 1.404994 6.850166 4.486776
v 1.383545 6.740864 4.361362
v 1.45911 6.739813 4.513439
v 1.478818 6.943733 4.752191
v 1.527828 6.8438 4.776336
v 1.599654 7.033172 4.98025
v 1.629841 6.971615 4.995123
v 1.687659 7.061223 5.083182
v 1.298133 6.698146 4.357924
v 1.23281 6.626634 4.504329
v 1.332335 6.628405 4.374775
v 1.178692 6.736986 4.477665
v 1.091729 6.625692 4.758779
v 1.042719 6.725626 4.734633
v 0.914542 6.613871 4.966326
v 0.8843524 6.675424 4.951453
v 0.8027086 6.618629 5.047555
v 1.34515 6.624495 4.377129
v 1.432621 6.659525 4.524318
v 1.41491 6.662522 4.379379
v 1.322239 6.599354 4.52076
v 1.44804 6.601979 4.8091
v 1.348081 6.54749 4.805878
v 1.47288 6.495893 5.059579
v 1.411307 6.462328 5.057594
v 1.474056 6.413831 5.170897
v 1.643878 6.693378 4.930246
v 1.627219 6.583084 5.058055
v 1.724267 6.668512 4.948233
v 1.727709 6.852947 4.647821
v 1.858225 6.812582 4.677025
v 1.825004 6.955717 4.494489
v 1.969127 6.911142 4.352456
v 1.95086 6.997391 4.125407
v 2.041941 6.969217 4.145787
v 2.090908 6.995841 4.151998
v 2.149853 7.129658 4.361719
v 2.120681 7.088549 4.147081
v 2.102744 6.982967 4.369498
v 2.221986 7.117356 4.71101
v 2.179322 6.984517 4.718054
v 2.342384 7.066845 5.019565
v 2.316104 6.98502 5.023904
v 2.416695 7.005129 5.159012
v 2.096668 7.05294 4.146598
v 2.054391 7.2508 4.504229
v 2.052634 7.138047 4.128623
v 2.124069 7.116139 4.358391
v 2.123212 7.349058 4.666057
v 2.186312 7.227106 4.691813
v 2.252181 7.447001 4.959362
v 2.291048 7.371889 4.975226
v 2.351932 7.477578 5.093122
v 2.010061 6.992851 4.137088
v 2.094697 7.015961 4.364232
v 2.093524 7.042212 4.147223
v 1.962634 6.937854 4.348197
v 2.097846 6.925386 4.709405
v 1.978252 6.854653 4.694884
v 2.117012 6.77832 5.009835
v 2.043344 6.734752 5.00089
v 2.115093 6.669816 5.140222
v 1.819605 6.783949 5.016344
v 1.841934 6.703073 5.126288
v 1.888446 6.789346 5.028715
v 1.830539 6.912277 4.775464
v 1.942304 6.921041 4.795548
v 1.867213 6.998577 4.500041
v 1.990628 7.008259 4.522221
v 1.942457 7.044169 4.36694
v 2.020453 7.050286 4.380957
v 2.027896 7.058869 4.381385
v 2.042615 7.200903 4.510139
v 2.023477 7.137625 4.371603
v 2.049609 7.07629 4.525615
v 2.109088 7.233588 4.791499
v 2.115423 7.120739 4.805513
v 2.222494 7.248685 5.039535
v 2.226394 7.179174 5.048168
v 2.300208 7.231695 5.152668
v 2.03914 7.105451 4.378213
v 1.957567 7.265347 4.486776
v 1.980446 7.156333 4.361362
v 2.050437 7.184836 4.51344
v 1.989057 7.380296 4.752191
v 2.073159 7.30739 4.776336
v 2.065441 7.509777 4.98025
v 2.117246 7.464869 4.995124
v 2.135538 7.56993 5.083183
v 1.918457 7.083688 4.357924
v 1.886197 6.992362 4.504329
v 1.977151 7.032808 4.374775
v 1.793327 7.072868 4.477665
v 1.756654 6.936473 4.758779
v 1.672552 7.009379 4.734633
v 1.598109 6.856483 4.966326
v 1.546303 6.901387 4.951453
v 1.493277 6.81725 5.047555
v 1.990475 7.034205 4.377129
v 2.057359 7.100574 4.524318
v 2.039882 7.096428 4.379379
v 1.979184 7.002118 4.520759
v 2.094 7.0536 4.8091
v 2.023206 6.964441 4.805878
v 2.158246 6.965604 5.059579
v 2.114639 6.910681 5.057595
v 2.191335 6.890496 5.170897
v -0.9124019 6.272717 4.930245
v -1.009623 6.218033 5.058055
v -0.8825772 6.194033 4.948233
v -0.7350171 6.30473 4.647821
v -0.6865947 6.176985 4.677025
v -0.5941458 6.291199 4.494489
v -0.5406761 6.150135 4.352456
v -0.4838936 6.217574 4.125408
v -0.4501007 6.128424 4.145787
v -0.398998 6.106179 4.151998
v -0.2572248 6.141981 4.361719
v -0.3075812 6.139709 4.147082
v -0.4018731 6.08893 4.369498
v -0.2225699 6.077536 4.71101
v -0.35356 6.029494 4.718054
v -0.1883681 5.95153 5.019564
v -0.2690537 5.921937 5.023904
v -0.1913431 5.854977 5.159013
v -0.3504269 6.136748 4.146598
v -0.220392 6.291756 4.504229
v -0.3103898 6.223808 4.128624
v -0.2837398 6.154003 4.358391
v -0.1005883 6.297902 4.666057
v -0.1579578 6.173153 4.691813
v 0.05595374 6.256426 4.959362
v 0.02062011 6.179588 4.975225
v 0.1414031 6.196566 5.093122
v -0.4510698 6.168097 4.137089
v -0.3808029 6.115565 4.364232
v -0.3608239 6.132631 4.147223
v -0.523602 6.17168 4.348197
v -0.4502909 6.057384 4.709405
v -0.5796106 6.108203 4.694884
v -0.554482 5.95184 5.009835
v -0.6341372 5.983141 5.00089
v -0.6412268 5.886631 5.140221
v -0.7329235 6.189834 5.016344
v -0.7829685 6.122493 5.126288
v -0.686332 6.138865 5.028715
v -0.6249995 6.260122 4.775463
v -0.5493612 6.177376 4.795548
v -0.5343933 6.284267 4.500042
v -0.4508674 6.192896 4.522221
v -0.4521706 6.252967 4.366941
v -0.3993862 6.195219 4.380957
v -0.3880417 6.194628 4.381385
v -0.2669809 6.270361 4.510139
v -0.3286526 6.246542 4.371604
v -0.3609519 6.188218 4.525615
v -0.200331 6.238038 4.791499
v -0.2854309 6.16365 4.805513
v -0.1186936 6.157889 5.039535
v -0.1711109 6.112071 5.048168
v -0.08430362 6.086159 5.152667
v -0.3443921 6.214406 4.378213
v -0.2684596 6.377054 4.486776
v -0.3403585 6.29198 4.361363
v -0.2748415 6.254311 4.513439
v -0.1584487 6.422908 4.752191
v -0.1642275 6.311752 4.776337
v -0.009370565 6.442289 4.98025
v -0.01293111 6.373822 4.995123
v 0.08116984 6.424001 5.083182
v -0.4357646 6.296192 4.357924
v -0.527621 6.265475 4.504329
v -0.4397967 6.218621 4.374775
v -0.5212414 6.388217 4.477665
v -0.6513517 6.333265 4.758779
v -0.6455743 6.444419 4.734633
v -0.8119237 6.409106 4.966325
v -0.8083651 6.477573 4.951453
v -0.9073248 6.467652 5.047555
v -0.4305012 6.208971 4.377129
v -0.3370349 6.19704 4.524318
v -0.3510509 6.208274 4.37938
v -0.4627469 6.198146 4.52076
v -0.3515458 6.13926 4.8091
v -0.4653895 6.140262 4.805878
v -0.3814368 6.034483 5.059579
v -0.4515607 6.035101 5.057593
v -0.4203179 5.962209 5.170896
v -8.361074 -5.146532 3.111177
v -8.422563 -5.20022 3.204709
v -8.327961 -5.198452 3.12434
v -8.238769 -5.097121 2.904495
v -8.18501 -5.181415 2.925867
v -8.135824 -5.08579 2.664745
v -8.076463 -5.178872 2.688344
v -8.045848 -5.12208 2.568928
v -8.008331 -5.180906 2.583841
v -7.968398 -5.189215 2.588387
v -7.872172 -5.142405 2.695123
v -7.907909 -5.151549 2.584789
v -7.967884 -5.202003 2.700816
v -7.837727 -5.183403 2.950737
v -7.9244 -5.237373 2.955893
v -7.794415 -5.268573 3.176541
v -7.847804 -5.301816 3.179717
v -7.782135 -5.33819 3.278591
v -7.938165 -5.160065 2.584435
v -7.868138 -5.029605 2.671874
v -7.922476 -5.091719 2.571281
v -7.892962 -5.13775 2.692687
v -7.783227 -5.00732 2.91784
v -7.805707 -5.105256 2.936689
v -7.664885 -5.013669 3.132484
v -7.678731 -5.073993 3.144094
v -7.59473 -5.0438 3.230372
v -8.014947 -5.152628 2.577476
v -7.956765 -5.179776 2.696962
v -7.944998 -5.164566 2.584893
v -8.067446 -5.160888 2.685227
v -7.997864 -5.23183 2.949563
v -8.098097 -5.214724 2.938936
v -8.056757 -5.322995 3.169422
v -8.118494 -5.31246 3.162875
v -8.10917 -5.382661 3.264839
v -8.220119 -5.179124 3.174184
v -8.245921 -5.234838 3.254643
v -8.179132 -5.208685 3.183238
v -8.15329 -5.112659 2.997905
v -8.086751 -5.160652 3.012604
v -8.091981 -5.081837 2.796349
v -8.018503 -5.134831 2.812579
v -8.028404 -5.09199 2.745684
v -7.981966 -5.125484 2.755941
v -7.973751 -5.124213 2.756255
v -7.898325 -5.051886 2.803738
v -7.938951 -5.078156 2.749097
v -7.953386 -5.124762 2.815064
v -7.84575 -5.065096 3.00964
v -7.895615 -5.13109 3.019896
v -7.775299 -5.110332 3.191156
v -7.806013 -5.150981 3.197474
v -7.739955 -5.156589 3.273948
v -7.945433 -5.103528 2.753934
v -7.915308 -4.975669 2.786641
v -7.95412 -5.04735 2.741602
v -7.90156 -5.064558 2.806154
v -7.843337 -4.926398 2.980874
v -7.830886 -5.006896 2.998544
v -7.739427 -4.890263 3.147771
v -7.731757 -4.939845 3.158655
v -7.67183 -4.889851 3.223098
v -8.023102 -5.058573 2.739086
v -8.084326 -5.09429 2.799486
v -8.014412 -5.11475 2.751417
v -8.098075 -5.005401 2.779973
v -8.183087 -5.064191 2.985695
v -8.195539 -4.983694 2.968026
v -8.309446 -5.033823 3.13758
v -8.317116 -4.98424 3.126697
v -8.386533 -5.006117 3.197025
v -8.006311 -5.120275 2.75314
v -7.93757 -5.114872 2.814115
v -7.949286 -5.108916 2.754787
v -8.027798 -5.132843 2.81151
v -7.939342 -5.158432 3.022521
v -8.021051 -5.174708 3.020163
v -7.945116 -5.237958 3.205824
v -7.995448 -5.247984 3.204371
v -7.962185 -5.295543 3.287288
v 1.86026 5.372572 3.024452
v 1.651006 5.078969 2.865835
v 1.686235 5.397038 2.944037
v 1.774858 5.020638 2.954777
v 2.382231 5.437431 3.092617
v 1.807154 4.925863 2.845514
v 1.609393 5.194159 2.535281
v 1.808292 4.974498 2.562153
v 2.369785 4.993394 2.91766
v 2.321897 5.056431 2.604722
v 2.358031 5.093554 3.043547
v 2.4703 5.526702 3.012549
v 2.44776 5.191741 2.975336
v 2.321897 5.056431 2.604722
v 2.38859 5.826332 2.621367
v 2.363392 5.268748 2.615409
v 1.686235 5.397038 2.944037
v 1.651006 5.078969 2.865835
v 1.609393 5.194159 2.535281
v 1.641283 5.62827 2.598449
v 1.665857 5.775966 2.628795
v 1.795696 5.954002 2.662867
v 1.821499 5.576968 2.995826
v 1.86026 5.372572 3.024452
v 2.321282 5.940572 2.638095
v 2.382231 5.437431 3.092617
v 2.391101 5.636907 3.012401
v 2.4703 5.526702 3.012549
v 2.38859 5.826332 2.621367
v 2.321282 5.940572 2.638095
v 1.009354 5.718552 3.556294
v 1.520241 5.125781 3.556294
v 1.101068 5.127334 3.556295
v 1.418442 5.782012 3.556294
v 0.9054273 5.82854 3.394321
v 0.7801375 5.708013 3.394392
v 1.59392 5.73124 3.394047
v 1.674753 5.210169 3.394019
v 1.674753 5.210169 2.611835
v 1.59392 5.73124 2.611835
v 1.29812 5.889458 3.394164
v 1.297478 5.889359 2.574473
v 0.6019266 5.781459 2.598742
v 0.4800088 5.661454 2.607651
v 1.674753 5.210169 3.394019
v 1.674753 5.210169 2.611835
v 1.460934 4.99047 2.555412
v 1.460934 4.99047 3.394097
v 1.520241 5.125781 3.556294
v 0.5469725 4.986558 2.511068
v 1.101068 5.127334 3.556295
v 1.096562 4.933945 3.394228
v 0.8839829 5.038837 3.394488
v 0.4800088 5.661454 2.607651
v 1.009354 5.718552 3.556294
v 0.7801375 5.708013 3.394392
v -2.000872 5.367272 3.024452
v -2.150452 5.039224 2.865836
v -2.176374 5.358186 2.944037
v -2.017765 5.00552 2.954777
v -1.500772 5.530245 3.092617
v -1.96803 4.918618 2.845514
v -2.213218 5.144394 2.535281
v -1.976165 4.966581 2.562153
v -1.428519 5.091949 2.91766
v -1.487525 5.144724 2.604722
v -1.459113 5.188043 3.043547
v -1.431293 5.634638 3.012549
v -1.389702 5.301506 2.975336
v -1.487525 5.144724 2.604722
v -1.568511 5.913253 2.621367
v -1.487177 5.361058 2.615409
v -2.176374 5.358186 2.944037
v -2.150452 5.039224 2.865836
v -2.213218 5.144394 2.535281
v -2.264493 5.576645 2.598449
v -2.268464 5.726318 2.628795
v -2.174865 5.925803 2.662867
v -2.077809 5.560563 2.995826
v -2.000872 5.367272 3.024452
v -1.656322 6.012602 2.638095
v -1.500772 5.530245 3.092617
v -1.530011 5.727764 3.012401
v -1.431293 5.634638 3.012549
v -1.568511 5.913253 2.621367
v -1.656322 6.012602 2.638095
v -2.902056 5.545062 3.556294
v -2.287734 5.060305 3.556294
v -2.699547 4.982088 3.556294
v -2.512512 5.685186 3.556294
v -3.025009 5.633272 3.394321
v -3.125082 5.491112 3.394392
v -2.33058 5.668724 3.394047
v -2.152097 5.172544 3.394019
v -2.152097 5.172545 2.611835
v -2.33058 5.668724 2.611835
v -2.651076 5.767781 3.394164
v -2.651688 5.767561 2.574473
v -3.314011 5.529314 2.598742
v -3.410873 5.388309 2.607651
v -2.152097 5.172544 3.394019
v -2.152097 5.172545 2.611835
v -2.320218 4.916183 2.555412
v -2.320217 4.916183 3.394096
v -2.287734 5.060305 3.556294
v -3.216744 4.738476 2.511068
v -2.699547 4.982088 3.556294
v -2.667183 4.791374 3.394228
v -2.895834 4.853912 3.394488
v -3.410873 5.388309 2.607651
v -2.902056 5.545062 3.556294
v -3.125082 5.491112 3.394392
v -6.385954 -9.464007 2.128552
v -5.104264 -10.12747 2.386689
v -5.12842 -10.19342 2.128551
v -6.3407 -9.410291 2.386689
v -5.038275 -9.947288 2.575658
v -7.318172 -8.348477 2.128552
v -6.21706 -9.263545 2.575659
v -7.261217 -8.308766 2.386689
v -7.105613 -8.200278 2.575659
v -9.462906 -4.616371 2.128554
v -9.371677 -4.636299 2.38669
v -9.193335 -4.56738 2.57566
v -10.69621 -1.952181 2.575661
v -10.86829 -2.032 2.386692
v -10.93128 -2.061219 2.128555
v -11.16752 -0.6491325 2.575662
v -11.35655 -0.682071 2.386692
v -11.42575 -0.6941273 2.128555
v -11.42282 0.7596371 2.128556
v -11.35368 0.7473018 2.386693
v -11.16477 0.7136014 2.575662
v -10.92286 2.124725 2.128556
v -10.85999 2.095258 2.386694
v -10.68823 2.014744 2.575664
v -7.284485 8.397398 2.128559
v -7.227692 8.357463 2.386697
v -7.072523 8.248347 2.575667
v -6.179699 9.308031 2.575667
v -6.302743 9.455272 2.386697
v -6.347781 9.509165 2.12856
v -5.087326 10.23351 2.12856
v -5.063436 10.16747 2.386698
v -4.998168 9.98702 2.575667
v -3.65514 10.48308 2.128561
v -3.649227 10.4139 2.386698
v -3.633074 10.22489 2.575667
v 3.596344 10.46849 2.128561
v 3.590151 10.39933 2.386698
v 3.57324 10.2104 2.575668
v 4.937366 9.967034 2.575667
v 5.003358 10.14722 2.386699
v 5.027512 10.21316 2.128562
v 6.285046 9.48375 2.128561
v 6.239792 9.430037 2.386698
v 6.116157 9.283295 2.575668
v 7.217266 8.368225 2.128561
v 7.16031 8.328512 2.386698
v 7.004707 8.220025 2.575668
v 10.83037 2.080964 2.128558
v 10.76739 2.051745 2.386695
v 10.5953 1.971922 2.575665
v 11.06661 0.668875 2.575664
v 11.25565 0.7018125 2.386695
v 11.32484 0.7138727 2.128558
v 11.32191 -0.7398922 2.128557
v 11.25277 -0.7275577 2.386695
v 11.06387 -0.6938577 2.575664
v 10.82195 -2.10498 2.128556
v 10.75908 -2.075512 2.386693
v 10.58733 -1.995 2.575664
v 9.256292 -4.289744 2.575663
v 9.416591 -4.390006 2.386692
v 9.488209 -4.404389 2.128555
v 7.126781 -8.337714 2.38669
v 6.971613 -8.2286 2.57566
v 7.183573 -8.377652 2.128553
v 6.078793 -9.288286 2.57566
v 6.201834 -9.435527 2.386689
v 6.246873 -9.489422 2.128552
v 4.986415 -10.21377 2.128553
v 4.96253 -10.14772 2.386689
v 4.897261 -9.967278 2.575659
v 3.554229 -10.46334 2.128552
v 3.548319 -10.39415 2.386689
v 3.532163 -10.20515 2.575659
v -3.697251 -10.44874 2.128551
v -3.691062 -10.37959 2.386689
v -3.674148 -10.19065 2.575659
v -5.038275 -9.947288 2.575658
v -5.104264 -10.12747 2.386689
v -5.12842 -10.19342 2.128551
v -10.94849 0.6700947 -0.02070236
v -11.21029 -0.6516664 0.0487318
v -10.95106 -0.6064937 -0.02070308
v -11.20753 0.7163074 0.04873228
v -10.72915 2.022458 0.04873252
v -10.49363 1.912053 -0.02070212
v -6.886756 8.130409 -0.02069879
v -11.39716 0.7501385 0.2384279
v -11.40005 -0.6847346 0.2384276
v -11.4695 -0.6968348 0.4975579
v -7.099535 8.28004 0.04873514
v -6.034546 9.141894 -0.02069831
v -10.90157 2.10328 0.2384286
v -11.46657 0.7625215 0.4975586
v -11.42575 -0.6941273 2.128555
v -11.42282 0.7596371 2.128556
v -10.92286 2.124725 2.128556
v -10.96468 2.132861 0.4975591
v -7.284485 8.397398 2.128559
v -6.203276 9.3438 0.04873586
v -4.9277 9.777962 -0.02069759
v -7.255298 8.389574 0.2384317
v -7.312313 8.429666 0.4975624
v -6.347781 9.509165 2.12856
v -6.326795 9.491609 0.2384322
v -6.372007 9.545708 0.4975626
v -5.087326 10.23351 2.12856
v -5.0172 10.0254 0.04873705
v -5.106701 10.27284 0.4975634
v -3.65514 10.48308 2.128561
v -5.08272 10.20654 0.2384326
v -3.646855 10.26419 0.04873562
v -3.624705 10.00501 -0.02069783
v 3.56399 9.990558 -0.02069736
v -3.669006 10.52336 0.4975626
v 3.610371 10.50872 0.4975636
v 3.596344 10.46849 2.128561
v 5.027512 10.21316 2.128562
v -3.663069 10.45392 0.2384331
v 3.587179 10.24964 0.04873633
v 4.866061 9.75826 -0.02069736
v 3.604156 10.4393 0.2384336
v 4.956553 10.00534 0.04873681
v 5.97034 9.117745 -0.02069736
v 5.047048 10.25242 0.4975641
v 6.285046 9.48375 2.128561
v 5.0228 10.18622 0.2384336
v 6.139878 9.318973 0.04873633
v 6.309418 9.520198 0.4975636
v 7.217266 8.368225 2.128561
v 6.26399 9.466277 0.2384336
v 7.031847 8.251605 0.04873633
v 6.81847 8.102839 -0.02069736
v 10.40029 1.870015 -0.02070022
v 7.245223 8.400377 0.4975631
v 7.188051 8.360517 0.2384331
v 10.63626 1.979473 0.04873371
v 10.85016 0.6262395 -0.02070069
v 11.10938 0.6714118 0.04873323
v 10.809 2.059602 0.2384303
v 11.29914 0.7044761 0.2384303
v 10.87223 2.088931 0.497561
v 10.83037 2.080964 2.128558
v 11.3686 0.7165811 0.4975603
v 11.32484 0.7138727 2.128558
v -6.21706 -9.263545 2.575659
v -4.948128 -9.701157 2.662046
v -5.038275 -9.947288 2.575658
v -6.048171 -9.063092 2.662046
v -7.105613 -8.200278 2.575659
v -6.893052 -8.052078 2.662046
v -9.193335 -4.56738 2.57566
v -6.170647 -3.440195 2.658822
v -4.948128 -9.701157 2.662046
v -2.633142 -8.208758 2.661644
v -1.890648 -7.396 2.661652
v -7.811131 -3.918393 2.662016
v -8.93784 -4.405746 2.662047
v -9.458258 -3.307363 2.662047
v -10.39614 -1.805258 2.662048
v -10.69621 -1.952181 2.575661
v -10.15563 -2.018884 2.662048
v -10.86855 -0.7167714 2.662048
v -11.16752 -0.6491325 2.575662
v -11.16477 0.7136014 2.575662
v -10.90673 0.6675665 2.64483
v -10.0228 -0.7171237 2.658127
v -9.752583 -0.2007935 2.656733
v -10.68823 2.014744 2.575664
v -10.45361 1.904762 2.644831
v -7.072523 8.248347 2.575667
v -6.860561 8.099292 2.644834
v -6.011615 9.106898 2.644835
v -6.179699 9.308031 2.575667
v -6.283026 7.334305 2.645826
v -4.998168 9.98702 2.575667
v -4.909017 9.740531 2.644835
v -4.801284 6.689311 2.647054
v -3.633074 10.22489 2.575667
v -3.611006 9.966714 2.662052
v -3.546157 5.608507 2.648656
v -2.918601 5.033246 2.650105
v -2.308472 4.057039 2.651369
v 3.57324 10.2104 2.575668
v -0.2263803 0.1927816 2.659232
v -2.13415 3.133131 2.652115
v -2.524386 0.7838874 2.654497
v -2.622252 2.296381 2.652234
v -3.302111 1.267879 2.652639
v -4.034265 0.2916713 2.653368
v -4.384047 0.01345682 2.653996
v -4.731555 -0.02210975 2.652983
v -6.794959 -2.2447 2.657837
v -5.237091 -0.03954434 2.653152
v -5.794924 -0.5625086 2.65418
v -6.701402 -0.7716973 2.655559
v -7.555581 -0.9285882 2.656958
v -7.744713 -2.490441 2.65938
v -8.514357 -0.7891304 2.658138
v -8.468651 -2.304475 2.66011
v -8.754243 -1.720011 2.660928
v -8.747601 -1.055846 2.658797
v 10.84759 -0.6503515 -0.02070165
v 11.10938 0.6714118 0.04873323
v 10.85016 0.6262395 -0.02070069
v 11.10663 -0.6965613 0.04873323
v 11.29914 0.7044761 0.2384303
v 10.62825 -2.002711 0.04873252
v 10.39272 -1.892305 -0.02070165
v 6.785851 -8.110663 -0.02070451
v 11.29625 -0.7303905 0.2384298
v 11.3686 0.7165811 0.4975603
v 6.998627 -8.260292 0.04872918
v 5.933638 -9.122148 -0.02070498
v 10.80067 -2.083534 0.2384291
v 10.86378 -2.113116 0.4975588
v 11.36566 -0.7427752 0.4975593
v 11.32191 -0.7398922 2.128557
v 11.32484 0.7138727 2.128558
v 10.82195 -2.10498 2.128556
v 9.488209 -4.404389 2.128555
v 7.183573 -8.377652 2.128553
v 6.102367 -9.324052 0.04872847
v 4.826797 -9.758218 -0.0207057
v 7.154388 -8.369826 0.238426
v 7.211404 -8.409915 0.497556
v 6.246873 -9.489422 2.128552
v 6.22589 -9.471863 0.2384257
v 6.2711 -9.525961 0.497556
v 4.986415 -10.21377 2.128553
v 4.916292 -10.00566 0.04872823
v 5.005791 -10.2531 0.4975557
v 3.554229 -10.46334 2.128552
v 4.981812 -10.1868 0.2384245
v 3.545949 -10.24445 0.04872775
v 3.523798 -9.985269 -0.02070594
v -3.664894 -9.970808 -0.02070642
v 3.568095 -10.50362 0.4975545
v 3.562161 -10.43418 0.2384241
v -3.688087 -10.22989 0.04872727
v -4.96697 -9.738514 -0.02070642
v -3.705065 -10.41955 0.2384236
v -3.711278 -10.48897 0.4975541
v -3.697251 -10.44874 2.128551
v -5.12842 -10.19342 2.128551
v -5.057461 -9.985592 0.04872727
v -6.071245 -9.097994 -0.02070594
v -5.147954 -10.23267 0.4975543
v -6.385954 -9.464007 2.128552
v -5.123708 -10.16647 0.2384241
v -6.240784 -9.299222 0.04872727
v -6.410324 -9.500449 0.4975541
v -7.318172 -8.348477 2.128552
v -6.364895 -9.446526 0.2384241
v -7.132752 -8.231858 0.04872847
v -6.919377 -8.083091 -0.02070546
v -10.5012 -1.850274 -0.02070355
v -7.34613 -8.380631 0.497555
v -10.97314 -2.069185 0.4975576
v -9.462906 -4.616371 2.128554
v -10.93128 -2.061219 2.128555
v -11.42575 -0.6941273 2.128555
v -11.4695 -0.6968348 0.4975579
v -11.40005 -0.6847346 0.2384276
v -7.288956 -8.340766 0.2384245
v -10.73717 -1.959728 0.04872966
v -10.95106 -0.6064937 -0.02070308
v -11.21029 -0.6516664 0.0487318
v -10.90991 -2.039856 0.2384274
v -6.170647 -3.440195 2.658822
v -3.699959 -1.082413 2.658533
v -2.550953 -0.557724 2.659052
v -1.890648 -7.396 2.661652
v -1.365487 -7.894984 2.661745
v -1.116359 -0.7768974 2.65801
v -0.8872893 -8.022504 2.661763
v -0.8314993 -4.428048 2.660551
v -0.7916496 -3.328192 2.660322
v -0.6163096 -5.519934 2.660815
v -0.4489408 -7.695735 2.661747
v -0.2417221 -6.436481 2.661319
v -0.2178116 -7.209566 2.661715
v -0.6960099 -2.363826 2.6599
v 0.2793745 -0.2597926 2.658453
v 0.5122361 -1.96833 2.659476
v 0.9734881 -1.598441 2.659653
v 1.254439 0.6491668 2.659286
v 1.502307 -1.562858 2.660245
v 2.146872 -0.6233759 2.660655
v 2.758353 -0.4250574 2.661215
v 3.086099 -2.492475 2.662049
v 3.63426 -0.5242165 2.66205
v 4.291158 -3.330277 2.662049
v 1.915501 1.01275 2.659927
v 4.427533 -0.7390612 2.66205
v 4.546879 -3.648487 2.662049
v 5.289659 -2.338001 2.662049
v 5.369545 -0.8051674 2.662049
v 5.898394 -0.4581109 2.66205
v 6.052275 -1.89352 2.66205
v 7.055251 1.293701 2.66205
v 7.279872 -2.722842 2.662049
v 8.300067 -3.467267 2.662049
v 8.899569 -3.625534 2.662049
v 9.494184 3.369933 2.662052
v 2.758354 0.9301177 2.660882
v 9.1036 -4.177979 2.662049
v 3.550135 9.952307 2.662053
v 3.832577 0.6656938 2.662016
v 4.559745 0.6656936 2.66205
v 4.847223 9.720905 2.662053
v 4.937366 9.967034 2.575667
v 5.055541 0.9796977 2.66205
v 6.116157 9.283295 2.575668
v 5.947266 9.082842 2.662053
v 6.24545 2.450558 2.662051
v 7.004707 8.220025 2.575668
v 6.792146 8.071824 2.662053
v 8.825137 4.534163 2.662052
v 10.36024 1.862887 2.662051
v 10.5953 1.971922 2.575665
v 10.3527 -1.885018 2.66205
v 10.80838 0.6238759 2.662051
v 11.06661 0.668875 2.575664
v 11.06387 -0.6938577 2.575664
v 10.80582 -0.6478207 2.662051
v 10.58733 -1.995 2.575664
v 9.256292 -4.289744 2.575663
v 6.759651 -8.079546 2.662048
v 6.971613 -8.2286 2.57566
v 5.91071 -9.087153 2.662047
v 6.078793 -9.288286 2.57566
v 4.897261 -9.967278 2.575659
v 4.808105 -9.720786 2.662047
v 3.532163 -10.20515 2.575659
v 3.510098 -9.946968 2.662047
v -3.651042 -9.93256 2.662046
v 3.391433 -9.546768 2.662047
v -3.674148 -10.19065 2.575659
v 3.192933 -8.942275 2.662047
v -4.948128 -9.701157 2.662046
v -5.038275 -9.947288 2.575658
v -2.633142 -8.208758 2.661644
v -1.732106 -8.88326 2.661897
v -0.5445802 -9.114388 2.661929
v 2.50581 -7.994798 2.662047
v 0.340086 -8.540551 2.66184
v 1.48223 -7.531819 2.662048
v 0.9139237 -7.289267 2.661868
v 0.9378333 -6.300991 2.661367
v 0.5122361 -1.96833 2.659476
v 1.829129 -6.70253 2.662048
v 0.6030955 -5.400384 2.660875
v 2.203291 -6.206182 2.662048
v 0.4676057 -3.391952 2.659837
v 0.4277558 -4.388199 2.660341
v 2.420447 -3.972976 2.662028
v 2.722526 -5.770039 2.662048
v 2.994285 -4.730441 2.662049
v 3.22068 -5.173553 2.662049
v -1.890648 -7.396 2.661652
v -1.365487 -7.894984 2.613155
v -1.890648 -7.396 2.613063
v -1.365487 -7.894984 2.661745
v -0.8872893 -8.022504 2.613173
v -0.8872893 -8.022504 2.661763
v -0.4489408 -7.695735 2.613157
v -0.4489408 -7.695735 2.661747
v -0.2178116 -7.209566 2.613126
v -0.2178116 -7.209566 2.661715
v -0.2417221 -6.436481 2.612729
v -0.2417221 -6.436481 2.661319
v -0.6163096 -5.519934 2.612225
v -0.6163096 -5.519934 2.660815
v -0.8314993 -4.428048 2.611961
v -0.8314993 -4.428048 2.660551
v -0.7916496 -3.328192 2.611732
v -0.7916496 -3.328192 2.660322
v -0.6960099 -2.363826 2.61131
v -0.6960099 -2.363826 2.6599
v 1.254439 0.6491668 2.659286
v 0.2793745 -0.2597926 2.609863
v 0.2793745 -0.2597926 2.658453
v 1.254439 0.6491668 2.610696
v 1.915501 1.01275 2.659927
v 1.915501 1.01275 2.611337
v 2.758354 0.9301177 2.660882
v 2.758354 0.9301177 2.612293
v 3.832577 0.6656938 2.662016
v 3.832577 0.6656938 2.613426
v 4.559745 0.6656936 2.66205
v 4.559745 0.6656936 2.61346
v 5.055541 0.9796977 2.66205
v 5.055541 0.9796977 2.61346
v 6.24545 2.450558 2.662051
v 6.24545 2.450558 2.613162
v 0.2793745 -0.2597926 2.658453
v 0.2793745 -0.2597926 2.609863
v 0.9734881 -1.598441 2.611063
v 0.9734881 -1.598441 2.659653
v -6.860561 8.099292 2.644834
v -10.45361 1.904762 2.596241
v -6.860561 8.099292 2.596244
v -10.45361 1.904762 2.644831
v -10.90673 0.6675665 2.596241
v -10.90673 0.6675665 2.64483
v 1.502307 -1.562858 2.660245
v 0.5122361 -1.96833 2.610886
v 0.5122361 -1.96833 2.659476
v 1.502307 -1.562858 2.611655
v 3.086099 -2.492475 2.662049
v 3.086099 -2.492475 2.613459
v 4.291158 -3.330277 2.662049
v 4.291158 -3.330277 2.613459
v 4.546879 -3.648487 2.662049
v 4.546879 -3.648487 2.613459
v 1.829129 -6.70253 2.662048
v 1.48223 -7.531819 2.613458
v 1.48223 -7.531819 2.662048
v 1.829129 -6.70253 2.613458
v 2.203291 -6.206182 2.662048
v 2.203291 -6.206182 2.613458
v 2.722526 -5.770039 2.662048
v 2.722526 -5.770039 2.613458
v 3.22068 -5.173553 2.662049
v 3.22068 -5.173553 2.613459
v 0.9734881 -1.598441 2.659653
v 0.9734881 -1.598441 2.611063
v 2.146872 -0.6233759 2.612065
v 2.146872 -0.6233759 2.660655
v 2.758353 -0.4250574 2.612626
v 2.758353 -0.4250574 2.661215
v 3.63426 -0.5242165 2.61346
v 3.63426 -0.5242165 2.66205
v 4.427533 -0.7390612 2.61346
v 4.427533 -0.7390612 2.66205
v 5.369545 -0.8051674 2.613459
v 5.369545 -0.8051674 2.662049
v 5.898394 -0.4581109 2.61346
v 5.898394 -0.4581109 2.66205
v 7.055251 1.293701 2.613162
v 7.055251 1.293701 2.66205
v -8.514357 -0.7891304 2.658138
v -7.555581 -0.9285882 2.608368
v -8.514357 -0.7891304 2.609548
v -7.555581 -0.9285882 2.656958
v -6.701402 -0.7716973 2.606969
v -6.701402 -0.7716973 2.655559
v -5.794924 -0.5625086 2.60559
v -5.794924 -0.5625086 2.65418
v -5.237091 -0.03954434 2.604563
v -5.237091 -0.03954434 2.653152
v -4.731555 -0.02210975 2.604393
v -4.731555 -0.02210975 2.652983
v -4.034265 0.2916713 2.604779
v -4.034265 0.2916713 2.653368
v -3.302111 1.267879 2.604048
v -3.302111 1.267879 2.652639
v -2.622252 2.296381 2.603644
v -2.622252 2.296381 2.652234
v -2.13415 3.133131 2.603525
v -2.13415 3.133131 2.652115
v -2.308472 4.057039 2.602779
v -2.308472 4.057039 2.651369
v -2.918601 5.033246 2.601515
v -2.918601 5.033246 2.650105
v -3.546157 5.608507 2.600066
v -3.546157 5.608507 2.648656
v -4.801284 6.689311 2.598464
v -4.801284 6.689311 2.647054
v -6.283026 7.334305 2.597236
v -6.283026 7.334305 2.645826
v -6.860561 8.099292 2.596244
v -6.860561 8.099292 2.644834
v 5.289659 -2.338001 2.662049
v 4.546879 -3.648487 2.613459
v 4.546879 -3.648487 2.662049
v 5.289659 -2.338001 2.613459
v 6.052275 -1.89352 2.66205
v 6.052275 -1.89352 2.613459
v 1.48223 -7.531819 2.662048
v 1.48223 -7.531819 2.613458
v 2.50581 -7.994798 2.613458
v 2.50581 -7.994798 2.662047
v 3.192933 -8.942275 2.613457
v 3.192933 -8.942275 2.662047
v 3.391433 -9.546768 2.613457
v 3.391433 -9.546768 2.662047
v 3.510098 -9.946968 2.613457
v 3.510098 -9.946968 2.662047
v -8.514357 -0.7891304 2.658138
v -8.747601 -1.055846 2.610207
v -8.514357 -0.7891304 2.609548
v -8.747601 -1.055846 2.658797
v -8.754243 -1.720011 2.612338
v -8.754243 -1.720011 2.660928
v -8.468651 -2.304475 2.611521
v -8.468651 -2.304475 2.66011
v -7.744713 -2.490441 2.61079
v -7.744713 -2.490441 2.65938
v -6.794959 -2.2447 2.609247
v -6.794959 -2.2447 2.657837
v -4.384047 0.01345682 2.605406
v -4.384047 0.01345682 2.653996
v -2.524386 0.7838874 2.605907
v -2.524386 0.7838874 2.654497
v -0.2263803 0.1927816 2.610642
v -0.2263803 0.1927816 2.659232
v -10.90673 0.6675665 2.64483
v -9.752583 -0.2007935 2.656733
v -9.752583 -0.2007935 2.608143
v -10.90673 0.6675665 2.596241
v 3.510098 -9.946968 2.662047
v 3.510098 -9.946968 2.613457
v 4.808105 -9.720786 2.613457
v 4.808105 -9.720786 2.662047
v 5.91071 -9.087153 2.613458
v 5.91071 -9.087153 2.662047
v 6.759651 -8.079546 2.613458
v 6.759651 -8.079546 2.662048
v 9.1036 -4.177979 2.613459
v 9.1036 -4.177979 2.662049
v 8.899569 -3.625534 2.613459
v 8.899569 -3.625534 2.662049
v 8.300067 -3.467267 2.613459
v 8.300067 -3.467267 2.662049
v 7.279872 -2.722842 2.613459
v 7.279872 -2.722842 2.662049
v 6.052275 -1.89352 2.613459
v 6.052275 -1.89352 2.66205
v 2.994285 -4.730441 2.662049
v 3.22068 -5.173553 2.613459
v 3.22068 -5.173553 2.662049
v 2.994285 -4.730441 2.613459
v 2.420447 -3.972976 2.662028
v 2.420447 -3.972976 2.613438
v 0.5122361 -1.96833 2.659476
v 0.5122361 -1.96833 2.610886
v -1.732106 -8.88326 2.661897
v -2.633142 -8.208758 2.661644
v -2.633142 -8.208758 2.613054
v -1.732106 -8.88326 2.613307
v -0.5445802 -9.114388 2.661929
v -0.5445802 -9.114388 2.613339
v 0.340086 -8.540551 2.66184
v 0.340086 -8.540551 2.61325
v 0.9139237 -7.289267 2.661868
v 0.9139237 -7.289267 2.613278
v 0.9378333 -6.300991 2.661367
v 0.9378333 -6.300991 2.612777
v 0.6030955 -5.400384 2.660875
v 0.6030955 -5.400384 2.612285
v 0.4277558 -4.388199 2.660341
v 0.4277558 -4.388199 2.611751
v 0.4676057 -3.391952 2.659837
v 0.4676057 -3.391952 2.611247
v 0.5122361 -1.96833 2.659476
v 0.5122361 -1.96833 2.610886
v 8.899569 -3.625534 2.613459
v 9.1036 -4.177979 2.613459
v 6.759651 -8.079546 2.613458
v 8.300067 -3.467267 2.613459
v 7.279872 -2.722842 2.613459
v 6.052275 -1.89352 2.613459
v 5.91071 -9.087153 2.613458
v 5.289659 -2.338001 2.613459
v 4.808105 -9.720786 2.613457
v 4.546879 -3.648487 2.613459
v 3.510098 -9.946968 2.613457
v 3.22068 -5.173553 2.613459
v 3.391433 -9.546768 2.613457
v 3.192933 -8.942275 2.613457
v 2.722526 -5.770039 2.613458
v 2.50581 -7.994798 2.613458
v 2.203291 -6.206182 2.613458
v 1.48223 -7.531819 2.613458
v 1.829129 -6.70253 2.613458
v -2.308472 4.057039 2.602779
v -2.13415 3.133131 2.603525
v -2.622252 2.296381 2.603644
v -2.918601 5.033246 2.601515
v -3.302111 1.267879 2.604048
v -3.546157 5.608507 2.600066
v -4.034265 0.2916713 2.604779
v -4.801284 6.689311 2.598464
v -4.731555 -0.02210975 2.604393
v -5.237091 -0.03954434 2.604563
v -6.283026 7.334305 2.597236
v -5.794924 -0.5625086 2.60559
v -6.701402 -0.7716973 2.606969
v -6.860561 8.099292 2.596244
v -7.555581 -0.9285882 2.608368
v -10.45361 1.904762 2.596241
v -8.514357 -0.7891304 2.609548
v -9.752583 -0.2007935 2.608143
v -10.90673 0.6675665 2.596241
v -6.794959 -2.2447 2.609247
v -4.384047 0.01345682 2.605406
v -3.699959 -1.082413 2.609943
v -6.170647 -3.440195 2.610232
v -7.744713 -2.490441 2.61079
v -7.811131 -3.918393 2.613426
v -9.458258 -3.307363 2.613457
v -8.468651 -2.304475 2.611521
v -8.468651 -2.304475 2.611521
v -9.458258 -3.307363 2.613457
v -10.15563 -2.018884 2.613458
v -8.754243 -1.720011 2.612338
v -8.754243 -1.720011 2.612338
v -10.15563 -2.018884 2.613458
v -10.0228 -0.7171237 2.609537
v -8.747601 -1.055846 2.610207
v -8.747601 -1.055846 2.610207
v -10.0228 -0.7171237 2.609537
v -9.752583 -0.2007935 2.608143
v -8.514357 -0.7891304 2.609548
v -6.170647 -3.440195 2.610232
v -7.811131 -3.918393 2.613426
v -7.744713 -2.490441 2.61079
v -6.794959 -2.2447 2.609247
v -3.699959 -1.082413 2.609943
v -4.384047 0.01345682 2.605406
v -2.524386 0.7838874 2.605907
v -2.550954 -0.5577239 2.610462
v -1.116359 -0.7768974 2.60942
v -2.550954 -0.5577239 2.610462
v -2.524386 0.7838874 2.605907
v -0.2263803 0.1927816 2.610642
v 2.420447 -3.972976 2.613438
v 0.5122361 -1.96833 2.610886
v 1.502307 -1.562858 2.611655
v 3.086099 -2.492475 2.613459
v -0.2178116 -7.209566 2.613126
v 0.9139237 -7.289267 2.613278
v 0.340086 -8.540551 2.61325
v -0.4489408 -7.695735 2.613157
v -0.4489408 -7.695735 2.613157
v 0.340086 -8.540551 2.61325
v -0.5445802 -9.114388 2.613339
v -0.8872893 -8.022504 2.613173
v -0.8872893 -8.022504 2.613173
v -0.5445802 -9.114388 2.613339
v -1.732106 -8.88326 2.613307
v -1.365487 -7.894984 2.613155
v -1.365487 -7.894984 2.613155
v -1.732106 -8.88326 2.613307
v -2.633142 -8.208758 2.613054
v -1.890648 -7.396 2.613063
v 0.9378333 -6.300991 2.612777
v 0.9139237 -7.289267 2.613278
v -0.2178116 -7.209566 2.613126
v -0.2417221 -6.436481 2.612729
v 0.9378333 -6.300991 2.612777
v -0.2417221 -6.436481 2.612729
v -0.6163096 -5.519934 2.612225
v 0.6030955 -5.400384 2.612285
v 0.6030955 -5.400384 2.612285
v -0.6163096 -5.519934 2.612225
v -0.8314993 -4.428048 2.611961
v 0.4277558 -4.388199 2.611751
v 0.4277558 -4.388199 2.611751
v -0.8314993 -4.428048 2.611961
v -0.7916496 -3.328192 2.611732
v 0.4676057 -3.391952 2.611247
v 0.5122361 -1.96833 2.610886
v -0.6960099 -2.363826 2.61131
v 2.146872 -0.6233759 2.612065
v 0.9734881 -1.598441 2.611063
v 0.2793745 -0.2597926 2.609863
v 1.254439 0.6491668 2.610696
v 5.898394 -0.4581109 2.61346
v 5.055541 0.9796977 2.61346
v 6.24545 2.450558 2.613162
v 7.055251 1.293701 2.613162
v 5.898394 -0.4581109 2.61346
v 5.369545 -0.8051674 2.613459
v 4.559745 0.6656936 2.61346
v 5.055541 0.9796977 2.61346
v 5.369545 -0.8051674 2.613459
v 4.427533 -0.7390612 2.61346
v 3.832577 0.6656938 2.613426
v 4.559745 0.6656936 2.61346
v 3.63426 -0.5242165 2.61346
v 2.758353 -0.4250574 2.612626
v 1.915501 1.01275 2.611337
v 2.758354 0.9301177 2.612293
v 2.758353 -0.4250574 2.612626
v 2.146872 -0.6233759 2.612065
v 1.254439 0.6491668 2.610696
v 1.915501 1.01275 2.611337
v 4.427533 -0.7390612 2.61346
v 3.63426 -0.5242165 2.61346
v 2.758354 0.9301177 2.612293
v 3.832577 0.6656938 2.613426
v 2.994285 -4.730441 2.613459
v 4.291158 -3.330277 2.613459
v 4.546879 -3.648487 2.613459
v 3.22068 -5.173553 2.613459
v 2.994285 -4.730441 2.613459
v 2.420447 -3.972976 2.613438
v 3.086099 -2.492475 2.613459
v 4.291158 -3.330277 2.613459
v -2.633142 -8.208758 2.661644
v -1.890648 -7.396 2.661652
v -1.890648 -7.396 2.613063
v -2.633142 -8.208758 2.613054
v -10.0228 -0.7171237 2.658127
v -9.752583 -0.2007935 2.656733
v -9.752583 -0.2007935 2.608143
v -10.0228 -0.7171237 2.609537
v -10.15563 -2.018884 2.662048
v -10.15563 -2.018884 2.613458
v -9.458258 -3.307363 2.662047
v -9.458258 -3.307363 2.613457
v -7.811131 -3.918393 2.662016
v -7.811131 -3.918393 2.613426
v -6.170647 -3.440195 2.658822
v -6.170647 -3.440195 2.610232
v -3.699959 -1.082413 2.658533
v -3.699959 -1.082413 2.609943
v -2.550953 -0.557724 2.659052
v -2.550954 -0.5577239 2.610462
v -1.116359 -0.7768974 2.65801
v -1.116359 -0.7768974 2.60942
v -0.6960099 -2.363826 2.6599
v 0.5122361 -1.96833 2.659476
v 0.5122361 -1.96833 2.610886
v -0.6960099 -2.363826 2.61131
v -0.2263803 0.1927816 2.659232
v -1.116359 -0.7768974 2.65801
v -1.116359 -0.7768974 2.60942
v -0.2263803 0.1927816 2.610642
v 8.825137 4.534163 2.612865
v 9.494184 3.369933 2.612864
v 7.055251 1.293701 2.613162
v 6.24545 2.450558 2.613162
v 7.055251 1.293701 2.66205
v 7.055251 1.293701 2.613162
v 9.494184 3.369933 2.612864
v 9.494184 3.369933 2.662052
v 8.825137 4.534163 2.662052
v 8.825137 4.534163 2.612865
v 6.24545 2.450558 2.613162
v 6.24545 2.450558 2.662051
v 9.494184 3.369933 2.662052
v 9.494184 3.369933 2.612864
v 8.825137 4.534163 2.612865
v 8.825137 4.534163 2.662052
v 6.035189 4.030172 2.61897
v 4.871592 4.687692 2.61897
v 4.848657 4.698358 3.437107
v 6.035189 4.030172 2.965882
v 7.566703 5.465439 3.070885
v 6.048663 4.248944 3.080767
v 4.914684 4.765748 3.508961
v 6.396884 7.911646 3.556861
v 5.119488 9.217792 3.997242
v 3.77666 5.221064 3.776906
v 3.494008 10.08658 4.393479
v 2.47508 5.540125 4.075904
v 1.400079 5.642163 4.192297
v -2.384186E-07 5.673915 4.227
v -7.152557E-07 10.70617 4.72969
v 1.628794 10.60588 4.637189
v 2.442178 5.474041 4.001761
v 3.725582 5.155218 3.705003
v 3.745077 5.149023 2.61897
v 2.454676 5.47262 2.61897
v 7.769545 5.380408 2.61897
v 6.035189 4.030172 2.61897
v 6.035189 4.030172 2.965882
v 7.769545 5.380408 2.966265
v 3.725582 5.155218 3.705003
v 4.848657 4.698358 3.437107
v 4.871592 4.687692 2.61897
v 3.745077 5.149023 2.61897
v 1.38676 5.575912 4.115788
v 2.442178 5.474041 4.001761
v 2.454676 5.47262 2.61897
v 1.394745 5.575421 2.61897
v 1.394745 5.575421 2.61897
v 0 5.60725 4.150047
v 1.38676 5.575912 4.115788
v -2.384186E-07 5.60613 2.61897
v -1.394745 5.575422 2.61897
v -1.38676 5.575911 4.115787
v 1.628794 10.60588 4.637189
v 3.494008 10.08658 4.393479
v 2.47508 5.540125 4.075904
v 1.400079 5.642163 4.192297
v 7.566703 5.465439 3.070885
v 7.713097 5.404071 3.026436
v 6.038939 4.091054 3.029079
v 6.048663 4.248944 3.080767
v 7.713097 5.404071 3.026436
v 7.769545 5.380408 2.966265
v 6.035189 4.030172 2.965882
v 6.038939 4.091054 3.029079
v 5.17898 9.332389 3.927192
v 5.161854 9.300787 3.977748
v 3.521376 10.17132 4.376155
v 3.532365 10.20392 4.326632
v 5.161854 9.300787 3.977748
v 5.119488 9.217792 3.997242
v 3.494008 10.08658 4.393479
v 3.521376 10.17132 4.376155
v 3.725582 5.155218 3.705003
v 3.739209 5.173728 3.756896
v 4.865851 4.71766 3.488965
v 4.848657 4.698358 3.437107
v 3.739209 5.173728 3.756896
v 3.77666 5.221064 3.776906
v 4.914684 4.765748 3.508961
v 4.865851 4.71766 3.488965
v 6.396884 7.911646 3.556861
v 6.452629 7.99515 3.537271
v 7.713097 5.404071 3.026436
v 7.566703 5.465439 3.070885
v 6.452629 7.99515 3.537271
v 6.475726 8.026166 3.486467
v 7.769545 5.380408 2.966265
v 7.713097 5.404071 3.026436
v 4.848657 4.698358 3.437107
v 4.865851 4.71766 3.488965
v 6.038939 4.091054 3.029079
v 6.035189 4.030172 2.965882
v 4.865851 4.71766 3.488965
v 4.914684 4.765748 3.508961
v 6.048663 4.248944 3.080767
v 6.038939 4.091054 3.029079
v 6.475726 8.026166 3.486467
v 6.452629 7.99515 3.537271
v 5.161854 9.300787 3.977748
v 5.17898 9.332389 3.927192
v 6.452629 7.99515 3.537271
v 6.396884 7.911646 3.556861
v 5.119488 9.217792 3.997242
v 5.161854 9.300787 3.977748
v 2.442178 5.474041 4.001761
v 2.451046 5.492464 4.054131
v 3.739209 5.173728 3.756896
v 3.725582 5.155218 3.705003
v 2.451046 5.492464 4.054131
v 3.77666 5.221064 3.776906
v 3.739209 5.173728 3.756896
v 2.47508 5.540125 4.075904
v 1.390298 5.594358 4.168569
v 1.400079 5.642163 4.192297
v -2.384186E-07 5.625824 4.202696
v -2.384186E-07 5.673915 4.227
v -1.400079 5.642163 4.192296
v -1.390298 5.594358 4.168568
v -2.475081 5.540125 4.075904
v -2.451047 5.492464 4.054131
v -3.77666 5.221063 3.776906
v -3.739209 5.173729 3.756896
v 0 5.60725 4.150047
v -2.384186E-07 5.625824 4.202696
v 1.390298 5.594358 4.168569
v 1.38676 5.575912 4.115788
v 1.642035 10.72512 4.574267
v 1.638211 10.69195 4.622507
v -4.768372E-07 10.79211 4.715772
v -7.152557E-07 10.82528 4.668034
v 1.638211 10.69195 4.622507
v 1.628794 10.60588 4.637189
v -7.152557E-07 10.70617 4.72969
v -4.768372E-07 10.79211 4.715772
v 1.628794 10.60588 4.637189
v 1.638211 10.69195 4.622507
v 3.521376 10.17132 4.376155
v 3.494008 10.08658 4.393479
v 1.638211 10.69195 4.622507
v 1.642035 10.72512 4.574267
v 3.532365 10.20392 4.326632
v 3.521376 10.17132 4.376155
v 1.38676 5.575912 4.115788
v 1.390298 5.594358 4.168569
v 2.451046 5.492464 4.054131
v 2.442178 5.474041 4.001761
v -6.035189 4.030171 2.61897
v -6.035189 4.030171 2.965882
v -4.848658 4.698359 3.437107
v -4.871593 4.687692 2.61897
v -7.566703 5.465438 3.070885
v -4.914683 4.765748 3.508961
v -6.048662 4.248943 3.080767
v -6.396884 7.911645 3.556861
v -5.119489 9.217791 3.997242
v -3.77666 5.221063 3.776906
v -3.494008 10.08658 4.393479
v -2.475081 5.540125 4.075904
v -1.400079 5.642163 4.192296
v -1.628794 10.60588 4.637189
v -7.152557E-07 10.70617 4.72969
v -2.384186E-07 5.673915 4.227
v -2.442179 5.474041 4.001761
v -2.454676 5.47262 2.61897
v -3.745077 5.149022 2.61897
v -3.725582 5.155218 3.705002
v -7.769545 5.380407 2.61897
v -7.769545 5.380407 2.966265
v -6.035189 4.030171 2.965882
v -6.035189 4.030171 2.61897
v -3.725582 5.155218 3.705002
v -3.745077 5.149022 2.61897
v -4.871593 4.687692 2.61897
v -4.848658 4.698359 3.437107
v -1.38676 5.575911 4.115787
v -1.394745 5.575422 2.61897
v -2.454676 5.47262 2.61897
v -2.442179 5.474041 4.001761
v -1.628794 10.60588 4.637189
v -1.400079 5.642163 4.192296
v -2.475081 5.540125 4.075904
v -3.494008 10.08658 4.393479
v -7.566703 5.465438 3.070885
v -6.048662 4.248943 3.080767
v -6.038939 4.091053 3.029079
v -7.713096 5.404069 3.026436
v -7.713096 5.404069 3.026436
v -6.038939 4.091053 3.029079
v -6.035189 4.030171 2.965882
v -7.769545 5.380407 2.966265
v -5.178979 9.332388 3.927191
v -3.532364 10.20392 4.326632
v -3.521375 10.17132 4.376155
v -5.161852 9.300785 3.977748
v -5.161852 9.300785 3.977748
v -3.521375 10.17132 4.376155
v -3.494008 10.08658 4.393479
v -5.119489 9.217791 3.997242
v -3.725582 5.155218 3.705002
v -4.848658 4.698359 3.437107
v -4.865851 4.71766 3.488965
v -3.739209 5.173729 3.756896
v -3.739209 5.173729 3.756896
v -4.865851 4.71766 3.488965
v -4.914683 4.765748 3.508961
v -3.77666 5.221063 3.776906
v -6.396884 7.911645 3.556861
v -7.566703 5.465438 3.070885
v -7.713096 5.404069 3.026436
v -6.452629 7.995149 3.537271
v -6.452629 7.995149 3.537271
v -7.713096 5.404069 3.026436
v -7.769545 5.380407 2.966265
v -6.475726 8.026165 3.486467
v -4.848658 4.698359 3.437107
v -6.035189 4.030171 2.965882
v -6.038939 4.091053 3.029079
v -4.865851 4.71766 3.488965
v -4.865851 4.71766 3.488965
v -6.038939 4.091053 3.029079
v -6.048662 4.248943 3.080767
v -4.914683 4.765748 3.508961
v -6.475726 8.026165 3.486467
v -5.178979 9.332388 3.927191
v -5.161852 9.300785 3.977748
v -6.452629 7.995149 3.537271
v -6.452629 7.995149 3.537271
v -5.161852 9.300785 3.977748
v -5.119489 9.217791 3.997242
v -6.396884 7.911645 3.556861
v -2.442179 5.474041 4.001761
v -3.725582 5.155218 3.705002
v -3.739209 5.173729 3.756896
v -2.451047 5.492464 4.054131
v 0 5.60725 4.150047
v -1.38676 5.575911 4.115787
v -1.390298 5.594358 4.168568
v -2.384186E-07 5.625824 4.202696
v -1.642035 10.72512 4.574267
v -7.152557E-07 10.82528 4.668034
v -4.768372E-07 10.79211 4.715772
v -1.638212 10.69195 4.622507
v -1.638212 10.69195 4.622507
v -4.768372E-07 10.79211 4.715772
v -7.152557E-07 10.70617 4.72969
v -1.628794 10.60588 4.637189
v -1.628794 10.60588 4.637189
v -3.494008 10.08658 4.393479
v -3.521375 10.17132 4.376155
v -1.638212 10.69195 4.622507
v -1.638212 10.69195 4.622507
v -3.521375 10.17132 4.376155
v -3.532364 10.20392 4.326632
v -1.642035 10.72512 4.574267
v -1.38676 5.575911 4.115787
v -2.442179 5.474041 4.001761
v -2.451047 5.492464 4.054131
v -1.390298 5.594358 4.168568
v 3.750802 9.655114 4.08603
v 3.750123 9.655143 5.468616
v 3.661655 9.815893 5.468699
v 3.662335 9.815863 4.086113
v 3.485435 9.867005 5.468826
v 3.486117 9.866977 4.08624
v 3.324687 9.778543 5.468922
v 3.325369 9.778512 4.086335
v 3.273579 9.602323 5.468929
v 3.274261 9.602292 4.086343
v 3.274261 9.602292 4.086343
v 3.273579 9.602323 5.468929
v 3.362046 9.441572 5.468846
v 3.362727 9.441542 4.08626
v 3.538266 9.39046 5.46872
v 3.538945 9.39043 4.086133
v 3.699013 9.478923 5.468624
v 3.699695 9.478894 4.086038
v 3.750123 9.655143 5.468616
v 3.750802 9.655114 4.08603
v -1.961982 -8.84976 2.556029
v -1.948574 -8.84551 2.708215
v -1.818863 -9.024059 2.707579
v -1.82245 -9.02826 2.556029
v -1.516017 -9.03543 2.556029
v -1.518665 -9.027077 2.708215
v -1.260813 -8.900638 2.707579
v -1.25546 -8.902005 2.556029
v -1.226026 -8.606706 2.708215
v -1.212617 -8.602454 2.556029
v -1.25546 -8.902005 2.556029
v -1.260813 -8.900638 2.707579
v -1.705194 -8.418235 2.556029
v -1.702546 -8.426588 2.708215
v -1.987561 -8.600019 2.707578
v -1.992913 -8.598651 2.556029
v -1.430005 -8.365968 2.556029
v -1.433592 -8.37017 2.707578
v -1.702546 -8.426588 2.708215
v -1.705194 -8.418235 2.556029
v -1.82245 -9.02826 2.556029
v -1.818863 -9.024059 2.707579
v -1.518665 -9.027077 2.708215
v -1.516017 -9.03543 2.556029
v -1.948574 -8.84551 2.708215
v -1.518665 -9.027077 2.708215
v -1.818863 -9.024059 2.707579
v -1.604388 -8.726652 2.710123
v -1.987561 -8.600019 2.707578
v -1.260813 -8.900638 2.707579
v -1.702546 -8.426588 2.708215
v -1.226026 -8.606706 2.708215
v -1.433592 -8.37017 2.707578
v -1.433592 -8.37017 2.707578
v -1.430005 -8.365968 2.556029
v -1.212617 -8.602454 2.556029
v -1.226026 -8.606706 2.708215
v -1.992913 -8.598651 2.556029
v -1.987561 -8.600019 2.707578
v -1.948574 -8.84551 2.708215
v -1.961982 -8.84976 2.556029
v 3.276754 -2.864007 2.567819
v 3.286888 -2.863311 2.689704
v 3.347463 -3.010714 2.689245
v 3.34423 -3.013051 2.567819
v 3.558032 -3.070329 2.567819
v 3.557598 -3.064016 2.689704
v 3.760091 -3.019256 2.689245
v 3.763614 -3.021128 2.567819
v 3.834617 -2.818934 2.689704
v 3.84475 -2.818238 2.567819
v 3.763614 -3.021128 2.567819
v 3.760091 -3.019256 2.689245
v 3.530517 -2.604987 2.567819
v 3.530951 -2.611301 2.689704
v 3.301387 -2.684402 2.689245
v 3.297864 -2.682529 2.567819
v 3.732529 -2.615232 2.567819
v 3.729296 -2.617568 2.689245
v 3.530951 -2.611301 2.689704
v 3.530517 -2.604987 2.567819
v 3.34423 -3.013051 2.567819
v 3.347463 -3.010714 2.689245
v 3.557598 -3.064016 2.689704
v 3.558032 -3.070329 2.567819
v 3.286888 -2.863311 2.689704
v 3.557598 -3.064016 2.689704
v 3.347463 -3.010714 2.689245
v 3.548669 -2.838591 2.691082
v 3.301387 -2.684402 2.689245
v 3.760091 -3.019256 2.689245
v 3.530951 -2.611301 2.689704
v 3.834617 -2.818934 2.689704
v 3.729296 -2.617568 2.689245
v 3.729296 -2.617568 2.689245
v 3.732529 -2.615232 2.567819
v 3.84475 -2.818238 2.567819
v 3.834617 -2.818934 2.689704
v 3.297864 -2.682529 2.567819
v 3.301387 -2.684402 2.689245
v 3.286888 -2.863311 2.689704
v 3.276754 -2.864007 2.567819
v 1.335456 -3.371199 2.556965
v 1.346428 -3.364599 2.699365
v 1.499039 -3.495229 2.698786
v 1.496753 -3.499708 2.556965
v 1.769561 -3.441223 2.556965
v 1.765449 -3.434387 2.699365
v 1.96698 -3.267893 2.698786
v 1.972008 -3.267971 2.556965
v 1.935589 -3.000309 2.699365
v 1.946561 -2.993708 2.556965
v 1.972008 -3.267971 2.556965
v 1.96698 -3.267893 2.698786
v 1.471496 -2.934831 2.556965
v 1.475608 -2.941667 2.699365
v 1.259972 -3.155509 2.698786
v 1.254944 -3.155431 2.556965
v 1.704069 -2.830336 2.556965
v 1.701783 -2.834815 2.698786
v 1.475608 -2.941667 2.699365
v 1.471496 -2.934831 2.556965
v 1.496753 -3.499708 2.556965
v 1.499039 -3.495229 2.698786
v 1.765449 -3.434387 2.699365
v 1.769561 -3.441223 2.556965
v 1.346428 -3.364599 2.699365
v 1.765449 -3.434387 2.699365
v 1.499039 -3.495229 2.698786
v 1.625995 -3.186552 2.701102
v 1.259972 -3.155509 2.698786
v 1.96698 -3.267893 2.698786
v 1.475608 -2.941667 2.699365
v 1.935589 -3.000309 2.699365
v 1.701783 -2.834815 2.698786
v 1.701783 -2.834815 2.698786
v 1.704069 -2.830336 2.556965
v 1.946561 -2.993708 2.556965
v 1.935589 -3.000309 2.699365
v 1.254944 -3.155431 2.556965
v 1.259972 -3.155509 2.698786
v 1.346428 -3.364599 2.699365
v 1.335456 -3.371199 2.556965
v 5.00154 1.001703 2.579474
v 5.009001 1.006679 2.692141
v 5.120049 0.9202656 2.691736
v 5.118596 0.9170578 2.579474
v 5.307564 0.9668914 2.579474
v 5.304464 0.9715407 2.692141
v 5.440032 1.094618 2.691736
v 5.443552 1.094728 2.579474
v 5.409326 1.280817 2.692141
v 5.416786 1.285793 2.579474
v 5.443552 1.094728 2.579474
v 5.440032 1.094618 2.691736
v 5.082468 1.311467 2.579474
v 5.085567 1.306818 2.692141
v 4.941678 1.150151 2.691735
v 4.938158 1.150042 2.579474
v 5.241781 1.392179 2.579474
v 5.240328 1.388971 2.691735
v 5.085567 1.306818 2.692141
v 5.082468 1.311467 2.579474
v 5.118596 0.9170578 2.579474
v 5.120049 0.9202656 2.691736
v 5.304464 0.9715407 2.692141
v 5.307564 0.9668914 2.579474
v 5.009001 1.006679 2.692141
v 5.304464 0.9715407 2.692141
v 5.120049 0.9202656 2.691736
v 5.198793 1.140391 2.693357
v 4.941678 1.150151 2.691735
v 5.440032 1.094618 2.691736
v 5.085567 1.306818 2.692141
v 5.409326 1.280817 2.692141
v 5.240328 1.388971 2.691735
v 5.240328 1.388971 2.691735
v 5.241781 1.392179 2.579474
v 5.416786 1.285793 2.579474
v 5.409326 1.280817 2.692141
v 4.938158 1.150042 2.579474
v 4.941678 1.150151 2.691735
v 5.009001 1.006679 2.692141
v 5.00154 1.001703 2.579474
v 3.965659 -0.7167945 2.554108
v 3.980809 -0.7171087 2.71472
v 4.051185 -0.9441974 2.714035
v 4.04607 -0.9472382 2.554108
v 4.356121 -1.06082 2.554108
v 4.356318 -1.05138 2.71472
v 4.663155 -1.011842 2.714035
v 4.668139 -1.015094 2.554108
v 4.800567 -0.7241174 2.71472
v 4.815717 -0.7244326 2.554108
v 4.668139 -1.015094 2.554108
v 4.663155 -1.011842 2.714035
v 4.377211 -0.3657224 2.554108
v 4.377015 -0.3751608 2.71472
v 4.026178 -0.4532065 2.714034
v 4.021194 -0.4499551 2.554108
v 4.676009 -0.4078478 2.554108
v 4.670894 -0.4108891 2.714034
v 4.377015 -0.3751608 2.71472
v 4.377211 -0.3657224 2.554108
v 4.04607 -0.9472382 2.554108
v 4.051185 -0.9441974 2.714035
v 4.356318 -1.05138 2.71472
v 4.356121 -1.06082 2.554108
v 3.980809 -0.7171087 2.71472
v 4.356318 -1.05138 2.71472
v 4.051185 -0.9441974 2.714035
v 4.373071 -0.7152433 2.716775
v 4.026178 -0.4532065 2.714034
v 4.663155 -1.011842 2.714035
v 4.377015 -0.3751608 2.71472
v 4.800567 -0.7241174 2.71472
v 4.670894 -0.4108891 2.714034
v 4.670894 -0.4108891 2.714034
v 4.676009 -0.4078478 2.554108
v 4.815717 -0.7244326 2.554108
v 4.800567 -0.7241174 2.71472
v 4.021194 -0.4499551 2.554108
v 4.026178 -0.4532065 2.714034
v 3.980809 -0.7171087 2.71472
v 3.965659 -0.7167945 2.554108
v -9.629229 -3.238283 2.563768
v -9.61947 -3.239215 2.682908
v -9.584973 -3.389106 2.682464
v -9.58842 -3.390821 2.563768
v -9.39384 -3.478994 2.563768
v -9.39326 -3.472914 2.682908
v -9.193398 -3.462145 2.682464
v -9.190339 -3.464482 2.563768
v -9.090922 -3.283114 2.682908
v -9.081163 -3.284045 2.563768
v -9.190339 -3.464482 2.563768
v -9.193398 -3.462145 2.682464
v -9.346844 -3.031552 2.563768
v -9.347424 -3.037632 2.682908
v -9.577522 -3.071132 2.682464
v -9.580581 -3.068795 2.563768
v -9.156091 -3.073083 2.563768
v -9.159538 -3.0748 2.682464
v -9.347424 -3.037632 2.682908
v -9.346844 -3.031552 2.563768
v -9.58842 -3.390821 2.563768
v -9.584973 -3.389106 2.682464
v -9.39326 -3.472914 2.682908
v -9.39384 -3.478994 2.563768
v -9.61947 -3.239215 2.682908
v -9.39326 -3.472914 2.682908
v -9.584973 -3.389106 2.682464
v -9.366304 -3.256854 2.684237
v -9.577522 -3.071132 2.682464
v -9.193398 -3.462145 2.682464
v -9.347424 -3.037632 2.682908
v -9.090922 -3.283114 2.682908
v -9.159538 -3.0748 2.682464
v -9.159538 -3.0748 2.682464
v -9.156091 -3.073083 2.563768
v -9.081163 -3.284045 2.563768
v -9.090922 -3.283114 2.682908
v -9.580581 -3.068795 2.563768
v -9.577522 -3.071132 2.682464
v -9.61947 -3.239215 2.682908
v -9.629229 -3.238283 2.563768
v -8.59786 -1.336046 2.558861
v -8.594012 -1.323066 2.706967
v -8.381695 -1.316027 2.706355
v -8.380281 -1.321153 2.558861
v -8.209202 -1.080765 2.558861
v -8.217289 -1.078368 2.706967
v -8.178926 -0.8046026 2.706355
v -8.174947 -0.8010747 2.558861
v -8.394446 -0.6182563 2.706967
v -8.390598 -0.6052749 2.558861
v -8.174947 -0.8010747 2.558861
v -8.178926 -0.8046026 2.706355
v -8.803255 -0.898494 2.558861
v -8.795167 -0.9008911 2.706967
v -8.810731 -1.221666 2.706355
v -8.814712 -1.225193 2.558861
v -8.696412 -0.6509349 2.558861
v -8.694998 -0.6560619 2.706355
v -8.795167 -0.9008911 2.706967
v -8.803255 -0.898494 2.558861
v -8.380281 -1.321153 2.558861
v -8.381695 -1.316027 2.706355
v -8.217289 -1.078368 2.706967
v -8.209202 -1.080765 2.558861
v -8.594012 -1.323066 2.706967
v -8.217289 -1.078368 2.706967
v -8.381695 -1.316027 2.706355
v -8.503016 -0.9845762 2.708804
v -8.810731 -1.221666 2.706355
v -8.178926 -0.8046026 2.706355
v -8.795167 -0.9008911 2.706967
v -8.394446 -0.6182563 2.706967
v -8.694998 -0.6560619 2.706355
v -8.694998 -0.6560619 2.706355
v -8.696412 -0.6509349 2.558861
v -8.390598 -0.6052749 2.558861
v -8.394446 -0.6182563 2.706967
v -8.814712 -1.225193 2.558861
v -8.810731 -1.221666 2.706355
v -8.594012 -1.323066 2.706967
v -8.59786 -1.336046 2.558861
v -0.6486812 -7.836233 2.585034
v -0.6420138 -7.834119 2.682396
v -0.577518 -7.922899 2.68208
v -0.5793016 -7.924989 2.585034
v -0.4269333 -7.928554 2.585034
v -0.4282501 -7.924399 2.682396
v -0.3000379 -7.861529 2.68208
v -0.2973764 -7.86221 2.585034
v -0.2827406 -7.715378 2.682396
v -0.2760737 -7.713264 2.585034
v -0.2973764 -7.86221 2.585034
v -0.3000379 -7.861529 2.68208
v -0.5209987 -7.621665 2.585034
v -0.5196815 -7.625818 2.682396
v -0.6613996 -7.712053 2.68208
v -0.6640608 -7.711373 2.585034
v -0.3841655 -7.595675 2.585034
v -0.3859487 -7.597766 2.68208
v -0.5196815 -7.625818 2.682396
v -0.5209987 -7.621665 2.585034
v -0.5793016 -7.924989 2.585034
v -0.577518 -7.922899 2.68208
v -0.4282501 -7.924399 2.682396
v -0.4269333 -7.928554 2.585034
v -0.6420138 -7.834119 2.682396
v -0.4282501 -7.924399 2.682396
v -0.577518 -7.922899 2.68208
v -0.4708738 -7.77502 2.683345
v -0.6613996 -7.712053 2.68208
v -0.3000379 -7.861529 2.68208
v -0.5196815 -7.625818 2.682396
v -0.2827406 -7.715378 2.682396
v -0.3859487 -7.597766 2.68208
v -0.3859487 -7.597766 2.68208
v -0.3841655 -7.595675 2.585034
v -0.2760737 -7.713264 2.585034
v -0.2827406 -7.715378 2.682396
v -0.6640608 -7.711373 2.585034
v -0.6613996 -7.712053 2.68208
v -0.6420138 -7.834119 2.682396
v -0.6486812 -7.836233 2.585034
v -0.4380398 -7.443343 2.589589
v -0.4326348 -7.445668 2.678342
v -0.4404593 -7.537646 2.678076
v -0.4427433 -7.537993 2.589589
v -0.3477657 -7.624114 2.589589
v -0.3463173 -7.620746 2.678342
v -0.2301478 -7.651305 2.678076
v -0.2288284 -7.653203 2.589589
v -0.1387124 -7.567839 2.678342
v -0.133307 -7.570164 2.589589
v -0.2288284 -7.653203 2.589589
v -0.2301478 -7.651305 2.678076
v -0.2387233 -7.377098 2.589589
v -0.2401714 -7.380466 2.678342
v -0.3777926 -7.35734 2.678076
v -0.3791111 -7.355442 2.589589
v -0.1373661 -7.435866 2.589589
v -0.1396503 -7.436214 2.678076
v -0.2401714 -7.380466 2.678342
v -0.2387233 -7.377098 2.589589
v -0.4427433 -7.537993 2.589589
v -0.4404593 -7.537646 2.678076
v -0.3463173 -7.620746 2.678342
v -0.3477657 -7.624114 2.589589
v -0.4326348 -7.445668 2.678342
v -0.3463173 -7.620746 2.678342
v -0.4404593 -7.537646 2.678076
v -0.2912281 -7.502251 2.67914
v -0.3777926 -7.35734 2.678076
v -0.2301478 -7.651305 2.678076
v -0.2401714 -7.380466 2.678342
v -0.1387124 -7.567839 2.678342
v -0.1396503 -7.436214 2.678076
v -0.1396503 -7.436214 2.678076
v -0.1373661 -7.435866 2.589589
v -0.133307 -7.570164 2.589589
v -0.1387124 -7.567839 2.678342
v -0.3791111 -7.355442 2.589589
v -0.3777926 -7.35734 2.678076
v -0.4326348 -7.445668 2.678342
v -0.4380398 -7.443343 2.589589
v 0.7030709 -5.659545 2.710903
v 1.022395 -5.909746 2.708967
v 0.8039501 -6.117656 2.708322
v 0.5376892 -5.949601 2.708967
v 0.4639974 -5.361211 2.708967
v 0.5376892 -5.949601 2.708967
v 0.3654981 -5.687651 2.708322
v 0.4540069 -5.351018 2.555183
v 0.4639974 -5.361211 2.708967
v 0.3654981 -5.687651 2.708322
v 0.3600507 -5.686328 2.555183
v 0.5313394 -5.955825 2.555183
v 0.5376892 -5.949601 2.708967
v 0.8039501 -6.117656 2.708322
v 0.8051636 -6.123128 2.555183
v 1.022395 -5.909746 2.708967
v 1.032385 -5.919939 2.555183
v 0.8051636 -6.123128 2.555183
v 0.8039501 -6.117656 2.708322
v 0.9548388 -5.370879 2.555183
v 0.9484885 -5.377104 2.708967
v 0.6721427 -5.235915 2.708322
v 0.6709294 -5.230443 2.555183
v 1.090793 -5.637249 2.555183
v 1.085346 -5.635926 2.708322
v 0.9484885 -5.377104 2.708967
v 0.9548388 -5.370879 2.555183
v 0.3600507 -5.686328 2.555183
v 0.3654981 -5.687651 2.708322
v 0.5376892 -5.949601 2.708967
v 0.5313394 -5.955825 2.555183
v 0.6721427 -5.235915 2.708322
v 0.9484885 -5.377104 2.708967
v 0.7030709 -5.659545 2.710903
v 0.4639974 -5.361211 2.708967
v 0.9484885 -5.377104 2.708967
v 1.022395 -5.909746 2.708967
v 1.085346 -5.635926 2.708322
v 1.085346 -5.635926 2.708322
v 1.090793 -5.637249 2.555183
v 1.032385 -5.919939 2.555183
v 1.022395 -5.909746 2.708967
v 0.6709294 -5.230443 2.555183
v 0.6721427 -5.235915 2.708322
v 0.4639974 -5.361211 2.708967
v 0.4540069 -5.351018 2.555183
v -0.947717 -3.930159 2.576879
v -0.9396734 -3.92616 2.689656
v -0.8402922 -4.026086 2.68925
v -0.8421426 -4.029089 2.576879
v -0.6480806 -4.00352 2.576879
v -0.6505716 -3.998508 2.689656
v -0.5002849 -3.893402 2.68925
v -0.4967735 -3.893739 2.576879
v -0.5072014 -3.704516 2.689656
v -0.4991572 -3.700516 2.576879
v -0.4967735 -3.893739 2.576879
v -0.5002849 -3.893402 2.68925
v -0.828064 -3.63265 2.576879
v -0.8255732 -3.637661 2.689656
v -0.9883835 -3.775085 2.68925
v -0.9918952 -3.774748 2.576879
v -0.6595535 -3.572644 2.576879
v -0.6614039 -3.575648 2.68925
v -0.8255732 -3.637661 2.689656
v -0.828064 -3.63265 2.576879
v -0.8421426 -4.029089 2.576879
v -0.8402922 -4.026086 2.68925
v -0.6505716 -3.998508 2.689656
v -0.6480806 -4.00352 2.576879
v -0.9396734 -3.92616 2.689656
v -0.6505716 -3.998508 2.689656
v -0.8402922 -4.026086 2.68925
v -0.7341659 -3.81736 2.690874
v -0.9883835 -3.775085 2.68925
v -0.5002849 -3.893402 2.68925
v -0.8255732 -3.637661 2.689656
v -0.5072014 -3.704516 2.689656
v -0.6614039 -3.575648 2.68925
v -0.6614039 -3.575648 2.68925
v -0.6595535 -3.572644 2.576879
v -0.4991572 -3.700516 2.576879
v -0.5072014 -3.704516 2.689656
v -0.9918952 -3.774748 2.576879
v -0.9883835 -3.775085 2.68925
v -0.9396734 -3.92616 2.689656
v -0.947717 -3.930159 2.576879
v -0.8281906 -3.355501 2.59086
v -0.8231084 -3.357789 2.677211
v -0.831991 -3.444785 2.676959
v -0.8341608 -3.445078 2.59086
v -0.7455752 -3.528171 2.59086
v -0.7441494 -3.525004 2.677211
v -0.6346014 -3.555808 2.676959
v -0.6333826 -3.557626 2.59086
v -0.5466588 -3.478212 2.677211
v -0.5415757 -3.4805 2.59086
v -0.6333826 -3.557626 2.59086
v -0.6346014 -3.555808 2.676959
v -0.6383388 -3.295942 2.59086
v -0.6397641 -3.299108 2.677211
v -0.7697489 -3.275001 2.676959
v -0.7709677 -3.273183 2.59086
v -0.5432718 -3.353228 2.59086
v -0.5454416 -3.353521 2.676959
v -0.6397641 -3.299108 2.677211
v -0.6383388 -3.295942 2.59086
v -0.8341608 -3.445078 2.59086
v -0.831991 -3.444785 2.676959
v -0.7441494 -3.525004 2.677211
v -0.7455752 -3.528171 2.59086
v -0.8231084 -3.357789 2.677211
v -0.7441494 -3.525004 2.677211
v -0.831991 -3.444785 2.676959
v -0.6900733 -3.413646 2.677967
v -0.7697489 -3.275001 2.676959
v -0.6346014 -3.555808 2.676959
v -0.6397641 -3.299108 2.677211
v -0.5466588 -3.478212 2.677211
v -0.5454416 -3.353521 2.676959
v -0.5454416 -3.353521 2.676959
v -0.5432718 -3.353228 2.59086
v -0.5415757 -3.4805 2.59086
v -0.5466588 -3.478212 2.677211
v -0.7709677 -3.273183 2.59086
v -0.7697489 -3.275001 2.676959
v -0.8231084 -3.357789 2.677211
v -0.8281906 -3.355501 2.59086
v 3.729708 -3.320521 2.576641
v 3.735989 -3.315555 2.681851
v 3.841024 -3.384457 2.681489
v 3.839961 -3.387418 2.576641
v 4.004529 -3.329471 2.576641
v 4.001435 -3.325558 2.681851
v 4.113212 -3.206279 2.681489
v 4.116336 -3.205929 2.576641
v 4.072485 -3.042801 2.681851
v 4.078767 -3.037835 2.576641
v 4.116336 -3.205929 2.576641
v 4.113212 -3.206279 2.681489
v 3.779426 -3.039053 2.576641
v 3.782519 -3.042965 2.681851
v 3.665755 -3.192733 2.681489
v 3.66263 -3.193084 2.576641
v 3.915382 -2.955765 2.576641
v 3.914319 -2.958724 2.681489
v 3.782519 -3.042965 2.681851
v 3.779426 -3.039053 2.576641
v 3.839961 -3.387418 2.576641
v 3.841024 -3.384457 2.681489
v 4.001435 -3.325558 2.681851
v 4.004529 -3.329471 2.576641
v 3.735989 -3.315555 2.681851
v 4.001435 -3.325558 2.681851
v 3.841024 -3.384457 2.681489
v 3.895251 -3.182913 2.682937
v 3.665755 -3.192733 2.681489
v 4.113212 -3.206279 2.681489
v 3.782519 -3.042965 2.681851
v 4.072485 -3.042801 2.681851
v 3.914319 -2.958724 2.681489
v 3.914319 -2.958724 2.681489
v 3.915382 -2.955765 2.576641
v 4.078767 -3.037835 2.576641
v 4.072485 -3.042801 2.681851
v 3.66263 -3.193084 2.576641
v 3.665755 -3.192733 2.681489
v 3.735989 -3.315555 2.681851
v 3.729708 -3.320521 2.576641
v 3.160827 -5.18488 2.573589
v 3.16152 -5.176157 2.684568
v 3.294814 -5.143264 2.684172
v 3.296394 -5.146316 2.573589
v 3.372354 -4.971414 2.573589
v 3.36692 -4.970982 2.684568
v 3.354499 -4.792756 2.684172
v 3.356542 -4.789993 2.573589
v 3.193274 -4.703813 2.684568
v 3.193968 -4.695089 2.573589
v 3.356542 -4.789993 2.573589
v 3.354499 -4.792756 2.684172
v 2.972351 -4.935757 2.573589
v 2.977785 -4.93619 2.684568
v 3.010917 -5.141081 2.684172
v 3.008875 -5.143845 2.573589
v 3.006737 -4.764927 2.573589
v 3.008318 -4.76798 2.684172
v 2.977785 -4.93619 2.684568
v 2.972351 -4.935757 2.573589
v 3.296394 -5.146316 2.573589
v 3.294814 -5.143264 2.684172
v 3.36692 -4.970982 2.684568
v 3.372354 -4.971414 2.573589
v 3.16152 -5.176157 2.684568
v 3.36692 -4.970982 2.684568
v 3.294814 -5.143264 2.684172
v 3.173706 -4.949961 2.685755
v 3.010917 -5.141081 2.684172
v 3.354499 -4.792756 2.684172
v 2.977785 -4.93619 2.684568
v 3.193274 -4.703813 2.684568
v 3.008318 -4.76798 2.684172
v 3.008318 -4.76798 2.684172
v 3.006737 -4.764927 2.573589
v 3.193968 -4.695089 2.573589
v 3.193274 -4.703813 2.684568
v 3.008875 -5.143845 2.573589
v 3.010917 -5.141081 2.684172
v 3.16152 -5.176157 2.684568
v 3.160827 -5.18488 2.573589
v 4.692794 0.9105917 2.585477
v 4.698122 0.9053061 2.686798
v 4.645816 0.7998151 2.686459
v 4.642942 0.8004702 2.585477
v 4.715373 0.6538465 2.585477
v 4.718667 0.6571656 2.686798
v 4.842234 0.5665641 2.686459
v 4.842912 0.5636955 2.585477
v 4.989781 0.6228476 2.686798
v 4.995109 0.6175609 2.585477
v 4.842912 0.5636955 2.585477
v 4.842234 0.5665641 2.686459
v 4.960311 0.8959813 2.585477
v 4.957018 0.8926626 2.686798
v 4.804518 0.9844763 2.686459
v 4.803839 0.9873445 2.585477
v 5.053106 0.7788317 2.585477
v 5.050233 0.7794883 2.686459
v 4.957018 0.8926626 2.686798
v 4.960311 0.8959813 2.585477
v 4.642942 0.8004702 2.585477
v 4.645816 0.7998151 2.686459
v 4.718667 0.6571656 2.686798
v 4.715373 0.6538465 2.585477
v 4.698122 0.9053061 2.686798
v 4.718667 0.6571656 2.686798
v 4.645816 0.7998151 2.686459
v 4.839466 0.7720193 2.687816
v 4.804518 0.9844763 2.686459
v 4.842234 0.5665641 2.686459
v 4.957018 0.8926626 2.686798
v 4.989781 0.6228476 2.686798
v 5.050233 0.7794883 2.686459
v 5.050233 0.7794883 2.686459
v 5.053106 0.7788317 2.585477
v 4.995109 0.6175609 2.585477
v 4.989781 0.6228476 2.686798
v 4.803839 0.9873445 2.585477
v 4.804518 0.9844763 2.686459
v 4.698122 0.9053061 2.686798
v 4.692794 0.9105917 2.585477
v -8.888962 -3.119026 2.573421
v -8.890451 -3.126325 2.674315
v -9.006495 -3.140306 2.673978
v -9.007514 -3.137563 2.573421
v -9.089826 -3.277486 2.573421
v -9.085279 -3.278414 2.674315
v -9.093254 -3.430301 2.673978
v -9.095266 -3.432426 2.573421
v -8.966235 -3.522168 2.674315
v -8.967724 -3.529467 2.573421
v -9.095266 -3.432426 2.573421
v -9.093254 -3.430301 2.673978
v -8.755516 -3.349069 2.573421
v -8.760063 -3.348141 2.674315
v -8.766826 -3.171573 2.673978
v -8.764814 -3.169449 2.573421
v -8.802277 -3.489858 2.573421
v -8.803296 -3.487115 2.673978
v -8.760063 -3.348141 2.674315
v -8.755516 -3.349069 2.573421
v -9.007514 -3.137563 2.573421
v -9.006495 -3.140306 2.673978
v -9.085279 -3.278414 2.674315
v -9.089826 -3.277486 2.573421
v -8.890451 -3.126325 2.674315
v -9.085279 -3.278414 2.674315
v -9.006495 -3.140306 2.673978
v -8.924191 -3.3162 2.675326
v -8.766826 -3.171573 2.673978
v -9.093254 -3.430301 2.673978
v -8.760063 -3.348141 2.674315
v -8.966235 -3.522168 2.674315
v -8.803296 -3.487115 2.673978
v -8.803296 -3.487115 2.673978
v -8.802277 -3.489858 2.573421
v -8.967724 -3.529467 2.573421
v -8.966235 -3.522168 2.674315
v -8.764814 -3.169449 2.573421
v -8.766826 -3.171573 2.673978
v -8.890451 -3.126325 2.674315
v -8.888962 -3.119026 2.573421
v -1.820729 0.5356817 2.563768
v -1.811183 0.5334445 2.682908
v -1.797187 0.3802737 2.682464
v -1.800833 0.3790373 2.563768
v -1.619899 0.2654655 2.563768
v -1.618506 0.2714119 2.682908
v -1.419014 0.2551701 2.682464
v -1.416296 0.2524419 2.563768
v -1.293363 0.4187697 2.682908
v -1.283819 0.4165334 2.563768
v -1.416296 0.2524419 2.563768
v -1.419014 0.2551701 2.682464
v -1.513077 0.7025034 2.563768
v -1.51447 0.6965572 2.682908
v -1.746983 0.694348 2.682464
v -1.749701 0.6970757 2.563768
v -1.329655 0.6356639 2.563768
v -1.333302 0.634427 2.682464
v -1.51447 0.6965572 2.682908
v -1.513077 0.7025034 2.563768
v -1.800833 0.3790373 2.563768
v -1.797187 0.3802737 2.682464
v -1.618506 0.2714119 2.682908
v -1.619899 0.2654655 2.563768
v -1.811183 0.5334445 2.682908
v -1.618506 0.2714119 2.682908
v -1.797187 0.3802737 2.682464
v -1.5627 0.4818746 2.684237
v -1.746983 0.694348 2.682464
v -1.419014 0.2551701 2.682464
v -1.51447 0.6965572 2.682908
v -1.293363 0.4187697 2.682908
v -1.333302 0.634427 2.682464
v -1.333302 0.634427 2.682464
v -1.329655 0.6356639 2.563768
v -1.283819 0.4165334 2.563768
v -1.293363 0.4187697 2.682908
v -1.749701 0.6970757 2.563768
v -1.746983 0.694348 2.682464
v -1.811183 0.5334445 2.682908
v -1.820729 0.5356817 2.563768
v -1.071146 0.554167 2.573421
v -1.073605 0.547135 2.674315
v -1.190473 0.5489076 2.673978
v -1.191114 0.5517627 2.573421
v -1.291518 0.4242005 2.573421
v -1.287138 0.4226682 2.674315
v -1.315493 0.2732372 2.673978
v -1.317773 0.2714034 2.573421
v -1.202003 0.1651032 2.674315
v -1.204462 0.1580702 2.573421
v -1.317773 0.2714034 2.573421
v -1.315493 0.2732372 2.673978
v -0.9698942 0.3082494 2.573421
v -0.9742744 0.3097816 2.674315
v -0.9571989 0.4856522 2.673978
v -0.9549186 0.4874855 2.573421
v -1.035187 0.1750399 2.573421
v -1.035828 0.1778946 2.673978
v -0.9742744 0.3097816 2.674315
v -0.9698942 0.3082494 2.573421
v -1.191114 0.5517627 2.573421
v -1.190473 0.5489076 2.673978
v -1.287138 0.4226682 2.674315
v -1.291518 0.4242005 2.573421
v -1.073605 0.547135 2.674315
v -1.287138 0.4226682 2.674315
v -1.190473 0.5489076 2.673978
v -1.132605 0.363533 2.675326
v -0.9571989 0.4856522 2.673978
v -1.315493 0.2732372 2.673978
v -0.9742744 0.3097816 2.674315
v -1.202003 0.1651032 2.674315
v -1.035828 0.1778946 2.673978
v -1.035828 0.1778946 2.673978
v -1.035187 0.1750399 2.573421
v -1.204462 0.1580702 2.573421
v -1.202003 0.1651032 2.674315
v -0.9549186 0.4874855 2.573421
v -0.9571989 0.4856522 2.673978
v -1.073605 0.547135 2.674315
v -1.071146 0.554167 2.573421
v 3.20735 9.87313 5.002054
v 2.765974 9.546392 5.143595
v 3.124068 9.585984 5.00207
v 3.512295 9.628932 4.919863
v 2.926121 10.09834 5.143532
v 2.524562 9.52006 5.56416
v 3.469285 10.01726 5.001919
v 2.736482 10.25069 5.564025
v 2.634502 9.534669 6.714334
v 3.756407 9.933972 5.001712
v 3.900555 9.672053 5.001578
v 3.429609 10.37541 5.143207
v 3.981532 10.21532 5.142808
v 4.25861 9.711853 5.14255
v 2.823309 10.18321 6.714972
v 2.865769 9.568475 7.72467
v 3.40296 10.61745 5.563538
v 4.133342 10.40525 5.563082
v 4.500352 9.739066 5.562666
v 3.006065 10.04805 7.724378
v 3.0723 9.594698 8.496368
v 3.415715 10.50938 6.713748
v 4.065385 10.32109 6.713006
v 4.391401 9.72842 6.712974
v 3.168563 9.923418 8.494873
v 3.248606 9.612744 9.006261
v 3.445931 10.29038 7.723105
v 3.928427 10.15047 7.722141
v 4.170607 9.710332 7.72253
v 3.306951 9.813491 9.005325
v 3.391221 9.627643 9.319103
v 3.470848 10.08978 8.493821
v 3.802295 9.99365 8.493224
v 3.968682 9.6913 8.493425
v 3.418996 9.723553 9.319155
v 3.520571 9.642186 9.475704
v 3.490658 9.914578 9.005023
v 3.692069 9.856156 9.0048
v 3.793186 9.67243 9.004784
v 3.506312 9.771607 9.319098
v 3.602036 9.74384 9.319028
v 3.650094 9.65652 9.318982
v 3.817297 9.384913 5.001572
v 4.25861 9.711853 5.14255
v 3.900555 9.672053 5.001578
v 3.512295 9.628932 4.919863
v 4.098546 9.159901 5.142604
v 4.500352 9.739066 5.562666
v 3.555371 9.240759 5.001729
v 4.288467 9.008438 5.562795
v 4.391401 9.72842 6.712974
v 3.268224 9.324042 5.001936
v 3.124068 9.585984 5.00207
v 3.595079 8.882758 5.142938
v 3.043081 9.042857 5.143347
v 2.765974 9.546392 5.143595
v 4.202892 9.078955 6.713878
v 4.170607 9.710332 7.72253
v 3.622 8.641642 5.56329
v 2.891357 8.853559 5.563861
v 2.524562 9.52006 5.56416
v 4.030501 9.228065 7.723565
v 3.968682 9.6913 8.493425
v 3.611457 8.752689 6.713558
v 2.96185 8.942376 6.718508
v 2.634502 9.534669 6.714334
v 3.872566 9.359918 8.494312
v 3.793186 9.67243 9.004784
v 3.593303 8.98614 7.724094
v 3.105009 9.121758 7.769268
v 2.865769 9.568475 7.72467
v 3.734787 9.471039 9.004985
v 3.650094 9.65652 9.318982
v 3.572914 9.193995 8.495972
v 3.228019 9.276156 8.469842
v 3.0723 9.594698 8.496368
v 3.622328 9.560799 9.318992
v 3.520571 9.642186 9.475704
v 3.551696 9.370144 9.006021
v 3.345484 9.423129 8.97856
v 3.248606 9.612744 9.006261
v 3.534832 9.512695 9.318991
v 3.439188 9.540385 9.318813
v 3.391221 9.627643 9.319103
v 0.5024225 0.3676731 2.792656
v 0.01010132 0.3557165 2.792656
v -0.005834818 0.4426213 2.690902
v 0.5141212 0.455249 2.690902
v -0.4964404 0.2699361 2.690902
v 0.9743422 0.2269088 2.792656
v 1.012531 0.3065835 2.690902
v -0.4544289 0.1922093 2.792656
v -0.9096713 -0.04590255 2.690902
v 1.379666 -0.05279684 2.792656
v 1.440607 0.01117712 2.690902
v -0.8456972 -0.1068428 2.792656
v -1.205078 -0.4739783 2.690902
v 1.678718 -0.4440652 2.792656
v 1.756445 -0.4020538 2.690902
v -1.125403 -0.5121669 2.792656
v -1.353743 -0.9723881 2.690902
v 1.842226 -0.9085953 2.792656
v 1.92913 -0.8926592 2.690902
v 1.854182 -1.400917 2.792656
v 1.941758 -1.412616 2.690902
v 1.713418 -1.872836 2.792656
v 1.793093 -1.911025 2.690902
v 1.433712 -2.278161 2.792656
v 1.497686 -2.339101 2.690902
v 1.042444 -2.577213 2.792656
v 1.084455 -2.65494 2.690902
v 0.5779135 -2.74072 2.792656
v 0.5938498 -2.827625 2.690902
v 0.08559251 -2.752676 2.792656
v 0.07389355 -2.840253 2.690902
v -0.3863275 -2.611912 2.792656
v -0.424516 -2.691587 2.690902
v -0.7916517 -2.332206 2.792656
v -0.852592 -2.39618 2.690902
v -1.090704 -1.940938 2.792656
v -1.168431 -1.98295 2.690902
v -1.254211 -1.476408 2.792656
v -1.341115 -1.492344 2.690902
v -1.266167 -0.9840868 2.792656
vt 0.5151367 0.6274414
vt 0.5151367 0.6274414
vt 0.5151367 0.6274414
vt 0.5151367 0.6274414
vt 0.515625 0.6274414
vt 0.515625 0.6274414
vt 0.515625 0.6274414
vt 0.515625 0.6274414
vt 0.515625 0.6274414
vt 0.515625 0.6274414
vt 0.515625 0.6274414
vt 0.515625 0.6274414
vt 0.515625 0.6274414
vt 0.515625 0.6274414
vt 0.5151367 0.6274414
vt 0.5151367 0.6274414
vt 0.515625 0.6274414
vt 0.515625 0.6274414
vt 0.515625 0.6274414
vt 0.515625 0.6274414
vt 0.5151367 0.6274414
vt 0.5151367 0.6274414
vt 0.515625 0.6274414
vt 0.515625 0.6274414
vt 0.5214844 0.6791992
vt 0.5239258 0.6767578
vt 0.5219727 0.6777344
vt 0.5239258 0.6791992
vt 0.5214844 0.6806641
vt 0.5258789 0.6772461
vt 0.5239258 0.6811523
vt 0.5268555 0.6791992
vt 0.5258789 0.6811523
vt 0.515625 0.6274414
vt 0.515625 0.6274414
vt 0.515625 0.6274414
vt 0.515625 0.6274414
vt 0.5151367 0.6274414
vt 0.5151367 0.6274414
vt 0.5151367 0.6274414
vt 0.5151367 0.6274414
vt 0.6914063 0.7001953
vt 0.6948242 0.7089844
vt 0.6977539 0.7006836
vt 0.6884766 0.6796875
vt 0.6987305 0.6801758
vt 0.6879883 0.6557617
vt 0.6992188 0.65625
vt 0.6904297 0.6274414
vt 0.6977539 0.6279297
vt 0.7001953 0.6279297
vt 0.7045898 0.65625
vt 0.6992188 0.6279297
vt 0.7060547 0.6567383
vt 0.7143555 0.6811523
vt 0.715332 0.6811523
vt 0.7275391 0.7021484
vt 0.7285156 0.7021484
vt 0.7358398 0.7109375
vt 0.6987305 0.6279297
vt 0.6943359 0.6557617
vt 0.6928711 0.6279297
vt 0.703125 0.65625
vt 0.7001953 0.6806641
vt 0.7080078 0.6806641
vt 0.7089844 0.7011719
vt 0.7143555 0.7016602
vt 0.7167969 0.7099609
vt 0.6948242 0.6279297
vt 0.7045898 0.65625
vt 0.6987305 0.6279297
vt 0.6977539 0.65625
vt 0.7119141 0.6811523
vt 0.7055664 0.6806641
vt 0.7211914 0.7016602
vt 0.7172852 0.7016602
vt 0.7260742 0.7104492
vt 0.7011719 0.7055664
vt 0.706543 0.7128906
vt 0.7060547 0.7055664
vt 0.6953125 0.6884766
vt 0.7026367 0.6889648
vt 0.6914063 0.668457
vt 0.699707 0.6689453
vt 0.6914063 0.6455078
vt 0.6967773 0.6459961
vt 0.6967773 0.6459961
vt 0.6972656 0.6689453
vt 0.6938477 0.6459961
vt 0.7016602 0.6689453
vt 0.7041016 0.6889648
vt 0.7080078 0.6889648
vt 0.7143555 0.7060547
vt 0.7167969 0.7060547
vt 0.7211914 0.7133789
vt 0.6962891 0.6459961
vt 0.6894531 0.668457
vt 0.6904297 0.6455078
vt 0.6982422 0.6689453
vt 0.6914063 0.6884766
vt 0.6992188 0.6889648
vt 0.6953125 0.7050781
vt 0.7001953 0.7055664
vt 0.6992188 0.7124023
vt 0.6884766 0.6455078
vt 0.6928711 0.668457
vt 0.6943359 0.6459961
vt 0.684082 0.668457
vt 0.6894531 0.6884766
vt 0.6811523 0.6879883
vt 0.6835938 0.7045898
vt 0.6787109 0.7041016
vt 0.6787109 0.7114258
vt 0.6948242 0.6459961
vt 0.7011719 0.6689453
vt 0.6962891 0.6459961
vt 0.6992188 0.6689453
vt 0.7089844 0.6894531
vt 0.706543 0.6889648
vt 0.71875 0.7060547
vt 0.7177734 0.7060547
vt 0.7246094 0.7133789
vt 0.6914063 0.7001953
vt 0.6948242 0.7089844
vt 0.6977539 0.7006836
vt 0.6884766 0.6796875
vt 0.6987305 0.6801758
vt 0.6879883 0.6557617
vt 0.6992188 0.65625
vt 0.6904297 0.6274414
vt 0.6977539 0.6279297
vt 0.7001953 0.6279297
vt 0.7045898 0.65625
vt 0.6992188 0.6279297
vt 0.7060547 0.6567383
vt 0.7143555 0.6811523
vt 0.715332 0.6811523
vt 0.7275391 0.7021484
vt 0.7285156 0.7021484
vt 0.7358398 0.7109375
vt 0.6987305 0.6279297
vt 0.6943359 0.6557617
vt 0.6928711 0.6279297
vt 0.703125 0.65625
vt 0.7001953 0.6806641
vt 0.7080078 0.6806641
vt 0.7089844 0.7011719
vt 0.7143555 0.7016602
vt 0.7167969 0.7099609
vt 0.6948242 0.6279297
vt 0.7045898 0.65625
vt 0.6987305 0.6279297
vt 0.6977539 0.65625
vt 0.7119141 0.6811523
vt 0.7055664 0.6806641
vt 0.7211914 0.7016602
vt 0.7172852 0.7016602
vt 0.7260742 0.7104492
vt 0.7011719 0.7055664
vt 0.7060547 0.7055664
vt 0.706543 0.7128906
vt 0.6953125 0.6884766
vt 0.7026367 0.6889648
vt 0.6914063 0.668457
vt 0.699707 0.6689453
vt 0.6914063 0.6455078
vt 0.6967773 0.6459961
vt 0.6967773 0.6459961
vt 0.6972656 0.6689453
vt 0.6938477 0.6459961
vt 0.7016602 0.6689453
vt 0.7041016 0.6889648
vt 0.7080078 0.6889648
vt 0.7143555 0.7060547
vt 0.7167969 0.7060547
vt 0.7211914 0.7133789
vt 0.6962891 0.6459961
vt 0.6894531 0.668457
vt 0.6904297 0.6455078
vt 0.6982422 0.6689453
vt 0.6914063 0.6884766
vt 0.6992188 0.6889648
vt 0.6953125 0.7050781
vt 0.7001953 0.7055664
vt 0.6992188 0.7124023
vt 0.6884766 0.6455078
vt 0.6928711 0.668457
vt 0.6943359 0.6459961
vt 0.684082 0.668457
vt 0.6894531 0.6884766
vt 0.6811523 0.6879883
vt 0.6835938 0.7045898
vt 0.6787109 0.7041016
vt 0.6787109 0.7114258
vt 0.6948242 0.6459961
vt 0.7011719 0.6689453
vt 0.6962891 0.6459961
vt 0.6992188 0.6689453
vt 0.7089844 0.6894531
vt 0.706543 0.6889648
vt 0.71875 0.7060547
vt 0.7177734 0.7060547
vt 0.7246094 0.7133789
vt 0.6914063 0.7001953
vt 0.6948242 0.7089844
vt 0.6977539 0.7006836
vt 0.6884766 0.6796875
vt 0.6987305 0.6801758
vt 0.6879883 0.6557617
vt 0.6992188 0.65625
vt 0.6904297 0.6274414
vt 0.6977539 0.6279297
vt 0.7001953 0.6279297
vt 0.7045898 0.65625
vt 0.6992188 0.6279297
vt 0.7060547 0.6567383
vt 0.7143555 0.6811523
vt 0.715332 0.6811523
vt 0.7275391 0.7021484
vt 0.7285156 0.7021484
vt 0.7358398 0.7109375
vt 0.6987305 0.6279297
vt 0.6943359 0.6557617
vt 0.6928711 0.6279297
vt 0.703125 0.65625
vt 0.7001953 0.6806641
vt 0.7080078 0.6806641
vt 0.7089844 0.7011719
vt 0.7143555 0.7016602
vt 0.7167969 0.7099609
vt 0.6948242 0.6279297
vt 0.7045898 0.65625
vt 0.6987305 0.6279297
vt 0.6977539 0.65625
vt 0.7119141 0.6811523
vt 0.7055664 0.6806641
vt 0.7211914 0.7016602
vt 0.7172852 0.7016602
vt 0.7260742 0.7104492
vt 0.7011719 0.7055664
vt 0.706543 0.7128906
vt 0.7060547 0.7055664
vt 0.6953125 0.6884766
vt 0.7026367 0.6889648
vt 0.6914063 0.668457
vt 0.699707 0.6689453
vt 0.6914063 0.6455078
vt 0.6967773 0.6459961
vt 0.6967773 0.6459961
vt 0.6972656 0.6689453
vt 0.6938477 0.6459961
vt 0.7016602 0.6689453
vt 0.7041016 0.6889648
vt 0.7080078 0.6889648
vt 0.7143555 0.7060547
vt 0.7167969 0.7060547
vt 0.7211914 0.7133789
vt 0.6962891 0.6459961
vt 0.6894531 0.668457
vt 0.6904297 0.6455078
vt 0.6982422 0.6689453
vt 0.6914063 0.6884766
vt 0.6992188 0.6889648
vt 0.6953125 0.7050781
vt 0.7001953 0.7055664
vt 0.6992188 0.7124023
vt 0.6884766 0.6455078
vt 0.6928711 0.668457
vt 0.6943359 0.6459961
vt 0.684082 0.668457
vt 0.6894531 0.6884766
vt 0.6811523 0.6879883
vt 0.6835938 0.7045898
vt 0.6787109 0.7041016
vt 0.6787109 0.7114258
vt 0.6948242 0.6459961
vt 0.7011719 0.6689453
vt 0.6962891 0.6459961
vt 0.6992188 0.6689453
vt 0.7089844 0.6894531
vt 0.706543 0.6889648
vt 0.71875 0.7060547
vt 0.7177734 0.7060547
vt 0.7246094 0.7133789
vt 0.6914063 0.7001953
vt 0.6948242 0.7089844
vt 0.6977539 0.7006836
vt 0.6884766 0.6796875
vt 0.6987305 0.6801758
vt 0.6879883 0.6557617
vt 0.6992188 0.65625
vt 0.6904297 0.6274414
vt 0.6977539 0.6279297
vt 0.7001953 0.6279297
vt 0.7045898 0.65625
vt 0.6992188 0.6279297
vt 0.7060547 0.6567383
vt 0.7143555 0.6811523
vt 0.715332 0.6811523
vt 0.7275391 0.7021484
vt 0.7285156 0.7021484
vt 0.7358398 0.7109375
vt 0.6987305 0.6279297
vt 0.6943359 0.6557617
vt 0.6928711 0.6279297
vt 0.703125 0.65625
vt 0.7001953 0.6806641
vt 0.7080078 0.6806641
vt 0.7089844 0.7011719
vt 0.7143555 0.7016602
vt 0.7167969 0.7099609
vt 0.6948242 0.6279297
vt 0.7045898 0.65625
vt 0.6987305 0.6279297
vt 0.6977539 0.65625
vt 0.7119141 0.6811523
vt 0.7055664 0.6806641
vt 0.7211914 0.7016602
vt 0.7172852 0.7016602
vt 0.7260742 0.7104492
vt 0.7011719 0.7055664
vt 0.706543 0.7128906
vt 0.7060547 0.7055664
vt 0.6953125 0.6884766
vt 0.7026367 0.6889648
vt 0.6914063 0.668457
vt 0.699707 0.6689453
vt 0.6914063 0.6455078
vt 0.6967773 0.6459961
vt 0.6967773 0.6459961
vt 0.6972656 0.6689453
vt 0.6938477 0.6459961
vt 0.7016602 0.6689453
vt 0.7041016 0.6889648
vt 0.7080078 0.6889648
vt 0.7143555 0.7060547
vt 0.7167969 0.7060547
vt 0.7211914 0.7133789
vt 0.6962891 0.6459961
vt 0.6894531 0.668457
vt 0.6904297 0.6455078
vt 0.6982422 0.6689453
vt 0.6914063 0.6884766
vt 0.6992188 0.6889648
vt 0.6953125 0.7050781
vt 0.7001953 0.7055664
vt 0.6992188 0.7124023
vt 0.6884766 0.6455078
vt 0.6928711 0.668457
vt 0.6943359 0.6459961
vt 0.684082 0.668457
vt 0.6894531 0.6884766
vt 0.6811523 0.6879883
vt 0.6835938 0.7045898
vt 0.6787109 0.7041016
vt 0.6787109 0.7114258
vt 0.6948242 0.6459961
vt 0.7011719 0.6689453
vt 0.6962891 0.6459961
vt 0.6992188 0.6689453
vt 0.7089844 0.6894531
vt 0.706543 0.6889648
vt 0.71875 0.7060547
vt 0.7177734 0.7060547
vt 0.7246094 0.7133789
vt 0.6914063 0.7001953
vt 0.6948242 0.7089844
vt 0.6977539 0.7006836
vt 0.6884766 0.6796875
vt 0.6987305 0.6801758
vt 0.6879883 0.6557617
vt 0.6992188 0.65625
vt 0.6904297 0.6274414
vt 0.6977539 0.6279297
vt 0.7001953 0.6279297
vt 0.7045898 0.65625
vt 0.6992188 0.6279297
vt 0.7060547 0.6567383
vt 0.7143555 0.6811523
vt 0.715332 0.6811523
vt 0.7275391 0.7021484
vt 0.7285156 0.7021484
vt 0.7358398 0.7109375
vt 0.6987305 0.6279297
vt 0.6943359 0.6557617
vt 0.6928711 0.6279297
vt 0.703125 0.65625
vt 0.7001953 0.6806641
vt 0.7080078 0.6806641
vt 0.7089844 0.7011719
vt 0.7143555 0.7016602
vt 0.7167969 0.7099609
vt 0.6948242 0.6279297
vt 0.7045898 0.65625
vt 0.6987305 0.6279297
vt 0.6977539 0.65625
vt 0.7119141 0.6811523
vt 0.7055664 0.6806641
vt 0.7211914 0.7016602
vt 0.7172852 0.7016602
vt 0.7260742 0.7104492
vt 0.7011719 0.7055664
vt 0.706543 0.7128906
vt 0.7060547 0.7055664
vt 0.6953125 0.6884766
vt 0.7026367 0.6889648
vt 0.6914063 0.668457
vt 0.699707 0.6689453
vt 0.6914063 0.6455078
vt 0.6967773 0.6459961
vt 0.6967773 0.6459961
vt 0.6972656 0.6689453
vt 0.6938477 0.6459961
vt 0.7016602 0.6689453
vt 0.7041016 0.6889648
vt 0.7080078 0.6889648
vt 0.7143555 0.7060547
vt 0.7167969 0.7060547
vt 0.7211914 0.7133789
vt 0.6962891 0.6459961
vt 0.6894531 0.668457
vt 0.6904297 0.6455078
vt 0.6982422 0.6689453
vt 0.6914063 0.6884766
vt 0.6992188 0.6889648
vt 0.6953125 0.7050781
vt 0.7001953 0.7055664
vt 0.6992188 0.7124023
vt 0.6884766 0.6455078
vt 0.6928711 0.668457
vt 0.6943359 0.6459961
vt 0.684082 0.668457
vt 0.6894531 0.6884766
vt 0.6811523 0.6879883
vt 0.6835938 0.7045898
vt 0.6787109 0.7041016
vt 0.6787109 0.7114258
vt 0.6948242 0.6459961
vt 0.7011719 0.6689453
vt 0.6962891 0.6459961
vt 0.6992188 0.6689453
vt 0.7089844 0.6894531
vt 0.706543 0.6889648
vt 0.71875 0.7060547
vt 0.7177734 0.7060547
vt 0.7246094 0.7133789
vt 0.6914063 0.7001953
vt 0.6948242 0.7089844
vt 0.6977539 0.7006836
vt 0.6884766 0.6796875
vt 0.6987305 0.6801758
vt 0.6879883 0.6557617
vt 0.6992188 0.65625
vt 0.6904297 0.6274414
vt 0.6977539 0.6279297
vt 0.7001953 0.6279297
vt 0.7045898 0.65625
vt 0.6992188 0.6279297
vt 0.7060547 0.6567383
vt 0.7143555 0.6811523
vt 0.715332 0.6811523
vt 0.7275391 0.7021484
vt 0.7285156 0.7021484
vt 0.7358398 0.7109375
vt 0.6987305 0.6279297
vt 0.6943359 0.6557617
vt 0.6928711 0.6279297
vt 0.703125 0.65625
vt 0.7001953 0.6806641
vt 0.7080078 0.6806641
vt 0.7089844 0.7011719
vt 0.7143555 0.7016602
vt 0.7167969 0.7099609
vt 0.6948242 0.6279297
vt 0.7045898 0.65625
vt 0.6987305 0.6279297
vt 0.6977539 0.65625
vt 0.7119141 0.6811523
vt 0.7055664 0.6806641
vt 0.7211914 0.7016602
vt 0.7172852 0.7016602
vt 0.7260742 0.7104492
vt 0.7011719 0.7055664
vt 0.706543 0.7128906
vt 0.7060547 0.7055664
vt 0.6953125 0.6884766
vt 0.7026367 0.6889648
vt 0.6914063 0.668457
vt 0.699707 0.6689453
vt 0.6914063 0.6455078
vt 0.6967773 0.6459961
vt 0.6967773 0.6459961
vt 0.6972656 0.6689453
vt 0.6938477 0.6459961
vt 0.7016602 0.6689453
vt 0.7041016 0.6889648
vt 0.7080078 0.6889648
vt 0.7143555 0.7060547
vt 0.7167969 0.7060547
vt 0.7211914 0.7133789
vt 0.6962891 0.6459961
vt 0.6894531 0.668457
vt 0.6904297 0.6455078
vt 0.6982422 0.6689453
vt 0.6914063 0.6884766
vt 0.6992188 0.6889648
vt 0.6953125 0.7050781
vt 0.7001953 0.7055664
vt 0.6992188 0.7124023
vt 0.6884766 0.6455078
vt 0.6928711 0.668457
vt 0.6943359 0.6459961
vt 0.684082 0.668457
vt 0.6894531 0.6884766
vt 0.6811523 0.6879883
vt 0.6835938 0.7045898
vt 0.6787109 0.7041016
vt 0.6787109 0.7114258
vt 0.6948242 0.6459961
vt 0.7011719 0.6689453
vt 0.6962891 0.6459961
vt 0.6992188 0.6689453
vt 0.7089844 0.6894531
vt 0.706543 0.6889648
vt 0.71875 0.7060547
vt 0.7177734 0.7060547
vt 0.7246094 0.7133789
vt 0.6914063 0.7001953
vt 0.6948242 0.7089844
vt 0.6977539 0.7006836
vt 0.6884766 0.6796875
vt 0.6987305 0.6801758
vt 0.6879883 0.6557617
vt 0.6992188 0.65625
vt 0.6904297 0.6274414
vt 0.6977539 0.6279297
vt 0.7001953 0.6279297
vt 0.7045898 0.65625
vt 0.6992188 0.6279297
vt 0.7060547 0.6567383
vt 0.7143555 0.6811523
vt 0.715332 0.6811523
vt 0.7275391 0.7021484
vt 0.7285156 0.7021484
vt 0.7358398 0.7109375
vt 0.6987305 0.6279297
vt 0.6943359 0.6557617
vt 0.6928711 0.6279297
vt 0.703125 0.65625
vt 0.7001953 0.6806641
vt 0.7080078 0.6806641
vt 0.7089844 0.7011719
vt 0.7143555 0.7016602
vt 0.7167969 0.7099609
vt 0.6948242 0.6279297
vt 0.7045898 0.65625
vt 0.6987305 0.6279297
vt 0.6977539 0.65625
vt 0.7119141 0.6811523
vt 0.7055664 0.6806641
vt 0.7211914 0.7016602
vt 0.7172852 0.7016602
vt 0.7260742 0.7104492
vt 0.7011719 0.7055664
vt 0.706543 0.7128906
vt 0.7060547 0.7055664
vt 0.6953125 0.6884766
vt 0.7026367 0.6889648
vt 0.6914063 0.668457
vt 0.699707 0.6689453
vt 0.6914063 0.6455078
vt 0.6967773 0.6459961
vt 0.6967773 0.6459961
vt 0.6972656 0.6689453
vt 0.6938477 0.6459961
vt 0.7016602 0.6689453
vt 0.7041016 0.6889648
vt 0.7080078 0.6889648
vt 0.7143555 0.7060547
vt 0.7167969 0.7060547
vt 0.7211914 0.7133789
vt 0.6962891 0.6459961
vt 0.6894531 0.668457
vt 0.6904297 0.6455078
vt 0.6982422 0.6689453
vt 0.6914063 0.6884766
vt 0.6992188 0.6889648
vt 0.6953125 0.7050781
vt 0.7001953 0.7055664
vt 0.6992188 0.7124023
vt 0.6884766 0.6455078
vt 0.6928711 0.668457
vt 0.6943359 0.6459961
vt 0.684082 0.668457
vt 0.6894531 0.6884766
vt 0.6811523 0.6879883
vt 0.6835938 0.7045898
vt 0.6787109 0.7041016
vt 0.6787109 0.7114258
vt 0.6948242 0.6459961
vt 0.7011719 0.6689453
vt 0.6962891 0.6459961
vt 0.6992188 0.6689453
vt 0.7089844 0.6894531
vt 0.706543 0.6889648
vt 0.71875 0.7060547
vt 0.7177734 0.7060547
vt 0.7246094 0.7133789
vt 0.6914063 0.7001953
vt 0.6977539 0.7006836
vt 0.6948242 0.7089844
vt 0.6884766 0.6796875
vt 0.6987305 0.6801758
vt 0.6879883 0.6557617
vt 0.6992188 0.65625
vt 0.6904297 0.6274414
vt 0.6977539 0.6279297
vt 0.7001953 0.6279297
vt 0.6992188 0.6279297
vt 0.7045898 0.65625
vt 0.7060547 0.6567383
vt 0.7143555 0.6811523
vt 0.715332 0.6811523
vt 0.7275391 0.7021484
vt 0.7285156 0.7021484
vt 0.7358398 0.7109375
vt 0.6987305 0.6279297
vt 0.6928711 0.6279297
vt 0.6943359 0.6557617
vt 0.703125 0.65625
vt 0.7001953 0.6806641
vt 0.7080078 0.6806641
vt 0.7089844 0.7011719
vt 0.7143555 0.7016602
vt 0.7167969 0.7099609
vt 0.6948242 0.6279297
vt 0.6987305 0.6279297
vt 0.7045898 0.65625
vt 0.6977539 0.65625
vt 0.7119141 0.6811523
vt 0.7055664 0.6806641
vt 0.7211914 0.7016602
vt 0.7172852 0.7016602
vt 0.7260742 0.7104492
vt 0.7011719 0.7055664
vt 0.7060547 0.7055664
vt 0.706543 0.7128906
vt 0.6953125 0.6884766
vt 0.7026367 0.6889648
vt 0.6914063 0.668457
vt 0.699707 0.6689453
vt 0.6914063 0.6455078
vt 0.6967773 0.6459961
vt 0.6967773 0.6459961
vt 0.6938477 0.6459961
vt 0.6972656 0.6689453
vt 0.7016602 0.6689453
vt 0.7041016 0.6889648
vt 0.7080078 0.6889648
vt 0.7143555 0.7060547
vt 0.7167969 0.7060547
vt 0.7211914 0.7133789
vt 0.6962891 0.6459961
vt 0.6904297 0.6455078
vt 0.6894531 0.668457
vt 0.6982422 0.6689453
vt 0.6914063 0.6884766
vt 0.6992188 0.6889648
vt 0.6953125 0.7050781
vt 0.7001953 0.7055664
vt 0.6992188 0.7124023
vt 0.6884766 0.6455078
vt 0.6943359 0.6459961
vt 0.6928711 0.668457
vt 0.684082 0.668457
vt 0.6894531 0.6884766
vt 0.6811523 0.6879883
vt 0.6835938 0.7045898
vt 0.6787109 0.7041016
vt 0.6787109 0.7114258
vt 0.6948242 0.6459961
vt 0.6962891 0.6459961
vt 0.7011719 0.6689453
vt 0.6992188 0.6689453
vt 0.7089844 0.6894531
vt 0.706543 0.6889648
vt 0.71875 0.7060547
vt 0.7177734 0.7060547
vt 0.7246094 0.7133789
vt 0.6914063 0.7001953
vt 0.6948242 0.7089844
vt 0.6977539 0.7006836
vt 0.6884766 0.6796875
vt 0.6987305 0.6801758
vt 0.6879883 0.6557617
vt 0.6992188 0.65625
vt 0.6904297 0.6274414
vt 0.6977539 0.6279297
vt 0.7001953 0.6279297
vt 0.7045898 0.65625
vt 0.6992188 0.6279297
vt 0.7060547 0.6567383
vt 0.7143555 0.6811523
vt 0.715332 0.6811523
vt 0.7275391 0.7021484
vt 0.7285156 0.7021484
vt 0.7358398 0.7109375
vt 0.6987305 0.6279297
vt 0.6943359 0.6557617
vt 0.6928711 0.6279297
vt 0.703125 0.65625
vt 0.7001953 0.6806641
vt 0.7080078 0.6806641
vt 0.7089844 0.7011719
vt 0.7143555 0.7016602
vt 0.7167969 0.7099609
vt 0.6948242 0.6279297
vt 0.7045898 0.65625
vt 0.6987305 0.6279297
vt 0.6977539 0.65625
vt 0.7119141 0.6811523
vt 0.7055664 0.6806641
vt 0.7211914 0.7016602
vt 0.7172852 0.7016602
vt 0.7260742 0.7104492
vt 0.7011719 0.7055664
vt 0.706543 0.7128906
vt 0.7060547 0.7055664
vt 0.6953125 0.6884766
vt 0.7026367 0.6889648
vt 0.6914063 0.668457
vt 0.699707 0.6689453
vt 0.6914063 0.6455078
vt 0.6967773 0.6459961
vt 0.6967773 0.6459961
vt 0.6972656 0.6689453
vt 0.6938477 0.6459961
vt 0.7016602 0.6689453
vt 0.7041016 0.6889648
vt 0.7080078 0.6889648
vt 0.7143555 0.7060547
vt 0.7167969 0.7060547
vt 0.7211914 0.7133789
vt 0.6962891 0.6459961
vt 0.6894531 0.668457
vt 0.6904297 0.6455078
vt 0.6982422 0.6689453
vt 0.6914063 0.6884766
vt 0.6992188 0.6889648
vt 0.6953125 0.7050781
vt 0.7001953 0.7055664
vt 0.6992188 0.7124023
vt 0.6884766 0.6455078
vt 0.6928711 0.668457
vt 0.6943359 0.6459961
vt 0.684082 0.668457
vt 0.6894531 0.6884766
vt 0.6811523 0.6879883
vt 0.6835938 0.7045898
vt 0.6787109 0.7041016
vt 0.6787109 0.7114258
vt 0.6948242 0.6459961
vt 0.7011719 0.6689453
vt 0.6962891 0.6459961
vt 0.6992188 0.6689453
vt 0.7089844 0.6894531
vt 0.706543 0.6889648
vt 0.71875 0.7060547
vt 0.7177734 0.7060547
vt 0.7246094 0.7133789
vt 0.6914063 0.7001953
vt 0.6948242 0.7089844
vt 0.6977539 0.7006836
vt 0.6884766 0.6796875
vt 0.6987305 0.6801758
vt 0.6879883 0.6557617
vt 0.6992188 0.65625
vt 0.6904297 0.6274414
vt 0.6977539 0.6279297
vt 0.7001953 0.6279297
vt 0.7045898 0.65625
vt 0.6992188 0.6279297
vt 0.7060547 0.6567383
vt 0.7143555 0.6811523
vt 0.715332 0.6811523
vt 0.7275391 0.7021484
vt 0.7285156 0.7021484
vt 0.7358398 0.7109375
vt 0.6987305 0.6279297
vt 0.6943359 0.6557617
vt 0.6928711 0.6279297
vt 0.703125 0.65625
vt 0.7001953 0.6806641
vt 0.7080078 0.6806641
vt 0.7089844 0.7011719
vt 0.7143555 0.7016602
vt 0.7167969 0.7099609
vt 0.6948242 0.6279297
vt 0.7045898 0.65625
vt 0.6987305 0.6279297
vt 0.6977539 0.65625
vt 0.7119141 0.6811523
vt 0.7055664 0.6806641
vt 0.7211914 0.7016602
vt 0.7172852 0.7016602
vt 0.7260742 0.7104492
vt 0.7011719 0.7055664
vt 0.706543 0.7128906
vt 0.7060547 0.7055664
vt 0.6953125 0.6884766
vt 0.7026367 0.6889648
vt 0.6914063 0.668457
vt 0.699707 0.6689453
vt 0.6914063 0.6455078
vt 0.6967773 0.6459961
vt 0.6967773 0.6459961
vt 0.6972656 0.6689453
vt 0.6938477 0.6459961
vt 0.7016602 0.6689453
vt 0.7041016 0.6889648
vt 0.7080078 0.6889648
vt 0.7143555 0.7060547
vt 0.7167969 0.7060547
vt 0.7211914 0.7133789
vt 0.6962891 0.6459961
vt 0.6894531 0.668457
vt 0.6904297 0.6455078
vt 0.6982422 0.6689453
vt 0.6914063 0.6884766
vt 0.6992188 0.6889648
vt 0.6953125 0.7050781
vt 0.7001953 0.7055664
vt 0.6992188 0.7124023
vt 0.6884766 0.6455078
vt 0.6928711 0.668457
vt 0.6943359 0.6459961
vt 0.684082 0.668457
vt 0.6894531 0.6884766
vt 0.6811523 0.6879883
vt 0.6835938 0.7045898
vt 0.6787109 0.7041016
vt 0.6787109 0.7114258
vt 0.6948242 0.6459961
vt 0.7011719 0.6689453
vt 0.6962891 0.6459961
vt 0.6992188 0.6689453
vt 0.7089844 0.6894531
vt 0.706543 0.6889648
vt 0.71875 0.7060547
vt 0.7177734 0.7060547
vt 0.7246094 0.7133789
vt 0.6914063 0.7001953
vt 0.6948242 0.7089844
vt 0.6977539 0.7006836
vt 0.6884766 0.6796875
vt 0.6987305 0.6801758
vt 0.6879883 0.6557617
vt 0.6992188 0.65625
vt 0.6904297 0.6274414
vt 0.6977539 0.6279297
vt 0.7001953 0.6279297
vt 0.7045898 0.65625
vt 0.6992188 0.6279297
vt 0.7060547 0.6567383
vt 0.7143555 0.6811523
vt 0.715332 0.6811523
vt 0.7275391 0.7021484
vt 0.7285156 0.7021484
vt 0.7358398 0.7109375
vt 0.6987305 0.6279297
vt 0.6943359 0.6557617
vt 0.6928711 0.6279297
vt 0.703125 0.65625
vt 0.7001953 0.6806641
vt 0.7080078 0.6806641
vt 0.7089844 0.7011719
vt 0.7143555 0.7016602
vt 0.7167969 0.7099609
vt 0.6948242 0.6279297
vt 0.7045898 0.65625
vt 0.6987305 0.6279297
vt 0.6977539 0.65625
vt 0.7119141 0.6811523
vt 0.7055664 0.6806641
vt 0.7211914 0.7016602
vt 0.7172852 0.7016602
vt 0.7260742 0.7104492
vt 0.7011719 0.7055664
vt 0.706543 0.7128906
vt 0.7060547 0.7055664
vt 0.6953125 0.6884766
vt 0.7026367 0.6889648
vt 0.6914063 0.668457
vt 0.699707 0.6689453
vt 0.6914063 0.6455078
vt 0.6967773 0.6459961
vt 0.6967773 0.6459961
vt 0.6972656 0.6689453
vt 0.6938477 0.6459961
vt 0.7016602 0.6689453
vt 0.7041016 0.6889648
vt 0.7080078 0.6889648
vt 0.7143555 0.7060547
vt 0.7167969 0.7060547
vt 0.7211914 0.7133789
vt 0.6962891 0.6459961
vt 0.6894531 0.668457
vt 0.6904297 0.6455078
vt 0.6982422 0.6689453
vt 0.6914063 0.6884766
vt 0.6992188 0.6889648
vt 0.6953125 0.7050781
vt 0.7001953 0.7055664
vt 0.6992188 0.7124023
vt 0.6884766 0.6455078
vt 0.6928711 0.668457
vt 0.6943359 0.6459961
vt 0.684082 0.668457
vt 0.6894531 0.6884766
vt 0.6811523 0.6879883
vt 0.6835938 0.7045898
vt 0.6787109 0.7041016
vt 0.6787109 0.7114258
vt 0.6948242 0.6459961
vt 0.7011719 0.6689453
vt 0.6962891 0.6459961
vt 0.6992188 0.6689453
vt 0.7089844 0.6894531
vt 0.706543 0.6889648
vt 0.71875 0.7060547
vt 0.7177734 0.7060547
vt 0.7246094 0.7133789
vt 0.6914063 0.7001953
vt 0.6948242 0.7089844
vt 0.6977539 0.7006836
vt 0.6884766 0.6796875
vt 0.6987305 0.6801758
vt 0.6879883 0.6557617
vt 0.6992188 0.65625
vt 0.6904297 0.6274414
vt 0.6977539 0.6279297
vt 0.7001953 0.6279297
vt 0.7045898 0.65625
vt 0.6992188 0.6279297
vt 0.7060547 0.6567383
vt 0.7143555 0.6811523
vt 0.715332 0.6811523
vt 0.7275391 0.7021484
vt 0.7285156 0.7021484
vt 0.7358398 0.7109375
vt 0.6987305 0.6279297
vt 0.6943359 0.6557617
vt 0.6928711 0.6279297
vt 0.703125 0.65625
vt 0.7001953 0.6806641
vt 0.7080078 0.6806641
vt 0.7089844 0.7011719
vt 0.7143555 0.7016602
vt 0.7167969 0.7099609
vt 0.6948242 0.6279297
vt 0.7045898 0.65625
vt 0.6987305 0.6279297
vt 0.6977539 0.65625
vt 0.7119141 0.6811523
vt 0.7055664 0.6806641
vt 0.7211914 0.7016602
vt 0.7172852 0.7016602
vt 0.7260742 0.7104492
vt 0.7011719 0.7055664
vt 0.706543 0.7128906
vt 0.7060547 0.7055664
vt 0.6953125 0.6884766
vt 0.7026367 0.6889648
vt 0.6914063 0.668457
vt 0.699707 0.6689453
vt 0.6914063 0.6455078
vt 0.6967773 0.6459961
vt 0.6967773 0.6459961
vt 0.6972656 0.6689453
vt 0.6938477 0.6459961
vt 0.7016602 0.6689453
vt 0.7041016 0.6889648
vt 0.7080078 0.6889648
vt 0.7143555 0.7060547
vt 0.7167969 0.7060547
vt 0.7211914 0.7133789
vt 0.6962891 0.6459961
vt 0.6894531 0.668457
vt 0.6904297 0.6455078
vt 0.6982422 0.6689453
vt 0.6914063 0.6884766
vt 0.6992188 0.6889648
vt 0.6953125 0.7050781
vt 0.7001953 0.7055664
vt 0.6992188 0.7124023
vt 0.6884766 0.6455078
vt 0.6928711 0.668457
vt 0.6943359 0.6459961
vt 0.684082 0.668457
vt 0.6894531 0.6884766
vt 0.6811523 0.6879883
vt 0.6835938 0.7045898
vt 0.6787109 0.7041016
vt 0.6787109 0.7114258
vt 0.6948242 0.6459961
vt 0.7011719 0.6689453
vt 0.6962891 0.6459961
vt 0.6992188 0.6689453
vt 0.7089844 0.6894531
vt 0.706543 0.6889648
vt 0.71875 0.7060547
vt 0.7177734 0.7060547
vt 0.7246094 0.7133789
vt 0.6914063 0.7001953
vt 0.6948242 0.7089844
vt 0.6977539 0.7006836
vt 0.6884766 0.6796875
vt 0.6987305 0.6801758
vt 0.6879883 0.6557617
vt 0.6992188 0.65625
vt 0.6904297 0.6274414
vt 0.6977539 0.6279297
vt 0.7001953 0.6279297
vt 0.7045898 0.65625
vt 0.6992188 0.6279297
vt 0.7060547 0.6567383
vt 0.7143555 0.6811523
vt 0.715332 0.6811523
vt 0.7275391 0.7021484
vt 0.7285156 0.7021484
vt 0.7358398 0.7109375
vt 0.6987305 0.6279297
vt 0.6943359 0.6557617
vt 0.6928711 0.6279297
vt 0.703125 0.65625
vt 0.7001953 0.6806641
vt 0.7080078 0.6806641
vt 0.7089844 0.7011719
vt 0.7143555 0.7016602
vt 0.7167969 0.7099609
vt 0.6948242 0.6279297
vt 0.7045898 0.65625
vt 0.6987305 0.6279297
vt 0.6977539 0.65625
vt 0.7119141 0.6811523
vt 0.7055664 0.6806641
vt 0.7211914 0.7016602
vt 0.7172852 0.7016602
vt 0.7260742 0.7104492
vt 0.7011719 0.7055664
vt 0.706543 0.7128906
vt 0.7060547 0.7055664
vt 0.6953125 0.6884766
vt 0.7026367 0.6889648
vt 0.6914063 0.668457
vt 0.699707 0.6689453
vt 0.6914063 0.6455078
vt 0.6967773 0.6459961
vt 0.6967773 0.6459961
vt 0.6972656 0.6689453
vt 0.6938477 0.6459961
vt 0.7016602 0.6689453
vt 0.7041016 0.6889648
vt 0.7080078 0.6889648
vt 0.7143555 0.7060547
vt 0.7167969 0.7060547
vt 0.7211914 0.7133789
vt 0.6962891 0.6459961
vt 0.6894531 0.668457
vt 0.6904297 0.6455078
vt 0.6982422 0.6689453
vt 0.6914063 0.6884766
vt 0.6992188 0.6889648
vt 0.6953125 0.7050781
vt 0.7001953 0.7055664
vt 0.6992188 0.7124023
vt 0.6884766 0.6455078
vt 0.6928711 0.668457
vt 0.6943359 0.6459961
vt 0.684082 0.668457
vt 0.6894531 0.6884766
vt 0.6811523 0.6879883
vt 0.6835938 0.7045898
vt 0.6787109 0.7041016
vt 0.6787109 0.7114258
vt 0.6948242 0.6459961
vt 0.7011719 0.6689453
vt 0.6962891 0.6459961
vt 0.6992188 0.6689453
vt 0.7089844 0.6894531
vt 0.706543 0.6889648
vt 0.71875 0.7060547
vt 0.7177734 0.7060547
vt 0.7246094 0.7133789
vt 0.6914063 0.7001953
vt 0.6948242 0.7089844
vt 0.6977539 0.7006836
vt 0.6884766 0.6796875
vt 0.6987305 0.6801758
vt 0.6879883 0.6557617
vt 0.6992188 0.65625
vt 0.6904297 0.6274414
vt 0.6977539 0.6279297
vt 0.7001953 0.6279297
vt 0.7045898 0.65625
vt 0.6992188 0.6279297
vt 0.7060547 0.6567383
vt 0.7143555 0.6811523
vt 0.715332 0.6811523
vt 0.7275391 0.7021484
vt 0.7285156 0.7021484
vt 0.7358398 0.7109375
vt 0.6987305 0.6279297
vt 0.6943359 0.6557617
vt 0.6928711 0.6279297
vt 0.703125 0.65625
vt 0.7001953 0.6806641
vt 0.7080078 0.6806641
vt 0.7089844 0.7011719
vt 0.7143555 0.7016602
vt 0.7167969 0.7099609
vt 0.6948242 0.6279297
vt 0.7045898 0.65625
vt 0.6987305 0.6279297
vt 0.6977539 0.65625
vt 0.7119141 0.6811523
vt 0.7055664 0.6806641
vt 0.7211914 0.7016602
vt 0.7172852 0.7016602
vt 0.7260742 0.7104492
vt 0.7011719 0.7055664
vt 0.706543 0.7128906
vt 0.7060547 0.7055664
vt 0.6953125 0.6884766
vt 0.7026367 0.6889648
vt 0.6914063 0.668457
vt 0.699707 0.6689453
vt 0.6914063 0.6455078
vt 0.6967773 0.6459961
vt 0.6967773 0.6459961
vt 0.6972656 0.6689453
vt 0.6938477 0.6459961
vt 0.7016602 0.6689453
vt 0.7041016 0.6889648
vt 0.7080078 0.6889648
vt 0.7143555 0.7060547
vt 0.7167969 0.7060547
vt 0.7211914 0.7133789
vt 0.6962891 0.6459961
vt 0.6894531 0.668457
vt 0.6904297 0.6455078
vt 0.6982422 0.6689453
vt 0.6914063 0.6884766
vt 0.6992188 0.6889648
vt 0.6953125 0.7050781
vt 0.7001953 0.7055664
vt 0.6992188 0.7124023
vt 0.6884766 0.6455078
vt 0.6928711 0.668457
vt 0.6943359 0.6459961
vt 0.684082 0.668457
vt 0.6894531 0.6884766
vt 0.6811523 0.6879883
vt 0.6835938 0.7045898
vt 0.6787109 0.7041016
vt 0.6787109 0.7114258
vt 0.6948242 0.6459961
vt 0.7011719 0.6689453
vt 0.6962891 0.6459961
vt 0.6992188 0.6689453
vt 0.7089844 0.6894531
vt 0.706543 0.6889648
vt 0.71875 0.7060547
vt 0.7177734 0.7060547
vt 0.7246094 0.7133789
vt 0.6914063 0.7001953
vt 0.6948242 0.7089844
vt 0.6977539 0.7006836
vt 0.6884766 0.6796875
vt 0.6987305 0.6801758
vt 0.6879883 0.6557617
vt 0.6992188 0.65625
vt 0.6904297 0.6274414
vt 0.6977539 0.6279297
vt 0.7001953 0.6279297
vt 0.7045898 0.65625
vt 0.6992188 0.6279297
vt 0.7060547 0.6567383
vt 0.7143555 0.6811523
vt 0.715332 0.6811523
vt 0.7275391 0.7021484
vt 0.7285156 0.7021484
vt 0.7358398 0.7109375
vt 0.6987305 0.6279297
vt 0.6943359 0.6557617
vt 0.6928711 0.6279297
vt 0.703125 0.65625
vt 0.7001953 0.6806641
vt 0.7080078 0.6806641
vt 0.7089844 0.7011719
vt 0.7143555 0.7016602
vt 0.7167969 0.7099609
vt 0.6948242 0.6279297
vt 0.7045898 0.65625
vt 0.6987305 0.6279297
vt 0.6977539 0.65625
vt 0.7119141 0.6811523
vt 0.7055664 0.6806641
vt 0.7211914 0.7016602
vt 0.7172852 0.7016602
vt 0.7260742 0.7104492
vt 0.7011719 0.7055664
vt 0.706543 0.7128906
vt 0.7060547 0.7055664
vt 0.6953125 0.6884766
vt 0.7026367 0.6889648
vt 0.6914063 0.668457
vt 0.699707 0.6689453
vt 0.6914063 0.6455078
vt 0.6967773 0.6459961
vt 0.6967773 0.6459961
vt 0.6972656 0.6689453
vt 0.6938477 0.6459961
vt 0.7016602 0.6689453
vt 0.7041016 0.6889648
vt 0.7080078 0.6889648
vt 0.7143555 0.7060547
vt 0.7167969 0.7060547
vt 0.7211914 0.7133789
vt 0.6962891 0.6459961
vt 0.6894531 0.668457
vt 0.6904297 0.6455078
vt 0.6982422 0.6689453
vt 0.6914063 0.6884766
vt 0.6992188 0.6889648
vt 0.6953125 0.7050781
vt 0.7001953 0.7055664
vt 0.6992188 0.7124023
vt 0.6884766 0.6455078
vt 0.6928711 0.668457
vt 0.6943359 0.6459961
vt 0.684082 0.668457
vt 0.6894531 0.6884766
vt 0.6811523 0.6879883
vt 0.6835938 0.7045898
vt 0.6787109 0.7041016
vt 0.6787109 0.7114258
vt 0.6948242 0.6459961
vt 0.7011719 0.6689453
vt 0.6962891 0.6459961
vt 0.6992188 0.6689453
vt 0.7089844 0.6894531
vt 0.706543 0.6889648
vt 0.71875 0.7060547
vt 0.7177734 0.7060547
vt 0.7246094 0.7133789
vt 0.157959 0.8291016
vt 0.1485596 0.8242188
vt 0.1502686 0.8266602
vt 0.1540527 0.8266602
vt 0.1806641 0.8305664
vt 0.1552734 0.8232422
vt 0.1461182 0.8129883
vt 0.1547852 0.8134766
vt 0.1798096 0.824707
vt 0.177124 0.8139648
vt 0.1795654 0.8291016
vt 0.1843262 0.8276367
vt 0.1833496 0.8266602
vt 0.177124 0.8139648
vt 0.1800537 0.8144531
vt 0.1789551 0.8144531
vt 0.1502686 0.8266602
vt 0.1485596 0.8242188
vt 0.1461182 0.8129883
vt 0.147583 0.8149414
vt 0.1486816 0.815918
vt 0.1544189 0.8168945
vt 0.15625 0.828125
vt 0.157959 0.8291016
vt 0.177124 0.8154297
vt 0.1806641 0.8305664
vt 0.1809082 0.828125
vt 0.1843262 0.8276367
vt 0.1800537 0.8144531
vt 0.177124 0.8154297
vt 0.1221313 0.8486328
vt 0.1442871 0.8476563
vt 0.1260986 0.8486328
vt 0.1398926 0.8481445
vt 0.1173096 0.8432617
vt 0.1118774 0.8432617
vt 0.1470947 0.8422852
vt 0.1506348 0.8417969
vt 0.1490479 0.8154297
vt 0.1456299 0.8154297
vt 0.1342773 0.8427734
vt 0.1326904 0.8149414
vt 0.1026001 0.8164063
vt 0.09729004 0.8168945
vt 0.1506348 0.8417969
vt 0.1490479 0.8154297
vt 0.1396484 0.8139648
vt 0.1413574 0.8422852
vt 0.1442871 0.8476563
vt 0.1000366 0.8139648
vt 0.1260986 0.8486328
vt 0.1256104 0.8427734
vt 0.116394 0.8432617
vt 0.09729004 0.8168945
vt 0.1221313 0.8486328
vt 0.1118774 0.8432617
vt 0.157959 0.8291016
vt 0.1485596 0.8242188
vt 0.1502686 0.8266602
vt 0.1540527 0.8266602
vt 0.1806641 0.8305664
vt 0.1552734 0.8232422
vt 0.1461182 0.8129883
vt 0.1547852 0.8134766
vt 0.1798096 0.824707
vt 0.177124 0.8139648
vt 0.1795654 0.8291016
vt 0.1843262 0.8276367
vt 0.1833496 0.8266602
vt 0.177124 0.8139648
vt 0.1800537 0.8144531
vt 0.1789551 0.8144531
vt 0.1502686 0.8266602
vt 0.1485596 0.8242188
vt 0.1461182 0.8129883
vt 0.147583 0.8149414
vt 0.1486816 0.815918
vt 0.1544189 0.8168945
vt 0.15625 0.828125
vt 0.157959 0.8291016
vt 0.177124 0.8154297
vt 0.1806641 0.8305664
vt 0.1809082 0.828125
vt 0.1843262 0.8276367
vt 0.1800537 0.8144531
vt 0.177124 0.8154297
vt 0.1221313 0.8486328
vt 0.1442871 0.8476563
vt 0.1260986 0.8486328
vt 0.1398926 0.8481445
vt 0.1173096 0.8432617
vt 0.1118774 0.8432617
vt 0.1470947 0.8422852
vt 0.1506348 0.8417969
vt 0.1490479 0.8154297
vt 0.1456299 0.8154297
vt 0.1342773 0.8427734
vt 0.1326904 0.8149414
vt 0.1026001 0.8164063
vt 0.09729004 0.8168945
vt 0.1506348 0.8417969
vt 0.1490479 0.8154297
vt 0.1396484 0.8139648
vt 0.1413574 0.8422852
vt 0.1442871 0.8476563
vt 0.1000366 0.8139648
vt 0.1260986 0.8486328
vt 0.1256104 0.8427734
vt 0.116394 0.8432617
vt 0.09729004 0.8168945
vt 0.1221313 0.8486328
vt 0.1118774 0.8432617
vt 0.7871094 0.9335938
vt 0.7900391 0.9321289
vt 0.7895508 0.9316406
vt 0.7871094 0.9335938
vt 0.7900391 0.9321289
vt 0.7851563 0.9355469
vt 0.7875977 0.9335938
vt 0.7851563 0.9360352
vt 0.7856445 0.9360352
vt 0.7807617 0.9438477
vt 0.7807617 0.9438477
vt 0.78125 0.9438477
vt 0.777832 0.9492188
vt 0.7773438 0.9492188
vt 0.7773438 0.9492188
vt 0.7768555 0.9521484
vt 0.7763672 0.9521484
vt 0.7763672 0.9521484
vt 0.7763672 0.9550781
vt 0.7763672 0.9550781
vt 0.7768555 0.9550781
vt 0.7773438 0.9580078
vt 0.7773438 0.9580078
vt 0.777832 0.9580078
vt 0.7851563 0.9711914
vt 0.7851563 0.9711914
vt 0.7856445 0.9711914
vt 0.7875977 0.9731445
vt 0.7871094 0.9736328
vt 0.7871094 0.9736328
vt 0.7900391 0.9750977
vt 0.7900391 0.9750977
vt 0.7900391 0.9746094
vt 0.7929688 0.9760742
vt 0.7929688 0.9755859
vt 0.7929688 0.9750977
vt 0.8085938 0.9760742
vt 0.8081055 0.9755859
vt 0.8081055 0.9750977
vt 0.8110352 0.9746094
vt 0.8115234 0.9750977
vt 0.8115234 0.9750977
vt 0.8139648 0.9736328
vt 0.8139648 0.9736328
vt 0.8139648 0.9731445
vt 0.815918 0.9711914
vt 0.815918 0.9711914
vt 0.8154297 0.9711914
vt 0.8237305 0.9580078
vt 0.8237305 0.9580078
vt 0.8232422 0.9575195
vt 0.8242188 0.9550781
vt 0.824707 0.9550781
vt 0.824707 0.9550781
vt 0.824707 0.9521484
vt 0.824707 0.9521484
vt 0.8242188 0.9521484
vt 0.8237305 0.9492188
vt 0.8237305 0.9492188
vt 0.8232422 0.9492188
vt 0.8203125 0.9443359
vt 0.8208008 0.9443359
vt 0.8208008 0.9443359
vt 0.815918 0.9355469
vt 0.8154297 0.9360352
vt 0.815918 0.9355469
vt 0.8134766 0.9335938
vt 0.8139648 0.9335938
vt 0.8139648 0.9331055
vt 0.8115234 0.9316406
vt 0.8110352 0.9321289
vt 0.8110352 0.9321289
vt 0.8081055 0.9311523
vt 0.8081055 0.9311523
vt 0.8081055 0.9316406
vt 0.7929688 0.9311523
vt 0.7929688 0.9316406
vt 0.7929688 0.9316406
vt 0.7915039 0.9321289
vt 0.7910156 0.9316406
vt 0.7910156 0.9316406
vt 0.4882813 0.9077148
vt 0.4875488 0.9077148
vt 0.4882813 0.9077148
vt 0.4875488 0.9077148
vt 0.4887695 0.9077148
vt 0.489502 0.9077148
vt 0.4997559 0.9077148
vt 0.4868164 0.9082031
vt 0.4868164 0.9082031
vt 0.4868164 0.9091797
vt 0.4992676 0.9077148
vt 0.5024414 0.9077148
vt 0.4882813 0.9082031
vt 0.4868164 0.9091797
vt 0.4868164 0.9560547
vt 0.4868164 0.9560547
vt 0.4882813 0.9560547
vt 0.4882813 0.9091797
vt 0.4987793 0.9560547
vt 0.5019531 0.9077148
vt 0.5053711 0.9077148
vt 0.4987793 0.9082031
vt 0.4985352 0.9091797
vt 0.5014648 0.9560547
vt 0.5014648 0.9082031
vt 0.5014648 0.9091797
vt 0.5048828 0.9560547
vt 0.5053711 0.9077148
vt 0.5048828 0.9091797
vt 0.5092773 0.9560547
vt 0.5048828 0.9082031
vt 0.5092773 0.9077148
vt 0.5092773 0.9077148
vt 0.5297852 0.9077148
vt 0.5092773 0.9091797
vt 0.5297852 0.9091797
vt 0.5297852 0.9560547
vt 0.5341797 0.9560547
vt 0.5092773 0.9082031
vt 0.5297852 0.9077148
vt 0.5336914 0.9077148
vt 0.5297852 0.9082031
vt 0.5336914 0.9077148
vt 0.5366211 0.9077148
vt 0.5341797 0.9091797
vt 0.5375977 0.9560547
vt 0.5341797 0.9082031
vt 0.5371094 0.9077148
vt 0.5375977 0.9091797
vt 0.5400391 0.9560547
vt 0.5375977 0.9082031
vt 0.5395508 0.9077148
vt 0.5390625 0.9077148
vt 0.5493164 0.9077148
vt 0.5405273 0.9091797
vt 0.5400391 0.9082031
vt 0.5498047 0.9077148
vt 0.5507813 0.9077148
vt 0.5512695 0.9077148
vt 0.550293 0.9082031
vt 0.5517578 0.9082031
vt 0.5507813 0.9091797
vt 0.5507813 0.9560547
vt 0.5522461 0.9091797
vt 0.5522461 0.9560547
vt 0.7802734 0.9228516
vt 0.7841797 0.9213867
vt 0.7841797 0.9208984
vt 0.7807617 0.9238281
vt 0.7773438 0.9262695
vt 0.777832 0.9267578
vt 0.7705078 0.9384766
vt 0.7802734 0.9423828
vt 0.7866211 0.9208984
vt 0.7924805 0.9262695
vt 0.7915039 0.9326172
vt 0.7739258 0.940918
vt 0.7714844 0.9389648
vt 0.7695313 0.9423828
vt 0.7666016 0.9477539
vt 0.765625 0.9472656
vt 0.7670898 0.9467773
vt 0.7646484 0.9511719
vt 0.7636719 0.9511719
vt 0.7636719 0.9560547
vt 0.7646484 0.9555664
vt 0.7675781 0.9511719
vt 0.7675781 0.953125
vt 0.765625 0.9599609
vt 0.7661133 0.9599609
vt 0.7773438 0.980957
vt 0.7783203 0.9804688
vt 0.7807617 0.9833984
vt 0.7802734 0.984375
vt 0.7797852 0.9775391
vt 0.7841797 0.9863281
vt 0.784668 0.9858398
vt 0.784668 0.9755859
vt 0.7885742 0.9873047
vt 0.7890625 0.9863281
vt 0.7890625 0.972168
vt 0.7910156 0.9702148
vt 0.7929688 0.9667969
vt 0.8125 0.9873047
vt 0.7998047 0.9541016
vt 0.7939453 0.9638672
vt 0.7924805 0.9560547
vt 0.7919922 0.9609375
vt 0.7900391 0.9575195
vt 0.7875977 0.9545898
vt 0.7861328 0.9536133
vt 0.7851563 0.9536133
vt 0.7783203 0.9462891
vt 0.7836914 0.9536133
vt 0.7817383 0.9516602
vt 0.7788086 0.9511719
vt 0.7758789 0.9506836
vt 0.7753906 0.9453125
vt 0.7724609 0.9506836
vt 0.7729492 0.9458008
vt 0.7719727 0.9477539
vt 0.7719727 0.9501953
vt 0.5507813 0.9077148
vt 0.5512695 0.9077148
vt 0.5507813 0.9077148
vt 0.5512695 0.9077148
vt 0.5517578 0.9082031
vt 0.5498047 0.9077148
vt 0.5493164 0.9077148
vt 0.5390625 0.9077148
vt 0.5517578 0.9082031
vt 0.5522461 0.9091797
vt 0.5395508 0.9077148
vt 0.5366211 0.9077148
vt 0.550293 0.9082031
vt 0.5507813 0.9091797
vt 0.5522461 0.9091797
vt 0.5517578 0.9560547
vt 0.5522461 0.9560547
vt 0.5507813 0.9560547
vt 0.546875 0.9560547
vt 0.5400391 0.9560547
vt 0.5371094 0.9077148
vt 0.5332031 0.9077148
vt 0.5400391 0.9082031
vt 0.5400391 0.9091797
vt 0.5375977 0.9560547
vt 0.5375977 0.9082031
vt 0.5375977 0.9091797
vt 0.5336914 0.9560547
vt 0.5336914 0.9077148
vt 0.5336914 0.9091797
vt 0.5297852 0.9560547
vt 0.5336914 0.9082031
vt 0.5297852 0.9077148
vt 0.5297852 0.9077148
vt 0.5092773 0.9077148
vt 0.5297852 0.9091797
vt 0.5297852 0.9082031
vt 0.5087891 0.9077148
vt 0.5053711 0.9077148
vt 0.5087891 0.9082031
vt 0.5087891 0.9091797
vt 0.5087891 0.9560547
vt 0.5048828 0.9560547
vt 0.5048828 0.9077148
vt 0.5019531 0.9077148
vt 0.5048828 0.9091797
vt 0.5014648 0.9560547
vt 0.5048828 0.9082031
vt 0.5014648 0.9077148
vt 0.5009766 0.9091797
vt 0.4985352 0.9560547
vt 0.5014648 0.9082031
vt 0.4990234 0.9077148
vt 0.4997559 0.9077148
vt 0.489502 0.9077148
vt 0.4985352 0.9091797
vt 0.4880371 0.9091797
vt 0.4924316 0.9560547
vt 0.4882813 0.9560547
vt 0.4868164 0.9560547
vt 0.4868164 0.9091797
vt 0.4868164 0.9082031
vt 0.4987793 0.9082031
vt 0.4887695 0.9077148
vt 0.4882813 0.9077148
vt 0.4875488 0.9077148
vt 0.4882813 0.9082031
vt 0.7890625 0.9360352
vt 0.7885742 0.9501953
vt 0.7924805 0.9516602
vt 0.7949219 0.9282227
vt 0.7963867 0.9272461
vt 0.796875 0.9511719
vt 0.7978516 0.9272461
vt 0.7983398 0.9389648
vt 0.7983398 0.9423828
vt 0.7988281 0.9355469
vt 0.7993164 0.9282227
vt 0.7998047 0.9321289
vt 0.800293 0.9296875
vt 0.7983398 0.9458008
vt 0.8017578 0.9526367
vt 0.8027344 0.9448242
vt 0.8041992 0.9482422
vt 0.8046875 0.9555664
vt 0.8056641 0.9482422
vt 0.8076172 0.9516602
vt 0.8100586 0.9521484
vt 0.8110352 0.9453125
vt 0.8129883 0.9516602
vt 0.8149414 0.9423828
vt 0.8071289 0.9570313
vt 0.8154297 0.9511719
vt 0.815918 0.9414063
vt 0.8183594 0.9458008
vt 0.8183594 0.9506836
vt 0.8203125 0.9521484
vt 0.8208008 0.9472656
vt 0.8242188 0.9580078
vt 0.824707 0.9443359
vt 0.828125 0.9418945
vt 0.8300781 0.9414063
vt 0.8320313 0.9648438
vt 0.8100586 0.956543
vt 0.8310547 0.9399414
vt 0.8125 0.9863281
vt 0.8134766 0.9555664
vt 0.815918 0.9555664
vt 0.8168945 0.9858398
vt 0.8168945 0.9863281
vt 0.8173828 0.956543
vt 0.8208008 0.984375
vt 0.8203125 0.9833984
vt 0.8212891 0.9614258
vt 0.8237305 0.9804688
vt 0.8232422 0.9799805
vt 0.8300781 0.9682617
vt 0.8349609 0.9594727
vt 0.8359375 0.9599609
vt 0.8349609 0.9472656
vt 0.8364258 0.9555664
vt 0.8374023 0.9555664
vt 0.8374023 0.9511719
vt 0.8364258 0.9511719
vt 0.8359375 0.9467773
vt 0.831543 0.9394531
vt 0.8232422 0.9267578
vt 0.8237305 0.9262695
vt 0.8203125 0.9233398
vt 0.8208008 0.9228516
vt 0.8168945 0.9204102
vt 0.8164063 0.9213867
vt 0.8125 0.9199219
vt 0.8125 0.9208984
vt 0.7885742 0.9208984
vt 0.8120117 0.921875
vt 0.7885742 0.9199219
vt 0.8115234 0.9238281
vt 0.7866211 0.9208984
vt 0.7866211 0.9204102
vt 0.7905273 0.9243164
vt 0.7949219 0.9243164
vt 0.7988281 0.9233398
vt 0.809082 0.9272461
vt 0.8017578 0.925293
vt 0.8056641 0.9287109
vt 0.8037109 0.9296875
vt 0.8037109 0.9326172
vt 0.8027344 0.9443359
vt 0.8066406 0.9311523
vt 0.8027344 0.9355469
vt 0.8081055 0.9331055
vt 0.8022461 0.9423828
vt 0.8022461 0.9389648
vt 0.8085938 0.9404297
vt 0.8095703 0.9345703
vt 0.8105469 0.9379883
vt 0.8115234 0.9365234
vt 0.7973633 0.6738281
vt 0.7978516 0.6733398
vt 0.7973633 0.6738281
vt 0.7978516 0.6733398
vt 0.7978516 0.6733398
vt 0.7978516 0.6733398
vt 0.7978516 0.6733398
vt 0.7978516 0.6733398
vt 0.7983398 0.6738281
vt 0.7983398 0.6738281
vt 0.7983398 0.6743164
vt 0.7983398 0.6743164
vt 0.7978516 0.6748047
vt 0.7978516 0.6748047
vt 0.7978516 0.675293
vt 0.7978516 0.675293
vt 0.7978516 0.6757813
vt 0.7978516 0.6757813
vt 0.7978516 0.6762695
vt 0.7978516 0.6762695
vt 0.800293 0.6689453
vt 0.7998047 0.668457
vt 0.7998047 0.668457
vt 0.800293 0.6689453
vt 0.8007813 0.6689453
vt 0.8007813 0.6689453
vt 0.8012695 0.6689453
vt 0.8012695 0.6689453
vt 0.8017578 0.6689453
vt 0.8017578 0.6689453
vt 0.8017578 0.6689453
vt 0.8017578 0.6689453
vt 0.8022461 0.6689453
vt 0.8022461 0.6689453
vt 0.8027344 0.6694336
vt 0.8027344 0.6694336
vt 0.7998047 0.668457
vt 0.7998047 0.668457
vt 0.800293 0.6674805
vt 0.800293 0.6674805
vt 0.7963867 0.6704102
vt 0.7958984 0.6689453
vt 0.7963867 0.6704102
vt 0.7958984 0.6689453
vt 0.7954102 0.668457
vt 0.7954102 0.668457
vt 0.7988281 0.6665039
vt 0.7983398 0.6660156
vt 0.7983398 0.6660156
vt 0.7988281 0.6665039
vt 0.7998047 0.6660156
vt 0.7998047 0.6660156
vt 0.8007813 0.6655273
vt 0.8007813 0.6655273
vt 0.8007813 0.6655273
vt 0.8007813 0.6655273
vt 0.7993164 0.6635742
vt 0.7988281 0.6630859
vt 0.7988281 0.6630859
vt 0.7993164 0.6635742
vt 0.7993164 0.6640625
vt 0.7993164 0.6640625
vt 0.7998047 0.6640625
vt 0.7998047 0.6640625
vt 0.7998047 0.6645508
vt 0.7998047 0.6645508
vt 0.800293 0.6674805
vt 0.800293 0.6674805
vt 0.8007813 0.6679688
vt 0.8007813 0.6679688
vt 0.8012695 0.668457
vt 0.8012695 0.668457
vt 0.8017578 0.6679688
vt 0.8017578 0.6679688
vt 0.8017578 0.6679688
vt 0.8017578 0.6679688
vt 0.8022461 0.6679688
vt 0.8022461 0.6679688
vt 0.8027344 0.668457
vt 0.8027344 0.668457
vt 0.8032227 0.6689453
vt 0.8032227 0.6689453
vt 0.7963867 0.668457
vt 0.7963867 0.668457
vt 0.7963867 0.668457
vt 0.7963867 0.668457
vt 0.796875 0.668457
vt 0.796875 0.668457
vt 0.796875 0.668457
vt 0.796875 0.668457
vt 0.796875 0.668457
vt 0.796875 0.668457
vt 0.7973633 0.668457
vt 0.7973633 0.668457
vt 0.7973633 0.668457
vt 0.7973633 0.668457
vt 0.7973633 0.6689453
vt 0.7973633 0.6689453
vt 0.7978516 0.6689453
vt 0.7978516 0.6689453
vt 0.7978516 0.6694336
vt 0.7978516 0.6694336
vt 0.7978516 0.6694336
vt 0.7978516 0.6694336
vt 0.7978516 0.6699219
vt 0.7978516 0.6699219
vt 0.7973633 0.6699219
vt 0.7973633 0.6699219
vt 0.7973633 0.6704102
vt 0.7973633 0.6704102
vt 0.796875 0.6704102
vt 0.796875 0.6704102
vt 0.7963867 0.6704102
vt 0.7963867 0.6704102
vt 0.8012695 0.6660156
vt 0.8007813 0.6655273
vt 0.8007813 0.6655273
vt 0.8012695 0.6660156
vt 0.8017578 0.6665039
vt 0.8017578 0.6665039
vt 0.7988281 0.6630859
vt 0.7988281 0.6630859
vt 0.7998047 0.6625977
vt 0.7998047 0.6625977
vt 0.7998047 0.6621094
vt 0.7998047 0.6621094
vt 0.800293 0.6616211
vt 0.800293 0.6616211
vt 0.800293 0.6616211
vt 0.800293 0.6616211
vt 0.7963867 0.668457
vt 0.7958984 0.6679688
vt 0.7963867 0.668457
vt 0.7958984 0.6679688
vt 0.7958984 0.6679688
vt 0.7958984 0.6679688
vt 0.7963867 0.6679688
vt 0.7963867 0.6679688
vt 0.7963867 0.6679688
vt 0.7963867 0.6679688
vt 0.796875 0.6679688
vt 0.796875 0.6679688
vt 0.7973633 0.668457
vt 0.7973633 0.668457
vt 0.7978516 0.668457
vt 0.7978516 0.668457
vt 0.7983398 0.668457
vt 0.7983398 0.668457
vt 0.7954102 0.668457
vt 0.7958984 0.668457
vt 0.7958984 0.668457
vt 0.7954102 0.668457
vt 0.800293 0.6616211
vt 0.800293 0.6616211
vt 0.8007813 0.6616211
vt 0.8007813 0.6616211
vt 0.8017578 0.6621094
vt 0.8017578 0.6621094
vt 0.8022461 0.6625977
vt 0.8022461 0.6625977
vt 0.8037109 0.6650391
vt 0.8037109 0.6650391
vt 0.8037109 0.6655273
vt 0.8037109 0.6655273
vt 0.8032227 0.6655273
vt 0.8032227 0.6655273
vt 0.8027344 0.6660156
vt 0.8027344 0.6660156
vt 0.8017578 0.6665039
vt 0.8017578 0.6665039
vt 0.7998047 0.6645508
vt 0.7998047 0.6645508
vt 0.7998047 0.6645508
vt 0.7998047 0.6645508
vt 0.7993164 0.6650391
vt 0.7993164 0.6650391
vt 0.7983398 0.6660156
vt 0.7983398 0.6660156
vt 0.7973633 0.6728516
vt 0.796875 0.6728516
vt 0.796875 0.6728516
vt 0.7973633 0.6728516
vt 0.7978516 0.6728516
vt 0.7978516 0.6728516
vt 0.7983398 0.6733398
vt 0.7983398 0.6733398
vt 0.7988281 0.6738281
vt 0.7988281 0.6738281
vt 0.7988281 0.6743164
vt 0.7988281 0.6743164
vt 0.7983398 0.6748047
vt 0.7983398 0.6748047
vt 0.7983398 0.675293
vt 0.7983398 0.675293
vt 0.7983398 0.6757813
vt 0.7983398 0.6757813
vt 0.7983398 0.6757813
vt 0.7983398 0.6757813
vt 0.6547852 0.6513672
vt 0.6513672 0.6464844
vt 0.6035156 0.6435547
vt 0.652832 0.6577148
vt 0.6533203 0.6708984
vt 0.652832 0.6870117
vt 0.5893555 0.6445313
vt 0.6445313 0.690918
vt 0.5771484 0.6503906
vt 0.6269531 0.6889648
vt 0.5673828 0.6606445
vt 0.6074219 0.6918945
vt 0.5703125 0.6640625
vt 0.5742188 0.6694336
vt 0.5991211 0.6923828
vt 0.5786133 0.6811523
vt 0.5922852 0.6943359
vt 0.5761719 0.6928711
vt 0.5854492 0.6948242
vt 0.5786133 0.6948242
vt 0.5859375 0.7006836
vt 0.5961914 0.7006836
vt 0.5727539 0.6850586
vt 0.6088867 0.699707
vt 0.5708008 0.6772461
vt 0.621582 0.6982422
vt 0.5673828 0.6611328
vt 0.6279297 0.6933594
vt 0.6308594 0.6894531
vt 0.5688477 0.6455078
vt 0.6381836 0.6870117
vt 0.6450195 0.6801758
vt 0.5649414 0.637207
vt 0.6508789 0.6738281
vt 0.6396484 0.6357422
vt 0.6542969 0.6650391
vt 0.6552734 0.6518555
vt 0.6533203 0.6376953
vt 0.8867188 0.9926758
vt 0.8984375 0.9926758
vt 0.9018555 0.9140625
vt 0.8901367 0.9140625
vt 0.8823242 0.9926758
vt 0.8818359 0.9140625
vt 0.8740234 0.9140625
vt 0.8789063 0.9926758
vt 0.8789063 0.9926758
vt 0.8740234 0.9140625
vt 0.8706055 0.9140625
vt 0.8774414 0.9926758
vt 0.8774414 0.9926758
vt 0.8706055 0.9140625
vt 0.871582 0.9140625
vt 0.8774414 0.9926758
vt 0.8774414 0.9926758
vt 0.871582 0.9140625
vt 0.8740234 0.9140625
vt 0.8798828 0.9926758
vt 0.8901367 0.9140625
vt 0.8818359 0.9140625
vt 0.8823242 0.9926758
vt 0.8867188 0.9926758
vt 0.9018555 0.9140625
vt 0.8984375 0.9926758
vt 0.9077148 0.9926758
vt 0.9072266 0.9140625
vt 0.9140625 0.9140625
vt 0.9072266 0.9140625
vt 0.9077148 0.9926758
vt 0.918457 0.9926758
vt 0.8837891 0.9140625
vt 0.8730469 0.9140625
vt 0.8730469 0.9926758
vt 0.8837891 0.9926758
vt 0.8754883 0.9926758
vt 0.875 0.9140625
vt 0.8603516 0.9140625
vt 0.8696289 0.9926758
vt 0.8696289 0.9926758
vt 0.8603516 0.9140625
vt 0.8530273 0.9140625
vt 0.8662109 0.9926758
vt 0.8662109 0.9926758
vt 0.8530273 0.9140625
vt 0.8554688 0.9140625
vt 0.8671875 0.9926758
vt 0.8671875 0.9926758
vt 0.8554688 0.9140625
vt 0.8623047 0.9140625
vt 0.8710938 0.9926758
vt 0.8867188 0.9140625
vt 0.875 0.9140625
vt 0.8754883 0.9926758
vt 0.8847656 0.9926758
vt 0.8867188 0.9140625
vt 0.8847656 0.9926758
vt 0.8950195 0.9926758
vt 0.8969727 0.9140625
vt 0.8969727 0.9140625
vt 0.8950195 0.9926758
vt 0.9072266 0.9926758
vt 0.9082031 0.9140625
vt 0.9082031 0.9140625
vt 0.9072266 0.9926758
vt 0.9199219 0.9926758
vt 0.9194336 0.9140625
vt 0.9311523 0.9140625
vt 0.9316406 0.9926758
vt 0.8803711 0.9140625
vt 0.8730469 0.9140625
vt 0.8725586 0.9926758
vt 0.8789063 0.9926758
vt 0.8969727 0.9140625
vt 0.8959961 0.9926758
vt 0.9042969 0.9926758
vt 0.9057617 0.9140625
vt 0.8969727 0.9140625
vt 0.894043 0.9140625
vt 0.8930664 0.9926758
vt 0.8959961 0.9926758
vt 0.894043 0.9140625
vt 0.8901367 0.9140625
vt 0.8896484 0.9926758
vt 0.8930664 0.9926758
vt 0.8867188 0.9140625
vt 0.8833008 0.9140625
vt 0.8823242 0.9926758
vt 0.8857422 0.9926758
vt 0.8833008 0.9140625
vt 0.8803711 0.9140625
vt 0.8789063 0.9926758
vt 0.8823242 0.9926758
vt 0.8901367 0.9140625
vt 0.8867188 0.9140625
vt 0.8857422 0.9926758
vt 0.8896484 0.9926758
vt 0.8881836 0.9140625
vt 0.8886719 0.9926758
vt 0.8930664 0.9926758
vt 0.8925781 0.9140625
vt 0.8881836 0.9140625
vt 0.8837891 0.9140625
vt 0.8837891 0.9926758
vt 0.8886719 0.9926758
vt 0.796875 0.6733398
vt 0.796875 0.6743164
vt 0.796875 0.6743164
vt 0.796875 0.6733398
vt 0.7958984 0.668457
vt 0.7958984 0.668457
vt 0.7958984 0.668457
vt 0.7958984 0.668457
vt 0.7958984 0.6679688
vt 0.7958984 0.6679688
vt 0.7958984 0.6674805
vt 0.7958984 0.6674805
vt 0.7963867 0.6674805
vt 0.7963867 0.6674805
vt 0.796875 0.6674805
vt 0.796875 0.6674805
vt 0.7973633 0.6679688
vt 0.7973633 0.6679688
vt 0.7978516 0.668457
vt 0.7978516 0.668457
vt 0.7983398 0.668457
vt 0.7983398 0.668457
vt 0.7978516 0.6762695
vt 0.7983398 0.6757813
vt 0.7983398 0.6757813
vt 0.7978516 0.6762695
vt 0.7983398 0.668457
vt 0.7983398 0.668457
vt 0.7983398 0.668457
vt 0.7983398 0.668457
vt 0.9169922 0.9960938
vt 0.9140625 0.9174805
vt 0.8691406 0.9165039
vt 0.8706055 0.9960938
vt 0.8242188 0.9580078
vt 0.8242188 0.9580078
vt 0.8320313 0.9648438
vt 0.8320313 0.9648438
vt 0.8300781 0.9682617
vt 0.8300781 0.9682617
vt 0.8212891 0.9614258
vt 0.8212891 0.9614258
vt 0.8320313 0.9648438
vt 0.8320313 0.9648438
vt 0.8300781 0.9682617
vt 0.8300781 0.9682617
vt 0.1738281 0.625
vt 0.1682129 0.625
vt 0.1687012 0.6318359
vt 0.1740723 0.6274414
vt 0.8300781 0.6484375
vt 0.8232422 0.6337891
vt 0.8183594 0.6396484
vt 0.824707 0.6777344
vt 0.8188477 0.6933594
vt 0.8129883 0.6455078
vt 0.8120117 0.7041016
vt 0.8071289 0.6494141
vt 0.8027344 0.6503906
vt 0.7963867 0.6508789
vt 0.7963867 0.7114258
vt 0.8037109 0.7104492
vt 0.1573486 0.637207
vt 0.1634521 0.6342773
vt 0.1627197 0.625
vt 0.1564941 0.625
vt 0.182251 0.625
vt 0.1738281 0.625
vt 0.1740723 0.6274414
vt 0.1824951 0.6274414
vt 0.1634521 0.6342773
vt 0.1687012 0.6318359
vt 0.1682129 0.625
vt 0.1627197 0.625
vt 0.1523438 0.6381836
vt 0.1573486 0.637207
vt 0.1564941 0.625
vt 0.1513672 0.625
vt 0.1513672 0.625
vt 0.1456299 0.6386719
vt 0.1523438 0.6381836
vt 0.1445313 0.625
vt 0.1378174 0.625
vt 0.138916 0.6381836
vt 0.8037109 0.7104492
vt 0.8120117 0.7041016
vt 0.8071289 0.6494141
vt 0.8027344 0.6503906
vt 0.8300781 0.6484375
vt 0.8305664 0.6474609
vt 0.8232422 0.6318359
vt 0.8232422 0.6337891
vt 0.8305664 0.6474609
vt 0.8310547 0.6474609
vt 0.8232422 0.6308594
vt 0.8232422 0.6318359
vt 0.8193359 0.6948242
vt 0.8193359 0.6943359
vt 0.8120117 0.7050781
vt 0.8120117 0.7055664
vt 0.8193359 0.6943359
vt 0.8188477 0.6933594
vt 0.8120117 0.7041016
vt 0.8120117 0.7050781
vt 0.8129883 0.6445313
vt 0.8129883 0.6445313
vt 0.8178711 0.6391602
vt 0.8178711 0.6391602
vt 0.8129883 0.6445313
vt 0.8129883 0.6455078
vt 0.8183594 0.6396484
vt 0.8178711 0.6391602
vt 0.824707 0.6777344
vt 0.8251953 0.6787109
vt 0.8305664 0.6474609
vt 0.8300781 0.6484375
vt 0.8251953 0.6787109
vt 0.8251953 0.6791992
vt 0.8310547 0.6474609
vt 0.8305664 0.6474609
vt 0.8178711 0.6391602
vt 0.8178711 0.6391602
vt 0.8232422 0.6318359
vt 0.8232422 0.6308594
vt 0.8178711 0.6391602
vt 0.8183594 0.6396484
vt 0.8232422 0.6337891
vt 0.8232422 0.6318359
vt 0.8251953 0.6791992
vt 0.8251953 0.6787109
vt 0.8193359 0.6943359
vt 0.8193359 0.6948242
vt 0.8251953 0.6787109
vt 0.824707 0.6777344
vt 0.8188477 0.6933594
vt 0.8193359 0.6943359
vt 0.8071289 0.6484375
vt 0.8071289 0.6484375
vt 0.8129883 0.6445313
vt 0.8129883 0.6445313
vt 0.8071289 0.6484375
vt 0.8129883 0.6455078
vt 0.8129883 0.6445313
vt 0.8071289 0.6494141
vt 0.8022461 0.6499023
vt 0.8027344 0.6503906
vt 0.7963867 0.6503906
vt 0.7963867 0.6508789
vt 0.7900391 0.6503906
vt 0.7900391 0.6499023
vt 0.7851563 0.6494141
vt 0.7851563 0.6484375
vt 0.7792969 0.6455078
vt 0.7797852 0.6445313
vt 0.7963867 0.6499023
vt 0.7963867 0.6503906
vt 0.8022461 0.6499023
vt 0.8022461 0.6494141
vt 0.8037109 0.7119141
vt 0.8037109 0.7114258
vt 0.7963867 0.7124023
vt 0.7963867 0.7128906
vt 0.8037109 0.7114258
vt 0.8037109 0.7104492
vt 0.7963867 0.7114258
vt 0.7963867 0.7124023
vt 0.8037109 0.7104492
vt 0.8037109 0.7114258
vt 0.8120117 0.7050781
vt 0.8120117 0.7041016
vt 0.8037109 0.7114258
vt 0.8037109 0.7119141
vt 0.8120117 0.7055664
vt 0.8120117 0.7050781
vt 0.8022461 0.6494141
vt 0.8022461 0.6499023
vt 0.8071289 0.6484375
vt 0.8071289 0.6484375
vt 0.1152954 0.625
vt 0.1155396 0.6274414
vt 0.1216431 0.6318359
vt 0.1209106 0.625
vt 0.7626953 0.6484375
vt 0.7744141 0.6396484
vt 0.7695313 0.6337891
vt 0.7675781 0.6777344
vt 0.7734375 0.6933594
vt 0.7792969 0.6455078
vt 0.7807617 0.7041016
vt 0.7851563 0.6494141
vt 0.7900391 0.6503906
vt 0.7890625 0.7104492
vt 0.7963867 0.7114258
vt 0.7963867 0.6508789
vt 0.133667 0.637207
vt 0.1326904 0.625
vt 0.1263428 0.625
vt 0.1273193 0.6342773
vt 0.1068726 0.625
vt 0.1071777 0.6274414
vt 0.1155396 0.6274414
vt 0.1152954 0.625
vt 0.1273193 0.6342773
vt 0.1263428 0.625
vt 0.1209106 0.625
vt 0.1216431 0.6318359
vt 0.138916 0.6381836
vt 0.1378174 0.625
vt 0.1326904 0.625
vt 0.133667 0.637207
vt 0.7890625 0.7104492
vt 0.7900391 0.6503906
vt 0.7851563 0.6494141
vt 0.7807617 0.7041016
vt 0.7626953 0.6484375
vt 0.7695313 0.6337891
vt 0.7695313 0.6318359
vt 0.7617188 0.6474609
vt 0.7617188 0.6474609
vt 0.7695313 0.6318359
vt 0.7695313 0.6308594
vt 0.7617188 0.6474609
vt 0.7734375 0.6948242
vt 0.7807617 0.7055664
vt 0.7807617 0.7050781
vt 0.7734375 0.6943359
vt 0.7734375 0.6943359
vt 0.7807617 0.7050781
vt 0.7807617 0.7041016
vt 0.7734375 0.6933594
vt 0.7797852 0.6445313
vt 0.7749023 0.6391602
vt 0.7744141 0.6391602
vt 0.7797852 0.6445313
vt 0.7797852 0.6445313
vt 0.7744141 0.6391602
vt 0.7744141 0.6396484
vt 0.7792969 0.6455078
vt 0.7675781 0.6777344
vt 0.7626953 0.6484375
vt 0.7617188 0.6474609
vt 0.7675781 0.6787109
vt 0.7675781 0.6787109
vt 0.7617188 0.6474609
vt 0.7617188 0.6474609
vt 0.7675781 0.6791992
vt 0.7749023 0.6391602
vt 0.7695313 0.6308594
vt 0.7695313 0.6318359
vt 0.7744141 0.6391602
vt 0.7744141 0.6391602
vt 0.7695313 0.6318359
vt 0.7695313 0.6337891
vt 0.7744141 0.6396484
vt 0.7675781 0.6791992
vt 0.7734375 0.6948242
vt 0.7734375 0.6943359
vt 0.7675781 0.6787109
vt 0.7675781 0.6787109
vt 0.7734375 0.6943359
vt 0.7734375 0.6933594
vt 0.7675781 0.6777344
vt 0.7856445 0.6484375
vt 0.7797852 0.6445313
vt 0.7797852 0.6445313
vt 0.7851563 0.6484375
vt 0.7963867 0.6499023
vt 0.7900391 0.6494141
vt 0.7900391 0.6499023
vt 0.7963867 0.6503906
vt 0.7890625 0.7119141
vt 0.7963867 0.7128906
vt 0.7963867 0.7124023
vt 0.7890625 0.7114258
vt 0.7890625 0.7114258
vt 0.7963867 0.7124023
vt 0.7963867 0.7114258
vt 0.7890625 0.7104492
vt 0.7890625 0.7104492
vt 0.7807617 0.7041016
vt 0.7807617 0.7050781
vt 0.7890625 0.7114258
vt 0.7890625 0.7114258
vt 0.7807617 0.7050781
vt 0.7807617 0.7055664
vt 0.7890625 0.7119141
vt 0.7900391 0.6494141
vt 0.7856445 0.6484375
vt 0.7851563 0.6484375
vt 0.7900391 0.6499023
vt 0.1560059 0.6254883
vt 0.1560059 0.7133789
vt 0.1506348 0.7133789
vt 0.1507568 0.6254883
vt 0.1401367 0.7133789
vt 0.1401367 0.6254883
vt 0.1304932 0.7133789
vt 0.1304932 0.6254883
vt 0.1273193 0.7133789
vt 0.1274414 0.6254883
vt 0.1274414 0.6254883
vt 0.1273193 0.7133789
vt 0.1326904 0.7133789
vt 0.1326904 0.6254883
vt 0.1433105 0.7133789
vt 0.1433105 0.6254883
vt 0.1529541 0.7133789
vt 0.1529541 0.6254883
vt 0.1560059 0.7133789
vt 0.1560059 0.6254883
vt 0.5146484 0.6269531
vt 0.5146484 0.6269531
vt 0.5146484 0.6269531
vt 0.5146484 0.6269531
vt 0.5151367 0.6269531
vt 0.5151367 0.6269531
vt 0.5151367 0.6269531
vt 0.5151367 0.6269531
vt 0.5151367 0.6269531
vt 0.5151367 0.6269531
vt 0.5151367 0.6269531
vt 0.5151367 0.6269531
vt 0.5151367 0.6269531
vt 0.5151367 0.6269531
vt 0.5151367 0.6269531
vt 0.5151367 0.6269531
vt 0.5151367 0.6269531
vt 0.5151367 0.6269531
vt 0.5151367 0.6269531
vt 0.5151367 0.6269531
vt 0.5146484 0.6269531
vt 0.5146484 0.6269531
vt 0.5151367 0.6269531
vt 0.5151367 0.6269531
vt 0.4980469 0.6606445
vt 0.4992676 0.6577148
vt 0.4978027 0.6591797
vt 0.5 0.659668
vt 0.4987793 0.6616211
vt 0.5009766 0.6577148
vt 0.5009766 0.6616211
vt 0.5024414 0.6586914
vt 0.5024414 0.6606445
vt 0.5151367 0.6269531
vt 0.5151367 0.6269531
vt 0.5151367 0.6269531
vt 0.5151367 0.6269531
vt 0.5151367 0.6269531
vt 0.5151367 0.6269531
vt 0.5146484 0.6269531
vt 0.5146484 0.6269531
vt 0.5151367 0.6269531
vt 0.5151367 0.6269531
vt 0.5151367 0.6269531
vt 0.5151367 0.6269531
vt 0.5151367 0.6269531
vt 0.5151367 0.6269531
vt 0.5151367 0.6269531
vt 0.5151367 0.6269531
vt 0.515625 0.6269531
vt 0.515625 0.6269531
vt 0.5151367 0.6269531
vt 0.5151367 0.6269531
vt 0.5151367 0.6274414
vt 0.5151367 0.6274414
vt 0.5151367 0.6274414
vt 0.5151367 0.6274414
vt 0.515625 0.6274414
vt 0.5151367 0.6274414
vt 0.5151367 0.6274414
vt 0.5151367 0.6274414
vt 0.5151367 0.6269531
vt 0.5151367 0.6269531
vt 0.5151367 0.6269531
vt 0.5151367 0.6269531
vt 0.5175781 0.6625977
vt 0.5200195 0.659668
vt 0.5180664 0.6606445
vt 0.5205078 0.6621094
vt 0.5180664 0.6640625
vt 0.5224609 0.659668
vt 0.5209961 0.6645508
vt 0.5234375 0.6616211
vt 0.5229492 0.6640625
vt 0.5151367 0.6274414
vt 0.515625 0.6274414
vt 0.515625 0.6269531
vt 0.515625 0.6269531
vt 0.5151367 0.6274414
vt 0.5151367 0.6274414
vt 0.5151367 0.6269531
vt 0.5151367 0.6269531
vt 0.5151367 0.6269531
vt 0.5151367 0.6269531
vt 0.5151367 0.6269531
vt 0.5151367 0.6269531
vt 0.5151367 0.6269531
vt 0.5151367 0.6269531
vt 0.5151367 0.6269531
vt 0.5151367 0.6269531
vt 0.515625 0.6269531
vt 0.515625 0.6269531
vt 0.5151367 0.6269531
vt 0.5151367 0.6269531
vt 0.5151367 0.6274414
vt 0.5151367 0.6274414
vt 0.5151367 0.6274414
vt 0.5151367 0.6274414
vt 0.515625 0.6274414
vt 0.5151367 0.6274414
vt 0.5151367 0.6274414
vt 0.5151367 0.6274414
vt 0.5151367 0.6269531
vt 0.5151367 0.6269531
vt 0.5151367 0.6269531
vt 0.5151367 0.6269531
vt 0.5175781 0.6625977
vt 0.5200195 0.659668
vt 0.5180664 0.6606445
vt 0.5205078 0.6621094
vt 0.5180664 0.6640625
vt 0.5224609 0.659668
vt 0.5209961 0.6645508
vt 0.5234375 0.6616211
vt 0.5229492 0.6640625
vt 0.5151367 0.6274414
vt 0.515625 0.6274414
vt 0.515625 0.6269531
vt 0.515625 0.6269531
vt 0.5151367 0.6274414
vt 0.5151367 0.6274414
vt 0.5151367 0.6269531
vt 0.5151367 0.6269531
vt 0.5151367 0.6274414
vt 0.5151367 0.6274414
vt 0.5151367 0.6274414
vt 0.5151367 0.6274414
vt 0.515625 0.6274414
vt 0.515625 0.6274414
vt 0.515625 0.6274414
vt 0.515625 0.6274414
vt 0.515625 0.6274414
vt 0.515625 0.6274414
vt 0.515625 0.6274414
vt 0.515625 0.6274414
vt 0.515625 0.6274414
vt 0.515625 0.6274414
vt 0.5151367 0.6274414
vt 0.5151367 0.6274414
vt 0.515625 0.6274414
vt 0.515625 0.6274414
vt 0.515625 0.6274414
vt 0.515625 0.6274414
vt 0.5151367 0.6274414
vt 0.5151367 0.6274414
vt 0.515625 0.6274414
vt 0.515625 0.6274414
vt 0.5214844 0.6791992
vt 0.5239258 0.6767578
vt 0.5219727 0.6777344
vt 0.5239258 0.6791992
vt 0.5214844 0.6806641
vt 0.5258789 0.6772461
vt 0.5239258 0.6811523
vt 0.5268555 0.6791992
vt 0.5258789 0.6811523
vt 0.515625 0.6274414
vt 0.515625 0.6274414
vt 0.515625 0.6274414
vt 0.515625 0.6274414
vt 0.5151367 0.6274414
vt 0.5151367 0.6274414
vt 0.5151367 0.6274414
vt 0.5151367 0.6274414
vt 0.5151367 0.6274414
vt 0.5151367 0.6274414
vt 0.5151367 0.6274414
vt 0.5151367 0.6274414
vt 0.515625 0.6274414
vt 0.515625 0.6274414
vt 0.515625 0.6274414
vt 0.515625 0.6274414
vt 0.515625 0.6274414
vt 0.515625 0.6274414
vt 0.515625 0.6274414
vt 0.515625 0.6274414
vt 0.515625 0.6274414
vt 0.515625 0.6274414
vt 0.5151367 0.6274414
vt 0.5151367 0.6274414
vt 0.515625 0.6274414
vt 0.515625 0.6274414
vt 0.515625 0.6274414
vt 0.515625 0.6274414
vt 0.5151367 0.6274414
vt 0.5151367 0.6274414
vt 0.515625 0.6274414
vt 0.515625 0.6274414
vt 0.5214844 0.6791992
vt 0.5239258 0.6767578
vt 0.5219727 0.6777344
vt 0.5239258 0.6791992
vt 0.5214844 0.6806641
vt 0.5258789 0.6772461
vt 0.5239258 0.6811523
vt 0.5268555 0.6791992
vt 0.5258789 0.6811523
vt 0.515625 0.6274414
vt 0.515625 0.6274414
vt 0.515625 0.6274414
vt 0.515625 0.6274414
vt 0.5151367 0.6274414
vt 0.5151367 0.6274414
vt 0.5151367 0.6274414
vt 0.5151367 0.6274414
vt 0.5151367 0.6274414
vt 0.5151367 0.6274414
vt 0.5151367 0.6274414
vt 0.5151367 0.6274414
vt 0.515625 0.6274414
vt 0.515625 0.6274414
vt 0.515625 0.6274414
vt 0.515625 0.6274414
vt 0.515625 0.6274414
vt 0.515625 0.6274414
vt 0.515625 0.6274414
vt 0.515625 0.6274414
vt 0.515625 0.6274414
vt 0.515625 0.6274414
vt 0.5151367 0.6274414
vt 0.5151367 0.6274414
vt 0.515625 0.6274414
vt 0.515625 0.6274414
vt 0.515625 0.6274414
vt 0.515625 0.6274414
vt 0.5151367 0.6274414
vt 0.5151367 0.6274414
vt 0.515625 0.6274414
vt 0.515625 0.6274414
vt 0.5214844 0.6791992
vt 0.5239258 0.6767578
vt 0.5219727 0.6777344
vt 0.5239258 0.6791992
vt 0.5214844 0.6806641
vt 0.5258789 0.6772461
vt 0.5239258 0.6811523
vt 0.5268555 0.6791992
vt 0.5258789 0.6811523
vt 0.515625 0.6274414
vt 0.515625 0.6274414
vt 0.515625 0.6274414
vt 0.515625 0.6274414
vt 0.5151367 0.6274414
vt 0.5151367 0.6274414
vt 0.5151367 0.6274414
vt 0.5151367 0.6274414
vt 0.5151367 0.6274414
vt 0.5151367 0.6274414
vt 0.5151367 0.6274414
vt 0.5151367 0.6274414
vt 0.515625 0.6274414
vt 0.515625 0.6274414
vt 0.515625 0.6274414
vt 0.515625 0.6274414
vt 0.515625 0.6274414
vt 0.515625 0.6274414
vt 0.515625 0.6274414
vt 0.515625 0.6274414
vt 0.515625 0.6274414
vt 0.515625 0.6274414
vt 0.5151367 0.6274414
vt 0.5151367 0.6274414
vt 0.515625 0.6274414
vt 0.515625 0.6274414
vt 0.515625 0.6274414
vt 0.515625 0.6274414
vt 0.5151367 0.6274414
vt 0.5151367 0.6274414
vt 0.515625 0.6274414
vt 0.515625 0.6274414
vt 0.5214844 0.6791992
vt 0.5239258 0.6767578
vt 0.5219727 0.6777344
vt 0.5239258 0.6791992
vt 0.5214844 0.6806641
vt 0.5258789 0.6772461
vt 0.5239258 0.6811523
vt 0.5268555 0.6791992
vt 0.5258789 0.6811523
vt 0.515625 0.6274414
vt 0.515625 0.6274414
vt 0.515625 0.6274414
vt 0.515625 0.6274414
vt 0.5151367 0.6274414
vt 0.5151367 0.6274414
vt 0.5151367 0.6274414
vt 0.5151367 0.6274414
vt 0.5146484 0.6269531
vt 0.5146484 0.6269531
vt 0.5146484 0.6269531
vt 0.5146484 0.6269531
vt 0.5151367 0.6269531
vt 0.5151367 0.6269531
vt 0.5151367 0.6269531
vt 0.5151367 0.6269531
vt 0.5151367 0.6269531
vt 0.5151367 0.6269531
vt 0.5151367 0.6269531
vt 0.5151367 0.6269531
vt 0.5151367 0.6269531
vt 0.5151367 0.6269531
vt 0.5151367 0.6269531
vt 0.5151367 0.6269531
vt 0.5151367 0.6269531
vt 0.5151367 0.6269531
vt 0.5151367 0.6269531
vt 0.5151367 0.6269531
vt 0.5146484 0.6269531
vt 0.5146484 0.6269531
vt 0.5151367 0.6269531
vt 0.5151367 0.6269531
vt 0.4980469 0.6606445
vt 0.4992676 0.6577148
vt 0.4978027 0.6591797
vt 0.5 0.659668
vt 0.4987793 0.6616211
vt 0.5009766 0.6577148
vt 0.5009766 0.6616211
vt 0.5024414 0.6586914
vt 0.5024414 0.6606445
vt 0.5151367 0.6269531
vt 0.5151367 0.6269531
vt 0.5151367 0.6269531
vt 0.5151367 0.6269531
vt 0.5151367 0.6269531
vt 0.5151367 0.6269531
vt 0.5146484 0.6269531
vt 0.5146484 0.6269531
vt 0.5146484 0.6269531
vt 0.5146484 0.6269531
vt 0.5146484 0.6269531
vt 0.5146484 0.6269531
vt 0.5151367 0.6269531
vt 0.5151367 0.6269531
vt 0.5151367 0.6269531
vt 0.5151367 0.6269531
vt 0.5151367 0.6269531
vt 0.5151367 0.6269531
vt 0.5151367 0.6269531
vt 0.5151367 0.6269531
vt 0.5151367 0.6269531
vt 0.5151367 0.6269531
vt 0.5151367 0.6269531
vt 0.5151367 0.6269531
vt 0.5151367 0.6269531
vt 0.5151367 0.6269531
vt 0.5151367 0.6269531
vt 0.5151367 0.6269531
vt 0.5146484 0.6269531
vt 0.5146484 0.6269531
vt 0.5151367 0.6269531
vt 0.5151367 0.6269531
vt 0.4980469 0.6606445
vt 0.4992676 0.6577148
vt 0.4978027 0.6591797
vt 0.5 0.659668
vt 0.4987793 0.6616211
vt 0.5009766 0.6577148
vt 0.5009766 0.6616211
vt 0.5024414 0.6586914
vt 0.5024414 0.6606445
vt 0.5151367 0.6269531
vt 0.5151367 0.6269531
vt 0.5151367 0.6269531
vt 0.5151367 0.6269531
vt 0.5151367 0.6269531
vt 0.5151367 0.6269531
vt 0.5146484 0.6269531
vt 0.5146484 0.6269531
vt 0.5 0.659668
vt 0.5024414 0.6586914
vt 0.5009766 0.6577148
vt 0.4992676 0.6577148
vt 0.4980469 0.6606445
vt 0.4992676 0.6577148
vt 0.4978027 0.6591797
vt 0.5146484 0.6269531
vt 0.5146484 0.6269531
vt 0.5146484 0.6269531
vt 0.5146484 0.6269531
vt 0.5151367 0.6269531
vt 0.5151367 0.6269531
vt 0.5151367 0.6269531
vt 0.5151367 0.6269531
vt 0.5151367 0.6269531
vt 0.5151367 0.6269531
vt 0.5151367 0.6269531
vt 0.5151367 0.6269531
vt 0.5151367 0.6269531
vt 0.5151367 0.6269531
vt 0.5151367 0.6269531
vt 0.5151367 0.6269531
vt 0.5151367 0.6269531
vt 0.5151367 0.6269531
vt 0.5151367 0.6269531
vt 0.5151367 0.6269531
vt 0.5146484 0.6269531
vt 0.5146484 0.6269531
vt 0.5151367 0.6269531
vt 0.5151367 0.6269531
vt 0.4987793 0.6616211
vt 0.5009766 0.6616211
vt 0.5 0.659668
vt 0.4980469 0.6606445
vt 0.5009766 0.6616211
vt 0.5024414 0.6586914
vt 0.5024414 0.6606445
vt 0.5151367 0.6269531
vt 0.5151367 0.6269531
vt 0.5151367 0.6269531
vt 0.5151367 0.6269531
vt 0.5151367 0.6269531
vt 0.5151367 0.6269531
vt 0.5146484 0.6269531
vt 0.5146484 0.6269531
vt 0.5146484 0.6269531
vt 0.5146484 0.6269531
vt 0.5146484 0.6269531
vt 0.5146484 0.6269531
vt 0.5151367 0.6269531
vt 0.5151367 0.6269531
vt 0.5151367 0.6269531
vt 0.5151367 0.6269531
vt 0.5151367 0.6269531
vt 0.5151367 0.6269531
vt 0.5151367 0.6269531
vt 0.5151367 0.6269531
vt 0.5151367 0.6269531
vt 0.5151367 0.6269531
vt 0.5151367 0.6269531
vt 0.5151367 0.6269531
vt 0.5151367 0.6269531
vt 0.5151367 0.6269531
vt 0.5151367 0.6269531
vt 0.5151367 0.6269531
vt 0.5146484 0.6269531
vt 0.5146484 0.6269531
vt 0.5151367 0.6269531
vt 0.5151367 0.6269531
vt 0.4980469 0.6606445
vt 0.4992676 0.6577148
vt 0.4978027 0.6591797
vt 0.5 0.659668
vt 0.4987793 0.6616211
vt 0.5009766 0.6577148
vt 0.5009766 0.6616211
vt 0.5024414 0.6586914
vt 0.5024414 0.6606445
vt 0.5151367 0.6269531
vt 0.5151367 0.6269531
vt 0.5151367 0.6269531
vt 0.5151367 0.6269531
vt 0.5151367 0.6269531
vt 0.5151367 0.6269531
vt 0.5146484 0.6269531
vt 0.5146484 0.6269531
vt 0.5146484 0.6269531
vt 0.5146484 0.6269531
vt 0.5146484 0.6269531
vt 0.5146484 0.6269531
vt 0.5151367 0.6269531
vt 0.5151367 0.6269531
vt 0.5151367 0.6269531
vt 0.5151367 0.6269531
vt 0.5151367 0.6269531
vt 0.5151367 0.6269531
vt 0.5151367 0.6269531
vt 0.5151367 0.6269531
vt 0.5151367 0.6269531
vt 0.5151367 0.6269531
vt 0.5151367 0.6269531
vt 0.5151367 0.6269531
vt 0.5151367 0.6269531
vt 0.5151367 0.6269531
vt 0.5151367 0.6269531
vt 0.5151367 0.6269531
vt 0.5146484 0.6269531
vt 0.5146484 0.6269531
vt 0.5151367 0.6269531
vt 0.5151367 0.6269531
vt 0.4980469 0.6606445
vt 0.4992676 0.6577148
vt 0.4978027 0.6591797
vt 0.5 0.659668
vt 0.4987793 0.6616211
vt 0.5009766 0.6577148
vt 0.5009766 0.6616211
vt 0.5024414 0.6586914
vt 0.5024414 0.6606445
vt 0.5151367 0.6269531
vt 0.5151367 0.6269531
vt 0.5151367 0.6269531
vt 0.5151367 0.6269531
vt 0.5151367 0.6269531
vt 0.5151367 0.6269531
vt 0.5146484 0.6269531
vt 0.5146484 0.6269531
vt 0.5151367 0.6269531
vt 0.5151367 0.6269531
vt 0.5151367 0.6269531
vt 0.5151367 0.6269531
vt 0.5151367 0.6269531
vt 0.5151367 0.6269531
vt 0.5151367 0.6269531
vt 0.5151367 0.6269531
vt 0.515625 0.6269531
vt 0.515625 0.6269531
vt 0.5151367 0.6269531
vt 0.5151367 0.6269531
vt 0.5151367 0.6274414
vt 0.5151367 0.6274414
vt 0.5151367 0.6274414
vt 0.5151367 0.6274414
vt 0.515625 0.6274414
vt 0.5151367 0.6274414
vt 0.5151367 0.6274414
vt 0.5151367 0.6274414
vt 0.5151367 0.6269531
vt 0.5151367 0.6269531
vt 0.5151367 0.6269531
vt 0.5151367 0.6269531
vt 0.5175781 0.6625977
vt 0.5200195 0.659668
vt 0.5180664 0.6606445
vt 0.5205078 0.6621094
vt 0.5180664 0.6640625
vt 0.5224609 0.659668
vt 0.5209961 0.6645508
vt 0.5234375 0.6616211
vt 0.5229492 0.6640625
vt 0.5151367 0.6274414
vt 0.515625 0.6274414
vt 0.515625 0.6269531
vt 0.515625 0.6269531
vt 0.5151367 0.6274414
vt 0.5151367 0.6274414
vt 0.5151367 0.6269531
vt 0.5151367 0.6269531
vt 0.5151367 0.6269531
vt 0.5151367 0.6269531
vt 0.5151367 0.6269531
vt 0.5151367 0.6269531
vt 0.5151367 0.6269531
vt 0.5151367 0.6269531
vt 0.5151367 0.6269531
vt 0.5151367 0.6269531
vt 0.515625 0.6269531
vt 0.515625 0.6269531
vt 0.5151367 0.6269531
vt 0.5151367 0.6269531
vt 0.5151367 0.6274414
vt 0.5151367 0.6274414
vt 0.5151367 0.6274414
vt 0.5151367 0.6274414
vt 0.515625 0.6274414
vt 0.5151367 0.6274414
vt 0.5151367 0.6274414
vt 0.5151367 0.6274414
vt 0.5151367 0.6269531
vt 0.5151367 0.6269531
vt 0.5151367 0.6269531
vt 0.5151367 0.6269531
vt 0.5175781 0.6625977
vt 0.5200195 0.659668
vt 0.5180664 0.6606445
vt 0.5205078 0.6621094
vt 0.5180664 0.6640625
vt 0.5224609 0.659668
vt 0.5209961 0.6645508
vt 0.5234375 0.6616211
vt 0.5229492 0.6640625
vt 0.5151367 0.6274414
vt 0.515625 0.6274414
vt 0.515625 0.6269531
vt 0.515625 0.6269531
vt 0.5151367 0.6274414
vt 0.5151367 0.6274414
vt 0.5151367 0.6269531
vt 0.5151367 0.6269531
vt 0.5151367 0.6274414
vt 0.5151367 0.6274414
vt 0.5151367 0.6274414
vt 0.5151367 0.6274414
vt 0.515625 0.6274414
vt 0.515625 0.6274414
vt 0.515625 0.6274414
vt 0.515625 0.6274414
vt 0.515625 0.6274414
vt 0.515625 0.6274414
vt 0.515625 0.6274414
vt 0.515625 0.6274414
vt 0.515625 0.6274414
vt 0.515625 0.6274414
vt 0.5151367 0.6274414
vt 0.5151367 0.6274414
vt 0.515625 0.6274414
vt 0.515625 0.6274414
vt 0.515625 0.6274414
vt 0.515625 0.6274414
vt 0.5151367 0.6274414
vt 0.5151367 0.6274414
vt 0.515625 0.6274414
vt 0.515625 0.6274414
vt 0.5214844 0.6791992
vt 0.5239258 0.6767578
vt 0.5219727 0.6777344
vt 0.5239258 0.6791992
vt 0.5214844 0.6806641
vt 0.5258789 0.6772461
vt 0.5239258 0.6811523
vt 0.5268555 0.6791992
vt 0.5258789 0.6811523
vt 0.515625 0.6274414
vt 0.515625 0.6274414
vt 0.515625 0.6274414
vt 0.515625 0.6274414
vt 0.5151367 0.6274414
vt 0.5151367 0.6274414
vt 0.5151367 0.6274414
vt 0.5151367 0.6274414
vt 0.5151367 0.6274414
vt 0.5151367 0.6274414
vt 0.5151367 0.6274414
vt 0.5151367 0.6274414
vt 0.515625 0.6274414
vt 0.515625 0.6274414
vt 0.515625 0.6274414
vt 0.515625 0.6274414
vt 0.515625 0.6274414
vt 0.515625 0.6274414
vt 0.515625 0.6274414
vt 0.515625 0.6274414
vt 0.515625 0.6274414
vt 0.515625 0.6274414
vt 0.5151367 0.6274414
vt 0.5151367 0.6274414
vt 0.515625 0.6274414
vt 0.515625 0.6274414
vt 0.515625 0.6274414
vt 0.515625 0.6274414
vt 0.5151367 0.6274414
vt 0.5151367 0.6274414
vt 0.515625 0.6274414
vt 0.515625 0.6274414
vt 0.5214844 0.6791992
vt 0.5239258 0.6767578
vt 0.5219727 0.6777344
vt 0.5239258 0.6791992
vt 0.5214844 0.6806641
vt 0.5258789 0.6772461
vt 0.5239258 0.6811523
vt 0.5268555 0.6791992
vt 0.5258789 0.6811523
vt 0.515625 0.6274414
vt 0.515625 0.6274414
vt 0.515625 0.6274414
vt 0.515625 0.6274414
vt 0.5151367 0.6274414
vt 0.5151367 0.6274414
vt 0.5151367 0.6274414
vt 0.5151367 0.6274414
vt 0.5151367 0.6274414
vt 0.5151367 0.6274414
vt 0.5151367 0.6274414
vt 0.5151367 0.6274414
vt 0.515625 0.6274414
vt 0.515625 0.6274414
vt 0.515625 0.6274414
vt 0.515625 0.6274414
vt 0.515625 0.6274414
vt 0.515625 0.6274414
vt 0.515625 0.6274414
vt 0.515625 0.6274414
vt 0.515625 0.6274414
vt 0.515625 0.6274414
vt 0.5151367 0.6274414
vt 0.5151367 0.6274414
vt 0.515625 0.6274414
vt 0.515625 0.6274414
vt 0.515625 0.6274414
vt 0.515625 0.6274414
vt 0.5151367 0.6274414
vt 0.5151367 0.6274414
vt 0.515625 0.6274414
vt 0.515625 0.6274414
vt 0.5214844 0.6791992
vt 0.5239258 0.6767578
vt 0.5219727 0.6777344
vt 0.5239258 0.6791992
vt 0.5214844 0.6806641
vt 0.5258789 0.6772461
vt 0.5239258 0.6811523
vt 0.5268555 0.6791992
vt 0.5258789 0.6811523
vt 0.515625 0.6274414
vt 0.515625 0.6274414
vt 0.515625 0.6274414
vt 0.515625 0.6274414
vt 0.5151367 0.6274414
vt 0.5151367 0.6274414
vt 0.5151367 0.6274414
vt 0.5151367 0.6274414
vt 0.5151367 0.6274414
vt 0.5151367 0.6274414
vt 0.5151367 0.6274414
vt 0.5151367 0.6274414
vt 0.515625 0.6274414
vt 0.515625 0.6274414
vt 0.515625 0.6274414
vt 0.515625 0.6274414
vt 0.515625 0.6274414
vt 0.515625 0.6274414
vt 0.515625 0.6274414
vt 0.515625 0.6274414
vt 0.515625 0.6274414
vt 0.515625 0.6274414
vt 0.5151367 0.6274414
vt 0.5151367 0.6274414
vt 0.515625 0.6274414
vt 0.515625 0.6274414
vt 0.515625 0.6274414
vt 0.515625 0.6274414
vt 0.5151367 0.6274414
vt 0.5151367 0.6274414
vt 0.515625 0.6274414
vt 0.515625 0.6274414
vt 0.5214844 0.6791992
vt 0.5239258 0.6767578
vt 0.5219727 0.6777344
vt 0.5239258 0.6791992
vt 0.5214844 0.6806641
vt 0.5258789 0.6772461
vt 0.5239258 0.6811523
vt 0.5268555 0.6791992
vt 0.5258789 0.6811523
vt 0.515625 0.6274414
vt 0.515625 0.6274414
vt 0.515625 0.6274414
vt 0.515625 0.6274414
vt 0.5151367 0.6274414
vt 0.5151367 0.6274414
vt 0.5151367 0.6274414
vt 0.5151367 0.6274414
vt 0.4150391 0.6274414
vt 0.4064941 0.6303711
vt 0.4133301 0.6274414
vt 0.4208984 0.6259766
vt 0.409668 0.6303711
vt 0.4020996 0.6381836
vt 0.4199219 0.6274414
vt 0.4060059 0.6381836
vt 0.4040527 0.6601563
vt 0.4255371 0.6274414
vt 0.4282227 0.6274414
vt 0.4191895 0.6303711
vt 0.4296875 0.6303711
vt 0.4350586 0.6303711
vt 0.4077148 0.6601563
vt 0.4084473 0.6791992
vt 0.4187012 0.6381836
vt 0.4326172 0.6381836
vt 0.4396973 0.6381836
vt 0.4111328 0.6791992
vt 0.4123535 0.6938477
vt 0.4189453 0.6601563
vt 0.4313965 0.6601563
vt 0.4375 0.6601563
vt 0.4143066 0.6938477
vt 0.4157715 0.7036133
vt 0.4194336 0.6791992
vt 0.4287109 0.6791992
vt 0.4333496 0.6791992
vt 0.4169922 0.7036133
vt 0.418457 0.7094727
vt 0.4199219 0.6938477
vt 0.4262695 0.6938477
vt 0.4294434 0.6938477
vt 0.4189453 0.7094727
vt 0.4208984 0.7128906
vt 0.4204102 0.7036133
vt 0.4243164 0.7036133
vt 0.4260254 0.7036133
vt 0.4206543 0.7094727
vt 0.4226074 0.7094727
vt 0.4233398 0.7094727
vt 0.4265137 0.6274414
vt 0.4350586 0.6303711
vt 0.4282227 0.6274414
vt 0.4208984 0.6259766
vt 0.4318848 0.6303711
vt 0.4396973 0.6381836
vt 0.4216309 0.6274414
vt 0.4355469 0.6381836
vt 0.4375 0.6601563
vt 0.4162598 0.6274414
vt 0.4133301 0.6274414
vt 0.4223633 0.6303711
vt 0.4118652 0.6303711
vt 0.4064941 0.6303711
vt 0.4338379 0.6601563
vt 0.4333496 0.6791992
vt 0.4228516 0.6381836
vt 0.4089355 0.6381836
vt 0.4020996 0.6381836
vt 0.4306641 0.6791992
vt 0.4294434 0.6938477
vt 0.4226074 0.6601563
vt 0.4104004 0.6601563
vt 0.4040527 0.6601563
vt 0.4277344 0.6938477
vt 0.4260254 0.7036133
vt 0.4223633 0.6791992
vt 0.4130859 0.6801758
vt 0.4084473 0.6791992
vt 0.4250488 0.7036133
vt 0.4233398 0.7094727
vt 0.421875 0.6938477
vt 0.4152832 0.6933594
vt 0.4123535 0.6938477
vt 0.4228516 0.7094727
vt 0.4208984 0.7128906
vt 0.4216309 0.7036133
vt 0.4177246 0.703125
vt 0.4157715 0.7036133
vt 0.4211426 0.7094727
vt 0.4194336 0.7094727
vt 0.418457 0.7094727
vt 0.519043 0.7929688
vt 0.5102539 0.7924805
vt 0.5092773 0.7978516
vt 0.5200195 0.7978516
vt 0.4987793 0.7944336
vt 0.527832 0.7900391
vt 0.5302734 0.7949219
vt 0.5014648 0.7895508
vt 0.4902344 0.7875977
vt 0.5356445 0.7851563
vt 0.5390625 0.7885742
vt 0.4941406 0.7841797
vt 0.4841309 0.7788086
vt 0.5410156 0.777832
vt 0.5458984 0.7802734
vt 0.4890137 0.7763672
vt 0.480957 0.7680664
vt 0.5444336 0.769043
vt 0.5493164 0.7700195
vt 0.5444336 0.7597656
vt 0.5498047 0.7592773
vt 0.5419922 0.7509766
vt 0.5463867 0.7485352
vt 0.5366211 0.7436523
vt 0.5405273 0.7397461
vt 0.5292969 0.737793
vt 0.5317383 0.7333984
vt 0.5205078 0.7348633
vt 0.5214844 0.7294922
vt 0.5112305 0.7348633
vt 0.5107422 0.7294922
vt 0.5024414 0.7373047
vt 0.5004883 0.7324219
vt 0.4951172 0.7426758
vt 0.4914551 0.7387695
vt 0.489502 0.75
vt 0.4848633 0.7470703
vt 0.4865723 0.7583008
vt 0.4812012 0.7573242
vt 0.4863281 0.7675781
vn -0.4519043 -0.8881836 0.08551025
vn -0.4519043 -0.8881836 0.08551025
vn -0.4519043 -0.8881836 0.08551025
vn -0.4519043 -0.8881836 0.08551025
vn 0.793457 -0.605957 0.05636597
vn 0.793457 -0.605957 0.05636597
vn 0.793457 -0.605957 0.05636597
vn 0.793457 -0.605957 0.05636597
vn 0.9448242 0.3171387 0.08355713
vn 0.9448242 0.3171387 0.08355713
vn 0.9448242 0.3171387 0.08355713
vn 0.9448242 0.3171387 0.08355713
vn -0.8442383 0.5332031 0.05728149
vn -0.8442383 0.5332031 0.05728149
vn -0.8442383 0.5332031 0.05728149
vn -0.8442383 0.5332031 0.05728149
vn -0.6049805 0.7944336 0.05569458
vn -0.6049805 0.7944336 0.05569458
vn -0.6049805 0.7944336 0.05569458
vn -0.6049805 0.7944336 0.05569458
vn 0.4226074 -0.9042969 0.05770874
vn 0.4226074 -0.9042969 0.05770874
vn 0.4226074 -0.9042969 0.05770874
vn 0.4226074 -0.9042969 0.05770874
vn 0.0003859997 -0.007106781 1
vn 0.006587982 -0.001024246 1
vn 0.0003859997 -0.007106781 1
vn 0.006587982 -0.001024246 1
vn -0.00643158 0.0004963875 1
vn 0.006587982 -0.001024246 1
vn -0.00643158 0.0004963875 1
vn 0.006587982 -0.001024246 1
vn -0.0005965233 0.00643158 1
vn 0.3740234 0.9238281 0.08380127
vn 0.3740234 0.9238281 0.08380127
vn 0.3740234 0.9238281 0.08380127
vn 0.3740234 0.9238281 0.08380127
vn -0.8256836 -0.5571289 0.0869751
vn -0.8256836 -0.5571289 0.0869751
vn -0.8256836 -0.5571289 0.0869751
vn -0.8256836 -0.5571289 0.0869751
vn -0.5209961 -0.6240234 -0.5825195
vn -0.4631348 -0.5942383 -0.6572266
vn -0.5209961 -0.6240234 -0.5825195
vn -0.6123047 -0.6616211 -0.4326172
vn -0.6123047 -0.6616211 -0.4326172
vn -0.6469727 -0.671875 -0.3608398
vn -0.6459961 -0.6713867 -0.362793
vn -0.6396484 -0.6699219 -0.3769531
vn -0.6396484 -0.6699219 -0.3769531
vn 0.6469727 -0.7583008 -0.08074951
vn 0.6396484 -0.7548828 -0.145874
vn 0.6469727 -0.7583008 -0.08074951
vn 0.6401367 -0.7548828 -0.1435547
vn 0.6118164 -0.7338867 -0.2941895
vn 0.6118164 -0.7338867 -0.2941895
vn 0.5610352 -0.6879883 -0.4602051
vn 0.5610352 -0.6879883 -0.4602051
vn 0.5253906 -0.652832 -0.5454102
vn 0.9555664 -0.1196289 -0.2692871
vn 0.9516602 -0.1217651 -0.2822266
vn 0.9555664 -0.1196289 -0.2692871
vn 0.9521484 -0.121521 -0.2807617
vn 0.9145508 -0.1375732 -0.380127
vn 0.9145508 -0.1375732 -0.380127
vn 0.8286133 -0.1606445 -0.5361328
vn 0.8286133 -0.1606445 -0.5361328
vn 0.7700195 -0.1711426 -0.6147461
vn -0.00261116 -0.9926758 -0.1218262
vn 0.002784729 -0.9848633 -0.1723633
vn -0.00261116 -0.9926758 -0.1218262
vn 0.003194809 -0.984375 -0.1761475
vn 0.01797485 -0.949707 -0.3125
vn 0.01797485 -0.949707 -0.3125
vn 0.03619385 -0.878418 -0.4763184
vn 0.03619385 -0.878418 -0.4763184
vn 0.04577637 -0.8271484 -0.5600586
vn -0.2995605 -0.7958984 -0.5263672
vn -0.2609863 -0.7514648 -0.605957
vn -0.2995605 -0.7958984 -0.5263672
vn -0.3618164 -0.855957 -0.3693848
vn -0.3618164 -0.855957 -0.3693848
vn -0.385498 -0.8735352 -0.2966309
vn -0.3845215 -0.8730469 -0.300293
vn -0.3789063 -0.8691406 -0.3178711
vn -0.3789063 -0.8691406 -0.3178711
vn 0.8530273 -0.4855957 -0.1901855
vn 0.847168 -0.4858398 -0.2143555
vn 0.8530273 -0.4855957 -0.1901855
vn 0.8481445 -0.4858398 -0.2111816
vn 0.8139648 -0.4831543 -0.3227539
vn 0.8139648 -0.4831543 -0.3227539
vn 0.7397461 -0.4663086 -0.4853516
vn 0.7397461 -0.4663086 -0.4853516
vn 0.6884766 -0.4504395 -0.5683594
vn 0.8510742 0.1557617 -0.5014648
vn 0.8876953 0.185791 -0.4208984
vn 0.8510742 0.1557617 -0.5014648
vn 0.8813477 0.1801758 -0.4362793
vn 0.8779297 0.177002 -0.4453125
vn 0.8779297 0.177002 -0.4453125
vn 0.7958984 0.1173096 -0.59375
vn 0.7958984 0.1173096 -0.59375
vn 0.7402344 0.08276367 -0.6674805
vn -0.6875 -0.3613281 -0.6298828
vn -0.7607422 -0.3635254 -0.5375977
vn -0.6875 -0.3613281 -0.6298828
vn -0.7753906 -0.3632813 -0.5161133
vn -0.7807617 -0.3632813 -0.5083008
vn -0.7807617 -0.3632813 -0.5083008
vn -0.6699219 -0.3601074 -0.6494141
vn -0.6699219 -0.3601074 -0.6494141
vn -0.5996094 -0.3535156 -0.7182617
vn 0.3439941 -0.934082 -0.0960083
vn 0.3432617 -0.9272461 -0.1499023
vn 0.3439941 -0.934082 -0.0960083
vn 0.3430176 -0.9267578 -0.1517334
vn 0.3359375 -0.8959961 -0.2905273
vn 0.3359375 -0.8959961 -0.2905273
vn 0.3173828 -0.8310547 -0.4570313
vn 0.3173828 -0.8310547 -0.4570313
vn 0.3024902 -0.7836914 -0.5424805
vn -0.6054688 -0.5419922 -0.5825195
vn -0.5444336 -0.5214844 -0.6572266
vn -0.6054688 -0.5419922 -0.5825195
vn -0.7387695 -0.4313965 -0.5180664
vn -0.7431641 -0.4243164 -0.5175781
vn -0.8276367 -0.3129883 -0.4658203
vn -0.862793 -0.3737793 -0.3398438
vn -0.8710938 -0.3935547 -0.2932129
vn -0.8710938 -0.3935547 -0.2932129
vn 0.5317383 -0.8442383 -0.06988525
vn 0.5244141 -0.8398438 -0.1400146
vn 0.5317383 -0.8442383 -0.06988525
vn 0.5249023 -0.8398438 -0.1381836
vn 0.4995117 -0.8149414 -0.2941895
vn 0.4995117 -0.8149414 -0.2941895
vn 0.4560547 -0.7617188 -0.4602051
vn 0.4560547 -0.7617188 -0.4602051
vn 0.4255371 -0.722168 -0.5454102
vn 0.9731445 -0.1074829 -0.2023926
vn 0.921875 -0.03518677 -0.3857422
vn 0.9731445 -0.1074829 -0.2023926
vn 0.9638672 -0.08929443 -0.2504883
vn 0.8793945 -0.1499023 -0.4521484
vn 0.8808594 -0.1437988 -0.4509277
vn 0.796875 -0.2785645 -0.5361328
vn 0.796875 -0.2785645 -0.5361328
vn 0.7373047 -0.2805176 -0.6147461
vn -0.1479492 -0.9833984 -0.1056519
vn -0.1405029 -0.9760742 -0.1645508
vn -0.1479492 -0.9833984 -0.1056519
vn -0.1401367 -0.9755859 -0.1677246
vn -0.1193848 -0.9423828 -0.3125
vn -0.1193848 -0.9423828 -0.3125
vn -0.09106445 -0.8745117 -0.4763184
vn -0.09106445 -0.8745117 -0.4763184
vn -0.07415771 -0.8251953 -0.5600586
vn 0.411377 0.7441406 0.5263672
vn 0.411377 0.7441406 0.5263672
vn 0.3666992 0.7055664 0.605957
vn 0.4816895 0.7949219 0.3693848
vn 0.4816895 0.7949219 0.3693848
vn 0.515625 0.8125 0.2717285
vn 0.5161133 0.8125 0.2702637
vn 0.5195313 0.8139648 0.2592773
vn 0.5195313 0.8139648 0.2592773
vn 0.7822266 -0.6040039 -0.1530762
vn 0.7724609 -0.6035156 -0.1968994
vn 0.7822266 -0.6040039 -0.1530762
vn 0.7734375 -0.6040039 -0.1928711
vn 0.7353516 -0.5957031 -0.3227539
vn 0.7353516 -0.5957031 -0.3227539
vn 0.6645508 -0.5683594 -0.4853516
vn 0.6645508 -0.5683594 -0.4853516
vn 0.6162109 -0.5449219 -0.5683594
vn 0.9057617 0.05566406 -0.4204102
vn 0.9194336 0.06524658 -0.387207
vn 0.9057617 0.05566406 -0.4204102
vn 0.9179688 0.06390381 -0.3920898
vn 0.894043 0.04833984 -0.4453125
vn 0.894043 0.04833984 -0.4453125
vn 0.8046875 0.001112938 -0.59375
vn 0.8046875 0.001112938 -0.59375
vn 0.7441406 -0.0249939 -0.6674805
vn -0.8027344 -0.2502441 -0.5410156
vn -0.8383789 -0.2441406 -0.4870605
vn -0.8027344 -0.2502441 -0.5410156
vn -0.84375 -0.2431641 -0.4782715
vn -0.8251953 -0.2467041 -0.5083008
vn -0.8251953 -0.2467041 -0.5083008
vn -0.7148438 -0.2595215 -0.6494141
vn -0.7148438 -0.2595215 -0.6494141
vn -0.644043 -0.2631836 -0.7182617
vn 0.2053223 -0.9755859 -0.07666016
vn 0.2056885 -0.96875 -0.1402588
vn 0.2053223 -0.9755859 -0.07666016
vn 0.2056885 -0.9682617 -0.1416016
vn 0.2030029 -0.9350586 -0.2905273
vn 0.2030029 -0.9350586 -0.2905273
vn 0.1939697 -0.8681641 -0.4570313
vn 0.1939697 -0.8681641 -0.4570313
vn 0.1862793 -0.8193359 -0.5424805
vn -0.6103516 -0.5371094 -0.5825195
vn -0.5488281 -0.5166016 -0.6572266
vn -0.6103516 -0.5371094 -0.5825195
vn -0.706543 -0.5600586 -0.4326172
vn -0.706543 -0.5600586 -0.4326172
vn -0.7285156 -0.5634766 -0.3896484
vn -0.7236328 -0.5629883 -0.3994141
vn -0.699707 -0.559082 -0.4450684
vn -0.699707 -0.559082 -0.4450684
vn 0.5219727 -0.847168 -0.09875488
vn 0.515625 -0.8427734 -0.1552734
vn 0.5219727 -0.847168 -0.09875488
vn 0.515625 -0.8427734 -0.1524658
vn 0.4924316 -0.8188477 -0.2941895
vn 0.4924316 -0.8188477 -0.2941895
vn 0.4494629 -0.765625 -0.4602051
vn 0.4494629 -0.765625 -0.4602051
vn 0.4194336 -0.7255859 -0.5454102
vn 0.9067383 -0.2702637 -0.322998
vn 0.9135742 -0.2685547 -0.3056641
vn 0.9067383 -0.2702637 -0.322998
vn 0.9125977 -0.2687988 -0.3083496
vn 0.8828125 -0.2758789 -0.380127
vn 0.8828125 -0.2758789 -0.380127
vn 0.7944336 -0.2856445 -0.5361328
vn 0.7944336 -0.2856445 -0.5361328
vn 0.7348633 -0.2868652 -0.6147461
vn -0.151001 -0.9775391 -0.1484375
vn -0.1462402 -0.9716797 -0.1853027
vn -0.151001 -0.9775391 -0.1484375
vn -0.1456299 -0.9711914 -0.1893311
vn -0.1275635 -0.9414063 -0.3125
vn -0.1275635 -0.9414063 -0.3125
vn -0.09863281 -0.8740234 -0.4763184
vn -0.09863281 -0.8740234 -0.4763184
vn -0.08129883 -0.8242188 -0.5600586
vn -0.4177246 -0.7402344 -0.5263672
vn -0.3728027 -0.7026367 -0.605957
vn -0.4177246 -0.7402344 -0.5263672
vn -0.4885254 -0.7905273 -0.3693848
vn -0.4885254 -0.7905273 -0.3693848
vn -0.5004883 -0.7973633 -0.3381348
vn -0.4919434 -0.7924805 -0.3605957
vn -0.4645996 -0.7753906 -0.4277344
vn -0.4645996 -0.7753906 -0.4277344
vn 0.7490234 -0.6069336 -0.2651367
vn 0.7548828 -0.6083984 -0.2454834
vn 0.7490234 -0.6069336 -0.2651367
vn 0.753418 -0.6083984 -0.2493896
vn 0.7304688 -0.6020508 -0.3227539
vn 0.7304688 -0.6020508 -0.3227539
vn 0.659668 -0.5737305 -0.4853516
vn 0.659668 -0.5737305 -0.4853516
vn 0.6113281 -0.550293 -0.5683594
vn 0.7729492 -0.01976013 -0.6342773
vn 0.8813477 0.03289795 -0.4711914
vn 0.7729492 -0.01976013 -0.6342773
vn 0.8564453 0.01921082 -0.5161133
vn 0.8945313 0.0406189 -0.4453125
vn 0.8945313 0.0406189 -0.4453125
vn 0.8046875 -0.00585556 -0.59375
vn 0.8046875 -0.00585556 -0.59375
vn 0.7441406 -0.03146362 -0.6674805
vn -0.5976563 -0.2590332 -0.7587891
vn -0.7431641 -0.2509766 -0.6201172
vn -0.5976563 -0.2590332 -0.7587891
vn -0.7836914 -0.24646 -0.5703125
vn -0.8271484 -0.239502 -0.5083008
vn -0.8271484 -0.239502 -0.5083008
vn -0.7172852 -0.253418 -0.6489258
vn -0.7172852 -0.253418 -0.6494141
vn -0.6464844 -0.2575684 -0.7182617
vn 0.1972656 -0.9707031 -0.1364746
vn 0.1972656 -0.965332 -0.1696777
vn 0.1972656 -0.9707031 -0.1364746
vn 0.1971436 -0.965332 -0.1715088
vn 0.1949463 -0.9365234 -0.2905273
vn 0.1949463 -0.9365234 -0.2905273
vn 0.1864014 -0.8696289 -0.4570313
vn 0.1864014 -0.8696289 -0.4570313
vn 0.1790771 -0.8208008 -0.5424805
vn -0.7988281 0.1501465 -0.5825195
vn -0.7451172 0.1141357 -0.6572266
vn -0.7988281 0.1501465 -0.5825195
vn -0.784668 0.3310547 -0.5244141
vn -0.7807617 0.3400879 -0.5239258
vn -0.734375 0.4821777 -0.4780273
vn -0.8110352 0.4709473 -0.3469238
vn -0.8325195 0.4648438 -0.3015137
vn -0.8325195 0.4648438 -0.3015137
vn -0.3457031 -0.9355469 -0.07318115
vn -0.3464355 -0.9272461 -0.1418457
vn -0.3457031 -0.9355469 -0.07318115
vn -0.3464355 -0.9277344 -0.1397705
vn -0.342041 -0.8925781 -0.2941895
vn -0.342041 -0.8925781 -0.2941895
vn -0.326416 -0.8256836 -0.4602051
vn -0.326416 -0.8256836 -0.4602051
vn -0.3134766 -0.7773438 -0.5454102
vn 0.5166016 -0.8305664 -0.208252
vn 0.546875 -0.7373047 -0.3969727
vn 0.5166016 -0.8305664 -0.208252
vn 0.5263672 -0.8110352 -0.255127
vn 0.4230957 -0.7822266 -0.4575195
vn 0.4299316 -0.7788086 -0.456543
vn 0.2644043 -0.8017578 -0.5361328
vn 0.2644043 -0.8017578 -0.5361328
vn 0.2264404 -0.7553711 -0.6147461
vn -0.8691406 -0.4819336 -0.1105957
vn -0.859375 -0.4831543 -0.1668701
vn -0.8691406 -0.4819336 -0.1105957
vn -0.8588867 -0.4831543 -0.1704102
vn -0.8203125 -0.479248 -0.3125
vn -0.8203125 -0.479248 -0.3125
vn -0.7490234 -0.4604492 -0.4763184
vn -0.7490234 -0.4604492 -0.4763184
vn -0.699707 -0.4436035 -0.5600586
vn -0.8408203 -0.1269531 -0.5263672
vn -0.7832031 -0.1390381 -0.605957
vn -0.8408203 -0.1269531 -0.5263672
vn -0.9238281 -0.1019287 -0.3693848
vn -0.9238281 -0.1019287 -0.3693848
vn -0.9560547 -0.08709717 -0.2792969
vn -0.956543 -0.08703613 -0.2790527
vn -0.9570313 -0.08660889 -0.2766113
vn -0.9570313 -0.08660889 -0.2766113
vn -0.004085541 -0.9863281 -0.1639404
vn -0.00894165 -0.9794922 -0.2021484
vn -0.004085541 -0.9863281 -0.1639404
vn -0.00844574 -0.9799805 -0.1982422
vn -0.02444458 -0.9462891 -0.3227539
vn -0.02444458 -0.9462891 -0.3227539
vn -0.0458374 -0.8730469 -0.4853516
vn -0.0458374 -0.8730469 -0.4853516
vn -0.05700684 -0.8208008 -0.5683594
vn 0.5830078 -0.6796875 -0.4450684
vn 0.6069336 -0.6879883 -0.3977051
vn 0.5830078 -0.6796875 -0.4450684
vn 0.6030273 -0.6870117 -0.4052734
vn 0.5830078 -0.6796875 -0.4453125
vn 0.5830078 -0.6796875 -0.4453125
vn 0.4909668 -0.6376953 -0.59375
vn 0.4909668 -0.6376953 -0.59375
vn 0.4333496 -0.6054688 -0.6674805
vn -0.6772461 0.4665527 -0.5688477
vn -0.699707 0.5073242 -0.5024414
vn -0.6772461 0.4665527 -0.5688477
vn -0.7036133 0.5146484 -0.4902344
vn -0.6982422 0.5043945 -0.5083008
vn -0.6982422 0.5043945 -0.5083008
vn -0.6416016 0.4089355 -0.6494141
vn -0.6416016 0.4089355 -0.6494141
vn -0.6010742 0.3505859 -0.7182617
vn -0.6484375 -0.7568359 -0.08221436
vn -0.6425781 -0.7529297 -0.1430664
vn -0.6484375 -0.7568359 -0.08221436
vn -0.6425781 -0.7524414 -0.1446533
vn -0.6176758 -0.7304688 -0.2905273
vn -0.6176758 -0.7304688 -0.2905273
vn -0.5703125 -0.6826172 -0.4570313
vn -0.5703125 -0.6826172 -0.4570313
vn -0.5361328 -0.6464844 -0.5424805
vn -0.7958984 -0.1643066 -0.5825195
vn -0.7324219 -0.177124 -0.6572266
vn -0.7958984 -0.1643066 -0.5825195
vn -0.8911133 -0.1369629 -0.4326172
vn -0.8911133 -0.1369629 -0.4326172
vn -0.9038086 -0.1320801 -0.4072266
vn -0.8955078 -0.1352539 -0.4238281
vn -0.859375 -0.1474609 -0.4892578
vn -0.859375 -0.1474609 -0.4892578
vn 0.03302002 -0.9931641 -0.1115112
vn 0.0302124 -0.9863281 -0.1617432
vn 0.03302002 -0.9931641 -0.1115112
vn 0.03038025 -0.9868164 -0.1586914
vn 0.02230835 -0.9555664 -0.2941895
vn 0.02230835 -0.9555664 -0.2941895
vn 0.01128387 -0.8876953 -0.4602051
vn 0.01128387 -0.8876953 -0.4602051
vn 0.0050354 -0.8378906 -0.5454102
vn 0.6396484 -0.6796875 -0.3591309
vn 0.6552734 -0.684082 -0.3203125
vn 0.6396484 -0.6796875 -0.3591309
vn 0.6523438 -0.6835938 -0.3276367
vn 0.6303711 -0.6767578 -0.380127
vn 0.6303711 -0.6767578 -0.380127
vn 0.5488281 -0.6416016 -0.5361328
vn 0.5488281 -0.6416016 -0.5361328
vn 0.4960938 -0.6132813 -0.6147461
vn -0.6118164 -0.7729492 -0.1672363
vn -0.6064453 -0.7709961 -0.1945801
vn -0.6118164 -0.7729492 -0.1672363
vn -0.6054688 -0.7705078 -0.1981201
vn -0.5771484 -0.7548828 -0.3125
vn -0.5771484 -0.7548828 -0.3125
vn -0.5185547 -0.7104492 -0.4763184
vn -0.5185547 -0.7104492 -0.4763184
vn -0.4787598 -0.6757813 -0.5600586
vn -0.7294922 -0.4365234 -0.5263672
vn -0.671875 -0.4257813 -0.605957
vn -0.7294922 -0.4365234 -0.5263672
vn -0.815918 -0.4448242 -0.3693848
vn -0.815918 -0.4448242 -0.3693848
vn -0.8173828 -0.4448242 -0.3659668
vn -0.7958984 -0.4440918 -0.4116211
vn -0.7373047 -0.4377441 -0.5141602
vn -0.7373047 -0.4377441 -0.5141602
vn 0.3344727 -0.8823242 -0.3305664
vn 0.3493652 -0.8974609 -0.2687988
vn 0.3344727 -0.8823242 -0.3305664
vn 0.3457031 -0.894043 -0.2841797
vn 0.3364258 -0.8847656 -0.3227539
vn 0.3364258 -0.8847656 -0.3227539
vn 0.2888184 -0.8251953 -0.4853516
vn 0.2888184 -0.8251953 -0.4853516
vn 0.2587891 -0.7807617 -0.5683594
vn 0.574707 -0.3867188 -0.7211914
vn 0.7626953 -0.4077148 -0.5019531
vn 0.574707 -0.3867188 -0.7211914
vn 0.7119141 -0.4050293 -0.5737305
vn 0.7973633 -0.4077148 -0.4453125
vn 0.7973633 -0.4077148 -0.4453125
vn 0.6962891 -0.4035645 -0.59375
vn 0.6962891 -0.4035645 -0.59375
vn 0.6308594 -0.395752 -0.6674805
vn -0.5561523 0.01931763 -0.8310547
vn -0.7290039 0.1218872 -0.6733398
vn -0.5561523 0.01931763 -0.8310547
vn -0.7827148 0.1589355 -0.6015625
vn -0.8374023 0.2015381 -0.5083008
vn -0.8374023 0.2015381 -0.5083008
vn -0.7485352 0.1348877 -0.6494141
vn -0.7485352 0.1348877 -0.6494141
vn -0.6889648 0.09625244 -0.7182617
vn -0.3063965 -0.9360352 -0.1738281
vn -0.3051758 -0.9335938 -0.1873779
vn -0.3063965 -0.9360352 -0.1738281
vn -0.3051758 -0.9335938 -0.1883545
vn -0.2944336 -0.9101563 -0.2905273
vn -0.2944336 -0.9101563 -0.2905273
vn -0.2687988 -0.8481445 -0.4570313
vn -0.2687988 -0.8481445 -0.4570313
vn -0.2507324 -0.8017578 -0.5424805
vn -0.8110352 -0.05325317 -0.5825195
vn -0.75 -0.07470703 -0.6572266
vn -0.8110352 -0.05325317 -0.5825195
vn -0.8422852 0.1256104 -0.5244141
vn -0.8408203 0.135376 -0.5239258
vn -0.8310547 0.2844238 -0.4780273
vn -0.902832 0.2546387 -0.3469238
vn -0.921875 0.2432861 -0.3015137
vn -0.921875 0.2432861 -0.3015137
vn -0.1022949 -0.9921875 -0.07318115
vn -0.1049805 -0.984375 -0.1418457
vn -0.1022949 -0.9921875 -0.07318115
vn -0.1049194 -0.984375 -0.1397705
vn -0.1092529 -0.9492188 -0.2941895
vn -0.1092529 -0.9492188 -0.2941895
vn -0.1109009 -0.8808594 -0.4602051
vn -0.1109009 -0.8808594 -0.4602051
vn -0.1102295 -0.8310547 -0.5454102
vn 0.7070313 -0.6757813 -0.208252
vn 0.7128906 -0.578125 -0.3969727
vn 0.7070313 -0.6757813 -0.208252
vn 0.7114258 -0.6547852 -0.255127
vn 0.6044922 -0.6523438 -0.4575195
vn 0.6103516 -0.6474609 -0.456543
vn 0.4553223 -0.7109375 -0.5361328
vn 0.4553223 -0.7109375 -0.5361328
vn 0.4072266 -0.675293 -0.6147461
vn -0.722168 -0.6826172 -0.1105957
vn -0.7124023 -0.6816406 -0.1668701
vn -0.722168 -0.6826172 -0.1105957
vn -0.7114258 -0.6816406 -0.1704102
vn -0.675293 -0.6679688 -0.3125
vn -0.675293 -0.6679688 -0.3125
vn -0.6113281 -0.6323242 -0.4763184
vn -0.6113281 -0.6323242 -0.4763184
vn -0.5673828 -0.6035156 -0.5600586
vn -0.7827148 -0.3320313 -0.5263672
vn -0.7241211 -0.3293457 -0.605957
vn -0.7827148 -0.3320313 -0.5263672
vn -0.8691406 -0.3283691 -0.3693848
vn -0.8691406 -0.3283691 -0.3693848
vn -0.9042969 -0.3220215 -0.2792969
vn -0.9047852 -0.3220215 -0.2790527
vn -0.9052734 -0.3220215 -0.2766113
vn -0.9052734 -0.3220215 -0.2766113
vn 0.241333 -0.956543 -0.1639404
vn 0.2348633 -0.9506836 -0.2021484
vn 0.241333 -0.956543 -0.1639404
vn 0.2355957 -0.9516602 -0.1982422
vn 0.2115479 -0.9223633 -0.3227539
vn 0.2115479 -0.9223633 -0.3227539
vn 0.1727295 -0.8569336 -0.4853516
vn 0.1727295 -0.8569336 -0.4853516
vn 0.1488037 -0.809082 -0.5683594
vn 0.7338867 -0.5131836 -0.4450684
vn 0.7587891 -0.515625 -0.3977051
vn 0.7338867 -0.5131836 -0.4450684
vn 0.7553711 -0.5151367 -0.4052734
vn 0.7333984 -0.5131836 -0.4453125
vn 0.7333984 -0.5131836 -0.4453125
vn 0.6342773 -0.4953613 -0.59375
vn 0.6342773 -0.4953613 -0.59375
vn 0.5703125 -0.4787598 -0.6674805
vn -0.7719727 0.2834473 -0.5688477
vn -0.8041992 0.317627 -0.5024414
vn -0.7719727 0.2834473 -0.5688477
vn -0.809082 0.3234863 -0.4902344
vn -0.8017578 0.3146973 -0.5083008
vn -0.8017578 0.3146973 -0.5083008
vn -0.7231445 0.2365723 -0.6494141
vn -0.7231445 0.2365723 -0.6494141
vn -0.6694336 0.1900635 -0.7182617
vn -0.4396973 -0.8945313 -0.08221436
vn -0.4350586 -0.8886719 -0.1430664
vn -0.4396973 -0.8945313 -0.08221436
vn -0.4350586 -0.8886719 -0.1446533
vn -0.416748 -0.8613281 -0.2905273
vn -0.416748 -0.8613281 -0.2905273
vn -0.3828125 -0.8027344 -0.4570313
vn -0.3828125 -0.8027344 -0.4570313
vn -0.3586426 -0.7597656 -0.5424805
vn -0.8110352 -0.05325317 -0.5825195
vn -0.75 -0.07470703 -0.6572266
vn -0.8110352 -0.05325317 -0.5825195
vn -0.847168 0.1170044 -0.5185547
vn -0.8461914 0.1253662 -0.5180664
vn -0.8432617 0.2661133 -0.4672852
vn -0.9091797 0.2397461 -0.3405762
vn -0.9277344 0.229248 -0.2939453
vn -0.9277344 0.229248 -0.2939453
vn -0.1021729 -0.9921875 -0.07025146
vn -0.1049194 -0.984375 -0.1401367
vn -0.1021729 -0.9921875 -0.07025146
vn -0.1048584 -0.9848633 -0.1383057
vn -0.1092529 -0.9492188 -0.2941895
vn -0.1092529 -0.9492188 -0.2941895
vn -0.1108398 -0.8808594 -0.4602051
vn -0.1108398 -0.8808594 -0.4602051
vn -0.1102295 -0.8310547 -0.5454102
vn 0.7006836 -0.684082 -0.2030029
vn 0.7050781 -0.5942383 -0.3869629
vn 0.7006836 -0.684082 -0.2030029
vn 0.7045898 -0.6635742 -0.2509766
vn 0.6000977 -0.659668 -0.4526367
vn 0.6054688 -0.6552734 -0.4516602
vn 0.4553223 -0.7109375 -0.5361328
vn 0.4553223 -0.7109375 -0.5361328
vn 0.4072266 -0.675293 -0.6147461
vn -0.7226563 -0.6826172 -0.1061401
vn -0.7128906 -0.6816406 -0.1647949
vn -0.7226563 -0.6826172 -0.1061401
vn -0.7119141 -0.6816406 -0.1680908
vn -0.675293 -0.6679688 -0.3125
vn -0.675293 -0.6679688 -0.3125
vn -0.6113281 -0.6323242 -0.4760742
vn -0.6113281 -0.6323242 -0.4760742
vn -0.5673828 -0.6035156 -0.5600586
vn -0.7827148 -0.3320313 -0.5263672
vn -0.7241211 -0.3293457 -0.605957
vn -0.7827148 -0.3320313 -0.5263672
vn -0.8691406 -0.3283691 -0.3693848
vn -0.8691406 -0.3283691 -0.3693848
vn -0.9067383 -0.3215332 -0.2724609
vn -0.9072266 -0.3215332 -0.2709961
vn -0.9106445 -0.3205566 -0.2612305
vn -0.9106445 -0.3205566 -0.2612305
vn 0.2429199 -0.9575195 -0.1541748
vn 0.2357178 -0.9516602 -0.1973877
vn 0.2429199 -0.9575195 -0.1541748
vn 0.2363281 -0.9521484 -0.1934814
vn 0.2115479 -0.9223633 -0.3227539
vn 0.2115479 -0.9223633 -0.3227539
vn 0.1727295 -0.8569336 -0.4853516
vn 0.1727295 -0.8569336 -0.4853516
vn 0.1489258 -0.809082 -0.5683594
vn 0.7456055 -0.5146484 -0.4230957
vn 0.7636719 -0.515625 -0.3884277
vn 0.7456055 -0.5146484 -0.4230957
vn 0.7612305 -0.515625 -0.3933105
vn 0.7333984 -0.5131836 -0.4453125
vn 0.7333984 -0.5131836 -0.4453125
vn 0.6342773 -0.4953613 -0.59375
vn 0.6342773 -0.4953613 -0.59375
vn 0.5703125 -0.4787598 -0.6674805
vn -0.784668 0.2966309 -0.5439453
vn -0.8100586 0.3242188 -0.4885254
vn -0.784668 0.2966309 -0.5439453
vn -0.8139648 0.3286133 -0.4794922
vn -0.8017578 0.3146973 -0.5083008
vn -0.8017578 0.3146973 -0.5083008
vn -0.7231445 0.2365723 -0.6494141
vn -0.7231445 0.2365723 -0.6494141
vn -0.6694336 0.1900635 -0.7182617
vn -0.4401855 -0.8945313 -0.07720947
vn -0.4353027 -0.8891602 -0.1405029
vn -0.4401855 -0.8945313 -0.07720947
vn -0.4353027 -0.8891602 -0.1419678
vn -0.416748 -0.8613281 -0.2905273
vn -0.416748 -0.8613281 -0.2905273
vn -0.3828125 -0.8027344 -0.4570313
vn -0.3828125 -0.8027344 -0.4570313
vn -0.3586426 -0.7597656 -0.5424805
vn 0.7163086 -0.3840332 -0.5825195
vn 0.7163086 -0.3840332 -0.5825195
vn 0.6518555 -0.378418 -0.6572266
vn 0.8193359 -0.2434082 -0.519043
vn 0.8217773 -0.2352295 -0.5185547
vn 0.8774414 -0.1051025 -0.4680176
vn 0.9267578 -0.1568604 -0.3410645
vn 0.9394531 -0.1743164 -0.2944336
vn 0.9394531 -0.1743164 -0.2944336
vn -0.317627 -0.9458008 -0.07043457
vn -0.317627 -0.9458008 -0.07043457
vn -0.3120117 -0.9399414 -0.1402588
vn -0.3120117 -0.9399414 -0.1384277
vn -0.293457 -0.909668 -0.2941895
vn -0.293457 -0.909668 -0.2941895
vn -0.2636719 -0.8476563 -0.4602051
vn -0.2636719 -0.8476563 -0.4602051
vn -0.2434082 -0.8017578 -0.5454102
vn -0.9208984 -0.3320313 -0.2033691
vn -0.9208984 -0.3320313 -0.2033691
vn -0.8876953 -0.2481689 -0.3874512
vn -0.9165039 -0.3120117 -0.2512207
vn -0.8193359 -0.3515625 -0.4528809
vn -0.8222656 -0.3457031 -0.4519043
vn -0.7089844 -0.4587402 -0.5361328
vn -0.7089844 -0.4587402 -0.5361328
vn -0.6503906 -0.4465332 -0.6147461
vn 0.3754883 -0.9208984 -0.1064453
vn 0.3754883 -0.9208984 -0.1064453
vn 0.3666992 -0.9155273 -0.164917
vn 0.3662109 -0.9150391 -0.1682129
vn 0.3381348 -0.8876953 -0.3125
vn 0.3381348 -0.8876953 -0.3125
vn 0.2946777 -0.8286133 -0.4763184
vn 0.2946777 -0.8286133 -0.4763184
vn 0.2666016 -0.7841797 -0.5600586
vn 0.5751953 -0.6259766 -0.5263672
vn 0.5751953 -0.6259766 -0.5263672
vn 0.5229492 -0.5996094 -0.605957
vn 0.6552734 -0.6586914 -0.3693848
vn 0.6552734 -0.6586914 -0.3693848
vn 0.6923828 -0.6679688 -0.2729492
vn 0.6928711 -0.6679688 -0.2714844
vn 0.6958008 -0.668457 -0.262207
vn 0.6958008 -0.668457 -0.262207
vn -0.6171875 -0.7714844 -0.1547852
vn -0.6171875 -0.7714844 -0.1547852
vn -0.6083984 -0.7685547 -0.1977539
vn -0.609375 -0.769043 -0.1937256
vn -0.5742188 -0.7524414 -0.3227539
vn -0.5742188 -0.7524414 -0.3227539
vn -0.5117188 -0.7089844 -0.4853516
vn -0.5117188 -0.7089844 -0.4853516
vn -0.470459 -0.6748047 -0.5683594
vn -0.8911133 -0.1600342 -0.4245605
vn -0.8911133 -0.1600342 -0.4245605
vn -0.9082031 -0.1536865 -0.388916
vn -0.9057617 -0.154541 -0.394043
vn -0.8803711 -0.1638184 -0.4453125
vn -0.8803711 -0.1638184 -0.4453125
vn -0.7822266 -0.1885986 -0.59375
vn -0.7822266 -0.1885986 -0.59375
vn -0.7172852 -0.199707 -0.6674805
vn 0.8364258 -0.05517578 -0.5454102
vn 0.8364258 -0.05517578 -0.5454102
vn 0.8710938 -0.04031372 -0.489502
vn 0.8764648 -0.03787231 -0.4802246
vn 0.8603516 -0.04519653 -0.5083008
vn 0.8603516 -0.04519653 -0.5083008
vn 0.7558594 -0.08380127 -0.6489258
vn 0.7558594 -0.08380127 -0.6494141
vn 0.6879883 -0.1040039 -0.7182617
vn 0.03039551 -0.996582 -0.07751465
vn 0.03039551 -0.996582 -0.07751465
vn 0.02839661 -0.9897461 -0.140625
vn 0.02833557 -0.9892578 -0.1420898
vn 0.02305603 -0.956543 -0.2905273
vn 0.02305603 -0.956543 -0.2905273
vn 0.01615906 -0.8891602 -0.4570313
vn 0.01615906 -0.8891602 -0.4570313
vn 0.01211548 -0.8398438 -0.5424805
vn -0.6103516 -0.5371094 -0.5825195
vn -0.5488281 -0.5166016 -0.6572266
vn -0.6103516 -0.5371094 -0.5825195
vn -0.706543 -0.5600586 -0.4326172
vn -0.706543 -0.5600586 -0.4326172
vn -0.7285156 -0.5634766 -0.3896484
vn -0.7236328 -0.5629883 -0.3994141
vn -0.699707 -0.559082 -0.4450684
vn -0.699707 -0.559082 -0.4450684
vn 0.5219727 -0.847168 -0.09875488
vn 0.515625 -0.8427734 -0.1552734
vn 0.5219727 -0.847168 -0.09875488
vn 0.515625 -0.8427734 -0.1524658
vn 0.4924316 -0.8188477 -0.2941895
vn 0.4924316 -0.8188477 -0.2941895
vn 0.4494629 -0.765625 -0.4602051
vn 0.4494629 -0.765625 -0.4602051
vn 0.4194336 -0.7255859 -0.5454102
vn 0.9067383 -0.2702637 -0.322998
vn 0.9135742 -0.2685547 -0.3056641
vn 0.9067383 -0.2702637 -0.322998
vn 0.9125977 -0.2687988 -0.3083496
vn 0.8828125 -0.2758789 -0.380127
vn 0.8828125 -0.2758789 -0.380127
vn 0.7944336 -0.2854004 -0.5361328
vn 0.7944336 -0.2854004 -0.5361328
vn 0.7348633 -0.2868652 -0.6147461
vn -0.151001 -0.9775391 -0.1485596
vn -0.1462402 -0.9716797 -0.1853027
vn -0.151001 -0.9775391 -0.1485596
vn -0.1456299 -0.9711914 -0.1893311
vn -0.1275635 -0.9414063 -0.3125
vn -0.1275635 -0.9414063 -0.3125
vn -0.09863281 -0.8740234 -0.4763184
vn -0.09863281 -0.8740234 -0.4763184
vn -0.08129883 -0.8242188 -0.5600586
vn -0.4177246 -0.7402344 -0.5263672
vn -0.3728027 -0.7026367 -0.605957
vn -0.4177246 -0.7402344 -0.5263672
vn -0.4885254 -0.7905273 -0.3693848
vn -0.4885254 -0.7905273 -0.3693848
vn -0.5004883 -0.7973633 -0.3381348
vn -0.4919434 -0.7924805 -0.3605957
vn -0.4645996 -0.7753906 -0.4277344
vn -0.4645996 -0.7753906 -0.4277344
vn 0.7490234 -0.6069336 -0.2651367
vn 0.7548828 -0.6083984 -0.2454834
vn 0.7490234 -0.6069336 -0.2651367
vn 0.753418 -0.6083984 -0.2493896
vn 0.7304688 -0.6020508 -0.3227539
vn 0.7304688 -0.6020508 -0.3227539
vn 0.659668 -0.5737305 -0.4853516
vn 0.659668 -0.5737305 -0.4853516
vn 0.6113281 -0.550293 -0.5683594
vn 0.7729492 -0.01976013 -0.6342773
vn 0.8813477 0.03289795 -0.4711914
vn 0.7729492 -0.01976013 -0.6342773
vn 0.8564453 0.01921082 -0.5161133
vn 0.8945313 0.0406189 -0.4453125
vn 0.8945313 0.0406189 -0.4453125
vn 0.8046875 -0.005847931 -0.59375
vn 0.8046875 -0.005847931 -0.59375
vn 0.7441406 -0.03143311 -0.6674805
vn -0.5976563 -0.2590332 -0.7587891
vn -0.7431641 -0.2509766 -0.6201172
vn -0.5976563 -0.2590332 -0.7587891
vn -0.7836914 -0.24646 -0.5703125
vn -0.8271484 -0.239502 -0.5083008
vn -0.8271484 -0.239502 -0.5083008
vn -0.7172852 -0.253418 -0.6494141
vn -0.7172852 -0.253418 -0.6494141
vn -0.6464844 -0.2575684 -0.7182617
vn 0.1972656 -0.9707031 -0.1363525
vn 0.1972656 -0.965332 -0.1696777
vn 0.1972656 -0.9707031 -0.1363525
vn 0.1971436 -0.965332 -0.1715088
vn 0.1949463 -0.9365234 -0.2905273
vn 0.1949463 -0.9365234 -0.2905273
vn 0.1864014 -0.8696289 -0.4570313
vn 0.1864014 -0.8696289 -0.4570313
vn 0.1790771 -0.8208008 -0.5424805
vn -0.8115234 -0.04598999 -0.5825195
vn -0.7504883 -0.06799316 -0.6572266
vn -0.8115234 -0.04598999 -0.5825195
vn -0.8413086 0.1330566 -0.5244141
vn -0.8393555 0.1428223 -0.5239258
vn -0.8286133 0.291748 -0.4780273
vn -0.9003906 0.2626953 -0.3469238
vn -0.9199219 0.2514648 -0.3015137
vn -0.9199219 0.2514648 -0.3015137
vn -0.111145 -0.9912109 -0.07318115
vn -0.1137695 -0.9833984 -0.1418457
vn -0.111145 -0.9912109 -0.07318115
vn -0.1137085 -0.9833984 -0.1397705
vn -0.1177368 -0.9482422 -0.2941895
vn -0.1177368 -0.9482422 -0.2941895
vn -0.1187744 -0.8798828 -0.4602051
vn -0.1187744 -0.8798828 -0.4602051
vn -0.1176758 -0.8295898 -0.5454102
vn 0.7011719 -0.6821289 -0.208252
vn 0.7075195 -0.5844727 -0.3969727
vn 0.7011719 -0.6821289 -0.208252
vn 0.7055664 -0.6611328 -0.255127
vn 0.5986328 -0.6577148 -0.4575195
vn 0.6044922 -0.652832 -0.456543
vn 0.4489746 -0.7148438 -0.5361328
vn 0.4489746 -0.7148438 -0.5361328
vn 0.401123 -0.6791992 -0.6147461
vn -0.7280273 -0.6762695 -0.1105957
vn -0.7182617 -0.675293 -0.1668701
vn -0.7280273 -0.6762695 -0.1105957
vn -0.7177734 -0.675293 -0.1704102
vn -0.6811523 -0.6621094 -0.3125
vn -0.6811523 -0.6621094 -0.3125
vn -0.6166992 -0.6269531 -0.4760742
vn -0.6166992 -0.6269531 -0.4760742
vn -0.5727539 -0.5986328 -0.5600586
vn -0.7856445 -0.3249512 -0.5263672
vn -0.7270508 -0.3227539 -0.605957
vn -0.7856445 -0.3249512 -0.5263672
vn -0.8720703 -0.3205566 -0.3693848
vn -0.8720703 -0.3205566 -0.3693848
vn -0.9072266 -0.3139648 -0.2792969
vn -0.9077148 -0.3139648 -0.2790527
vn -0.9082031 -0.3137207 -0.2766113
vn -0.9082031 -0.3137207 -0.2766113
vn 0.2327881 -0.9584961 -0.1639404
vn 0.2263184 -0.9526367 -0.2021484
vn 0.2327881 -0.9584961 -0.1639404
vn 0.2270508 -0.9536133 -0.1982422
vn 0.2033691 -0.9243164 -0.3227539
vn 0.2033691 -0.9243164 -0.3227539
vn 0.1650391 -0.8583984 -0.4853516
vn 0.1650391 -0.8583984 -0.4853516
vn 0.1416016 -0.8105469 -0.5683594
vn 0.7290039 -0.5200195 -0.4450684
vn 0.7543945 -0.5224609 -0.3977051
vn 0.7290039 -0.5200195 -0.4450684
vn 0.7504883 -0.5219727 -0.4052734
vn 0.7290039 -0.5200195 -0.4453125
vn 0.7290039 -0.5200195 -0.4453125
vn 0.6298828 -0.5009766 -0.59375
vn 0.6298828 -0.5009766 -0.59375
vn 0.565918 -0.4838867 -0.6674805
vn -0.7695313 0.2902832 -0.5688477
vn -0.8012695 0.324707 -0.5024414
vn -0.7695313 0.2902832 -0.5688477
vn -0.8066406 0.3305664 -0.4902344
vn -0.7988281 0.3220215 -0.5083008
vn -0.7988281 0.3220215 -0.5083008
vn -0.7207031 0.243042 -0.6494141
vn -0.7207031 0.243042 -0.6494141
vn -0.6674805 0.1960449 -0.7182617
vn -0.4477539 -0.8901367 -0.08221436
vn -0.4431152 -0.8847656 -0.1430664
vn -0.4477539 -0.8901367 -0.08221436
vn -0.4428711 -0.8847656 -0.1446533
vn -0.4245605 -0.8574219 -0.2905273
vn -0.4245605 -0.8574219 -0.2905273
vn -0.3898926 -0.7993164 -0.4570313
vn -0.3898926 -0.7993164 -0.4570313
vn -0.3654785 -0.7563477 -0.5424805
vn -0.6894531 -0.4304199 -0.5825195
vn -0.6254883 -0.4204102 -0.6572266
vn -0.6894531 -0.4304199 -0.5825195
vn -0.8017578 -0.298584 -0.5180664
vn -0.8046875 -0.2907715 -0.5175781
vn -0.8691406 -0.166626 -0.4658203
vn -0.9140625 -0.2203369 -0.3398438
vn -0.9257813 -0.2385254 -0.2932129
vn -0.9257813 -0.2385254 -0.2932129
vn 0.3791504 -0.9228516 -0.06988525
vn 0.3730469 -0.9169922 -0.1400146
vn 0.3791504 -0.9228516 -0.06988525
vn 0.373291 -0.9174805 -0.1381836
vn 0.3525391 -0.8881836 -0.2941895
vn 0.3525391 -0.8881836 -0.2941895
vn 0.3188477 -0.8286133 -0.4602051
vn 0.3188477 -0.8286133 -0.4602051
vn 0.2956543 -0.7841797 -0.5454102
vn 0.9404297 -0.2727051 -0.2023926
vn 0.9023438 -0.192627 -0.3857422
vn 0.9404297 -0.2727051 -0.2023926
vn 0.9345703 -0.2531738 -0.2504883
vn 0.8408203 -0.2983398 -0.4521484
vn 0.8432617 -0.2924805 -0.4509277
vn 0.7373047 -0.4111328 -0.5361328
vn 0.7373047 -0.4111328 -0.5361328
vn 0.6782227 -0.4025879 -0.6147461
vn -0.314209 -0.9433594 -0.1056519
vn -0.3056641 -0.9379883 -0.1645508
vn -0.314209 -0.9433594 -0.1056519
vn -0.3051758 -0.9375 -0.1677246
vn -0.2790527 -0.9082031 -0.3125
vn -0.2790527 -0.9082031 -0.3125
vn -0.239502 -0.8461914 -0.4763184
vn -0.239502 -0.8461914 -0.4763184
vn -0.2143555 -0.800293 -0.5600586
vn -0.5327148 -0.6625977 -0.5263672
vn -0.4821777 -0.6323242 -0.605957
vn -0.5327148 -0.6625977 -0.5263672
vn -0.6108398 -0.7006836 -0.3693848
vn -0.6108398 -0.7006836 -0.3693848
vn -0.6474609 -0.7119141 -0.2717285
vn -0.6479492 -0.7124023 -0.2702637
vn -0.6513672 -0.7128906 -0.2592773
vn -0.6513672 -0.7128906 -0.2592773
vn 0.6669922 -0.7290039 -0.1530762
vn 0.6577148 -0.7270508 -0.1968994
vn 0.6669922 -0.7290039 -0.1530762
vn 0.6586914 -0.7275391 -0.1928711
vn 0.6225586 -0.7128906 -0.3227539
vn 0.6225586 -0.7128906 -0.3227539
vn 0.5576172 -0.6733398 -0.4853516
vn 0.5576172 -0.6733398 -0.4853516
vn 0.5136719 -0.6425781 -0.5683594
vn 0.9018555 -0.1002808 -0.4204102
vn 0.9169922 -0.09326172 -0.387207
vn 0.9018555 -0.1002808 -0.4204102
vn 0.9150391 -0.09423828 -0.3920898
vn 0.8891602 -0.1055298 -0.4453125
vn 0.8891602 -0.1055298 -0.4453125
vn 0.7929688 -0.1367188 -0.59375
vn 0.7929688 -0.1367188 -0.59375
vn 0.7290039 -0.1520996 -0.6674805
vn -0.8339844 -0.1090088 -0.5410156
vn -0.8681641 -0.09692383 -0.4870605
vn -0.8339844 -0.1090088 -0.5410156
vn -0.8730469 -0.0949707 -0.4782715
vn -0.8554688 -0.1016235 -0.5083008
vn -0.8554688 -0.1016235 -0.5083008
vn -0.7490234 -0.1333008 -0.6489258
vn -0.7490234 -0.1333008 -0.6489258
vn -0.6796875 -0.1490479 -0.7182617
vn 0.03515625 -0.996582 -0.07659912
vn 0.03674316 -0.9892578 -0.1402588
vn 0.03515625 -0.996582 -0.07659912
vn 0.03677368 -0.9892578 -0.1416016
vn 0.03988647 -0.9560547 -0.2905273
vn 0.03988647 -0.9560547 -0.2905273
vn 0.0423584 -0.8886719 -0.4570313
vn 0.0423584 -0.8886719 -0.4570313
vn 0.04315186 -0.8388672 -0.5424805
vn -0.4226074 -0.6943359 -0.5825195
vn -0.369873 -0.6567383 -0.6572266
vn -0.4226074 -0.6943359 -0.5825195
vn -0.5820313 -0.6269531 -0.5180664
vn -0.5883789 -0.621582 -0.5175781
vn -0.7016602 -0.5390625 -0.4658203
vn -0.7177734 -0.6079102 -0.3398438
vn -0.7202148 -0.6289063 -0.2932129
vn -0.7202148 -0.6289063 -0.2932129
vn 0.753418 -0.6538086 -0.06988525
vn 0.7456055 -0.6518555 -0.1400146
vn 0.753418 -0.6538086 -0.06988525
vn 0.7456055 -0.6518555 -0.1381836
vn 0.7143555 -0.6352539 -0.2941895
vn 0.7143555 -0.6352539 -0.2941895
vn 0.6572266 -0.597168 -0.4602051
vn 0.6572266 -0.597168 -0.4602051
vn 0.6166992 -0.5678711 -0.5454102
vn 0.9628906 0.1790771 -0.2023926
vn 0.8925781 0.2333984 -0.3857422
vn 0.9628906 0.1790771 -0.2023926
vn 0.9487305 0.1937256 -0.2504883
vn 0.8852539 0.111145 -0.4521484
vn 0.8847656 0.1174927 -0.4509277
vn 0.8432617 -0.03588867 -0.5361328
vn 0.8432617 -0.03588867 -0.5361328
vn 0.7866211 -0.05508423 -0.6147461
vn 0.1433105 -0.9838867 -0.1056519
vn 0.1483154 -0.9750977 -0.1645508
vn 0.1433105 -0.9838867 -0.1056519
vn 0.1485596 -0.9746094 -0.1678467
vn 0.1586914 -0.9365234 -0.3125
vn 0.1586914 -0.9365234 -0.3125
vn 0.1661377 -0.8632813 -0.4763184
vn 0.1661377 -0.8632813 -0.4763184
vn 0.1679688 -0.8110352 -0.5600586
vn -0.1782227 -0.8310547 -0.5263672
vn -0.1466064 -0.7817383 -0.605957
vn -0.1782227 -0.8310547 -0.5263672
vn -0.230957 -0.9003906 -0.3693848
vn -0.230957 -0.9003906 -0.3693848
vn -0.2583008 -0.9272461 -0.2717285
vn -0.2587891 -0.9272461 -0.2702637
vn -0.2614746 -0.9296875 -0.2592773
vn -0.2614746 -0.9296875 -0.2592773
vn 0.9233398 -0.3515625 -0.1530762
vn 0.9140625 -0.3540039 -0.1968994
vn 0.9233398 -0.3515625 -0.1530762
vn 0.9150391 -0.3537598 -0.1928711
vn 0.8764648 -0.3571777 -0.3227539
vn 0.8764648 -0.3571777 -0.3227539
vn 0.8007813 -0.3513184 -0.4853516
vn 0.8007813 -0.3513184 -0.4853516
vn 0.7475586 -0.3432617 -0.5683594
vn 0.8505859 0.3154297 -0.4204102
vn 0.8613281 0.3288574 -0.387207
vn 0.8505859 0.3154297 -0.4204102
vn 0.8598633 0.3269043 -0.3920898
vn 0.8417969 0.3051758 -0.4453125
vn 0.8417969 0.3051758 -0.4453125
vn 0.7700195 0.2341309 -0.59375
vn 0.7700195 0.2341309 -0.59375
vn 0.7197266 0.1916504 -0.6674805
vn -0.6958008 -0.472168 -0.5410156
vn -0.7319336 -0.4765625 -0.4870605
vn -0.6958008 -0.472168 -0.5410156
vn -0.7373047 -0.4770508 -0.4782715
vn -0.7182617 -0.4750977 -0.5083008
vn -0.7182617 -0.4750977 -0.5083008
vn -0.6088867 -0.4555664 -0.6494141
vn -0.6088867 -0.4555664 -0.6494141
vn -0.5405273 -0.4384766 -0.7182617
vn 0.4790039 -0.8745117 -0.07659912
vn 0.4772949 -0.8676758 -0.1402588
vn 0.4790039 -0.8745117 -0.07659912
vn 0.4772949 -0.8671875 -0.1416016
vn 0.4650879 -0.8359375 -0.2905273
vn 0.4650879 -0.8359375 -0.2905273
vn 0.4370117 -0.7749023 -0.4570313
vn 0.4370117 -0.7749023 -0.4570313
vn 0.4155273 -0.7299805 -0.5424805
vn -0.1184082 -0.8041992 -0.5825195
vn -0.08459473 -0.7490234 -0.6572266
vn -0.1184082 -0.8041992 -0.5825195
vn -0.2915039 -0.8041992 -0.5180664
vn -0.2993164 -0.8017578 -0.5175781
vn -0.4355469 -0.7700195 -0.4658203
vn -0.4238281 -0.8393555 -0.3398438
vn -0.4177246 -0.8598633 -0.2932129
vn -0.4177246 -0.8598633 -0.2932129
vn 0.9487305 -0.3083496 -0.06988525
vn 0.9404297 -0.3095703 -0.1400146
vn 0.9487305 -0.3083496 -0.06988525
vn 0.940918 -0.3095703 -0.1381836
vn 0.9052734 -0.3063965 -0.2941895
vn 0.9052734 -0.3063965 -0.2941895
vn 0.8378906 -0.293457 -0.4602051
vn 0.8378906 -0.293457 -0.4602051
vn 0.7890625 -0.2824707 -0.5454102
vn 0.8168945 0.5405273 -0.2023926
vn 0.730957 0.5629883 -0.3857422
vn 0.8168945 0.5405273 -0.2023926
vn 0.7978516 0.5483398 -0.2504883
vn 0.7714844 0.4475098 -0.4521484
vn 0.769043 0.453125 -0.4509277
vn 0.7905273 0.2958984 -0.5361328
vn 0.7905273 0.2958984 -0.5361328
vn 0.7460938 0.2561035 -0.6147461
vn 0.515625 -0.8500977 -0.1056519
vn 0.5170898 -0.840332 -0.1645508
vn 0.515625 -0.8500977 -0.1056519
vn 0.5170898 -0.8393555 -0.1678467
vn 0.5112305 -0.8007813 -0.3125
vn 0.5112305 -0.8007813 -0.3125
vn 0.4897461 -0.7304688 -0.4760742
vn 0.4897461 -0.7304688 -0.4760742
vn 0.4709473 -0.6816406 -0.5600586
vn 0.1600342 -0.8349609 -0.5263672
vn 0.1697998 -0.7768555 -0.605957
vn 0.1600342 -0.8349609 -0.5263672
vn 0.1384277 -0.9189453 -0.3693848
vn 0.1384277 -0.9189453 -0.3693848
vn 0.1236572 -0.9545898 -0.2717285
vn 0.1234741 -0.9550781 -0.2702637
vn 0.1217651 -0.9580078 -0.2592773
vn 0.1217651 -0.9580078 -0.2592773
vn 0.9873047 0.03640747 -0.1530762
vn 0.9799805 0.0305481 -0.1968994
vn 0.9873047 0.03640747 -0.1530762
vn 0.980957 0.03108215 -0.1928711
vn 0.9462891 0.01303101 -0.3227539
vn 0.9462891 0.01303101 -0.3227539
vn 0.8740234 -0.01122284 -0.4853516
vn 0.8740234 -0.01122284 -0.4853516
vn 0.8222656 -0.0244751 -0.5683594
vn 0.6601563 0.6225586 -0.4204102
vn 0.6650391 0.6386719 -0.387207
vn 0.6601563 0.6225586 -0.4204102
vn 0.6640625 0.6362305 -0.3920898
vn 0.65625 0.609375 -0.4453125
vn 0.65625 0.609375 -0.4453125
vn 0.6176758 0.515625 -0.59375
vn 0.6176758 0.515625 -0.59375
vn 0.5878906 0.4570313 -0.6674805
vn -0.4567871 -0.7060547 -0.5410156
vn -0.4880371 -0.7241211 -0.4870605
vn -0.4567871 -0.7060547 -0.5410156
vn -0.4929199 -0.7270508 -0.4782715
vn -0.4763184 -0.7177734 -0.5083008
vn -0.4763184 -0.7177734 -0.5083008
vn -0.3833008 -0.6572266 -0.6489258
vn -0.3833008 -0.6572266 -0.6489258
vn -0.326416 -0.6147461 -0.7182617
vn 0.7822266 -0.6181641 -0.07666016
vn 0.777832 -0.612793 -0.1402588
vn 0.7822266 -0.6181641 -0.07666016
vn 0.777832 -0.6123047 -0.1416016
vn 0.7543945 -0.5883789 -0.2905273
vn 0.7543945 -0.5883789 -0.2905273
vn 0.7045898 -0.5429688 -0.4570313
vn 0.7045898 -0.5429688 -0.4570313
vn 0.6674805 -0.5102539 -0.5424805
vn -0.7070313 -0.401123 -0.5825195
vn -0.6425781 -0.3937988 -0.6572266
vn -0.7070313 -0.401123 -0.5825195
vn -0.8134766 -0.2646484 -0.5180664
vn -0.8164063 -0.2568359 -0.5175781
vn -0.875 -0.1300049 -0.4658203
vn -0.9228516 -0.1818848 -0.3398438
vn -0.9350586 -0.199585 -0.2932129
vn -0.9350586 -0.199585 -0.2932129
vn 0.3400879 -0.9379883 -0.06988525
vn 0.3342285 -0.9321289 -0.1400146
vn 0.3400879 -0.9379883 -0.06988525
vn 0.3344727 -0.9321289 -0.1381836
vn 0.3151855 -0.9023438 -0.2941895
vn 0.3151855 -0.9023438 -0.2941895
vn 0.2836914 -0.8413086 -0.4602051
vn 0.2836914 -0.8413086 -0.4602051
vn 0.2626953 -0.7958984 -0.5454102
vn 0.9282227 -0.3117676 -0.2023926
vn 0.8935547 -0.2302246 -0.3857422
vn 0.9282227 -0.3117676 -0.2023926
vn 0.9228516 -0.2919922 -0.2504883
vn 0.8271484 -0.333252 -0.4521484
vn 0.8300781 -0.3276367 -0.4509277
vn 0.7197266 -0.4416504 -0.5361328
vn 0.7197266 -0.4416504 -0.5361328
vn 0.6606445 -0.4306641 -0.6147461
vn -0.3535156 -0.9296875 -0.1056519
vn -0.3447266 -0.9243164 -0.1645508
vn -0.3535156 -0.9296875 -0.1056519
vn -0.3442383 -0.9238281 -0.1677246
vn -0.3168945 -0.8955078 -0.3125
vn -0.3168945 -0.8955078 -0.3125
vn -0.2746582 -0.8354492 -0.4763184
vn -0.2746582 -0.8354492 -0.4763184
vn -0.2476807 -0.7905273 -0.5600586
vn -0.5600586 -0.6396484 -0.5263672
vn -0.5083008 -0.6118164 -0.605957
vn -0.5600586 -0.6396484 -0.5263672
vn -0.6396484 -0.6743164 -0.3693848
vn -0.6396484 -0.6743164 -0.3693848
vn -0.6767578 -0.6845703 -0.2717285
vn -0.6772461 -0.6845703 -0.2702637
vn -0.6806641 -0.6850586 -0.2592773
vn -0.6806641 -0.6850586 -0.2592773
vn 0.6357422 -0.7563477 -0.1530762
vn 0.6264648 -0.7539063 -0.1968994
vn 0.6357422 -0.7563477 -0.1530762
vn 0.6274414 -0.7543945 -0.1928711
vn 0.5922852 -0.7382813 -0.3227539
vn 0.5922852 -0.7382813 -0.3227539
vn 0.5288086 -0.6962891 -0.4853516
vn 0.5288086 -0.6962891 -0.4853516
vn 0.4863281 -0.6635742 -0.5683594
vn 0.8969727 -0.1379395 -0.4204102
vn 0.9125977 -0.1315918 -0.387207
vn 0.8969727 -0.1379395 -0.4204102
vn 0.9101563 -0.1324463 -0.3920898
vn 0.8837891 -0.1427002 -0.4453125
vn 0.8837891 -0.1427002 -0.4453125
vn 0.7866211 -0.1699219 -0.59375
vn 0.7866211 -0.1699219 -0.59375
vn 0.722168 -0.1824951 -0.6674805
vn -0.8378906 -0.07397461 -0.5410156
vn -0.8710938 -0.06051636 -0.4870605
vn -0.8378906 -0.07397461 -0.5410156
vn -0.8764648 -0.05834961 -0.4782715
vn -0.8588867 -0.06573486 -0.5083008
vn -0.8588867 -0.06573486 -0.5083008
vn -0.7539063 -0.1018066 -0.6494141
vn -0.7539063 -0.1018066 -0.6494141
vn -0.6855469 -0.1203613 -0.7182617
vn -0.006595612 -0.9970703 -0.07666016
vn -0.004737854 -0.9902344 -0.1402588
vn -0.006595612 -0.9970703 -0.07666016
vn -0.004695892 -0.9897461 -0.1416016
vn -0.0001929998 -0.9570313 -0.2905273
vn -0.0001929998 -0.9570313 -0.2905273
vn 0.005104065 -0.8896484 -0.4570313
vn 0.005104065 -0.8896484 -0.4570313
vn 0.007957458 -0.8398438 -0.5424805
vn -0.6103516 -0.5371094 -0.5825195
vn -0.5488281 -0.5166016 -0.6572266
vn -0.6103516 -0.5371094 -0.5825195
vn -0.706543 -0.5600586 -0.4326172
vn -0.706543 -0.5600586 -0.4326172
vn -0.7285156 -0.5634766 -0.3896484
vn -0.7236328 -0.5629883 -0.3994141
vn -0.699707 -0.559082 -0.4450684
vn -0.699707 -0.559082 -0.4450684
vn 0.5219727 -0.847168 -0.09875488
vn 0.515625 -0.8427734 -0.1552734
vn 0.5219727 -0.847168 -0.09875488
vn 0.515625 -0.8427734 -0.1524658
vn 0.4924316 -0.8188477 -0.2941895
vn 0.4924316 -0.8188477 -0.2941895
vn 0.4494629 -0.765625 -0.4602051
vn 0.4494629 -0.765625 -0.4602051
vn 0.4194336 -0.7255859 -0.5454102
vn 0.9067383 -0.2702637 -0.322998
vn 0.9135742 -0.2685547 -0.3056641
vn 0.9067383 -0.2702637 -0.322998
vn 0.9125977 -0.2687988 -0.3083496
vn 0.8828125 -0.2758789 -0.380127
vn 0.8828125 -0.2758789 -0.380127
vn 0.7944336 -0.2854004 -0.5361328
vn 0.7944336 -0.2854004 -0.5361328
vn 0.7348633 -0.2868652 -0.6147461
vn -0.151001 -0.9775391 -0.1485596
vn -0.1462402 -0.9716797 -0.1853027
vn -0.151001 -0.9775391 -0.1485596
vn -0.1456299 -0.9711914 -0.1893311
vn -0.1275635 -0.9414063 -0.3125
vn -0.1275635 -0.9414063 -0.3125
vn -0.09863281 -0.8740234 -0.4763184
vn -0.09863281 -0.8740234 -0.4760742
vn -0.08129883 -0.8242188 -0.5600586
vn -0.4177246 -0.7402344 -0.5263672
vn -0.3728027 -0.7026367 -0.605957
vn -0.4177246 -0.7402344 -0.5263672
vn -0.4885254 -0.7905273 -0.3693848
vn -0.4885254 -0.7905273 -0.3693848
vn -0.5004883 -0.7973633 -0.3381348
vn -0.4919434 -0.7924805 -0.3605957
vn -0.4645996 -0.7753906 -0.4277344
vn -0.4645996 -0.7753906 -0.4277344
vn 0.7490234 -0.6069336 -0.2651367
vn 0.7548828 -0.6083984 -0.2454834
vn 0.7490234 -0.6069336 -0.2651367
vn 0.753418 -0.6083984 -0.2493896
vn 0.7304688 -0.6020508 -0.3227539
vn 0.7304688 -0.6020508 -0.3227539
vn 0.659668 -0.5737305 -0.4853516
vn 0.659668 -0.5737305 -0.4853516
vn 0.6113281 -0.550293 -0.5683594
vn 0.7729492 -0.01976013 -0.6342773
vn 0.8813477 0.03289795 -0.4711914
vn 0.7729492 -0.01976013 -0.6342773
vn 0.8564453 0.01921082 -0.5161133
vn 0.8945313 0.04058838 -0.4453125
vn 0.8945313 0.04058838 -0.4453125
vn 0.8046875 -0.005851746 -0.59375
vn 0.8046875 -0.00585556 -0.59375
vn 0.7441406 -0.03146362 -0.6674805
vn -0.5976563 -0.2590332 -0.7587891
vn -0.7431641 -0.2509766 -0.6201172
vn -0.5976563 -0.2590332 -0.7587891
vn -0.7836914 -0.24646 -0.5703125
vn -0.8271484 -0.239502 -0.5083008
vn -0.8271484 -0.239502 -0.5083008
vn -0.7172852 -0.253418 -0.6494141
vn -0.7172852 -0.253418 -0.6494141
vn -0.6464844 -0.2575684 -0.7182617
vn 0.1972656 -0.9707031 -0.1364746
vn 0.1972656 -0.965332 -0.1696777
vn 0.1972656 -0.9707031 -0.1364746
vn 0.1972656 -0.965332 -0.1715088
vn 0.1949463 -0.9365234 -0.2905273
vn 0.1949463 -0.9365234 -0.2905273
vn 0.1864014 -0.8696289 -0.4570313
vn 0.1864014 -0.8696289 -0.4570313
vn 0.1790771 -0.8208008 -0.5424805
vn -0.2700195 0.008422852 0.9628906
vn -0.8515625 -0.3742676 0.3671875
vn -0.7866211 0.09460449 0.6103516
vn -0.3608398 -0.4973145 0.7890625
vn 0.2883301 0.02667236 0.9570313
vn -0.2841797 -0.9423828 0.1765137
vn -0.9658203 -0.253418 0.05026245
vn -0.3544922 -0.9169922 -0.1824951
vn 0.581543 -0.7944336 0.1750488
vn 0.1551514 -0.96875 -0.1936035
vn 0.3498535 -0.4538574 0.8193359
vn 0.9038086 0.1746826 0.3911133
vn 0.9526367 -0.199707 0.2285156
vn 0.9433594 -0.2353516 -0.234375
vn 0.9248047 0.3662109 0.1018066
vn 0.9628906 -0.130127 -0.2365723
vn -0.7866211 0.09460449 0.6103516
vn -0.8515625 -0.3742676 0.3671875
vn -0.9658203 -0.253418 0.05026245
vn -0.9838867 0.06921387 0.1650391
vn -0.8398438 0.3208008 0.4382324
vn -0.3464355 0.6430664 0.6826172
vn -0.3757324 0.4387207 0.8164063
vn -0.2700195 0.008422852 0.9628906
vn -0.02531433 0.71875 0.6948242
vn 0.2883301 0.02667236 0.9570313
vn 0.3945313 0.5654297 0.7241211
vn 0.9038086 0.1746826 0.3911133
vn 0.9248047 0.3662109 0.1018066
vn 0.8198242 0.5170898 0.2452393
vn -0.2971191 0.340332 0.8920898
vn 0.4331055 -0.3833008 0.815918
vn -0.2218018 -0.3376465 0.9145508
vn 0.3259277 0.527832 0.7841797
vn -0.3862305 0.840332 0.3798828
vn -0.7875977 0.2817383 0.5483398
vn 0.8051758 0.5048828 0.310791
vn 0.9169922 -0.2426758 0.315918
vn 0.9438477 -0.3300781 0
vn 0.8056641 0.5922852 -0.0001409054
vn 0.1148682 0.9584961 0.2612305
vn 0.1590576 0.9873047 -0.0001251698
vn -0.4890137 0.8618164 0.1356201
vn -0.9091797 0.2509766 0.3320313
vn 0.9169922 -0.2426758 0.315918
vn 0.9438477 -0.3300781 0
vn 0.3837891 -0.9228516 -0.02664185
vn 0.3635254 -0.8823242 0.2993164
vn 0.4331055 -0.3833008 0.815918
vn -0.6821289 -0.684082 0.2585449
vn -0.2218018 -0.3376465 0.9145508
vn -0.1240234 -0.9121094 0.3908691
vn -0.6572266 -0.5092773 0.5556641
vn -0.9091797 0.2509766 0.3320313
vn -0.2971191 0.340332 0.8920898
vn -0.7875977 0.2817383 0.5483398
vn -0.2666016 -0.04309082 0.9628906
vn -0.7646484 -0.5292969 0.3671875
vn -0.7900391 -0.0567627 0.6103516
vn -0.2595215 -0.5566406 0.7890625
vn 0.2780762 0.08105469 0.9570313
vn -0.09967041 -0.9794922 0.1765137
vn -0.9003906 -0.4326172 0.05026245
vn -0.173584 -0.9677734 -0.1824951
vn 0.722168 -0.6694336 0.1750488
vn 0.3366699 -0.9213867 -0.1936035
vn 0.4299316 -0.3789063 0.8193359
vn 0.8540039 0.3435059 0.3911133
vn 0.9736328 -0.01483917 0.2285156
vn 0.9707031 -0.05163574 -0.234375
vn 0.8383789 0.5351563 0.1018677
vn 0.9702148 0.05545044 -0.2365723
vn -0.7900391 -0.0567627 0.6103516
vn -0.7646484 -0.5292969 0.3671875
vn -0.9003906 -0.4326172 0.05026245
vn -0.9790039 -0.1192017 0.1650391
vn -0.8852539 0.1551514 0.4382324
vn -0.4626465 0.5654297 0.6826172
vn -0.4523926 0.3591309 0.8164063
vn -0.2666016 -0.04309082 0.9628906
vn -0.161499 0.7006836 0.6948242
vn 0.2780762 0.08105469 0.9570313
vn 0.279541 0.6303711 0.7241211
vn 0.8540039 0.3435059 0.3911133
vn 0.8383789 0.5351563 0.1018677
vn 0.706543 0.6635742 0.2452393
vn -0.3564453 0.2775879 0.8920898
vn 0.4980469 -0.2939453 0.815918
vn -0.1534424 -0.3737793 0.9145508
vn 0.2196045 0.5800781 0.7841797
vn -0.5390625 0.7514648 0.3798828
vn -0.8266602 0.126709 0.5483398
vn 0.6943359 0.6489258 0.310791
vn 0.9467773 -0.06378174 0.315918
vn 0.9897461 -0.1444092 0
vn 0.6782227 0.7348633 -0.0001411438
vn -0.06951904 0.9628906 0.2612305
vn -0.03170776 0.9995117 -0.000125885
vn -0.644043 0.7529297 0.135498
vn -0.9404297 0.07348633 0.3320313
vn 0.9467773 -0.06378174 0.315918
vn 0.9897461 -0.1444092 0
vn 0.5522461 -0.8330078 -0.02664185
vn 0.5249023 -0.796875 0.2993164
vn 0.4980469 -0.2939453 0.815918
vn -0.5395508 -0.8012695 0.2585449
vn -0.1534424 -0.3737793 0.9145508
vn 0.05172729 -0.9189453 0.3908691
vn -0.5483398 -0.625 0.5556641
vn -0.9404297 0.07348633 0.3320313
vn -0.3564453 0.2775879 0.8920898
vn -0.8266602 0.126709 0.5483398
vn -0.6376953 -0.7568359 0.1437988
vn -0.2993164 -0.8168945 0.4929199
vn -0.3400879 -0.9291992 0.1437988
vn -0.5605469 -0.6655273 0.4929199
vn -0.1853027 -0.5058594 0.8422852
vn -0.8120117 -0.565918 0.1425781
vn -0.347168 -0.4121094 0.8422852
vn -0.7128906 -0.4968262 0.4951172
vn -0.434082 -0.3027344 0.8486328
vn -0.8579102 -0.4931641 0.1427002
vn -0.7509766 -0.4313965 0.5
vn -0.4416504 -0.2529297 0.8608398
vn -0.4667969 -0.2180176 0.8569336
vn -0.7880859 -0.3654785 0.4951172
vn -0.8979492 -0.416748 0.1425781
vn -0.5146484 -0.08483887 0.8535156
vn -0.8574219 -0.1494141 0.4929199
vn -0.9750977 -0.1700439 0.1437988
vn -0.9741211 0.1739502 0.1437988
vn -0.8564453 0.152832 0.4926758
vn -0.5097656 0.09106445 0.8554688
vn -0.8959961 0.420166 0.1425781
vn -0.7866211 0.3686523 0.4951172
vn -0.4611816 0.2161865 0.8603516
vn -0.8095703 0.5693359 0.1425781
vn -0.7109375 0.4997559 0.4951172
vn -0.416748 0.2929688 0.8603516
vn -0.3308105 0.3959961 0.8564453
vn -0.5581055 0.6674805 0.4926758
vn -0.6347656 0.7592773 0.1437988
vn -0.3364258 0.9306641 0.1437988
vn -0.2958984 0.8183594 0.4926758
vn -0.1777344 0.4907227 0.8530273
vn -0.08410645 0.9863281 0.1425781
vn -0.07397461 0.8657227 0.4951172
vn -0.04580688 0.5258789 0.8496094
vn 0.08807373 0.9858398 0.1425781
vn 0.07745361 0.8652344 0.4951172
vn 0.04760742 0.5317383 0.8457031
vn 0.1853027 0.5058594 0.8422852
vn 0.2993164 0.8168945 0.4926758
vn 0.3400879 0.9291992 0.1437988
vn 0.6376953 0.7568359 0.1437988
vn 0.5605469 0.6655273 0.4926758
vn 0.347168 0.4121094 0.8422852
vn 0.8120117 0.565918 0.1425781
vn 0.7128906 0.4968262 0.4951172
vn 0.4379883 0.3054199 0.8457031
vn 0.8979492 0.416748 0.1425781
vn 0.7880859 0.3654785 0.4951172
vn 0.484375 0.2247314 0.8457031
vn 0.5307617 0.0925293 0.8422852
vn 0.8574219 0.1494141 0.4926758
vn 0.9750977 0.1700439 0.1437988
vn 0.9741211 -0.1739502 0.1437988
vn 0.8564453 -0.152832 0.4926758
vn 0.5307617 -0.09466553 0.8422852
vn 0.8959961 -0.420166 0.1425781
vn 0.7866211 -0.3686523 0.4951172
vn 0.4921875 -0.2304688 0.8393555
vn 0.4724121 -0.2734375 0.8378906
vn 0.7490234 -0.4345703 0.5
vn 0.855957 -0.496582 0.1427002
vn 0.7109375 -0.4997559 0.4951172
vn 0.4445801 -0.3122559 0.8393555
vn 0.8095703 -0.5693359 0.1425781
vn 0.3457031 -0.4135742 0.8422852
vn 0.5581055 -0.6674805 0.4926758
vn 0.6347656 -0.7592773 0.1437988
vn 0.3364258 -0.9306641 0.1437988
vn 0.2958984 -0.8183594 0.4926758
vn 0.1833496 -0.5068359 0.8422852
vn 0.08410645 -0.9863281 0.1425781
vn 0.07397461 -0.8657227 0.4951172
vn 0.04547119 -0.5322266 0.8457031
vn -0.08807373 -0.9858398 0.1425781
vn -0.07745361 -0.8652344 0.4951172
vn -0.04760742 -0.5317383 0.8457031
vn -0.1853027 -0.5058594 0.8422852
vn -0.2993164 -0.8168945 0.4929199
vn -0.3400879 -0.9291992 0.1437988
vn -0.2512207 0.0447998 -0.9667969
vn -0.5083008 -0.08856201 -0.8564453
vn -0.2514648 -0.04379272 -0.9667969
vn -0.5078125 0.09063721 -0.8564453
vn -0.4611816 0.2161865 -0.8603516
vn -0.2335205 0.109436 -0.9663086
vn -0.2109375 0.1483154 -0.9663086
vn -0.8564453 0.152832 -0.4926758
vn -0.8574219 -0.1494141 -0.4926758
vn -0.9785156 -0.1702881 -0.1173096
vn -0.416748 0.2929688 -0.8603516
vn -0.1635742 0.1958008 -0.9667969
vn -0.7866211 0.3686523 -0.4951172
vn -0.9775391 0.1741943 -0.1173096
vn -0.9750977 -0.1700439 0.1437988
vn -0.9741211 0.1739502 0.1437988
vn -0.8959961 0.420166 0.1425781
vn -0.8994141 0.4213867 -0.1174927
vn -0.8095703 0.5693359 0.1425781
vn -0.3308105 0.3959961 -0.8564453
vn -0.08679199 0.2399902 -0.9667969
vn -0.7109375 0.4997559 -0.4951172
vn -0.8120117 0.5712891 -0.1174927
vn -0.6347656 0.7592773 0.1437988
vn -0.5581055 0.6674805 -0.4926758
vn -0.6367188 0.762207 -0.1173096
vn -0.3364258 0.9306641 0.1437988
vn -0.1755371 0.4851074 -0.8564453
vn -0.3378906 0.9335938 -0.1173096
vn -0.08410645 0.9863281 0.1425781
vn -0.2958984 0.8183594 -0.4926758
vn -0.04336548 0.5073242 -0.8603516
vn -0.0219574 0.2570801 -0.9663086
vn 0.022995 0.2568359 -0.9663086
vn -0.0847168 0.9892578 -0.1174927
vn 0.08874512 0.9892578 -0.1174927
vn 0.08807373 0.9858398 0.1425781
vn 0.3400879 0.9291992 0.1437988
vn -0.07397461 0.8657227 -0.4951172
vn 0.04541016 0.5073242 -0.8603516
vn 0.08776855 0.239624 -0.9667969
vn 0.07745361 0.8652344 -0.4951172
vn 0.1774902 0.484375 -0.8564453
vn 0.1644287 0.1950684 -0.9667969
vn 0.3417969 0.9326172 -0.1173096
vn 0.6376953 0.7568359 0.1437988
vn 0.2993164 0.8168945 -0.4926758
vn 0.3325195 0.3945313 -0.8564453
vn 0.6396484 0.7597656 -0.1173096
vn 0.8120117 0.565918 0.1425781
vn 0.5605469 0.6655273 -0.4926758
vn 0.4179688 0.2912598 -0.8603516
vn 0.2115479 0.1474609 -0.9663086
vn 0.2340088 0.1085205 -0.9663086
vn 0.8144531 0.5678711 -0.1174927
vn 0.7128906 0.4968262 -0.4951172
vn 0.4621582 0.2143555 -0.8603516
vn 0.2514648 0.04379272 -0.9667969
vn 0.5083008 0.08856201 -0.8564453
vn 0.7880859 0.3657227 -0.4951172
vn 0.8574219 0.1494141 -0.4926758
vn 0.9008789 0.4177246 -0.1174927
vn 0.8979492 0.416748 0.1425781
vn 0.9785156 0.1702881 -0.1173096
vn 0.9750977 0.1700439 0.1437988
vn -0.347168 -0.4121094 0.8422852
vn -0.06033325 -0.1646729 0.984375
vn -0.1853027 -0.5058594 0.8422852
vn -0.1129761 -0.1340332 0.984375
vn -0.434082 -0.3027344 0.8486328
vn -0.133667 -0.09320068 0.9868164
vn -0.4416504 -0.2529297 0.8608398
vn -0.0001341105 0.0002096891 1
vn -0.06033325 -0.1646729 0.984375
vn 6.216764E-05 0.0003197193 1
vn -0.0003962517 8.296967E-05 1
vn 0.0004644394 0.001211166 1
vn -0.1217651 -0.0680542 0.9902344
vn 0.001091957 0.004325867 1
vn -0.1273193 -0.0586853 0.9902344
vn -0.4667969 -0.2180176 0.8569336
vn 0.001091957 0.004325867 1
vn -0.149292 -0.03393555 0.9882813
vn -0.5146484 -0.08483887 0.8535156
vn -0.5097656 0.09106445 0.8554688
vn -0.204834 0.03726196 0.9780273
vn 0.001091957 0.004325867 1
vn 0.001091957 0.004325867 1
vn -0.4611816 0.2161865 0.8603516
vn -0.2335205 0.109436 0.9663086
vn -0.416748 0.2929688 0.8603516
vn -0.1380615 0.09692383 0.9858398
vn -0.09179688 0.109436 0.9897461
vn -0.3308105 0.3959961 0.8564453
vn -0.0007500648 -8.797646E-05 1
vn -0.1777344 0.4907227 0.8530273
vn -0.05200195 0.1422119 0.9882813
vn -0.0007500648 -8.797646E-05 1
vn -0.04580688 0.5258789 0.8496094
vn -0.01496124 0.1600342 0.9868164
vn -0.0007500648 -8.797646E-05 1
vn -0.0007500648 -8.797646E-05 1
vn -0.0007500648 -8.797646E-05 1
vn 0.04760742 0.5317383 0.8457031
vn -0.0007500648 -8.797646E-05 1
vn -0.0007500648 -8.797646E-05 1
vn -0.0007500648 -8.797646E-05 1
vn -0.0007500648 -8.797646E-05 1
vn -0.0007500648 -8.797646E-05 1
vn -0.0007500648 -8.797646E-05 1
vn -0.0007500648 -8.797646E-05 1
vn -0.0007500648 -8.797646E-05 1
vn -0.0007500648 -8.797646E-05 1
vn -0.0007500648 -8.797646E-05 1
vn -0.0007500648 -8.797646E-05 1
vn -0.0007500648 -8.797646E-05 1
vn -0.0007500648 -8.797646E-05 1
vn -0.0007500648 -8.797646E-05 1
vn -0.0007500648 -8.797646E-05 1
vn -0.0007500648 -8.797646E-05 1
vn -0.0007500648 -8.797646E-05 1
vn -0.0007500648 -8.797646E-05 1
vn 0.2512207 -0.0447998 -0.9667969
vn 0.5083008 0.08856201 -0.8564453
vn 0.2514648 0.04379272 -0.9667969
vn 0.5078125 -0.09063721 -0.8564453
vn 0.8574219 0.1494141 -0.4926758
vn 0.4611816 -0.2161865 -0.8603516
vn 0.2335205 -0.109436 -0.9663086
vn 0.2109375 -0.1483154 -0.9663086
vn 0.8564453 -0.152832 -0.4926758
vn 0.9785156 0.1702881 -0.1173096
vn 0.416748 -0.2929688 -0.8603516
vn 0.1635742 -0.1958008 -0.9667969
vn 0.7866211 -0.3686523 -0.4951172
vn 0.8994141 -0.4213867 -0.1174927
vn 0.9775391 -0.1741943 -0.1173096
vn 0.9741211 -0.1739502 0.1437988
vn 0.9750977 0.1700439 0.1437988
vn 0.8959961 -0.420166 0.1425781
vn 0.855957 -0.496582 0.1427002
vn 0.8095703 -0.5693359 0.1425781
vn 0.3308105 -0.3959961 -0.8564453
vn 0.08679199 -0.2399902 -0.9667969
vn 0.7109375 -0.4997559 -0.4951172
vn 0.8120117 -0.5712891 -0.1174927
vn 0.6347656 -0.7592773 0.1437988
vn 0.5581055 -0.6674805 -0.4926758
vn 0.6367188 -0.762207 -0.1173096
vn 0.3364258 -0.9306641 0.1437988
vn 0.1755371 -0.4851074 -0.8564453
vn 0.3378906 -0.9335938 -0.1173096
vn 0.08410645 -0.9863281 0.1425781
vn 0.2958984 -0.8183594 -0.4926758
vn 0.04336548 -0.5073242 -0.8603516
vn 0.0219574 -0.2570801 -0.9663086
vn -0.022995 -0.2568359 -0.9663086
vn 0.0847168 -0.9892578 -0.1174927
vn 0.07397461 -0.8657227 -0.4951172
vn -0.04541016 -0.5073242 -0.8603516
vn -0.08776855 -0.239624 -0.9667969
vn -0.07745361 -0.8652344 -0.4951172
vn -0.08874512 -0.9892578 -0.1174927
vn -0.08807373 -0.9858398 0.1425781
vn -0.3400879 -0.9291992 0.1437988
vn -0.1774902 -0.484375 -0.8564453
vn -0.1644287 -0.1950684 -0.9667969
vn -0.3417969 -0.9326172 -0.1173096
vn -0.6376953 -0.7568359 0.1437988
vn -0.2993164 -0.8168945 -0.4926758
vn -0.3325195 -0.3945313 -0.8564453
vn -0.6396484 -0.7597656 -0.1173096
vn -0.8120117 -0.565918 0.1425781
vn -0.5605469 -0.6655273 -0.4926758
vn -0.4179688 -0.2912598 -0.8603516
vn -0.2115479 -0.1474609 -0.9663086
vn -0.2340088 -0.1085205 -0.9663086
vn -0.8144531 -0.5678711 -0.1174927
vn -0.9008789 -0.4177246 -0.1174927
vn -0.8579102 -0.4931641 0.1427002
vn -0.8979492 -0.416748 0.1425781
vn -0.9750977 -0.1700439 0.1437988
vn -0.9785156 -0.1702881 -0.1173096
vn -0.8574219 -0.1494141 -0.4926758
vn -0.7128906 -0.4968262 -0.4951172
vn -0.4621582 -0.2143555 -0.8603516
vn -0.2514648 -0.04379272 -0.9667969
vn -0.5083008 -0.08856201 -0.8564453
vn -0.7880859 -0.3657227 -0.4951172
vn -0.0001341105 0.0002096891 1
vn -0.0007500648 -8.797646E-05 1
vn -0.0007500648 -8.797646E-05 1
vn -0.0003962517 8.296967E-05 1
vn -0.0007500648 -8.797646E-05 1
vn -0.0007500648 -8.797646E-05 1
vn -0.0007500648 -8.797646E-05 1
vn -0.0007500648 -8.797646E-05 1
vn -0.0007500648 -8.797646E-05 1
vn -0.0007500648 -8.797646E-05 1
vn -0.0007500648 -8.797646E-05 1
vn -0.0007500648 -8.797646E-05 1
vn -0.0007500648 -8.797646E-05 1
vn -0.0007500648 -8.797646E-05 1
vn -0.0007500648 -8.797646E-05 1
vn -0.0007500648 -8.797646E-05 1
vn -0.0007500648 -8.797646E-05 1
vn -0.0007500648 -8.797646E-05 1
vn -0.0007500648 -8.797646E-05 1
vn -0.0007500648 -8.797646E-05 1
vn -0.0007500648 -8.797646E-05 1
vn -0.0007500648 -8.797646E-05 1
vn -0.0007500648 -8.797646E-05 1
vn -0.0007500648 -8.797646E-05 1
vn -0.0007500648 -8.797646E-05 1
vn -0.0007500648 -8.797646E-05 1
vn -0.0007500648 -8.797646E-05 1
vn -0.0007500648 -8.797646E-05 1
vn -0.0007500648 -8.797646E-05 1
vn -0.0007500648 -8.797646E-05 1
vn -0.0007500648 -8.797646E-05 1
vn -0.0007500648 -8.797646E-05 1
vn -0.0007500648 -8.797646E-05 1
vn -0.0007500648 -8.797646E-05 1
vn -0.0007500648 -8.797646E-05 1
vn 0.192749 0.1109009 0.9750977
vn -0.0007500648 -8.797646E-05 1
vn 0.2493896 -0.1435547 0.9575195
vn 0.01469421 0.1680908 0.9858398
vn -0.0007500648 -8.797646E-05 1
vn -0.0007500648 -8.797646E-05 1
vn 0.06005859 0.1647949 0.984375
vn 0.1853027 0.5058594 0.8422852
vn -0.0007500648 -8.797646E-05 1
vn 0.347168 0.4121094 0.8422852
vn 0.112793 0.1342773 0.984375
vn -0.0007500648 -8.797646E-05 1
vn 0.4379883 0.3054199 0.8457031
vn 0.1381836 0.09655762 0.9858398
vn 0.1793213 0.1032104 0.9785156
vn 0.152832 0.07098389 0.9858398
vn 0.484375 0.2247314 0.8457031
vn 0.1622314 -0.0758667 0.9838867
vn 0.1726074 0.03010559 0.984375
vn 0.5307617 0.0925293 0.8422852
vn 0.5307617 -0.09466553 0.8422852
vn 0.1724854 -0.03088379 0.984375
vn 0.4921875 -0.2304688 0.8393555
vn 0.4724121 -0.2734375 0.8378906
vn 0.2766113 -0.1940918 0.940918
vn 0.4445801 -0.3122559 0.8393555
vn 0.2006836 -0.2402344 0.949707
vn 0.3457031 -0.4135742 0.8422852
vn 0.1833496 -0.5068359 0.8422852
vn 0.1064453 -0.2944336 0.949707
vn 0.04547119 -0.5322266 0.8457031
vn 0.01953125 -0.2294922 0.9731445
vn -0.01519775 -0.1680908 0.9858398
vn -0.0003020763 0.0001659393 1
vn -0.04760742 -0.5317383 0.8457031
vn -0.0003020763 0.0001659393 1
vn -0.06033325 -0.1646729 0.984375
vn -0.1853027 -0.5058594 0.8422852
vn 6.216764E-05 0.0003197193 1
vn -0.0003020763 0.0001659393 1
vn -0.0003020763 0.0001659393 1
vn -0.0003020763 0.0001659393 1
vn -0.0003020763 0.0001659393 1
vn -0.0003020763 0.0001659393 1
vn -0.0003020763 0.0001659393 1
vn -0.0003020763 0.0001659393 1
vn -0.0003020763 0.0001659393 1
vn -0.0003020763 0.0001659393 1
vn -0.0003020763 0.0001659393 1
vn -0.0003020763 0.0001659393 1
vn -0.0003020763 0.0001659393 1
vn -0.0003020763 0.0001659393 1
vn -0.0003020763 0.0001659393 1
vn -0.0003020763 0.0001659393 1
vn -0.0003020763 0.0001659393 1
vn -0.0003020763 0.0001659393 1
vn -0.6889648 -0.7250977 0
vn -0.4882813 -0.8725586 0
vn -0.6889648 -0.7250977 0
vn -0.4882813 -0.8725586 0
vn 0.1888428 -0.9819336 0
vn 0.1888428 -0.9819336 0
vn 0.7729492 -0.6342773 0
vn 0.7729492 -0.6342773 0
vn 0.9790039 -0.2049561 0
vn 0.9785156 -0.2049561 0
vn 0.9780273 0.2080078 0
vn 0.9780273 0.2078857 0
vn 0.9580078 0.2871094 0
vn 0.9580078 0.2871094 0
vn 0.9970703 0.07910156 0
vn 0.9970703 0.07910156 0
vn 0.9975586 -0.06750488 0
vn 0.9975586 -0.06750488 0
vn 0.9951172 -0.09869385 0
vn 0.9951172 -0.09869385 0
vn 0.5864258 -0.8100586 0
vn 0.6816406 -0.7314453 0
vn 0.6816406 -0.7314453 0
vn 0.5864258 -0.8100586 0
vn 0.2009277 -0.9794922 0
vn 0.201416 -0.9794922 0
vn -0.1688232 -0.9858398 0
vn -0.1687012 -0.9858398 0
vn -0.1203613 -0.9926758 0
vn -0.1204224 -0.9926758 0
vn 0.2785645 -0.9604492 0
vn 0.2785645 -0.9604492 0
vn 0.6650391 -0.746582 0
vn 0.6650391 -0.746582 0
vn 0.7070313 -0.7075195 0
vn 0.7070313 -0.7075195 0
vn 0.8876953 0.4602051 0
vn 0.8876953 0.4602051 0
vn 0.8876953 0.4602051 0
vn 0.8876953 0.4602051 0
vn -0.8652344 0.5019531 0
vn -0.9052734 0.4245605 0
vn -0.8652344 0.5019531 0
vn -0.9052734 0.4245605 0
vn -0.9389648 0.3439941 0
vn -0.9389648 0.3439941 0
vn -0.07122803 -0.9975586 0
vn 0.3789063 -0.925293 0
vn 0.3789063 -0.925293 0
vn -0.07067871 -0.9975586 0
vn -0.5390625 -0.8422852 0
vn -0.5390625 -0.8422852 0
vn -0.6821289 -0.7314453 0
vn -0.6821289 -0.7314453 0
vn -0.7792969 -0.6264648 0
vn -0.7792969 -0.6264648 0
vn 0.8671875 -0.4978027 0
vn 0.9223633 -0.3859863 0
vn 0.9223633 -0.3859863 0
vn 0.8671875 -0.4978027 0
vn 0.7255859 -0.6884766 0
vn 0.7255859 -0.6884766 0
vn 0.7080078 -0.7060547 0
vn 0.7080078 -0.7060547 0
vn 0.7675781 -0.6411133 0
vn 0.7675781 -0.6411133 0
vn -0.6391602 0.769043 0
vn -0.6391602 0.769043 0
vn -0.482666 0.8759766 0
vn -0.4824219 0.8759766 0
vn -0.1004028 0.9951172 0
vn -0.1001587 0.9951172 0
vn 0.1875 0.9824219 0
vn 0.1875 0.9824219 0
vn 0.1665039 0.9858398 0
vn 0.1665039 0.9858398 0
vn -0.2526855 0.9677734 0
vn -0.2526855 0.9677734 0
vn -0.7060547 0.7080078 0
vn -0.7060547 0.7080078 0
vn -0.7485352 0.6630859 0
vn -0.7485352 0.6625977 0
vn -0.1439209 -0.9897461 0
vn 0.01875305 -1 0
vn -0.1439209 -0.9897461 0
vn 0.01844788 -1 0
vn 0.2028809 -0.9790039 0
vn 0.2027588 -0.9790039 0
vn 0.4707031 -0.8823242 0
vn 0.470459 -0.8823242 0
vn 0.3835449 -0.9233398 0
vn 0.3837891 -0.9233398 0
vn 0.2266846 -0.9741211 0
vn 0.2266846 -0.9741211 0
vn 0.625 -0.7807617 0
vn 0.625 -0.7807617 0
vn 0.8173828 -0.5761719 0
vn 0.8173828 -0.5761719 0
vn 0.8491211 -0.527832 0
vn 0.8491211 -0.527832 0
vn 0.9853516 -0.1697998 0
vn 0.9853516 -0.1700439 0
vn 0.9311523 0.3640137 0
vn 0.9316406 0.3637695 0
vn 0.7685547 0.6396484 0
vn 0.769043 0.6391602 0
vn 0.6640625 0.7475586 0
vn 0.6640625 0.7475586 0
vn 0.5317383 0.8466797 0
vn 0.5317383 0.8466797 0
vn 0.6191406 0.7851563 0
vn 0.6186523 0.7856445 0
vn 0.7978516 0.6025391 0
vn 0.7978516 0.6025391 0
vn 0.7114258 -0.7026367 0
vn 0.8701172 -0.4931641 0
vn 0.8701172 -0.4931641 0
vn 0.7114258 -0.7026367 0
vn 0.503418 -0.8637695 0
vn 0.503418 -0.8637695 0
vn 0.4121094 0.9111328 0
vn 0.4121094 0.9111328 0
vn 0.6318359 0.7749023 0
vn 0.6318359 0.7749023 0
vn 0.890625 0.4550781 0
vn 0.890625 0.4550781 0
vn 0.9545898 0.2980957 0
vn 0.9545898 0.2980957 0
vn 0.9589844 0.2841797 0
vn 0.9589844 0.2841797 0
vn -0.7529297 0.6582031 0
vn -0.934082 0.3569336 0
vn -0.7529297 0.6582031 0
vn -0.9345703 0.3557129 0
vn -0.9755859 -0.2203369 0
vn -0.9755859 -0.2205811 0
vn -0.6313477 -0.7753906 0
vn -0.6318359 -0.7749023 0
vn 0.00108242 -1 0
vn 0.0006632805 -1 0
vn 0.4821777 -0.8759766 0
vn 0.4816895 -0.8764648 0
vn 0.5419922 -0.840332 0
vn 0.5419922 -0.840332 0
vn 0.07067871 -0.9975586 0
vn 0.07019043 -0.9975586 0
vn -0.2491455 -0.9682617 0
vn -0.2491455 -0.9682617 0
vn -0.6010742 -0.7993164 0
vn -0.6010742 -0.7993164 0
vn -0.6010742 -0.7993164 0
vn -0.6010742 -0.7993164 0
vn -0.1716309 0.9853516 0
vn -0.1716309 0.9853516 0
vn -0.3400879 0.9404297 0
vn -0.3400879 0.9404297 0
vn -0.6411133 0.7675781 0
vn -0.6411133 0.7675781 0
vn -0.8134766 0.581543 0
vn -0.8134766 0.581543 0
vn -0.9956055 0.09344482 0
vn -0.9956055 0.09344482 0
vn -0.6723633 -0.7402344 0
vn -0.6723633 -0.7402344 0
vn -0.4296875 -0.902832 0
vn -0.4296875 -0.902832 0
vn -0.574707 -0.8183594 0
vn -0.574707 -0.8183594 0
vn -0.5595703 -0.8286133 0
vn -0.5595703 -0.8286133 0
vn 0.847168 0.53125 0
vn 0.890625 0.4550781 0
vn 0.890625 0.4550781 0
vn 0.847168 0.53125 0
vn 0.7617188 0.6474609 0
vn 0.7617188 0.6474609 0
vn 0.7241211 0.6894531 0
vn 0.7241211 0.6894531 0
vn 0.4052734 0.9140625 0
vn 0.5991211 0.8007813 0
vn 0.5991211 0.8007813 0
vn 0.4055176 0.9140625 0
vn -0.1904297 0.9819336 0
vn -0.1904297 0.9819336 0
vn -0.7568359 0.6538086 0
vn -0.7568359 0.6538086 0
vn -0.9741211 0.2252197 0
vn -0.9741211 0.2250977 0
vn -0.9863281 -0.1650391 0
vn -0.9863281 -0.1651611 0
vn -0.965332 -0.2607422 0
vn -0.965332 -0.260498 0
vn -0.9980469 -0.06573486 0
vn -0.9980469 -0.06567383 0
vn -0.9995117 0.03564453 0
vn -0.9995117 0.03564453 0
vn -0.9995117 0.03134155 0
vn -0.9995117 0.03134155 0
vn 0 0 1
vn 0 0 1
vn 0 0 1
vn 0 0 1
vn 0 0 1
vn 0 0 1
vn 0 0 1
vn 0 0 1
vn 0 0 1
vn 0 0 1
vn 0 0 1
vn 0 0 1
vn 0 0 1
vn 0 0 1
vn 0 0 1
vn 0 0 1
vn 0 0 1
vn 0 0 1
vn 0 0 1
vn -0.0008091927 0.001458168 1
vn -0.0008091927 0.001458168 1
vn -0.0008091927 0.001458168 1
vn -0.0008091927 0.001458168 1
vn -0.0008091927 0.001458168 1
vn -0.0008091927 0.001458168 1
vn -0.0008091927 0.001458168 1
vn -0.0008091927 0.001458168 1
vn -0.0008091927 0.001458168 1
vn -0.0008091927 0.001458168 1
vn -0.0008091927 0.001458168 1
vn -0.0008091927 0.001458168 1
vn -0.0008091927 0.001458168 1
vn -0.0008091927 0.001458168 1
vn -0.0008091927 0.001458168 1
vn -0.0008091927 0.001458168 1
vn -0.0008091927 0.001458168 1
vn -0.0008091927 0.001458168 1
vn -0.0008091927 0.001458168 1
vn -0.0009303093 0.001878738 1
vn -0.0009303093 0.001878738 1
vn -0.0009303093 0.001878738 1
vn -0.0009303093 0.001878738 1
vn 0.0008325577 0.001519203 1
vn 0.0008325577 0.001519203 1
vn 0.0008325577 0.001519203 1
vn 0.0008325577 0.001519203 1
vn 0.001178741 0.0001820326 1
vn 0.001178741 0.0001820326 1
vn 0.001178741 0.0001820326 1
vn 0.001178741 0.0001820326 1
vn 0.0002139807 0.003063202 1
vn 0.0002139807 0.003063202 1
vn 0.0002139807 0.003063202 1
vn 0.0002139807 0.003063202 1
vn 0.0001139641 0.002548218 1
vn 0.0001139641 0.002548218 1
vn 0.0001139641 0.002548218 1
vn 0.0001139641 0.002548218 1
vn 0.001361847 0.001669884 1
vn 0.001361847 0.001669884 1
vn 0.001361847 0.001669884 1
vn 0.001361847 0.001669884 1
vn -0.001742363 0.003259659 1
vn -0.001742363 0.003259659 1
vn -0.001742363 0.003259659 1
vn -0.001742363 0.003259659 1
vn -0.0006227493 0.001688957 1
vn -0.0006227493 0.001688957 1
vn -0.0006227493 0.001688957 1
vn -0.0006227493 0.001688957 1
vn -0.0009207726 0.0003893375 1
vn -0.0009207726 0.0003893375 1
vn -0.0009207726 0.0003893375 1
vn -0.0009207726 0.0003893375 1
vn -0.0001035333 4.988909E-05 1
vn -0.0001035333 4.988909E-05 1
vn -0.0001035333 4.988909E-05 1
vn -0.0001035333 4.988909E-05 1
vn 0 0.0001291037 1
vn 0 0.0001291037 1
vn 0 0.0001291037 1
vn 0 0.0001291037 1
vn 0 0.0001530647 1
vn 0 0.0001530647 1
vn 0 0.0001530647 1
vn 0 0.0001530647 1
vn -0.0001173019 0.0001516342 1
vn -0.0001173019 0.0001516342 1
vn -0.0001173019 0.0001516342 1
vn -0.0001173019 0.0001516342 1
vn -9.864569E-05 0.0005097389 1
vn -9.864569E-05 0.0005097389 1
vn -9.864569E-05 0.0005097389 1
vn -9.864569E-05 0.0005097389 1
vn -9.894371E-05 0.0005097389 1
vn -9.894371E-05 0.0005097389 1
vn -9.894371E-05 0.0005097389 1
vn -9.894371E-05 0.0005097389 1
vn 3.576279E-05 0.0003855228 1
vn 3.576279E-05 0.0003855228 1
vn 3.576279E-05 0.0003855228 1
vn 3.576279E-05 0.0003855228 1
vn 0.0002789497 0.0003395081 1
vn 0.0002789497 0.0003395081 1
vn 0.0002789497 0.0003395081 1
vn 0.0002789497 0.0003395081 1
vn 0.0003268719 0.0003085136 1
vn 0.0003268719 0.0003085136 1
vn -0.001120567 0.0003035069 1
vn -0.001120567 0.0003035069 1
vn -0.001120567 0.0003035069 1
vn -0.001120567 0.0003035069 1
vn 0.0001357794 8.60095E-05 1
vn 0.0001357794 8.60095E-05 1
vn 0.0001357794 8.60095E-05 1
vn 0.0001357794 8.60095E-05 1
vn 0 0 1
vn 0 0 1
vn 0 0 1
vn 0 0 1
vn -1.943111E-05 0 1
vn -1.943111E-05 0 1
vn -1.943111E-05 0 1
vn -1.943111E-05 0 1
vn -0.001015663 0.0002458096 1
vn -0.001015663 0.0002458096 1
vn -0.001015663 0.0002458096 1
vn -0.001015663 0.0002458096 1
vn -0.001073837 0.0002930164 1
vn -0.001073837 0.0002930164 1
vn -0.001073837 0.0002930164 1
vn -0.001073837 0.0002930164 1
vn -0.0005755424 0.0001240969 1
vn -0.0005755424 0.0001240969 1
vn -0.0005755424 0.0001240969 1
vn -0.0005755424 0.0001240969 1
vn 0 0 1
vn 0 0 1
vn 0 0 1
vn 0 0 1
vn -1.096725E-05 0 1
vn -1.096725E-05 0 1
vn -1.096725E-05 0 1
vn -1.096725E-05 0 1
vn 0.7382813 -0.6743164 0
vn 0.7382813 -0.6743164 0
vn 0.7382813 -0.6743164 0
vn 0.7382813 -0.6743164 0
vn 0.9580078 -0.2873535 0
vn 0.8862305 -0.463623 0
vn 0.8862305 -0.463623 0
vn 0.9575195 -0.2880859 0
vn 0.9804688 0.196167 0
vn 0.9804688 0.1956787 0
vn 0.6557617 0.7548828 0
vn 0.6557617 0.7548828 0
vn 0.03598022 0.9995117 0
vn 0.0355835 0.9995117 0
vn -0.4992676 0.8666992 0
vn -0.4995117 0.8662109 0
vn -0.5605469 0.828125 0
vn -0.5605469 0.828125 0
vn -0.1379395 0.9902344 0
vn -0.1379395 0.9902344 0
vn 0.151001 0.9887695 0
vn 0.151001 0.9887695 0
vn 0.3110352 -0.9501953 0
vn 0.3110352 -0.9501953 0
vn 0.3110352 -0.9501953 0
vn 0.3110352 -0.9501953 0
vn -0.7368164 0.6762695 0
vn -0.7368164 0.6762695 0
vn -0.7368164 0.6762695 0
vn -0.7368164 0.6762695 0
vn 7.766485E-05 4.923344E-05 1
vn 7.766485E-05 4.923344E-05 1
vn 7.766485E-05 4.923344E-05 1
vn 7.766485E-05 4.923344E-05 1
vn -0.7485352 0.6625977 0
vn -0.7485352 0.6630859 0
vn -0.6484375 0.7612305 0
vn -0.6484375 0.7612305 0
vn 0.628418 -0.777832 0
vn 0.628418 -0.777832 0
vn 0.7070313 -0.7075195 0
vn 0.7070313 -0.7075195 0
vn -0.8671875 -0.498291 0
vn -0.8671875 -0.498291 0
vn -0.8671875 -0.498291 0
vn -0.8671875 -0.498291 0
vn -0.4916992 -0.8706055 -0.001704216
vn -0.4916992 -0.8706055 -0.001704216
vn -0.4916992 -0.8706055 -0.001704216
vn -0.4916992 -0.8706055 -0.001704216
vn 0.1983643 -0.1448975 0.9692383
vn 0.1983643 -0.1448975 0.9692383
vn 0.1983643 -0.1448975 0.9692383
vn 0.1983643 -0.1448975 0.9692383
vn 0.2006836 -0.1159058 0.9726563
vn 0.2006836 -0.1159058 0.9726563
vn 0.1860352 -0.112854 0.9760742
vn 0.1860352 -0.112854 0.9760742
vn 0.03762817 -0.09515381 0.9946289
vn 0.03762817 -0.09515381 0.9946289
vn 0.03762817 -0.09515381 0.9946289
vn 0.03762817 -0.09515381 0.9946289
vn -0.2421875 -0.9702148 -0.0001454353
vn -0.2421875 -0.9702148 -0.0001454353
vn -0.2421875 -0.9702148 -0.0001454353
vn -0.2421875 -0.9702148 -0.0001454353
vn 0.6142578 -0.7890625 0
vn 0.6142578 -0.7890625 0
vn 0.6142578 -0.7890625 0
vn 0.6142578 -0.7890625 0
vn -0.3779297 -0.9257813 -0.0002233982
vn -0.3779297 -0.9257813 -0.0002233982
vn -0.3779297 -0.9257813 -0.0002233982
vn -0.3779297 -0.9257813 -0.0002233982
vn -0.09631348 -0.9951172 -2.461672E-05
vn -0.09631348 -0.9951172 -2.461672E-05
vn -0.09631348 -0.9951172 -2.461672E-05
vn -0.09631348 -0.9951172 -2.461672E-05
vn -0.02229309 -0.9995117 0.0004732609
vn -0.02229309 -0.9995117 0.0004732609
vn -0.02229309 -0.9995117 0.0004732609
vn -0.02229309 -0.9995117 0.0004732609
vn 0.02229309 -0.9995117 0.0004725456
vn 0.02229309 -0.9995117 0.0004725456
vn 0.1016846 -0.09277344 0.9907227
vn 0.1016846 -0.09277344 0.9907227
vn 0.1016846 -0.09277344 0.9907227
vn 0.1016846 -0.09277344 0.9907227
vn 0.2202148 -0.2731934 0.9365234
vn 0.2202148 -0.2731934 0.9365234
vn 0.2202148 -0.2731934 0.9365234
vn 0.2202148 -0.2731934 0.9365234
vn 0.4802246 -0.6142578 0.6259766
vn 0.4802246 -0.6142578 0.6259766
vn 0.4802246 -0.6142578 0.6259766
vn 0.4802246 -0.6142578 0.6259766
vn 0.4892578 0.6650391 0.5639648
vn 0.4892578 0.6650391 0.5639648
vn 0.4892578 0.6650391 0.5639648
vn 0.4892578 0.6650391 0.5639648
vn 0.2817383 0.0925293 0.9550781
vn 0.2817383 0.0925293 0.9550781
vn 0.2817383 0.0925293 0.9550781
vn 0.2817383 0.0925293 0.9550781
vn -0.2619629 -0.8789063 0.3981934
vn -0.2619629 -0.8789063 0.3981934
vn -0.2619629 -0.8789063 0.3981934
vn -0.2619629 -0.8789063 0.3981934
vn 0.04510498 -0.4206543 0.90625
vn 0.04510498 -0.4206543 0.90625
vn 0.04510498 -0.4206543 0.90625
vn 0.04510498 -0.4206543 0.90625
vn 0.3059082 -0.04067993 0.9511719
vn 0.3059082 -0.04067993 0.9511719
vn 0.3059082 -0.04067993 0.9511719
vn 0.3059082 -0.04067993 0.9511719
vn 0.7753906 0.2653809 0.5732422
vn 0.7753906 0.2653809 0.5732422
vn 0.7753906 0.2653809 0.5732422
vn 0.7753906 0.2653809 0.5732422
vn -0.2008057 -0.7861328 0.5844727
vn -0.2008057 -0.7861328 0.5844727
vn -0.2008057 -0.7861328 0.5844727
vn -0.2008057 -0.7861328 0.5844727
vn 0.1702881 -0.3666992 0.9145508
vn 0.1702881 -0.3666992 0.9145508
vn 0.1702881 -0.3666992 0.9145508
vn 0.1702881 -0.3666992 0.9145508
vn 0.6743164 0.4780273 0.5629883
vn 0.6743164 0.4780273 0.5629883
vn 0.6743164 0.4780273 0.5629883
vn 0.6743164 0.4780273 0.5629883
vn 0.3417969 0.01916504 0.9394531
vn 0.3417969 0.01916504 0.9394531
vn 0.3417969 0.01916504 0.9394531
vn 0.3417969 0.01916504 0.9394531
vn -0.145874 -0.9223633 0.3581543
vn -0.145874 -0.9223633 0.3581543
vn -0.145874 -0.9223633 0.3581543
vn -0.145874 -0.9223633 0.3581543
vn 0.09332275 -0.4509277 0.8876953
vn 0.09332275 -0.4509277 0.8876953
vn 0.09332275 -0.4509277 0.8876953
vn 0.09332275 -0.4509277 0.8876953
vn 0.01187134 -0.4487305 0.8935547
vn 0.01187134 -0.4487305 0.8935547
vn 0.01187134 -0.4487305 0.8935547
vn 0.01187134 -0.4487305 0.8935547
vn -0.01187134 -0.4487305 0.8935547
vn -0.01187134 -0.4487305 0.8935547
vn -0.09332275 -0.4509277 0.8876953
vn -0.09332275 -0.4509277 0.8876953
vn -0.09332275 -0.4509277 0.8876953
vn -0.09332275 -0.4509277 0.8876953
vn -0.01316833 -0.9433594 0.3317871
vn -0.01316833 -0.9433594 0.3317871
vn -0.01316833 -0.9433594 0.3317871
vn -0.01316833 -0.9433594 0.3317871
vn 0.08239746 0.8183594 0.5688477
vn 0.08239746 0.8183594 0.5688477
vn 0.08239746 0.8183594 0.5688477
vn 0.08239746 0.8183594 0.5688477
vn 0.06585693 0.1601563 0.9848633
vn 0.06585693 0.1601563 0.9848633
vn 0.06585693 0.1601563 0.9848633
vn 0.06585693 0.1601563 0.9848633
vn 0.1680908 0.1464844 0.9746094
vn 0.1680908 0.1464844 0.9746094
vn 0.1680908 0.1464844 0.9746094
vn 0.1680908 0.1464844 0.9746094
vn 0.2875977 0.7739258 0.5639648
vn 0.2875977 0.7739258 0.5639648
vn 0.2875977 0.7739258 0.5639648
vn 0.2875977 0.7739258 0.5639648
vn -0.05426025 -0.9404297 0.3361816
vn -0.05426025 -0.9404297 0.3361816
vn -0.05426025 -0.9404297 0.3361816
vn -0.05426025 -0.9404297 0.3361816
vn 0.4916992 -0.8706055 -0.001703262
vn 0.4916992 -0.8706055 -0.001703262
vn 0.4916992 -0.8706055 -0.001703262
vn 0.4916992 -0.8706055 -0.001703262
vn -0.1983643 -0.1448975 0.9692383
vn -0.1983643 -0.1448975 0.9692383
vn -0.1983643 -0.1448975 0.9692383
vn -0.1983643 -0.1448975 0.9692383
vn -0.2006836 -0.1159058 0.9726563
vn -0.2006836 -0.1159058 0.9726563
vn -0.1860352 -0.112854 0.9760742
vn -0.1860352 -0.112854 0.9760742
vn -0.03762817 -0.09515381 0.9946289
vn -0.03762817 -0.09515381 0.9946289
vn -0.03762817 -0.09515381 0.9946289
vn -0.03762817 -0.09515381 0.9946289
vn 0.2421875 -0.9702148 -0.0001451969
vn 0.2421875 -0.9702148 -0.0001451969
vn 0.2421875 -0.9702148 -0.0001451969
vn 0.2421875 -0.9702148 -0.0001451969
vn -0.6142578 -0.7890625 0
vn -0.6142578 -0.7890625 0
vn -0.6142578 -0.7890625 0
vn -0.6142578 -0.7890625 0
vn 0.3779297 -0.9257813 -0.0002219677
vn 0.3779297 -0.9257813 -0.0002219677
vn 0.3779297 -0.9257813 -0.0002219677
vn 0.3779297 -0.9257813 -0.0002219677
vn 0.09631348 -0.9951172 -2.491474E-05
vn 0.09631348 -0.9951172 -2.491474E-05
vn 0.09631348 -0.9951172 -2.491474E-05
vn 0.09631348 -0.9951172 -2.491474E-05
vn -0.1016846 -0.09277344 0.9907227
vn -0.1016846 -0.09277344 0.9907227
vn -0.1016846 -0.09277344 0.9907227
vn -0.1016846 -0.09277344 0.9907227
vn -0.2202148 -0.2731934 0.9365234
vn -0.2202148 -0.2731934 0.9365234
vn -0.2202148 -0.2731934 0.9365234
vn -0.2202148 -0.2731934 0.9365234
vn -0.4802246 -0.6142578 0.6259766
vn -0.4802246 -0.6142578 0.6259766
vn -0.4802246 -0.6142578 0.6259766
vn -0.4802246 -0.6142578 0.6259766
vn -0.4892578 0.6650391 0.5639648
vn -0.4892578 0.6650391 0.5639648
vn -0.4892578 0.6650391 0.5639648
vn -0.4892578 0.6650391 0.5639648
vn -0.2817383 0.0925293 0.9550781
vn -0.2817383 0.0925293 0.9550781
vn -0.2817383 0.0925293 0.9550781
vn -0.2817383 0.0925293 0.9550781
vn 0.2619629 -0.8789063 0.3981934
vn 0.2619629 -0.8789063 0.3981934
vn 0.2619629 -0.8789063 0.3981934
vn 0.2619629 -0.8789063 0.3981934
vn -0.04510498 -0.4206543 0.90625
vn -0.04510498 -0.4206543 0.90625
vn -0.04510498 -0.4206543 0.90625
vn -0.04510498 -0.4206543 0.90625
vn -0.3059082 -0.04067993 0.9511719
vn -0.3059082 -0.04067993 0.9511719
vn -0.3059082 -0.04067993 0.9511719
vn -0.3059082 -0.04067993 0.9511719
vn -0.7753906 0.2653809 0.5732422
vn -0.7753906 0.2653809 0.5732422
vn -0.7753906 0.2653809 0.5732422
vn -0.7753906 0.2653809 0.5732422
vn 0.2008057 -0.7861328 0.5844727
vn 0.2008057 -0.7861328 0.5844727
vn 0.2008057 -0.7861328 0.5844727
vn 0.2008057 -0.7861328 0.5844727
vn -0.1702881 -0.3666992 0.9145508
vn -0.1702881 -0.3666992 0.9145508
vn -0.1702881 -0.3666992 0.9145508
vn -0.1702881 -0.3666992 0.9145508
vn -0.6743164 0.4780273 0.5629883
vn -0.6743164 0.4780273 0.5629883
vn -0.6743164 0.4780273 0.5629883
vn -0.6743164 0.4780273 0.5629883
vn -0.3417969 0.0191803 0.9394531
vn -0.3417969 0.0191803 0.9394531
vn -0.3417969 0.0191803 0.9394531
vn -0.3417969 0.0191803 0.9394531
vn 0.145874 -0.9223633 0.3581543
vn 0.145874 -0.9223633 0.3581543
vn 0.145874 -0.9223633 0.3581543
vn 0.145874 -0.9223633 0.3581543
vn 0.01316833 -0.9433594 0.3317871
vn 0.01316833 -0.9433594 0.3317871
vn 0.01316833 -0.9433594 0.3317871
vn 0.01316833 -0.9433594 0.3317871
vn -0.08239746 0.8183594 0.5688477
vn -0.08239746 0.8183594 0.5688477
vn -0.08239746 0.8183594 0.5688477
vn -0.08239746 0.8183594 0.5688477
vn -0.06585693 0.1601563 0.9848633
vn -0.06585693 0.1601563 0.9848633
vn -0.06585693 0.1601563 0.9848633
vn -0.06585693 0.1601563 0.9848633
vn -0.1680908 0.1464844 0.9746094
vn -0.1680908 0.1464844 0.9746094
vn -0.1680908 0.1464844 0.9746094
vn -0.1680908 0.1464844 0.9746094
vn -0.2875977 0.7739258 0.5644531
vn -0.2875977 0.7739258 0.5644531
vn -0.2875977 0.7739258 0.5644531
vn -0.2875977 0.7739258 0.5644531
vn 0.05426025 -0.9404297 0.3361816
vn 0.05426025 -0.9404297 0.3361816
vn 0.05426025 -0.9404297 0.3361816
vn 0.05426025 -0.9404297 0.3361816
vn 0.9941406 0.1101074 0.0004866123
vn 0.9941406 0.1102905 0.0004866123
vn 0.6245117 0.7807617 0.0002901554
vn 0.625 0.7807617 0.0002901554
vn -0.1104736 0.9936523 -7.641315E-05
vn -0.1098633 0.9941406 -7.617474E-05
vn -0.7807617 0.625 -0.0003986359
vn -0.7807617 0.625 -0.0003986359
vn -0.9941406 -0.1101074 -0.000487566
vn -0.9941406 -0.1102295 -0.000487566
vn -0.9941406 -0.1102295 -0.000487566
vn -0.9941406 -0.1101074 -0.000487566
vn -0.625 -0.7807617 -0.0002908707
vn -0.6245117 -0.7807617 -0.0002906322
vn 0.1099243 -0.9941406 7.539988E-05
vn 0.1104736 -0.9936523 7.563829E-05
vn 0.7807617 -0.625 0.0003974438
vn 0.7807617 -0.625 0.0003976822
vn 0.9941406 0.1102905 0.0004866123
vn 0.9941406 0.1101074 0.0004866123
vn -0.796875 -0.6010742 0.06130981
vn -0.796875 -0.6010742 0.06130981
vn -0.796875 -0.6010742 0.06130981
vn -0.796875 -0.6010742 0.06130981
vn 0.4477539 -0.8930664 0.04037476
vn 0.4477539 -0.8930664 0.04037476
vn 0.4477539 -0.8930664 0.04037476
vn 0.4477539 -0.8930664 0.04037476
vn 0.9897461 -0.1295166 0.05990601
vn 0.9897461 -0.1295166 0.05990601
vn 0.9897461 -0.1295166 0.05990601
vn 0.9897461 -0.1295166 0.05990601
vn -0.5253906 0.8500977 0.04104614
vn -0.5253906 0.8500977 0.04104614
vn -0.5253906 0.8500977 0.04104614
vn -0.5253906 0.8500977 0.04104614
vn -0.1956787 0.9799805 0.03988647
vn -0.1956787 0.9799805 0.03988647
vn -0.1956787 0.9799805 0.03988647
vn -0.1956787 0.9799805 0.03988647
vn -0.01681519 -0.9990234 0.04135132
vn -0.01681519 -0.9990234 0.04135132
vn -0.01681519 -0.9990234 0.04135132
vn -0.01681519 -0.9990234 0.04135132
vn -0.00276947 -0.006557465 1
vn 0.005474091 -0.003810883 1
vn -0.00276947 -0.006557465 1
vn 0.005474091 -0.003810883 1
vn -0.005561829 0.003265381 1
vn 0.005474091 -0.003810883 1
vn -0.005561829 0.003265381 1
vn 0.005474091 -0.003810883 1
vn 0.002283096 0.00604248 1
vn 0.7426758 0.6669922 0.06011963
vn 0.7426758 0.6669922 0.06011963
vn 0.7426758 0.6669922 0.06011963
vn 0.7426758 0.6669922 0.06011963
vn -0.9882813 -0.1390381 0.06234741
vn -0.9882813 -0.1390381 0.06234741
vn -0.9882813 -0.1390381 0.06234741
vn -0.9882813 -0.1390381 0.06234741
vn -0.9165039 -0.3959961 0.05529785
vn -0.9165039 -0.3959961 0.05529785
vn -0.9165039 -0.3959961 0.05529785
vn -0.9165039 -0.3959961 0.05529785
vn 0.2242432 -0.9736328 0.03640747
vn 0.2242432 -0.9736328 0.03640747
vn 0.2242432 -0.9736328 0.03640747
vn 0.2242432 -0.9736328 0.03640747
vn 0.9316406 -0.3596191 0.05401611
vn 0.9316406 -0.3596191 0.05401611
vn 0.9316406 -0.3596191 0.05401611
vn 0.9316406 -0.3596191 0.05401611
vn -0.3098145 0.9501953 0.0369873
vn -0.3098145 0.9501953 0.0369873
vn -0.3098145 0.9501953 0.0369873
vn -0.3098145 0.9501953 0.0369873
vn 0.04122925 0.9985352 0.03598022
vn 0.04122925 0.9985352 0.03598022
vn 0.04122925 0.9985352 0.03598022
vn 0.04122925 0.9985352 0.03598022
vn -0.2521973 -0.9667969 0.03726196
vn -0.2521973 -0.9667969 0.03726196
vn -0.2521973 -0.9667969 0.03726196
vn -0.2521973 -0.9667969 0.03726196
vn -0.004241943 -0.005718231 1
vn 0.004421234 -0.004993439 1
vn -0.004241943 -0.005718231 1
vn 0.004421234 -0.004993439 1
vn -0.004631042 0.004486084 1
vn 0.004421234 -0.004993439 1
vn -0.004631042 0.004486084 1
vn 0.004421234 -0.004993439 1
vn 0.003644943 0.005332947 1
vn 0.8793945 0.4731445 0.05419922
vn 0.8793945 0.4731445 0.05419922
vn 0.8793945 0.4731445 0.05419922
vn 0.8793945 0.4731445 0.05419922
vn -0.9936523 0.0982666 0.0562439
vn -0.9936523 0.0982666 0.0562439
vn -0.9936523 0.0982666 0.0562439
vn -0.9936523 0.0982666 0.0562439
vn -0.6352539 -0.7700195 0.05966187
vn -0.6352539 -0.7700195 0.05966187
vn -0.6352539 -0.7700195 0.05966187
vn -0.6352539 -0.7700195 0.05966187
vn 0.6430664 -0.7646484 0.03927612
vn 0.6430664 -0.7646484 0.03927612
vn 0.6430664 -0.7646484 0.03927612
vn 0.6430664 -0.7646484 0.03927612
vn 0.9926758 0.1040649 0.05828857
vn 0.9926758 0.1040649 0.05828857
vn 0.9926758 0.1040649 0.05828857
vn 0.9926758 0.1040649 0.05828857
vn -0.7084961 0.7045898 0.03991699
vn -0.7084961 0.7045898 0.03991699
vn -0.7084961 0.7045898 0.03991699
vn -0.7084961 0.7045898 0.03991699
vn -0.4179688 0.9077148 0.03881836
vn -0.4179688 0.9077148 0.03881836
vn -0.4179688 0.9077148 0.03881836
vn -0.4179688 0.9077148 0.03881836
vn 0.2158203 -0.9755859 0.04022217
vn 0.2158203 -0.9755859 0.04022217
vn 0.2158203 -0.9755859 0.04022217
vn 0.2158203 -0.9755859 0.04022217
vn -0.001170158 -0.007019043 1
vn 0.006210327 -0.002433777 1
vn -0.001170158 -0.007019043 1
vn 0.006210327 -0.002433777 1
vn -0.006164551 0.001883507 1
vn 0.006210327 -0.002433777 1
vn -0.006164551 0.001883507 1
vn 0.006210327 -0.002433777 1
vn 0.0008168221 0.006408691 1
vn 0.5673828 0.8212891 0.05847168
vn 0.5673828 0.8212891 0.05847168
vn 0.5673828 0.8212891 0.05847168
vn 0.5673828 0.8212891 0.05847168
vn -0.9291992 -0.3649902 0.06066895
vn -0.9291992 -0.3649902 0.06066895
vn -0.9291992 -0.3649902 0.06066895
vn -0.9291992 -0.3649902 0.06066895
vn -0.5991211 -0.7988281 0.05279541
vn -0.5991211 -0.7988281 0.05279541
vn -0.5991211 -0.7988281 0.05279541
vn -0.5991211 -0.7988281 0.05279541
vn 0.6782227 -0.7338867 0.03479004
vn 0.6782227 -0.7338867 0.03479004
vn 0.6782227 -0.7338867 0.03479004
vn 0.6782227 -0.7338867 0.03479004
vn 0.9873047 0.1503906 0.05160522
vn 0.9873047 0.1503906 0.05160522
vn 0.9873047 0.1503906 0.05160522
vn 0.9873047 0.1503906 0.05160522
vn -0.7407227 0.6708984 0.03533936
vn -0.7407227 0.6708984 0.03533936
vn -0.7407227 0.6708984 0.03533936
vn -0.7407227 0.6708984 0.03533936
vn -0.4599609 0.887207 0.03436279
vn -0.4599609 0.887207 0.03436279
vn -0.4599609 0.887207 0.03436279
vn -0.4599609 0.887207 0.03436279
vn 0.2612305 -0.9648438 0.03561401
vn 0.2612305 -0.9648438 0.03561401
vn 0.2612305 -0.9648438 0.03561401
vn 0.2612305 -0.9648438 0.03561401
vn -0.0008420944 -0.007068634 1
vn 0.006313324 -0.002141953 1
vn -0.0008420944 -0.007068634 1
vn 0.006313324 -0.002141953 1
vn -0.006248474 0.00159359 1
vn 0.006313324 -0.002141953 1
vn -0.006248474 0.00159359 1
vn 0.006313324 -0.002141953 1
vn 0.0005173683 0.006439209 1
vn 0.5283203 0.847168 0.05178833
vn 0.5283203 0.847168 0.05178833
vn 0.5283203 0.847168 0.05178833
vn 0.5283203 0.847168 0.05178833
vn -0.9111328 -0.4082031 0.05371094
vn -0.9111328 -0.4082031 0.05371094
vn -0.9111328 -0.4082031 0.05371094
vn -0.9111328 -0.4082031 0.05371094
vn -0.9477539 -0.3125 0.06256104
vn -0.9477539 -0.3125 0.06256104
vn -0.9477539 -0.3125 0.06256104
vn -0.9477539 -0.3125 0.06256104
vn 0.1364746 -0.9897461 0.04122925
vn 0.1364746 -0.9897461 0.04122925
vn 0.1364746 -0.9897461 0.04122925
vn 0.1364746 -0.9897461 0.04122925
vn 0.8955078 -0.4411621 0.06115723
vn 0.8955078 -0.4411621 0.06115723
vn 0.8955078 -0.4411621 0.06115723
vn 0.8955078 -0.4411621 0.06115723
vn -0.2236328 0.9736328 0.04190063
vn -0.2236328 0.9736328 0.04190063
vn -0.2236328 0.9736328 0.04190063
vn -0.2236328 0.9736328 0.04190063
vn 0.130127 0.9907227 0.04074097
vn 0.130127 0.9907227 0.04074097
vn 0.130127 0.9907227 0.04074097
vn 0.130127 0.9907227 0.04074097
vn -0.3374023 -0.9404297 0.04220581
vn -0.3374023 -0.9404297 0.04220581
vn -0.3374023 -0.9404297 0.04220581
vn -0.3374023 -0.9404297 0.04220581
vn -0.004734039 -0.005313873 1
vn 0.003955841 -0.005371094 1
vn -0.004734039 -0.005313873 1
vn 0.003955841 -0.005371094 1
vn -0.004211426 0.004882813 1
vn 0.003955841 -0.005371094 1
vn -0.004211426 0.004882813 1
vn 0.003955841 -0.005371094 1
vn 0.004108429 0.004985809 1
vn 0.9174805 0.3925781 0.06134033
vn 0.9174805 0.3925781 0.06134033
vn 0.9174805 0.3925781 0.06134033
vn 0.9174805 0.3925781 0.06134033
vn -0.9804688 0.1865234 0.06365967
vn -0.9804688 0.1865234 0.06365967
vn -0.9804688 0.1865234 0.06365967
vn -0.9804688 0.1865234 0.06365967
vn -0.96875 -0.241333 0.05459595
vn -0.96875 -0.241333 0.05459595
vn -0.96875 -0.241333 0.05459595
vn -0.96875 -0.241333 0.05459595
vn 0.06256104 -0.9975586 0.03594971
vn 0.06256104 -0.9975586 0.03594971
vn 0.06256104 -0.9975586 0.03594971
vn 0.06256104 -0.9975586 0.03594971
vn 0.8603516 -0.5068359 0.05334473
vn 0.8603516 -0.5068359 0.05334473
vn 0.8603516 -0.5068359 0.05334473
vn 0.8603516 -0.5068359 0.05334473
vn -0.1507568 0.987793 0.03652954
vn -0.1507568 0.987793 0.03652954
vn -0.1507568 0.987793 0.03652954
vn -0.1507568 0.987793 0.03652954
vn 0.2033691 0.9785156 0.03552246
vn 0.2033691 0.9785156 0.03552246
vn 0.2033691 0.9785156 0.03552246
vn 0.2033691 0.9785156 0.03552246
vn -0.4064941 -0.9130859 0.0368042
vn -0.4064941 -0.9130859 0.0368042
vn -0.4064941 -0.9130859 0.0368042
vn -0.4064941 -0.9130859 0.0368042
vn -0.005111694 -0.004951477 1
vn 0.003547668 -0.005649567 1
vn -0.005111694 -0.004951477 1
vn 0.003547668 -0.005649567 1
vn -0.003839493 0.005180359 1
vn 0.003547668 -0.005649567 1
vn -0.003839493 0.005180359 1
vn 0.003547668 -0.005649567 1
vn 0.00446701 0.004665375 1
vn 0.9448242 0.3234863 0.05352783
vn 0.9448242 0.3234863 0.05352783
vn 0.9448242 0.3234863 0.05352783
vn 0.9448242 0.3234863 0.05352783
vn -0.9643555 0.2587891 0.05554199
vn -0.9643555 0.2587891 0.05554199
vn -0.9643555 0.2587891 0.05554199
vn -0.9643555 0.2587891 0.05554199
vn 0.05093384 -0.9970703 0.06063843
vn 0.05093384 -0.9970703 0.06063843
vn 0.05093384 -0.9970703 0.06063843
vn 0.05093384 -0.9970703 0.06063843
vn 0.9907227 -0.1300049 0.03994751
vn 0.9907227 -0.1300049 0.03994751
vn 0.9907227 -0.1300049 0.03994751
vn 0.9907227 -0.1300049 0.03994751
vn 0.6621094 0.7470703 0.05926514
vn 0.6621094 0.7470703 0.05926514
vn 0.6621094 0.7470703 0.05926514
vn 0.6621094 0.7470703 0.05926514
vn -0.9985352 0.04162598 0.04058838
vn -0.9985352 0.04162598 0.04058838
vn -0.9985352 0.04162598 0.04058838
vn -0.9985352 0.04162598 0.04058838
vn -0.9208984 0.387207 0.03945923
vn -0.9208984 0.387207 0.03945923
vn -0.9208984 0.387207 0.03945923
vn -0.9208984 0.387207 0.03945923
vn 0.8178711 -0.5742188 0.04089355
vn 0.8178711 -0.5742188 0.04089355
vn 0.8178711 -0.5742188 0.04089355
vn 0.8178711 -0.5742188 0.04089355
vn 0.003875732 -0.005970001 1
vn 0.006221771 0.002397537 1
vn 0.003875732 -0.005970001 1
vn 0.006221771 0.002397537 1
vn -0.005821228 -0.002773285 1
vn 0.006221771 0.002397537 1
vn -0.005821228 -0.002773285 1
vn 0.006221771 0.002397537 1
vn -0.003721237 0.005279541 1
vn -0.1362305 0.9887695 0.05944824
vn -0.1362305 0.9887695 0.05944824
vn -0.1362305 0.9887695 0.05944824
vn -0.1362305 0.9887695 0.05944824
vn -0.4389648 -0.8964844 0.06167603
vn -0.4389648 -0.8964844 0.06167603
vn -0.4389648 -0.8964844 0.06167603
vn -0.4389648 -0.8964844 0.06167603
vn -0.7973633 -0.6015625 0.04766846
vn -0.7973633 -0.6015625 0.04766846
vn -0.7973633 -0.6015625 0.04766846
vn -0.7973633 -0.6015625 0.04766846
vn 0.447998 -0.8935547 0.03140259
vn 0.447998 -0.8935547 0.03140259
vn 0.447998 -0.8935547 0.03140259
vn 0.447998 -0.8935547 0.03140259
vn 0.9902344 -0.1296387 0.04656982
vn 0.9902344 -0.1296387 0.04656982
vn 0.9902344 -0.1296387 0.04656982
vn 0.9902344 -0.1296387 0.04656982
vn -0.5253906 0.8500977 0.03189087
vn -0.5253906 0.8500977 0.03189087
vn -0.5253906 0.8500977 0.03189087
vn -0.5253906 0.8500977 0.03189087
vn -0.1956787 0.9799805 0.03100586
vn -0.1956787 0.9799805 0.03100586
vn -0.1956787 0.9799805 0.03100586
vn -0.1956787 0.9799805 0.03100586
vn -0.01681519 -0.9995117 0.03213501
vn -0.01681519 -0.9995117 0.03213501
vn -0.01681519 -0.9995117 0.03213501
vn -0.01681519 -0.9995117 0.03213501
vn -0.00276947 -0.006557465 1
vn 0.005474091 -0.003810883 1
vn -0.00276947 -0.006557465 1
vn 0.005474091 -0.003810883 1
vn -0.005561829 0.003265381 1
vn 0.005474091 -0.003810883 1
vn -0.005561829 0.003265381 1
vn 0.005474091 -0.003810883 1
vn 0.002285004 0.00604248 1
vn 0.7431641 0.6674805 0.04672241
vn 0.7431641 0.6674805 0.04672241
vn 0.7431641 0.6674805 0.04672241
vn 0.7431641 0.6674805 0.04672241
vn -0.9892578 -0.1391602 0.04849243
vn -0.9892578 -0.1391602 0.04849243
vn -0.9892578 -0.1391602 0.04849243
vn -0.9892578 -0.1391602 0.04849243
vn -0.996582 0.0668335 0.04397583
vn -0.996582 0.0668335 0.04397583
vn -0.996582 0.0668335 0.04397583
vn -0.996582 0.0668335 0.04397583
vn -0.2457275 -0.96875 0.02896118
vn -0.2457275 -0.96875 0.02896118
vn -0.2457275 -0.96875 0.02896118
vn -0.2457275 -0.96875 0.02896118
vn 0.6645508 -0.7460938 0.04296875
vn 0.6645508 -0.7460938 0.04296875
vn 0.6645508 -0.7460938 0.04296875
vn 0.6645508 -0.7460938 0.04296875
vn 0.1589355 0.9868164 0.0294342
vn 0.1589355 0.9868164 0.0294342
vn 0.1589355 0.9868164 0.0294342
vn 0.1589355 0.9868164 0.0294342
vn 0.4931641 0.8696289 0.02861023
vn 0.4931641 0.8696289 0.02861023
vn 0.4931641 0.8696289 0.02861023
vn 0.4931641 0.8696289 0.02861023
vn -0.6665039 -0.7451172 0.02964783
vn -0.6665039 -0.7451172 0.02964783
vn -0.6665039 -0.7451172 0.02964783
vn -0.6665039 -0.7451172 0.02964783
vn -0.006385803 -0.003147125 1
vn 0.001646996 -0.006462097 1
vn -0.006385803 -0.003147125 1
vn 0.001646996 -0.006462097 1
vn -0.002071381 0.00610733 1
vn 0.001646996 -0.006462097 1
vn -0.002071381 0.00610733 1
vn 0.001646996 -0.006462097 1
vn 0.005680084 0.003074646 1
vn 0.9990234 0.01881409 0.04312134
vn 0.9990234 0.01881409 0.04312134
vn 0.9990234 0.01881409 0.04312134
vn 0.9990234 0.01881409 0.04312134
vn -0.8393555 0.5419922 0.04473877
vn -0.8393555 0.5419922 0.04473877
vn -0.8393555 0.5419922 0.04473877
vn -0.8393555 0.5419922 0.04473877
vn 0.0004556179 -0.005535126 1
vn 0.0004556179 -0.005535126 1
vn 0.0004556179 -0.005535126 1
vn 0.0004556179 -0.005535126 1
vn -0.007568359 -0.0009474754 1
vn -0.007568359 -0.0009474754 1
vn -0.007568359 -0.0009474754 1
vn -0.9584961 0.2788086 0.0586853
vn -0.9584961 0.2788086 0.0586853
vn -0.9584961 0.2788086 0.0586853
vn -0.9584961 0.2788086 0.0586853
vn -0.5268555 -0.8486328 0.04116821
vn -0.5268555 -0.8486328 0.04116821
vn -0.5268555 -0.8486328 0.04116821
vn -0.5268555 -0.8486328 0.04116821
vn 0.6767578 -0.7338867 0.06213379
vn 0.6767578 -0.7338867 0.06213379
vn 0.6767578 -0.7338867 0.06213379
vn 0.6767578 -0.7338867 0.06213379
vn 0.4487305 0.8925781 0.04153442
vn 0.4487305 0.8925781 0.04153442
vn 0.4487305 0.8925781 0.04153442
vn 0.4487305 0.8925781 0.04153442
vn 0.8867188 0.4604492 0.04144287
vn 0.8867188 0.4604492 0.04144287
vn 0.8867188 0.4604492 0.04144287
vn 0.8867188 0.4604492 0.04144287
vn -0.8393555 -0.5424805 0.04092407
vn -0.8393555 -0.5424805 0.04092407
vn -0.8393555 -0.5424805 0.04092407
vn -0.8393555 -0.5424805 0.04092407
vn 0.0002002716 0.00610733 1
vn 0.0002002716 0.00610733 1
vn 0.0002002716 0.00610733 1
vn 0.0002002716 0.00610733 1
vn 0.006694794 0.0009288788 1
vn 0.006694794 0.0009288788 1
vn 0.006694794 0.0009288788 1
vn 0.9755859 -0.2126465 0.05703735
vn 0.9755859 -0.2126465 0.05703735
vn 0.9755859 -0.2126465 0.05703735
vn 0.9755859 -0.2126465 0.05703735
vn -0.4997559 0.8637695 0.06234741
vn -0.4997559 0.8637695 0.06234741
vn -0.4997559 0.8637695 0.06234741
vn -0.4997559 0.8637695 0.06234741
vn -0.6953125 -0.7167969 0.05285645
vn -0.6953125 -0.7167969 0.05285645
vn -0.6953125 -0.7167969 0.05285645
vn -0.6953125 -0.7167969 0.05285645
vn 0.5800781 -0.8139648 0.03479004
vn 0.5800781 -0.8139648 0.03479004
vn 0.5800781 -0.8139648 0.03479004
vn 0.5800781 -0.8139648 0.03479004
vn 0.9985352 0.02424622 0.05163574
vn 0.9985352 0.02424622 0.05163574
vn 0.9985352 0.02424622 0.05163574
vn 0.9985352 0.02424622 0.05163574
vn -0.6499023 0.7592773 0.03536987
vn -0.6499023 0.7592773 0.03536987
vn -0.6499023 0.7592773 0.03536987
vn -0.6499023 0.7592773 0.03536987
vn -0.3439941 0.9384766 0.03439331
vn -0.3439941 0.9384766 0.03439331
vn -0.3439941 0.9384766 0.03439331
vn -0.3439941 0.9384766 0.03439331
vn 0.137085 -0.9897461 0.03561401
vn 0.137085 -0.9897461 0.03561401
vn 0.137085 -0.9897461 0.03561401
vn 0.137085 -0.9897461 0.03561401
vn -0.001727104 -0.006904602 1
vn 0.005992889 -0.002923965 1
vn -0.001727104 -0.006904602 1
vn 0.005992889 -0.002923965 1
vn -0.005992889 0.002372742 1
vn 0.005992889 -0.002923965 1
vn -0.005992889 0.002372742 1
vn 0.005992889 -0.002923965 1
vn 0.001325607 0.006320953 1
vn 0.6313477 0.7739258 0.05181885
vn 0.6313477 0.7739258 0.05181885
vn 0.6313477 0.7739258 0.05181885
vn 0.6313477 0.7739258 0.05181885
vn -0.9555664 -0.2895508 0.05374146
vn -0.9555664 -0.2895508 0.05374146
vn -0.9555664 -0.2895508 0.05374146
vn -0.9555664 -0.2895508 0.05374146
vn -0.9956055 0.0836792 0.04284668
vn -0.9956055 0.0836792 0.04284668
vn -0.9956055 0.0836792 0.04284668
vn -0.9956055 0.0836792 0.04284668
vn -0.262207 -0.9648438 0.02819824
vn -0.262207 -0.9648438 0.02819824
vn -0.262207 -0.9648438 0.02819824
vn -0.262207 -0.9648438 0.02819824
vn 0.6518555 -0.7573242 0.0418396
vn 0.6518555 -0.7573242 0.0418396
vn 0.6518555 -0.7573242 0.0418396
vn 0.6518555 -0.7573242 0.0418396
vn 0.1755371 0.9838867 0.02865601
vn 0.1755371 0.9838867 0.02865601
vn 0.1755371 0.9838867 0.02865601
vn 0.1755371 0.9838867 0.02865601
vn 0.5078125 0.8608398 0.02786255
vn 0.5078125 0.8608398 0.02786255
vn 0.5078125 0.8608398 0.02786255
vn 0.5078125 0.8608398 0.02786255
vn -0.6791992 -0.7333984 0.02886963
vn -0.6791992 -0.7333984 0.02886963
vn -0.6791992 -0.7333984 0.02886963
vn -0.6791992 -0.7333984 0.02886963
vn -0.006435394 -0.003038406 1
vn 0.001538277 -0.0064888 1
vn -0.006435394 -0.003038406 1
vn 0.001538277 -0.0064888 1
vn -0.001966476 0.006141663 1
vn 0.001538277 -0.0064888 1
vn -0.001966476 0.006141663 1
vn 0.001538277 -0.0064888 1
vn 0.005729675 0.002979279 1
vn 0.9990234 0.001941681 0.04199219
vn 0.9990234 0.001941681 0.04199219
vn 0.9990234 0.001941681 0.04199219
vn 0.9990234 0.001941681 0.04199219
vn -0.8300781 0.5561523 0.0435791
vn -0.8300781 0.5561523 0.0435791
vn -0.8300781 0.5561523 0.0435791
vn -0.8300781 0.5561523 0.0435791
vn -0.5327148 -0.8447266 0.05050659
vn -0.5327148 -0.8447266 0.05050659
vn -0.5327148 -0.8447266 0.05050659
vn -0.5327148 -0.8447266 0.05050659
vn 0.7353516 -0.6767578 0.03323364
vn 0.7353516 -0.6767578 0.03323364
vn 0.7353516 -0.6767578 0.03323364
vn 0.7353516 -0.6767578 0.03323364
vn 0.972168 0.2294922 0.04934692
vn 0.972168 0.2294922 0.04934692
vn 0.972168 0.2294922 0.04934692
vn 0.972168 0.2294922 0.04934692
vn -0.7924805 0.6088867 0.03378296
vn -0.7924805 0.6088867 0.03378296
vn -0.7924805 0.6088867 0.03378296
vn -0.7924805 0.6088867 0.03378296
vn -0.5302734 0.847168 0.03283691
vn -0.5302734 0.847168 0.03283691
vn -0.5302734 0.847168 0.03283691
vn -0.5302734 0.847168 0.03283691
vn 0.3381348 -0.9404297 0.03405762
vn 0.3381348 -0.9404297 0.03405762
vn 0.3381348 -0.9404297 0.03405762
vn 0.3381348 -0.9404297 0.03405762
vn -0.0002691746 -0.007110596 1
vn 0.006469727 -0.001625061 1
vn -0.0002691746 -0.007110596 1
vn 0.006469727 -0.001625061 1
vn -0.0063591 0.001085281 1
vn 0.006469727 -0.001625061 1
vn -0.0063591 0.001085281 1
vn 0.006469727 -0.001625061 1
vn 0 0.006458282 1
vn 0.4584961 0.887207 0.04949951
vn 0.4584961 0.887207 0.04949951
vn 0.4584961 0.887207 0.04949951
vn 0.4584961 0.887207 0.04949951
vn -0.8754883 -0.4802246 0.05136108
vn -0.8754883 -0.4802246 0.05136108
vn -0.8754883 -0.4802246 0.05136108
vn -0.8754883 -0.4802246 0.05136108
vn 0.2565918 -0.965332 0.05230713
vn 0.2565918 -0.965332 0.05230713
vn 0.2565918 -0.965332 0.05230713
vn 0.2565918 -0.965332 0.05230713
vn 0.996582 0.07824707 0.03445435
vn 0.996582 0.07824707 0.03445435
vn 0.996582 0.07824707 0.03445435
vn 0.996582 0.07824707 0.03445435
vn 0.4931641 0.8686523 0.05111694
vn 0.4931641 0.8686523 0.05111694
vn 0.4931641 0.8686523 0.05111694
vn 0.4931641 0.8686523 0.05111694
vn -0.9853516 -0.1662598 0.03500366
vn -0.9853516 -0.1662598 0.03500366
vn -0.9853516 -0.1662598 0.03500366
vn -0.9853516 -0.1662598 0.03500366
vn -0.9814453 0.1879883 0.0340271
vn -0.9814453 0.1879883 0.0340271
vn -0.9814453 0.1879883 0.0340271
vn -0.9814453 0.1879883 0.0340271
vn 0.9194336 -0.3920898 0.03527832
vn 0.9194336 -0.3920898 0.03527832
vn 0.9194336 -0.3920898 0.03527832
vn 0.9194336 -0.3920898 0.03527832
vn 0.005027771 -0.0050354 1
vn 0.005592346 0.003635406 1
vn 0.005027771 -0.0050354 1
vn 0.005592346 0.003635406 1
vn -0.005119324 -0.003921509 1
vn 0.005592346 0.003635406 1
vn -0.005119324 -0.003921509 1
vn 0.005592346 0.003635406 1
vn -0.004734039 0.004390717 1
vn -0.3383789 0.9394531 0.05130005
vn -0.3383789 0.9394531 0.05130005
vn -0.3383789 0.9394531 0.05130005
vn -0.3383789 0.9394531 0.05130005
vn -0.2436523 -0.9682617 0.05322266
vn -0.2436523 -0.9682617 0.05322266
vn -0.2436523 -0.9682617 0.05322266
vn -0.2436523 -0.9682617 0.05322266
vn -0.902832 0.4274902 0.04916382
vn -0.902832 0.4274902 0.04916382
vn -0.902832 0.4274902 0.04916382
vn -0.902832 0.4274902 0.04916382
vn -0.5839844 -0.8110352 0.03234863
vn -0.5839844 -0.8110352 0.03234863
vn -0.5839844 -0.8110352 0.03234863
vn -0.5839844 -0.8110352 0.03234863
vn 0.3444824 -0.9375 0.04803467
vn 0.3444824 -0.9375 0.04803467
vn 0.3444824 -0.9375 0.04803467
vn 0.3444824 -0.9375 0.04803467
vn 0.5097656 0.8598633 0.03286743
vn 0.5097656 0.8598633 0.03286743
vn 0.5097656 0.8598633 0.03286743
vn 0.5097656 0.8598633 0.03286743
vn 0.777832 0.6279297 0.03198242
vn 0.777832 0.6279297 0.03198242
vn 0.777832 0.6279297 0.03198242
vn 0.777832 0.6279297 0.03198242
vn -0.8930664 -0.4484863 0.03314209
vn -0.8930664 -0.4484863 0.03314209
vn -0.8930664 -0.4484863 0.03314209
vn -0.8930664 -0.4484863 0.03314209
vn -0.007091522 -0.0005869865 1
vn -0.0008382797 -0.006614685 1
vn -0.007091522 -0.0005869865 1
vn -0.0008382797 -0.006614685 1
vn 0.0003147125 0.006439209 1
vn -0.0008382797 -0.006614685 1
vn 0.0003147125 0.006439209 1
vn -0.0008382797 -0.006614685 1
vn 0.006412506 0.0007786751 1
vn 0.9360352 -0.3486328 0.04818726
vn 0.9360352 -0.3486328 0.04818726
vn 0.9360352 -0.3486328 0.04818726
vn 0.9360352 -0.3486328 0.04818726
vn -0.5820313 0.8115234 0.04998779
vn -0.5820313 0.8115234 0.04998779
vn -0.5820313 0.8115234 0.04998779
vn -0.5820313 0.8115234 0.04998779
vn -0.137207 0.9892578 0.04901123
vn -0.137207 0.9892578 0.04901123
vn -0.137207 0.9892578 0.04901123
vn -0.137207 0.9892578 0.04901123
vn -0.9985352 0.04364014 0.03225708
vn -0.9985352 0.04364014 0.03225708
vn -0.9985352 0.04364014 0.03225708
vn -0.9985352 0.04364014 0.03225708
vn -0.5952148 -0.8022461 0.04788208
vn -0.5952148 -0.8022461 0.04788208
vn -0.5952148 -0.8022461 0.04788208
vn -0.5952148 -0.8022461 0.04788208
vn 0.9985352 0.04504395 0.03277588
vn 0.9985352 0.04504395 0.03277588
vn 0.9985352 0.04504395 0.03277588
vn 0.9985352 0.04504395 0.03277588
vn 0.9516602 -0.3061523 0.03186035
vn 0.9516602 -0.3061523 0.03186035
vn 0.9516602 -0.3061523 0.03186035
vn 0.9516602 -0.3061523 0.03186035
vn -0.8647461 0.5009766 0.03302002
vn -0.8647461 0.5009766 0.03302002
vn -0.8647461 0.5009766 0.03302002
vn -0.8647461 0.5009766 0.03302002
vn -0.004379272 0.00561142 1
vn -0.005996704 -0.00292778 1
vn -0.004379272 0.00561142 1
vn -0.005996704 -0.00292778 1
vn 0.005558014 0.003267288 1
vn -0.005996704 -0.00292778 1
vn 0.005558014 0.003267288 1
vn -0.005996704 -0.00292778 1
vn 0.004165649 -0.004936218 1
vn 0.2214355 -0.9741211 0.04803467
vn 0.2214355 -0.9741211 0.04803467
vn 0.2214355 -0.9741211 0.04803467
vn 0.2214355 -0.9741211 0.04803467
vn 0.3598633 0.9316406 0.04983521
vn 0.3598633 0.9316406 0.04983521
vn 0.3598633 0.9316406 0.04983521
vn 0.3598633 0.9316406 0.04983521
vn -0.9926758 -0.1086426 0.05459595
vn -0.9926758 -0.1086426 0.05459595
vn -0.9926758 -0.1086426 0.05459595
vn -0.9926758 -0.1086426 0.05459595
vn -0.07232666 -0.996582 0.03594971
vn -0.07232666 -0.996582 0.03594971
vn -0.07232666 -0.996582 0.03594971
vn -0.07232666 -0.996582 0.03594971
vn 0.7841797 -0.6181641 0.05334473
vn 0.7841797 -0.6181641 0.05334473
vn 0.7841797 -0.6181641 0.05334473
vn 0.7841797 -0.6181641 0.05334473
vn -0.01629639 0.9990234 0.03652954
vn -0.01629639 0.9990234 0.03652954
vn -0.01629639 0.9990234 0.03652954
vn -0.01629639 0.9990234 0.03652954
vn 0.333252 0.9423828 0.03552246
vn 0.333252 0.9423828 0.03552246
vn 0.333252 0.9423828 0.03552246
vn 0.333252 0.9423828 0.03552246
vn -0.5258789 -0.8500977 0.0368042
vn -0.5258789 -0.8500977 0.0368042
vn -0.5258789 -0.8500977 0.0368042
vn -0.5258789 -0.8500977 0.0368042
vn -0.00573349 -0.00421524 1
vn 0.002752304 -0.006076813 1
vn -0.00573349 -0.00421524 1
vn 0.002752304 -0.006076813 1
vn -0.003107071 0.005649567 1
vn 0.002752304 -0.006076813 1
vn -0.003107071 0.005649567 1
vn 0.002752304 -0.006076813 1
vn 0.005054474 0.004020691 1
vn 0.9794922 0.1933594 0.05352783
vn 0.9794922 0.1933594 0.05352783
vn 0.9794922 0.1933594 0.05352783
vn 0.9794922 0.1933594 0.05352783
vn -0.9208984 0.3864746 0.05554199
vn -0.9208984 0.3864746 0.05554199
vn -0.9208984 0.3864746 0.05554199
vn -0.9208984 0.3864746 0.05554199
vn -0.002733231 0.9990234 0.04898071
vn -0.002733231 0.9990234 0.04898071
vn -0.002733231 0.9990234 0.04898071
vn -0.002733231 0.9990234 0.04898071
vn -0.9833984 0.1777344 0.03225708
vn -0.9833984 0.1777344 0.03225708
vn -0.9833984 0.1777344 0.03225708
vn -0.9833984 0.1777344 0.03225708
vn -0.6977539 -0.7148438 0.04788208
vn -0.6977539 -0.7148438 0.04788208
vn -0.6977539 -0.7148438 0.04788208
vn -0.6977539 -0.7148438 0.04788208
vn 0.9956055 -0.08978271 0.03277588
vn 0.9956055 -0.08978271 0.03277588
vn 0.9956055 -0.08978271 0.03277588
vn 0.9956055 -0.08978271 0.03277588
vn 0.9013672 -0.4313965 0.03186035
vn 0.9013672 -0.4313965 0.03186035
vn 0.9013672 -0.4313965 0.03186035
vn 0.9013672 -0.4313965 0.03186035
vn -0.7895508 0.612793 0.03302002
vn -0.7895508 0.612793 0.03302002
vn -0.7895508 0.612793 0.03302002
vn -0.7895508 0.612793 0.03302002
vn -0.003585815 0.006149292 1
vn -0.006332397 -0.002094269 1
vn -0.003585815 0.006149292 1
vn -0.006332397 -0.002094269 1
vn 0.005947113 0.00248909 1
vn -0.006332397 -0.002094269 1
vn 0.005947113 0.00248909 1
vn -0.006332397 -0.002094269 1
vn 0.003465652 -0.005451202 1
vn 0.08831787 -0.9951172 0.04803467
vn 0.08831787 -0.9951172 0.04803467
vn 0.08831787 -0.9951172 0.04803467
vn 0.08831787 -0.9951172 0.04803467
vn 0.4819336 0.8745117 0.04983521
vn 0.4819336 0.8745117 0.04983521
vn 0.4819336 0.8745117 0.04983521
vn 0.4819336 0.8745117 0.04983521
vn -0.2386475 0.1906738 -0.9521484
vn -0.6904297 -0.07653809 -0.7192383
vn -0.3037109 -0.0335083 -0.9521484
vn -0.0006380081 0.000115633 -1
vn -0.5424805 0.4335938 -0.7197266
vn -0.9741211 -0.1082153 -0.197998
vn -0.03421021 0.3032227 -0.9521484
vn -0.7651367 0.6123047 -0.1989746
vn -0.9819336 -0.1063232 0.1564941
vn 0.1899414 0.2381592 -0.9526367
vn 0.3024902 0.03375244 -0.9526367
vn -0.07678223 0.6894531 -0.7202148
vn 0.4333496 0.5419922 -0.7202148
vn 0.6894531 0.07653809 -0.7202148
vn -0.7714844 0.6171875 0.1551514
vn -0.9663086 -0.09527588 0.2393799
vn -0.1080322 0.9741211 -0.199585
vn 0.6123047 0.7651367 -0.199707
vn 0.9741211 0.1080322 -0.1993408
vn -0.7573242 0.6083984 0.2369385
vn -0.9506836 -0.09240723 0.2954102
vn -0.109314 0.9824219 0.1520996
vn 0.6176758 0.7719727 0.1508789
vn 0.9824219 0.1083984 0.1525879
vn -0.7456055 0.6000977 0.2897949
vn -0.9228516 -0.1020508 0.371582
vn -0.1064453 0.9667969 0.232666
vn 0.6079102 0.7592773 0.2310791
vn 0.9663086 0.107605 0.2332764
vn -0.7246094 0.5825195 0.3684082
vn -0.8500977 -0.09912109 0.5175781
vn -0.1046753 0.9521484 0.2875977
vn 0.5986328 0.7480469 0.2868652
vn 0.9516602 0.1062622 0.2880859
vn -0.6674805 0.534668 0.5185547
vn -0.0001366138 -6.490946E-05 1
vn -0.1018066 0.9243164 0.3676758
vn 0.581543 0.7260742 0.3674316
vn 0.9243164 0.1028442 0.3679199
vn -0.09387207 0.8500977 0.5185547
vn 0.534668 0.6674805 0.5185547
vn 0.8496094 0.09423828 0.5185547
vn 0.2375488 -0.1905518 -0.9526367
vn 0.6894531 0.07653809 -0.7202148
vn 0.3024902 0.03375244 -0.9526367
vn -0.0006380081 0.000115633 -1
vn 0.5415039 -0.434082 -0.7197266
vn 0.9741211 0.1080322 -0.1993408
vn 0.0329895 -0.3032227 -0.9521484
vn 0.7651367 -0.6123047 -0.1986084
vn 0.9824219 0.1083984 0.1525879
vn -0.1912842 -0.2380371 -0.9521484
vn -0.3037109 -0.0335083 -0.9521484
vn 0.0760498 -0.6904297 -0.7197266
vn -0.4343262 -0.5419922 -0.7192383
vn -0.6904297 -0.07653809 -0.7192383
vn 0.7709961 -0.6176758 0.1557617
vn 0.9663086 0.107605 0.2332764
vn 0.1077271 -0.9741211 -0.1977539
vn -0.612793 -0.7651367 -0.1972656
vn -0.9741211 -0.1082153 -0.197998
vn 0.7592773 -0.6054688 0.2376709
vn 0.9516602 0.1062622 0.2880859
vn 0.1113892 -0.9814453 0.1569824
vn -0.6171875 -0.7709961 0.1577148
vn -0.9819336 -0.1063232 0.1564941
vn 0.7485352 -0.5961914 0.2905273
vn 0.9243164 0.1028442 0.3679199
vn 0.1188354 -0.9633789 0.2399902
vn -0.6054688 -0.7568359 0.2457275
vn -0.9663086 -0.09527588 0.2393799
vn 0.7265625 -0.5795898 0.3686523
vn 0.8496094 0.09423828 0.5185547
vn 0.1182251 -0.9477539 0.2958984
vn -0.5961914 -0.7446289 0.3000488
vn -0.9506836 -0.09240723 0.2954102
vn 0.6679688 -0.5341797 0.5185547
vn -0.0001366138 -6.490946E-05 1
vn 0.1027832 -0.9223633 0.3718262
vn -0.5810547 -0.7260742 0.3671875
vn -0.9228516 -0.1020508 0.371582
vn 0.08972168 -0.8510742 0.5175781
vn -0.5361328 -0.6704102 0.5131836
vn -0.8500977 -0.09912109 0.5175781
vn 0.05932617 0.4440918 0.894043
vn -0.08081055 0.4406738 0.894043
vn -0.1362305 0.7426758 0.6557617
vn 0.09997559 0.7485352 0.6557617
vn -0.3591309 0.6640625 0.6557617
vn 0.1937256 0.4040527 0.894043
vn 0.326416 0.6806641 0.6557617
vn -0.2130127 0.3942871 0.894043
vn -0.546875 0.5209961 0.6557617
vn 0.309082 0.3244629 0.894043
vn 0.5209961 0.546875 0.6557617
vn -0.3244629 0.309082 0.894043
vn -0.6806641 0.326416 0.6557617
vn 0.3942871 0.2130127 0.894043
vn 0.6640625 0.3591309 0.6557617
vn -0.4040527 0.1937256 0.894043
vn -0.7485352 0.09997559 0.6557617
vn 0.4406738 0.08081055 0.894043
vn 0.7426758 0.1362305 0.6557617
vn 0.4440918 -0.05932617 0.894043
vn 0.7485352 -0.09997559 0.6557617
vn 0.4040527 -0.1937256 0.894043
vn 0.6806641 -0.326416 0.6557617
vn 0.3244629 -0.309082 0.894043
vn 0.546875 -0.5209961 0.6557617
vn 0.2130127 -0.3942871 0.894043
vn 0.3591309 -0.6640625 0.6557617
vn 0.08081055 -0.4406738 0.894043
vn 0.1362305 -0.7426758 0.6557617
vn -0.05932617 -0.4440918 0.894043
vn -0.09997559 -0.7485352 0.6557617
vn -0.1937256 -0.4040527 0.894043
vn -0.326416 -0.6806641 0.6557617
vn -0.309082 -0.3244629 0.894043
vn -0.5209961 -0.546875 0.6557617
vn -0.3942871 -0.2130127 0.894043
vn -0.6640625 -0.3591309 0.6557617
vn -0.4406738 -0.08081055 0.894043
vn -0.7426758 -0.1362305 0.6557617
vn -0.4440918 0.05932617 0.894043
g HexaBase_0
f 3/3/3 2/2/2 1/1/1
f 4/4/4 3/3/3 1/1/1
f 7/7/7 6/6/6 5/5/5
f 8/8/8 7/7/7 5/5/5
f 11/11/11 10/10/10 9/9/9
f 12/12/12 11/11/11 9/9/9
f 15/15/15 14/14/14 13/13/13
f 16/16/16 15/15/15 13/13/13
f 19/19/19 18/18/18 17/17/17
f 20/20/20 19/19/19 17/17/17
f 23/23/23 22/22/22 21/21/21
f 24/24/24 23/23/23 21/21/21
f 27/27/27 26/26/26 25/25/25
f 26/26/26 28/28/28 25/25/25
f 25/25/25 28/28/28 29/29/29
f 26/26/26 30/30/30 28/28/28
f 28/28/28 31/31/31 29/29/29
f 30/30/30 32/32/32 28/28/28
f 28/28/28 32/32/32 31/31/31
f 32/32/32 33/33/33 31/31/31
f 36/36/36 35/35/35 34/34/34
f 37/37/37 36/36/36 34/34/34
f 40/40/40 39/39/39 38/38/38
f 41/41/41 40/40/40 38/38/38
f 44/44/44 43/43/43 42/42/42
f 44/44/44 42/42/42 45/45/45
f 46/46/46 44/44/44 45/45/45
f 46/46/46 45/45/45 47/47/47
f 48/48/48 46/46/46 47/47/47
f 48/48/48 47/47/47 49/49/49
f 50/50/50 48/48/48 49/49/49
f 53/53/53 52/52/52 51/51/51
f 52/52/52 54/54/54 51/51/51
f 52/52/52 55/55/55 54/54/54
f 55/55/55 56/56/56 54/54/54
f 55/55/55 57/57/57 56/56/56
f 57/57/57 58/58/58 56/56/56
f 57/57/57 59/59/59 58/58/58
f 62/62/62 61/61/61 60/60/60
f 61/61/61 63/63/63 60/60/60
f 61/61/61 64/64/64 63/63/63
f 64/64/64 65/65/65 63/63/63
f 64/64/64 66/66/66 65/65/65
f 66/66/66 67/67/67 65/65/65
f 66/66/66 68/68/68 67/67/67
f 71/71/71 70/70/70 69/69/69
f 70/70/70 72/72/72 69/69/69
f 70/70/70 73/73/73 72/72/72
f 73/73/73 74/74/74 72/72/72
f 73/73/73 75/75/75 74/74/74
f 75/75/75 76/76/76 74/74/74
f 75/75/75 77/77/77 76/76/76
f 80/80/80 79/79/79 78/78/78
f 80/80/80 78/78/78 81/81/81
f 82/82/82 80/80/80 81/81/81
f 82/82/82 81/81/81 83/83/83
f 84/84/84 82/82/82 83/83/83
f 84/84/84 83/83/83 85/85/85
f 86/86/86 84/84/84 85/85/85
f 89/89/89 88/88/88 87/87/87
f 88/88/88 90/90/90 87/87/87
f 88/88/88 91/91/91 90/90/90
f 91/91/91 92/92/92 90/90/90
f 91/91/91 93/93/93 92/92/92
f 93/93/93 94/94/94 92/92/92
f 93/93/93 95/95/95 94/94/94
f 98/98/98 97/97/97 96/96/96
f 97/97/97 99/99/99 96/96/96
f 97/97/97 100/100/100 99/99/99
f 100/100/100 101/101/101 99/99/99
f 100/100/100 102/102/102 101/101/101
f 102/102/102 103/103/103 101/101/101
f 102/102/102 104/104/104 103/103/103
f 107/107/107 106/106/106 105/105/105
f 106/106/106 108/108/108 105/105/105
f 106/106/106 109/109/109 108/108/108
f 109/109/109 110/110/110 108/108/108
f 109/109/109 111/111/111 110/110/110
f 111/111/111 112/112/112 110/110/110
f 113/113/113 112/112/112 111/111/111
f 116/116/116 115/115/115 114/114/114
f 115/115/115 117/117/117 114/114/114
f 115/115/115 118/118/118 117/117/117
f 118/118/118 119/119/119 117/117/117
f 118/118/118 120/120/120 119/119/119
f 120/120/120 121/121/121 119/119/119
f 120/120/120 122/122/122 121/121/121
f 125/125/125 124/124/124 123/123/123
f 125/125/125 123/123/123 126/126/126
f 127/127/127 125/125/125 126/126/126
f 127/127/127 126/126/126 128/128/128
f 129/129/129 127/127/127 128/128/128
f 129/129/129 128/128/128 130/130/130
f 131/131/131 129/129/129 130/130/130
f 134/134/134 133/133/133 132/132/132
f 133/133/133 135/135/135 132/132/132
f 133/133/133 136/136/136 135/135/135
f 136/136/136 137/137/137 135/135/135
f 136/136/136 138/138/138 137/137/137
f 138/138/138 139/139/139 137/137/137
f 138/138/138 140/140/140 139/139/139
f 143/143/143 142/142/142 141/141/141
f 142/142/142 144/144/144 141/141/141
f 142/142/142 145/145/145 144/144/144
f 145/145/145 146/146/146 144/144/144
f 145/145/145 147/147/147 146/146/146
f 147/147/147 148/148/148 146/146/146
f 147/147/147 149/149/149 148/148/148
f 152/152/152 151/151/151 150/150/150
f 151/151/151 153/153/153 150/150/150
f 151/151/151 154/154/154 153/153/153
f 154/154/154 155/155/155 153/153/153
f 154/154/154 156/156/156 155/155/155
f 156/156/156 157/157/157 155/155/155
f 156/156/156 158/158/158 157/157/157
f 161/161/161 160/160/160 159/159/159
f 159/159/159 160/160/160 162/162/162
f 160/160/160 163/163/163 162/162/162
f 162/162/162 163/163/163 164/164/164
f 163/163/163 165/165/165 164/164/164
f 164/164/164 165/165/165 166/166/166
f 165/165/165 167/167/167 166/166/166
f 170/170/170 169/169/169 168/168/168
f 169/169/169 171/171/171 168/168/168
f 169/169/169 172/172/172 171/171/171
f 172/172/172 173/173/173 171/171/171
f 172/172/172 174/174/174 173/173/173
f 174/174/174 175/175/175 173/173/173
f 174/174/174 176/176/176 175/175/175
f 179/179/179 178/178/178 177/177/177
f 178/178/178 180/180/180 177/177/177
f 178/178/178 181/181/181 180/180/180
f 181/181/181 182/182/182 180/180/180
f 181/181/181 183/183/183 182/182/182
f 183/183/183 184/184/184 182/182/182
f 183/183/183 185/185/185 184/184/184
f 188/188/188 187/187/187 186/186/186
f 187/187/187 189/189/189 186/186/186
f 187/187/187 190/190/190 189/189/189
f 190/190/190 191/191/191 189/189/189
f 190/190/190 192/192/192 191/191/191
f 192/192/192 193/193/193 191/191/191
f 194/194/194 193/193/193 192/192/192
f 197/197/197 196/196/196 195/195/195
f 196/196/196 198/198/198 195/195/195
f 196/196/196 199/199/199 198/198/198
f 199/199/199 200/200/200 198/198/198
f 199/199/199 201/201/201 200/200/200
f 201/201/201 202/202/202 200/200/200
f 201/201/201 203/203/203 202/202/202
f 206/206/206 205/205/205 204/204/204
f 206/206/206 204/204/204 207/207/207
f 208/208/208 206/206/206 207/207/207
f 208/208/208 207/207/207 209/209/209
f 210/210/210 208/208/208 209/209/209
f 210/210/210 209/209/209 211/211/211
f 212/212/212 210/210/210 211/211/211
f 215/215/215 214/214/214 213/213/213
f 214/214/214 216/216/216 213/213/213
f 214/214/214 217/217/217 216/216/216
f 217/217/217 218/218/218 216/216/216
f 217/217/217 219/219/219 218/218/218
f 219/219/219 220/220/220 218/218/218
f 219/219/219 221/221/221 220/220/220
f 224/224/224 223/223/223 222/222/222
f 223/223/223 225/225/225 222/222/222
f 223/223/223 226/226/226 225/225/225
f 226/226/226 227/227/227 225/225/225
f 226/226/226 228/228/228 227/227/227
f 228/228/228 229/229/229 227/227/227
f 228/228/228 230/230/230 229/229/229
f 233/233/233 232/232/232 231/231/231
f 232/232/232 234/234/234 231/231/231
f 232/232/232 235/235/235 234/234/234
f 235/235/235 236/236/236 234/234/234
f 235/235/235 237/237/237 236/236/236
f 237/237/237 238/238/238 236/236/236
f 237/237/237 239/239/239 238/238/238
f 242/242/242 241/241/241 240/240/240
f 242/242/242 240/240/240 243/243/243
f 244/244/244 242/242/242 243/243/243
f 244/244/244 243/243/243 245/245/245
f 246/246/246 244/244/244 245/245/245
f 246/246/246 245/245/245 247/247/247
f 248/248/248 246/246/246 247/247/247
f 251/251/251 250/250/250 249/249/249
f 250/250/250 252/252/252 249/249/249
f 250/250/250 253/253/253 252/252/252
f 253/253/253 254/254/254 252/252/252
f 253/253/253 255/255/255 254/254/254
f 255/255/255 256/256/256 254/254/254
f 255/255/255 257/257/257 256/256/256
f 260/260/260 259/259/259 258/258/258
f 259/259/259 261/261/261 258/258/258
f 259/259/259 262/262/262 261/261/261
f 262/262/262 263/263/263 261/261/261
f 262/262/262 264/264/264 263/263/263
f 264/264/264 265/265/265 263/263/263
f 264/264/264 266/266/266 265/265/265
f 269/269/269 268/268/268 267/267/267
f 268/268/268 270/270/270 267/267/267
f 268/268/268 271/271/271 270/270/270
f 271/271/271 272/272/272 270/270/270
f 271/271/271 273/273/273 272/272/272
f 273/273/273 274/274/274 272/272/272
f 275/275/275 274/274/274 273/273/273
f 278/278/278 277/277/277 276/276/276
f 277/277/277 279/279/279 276/276/276
f 277/277/277 280/280/280 279/279/279
f 280/280/280 281/281/281 279/279/279
f 280/280/280 282/282/282 281/281/281
f 282/282/282 283/283/283 281/281/281
f 282/282/282 284/284/284 283/283/283
f 287/287/287 286/286/286 285/285/285
f 287/287/287 285/285/285 288/288/288
f 289/289/289 287/287/287 288/288/288
f 289/289/289 288/288/288 290/290/290
f 291/291/291 289/289/289 290/290/290
f 291/291/291 290/290/290 292/292/292
f 293/293/293 291/291/291 292/292/292
f 296/296/296 295/295/295 294/294/294
f 295/295/295 297/297/297 294/294/294
f 295/295/295 298/298/298 297/297/297
f 298/298/298 299/299/299 297/297/297
f 298/298/298 300/300/300 299/299/299
f 300/300/300 301/301/301 299/299/299
f 300/300/300 302/302/302 301/301/301
f 305/305/305 304/304/304 303/303/303
f 304/304/304 306/306/306 303/303/303
f 304/304/304 307/307/307 306/306/306
f 307/307/307 308/308/308 306/306/306
f 307/307/307 309/309/309 308/308/308
f 309/309/309 310/310/310 308/308/308
f 309/309/309 311/311/311 310/310/310
f 314/314/314 313/313/313 312/312/312
f 313/313/313 315/315/315 312/312/312
f 313/313/313 316/316/316 315/315/315
f 316/316/316 317/317/317 315/315/315
f 316/316/316 318/318/318 317/317/317
f 318/318/318 319/319/319 317/317/317
f 318/318/318 320/320/320 319/319/319
f 323/323/323 322/322/322 321/321/321
f 323/323/323 321/321/321 324/324/324
f 325/325/325 323/323/323 324/324/324
f 325/325/325 324/324/324 326/326/326
f 327/327/327 325/325/325 326/326/326
f 327/327/327 326/326/326 328/328/328
f 329/329/329 327/327/327 328/328/328
f 332/332/332 331/331/331 330/330/330
f 331/331/331 333/333/333 330/330/330
f 331/331/331 334/334/334 333/333/333
f 334/334/334 335/335/335 333/333/333
f 334/334/334 336/336/336 335/335/335
f 336/336/336 337/337/337 335/335/335
f 336/336/336 338/338/338 337/337/337
f 341/341/341 340/340/340 339/339/339
f 340/340/340 342/342/342 339/339/339
f 340/340/340 343/343/343 342/342/342
f 343/343/343 344/344/344 342/342/342
f 343/343/343 345/345/345 344/344/344
f 345/345/345 346/346/346 344/344/344
f 345/345/345 347/347/347 346/346/346
f 350/350/350 349/349/349 348/348/348
f 349/349/349 351/351/351 348/348/348
f 349/349/349 352/352/352 351/351/351
f 352/352/352 353/353/353 351/351/351
f 352/352/352 354/354/354 353/353/353
f 354/354/354 355/355/355 353/353/353
f 356/356/356 355/355/355 354/354/354
f 359/359/359 358/358/358 357/357/357
f 358/358/358 360/360/360 357/357/357
f 358/358/358 361/361/361 360/360/360
f 361/361/361 362/362/362 360/360/360
f 361/361/361 363/363/363 362/362/362
f 363/363/363 364/364/364 362/362/362
f 363/363/363 365/365/365 364/364/364
f 368/368/368 367/367/367 366/366/366
f 368/368/368 366/366/366 369/369/369
f 370/370/370 368/368/368 369/369/369
f 370/370/370 369/369/369 371/371/371
f 372/372/372 370/370/370 371/371/371
f 372/372/372 371/371/371 373/373/373
f 374/374/374 372/372/372 373/373/373
f 377/377/377 376/376/376 375/375/375
f 376/376/376 378/378/378 375/375/375
f 376/376/376 379/379/379 378/378/378
f 379/379/379 380/380/380 378/378/378
f 379/379/379 381/381/381 380/380/380
f 381/381/381 382/382/382 380/380/380
f 381/381/381 383/383/383 382/382/382
f 386/386/386 385/385/385 384/384/384
f 385/385/385 387/387/387 384/384/384
f 385/385/385 388/388/388 387/387/387
f 388/388/388 389/389/389 387/387/387
f 388/388/388 390/390/390 389/389/389
f 390/390/390 391/391/391 389/389/389
f 390/390/390 392/392/392 391/391/391
f 395/395/395 394/394/394 393/393/393
f 394/394/394 396/396/396 393/393/393
f 394/394/394 397/397/397 396/396/396
f 397/397/397 398/398/398 396/396/396
f 397/397/397 399/399/399 398/398/398
f 399/399/399 400/400/400 398/398/398
f 399/399/399 401/401/401 400/400/400
f 404/404/404 403/403/403 402/402/402
f 404/404/404 402/402/402 405/405/405
f 406/406/406 404/404/404 405/405/405
f 406/406/406 405/405/405 407/407/407
f 408/408/408 406/406/406 407/407/407
f 408/408/408 407/407/407 409/409/409
f 410/410/410 408/408/408 409/409/409
f 413/413/413 412/412/412 411/411/411
f 412/412/412 414/414/414 411/411/411
f 412/412/412 415/415/415 414/414/414
f 415/415/415 416/416/416 414/414/414
f 415/415/415 417/417/417 416/416/416
f 417/417/417 418/418/418 416/416/416
f 417/417/417 419/419/419 418/418/418
f 422/422/422 421/421/421 420/420/420
f 421/421/421 423/423/423 420/420/420
f 421/421/421 424/424/424 423/423/423
f 424/424/424 425/425/425 423/423/423
f 424/424/424 426/426/426 425/425/425
f 426/426/426 427/427/427 425/425/425
f 426/426/426 428/428/428 427/427/427
f 431/431/431 430/430/430 429/429/429
f 430/430/430 432/432/432 429/429/429
f 430/430/430 433/433/433 432/432/432
f 433/433/433 434/434/434 432/432/432
f 433/433/433 435/435/435 434/434/434
f 435/435/435 436/436/436 434/434/434
f 437/437/437 436/436/436 435/435/435
f 440/440/440 439/439/439 438/438/438
f 439/439/439 441/441/441 438/438/438
f 439/439/439 442/442/442 441/441/441
f 442/442/442 443/443/443 441/441/441
f 442/442/442 444/444/444 443/443/443
f 444/444/444 445/445/445 443/443/443
f 444/444/444 446/446/446 445/445/445
f 449/449/449 448/448/448 447/447/447
f 449/449/449 447/447/447 450/450/450
f 451/451/451 449/449/449 450/450/450
f 451/451/451 450/450/450 452/452/452
f 453/453/453 451/451/451 452/452/452
f 453/453/453 452/452/452 454/454/454
f 455/455/455 453/453/453 454/454/454
f 458/458/458 457/457/457 456/456/456
f 457/457/457 459/459/459 456/456/456
f 457/457/457 460/460/460 459/459/459
f 460/460/460 461/461/461 459/459/459
f 460/460/460 462/462/462 461/461/461
f 462/462/462 463/463/463 461/461/461
f 462/462/462 464/464/464 463/463/463
f 467/467/467 466/466/466 465/465/465
f 466/466/466 468/468/468 465/465/465
f 466/466/466 469/469/469 468/468/468
f 469/469/469 470/470/470 468/468/468
f 469/469/469 471/471/471 470/470/470
f 471/471/471 472/472/472 470/470/470
f 471/471/471 473/473/473 472/472/472
f 476/476/476 475/475/475 474/474/474
f 475/475/475 477/477/477 474/474/474
f 475/475/475 478/478/478 477/477/477
f 478/478/478 479/479/479 477/477/477
f 478/478/478 480/480/480 479/479/479
f 480/480/480 481/481/481 479/479/479
f 480/480/480 482/482/482 481/481/481
f 485/485/485 484/484/484 483/483/483
f 485/485/485 483/483/483 486/486/486
f 487/487/487 485/485/485 486/486/486
f 487/487/487 486/486/486 488/488/488
f 489/489/489 487/487/487 488/488/488
f 489/489/489 488/488/488 490/490/490
f 491/491/491 489/489/489 490/490/490
f 494/494/494 493/493/493 492/492/492
f 493/493/493 495/495/495 492/492/492
f 493/493/493 496/496/496 495/495/495
f 496/496/496 497/497/497 495/495/495
f 496/496/496 498/498/498 497/497/497
f 498/498/498 499/499/499 497/497/497
f 498/498/498 500/500/500 499/499/499
f 503/503/503 502/502/502 501/501/501
f 502/502/502 504/504/504 501/501/501
f 502/502/502 505/505/505 504/504/504
f 505/505/505 506/506/506 504/504/504
f 505/505/505 507/507/507 506/506/506
f 507/507/507 508/508/508 506/506/506
f 507/507/507 509/509/509 508/508/508
f 512/512/512 511/511/511 510/510/510
f 511/511/511 513/513/513 510/510/510
f 511/511/511 514/514/514 513/513/513
f 514/514/514 515/515/515 513/513/513
f 514/514/514 516/516/516 515/515/515
f 516/516/516 517/517/517 515/515/515
f 518/518/518 517/517/517 516/516/516
f 521/521/521 520/520/520 519/519/519
f 520/520/520 522/522/522 519/519/519
f 520/520/520 523/523/523 522/522/522
f 523/523/523 524/524/524 522/522/522
f 523/523/523 525/525/525 524/524/524
f 525/525/525 526/526/526 524/524/524
f 525/525/525 527/527/527 526/526/526
f 530/530/530 529/529/529 528/528/528
f 530/530/530 528/528/528 531/531/531
f 532/532/532 530/530/530 531/531/531
f 532/532/532 531/531/531 533/533/533
f 534/534/534 532/532/532 533/533/533
f 534/534/534 533/533/533 535/535/535
f 536/536/536 534/534/534 535/535/535
f 539/539/539 538/538/538 537/537/537
f 538/538/538 540/540/540 537/537/537
f 538/538/538 541/541/541 540/540/540
f 541/541/541 542/542/542 540/540/540
f 541/541/541 543/543/543 542/542/542
f 543/543/543 544/544/544 542/542/542
f 543/543/543 545/545/545 544/544/544
f 548/548/548 547/547/547 546/546/546
f 547/547/547 549/549/549 546/546/546
f 547/547/547 550/550/550 549/549/549
f 550/550/550 551/551/551 549/549/549
f 550/550/550 552/552/552 551/551/551
f 552/552/552 553/553/553 551/551/551
f 552/552/552 554/554/554 553/553/553
f 557/557/557 556/556/556 555/555/555
f 556/556/556 558/558/558 555/555/555
f 556/556/556 559/559/559 558/558/558
f 559/559/559 560/560/560 558/558/558
f 559/559/559 561/561/561 560/560/560
f 561/561/561 562/562/562 560/560/560
f 561/561/561 563/563/563 562/562/562
f 566/566/566 565/565/565 564/564/564
f 566/566/566 564/564/564 567/567/567
f 568/568/568 566/566/566 567/567/567
f 568/568/568 567/567/567 569/569/569
f 570/570/570 568/568/568 569/569/569
f 570/570/570 569/569/569 571/571/571
f 572/572/572 570/570/570 571/571/571
f 575/575/575 574/574/574 573/573/573
f 574/574/574 576/576/576 573/573/573
f 574/574/574 577/577/577 576/576/576
f 577/577/577 578/578/578 576/576/576
f 577/577/577 579/579/579 578/578/578
f 579/579/579 580/580/580 578/578/578
f 579/579/579 581/581/581 580/580/580
f 584/584/584 583/583/583 582/582/582
f 583/583/583 585/585/585 582/582/582
f 583/583/583 586/586/586 585/585/585
f 586/586/586 587/587/587 585/585/585
f 586/586/586 588/588/588 587/587/587
f 588/588/588 589/589/589 587/587/587
f 588/588/588 590/590/590 589/589/589
f 593/593/593 592/592/592 591/591/591
f 592/592/592 594/594/594 591/591/591
f 592/592/592 595/595/595 594/594/594
f 595/595/595 596/596/596 594/594/594
f 595/595/595 597/597/597 596/596/596
f 597/597/597 598/598/598 596/596/596
f 599/599/599 598/598/598 597/597/597
f 602/602/602 601/601/601 600/600/600
f 601/601/601 603/603/603 600/600/600
f 601/601/601 604/604/604 603/603/603
f 604/604/604 605/605/605 603/603/603
f 604/604/604 606/606/606 605/605/605
f 606/606/606 607/607/607 605/605/605
f 606/606/606 608/608/608 607/607/607
f 611/611/611 610/610/610 609/609/609
f 609/609/609 610/610/610 612/612/612
f 610/610/610 613/613/613 612/612/612
f 612/612/612 613/613/613 614/614/614
f 613/613/613 615/615/615 614/614/614
f 614/614/614 615/615/615 616/616/616
f 615/615/615 617/617/617 616/616/616
f 620/620/620 619/619/619 618/618/618
f 621/621/621 620/620/620 618/618/618
f 622/622/622 620/620/620 621/621/621
f 623/623/623 622/622/622 621/621/621
f 624/624/624 622/622/622 623/623/623
f 625/625/625 624/624/624 623/623/623
f 626/626/626 624/624/624 625/625/625
f 629/629/629 628/628/628 627/627/627
f 630/630/630 629/629/629 627/627/627
f 631/631/631 629/629/629 630/630/630
f 632/632/632 631/631/631 630/630/630
f 633/633/633 631/631/631 632/632/632
f 634/634/634 633/633/633 632/632/632
f 635/635/635 633/633/633 634/634/634
f 638/638/638 637/637/637 636/636/636
f 639/639/639 638/638/638 636/636/636
f 640/640/640 638/638/638 639/639/639
f 641/641/641 640/640/640 639/639/639
f 642/642/642 640/640/640 641/641/641
f 643/643/643 642/642/642 641/641/641
f 644/644/644 642/642/642 643/643/643
f 647/647/647 646/646/646 645/645/645
f 645/645/645 646/646/646 648/648/648
f 646/646/646 649/649/649 648/648/648
f 648/648/648 649/649/649 650/650/650
f 649/649/649 651/651/651 650/650/650
f 650/650/650 651/651/651 652/652/652
f 651/651/651 653/653/653 652/652/652
f 656/656/656 655/655/655 654/654/654
f 657/657/657 656/656/656 654/654/654
f 658/658/658 656/656/656 657/657/657
f 659/659/659 658/658/658 657/657/657
f 660/660/660 658/658/658 659/659/659
f 661/661/661 660/660/660 659/659/659
f 662/662/662 660/660/660 661/661/661
f 665/665/665 664/664/664 663/663/663
f 666/666/666 665/665/665 663/663/663
f 667/667/667 665/665/665 666/666/666
f 668/668/668 667/667/667 666/666/666
f 669/669/669 667/667/667 668/668/668
f 670/670/670 669/669/669 668/668/668
f 671/671/671 669/669/669 670/670/670
f 674/674/674 673/673/673 672/672/672
f 675/675/675 674/674/674 672/672/672
f 676/676/676 674/674/674 675/675/675
f 677/677/677 676/676/676 675/675/675
f 678/678/678 676/676/676 677/677/677
f 679/679/679 678/678/678 677/677/677
f 679/679/679 680/680/680 678/678/678
f 683/683/683 682/682/682 681/681/681
f 684/684/684 683/683/683 681/681/681
f 685/685/685 683/683/683 684/684/684
f 686/686/686 685/685/685 684/684/684
f 687/687/687 685/685/685 686/686/686
f 688/688/688 687/687/687 686/686/686
f 689/689/689 687/687/687 688/688/688
f 692/692/692 691/691/691 690/690/690
f 692/692/692 690/690/690 693/693/693
f 694/694/694 692/692/692 693/693/693
f 694/694/694 693/693/693 695/695/695
f 696/696/696 694/694/694 695/695/695
f 696/696/696 695/695/695 697/697/697
f 698/698/698 696/696/696 697/697/697
f 701/701/701 700/700/700 699/699/699
f 700/700/700 702/702/702 699/699/699
f 700/700/700 703/703/703 702/702/702
f 703/703/703 704/704/704 702/702/702
f 703/703/703 705/705/705 704/704/704
f 705/705/705 706/706/706 704/704/704
f 705/705/705 707/707/707 706/706/706
f 710/710/710 709/709/709 708/708/708
f 709/709/709 711/711/711 708/708/708
f 709/709/709 712/712/712 711/711/711
f 712/712/712 713/713/713 711/711/711
f 712/712/712 714/714/714 713/713/713
f 714/714/714 715/715/715 713/713/713
f 714/714/714 716/716/716 715/715/715
f 719/719/719 718/718/718 717/717/717
f 718/718/718 720/720/720 717/717/717
f 718/718/718 721/721/721 720/720/720
f 721/721/721 722/722/722 720/720/720
f 721/721/721 723/723/723 722/722/722
f 723/723/723 724/724/724 722/722/722
f 723/723/723 725/725/725 724/724/724
f 728/728/728 727/727/727 726/726/726
f 728/728/728 726/726/726 729/729/729
f 730/730/730 728/728/728 729/729/729
f 730/730/730 729/729/729 731/731/731
f 732/732/732 730/730/730 731/731/731
f 732/732/732 731/731/731 733/733/733
f 734/734/734 732/732/732 733/733/733
f 737/737/737 736/736/736 735/735/735
f 736/736/736 738/738/738 735/735/735
f 736/736/736 739/739/739 738/738/738
f 739/739/739 740/740/740 738/738/738
f 739/739/739 741/741/741 740/740/740
f 741/741/741 742/742/742 740/740/740
f 741/741/741 743/743/743 742/742/742
f 746/746/746 745/745/745 744/744/744
f 745/745/745 747/747/747 744/744/744
f 745/745/745 748/748/748 747/747/747
f 748/748/748 749/749/749 747/747/747
f 748/748/748 750/750/750 749/749/749
f 750/750/750 751/751/751 749/749/749
f 750/750/750 752/752/752 751/751/751
f 755/755/755 754/754/754 753/753/753
f 754/754/754 756/756/756 753/753/753
f 754/754/754 757/757/757 756/756/756
f 757/757/757 758/758/758 756/756/756
f 757/757/757 759/759/759 758/758/758
f 759/759/759 760/760/760 758/758/758
f 761/761/761 760/760/760 759/759/759
f 764/764/764 763/763/763 762/762/762
f 763/763/763 765/765/765 762/762/762
f 763/763/763 766/766/766 765/765/765
f 766/766/766 767/767/767 765/765/765
f 766/766/766 768/768/768 767/767/767
f 768/768/768 769/769/769 767/767/767
f 768/768/768 770/770/770 769/769/769
f 773/773/773 772/772/772 771/771/771
f 773/773/773 771/771/771 774/774/774
f 775/775/775 773/773/773 774/774/774
f 775/775/775 774/774/774 776/776/776
f 777/777/777 775/775/775 776/776/776
f 777/777/777 776/776/776 778/778/778
f 779/779/779 777/777/777 778/778/778
f 782/782/782 781/781/781 780/780/780
f 781/781/781 783/783/783 780/780/780
f 781/781/781 784/784/784 783/783/783
f 784/784/784 785/785/785 783/783/783
f 784/784/784 786/786/786 785/785/785
f 786/786/786 787/787/787 785/785/785
f 786/786/786 788/788/788 787/787/787
f 791/791/791 790/790/790 789/789/789
f 790/790/790 792/792/792 789/789/789
f 790/790/790 793/793/793 792/792/792
f 793/793/793 794/794/794 792/792/792
f 793/793/793 795/795/795 794/794/794
f 795/795/795 796/796/796 794/794/794
f 795/795/795 797/797/797 796/796/796
f 800/800/800 799/799/799 798/798/798
f 799/799/799 801/801/801 798/798/798
f 799/799/799 802/802/802 801/801/801
f 802/802/802 803/803/803 801/801/801
f 802/802/802 804/804/804 803/803/803
f 804/804/804 805/805/805 803/803/803
f 804/804/804 806/806/806 805/805/805
f 809/809/809 808/808/808 807/807/807
f 809/809/809 807/807/807 810/810/810
f 811/811/811 809/809/809 810/810/810
f 811/811/811 810/810/810 812/812/812
f 813/813/813 811/811/811 812/812/812
f 813/813/813 812/812/812 814/814/814
f 815/815/815 813/813/813 814/814/814
f 818/818/818 817/817/817 816/816/816
f 817/817/817 819/819/819 816/816/816
f 817/817/817 820/820/820 819/819/819
f 820/820/820 821/821/821 819/819/819
f 820/820/820 822/822/822 821/821/821
f 822/822/822 823/823/823 821/821/821
f 822/822/822 824/824/824 823/823/823
f 827/827/827 826/826/826 825/825/825
f 826/826/826 828/828/828 825/825/825
f 826/826/826 829/829/829 828/828/828
f 829/829/829 830/830/830 828/828/828
f 829/829/829 831/831/831 830/830/830
f 831/831/831 832/832/832 830/830/830
f 831/831/831 833/833/833 832/832/832
f 836/836/836 835/835/835 834/834/834
f 835/835/835 837/837/837 834/834/834
f 835/835/835 838/838/838 837/837/837
f 838/838/838 839/839/839 837/837/837
f 838/838/838 840/840/840 839/839/839
f 840/840/840 841/841/841 839/839/839
f 842/842/842 841/841/841 840/840/840
f 845/845/845 844/844/844 843/843/843
f 844/844/844 846/846/846 843/843/843
f 844/844/844 847/847/847 846/846/846
f 847/847/847 848/848/848 846/846/846
f 847/847/847 849/849/849 848/848/848
f 849/849/849 850/850/850 848/848/848
f 849/849/849 851/851/851 850/850/850
f 854/854/854 853/853/853 852/852/852
f 854/854/854 852/852/852 855/855/855
f 856/856/856 854/854/854 855/855/855
f 856/856/856 855/855/855 857/857/857
f 858/858/858 856/856/856 857/857/857
f 858/858/858 857/857/857 859/859/859
f 860/860/860 858/858/858 859/859/859
f 863/863/863 862/862/862 861/861/861
f 862/862/862 864/864/864 861/861/861
f 862/862/862 865/865/865 864/864/864
f 865/865/865 866/866/866 864/864/864
f 865/865/865 867/867/867 866/866/866
f 867/867/867 868/868/868 866/866/866
f 867/867/867 869/869/869 868/868/868
f 872/872/872 871/871/871 870/870/870
f 871/871/871 873/873/873 870/870/870
f 871/871/871 874/874/874 873/873/873
f 874/874/874 875/875/875 873/873/873
f 874/874/874 876/876/876 875/875/875
f 876/876/876 877/877/877 875/875/875
f 876/876/876 878/878/878 877/877/877
f 881/881/881 880/880/880 879/879/879
f 880/880/880 882/882/882 879/879/879
f 880/880/880 883/883/883 882/882/882
f 883/883/883 884/884/884 882/882/882
f 883/883/883 885/885/885 884/884/884
f 885/885/885 886/886/886 884/884/884
f 885/885/885 887/887/887 886/886/886
f 890/890/890 889/889/889 888/888/888
f 890/890/890 888/888/888 891/891/891
f 892/892/892 890/890/890 891/891/891
f 892/892/892 891/891/891 893/893/893
f 894/894/894 892/892/892 893/893/893
f 894/894/894 893/893/893 895/895/895
f 896/896/896 894/894/894 895/895/895
f 899/899/899 898/898/898 897/897/897
f 898/898/898 900/900/900 897/897/897
f 898/898/898 901/901/901 900/900/900
f 901/901/901 902/902/902 900/900/900
f 901/901/901 903/903/903 902/902/902
f 903/903/903 904/904/904 902/902/902
f 903/903/903 905/905/905 904/904/904
f 908/908/908 907/907/907 906/906/906
f 907/907/907 909/909/909 906/906/906
f 907/907/907 910/910/910 909/909/909
f 910/910/910 911/911/911 909/909/909
f 910/910/910 912/912/912 911/911/911
f 912/912/912 913/913/913 911/911/911
f 912/912/912 914/914/914 913/913/913
f 917/917/917 916/916/916 915/915/915
f 916/916/916 918/918/918 915/915/915
f 916/916/916 919/919/919 918/918/918
f 919/919/919 920/920/920 918/918/918
f 919/919/919 921/921/921 920/920/920
f 921/921/921 922/922/922 920/920/920
f 923/923/923 922/922/922 921/921/921
f 926/926/926 925/925/925 924/924/924
f 925/925/925 927/927/927 924/924/924
f 925/925/925 928/928/928 927/927/927
f 928/928/928 929/929/929 927/927/927
f 928/928/928 930/930/930 929/929/929
f 930/930/930 931/931/931 929/929/929
f 930/930/930 932/932/932 931/931/931
f 935/935/935 934/934/934 933/933/933
f 935/935/935 933/933/933 936/936/936
f 937/937/937 935/935/935 936/936/936
f 937/937/937 936/936/936 938/938/938
f 939/939/939 937/937/937 938/938/938
f 939/939/939 938/938/938 940/940/940
f 941/941/941 939/939/939 940/940/940
f 944/944/944 943/943/943 942/942/942
f 943/943/943 945/945/945 942/942/942
f 943/943/943 946/946/946 945/945/945
f 946/946/946 947/947/947 945/945/945
f 946/946/946 948/948/948 947/947/947
f 948/948/948 949/949/949 947/947/947
f 948/948/948 950/950/950 949/949/949
f 953/953/953 952/952/952 951/951/951
f 952/952/952 954/954/954 951/951/951
f 952/952/952 955/955/955 954/954/954
f 955/955/955 956/956/956 954/954/954
f 955/955/955 957/957/957 956/956/956
f 957/957/957 958/958/958 956/956/956
f 957/957/957 959/959/959 958/958/958
f 962/962/962 961/961/961 960/960/960
f 961/961/961 963/963/963 960/960/960
f 961/961/961 964/964/964 963/963/963
f 964/964/964 965/965/965 963/963/963
f 964/964/964 966/966/966 965/965/965
f 966/966/966 967/967/967 965/965/965
f 966/966/966 968/968/968 967/967/967
f 971/971/971 970/970/970 969/969/969
f 971/971/971 969/969/969 972/972/972
f 973/973/973 971/971/971 972/972/972
f 973/973/973 972/972/972 974/974/974
f 975/975/975 973/973/973 974/974/974
f 975/975/975 974/974/974 976/976/976
f 977/977/977 975/975/975 976/976/976
f 980/980/980 979/979/979 978/978/978
f 979/979/979 981/981/981 978/978/978
f 979/979/979 982/982/982 981/981/981
f 982/982/982 983/983/983 981/981/981
f 982/982/982 984/984/984 983/983/983
f 984/984/984 985/985/985 983/983/983
f 984/984/984 986/986/986 985/985/985
f 989/989/989 988/988/988 987/987/987
f 988/988/988 990/990/990 987/987/987
f 988/988/988 991/991/991 990/990/990
f 991/991/991 992/992/992 990/990/990
f 991/991/991 993/993/993 992/992/992
f 993/993/993 994/994/994 992/992/992
f 993/993/993 995/995/995 994/994/994
f 998/998/998 997/997/997 996/996/996
f 997/997/997 999/999/999 996/996/996
f 997/997/997 1000/1000/1000 999/999/999
f 1000/1000/1000 1001/1001/1001 999/999/999
f 1000/1000/1000 1002/1002/1002 1001/1001/1001
f 1002/1002/1002 1003/1003/1003 1001/1001/1001
f 1004/1004/1004 1003/1003/1003 1002/1002/1002
f 1007/1007/1007 1006/1006/1006 1005/1005/1005
f 1006/1006/1006 1008/1008/1008 1005/1005/1005
f 1006/1006/1006 1009/1009/1009 1008/1008/1008
f 1009/1009/1009 1010/1010/1010 1008/1008/1008
f 1009/1009/1009 1011/1011/1011 1010/1010/1010
f 1011/1011/1011 1012/1012/1012 1010/1010/1010
f 1011/1011/1011 1013/1013/1013 1012/1012/1012
f 1016/1016/1016 1015/1015/1015 1014/1014/1014
f 1016/1016/1016 1014/1014/1014 1017/1017/1017
f 1018/1018/1018 1016/1016/1016 1017/1017/1017
f 1018/1018/1018 1017/1017/1017 1019/1019/1019
f 1020/1020/1020 1018/1018/1018 1019/1019/1019
f 1020/1020/1020 1019/1019/1019 1021/1021/1021
f 1022/1022/1022 1020/1020/1020 1021/1021/1021
f 1025/1025/1025 1024/1024/1024 1023/1023/1023
f 1024/1024/1024 1026/1026/1026 1023/1023/1023
f 1024/1024/1024 1027/1027/1027 1026/1026/1026
f 1027/1027/1027 1028/1028/1028 1026/1026/1026
f 1027/1027/1027 1029/1029/1029 1028/1028/1028
f 1029/1029/1029 1030/1030/1030 1028/1028/1028
f 1029/1029/1029 1031/1031/1031 1030/1030/1030
f 1034/1034/1034 1033/1033/1033 1032/1032/1032
f 1033/1033/1033 1035/1035/1035 1032/1032/1032
f 1033/1033/1033 1036/1036/1036 1035/1035/1035
f 1036/1036/1036 1037/1037/1037 1035/1035/1035
f 1036/1036/1036 1038/1038/1038 1037/1037/1037
f 1038/1038/1038 1039/1039/1039 1037/1037/1037
f 1038/1038/1038 1040/1040/1040 1039/1039/1039
f 1043/1043/1043 1042/1042/1042 1041/1041/1041
f 1042/1042/1042 1044/1044/1044 1041/1041/1041
f 1042/1042/1042 1045/1045/1045 1044/1044/1044
f 1045/1045/1045 1046/1046/1046 1044/1044/1044
f 1045/1045/1045 1047/1047/1047 1046/1046/1046
f 1047/1047/1047 1048/1048/1048 1046/1046/1046
f 1047/1047/1047 1049/1049/1049 1048/1048/1048
f 1052/1052/1052 1051/1051/1051 1050/1050/1050
f 1052/1052/1052 1050/1050/1050 1053/1053/1053
f 1054/1054/1054 1052/1052/1052 1053/1053/1053
f 1054/1054/1054 1053/1053/1053 1055/1055/1055
f 1056/1056/1056 1054/1054/1054 1055/1055/1055
f 1056/1056/1056 1055/1055/1055 1057/1057/1057
f 1058/1058/1058 1056/1056/1056 1057/1057/1057
f 1061/1061/1061 1060/1060/1060 1059/1059/1059
f 1060/1060/1060 1062/1062/1062 1059/1059/1059
f 1060/1060/1060 1063/1063/1063 1062/1062/1062
f 1063/1063/1063 1064/1064/1064 1062/1062/1062
f 1063/1063/1063 1065/1065/1065 1064/1064/1064
f 1065/1065/1065 1066/1066/1066 1064/1064/1064
f 1065/1065/1065 1067/1067/1067 1066/1066/1066
f 1070/1070/1070 1069/1069/1069 1068/1068/1068
f 1069/1069/1069 1071/1071/1071 1068/1068/1068
f 1069/1069/1069 1072/1072/1072 1071/1071/1071
f 1072/1072/1072 1073/1073/1073 1071/1071/1071
f 1072/1072/1072 1074/1074/1074 1073/1073/1073
f 1074/1074/1074 1075/1075/1075 1073/1073/1073
f 1074/1074/1074 1076/1076/1076 1075/1075/1075
f 1079/1079/1079 1078/1078/1078 1077/1077/1077
f 1078/1078/1078 1080/1080/1080 1077/1077/1077
f 1078/1078/1078 1081/1081/1081 1080/1080/1080
f 1081/1081/1081 1082/1082/1082 1080/1080/1080
f 1081/1081/1081 1083/1083/1083 1082/1082/1082
f 1083/1083/1083 1084/1084/1084 1082/1082/1082
f 1085/1085/1085 1084/1084/1084 1083/1083/1083
f 1088/1088/1088 1087/1087/1087 1086/1086/1086
f 1087/1087/1087 1089/1089/1089 1086/1086/1086
f 1087/1087/1087 1090/1090/1090 1089/1089/1089
f 1090/1090/1090 1091/1091/1091 1089/1089/1089
f 1090/1090/1090 1092/1092/1092 1091/1091/1091
f 1092/1092/1092 1093/1093/1093 1091/1091/1091
f 1092/1092/1092 1094/1094/1094 1093/1093/1093
f 1097/1097/1097 1096/1096/1096 1095/1095/1095
f 1097/1097/1097 1095/1095/1095 1098/1098/1098
f 1099/1099/1099 1097/1097/1097 1098/1098/1098
f 1099/1099/1099 1098/1098/1098 1100/1100/1100
f 1101/1101/1101 1099/1099/1099 1100/1100/1100
f 1101/1101/1101 1100/1100/1100 1102/1102/1102
f 1103/1103/1103 1101/1101/1101 1102/1102/1102
f 1106/1106/1106 1105/1105/1105 1104/1104/1104
f 1105/1105/1105 1107/1107/1107 1104/1104/1104
f 1105/1105/1105 1108/1108/1108 1107/1107/1107
f 1108/1108/1108 1109/1109/1109 1107/1107/1107
f 1108/1108/1108 1110/1110/1110 1109/1109/1109
f 1110/1110/1110 1111/1111/1111 1109/1109/1109
f 1110/1110/1110 1112/1112/1112 1111/1111/1111
f 1115/1115/1115 1114/1114/1114 1113/1113/1113
f 1114/1114/1114 1116/1116/1116 1113/1113/1113
f 1114/1114/1114 1117/1117/1117 1116/1116/1116
f 1117/1117/1117 1118/1118/1118 1116/1116/1116
f 1117/1117/1117 1119/1119/1119 1118/1118/1118
f 1119/1119/1119 1120/1120/1120 1118/1118/1118
f 1119/1119/1119 1121/1121/1121 1120/1120/1120
f 1124/1124/1124 1123/1123/1123 1122/1122/1122
f 1123/1123/1123 1125/1125/1125 1122/1122/1122
f 1123/1123/1123 1126/1126/1126 1125/1125/1125
f 1126/1126/1126 1127/1127/1127 1125/1125/1125
f 1126/1126/1126 1128/1128/1128 1127/1127/1127
f 1128/1128/1128 1129/1129/1129 1127/1127/1127
f 1128/1128/1128 1130/1130/1130 1129/1129/1129
f 1133/1133/1133 1132/1132/1132 1131/1131/1131
f 1133/1133/1133 1131/1131/1131 1134/1134/1134
f 1135/1135/1135 1133/1133/1133 1134/1134/1134
f 1135/1135/1135 1134/1134/1134 1136/1136/1136
f 1137/1137/1137 1135/1135/1135 1136/1136/1136
f 1137/1137/1137 1136/1136/1136 1138/1138/1138
f 1139/1139/1139 1137/1137/1137 1138/1138/1138
f 1142/1142/1142 1141/1141/1141 1140/1140/1140
f 1141/1141/1141 1143/1143/1143 1140/1140/1140
f 1141/1141/1141 1144/1144/1144 1143/1143/1143
f 1144/1144/1144 1145/1145/1145 1143/1143/1143
f 1144/1144/1144 1146/1146/1146 1145/1145/1145
f 1146/1146/1146 1147/1147/1147 1145/1145/1145
f 1146/1146/1146 1148/1148/1148 1147/1147/1147
f 1151/1151/1151 1150/1150/1150 1149/1149/1149
f 1150/1150/1150 1152/1152/1152 1149/1149/1149
f 1150/1150/1150 1153/1153/1153 1152/1152/1152
f 1153/1153/1153 1154/1154/1154 1152/1152/1152
f 1153/1153/1153 1155/1155/1155 1154/1154/1154
f 1155/1155/1155 1156/1156/1156 1154/1154/1154
f 1155/1155/1155 1157/1157/1157 1156/1156/1156
f 1160/1160/1160 1159/1159/1159 1158/1158/1158
f 1159/1159/1159 1161/1161/1161 1158/1158/1158
f 1159/1159/1159 1162/1162/1162 1161/1161/1161
f 1162/1162/1162 1163/1163/1163 1161/1161/1161
f 1162/1162/1162 1164/1164/1164 1163/1163/1163
f 1164/1164/1164 1165/1165/1165 1163/1163/1163
f 1166/1166/1166 1165/1165/1165 1164/1164/1164
f 1169/1169/1169 1168/1168/1168 1167/1167/1167
f 1168/1168/1168 1170/1170/1170 1167/1167/1167
f 1168/1168/1168 1171/1171/1171 1170/1170/1170
f 1171/1171/1171 1172/1172/1172 1170/1170/1170
f 1171/1171/1171 1173/1173/1173 1172/1172/1172
f 1173/1173/1173 1174/1174/1174 1172/1172/1172
f 1173/1173/1173 1175/1175/1175 1174/1174/1174
f 1178/1178/1178 1177/1177/1177 1176/1176/1176
f 1178/1178/1178 1176/1176/1176 1179/1179/1179
f 1180/1180/1180 1178/1178/1178 1179/1179/1179
f 1180/1180/1180 1179/1179/1179 1181/1181/1181
f 1182/1182/1182 1180/1180/1180 1181/1181/1181
f 1182/1182/1182 1181/1181/1181 1183/1183/1183
f 1184/1184/1184 1182/1182/1182 1183/1183/1183
f 1187/1187/1187 1186/1186/1186 1185/1185/1185
f 1186/1186/1186 1188/1188/1188 1185/1185/1185
f 1186/1186/1186 1189/1189/1189 1188/1188/1188
f 1189/1189/1189 1190/1190/1190 1188/1188/1188
f 1189/1189/1189 1191/1191/1191 1190/1190/1190
f 1191/1191/1191 1192/1192/1192 1190/1190/1190
f 1191/1191/1191 1193/1193/1193 1192/1192/1192
f 1196/1196/1196 1195/1195/1195 1194/1194/1194
f 1195/1195/1195 1197/1197/1197 1194/1194/1194
f 1195/1195/1195 1198/1198/1198 1197/1197/1197
f 1198/1198/1198 1199/1199/1199 1197/1197/1197
f 1198/1198/1198 1200/1200/1200 1199/1199/1199
f 1200/1200/1200 1201/1201/1201 1199/1199/1199
f 1200/1200/1200 1202/1202/1202 1201/1201/1201
f 1205/1205/1205 1204/1204/1204 1203/1203/1203
f 1204/1204/1204 1206/1206/1206 1203/1203/1203
f 1204/1204/1204 1207/1207/1207 1206/1206/1206
f 1207/1207/1207 1208/1208/1208 1206/1206/1206
f 1207/1207/1207 1209/1209/1209 1208/1208/1208
f 1209/1209/1209 1210/1210/1210 1208/1208/1208
f 1209/1209/1209 1211/1211/1211 1210/1210/1210
f 1214/1214/1214 1213/1213/1213 1212/1212/1212
f 1214/1214/1214 1212/1212/1212 1215/1215/1215
f 1216/1216/1216 1214/1214/1214 1215/1215/1215
f 1216/1216/1216 1215/1215/1215 1217/1217/1217
f 1218/1218/1218 1216/1216/1216 1217/1217/1217
f 1218/1218/1218 1217/1217/1217 1219/1219/1219
f 1220/1220/1220 1218/1218/1218 1219/1219/1219
f 1223/1223/1223 1222/1222/1222 1221/1221/1221
f 1222/1222/1222 1224/1224/1224 1221/1221/1221
f 1222/1222/1222 1225/1225/1225 1224/1224/1224
f 1225/1225/1225 1226/1226/1226 1224/1224/1224
f 1225/1225/1225 1227/1227/1227 1226/1226/1226
f 1227/1227/1227 1228/1228/1228 1226/1226/1226
f 1227/1227/1227 1229/1229/1229 1228/1228/1228
f 1232/1232/1232 1231/1231/1231 1230/1230/1230
f 1231/1231/1231 1233/1233/1233 1230/1230/1230
f 1231/1231/1231 1234/1234/1234 1233/1233/1233
f 1234/1234/1234 1235/1235/1235 1233/1233/1233
f 1234/1234/1234 1236/1236/1236 1235/1235/1235
f 1236/1236/1236 1237/1237/1237 1235/1235/1235
f 1236/1236/1236 1238/1238/1238 1237/1237/1237
f 1241/1241/1241 1240/1240/1240 1239/1239/1239
f 1240/1240/1240 1242/1242/1242 1239/1239/1239
f 1240/1240/1240 1243/1243/1243 1242/1242/1242
f 1243/1243/1243 1244/1244/1244 1242/1242/1242
f 1243/1243/1243 1245/1245/1245 1244/1244/1244
f 1245/1245/1245 1246/1246/1246 1244/1244/1244
f 1247/1247/1247 1246/1246/1246 1245/1245/1245
f 1250/1250/1250 1249/1249/1249 1248/1248/1248
f 1249/1249/1249 1251/1251/1251 1248/1248/1248
f 1249/1249/1249 1252/1252/1252 1251/1251/1251
f 1252/1252/1252 1253/1253/1253 1251/1251/1251
f 1252/1252/1252 1254/1254/1254 1253/1253/1253
f 1254/1254/1254 1255/1255/1255 1253/1253/1253
f 1254/1254/1254 1256/1256/1256 1255/1255/1255
f 1259/1259/1259 1258/1258/1258 1257/1257/1257
f 1258/1258/1258 1260/1260/1260 1257/1257/1257
f 1257/1257/1257 1260/1260/1260 1261/1261/1261
f 1260/1260/1260 1258/1258/1258 1262/1262/1262
f 1258/1258/1258 1263/1263/1263 1262/1262/1262
f 1263/1263/1263 1264/1264/1264 1262/1262/1262
f 1265/1265/1265 1262/1262/1262 1264/1264/1264
f 1262/1262/1262 1265/1265/1265 1260/1260/1260
f 1266/1266/1266 1265/1265/1265 1264/1264/1264
f 1260/1260/1260 1267/1267/1267 1261/1261/1261
f 1265/1265/1265 1267/1267/1267 1260/1260/1260
f 1268/1268/1268 1261/1261/1261 1267/1267/1267
f 1267/1267/1267 1265/1265/1265 1269/1269/1269
f 1269/1269/1269 1268/1268/1268 1267/1267/1267
f 1269/1269/1269 1265/1265/1265 1270/1270/1270
f 1268/1268/1268 1269/1269/1269 1271/1271/1271
f 1272/1272/1272 1269/1269/1269 1270/1270/1270
f 1271/1271/1271 1269/1269/1269 1272/1272/1272
f 1275/1275/1275 1274/1274/1274 1273/1273/1273
f 1273/1273/1273 1276/1276/1276 1275/1275/1275
f 1273/1273/1273 1277/1277/1277 1276/1276/1276
f 1278/1278/1278 1277/1277/1277 1273/1273/1273
f 1279/1279/1279 1278/1278/1278 1273/1273/1273
f 1279/1279/1279 1273/1273/1273 1280/1280/1280
f 1278/1278/1278 1279/1279/1279 1281/1281/1281
f 1279/1279/1279 1280/1280/1280 1282/1282/1282
f 1279/1279/1279 1283/1283/1283 1281/1281/1281
f 1283/1283/1283 1279/1279/1279 1282/1282/1282
f 1282/1282/1282 1284/1284/1284 1283/1283/1283
f 1283/1283/1283 1284/1284/1284 1285/1285/1285
f 1286/1286/1286 1283/1283/1283 1285/1285/1285
f 1289/1289/1289 1288/1288/1288 1287/1287/1287
f 1288/1288/1288 1290/1290/1290 1287/1287/1287
f 1291/1291/1291 1287/1287/1287 1290/1290/1290
f 1287/1287/1287 1291/1291/1291 1292/1292/1292
f 1293/1293/1293 1290/1290/1290 1288/1288/1288
f 1294/1294/1294 1293/1293/1293 1288/1288/1288
f 1293/1293/1293 1294/1294/1294 1295/1295/1295
f 1296/1296/1296 1293/1293/1293 1295/1295/1295
f 1290/1290/1290 1293/1293/1293 1297/1297/1297
f 1297/1297/1297 1293/1293/1293 1296/1296/1296
f 1297/1297/1297 1291/1291/1291 1290/1290/1290
f 1298/1298/1298 1297/1297/1297 1296/1296/1296
f 1299/1299/1299 1297/1297/1297 1298/1298/1298
f 1291/1291/1291 1297/1297/1297 1299/1299/1299
f 1292/1292/1292 1291/1291/1291 1299/1299/1299
f 1300/1300/1300 1292/1292/1292 1299/1299/1299
f 1303/1303/1303 1302/1302/1302 1301/1301/1301
f 1304/1304/1304 1303/1303/1303 1301/1301/1301
f 1305/1305/1305 1304/1304/1304 1301/1301/1301
f 1303/1303/1303 1304/1304/1304 1306/1306/1306
f 1304/1304/1304 1305/1305/1305 1307/1307/1307
f 1304/1304/1304 1308/1308/1308 1306/1306/1306
f 1308/1308/1308 1304/1304/1304 1307/1307/1307
f 1309/1309/1309 1306/1306/1306 1308/1308/1308
f 1309/1309/1309 1308/1308/1308 1307/1307/1307
f 1306/1306/1306 1309/1309/1309 1310/1310/1310
f 1309/1309/1309 1307/1307/1307 1311/1311/1311
f 1309/1309/1309 1312/1312/1312 1310/1310/1310
f 1312/1312/1312 1309/1309/1309 1311/1311/1311
f 1315/1315/1315 1314/1314/1314 1313/1313/1313
f 1314/1314/1314 1316/1316/1316 1313/1313/1313
f 1313/1313/1313 1316/1316/1316 1317/1317/1317
f 1316/1316/1316 1314/1314/1314 1318/1318/1318
f 1314/1314/1314 1319/1319/1319 1318/1318/1318
f 1319/1319/1319 1320/1320/1320 1318/1318/1318
f 1321/1321/1321 1318/1318/1318 1320/1320/1320
f 1318/1318/1318 1321/1321/1321 1316/1316/1316
f 1322/1322/1322 1321/1321/1321 1320/1320/1320
f 1316/1316/1316 1323/1323/1323 1317/1317/1317
f 1321/1321/1321 1323/1323/1323 1316/1316/1316
f 1324/1324/1324 1317/1317/1317 1323/1323/1323
f 1323/1323/1323 1321/1321/1321 1325/1325/1325
f 1325/1325/1325 1324/1324/1324 1323/1323/1323
f 1325/1325/1325 1321/1321/1321 1326/1326/1326
f 1324/1324/1324 1325/1325/1325 1327/1327/1327
f 1328/1328/1328 1325/1325/1325 1326/1326/1326
f 1327/1327/1327 1325/1325/1325 1328/1328/1328
f 1331/1331/1331 1330/1330/1330 1329/1329/1329
f 1329/1329/1329 1332/1332/1332 1331/1331/1331
f 1329/1329/1329 1333/1333/1333 1332/1332/1332
f 1334/1334/1334 1333/1333/1333 1329/1329/1329
f 1335/1335/1335 1334/1334/1334 1329/1329/1329
f 1335/1335/1335 1329/1329/1329 1336/1336/1336
f 1334/1334/1334 1335/1335/1335 1337/1337/1337
f 1335/1335/1335 1336/1336/1336 1338/1338/1338
f 1335/1335/1335 1339/1339/1339 1337/1337/1337
f 1339/1339/1339 1335/1335/1335 1338/1338/1338
f 1338/1338/1338 1340/1340/1340 1339/1339/1339
f 1339/1339/1339 1340/1340/1340 1341/1341/1341
f 1342/1342/1342 1339/1339/1339 1341/1341/1341
f 1345/1345/1345 1344/1344/1344 1343/1343/1343
f 1344/1344/1344 1346/1346/1346 1343/1343/1343
f 1347/1347/1347 1343/1343/1343 1346/1346/1346
f 1343/1343/1343 1347/1347/1347 1348/1348/1348
f 1349/1349/1349 1346/1346/1346 1344/1344/1344
f 1350/1350/1350 1349/1349/1349 1344/1344/1344
f 1349/1349/1349 1350/1350/1350 1351/1351/1351
f 1352/1352/1352 1349/1349/1349 1351/1351/1351
f 1346/1346/1346 1349/1349/1349 1353/1353/1353
f 1353/1353/1353 1349/1349/1349 1352/1352/1352
f 1353/1353/1353 1347/1347/1347 1346/1346/1346
f 1354/1354/1354 1353/1353/1353 1352/1352/1352
f 1355/1355/1355 1353/1353/1353 1354/1354/1354
f 1347/1347/1347 1353/1353/1353 1355/1355/1355
f 1348/1348/1348 1347/1347/1347 1355/1355/1355
f 1356/1356/1356 1348/1348/1348 1355/1355/1355
f 1359/1359/1359 1358/1358/1358 1357/1357/1357
f 1360/1360/1360 1359/1359/1359 1357/1357/1357
f 1361/1361/1361 1360/1360/1360 1357/1357/1357
f 1359/1359/1359 1360/1360/1360 1362/1362/1362
f 1360/1360/1360 1361/1361/1361 1363/1363/1363
f 1360/1360/1360 1364/1364/1364 1362/1362/1362
f 1364/1364/1364 1360/1360/1360 1363/1363/1363
f 1365/1365/1365 1362/1362/1362 1364/1364/1364
f 1365/1365/1365 1364/1364/1364 1363/1363/1363
f 1362/1362/1362 1365/1365/1365 1366/1366/1366
f 1365/1365/1365 1363/1363/1363 1367/1367/1367
f 1365/1365/1365 1368/1368/1368 1366/1366/1366
f 1368/1368/1368 1365/1365/1365 1367/1367/1367
f 1371/1371/1371 1370/1370/1370 1369/1369/1369
f 1370/1370/1370 1372/1372/1372 1369/1369/1369
f 1370/1370/1370 1373/1373/1373 1372/1372/1372
f 1369/1369/1369 1372/1372/1372 1374/1374/1374
f 1373/1373/1373 1375/1375/1375 1372/1372/1372
f 1372/1372/1372 1376/1376/1376 1374/1374/1374
f 1372/1372/1372 1375/1375/1375 1376/1376/1376
f 1375/1375/1375 1377/1377/1377 1376/1376/1376
f 1378/1378/1378 1374/1374/1374 1376/1376/1376
f 1379/1379/1379 1376/1376/1376 1377/1377/1377
f 1379/1379/1379 1378/1378/1378 1376/1376/1376
f 1380/1380/1380 1379/1379/1379 1377/1377/1377
f 1380/1380/1380 1381/1381/1381 1379/1379/1379
f 1379/1379/1379 1382/1382/1382 1378/1378/1378
f 1381/1381/1381 1382/1382/1382 1379/1379/1379
f 1382/1382/1382 1383/1383/1383 1378/1378/1378
f 1382/1382/1382 1381/1381/1381 1384/1384/1384
f 1383/1383/1383 1382/1382/1382 1385/1385/1385
f 1385/1385/1385 1382/1382/1382 1384/1384/1384
f 1386/1386/1386 1383/1383/1383 1385/1385/1385
f 1386/1386/1386 1385/1385/1385 1387/1387/1387
f 1385/1385/1385 1384/1384/1384 1388/1388/1388
f 1385/1385/1385 1388/1388/1388 1387/1387/1387
f 1384/1384/1384 1389/1389/1389 1388/1388/1388
f 1387/1387/1387 1388/1388/1388 1390/1390/1390
f 1388/1388/1388 1389/1389/1389 1391/1391/1391
f 1388/1388/1388 1391/1391/1391 1390/1390/1390
f 1389/1389/1389 1392/1392/1392 1391/1391/1391
f 1390/1390/1390 1391/1391/1391 1393/1393/1393
f 1391/1391/1391 1392/1392/1392 1394/1394/1394
f 1391/1391/1391 1394/1394/1394 1393/1393/1393
f 1392/1392/1392 1395/1395/1395 1394/1394/1394
f 1394/1394/1394 1395/1395/1395 1396/1396/1396
f 1393/1393/1393 1394/1394/1394 1397/1397/1397
f 1397/1397/1397 1394/1394/1394 1396/1396/1396
f 1398/1398/1398 1393/1393/1393 1397/1397/1397
f 1398/1398/1398 1397/1397/1397 1399/1399/1399
f 1397/1397/1397 1396/1396/1396 1400/1400/1400
f 1397/1397/1397 1400/1400/1400 1399/1399/1399
f 1396/1396/1396 1401/1401/1401 1400/1400/1400
f 1399/1399/1399 1400/1400/1400 1402/1402/1402
f 1400/1400/1400 1401/1401/1401 1403/1403/1403
f 1400/1400/1400 1403/1403/1403 1402/1402/1402
f 1401/1401/1401 1404/1404/1404 1403/1403/1403
f 1402/1402/1402 1403/1403/1403 1405/1405/1405
f 1403/1403/1403 1404/1404/1404 1406/1406/1406
f 1403/1403/1403 1406/1406/1406 1405/1405/1405
f 1404/1404/1404 1407/1407/1407 1406/1406/1406
f 1406/1406/1406 1407/1407/1407 1408/1408/1408
f 1405/1405/1405 1406/1406/1406 1409/1409/1409
f 1409/1409/1409 1406/1406/1406 1408/1408/1408
f 1410/1410/1410 1405/1405/1405 1409/1409/1409
f 1410/1410/1410 1409/1409/1409 1411/1411/1411
f 1409/1409/1409 1408/1408/1408 1412/1412/1412
f 1409/1409/1409 1412/1412/1412 1411/1411/1411
f 1408/1408/1408 1413/1413/1413 1412/1412/1412
f 1411/1411/1411 1412/1412/1412 1414/1414/1414
f 1412/1412/1412 1413/1413/1413 1415/1415/1415
f 1412/1412/1412 1415/1415/1415 1414/1414/1414
f 1413/1413/1413 1416/1416/1416 1415/1415/1415
f 1414/1414/1414 1415/1415/1415 1417/1417/1417
f 1415/1415/1415 1416/1416/1416 1418/1418/1418
f 1415/1415/1415 1418/1418/1418 1417/1417/1417
f 1416/1416/1416 1419/1419/1419 1418/1418/1418
f 1418/1418/1418 1419/1419/1419 1420/1420/1420
f 1417/1417/1417 1418/1418/1418 1421/1421/1421
f 1421/1421/1421 1418/1418/1418 1420/1420/1420
f 1422/1422/1422 1417/1417/1417 1421/1421/1421
f 1422/1422/1422 1421/1421/1421 1423/1423/1423
f 1421/1421/1421 1420/1420/1420 1424/1424/1424
f 1421/1421/1421 1424/1424/1424 1423/1423/1423
f 1420/1420/1420 1425/1425/1425 1424/1424/1424
f 1423/1423/1423 1424/1424/1424 1426/1426/1426
f 1424/1424/1424 1425/1425/1425 1427/1427/1427
f 1424/1424/1424 1427/1427/1427 1426/1426/1426
f 1425/1425/1425 1428/1428/1428 1427/1427/1427
f 1427/1427/1427 1428/1428/1428 1429/1429/1429
f 1427/1427/1427 1430/1430/1430 1426/1426/1426
f 1430/1430/1430 1427/1427/1427 1429/1429/1429
f 1430/1430/1430 1431/1431/1431 1426/1426/1426
f 1430/1430/1430 1429/1429/1429 1432/1432/1432
f 1430/1430/1430 1432/1432/1432 1431/1431/1431
f 1429/1429/1429 1433/1433/1433 1432/1432/1432
f 1432/1432/1432 1434/1434/1434 1431/1431/1431
f 1432/1432/1432 1433/1433/1433 1435/1435/1435
f 1434/1434/1434 1432/1432/1432 1436/1436/1436
f 1436/1436/1436 1432/1432/1432 1435/1435/1435
f 1437/1437/1437 1434/1434/1434 1436/1436/1436
f 1437/1437/1437 1436/1436/1436 1438/1438/1438
f 1436/1436/1436 1435/1435/1435 1439/1439/1439
f 1436/1436/1436 1439/1439/1439 1438/1438/1438
f 1435/1435/1435 1440/1440/1440 1439/1439/1439
f 1438/1438/1438 1439/1439/1439 1441/1441/1441
f 1439/1439/1439 1440/1440/1440 1442/1442/1442
f 1439/1439/1439 1442/1442/1442 1441/1441/1441
f 1440/1440/1440 1443/1443/1443 1442/1442/1442
f 1441/1441/1441 1442/1442/1442 1444/1444/1444
f 1442/1442/1442 1443/1443/1443 1445/1445/1445
f 1442/1442/1442 1445/1445/1445 1444/1444/1444
f 1443/1443/1443 1446/1446/1446 1445/1445/1445
f 1445/1445/1445 1446/1446/1446 1447/1447/1447
f 1448/1448/1448 1445/1445/1445 1447/1447/1447
f 1444/1444/1444 1445/1445/1445 1448/1448/1448
f 1449/1449/1449 1444/1444/1444 1448/1448/1448
f 1452/1452/1452 1451/1451/1451 1450/1450/1450
f 1451/1451/1451 1453/1453/1453 1450/1450/1450
f 1453/1453/1453 1454/1454/1454 1450/1450/1450
f 1454/1454/1454 1455/1455/1455 1450/1450/1450
f 1455/1455/1455 1454/1454/1454 1456/1456/1456
f 1457/1457/1457 1453/1453/1453 1451/1451/1451
f 1458/1458/1458 1457/1457/1457 1451/1451/1451
f 1458/1458/1458 1459/1459/1459 1457/1457/1457
f 1454/1454/1454 1460/1460/1460 1456/1456/1456
f 1461/1461/1461 1456/1456/1456 1460/1460/1460
f 1462/1462/1462 1454/1454/1454 1453/1453/1453
f 1457/1457/1457 1462/1462/1462 1453/1453/1453
f 1454/1454/1454 1462/1462/1462 1460/1460/1460
f 1459/1459/1459 1463/1463/1463 1457/1457/1457
f 1463/1463/1463 1459/1459/1459 1464/1464/1464
f 1465/1465/1465 1463/1463/1463 1464/1464/1464
f 1465/1465/1465 1466/1466/1466 1463/1463/1463
f 1463/1463/1463 1467/1467/1467 1457/1457/1457
f 1466/1466/1466 1467/1467/1467 1463/1463/1463
f 1467/1467/1467 1462/1462/1462 1457/1457/1457
f 1467/1467/1467 1466/1466/1466 1468/1468/1468
f 1469/1469/1469 1461/1461/1461 1460/1460/1460
f 1461/1461/1461 1469/1469/1469 1470/1470/1470
f 1462/1462/1462 1471/1471/1471 1460/1460/1460
f 1462/1462/1462 1467/1467/1467 1471/1471/1471
f 1469/1469/1469 1460/1460/1460 1471/1471/1471
f 1472/1472/1472 1467/1467/1467 1468/1468/1468
f 1467/1467/1467 1472/1472/1472 1471/1471/1471
f 1472/1472/1472 1468/1468/1468 1473/1473/1473
f 1474/1474/1474 1469/1469/1469 1471/1471/1471
f 1474/1474/1474 1471/1471/1471 1472/1472/1472
f 1475/1475/1475 1472/1472/1472 1473/1473/1473
f 1475/1475/1475 1474/1474/1474 1472/1472/1472
f 1475/1475/1475 1473/1473/1473 1476/1476/1476
f 1469/1469/1469 1477/1477/1477 1470/1470/1470
f 1469/1469/1469 1474/1474/1474 1477/1477/1477
f 1478/1478/1478 1475/1475/1475 1476/1476/1476
f 1478/1478/1478 1476/1476/1476 1479/1479/1479
f 1474/1474/1474 1475/1475/1475 1480/1480/1480
f 1475/1475/1475 1478/1478/1478 1480/1480/1480
f 1474/1474/1474 1480/1480/1480 1477/1477/1477
f 1477/1477/1477 1481/1481/1481 1470/1470/1470
f 1481/1481/1481 1482/1482/1482 1470/1470/1470
f 1482/1482/1482 1481/1481/1481 1483/1483/1483
f 1484/1484/1484 1478/1478/1478 1479/1479/1479
f 1478/1478/1478 1484/1484/1484 1480/1480/1480
f 1484/1484/1484 1479/1479/1479 1485/1485/1485
f 1479/1479/1479 1486/1486/1486 1485/1485/1485
f 1485/1485/1485 1486/1486/1486 1487/1487/1487
f 1480/1480/1480 1488/1488/1488 1477/1477/1477
f 1484/1484/1484 1488/1488/1488 1480/1480/1480
f 1488/1488/1488 1481/1481/1481 1477/1477/1477
f 1484/1484/1484 1485/1485/1485 1488/1488/1488
f 1481/1481/1481 1489/1489/1489 1483/1483/1483
f 1481/1481/1481 1488/1488/1488 1489/1489/1489
f 1490/1490/1490 1483/1483/1483 1489/1489/1489
f 1488/1488/1488 1491/1491/1491 1489/1489/1489
f 1485/1485/1485 1491/1491/1491 1488/1488/1488
f 1492/1492/1492 1490/1490/1490 1489/1489/1489
f 1492/1492/1492 1489/1489/1489 1491/1491/1491
f 1490/1490/1490 1492/1492/1492 1493/1493/1493
f 1494/1494/1494 1485/1485/1485 1487/1487/1487
f 1494/1494/1494 1487/1487/1487 1495/1495/1495
f 1496/1496/1496 1491/1491/1491 1485/1485/1485
f 1496/1496/1496 1492/1492/1492 1491/1491/1491
f 1494/1494/1494 1496/1496/1496 1485/1485/1485
f 1492/1492/1492 1497/1497/1497 1493/1493/1493
f 1492/1492/1492 1496/1496/1496 1497/1497/1497
f 1498/1498/1498 1494/1494/1494 1495/1495/1495
f 1498/1498/1498 1495/1495/1495 1499/1499/1499
f 1496/1496/1496 1494/1494/1494 1500/1500/1500
f 1494/1494/1494 1498/1498/1498 1500/1500/1500
f 1496/1496/1496 1500/1500/1500 1497/1497/1497
f 1497/1497/1497 1501/1501/1501 1493/1493/1493
f 1501/1501/1501 1502/1502/1502 1493/1493/1493
f 1502/1502/1502 1501/1501/1501 1503/1503/1503
f 1504/1504/1504 1498/1498/1498 1499/1499/1499
f 1498/1498/1498 1504/1504/1504 1500/1500/1500
f 1500/1500/1500 1505/1505/1505 1497/1497/1497
f 1505/1505/1505 1501/1501/1501 1497/1497/1497
f 1504/1504/1504 1505/1505/1505 1500/1500/1500
f 1501/1501/1501 1506/1506/1506 1503/1503/1503
f 1501/1501/1501 1505/1505/1505 1506/1506/1506
f 1507/1507/1507 1503/1503/1503 1506/1506/1506
f 1508/1508/1508 1507/1507/1507 1506/1506/1506
f 1505/1505/1505 1509/1509/1509 1506/1506/1506
f 1508/1508/1508 1506/1506/1506 1509/1509/1509
f 1505/1505/1505 1504/1504/1504 1509/1509/1509
f 1510/1510/1510 1508/1508/1508 1509/1509/1509
f 1504/1504/1504 1499/1499/1499 1511/1511/1511
f 1504/1504/1504 1511/1511/1511 1509/1509/1509
f 1510/1510/1510 1509/1509/1509 1511/1511/1511
f 1499/1499/1499 1512/1512/1512 1511/1511/1511
f 1513/1513/1513 1510/1510/1510 1511/1511/1511
f 1512/1512/1512 1514/1514/1514 1511/1511/1511
f 1514/1514/1514 1513/1513/1513 1511/1511/1511
f 1517/1517/1517 1516/1516/1516 1515/1515/1515
f 1516/1516/1516 1518/1518/1518 1515/1515/1515
f 1515/1515/1515 1518/1518/1518 1519/1519/1519
f 1518/1518/1518 1520/1520/1520 1519/1519/1519
f 1521/1521/1521 1519/1519/1519 1520/1520/1520
f 1522/1522/1522 1520/1520/1520 1518/1518/1518
f 1522/1522/1522 1518/1518/1518 1523/1523/1523
f 1522/1522/1522 1523/1523/1523 1524/1524/1524
f 1524/1524/1524 1525/1525/1525 1522/1522/1522
f 1522/1522/1522 1526/1526/1526 1520/1520/1520
f 1526/1526/1526 1527/1527/1527 1520/1520/1520
f 1527/1527/1527 1521/1521/1521 1520/1520/1520
f 1527/1527/1527 1526/1526/1526 1528/1528/1528
f 1527/1527/1527 1529/1529/1529 1521/1521/1521
f 1528/1528/1528 1529/1529/1529 1527/1527/1527
f 1529/1529/1529 1530/1530/1530 1521/1521/1521
f 1528/1528/1528 1531/1531/1531 1529/1529/1529
f 1530/1530/1530 1529/1529/1529 1532/1532/1532
f 1533/1533/1533 1530/1530/1530 1532/1532/1532
f 1533/1533/1533 1532/1532/1532 1534/1534/1534
f 1535/1535/1535 1529/1529/1529 1531/1531/1531
f 1535/1535/1535 1532/1532/1532 1529/1529/1529
f 1532/1532/1532 1535/1535/1535 1534/1534/1534
f 1535/1535/1535 1531/1531/1531 1536/1536/1536
f 1536/1536/1536 1537/1537/1537 1535/1535/1535
f 1534/1534/1534 1535/1535/1535 1538/1538/1538
f 1535/1535/1535 1539/1539/1539 1538/1538/1538
f 1538/1538/1538 1539/1539/1539 1540/1540/1540
f 1539/1539/1539 1541/1541/1541 1540/1540/1540
f 1540/1540/1540 1541/1541/1541 1542/1542/1542
f 1543/1543/1543 1540/1540/1540 1542/1542/1542
f 1542/1542/1542 1541/1541/1541 1544/1544/1544
f 1543/1543/1543 1542/1542/1542 1545/1545/1545
f 1546/1546/1546 1542/1542/1542 1544/1544/1544
f 1542/1542/1542 1546/1546/1546 1545/1545/1545
f 1546/1546/1546 1544/1544/1544 1547/1547/1547
f 1545/1545/1545 1546/1546/1546 1548/1548/1548
f 1549/1549/1549 1546/1546/1546 1547/1547/1547
f 1546/1546/1546 1549/1549/1549 1548/1548/1548
f 1549/1549/1549 1547/1547/1547 1550/1550/1550
f 1549/1549/1549 1550/1550/1550 1551/1551/1551
f 1549/1549/1549 1551/1551/1551 1552/1552/1552
f 1548/1548/1548 1549/1549/1549 1553/1553/1553
f 1549/1549/1549 1552/1552/1552 1554/1554/1554
f 1552/1552/1552 1555/1555/1555 1554/1554/1554
f 1556/1556/1556 1554/1554/1554 1555/1555/1555
f 1555/1555/1555 1557/1557/1557 1556/1556/1556
f 1557/1557/1557 1558/1558/1558 1556/1556/1556
f 1558/1558/1558 1559/1559/1559 1556/1556/1556
f 1559/1559/1559 1560/1560/1560 1556/1556/1556
f 1559/1559/1559 1561/1561/1561 1560/1560/1560
f 1561/1561/1561 1562/1562/1562 1560/1560/1560
f 1561/1561/1561 1563/1563/1563 1562/1562/1562
f 1563/1563/1563 1564/1564/1564 1562/1562/1562
f 1564/1564/1564 1565/1565/1565 1562/1562/1562
f 1565/1565/1565 1566/1566/1566 1562/1562/1562
f 1566/1566/1566 1567/1567/1567 1562/1562/1562
f 1566/1566/1566 1568/1568/1568 1567/1567/1567
f 1568/1568/1568 1569/1569/1569 1567/1567/1567
f 1568/1568/1568 1570/1570/1570 1569/1569/1569
f 1568/1568/1568 1571/1571/1571 1570/1570/1570
f 1574/1574/1574 1573/1573/1573 1572/1572/1572
f 1573/1573/1573 1575/1575/1575 1572/1572/1572
f 1573/1573/1573 1576/1576/1576 1575/1575/1575
f 1575/1575/1575 1577/1577/1577 1572/1572/1572
f 1577/1577/1577 1578/1578/1578 1572/1572/1572
f 1578/1578/1578 1577/1577/1577 1579/1579/1579
f 1576/1576/1576 1580/1580/1580 1575/1575/1575
f 1576/1576/1576 1581/1581/1581 1580/1580/1580
f 1577/1577/1577 1582/1582/1582 1579/1579/1579
f 1583/1583/1583 1579/1579/1579 1582/1582/1582
f 1584/1584/1584 1577/1577/1577 1575/1575/1575
f 1580/1580/1580 1584/1584/1584 1575/1575/1575
f 1577/1577/1577 1584/1584/1584 1582/1582/1582
f 1585/1585/1585 1584/1584/1584 1580/1580/1580
f 1581/1581/1581 1586/1586/1586 1580/1580/1580
f 1586/1586/1586 1585/1585/1585 1580/1580/1580
f 1586/1586/1586 1581/1581/1581 1587/1587/1587
f 1581/1581/1581 1588/1588/1588 1587/1587/1587
f 1586/1586/1586 1587/1587/1587 1589/1589/1589
f 1585/1585/1585 1586/1586/1586 1589/1589/1589
f 1585/1585/1585 1589/1589/1589 1590/1590/1590
f 1585/1585/1585 1590/1590/1590 1591/1591/1591
f 1592/1592/1592 1583/1583/1583 1582/1582/1582
f 1583/1583/1583 1592/1592/1592 1593/1593/1593
f 1584/1584/1584 1594/1594/1594 1582/1582/1582
f 1584/1584/1584 1585/1585/1585 1594/1594/1594
f 1592/1592/1592 1582/1582/1582 1594/1594/1594
f 1591/1591/1591 1595/1595/1595 1585/1585/1585
f 1585/1585/1585 1595/1595/1595 1594/1594/1594
f 1591/1591/1591 1596/1596/1596 1595/1595/1595
f 1597/1597/1597 1592/1592/1592 1594/1594/1594
f 1597/1597/1597 1594/1594/1594 1595/1595/1595
f 1596/1596/1596 1598/1598/1598 1595/1595/1595
f 1598/1598/1598 1597/1597/1597 1595/1595/1595
f 1596/1596/1596 1599/1599/1599 1598/1598/1598
f 1592/1592/1592 1600/1600/1600 1593/1593/1593
f 1592/1592/1592 1597/1597/1597 1600/1600/1600
f 1599/1599/1599 1601/1601/1601 1598/1598/1598
f 1601/1601/1601 1599/1599/1599 1602/1602/1602
f 1597/1597/1597 1598/1598/1598 1603/1603/1603
f 1598/1598/1598 1601/1601/1601 1603/1603/1603
f 1597/1597/1597 1603/1603/1603 1600/1600/1600
f 1600/1600/1600 1604/1604/1604 1593/1593/1593
f 1604/1604/1604 1605/1605/1605 1593/1593/1593
f 1605/1605/1605 1604/1604/1604 1606/1606/1606
f 1607/1607/1607 1601/1601/1601 1602/1602/1602
f 1601/1601/1601 1607/1607/1607 1603/1603/1603
f 1603/1603/1603 1608/1608/1608 1600/1600/1600
f 1608/1608/1608 1604/1604/1604 1600/1600/1600
f 1607/1607/1607 1608/1608/1608 1603/1603/1603
f 1604/1604/1604 1609/1609/1609 1606/1606/1606
f 1610/1610/1610 1606/1606/1606 1609/1609/1609
f 1608/1608/1608 1611/1611/1611 1604/1604/1604
f 1608/1608/1608 1607/1607/1607 1611/1611/1611
f 1611/1611/1611 1609/1609/1609 1604/1604/1604
f 1607/1607/1607 1602/1602/1602 1612/1612/1612
f 1607/1607/1607 1612/1612/1612 1611/1611/1611
f 1602/1602/1602 1613/1613/1613 1612/1612/1612
f 1612/1612/1612 1613/1613/1613 1614/1614/1614
f 1615/1615/1615 1610/1610/1610 1609/1609/1609
f 1615/1615/1615 1609/1609/1609 1611/1611/1611
f 1610/1610/1610 1615/1615/1615 1616/1616/1616
f 1617/1617/1617 1612/1612/1612 1614/1614/1614
f 1617/1617/1617 1614/1614/1614 1618/1618/1618
f 1619/1619/1619 1611/1611/1611 1612/1612/1612
f 1619/1619/1619 1615/1615/1615 1611/1611/1611
f 1617/1617/1617 1619/1619/1619 1612/1612/1612
f 1615/1615/1615 1620/1620/1620 1616/1616/1616
f 1615/1615/1615 1619/1619/1619 1620/1620/1620
f 1621/1621/1621 1617/1617/1617 1618/1618/1618
f 1618/1618/1618 1622/1622/1622 1621/1621/1621
f 1619/1619/1619 1617/1617/1617 1623/1623/1623
f 1617/1617/1617 1621/1621/1621 1623/1623/1623
f 1619/1619/1619 1623/1623/1623 1620/1620/1620
f 1620/1620/1620 1624/1624/1624 1616/1616/1616
f 1624/1624/1624 1625/1625/1625 1616/1616/1616
f 1626/1626/1626 1625/1625/1625 1624/1624/1624
f 1622/1622/1622 1627/1627/1627 1621/1621/1621
f 1621/1621/1621 1627/1627/1627 1623/1623/1623
f 1628/1628/1628 1627/1627/1627 1622/1622/1622
f 1622/1622/1622 1629/1629/1629 1628/1628/1628
f 1629/1629/1629 1630/1630/1630 1628/1628/1628
f 1628/1628/1628 1630/1630/1630 1631/1631/1631
f 1632/1632/1632 1628/1628/1628 1631/1631/1631
f 1632/1632/1632 1633/1633/1633 1628/1628/1628
f 1623/1623/1623 1634/1634/1634 1620/1620/1620
f 1634/1634/1634 1624/1624/1624 1620/1620/1620
f 1627/1627/1627 1634/1634/1634 1623/1623/1623
f 1635/1635/1635 1626/1626/1626 1624/1624/1624
f 1635/1635/1635 1624/1624/1624 1634/1634/1634
f 1636/1636/1636 1626/1626/1626 1635/1635/1635
f 1637/1637/1637 1636/1636/1636 1635/1635/1635
f 1628/1628/1628 1638/1638/1638 1627/1627/1627
f 1633/1633/1633 1638/1638/1638 1628/1628/1628
f 1638/1638/1638 1634/1634/1634 1627/1627/1627
f 1638/1638/1638 1635/1635/1635 1634/1634/1634
f 1637/1637/1637 1635/1635/1635 1638/1638/1638
f 1633/1633/1633 1637/1637/1637 1638/1638/1638
f 1641/1641/1641 1640/1640/1640 1639/1639/1639
f 1641/1641/1641 1639/1639/1639 1642/1642/1642
f 1641/1641/1641 1642/1642/1642 1643/1643/1643
f 1644/1644/1644 1641/1641/1641 1643/1643/1643
f 1644/1644/1644 1643/1643/1643 1645/1645/1645
f 1644/1644/1644 1645/1645/1645 1646/1646/1646
f 1644/1644/1644 1646/1646/1646 1647/1647/1647
f 1648/1648/1648 1646/1646/1646 1645/1645/1645
f 1648/1648/1648 1645/1645/1645 1649/1649/1649
f 1650/1650/1650 1648/1648/1648 1649/1649/1649
f 1649/1649/1649 1651/1651/1651 1650/1650/1650
f 1644/1644/1644 1647/1647/1647 1652/1652/1652
f 1554/1554/1554 1644/1644/1644 1652/1652/1652
f 1653/1653/1653 1554/1554/1554 1652/1652/1652
f 1653/1653/1653 1652/1652/1652 1654/1654/1654
f 1549/1549/1549 1554/1554/1554 1653/1653/1653
f 1655/1655/1655 1653/1653/1653 1654/1654/1654
f 1549/1549/1549 1653/1653/1653 1656/1656/1656
f 1655/1655/1655 1654/1654/1654 1657/1657/1657
f 1658/1658/1658 1655/1655/1655 1657/1657/1657
f 1659/1659/1659 1658/1658/1658 1657/1657/1657
f 1659/1659/1659 1657/1657/1657 1660/1660/1660
f 1661/1661/1661 1659/1659/1659 1660/1660/1660
f 1661/1661/1661 1660/1660/1660 1662/1662/1662
f 1549/1549/1549 1656/1656/1656 1663/1663/1663
f 1664/1664/1664 1661/1661/1661 1662/1662/1662
f 1664/1664/1664 1662/1662/1662 1665/1665/1665
f 1664/1664/1664 1665/1665/1665 1666/1666/1666
f 1667/1667/1667 1664/1664/1664 1666/1666/1666
f 1668/1668/1668 1667/1667/1667 1666/1666/1666
f 1668/1668/1668 1666/1666/1666 1669/1669/1669
f 1670/1670/1670 1668/1668/1668 1669/1669/1669
f 1670/1670/1670 1669/1669/1669 1671/1671/1671
f 1670/1670/1670 1671/1671/1671 1672/1672/1672
f 1670/1670/1670 1672/1672/1672 1673/1673/1673
f 1674/1674/1674 1670/1670/1670 1673/1673/1673
f 1549/1549/1549 1663/1663/1663 1675/1675/1675
f 1674/1674/1674 1673/1673/1673 1676/1676/1676
f 1677/1677/1677 1549/1549/1549 1675/1675/1675
f 1677/1677/1677 1675/1675/1675 1678/1678/1678
f 1549/1549/1549 1677/1677/1677 1553/1553/1553
f 1677/1677/1677 1678/1678/1678 1679/1679/1679
f 1553/1553/1553 1677/1677/1677 1680/1680/1680
f 1680/1680/1680 1677/1677/1677 1679/1679/1679
f 1681/1681/1681 1553/1553/1553 1680/1680/1680
f 1680/1680/1680 1679/1679/1679 1682/1682/1682
f 1681/1681/1681 1680/1680/1680 1683/1683/1683
f 1684/1684/1684 1680/1680/1680 1682/1682/1682
f 1680/1680/1680 1684/1684/1684 1683/1683/1683
f 1684/1684/1684 1682/1682/1682 1685/1685/1685
f 1683/1683/1683 1684/1684/1684 1686/1686/1686
f 1687/1687/1687 1684/1684/1684 1685/1685/1685
f 1684/1684/1684 1687/1687/1687 1686/1686/1686
f 1685/1685/1685 1688/1688/1688 1687/1687/1687
f 1686/1686/1686 1687/1687/1687 1688/1688/1688
f 1686/1686/1686 1688/1688/1688 1674/1674/1674
f 1686/1686/1686 1674/1674/1674 1689/1689/1689
f 1689/1689/1689 1690/1690/1690 1686/1686/1686
f 1689/1689/1689 1674/1674/1674 1691/1691/1691
f 1674/1674/1674 1676/1676/1676 1691/1691/1691
f 1690/1690/1690 1689/1689/1689 1692/1692/1692
f 1693/1693/1693 1690/1690/1690 1692/1692/1692
f 1693/1693/1693 1692/1692/1692 1694/1694/1694
f 1695/1695/1695 1692/1692/1692 1689/1689/1689
f 1692/1692/1692 1695/1695/1695 1694/1694/1694
f 1689/1689/1689 1691/1691/1691 1695/1695/1695
f 1694/1694/1694 1695/1695/1695 1696/1696/1696
f 1695/1695/1695 1691/1691/1691 1696/1696/1696
f 1691/1691/1691 1676/1676/1676 1696/1696/1696
f 1676/1676/1676 1697/1697/1697 1696/1696/1696
f 1676/1676/1676 1698/1698/1698 1697/1697/1697
f 1698/1698/1698 1699/1699/1699 1697/1697/1697
f 1699/1699/1699 1698/1698/1698 1700/1700/1700
f 1701/1701/1701 1699/1699/1699 1700/1700/1700
f 1701/1701/1701 1700/1700/1700 1702/1702/1702
f 1700/1700/1700 1703/1703/1703 1702/1702/1702
f 1702/1702/1702 1703/1703/1703 1704/1704/1704
f 1703/1703/1703 1705/1705/1705 1704/1704/1704
f 1705/1705/1705 1706/1706/1706 1704/1704/1704
f 1706/1706/1706 1705/1705/1705 1707/1707/1707
f 1706/1706/1706 1708/1708/1708 1704/1704/1704
f 1707/1707/1707 1709/1709/1709 1706/1706/1706
f 1708/1708/1708 1706/1706/1706 1710/1710/1710
f 1711/1711/1711 1708/1708/1708 1710/1710/1710
f 1712/1712/1712 1710/1710/1710 1706/1706/1706
f 1713/1713/1713 1712/1712/1712 1706/1706/1706
f 1714/1714/1714 1713/1713/1713 1706/1706/1706
f 1709/1709/1709 1714/1714/1714 1706/1706/1706
f 1709/1709/1709 1715/1715/1715 1714/1714/1714
f 1715/1715/1715 1716/1716/1716 1714/1714/1714
f 1715/1715/1715 1717/1717/1717 1716/1716/1716
f 1717/1717/1717 1718/1718/1718 1716/1716/1716
f 1717/1717/1717 1719/1719/1719 1718/1718/1718
f 1720/1720/1720 1719/1719/1719 1717/1717/1717
f 1720/1720/1720 1717/1717/1717 1721/1721/1721
f 1720/1720/1720 1722/1722/1722 1719/1719/1719
f 1720/1720/1720 1721/1721/1721 1723/1723/1723
f 1720/1720/1720 1724/1724/1724 1722/1722/1722
f 1724/1724/1724 1725/1725/1725 1722/1722/1722
f 1726/1726/1726 1720/1720/1720 1723/1723/1723
f 1726/1726/1726 1723/1723/1723 1727/1727/1727
f 1728/1728/1728 1726/1726/1726 1727/1727/1727
f 1727/1727/1727 1729/1729/1729 1728/1728/1728
f 1732/1732/1732 1731/1731/1731 1730/1730/1730
f 1731/1731/1731 1733/1733/1733 1730/1730/1730
f 1731/1731/1731 1734/1734/1734 1733/1733/1733
f 1734/1734/1734 1735/1735/1735 1733/1733/1733
f 1734/1734/1734 1736/1736/1736 1735/1735/1735
f 1736/1736/1736 1737/1737/1737 1735/1735/1735
f 1736/1736/1736 1738/1738/1738 1737/1737/1737
f 1738/1738/1738 1739/1739/1739 1737/1737/1737
f 1738/1738/1738 1740/1740/1740 1739/1739/1739
f 1740/1740/1740 1741/1741/1741 1739/1739/1739
f 1740/1740/1740 1742/1742/1742 1741/1741/1741
f 1742/1742/1742 1743/1743/1743 1741/1741/1741
f 1742/1742/1742 1744/1744/1744 1743/1743/1743
f 1744/1744/1744 1745/1745/1745 1743/1743/1743
f 1744/1744/1744 1746/1746/1746 1745/1745/1745
f 1746/1746/1746 1747/1747/1747 1745/1745/1745
f 1746/1746/1746 1748/1748/1748 1747/1747/1747
f 1748/1748/1748 1749/1749/1749 1747/1747/1747
f 1752/1752/1752 1751/1751/1751 1750/1750/1750
f 1751/1751/1751 1753/1753/1753 1750/1750/1750
f 1750/1750/1750 1753/1753/1753 1754/1754/1754
f 1753/1753/1753 1755/1755/1755 1754/1754/1754
f 1754/1754/1754 1755/1755/1755 1756/1756/1756
f 1755/1755/1755 1757/1757/1757 1756/1756/1756
f 1756/1756/1756 1757/1757/1757 1758/1758/1758
f 1757/1757/1757 1759/1759/1759 1758/1758/1758
f 1758/1758/1758 1759/1759/1759 1760/1760/1760
f 1759/1759/1759 1761/1761/1761 1760/1760/1760
f 1760/1760/1760 1761/1761/1761 1762/1762/1762
f 1761/1761/1761 1763/1763/1763 1762/1762/1762
f 1762/1762/1762 1763/1763/1763 1764/1764/1764
f 1763/1763/1763 1765/1765/1765 1764/1764/1764
f 1768/1768/1768 1767/1767/1767 1766/1766/1766
f 1769/1769/1769 1768/1768/1768 1766/1766/1766
f 1772/1772/1772 1771/1771/1771 1770/1770/1770
f 1771/1771/1771 1773/1773/1773 1770/1770/1770
f 1771/1771/1771 1774/1774/1774 1773/1773/1773
f 1774/1774/1774 1775/1775/1775 1773/1773/1773
f 1778/1778/1778 1777/1777/1777 1776/1776/1776
f 1777/1777/1777 1779/1779/1779 1776/1776/1776
f 1776/1776/1776 1779/1779/1779 1780/1780/1780
f 1779/1779/1779 1781/1781/1781 1780/1780/1780
f 1780/1780/1780 1781/1781/1781 1782/1782/1782
f 1781/1781/1781 1783/1783/1783 1782/1782/1782
f 1782/1782/1782 1783/1783/1783 1784/1784/1784
f 1783/1783/1783 1785/1785/1785 1784/1784/1784
f 1788/1788/1788 1787/1787/1787 1786/1786/1786
f 1787/1787/1787 1789/1789/1789 1786/1786/1786
f 1786/1786/1786 1789/1789/1789 1790/1790/1790
f 1789/1789/1789 1791/1791/1791 1790/1790/1790
f 1790/1790/1790 1791/1791/1791 1792/1792/1792
f 1791/1791/1791 1793/1793/1793 1792/1792/1792
f 1792/1792/1792 1793/1793/1793 1794/1794/1794
f 1793/1793/1793 1795/1795/1795 1794/1794/1794
f 1798/1798/1798 1797/1797/1797 1796/1796/1796
f 1799/1799/1799 1798/1798/1798 1796/1796/1796
f 1800/1800/1800 1798/1798/1798 1799/1799/1799
f 1801/1801/1801 1800/1800/1800 1799/1799/1799
f 1802/1802/1802 1800/1800/1800 1801/1801/1801
f 1803/1803/1803 1802/1802/1802 1801/1801/1801
f 1804/1804/1804 1802/1802/1802 1803/1803/1803
f 1805/1805/1805 1804/1804/1804 1803/1803/1803
f 1806/1806/1806 1804/1804/1804 1805/1805/1805
f 1807/1807/1807 1806/1806/1806 1805/1805/1805
f 1808/1808/1808 1806/1806/1806 1807/1807/1807
f 1809/1809/1809 1808/1808/1808 1807/1807/1807
f 1810/1810/1810 1808/1808/1808 1809/1809/1809
f 1811/1811/1811 1810/1810/1810 1809/1809/1809
f 1814/1814/1814 1813/1813/1813 1812/1812/1812
f 1813/1813/1813 1815/1815/1815 1812/1812/1812
f 1813/1813/1813 1816/1816/1816 1815/1815/1815
f 1816/1816/1816 1817/1817/1817 1815/1815/1815
f 1816/1816/1816 1818/1818/1818 1817/1817/1817
f 1818/1818/1818 1819/1819/1819 1817/1817/1817
f 1818/1818/1818 1820/1820/1820 1819/1819/1819
f 1820/1820/1820 1821/1821/1821 1819/1819/1819
f 1820/1820/1820 1822/1822/1822 1821/1821/1821
f 1822/1822/1822 1823/1823/1823 1821/1821/1821
f 1822/1822/1822 1824/1824/1824 1823/1823/1823
f 1824/1824/1824 1825/1825/1825 1823/1823/1823
f 1824/1824/1824 1826/1826/1826 1825/1825/1825
f 1826/1826/1826 1827/1827/1827 1825/1825/1825
f 1826/1826/1826 1828/1828/1828 1827/1827/1827
f 1828/1828/1828 1829/1829/1829 1827/1827/1827
f 1828/1828/1828 1830/1830/1830 1829/1829/1829
f 1830/1830/1830 1831/1831/1831 1829/1829/1829
f 1830/1830/1830 1832/1832/1832 1831/1831/1831
f 1832/1832/1832 1833/1833/1833 1831/1831/1831
f 1832/1832/1832 1834/1834/1834 1833/1833/1833
f 1834/1834/1834 1835/1835/1835 1833/1833/1833
f 1834/1834/1834 1836/1836/1836 1835/1835/1835
f 1836/1836/1836 1837/1837/1837 1835/1835/1835
f 1836/1836/1836 1838/1838/1838 1837/1837/1837
f 1838/1838/1838 1839/1839/1839 1837/1837/1837
f 1838/1838/1838 1840/1840/1840 1839/1839/1839
f 1840/1840/1840 1841/1841/1841 1839/1839/1839
f 1840/1840/1840 1842/1842/1842 1841/1841/1841
f 1842/1842/1842 1843/1843/1843 1841/1841/1841
f 1846/1846/1846 1845/1845/1845 1844/1844/1844
f 1845/1845/1845 1847/1847/1847 1844/1844/1844
f 1844/1844/1844 1847/1847/1847 1848/1848/1848
f 1847/1847/1847 1849/1849/1849 1848/1848/1848
f 1852/1852/1852 1851/1851/1851 1850/1850/1850
f 1853/1853/1853 1852/1852/1852 1850/1850/1850
f 1854/1854/1854 1852/1852/1852 1853/1853/1853
f 1855/1855/1855 1854/1854/1854 1853/1853/1853
f 1856/1856/1856 1854/1854/1854 1855/1855/1855
f 1857/1857/1857 1856/1856/1856 1855/1855/1855
f 1858/1858/1858 1856/1856/1856 1857/1857/1857
f 1859/1859/1859 1858/1858/1858 1857/1857/1857
f 1862/1862/1862 1861/1861/1861 1860/1860/1860
f 1861/1861/1861 1863/1863/1863 1860/1860/1860
f 1861/1861/1861 1864/1864/1864 1863/1863/1863
f 1864/1864/1864 1865/1865/1865 1863/1863/1863
f 1864/1864/1864 1866/1866/1866 1865/1865/1865
f 1866/1866/1866 1867/1867/1867 1865/1865/1865
f 1866/1866/1866 1868/1868/1868 1867/1867/1867
f 1868/1868/1868 1869/1869/1869 1867/1867/1867
f 1868/1868/1868 1870/1870/1870 1869/1869/1869
f 1870/1870/1870 1871/1871/1871 1869/1869/1869
f 1870/1870/1870 1872/1872/1872 1871/1871/1871
f 1872/1872/1872 1873/1873/1873 1871/1871/1871
f 1872/1872/1872 1874/1874/1874 1873/1873/1873
f 1874/1874/1874 1875/1875/1875 1873/1873/1873
f 1874/1874/1874 1876/1876/1876 1875/1875/1875
f 1876/1876/1876 1877/1877/1877 1875/1875/1875
f 1880/1880/1880 1879/1879/1879 1878/1878/1878
f 1881/1881/1881 1880/1880/1880 1878/1878/1878
f 1884/1884/1884 1883/1883/1883 1882/1882/1882
f 1885/1885/1885 1884/1884/1884 1882/1882/1882
f 1886/1886/1886 1884/1884/1884 1885/1885/1885
f 1887/1887/1887 1886/1886/1886 1885/1885/1885
f 1888/1888/1888 1886/1886/1886 1887/1887/1887
f 1889/1889/1889 1888/1888/1888 1887/1887/1887
f 1890/1890/1890 1888/1888/1888 1889/1889/1889
f 1891/1891/1891 1890/1890/1890 1889/1889/1889
f 1892/1892/1892 1890/1890/1890 1891/1891/1891
f 1893/1893/1893 1892/1892/1892 1891/1891/1891
f 1894/1894/1894 1892/1892/1892 1893/1893/1893
f 1895/1895/1895 1894/1894/1894 1893/1893/1893
f 1896/1896/1896 1894/1894/1894 1895/1895/1895
f 1897/1897/1897 1896/1896/1896 1895/1895/1895
f 1898/1898/1898 1896/1896/1896 1897/1897/1897
f 1899/1899/1899 1898/1898/1898 1897/1897/1897
f 1902/1902/1902 1901/1901/1901 1900/1900/1900
f 1901/1901/1901 1903/1903/1903 1900/1900/1900
f 1900/1900/1900 1903/1903/1903 1904/1904/1904
f 1903/1903/1903 1905/1905/1905 1904/1904/1904
f 1904/1904/1904 1905/1905/1905 1906/1906/1906
f 1905/1905/1905 1907/1907/1907 1906/1906/1906
f 1910/1910/1910 1909/1909/1909 1908/1908/1908
f 1911/1911/1911 1910/1910/1910 1908/1908/1908
f 1911/1911/1911 1908/1908/1908 1912/1912/1912
f 1913/1913/1913 1911/1911/1911 1912/1912/1912
f 1913/1913/1913 1912/1912/1912 1914/1914/1914
f 1915/1915/1915 1913/1913/1913 1914/1914/1914
f 1915/1915/1915 1914/1914/1914 1916/1916/1916
f 1917/1917/1917 1915/1915/1915 1916/1916/1916
f 1917/1917/1917 1916/1916/1916 1918/1918/1918
f 1919/1919/1919 1917/1917/1917 1918/1918/1918
f 1919/1919/1919 1918/1918/1918 1920/1920/1920
f 1921/1921/1921 1919/1919/1919 1920/1920/1920
f 1921/1921/1921 1920/1920/1920 1922/1922/1922
f 1923/1923/1923 1921/1921/1921 1922/1922/1922
f 1923/1923/1923 1922/1922/1922 1924/1924/1924
f 1925/1925/1925 1923/1923/1923 1924/1924/1924
f 1925/1925/1925 1924/1924/1924 1926/1926/1926
f 1927/1927/1927 1925/1925/1925 1926/1926/1926
f 1930/1930/1930 1929/1929/1929 1928/1928/1928
f 1928/1928/1928 1931/1931/1931 1930/1930/1930
f 1931/1931/1931 1932/1932/1932 1930/1930/1930
f 1932/1932/1932 1933/1933/1933 1930/1930/1930
f 1933/1933/1933 1934/1934/1934 1930/1930/1930
f 1933/1933/1933 1935/1935/1935 1934/1934/1934
f 1935/1935/1935 1936/1936/1936 1934/1934/1934
f 1935/1935/1935 1937/1937/1937 1936/1936/1936
f 1937/1937/1937 1938/1938/1938 1936/1936/1936
f 1937/1937/1937 1939/1939/1939 1938/1938/1938
f 1939/1939/1939 1940/1940/1940 1938/1938/1938
f 1939/1939/1939 1941/1941/1941 1940/1940/1940
f 1939/1939/1939 1942/1942/1942 1941/1941/1941
f 1942/1942/1942 1943/1943/1943 1941/1941/1941
f 1942/1942/1942 1944/1944/1944 1943/1943/1943
f 1944/1944/1944 1945/1945/1945 1943/1943/1943
f 1944/1944/1944 1946/1946/1946 1945/1945/1945
f 1949/1949/1949 1948/1948/1948 1947/1947/1947
f 1947/1947/1947 1950/1950/1950 1949/1949/1949
f 1950/1950/1950 1951/1951/1951 1949/1949/1949
f 1950/1950/1950 1952/1952/1952 1951/1951/1951
f 1952/1952/1952 1953/1953/1953 1951/1951/1951
f 1952/1952/1952 1954/1954/1954 1953/1953/1953
f 1954/1954/1954 1955/1955/1955 1953/1953/1953
f 1954/1954/1954 1956/1956/1956 1955/1955/1955
f 1954/1954/1954 1957/1957/1957 1956/1956/1956
f 1957/1957/1957 1958/1958/1958 1956/1956/1956
f 1957/1957/1957 1959/1959/1959 1958/1958/1958
f 1957/1957/1957 1960/1960/1960 1959/1959/1959
f 1960/1960/1960 1961/1961/1961 1959/1959/1959
f 1960/1960/1960 1962/1962/1962 1961/1961/1961
f 1962/1962/1962 1963/1963/1963 1961/1961/1961
f 1962/1962/1962 1964/1964/1964 1963/1963/1963
f 1962/1962/1962 1965/1965/1965 1964/1964/1964
f 1968/1968/1968 1967/1967/1967 1966/1966/1966
f 1969/1969/1969 1968/1968/1968 1966/1966/1966
f 1972/1972/1972 1971/1971/1971 1970/1970/1970
f 1973/1973/1973 1972/1972/1972 1970/1970/1970
f 1976/1976/1976 1975/1975/1975 1974/1974/1974
f 1977/1977/1977 1976/1976/1976 1974/1974/1974
f 1980/1980/1980 1979/1979/1979 1978/1978/1978
f 1981/1981/1981 1980/1980/1980 1978/1978/1978
f 1984/1984/1984 1983/1983/1983 1982/1982/1982
f 1985/1985/1985 1984/1984/1984 1982/1982/1982
f 1988/1988/1988 1987/1987/1987 1986/1986/1986
f 1989/1989/1989 1988/1988/1988 1986/1986/1986
f 1992/1992/1992 1991/1991/1991 1990/1990/1990
f 1993/1993/1993 1992/1992/1992 1990/1990/1990
f 1996/1996/1996 1995/1995/1995 1994/1994/1994
f 1997/1997/1997 1996/1996/1996 1994/1994/1994
f 2000/2000/2000 1999/1999/1999 1998/1998/1998
f 2001/2001/2001 2000/2000/2000 1998/1998/1998
f 2004/2004/2004 2003/2003/2003 2002/2002/2002
f 2005/2005/2005 2004/2004/2004 2002/2002/2002
f 2008/2008/2008 2007/2007/2007 2006/2006/2006
f 2009/2009/2009 2008/2008/2008 2006/2006/2006
f 2012/2012/2012 2011/2011/2011 2010/2010/2010
f 2013/2013/2013 2012/2012/2012 2010/2010/2010
f 2016/2016/2016 2015/2015/2015 2014/2014/2014
f 2017/2017/2017 2016/2016/2016 2014/2014/2014
f 2020/2020/2020 2019/2019/2019 2018/2018/2018
f 2021/2021/2021 2020/2020/2020 2018/2018/2018
f 2024/2024/2024 2023/2023/2023 2022/2022/2022
f 2025/2025/2025 2024/2024/2024 2022/2022/2022
f 2028/2028/2028 2027/2027/2027 2026/2026/2026
f 2029/2029/2029 2028/2028/2028 2026/2026/2026
f 2032/2032/2032 2031/2031/2031 2030/2030/2030
f 2033/2033/2033 2032/2032/2032 2030/2030/2030
f 2032/2032/2032 2033/2033/2033 2034/2034/2034
f 2035/2035/2035 2032/2032/2032 2034/2034/2034
f 2038/2038/2038 2037/2037/2037 2036/2036/2036
f 2039/2039/2039 2038/2038/2038 2036/2036/2036
f 2042/2042/2042 2041/2041/2041 2040/2040/2040
f 2043/2043/2043 2042/2042/2042 2040/2040/2040
f 2046/2046/2046 2045/2045/2045 2044/2044/2044
f 2047/2047/2047 2046/2046/2046 2044/2044/2044
f 2050/2050/2050 2049/2049/2049 2048/2048/2048
f 2051/2051/2051 2050/2050/2050 2048/2048/2048
f 2054/2054/2054 2053/2053/2053 2052/2052/2052
f 2055/2055/2055 2054/2054/2054 2052/2052/2052
f 2058/2058/2058 2057/2057/2057 2056/2056/2056
f 2059/2059/2059 2058/2058/2058 2056/2056/2056
f 2062/2062/2062 2061/2061/2061 2060/2060/2060
f 2063/2063/2063 2062/2062/2062 2060/2060/2060
f 2066/2066/2066 2065/2065/2065 2064/2064/2064
f 2067/2067/2067 2066/2066/2066 2064/2064/2064
f 2070/2070/2070 2069/2069/2069 2068/2068/2068
f 2071/2071/2071 2070/2070/2070 2068/2068/2068
f 2074/2074/2074 2073/2073/2073 2072/2072/2072
f 2075/2075/2075 2074/2074/2074 2072/2072/2072
f 2078/2078/2078 2077/2077/2077 2076/2076/2076
f 2079/2079/2079 2078/2078/2078 2076/2076/2076
f 2079/2079/2079 2076/2076/2076 2080/2080/2080
f 2081/2081/2081 2079/2079/2079 2080/2080/2080
f 2081/2081/2081 2080/2080/2080 2082/2082/2082
f 2083/2083/2083 2081/2081/2081 2082/2082/2082
f 2083/2083/2083 2082/2082/2082 2084/2084/2084
f 2085/2085/2085 2083/2083/2083 2084/2084/2084
f 2085/2085/2085 2084/2084/2084 2086/2086/2086
f 2087/2087/2087 2085/2085/2085 2086/2086/2086
f 2087/2087/2087 2086/2086/2086 2088/2088/2088
f 2089/2089/2089 2087/2087/2087 2088/2088/2088
f 2089/2089/2089 2088/2088/2088 2090/2090/2090
f 2091/2091/2091 2089/2089/2089 2090/2090/2090
f 2091/2091/2091 2090/2090/2090 2092/2092/2092
f 2093/2093/2093 2091/2091/2091 2092/2092/2092
f 2096/2096/2096 2095/2095/2095 2094/2094/2094
f 2097/2097/2097 2096/2096/2096 2094/2094/2094
f 2100/2100/2100 2099/2099/2099 2098/2098/2098
f 2101/2101/2101 2100/2100/2100 2098/2098/2098
f 2104/2104/2104 2103/2103/2103 2102/2102/2102
f 2105/2105/2105 2104/2104/2104 2102/2102/2102
f 2108/2108/2108 2107/2107/2107 2106/2106/2106
f 2109/2109/2109 2108/2108/2108 2106/2106/2106
f 2112/2112/2112 2111/2111/2111 2110/2110/2110
f 2113/2113/2113 2112/2112/2112 2110/2110/2110
f 2116/2116/2116 2115/2115/2115 2114/2114/2114
f 2117/2117/2117 2116/2116/2116 2114/2114/2114
f 2120/2120/2120 2119/2119/2119 2118/2118/2118
f 2121/2121/2121 2120/2120/2120 2118/2118/2118
f 2124/2124/2124 2123/2123/2123 2122/2122/2122
f 2125/2125/2125 2124/2124/2124 2122/2122/2122
f 2124/2124/2124 2125/2125/2125 2126/2126/2126
f 2127/2127/2127 2124/2124/2124 2126/2126/2126
f 2127/2127/2127 2126/2126/2126 2128/2128/2128
f 2129/2129/2129 2127/2127/2127 2128/2128/2128
f 2132/2132/2132 2131/2131/2131 2130/2130/2130
f 2133/2133/2133 2132/2132/2132 2130/2130/2130
f 2136/2136/2136 2135/2135/2135 2134/2134/2134
f 2137/2137/2137 2136/2136/2136 2134/2134/2134
f 2140/2140/2140 2139/2139/2139 2138/2138/2138
f 2141/2141/2141 2140/2140/2140 2138/2138/2138
f 2144/2144/2144 2143/2143/2143 2142/2142/2142
f 2145/2145/2145 2144/2144/2144 2142/2142/2142
f 2148/2148/2148 2147/2147/2147 2146/2146/2146
f 2149/2149/2149 2148/2148/2148 2146/2146/2146
f 2152/2152/2152 2151/2151/2151 2150/2150/2150
f 2151/2151/2151 2153/2153/2153 2150/2150/2150
f 2153/2153/2153 2151/2151/2151 2154/2154/2154
f 2151/2151/2151 2155/2155/2155 2154/2154/2154
f 2158/2158/2158 2157/2157/2157 2156/2156/2156
f 2159/2159/2159 2158/2158/2158 2156/2156/2156
f 2162/2162/2162 2161/2161/2161 2160/2160/2160
f 2163/2163/2163 2162/2162/2162 2160/2160/2160
f 2166/2166/2166 2165/2165/2165 2164/2164/2164
f 2167/2167/2167 2166/2166/2166 2164/2164/2164
f 2170/2170/2170 2169/2169/2169 2168/2168/2168
f 2171/2171/2171 2170/2170/2170 2168/2168/2168
f 2174/2174/2174 2173/2173/2173 2172/2172/2172
f 2175/2175/2175 2174/2174/2174 2172/2172/2172
f 2178/2178/2178 2177/2177/2177 2176/2176/2176
f 2179/2179/2179 2178/2178/2178 2176/2176/2176
f 2182/2182/2182 2181/2181/2181 2180/2180/2180
f 2183/2183/2183 2182/2182/2182 2180/2180/2180
f 2186/2186/2186 2185/2185/2185 2184/2184/2184
f 2187/2187/2187 2186/2186/2186 2184/2184/2184
f 2190/2190/2190 2189/2189/2189 2188/2188/2188
f 2191/2191/2191 2190/2190/2190 2188/2188/2188
f 2194/2194/2194 2193/2193/2193 2192/2192/2192
f 2195/2195/2195 2194/2194/2194 2192/2192/2192
f 2198/2198/2198 2197/2197/2197 2196/2196/2196
f 2199/2199/2199 2198/2198/2198 2196/2196/2196
f 2202/2202/2202 2201/2201/2201 2200/2200/2200
f 2203/2203/2203 2202/2202/2202 2200/2200/2200
f 2206/2206/2206 2205/2205/2205 2204/2204/2204
f 2207/2207/2207 2206/2206/2206 2204/2204/2204
f 2210/2210/2210 2209/2209/2209 2208/2208/2208
f 2211/2211/2211 2210/2210/2210 2208/2208/2208
f 2214/2214/2214 2213/2213/2213 2212/2212/2212
f 2213/2213/2213 2215/2215/2215 2212/2212/2212
f 2212/2212/2212 2215/2215/2215 2216/2216/2216
f 2215/2215/2215 2217/2217/2217 2216/2216/2216
f 2216/2216/2216 2217/2217/2217 2218/2218/2218
f 2217/2217/2217 2219/2219/2219 2218/2218/2218
f 2219/2219/2219 2220/2220/2220 2218/2218/2218
f 2220/2220/2220 2221/2221/2221 2218/2218/2218
f 2220/2220/2220 2222/2222/2222 2221/2221/2221
f 2222/2222/2222 2223/2223/2223 2221/2221/2221
f 2222/2222/2222 2224/2224/2224 2223/2223/2223
f 2224/2224/2224 2225/2225/2225 2223/2223/2223
f 2228/2228/2228 2227/2227/2227 2226/2226/2226
f 2229/2229/2229 2228/2228/2228 2226/2226/2226
f 2232/2232/2232 2231/2231/2231 2230/2230/2230
f 2233/2233/2233 2232/2232/2232 2230/2230/2230
f 2236/2236/2236 2235/2235/2235 2234/2234/2234
f 2237/2237/2237 2236/2236/2236 2234/2234/2234
f 2240/2240/2240 2239/2239/2239 2238/2238/2238
f 2241/2241/2241 2240/2240/2240 2238/2238/2238
f 2244/2244/2244 2243/2243/2243 2242/2242/2242
f 2245/2245/2245 2244/2244/2244 2242/2242/2242
f 2248/2248/2248 2247/2247/2247 2246/2246/2246
f 2249/2249/2249 2248/2248/2248 2246/2246/2246
f 2252/2252/2252 2251/2251/2251 2250/2250/2250
f 2253/2253/2253 2252/2252/2252 2250/2250/2250
f 2256/2256/2256 2255/2255/2255 2254/2254/2254
f 2255/2255/2255 2257/2257/2257 2254/2254/2254
f 2257/2257/2257 2255/2255/2255 2258/2258/2258
f 2255/2255/2255 2259/2259/2259 2258/2258/2258
f 2258/2258/2258 2259/2259/2259 2260/2260/2260
f 2259/2259/2259 2261/2261/2261 2260/2260/2260
f 2264/2264/2264 2263/2263/2263 2262/2262/2262
f 2265/2265/2265 2264/2264/2264 2262/2262/2262
f 2268/2268/2268 2267/2267/2267 2266/2266/2266
f 2269/2269/2269 2268/2268/2268 2266/2266/2266
f 2272/2272/2272 2271/2271/2271 2270/2270/2270
f 2273/2273/2273 2272/2272/2272 2270/2270/2270
f 2276/2276/2276 2275/2275/2275 2274/2274/2274
f 2277/2277/2277 2276/2276/2276 2274/2274/2274
f 2280/2280/2280 2279/2279/2279 2278/2278/2278
f 2281/2281/2281 2280/2280/2280 2278/2278/2278
f 2284/2284/2284 2283/2283/2283 2282/2282/2282
f 2285/2285/2285 2284/2284/2284 2282/2282/2282
f 2288/2288/2288 2287/2287/2287 2286/2286/2286
f 2289/2289/2289 2288/2288/2288 2286/2286/2286
f 2292/2292/2292 2291/2291/2291 2290/2290/2290
f 2293/2293/2293 2292/2292/2292 2290/2290/2290
f 2296/2296/2296 2295/2295/2295 2294/2294/2294
f 2297/2297/2297 2296/2296/2296 2294/2294/2294
f 2300/2300/2300 2299/2299/2299 2298/2298/2298
f 2301/2301/2301 2300/2300/2300 2298/2298/2298
f 2304/2304/2304 2303/2303/2303 2302/2302/2302
f 2305/2305/2305 2304/2304/2304 2302/2302/2302
f 2308/2308/2308 2307/2307/2307 2306/2306/2306
f 2309/2309/2309 2308/2308/2308 2306/2306/2306
f 2312/2312/2312 2311/2311/2311 2310/2310/2310
f 2313/2313/2313 2312/2312/2312 2310/2310/2310
f 2316/2316/2316 2315/2315/2315 2314/2314/2314
f 2317/2317/2317 2316/2316/2316 2314/2314/2314
f 2320/2320/2320 2319/2319/2319 2318/2318/2318
f 2321/2321/2321 2320/2320/2320 2318/2318/2318
f 2324/2324/2324 2323/2323/2323 2322/2322/2322
f 2325/2325/2325 2324/2324/2324 2322/2322/2322
f 2328/2328/2328 2327/2327/2327 2326/2326/2326
f 2329/2329/2329 2328/2328/2328 2326/2326/2326
f 2332/2332/2332 2331/2331/2331 2330/2330/2330
f 2333/2333/2333 2332/2332/2332 2330/2330/2330
f 2336/2336/2336 2335/2335/2335 2334/2334/2334
f 2337/2337/2337 2336/2336/2336 2334/2334/2334
f 2340/2340/2340 2339/2339/2339 2338/2338/2338
f 2341/2341/2341 2340/2340/2340 2338/2338/2338
f 2344/2344/2344 2343/2343/2343 2342/2342/2342
f 2345/2345/2345 2344/2344/2344 2342/2342/2342
f 2348/2348/2348 2347/2347/2347 2346/2346/2346
f 2349/2349/2349 2348/2348/2348 2346/2346/2346
f 2352/2352/2352 2351/2351/2351 2350/2350/2350
f 2353/2353/2353 2352/2352/2352 2350/2350/2350
f 2356/2356/2356 2355/2355/2355 2354/2354/2354
f 2357/2357/2357 2356/2356/2356 2354/2354/2354
f 2360/2360/2360 2359/2359/2359 2358/2358/2358
f 2361/2361/2361 2360/2360/2360 2358/2358/2358
f 2364/2364/2364 2363/2363/2363 2362/2362/2362
f 2365/2365/2365 2364/2364/2364 2362/2362/2362
f 2366/2366/2366 2364/2364/2364 2365/2365/2365
f 2367/2367/2367 2366/2366/2366 2365/2365/2365
f 2368/2368/2368 2366/2366/2366 2367/2367/2367
f 2369/2369/2369 2368/2368/2368 2367/2367/2367
f 2370/2370/2370 2368/2368/2368 2369/2369/2369
f 2371/2371/2371 2370/2370/2370 2369/2369/2369
f 2374/2374/2374 2373/2373/2373 2372/2372/2372
f 2375/2375/2375 2374/2374/2374 2372/2372/2372
f 2376/2376/2376 2374/2374/2374 2375/2375/2375
f 2377/2377/2377 2376/2376/2376 2375/2375/2375
f 2378/2378/2378 2376/2376/2376 2377/2377/2377
f 2379/2379/2379 2378/2378/2378 2377/2377/2377
f 2380/2380/2380 2378/2378/2378 2379/2379/2379
f 2381/2381/2381 2380/2380/2380 2379/2379/2379
f 2384/2384/2384 2383/2383/2383 2382/2382/2382
f 2385/2385/2385 2384/2384/2384 2382/2382/2382
f 2388/2388/2388 2387/2387/2387 2386/2386/2386
f 2389/2389/2389 2388/2388/2388 2386/2386/2386
f 2392/2392/2392 2391/2391/2391 2390/2390/2390
f 2393/2393/2393 2392/2392/2392 2390/2390/2390
f 2396/2396/2396 2395/2395/2395 2394/2394/2394
f 2397/2397/2397 2396/2396/2396 2394/2394/2394
f 2400/2400/2400 2399/2399/2399 2398/2398/2398
f 2401/2401/2401 2400/2400/2400 2398/2398/2398
f 2404/2404/2404 2403/2403/2403 2402/2402/2402
f 2405/2405/2405 2404/2404/2404 2402/2402/2402
f 2408/2408/2408 2407/2407/2407 2406/2406/2406
f 2407/2407/2407 2409/2409/2409 2406/2406/2406
f 2406/2406/2406 2409/2409/2409 2410/2410/2410
f 2407/2407/2407 2411/2411/2411 2409/2409/2409
f 2409/2409/2409 2412/2412/2412 2410/2410/2410
f 2411/2411/2411 2413/2413/2413 2409/2409/2409
f 2409/2409/2409 2413/2413/2413 2412/2412/2412
f 2413/2413/2413 2414/2414/2414 2412/2412/2412
f 2417/2417/2417 2416/2416/2416 2415/2415/2415
f 2418/2418/2418 2417/2417/2417 2415/2415/2415
f 2421/2421/2421 2420/2420/2420 2419/2419/2419
f 2422/2422/2422 2421/2421/2421 2419/2419/2419
f 2425/2425/2425 2424/2424/2424 2423/2423/2423
f 2426/2426/2426 2425/2425/2425 2423/2423/2423
f 2429/2429/2429 2428/2428/2428 2427/2427/2427
f 2430/2430/2430 2429/2429/2429 2427/2427/2427
f 2433/2433/2433 2432/2432/2432 2431/2431/2431
f 2434/2434/2434 2433/2433/2433 2431/2431/2431
f 2437/2437/2437 2436/2436/2436 2435/2435/2435
f 2438/2438/2438 2437/2437/2437 2435/2435/2435
f 2441/2441/2441 2440/2440/2440 2439/2439/2439
f 2442/2442/2442 2441/2441/2441 2439/2439/2439
f 2445/2445/2445 2444/2444/2444 2443/2443/2443
f 2446/2446/2446 2445/2445/2445 2443/2443/2443
f 2449/2449/2449 2448/2448/2448 2447/2447/2447
f 2448/2448/2448 2450/2450/2450 2447/2447/2447
f 2447/2447/2447 2450/2450/2450 2451/2451/2451
f 2448/2448/2448 2452/2452/2452 2450/2450/2450
f 2450/2450/2450 2453/2453/2453 2451/2451/2451
f 2452/2452/2452 2454/2454/2454 2450/2450/2450
f 2450/2450/2450 2454/2454/2454 2453/2453/2453
f 2454/2454/2454 2455/2455/2455 2453/2453/2453
f 2458/2458/2458 2457/2457/2457 2456/2456/2456
f 2459/2459/2459 2458/2458/2458 2456/2456/2456
f 2462/2462/2462 2461/2461/2461 2460/2460/2460
f 2463/2463/2463 2462/2462/2462 2460/2460/2460
f 2466/2466/2466 2465/2465/2465 2464/2464/2464
f 2467/2467/2467 2466/2466/2466 2464/2464/2464
f 2470/2470/2470 2469/2469/2469 2468/2468/2468
f 2471/2471/2471 2470/2470/2470 2468/2468/2468
f 2474/2474/2474 2473/2473/2473 2472/2472/2472
f 2475/2475/2475 2474/2474/2474 2472/2472/2472
f 2478/2478/2478 2477/2477/2477 2476/2476/2476
f 2479/2479/2479 2478/2478/2478 2476/2476/2476
f 2482/2482/2482 2481/2481/2481 2480/2480/2480
f 2483/2483/2483 2482/2482/2482 2480/2480/2480
f 2486/2486/2486 2485/2485/2485 2484/2484/2484
f 2487/2487/2487 2486/2486/2486 2484/2484/2484
f 2490/2490/2490 2489/2489/2489 2488/2488/2488
f 2489/2489/2489 2491/2491/2491 2488/2488/2488
f 2488/2488/2488 2491/2491/2491 2492/2492/2492
f 2489/2489/2489 2493/2493/2493 2491/2491/2491
f 2491/2491/2491 2494/2494/2494 2492/2492/2492
f 2493/2493/2493 2495/2495/2495 2491/2491/2491
f 2491/2491/2491 2495/2495/2495 2494/2494/2494
f 2495/2495/2495 2496/2496/2496 2494/2494/2494
f 2499/2499/2499 2498/2498/2498 2497/2497/2497
f 2500/2500/2500 2499/2499/2499 2497/2497/2497
f 2503/2503/2503 2502/2502/2502 2501/2501/2501
f 2504/2504/2504 2503/2503/2503 2501/2501/2501
f 2507/2507/2507 2506/2506/2506 2505/2505/2505
f 2508/2508/2508 2507/2507/2507 2505/2505/2505
f 2511/2511/2511 2510/2510/2510 2509/2509/2509
f 2512/2512/2512 2511/2511/2511 2509/2509/2509
f 2515/2515/2515 2514/2514/2514 2513/2513/2513
f 2516/2516/2516 2515/2515/2515 2513/2513/2513
f 2519/2519/2519 2518/2518/2518 2517/2517/2517
f 2520/2520/2520 2519/2519/2519 2517/2517/2517
f 2523/2523/2523 2522/2522/2522 2521/2521/2521
f 2524/2524/2524 2523/2523/2523 2521/2521/2521
f 2527/2527/2527 2526/2526/2526 2525/2525/2525
f 2528/2528/2528 2527/2527/2527 2525/2525/2525
f 2531/2531/2531 2530/2530/2530 2529/2529/2529
f 2530/2530/2530 2532/2532/2532 2529/2529/2529
f 2529/2529/2529 2532/2532/2532 2533/2533/2533
f 2530/2530/2530 2534/2534/2534 2532/2532/2532
f 2532/2532/2532 2535/2535/2535 2533/2533/2533
f 2534/2534/2534 2536/2536/2536 2532/2532/2532
f 2532/2532/2532 2536/2536/2536 2535/2535/2535
f 2536/2536/2536 2537/2537/2537 2535/2535/2535
f 2540/2540/2540 2539/2539/2539 2538/2538/2538
f 2541/2541/2541 2540/2540/2540 2538/2538/2538
f 2544/2544/2544 2543/2543/2543 2542/2542/2542
f 2545/2545/2545 2544/2544/2544 2542/2542/2542
f 2548/2548/2548 2547/2547/2547 2546/2546/2546
f 2549/2549/2549 2548/2548/2548 2546/2546/2546
f 2552/2552/2552 2551/2551/2551 2550/2550/2550
f 2553/2553/2553 2552/2552/2552 2550/2550/2550
f 2556/2556/2556 2555/2555/2555 2554/2554/2554
f 2557/2557/2557 2556/2556/2556 2554/2554/2554
f 2560/2560/2560 2559/2559/2559 2558/2558/2558
f 2561/2561/2561 2560/2560/2560 2558/2558/2558
f 2564/2564/2564 2563/2563/2563 2562/2562/2562
f 2565/2565/2565 2564/2564/2564 2562/2562/2562
f 2568/2568/2568 2567/2567/2567 2566/2566/2566
f 2569/2569/2569 2568/2568/2568 2566/2566/2566
f 2572/2572/2572 2571/2571/2571 2570/2570/2570
f 2571/2571/2571 2573/2573/2573 2570/2570/2570
f 2570/2570/2570 2573/2573/2573 2574/2574/2574
f 2571/2571/2571 2575/2575/2575 2573/2573/2573
f 2573/2573/2573 2576/2576/2576 2574/2574/2574
f 2575/2575/2575 2577/2577/2577 2573/2573/2573
f 2573/2573/2573 2577/2577/2577 2576/2576/2576
f 2577/2577/2577 2578/2578/2578 2576/2576/2576
f 2581/2581/2581 2580/2580/2580 2579/2579/2579
f 2582/2582/2582 2581/2581/2581 2579/2579/2579
f 2585/2585/2585 2584/2584/2584 2583/2583/2583
f 2586/2586/2586 2585/2585/2585 2583/2583/2583
f 2589/2589/2589 2588/2588/2588 2587/2587/2587
f 2590/2590/2590 2589/2589/2589 2587/2587/2587
f 2593/2593/2593 2592/2592/2592 2591/2591/2591
f 2594/2594/2594 2593/2593/2593 2591/2591/2591
f 2597/2597/2597 2596/2596/2596 2595/2595/2595
f 2598/2598/2598 2597/2597/2597 2595/2595/2595
f 2601/2601/2601 2600/2600/2600 2599/2599/2599
f 2602/2602/2602 2601/2601/2601 2599/2599/2599
f 2605/2605/2605 2604/2604/2604 2603/2603/2603
f 2606/2606/2606 2605/2605/2605 2603/2603/2603
f 2609/2609/2609 2608/2608/2608 2607/2607/2607
f 2610/2610/2610 2609/2609/2609 2607/2607/2607
f 2613/2613/2613 2612/2612/2612 2611/2611/2611
f 2612/2612/2612 2614/2614/2614 2611/2611/2611
f 2611/2611/2611 2614/2614/2614 2615/2615/2615
f 2612/2612/2612 2616/2616/2616 2614/2614/2614
f 2614/2614/2614 2617/2617/2617 2615/2615/2615
f 2616/2616/2616 2618/2618/2618 2614/2614/2614
f 2614/2614/2614 2618/2618/2618 2617/2617/2617
f 2618/2618/2618 2619/2619/2619 2617/2617/2617
f 2622/2622/2622 2621/2621/2621 2620/2620/2620
f 2623/2623/2623 2622/2622/2622 2620/2620/2620
f 2626/2626/2626 2625/2625/2625 2624/2624/2624
f 2627/2627/2627 2626/2626/2626 2624/2624/2624
f 2630/2630/2630 2629/2629/2629 2628/2628/2628
f 2631/2631/2631 2630/2630/2630 2628/2628/2628
f 2634/2634/2634 2633/2633/2633 2632/2632/2632
f 2635/2635/2635 2634/2634/2634 2632/2632/2632
f 2638/2638/2638 2637/2637/2637 2636/2636/2636
f 2639/2639/2639 2638/2638/2638 2636/2636/2636
f 2642/2642/2642 2641/2641/2641 2640/2640/2640
f 2643/2643/2643 2642/2642/2642 2640/2640/2640
f 2646/2646/2646 2645/2645/2645 2644/2644/2644
f 2647/2647/2647 2646/2646/2646 2644/2644/2644
f 2650/2650/2650 2649/2649/2649 2648/2648/2648
f 2651/2651/2651 2650/2650/2650 2648/2648/2648
f 2654/2654/2654 2653/2653/2653 2652/2652/2652
f 2653/2653/2653 2655/2655/2655 2652/2652/2652
f 2652/2652/2652 2655/2655/2655 2656/2656/2656
f 2653/2653/2653 2657/2657/2657 2655/2655/2655
f 2655/2655/2655 2658/2658/2658 2656/2656/2656
f 2657/2657/2657 2659/2659/2659 2655/2655/2655
f 2655/2655/2655 2659/2659/2659 2658/2658/2658
f 2659/2659/2659 2660/2660/2660 2658/2658/2658
f 2663/2663/2663 2662/2662/2662 2661/2661/2661
f 2664/2664/2664 2663/2663/2663 2661/2661/2661
f 2667/2667/2667 2666/2666/2666 2665/2665/2665
f 2668/2668/2668 2667/2667/2667 2665/2665/2665
f 2671/2671/2671 2670/2670/2670 2669/2669/2669
f 2672/2672/2672 2671/2671/2671 2669/2669/2669
f 2675/2675/2675 2674/2674/2674 2673/2673/2673
f 2676/2676/2676 2675/2675/2675 2673/2673/2673
f 2679/2679/2679 2678/2678/2678 2677/2677/2677
f 2680/2680/2680 2679/2679/2679 2677/2677/2677
f 2683/2683/2683 2682/2682/2682 2681/2681/2681
f 2684/2684/2684 2683/2683/2683 2681/2681/2681
f 2687/2687/2687 2686/2686/2686 2685/2685/2685
f 2688/2688/2688 2687/2687/2687 2685/2685/2685
f 2691/2691/2691 2690/2690/2690 2689/2689/2689
f 2692/2692/2692 2691/2691/2691 2689/2689/2689
f 2695/2695/2695 2694/2694/2694 2693/2693/2693
f 2694/2694/2694 2696/2696/2696 2693/2693/2693
f 2693/2693/2693 2696/2696/2696 2697/2697/2697
f 2694/2694/2694 2698/2698/2698 2696/2696/2696
f 2696/2696/2696 2699/2699/2699 2697/2697/2697
f 2698/2698/2698 2700/2700/2700 2696/2696/2696
f 2696/2696/2696 2700/2700/2700 2699/2699/2699
f 2700/2700/2700 2701/2701/2701 2699/2699/2699
f 2704/2704/2704 2703/2703/2703 2702/2702/2702
f 2705/2705/2705 2704/2704/2704 2702/2702/2702
f 2708/2708/2708 2707/2707/2707 2706/2706/2706
f 2709/2709/2709 2708/2708/2708 2706/2706/2706
f 2712/2712/2712 2711/2711/2711 2710/2710/2710
f 2713/2713/2713 2712/2712/2712 2710/2710/2710
f 2716/2716/2716 2715/2715/2715 2714/2714/2714
f 2717/2717/2717 2716/2716/2716 2714/2714/2714
f 2720/2720/2720 2719/2719/2719 2718/2718/2718
f 2721/2721/2721 2720/2720/2720 2718/2718/2718
f 2724/2724/2724 2723/2723/2723 2722/2722/2722
f 2725/2725/2725 2724/2724/2724 2722/2722/2722
f 2728/2728/2728 2727/2727/2727 2726/2726/2726
f 2729/2729/2729 2728/2728/2728 2726/2726/2726
f 2732/2732/2732 2731/2731/2731 2730/2730/2730
f 2733/2733/2733 2732/2732/2732 2730/2730/2730
f 2736/2736/2736 2735/2735/2735 2734/2734/2734
f 2735/2735/2735 2737/2737/2737 2734/2734/2734
f 2734/2734/2734 2737/2737/2737 2738/2738/2738
f 2735/2735/2735 2739/2739/2739 2737/2737/2737
f 2737/2737/2737 2740/2740/2740 2738/2738/2738
f 2739/2739/2739 2741/2741/2741 2737/2737/2737
f 2737/2737/2737 2741/2741/2741 2740/2740/2740
f 2741/2741/2741 2742/2742/2742 2740/2740/2740
f 2745/2745/2745 2744/2744/2744 2743/2743/2743
f 2746/2746/2746 2745/2745/2745 2743/2743/2743
f 2749/2749/2749 2748/2748/2748 2747/2747/2747
f 2750/2750/2750 2749/2749/2749 2747/2747/2747
f 2753/2753/2753 2752/2752/2752 2751/2751/2751
f 2754/2754/2754 2753/2753/2753 2751/2751/2751
f 2756/2756/2756 2751/2751/2751 2755/2755/2755
f 2757/2757/2757 2756/2756/2756 2755/2755/2755
f 2760/2760/2760 2759/2759/2759 2758/2758/2758
f 2761/2761/2761 2760/2760/2760 2758/2758/2758
f 2764/2764/2764 2763/2763/2763 2762/2762/2762
f 2765/2765/2765 2764/2764/2764 2762/2762/2762
f 2768/2768/2768 2767/2767/2767 2766/2766/2766
f 2769/2769/2769 2768/2768/2768 2766/2766/2766
f 2772/2772/2772 2771/2771/2771 2770/2770/2770
f 2773/2773/2773 2772/2772/2772 2770/2770/2770
f 2776/2776/2776 2775/2775/2775 2774/2774/2774
f 2777/2777/2777 2776/2776/2776 2774/2774/2774
f 2780/2780/2780 2779/2779/2779 2778/2778/2778
f 2781/2781/2781 2780/2780/2780 2778/2778/2778
f 2784/2784/2784 2783/2783/2783 2782/2782/2782
f 2785/2785/2785 2784/2784/2784 2782/2782/2782
f 2784/2784/2784 2787/2787/2787 2786/2786/2786
f 2787/2787/2787 2788/2788/2788 2786/2786/2786
f 2791/2791/2791 2790/2790/2790 2789/2789/2789
f 2792/2792/2792 2791/2791/2791 2789/2789/2789
f 2795/2795/2795 2794/2794/2794 2793/2793/2793
f 2796/2796/2796 2795/2795/2795 2793/2793/2793
f 2799/2799/2799 2798/2798/2798 2797/2797/2797
f 2800/2800/2800 2799/2799/2799 2797/2797/2797
f 2803/2803/2803 2802/2802/2802 2801/2801/2801
f 2804/2804/2804 2803/2803/2803 2801/2801/2801
f 2807/2807/2807 2806/2806/2806 2805/2805/2805
f 2808/2808/2808 2807/2807/2807 2805/2805/2805
f 2811/2811/2811 2810/2810/2810 2809/2809/2809
f 2812/2812/2812 2811/2811/2811 2809/2809/2809
f 2815/2815/2815 2814/2814/2814 2813/2813/2813
f 2816/2816/2816 2815/2815/2815 2813/2813/2813
f 2819/2819/2819 2818/2818/2818 2817/2817/2817
f 2820/2820/2820 2819/2819/2819 2817/2817/2817
f 2823/2823/2823 2822/2822/2822 2821/2821/2821
f 2822/2822/2822 2824/2824/2824 2821/2821/2821
f 2821/2821/2821 2824/2824/2824 2825/2825/2825
f 2822/2822/2822 2826/2826/2826 2824/2824/2824
f 2824/2824/2824 2827/2827/2827 2825/2825/2825
f 2826/2826/2826 2828/2828/2828 2824/2824/2824
f 2824/2824/2824 2828/2828/2828 2827/2827/2827
f 2828/2828/2828 2829/2829/2829 2827/2827/2827
f 2832/2832/2832 2831/2831/2831 2830/2830/2830
f 2833/2833/2833 2832/2832/2832 2830/2830/2830
f 2836/2836/2836 2835/2835/2835 2834/2834/2834
f 2837/2837/2837 2836/2836/2836 2834/2834/2834
f 2840/2840/2840 2839/2839/2839 2838/2838/2838
f 2841/2841/2841 2840/2840/2840 2838/2838/2838
f 2844/2844/2844 2843/2843/2843 2842/2842/2842
f 2845/2845/2845 2844/2844/2844 2842/2842/2842
f 2848/2848/2848 2847/2847/2847 2846/2846/2846
f 2849/2849/2849 2848/2848/2848 2846/2846/2846
f 2852/2852/2852 2851/2851/2851 2850/2850/2850
f 2853/2853/2853 2852/2852/2852 2850/2850/2850
f 2856/2856/2856 2855/2855/2855 2854/2854/2854
f 2857/2857/2857 2856/2856/2856 2854/2854/2854
f 2860/2860/2860 2859/2859/2859 2858/2858/2858
f 2861/2861/2861 2860/2860/2860 2858/2858/2858
f 2864/2864/2864 2863/2863/2863 2862/2862/2862
f 2863/2863/2863 2865/2865/2865 2862/2862/2862
f 2862/2862/2862 2865/2865/2865 2866/2866/2866
f 2863/2863/2863 2867/2867/2867 2865/2865/2865
f 2865/2865/2865 2868/2868/2868 2866/2866/2866
f 2867/2867/2867 2869/2869/2869 2865/2865/2865
f 2865/2865/2865 2869/2869/2869 2868/2868/2868
f 2869/2869/2869 2870/2870/2870 2868/2868/2868
f 2873/2873/2873 2872/2872/2872 2871/2871/2871
f 2874/2874/2874 2873/2873/2873 2871/2871/2871
f 2877/2877/2877 2876/2876/2876 2875/2875/2875
f 2878/2878/2878 2877/2877/2877 2875/2875/2875
f 2881/2881/2881 2880/2880/2880 2879/2879/2879
f 2882/2882/2882 2881/2881/2881 2879/2879/2879
f 2885/2885/2885 2884/2884/2884 2883/2883/2883
f 2886/2886/2886 2885/2885/2885 2883/2883/2883
f 2889/2889/2889 2888/2888/2888 2887/2887/2887
f 2890/2890/2890 2889/2889/2889 2887/2887/2887
f 2893/2893/2893 2892/2892/2892 2891/2891/2891
f 2894/2894/2894 2893/2893/2893 2891/2891/2891
f 2897/2897/2897 2896/2896/2896 2895/2895/2895
f 2898/2898/2898 2897/2897/2897 2895/2895/2895
f 2901/2901/2901 2900/2900/2900 2899/2899/2899
f 2902/2902/2902 2901/2901/2901 2899/2899/2899
f 2905/2905/2905 2904/2904/2904 2903/2903/2903
f 2904/2904/2904 2906/2906/2906 2903/2903/2903
f 2903/2903/2903 2906/2906/2906 2907/2907/2907
f 2904/2904/2904 2908/2908/2908 2906/2906/2906
f 2906/2906/2906 2909/2909/2909 2907/2907/2907
f 2908/2908/2908 2910/2910/2910 2906/2906/2906
f 2906/2906/2906 2910/2910/2910 2909/2909/2909
f 2910/2910/2910 2911/2911/2911 2909/2909/2909
f 2914/2914/2914 2913/2913/2913 2912/2912/2912
f 2915/2915/2915 2914/2914/2914 2912/2912/2912
f 2918/2918/2918 2917/2917/2917 2916/2916/2916
f 2919/2919/2919 2918/2918/2918 2916/2916/2916
f 2922/2922/2922 2921/2921/2921 2920/2920/2920
f 2923/2923/2923 2922/2922/2922 2920/2920/2920
f 2926/2926/2926 2925/2925/2925 2924/2924/2924
f 2927/2927/2927 2926/2926/2926 2924/2924/2924
f 2930/2930/2930 2929/2929/2929 2928/2928/2928
f 2931/2931/2931 2930/2930/2930 2928/2928/2928
f 2934/2934/2934 2933/2933/2933 2932/2932/2932
f 2935/2935/2935 2934/2934/2934 2932/2932/2932
f 2938/2938/2938 2937/2937/2937 2936/2936/2936
f 2939/2939/2939 2938/2938/2938 2936/2936/2936
f 2942/2942/2942 2941/2941/2941 2940/2940/2940
f 2943/2943/2943 2942/2942/2942 2940/2940/2940
f 2946/2946/2946 2945/2945/2945 2944/2944/2944
f 2945/2945/2945 2947/2947/2947 2944/2944/2944
f 2944/2944/2944 2947/2947/2947 2948/2948/2948
f 2945/2945/2945 2949/2949/2949 2947/2947/2947
f 2947/2947/2947 2950/2950/2950 2948/2948/2948
f 2949/2949/2949 2951/2951/2951 2947/2947/2947
f 2947/2947/2947 2951/2951/2951 2950/2950/2950
f 2951/2951/2951 2952/2952/2952 2950/2950/2950
f 2955/2955/2955 2954/2954/2954 2953/2953/2953
f 2956/2956/2956 2955/2955/2955 2953/2953/2953
f 2959/2959/2959 2958/2958/2958 2957/2957/2957
f 2960/2960/2960 2959/2959/2959 2957/2957/2957
f 2963/2963/2963 2962/2962/2962 2961/2961/2961
f 2964/2964/2964 2963/2963/2963 2961/2961/2961
f 2967/2967/2967 2966/2966/2966 2965/2965/2965
f 2968/2968/2968 2967/2967/2967 2965/2965/2965
f 2971/2971/2971 2970/2970/2970 2969/2969/2969
f 2972/2972/2972 2971/2971/2971 2969/2969/2969
f 2975/2975/2975 2974/2974/2974 2973/2973/2973
f 2976/2976/2976 2975/2975/2975 2973/2973/2973
f 2979/2979/2979 2978/2978/2978 2977/2977/2977
f 2980/2980/2980 2979/2979/2979 2977/2977/2977
f 2983/2983/2983 2982/2982/2982 2981/2981/2981
f 2984/2984/2984 2983/2983/2983 2981/2981/2981
f 2987/2987/2987 2986/2986/2986 2985/2985/2985
f 2986/2986/2986 2988/2988/2988 2985/2985/2985
f 2985/2985/2985 2988/2988/2988 2989/2989/2989
f 2986/2986/2986 2990/2990/2990 2988/2988/2988
f 2988/2988/2988 2991/2991/2991 2989/2989/2989
f 2990/2990/2990 2992/2992/2992 2988/2988/2988
f 2988/2988/2988 2992/2992/2992 2991/2991/2991
f 2992/2992/2992 2993/2993/2993 2991/2991/2991
f 2996/2996/2996 2995/2995/2995 2994/2994/2994
f 2997/2997/2997 2996/2996/2996 2994/2994/2994
f 3000/3000/3000 2999/2999/2999 2998/2998/2998
f 3001/3001/3001 3000/3000/3000 2998/2998/2998
f 3004/3004/3004 3003/3003/3003 3002/3002/3002
f 3005/3005/3005 3004/3004/3004 3002/3002/3002
f 3008/3008/3008 3007/3007/3007 3006/3006/3006
f 3009/3009/3009 3008/3008/3008 3006/3006/3006
f 3012/3012/3012 3011/3011/3011 3010/3010/3010
f 3013/3013/3013 3012/3012/3012 3010/3010/3010
f 3016/3016/3016 3015/3015/3015 3014/3014/3014
f 3017/3017/3017 3016/3016/3016 3014/3014/3014
f 3020/3020/3020 3019/3019/3019 3018/3018/3018
f 3021/3021/3021 3020/3020/3020 3018/3018/3018
f 3024/3024/3024 3023/3023/3023 3022/3022/3022
f 3025/3025/3025 3024/3024/3024 3022/3022/3022
f 3028/3028/3028 3027/3027/3027 3026/3026/3026
f 3027/3027/3027 3029/3029/3029 3026/3026/3026
f 3026/3026/3026 3029/3029/3029 3030/3030/3030
f 3027/3027/3027 3031/3031/3031 3029/3029/3029
f 3029/3029/3029 3032/3032/3032 3030/3030/3030
f 3031/3031/3031 3033/3033/3033 3029/3029/3029
f 3029/3029/3029 3033/3033/3033 3032/3032/3032
f 3033/3033/3033 3034/3034/3034 3032/3032/3032
f 3037/3037/3037 3036/3036/3036 3035/3035/3035
f 3038/3038/3038 3037/3037/3037 3035/3035/3035
f 3041/3041/3041 3040/3040/3040 3039/3039/3039
f 3042/3042/3042 3041/3041/3041 3039/3039/3039
f 3045/3045/3045 3044/3044/3044 3043/3043/3043
f 3046/3046/3046 3045/3045/3045 3043/3043/3043
f 3049/3049/3049 3048/3048/3048 3047/3047/3047
f 3050/3050/3050 3049/3049/3049 3047/3047/3047
f 3053/3053/3053 3052/3052/3052 3051/3051/3051
f 3054/3054/3054 3053/3053/3053 3051/3051/3051
f 3057/3057/3057 3056/3056/3056 3055/3055/3055
f 3058/3058/3058 3057/3057/3057 3055/3055/3055
f 3061/3061/3061 3060/3060/3060 3059/3059/3059
f 3062/3062/3062 3061/3061/3061 3059/3059/3059
f 3065/3065/3065 3064/3064/3064 3063/3063/3063
f 3066/3066/3066 3065/3065/3065 3063/3063/3063
f 3069/3069/3069 3068/3068/3068 3067/3067/3067
f 3068/3068/3068 3070/3070/3070 3067/3067/3067
f 3067/3067/3067 3070/3070/3070 3071/3071/3071
f 3068/3068/3068 3072/3072/3072 3070/3070/3070
f 3070/3070/3070 3073/3073/3073 3071/3071/3071
f 3072/3072/3072 3074/3074/3074 3070/3070/3070
f 3070/3070/3070 3074/3074/3074 3073/3073/3073
f 3074/3074/3074 3075/3075/3075 3073/3073/3073
f 3078/3078/3078 3077/3077/3077 3076/3076/3076
f 3079/3079/3079 3078/3078/3078 3076/3076/3076
f 3082/3082/3082 3081/3081/3081 3080/3080/3080
f 3083/3083/3083 3082/3082/3082 3080/3080/3080
f 3086/3086/3086 3085/3085/3085 3084/3084/3084
f 3087/3087/3087 3086/3086/3086 3084/3084/3084
f 3090/3090/3090 3089/3089/3089 3088/3088/3088
f 3091/3091/3091 3090/3090/3090 3088/3088/3088
f 3094/3094/3094 3093/3093/3093 3092/3092/3092
f 3095/3095/3095 3094/3094/3094 3092/3092/3092
f 3098/3098/3098 3097/3097/3097 3096/3096/3096
f 3099/3099/3099 3098/3098/3098 3096/3096/3096
f 3102/3102/3102 3101/3101/3101 3100/3100/3100
f 3103/3103/3103 3102/3102/3102 3100/3100/3100
f 3106/3106/3106 3105/3105/3105 3104/3104/3104
f 3107/3107/3107 3106/3106/3106 3104/3104/3104
f 3110/3110/3110 3109/3109/3109 3108/3108/3108
f 3109/3109/3109 3111/3111/3111 3108/3108/3108
f 3108/3108/3108 3111/3111/3111 3112/3112/3112
f 3109/3109/3109 3113/3113/3113 3111/3111/3111
f 3111/3111/3111 3114/3114/3114 3112/3112/3112
f 3113/3113/3113 3115/3115/3115 3111/3111/3111
f 3111/3111/3111 3115/3115/3115 3114/3114/3114
f 3115/3115/3115 3116/3116/3116 3114/3114/3114
f 3119/3119/3119 3118/3118/3118 3117/3117/3117
f 3120/3120/3120 3119/3119/3119 3117/3117/3117
f 3123/3123/3123 3122/3122/3122 3121/3121/3121
f 3124/3124/3124 3123/3123/3123 3121/3121/3121
f 3127/3127/3127 3126/3126/3126 3125/3125/3125
f 3125/3125/3125 3128/3128/3128 3127/3127/3127
f 3126/3126/3126 3129/3129/3129 3125/3125/3125
f 3126/3126/3126 3130/3130/3130 3129/3129/3129
f 3131/3131/3131 3128/3128/3128 3125/3125/3125
f 3125/3125/3125 3129/3129/3129 3131/3131/3131
f 3130/3130/3130 3132/3132/3132 3129/3129/3129
f 3130/3130/3130 3133/3133/3133 3132/3132/3132
f 3134/3134/3134 3128/3128/3128 3131/3131/3131
f 3135/3135/3135 3128/3128/3128 3134/3134/3134
f 3129/3129/3129 3136/3136/3136 3131/3131/3131
f 3131/3131/3131 3136/3136/3136 3134/3134/3134
f 3129/3129/3129 3132/3132/3132 3136/3136/3136
f 3134/3134/3134 3137/3137/3137 3135/3135/3135
f 3136/3136/3136 3137/3137/3137 3134/3134/3134
f 3137/3137/3137 3138/3138/3138 3135/3135/3135
f 3133/3133/3133 3139/3139/3139 3132/3132/3132
f 3133/3133/3133 3140/3140/3140 3139/3139/3139
f 3132/3132/3132 3141/3141/3141 3136/3136/3136
f 3136/3136/3136 3141/3141/3141 3137/3137/3137
f 3132/3132/3132 3139/3139/3139 3141/3141/3141
f 3137/3137/3137 3142/3142/3142 3138/3138/3138
f 3141/3141/3141 3142/3142/3142 3137/3137/3137
f 3142/3142/3142 3143/3143/3143 3138/3138/3138
f 3140/3140/3140 3144/3144/3144 3139/3139/3139
f 3140/3140/3140 3145/3145/3145 3144/3144/3144
f 3139/3139/3139 3146/3146/3146 3141/3141/3141
f 3141/3141/3141 3146/3146/3146 3142/3142/3142
f 3139/3139/3139 3144/3144/3144 3146/3146/3146
f 3142/3142/3142 3147/3147/3147 3143/3143/3143
f 3146/3146/3146 3147/3147/3147 3142/3142/3142
f 3147/3147/3147 3148/3148/3148 3143/3143/3143
f 3145/3145/3145 3149/3149/3149 3144/3144/3144
f 3145/3145/3145 3150/3150/3150 3149/3149/3149
f 3144/3144/3144 3151/3151/3151 3146/3146/3146
f 3146/3146/3146 3151/3151/3151 3147/3147/3147
f 3144/3144/3144 3149/3149/3149 3151/3151/3151
f 3147/3147/3147 3152/3152/3152 3148/3148/3148
f 3151/3151/3151 3152/3152/3152 3147/3147/3147
f 3152/3152/3152 3153/3153/3153 3148/3148/3148
f 3150/3150/3150 3154/3154/3154 3149/3149/3149
f 3150/3150/3150 3155/3155/3155 3154/3154/3154
f 3149/3149/3149 3156/3156/3156 3151/3151/3151
f 3151/3151/3151 3156/3156/3156 3152/3152/3152
f 3149/3149/3149 3154/3154/3154 3156/3156/3156
f 3152/3152/3152 3157/3157/3157 3153/3153/3153
f 3156/3156/3156 3157/3157/3157 3152/3152/3152
f 3157/3157/3157 3158/3158/3158 3153/3153/3153
f 3155/3155/3155 3159/3159/3159 3154/3154/3154
f 3155/3155/3155 3160/3160/3160 3159/3159/3159
f 3154/3154/3154 3161/3161/3161 3156/3156/3156
f 3156/3156/3156 3161/3161/3161 3157/3157/3157
f 3154/3154/3154 3159/3159/3159 3161/3161/3161
f 3157/3157/3157 3162/3162/3162 3158/3158/3158
f 3161/3161/3161 3162/3162/3162 3157/3157/3157
f 3162/3162/3162 3163/3163/3163 3158/3158/3158
f 3159/3159/3159 3164/3164/3164 3161/3161/3161
f 3159/3159/3159 3160/3160/3160 3164/3164/3164
f 3161/3161/3161 3164/3164/3164 3162/3162/3162
f 3162/3162/3162 3165/3165/3165 3163/3163/3163
f 3164/3164/3164 3165/3165/3165 3162/3162/3162
f 3164/3164/3164 3160/3160/3160 3165/3165/3165
f 3165/3165/3165 3166/3166/3166 3163/3163/3163
f 3165/3165/3165 3160/3160/3160 3166/3166/3166
f 3169/3169/3169 3168/3168/3168 3167/3167/3167
f 3167/3167/3167 3170/3170/3170 3169/3169/3169
f 3168/3168/3168 3171/3171/3171 3167/3167/3167
f 3168/3168/3168 3172/3172/3172 3171/3171/3171
f 3173/3173/3173 3170/3170/3170 3167/3167/3167
f 3167/3167/3167 3171/3171/3171 3173/3173/3173
f 3172/3172/3172 3174/3174/3174 3171/3171/3171
f 3172/3172/3172 3175/3175/3175 3174/3174/3174
f 3176/3176/3176 3170/3170/3170 3173/3173/3173
f 3177/3177/3177 3170/3170/3170 3176/3176/3176
f 3171/3171/3171 3178/3178/3178 3173/3173/3173
f 3173/3173/3173 3178/3178/3178 3176/3176/3176
f 3171/3171/3171 3174/3174/3174 3178/3178/3178
f 3176/3176/3176 3179/3179/3179 3177/3177/3177
f 3178/3178/3178 3179/3179/3179 3176/3176/3176
f 3179/3179/3179 3180/3180/3180 3177/3177/3177
f 3175/3175/3175 3181/3181/3181 3174/3174/3174
f 3175/3175/3175 3182/3182/3182 3181/3181/3181
f 3174/3174/3174 3183/3183/3183 3178/3178/3178
f 3178/3178/3178 3183/3183/3183 3179/3179/3179
f 3174/3174/3174 3181/3181/3181 3183/3183/3183
f 3179/3179/3179 3184/3184/3184 3180/3180/3180
f 3183/3183/3183 3184/3184/3184 3179/3179/3179
f 3184/3184/3184 3185/3185/3185 3180/3180/3180
f 3182/3182/3182 3186/3186/3186 3181/3181/3181
f 3182/3182/3182 3187/3187/3187 3186/3186/3186
f 3181/3181/3181 3188/3188/3188 3183/3183/3183
f 3183/3183/3183 3188/3188/3188 3184/3184/3184
f 3181/3181/3181 3186/3186/3186 3188/3188/3188
f 3184/3184/3184 3189/3189/3189 3185/3185/3185
f 3188/3188/3188 3189/3189/3189 3184/3184/3184
f 3189/3189/3189 3190/3190/3190 3185/3185/3185
f 3187/3187/3187 3191/3191/3191 3186/3186/3186
f 3187/3187/3187 3192/3192/3192 3191/3191/3191
f 3186/3186/3186 3193/3193/3193 3188/3188/3188
f 3188/3188/3188 3193/3193/3193 3189/3189/3189
f 3186/3186/3186 3191/3191/3191 3193/3193/3193
f 3189/3189/3189 3194/3194/3194 3190/3190/3190
f 3193/3193/3193 3194/3194/3194 3189/3189/3189
f 3194/3194/3194 3195/3195/3195 3190/3190/3190
f 3192/3192/3192 3196/3196/3196 3191/3191/3191
f 3192/3192/3192 3197/3197/3197 3196/3196/3196
f 3191/3191/3191 3198/3198/3198 3193/3193/3193
f 3193/3193/3193 3198/3198/3198 3194/3194/3194
f 3191/3191/3191 3196/3196/3196 3198/3198/3198
f 3194/3194/3194 3199/3199/3199 3195/3195/3195
f 3198/3198/3198 3199/3199/3199 3194/3194/3194
f 3199/3199/3199 3200/3200/3200 3195/3195/3195
f 3197/3197/3197 3201/3201/3201 3196/3196/3196
f 3197/3197/3197 3202/3202/3202 3201/3201/3201
f 3196/3196/3196 3203/3203/3203 3198/3198/3198
f 3198/3198/3198 3203/3203/3203 3199/3199/3199
f 3196/3196/3196 3201/3201/3201 3203/3203/3203
f 3199/3199/3199 3204/3204/3204 3200/3200/3200
f 3203/3203/3203 3204/3204/3204 3199/3199/3199
f 3204/3204/3204 3205/3205/3205 3200/3200/3200
f 3201/3201/3201 3206/3206/3206 3203/3203/3203
f 3201/3201/3201 3202/3202/3202 3206/3206/3206
f 3203/3203/3203 3206/3206/3206 3204/3204/3204
f 3204/3204/3204 3207/3207/3207 3205/3205/3205
f 3206/3206/3206 3207/3207/3207 3204/3204/3204
f 3206/3206/3206 3202/3202/3202 3207/3207/3207
f 3207/3207/3207 3208/3208/3208 3205/3205/3205
f 3207/3207/3207 3202/3202/3202 3208/3208/3208
f 3211/3211/3211 3210/3210/3210 3209/3209/3209
f 3212/3212/3212 3211/3211/3211 3209/3209/3209
f 3211/3211/3211 3213/3213/3213 3210/3210/3210
f 3212/3212/3212 3209/3209/3209 3214/3214/3214
f 3215/3215/3215 3212/3212/3212 3214/3214/3214
f 3213/3213/3213 3216/3216/3216 3210/3210/3210
f 3213/3213/3213 3217/3217/3217 3216/3216/3216
f 3215/3215/3215 3214/3214/3214 3218/3218/3218
f 3219/3219/3219 3215/3215/3215 3218/3218/3218
f 3217/3217/3217 3220/3220/3220 3216/3216/3216
f 3217/3217/3217 3221/3221/3221 3220/3220/3220
f 3219/3219/3219 3218/3218/3218 3222/3222/3222
f 3223/3223/3223 3219/3219/3219 3222/3222/3222
f 3221/3221/3221 3224/3224/3224 3220/3220/3220
f 3221/3221/3221 3225/3225/3225 3224/3224/3224
f 3223/3223/3223 3222/3222/3222 3226/3226/3226
f 3227/3227/3227 3223/3223/3223 3226/3226/3226
f 3227/3227/3227 3226/3226/3226 3228/3228/3228
f 3229/3229/3229 3227/3227/3227 3228/3228/3228
f 3230/3230/3230 3228/3228/3228 3226/3226/3226
f 3229/3229/3229 3228/3228/3228 3230/3230/3230
f 3226/3226/3226 3222/3222/3222 3230/3230/3230
f 3231/3231/3231 3229/3229/3229 3230/3230/3230
f 3222/3222/3222 3232/3232/3232 3230/3230/3230
f 3231/3231/3231 3230/3230/3230 3232/3232/3232
f 3222/3222/3222 3218/3218/3218 3232/3232/3232
f 3233/3233/3233 3231/3231/3231 3232/3232/3232
f 3218/3218/3218 3234/3234/3234 3232/3232/3232
f 3233/3233/3233 3232/3232/3232 3234/3234/3234
f 3218/3218/3218 3214/3214/3214 3234/3234/3234
f 3235/3235/3235 3233/3233/3233 3234/3234/3234
f 3214/3214/3214 3236/3236/3236 3234/3234/3234
f 3235/3235/3235 3234/3234/3234 3236/3236/3236
f 3214/3214/3214 3209/3209/3209 3236/3236/3236
f 3237/3237/3237 3235/3235/3235 3236/3236/3236
f 3209/3209/3209 3238/3238/3238 3236/3236/3236
f 3237/3237/3237 3236/3236/3236 3238/3238/3238
f 3209/3209/3209 3210/3210/3210 3238/3238/3238
f 3239/3239/3239 3237/3237/3237 3238/3238/3238
f 3210/3210/3210 3240/3240/3240 3238/3238/3238
f 3239/3239/3239 3238/3238/3238 3240/3240/3240
f 3210/3210/3210 3216/3216/3216 3240/3240/3240
f 3241/3241/3241 3239/3239/3239 3240/3240/3240
f 3216/3216/3216 3242/3242/3242 3240/3240/3240
f 3241/3241/3241 3240/3240/3240 3242/3242/3242
f 3216/3216/3216 3220/3220/3220 3242/3242/3242
f 3243/3243/3243 3241/3241/3241 3242/3242/3242
f 3220/3220/3220 3244/3244/3244 3242/3242/3242
f 3243/3243/3243 3242/3242/3242 3244/3244/3244
f 3245/3245/3245 3243/3243/3243 3244/3244/3244
f 3220/3220/3220 3224/3224/3224 3244/3244/3244
f 3245/3245/3245 3244/3244/3244 3246/3246/3246
f 3224/3224/3224 3246/3246/3246 3244/3244/3244
f 3247/3247/3247 3245/3245/3245 3246/3246/3246
f 3224/3224/3224 3248/3248/3248 3246/3246/3246
f 3247/3247/3247 3246/3246/3246 3248/3248/3248
f 3225/3225/3225 3248/3248/3248 3224/3224/3224
f 3225/3225/3225 3247/3247/3247 3248/3248/3248
