g HexaBase
v -5.924717 -8.955945 2.662062
v -6.458722 -8.424072 2.662066
v -6.854616 -8.021145 2.662109
v -6.854616 -8.021145 2.662109
v -7.236561 -7.265468 2.662097
v -8.255687 -0.7440329 2.662768
v -8.79967 -4.318486 2.662165
v -9.35336 -3.507925 2.662111
v -10.14044 -1.384896 2.662376
v -9.35336 -3.507925 2.662111
v -9.974941 -2.308821 2.662153
v -10.14044 -1.384896 2.662376
v -10.39614 -1.805258 2.662047
v -7.828828 -6.180136 2.662115
v -7.552814 -6.7599 2.662126
v -9.35336 -3.507925 2.662111
v -8.79967 -4.318486 2.662165
v -8.19825 -5.408413 2.662109
v 8.236956 -5.024845 2.661494
v 9.00836 -3.362386 2.661765
v 10.3527 -1.885019 2.66205
v 1.012457 -9.761378 2.661978
v 2.080291 -9.617076 2.661922
v 2.679935 -9.679502 2.661856
v -10.71871 0.562737 1.814222
v -10.71925 0.5627597 2.910549
v -10.7894 0.6902272 2.910614
v -10.78886 0.690203 1.814288
v -10.92913 0.7307568 2.910715
v -10.92859 0.7307341 1.814389
v -11.0566 0.6606099 2.910791
v -11.05606 0.6605857 1.814464
v -11.09712 0.5208758 2.910797
v -11.09658 0.5208516 1.81447
v -11.09658 0.5208516 1.81447
v -11.09712 0.5208758 2.910797
v -11.02697 0.3934082 2.910731
v -11.02643 0.393384 1.814404
v -10.88724 0.3528787 2.910631
v -10.8867 0.3528552 1.814304
v -10.75977 0.4230255 2.910555
v -10.75923 0.4230028 1.814229
v -10.71925 0.5627597 2.910549
v -10.71871 0.562737 1.814222
v 10.79019 -1.818168 2.22788
v 10.78965 -1.817829 3.523678
v 10.79227 -1.645879 3.523755
v 10.79282 -1.646221 2.227958
v 10.67256 -1.522434 3.523874
v 10.6731 -1.522776 2.228076
v 10.50061 -1.519801 3.523963
v 10.50115 -1.520143 2.228166
v 10.37717 -1.639526 3.523971
v 10.37771 -1.639867 2.228173
v 10.37771 -1.639867 2.228173
v 10.37717 -1.639526 3.523971
v 10.37454 -1.811474 3.523893
v 10.37508 -1.811815 2.228096
v 10.49426 -1.934918 3.523774
v 10.4948 -1.935258 2.227977
v 10.6662 -1.937551 3.523685
v 10.66675 -1.937893 2.227888
v 10.78965 -1.817829 3.523678
v 10.79019 -1.818168 2.22788
v -8.706672 -4.79175 2.914145
v -8.750316 -4.698985 2.990723
v -8.590938 -4.564322 2.990723
v -8.506762 -4.622837 2.914145
v -8.520247 -4.368015 2.990723
v -8.506762 -4.622837 2.672995
v -8.706672 -4.79175 2.672995
v -8.750316 -4.698985 2.596417
v -8.590938 -4.564322 2.596417
v -8.418084 -4.376599 2.672995
v -8.520247 -4.368015 2.596417
v -8.418084 -4.376599 2.914145
v -8.557178 -4.162658 2.990723
v -8.464409 -4.119013 2.672995
v -8.557178 -4.162658 2.596417
v -8.464409 -4.119013 2.914145
v -8.691839 -4.003281 2.990723
v -8.633322 -3.919099 2.672995
v -8.691839 -4.003281 2.596417
v -8.633322 -3.919099 2.914145
v -8.888147 -3.932585 2.990723
v -8.87956 -3.830424 2.672995
v -8.888147 -3.932585 2.596417
v -8.87956 -3.830424 2.914145
v -9.093504 -3.969517 2.990723
v -9.137146 -3.876752 2.914145
v -9.137146 -3.876752 2.672995
v -9.093504 -3.969517 2.596417
v -8.706672 -4.79175 2.672995
v -8.750316 -4.698985 2.596417
v -8.955671 -4.735913 2.596417
v -8.964256 -4.838075 2.672995
v -9.151982 -4.665221 2.596417
v -8.964256 -4.838075 2.914145
v -8.706672 -4.79175 2.914145
v -8.750316 -4.698985 2.990723
v -8.955671 -4.735913 2.990723
v -9.210497 -4.7494 2.914145
v -9.151982 -4.665221 2.990723
v -9.210497 -4.7494 2.672995
v -9.28664 -4.505844 2.596417
v -9.379408 -4.549487 2.914145
v -9.28664 -4.505844 2.990723
v -9.379408 -4.549487 2.672995
v -9.323574 -4.30049 2.596417
v -9.425734 -4.291902 2.914145
v -9.323574 -4.30049 2.990723
v -9.425734 -4.291902 2.672995
v -9.252879 -4.104178 2.596417
v -9.33706 -4.045663 2.914145
v -9.252879 -4.104178 2.990723
v -9.33706 -4.045663 2.672995
v -9.093504 -3.969517 2.596417
v -9.137146 -3.876752 2.672995
v -9.137146 -3.876752 2.914145
v -9.093504 -3.969517 2.990723
v -8.590938 -4.564322 2.988512
v -8.793831 -4.606485 3.063695
v -8.750316 -4.698985 2.988512
v -8.674873 -4.505978 3.063695
v -8.520244 -4.368014 2.988512
v -8.622108 -4.359451 3.063695
v -8.557174 -4.162656 2.988512
v -8.649673 -4.206174 3.063695
v -8.691839 -4.003281 2.988512
v -8.750184 -4.087215 3.063695
v -8.888146 -3.932585 2.988512
v -8.896708 -4.034447 3.063695
v -9.049989 -4.062016 3.063695
v -9.093504 -3.969519 2.988512
v -9.137146 -3.876752 3.065089
v -9.093504 -3.969519 2.988512
v -8.888146 -3.932585 2.988512
v -8.87956 -3.830427 3.065089
v -8.691839 -4.003281 2.988512
v -8.87956 -3.830427 3.306239
v -9.137146 -3.876752 3.306239
v -9.093504 -3.969519 3.382817
v -8.888146 -3.932585 3.382817
v -8.633322 -3.919099 3.306239
v -8.691839 -4.003281 3.382817
v -8.633322 -3.919099 3.065089
v -8.557174 -4.162656 2.988512
v -8.464409 -4.119013 3.306239
v -8.557174 -4.162656 3.382817
v -8.464409 -4.119013 3.065089
v -8.520244 -4.368014 2.988512
v -8.418084 -4.376599 3.306239
v -8.520244 -4.368014 3.382817
v -8.418084 -4.376599 3.065089
v -8.590938 -4.564322 2.988512
v -8.506759 -4.62284 3.306239
v -8.590938 -4.564322 3.382817
v -8.506759 -4.62284 3.065089
v -8.750316 -4.698985 2.988512
v -8.70667 -4.791749 3.065089
v -8.70667 -4.791749 3.306239
v -8.750316 -4.698985 3.382817
v -8.750316 -4.698985 3.382817
v -8.798285 -4.597021 3.307633
v -8.683461 -4.500005 3.307633
v -8.590938 -4.564322 3.382817
v -8.632531 -4.358573 3.307633
v -8.520244 -4.368014 3.382817
v -8.659139 -4.210627 3.307633
v -8.557174 -4.162656 3.382817
v -8.756155 -4.095802 3.307633
v -8.691839 -4.003281 3.382817
v -8.897586 -4.044871 3.307633
v -8.888146 -3.932585 3.382817
v -9.045533 -4.071479 3.307633
v -9.093504 -3.969519 3.382817
v -8.750316 -4.698985 2.988512
v -8.793831 -4.606485 3.063695
v -8.947109 -4.634053 3.063695
v -8.955667 -4.735917 2.988512
v -9.093633 -4.581285 3.063695
v -9.151978 -4.665222 2.988512
v -9.194144 -4.462326 3.063695
v -9.28664 -4.505844 2.988512
v -9.221709 -4.30905 3.063695
v -9.323573 -4.300489 2.988512
v -9.168946 -4.162529 3.063695
v -9.252877 -4.104181 2.988512
v -9.049989 -4.062016 3.063695
v -9.093504 -3.969519 2.988512
v -8.955667 -4.735917 3.382817
v -8.798285 -4.597021 3.307633
v -8.750316 -4.698985 3.382817
v -8.946236 -4.623627 3.307633
v -9.151978 -4.665222 3.382817
v -9.087663 -4.572699 3.307633
v -9.28664 -4.505844 3.382817
v -9.184679 -4.457874 3.307633
v -9.323573 -4.300489 3.382817
v -9.211289 -4.309928 3.307633
v -9.252877 -4.104181 3.382817
v -9.160357 -4.168498 3.307633
v -9.093504 -3.969519 3.382817
v -9.045533 -4.071479 3.307633
v -8.70667 -4.791749 3.065089
v -8.750316 -4.698985 2.988512
v -8.955667 -4.735917 2.988512
v -8.964256 -4.838075 3.065089
v -9.151978 -4.665222 2.988512
v -8.964256 -4.838075 3.306239
v -8.70667 -4.791749 3.306239
v -8.750316 -4.698985 3.382817
v -8.955667 -4.735917 3.382817
v -9.210497 -4.7494 3.306239
v -9.151978 -4.665222 3.382817
v -9.210497 -4.7494 3.065089
v -9.28664 -4.505844 2.988512
v -9.379408 -4.549487 3.306239
v -9.28664 -4.505844 3.382817
v -9.379408 -4.549487 3.065089
v -9.323573 -4.300489 2.988512
v -9.42573 -4.291902 3.306239
v -9.323573 -4.300489 3.382817
v -9.42573 -4.291902 3.065089
v -9.252877 -4.104181 2.988512
v -9.33706 -4.045663 3.306239
v -9.252877 -4.104181 3.382817
v -9.33706 -4.045663 3.065089
v -9.093504 -3.969519 2.988512
v -9.137146 -3.876752 3.065089
v -9.137146 -3.876752 3.306239
v -9.093504 -3.969519 3.382817
v -8.798285 -4.597021 3.307633
v -8.793831 -4.606485 3.063695
v -8.674873 -4.505978 3.063695
v -8.683461 -4.500005 3.307633
v -8.622108 -4.359451 3.063695
v -8.632531 -4.358573 3.307633
v -8.649673 -4.206174 3.063695
v -8.659139 -4.210627 3.307633
v -8.750184 -4.087215 3.063695
v -8.756155 -4.095802 3.307633
v -8.896708 -4.034447 3.063695
v -8.897586 -4.044871 3.307633
v -9.049989 -4.062016 3.063695
v -9.045533 -4.071479 3.307633
v -8.946236 -4.623627 3.307633
v -8.793831 -4.606485 3.063695
v -8.798285 -4.597021 3.307633
v -8.947109 -4.634053 3.063695
v -9.087663 -4.572699 3.307633
v -9.093633 -4.581285 3.063695
v -9.184679 -4.457874 3.307633
v -9.194144 -4.462326 3.063695
v -9.211289 -4.309928 3.307633
v -9.221709 -4.30905 3.063695
v -9.160357 -4.168498 3.307633
v -9.168946 -4.162529 3.063695
v -9.045533 -4.071479 3.307633
v -9.049989 -4.062016 3.063695
v -9.269795 -3.928713 2.914145
v -9.298057 -3.830166 2.990723
v -9.119211 -3.722695 2.990723
v -9.045463 -3.79391 2.914145
v -9.018058 -3.540204 2.990723
v -9.045463 -3.79391 2.672995
v -9.269795 -3.928713 2.672995
v -9.298057 -3.830166 2.596417
v -9.119211 -3.722695 2.596417
v -8.918582 -3.565004 2.672995
v -9.018058 -3.540204 2.596417
v -8.918582 -3.565004 2.914145
v -9.021705 -3.331584 2.990723
v -8.923158 -3.303326 2.672995
v -9.021705 -3.331584 2.596417
v -8.923158 -3.303326 2.914145
v -9.129171 -3.152741 2.990723
v -9.057958 -3.078993 2.672995
v -9.129171 -3.152741 2.596417
v -9.057958 -3.078993 2.914145
v -9.311664 -3.051589 2.990723
v -9.286863 -2.952111 2.672995
v -9.311664 -3.051589 2.596417
v -9.286863 -2.952111 2.914145
v -9.520282 -3.055236 2.990723
v -9.548543 -2.956687 2.914145
v -9.548543 -2.956687 2.672995
v -9.520282 -3.055236 2.596417
v -9.269795 -3.928713 2.672995
v -9.298057 -3.830166 2.596417
v -9.506673 -3.833807 2.596417
v -9.531475 -3.933287 2.672995
v -9.689167 -3.732659 2.596417
v -9.531475 -3.933287 2.914145
v -9.269795 -3.928713 2.914145
v -9.298057 -3.830166 2.990723
v -9.506673 -3.833807 2.990723
v -9.760381 -3.806409 2.914145
v -9.689167 -3.732659 2.990723
v -9.760381 -3.806409 2.672995
v -9.796632 -3.553814 2.596417
v -9.89518 -3.582072 2.914145
v -9.796632 -3.553814 2.990723
v -9.89518 -3.582072 2.672995
v -9.800275 -3.345192 2.596417
v -9.899755 -3.320395 2.914145
v -9.800275 -3.345192 2.990723
v -9.899755 -3.320395 2.672995
v -9.699128 -3.162704 2.596417
v -9.772877 -3.091488 2.914145
v -9.699128 -3.162704 2.990723
v -9.772877 -3.091488 2.672995
v -9.520282 -3.055236 2.596417
v -9.548543 -2.956687 2.672995
v -9.548543 -2.956687 2.914145
v -9.520282 -3.055236 2.990723
v 1.384993 7.752714 2.672995
v 1.484642 7.728601 2.596418
v 1.584529 7.911787 2.596418
v 1.510292 7.982493 2.672995
v 1.762629 8.02049 2.596418
v 1.510292 7.982493 2.914145
v 1.384993 7.752714 2.914145
v 1.484642 7.728601 2.990723
v 1.584529 7.911787 2.990723
v 1.733687 8.118839 2.914145
v 1.762629 8.02049 2.990723
v 1.733687 8.118839 2.672995
v 1.971215 8.025578 2.596418
v 1.995329 8.125222 2.914145
v 1.971215 8.025578 2.990723
v 1.995329 8.125222 2.672995
v 2.154403 7.925689 2.596418
v 2.225108 7.999927 2.914145
v 2.154403 7.925689 2.990723
v 2.225108 7.999927 2.672995
v 2.2631 7.747589 2.596418
v 2.361453 7.77653 2.914145
v 2.2631 7.747589 2.990723
v 2.361453 7.77653 2.672995
v 2.26819 7.539002 2.596418
v 2.367835 7.514888 2.672995
v 2.367835 7.514888 2.914145
v 2.26819 7.539002 2.990723
v 1.666129 7.834078 3.307633
v 1.583996 7.704561 3.063695
v 1.594164 7.7021 3.307633
v 1.658554 7.841293 3.063695
v 1.79444 7.912392 3.307633
v 1.791485 7.922424 3.063695
v 1.944718 7.916058 3.307633
v 1.947176 7.926225 3.063695
v 2.076693 7.844092 3.307633
v 2.083907 7.851667 3.063695
v 2.155006 7.715781 3.307633
v 2.165039 7.718732 3.063695
v 2.158669 7.565502 3.307633
v 2.168836 7.563041 3.063695
v 1.594164 7.7021 3.307633
v 1.583996 7.704561 3.063695
v 1.587793 7.548876 3.063695
v 1.597829 7.551826 3.307633
v 1.668927 7.41594 3.063695
v 1.676139 7.423512 3.307633
v 1.805655 7.341383 3.063695
v 1.808118 7.351548 3.307633
v 1.961346 7.34518 3.063695
v 1.958394 7.355214 3.307633
v 2.094278 7.426316 3.063695
v 2.086702 7.433527 3.307633
v 2.168836 7.563041 3.063695
v 2.158669 7.565502 3.307633
v 1.384999 7.752717 3.306239
v 1.484643 7.728604 3.382816
v 1.489729 7.520018 3.382816
v 1.391378 7.491076 3.306239
v 1.598429 7.34192 3.382816
v 1.391378 7.491076 3.065089
v 1.384999 7.752717 3.065089
v 1.484643 7.728604 2.988512
v 1.489729 7.520018 2.988512
v 1.527725 7.267679 3.065089
v 1.598429 7.34192 2.988512
v 1.527725 7.267679 3.306239
v 1.781617 7.242028 3.382816
v 1.7575 7.142382 3.065089
v 1.781617 7.242028 2.988512
v 1.7575 7.142382 3.306239
v 1.990203 7.247117 3.382816
v 2.019145 7.148763 3.065089
v 1.990203 7.247117 2.988512
v 2.019145 7.148763 3.306239
v 2.168299 7.355816 3.382816
v 2.242542 7.285112 3.065089
v 2.168299 7.355816 2.988512
v 2.242542 7.285112 3.306239
v 2.26819 7.539004 3.382816
v 2.367838 7.514888 3.306239
v 2.367838 7.514888 3.065089
v 2.26819 7.539004 2.988512
v 2.367838 7.514888 3.306239
v 2.26819 7.539004 3.382816
v 2.263103 7.74759 3.382816
v 2.361455 7.776526 3.306239
v 2.154405 7.925689 3.382816
v 2.361455 7.776526 3.065089
v 2.367838 7.514888 3.065089
v 2.26819 7.539004 2.988512
v 2.263103 7.74759 2.988512
v 2.225108 7.999927 3.065089
v 2.154405 7.925689 2.988512
v 2.225108 7.999927 3.306239
v 1.971215 8.025578 3.382816
v 1.995329 8.125222 3.065089
v 1.971215 8.025578 2.988512
v 1.995329 8.125222 3.306239
v 1.762629 8.02049 3.382816
v 1.733689 8.118838 3.065089
v 1.762629 8.02049 2.988512
v 1.733689 8.118838 3.306239
v 1.584529 7.911787 3.382816
v 1.510293 7.982498 3.065089
v 1.584529 7.911787 2.988512
v 1.510293 7.982498 3.306239
v 1.484643 7.728604 3.382816
v 1.384999 7.752717 3.306239
v 1.384999 7.752717 3.065089
v 1.484643 7.728604 2.988512
v 1.584529 7.911787 3.382816
v 1.594164 7.7021 3.307633
v 1.484643 7.728604 3.382816
v 1.666129 7.834078 3.307633
v 1.762629 8.02049 3.382816
v 1.79444 7.912392 3.307633
v 1.971215 8.025578 3.382816
v 1.944718 7.916058 3.307633
v 2.154405 7.925689 3.382816
v 2.076693 7.844092 3.307633
v 2.263103 7.74759 3.382816
v 2.155006 7.715781 3.307633
v 2.26819 7.539004 3.382816
v 2.158669 7.565502 3.307633
v 1.584529 7.911787 2.988512
v 1.484643 7.728604 2.988512
v 1.583996 7.704561 3.063695
v 1.658554 7.841293 3.063695
v 1.791485 7.922424 3.063695
v 1.762629 8.02049 2.988512
v 1.947176 7.926225 3.063695
v 1.971215 8.025578 2.988512
v 2.083907 7.851667 3.063695
v 2.154405 7.925689 2.988512
v 2.165039 7.718732 3.063695
v 2.263103 7.74759 2.988512
v 2.168836 7.563041 3.063695
v 2.26819 7.539004 2.988512
v 1.484643 7.728604 3.382816
v 1.594164 7.7021 3.307633
v 1.597829 7.551826 3.307633
v 1.489729 7.520018 3.382816
v 1.676139 7.423512 3.307633
v 1.598429 7.34192 3.382816
v 1.808118 7.351548 3.307633
v 1.781617 7.242028 3.382816
v 1.958394 7.355214 3.307633
v 1.990203 7.247117 3.382816
v 2.086702 7.433527 3.307633
v 2.168299 7.355816 3.382816
v 2.158669 7.565502 3.307633
v 2.26819 7.539004 3.382816
v 1.489729 7.520018 2.988512
v 1.583996 7.704561 3.063695
v 1.484643 7.728604 2.988512
v 1.587793 7.548876 3.063695
v 1.598429 7.34192 2.988512
v 1.668927 7.41594 3.063695
v 1.781617 7.242028 2.988512
v 1.805655 7.341383 3.063695
v 1.990203 7.247117 2.988512
v 1.961346 7.34518 3.063695
v 2.168299 7.355816 2.988512
v 2.094278 7.426316 3.063695
v 2.26819 7.539004 2.988512
v 2.168836 7.563041 3.063695
v 1.384993 7.752714 2.914145
v 1.484642 7.728601 2.990723
v 1.48973 7.520013 2.990723
v 1.391378 7.491074 2.914145
v 1.598429 7.341918 2.990723
v 1.391378 7.491074 2.672995
v 1.384993 7.752714 2.672995
v 1.484642 7.728601 2.596418
v 1.48973 7.520013 2.596418
v 1.527723 7.267675 2.672995
v 1.598429 7.341918 2.596418
v 1.527723 7.267675 2.914145
v 1.781615 7.242027 2.990723
v 1.7575 7.142382 2.672995
v 1.781615 7.242027 2.596418
v 1.7575 7.142382 2.914145
v 1.990202 7.247118 2.990723
v 2.019145 7.148763 2.672995
v 1.990202 7.247118 2.596418
v 2.019145 7.148763 2.914145
v 2.168299 7.355816 2.990723
v 2.242541 7.285109 2.672995
v 2.168299 7.355816 2.596418
v 2.242541 7.285109 2.914145
v 2.26819 7.539002 2.990723
v 2.367835 7.514888 2.914145
v 2.367835 7.514888 2.672995
v 2.26819 7.539002 2.596418
v -9.11921 -3.722698 2.988512
v -9.326233 -3.731903 3.063695
v -9.298056 -3.830164 2.988512
v -9.192744 -3.65169 3.063695
v -9.018056 -3.540205 2.988512
v -9.117245 -3.515478 3.063695
v -9.021704 -3.331587 2.988512
v -9.119966 -3.359765 3.063695
v -9.129172 -3.152745 2.988512
v -9.20018 -3.226278 3.063695
v -9.311664 -3.051589 2.988512
v -9.33639 -3.150776 3.063695
v -9.492103 -3.153497 3.063695
v -9.52028 -3.055237 2.988512
v -9.54854 -2.95669 3.065089
v -9.52028 -3.055237 2.988512
v -9.311664 -3.051589 2.988512
v -9.286861 -2.952115 3.065089
v -9.129172 -3.152745 2.988512
v -9.286861 -2.952115 3.306239
v -9.54854 -2.95669 3.306239
v -9.52028 -3.055237 3.382817
v -9.311664 -3.051589 3.382817
v -9.057957 -3.078992 3.306239
v -9.129172 -3.152745 3.382817
v -9.057957 -3.078992 3.065089
v -9.021704 -3.331587 2.988512
v -8.923158 -3.303326 3.306239
v -9.021704 -3.331587 3.382817
v -8.923158 -3.303326 3.065089
v -9.018056 -3.540205 2.988512
v -8.918584 -3.565007 3.306239
v -9.018056 -3.540205 3.382817
v -8.918584 -3.565007 3.065089
v -9.11921 -3.722698 2.988512
v -9.045462 -3.793913 3.306239
v -9.11921 -3.722698 3.382817
v -9.045462 -3.793913 3.065089
v -9.298056 -3.830164 2.988512
v -9.269794 -3.928715 3.065089
v -9.269794 -3.928715 3.306239
v -9.298056 -3.830164 3.382817
v -9.298056 -3.830164 3.382817
v -9.329119 -3.721848 3.307633
v -9.200267 -3.644425 3.307633
v -9.11921 -3.722698 3.382817
v -9.127395 -3.512947 3.307633
v -9.018056 -3.540205 3.382817
v -9.130019 -3.362651 3.307633
v -9.021704 -3.331587 3.382817
v -9.207446 -3.233799 3.307633
v -9.129172 -3.152745 3.382817
v -9.338918 -3.160927 3.307633
v -9.311664 -3.051589 3.382817
v -9.48922 -3.163554 3.307633
v -9.52028 -3.055237 3.382817
v -9.298056 -3.830164 2.988512
v -9.326233 -3.731903 3.063695
v -9.481944 -3.734623 3.063695
v -9.506673 -3.833807 2.988512
v -9.618158 -3.659124 3.063695
v -9.689163 -3.732659 2.988512
v -9.69837 -3.525635 3.063695
v -9.796632 -3.553814 2.988512
v -9.701092 -3.36992 3.063695
v -9.800277 -3.345195 2.988512
v -9.625593 -3.233711 3.063695
v -9.699123 -3.162703 2.988512
v -9.492103 -3.153497 3.063695
v -9.52028 -3.055237 2.988512
v -9.506673 -3.833807 3.382817
v -9.329119 -3.721848 3.307633
v -9.298056 -3.830164 3.382817
v -9.479418 -3.724474 3.307633
v -9.689163 -3.732659 3.382817
v -9.61089 -3.651599 3.307633
v -9.796632 -3.553814 3.382817
v -9.688317 -3.522753 3.307633
v -9.800277 -3.345195 3.382817
v -9.690945 -3.372453 3.307633
v -9.699123 -3.162703 3.382817
v -9.61807 -3.240978 3.307633
v -9.52028 -3.055237 3.382817
v -9.48922 -3.163554 3.307633
v -9.269794 -3.928715 3.065089
v -9.298056 -3.830164 2.988512
v -9.506673 -3.833807 2.988512
v -9.531473 -3.933287 3.065089
v -9.689163 -3.732659 2.988512
v -9.531473 -3.933287 3.306239
v -9.269794 -3.928715 3.306239
v -9.298056 -3.830164 3.382817
v -9.506673 -3.833807 3.382817
v -9.760381 -3.806409 3.306239
v -9.689163 -3.732659 3.382817
v -9.760381 -3.806409 3.065089
v -9.796632 -3.553814 2.988512
v -9.89518 -3.582072 3.306239
v -9.796632 -3.553814 3.382817
v -9.89518 -3.582072 3.065089
v -9.800277 -3.345195 2.988512
v -9.899755 -3.320394 3.306239
v -9.800277 -3.345195 3.382817
v -9.899755 -3.320394 3.065089
v -9.699123 -3.162703 2.988512
v -9.772874 -3.091487 3.306239
v -9.699123 -3.162703 3.382817
v -9.772874 -3.091487 3.065089
v -9.52028 -3.055237 2.988512
v -9.54854 -2.95669 3.065089
v -9.54854 -2.95669 3.306239
v -9.52028 -3.055237 3.382817
v -9.329119 -3.721848 3.307633
v -9.326233 -3.731903 3.063695
v -9.192744 -3.65169 3.063695
v -9.200267 -3.644425 3.307633
v -9.117245 -3.515478 3.063695
v -9.127395 -3.512947 3.307633
v -9.119966 -3.359765 3.063695
v -9.130019 -3.362651 3.307633
v -9.20018 -3.226278 3.063695
v -9.207446 -3.233799 3.307633
v -9.33639 -3.150776 3.063695
v -9.338918 -3.160927 3.307633
v -9.492103 -3.153497 3.063695
v -9.48922 -3.163554 3.307633
v -9.479418 -3.724474 3.307633
v -9.326233 -3.731903 3.063695
v -9.329119 -3.721848 3.307633
v -9.481944 -3.734623 3.063695
v -9.61089 -3.651599 3.307633
v -9.618158 -3.659124 3.063695
v -9.688317 -3.522753 3.307633
v -9.69837 -3.525635 3.063695
v -9.690945 -3.372453 3.307633
v -9.701092 -3.36992 3.063695
v -9.61807 -3.240978 3.307633
v -9.625593 -3.233711 3.063695
v -9.48922 -3.163554 3.307633
v -9.492103 -3.153497 3.063695
v -8.660424 -4.836854 2.914145
v -8.612329 -4.927391 2.990723
v -8.764983 -5.069633 2.990723
v -8.851903 -5.01527 2.914145
v -8.82607 -5.26914 2.990723
v -8.851903 -5.01527 2.672995
v -8.660424 -4.836854 2.672995
v -8.612329 -4.927391 2.596418
v -8.764983 -5.069633 2.596418
v -8.928525 -5.26552 2.672995
v -8.82607 -5.26914 2.596418
v -8.928525 -5.26552 2.914145
v -8.779212 -5.472463 2.990723
v -8.869752 -5.520555 2.672995
v -8.779212 -5.472463 2.596418
v -8.869752 -5.520555 2.914145
v -8.636975 -5.625113 2.990723
v -8.691339 -5.712036 2.672995
v -8.636975 -5.625113 2.596418
v -8.691339 -5.712036 2.914145
v -8.437467 -5.6862 2.990723
v -8.441088 -5.788657 2.672995
v -8.437467 -5.6862 2.596418
v -8.441088 -5.788657 2.914145
v -8.234146 -5.639345 2.990723
v -8.186054 -5.729883 2.914145
v -8.186054 -5.729883 2.672995
v -8.234146 -5.639345 2.596418
v -8.660424 -4.836854 2.672995
v -8.612329 -4.927391 2.596418
v -8.409006 -4.880539 2.596418
v -8.405391 -4.778084 2.672995
v -8.209498 -4.941621 2.596418
v -8.405391 -4.778084 2.914145
v -8.660424 -4.836854 2.914145
v -8.612329 -4.927391 2.990723
v -8.409006 -4.880539 2.990723
v -8.155137 -4.854703 2.914145
v -8.209498 -4.941621 2.990723
v -8.155137 -4.854703 2.672995
v -8.067262 -5.094276 2.596418
v -7.976725 -5.046185 2.914145
v -8.067262 -5.094276 2.990723
v -7.976725 -5.046185 2.672995
v -8.020407 -5.297596 2.596418
v -7.917952 -5.301219 2.914145
v -8.020407 -5.297596 2.990723
v -7.917952 -5.301219 2.672995
v -8.081492 -5.497108 2.596418
v -7.994572 -5.551471 2.914145
v -8.081492 -5.497108 2.990723
v -7.994572 -5.551471 2.672995
v -8.234146 -5.639345 2.596418
v -8.186054 -5.729883 2.672995
v -8.186054 -5.729883 2.914145
v -8.234146 -5.639345 2.990723
v -8.764983 -5.069633 2.988512
v -8.564376 -5.01767 3.063695
v -8.612329 -4.927391 2.988512
v -8.678316 -5.123833 3.063695
v -8.82607 -5.269138 2.988512
v -8.723907 -5.272748 3.063695
v -8.779213 -5.472462 2.988512
v -8.688937 -5.424504 3.063695
v -8.636975 -5.625113 2.988512
v -8.582772 -5.538446 3.063695
v -8.437469 -5.686198 2.988512
v -8.433859 -5.584043 3.063695
v -8.282101 -5.549068 3.063695
v -8.234144 -5.639342 2.988512
v -8.186054 -5.729883 3.065089
v -8.234144 -5.639342 2.988512
v -8.437469 -5.686198 2.988512
v -8.44109 -5.788654 3.065089
v -8.636975 -5.625113 2.988512
v -8.44109 -5.788654 3.306239
v -8.186054 -5.729883 3.306239
v -8.234144 -5.639342 3.382816
v -8.437469 -5.686198 3.382816
v -8.691339 -5.712036 3.306239
v -8.636975 -5.625113 3.382816
v -8.691339 -5.712036 3.065089
v -8.779213 -5.472462 2.988512
v -8.869756 -5.520555 3.306239
v -8.779213 -5.472462 3.382816
v -8.869756 -5.520555 3.065089
v -8.82607 -5.269138 2.988512
v -8.928525 -5.26552 3.306239
v -8.82607 -5.269138 3.382816
v -8.928525 -5.26552 3.065089
v -8.764983 -5.069633 2.988512
v -8.851908 -5.015269 3.306239
v -8.764983 -5.069633 3.382816
v -8.851908 -5.015269 3.065089
v -8.612329 -4.927391 2.988512
v -8.660427 -4.836853 3.065089
v -8.660427 -4.836853 3.306239
v -8.612329 -4.927391 3.382816
v -8.612329 -4.927391 3.382816
v -8.559469 -5.026906 3.307633
v -8.669448 -5.129381 3.307633
v -8.764983 -5.069633 3.382816
v -8.713454 -5.273118 3.307633
v -8.82607 -5.269138 3.382816
v -8.679701 -5.419598 3.307633
v -8.779213 -5.472462 3.382816
v -8.577227 -5.529579 3.307633
v -8.636975 -5.625113 3.382816
v -8.43349 -5.573587 3.307633
v -8.437469 -5.686198 3.382816
v -8.287006 -5.53983 3.307633
v -8.234144 -5.639342 3.382816
v -8.612329 -4.927391 2.988512
v -8.564376 -5.01767 3.063695
v -8.412619 -4.982698 3.063695
v -8.409011 -4.880541 2.988512
v -8.263705 -5.028292 3.063695
v -8.2095 -4.941623 2.988512
v -8.157538 -5.142233 3.063695
v -8.067262 -5.094276 2.988512
v -8.122567 -5.293989 3.063695
v -8.020409 -5.297598 2.988512
v -8.16816 -5.442902 3.063695
v -8.081495 -5.497108 2.988512
v -8.282101 -5.549068 3.063695
v -8.234144 -5.639342 2.988512
v -8.409011 -4.880541 3.382816
v -8.559469 -5.026906 3.307633
v -8.612329 -4.927391 3.382816
v -8.412986 -4.993153 3.307633
v -8.2095 -4.941623 3.382816
v -8.269254 -5.037157 3.307633
v -8.067262 -5.094276 3.382816
v -8.166778 -5.147139 3.307633
v -8.020409 -5.297598 3.382816
v -8.13302 -5.293621 3.307633
v -8.081495 -5.497108 3.382816
v -8.17703 -5.437356 3.307633
v -8.234144 -5.639342 3.382816
v -8.287006 -5.53983 3.307633
v -8.660427 -4.836853 3.065089
v -8.612329 -4.927391 2.988512
v -8.409011 -4.880541 2.988512
v -8.405391 -4.778084 3.065089
v -8.2095 -4.941623 2.988512
v -8.405391 -4.778084 3.306239
v -8.660427 -4.836853 3.306239
v -8.612329 -4.927391 3.382816
v -8.409011 -4.880541 3.382816
v -8.155137 -4.854703 3.306239
v -8.2095 -4.941623 3.382816
v -8.155137 -4.854703 3.065089
v -8.067262 -5.094276 2.988512
v -7.976725 -5.046185 3.306239
v -8.067262 -5.094276 3.382816
v -7.976725 -5.046185 3.065089
v -8.020409 -5.297598 2.988512
v -7.917953 -5.301217 3.306239
v -8.020409 -5.297598 3.382816
v -7.917953 -5.301217 3.065089
v -8.081495 -5.497108 2.988512
v -7.994572 -5.551471 3.306239
v -8.081495 -5.497108 3.382816
v -7.994572 -5.551471 3.065089
v -8.234144 -5.639342 2.988512
v -8.186054 -5.729883 3.065089
v -8.186054 -5.729883 3.306239
v -8.234144 -5.639342 3.382816
v -8.559469 -5.026906 3.307633
v -8.564376 -5.01767 3.063695
v -8.678316 -5.123833 3.063695
v -8.669448 -5.129381 3.307633
v -8.723907 -5.272748 3.063695
v -8.713454 -5.273118 3.307633
v -8.688937 -5.424504 3.063695
v -8.679701 -5.419598 3.307633
v -8.582772 -5.538446 3.063695
v -8.577227 -5.529579 3.307633
v -8.433859 -5.584043 3.063695
v -8.43349 -5.573587 3.307633
v -8.282101 -5.549068 3.063695
v -8.287006 -5.53983 3.307633
v -8.412986 -4.993153 3.307633
v -8.564376 -5.01767 3.063695
v -8.559469 -5.026906 3.307633
v -8.412619 -4.982698 3.063695
v -8.269254 -5.037157 3.307633
v -8.263705 -5.028292 3.063695
v -8.166778 -5.147139 3.307633
v -8.157538 -5.142233 3.063695
v -8.13302 -5.293621 3.307633
v -8.122567 -5.293989 3.063695
v -8.17703 -5.437356 3.307633
v -8.16816 -5.442902 3.063695
v -8.287006 -5.53983 3.307633
v -8.282101 -5.549068 3.063695
v -8.056081 -5.671546 2.914145
v -8.023073 -5.768608 2.990723
v -8.19649 -5.884629 2.990723
v -8.273609 -5.817076 2.914145
v -8.288669 -6.071814 2.990723
v -8.273609 -5.817076 2.672995
v -8.056081 -5.671546 2.672995
v -8.023073 -5.768608 2.596418
v -8.19649 -5.884629 2.596418
v -8.389231 -6.051868 2.672995
v -8.288669 -6.071814 2.596418
v -8.389231 -6.051868 2.914145
v -8.274902 -6.28001 2.990723
v -8.371964 -6.313018 2.672995
v -8.274902 -6.28001 2.596418
v -8.371964 -6.313018 2.914145
v -8.158884 -6.453428 2.990723
v -8.226434 -6.530546 2.672995
v -8.158884 -6.453428 2.596418
v -8.226434 -6.530546 2.914145
v -7.971694 -6.545603 2.990723
v -7.99164 -6.646165 2.672995
v -7.971694 -6.545603 2.596418
v -7.99164 -6.646165 2.914145
v -7.7635 -6.531836 2.990723
v -7.730489 -6.628901 2.914145
v -7.730489 -6.628901 2.672995
v -7.7635 -6.531836 2.596418
v -8.056081 -5.671546 2.672995
v -8.023073 -5.768608 2.596418
v -7.814877 -5.754844 2.596418
v -7.794932 -5.654278 2.672995
v -7.627692 -5.84702 2.596418
v -7.794932 -5.654278 2.914145
v -8.056081 -5.671546 2.914145
v -8.023073 -5.768608 2.990723
v -7.814877 -5.754844 2.990723
v -7.560139 -5.769897 2.914145
v -7.627692 -5.84702 2.990723
v -7.560139 -5.769897 2.672995
v -7.511672 -6.020436 2.596418
v -7.414609 -5.987429 2.914145
v -7.511672 -6.020436 2.990723
v -7.414609 -5.987429 2.672995
v -7.497907 -6.228633 2.596418
v -7.397341 -6.248576 2.914145
v -7.497907 -6.228633 2.990723
v -7.397341 -6.248576 2.672995
v -7.590081 -6.415816 2.596418
v -7.512964 -6.483371 2.914145
v -7.590081 -6.415816 2.990723
v -7.512964 -6.483371 2.672995
v -7.7635 -6.531836 2.596418
v -7.730489 -6.628901 2.672995
v -7.730489 -6.628901 2.914145
v -7.7635 -6.531836 2.990723
v -8.196492 -5.884627 2.988512
v -7.990157 -5.865385 3.063695
v -8.023075 -5.768609 2.988512
v -8.119598 -5.951982 3.063695
v -8.28867 -6.071812 2.988512
v -8.188401 -6.091697 3.063695
v -8.274902 -6.28001 2.988512
v -8.178126 -6.247096 3.063695
v -8.158884 -6.453428 2.988512
v -8.091526 -6.376534 3.063695
v -7.971694 -6.545603 2.988512
v -7.951814 -6.445334 3.063695
v -7.796414 -6.43506 3.063695
v -7.763503 -6.531837 2.988512
v -7.730494 -6.628897 3.065089
v -7.763503 -6.531837 2.988512
v -7.971694 -6.545603 2.988512
v -7.991645 -6.646165 3.065089
v -8.158884 -6.453428 2.988512
v -7.991645 -6.646165 3.306239
v -7.730494 -6.628897 3.306239
v -7.763503 -6.531837 3.382816
v -7.971694 -6.545603 3.382816
v -8.226434 -6.530543 3.306239
v -8.158884 -6.453428 3.382816
v -8.226434 -6.530543 3.065089
v -8.274902 -6.28001 2.988512
v -8.371964 -6.313018 3.306239
v -8.274902 -6.28001 3.382816
v -8.371964 -6.313018 3.065089
v -8.28867 -6.071812 2.988512
v -8.389231 -6.051868 3.306239
v -8.28867 -6.071812 3.382816
v -8.389231 -6.051868 3.065089
v -8.196492 -5.884627 2.988512
v -8.273607 -5.817072 3.306239
v -8.196492 -5.884627 3.382816
v -8.273607 -5.817072 3.065089
v -8.023075 -5.768609 2.988512
v -8.056083 -5.671544 3.065089
v -8.056083 -5.671544 3.306239
v -8.023075 -5.768609 3.382816
v -8.023075 -5.768609 3.382816
v -7.98679 -5.875288 3.307633
v -8.111732 -5.958873 3.307633
v -8.196492 -5.884627 3.382816
v -8.17814 -6.093731 3.307633
v -8.28867 -6.071812 3.382816
v -8.168224 -6.243725 3.307633
v -8.274902 -6.28001 3.382816
v -8.084637 -6.368665 3.307633
v -8.158884 -6.453428 3.382816
v -7.949779 -6.435073 3.307633
v -7.971694 -6.545603 3.382816
v -7.799782 -6.425155 3.307633
v -7.763503 -6.531837 3.382816
v -8.023075 -5.768609 2.988512
v -7.990157 -5.865385 3.063695
v -7.834763 -5.855113 3.063695
v -7.814877 -5.754844 2.988512
v -7.695047 -5.923911 3.063695
v -7.627693 -5.847018 2.988512
v -7.60845 -6.053352 3.063695
v -7.511673 -6.020435 2.988512
v -7.598176 -6.208748 3.063695
v -7.49791 -6.228634 2.988512
v -7.666978 -6.348465 3.063695
v -7.590084 -6.415819 2.988512
v -7.796414 -6.43506 3.063695
v -7.763503 -6.531837 2.988512
v -7.814877 -5.754844 3.382816
v -7.98679 -5.875288 3.307633
v -8.023075 -5.768609 3.382816
v -7.836795 -5.865373 3.307633
v -7.627693 -5.847018 3.382816
v -7.70194 -5.931779 3.307633
v -7.511673 -6.020435 3.382816
v -7.618353 -6.056717 3.307633
v -7.49791 -6.228634 3.382816
v -7.608434 -6.206713 3.307633
v -7.590084 -6.415819 3.382816
v -7.674844 -6.34157 3.307633
v -7.763503 -6.531837 3.382816
v -7.799782 -6.425155 3.307633
v -8.056083 -5.671544 3.065089
v -8.023075 -5.768609 2.988512
v -7.814877 -5.754844 2.988512
v -7.794935 -5.654279 3.065089
v -7.627693 -5.847018 2.988512
v -7.794935 -5.654279 3.306239
v -8.056083 -5.671544 3.306239
v -8.023075 -5.768609 3.382816
v -7.814877 -5.754844 3.382816
v -7.560139 -5.769897 3.306239
v -7.627693 -5.847018 3.382816
v -7.560139 -5.769897 3.065089
v -7.511673 -6.020435 2.988512
v -7.414609 -5.987429 3.306239
v -7.511673 -6.020435 3.382816
v -7.414609 -5.987429 3.065089
v -7.49791 -6.228634 2.988512
v -7.397346 -6.248576 3.306239
v -7.49791 -6.228634 3.382816
v -7.397346 -6.248576 3.065089
v -7.590084 -6.415819 2.988512
v -7.512965 -6.483371 3.306239
v -7.590084 -6.415819 3.382816
v -7.512965 -6.483371 3.065089
v -7.763503 -6.531837 2.988512
v -7.730494 -6.628897 3.065089
v -7.730494 -6.628897 3.306239
v -7.763503 -6.531837 3.382816
v -7.98679 -5.875288 3.307633
v -7.990157 -5.865385 3.063695
v -8.119598 -5.951982 3.063695
v -8.111732 -5.958873 3.307633
v -8.188401 -6.091697 3.063695
v -8.17814 -6.093731 3.307633
v -8.178126 -6.247096 3.063695
v -8.168224 -6.243725 3.307633
v -8.091526 -6.376534 3.063695
v -8.084637 -6.368665 3.307633
v -7.951814 -6.445334 3.063695
v -7.949779 -6.435073 3.307633
v -7.796414 -6.43506 3.063695
v -7.799782 -6.425155 3.307633
v -7.836795 -5.865373 3.307633
v -7.990157 -5.865385 3.063695
v -7.98679 -5.875288 3.307633
v -7.834763 -5.855113 3.063695
v -7.70194 -5.931779 3.307633
v -7.695047 -5.923911 3.063695
v -7.618353 -6.056717 3.307633
v -7.60845 -6.053352 3.063695
v -7.608434 -6.206713 3.307633
v -7.598176 -6.208748 3.063695
v -7.674844 -6.34157 3.307633
v -7.666978 -6.348465 3.063695
v -7.799782 -6.425155 3.307633
v -7.796414 -6.43506 3.063695
v -0.482827 -9.75096 2.914145
v -0.5851048 -9.743931 2.990723
v -0.6251602 -9.53916 2.990723
v -0.5330712 -9.494112 2.914145
v -0.7622321 -9.381854 2.990723
v -0.5330712 -9.494112 2.672995
v -0.482827 -9.75096 2.672995
v -0.5851048 -9.743931 2.596417
v -0.6251602 -9.53916 2.596417
v -0.7050049 -9.296791 2.672995
v -0.7622321 -9.381854 2.596417
v -0.7050049 -9.296791 2.914145
v -0.9595959 -9.314157 2.990723
v -0.9525645 -9.211876 2.672995
v -0.9595959 -9.314157 2.596417
v -0.9525645 -9.211876 2.914145
v -1.164365 -9.35421 2.990723
v -1.209417 -9.262117 2.672995
v -1.164365 -9.35421 2.596417
v -1.209417 -9.262117 2.914145
v -1.321675 -9.491281 2.990723
v -1.406735 -9.434052 2.672995
v -1.321675 -9.491281 2.596417
v -1.406735 -9.434052 2.914145
v -1.389373 -9.688644 2.990723
v -1.491649 -9.681612 2.914145
v -1.491649 -9.681612 2.672995
v -1.389373 -9.688644 2.596417
v -0.482827 -9.75096 2.672995
v -0.5851048 -9.743931 2.596417
v -0.6528053 -9.941292 2.596417
v -0.5677434 -9.99852 2.672995
v -0.8101138 -10.07837 2.596417
v -0.5677434 -9.99852 2.914145
v -0.482827 -9.75096 2.914145
v -0.5851048 -9.743931 2.990723
v -0.6528053 -9.941292 2.990723
v -0.7650632 -10.17046 2.914145
v -0.8101138 -10.07837 2.990723
v -0.7650632 -10.17046 2.672995
v -1.014882 -10.11842 2.596417
v -1.021913 -10.2207 2.914145
v -1.014882 -10.11842 2.990723
v -1.021913 -10.2207 2.672995
v -1.212244 -10.05072 2.596417
v -1.269473 -10.13578 2.914145
v -1.212244 -10.05072 2.990723
v -1.269473 -10.13578 2.672995
v -1.349318 -9.893413 2.596417
v -1.441409 -9.938464 2.914145
v -1.349318 -9.893413 2.990723
v -1.441409 -9.938464 2.672995
v -1.389373 -9.688644 2.596417
v -1.491649 -9.681612 2.672995
v -1.491649 -9.681612 2.914145
v -1.389373 -9.688644 2.990723
v -0.6251602 -9.53916 2.988512
v -0.6870887 -9.736918 3.063695
v -0.5851048 -9.743931 2.988512
v -0.716982 -9.584082 3.063695
v -0.762231 -9.381852 2.988512
v -0.8192945 -9.466666 3.063695
v -0.9595948 -9.314153 2.988512
v -0.9666047 -9.416137 3.063695
v -1.164365 -9.35421 2.988512
v -1.119445 -9.446033 3.063695
v -1.321675 -9.49128 2.988512
v -1.236861 -9.548342 3.063695
v -1.287388 -9.695656 3.063695
v -1.389371 -9.688645 2.988512
v -1.491649 -9.681612 3.065089
v -1.389371 -9.688645 2.988512
v -1.321675 -9.49128 2.988512
v -1.406733 -9.434052 3.065089
v -1.164365 -9.35421 2.988512
v -1.406733 -9.434052 3.306239
v -1.491649 -9.681612 3.306239
v -1.389371 -9.688645 3.382817
v -1.321675 -9.49128 3.382817
v -1.209417 -9.262117 3.306239
v -1.164365 -9.35421 3.382817
v -1.209417 -9.262117 3.065089
v -0.9595948 -9.314153 2.988512
v -0.9525645 -9.211876 3.306239
v -0.9595948 -9.314153 3.382817
v -0.9525645 -9.211876 3.065089
v -0.762231 -9.381852 2.988512
v -0.7050049 -9.296791 3.306239
v -0.762231 -9.381852 3.382817
v -0.7050049 -9.296791 3.065089
v -0.6251602 -9.53916 2.988512
v -0.5330669 -9.494111 3.306239
v -0.6251602 -9.53916 3.382817
v -0.5330669 -9.494111 3.065089
v -0.5851048 -9.743931 2.988512
v -0.482827 -9.750958 3.065089
v -0.482827 -9.750958 3.306239
v -0.5851048 -9.743931 3.382817
v -0.5851048 -9.743931 3.382817
v -0.6975242 -9.736203 3.307633
v -0.7263792 -9.588677 3.307633
v -0.6251602 -9.53916 3.382817
v -0.8251343 -9.475345 3.307633
v -0.762231 -9.381852 3.382817
v -0.9673221 -9.426573 3.307633
v -0.9595948 -9.314153 3.382817
v -1.11485 -9.455428 3.307633
v -1.164365 -9.35421 3.382817
v -1.228183 -9.554182 3.307633
v -1.321675 -9.49128 3.382817
v -1.276955 -9.696372 3.307633
v -1.389371 -9.688645 3.382817
v -0.5851048 -9.743931 2.988512
v -0.6870887 -9.736918 3.063695
v -0.7376162 -9.884231 3.063695
v -0.652801 -9.941292 2.988512
v -0.8550332 -9.98654 3.063695
v -0.8101117 -10.07836 2.988512
v -1.007873 -10.01644 3.063695
v -1.014882 -10.11842 2.988512
v -1.155182 -9.965907 3.063695
v -1.212245 -10.05072 2.988512
v -1.257491 -9.848495 3.063695
v -1.349314 -9.893413 2.988512
v -1.287388 -9.695656 3.063695
v -1.389371 -9.688645 2.988512
v -0.652801 -9.941292 3.382817
v -0.6975242 -9.736203 3.307633
v -0.5851048 -9.743931 3.382817
v -0.7462991 -9.878393 3.307633
v -0.8101117 -10.07836 3.382817
v -0.8596267 -9.977145 3.307633
v -1.014882 -10.11842 3.382817
v -1.007155 -10.006 3.307633
v -1.212245 -10.05072 3.382817
v -1.149343 -9.957232 3.307633
v -1.349314 -9.893413 3.382817
v -1.248096 -9.843899 3.307633
v -1.389371 -9.688645 3.382817
v -1.276955 -9.696372 3.307633
v -0.482827 -9.750958 3.065089
v -0.5851048 -9.743931 2.988512
v -0.652801 -9.941292 2.988512
v -0.5677434 -9.99852 3.065089
v -0.8101117 -10.07836 2.988512
v -0.5677434 -9.99852 3.306239
v -0.482827 -9.750958 3.306239
v -0.5851048 -9.743931 3.382817
v -0.652801 -9.941292 3.382817
v -0.7650632 -10.17046 3.306239
v -0.8101117 -10.07836 3.382817
v -0.7650632 -10.17046 3.065089
v -1.014882 -10.11842 2.988512
v -1.021913 -10.2207 3.306239
v -1.014882 -10.11842 3.382817
v -1.021913 -10.2207 3.065089
v -1.212245 -10.05072 2.988512
v -1.269472 -10.13578 3.306239
v -1.212245 -10.05072 3.382817
v -1.269472 -10.13578 3.065089
v -1.349314 -9.893413 2.988512
v -1.441409 -9.938464 3.306239
v -1.349314 -9.893413 3.382817
v -1.441409 -9.938464 3.065089
v -1.389371 -9.688645 2.988512
v -1.491649 -9.681612 3.065089
v -1.491649 -9.681612 3.306239
v -1.389371 -9.688645 3.382817
v -0.6975242 -9.736203 3.307633
v -0.6870887 -9.736918 3.063695
v -0.716982 -9.584082 3.063695
v -0.7263792 -9.588677 3.307633
v -0.8192945 -9.466666 3.063695
v -0.8251343 -9.475345 3.307633
v -0.9666047 -9.416137 3.063695
v -0.9673221 -9.426573 3.307633
v -1.119445 -9.446033 3.063695
v -1.11485 -9.455428 3.307633
v -1.236861 -9.548342 3.063695
v -1.228183 -9.554182 3.307633
v -1.287388 -9.695656 3.063695
v -1.276955 -9.696372 3.307633
v -0.7462991 -9.878393 3.307633
v -0.6870887 -9.736918 3.063695
v -0.6975242 -9.736203 3.307633
v -0.7376162 -9.884231 3.063695
v -0.8596267 -9.977145 3.307633
v -0.8550332 -9.98654 3.063695
v -1.007155 -10.006 3.307633
v -1.007873 -10.01644 3.063695
v -1.149343 -9.957232 3.307633
v -1.155182 -9.965907 3.063695
v -1.248096 -9.843899 3.307633
v -1.257491 -9.848495 3.063695
v -1.276955 -9.696372 3.307633
v -1.287388 -9.695656 3.063695
v -1.510827 -9.82278 2.914145
v -1.610669 -9.799498 2.990723
v -1.617493 -9.590958 2.990723
v -1.519386 -9.5612 2.914145
v -1.727669 -9.413768 2.990723
v -1.519386 -9.5612 2.672995
v -1.510827 -9.82278 2.672995
v -1.610669 -9.799498 2.596417
v -1.617493 -9.590958 2.596417
v -1.657584 -9.338943 2.672995
v -1.727669 -9.413768 2.596417
v -1.657584 -9.338943 2.914145
v -1.911681 -9.315406 2.990723
v -1.888396 -9.215567 2.672995
v -1.911681 -9.315406 2.596417
v -1.888396 -9.215567 2.914145
v -2.120217 -9.322228 2.990723
v -2.149976 -9.224123 2.672995
v -2.120217 -9.322228 2.596417
v -2.149976 -9.224123 2.914145
v -2.297406 -9.432405 2.990723
v -2.372232 -9.362321 2.672995
v -2.297406 -9.432405 2.596417
v -2.372232 -9.362321 2.914145
v -2.395768 -9.616417 2.990723
v -2.495611 -9.593134 2.914145
v -2.495611 -9.593134 2.672995
v -2.395768 -9.616417 2.596417
v -1.510827 -9.82278 2.672995
v -1.610669 -9.799498 2.596417
v -1.709033 -9.983504 2.596417
v -1.634206 -10.05359 2.672995
v -1.886221 -10.09369 2.596417
v -1.634206 -10.05359 2.914145
v -1.510827 -9.82278 2.914145
v -1.610669 -9.799498 2.990723
v -1.709033 -9.983504 2.990723
v -1.856461 -10.19179 2.914145
v -1.886221 -10.09369 2.990723
v -1.856461 -10.19179 2.672995
v -2.094758 -10.10051 2.596417
v -2.118042 -10.20035 2.914145
v -2.094758 -10.10051 2.990723
v -2.118042 -10.20035 2.672995
v -2.278769 -10.00214 2.596417
v -2.348854 -10.07697 2.914145
v -2.278769 -10.00214 2.990723
v -2.348854 -10.07697 2.672995
v -2.388945 -9.824956 2.596417
v -2.487053 -9.854713 2.914145
v -2.388945 -9.824956 2.990723
v -2.487053 -9.854713 2.672995
v -2.395768 -9.616417 2.596417
v -2.495611 -9.593134 2.672995
v -2.495611 -9.593134 2.914145
v -2.395768 -9.616417 2.990723
v -1.61749 -9.590959 2.988512
v -1.71022 -9.776281 3.063695
v -1.61067 -9.799497 2.988512
v -1.715312 -9.620628 3.063695
v -1.727667 -9.413766 2.988512
v -1.797547 -9.488375 3.063695
v -1.911678 -9.315406 2.988512
v -1.934894 -9.414958 3.063695
v -2.120215 -9.322231 2.988512
v -2.090544 -9.420052 3.063695
v -2.297406 -9.432405 2.988512
v -2.222799 -9.502284 3.063695
v -2.296217 -9.63963 3.063695
v -2.395766 -9.616415 2.988512
v -2.495606 -9.593133 3.065089
v -2.395766 -9.616415 2.988512
v -2.297406 -9.432405 2.988512
v -2.372229 -9.36232 3.065089
v -2.120215 -9.322231 2.988512
v -2.372229 -9.36232 3.306239
v -2.495606 -9.593133 3.306239
v -2.395766 -9.616415 3.382817
v -2.297406 -9.432405 3.382817
v -2.149975 -9.224122 3.306239
v -2.120215 -9.322231 3.382817
v -2.149975 -9.224122 3.065089
v -1.911678 -9.315406 2.988512
v -1.888396 -9.215567 3.306239
v -1.911678 -9.315406 3.382817
v -1.888396 -9.215567 3.065089
v -1.727667 -9.413766 2.988512
v -1.657583 -9.338946 3.306239
v -1.727667 -9.413766 3.382817
v -1.657583 -9.338946 3.065089
v -1.61749 -9.590959 2.988512
v -1.519383 -9.561201 3.306239
v -1.61749 -9.590959 3.382817
v -1.519383 -9.561201 3.065089
v -1.61067 -9.799497 2.988512
v -1.510825 -9.82278 3.065089
v -1.510825 -9.82278 3.306239
v -1.61067 -9.799497 3.382817
v -1.61067 -9.799497 3.382817
v -1.720408 -9.773907 3.307633
v -1.72532 -9.623664 3.307633
v -1.61749 -9.590959 3.382817
v -1.804699 -9.496009 3.307633
v -1.727667 -9.413766 3.382817
v -1.937266 -9.425144 3.307633
v -1.911678 -9.315406 3.382817
v -2.087511 -9.43006 3.307633
v -2.120215 -9.322231 3.382817
v -2.215163 -9.509434 3.307633
v -2.297406 -9.432405 3.382817
v -2.286028 -9.642007 3.307633
v -2.395766 -9.616415 3.382817
v -1.61067 -9.799497 2.988512
v -1.71022 -9.776281 3.063695
v -1.783637 -9.913625 3.063695
v -1.709033 -9.983504 2.988512
v -1.915892 -9.995862 3.063695
v -1.886219 -10.09368 2.988512
v -2.071543 -10.00095 3.063695
v -2.094758 -10.10051 2.988512
v -2.208891 -9.927537 3.063695
v -2.278767 -10.00214 2.988512
v -2.291124 -9.795283 3.063695
v -2.388945 -9.824952 2.988512
v -2.296217 -9.63963 3.063695
v -2.395766 -9.616415 2.988512
v -1.709033 -9.983504 3.382817
v -1.720408 -9.773907 3.307633
v -1.61067 -9.799497 3.382817
v -1.791273 -9.906477 3.307633
v -1.886219 -10.09368 3.382817
v -1.918927 -9.985851 3.307633
v -2.094758 -10.10051 3.382817
v -2.069168 -9.990769 3.307633
v -2.278767 -10.00214 3.382817
v -2.201738 -9.919904 3.307633
v -2.388945 -9.824952 3.382817
v -2.281115 -9.792249 3.307633
v -2.395766 -9.616415 3.382817
v -2.286028 -9.642007 3.307633
v -1.510825 -9.82278 3.065089
v -1.61067 -9.799497 2.988512
v -1.709033 -9.983504 2.988512
v -1.634206 -10.05359 3.065089
v -1.886219 -10.09368 2.988512
v -1.634206 -10.05359 3.306239
v -1.510825 -9.82278 3.306239
v -1.61067 -9.799497 3.382817
v -1.709033 -9.983504 3.382817
v -1.856461 -10.19179 3.306239
v -1.886219 -10.09368 3.382817
v -1.856461 -10.19179 3.065089
v -2.094758 -10.10051 2.988512
v -2.118042 -10.20035 3.306239
v -2.094758 -10.10051 3.382817
v -2.118042 -10.20035 3.065089
v -2.278767 -10.00214 2.988512
v -2.348854 -10.07697 3.306239
v -2.278767 -10.00214 3.382817
v -2.348854 -10.07697 3.065089
v -2.388945 -9.824952 2.988512
v -2.487052 -9.854711 3.306239
v -2.388945 -9.824952 3.382817
v -2.487052 -9.854711 3.065089
v -2.395766 -9.616415 2.988512
v -2.495606 -9.593133 3.065089
v -2.495606 -9.593133 3.306239
v -2.395766 -9.616415 3.382817
v -1.720408 -9.773907 3.307633
v -1.71022 -9.776281 3.063695
v -1.715312 -9.620628 3.063695
v -1.72532 -9.623664 3.307633
v -1.797547 -9.488375 3.063695
v -1.804699 -9.496009 3.307633
v -1.934894 -9.414958 3.063695
v -1.937266 -9.425144 3.307633
v -2.090544 -9.420052 3.063695
v -2.087511 -9.43006 3.307633
v -2.222799 -9.502284 3.063695
v -2.215163 -9.509434 3.307633
v -2.296217 -9.63963 3.063695
v -2.286028 -9.642007 3.307633
v -1.791273 -9.906477 3.307633
v -1.71022 -9.776281 3.063695
v -1.720408 -9.773907 3.307633
v -1.783637 -9.913625 3.063695
v -1.918927 -9.985851 3.307633
v -1.915892 -9.995862 3.063695
v -2.069168 -9.990769 3.307633
v -2.071543 -10.00095 3.063695
v -2.201738 -9.919904 3.307633
v -2.208891 -9.927537 3.063695
v -2.281115 -9.792249 3.307633
v -2.291124 -9.795283 3.063695
v -2.286028 -9.642007 3.307633
v -2.296217 -9.63963 3.063695
v -0.4209169 -9.732517 2.914145
v -0.3184181 -9.734574 2.990723
v -0.2684712 -9.93716 2.990723
v -0.3582677 -9.986626 2.914145
v -0.1239284 -10.08763 2.990723
v -0.3582677 -9.986626 2.672995
v -0.4209169 -9.732517 2.672995
v -0.3184181 -9.734574 2.596418
v -0.2684712 -9.93716 2.596418
v -0.1769607 -10.17537 2.672995
v -0.1239284 -10.08763 2.596418
v -0.1769607 -10.17537 2.914145
v 0.07648954 -10.14567 2.990723
v 0.07442978 -10.24817 2.672995
v 0.07648954 -10.14567 2.596418
v 0.07442978 -10.24817 2.914145
v 0.2790706 -10.09573 2.990723
v 0.3285393 -10.18552 2.672995
v 0.2790706 -10.09573 2.596418
v 0.3285393 -10.18552 2.914145
v 0.4295438 -9.95118 2.990723
v 0.5172817 -10.00422 2.672995
v 0.4295438 -9.95118 2.596418
v 0.5172817 -10.00422 2.914145
v 0.4875833 -9.750766 2.990723
v 0.5900809 -9.752827 2.914145
v 0.5900809 -9.752827 2.672995
v 0.4875833 -9.750766 2.596418
v -0.4209169 -9.732517 2.672995
v -0.3184181 -9.734574 2.596418
v -0.2603765 -9.534159 2.596418
v -0.3481144 -9.48113 2.672995
v -0.1099055 -9.389613 2.596418
v -0.3481144 -9.48113 2.914145
v -0.4209169 -9.732517 2.914145
v -0.3184181 -9.734574 2.990723
v -0.2603765 -9.534159 2.990723
v -0.159372 -9.299819 2.914145
v -0.1099055 -9.389613 2.990723
v -0.159372 -9.299819 2.672995
v 0.09267887 -9.33967 2.596418
v 0.09473863 -9.237174 2.914145
v 0.09267887 -9.33967 2.990723
v 0.09473863 -9.237174 2.672995
v 0.2930925 -9.397708 2.596418
v 0.346128 -9.309974 2.914145
v 0.2930925 -9.397708 2.990723
v 0.346128 -9.309974 2.672995
v 0.4376406 -9.548183 2.596418
v 0.5274372 -9.498716 2.914145
v 0.4376406 -9.548183 2.990723
v 0.5274372 -9.498716 2.672995
v 0.4875833 -9.750766 2.596418
v 0.5900809 -9.752827 2.672995
v 0.5900809 -9.752827 2.914145
v 0.4875833 -9.750766 2.990723
v -0.2684712 -9.93716 2.988512
v -0.2162146 -9.736629 3.063695
v -0.3184181 -9.734574 2.988512
v -0.1789386 -9.887837 3.063695
v -0.1239306 -10.08763 2.988512
v -0.07104808 -10.00015 3.063695
v 0.07648733 -10.14567 2.988512
v 0.07853851 -10.04347 3.063695
v 0.2790706 -10.09573 2.988512
v 0.2297475 -10.00619 3.063695
v 0.4295417 -9.951183 2.988512
v 0.3420624 -9.898303 3.063695
v 0.3853808 -9.748713 3.063695
v 0.4875822 -9.750764 2.988512
v 0.5900809 -9.752827 3.065089
v 0.4875822 -9.750764 2.988512
v 0.4295417 -9.951183 2.988512
v 0.5172784 -10.00422 3.065089
v 0.2790706 -10.09573 2.988512
v 0.5172784 -10.00422 3.306239
v 0.5900809 -9.752827 3.306239
v 0.4875822 -9.750764 3.382816
v 0.4295417 -9.951183 3.382816
v 0.3285393 -10.18552 3.306239
v 0.2790706 -10.09573 3.382816
v 0.3285393 -10.18552 3.065089
v 0.07648733 -10.14567 2.988512
v 0.07442757 -10.24817 3.306239
v 0.07648733 -10.14567 3.382816
v 0.07442757 -10.24817 3.065089
v -0.1239306 -10.08763 2.988512
v -0.1769607 -10.17537 3.306239
v -0.1239306 -10.08763 3.382816
v -0.1769607 -10.17537 3.065089
v -0.2684712 -9.93716 2.988512
v -0.358271 -9.986629 3.306239
v -0.2684712 -9.93716 3.382816
v -0.358271 -9.986629 3.065089
v -0.3184181 -9.734574 2.988512
v -0.420919 -9.732519 3.065089
v -0.420919 -9.732519 3.306239
v -0.3184181 -9.734574 3.382816
v -0.3184181 -9.734574 3.382816
v -0.2057585 -9.736838 3.307633
v -0.1697763 -9.882789 3.307633
v -0.2684712 -9.93716 3.382816
v -0.0656369 -9.991196 3.307633
v -0.1239306 -10.08763 3.382816
v 0.07874855 -10.03301 3.307633
v 0.07648733 -10.14567 3.382816
v 0.2247015 -9.99703 3.307633
v 0.2790706 -10.09573 3.382816
v 0.3331091 -9.892891 3.307633
v 0.4295417 -9.951183 3.382816
v 0.3749226 -9.748503 3.307633
v 0.4875822 -9.750764 3.382816
v -0.3184181 -9.734574 2.988512
v -0.2162146 -9.736629 3.063695
v -0.172894 -9.58704 3.063695
v -0.2603765 -9.534163 2.988512
v -0.06058231 -9.479153 3.063695
v -0.1099055 -9.389616 2.988512
v 0.0906277 -9.441875 3.063695
v 0.09267887 -9.33967 2.988512
v 0.2402143 -9.485194 3.063695
v 0.2930936 -9.397711 2.988512
v 0.3481027 -9.597505 3.063695
v 0.4376374 -9.548184 2.988512
v 0.3853808 -9.748713 3.063695
v 0.4875822 -9.750764 2.988512
v -0.2603765 -9.534163 3.382816
v -0.2057585 -9.736838 3.307633
v -0.3184181 -9.734574 3.382816
v -0.1639407 -9.592451 3.307633
v -0.1099055 -9.389616 3.382816
v -0.05553851 -9.488314 3.307633
v 0.09267887 -9.33967 3.382816
v 0.09041551 -9.452332 3.307633
v 0.2930936 -9.397711 3.382816
v 0.2348042 -9.494146 3.307633
v 0.4376374 -9.548184 3.382816
v 0.3389404 -9.602552 3.307633
v 0.4875822 -9.750764 3.382816
v 0.3749226 -9.748503 3.307633
v -0.420919 -9.732519 3.065089
v -0.3184181 -9.734574 2.988512
v -0.2603765 -9.534163 2.988512
v -0.3481144 -9.48113 3.065089
v -0.1099055 -9.389616 2.988512
v -0.3481144 -9.48113 3.306239
v -0.420919 -9.732519 3.306239
v -0.3184181 -9.734574 3.382816
v -0.2603765 -9.534163 3.382816
v -0.159372 -9.299819 3.306239
v -0.1099055 -9.389616 3.382816
v -0.159372 -9.299819 3.065089
v 0.09267887 -9.33967 2.988512
v 0.09473863 -9.237174 3.306239
v 0.09267887 -9.33967 3.382816
v 0.09473863 -9.237174 3.065089
v 0.2930936 -9.397711 2.988512
v 0.3461259 -9.309974 3.306239
v 0.2930936 -9.397711 3.382816
v 0.3461259 -9.309974 3.065089
v 0.4376374 -9.548184 2.988512
v 0.5274372 -9.498716 3.306239
v 0.4376374 -9.548184 3.382816
v 0.5274372 -9.498716 3.065089
v 0.4875822 -9.750764 2.988512
v 0.5900809 -9.752827 3.065089
v 0.5900809 -9.752827 3.306239
v 0.4875822 -9.750764 3.382816
v -0.2057585 -9.736838 3.307633
v -0.2162146 -9.736629 3.063695
v -0.1789386 -9.887837 3.063695
v -0.1697763 -9.882789 3.307633
v -0.07104808 -10.00015 3.063695
v -0.0656369 -9.991196 3.307633
v 0.07853851 -10.04347 3.063695
v 0.07874855 -10.03301 3.307633
v 0.2297475 -10.00619 3.063695
v 0.2247015 -9.99703 3.307633
v 0.3420624 -9.898303 3.063695
v 0.3331091 -9.892891 3.307633
v 0.3853808 -9.748713 3.063695
v 0.3749226 -9.748503 3.307633
v -0.1639407 -9.592451 3.307633
v -0.2162146 -9.736629 3.063695
v -0.2057585 -9.736838 3.307633
v -0.172894 -9.58704 3.063695
v -0.05553851 -9.488314 3.307633
v -0.06058231 -9.479153 3.063695
v 0.09041551 -9.452332 3.307633
v 0.0906277 -9.441875 3.063695
v 0.2348042 -9.494146 3.307633
v 0.2402143 -9.485194 3.063695
v 0.3389404 -9.602552 3.307633
v 0.3481027 -9.597505 3.063695
v 0.3749226 -9.748503 3.307633
v 0.3853808 -9.748713 3.063695
v 0.6023867 -9.610894 2.914145
v 0.7032415 -9.629306 2.990723
v 0.7201774 -9.837267 2.990723
v 0.6236296 -9.871751 2.914145
v 0.8388213 -10.0089 2.990723
v 0.6236296 -9.871751 2.672995
v 0.6023867 -9.610894 2.672995
v 0.7032415 -9.629306 2.596418
v 0.7201774 -9.837267 2.596418
v 0.772449 -10.08704 2.672995
v 0.8388213 -10.0089 2.596418
v 0.772449 -10.08704 2.914145
v 1.027389 -10.09822 2.990723
v 1.008977 -10.19907 2.672995
v 1.027389 -10.09822 2.596418
v 1.008977 -10.19907 2.914145
v 1.235349 -10.08128 2.990723
v 1.269834 -10.17783 2.672995
v 1.235349 -10.08128 2.596418
v 1.269834 -10.17783 2.914145
v 1.406983 -9.962635 2.990723
v 1.485119 -10.02901 2.672995
v 1.406983 -9.962635 2.596418
v 1.485119 -10.02901 2.914145
v 1.496297 -9.774067 2.990723
v 1.597155 -9.792478 2.914145
v 1.597155 -9.792478 2.672995
v 1.496297 -9.774067 2.596418
v 0.6023867 -9.610894 2.672995
v 0.7032415 -9.629306 2.596418
v 0.7925587 -9.440739 2.596418
v 0.7144182 -9.374366 2.672995
v 0.9641917 -9.322094 2.596418
v 0.7144182 -9.374366 2.914145
v 0.6023867 -9.610894 2.914145
v 0.7032415 -9.629306 2.990723
v 0.7925587 -9.440739 2.990723
v 0.9297048 -9.225545 2.914145
v 0.9641917 -9.322094 2.990723
v 0.9297048 -9.225545 2.672995
v 1.172151 -9.30516 2.596418
v 1.190563 -9.204304 2.914145
v 1.172151 -9.30516 2.990723
v 1.190563 -9.204304 2.672995
v 1.360718 -9.394476 2.596418
v 1.427091 -9.316336 2.914145
v 1.360718 -9.394476 2.990723
v 1.427091 -9.316336 2.672995
v 1.479363 -9.566106 2.596418
v 1.575912 -9.531625 2.914145
v 1.479363 -9.566106 2.990723
v 1.575912 -9.531625 2.672995
v 1.496297 -9.774067 2.596418
v 1.597155 -9.792478 2.672995
v 1.597155 -9.792478 2.914145
v 1.496297 -9.774067 2.990723
v 0.7201741 -9.837267 2.988512
v 0.8038011 -9.647661 3.063695
v 0.7032415 -9.629308 2.988512
v 0.8164408 -9.802884 3.063695
v 0.8388191 -10.0089 2.988512
v 0.9049963 -9.930993 3.063695
v 1.027389 -10.09822 2.988512
v 1.045744 -9.997658 3.063695
v 1.235349 -10.08128 2.988512
v 1.200966 -9.985017 3.063695
v 1.406983 -9.962635 2.988512
v 1.329071 -9.896461 3.063695
v 1.395739 -9.755713 3.063695
v 1.496297 -9.774071 2.988512
v 1.597151 -9.792481 3.065089
v 1.496297 -9.774071 2.988512
v 1.406983 -9.962635 2.988512
v 1.485118 -10.02901 3.065089
v 1.235349 -10.08128 2.988512
v 1.485118 -10.02901 3.306239
v 1.597151 -9.792481 3.306239
v 1.496297 -9.774071 3.382816
v 1.406983 -9.962635 3.382816
v 1.269832 -10.17783 3.306239
v 1.235349 -10.08128 3.382816
v 1.269832 -10.17783 3.065089
v 1.027389 -10.09822 2.988512
v 1.008977 -10.19907 3.306239
v 1.027389 -10.09822 3.382816
v 1.008977 -10.19907 3.065089
v 0.8388191 -10.0089 2.988512
v 0.772449 -10.08704 3.306239
v 0.8388191 -10.0089 3.382816
v 0.772449 -10.08704 3.065089
v 0.7201741 -9.837267 2.988512
v 0.6236262 -9.871748 3.306239
v 0.7201741 -9.837267 3.382816
v 0.6236262 -9.871748 3.065089
v 0.7032415 -9.629308 2.988512
v 0.6023834 -9.610895 3.065089
v 0.6023834 -9.610895 3.306239
v 0.7032415 -9.629308 3.382816
v 0.7032415 -9.629308 3.382816
v 0.8140912 -9.649539 3.307633
v 0.8262893 -9.799366 3.307633
v 0.7201741 -9.837267 3.382816
v 0.9117692 -9.923019 3.307633
v 0.8388191 -10.0089 3.382816
v 1.047619 -9.987368 3.307633
v 1.027389 -10.09822 3.382816
v 1.197446 -9.975167 3.307633
v 1.235349 -10.08128 3.382816
v 1.321098 -9.889689 3.307633
v 1.406983 -9.962635 3.382816
v 1.385447 -9.753834 3.307633
v 1.496297 -9.774071 3.382816
v 0.7032415 -9.629308 2.988512
v 0.8038011 -9.647661 3.063695
v 0.8704674 -9.506918 3.063695
v 0.7925587 -9.440739 2.988512
v 0.9985741 -9.418359 3.063695
v 0.9641895 -9.322094 2.988512
v 1.153797 -9.40572 3.063695
v 1.17215 -9.30516 2.988512
v 1.294541 -9.472385 3.063695
v 1.360717 -9.394478 2.988512
v 1.383099 -9.600494 3.063695
v 1.479365 -9.56611 2.988512
v 1.395739 -9.755713 3.063695
v 1.496297 -9.774071 2.988512
v 0.7925587 -9.440739 3.382816
v 0.8140912 -9.649539 3.307633
v 0.7032415 -9.629308 3.382816
v 0.8784404 -9.513688 3.307633
v 0.9641895 -9.322094 3.382816
v 1.00209 -9.428209 3.307633
v 1.17215 -9.30516 3.382816
v 1.151916 -9.416008 3.307633
v 1.360717 -9.394478 3.382816
v 1.287771 -9.480355 3.307633
v 1.479365 -9.56611 3.382816
v 1.373247 -9.60401 3.307633
v 1.496297 -9.774071 3.382816
v 1.385447 -9.753834 3.307633
v 0.6023834 -9.610895 3.065089
v 0.7032415 -9.629308 2.988512
v 0.7925587 -9.440739 2.988512
v 0.7144182 -9.374369 3.065089
v 0.9641895 -9.322094 2.988512
v 0.7144182 -9.374369 3.306239
v 0.6023834 -9.610895 3.306239
v 0.7032415 -9.629308 3.382816
v 0.7925587 -9.440739 3.382816
v 0.9297048 -9.225545 3.306239
v 0.9641895 -9.322094 3.382816
v 0.9297048 -9.225545 3.065089
v 1.17215 -9.30516 2.988512
v 1.190563 -9.204304 3.306239
v 1.17215 -9.30516 3.382816
v 1.190563 -9.204304 3.065089
v 1.360717 -9.394478 2.988512
v 1.427087 -9.316339 3.306239
v 1.360717 -9.394478 3.382816
v 1.427087 -9.316339 3.065089
v 1.479365 -9.56611 2.988512
v 1.57591 -9.531625 3.306239
v 1.479365 -9.56611 3.382816
v 1.57591 -9.531625 3.065089
v 1.496297 -9.774071 2.988512
v 1.597151 -9.792481 3.065089
v 1.597151 -9.792481 3.306239
v 1.496297 -9.774071 3.382816
v 0.8140912 -9.649539 3.307633
v 0.8038011 -9.647661 3.063695
v 0.8164408 -9.802884 3.063695
v 0.8262893 -9.799366 3.307633
v 0.9049963 -9.930993 3.063695
v 0.9117692 -9.923019 3.307633
v 1.045744 -9.997658 3.063695
v 1.047619 -9.987368 3.307633
v 1.200966 -9.985017 3.063695
v 1.197446 -9.975167 3.307633
v 1.329071 -9.896461 3.063695
v 1.321098 -9.889689 3.307633
v 1.395739 -9.755713 3.063695
v 1.385447 -9.753834 3.307633
v 0.8784404 -9.513688 3.307633
v 0.8038011 -9.647661 3.063695
v 0.8140912 -9.649539 3.307633
v 0.8704674 -9.506918 3.063695
v 1.00209 -9.428209 3.307633
v 0.9985741 -9.418359 3.063695
v 1.151916 -9.416008 3.307633
v 1.153797 -9.40572 3.063695
v 1.287771 -9.480355 3.307633
v 1.294541 -9.472385 3.063695
v 1.373247 -9.60401 3.307633
v 1.383099 -9.600494 3.063695
v 1.385447 -9.753834 3.307633
v 1.395739 -9.755713 3.063695
v -10.94849 0.670095 -0.0207026
v -11.21029 -0.6516667 0.04873133
v -10.95106 -0.6064938 -0.02070355
v -11.20753 0.7163079 0.0487318
v -10.72915 2.022458 0.04873228
v -10.49363 1.912054 -0.02070236
v -6.886754 8.130409 -0.02069902
v -11.39716 0.7501383 0.2384279
v -11.40004 -0.6847339 0.2384272
v -11.4695 -0.6968346 0.4975576
v -7.099535 8.280039 0.04873514
v -6.034545 9.141894 -0.02069855
v -10.90157 2.103281 0.2384281
v -11.46657 0.7625213 0.4975581
v -11.42575 -0.6941273 2.128555
v -11.42282 0.7596371 2.128555
v -10.92286 2.124724 2.128556
v -10.96468 2.132862 0.4975588
v -7.284483 8.397397 2.128559
v -6.203275 9.3438 0.04873562
v -4.927699 9.777962 -0.02069807
v -7.255297 8.389574 0.2384317
v -7.312311 8.429665 0.4975617
v -6.34778 9.509165 2.12856
v -6.326793 9.491608 0.2384319
v -6.372005 9.545708 0.4975626
v -5.087324 10.23351 2.12856
v -5.0172 10.0254 0.04873681
v -5.1067 10.27284 0.4975629
v -3.655139 10.48308 2.128561
v -5.082718 10.20654 0.2384324
v -3.646852 10.26419 0.04873562
v -3.624702 10.00501 -0.02069807
v 3.563992 9.990557 -0.02069736
v -3.669004 10.52336 0.4975626
v 3.610373 10.50872 0.4975634
v 3.596345 10.46849 2.128561
v 5.027513 10.21316 2.128561
v -3.663068 10.45392 0.2384326
v 3.58718 10.24964 0.04873586
v 4.866061 9.75826 -0.02069736
v 3.604156 10.4393 0.2384336
v 4.956553 10.00534 0.04873681
v 5.970341 9.117744 -0.02069736
v 5.047049 10.25241 0.4975641
v 6.285046 9.483749 2.128561
v 5.022801 10.18622 0.2384336
v 6.139879 9.318972 0.04873586
v 6.309418 9.520197 0.4975634
v 7.217268 8.368224 2.128561
v 6.26399 9.466276 0.2384336
v 7.031849 8.251604 0.04873586
v 6.81847 8.102839 -0.02069736
v 10.40029 1.870014 -0.02070045
v 7.245224 8.400376 0.4975629
v 7.188051 8.360516 0.2384326
v 10.63626 1.979473 0.04873323
v 10.85015 0.6262386 -0.02070093
v 11.10938 0.6714113 0.048733
v 10.809 2.059601 0.23843
v 11.29914 0.7044752 0.23843
v 10.87223 2.08893 0.4975607
v 10.83037 2.080963 2.128558
v 11.3686 0.7165794 0.49756
v 11.32484 0.7138717 2.128557
v 10.84759 -0.6503521 -0.02070189
v 11.10938 0.6714113 0.048733
v 10.85015 0.6262386 -0.02070093
v 11.10663 -0.6965619 0.048733
v 11.29914 0.7044752 0.23843
v 10.62825 -2.002712 0.04873228
v 10.39272 -1.892306 -0.02070189
v 6.785852 -8.110664 -0.02070451
v 11.29626 -0.7303916 0.2384298
v 11.3686 0.7165794 0.49756
v 6.998627 -8.260292 0.0487287
v 5.933638 -9.122148 -0.02070546
v 10.80067 -2.083535 0.2384286
v 6.102371 -9.324053 0.04872847
v 4.826798 -9.758218 -0.02070618
v 7.154388 -8.369826 0.238426
v 10.86378 -2.113116 0.4975588
v 11.36566 -0.7427765 0.4975591
v 11.32191 -0.7398925 2.128556
v 11.32484 0.7138717 2.128557
v 10.82195 -2.10498 2.128556
v 7.183575 -8.377652 2.128552
v 7.211405 -8.409916 0.4975557
v 6.246874 -9.489422 2.128552
v 6.225891 -9.471863 0.2384253
v 6.271101 -9.525962 0.4975557
v 4.986417 -10.21377 2.128552
v 4.916294 -10.00566 0.04872799
v 5.005793 -10.2531 0.4975553
v 3.55423 -10.46334 2.128551
v 4.981812 -10.1868 0.2384245
v 3.545949 -10.24445 0.04872775
v 3.5238 -9.985269 -0.02070618
v -3.664894 -9.970808 -0.02070642
v 3.568097 -10.50362 0.4975543
v 3.562162 -10.43418 0.2384236
v -3.688085 -10.22989 0.0487268
v -4.966969 -9.738514 -0.02070642
v -3.705065 -10.41955 0.2384233
v -3.711277 -10.48897 0.4975538
v -3.697249 -10.44874 2.128551
v -5.128418 -10.19342 2.128551
v -5.057459 -9.985592 0.0487268
v -6.071244 -9.097994 -0.02070618
v -5.147953 -10.23267 0.4975538
v -6.385952 -9.464006 2.128552
v -5.123706 -10.16647 0.2384236
v -6.240783 -9.299221 0.0487268
v -6.410324 -9.500449 0.4975538
v -7.318171 -8.348477 2.128552
v -6.364894 -9.446525 0.2384236
v -7.34613 -8.380631 0.497555
v -10.93128 -2.061219 2.128555
v -7.132753 -8.231858 0.04872799
v -6.919376 -8.083091 -0.0207057
v -10.50119 -1.850274 -0.02070379
v -7.288955 -8.340766 0.2384245
v -10.73716 -1.959728 0.04872966
v -10.95106 -0.6064938 -0.02070355
v -11.21029 -0.6516667 0.04873133
v -10.90991 -2.039855 0.2384272
v -11.40004 -0.6847339 0.2384272
v -10.97314 -2.069185 0.4975572
v -11.42575 -0.6941273 2.128555
v -11.4695 -0.6968346 0.4975576
v -7.236561 -7.265468 2.662097
v -7.552814 -6.7599 2.662126
v -8.255687 -0.7440329 2.662768
v -7.828828 -6.180136 2.662115
v -8.19825 -5.408413 2.662109
v -8.79967 -4.318486 2.662165
v -10.14044 -1.384896 2.662376
v -9.829279 -0.4949346 2.662445
v -8.496172 -0.1899288 2.663066
v -9.767691 0.4817048 2.645467
v -8.509026 0.2763228 2.646172
v -9.410513 1.415801 2.645522
v -8.284934 0.8881762 2.646268
v -8.687912 2.434753 2.645539
v -8.501589 4.117162 2.645309
v -7.597704 4.937707 2.645648
v -7.198313 6.183966 2.645236
v -6.145926 7.596752 2.645364
v -4.920224 -6.691941 2.662581
v -6.854616 -8.021145 2.662109
v -5.924717 -8.955945 2.662062
v -4.901363 6.721563 2.646288
v -5.457878 8.444278 2.645338
v -4.487087 -7.210248 2.662207
v -4.458 7.247787 2.646247
v -4.599337 8.884335 2.64528
v -4.114897 -7.42613 2.661697
v -4.893508 -9.523866 2.661966
v -4.084951 7.462166 2.64602
v -3.506301 8.741516 2.662519
v -3.407063 7.580295 2.662961
v -1.881691 9.160028 2.662591
v 0.4467955 9.094111 2.662419
v 1.863227 8.740082 2.662436
v -3.437492 -7.546982 2.661347
v -3.64707 -9.888201 2.662033
v -2.035522 -9.692393 2.661919
v -1.354093 -9.732516 2.661968
v -0.3584099 -9.660367 2.66194
v 0.3919582 -9.617076 2.661923
v 1.012457 -9.761378 2.661978
v 2.080291 -9.617076 2.661922
v 2.679935 -9.679502 2.661856
v 3.306153 -7.560551 2.661137
v 3.491758 -9.732348 2.661965
v 3.69647 -9.472773 2.661831
v 3.33659 7.566727 2.662751
v 3.486155 9.237544 2.662262
v 4.702989 9.327085 2.662113
v 3.98404 -7.442426 2.660861
v 4.417978 -9.213031 2.661765
v 4.569612 -9.061399 2.661704
v 4.013997 7.445877 2.662402
v 5.473673 8.520734 2.662004
v 4.357096 -7.228044 2.660635
v 5.153784 -9.27858 2.661614
v 5.655451 -8.781701 2.661815
v 4.386181 7.229997 2.661892
v 5.903606 7.459785 2.661758
v 4.82742 6.701993 2.661524
v 6.438812 7.224256 2.661839
v 6.77597 5.94782 2.661768
v 7.811657 4.938319 2.66181
v 8.187496 0.8550339 2.661296
v 8.291096 3.11034 2.661623
v 8.708298 2.39668 2.661643
v 9.604998 1.512558 2.661789
v 8.184031 -0.8684356 2.660612
v 4.800455 -6.701821 2.660594
v 6.173574 -8.355361 2.661914
v 6.433733 -7.850357 2.661806
v 6.467062 -7.510269 2.66172
v 7.026495 -7.184664 2.661666
v 7.318443 -6.023962 2.661718
v 7.563757 -5.360173 2.661645
v 8.236956 -5.024845 2.661494
v 9.00836 -3.362386 2.661765
v 9.223356 -2.366703 2.661374
v 9.4177 -1.466079 2.661305
v 8.420673 -0.2223051 2.660703
v 9.77561 -0.464029 2.661468
v 8.421539 0.2079607 2.660987
v 9.555233 0.4055098 2.661492
v -10.39614 -1.805258 2.662047
v -8.19825 -5.408413 2.662109
v -7.828828 -6.180136 2.662115
v -9.35336 -3.507925 2.662111
v -9.974941 -2.308821 2.662153
v -10.14044 -1.384896 2.662376
v -10.86855 -0.7167707 2.662048
v -9.829279 -0.4949346 2.662445
v -10.90673 0.6675668 2.64483
v -9.767691 0.4817048 2.645467
v -10.45361 1.904762 2.64483
v -9.410513 1.415801 2.645522
v -8.687912 2.434753 2.645539
v -8.501589 4.117162 2.645309
v -7.198313 6.183966 2.645236
v -7.597704 4.937707 2.645648
v -6.860559 8.099291 2.644834
v -6.145926 7.596752 2.645364
v -6.011614 9.106897 2.644834
v -5.457878 8.444278 2.645338
v -7.072521 8.248346 2.575667
v -10.68823 2.014744 2.575664
v -11.16477 0.7136014 2.575661
v -4.909014 9.74053 2.644835
v -4.599337 8.884335 2.64528
v -3.611004 9.966713 2.662052
v -3.506301 8.741516 2.662519
v -1.881691 9.160028 2.662591
v 0.4467955 9.094111 2.662419
v 3.486155 9.237544 2.662262
v 1.863227 8.740082 2.662436
v -7.227691 8.357464 2.386697
v -6.179698 9.308031 2.575666
v -4.998167 9.98702 2.575666
v -10.85999 2.095257 2.386694
v -3.633072 10.22489 2.575667
v 3.550138 9.952306 2.662053
v 3.573241 10.2104 2.575668
v 4.847223 9.720903 2.662053
v 4.702989 9.327085 2.662113
v 5.947268 9.082841 2.662053
v 5.473673 8.520734 2.662004
v 6.792147 8.071823 2.662053
v 5.903606 7.459785 2.661758
v 6.438812 7.224256 2.661839
v 6.77597 5.94782 2.661768
v 7.811657 4.938319 2.66181
v 8.708298 2.39668 2.661643
v 8.291096 3.11034 2.661623
v 9.604998 1.512558 2.661789
v 3.590152 10.39933 2.386698
v 4.937366 9.967034 2.575667
v 6.116158 9.283295 2.575668
v 7.004709 8.220024 2.575668
v -3.649226 10.4139 2.386697
v -5.063434 10.16747 2.386697
v -6.302742 9.455271 2.386696
v -7.284483 8.397397 2.128559
v -6.34778 9.509165 2.12856
v -5.087324 10.23351 2.12856
v -3.655139 10.48308 2.128561
v 3.596345 10.46849 2.128561
v -10.92286 2.124724 2.128556
v 5.003361 10.14722 2.386698
v 5.027513 10.21316 2.128561
v 6.285046 9.483749 2.128561
v -11.35368 0.7473018 2.386692
v -11.42282 0.7596371 2.128555
v 6.239794 9.430036 2.386698
v 7.217268 8.368224 2.128561
v 7.160313 8.328511 2.386698
v 10.83037 2.080963 2.128558
v -11.35655 -0.6820713 2.386692
v -11.42575 -0.6941273 2.128555
v -10.93128 -2.061219 2.128555
v -11.16752 -0.6491323 2.575661
v 10.76739 2.051744 2.386695
v -10.86829 -2.032 2.386691
v -10.69621 -1.952181 2.575661
v -6.893051 -8.052078 2.662046
v -7.552814 -6.7599 2.662126
v -7.236561 -7.265468 2.662097
v -6.854616 -8.021145 2.662109
v -6.458722 -8.424072 2.662066
v -7.261216 -8.308766 2.386688
v -7.318171 -8.348477 2.128552
v -7.105612 -8.200278 2.575658
v -6.048171 -9.063092 2.662045
v -5.924717 -8.955945 2.662062
v -4.893508 -9.523866 2.661966
v -6.340699 -9.410291 2.386689
v -6.385952 -9.464006 2.128552
v -6.21706 -9.263545 2.575659
v -4.948127 -9.701157 2.662045
v -3.64707 -9.888201 2.662033
v -5.104263 -10.12747 2.386689
v -5.128418 -10.19342 2.128551
v -3.697249 -10.44874 2.128551
v -5.038273 -9.947288 2.575658
v -3.651042 -9.93256 2.662046
v -2.035522 -9.692393 2.661919
v -1.354093 -9.732516 2.661968
v -0.3584099 -9.660367 2.66194
v 0.3919582 -9.617076 2.661923
v 1.012457 -9.761378 2.661978
v -3.69106 -10.37959 2.386689
v -3.674146 -10.19065 2.575659
v 3.548319 -10.39415 2.386689
v 3.55423 -10.46334 2.128551
v 3.532165 -10.20515 2.575659
v 3.491758 -9.732348 2.661965
v 2.679935 -9.679502 2.661856
v 3.5101 -9.946969 2.662047
v 4.808107 -9.720787 2.662047
v 3.69647 -9.472773 2.661831
v 4.417978 -9.213031 2.661765
v 4.569612 -9.061399 2.661704
v 5.153784 -9.27858 2.661614
v 5.655451 -8.781701 2.661815
v 5.910711 -9.087154 2.662047
v 6.173574 -8.355361 2.661914
v 6.433733 -7.850357 2.661806
v 6.759651 -8.079547 2.662047
v 6.467062 -7.510269 2.66172
v 7.026495 -7.184664 2.661666
v 8.236956 -5.024845 2.661494
v 10.3527 -1.885019 2.66205
v 4.897263 -9.967279 2.575659
v 4.962532 -10.14772 2.386689
v 4.986417 -10.21377 2.128552
v 6.078794 -9.288286 2.575659
v 6.201834 -9.435527 2.386689
v 6.246874 -9.489422 2.128552
v 7.183575 -8.377652 2.128552
v 7.126781 -8.337714 2.38669
v 10.82195 -2.10498 2.128556
v 6.971615 -8.228601 2.57566
v 10.58733 -1.995001 2.575663
v 10.75908 -2.075513 2.386693
v 11.25277 -0.7275582 2.386694
v 11.32191 -0.7398925 2.128556
v 11.06388 -0.6938582 2.575664
v 11.25565 0.7018123 2.386694
v 11.32484 0.7138717 2.128557
v 11.06661 0.6688733 2.575664
v 10.80582 -0.6478215 2.66205
v 10.59531 1.971922 2.575665
v 10.80839 0.6238749 2.662051
v 10.36024 1.862886 2.662051
v 9.555233 0.4055098 2.661492
v 9.77561 -0.464029 2.661468
v 9.4177 -1.466079 2.661305
v 9.223356 -2.366703 2.661374
v 9.00836 -3.362386 2.661765
v 7.026495 -7.184664 2.661666
v 7.563757 -5.360173 2.661645
v 8.236956 -5.024845 2.661494
v 7.318443 -6.023962 2.661718
v 9.028619 -3.562855 2.672995
v 8.961096 -3.640005 2.596418
v 9.077189 -3.813374 2.596418
v 9.174237 -3.780325 2.672995
v 9.091045 -4.021565 2.596418
v 9.174237 -3.780325 2.914145
v 9.028619 -3.562855 2.914145
v 8.961096 -3.640005 2.990723
v 9.077189 -3.813374 2.990723
v 9.191614 -4.041464 2.914145
v 9.091045 -4.021565 2.990723
v 9.191614 -4.041464 2.672995
v 8.998948 -4.208788 2.596418
v 9.076094 -4.27631 2.914145
v 8.998948 -4.208788 2.990723
v 9.076094 -4.27631 2.672995
v 8.825578 -4.324882 2.596418
v 8.858625 -4.421929 2.914145
v 8.825578 -4.324882 2.990723
v 8.858625 -4.421929 2.672995
v 8.617388 -4.338733 2.596418
v 8.597486 -4.439304 2.914145
v 8.617388 -4.338733 2.990723
v 8.597486 -4.439304 2.672995
v 8.430162 -4.246638 2.596418
v 8.36264 -4.323784 2.672995
v 8.36264 -4.323784 2.914145
v 8.430162 -4.246638 2.990723
v 8.970525 -3.849705 3.307633
v 8.893775 -3.716926 3.063695
v 8.886885 -3.724797 3.307633
v 8.980427 -3.846333 3.063695
v 8.980506 -3.999694 3.307633
v 8.990767 -4.001722 3.063695
v 8.914154 -4.134581 3.307633
v 8.922028 -4.141467 3.063695
v 8.789249 -4.218217 3.307633
v 8.792623 -4.22812 3.063695
v 8.639259 -4.228199 3.307633
v 8.637229 -4.238458 3.063695
v 8.504373 -4.161845 3.307633
v 8.497484 -4.169716 3.063695
v 8.886885 -3.724797 3.307633
v 8.893775 -3.716926 3.063695
v 8.754034 -3.648187 3.063695
v 8.752001 -3.658447 3.307633
v 8.598639 -3.658526 3.063695
v 8.602011 -3.668426 3.307633
v 8.469236 -3.745176 3.063695
v 8.477105 -3.752065 3.307633
v 8.400495 -3.88492 3.063695
v 8.410755 -3.886952 3.307633
v 8.410836 -4.040313 3.063695
v 8.420737 -4.036939 3.307633
v 8.497484 -4.169716 3.063695
v 8.504373 -4.161845 3.307633
v 9.028619 -3.562861 3.306239
v 8.961099 -3.640007 3.382816
v 8.773875 -3.547909 3.382816
v 8.793776 -3.447338 3.306239
v 8.565687 -3.561764 3.382816
v 8.793776 -3.447338 3.065089
v 9.028619 -3.562861 3.065089
v 8.961099 -3.640007 2.988512
v 8.773875 -3.547909 2.988512
v 8.532635 -3.464716 3.065089
v 8.565687 -3.561764 2.988512
v 8.532635 -3.464716 3.306239
v 8.392313 -3.677856 3.382816
v 8.315167 -3.610332 3.065089
v 8.392313 -3.677856 2.988512
v 8.315167 -3.610332 3.306239
v 8.300218 -3.865079 3.382816
v 8.199644 -3.845178 3.065089
v 8.300218 -3.865079 2.988512
v 8.199644 -3.845178 3.306239
v 8.314072 -4.073266 3.382816
v 8.217023 -4.106319 3.065089
v 8.314072 -4.073266 2.988512
v 8.217023 -4.106319 3.306239
v 8.430164 -4.246639 3.382816
v 8.36264 -4.323787 3.306239
v 8.36264 -4.323787 3.065089
v 8.430164 -4.246639 2.988512
v 8.36264 -4.323787 3.306239
v 8.430164 -4.246639 3.382816
v 8.617387 -4.338736 3.382816
v 8.597483 -4.439305 3.306239
v 8.825577 -4.324884 3.382816
v 8.597483 -4.439305 3.065089
v 8.36264 -4.323787 3.065089
v 8.430164 -4.246639 2.988512
v 8.617387 -4.338736 2.988512
v 8.858625 -4.421929 3.065089
v 8.825577 -4.324884 2.988512
v 8.858625 -4.421929 3.306239
v 8.998948 -4.208788 3.382816
v 9.076094 -4.27631 3.065089
v 8.998948 -4.208788 2.988512
v 9.076094 -4.27631 3.306239
v 9.091045 -4.021565 3.382816
v 9.191612 -4.041466 3.065089
v 9.091045 -4.021565 2.988512
v 9.191612 -4.041466 3.306239
v 9.077189 -3.813374 3.382816
v 9.174239 -3.780329 3.065089
v 9.077189 -3.813374 2.988512
v 9.174239 -3.780329 3.306239
v 8.961099 -3.640007 3.382816
v 9.028619 -3.562861 3.306239
v 9.028619 -3.562861 3.065089
v 8.961099 -3.640007 2.988512
v 9.077189 -3.813374 3.382816
v 8.886885 -3.724797 3.307633
v 8.961099 -3.640007 3.382816
v 8.970525 -3.849705 3.307633
v 9.091045 -4.021565 3.382816
v 8.980506 -3.999694 3.307633
v 8.998948 -4.208788 3.382816
v 8.914154 -4.134581 3.307633
v 8.825577 -4.324884 3.382816
v 8.789249 -4.218217 3.307633
v 8.617387 -4.338736 3.382816
v 8.639259 -4.228199 3.307633
v 8.430164 -4.246639 3.382816
v 8.504373 -4.161845 3.307633
v 9.077189 -3.813374 2.988512
v 8.961099 -3.640007 2.988512
v 8.893775 -3.716926 3.063695
v 8.980427 -3.846333 3.063695
v 8.990767 -4.001722 3.063695
v 9.091045 -4.021565 2.988512
v 8.922028 -4.141467 3.063695
v 8.998948 -4.208788 2.988512
v 8.792623 -4.22812 3.063695
v 8.825577 -4.324884 2.988512
v 8.637229 -4.238458 3.063695
v 8.617387 -4.338736 2.988512
v 8.497484 -4.169716 3.063695
v 8.430164 -4.246639 2.988512
v 8.961099 -3.640007 3.382816
v 8.886885 -3.724797 3.307633
v 8.752001 -3.658447 3.307633
v 8.773875 -3.547909 3.382816
v 8.602011 -3.668426 3.307633
v 8.565687 -3.561764 3.382816
v 8.477105 -3.752065 3.307633
v 8.392313 -3.677856 3.382816
v 8.410755 -3.886952 3.307633
v 8.300218 -3.865079 3.382816
v 8.420737 -4.036939 3.307633
v 8.314072 -4.073266 3.382816
v 8.504373 -4.161845 3.307633
v 8.430164 -4.246639 3.382816
v 8.773875 -3.547909 2.988512
v 8.893775 -3.716926 3.063695
v 8.961099 -3.640007 2.988512
v 8.754034 -3.648187 3.063695
v 8.565687 -3.561764 2.988512
v 8.598639 -3.658526 3.063695
v 8.392313 -3.677856 2.988512
v 8.469236 -3.745176 3.063695
v 8.300218 -3.865079 2.988512
v 8.400495 -3.88492 3.063695
v 8.314072 -4.073266 2.988512
v 8.410836 -4.040313 3.063695
v 8.430164 -4.246639 2.988512
v 8.497484 -4.169716 3.063695
v 9.028619 -3.562855 2.914145
v 8.961096 -3.640005 2.990723
v 8.773871 -3.547908 2.990723
v 8.793775 -3.447337 2.914145
v 8.565685 -3.561762 2.990723
v 8.793775 -3.447337 2.672995
v 9.028619 -3.562855 2.672995
v 8.961096 -3.640005 2.596418
v 8.773871 -3.547908 2.596418
v 8.532633 -3.464712 2.672995
v 8.565685 -3.561762 2.596418
v 8.532633 -3.464712 2.914145
v 8.392313 -3.677855 2.990723
v 8.315167 -3.610332 2.672995
v 8.392313 -3.677855 2.596418
v 8.315167 -3.610332 2.914145
v 8.300219 -3.865077 2.990723
v 8.199644 -3.845178 2.672995
v 8.300219 -3.865077 2.596418
v 8.199644 -3.845178 2.914145
v 8.314072 -4.073266 2.990723
v 8.217021 -4.106318 2.672995
v 8.314072 -4.073266 2.596418
v 8.217021 -4.106318 2.914145
v 8.430162 -4.246638 2.990723
v 8.36264 -4.323784 2.914145
v 8.36264 -4.323784 2.672995
v 8.430162 -4.246638 2.596418
v 8.478184 -4.407127 2.672995
v 8.423859 -4.494067 2.596418
v 8.56616 -4.646661 2.596418
v 8.656681 -4.598531 2.672995
v 8.613098 -4.849964 2.596418
v 8.656681 -4.598531 2.914145
v 8.478184 -4.407127 2.914145
v 8.423859 -4.494067 2.990723
v 8.56616 -4.646661 2.990723
v 8.715558 -4.853539 2.914145
v 8.613098 -4.849964 2.990723
v 8.715558 -4.853539 2.672995
v 8.552101 -5.049496 2.596418
v 8.639043 -5.103822 2.914145
v 8.552101 -5.049496 2.990723
v 8.639043 -5.103822 2.672995
v 8.399507 -5.191801 2.596418
v 8.447638 -5.28232 2.914145
v 8.399507 -5.191801 2.990723
v 8.447638 -5.28232 2.672995
v 8.196205 -5.238739 2.596418
v 8.192628 -5.341195 2.914145
v 8.196205 -5.238739 2.990723
v 8.192628 -5.341195 2.672995
v 7.996667 -5.17774 2.596418
v 7.942344 -5.264684 2.672995
v 7.942344 -5.264684 2.914145
v 7.996667 -5.17774 2.990723
v 8.466668 -4.699564 3.307633
v 8.36969 -4.580758 3.063695
v 8.364146 -4.589629 3.307633
v 8.475905 -4.694653 3.063695
v 8.500486 -4.846035 3.307633
v 8.510939 -4.846399 3.063695
v 8.456538 -4.989789 3.307633
v 8.465407 -4.995331 3.063695
v 8.346602 -5.092307 3.307633
v 8.351513 -5.101542 3.063695
v 8.200133 -5.126126 3.307633
v 8.199768 -5.136581 3.063695
v 8.056379 -5.08218 3.307633
v 8.050838 -5.09105 3.063695
v 8.364146 -4.589629 3.307633
v 8.36969 -4.580758 3.063695
v 8.220758 -4.535229 3.063695
v 8.220394 -4.545682 3.307633
v 8.069015 -4.570265 3.063695
v 8.073926 -4.5795 3.307633
v 7.955121 -4.676476 3.063695
v 7.96399 -4.682021 3.307633
v 7.90959 -4.825409 3.063695
v 7.920041 -4.825777 3.307633
v 7.944624 -4.977153 3.063695
v 7.953861 -4.972241 3.307633
v 8.050838 -5.09105 3.063695
v 8.056379 -5.08218 3.307633
v 8.478184 -4.407127 3.306239
v 8.423856 -4.494067 3.382816
v 8.224326 -4.433071 3.382816
v 8.227901 -4.330609 3.306239
v 8.021023 -4.480008 3.382816
v 8.227901 -4.330609 3.065089
v 8.478184 -4.407127 3.065089
v 8.423856 -4.494067 2.988512
v 8.224326 -4.433071 2.988512
v 7.97289 -4.389489 3.065089
v 8.021023 -4.480008 2.988512
v 7.97289 -4.389489 3.306239
v 7.868427 -4.622309 3.382816
v 7.781487 -4.567984 3.065089
v 7.868427 -4.622309 2.988512
v 7.781487 -4.567984 3.306239
v 7.807428 -4.821844 3.382816
v 7.704971 -4.818267 3.065089
v 7.807428 -4.821844 2.988512
v 7.704971 -4.818267 3.306239
v 7.854371 -5.025146 3.382816
v 7.763851 -5.073278 3.065089
v 7.854371 -5.025146 2.988512
v 7.763851 -5.073278 3.306239
v 7.996667 -5.17774 3.382816
v 7.942344 -5.264686 3.306239
v 7.942344 -5.264686 3.065089
v 7.996667 -5.17774 2.988512
v 7.942344 -5.264686 3.306239
v 7.996667 -5.17774 3.382816
v 8.196205 -5.238739 3.382816
v 8.19263 -5.3412 3.306239
v 8.399505 -5.191803 3.382816
v 8.19263 -5.3412 3.065089
v 7.942344 -5.264686 3.065089
v 7.996667 -5.17774 2.988512
v 8.196205 -5.238739 2.988512
v 8.447638 -5.28232 3.065089
v 8.399505 -5.191803 2.988512
v 8.447638 -5.28232 3.306239
v 8.552101 -5.049498 3.382816
v 8.639044 -5.103825 3.065089
v 8.552101 -5.049498 2.988512
v 8.639044 -5.103825 3.306239
v 8.613098 -4.849964 3.382816
v 8.715558 -4.853539 3.065089
v 8.613098 -4.849964 2.988512
v 8.715558 -4.853539 3.306239
v 8.56616 -4.646664 3.382816
v 8.65668 -4.598533 3.065089
v 8.56616 -4.646664 2.988512
v 8.65668 -4.598533 3.306239
v 8.423856 -4.494067 3.382816
v 8.478184 -4.407127 3.306239
v 8.478184 -4.407127 3.065089
v 8.423856 -4.494067 2.988512
v 8.56616 -4.646664 3.382816
v 8.364146 -4.589629 3.307633
v 8.423856 -4.494067 3.382816
v 8.466668 -4.699564 3.307633
v 8.613098 -4.849964 3.382816
v 8.500486 -4.846035 3.307633
v 8.552101 -5.049498 3.382816
v 8.456538 -4.989789 3.307633
v 8.399505 -5.191803 3.382816
v 8.346602 -5.092307 3.307633
v 8.196205 -5.238739 3.382816
v 8.200133 -5.126126 3.307633
v 7.996667 -5.17774 3.382816
v 8.056379 -5.08218 3.307633
v 8.56616 -4.646664 2.988512
v 8.423856 -4.494067 2.988512
v 8.36969 -4.580758 3.063695
v 8.475905 -4.694653 3.063695
v 8.510939 -4.846399 3.063695
v 8.613098 -4.849964 2.988512
v 8.465407 -4.995331 3.063695
v 8.552101 -5.049498 2.988512
v 8.351513 -5.101542 3.063695
v 8.399505 -5.191803 2.988512
v 8.199768 -5.136581 3.063695
v 8.196205 -5.238739 2.988512
v 8.050838 -5.09105 3.063695
v 7.996667 -5.17774 2.988512
v 8.423856 -4.494067 3.382816
v 8.364146 -4.589629 3.307633
v 8.220394 -4.545682 3.307633
v 8.224326 -4.433071 3.382816
v 8.073926 -4.5795 3.307633
v 8.021023 -4.480008 3.382816
v 7.96399 -4.682021 3.307633
v 7.868427 -4.622309 3.382816
v 7.920041 -4.825777 3.307633
v 7.807428 -4.821844 3.382816
v 7.953861 -4.972241 3.307633
v 7.854371 -5.025146 3.382816
v 8.056379 -5.08218 3.307633
v 7.996667 -5.17774 3.382816
v 8.224326 -4.433071 2.988512
v 8.36969 -4.580758 3.063695
v 8.423856 -4.494067 2.988512
v 8.220758 -4.535229 3.063695
v 8.021023 -4.480008 2.988512
v 8.069015 -4.570265 3.063695
v 7.868427 -4.622309 2.988512
v 7.955121 -4.676476 3.063695
v 7.807428 -4.821844 2.988512
v 7.90959 -4.825409 3.063695
v 7.854371 -5.025146 2.988512
v 7.944624 -4.977153 3.063695
v 7.996667 -5.17774 2.988512
v 8.050838 -5.09105 3.063695
v 8.478184 -4.407127 2.914145
v 8.423859 -4.494067 2.990723
v 8.224325 -4.433067 2.990723
v 8.227901 -4.330609 2.914145
v 8.02102 -4.480007 2.990723
v 8.227901 -4.330609 2.672995
v 8.478184 -4.407127 2.672995
v 8.423859 -4.494067 2.596418
v 8.224325 -4.433067 2.596418
v 7.972891 -4.389488 2.672995
v 8.02102 -4.480007 2.596418
v 7.972891 -4.389488 2.914145
v 7.868427 -4.622309 2.990723
v 7.781487 -4.567984 2.672995
v 7.868427 -4.622309 2.596418
v 7.781487 -4.567984 2.914145
v 7.807426 -4.821843 2.990723
v 7.704971 -4.818267 2.672995
v 7.807426 -4.821843 2.596418
v 7.704971 -4.818267 2.914145
v 7.854367 -5.025144 2.990723
v 7.763851 -5.073278 2.672995
v 7.854367 -5.025144 2.596418
v 7.763851 -5.073278 2.914145
v 7.996667 -5.17774 2.990723
v 7.942344 -5.264684 2.914145
v 7.942344 -5.264684 2.672995
v 7.996667 -5.17774 2.596418
v 6.75885 -6.974398 2.672995
v 6.830034 -6.900619 2.596417
v 6.722492 -6.721818 2.596417
v 6.623953 -6.750121 2.672995
v 6.718758 -6.513201 2.596417
v 6.623953 -6.750121 2.914145
v 6.75885 -6.974398 2.914145
v 6.830034 -6.900619 2.990723
v 6.722492 -6.721818 2.990723
v 6.619273 -6.488444 2.914145
v 6.718758 -6.513201 2.990723
v 6.619273 -6.488444 2.672995
v 6.81983 -6.330668 2.596417
v 6.746055 -6.259483 2.914145
v 6.81983 -6.330668 2.990723
v 6.746055 -6.259483 2.672995
v 6.998632 -6.223125 2.596417
v 6.97033 -6.124588 2.914145
v 6.998632 -6.223125 2.990723
v 6.97033 -6.124588 2.672995
v 7.207249 -6.219392 2.596417
v 7.232007 -6.119906 2.914145
v 7.207249 -6.219392 2.990723
v 7.232007 -6.119906 2.672995
v 7.389786 -6.320466 2.596417
v 7.460969 -6.246687 2.672995
v 7.460969 -6.246687 2.914145
v 7.389786 -6.320466 2.990723
v 6.830794 -6.690707 3.307633
v 6.90101 -6.827055 3.063695
v 6.908275 -6.819526 3.307633
v 6.820741 -6.693596 3.063695
v 6.828105 -6.540414 3.307633
v 6.817957 -6.537886 3.063695
v 6.900925 -6.408904 3.307633
v 6.893396 -6.401644 3.063695
v 7.02974 -6.331429 3.307633
v 7.026853 -6.321374 3.063695
v 7.180038 -6.328736 3.307633
v 7.182564 -6.318587 3.063695
v 7.311545 -6.401558 3.307633
v 7.318807 -6.394029 3.063695
v 6.908275 -6.819526 3.307633
v 6.90101 -6.827055 3.063695
v 7.037254 -6.902495 3.063695
v 7.039782 -6.892346 3.307633
v 7.192964 -6.899711 3.063695
v 7.190079 -6.889656 3.307633
v 7.326421 -6.819439 3.063695
v 7.318896 -6.812178 3.307633
v 7.401863 -6.683197 3.063695
v 7.391712 -6.68067 3.307633
v 7.399075 -6.527484 3.063695
v 7.389023 -6.530375 3.307633
v 7.318807 -6.394029 3.063695
v 7.311545 -6.401558 3.307633
v 6.758851 -6.974394 3.306239
v 6.830034 -6.900617 3.382817
v 7.012567 -7.00169 3.382817
v 6.987809 -7.101178 3.306239
v 7.221184 -6.997957 3.382817
v 6.987809 -7.101178 3.065089
v 6.758851 -6.974394 3.065089
v 6.830034 -6.900617 2.988512
v 7.012567 -7.00169 2.988512
v 7.249487 -7.096497 3.065089
v 7.221184 -6.997957 2.988512
v 7.249487 -7.096497 3.306239
v 7.399986 -6.890416 3.382817
v 7.473763 -6.961601 3.065089
v 7.399986 -6.890416 2.988512
v 7.473763 -6.961601 3.306239
v 7.50106 -6.707881 3.382817
v 7.600548 -6.73264 3.065089
v 7.50106 -6.707881 2.988512
v 7.600548 -6.73264 3.306239
v 7.497324 -6.499266 3.382817
v 7.595863 -6.470963 3.065089
v 7.497324 -6.499266 2.988512
v 7.595863 -6.470963 3.306239
v 7.389784 -6.320466 3.382817
v 7.46097 -6.246685 3.306239
v 7.46097 -6.246685 3.065089
v 7.389784 -6.320466 2.988512
v 7.46097 -6.246685 3.306239
v 7.389784 -6.320466 3.382817
v 7.207251 -6.21939 3.382817
v 7.232009 -6.119905 3.306239
v 6.998631 -6.223123 3.382817
v 7.232009 -6.119905 3.065089
v 7.46097 -6.246685 3.065089
v 7.389784 -6.320466 2.988512
v 7.207251 -6.21939 2.988512
v 6.970333 -6.124588 3.065089
v 6.998631 -6.223123 2.988512
v 6.970333 -6.124588 3.306239
v 6.819832 -6.330666 3.382817
v 6.746055 -6.259483 3.065089
v 6.819832 -6.330666 2.988512
v 6.746055 -6.259483 3.306239
v 6.718761 -6.5132 3.382817
v 6.619272 -6.488443 3.065089
v 6.718761 -6.5132 2.988512
v 6.619272 -6.488443 3.306239
v 6.722492 -6.721818 3.382817
v 6.623955 -6.750118 3.065089
v 6.722492 -6.721818 2.988512
v 6.623955 -6.750118 3.306239
v 6.830034 -6.900617 3.382817
v 6.758851 -6.974394 3.306239
v 6.758851 -6.974394 3.065089
v 6.830034 -6.900617 2.988512
v 6.722492 -6.721818 3.382817
v 6.908275 -6.819526 3.307633
v 6.830034 -6.900617 3.382817
v 6.830794 -6.690707 3.307633
v 6.718761 -6.5132 3.382817
v 6.828105 -6.540414 3.307633
v 6.819832 -6.330666 3.382817
v 6.900925 -6.408904 3.307633
v 6.998631 -6.223123 3.382817
v 7.02974 -6.331429 3.307633
v 7.207251 -6.21939 3.382817
v 7.180038 -6.328736 3.307633
v 7.389784 -6.320466 3.382817
v 7.311545 -6.401558 3.307633
v 6.722492 -6.721818 2.988512
v 6.830034 -6.900617 2.988512
v 6.90101 -6.827055 3.063695
v 6.820741 -6.693596 3.063695
v 6.817957 -6.537886 3.063695
v 6.718761 -6.5132 2.988512
v 6.893396 -6.401644 3.063695
v 6.819832 -6.330666 2.988512
v 7.026853 -6.321374 3.063695
v 6.998631 -6.223123 2.988512
v 7.182564 -6.318587 3.063695
v 7.207251 -6.21939 2.988512
v 7.318807 -6.394029 3.063695
v 7.389784 -6.320466 2.988512
v 6.830034 -6.900617 3.382817
v 6.908275 -6.819526 3.307633
v 7.039782 -6.892346 3.307633
v 7.012567 -7.00169 3.382817
v 7.190079 -6.889656 3.307633
v 7.221184 -6.997957 3.382817
v 7.318896 -6.812178 3.307633
v 7.399986 -6.890416 3.382817
v 7.391712 -6.68067 3.307633
v 7.50106 -6.707881 3.382817
v 7.389023 -6.530375 3.307633
v 7.497324 -6.499266 3.382817
v 7.311545 -6.401558 3.307633
v 7.389784 -6.320466 3.382817
v 7.012567 -7.00169 2.988512
v 6.90101 -6.827055 3.063695
v 6.830034 -6.900617 2.988512
v 7.037254 -6.902495 3.063695
v 7.221184 -6.997957 2.988512
v 7.192964 -6.899711 3.063695
v 7.399986 -6.890416 2.988512
v 7.326421 -6.819439 3.063695
v 7.50106 -6.707881 2.988512
v 7.401863 -6.683197 3.063695
v 7.497324 -6.499266 2.988512
v 7.399075 -6.527484 3.063695
v 7.389784 -6.320466 2.988512
v 7.318807 -6.394029 3.063695
v 6.75885 -6.974398 2.914145
v 6.830034 -6.900619 2.990723
v 7.01257 -7.001693 2.990723
v 6.987811 -7.10118 2.914145
v 7.221181 -6.997957 2.990723
v 6.987811 -7.10118 2.672995
v 6.75885 -6.974398 2.672995
v 6.830034 -6.900619 2.596417
v 7.01257 -7.001693 2.596417
v 7.249487 -7.096497 2.672995
v 7.221181 -6.997957 2.596417
v 7.249487 -7.096497 2.914145
v 7.399986 -6.890416 2.990723
v 7.473763 -6.961601 2.672995
v 7.399986 -6.890416 2.596417
v 7.473763 -6.961601 2.914145
v 7.50106 -6.707884 2.990723
v 7.600548 -6.73264 2.672995
v 7.50106 -6.707884 2.596417
v 7.600548 -6.73264 2.914145
v 7.497324 -6.499266 2.990723
v 7.595864 -6.470963 2.672995
v 7.497324 -6.499266 2.596417
v 7.595864 -6.470963 2.914145
v 7.389786 -6.320466 2.990723
v 7.460969 -6.246687 2.914145
v 7.460969 -6.246687 2.672995
v 7.389786 -6.320466 2.596417
v 7.349607 -6.157836 2.672995
v 7.408088 -6.073635 2.596417
v 7.273358 -5.914313 2.596417
v 7.180609 -5.957995 2.672995
v 7.236342 -5.708973 2.596417
v 7.180609 -5.957995 2.914145
v 7.349607 -6.157836 2.914145
v 7.408088 -6.073635 2.990723
v 7.273358 -5.914313 2.990723
v 7.134177 -5.700429 2.914145
v 7.236342 -5.708973 2.990723
v 7.134177 -5.700429 2.672995
v 7.306954 -5.512634 2.596417
v 7.222748 -5.454152 2.914145
v 7.306954 -5.512634 2.990723
v 7.222748 -5.454152 2.672995
v 7.466275 -5.377905 2.596417
v 7.42259 -5.285157 2.914145
v 7.466275 -5.377905 2.990723
v 7.42259 -5.285157 2.672995
v 7.671612 -5.340886 2.596417
v 7.680158 -5.238726 2.914145
v 7.671612 -5.340886 2.990723
v 7.680158 -5.238726 2.672995
v 7.867953 -5.411497 2.596417
v 7.926433 -5.327292 2.672995
v 7.926433 -5.327292 2.914145
v 7.867953 -5.411497 2.990723
v 7.3753 -5.866301 3.307633
v 7.466402 -5.989674 3.063695
v 7.472366 -5.981083 3.307633
v 7.365836 -5.870757 3.063695
v 7.34863 -5.718364 3.307633
v 7.338208 -5.717491 3.063695
v 7.399504 -5.576911 3.307633
v 7.390912 -5.570944 3.063695
v 7.514285 -5.479847 3.307633
v 7.509829 -5.470384 3.063695
v 7.662222 -5.453176 3.307633
v 7.663096 -5.442751 3.063695
v 7.803674 -5.504049 3.307633
v 7.809639 -5.495457 3.063695
v 7.472366 -5.981083 3.307633
v 7.466402 -5.989674 3.063695
v 7.612949 -6.042377 3.063695
v 7.61382 -6.031954 3.307633
v 7.76621 -6.014746 3.063695
v 7.761756 -6.005285 3.307633
v 7.885126 -5.914186 3.063695
v 7.876535 -5.908218 3.307633
v 7.93783 -5.767639 3.063695
v 7.927409 -5.766766 3.307633
v 7.910202 -5.614373 3.063695
v 7.900738 -5.618834 3.307633
v 7.809639 -5.495457 3.063695
v 7.803674 -5.504049 3.307633
v 7.349607 -6.157836 3.306239
v 7.40809 -6.073634 3.382817
v 7.604428 -6.144241 3.382817
v 7.595883 -6.246408 3.306239
v 7.809767 -6.107225 3.382817
v 7.595883 -6.246408 3.065089
v 7.349607 -6.157836 3.065089
v 7.40809 -6.073634 2.988512
v 7.604428 -6.144241 2.988512
v 7.853447 -6.199971 3.065089
v 7.809767 -6.107225 2.988512
v 7.853447 -6.199971 3.306239
v 7.969086 -5.972496 3.382817
v 8.053291 -6.030978 3.065089
v 7.969086 -5.972496 2.988512
v 8.053291 -6.030978 3.306239
v 8.039699 -5.776157 3.382817
v 8.141862 -5.784703 3.065089
v 8.039699 -5.776157 2.988512
v 8.141862 -5.784703 3.306239
v 8.002681 -5.570815 3.382817
v 8.095428 -5.527135 3.065089
v 8.002681 -5.570815 2.988512
v 8.095428 -5.527135 3.306239
v 7.867953 -5.411497 3.382817
v 7.926431 -5.327291 3.306239
v 7.926431 -5.327291 3.065089
v 7.867953 -5.411497 2.988512
v 7.926431 -5.327291 3.306239
v 7.867953 -5.411497 3.382817
v 7.671612 -5.340886 3.382817
v 7.680159 -5.238721 3.306239
v 7.466274 -5.377903 3.382817
v 7.680159 -5.238721 3.065089
v 7.926431 -5.327291 3.065089
v 7.867953 -5.411497 2.988512
v 7.671612 -5.340886 2.988512
v 7.42259 -5.285157 3.065089
v 7.466274 -5.377903 2.988512
v 7.42259 -5.285157 3.306239
v 7.306951 -5.512632 3.382817
v 7.222748 -5.454152 3.065089
v 7.306951 -5.512632 2.988512
v 7.222748 -5.454152 3.306239
v 7.236342 -5.708973 3.382817
v 7.134177 -5.700429 3.065089
v 7.236342 -5.708973 2.988512
v 7.134177 -5.700429 3.306239
v 7.273358 -5.914312 3.382817
v 7.180612 -5.957994 3.065089
v 7.273358 -5.914312 2.988512
v 7.180612 -5.957994 3.306239
v 7.40809 -6.073634 3.382817
v 7.349607 -6.157836 3.306239
v 7.349607 -6.157836 3.065089
v 7.40809 -6.073634 2.988512
v 7.273358 -5.914312 3.382817
v 7.472366 -5.981083 3.307633
v 7.40809 -6.073634 3.382817
v 7.3753 -5.866301 3.307633
v 7.236342 -5.708973 3.382817
v 7.34863 -5.718364 3.307633
v 7.306951 -5.512632 3.382817
v 7.399504 -5.576911 3.307633
v 7.466274 -5.377903 3.382817
v 7.514285 -5.479847 3.307633
v 7.671612 -5.340886 3.382817
v 7.662222 -5.453176 3.307633
v 7.867953 -5.411497 3.382817
v 7.803674 -5.504049 3.307633
v 7.273358 -5.914312 2.988512
v 7.40809 -6.073634 2.988512
v 7.466402 -5.989674 3.063695
v 7.365836 -5.870757 3.063695
v 7.338208 -5.717491 3.063695
v 7.236342 -5.708973 2.988512
v 7.390912 -5.570944 3.063695
v 7.306951 -5.512632 2.988512
v 7.509829 -5.470384 3.063695
v 7.466274 -5.377903 2.988512
v 7.663096 -5.442751 3.063695
v 7.671612 -5.340886 2.988512
v 7.809639 -5.495457 3.063695
v 7.867953 -5.411497 2.988512
v 7.40809 -6.073634 3.382817
v 7.472366 -5.981083 3.307633
v 7.61382 -6.031954 3.307633
v 7.604428 -6.144241 3.382817
v 7.761756 -6.005285 3.307633
v 7.809767 -6.107225 3.382817
v 7.876535 -5.908218 3.307633
v 7.969086 -5.972496 3.382817
v 7.927409 -5.766766 3.307633
v 8.039699 -5.776157 3.382817
v 7.900738 -5.618834 3.307633
v 8.002681 -5.570815 3.382817
v 7.803674 -5.504049 3.307633
v 7.867953 -5.411497 3.382817
v 7.604428 -6.144241 2.988512
v 7.466402 -5.989674 3.063695
v 7.40809 -6.073634 2.988512
v 7.612949 -6.042377 3.063695
v 7.809767 -6.107225 2.988512
v 7.76621 -6.014746 3.063695
v 7.969086 -5.972496 2.988512
v 7.885126 -5.914186 3.063695
v 8.039699 -5.776157 2.988512
v 7.93783 -5.767639 3.063695
v 8.002681 -5.570815 2.988512
v 7.910202 -5.614373 3.063695
v 7.867953 -5.411497 2.988512
v 7.809639 -5.495457 3.063695
v 7.349607 -6.157836 2.914145
v 7.408088 -6.073635 2.990723
v 7.604426 -6.144245 2.990723
v 7.595883 -6.246408 2.914145
v 7.809769 -6.107226 2.990723
v 7.595883 -6.246408 2.672995
v 7.349607 -6.157836 2.672995
v 7.408088 -6.073635 2.596417
v 7.604426 -6.144245 2.596417
v 7.85345 -6.199975 2.672995
v 7.809769 -6.107226 2.596417
v 7.85345 -6.199975 2.914145
v 7.969086 -5.972496 2.990723
v 8.053291 -6.030978 2.672995
v 7.969086 -5.972496 2.596417
v 8.053291 -6.030978 2.914145
v 8.0397 -5.77616 2.990723
v 8.141862 -5.784703 2.672995
v 8.0397 -5.77616 2.596417
v 8.141862 -5.784703 2.914145
v 8.002679 -5.570819 2.990723
v 8.095428 -5.527135 2.672995
v 8.002679 -5.570819 2.596417
v 8.095428 -5.527135 2.914145
v 7.867953 -5.411497 2.990723
v 7.926433 -5.327292 2.914145
v 7.926433 -5.327292 2.672995
v 7.867953 -5.411497 2.596417
v -2.739772 7.692784 2.672995
v -2.63886 7.674667 2.596418
v -2.550096 7.863493 2.596418
v -2.628424 7.929638 2.672995
v -2.378808 7.982642 2.596418
v -2.628424 7.929638 2.914145
v -2.739772 7.692784 2.914145
v -2.63886 7.674667 2.990723
v -2.550096 7.863493 2.990723
v -2.413574 8.079086 2.914145
v -2.378808 7.982642 2.990723
v -2.413574 8.079086 2.672995
v -2.170898 8.000182 2.596418
v -2.15278 8.101089 2.914145
v -2.170898 8.000182 2.990723
v -2.15278 8.101089 2.672995
v -1.98207 7.911416 2.596418
v -1.915926 7.989744 2.914145
v -1.98207 7.911416 2.990723
v -1.915926 7.989744 2.672995
v -1.862927 7.740127 2.596418
v -1.766479 7.774892 2.914145
v -1.862927 7.740127 2.990723
v -1.766479 7.774892 2.672995
v -1.845385 7.532217 2.596418
v -1.744477 7.514098 2.672995
v -1.744477 7.514098 2.914145
v -1.845385 7.532217 2.990723
v -2.463999 7.790798 3.307633
v -2.538248 7.656605 3.063695
v -2.527951 7.654756 3.307633
v -2.471991 7.797548 3.063695
v -2.340595 7.876637 3.307633
v -2.344145 7.886475 3.063695
v -2.190805 7.889275 3.307633
v -2.188959 7.89957 3.063695
v -2.054767 7.825321 3.307633
v -2.048018 7.833314 3.063695
v -1.968928 7.701918 3.307633
v -1.95909 7.705463 3.063695
v -1.956293 7.552126 3.307633
v -1.945998 7.550277 3.063695
v -2.527951 7.654756 3.307633
v -2.538248 7.656605 3.063695
v -2.525157 7.501425 3.063695
v -2.515315 7.504969 3.307633
v -2.436226 7.373574 3.063695
v -2.429479 7.381564 3.307633
v -2.295288 7.307319 3.063695
v -2.293437 7.317613 3.307633
v -2.140102 7.32041 3.063695
v -2.143648 7.33025 3.307633
v -2.012255 7.409342 3.063695
v -2.020248 7.416088 3.307633
v -1.945998 7.550277 3.063695
v -1.956293 7.552126 3.307633
v -2.739766 7.692787 3.306239
v -2.63886 7.67467 3.382816
v -2.621321 7.46676 3.382816
v -2.717768 7.431994 3.306239
v -2.502176 7.295475 3.382816
v -2.717768 7.431994 3.065089
v -2.739766 7.692787 3.065089
v -2.63886 7.67467 2.988512
v -2.621321 7.46676 2.988512
v -2.568318 7.217143 3.065089
v -2.502176 7.295475 2.988512
v -2.568318 7.217143 3.306239
v -2.313348 7.206705 3.382816
v -2.331468 7.105796 3.065089
v -2.313348 7.206705 2.988512
v -2.331468 7.105796 3.306239
v -2.105438 7.224246 3.382816
v -2.070672 7.127796 3.065089
v -2.105438 7.224246 2.988512
v -2.070672 7.127796 3.306239
v -1.934153 7.34339 3.382816
v -1.85582 7.277248 3.065089
v -1.934153 7.34339 2.988512
v -1.85582 7.277248 3.306239
v -1.845385 7.532219 3.382816
v -1.744475 7.514099 3.306239
v -1.744475 7.514099 3.065089
v -1.845385 7.532219 2.988512
v -1.744475 7.514099 3.306239
v -1.845385 7.532219 3.382816
v -1.862924 7.740128 3.382816
v -1.766477 7.774889 3.306239
v -1.982068 7.911415 3.382816
v -1.766477 7.774889 3.065089
v -1.744475 7.514099 3.065089
v -1.845385 7.532219 2.988512
v -1.862924 7.740128 2.988512
v -1.915926 7.989744 3.065089
v -1.982068 7.911415 2.988512
v -1.915926 7.989744 3.306239
v -2.170898 8.000182 3.382816
v -2.15278 8.101089 3.065089
v -2.170898 8.000182 2.988512
v -2.15278 8.101089 3.306239
v -2.378808 7.982642 3.382816
v -2.413571 8.079085 3.065089
v -2.378808 7.982642 2.988512
v -2.413571 8.079085 3.306239
v -2.550096 7.863493 3.382816
v -2.628423 7.929643 3.065089
v -2.550096 7.863493 2.988512
v -2.628423 7.929643 3.306239
v -2.63886 7.67467 3.382816
v -2.739766 7.692787 3.306239
v -2.739766 7.692787 3.065089
v -2.63886 7.67467 2.988512
v -2.550096 7.863493 3.382816
v -2.527951 7.654756 3.307633
v -2.63886 7.67467 3.382816
v -2.463999 7.790798 3.307633
v -2.378808 7.982642 3.382816
v -2.340595 7.876637 3.307633
v -2.170898 8.000182 3.382816
v -2.190805 7.889275 3.307633
v -1.982068 7.911415 3.382816
v -2.054767 7.825321 3.307633
v -1.862924 7.740128 3.382816
v -1.968928 7.701918 3.307633
v -1.845385 7.532219 3.382816
v -1.956293 7.552126 3.307633
v -2.550096 7.863493 2.988512
v -2.63886 7.67467 2.988512
v -2.538248 7.656605 3.063695
v -2.471991 7.797548 3.063695
v -2.344145 7.886475 3.063695
v -2.378808 7.982642 2.988512
v -2.188959 7.89957 3.063695
v -2.170898 8.000182 2.988512
v -2.048018 7.833314 3.063695
v -1.982068 7.911415 2.988512
v -1.95909 7.705463 3.063695
v -1.862924 7.740128 2.988512
v -1.945998 7.550277 3.063695
v -1.845385 7.532219 2.988512
v -2.63886 7.67467 3.382816
v -2.527951 7.654756 3.307633
v -2.515315 7.504969 3.307633
v -2.621321 7.46676 3.382816
v -2.429479 7.381564 3.307633
v -2.502176 7.295475 3.382816
v -2.293437 7.317613 3.307633
v -2.313348 7.206705 3.382816
v -2.143648 7.33025 3.307633
v -2.105438 7.224246 3.382816
v -2.020248 7.416088 3.307633
v -1.934153 7.34339 3.382816
v -1.956293 7.552126 3.307633
v -1.845385 7.532219 3.382816
v -2.621321 7.46676 2.988512
v -2.538248 7.656605 3.063695
v -2.63886 7.67467 2.988512
v -2.525157 7.501425 3.063695
v -2.502176 7.295475 2.988512
v -2.436226 7.373574 3.063695
v -2.313348 7.206705 2.988512
v -2.295288 7.307319 3.063695
v -2.105438 7.224246 2.988512
v -2.140102 7.32041 3.063695
v -1.934153 7.34339 2.988512
v -2.012255 7.409342 3.063695
v -1.845385 7.532219 2.988512
v -1.945998 7.550277 3.063695
v -2.739772 7.692784 2.914145
v -2.63886 7.674667 2.990723
v -2.62132 7.466756 2.990723
v -2.717768 7.431993 2.914145
v -2.502176 7.295472 2.990723
v -2.717768 7.431993 2.672995
v -2.739772 7.692784 2.672995
v -2.63886 7.674667 2.596418
v -2.62132 7.466756 2.596418
v -2.56832 7.217138 2.672995
v -2.502176 7.295472 2.596418
v -2.56832 7.217138 2.914145
v -2.313349 7.206704 2.990723
v -2.331468 7.105796 2.672995
v -2.313349 7.206704 2.596418
v -2.331468 7.105796 2.914145
v -2.105439 7.224246 2.990723
v -2.070672 7.127796 2.672995
v -2.105439 7.224246 2.596418
v -2.070672 7.127796 2.914145
v -1.934153 7.34339 2.990723
v -1.855821 7.277245 2.672995
v -1.934153 7.34339 2.596418
v -1.855821 7.277245 2.914145
v -1.845385 7.532217 2.990723
v -1.744477 7.514098 2.914145
v -1.744477 7.514098 2.672995
v -1.845385 7.532217 2.596418
v -1.732585 7.656065 2.672995
v -1.630082 7.654305 2.596418
v -1.572628 7.854887 2.596418
v -1.660519 7.907667 2.672995
v -1.422575 7.999869 2.596418
v -1.660519 7.907667 2.914145
v -1.732585 7.656065 2.914145
v -1.630082 7.654305 2.990723
v -1.572628 7.854887 2.990723
v -1.472305 8.089522 2.914145
v -1.422575 7.999869 2.990723
v -1.472305 8.089522 2.672995
v -1.220141 8.050404 2.596418
v -1.218379 8.152908 2.914145
v -1.220141 8.050404 2.990723
v -1.218379 8.152908 2.672995
v -1.019554 7.99295 2.596418
v -0.966777 8.080841 2.914145
v -1.019554 7.99295 2.990723
v -0.966777 8.080841 2.672995
v -0.8745745 7.842899 2.596418
v -0.7849217 7.892626 2.914145
v -0.8745745 7.842899 2.990723
v -0.7849217 7.892626 2.672995
v -0.824037 7.640458 2.596418
v -0.7215326 7.6387 2.672995
v -0.7215326 7.6387 2.914145
v -0.824037 7.640458 2.990723
v -1.476023 7.796879 3.307633
v -1.527874 7.652549 3.063695
v -1.517416 7.652369 3.307633
v -1.484992 7.802265 3.063695
v -1.367918 7.901333 3.307633
v -1.372991 7.910479 3.063695
v -1.222071 7.937738 3.307633
v -1.221892 7.948195 3.063695
v -1.077565 7.896344 3.307633
v -1.07218 7.905311 3.063695
v -0.9731101 7.788241 3.307633
v -0.9639621 7.793314 3.063695
v -0.9367024 7.642395 3.307633
v -0.9262456 7.642216 3.063695
v -1.517416 7.652369 3.307633
v -1.527874 7.652549 3.063695
v -1.490155 7.501451 3.063695
v -1.481008 7.506525 3.307633
v -1.38194 7.389453 3.063695
v -1.376557 7.39842 3.307633
v -1.232228 7.346569 3.063695
v -1.232046 7.357028 3.307633
v -1.081128 7.384287 3.063695
v -1.086198 7.393435 3.307633
v -0.9691298 7.492503 3.063695
v -0.9780993 7.497886 3.307633
v -0.9262456 7.642216 3.063695
v -0.9367024 7.642395 3.307633
v -1.732585 7.656065 3.306239
v -1.630081 7.654302 3.382816
v -1.579547 7.451869 3.382816
v -1.669201 7.402139 3.306239
v -1.434565 7.301816 3.382816
v -1.669201 7.402139 3.065089
v -1.732585 7.656065 3.065089
v -1.630081 7.654302 2.988512
v -1.579547 7.451869 2.988512
v -1.487342 7.213925 3.065089
v -1.434565 7.301816 2.988512
v -1.487342 7.213925 3.306239
v -1.233981 7.244359 3.382816
v -1.235743 7.141859 3.065089
v -1.233981 7.244359 2.988512
v -1.235743 7.141859 3.306239
v -1.031543 7.294895 3.382816
v -0.9818162 7.205242 3.065089
v -1.031543 7.294895 2.988512
v -0.9818162 7.205242 3.306239
v -0.8814943 7.43988 3.382816
v -0.7936028 7.387102 3.065089
v -0.8814943 7.43988 2.988512
v -0.7936028 7.387102 3.306239
v -0.824037 7.640458 3.382816
v -0.7215303 7.638702 3.306239
v -0.7215303 7.638702 3.065089
v -0.824037 7.640458 2.988512
v -0.7215303 7.638702 3.306239
v -0.824037 7.640458 3.382816
v -0.8745745 7.842899 3.382816
v -0.7849185 7.89263 3.306239
v -1.019552 7.992949 3.382816
v -0.7849185 7.89263 3.065089
v -0.7215303 7.638702 3.065089
v -0.824037 7.640458 2.988512
v -0.8745745 7.842899 2.988512
v -0.966777 8.080841 3.065089
v -1.019552 7.992949 2.988512
v -0.966777 8.080841 3.306239
v -1.220139 8.050404 3.382816
v -1.218377 8.152912 3.065089
v -1.220139 8.050404 2.988512
v -1.218377 8.152912 3.306239
v -1.422575 7.999869 3.382816
v -1.472305 8.089522 3.065089
v -1.422575 7.999869 2.988512
v -1.472305 8.089522 3.306239
v -1.572624 7.854889 3.382816
v -1.660516 7.907667 3.065089
v -1.572624 7.854889 2.988512
v -1.660516 7.907667 3.306239
v -1.630081 7.654302 3.382816
v -1.732585 7.656065 3.306239
v -1.732585 7.656065 3.065089
v -1.630081 7.654302 2.988512
v -1.572624 7.854889 3.382816
v -1.517416 7.652369 3.307633
v -1.630081 7.654302 3.382816
v -1.476023 7.796879 3.307633
v -1.422575 7.999869 3.382816
v -1.367918 7.901333 3.307633
v -1.220139 8.050404 3.382816
v -1.222071 7.937738 3.307633
v -1.019552 7.992949 3.382816
v -1.077565 7.896344 3.307633
v -0.8745745 7.842899 3.382816
v -0.9731101 7.788241 3.307633
v -0.824037 7.640458 3.382816
v -0.9367024 7.642395 3.307633
v -1.572624 7.854889 2.988512
v -1.630081 7.654302 2.988512
v -1.527874 7.652549 3.063695
v -1.484992 7.802265 3.063695
v -1.372991 7.910479 3.063695
v -1.422575 7.999869 2.988512
v -1.221892 7.948195 3.063695
v -1.220139 8.050404 2.988512
v -1.07218 7.905311 3.063695
v -1.019552 7.992949 2.988512
v -0.9639621 7.793314 3.063695
v -0.8745745 7.842899 2.988512
v -0.9262456 7.642216 3.063695
v -0.824037 7.640458 2.988512
v -1.630081 7.654302 3.382816
v -1.517416 7.652369 3.307633
v -1.481008 7.506525 3.307633
v -1.579547 7.451869 3.382816
v -1.376557 7.39842 3.307633
v -1.434565 7.301816 3.382816
v -1.232046 7.357028 3.307633
v -1.233981 7.244359 3.382816
v -1.086198 7.393435 3.307633
v -1.031543 7.294895 3.382816
v -0.9780993 7.497886 3.307633
v -0.8814943 7.43988 3.382816
v -0.9367024 7.642395 3.307633
v -0.824037 7.640458 3.382816
v -1.579547 7.451869 2.988512
v -1.527874 7.652549 3.063695
v -1.630081 7.654302 2.988512
v -1.490155 7.501451 3.063695
v -1.434565 7.301816 2.988512
v -1.38194 7.389453 3.063695
v -1.233981 7.244359 2.988512
v -1.232228 7.346569 3.063695
v -1.031543 7.294895 2.988512
v -1.081128 7.384287 3.063695
v -0.8814943 7.43988 2.988512
v -0.9691298 7.492503 3.063695
v -0.824037 7.640458 2.988512
v -0.9262456 7.642216 3.063695
v -1.732585 7.656065 2.914145
v -1.630082 7.654305 2.990723
v -1.579548 7.451868 2.990723
v -1.669201 7.402139 2.914145
v -1.434564 7.301814 2.990723
v -1.669201 7.402139 2.672995
v -1.732585 7.656065 2.672995
v -1.630082 7.654305 2.596418
v -1.579548 7.451868 2.596418
v -1.487343 7.213925 2.672995
v -1.434564 7.301814 2.596418
v -1.487343 7.213925 2.914145
v -1.233981 7.244359 2.990723
v -1.235743 7.141859 2.672995
v -1.233981 7.244359 2.596418
v -1.235743 7.141859 2.914145
v -1.031543 7.294893 2.990723
v -0.9818162 7.205242 2.672995
v -1.031543 7.294893 2.596418
v -0.9818162 7.205242 2.914145
v -0.8814949 7.439875 2.990723
v -0.7936028 7.387102 2.672995
v -0.8814949 7.439875 2.596418
v -0.7936028 7.387102 2.914145
v -0.824037 7.640458 2.990723
v -0.7215326 7.6387 2.914145
v -0.7215326 7.6387 2.672995
v -0.824037 7.640458 2.596418
v 1.339494 7.578156 2.914145
v 1.237277 7.586034 2.990723
v 1.198924 7.791133 2.990723
v 1.291388 7.835414 2.914145
v 1.063167 7.949577 2.990723
v 1.291388 7.835414 2.672995
v 1.339494 7.578156 2.672995
v 1.237277 7.586034 2.596418
v 1.198924 7.791133 2.596418
v 1.121101 8.034158 2.672995
v 1.063167 7.949577 2.596418
v 1.121101 8.034158 2.914145
v 0.8663713 8.018911 2.990723
v 0.874254 8.121127 2.672995
v 0.8663713 8.018911 2.596418
v 0.874254 8.121127 2.914145
v 0.6612796 7.98056 2.990723
v 0.6169947 8.073025 2.672995
v 0.6612796 7.98056 2.596418
v 0.6169947 8.073025 2.914145
v 0.502834 7.844802 2.990723
v 0.4182529 7.902738 2.672995
v 0.502834 7.844802 2.596418
v 0.4182529 7.902738 2.914145
v 0.433499 7.648009 2.990723
v 0.3312848 7.655891 2.914145
v 0.3312848 7.655891 2.672995
v 0.433499 7.648009 2.596418
v 1.339494 7.578156 2.672995
v 1.237277 7.586034 2.596418
v 1.167939 7.389242 2.596418
v 1.252522 7.331312 2.672995
v 1.009498 7.253482 2.596418
v 1.252522 7.331312 2.914145
v 1.339494 7.578156 2.914145
v 1.237277 7.586034 2.990723
v 1.167939 7.389242 2.990723
v 1.05378 7.161021 2.914145
v 1.009498 7.253482 2.990723
v 1.05378 7.161021 2.672995
v 0.8044024 7.215133 2.596418
v 0.7965201 7.112921 2.914145
v 0.8044024 7.215133 2.990723
v 0.7965201 7.112921 2.672995
v 0.6076097 7.284468 2.596418
v 0.5496743 7.199889 2.914145
v 0.6076097 7.284468 2.990723
v 0.5496743 7.199889 2.672995
v 0.4718488 7.442915 2.596418
v 0.3793855 7.398632 2.914145
v 0.4718488 7.442915 2.990723
v 0.3793855 7.398632 2.672995
v 0.433499 7.648009 2.596418
v 0.3312848 7.655891 2.672995
v 0.3312848 7.655891 2.914145
v 0.433499 7.648009 2.990723
v 1.198924 7.791133 2.988512
v 1.135356 7.593895 3.063695
v 1.237277 7.586034 2.988512
v 1.106734 7.746976 3.063695
v 1.063169 7.949576 2.988512
v 1.0054 7.865238 3.063695
v 0.8663729 8.01891 2.988512
v 0.8585178 7.91699 3.063695
v 0.6612796 7.98056 2.988512
v 0.7054347 7.888367 3.063695
v 0.5028373 7.844803 2.988512
v 0.5871697 7.787038 3.063695
v 0.5354197 7.640151 3.063695
v 0.4335003 7.648006 2.988512
v 0.3312848 7.655891 3.065089
v 0.4335003 7.648006 2.988512
v 0.5028373 7.844803 2.988512
v 0.418256 7.902738 3.065089
v 0.6612796 7.98056 2.988512
v 0.418256 7.902738 3.306239
v 0.3312848 7.655891 3.306239
v 0.4335003 7.648006 3.382816
v 0.5028373 7.844803 3.382816
v 0.6169947 8.073025 3.306239
v 0.6612796 7.98056 3.382816
v 0.6169947 8.073025 3.065089
v 0.8663729 8.01891 2.988512
v 0.8742561 8.121131 3.306239
v 0.8663729 8.01891 3.382816
v 0.8742561 8.121131 3.065089
v 1.063169 7.949576 2.988512
v 1.121101 8.034158 3.306239
v 1.063169 7.949576 3.382816
v 1.121101 8.034158 3.065089
v 1.198924 7.791133 2.988512
v 1.291391 7.835419 3.306239
v 1.198924 7.791133 3.382816
v 1.291391 7.835419 3.065089
v 1.237277 7.586034 2.988512
v 1.339496 7.578157 3.065089
v 1.339496 7.578157 3.306239
v 1.237277 7.586034 3.382816
v 1.237277 7.586034 3.382816
v 1.124929 7.594698 3.307633
v 1.097299 7.742459 3.307633
v 1.198924 7.791133 3.382816
v 0.9994893 7.856608 3.307633
v 1.063169 7.949576 3.382816
v 0.8577138 7.906562 3.307633
v 0.8663729 8.01891 3.382816
v 0.7099521 7.878935 3.307633
v 0.6612796 7.98056 3.382816
v 0.5958008 7.781126 3.307633
v 0.5028373 7.844803 3.382816
v 0.5458487 7.639346 3.307633
v 0.4335003 7.648006 3.382816
v 1.237277 7.586034 2.988512
v 1.135356 7.593895 3.063695
v 1.083605 7.447011 3.063695
v 1.16794 7.389247 2.988512
v 0.9653422 7.34568 3.063695
v 1.009497 7.253485 2.988512
v 0.8122579 7.317056 3.063695
v 0.8044024 7.215133 2.988512
v 0.6653751 7.368807 3.063695
v 0.6076092 7.284471 2.988512
v 0.5640445 7.487069 3.063695
v 0.4718508 7.442916 2.988512
v 0.5354197 7.640151 3.063695
v 0.4335003 7.648006 2.988512
v 1.16794 7.389247 3.382816
v 1.124929 7.594698 3.307633
v 1.237277 7.586034 3.382816
v 1.074973 7.45292 3.307633
v 1.009497 7.253485 3.382816
v 0.9608275 7.355114 3.307633
v 0.8044024 7.215133 3.382816
v 0.8130643 7.327485 3.307633
v 0.6076092 7.284471 3.382816
v 0.6712852 7.377437 3.307633
v 0.4718508 7.442916 3.382816
v 0.5734781 7.491588 3.307633
v 0.4335003 7.648006 3.382816
v 0.5458487 7.639346 3.307633
v 1.339496 7.578157 3.065089
v 1.237277 7.586034 2.988512
v 1.16794 7.389247 2.988512
v 1.252522 7.331312 3.065089
v 1.009497 7.253485 2.988512
v 1.252522 7.331312 3.306239
v 1.339496 7.578157 3.306239
v 1.237277 7.586034 3.382816
v 1.16794 7.389247 3.382816
v 1.05378 7.161021 3.306239
v 1.009497 7.253485 3.382816
v 1.05378 7.161021 3.065089
v 0.8044024 7.215133 2.988512
v 0.7965201 7.112921 3.306239
v 0.8044024 7.215133 3.382816
v 0.7965201 7.112921 3.065089
v 0.6076092 7.284471 2.988512
v 0.5496759 7.199889 3.306239
v 0.6076092 7.284471 3.382816
v 0.5496759 7.199889 3.065089
v 0.4718508 7.442916 2.988512
v 0.3793855 7.398632 3.306239
v 0.4718508 7.442916 3.382816
v 0.3793855 7.398632 3.065089
v 0.4335003 7.648006 2.988512
v 0.3312848 7.655891 3.065089
v 0.3312848 7.655891 3.306239
v 0.4335003 7.648006 3.382816
v 1.124929 7.594698 3.307633
v 1.135356 7.593895 3.063695
v 1.106734 7.746976 3.063695
v 1.097299 7.742459 3.307633
v 1.0054 7.865238 3.063695
v 0.9994893 7.856608 3.307633
v 0.8585178 7.91699 3.063695
v 0.8577138 7.906562 3.307633
v 0.7054347 7.888367 3.063695
v 0.7099521 7.878935 3.307633
v 0.5871697 7.787038 3.063695
v 0.5958008 7.781126 3.307633
v 0.5354197 7.640151 3.063695
v 0.5458487 7.639346 3.307633
v 1.074973 7.45292 3.307633
v 1.135356 7.593895 3.063695
v 1.124929 7.594698 3.307633
v 1.083605 7.447011 3.063695
v 0.9608275 7.355114 3.307633
v 0.9653422 7.34568 3.063695
v 0.8130643 7.327485 3.307633
v 0.8122579 7.317056 3.063695
v 0.6712852 7.377437 3.307633
v 0.6653751 7.368807 3.063695
v 0.5734781 7.491588 3.307633
v 0.5640445 7.487069 3.063695
v 0.5458487 7.639346 3.307633
v 0.5354197 7.640151 3.063695
v 0.3109322 7.514888 2.914145
v 0.2112873 7.539002 2.990723
v 0.206197 7.747589 2.990723
v 0.3045496 7.77653 2.914145
v 0.09749983 7.925689 2.990723
v 0.3045496 7.77653 2.672995
v 0.3109322 7.514888 2.672995
v 0.2112873 7.539002 2.596418
v 0.206197 7.747589 2.596418
v 0.1682055 7.999927 2.672995
v 0.09749983 7.925689 2.596418
v 0.1682055 7.999927 2.914145
v -0.08568755 8.025578 2.990723
v -0.0615738 8.125222 2.672995
v -0.08568755 8.025578 2.596418
v -0.0615738 8.125222 2.914145
v -0.2942739 8.02049 2.990723
v -0.3232163 8.118839 2.672995
v -0.2942739 8.02049 2.596418
v -0.3232163 8.118839 2.914145
v -0.472374 7.911787 2.990723
v -0.5466112 7.982493 2.672995
v -0.472374 7.911787 2.596418
v -0.5466112 7.982493 2.914145
v -0.5722605 7.728601 2.990723
v -0.6719103 7.752714 2.914145
v -0.6719103 7.752714 2.672995
v -0.5722605 7.728601 2.596418
v 0.3109322 7.514888 2.672995
v 0.2112873 7.539002 2.596418
v 0.1113966 7.355816 2.596418
v 0.1856379 7.285109 2.672995
v -0.0667012 7.247118 2.596418
v 0.1856379 7.285109 2.914145
v 0.3109322 7.514888 2.914145
v 0.2112873 7.539002 2.990723
v 0.1113966 7.355816 2.990723
v -0.03775746 7.148763 2.914145
v -0.0667012 7.247118 2.990723
v -0.03775746 7.148763 2.672995
v -0.2752877 7.242027 2.596418
v -0.2994024 7.142382 2.914145
v -0.2752877 7.242027 2.990723
v -0.2994024 7.142382 2.672995
v -0.4584738 7.341918 2.596418
v -0.5291799 7.267675 2.914145
v -0.4584738 7.341918 2.990723
v -0.5291799 7.267675 2.672995
v -0.5671729 7.520013 2.596418
v -0.6655253 7.491074 2.914145
v -0.5671729 7.520013 2.990723
v -0.6655253 7.491074 2.672995
v -0.5722605 7.728601 2.596418
v -0.6719103 7.752714 2.672995
v -0.6719103 7.752714 2.914145
v -0.5722605 7.728601 2.990723
v 0.2061998 7.74759 2.988512
v 0.1119327 7.563041 3.063695
v 0.2112875 7.539004 2.988512
v 0.1081356 7.718732 3.063695
v 0.09750183 7.925689 2.988512
v 0.02700412 7.851667 3.063695
v -0.08568755 8.025578 2.988512
v -0.1097274 7.926225 3.063695
v -0.2942739 8.02049 2.988512
v -0.2654181 7.922424 3.063695
v -0.472374 7.911787 2.988512
v -0.3983487 7.841293 3.063695
v -0.4729073 7.704561 3.063695
v -0.5722599 7.728604 2.988512
v -0.6719035 7.752717 3.065089
v -0.5722599 7.728604 2.988512
v -0.472374 7.911787 2.988512
v -0.5466094 7.982498 3.065089
v -0.2942739 8.02049 2.988512
v -0.5466094 7.982498 3.306239
v -0.6719035 7.752717 3.306239
v -0.5722599 7.728604 3.382816
v -0.472374 7.911787 3.382816
v -0.3232135 8.118838 3.306239
v -0.2942739 8.02049 3.382816
v -0.3232135 8.118838 3.065089
v -0.08568755 8.025578 2.988512
v -0.0615738 8.125222 3.306239
v -0.08568755 8.025578 3.382816
v -0.0615738 8.125222 3.065089
v 0.09750183 7.925689 2.988512
v 0.1682055 7.999927 3.306239
v 0.09750183 7.925689 3.382816
v 0.1682055 7.999927 3.065089
v 0.2061998 7.74759 2.988512
v 0.3045519 7.776526 3.306239
v 0.2061998 7.74759 3.382816
v 0.3045519 7.776526 3.065089
v 0.2112875 7.539004 2.988512
v 0.310935 7.514888 3.065089
v 0.310935 7.514888 3.306239
v 0.2112875 7.539004 3.382816
v 0.2112875 7.539004 3.382816
v 0.1017663 7.565502 3.307633
v 0.09810317 7.715781 3.307633
v 0.2061998 7.74759 3.382816
v 0.01978976 7.844092 3.307633
v 0.09750183 7.925689 3.382816
v -0.1121849 7.916058 3.307633
v -0.08568755 8.025578 3.382816
v -0.2624629 7.912392 3.307633
v -0.2942739 8.02049 3.382816
v -0.3907739 7.834078 3.307633
v -0.472374 7.911787 3.382816
v -0.4627394 7.7021 3.307633
v -0.5722599 7.728604 3.382816
v 0.2112875 7.539004 2.988512
v 0.1119327 7.563041 3.063695
v 0.03737482 7.426316 3.063695
v 0.1113966 7.355816 2.988512
v -0.09555689 7.34518 3.063695
v -0.06669977 7.247117 2.988512
v -0.251248 7.341383 3.063695
v -0.2752862 7.242028 2.988512
v -0.3879761 7.41594 3.063695
v -0.4584734 7.34192 2.988512
v -0.4691102 7.548876 3.063695
v -0.5671736 7.520018 2.988512
v -0.4729073 7.704561 3.063695
v -0.5722599 7.728604 2.988512
v 0.1113966 7.355816 3.382816
v 0.1017663 7.565502 3.307633
v 0.2112875 7.539004 3.382816
v 0.0297991 7.433527 3.307633
v -0.06669977 7.247117 3.382816
v -0.09850892 7.355214 3.307633
v -0.2752862 7.242028 3.382816
v -0.2487852 7.351548 3.307633
v -0.4584734 7.34192 3.382816
v -0.3807639 7.423512 3.307633
v -0.5671736 7.520018 3.382816
v -0.4590742 7.551826 3.307633
v -0.5722599 7.728604 3.382816
v -0.4627394 7.7021 3.307633
v 0.310935 7.514888 3.065089
v 0.2112875 7.539004 2.988512
v 0.1113966 7.355816 2.988512
v 0.1856387 7.285112 3.065089
v -0.06669977 7.247117 2.988512
v 0.1856387 7.285112 3.306239
v 0.310935 7.514888 3.306239
v 0.2112875 7.539004 3.382816
v 0.1113966 7.355816 3.382816
v -0.03775746 7.148763 3.306239
v -0.06669977 7.247117 3.382816
v -0.03775746 7.148763 3.065089
v -0.2752862 7.242028 2.988512
v -0.2994024 7.142382 3.306239
v -0.2752862 7.242028 3.382816
v -0.2994024 7.142382 3.065089
v -0.4584734 7.34192 2.988512
v -0.5291778 7.267679 3.306239
v -0.4584734 7.34192 3.382816
v -0.5291778 7.267679 3.065089
v -0.5671736 7.520018 2.988512
v -0.6655247 7.491076 3.306239
v -0.5671736 7.520018 3.382816
v -0.6655247 7.491076 3.065089
v -0.5722599 7.728604 2.988512
v -0.6719035 7.752717 3.065089
v -0.6719035 7.752717 3.306239
v -0.5722599 7.728604 3.382816
v 0.1017663 7.565502 3.307633
v 0.1119327 7.563041 3.063695
v 0.1081356 7.718732 3.063695
v 0.09810317 7.715781 3.307633
v 0.02700412 7.851667 3.063695
v 0.01978976 7.844092 3.307633
v -0.1097274 7.926225 3.063695
v -0.1121849 7.916058 3.307633
v -0.2654181 7.922424 3.063695
v -0.2624629 7.912392 3.307633
v -0.3983487 7.841293 3.063695
v -0.3907739 7.834078 3.307633
v -0.4729073 7.704561 3.063695
v -0.4627394 7.7021 3.307633
v 0.0297991 7.433527 3.307633
v 0.1119327 7.563041 3.063695
v 0.1017663 7.565502 3.307633
v 0.03737482 7.426316 3.063695
v -0.09850892 7.355214 3.307633
v -0.09555689 7.34518 3.063695
v -0.2487852 7.351548 3.307633
v -0.251248 7.341383 3.063695
v -0.3807639 7.423512 3.307633
v -0.3879761 7.41594 3.063695
v -0.4590742 7.551826 3.307633
v -0.4691102 7.548876 3.063695
v -0.4627394 7.7021 3.307633
v -0.4729073 7.704561 3.063695
v 10.44902 -1.388309 3.086403
v 9.937963 -1.449331 3.219058
v 10.24787 -1.583395 3.086418
v 10.58386 -1.72872 3.009371
v 10.32466 -1.074368 3.219
v 9.729204 -1.358657 3.613224
v 10.72919 -1.392621 3.086276
v 10.24102 -0.8622769 3.613097
v 9.825491 -1.397818 4.691197
v 10.92425 -1.593756 3.086082
v 10.91997 -1.873923 3.085956
v 10.86321 -1.082627 3.218695
v 11.23818 -1.469261 3.218321
v 11.22994 -2.0078 3.218079
v 10.28037 -0.9575356 4.691796
v 10.02946 -1.4777 5.638112
v 10.95391 -0.8732127 3.61264
v 11.44996 -1.385143 3.612213
v 11.43937 -2.097909 3.611824
v 10.36638 -1.152432 5.637837
v 10.20977 -1.552261 6.361368
v 10.91411 -0.9671067 4.690648
v 11.35556 -1.422098 4.689953
v 11.34573 -2.05598 4.689922
v 10.44079 -1.32936 6.359966
v 10.36168 -1.619445 6.839253
v 10.83701 -1.159429 5.636645
v 11.16483 -1.49739 5.635742
v 11.15759 -1.968166 5.636106
v 10.50241 -1.483114 6.838376
v 10.4847 -1.673546 7.132457
v 10.76414 -1.334302 6.358981
v 10.98932 -1.566481 6.358421
v 10.98437 -1.889891 6.35861
v 10.55185 -1.608365 7.132505
v 10.59676 -1.721776 7.279227
v 10.6989 -1.486131 6.838093
v 10.83574 -1.627226 6.837884
v 10.83273 -1.823753 6.837868
v 10.64525 -1.609794 7.132452
v 10.71029 -1.676852 7.132386
v 10.70886 -1.770254 7.132344
v 10.71884 -2.069013 3.085951
v 11.22994 -2.0078 3.218079
v 10.91997 -1.873923 3.085956
v 10.58386 -1.72872 3.009371
v 10.84331 -2.382802 3.21813
v 11.43937 -2.097909 3.611824
v 10.43867 -2.064732 3.086098
v 10.92758 -2.594305 3.611944
v 11.34573 -2.05598 4.689922
v 10.24358 -1.863582 3.086292
v 10.24787 -1.583395 3.086418
v 10.30474 -2.374616 3.218442
v 9.929716 -1.98794 3.218826
v 9.937963 -1.449331 3.219058
v 10.89066 -2.497156 4.69077
v 11.15759 -1.968166 5.636106
v 10.21469 -2.583408 3.612408
v 9.718292 -2.071583 3.612943
v 9.729204 -1.358657 3.613224
v 10.81957 -2.295711 5.637076
v 10.98437 -1.889891 6.35861
v 10.25767 -2.488106 4.690471
v 9.816923 -2.032015 4.695109
v 9.825491 -1.397818 4.691197
v 10.75223 -2.115028 6.359441
v 10.83273 -1.823753 6.837868
v 10.35131 -2.289628 5.637572
v 10.01677 -1.952464 5.67991
v 10.02946 -1.4777 5.638112
v 10.69167 -1.960583 6.838057
v 10.70886 -1.770254 7.132344
v 10.43123 -2.110948 6.360996
v 10.18861 -1.883896 6.336507
v 10.20977 -1.552261 6.361368
v 10.6418 -1.835286 7.132353
v 10.59676 -1.721776 7.279227
v 10.49576 -1.957696 6.839028
v 10.3525 -1.818797 6.813292
v 10.36168 -1.619445 6.839253
v 10.54823 -1.833813 7.132351
v 10.48323 -1.766857 7.132186
v 10.4847 -1.673546 7.132457
vt 0.8217773 0.8476563
vt 0.8212891 0.8500977
vt 0.8193359 0.8510742
vt 0.8193359 0.8510742
vt 0.8188477 0.8544922
vt 0.8134766 0.8764648
vt 0.8120117 0.8642578
vt 0.8115234 0.8676758
vt 0.809082 0.8745117
vt 0.8115234 0.8676758
vt 0.809082 0.8706055
vt 0.809082 0.8745117
vt 0.5693359 0.8730469
vt 0.5776367 0.8608398
vt 0.5786133 0.859375
vt 0.5737305 0.8691406
vt 0.574707 0.8662109
vt 0.5766602 0.8632813
vt 0.6235352 0.8652344
vt 0.6269531 0.8686523
vt 0.6313477 0.8730469
vt 0.6030273 0.8496094
vt 0.6064453 0.8500977
vt 0.6083984 0.8505859
vt 0.1560059 0.6254883
vt 0.1560059 0.7133789
vt 0.1506348 0.7133789
vt 0.1507568 0.6254883
vt 0.1401367 0.7133789
vt 0.1401367 0.6254883
vt 0.1304932 0.7133789
vt 0.1304932 0.6254883
vt 0.1273193 0.7133789
vt 0.1274414 0.6254883
vt 0.1274414 0.6254883
vt 0.1273193 0.7133789
vt 0.1326904 0.7133789
vt 0.1326904 0.6254883
vt 0.1433105 0.7133789
vt 0.1433105 0.6254883
vt 0.1529541 0.7133789
vt 0.1529541 0.6254883
vt 0.1560059 0.7133789
vt 0.1560059 0.6254883
vt 0.3723145 0.84375
vt 0.3723145 0.9140625
vt 0.3674316 0.9140625
vt 0.3674316 0.84375
vt 0.3581543 0.9140625
vt 0.3583984 0.84375
vt 0.3503418 0.9140625
vt 0.3503418 0.84375
vt 0.3483887 0.9140625
vt 0.3483887 0.84375
vt 0.3483887 0.84375
vt 0.3483887 0.9140625
vt 0.3532715 0.9140625
vt 0.3532715 0.84375
vt 0.3623047 0.9140625
vt 0.3623047 0.84375
vt 0.3701172 0.9140625
vt 0.3701172 0.84375
vt 0.3723145 0.9140625
vt 0.3723145 0.84375
vt 0.2232666 0.8144531
vt 0.2182617 0.8178711
vt 0.2144775 0.8178711
vt 0.2186279 0.8144531
vt 0.2064209 0.8178711
vt 0.2186279 0.765625
vt 0.2232666 0.765625
vt 0.2182617 0.7617188
vt 0.2144775 0.7617188
vt 0.2084961 0.765625
vt 0.2064209 0.7617188
vt 0.2084961 0.8144531
vt 0.196167 0.8178711
vt 0.1955566 0.765625
vt 0.196167 0.7617188
vt 0.1955566 0.8144531
vt 0.1864014 0.8178711
vt 0.1833496 0.765625
vt 0.1864014 0.7617188
vt 0.1833496 0.8144531
vt 0.1798096 0.8178711
vt 0.1751709 0.765625
vt 0.1798096 0.7617188
vt 0.1751709 0.8144531
vt 0.1781006 0.8178711
vt 0.1730957 0.8144531
vt 0.1730957 0.765625
vt 0.1781006 0.7617188
vt 0.2232666 0.765625
vt 0.2182617 0.7617188
vt 0.2165527 0.7617188
vt 0.2211914 0.765625
vt 0.2099609 0.7617188
vt 0.2211914 0.8144531
vt 0.2232666 0.8144531
vt 0.2182617 0.8178711
vt 0.2165527 0.8178711
vt 0.2130127 0.8144531
vt 0.2099609 0.8178711
vt 0.2130127 0.765625
vt 0.2001953 0.7617188
vt 0.2008057 0.8144531
vt 0.2001953 0.8178711
vt 0.2008057 0.765625
vt 0.1899414 0.7617188
vt 0.1878662 0.8144531
vt 0.1899414 0.8178711
vt 0.1878662 0.765625
vt 0.1818848 0.7617188
vt 0.1777344 0.8144531
vt 0.1818848 0.8178711
vt 0.1777344 0.765625
vt 0.1781006 0.7617188
vt 0.1730957 0.765625
vt 0.1730957 0.8144531
vt 0.1781006 0.8178711
vt 0.1442871 0.7617188
vt 0.142334 0.7670898
vt 0.1494141 0.7617188
vt 0.1384277 0.7670898
vt 0.1328125 0.7617188
vt 0.1298828 0.7670898
vt 0.1182861 0.7617188
vt 0.1190186 0.7670898
vt 0.1045532 0.7617188
vt 0.1087646 0.7670898
vt 0.09527588 0.7617188
vt 0.1018677 0.7670898
vt 0.1000977 0.7670898
vt 0.09289551 0.7617188
vt 0.08575439 0.7670898
vt 0.09289551 0.7617188
vt 0.09527588 0.7617188
vt 0.08868408 0.7670898
vt 0.1045532 0.7617188
vt 0.08868408 0.809082
vt 0.08575439 0.809082
vt 0.09289551 0.8144531
vt 0.09527588 0.8144531
vt 0.1003418 0.809082
vt 0.1045532 0.8144531
vt 0.1003418 0.7670898
vt 0.1182861 0.7617188
vt 0.1175537 0.809082
vt 0.1182861 0.8144531
vt 0.1175537 0.7670898
vt 0.1328125 0.7617188
vt 0.1357422 0.809082
vt 0.1328125 0.8144531
vt 0.1357422 0.7670898
vt 0.1442871 0.7617188
vt 0.1501465 0.809082
vt 0.1442871 0.8144531
vt 0.1501465 0.7670898
vt 0.1494141 0.7617188
vt 0.1566162 0.7670898
vt 0.1566162 0.809082
vt 0.1494141 0.8144531
vt 0.1494141 0.8144531
vt 0.1416016 0.809082
vt 0.1378174 0.809082
vt 0.1442871 0.8144531
vt 0.1296387 0.809082
vt 0.1328125 0.8144531
vt 0.1191406 0.809082
vt 0.1182861 0.8144531
vt 0.1091919 0.809082
vt 0.1045532 0.8144531
vt 0.1025391 0.809082
vt 0.09527588 0.8144531
vt 0.1008301 0.809082
vt 0.09289551 0.8144531
vt 0.1494141 0.7617188
vt 0.142334 0.7670898
vt 0.1405029 0.7670898
vt 0.1470947 0.7617188
vt 0.133667 0.7670898
vt 0.1378174 0.7617188
vt 0.1233521 0.7670898
vt 0.1240845 0.7617188
vt 0.1124878 0.7670898
vt 0.1095581 0.7617188
vt 0.1040039 0.7670898
vt 0.09814453 0.7617188
vt 0.1000977 0.7670898
vt 0.09289551 0.7617188
vt 0.1470947 0.8144531
vt 0.1416016 0.809082
vt 0.1494141 0.8144531
vt 0.1398926 0.809082
vt 0.1378174 0.8144531
vt 0.1331787 0.809082
vt 0.1240845 0.8144531
vt 0.123291 0.809082
vt 0.1095581 0.8144531
vt 0.112793 0.809082
vt 0.09814453 0.8144531
vt 0.1046143 0.809082
vt 0.09289551 0.8144531
vt 0.1008301 0.809082
vt 0.1566162 0.7670898
vt 0.1494141 0.7617188
vt 0.1470947 0.7617188
vt 0.1536865 0.7670898
vt 0.1378174 0.7617188
vt 0.1536865 0.809082
vt 0.1566162 0.809082
vt 0.1494141 0.8144531
vt 0.1470947 0.8144531
vt 0.1420898 0.809082
vt 0.1378174 0.8144531
vt 0.1420898 0.7670898
vt 0.1240845 0.7617188
vt 0.1248169 0.809082
vt 0.1240845 0.8144531
vt 0.1248169 0.7670898
vt 0.1095581 0.7617188
vt 0.1066284 0.809082
vt 0.1095581 0.8144531
vt 0.1066284 0.7670898
vt 0.09814453 0.7617188
vt 0.09228516 0.809082
vt 0.09814453 0.8144531
vt 0.09228516 0.7670898
vt 0.09289551 0.7617188
vt 0.08575439 0.7670898
vt 0.08575439 0.809082
vt 0.09289551 0.8144531
vt 0.1416016 0.762207
vt 0.142334 0.762207
vt 0.1384277 0.762207
vt 0.1378174 0.762207
vt 0.1298828 0.762207
vt 0.1296387 0.762207
vt 0.1190186 0.762207
vt 0.1191406 0.762207
vt 0.1087646 0.762207
vt 0.1091919 0.762207
vt 0.1018677 0.762207
vt 0.1025391 0.762207
vt 0.1000977 0.762207
vt 0.1008301 0.762207
vt 0.1398926 0.762207
vt 0.142334 0.762207
vt 0.1416016 0.762207
vt 0.1405029 0.762207
vt 0.1331787 0.762207
vt 0.133667 0.762207
vt 0.123291 0.762207
vt 0.1233521 0.762207
vt 0.112793 0.762207
vt 0.1124878 0.762207
vt 0.1046143 0.762207
vt 0.1040039 0.762207
vt 0.1008301 0.762207
vt 0.1000977 0.762207
vt 0.2338867 0.8100586
vt 0.227417 0.8149414
vt 0.2248535 0.8149414
vt 0.2305908 0.8100586
vt 0.2161865 0.8149414
vt 0.2305908 0.7675781
vt 0.2338867 0.7675781
vt 0.227417 0.7626953
vt 0.2248535 0.7626953
vt 0.2197266 0.7675781
vt 0.2161865 0.7626953
vt 0.2197266 0.8100586
vt 0.2038574 0.8149414
vt 0.2042236 0.7675781
vt 0.2038574 0.7626953
vt 0.2042236 0.8100586
vt 0.19104 0.8149414
vt 0.1882324 0.7675781
vt 0.19104 0.7626953
vt 0.1882324 0.8100586
vt 0.1813965 0.8149414
vt 0.1760254 0.7675781
vt 0.1813965 0.7626953
vt 0.1760254 0.8100586
vt 0.1772461 0.8149414
vt 0.1708984 0.8100586
vt 0.1708984 0.7675781
vt 0.1772461 0.7626953
vt 0.2338867 0.7675781
vt 0.227417 0.7626953
vt 0.2233887 0.7626953
vt 0.2286377 0.7675781
vt 0.213623 0.7626953
vt 0.2286377 0.8100586
vt 0.2338867 0.8100586
vt 0.227417 0.8149414
vt 0.2233887 0.8149414
vt 0.2165527 0.8100586
vt 0.213623 0.8149414
vt 0.2165527 0.7675781
vt 0.2009277 0.7626953
vt 0.2005615 0.8100586
vt 0.2009277 0.8149414
vt 0.2005615 0.7675781
vt 0.1884766 0.7626953
vt 0.1850586 0.8100586
vt 0.1884766 0.8149414
vt 0.1850586 0.7675781
vt 0.1799316 0.7626953
vt 0.1741943 0.8100586
vt 0.1799316 0.8149414
vt 0.1741943 0.7675781
vt 0.1772461 0.7626953
vt 0.1708984 0.7675781
vt 0.1708984 0.8100586
vt 0.1772461 0.8149414
vt 0.1708984 0.7675781
vt 0.1772461 0.7626953
vt 0.1813965 0.7626953
vt 0.1760254 0.7675781
vt 0.19104 0.7626953
vt 0.1760254 0.8100586
vt 0.1708984 0.8100586
vt 0.1772461 0.8149414
vt 0.1813965 0.8149414
vt 0.1882324 0.8100586
vt 0.19104 0.8149414
vt 0.1882324 0.7675781
vt 0.2038574 0.7626953
vt 0.2042236 0.8100586
vt 0.2038574 0.8149414
vt 0.2042236 0.7675781
vt 0.2161865 0.7626953
vt 0.2197266 0.8100586
vt 0.2161865 0.8149414
vt 0.2197266 0.7675781
vt 0.2248535 0.7626953
vt 0.2305908 0.8100586
vt 0.2248535 0.8149414
vt 0.2305908 0.7675781
vt 0.227417 0.7626953
vt 0.2338867 0.7675781
vt 0.2338867 0.8100586
vt 0.227417 0.8149414
vt 0.02613831 0.7631836
vt 0.02330017 0.7631836
vt 0.02381897 0.7631836
vt 0.02571106 0.7631836
vt 0.03164673 0.7631836
vt 0.03140259 0.7631836
vt 0.03884888 0.7631836
vt 0.03887939 0.7631836
vt 0.0458374 0.7631836
vt 0.04611206 0.7631836
vt 0.05072021 0.7631836
vt 0.05117798 0.7631836
vt 0.05221558 0.7631836
vt 0.05273438 0.7631836
vt 0.02381897 0.7631836
vt 0.02330017 0.7631836
vt 0.02484131 0.7631836
vt 0.02529907 0.7631836
vt 0.02990723 0.7631836
vt 0.03019714 0.7631836
vt 0.03717041 0.7631836
vt 0.03717041 0.7631836
vt 0.0446167 0.7631836
vt 0.04440308 0.7631836
vt 0.05032349 0.7631836
vt 0.04989624 0.7631836
vt 0.05273438 0.7631836
vt 0.05221558 0.7631836
vt 0.01329041 0.8134766
vt 0.01831055 0.8173828
vt 0.02037048 0.8173828
vt 0.0158844 0.8134766
vt 0.02716064 0.8173828
vt 0.0158844 0.7680664
vt 0.01329041 0.7680664
vt 0.01831055 0.7641602
vt 0.02037048 0.7641602
vt 0.0243988 0.7680664
vt 0.02716064 0.7641602
vt 0.0243988 0.8134766
vt 0.03686523 0.8173828
vt 0.03656006 0.7680664
vt 0.03686523 0.7641602
vt 0.03656006 0.8134766
vt 0.046875 0.8173828
vt 0.0491333 0.7680664
vt 0.046875 0.7641602
vt 0.0491333 0.8134766
vt 0.05450439 0.8173828
vt 0.05871582 0.7680664
vt 0.05450439 0.7641602
vt 0.05871582 0.8134766
vt 0.05773926 0.8173828
vt 0.06274414 0.8134766
vt 0.06274414 0.7680664
vt 0.05773926 0.7641602
vt 0.06274414 0.8134766
vt 0.05773926 0.8173828
vt 0.05566406 0.8173828
vt 0.06015015 0.8134766
vt 0.04885864 0.8173828
vt 0.06015015 0.7680664
vt 0.06274414 0.7680664
vt 0.05773926 0.7641602
vt 0.05566406 0.7641602
vt 0.05163574 0.7680664
vt 0.04885864 0.7641602
vt 0.05163574 0.8134766
vt 0.03918457 0.8173828
vt 0.03945923 0.7680664
vt 0.03918457 0.7641602
vt 0.03945923 0.8134766
vt 0.02915955 0.8173828
vt 0.02690125 0.7680664
vt 0.02915955 0.7641602
vt 0.02690125 0.8134766
vt 0.02153015 0.8173828
vt 0.01733398 0.7680664
vt 0.02153015 0.7641602
vt 0.01733398 0.8134766
vt 0.01831055 0.8173828
vt 0.01329041 0.8134766
vt 0.01329041 0.7680664
vt 0.01831055 0.7641602
vt 0.02153015 0.8173828
vt 0.02381897 0.8134766
vt 0.01831055 0.8173828
vt 0.02613831 0.8134766
vt 0.02915955 0.8173828
vt 0.03164673 0.8134766
vt 0.03918457 0.8173828
vt 0.03884888 0.8134766
vt 0.04885864 0.8173828
vt 0.0458374 0.8134766
vt 0.05566406 0.8173828
vt 0.05072021 0.8134766
vt 0.05773926 0.8173828
vt 0.05221558 0.8134766
vt 0.02153015 0.7641602
vt 0.01831055 0.7641602
vt 0.02330017 0.7680664
vt 0.02571106 0.7680664
vt 0.03140259 0.7680664
vt 0.02915955 0.7641602
vt 0.03887939 0.7680664
vt 0.03918457 0.7641602
vt 0.04611206 0.7680664
vt 0.04885864 0.7641602
vt 0.05117798 0.7680664
vt 0.05566406 0.7641602
vt 0.05273438 0.7680664
vt 0.05773926 0.7641602
vt 0.01831055 0.8173828
vt 0.02381897 0.8134766
vt 0.02529907 0.8134766
vt 0.02037048 0.8173828
vt 0.03019714 0.8134766
vt 0.02716064 0.8173828
vt 0.03717041 0.8134766
vt 0.03686523 0.8173828
vt 0.04440308 0.8134766
vt 0.046875 0.8173828
vt 0.04989624 0.8134766
vt 0.05450439 0.8173828
vt 0.05221558 0.8134766
vt 0.05773926 0.8173828
vt 0.02037048 0.7641602
vt 0.02330017 0.7680664
vt 0.01831055 0.7641602
vt 0.02484131 0.7680664
vt 0.02716064 0.7641602
vt 0.02990723 0.7680664
vt 0.03686523 0.7641602
vt 0.03717041 0.7680664
vt 0.046875 0.7641602
vt 0.0446167 0.7680664
vt 0.05450439 0.7641602
vt 0.05032349 0.7680664
vt 0.05773926 0.7641602
vt 0.05273438 0.7680664
vt 0.1708984 0.8100586
vt 0.1772461 0.8149414
vt 0.1799316 0.8149414
vt 0.1741943 0.8100586
vt 0.1884766 0.8149414
vt 0.1741943 0.7675781
vt 0.1708984 0.7675781
vt 0.1772461 0.7626953
vt 0.1799316 0.7626953
vt 0.1850586 0.7675781
vt 0.1884766 0.7626953
vt 0.1850586 0.8100586
vt 0.2009277 0.8149414
vt 0.2005615 0.7675781
vt 0.2009277 0.7626953
vt 0.2005615 0.8100586
vt 0.213623 0.8149414
vt 0.2165527 0.7675781
vt 0.213623 0.7626953
vt 0.2165527 0.8100586
vt 0.2233887 0.8149414
vt 0.2286377 0.7675781
vt 0.2233887 0.7626953
vt 0.2286377 0.8100586
vt 0.227417 0.8149414
vt 0.2338867 0.8100586
vt 0.2338867 0.7675781
vt 0.227417 0.7626953
vt 0.05566406 0.7641602
vt 0.05273438 0.7680664
vt 0.05773926 0.7641602
vt 0.05117798 0.7680664
vt 0.04885864 0.7641602
vt 0.04611206 0.7680664
vt 0.03918457 0.7641602
vt 0.03887939 0.7680664
vt 0.02915955 0.7641602
vt 0.03140259 0.7680664
vt 0.02153015 0.7641602
vt 0.02571106 0.7680664
vt 0.02330017 0.7680664
vt 0.01831055 0.7641602
vt 0.01329041 0.7680664
vt 0.01831055 0.7641602
vt 0.02153015 0.7641602
vt 0.01733398 0.7680664
vt 0.02915955 0.7641602
vt 0.01733398 0.8134766
vt 0.01329041 0.8134766
vt 0.01831055 0.8173828
vt 0.02153015 0.8173828
vt 0.02690125 0.8134766
vt 0.02915955 0.8173828
vt 0.02690125 0.7680664
vt 0.03918457 0.7641602
vt 0.03945923 0.8134766
vt 0.03918457 0.8173828
vt 0.03945923 0.7680664
vt 0.04885864 0.7641602
vt 0.05163574 0.8134766
vt 0.04885864 0.8173828
vt 0.05163574 0.7680664
vt 0.05566406 0.7641602
vt 0.06015015 0.8134766
vt 0.05566406 0.8173828
vt 0.06015015 0.7680664
vt 0.05773926 0.7641602
vt 0.06274414 0.7680664
vt 0.06274414 0.8134766
vt 0.05773926 0.8173828
vt 0.05773926 0.8173828
vt 0.05221558 0.8134766
vt 0.05072021 0.8134766
vt 0.05566406 0.8173828
vt 0.0458374 0.8134766
vt 0.04885864 0.8173828
vt 0.03884888 0.8134766
vt 0.03918457 0.8173828
vt 0.03164673 0.8134766
vt 0.02915955 0.8173828
vt 0.02613831 0.8134766
vt 0.02153015 0.8173828
vt 0.02381897 0.8134766
vt 0.01831055 0.8173828
vt 0.05773926 0.7641602
vt 0.05273438 0.7680664
vt 0.05032349 0.7680664
vt 0.05450439 0.7641602
vt 0.0446167 0.7680664
vt 0.046875 0.7641602
vt 0.03717041 0.7680664
vt 0.03686523 0.7641602
vt 0.02990723 0.7680664
vt 0.02716064 0.7641602
vt 0.02484131 0.7680664
vt 0.02037048 0.7641602
vt 0.02330017 0.7680664
vt 0.01831055 0.7641602
vt 0.05450439 0.8173828
vt 0.05221558 0.8134766
vt 0.05773926 0.8173828
vt 0.04989624 0.8134766
vt 0.046875 0.8173828
vt 0.04440308 0.8134766
vt 0.03686523 0.8173828
vt 0.03717041 0.8134766
vt 0.02716064 0.8173828
vt 0.03019714 0.8134766
vt 0.02037048 0.8173828
vt 0.02529907 0.8134766
vt 0.01831055 0.8173828
vt 0.02381897 0.8134766
vt 0.06274414 0.7680664
vt 0.05773926 0.7641602
vt 0.05450439 0.7641602
vt 0.05871582 0.7680664
vt 0.046875 0.7641602
vt 0.05871582 0.8134766
vt 0.06274414 0.8134766
vt 0.05773926 0.8173828
vt 0.05450439 0.8173828
vt 0.0491333 0.8134766
vt 0.046875 0.8173828
vt 0.0491333 0.7680664
vt 0.03686523 0.7641602
vt 0.03656006 0.8134766
vt 0.03686523 0.8173828
vt 0.03656006 0.7680664
vt 0.02716064 0.7641602
vt 0.0243988 0.8134766
vt 0.02716064 0.8173828
vt 0.0243988 0.7680664
vt 0.02037048 0.7641602
vt 0.0158844 0.8134766
vt 0.02037048 0.8173828
vt 0.0158844 0.7680664
vt 0.01831055 0.7641602
vt 0.01329041 0.7680664
vt 0.01329041 0.8134766
vt 0.01831055 0.8173828
vt 0.05221558 0.7631836
vt 0.05273438 0.7631836
vt 0.05117798 0.7631836
vt 0.05072021 0.7631836
vt 0.04611206 0.7631836
vt 0.0458374 0.7631836
vt 0.03887939 0.7631836
vt 0.03884888 0.7631836
vt 0.03140259 0.7631836
vt 0.03164673 0.7631836
vt 0.02571106 0.7631836
vt 0.02613831 0.7631836
vt 0.02330017 0.7631836
vt 0.02381897 0.7631836
vt 0.04989624 0.7631836
vt 0.05273438 0.7631836
vt 0.05221558 0.7631836
vt 0.05032349 0.7631836
vt 0.04440308 0.7631836
vt 0.0446167 0.7631836
vt 0.03717041 0.7631836
vt 0.03717041 0.7631836
vt 0.03019714 0.7631836
vt 0.02990723 0.7631836
vt 0.02529907 0.7631836
vt 0.02484131 0.7631836
vt 0.02381897 0.7631836
vt 0.02330017 0.7631836
vt 0.2232666 0.8144531
vt 0.2182617 0.8178711
vt 0.2144775 0.8178711
vt 0.2186279 0.8144531
vt 0.2064209 0.8178711
vt 0.2186279 0.765625
vt 0.2232666 0.765625
vt 0.2182617 0.7617188
vt 0.2144775 0.7617188
vt 0.2084961 0.765625
vt 0.2064209 0.7617188
vt 0.2084961 0.8144531
vt 0.196167 0.8178711
vt 0.1955566 0.765625
vt 0.196167 0.7617188
vt 0.1955566 0.8144531
vt 0.1864014 0.8178711
vt 0.1833496 0.765625
vt 0.1864014 0.7617188
vt 0.1833496 0.8144531
vt 0.1798096 0.8178711
vt 0.1751709 0.765625
vt 0.1798096 0.7617188
vt 0.1751709 0.8144531
vt 0.1781006 0.8178711
vt 0.1730957 0.8144531
vt 0.1730957 0.765625
vt 0.1781006 0.7617188
vt 0.2232666 0.765625
vt 0.2182617 0.7617188
vt 0.2165527 0.7617188
vt 0.2211914 0.765625
vt 0.2099609 0.7617188
vt 0.2211914 0.8144531
vt 0.2232666 0.8144531
vt 0.2182617 0.8178711
vt 0.2165527 0.8178711
vt 0.2130127 0.8144531
vt 0.2099609 0.8178711
vt 0.2130127 0.765625
vt 0.2001953 0.7617188
vt 0.2008057 0.8144531
vt 0.2001953 0.8178711
vt 0.2008057 0.765625
vt 0.1899414 0.7617188
vt 0.1878662 0.8144531
vt 0.1899414 0.8178711
vt 0.1878662 0.765625
vt 0.1818848 0.7617188
vt 0.1777344 0.8144531
vt 0.1818848 0.8178711
vt 0.1777344 0.765625
vt 0.1781006 0.7617188
vt 0.1730957 0.765625
vt 0.1730957 0.8144531
vt 0.1781006 0.8178711
vt 0.1442871 0.7617188
vt 0.142334 0.7670898
vt 0.1494141 0.7617188
vt 0.1384277 0.7670898
vt 0.1328125 0.7617188
vt 0.1298828 0.7670898
vt 0.1182861 0.7617188
vt 0.1190186 0.7670898
vt 0.1045532 0.7617188
vt 0.1087646 0.7670898
vt 0.09527588 0.7617188
vt 0.1018677 0.7670898
vt 0.1000977 0.7670898
vt 0.09289551 0.7617188
vt 0.08575439 0.7670898
vt 0.09289551 0.7617188
vt 0.09527588 0.7617188
vt 0.08868408 0.7670898
vt 0.1045532 0.7617188
vt 0.08868408 0.809082
vt 0.08575439 0.809082
vt 0.09289551 0.8144531
vt 0.09527588 0.8144531
vt 0.1003418 0.809082
vt 0.1045532 0.8144531
vt 0.1003418 0.7670898
vt 0.1182861 0.7617188
vt 0.1175537 0.809082
vt 0.1182861 0.8144531
vt 0.1175537 0.7670898
vt 0.1328125 0.7617188
vt 0.1357422 0.809082
vt 0.1328125 0.8144531
vt 0.1357422 0.7670898
vt 0.1442871 0.7617188
vt 0.1501465 0.809082
vt 0.1442871 0.8144531
vt 0.1501465 0.7670898
vt 0.1494141 0.7617188
vt 0.1566162 0.7670898
vt 0.1566162 0.809082
vt 0.1494141 0.8144531
vt 0.1494141 0.8144531
vt 0.1416016 0.809082
vt 0.1378174 0.809082
vt 0.1442871 0.8144531
vt 0.1296387 0.809082
vt 0.1328125 0.8144531
vt 0.1191406 0.809082
vt 0.1182861 0.8144531
vt 0.1091919 0.809082
vt 0.1045532 0.8144531
vt 0.1025391 0.809082
vt 0.09527588 0.8144531
vt 0.1008301 0.809082
vt 0.09289551 0.8144531
vt 0.1494141 0.7617188
vt 0.142334 0.7670898
vt 0.1405029 0.7670898
vt 0.1470947 0.7617188
vt 0.133667 0.7670898
vt 0.1378174 0.7617188
vt 0.1233521 0.7670898
vt 0.1240845 0.7617188
vt 0.1124878 0.7670898
vt 0.1095581 0.7617188
vt 0.1040039 0.7670898
vt 0.09814453 0.7617188
vt 0.1000977 0.7670898
vt 0.09289551 0.7617188
vt 0.1470947 0.8144531
vt 0.1416016 0.809082
vt 0.1494141 0.8144531
vt 0.1398926 0.809082
vt 0.1378174 0.8144531
vt 0.1331787 0.809082
vt 0.1240845 0.8144531
vt 0.123291 0.809082
vt 0.1095581 0.8144531
vt 0.112793 0.809082
vt 0.09814453 0.8144531
vt 0.1046143 0.809082
vt 0.09289551 0.8144531
vt 0.1008301 0.809082
vt 0.1566162 0.7670898
vt 0.1494141 0.7617188
vt 0.1470947 0.7617188
vt 0.1536865 0.7670898
vt 0.1378174 0.7617188
vt 0.1536865 0.809082
vt 0.1566162 0.809082
vt 0.1494141 0.8144531
vt 0.1470947 0.8144531
vt 0.1420898 0.809082
vt 0.1378174 0.8144531
vt 0.1420898 0.7670898
vt 0.1240845 0.7617188
vt 0.1248169 0.809082
vt 0.1240845 0.8144531
vt 0.1248169 0.7670898
vt 0.1095581 0.7617188
vt 0.1066284 0.809082
vt 0.1095581 0.8144531
vt 0.1066284 0.7670898
vt 0.09814453 0.7617188
vt 0.09228516 0.809082
vt 0.09814453 0.8144531
vt 0.09228516 0.7670898
vt 0.09289551 0.7617188
vt 0.08575439 0.7670898
vt 0.08575439 0.809082
vt 0.09289551 0.8144531
vt 0.1416016 0.762207
vt 0.142334 0.762207
vt 0.1384277 0.762207
vt 0.1378174 0.762207
vt 0.1298828 0.762207
vt 0.1296387 0.762207
vt 0.1190186 0.762207
vt 0.1191406 0.762207
vt 0.1087646 0.762207
vt 0.1091919 0.762207
vt 0.1018677 0.762207
vt 0.1025391 0.762207
vt 0.1000977 0.762207
vt 0.1008301 0.762207
vt 0.1398926 0.762207
vt 0.142334 0.762207
vt 0.1416016 0.762207
vt 0.1405029 0.762207
vt 0.1331787 0.762207
vt 0.133667 0.762207
vt 0.123291 0.762207
vt 0.1233521 0.762207
vt 0.112793 0.762207
vt 0.1124878 0.762207
vt 0.1046143 0.762207
vt 0.1040039 0.762207
vt 0.1008301 0.762207
vt 0.1000977 0.762207
vt 0.2338867 0.8100586
vt 0.227417 0.8149414
vt 0.2248535 0.8149414
vt 0.2305908 0.8100586
vt 0.2161865 0.8149414
vt 0.2305908 0.7675781
vt 0.2338867 0.7675781
vt 0.227417 0.7626953
vt 0.2248535 0.7626953
vt 0.2197266 0.7675781
vt 0.2161865 0.7626953
vt 0.2197266 0.8100586
vt 0.2038574 0.8149414
vt 0.2042236 0.7675781
vt 0.2038574 0.7626953
vt 0.2042236 0.8100586
vt 0.19104 0.8149414
vt 0.1882324 0.7675781
vt 0.19104 0.7626953
vt 0.1882324 0.8100586
vt 0.1813965 0.8149414
vt 0.1760254 0.7675781
vt 0.1813965 0.7626953
vt 0.1760254 0.8100586
vt 0.1772461 0.8149414
vt 0.1708984 0.8100586
vt 0.1708984 0.7675781
vt 0.1772461 0.7626953
vt 0.2338867 0.7675781
vt 0.227417 0.7626953
vt 0.2233887 0.7626953
vt 0.2286377 0.7675781
vt 0.213623 0.7626953
vt 0.2286377 0.8100586
vt 0.2338867 0.8100586
vt 0.227417 0.8149414
vt 0.2233887 0.8149414
vt 0.2165527 0.8100586
vt 0.213623 0.8149414
vt 0.2165527 0.7675781
vt 0.2009277 0.7626953
vt 0.2005615 0.8100586
vt 0.2009277 0.8149414
vt 0.2005615 0.7675781
vt 0.1884766 0.7626953
vt 0.1850586 0.8100586
vt 0.1884766 0.8149414
vt 0.1850586 0.7675781
vt 0.1799316 0.7626953
vt 0.1741943 0.8100586
vt 0.1799316 0.8149414
vt 0.1741943 0.7675781
vt 0.1772461 0.7626953
vt 0.1708984 0.7675781
vt 0.1708984 0.8100586
vt 0.1772461 0.8149414
vt 0.05566406 0.7641602
vt 0.05273438 0.7680664
vt 0.05773926 0.7641602
vt 0.05117798 0.7680664
vt 0.04885864 0.7641602
vt 0.04611206 0.7680664
vt 0.03918457 0.7641602
vt 0.03887939 0.7680664
vt 0.02915955 0.7641602
vt 0.03140259 0.7680664
vt 0.02153015 0.7641602
vt 0.02571106 0.7680664
vt 0.02330017 0.7680664
vt 0.01831055 0.7641602
vt 0.01329041 0.7680664
vt 0.01831055 0.7641602
vt 0.02153015 0.7641602
vt 0.01733398 0.7680664
vt 0.02915955 0.7641602
vt 0.01733398 0.8134766
vt 0.01329041 0.8134766
vt 0.01831055 0.8173828
vt 0.02153015 0.8173828
vt 0.02690125 0.8134766
vt 0.02915955 0.8173828
vt 0.02690125 0.7680664
vt 0.03918457 0.7641602
vt 0.03945923 0.8134766
vt 0.03918457 0.8173828
vt 0.03945923 0.7680664
vt 0.04885864 0.7641602
vt 0.05163574 0.8134766
vt 0.04885864 0.8173828
vt 0.05163574 0.7680664
vt 0.05566406 0.7641602
vt 0.06015015 0.8134766
vt 0.05566406 0.8173828
vt 0.06015015 0.7680664
vt 0.05773926 0.7641602
vt 0.06274414 0.7680664
vt 0.06274414 0.8134766
vt 0.05773926 0.8173828
vt 0.05773926 0.8173828
vt 0.05221558 0.8134766
vt 0.05072021 0.8134766
vt 0.05566406 0.8173828
vt 0.0458374 0.8134766
vt 0.04885864 0.8173828
vt 0.03884888 0.8134766
vt 0.03918457 0.8173828
vt 0.03164673 0.8134766
vt 0.02915955 0.8173828
vt 0.02613831 0.8134766
vt 0.02153015 0.8173828
vt 0.02381897 0.8134766
vt 0.01831055 0.8173828
vt 0.05773926 0.7641602
vt 0.05273438 0.7680664
vt 0.05032349 0.7680664
vt 0.05450439 0.7641602
vt 0.0446167 0.7680664
vt 0.046875 0.7641602
vt 0.03717041 0.7680664
vt 0.03686523 0.7641602
vt 0.02990723 0.7680664
vt 0.02716064 0.7641602
vt 0.02484131 0.7680664
vt 0.02037048 0.7641602
vt 0.02330017 0.7680664
vt 0.01831055 0.7641602
vt 0.05450439 0.8173828
vt 0.05221558 0.8134766
vt 0.05773926 0.8173828
vt 0.04989624 0.8134766
vt 0.046875 0.8173828
vt 0.04440308 0.8134766
vt 0.03686523 0.8173828
vt 0.03717041 0.8134766
vt 0.02716064 0.8173828
vt 0.03019714 0.8134766
vt 0.02037048 0.8173828
vt 0.02529907 0.8134766
vt 0.01831055 0.8173828
vt 0.02381897 0.8134766
vt 0.06274414 0.7680664
vt 0.05773926 0.7641602
vt 0.05450439 0.7641602
vt 0.05871582 0.7680664
vt 0.046875 0.7641602
vt 0.05871582 0.8134766
vt 0.06274414 0.8134766
vt 0.05773926 0.8173828
vt 0.05450439 0.8173828
vt 0.0491333 0.8134766
vt 0.046875 0.8173828
vt 0.0491333 0.7680664
vt 0.03686523 0.7641602
vt 0.03656006 0.8134766
vt 0.03686523 0.8173828
vt 0.03656006 0.7680664
vt 0.02716064 0.7641602
vt 0.0243988 0.8134766
vt 0.02716064 0.8173828
vt 0.0243988 0.7680664
vt 0.02037048 0.7641602
vt 0.0158844 0.8134766
vt 0.02037048 0.8173828
vt 0.0158844 0.7680664
vt 0.01831055 0.7641602
vt 0.01329041 0.7680664
vt 0.01329041 0.8134766
vt 0.01831055 0.8173828
vt 0.05221558 0.7631836
vt 0.05273438 0.7631836
vt 0.05117798 0.7631836
vt 0.05072021 0.7631836
vt 0.04611206 0.7631836
vt 0.0458374 0.7631836
vt 0.03887939 0.7631836
vt 0.03884888 0.7631836
vt 0.03140259 0.7631836
vt 0.03164673 0.7631836
vt 0.02571106 0.7631836
vt 0.02613831 0.7631836
vt 0.02330017 0.7631836
vt 0.02381897 0.7631836
vt 0.04989624 0.7631836
vt 0.05273438 0.7631836
vt 0.05221558 0.7631836
vt 0.05032349 0.7631836
vt 0.04440308 0.7631836
vt 0.0446167 0.7631836
vt 0.03717041 0.7631836
vt 0.03717041 0.7631836
vt 0.03019714 0.7631836
vt 0.02990723 0.7631836
vt 0.02529907 0.7631836
vt 0.02484131 0.7631836
vt 0.02381897 0.7631836
vt 0.02330017 0.7631836
vt 0.2232666 0.8144531
vt 0.2182617 0.8178711
vt 0.2144775 0.8178711
vt 0.2186279 0.8144531
vt 0.2064209 0.8178711
vt 0.2186279 0.765625
vt 0.2232666 0.765625
vt 0.2182617 0.7617188
vt 0.2144775 0.7617188
vt 0.2084961 0.765625
vt 0.2064209 0.7617188
vt 0.2084961 0.8144531
vt 0.196167 0.8178711
vt 0.1955566 0.765625
vt 0.196167 0.7617188
vt 0.1955566 0.8144531
vt 0.1864014 0.8178711
vt 0.1833496 0.765625
vt 0.1864014 0.7617188
vt 0.1833496 0.8144531
vt 0.1798096 0.8178711
vt 0.1751709 0.765625
vt 0.1798096 0.7617188
vt 0.1751709 0.8144531
vt 0.1781006 0.8178711
vt 0.1730957 0.8144531
vt 0.1730957 0.765625
vt 0.1781006 0.7617188
vt 0.2232666 0.765625
vt 0.2182617 0.7617188
vt 0.2165527 0.7617188
vt 0.2211914 0.765625
vt 0.2099609 0.7617188
vt 0.2211914 0.8144531
vt 0.2232666 0.8144531
vt 0.2182617 0.8178711
vt 0.2165527 0.8178711
vt 0.2130127 0.8144531
vt 0.2099609 0.8178711
vt 0.2130127 0.765625
vt 0.2001953 0.7617188
vt 0.2008057 0.8144531
vt 0.2001953 0.8178711
vt 0.2008057 0.765625
vt 0.1899414 0.7617188
vt 0.1878662 0.8144531
vt 0.1899414 0.8178711
vt 0.1878662 0.765625
vt 0.1818848 0.7617188
vt 0.1777344 0.8144531
vt 0.1818848 0.8178711
vt 0.1777344 0.765625
vt 0.1781006 0.7617188
vt 0.1730957 0.765625
vt 0.1730957 0.8144531
vt 0.1781006 0.8178711
vt 0.1442871 0.7617188
vt 0.142334 0.7670898
vt 0.1494141 0.7617188
vt 0.1384277 0.7670898
vt 0.1328125 0.7617188
vt 0.1298828 0.7670898
vt 0.1182861 0.7617188
vt 0.1190186 0.7670898
vt 0.1045532 0.7617188
vt 0.1087646 0.7670898
vt 0.09527588 0.7617188
vt 0.1018677 0.7670898
vt 0.1000977 0.7670898
vt 0.09289551 0.7617188
vt 0.08575439 0.7670898
vt 0.09289551 0.7617188
vt 0.09527588 0.7617188
vt 0.08868408 0.7670898
vt 0.1045532 0.7617188
vt 0.08868408 0.809082
vt 0.08575439 0.809082
vt 0.09289551 0.8144531
vt 0.09527588 0.8144531
vt 0.1003418 0.809082
vt 0.1045532 0.8144531
vt 0.1003418 0.7670898
vt 0.1182861 0.7617188
vt 0.1175537 0.809082
vt 0.1182861 0.8144531
vt 0.1175537 0.7670898
vt 0.1328125 0.7617188
vt 0.1357422 0.809082
vt 0.1328125 0.8144531
vt 0.1357422 0.7670898
vt 0.1442871 0.7617188
vt 0.1501465 0.809082
vt 0.1442871 0.8144531
vt 0.1501465 0.7670898
vt 0.1494141 0.7617188
vt 0.1566162 0.7670898
vt 0.1566162 0.809082
vt 0.1494141 0.8144531
vt 0.1494141 0.8144531
vt 0.1416016 0.809082
vt 0.1378174 0.809082
vt 0.1442871 0.8144531
vt 0.1296387 0.809082
vt 0.1328125 0.8144531
vt 0.1191406 0.809082
vt 0.1182861 0.8144531
vt 0.1091919 0.809082
vt 0.1045532 0.8144531
vt 0.1025391 0.809082
vt 0.09527588 0.8144531
vt 0.1008301 0.809082
vt 0.09289551 0.8144531
vt 0.1494141 0.7617188
vt 0.142334 0.7670898
vt 0.1405029 0.7670898
vt 0.1470947 0.7617188
vt 0.133667 0.7670898
vt 0.1378174 0.7617188
vt 0.1233521 0.7670898
vt 0.1240845 0.7617188
vt 0.1124878 0.7670898
vt 0.1095581 0.7617188
vt 0.1040039 0.7670898
vt 0.09814453 0.7617188
vt 0.1000977 0.7670898
vt 0.09289551 0.7617188
vt 0.1470947 0.8144531
vt 0.1416016 0.809082
vt 0.1494141 0.8144531
vt 0.1398926 0.809082
vt 0.1378174 0.8144531
vt 0.1331787 0.809082
vt 0.1240845 0.8144531
vt 0.123291 0.809082
vt 0.1095581 0.8144531
vt 0.112793 0.809082
vt 0.09814453 0.8144531
vt 0.1046143 0.809082
vt 0.09289551 0.8144531
vt 0.1008301 0.809082
vt 0.1566162 0.7670898
vt 0.1494141 0.7617188
vt 0.1470947 0.7617188
vt 0.1536865 0.7670898
vt 0.1378174 0.7617188
vt 0.1536865 0.809082
vt 0.1566162 0.809082
vt 0.1494141 0.8144531
vt 0.1470947 0.8144531
vt 0.1420898 0.809082
vt 0.1378174 0.8144531
vt 0.1420898 0.7670898
vt 0.1240845 0.7617188
vt 0.1248169 0.809082
vt 0.1240845 0.8144531
vt 0.1248169 0.7670898
vt 0.1095581 0.7617188
vt 0.1066284 0.809082
vt 0.1095581 0.8144531
vt 0.1066284 0.7670898
vt 0.09814453 0.7617188
vt 0.09228516 0.809082
vt 0.09814453 0.8144531
vt 0.09228516 0.7670898
vt 0.09289551 0.7617188
vt 0.08575439 0.7670898
vt 0.08575439 0.809082
vt 0.09289551 0.8144531
vt 0.1416016 0.762207
vt 0.142334 0.762207
vt 0.1384277 0.762207
vt 0.1378174 0.762207
vt 0.1298828 0.762207
vt 0.1296387 0.762207
vt 0.1190186 0.762207
vt 0.1191406 0.762207
vt 0.1087646 0.762207
vt 0.1091919 0.762207
vt 0.1018677 0.762207
vt 0.1025391 0.762207
vt 0.1000977 0.762207
vt 0.1008301 0.762207
vt 0.1398926 0.762207
vt 0.142334 0.762207
vt 0.1416016 0.762207
vt 0.1405029 0.762207
vt 0.1331787 0.762207
vt 0.133667 0.762207
vt 0.123291 0.762207
vt 0.1233521 0.762207
vt 0.112793 0.762207
vt 0.1124878 0.762207
vt 0.1046143 0.762207
vt 0.1040039 0.762207
vt 0.1008301 0.762207
vt 0.1000977 0.762207
vt 0.2338867 0.8100586
vt 0.227417 0.8149414
vt 0.2248535 0.8149414
vt 0.2305908 0.8100586
vt 0.2161865 0.8149414
vt 0.2305908 0.7675781
vt 0.2338867 0.7675781
vt 0.227417 0.7626953
vt 0.2248535 0.7626953
vt 0.2197266 0.7675781
vt 0.2161865 0.7626953
vt 0.2197266 0.8100586
vt 0.2038574 0.8149414
vt 0.2042236 0.7675781
vt 0.2038574 0.7626953
vt 0.2042236 0.8100586
vt 0.19104 0.8149414
vt 0.1882324 0.7675781
vt 0.19104 0.7626953
vt 0.1882324 0.8100586
vt 0.1813965 0.8149414
vt 0.1760254 0.7675781
vt 0.1813965 0.7626953
vt 0.1760254 0.8100586
vt 0.1772461 0.8149414
vt 0.1708984 0.8100586
vt 0.1708984 0.7675781
vt 0.1772461 0.7626953
vt 0.2338867 0.7675781
vt 0.227417 0.7626953
vt 0.2233887 0.7626953
vt 0.2286377 0.7675781
vt 0.213623 0.7626953
vt 0.2286377 0.8100586
vt 0.2338867 0.8100586
vt 0.227417 0.8149414
vt 0.2233887 0.8149414
vt 0.2165527 0.8100586
vt 0.213623 0.8149414
vt 0.2165527 0.7675781
vt 0.2009277 0.7626953
vt 0.2005615 0.8100586
vt 0.2009277 0.8149414
vt 0.2005615 0.7675781
vt 0.1884766 0.7626953
vt 0.1850586 0.8100586
vt 0.1884766 0.8149414
vt 0.1850586 0.7675781
vt 0.1799316 0.7626953
vt 0.1741943 0.8100586
vt 0.1799316 0.8149414
vt 0.1741943 0.7675781
vt 0.1772461 0.7626953
vt 0.1708984 0.7675781
vt 0.1708984 0.8100586
vt 0.1772461 0.8149414
vt 0.05566406 0.7641602
vt 0.05273438 0.7680664
vt 0.05773926 0.7641602
vt 0.05117798 0.7680664
vt 0.04885864 0.7641602
vt 0.04611206 0.7680664
vt 0.03918457 0.7641602
vt 0.03887939 0.7680664
vt 0.02915955 0.7641602
vt 0.03140259 0.7680664
vt 0.02153015 0.7641602
vt 0.02571106 0.7680664
vt 0.02330017 0.7680664
vt 0.01831055 0.7641602
vt 0.01329041 0.7680664
vt 0.01831055 0.7641602
vt 0.02153015 0.7641602
vt 0.01733398 0.7680664
vt 0.02915955 0.7641602
vt 0.01733398 0.8134766
vt 0.01329041 0.8134766
vt 0.01831055 0.8173828
vt 0.02153015 0.8173828
vt 0.02690125 0.8134766
vt 0.02915955 0.8173828
vt 0.02690125 0.7680664
vt 0.03918457 0.7641602
vt 0.03945923 0.8134766
vt 0.03918457 0.8173828
vt 0.03945923 0.7680664
vt 0.04885864 0.7641602
vt 0.05163574 0.8134766
vt 0.04885864 0.8173828
vt 0.05163574 0.7680664
vt 0.05566406 0.7641602
vt 0.06015015 0.8134766
vt 0.05566406 0.8173828
vt 0.06015015 0.7680664
vt 0.05773926 0.7641602
vt 0.06274414 0.7680664
vt 0.06274414 0.8134766
vt 0.05773926 0.8173828
vt 0.05773926 0.8173828
vt 0.05221558 0.8134766
vt 0.05072021 0.8134766
vt 0.05566406 0.8173828
vt 0.0458374 0.8134766
vt 0.04885864 0.8173828
vt 0.03884888 0.8134766
vt 0.03918457 0.8173828
vt 0.03164673 0.8134766
vt 0.02915955 0.8173828
vt 0.02613831 0.8134766
vt 0.02153015 0.8173828
vt 0.02381897 0.8134766
vt 0.01831055 0.8173828
vt 0.05773926 0.7641602
vt 0.05273438 0.7680664
vt 0.05032349 0.7680664
vt 0.05450439 0.7641602
vt 0.0446167 0.7680664
vt 0.046875 0.7641602
vt 0.03717041 0.7680664
vt 0.03686523 0.7641602
vt 0.02990723 0.7680664
vt 0.02716064 0.7641602
vt 0.02484131 0.7680664
vt 0.02037048 0.7641602
vt 0.02330017 0.7680664
vt 0.01831055 0.7641602
vt 0.05450439 0.8173828
vt 0.05221558 0.8134766
vt 0.05773926 0.8173828
vt 0.04989624 0.8134766
vt 0.046875 0.8173828
vt 0.04440308 0.8134766
vt 0.03686523 0.8173828
vt 0.03717041 0.8134766
vt 0.02716064 0.8173828
vt 0.03019714 0.8134766
vt 0.02037048 0.8173828
vt 0.02529907 0.8134766
vt 0.01831055 0.8173828
vt 0.02381897 0.8134766
vt 0.06274414 0.7680664
vt 0.05773926 0.7641602
vt 0.05450439 0.7641602
vt 0.05871582 0.7680664
vt 0.046875 0.7641602
vt 0.05871582 0.8134766
vt 0.06274414 0.8134766
vt 0.05773926 0.8173828
vt 0.05450439 0.8173828
vt 0.0491333 0.8134766
vt 0.046875 0.8173828
vt 0.0491333 0.7680664
vt 0.03686523 0.7641602
vt 0.03656006 0.8134766
vt 0.03686523 0.8173828
vt 0.03656006 0.7680664
vt 0.02716064 0.7641602
vt 0.0243988 0.8134766
vt 0.02716064 0.8173828
vt 0.0243988 0.7680664
vt 0.02037048 0.7641602
vt 0.0158844 0.8134766
vt 0.02037048 0.8173828
vt 0.0158844 0.7680664
vt 0.01831055 0.7641602
vt 0.01329041 0.7680664
vt 0.01329041 0.8134766
vt 0.01831055 0.8173828
vt 0.05221558 0.7631836
vt 0.05273438 0.7631836
vt 0.05117798 0.7631836
vt 0.05072021 0.7631836
vt 0.04611206 0.7631836
vt 0.0458374 0.7631836
vt 0.03887939 0.7631836
vt 0.03884888 0.7631836
vt 0.03140259 0.7631836
vt 0.03164673 0.7631836
vt 0.02571106 0.7631836
vt 0.02613831 0.7631836
vt 0.02330017 0.7631836
vt 0.02381897 0.7631836
vt 0.04989624 0.7631836
vt 0.05273438 0.7631836
vt 0.05221558 0.7631836
vt 0.05032349 0.7631836
vt 0.04440308 0.7631836
vt 0.0446167 0.7631836
vt 0.03717041 0.7631836
vt 0.03717041 0.7631836
vt 0.03019714 0.7631836
vt 0.02990723 0.7631836
vt 0.02529907 0.7631836
vt 0.02484131 0.7631836
vt 0.02381897 0.7631836
vt 0.02330017 0.7631836
vt 0.2232666 0.8144531
vt 0.2182617 0.8178711
vt 0.2144775 0.8178711
vt 0.2186279 0.8144531
vt 0.2064209 0.8178711
vt 0.2186279 0.765625
vt 0.2232666 0.765625
vt 0.2182617 0.7617188
vt 0.2144775 0.7617188
vt 0.2084961 0.765625
vt 0.2064209 0.7617188
vt 0.2084961 0.8144531
vt 0.196167 0.8178711
vt 0.1955566 0.765625
vt 0.196167 0.7617188
vt 0.1955566 0.8144531
vt 0.1864014 0.8178711
vt 0.1833496 0.765625
vt 0.1864014 0.7617188
vt 0.1833496 0.8144531
vt 0.1798096 0.8178711
vt 0.1751709 0.765625
vt 0.1798096 0.7617188
vt 0.1751709 0.8144531
vt 0.1781006 0.8178711
vt 0.1730957 0.8144531
vt 0.1730957 0.765625
vt 0.1781006 0.7617188
vt 0.2232666 0.765625
vt 0.2182617 0.7617188
vt 0.2165527 0.7617188
vt 0.2211914 0.765625
vt 0.2099609 0.7617188
vt 0.2211914 0.8144531
vt 0.2232666 0.8144531
vt 0.2182617 0.8178711
vt 0.2165527 0.8178711
vt 0.2130127 0.8144531
vt 0.2099609 0.8178711
vt 0.2130127 0.765625
vt 0.2001953 0.7617188
vt 0.2008057 0.8144531
vt 0.2001953 0.8178711
vt 0.2008057 0.765625
vt 0.1899414 0.7617188
vt 0.1878662 0.8144531
vt 0.1899414 0.8178711
vt 0.1878662 0.765625
vt 0.1818848 0.7617188
vt 0.1777344 0.8144531
vt 0.1818848 0.8178711
vt 0.1777344 0.765625
vt 0.1781006 0.7617188
vt 0.1730957 0.765625
vt 0.1730957 0.8144531
vt 0.1781006 0.8178711
vt 0.1442871 0.7617188
vt 0.142334 0.7670898
vt 0.1494141 0.7617188
vt 0.1384277 0.7670898
vt 0.1328125 0.7617188
vt 0.1298828 0.7670898
vt 0.1182861 0.7617188
vt 0.1190186 0.7670898
vt 0.1045532 0.7617188
vt 0.1087646 0.7670898
vt 0.09527588 0.7617188
vt 0.1018677 0.7670898
vt 0.1000977 0.7670898
vt 0.09289551 0.7617188
vt 0.08575439 0.7670898
vt 0.09289551 0.7617188
vt 0.09527588 0.7617188
vt 0.08868408 0.7670898
vt 0.1045532 0.7617188
vt 0.08868408 0.809082
vt 0.08575439 0.809082
vt 0.09289551 0.8144531
vt 0.09527588 0.8144531
vt 0.1003418 0.809082
vt 0.1045532 0.8144531
vt 0.1003418 0.7670898
vt 0.1182861 0.7617188
vt 0.1175537 0.809082
vt 0.1182861 0.8144531
vt 0.1175537 0.7670898
vt 0.1328125 0.7617188
vt 0.1357422 0.809082
vt 0.1328125 0.8144531
vt 0.1357422 0.7670898
vt 0.1442871 0.7617188
vt 0.1501465 0.809082
vt 0.1442871 0.8144531
vt 0.1501465 0.7670898
vt 0.1494141 0.7617188
vt 0.1566162 0.7670898
vt 0.1566162 0.809082
vt 0.1494141 0.8144531
vt 0.1494141 0.8144531
vt 0.1416016 0.809082
vt 0.1378174 0.809082
vt 0.1442871 0.8144531
vt 0.1296387 0.809082
vt 0.1328125 0.8144531
vt 0.1191406 0.809082
vt 0.1182861 0.8144531
vt 0.1091919 0.809082
vt 0.1045532 0.8144531
vt 0.1025391 0.809082
vt 0.09527588 0.8144531
vt 0.1008301 0.809082
vt 0.09289551 0.8144531
vt 0.1494141 0.7617188
vt 0.142334 0.7670898
vt 0.1405029 0.7670898
vt 0.1470947 0.7617188
vt 0.133667 0.7670898
vt 0.1378174 0.7617188
vt 0.1233521 0.7670898
vt 0.1240845 0.7617188
vt 0.1124878 0.7670898
vt 0.1095581 0.7617188
vt 0.1040039 0.7670898
vt 0.09814453 0.7617188
vt 0.1000977 0.7670898
vt 0.09289551 0.7617188
vt 0.1470947 0.8144531
vt 0.1416016 0.809082
vt 0.1494141 0.8144531
vt 0.1398926 0.809082
vt 0.1378174 0.8144531
vt 0.1331787 0.809082
vt 0.1240845 0.8144531
vt 0.123291 0.809082
vt 0.1095581 0.8144531
vt 0.112793 0.809082
vt 0.09814453 0.8144531
vt 0.1046143 0.809082
vt 0.09289551 0.8144531
vt 0.1008301 0.809082
vt 0.1566162 0.7670898
vt 0.1494141 0.7617188
vt 0.1470947 0.7617188
vt 0.1536865 0.7670898
vt 0.1378174 0.7617188
vt 0.1536865 0.809082
vt 0.1566162 0.809082
vt 0.1494141 0.8144531
vt 0.1470947 0.8144531
vt 0.1420898 0.809082
vt 0.1378174 0.8144531
vt 0.1420898 0.7670898
vt 0.1240845 0.7617188
vt 0.1248169 0.809082
vt 0.1240845 0.8144531
vt 0.1248169 0.7670898
vt 0.1095581 0.7617188
vt 0.1066284 0.809082
vt 0.1095581 0.8144531
vt 0.1066284 0.7670898
vt 0.09814453 0.7617188
vt 0.09228516 0.809082
vt 0.09814453 0.8144531
vt 0.09228516 0.7670898
vt 0.09289551 0.7617188
vt 0.08575439 0.7670898
vt 0.08575439 0.809082
vt 0.09289551 0.8144531
vt 0.1416016 0.762207
vt 0.142334 0.762207
vt 0.1384277 0.762207
vt 0.1378174 0.762207
vt 0.1298828 0.762207
vt 0.1296387 0.762207
vt 0.1190186 0.762207
vt 0.1191406 0.762207
vt 0.1087646 0.762207
vt 0.1091919 0.762207
vt 0.1018677 0.762207
vt 0.1025391 0.762207
vt 0.1000977 0.762207
vt 0.1008301 0.762207
vt 0.1398926 0.762207
vt 0.142334 0.762207
vt 0.1416016 0.762207
vt 0.1405029 0.762207
vt 0.1331787 0.762207
vt 0.133667 0.762207
vt 0.123291 0.762207
vt 0.1233521 0.762207
vt 0.112793 0.762207
vt 0.1124878 0.762207
vt 0.1046143 0.762207
vt 0.1040039 0.762207
vt 0.1008301 0.762207
vt 0.1000977 0.762207
vt 0.2338867 0.8100586
vt 0.227417 0.8149414
vt 0.2248535 0.8149414
vt 0.2305908 0.8100586
vt 0.2161865 0.8149414
vt 0.2305908 0.7675781
vt 0.2338867 0.7675781
vt 0.227417 0.7626953
vt 0.2248535 0.7626953
vt 0.2197266 0.7675781
vt 0.2161865 0.7626953
vt 0.2197266 0.8100586
vt 0.2038574 0.8149414
vt 0.2042236 0.7675781
vt 0.2038574 0.7626953
vt 0.2042236 0.8100586
vt 0.19104 0.8149414
vt 0.1882324 0.7675781
vt 0.19104 0.7626953
vt 0.1882324 0.8100586
vt 0.1813965 0.8149414
vt 0.1760254 0.7675781
vt 0.1813965 0.7626953
vt 0.1760254 0.8100586
vt 0.1772461 0.8149414
vt 0.1708984 0.8100586
vt 0.1708984 0.7675781
vt 0.1772461 0.7626953
vt 0.2338867 0.7675781
vt 0.227417 0.7626953
vt 0.2233887 0.7626953
vt 0.2286377 0.7675781
vt 0.213623 0.7626953
vt 0.2286377 0.8100586
vt 0.2338867 0.8100586
vt 0.227417 0.8149414
vt 0.2233887 0.8149414
vt 0.2165527 0.8100586
vt 0.213623 0.8149414
vt 0.2165527 0.7675781
vt 0.2009277 0.7626953
vt 0.2005615 0.8100586
vt 0.2009277 0.8149414
vt 0.2005615 0.7675781
vt 0.1884766 0.7626953
vt 0.1850586 0.8100586
vt 0.1884766 0.8149414
vt 0.1850586 0.7675781
vt 0.1799316 0.7626953
vt 0.1741943 0.8100586
vt 0.1799316 0.8149414
vt 0.1741943 0.7675781
vt 0.1772461 0.7626953
vt 0.1708984 0.7675781
vt 0.1708984 0.8100586
vt 0.1772461 0.8149414
vt 0.05566406 0.7641602
vt 0.05273438 0.7680664
vt 0.05773926 0.7641602
vt 0.05117798 0.7680664
vt 0.04885864 0.7641602
vt 0.04611206 0.7680664
vt 0.03918457 0.7641602
vt 0.03887939 0.7680664
vt 0.02915955 0.7641602
vt 0.03140259 0.7680664
vt 0.02153015 0.7641602
vt 0.02571106 0.7680664
vt 0.02330017 0.7680664
vt 0.01831055 0.7641602
vt 0.01329041 0.7680664
vt 0.01831055 0.7641602
vt 0.02153015 0.7641602
vt 0.01733398 0.7680664
vt 0.02915955 0.7641602
vt 0.01733398 0.8134766
vt 0.01329041 0.8134766
vt 0.01831055 0.8173828
vt 0.02153015 0.8173828
vt 0.02690125 0.8134766
vt 0.02915955 0.8173828
vt 0.02690125 0.7680664
vt 0.03918457 0.7641602
vt 0.03945923 0.8134766
vt 0.03918457 0.8173828
vt 0.03945923 0.7680664
vt 0.04885864 0.7641602
vt 0.05163574 0.8134766
vt 0.04885864 0.8173828
vt 0.05163574 0.7680664
vt 0.05566406 0.7641602
vt 0.06015015 0.8134766
vt 0.05566406 0.8173828
vt 0.06015015 0.7680664
vt 0.05773926 0.7641602
vt 0.06274414 0.7680664
vt 0.06274414 0.8134766
vt 0.05773926 0.8173828
vt 0.05773926 0.8173828
vt 0.05221558 0.8134766
vt 0.05072021 0.8134766
vt 0.05566406 0.8173828
vt 0.0458374 0.8134766
vt 0.04885864 0.8173828
vt 0.03884888 0.8134766
vt 0.03918457 0.8173828
vt 0.03164673 0.8134766
vt 0.02915955 0.8173828
vt 0.02613831 0.8134766
vt 0.02153015 0.8173828
vt 0.02381897 0.8134766
vt 0.01831055 0.8173828
vt 0.05773926 0.7641602
vt 0.05273438 0.7680664
vt 0.05032349 0.7680664
vt 0.05450439 0.7641602
vt 0.0446167 0.7680664
vt 0.046875 0.7641602
vt 0.03717041 0.7680664
vt 0.03686523 0.7641602
vt 0.02990723 0.7680664
vt 0.02716064 0.7641602
vt 0.02484131 0.7680664
vt 0.02037048 0.7641602
vt 0.02330017 0.7680664
vt 0.01831055 0.7641602
vt 0.05450439 0.8173828
vt 0.05221558 0.8134766
vt 0.05773926 0.8173828
vt 0.04989624 0.8134766
vt 0.046875 0.8173828
vt 0.04440308 0.8134766
vt 0.03686523 0.8173828
vt 0.03717041 0.8134766
vt 0.02716064 0.8173828
vt 0.03019714 0.8134766
vt 0.02037048 0.8173828
vt 0.02529907 0.8134766
vt 0.01831055 0.8173828
vt 0.02381897 0.8134766
vt 0.06274414 0.7680664
vt 0.05773926 0.7641602
vt 0.05450439 0.7641602
vt 0.05871582 0.7680664
vt 0.046875 0.7641602
vt 0.05871582 0.8134766
vt 0.06274414 0.8134766
vt 0.05773926 0.8173828
vt 0.05450439 0.8173828
vt 0.0491333 0.8134766
vt 0.046875 0.8173828
vt 0.0491333 0.7680664
vt 0.03686523 0.7641602
vt 0.03656006 0.8134766
vt 0.03686523 0.8173828
vt 0.03656006 0.7680664
vt 0.02716064 0.7641602
vt 0.0243988 0.8134766
vt 0.02716064 0.8173828
vt 0.0243988 0.7680664
vt 0.02037048 0.7641602
vt 0.0158844 0.8134766
vt 0.02037048 0.8173828
vt 0.0158844 0.7680664
vt 0.01831055 0.7641602
vt 0.01329041 0.7680664
vt 0.01329041 0.8134766
vt 0.01831055 0.8173828
vt 0.05221558 0.7631836
vt 0.05273438 0.7631836
vt 0.05117798 0.7631836
vt 0.05072021 0.7631836
vt 0.04611206 0.7631836
vt 0.0458374 0.7631836
vt 0.03887939 0.7631836
vt 0.03884888 0.7631836
vt 0.03140259 0.7631836
vt 0.03164673 0.7631836
vt 0.02571106 0.7631836
vt 0.02613831 0.7631836
vt 0.02330017 0.7631836
vt 0.02381897 0.7631836
vt 0.04989624 0.7631836
vt 0.05273438 0.7631836
vt 0.05221558 0.7631836
vt 0.05032349 0.7631836
vt 0.04440308 0.7631836
vt 0.0446167 0.7631836
vt 0.03717041 0.7631836
vt 0.03717041 0.7631836
vt 0.03019714 0.7631836
vt 0.02990723 0.7631836
vt 0.02529907 0.7631836
vt 0.02484131 0.7631836
vt 0.02381897 0.7631836
vt 0.02330017 0.7631836
vt 0.6479492 0.84375
vt 0.6469727 0.84375
vt 0.6479492 0.84375
vt 0.6469727 0.84375
vt 0.6484375 0.84375
vt 0.6494141 0.84375
vt 0.6601563 0.84375
vt 0.6464844 0.8442383
vt 0.6464844 0.8442383
vt 0.6459961 0.8452148
vt 0.659668 0.84375
vt 0.6630859 0.84375
vt 0.6479492 0.8442383
vt 0.6459961 0.8452148
vt 0.6464844 0.8891602
vt 0.6464844 0.8891602
vt 0.6479492 0.8891602
vt 0.6479492 0.8452148
vt 0.6591797 0.8891602
vt 0.6625977 0.84375
vt 0.6665039 0.84375
vt 0.6591797 0.8442383
vt 0.6591797 0.8452148
vt 0.6621094 0.8891602
vt 0.6621094 0.8442383
vt 0.6621094 0.8452148
vt 0.6660156 0.8891602
vt 0.6660156 0.84375
vt 0.6660156 0.8452148
vt 0.6704102 0.8891602
vt 0.6660156 0.8442383
vt 0.6704102 0.84375
vt 0.6704102 0.84375
vt 0.6928711 0.84375
vt 0.6704102 0.8452148
vt 0.6928711 0.8452148
vt 0.6928711 0.8891602
vt 0.6972656 0.8891602
vt 0.6704102 0.8442383
vt 0.6928711 0.84375
vt 0.6967773 0.84375
vt 0.6928711 0.8442383
vt 0.6972656 0.84375
vt 0.7001953 0.84375
vt 0.6972656 0.8452148
vt 0.7011719 0.8891602
vt 0.6972656 0.8442383
vt 0.7006836 0.84375
vt 0.7011719 0.8452148
vt 0.7041016 0.8891602
vt 0.7011719 0.8442383
vt 0.7036133 0.84375
vt 0.7026367 0.84375
vt 0.7138672 0.84375
vt 0.7041016 0.8452148
vt 0.7041016 0.8442383
vt 0.7148438 0.84375
vt 0.715332 0.84375
vt 0.7163086 0.84375
vt 0.715332 0.8442383
vt 0.7167969 0.8442383
vt 0.715332 0.8452148
vt 0.715332 0.8891602
vt 0.7167969 0.8452148
vt 0.7167969 0.8891602
vt 0.715332 0.84375
vt 0.7163086 0.84375
vt 0.715332 0.84375
vt 0.7163086 0.84375
vt 0.7167969 0.8442383
vt 0.7148438 0.84375
vt 0.7138672 0.84375
vt 0.7026367 0.84375
vt 0.7167969 0.8442383
vt 0.7167969 0.8452148
vt 0.7036133 0.84375
vt 0.7001953 0.84375
vt 0.715332 0.8442383
vt 0.7006836 0.84375
vt 0.6967773 0.84375
vt 0.7041016 0.8442383
vt 0.715332 0.8452148
vt 0.7167969 0.8452148
vt 0.7167969 0.8891602
vt 0.7167969 0.8891602
vt 0.715332 0.8891602
vt 0.7041016 0.8891602
vt 0.7041016 0.8452148
vt 0.7011719 0.8891602
vt 0.7011719 0.8442383
vt 0.7011719 0.8452148
vt 0.6972656 0.8891602
vt 0.6967773 0.84375
vt 0.6972656 0.8452148
vt 0.6928711 0.8891602
vt 0.6972656 0.8442383
vt 0.6928711 0.84375
vt 0.6928711 0.84375
vt 0.6704102 0.84375
vt 0.6928711 0.8452148
vt 0.6928711 0.8442383
vt 0.6704102 0.84375
vt 0.6665039 0.84375
vt 0.6704102 0.8442383
vt 0.6704102 0.8452148
vt 0.6704102 0.8891602
vt 0.6660156 0.8891602
vt 0.6660156 0.84375
vt 0.6630859 0.84375
vt 0.6655273 0.8452148
vt 0.6621094 0.8891602
vt 0.6660156 0.8442383
vt 0.6625977 0.84375
vt 0.6616211 0.8452148
vt 0.6591797 0.8891602
vt 0.6621094 0.8442383
vt 0.6586914 0.8452148
vt 0.6479492 0.8891602
vt 0.659668 0.84375
vt 0.6601563 0.84375
vt 0.6489258 0.84375
vt 0.6591797 0.8442383
vt 0.6484375 0.84375
vt 0.6479492 0.84375
vt 0.6469727 0.84375
vt 0.6479492 0.8442383
vt 0.6464844 0.8442383
vt 0.6474609 0.8452148
vt 0.6464844 0.8891602
vt 0.6459961 0.8452148
vt 0.8188477 0.8544922
vt 0.8168945 0.855957
vt 0.8134766 0.8764648
vt 0.8154297 0.8579102
vt 0.8144531 0.8608398
vt 0.8120117 0.8642578
vt 0.809082 0.8745117
vt 0.8071289 0.8774414
vt 0.8125 0.878418
vt 0.8081055 0.8808594
vt 0.8125 0.8803711
vt 0.809082 0.8842773
vt 0.8129883 0.8823242
vt 0.8115234 0.8876953
vt 0.8125 0.894043
vt 0.8154297 0.8969727
vt 0.8168945 0.9013672
vt 0.8208008 0.90625
vt 0.8251953 0.8554688
vt 0.8193359 0.8510742
vt 0.8217773 0.8476563
vt 0.8251953 0.9033203
vt 0.8232422 0.9091797
vt 0.8266602 0.8535156
vt 0.8266602 0.9052734
vt 0.8261719 0.9106445
vt 0.828125 0.8525391
vt 0.8256836 0.8466797
vt 0.828125 0.9057617
vt 0.8300781 0.9101563
vt 0.8305664 0.90625
vt 0.8359375 0.9116211
vt 0.8442383 0.9116211
vt 0.8491211 0.9101563
vt 0.8305664 0.8525391
vt 0.8295898 0.84375
vt 0.8354492 0.8447266
vt 0.8378906 0.8447266
vt 0.8413086 0.8447266
vt 0.8442383 0.8447266
vt 0.8461914 0.8442383
vt 0.8500977 0.8447266
vt 0.8520508 0.8457031
vt 0.8544922 0.8520508
vt 0.8549805 0.8447266
vt 0.855957 0.8452148
vt 0.8544922 0.90625
vt 0.8549805 0.9121094
vt 0.859375 0.9125977
vt 0.8569336 0.8525391
vt 0.8583984 0.8461914
vt 0.8588867 0.8466797
vt 0.8569336 0.9057617
vt 0.8623047 0.909668
vt 0.8583984 0.8535156
vt 0.8598633 0.8476563
vt 0.862793 0.8476563
vt 0.8583984 0.9047852
vt 0.8637695 0.9057617
vt 0.8598633 0.9033203
vt 0.8657227 0.9047852
vt 0.8666992 0.9003906
vt 0.8706055 0.8969727
vt 0.8720703 0.8823242
vt 0.8720703 0.8901367
vt 0.8735352 0.8876953
vt 0.8769531 0.8847656
vt 0.8720703 0.8759766
vt 0.8598633 0.8554688
vt 0.8642578 0.8486328
vt 0.8657227 0.8510742
vt 0.8657227 0.8525391
vt 0.8666992 0.8544922
vt 0.8686523 0.8579102
vt 0.8696289 0.8598633
vt 0.8706055 0.8632813
vt 0.8745117 0.8671875
vt 0.8740234 0.8706055
vt 0.8754883 0.8745117
vt 0.8725586 0.878418
vt 0.8774414 0.8774414
vt 0.8725586 0.8798828
vt 0.8769531 0.8808594
vt 0.5693359 0.8730469
vt 0.5766602 0.8632813
vt 0.5776367 0.8608398
vt 0.5737305 0.8691406
vt 0.5722656 0.871582
vt 0.5722656 0.8745117
vt 0.5678711 0.8764648
vt 0.5708008 0.8769531
vt 0.5678711 0.8808594
vt 0.5712891 0.8798828
vt 0.5688477 0.8842773
vt 0.5722656 0.8828125
vt 0.5742188 0.8857422
vt 0.574707 0.8911133
vt 0.5786133 0.8969727
vt 0.5776367 0.8935547
vt 0.5795898 0.902832
vt 0.5820313 0.9013672
vt 0.5825195 0.9057617
vt 0.5839844 0.9038086
vt 0.5791016 0.9033203
vt 0.5683594 0.8847656
vt 0.5668945 0.8808594
vt 0.5854492 0.9077148
vt 0.5864258 0.9052734
vt 0.5893555 0.9082031
vt 0.5898438 0.9047852
vt 0.5947266 0.9057617
vt 0.6015625 0.9057617
vt 0.6108398 0.90625
vt 0.605957 0.9047852
vt 0.5786133 0.9038086
vt 0.5820313 0.90625
vt 0.5854492 0.9082031
vt 0.5678711 0.8847656
vt 0.5893555 0.9091797
vt 0.6108398 0.9082031
vt 0.6108398 0.9091797
vt 0.6147461 0.9077148
vt 0.6142578 0.90625
vt 0.6181641 0.9057617
vt 0.6166992 0.9042969
vt 0.6206055 0.902832
vt 0.6176758 0.9008789
vt 0.6196289 0.9003906
vt 0.6206055 0.8964844
vt 0.6235352 0.8935547
vt 0.6259766 0.8857422
vt 0.625 0.8876953
vt 0.6289063 0.8833008
vt 0.6108398 0.909668
vt 0.6147461 0.9082031
vt 0.6186523 0.90625
vt 0.6210938 0.9033203
vt 0.5893555 0.909668
vt 0.5849609 0.9091797
vt 0.581543 0.9067383
vt 0.5786133 0.9038086
vt 0.581543 0.9072266
vt 0.5849609 0.9091797
vt 0.5893555 0.9101563
vt 0.6108398 0.909668
vt 0.5678711 0.8847656
vt 0.6152344 0.9086914
vt 0.6152344 0.9091797
vt 0.6191406 0.9067383
vt 0.5664063 0.8808594
vt 0.5664063 0.8808594
vt 0.6186523 0.9067383
vt 0.621582 0.9038086
vt 0.621582 0.9033203
vt 0.6323242 0.8847656
vt 0.5664063 0.8764648
vt 0.565918 0.8764648
vt 0.5678711 0.8725586
vt 0.5668945 0.8769531
vt 0.6323242 0.8847656
vt 0.5678711 0.8725586
vt 0.5683594 0.8730469
vt 0.5795898 0.8544922
vt 0.5786133 0.859375
vt 0.5800781 0.8579102
vt 0.5805664 0.8549805
vt 0.5825195 0.8544922
vt 0.5786133 0.8540039
vt 0.5786133 0.8535156
vt 0.5791016 0.8540039
vt 0.5820313 0.8515625
vt 0.5825195 0.8520508
vt 0.5859375 0.8510742
vt 0.581543 0.8505859
vt 0.5810547 0.8505859
vt 0.581543 0.8510742
vt 0.5854492 0.8496094
vt 0.5893555 0.8491211
vt 0.5849609 0.8486328
vt 0.5849609 0.8481445
vt 0.5893555 0.8476563
vt 0.5854492 0.8491211
vt 0.5893555 0.8491211
vt 0.5942383 0.8500977
vt 0.5961914 0.8496094
vt 0.5991211 0.8496094
vt 0.6015625 0.8500977
vt 0.6030273 0.8496094
vt 0.5893555 0.8476563
vt 0.5893555 0.8481445
vt 0.6108398 0.8476563
vt 0.6108398 0.8476563
vt 0.6108398 0.8481445
vt 0.6108398 0.8496094
vt 0.6083984 0.8505859
vt 0.6108398 0.8491211
vt 0.6147461 0.8496094
vt 0.6113281 0.8505859
vt 0.6132813 0.8510742
vt 0.6137695 0.8515625
vt 0.6147461 0.8520508
vt 0.6171875 0.8525391
vt 0.6176758 0.8515625
vt 0.6181641 0.8530273
vt 0.6196289 0.8554688
vt 0.6206055 0.8544922
vt 0.6196289 0.8564453
vt 0.6201172 0.8579102
vt 0.6235352 0.8652344
vt 0.6313477 0.8730469
vt 0.6147461 0.8491211
vt 0.6152344 0.8486328
vt 0.6152344 0.8481445
vt 0.6181641 0.8510742
vt 0.6186523 0.8505859
vt 0.6186523 0.8505859
vt 0.621582 0.8535156
vt 0.621582 0.8540039
vt 0.6323242 0.8725586
vt 0.6210938 0.8540039
vt 0.6318359 0.8725586
vt 0.6323242 0.8725586
vt 0.6337891 0.8764648
vt 0.6337891 0.8764648
vt 0.6333008 0.8764648
vt 0.6337891 0.8808594
vt 0.6337891 0.8808594
vt 0.6333008 0.8808594
vt 0.6323242 0.8769531
vt 0.6318359 0.8847656
vt 0.6323242 0.8803711
vt 0.6313477 0.8842773
vt 0.6289063 0.8798828
vt 0.6293945 0.8774414
vt 0.6274414 0.8745117
vt 0.6264648 0.871582
vt 0.6269531 0.8686523
vt 0.6201172 0.8579102
vt 0.6225586 0.862793
vt 0.6235352 0.8652344
vt 0.6220703 0.8608398
vt 0.1708984 0.7675781
vt 0.1772461 0.7626953
vt 0.1813965 0.7626953
vt 0.1760254 0.7675781
vt 0.19104 0.7626953
vt 0.1760254 0.8100586
vt 0.1708984 0.8100586
vt 0.1772461 0.8149414
vt 0.1813965 0.8149414
vt 0.1882324 0.8100586
vt 0.19104 0.8149414
vt 0.1882324 0.7675781
vt 0.2038574 0.7626953
vt 0.2042236 0.8100586
vt 0.2038574 0.8149414
vt 0.2042236 0.7675781
vt 0.2161865 0.7626953
vt 0.2197266 0.8100586
vt 0.2161865 0.8149414
vt 0.2197266 0.7675781
vt 0.2248535 0.7626953
vt 0.2305908 0.8100586
vt 0.2248535 0.8149414
vt 0.2305908 0.7675781
vt 0.227417 0.7626953
vt 0.2338867 0.7675781
vt 0.2338867 0.8100586
vt 0.227417 0.8149414
vt 0.02613831 0.7631836
vt 0.02330017 0.7631836
vt 0.02381897 0.7631836
vt 0.02571106 0.7631836
vt 0.03164673 0.7631836
vt 0.03140259 0.7631836
vt 0.03884888 0.7631836
vt 0.03887939 0.7631836
vt 0.0458374 0.7631836
vt 0.04611206 0.7631836
vt 0.05072021 0.7631836
vt 0.05117798 0.7631836
vt 0.05221558 0.7631836
vt 0.05273438 0.7631836
vt 0.02381897 0.7631836
vt 0.02330017 0.7631836
vt 0.02484131 0.7631836
vt 0.02529907 0.7631836
vt 0.02990723 0.7631836
vt 0.03019714 0.7631836
vt 0.03717041 0.7631836
vt 0.03717041 0.7631836
vt 0.0446167 0.7631836
vt 0.04440308 0.7631836
vt 0.05032349 0.7631836
vt 0.04989624 0.7631836
vt 0.05273438 0.7631836
vt 0.05221558 0.7631836
vt 0.01329041 0.8134766
vt 0.01831055 0.8173828
vt 0.02037048 0.8173828
vt 0.0158844 0.8134766
vt 0.02716064 0.8173828
vt 0.0158844 0.7680664
vt 0.01329041 0.7680664
vt 0.01831055 0.7641602
vt 0.02037048 0.7641602
vt 0.0243988 0.7680664
vt 0.02716064 0.7641602
vt 0.0243988 0.8134766
vt 0.03686523 0.8173828
vt 0.03656006 0.7680664
vt 0.03686523 0.7641602
vt 0.03656006 0.8134766
vt 0.046875 0.8173828
vt 0.0491333 0.7680664
vt 0.046875 0.7641602
vt 0.0491333 0.8134766
vt 0.05450439 0.8173828
vt 0.05871582 0.7680664
vt 0.05450439 0.7641602
vt 0.05871582 0.8134766
vt 0.05773926 0.8173828
vt 0.06274414 0.8134766
vt 0.06274414 0.7680664
vt 0.05773926 0.7641602
vt 0.06274414 0.8134766
vt 0.05773926 0.8173828
vt 0.05566406 0.8173828
vt 0.06015015 0.8134766
vt 0.04885864 0.8173828
vt 0.06015015 0.7680664
vt 0.06274414 0.7680664
vt 0.05773926 0.7641602
vt 0.05566406 0.7641602
vt 0.05163574 0.7680664
vt 0.04885864 0.7641602
vt 0.05163574 0.8134766
vt 0.03918457 0.8173828
vt 0.03945923 0.7680664
vt 0.03918457 0.7641602
vt 0.03945923 0.8134766
vt 0.02915955 0.8173828
vt 0.02690125 0.7680664
vt 0.02915955 0.7641602
vt 0.02690125 0.8134766
vt 0.02153015 0.8173828
vt 0.01733398 0.7680664
vt 0.02153015 0.7641602
vt 0.01733398 0.8134766
vt 0.01831055 0.8173828
vt 0.01329041 0.8134766
vt 0.01329041 0.7680664
vt 0.01831055 0.7641602
vt 0.02153015 0.8173828
vt 0.02381897 0.8134766
vt 0.01831055 0.8173828
vt 0.02613831 0.8134766
vt 0.02915955 0.8173828
vt 0.03164673 0.8134766
vt 0.03918457 0.8173828
vt 0.03884888 0.8134766
vt 0.04885864 0.8173828
vt 0.0458374 0.8134766
vt 0.05566406 0.8173828
vt 0.05072021 0.8134766
vt 0.05773926 0.8173828
vt 0.05221558 0.8134766
vt 0.02153015 0.7641602
vt 0.01831055 0.7641602
vt 0.02330017 0.7680664
vt 0.02571106 0.7680664
vt 0.03140259 0.7680664
vt 0.02915955 0.7641602
vt 0.03887939 0.7680664
vt 0.03918457 0.7641602
vt 0.04611206 0.7680664
vt 0.04885864 0.7641602
vt 0.05117798 0.7680664
vt 0.05566406 0.7641602
vt 0.05273438 0.7680664
vt 0.05773926 0.7641602
vt 0.01831055 0.8173828
vt 0.02381897 0.8134766
vt 0.02529907 0.8134766
vt 0.02037048 0.8173828
vt 0.03019714 0.8134766
vt 0.02716064 0.8173828
vt 0.03717041 0.8134766
vt 0.03686523 0.8173828
vt 0.04440308 0.8134766
vt 0.046875 0.8173828
vt 0.04989624 0.8134766
vt 0.05450439 0.8173828
vt 0.05221558 0.8134766
vt 0.05773926 0.8173828
vt 0.02037048 0.7641602
vt 0.02330017 0.7680664
vt 0.01831055 0.7641602
vt 0.02484131 0.7680664
vt 0.02716064 0.7641602
vt 0.02990723 0.7680664
vt 0.03686523 0.7641602
vt 0.03717041 0.7680664
vt 0.046875 0.7641602
vt 0.0446167 0.7680664
vt 0.05450439 0.7641602
vt 0.05032349 0.7680664
vt 0.05773926 0.7641602
vt 0.05273438 0.7680664
vt 0.1708984 0.8100586
vt 0.1772461 0.8149414
vt 0.1799316 0.8149414
vt 0.1741943 0.8100586
vt 0.1884766 0.8149414
vt 0.1741943 0.7675781
vt 0.1708984 0.7675781
vt 0.1772461 0.7626953
vt 0.1799316 0.7626953
vt 0.1850586 0.7675781
vt 0.1884766 0.7626953
vt 0.1850586 0.8100586
vt 0.2009277 0.8149414
vt 0.2005615 0.7675781
vt 0.2009277 0.7626953
vt 0.2005615 0.8100586
vt 0.213623 0.8149414
vt 0.2165527 0.7675781
vt 0.213623 0.7626953
vt 0.2165527 0.8100586
vt 0.2233887 0.8149414
vt 0.2286377 0.7675781
vt 0.2233887 0.7626953
vt 0.2286377 0.8100586
vt 0.227417 0.8149414
vt 0.2338867 0.8100586
vt 0.2338867 0.7675781
vt 0.227417 0.7626953
vt 0.1730957 0.765625
vt 0.1781006 0.7617188
vt 0.1798096 0.7617188
vt 0.1751709 0.765625
vt 0.1864014 0.7617188
vt 0.1751709 0.8144531
vt 0.1730957 0.8144531
vt 0.1781006 0.8178711
vt 0.1798096 0.8178711
vt 0.1833496 0.8144531
vt 0.1864014 0.8178711
vt 0.1833496 0.765625
vt 0.196167 0.7617188
vt 0.1955566 0.8144531
vt 0.196167 0.8178711
vt 0.1955566 0.765625
vt 0.2064209 0.7617188
vt 0.2084961 0.8144531
vt 0.2064209 0.8178711
vt 0.2084961 0.765625
vt 0.2144775 0.7617188
vt 0.2186279 0.8144531
vt 0.2144775 0.8178711
vt 0.2186279 0.765625
vt 0.2182617 0.7617188
vt 0.2232666 0.765625
vt 0.2232666 0.8144531
vt 0.2182617 0.8178711
vt 0.1025391 0.762207
vt 0.1000977 0.762207
vt 0.1008301 0.762207
vt 0.1018677 0.762207
vt 0.1091919 0.762207
vt 0.1087646 0.762207
vt 0.1191406 0.762207
vt 0.1190186 0.762207
vt 0.1296387 0.762207
vt 0.1298828 0.762207
vt 0.1378174 0.762207
vt 0.1384277 0.762207
vt 0.1416016 0.762207
vt 0.142334 0.762207
vt 0.1008301 0.762207
vt 0.1000977 0.762207
vt 0.1040039 0.762207
vt 0.1046143 0.762207
vt 0.1124878 0.762207
vt 0.112793 0.762207
vt 0.1233521 0.762207
vt 0.123291 0.762207
vt 0.133667 0.762207
vt 0.1331787 0.762207
vt 0.1405029 0.762207
vt 0.1398926 0.762207
vt 0.142334 0.762207
vt 0.1416016 0.762207
vt 0.08575439 0.809082
vt 0.09289551 0.8144531
vt 0.09814453 0.8144531
vt 0.09228516 0.809082
vt 0.1095581 0.8144531
vt 0.09228516 0.7670898
vt 0.08575439 0.7670898
vt 0.09289551 0.7617188
vt 0.09814453 0.7617188
vt 0.1066284 0.7670898
vt 0.1095581 0.7617188
vt 0.1066284 0.809082
vt 0.1240845 0.8144531
vt 0.1248169 0.7670898
vt 0.1240845 0.7617188
vt 0.1248169 0.809082
vt 0.1378174 0.8144531
vt 0.1420898 0.7670898
vt 0.1378174 0.7617188
vt 0.1420898 0.809082
vt 0.1470947 0.8144531
vt 0.1536865 0.7670898
vt 0.1470947 0.7617188
vt 0.1536865 0.809082
vt 0.1494141 0.8144531
vt 0.1566162 0.809082
vt 0.1566162 0.7670898
vt 0.1494141 0.7617188
vt 0.1566162 0.809082
vt 0.1494141 0.8144531
vt 0.1442871 0.8144531
vt 0.1501465 0.809082
vt 0.1328125 0.8144531
vt 0.1501465 0.7670898
vt 0.1566162 0.7670898
vt 0.1494141 0.7617188
vt 0.1442871 0.7617188
vt 0.1357422 0.7670898
vt 0.1328125 0.7617188
vt 0.1357422 0.809082
vt 0.1182861 0.8144531
vt 0.1175537 0.7670898
vt 0.1182861 0.7617188
vt 0.1175537 0.809082
vt 0.1045532 0.8144531
vt 0.1003418 0.7670898
vt 0.1045532 0.7617188
vt 0.1003418 0.809082
vt 0.09527588 0.8144531
vt 0.08868408 0.7670898
vt 0.09527588 0.7617188
vt 0.08868408 0.809082
vt 0.09289551 0.8144531
vt 0.08575439 0.809082
vt 0.08575439 0.7670898
vt 0.09289551 0.7617188
vt 0.09527588 0.8144531
vt 0.1008301 0.809082
vt 0.09289551 0.8144531
vt 0.1025391 0.809082
vt 0.1045532 0.8144531
vt 0.1091919 0.809082
vt 0.1182861 0.8144531
vt 0.1191406 0.809082
vt 0.1328125 0.8144531
vt 0.1296387 0.809082
vt 0.1442871 0.8144531
vt 0.1378174 0.809082
vt 0.1494141 0.8144531
vt 0.1416016 0.809082
vt 0.09527588 0.7617188
vt 0.09289551 0.7617188
vt 0.1000977 0.7670898
vt 0.1018677 0.7670898
vt 0.1087646 0.7670898
vt 0.1045532 0.7617188
vt 0.1190186 0.7670898
vt 0.1182861 0.7617188
vt 0.1298828 0.7670898
vt 0.1328125 0.7617188
vt 0.1384277 0.7670898
vt 0.1442871 0.7617188
vt 0.142334 0.7670898
vt 0.1494141 0.7617188
vt 0.09289551 0.8144531
vt 0.1008301 0.809082
vt 0.1046143 0.809082
vt 0.09814453 0.8144531
vt 0.112793 0.809082
vt 0.1095581 0.8144531
vt 0.123291 0.809082
vt 0.1240845 0.8144531
vt 0.1331787 0.809082
vt 0.1378174 0.8144531
vt 0.1398926 0.809082
vt 0.1470947 0.8144531
vt 0.1416016 0.809082
vt 0.1494141 0.8144531
vt 0.09814453 0.7617188
vt 0.1000977 0.7670898
vt 0.09289551 0.7617188
vt 0.1040039 0.7670898
vt 0.1095581 0.7617188
vt 0.1124878 0.7670898
vt 0.1240845 0.7617188
vt 0.1233521 0.7670898
vt 0.1378174 0.7617188
vt 0.133667 0.7670898
vt 0.1470947 0.7617188
vt 0.1405029 0.7670898
vt 0.1494141 0.7617188
vt 0.142334 0.7670898
vt 0.1730957 0.8144531
vt 0.1781006 0.8178711
vt 0.1818848 0.8178711
vt 0.1777344 0.8144531
vt 0.1899414 0.8178711
vt 0.1777344 0.765625
vt 0.1730957 0.765625
vt 0.1781006 0.7617188
vt 0.1818848 0.7617188
vt 0.1878662 0.765625
vt 0.1899414 0.7617188
vt 0.1878662 0.8144531
vt 0.2001953 0.8178711
vt 0.2008057 0.765625
vt 0.2001953 0.7617188
vt 0.2008057 0.8144531
vt 0.2099609 0.8178711
vt 0.2130127 0.765625
vt 0.2099609 0.7617188
vt 0.2130127 0.8144531
vt 0.2165527 0.8178711
vt 0.2211914 0.765625
vt 0.2165527 0.7617188
vt 0.2211914 0.8144531
vt 0.2182617 0.8178711
vt 0.2232666 0.8144531
vt 0.2232666 0.765625
vt 0.2182617 0.7617188
vt 0.1708984 0.7675781
vt 0.1772461 0.7626953
vt 0.1813965 0.7626953
vt 0.1760254 0.7675781
vt 0.19104 0.7626953
vt 0.1760254 0.8100586
vt 0.1708984 0.8100586
vt 0.1772461 0.8149414
vt 0.1813965 0.8149414
vt 0.1882324 0.8100586
vt 0.19104 0.8149414
vt 0.1882324 0.7675781
vt 0.2038574 0.7626953
vt 0.2042236 0.8100586
vt 0.2038574 0.8149414
vt 0.2042236 0.7675781
vt 0.2161865 0.7626953
vt 0.2197266 0.8100586
vt 0.2161865 0.8149414
vt 0.2197266 0.7675781
vt 0.2248535 0.7626953
vt 0.2305908 0.8100586
vt 0.2248535 0.8149414
vt 0.2305908 0.7675781
vt 0.227417 0.7626953
vt 0.2338867 0.7675781
vt 0.2338867 0.8100586
vt 0.227417 0.8149414
vt 0.02613831 0.7631836
vt 0.02330017 0.7631836
vt 0.02381897 0.7631836
vt 0.02571106 0.7631836
vt 0.03164673 0.7631836
vt 0.03140259 0.7631836
vt 0.03884888 0.7631836
vt 0.03887939 0.7631836
vt 0.0458374 0.7631836
vt 0.04611206 0.7631836
vt 0.05072021 0.7631836
vt 0.05117798 0.7631836
vt 0.05221558 0.7631836
vt 0.05273438 0.7631836
vt 0.02381897 0.7631836
vt 0.02330017 0.7631836
vt 0.02484131 0.7631836
vt 0.02529907 0.7631836
vt 0.02990723 0.7631836
vt 0.03019714 0.7631836
vt 0.03717041 0.7631836
vt 0.03717041 0.7631836
vt 0.0446167 0.7631836
vt 0.04440308 0.7631836
vt 0.05032349 0.7631836
vt 0.04989624 0.7631836
vt 0.05273438 0.7631836
vt 0.05221558 0.7631836
vt 0.01329041 0.8134766
vt 0.01831055 0.8173828
vt 0.02037048 0.8173828
vt 0.0158844 0.8134766
vt 0.02716064 0.8173828
vt 0.0158844 0.7680664
vt 0.01329041 0.7680664
vt 0.01831055 0.7641602
vt 0.02037048 0.7641602
vt 0.0243988 0.7680664
vt 0.02716064 0.7641602
vt 0.0243988 0.8134766
vt 0.03686523 0.8173828
vt 0.03656006 0.7680664
vt 0.03686523 0.7641602
vt 0.03656006 0.8134766
vt 0.046875 0.8173828
vt 0.0491333 0.7680664
vt 0.046875 0.7641602
vt 0.0491333 0.8134766
vt 0.05450439 0.8173828
vt 0.05871582 0.7680664
vt 0.05450439 0.7641602
vt 0.05871582 0.8134766
vt 0.05773926 0.8173828
vt 0.06274414 0.8134766
vt 0.06274414 0.7680664
vt 0.05773926 0.7641602
vt 0.06274414 0.8134766
vt 0.05773926 0.8173828
vt 0.05566406 0.8173828
vt 0.06015015 0.8134766
vt 0.04885864 0.8173828
vt 0.06015015 0.7680664
vt 0.06274414 0.7680664
vt 0.05773926 0.7641602
vt 0.05566406 0.7641602
vt 0.05163574 0.7680664
vt 0.04885864 0.7641602
vt 0.05163574 0.8134766
vt 0.03918457 0.8173828
vt 0.03945923 0.7680664
vt 0.03918457 0.7641602
vt 0.03945923 0.8134766
vt 0.02915955 0.8173828
vt 0.02690125 0.7680664
vt 0.02915955 0.7641602
vt 0.02690125 0.8134766
vt 0.02153015 0.8173828
vt 0.01733398 0.7680664
vt 0.02153015 0.7641602
vt 0.01733398 0.8134766
vt 0.01831055 0.8173828
vt 0.01329041 0.8134766
vt 0.01329041 0.7680664
vt 0.01831055 0.7641602
vt 0.02153015 0.8173828
vt 0.02381897 0.8134766
vt 0.01831055 0.8173828
vt 0.02613831 0.8134766
vt 0.02915955 0.8173828
vt 0.03164673 0.8134766
vt 0.03918457 0.8173828
vt 0.03884888 0.8134766
vt 0.04885864 0.8173828
vt 0.0458374 0.8134766
vt 0.05566406 0.8173828
vt 0.05072021 0.8134766
vt 0.05773926 0.8173828
vt 0.05221558 0.8134766
vt 0.02153015 0.7641602
vt 0.01831055 0.7641602
vt 0.02330017 0.7680664
vt 0.02571106 0.7680664
vt 0.03140259 0.7680664
vt 0.02915955 0.7641602
vt 0.03887939 0.7680664
vt 0.03918457 0.7641602
vt 0.04611206 0.7680664
vt 0.04885864 0.7641602
vt 0.05117798 0.7680664
vt 0.05566406 0.7641602
vt 0.05273438 0.7680664
vt 0.05773926 0.7641602
vt 0.01831055 0.8173828
vt 0.02381897 0.8134766
vt 0.02529907 0.8134766
vt 0.02037048 0.8173828
vt 0.03019714 0.8134766
vt 0.02716064 0.8173828
vt 0.03717041 0.8134766
vt 0.03686523 0.8173828
vt 0.04440308 0.8134766
vt 0.046875 0.8173828
vt 0.04989624 0.8134766
vt 0.05450439 0.8173828
vt 0.05221558 0.8134766
vt 0.05773926 0.8173828
vt 0.02037048 0.7641602
vt 0.02330017 0.7680664
vt 0.01831055 0.7641602
vt 0.02484131 0.7680664
vt 0.02716064 0.7641602
vt 0.02990723 0.7680664
vt 0.03686523 0.7641602
vt 0.03717041 0.7680664
vt 0.046875 0.7641602
vt 0.0446167 0.7680664
vt 0.05450439 0.7641602
vt 0.05032349 0.7680664
vt 0.05773926 0.7641602
vt 0.05273438 0.7680664
vt 0.1708984 0.8100586
vt 0.1772461 0.8149414
vt 0.1799316 0.8149414
vt 0.1741943 0.8100586
vt 0.1884766 0.8149414
vt 0.1741943 0.7675781
vt 0.1708984 0.7675781
vt 0.1772461 0.7626953
vt 0.1799316 0.7626953
vt 0.1850586 0.7675781
vt 0.1884766 0.7626953
vt 0.1850586 0.8100586
vt 0.2009277 0.8149414
vt 0.2005615 0.7675781
vt 0.2009277 0.7626953
vt 0.2005615 0.8100586
vt 0.213623 0.8149414
vt 0.2165527 0.7675781
vt 0.213623 0.7626953
vt 0.2165527 0.8100586
vt 0.2233887 0.8149414
vt 0.2286377 0.7675781
vt 0.2233887 0.7626953
vt 0.2286377 0.8100586
vt 0.227417 0.8149414
vt 0.2338867 0.8100586
vt 0.2338867 0.7675781
vt 0.227417 0.7626953
vt 0.1730957 0.765625
vt 0.1781006 0.7617188
vt 0.1798096 0.7617188
vt 0.1751709 0.765625
vt 0.1864014 0.7617188
vt 0.1751709 0.8144531
vt 0.1730957 0.8144531
vt 0.1781006 0.8178711
vt 0.1798096 0.8178711
vt 0.1833496 0.8144531
vt 0.1864014 0.8178711
vt 0.1833496 0.765625
vt 0.196167 0.7617188
vt 0.1955566 0.8144531
vt 0.196167 0.8178711
vt 0.1955566 0.765625
vt 0.2064209 0.7617188
vt 0.2084961 0.8144531
vt 0.2064209 0.8178711
vt 0.2084961 0.765625
vt 0.2144775 0.7617188
vt 0.2186279 0.8144531
vt 0.2144775 0.8178711
vt 0.2186279 0.765625
vt 0.2182617 0.7617188
vt 0.2232666 0.765625
vt 0.2232666 0.8144531
vt 0.2182617 0.8178711
vt 0.1025391 0.762207
vt 0.1000977 0.762207
vt 0.1008301 0.762207
vt 0.1018677 0.762207
vt 0.1091919 0.762207
vt 0.1087646 0.762207
vt 0.1191406 0.762207
vt 0.1190186 0.762207
vt 0.1296387 0.762207
vt 0.1298828 0.762207
vt 0.1378174 0.762207
vt 0.1384277 0.762207
vt 0.1416016 0.762207
vt 0.142334 0.762207
vt 0.1008301 0.762207
vt 0.1000977 0.762207
vt 0.1040039 0.762207
vt 0.1046143 0.762207
vt 0.1124878 0.762207
vt 0.112793 0.762207
vt 0.1233521 0.762207
vt 0.123291 0.762207
vt 0.133667 0.762207
vt 0.1331787 0.762207
vt 0.1405029 0.762207
vt 0.1398926 0.762207
vt 0.142334 0.762207
vt 0.1416016 0.762207
vt 0.08575439 0.809082
vt 0.09289551 0.8144531
vt 0.09814453 0.8144531
vt 0.09228516 0.809082
vt 0.1095581 0.8144531
vt 0.09228516 0.7670898
vt 0.08575439 0.7670898
vt 0.09289551 0.7617188
vt 0.09814453 0.7617188
vt 0.1066284 0.7670898
vt 0.1095581 0.7617188
vt 0.1066284 0.809082
vt 0.1240845 0.8144531
vt 0.1248169 0.7670898
vt 0.1240845 0.7617188
vt 0.1248169 0.809082
vt 0.1378174 0.8144531
vt 0.1420898 0.7670898
vt 0.1378174 0.7617188
vt 0.1420898 0.809082
vt 0.1470947 0.8144531
vt 0.1536865 0.7670898
vt 0.1470947 0.7617188
vt 0.1536865 0.809082
vt 0.1494141 0.8144531
vt 0.1566162 0.809082
vt 0.1566162 0.7670898
vt 0.1494141 0.7617188
vt 0.1566162 0.809082
vt 0.1494141 0.8144531
vt 0.1442871 0.8144531
vt 0.1501465 0.809082
vt 0.1328125 0.8144531
vt 0.1501465 0.7670898
vt 0.1566162 0.7670898
vt 0.1494141 0.7617188
vt 0.1442871 0.7617188
vt 0.1357422 0.7670898
vt 0.1328125 0.7617188
vt 0.1357422 0.809082
vt 0.1182861 0.8144531
vt 0.1175537 0.7670898
vt 0.1182861 0.7617188
vt 0.1175537 0.809082
vt 0.1045532 0.8144531
vt 0.1003418 0.7670898
vt 0.1045532 0.7617188
vt 0.1003418 0.809082
vt 0.09527588 0.8144531
vt 0.08868408 0.7670898
vt 0.09527588 0.7617188
vt 0.08868408 0.809082
vt 0.09289551 0.8144531
vt 0.08575439 0.809082
vt 0.08575439 0.7670898
vt 0.09289551 0.7617188
vt 0.09527588 0.8144531
vt 0.1008301 0.809082
vt 0.09289551 0.8144531
vt 0.1025391 0.809082
vt 0.1045532 0.8144531
vt 0.1091919 0.809082
vt 0.1182861 0.8144531
vt 0.1191406 0.809082
vt 0.1328125 0.8144531
vt 0.1296387 0.809082
vt 0.1442871 0.8144531
vt 0.1378174 0.809082
vt 0.1494141 0.8144531
vt 0.1416016 0.809082
vt 0.09527588 0.7617188
vt 0.09289551 0.7617188
vt 0.1000977 0.7670898
vt 0.1018677 0.7670898
vt 0.1087646 0.7670898
vt 0.1045532 0.7617188
vt 0.1190186 0.7670898
vt 0.1182861 0.7617188
vt 0.1298828 0.7670898
vt 0.1328125 0.7617188
vt 0.1384277 0.7670898
vt 0.1442871 0.7617188
vt 0.142334 0.7670898
vt 0.1494141 0.7617188
vt 0.09289551 0.8144531
vt 0.1008301 0.809082
vt 0.1046143 0.809082
vt 0.09814453 0.8144531
vt 0.112793 0.809082
vt 0.1095581 0.8144531
vt 0.123291 0.809082
vt 0.1240845 0.8144531
vt 0.1331787 0.809082
vt 0.1378174 0.8144531
vt 0.1398926 0.809082
vt 0.1470947 0.8144531
vt 0.1416016 0.809082
vt 0.1494141 0.8144531
vt 0.09814453 0.7617188
vt 0.1000977 0.7670898
vt 0.09289551 0.7617188
vt 0.1040039 0.7670898
vt 0.1095581 0.7617188
vt 0.1124878 0.7670898
vt 0.1240845 0.7617188
vt 0.1233521 0.7670898
vt 0.1378174 0.7617188
vt 0.133667 0.7670898
vt 0.1470947 0.7617188
vt 0.1405029 0.7670898
vt 0.1494141 0.7617188
vt 0.142334 0.7670898
vt 0.1730957 0.8144531
vt 0.1781006 0.8178711
vt 0.1818848 0.8178711
vt 0.1777344 0.8144531
vt 0.1899414 0.8178711
vt 0.1777344 0.765625
vt 0.1730957 0.765625
vt 0.1781006 0.7617188
vt 0.1818848 0.7617188
vt 0.1878662 0.765625
vt 0.1899414 0.7617188
vt 0.1878662 0.8144531
vt 0.2001953 0.8178711
vt 0.2008057 0.765625
vt 0.2001953 0.7617188
vt 0.2008057 0.8144531
vt 0.2099609 0.8178711
vt 0.2130127 0.765625
vt 0.2099609 0.7617188
vt 0.2130127 0.8144531
vt 0.2165527 0.8178711
vt 0.2211914 0.765625
vt 0.2165527 0.7617188
vt 0.2211914 0.8144531
vt 0.2182617 0.8178711
vt 0.2232666 0.8144531
vt 0.2232666 0.765625
vt 0.2182617 0.7617188
vt 0.1708984 0.7675781
vt 0.1772461 0.7626953
vt 0.1813965 0.7626953
vt 0.1760254 0.7675781
vt 0.19104 0.7626953
vt 0.1760254 0.8100586
vt 0.1708984 0.8100586
vt 0.1772461 0.8149414
vt 0.1813965 0.8149414
vt 0.1882324 0.8100586
vt 0.19104 0.8149414
vt 0.1882324 0.7675781
vt 0.2038574 0.7626953
vt 0.2042236 0.8100586
vt 0.2038574 0.8149414
vt 0.2042236 0.7675781
vt 0.2161865 0.7626953
vt 0.2197266 0.8100586
vt 0.2161865 0.8149414
vt 0.2197266 0.7675781
vt 0.2248535 0.7626953
vt 0.2305908 0.8100586
vt 0.2248535 0.8149414
vt 0.2305908 0.7675781
vt 0.227417 0.7626953
vt 0.2338867 0.7675781
vt 0.2338867 0.8100586
vt 0.227417 0.8149414
vt 0.02613831 0.7631836
vt 0.02330017 0.7631836
vt 0.02381897 0.7631836
vt 0.02571106 0.7631836
vt 0.03164673 0.7631836
vt 0.03140259 0.7631836
vt 0.03884888 0.7631836
vt 0.03887939 0.7631836
vt 0.0458374 0.7631836
vt 0.04611206 0.7631836
vt 0.05072021 0.7631836
vt 0.05117798 0.7631836
vt 0.05221558 0.7631836
vt 0.05273438 0.7631836
vt 0.02381897 0.7631836
vt 0.02330017 0.7631836
vt 0.02484131 0.7631836
vt 0.02529907 0.7631836
vt 0.02990723 0.7631836
vt 0.03019714 0.7631836
vt 0.03717041 0.7631836
vt 0.03717041 0.7631836
vt 0.0446167 0.7631836
vt 0.04440308 0.7631836
vt 0.05032349 0.7631836
vt 0.04989624 0.7631836
vt 0.05273438 0.7631836
vt 0.05221558 0.7631836
vt 0.01329041 0.8134766
vt 0.01831055 0.8173828
vt 0.02037048 0.8173828
vt 0.0158844 0.8134766
vt 0.02716064 0.8173828
vt 0.0158844 0.7680664
vt 0.01329041 0.7680664
vt 0.01831055 0.7641602
vt 0.02037048 0.7641602
vt 0.0243988 0.7680664
vt 0.02716064 0.7641602
vt 0.0243988 0.8134766
vt 0.03686523 0.8173828
vt 0.03656006 0.7680664
vt 0.03686523 0.7641602
vt 0.03656006 0.8134766
vt 0.046875 0.8173828
vt 0.0491333 0.7680664
vt 0.046875 0.7641602
vt 0.0491333 0.8134766
vt 0.05450439 0.8173828
vt 0.05871582 0.7680664
vt 0.05450439 0.7641602
vt 0.05871582 0.8134766
vt 0.05773926 0.8173828
vt 0.06274414 0.8134766
vt 0.06274414 0.7680664
vt 0.05773926 0.7641602
vt 0.06274414 0.8134766
vt 0.05773926 0.8173828
vt 0.05566406 0.8173828
vt 0.06015015 0.8134766
vt 0.04885864 0.8173828
vt 0.06015015 0.7680664
vt 0.06274414 0.7680664
vt 0.05773926 0.7641602
vt 0.05566406 0.7641602
vt 0.05163574 0.7680664
vt 0.04885864 0.7641602
vt 0.05163574 0.8134766
vt 0.03918457 0.8173828
vt 0.03945923 0.7680664
vt 0.03918457 0.7641602
vt 0.03945923 0.8134766
vt 0.02915955 0.8173828
vt 0.02690125 0.7680664
vt 0.02915955 0.7641602
vt 0.02690125 0.8134766
vt 0.02153015 0.8173828
vt 0.01733398 0.7680664
vt 0.02153015 0.7641602
vt 0.01733398 0.8134766
vt 0.01831055 0.8173828
vt 0.01329041 0.8134766
vt 0.01329041 0.7680664
vt 0.01831055 0.7641602
vt 0.02153015 0.8173828
vt 0.02381897 0.8134766
vt 0.01831055 0.8173828
vt 0.02613831 0.8134766
vt 0.02915955 0.8173828
vt 0.03164673 0.8134766
vt 0.03918457 0.8173828
vt 0.03884888 0.8134766
vt 0.04885864 0.8173828
vt 0.0458374 0.8134766
vt 0.05566406 0.8173828
vt 0.05072021 0.8134766
vt 0.05773926 0.8173828
vt 0.05221558 0.8134766
vt 0.02153015 0.7641602
vt 0.01831055 0.7641602
vt 0.02330017 0.7680664
vt 0.02571106 0.7680664
vt 0.03140259 0.7680664
vt 0.02915955 0.7641602
vt 0.03887939 0.7680664
vt 0.03918457 0.7641602
vt 0.04611206 0.7680664
vt 0.04885864 0.7641602
vt 0.05117798 0.7680664
vt 0.05566406 0.7641602
vt 0.05273438 0.7680664
vt 0.05773926 0.7641602
vt 0.01831055 0.8173828
vt 0.02381897 0.8134766
vt 0.02529907 0.8134766
vt 0.02037048 0.8173828
vt 0.03019714 0.8134766
vt 0.02716064 0.8173828
vt 0.03717041 0.8134766
vt 0.03686523 0.8173828
vt 0.04440308 0.8134766
vt 0.046875 0.8173828
vt 0.04989624 0.8134766
vt 0.05450439 0.8173828
vt 0.05221558 0.8134766
vt 0.05773926 0.8173828
vt 0.02037048 0.7641602
vt 0.02330017 0.7680664
vt 0.01831055 0.7641602
vt 0.02484131 0.7680664
vt 0.02716064 0.7641602
vt 0.02990723 0.7680664
vt 0.03686523 0.7641602
vt 0.03717041 0.7680664
vt 0.046875 0.7641602
vt 0.0446167 0.7680664
vt 0.05450439 0.7641602
vt 0.05032349 0.7680664
vt 0.05773926 0.7641602
vt 0.05273438 0.7680664
vt 0.1708984 0.8100586
vt 0.1772461 0.8149414
vt 0.1799316 0.8149414
vt 0.1741943 0.8100586
vt 0.1884766 0.8149414
vt 0.1741943 0.7675781
vt 0.1708984 0.7675781
vt 0.1772461 0.7626953
vt 0.1799316 0.7626953
vt 0.1850586 0.7675781
vt 0.1884766 0.7626953
vt 0.1850586 0.8100586
vt 0.2009277 0.8149414
vt 0.2005615 0.7675781
vt 0.2009277 0.7626953
vt 0.2005615 0.8100586
vt 0.213623 0.8149414
vt 0.2165527 0.7675781
vt 0.213623 0.7626953
vt 0.2165527 0.8100586
vt 0.2233887 0.8149414
vt 0.2286377 0.7675781
vt 0.2233887 0.7626953
vt 0.2286377 0.8100586
vt 0.227417 0.8149414
vt 0.2338867 0.8100586
vt 0.2338867 0.7675781
vt 0.227417 0.7626953
vt 0.1730957 0.765625
vt 0.1781006 0.7617188
vt 0.1798096 0.7617188
vt 0.1751709 0.765625
vt 0.1864014 0.7617188
vt 0.1751709 0.8144531
vt 0.1730957 0.8144531
vt 0.1781006 0.8178711
vt 0.1798096 0.8178711
vt 0.1833496 0.8144531
vt 0.1864014 0.8178711
vt 0.1833496 0.765625
vt 0.196167 0.7617188
vt 0.1955566 0.8144531
vt 0.196167 0.8178711
vt 0.1955566 0.765625
vt 0.2064209 0.7617188
vt 0.2084961 0.8144531
vt 0.2064209 0.8178711
vt 0.2084961 0.765625
vt 0.2144775 0.7617188
vt 0.2186279 0.8144531
vt 0.2144775 0.8178711
vt 0.2186279 0.765625
vt 0.2182617 0.7617188
vt 0.2232666 0.765625
vt 0.2232666 0.8144531
vt 0.2182617 0.8178711
vt 0.1025391 0.762207
vt 0.1000977 0.762207
vt 0.1008301 0.762207
vt 0.1018677 0.762207
vt 0.1091919 0.762207
vt 0.1087646 0.762207
vt 0.1191406 0.762207
vt 0.1190186 0.762207
vt 0.1296387 0.762207
vt 0.1298828 0.762207
vt 0.1378174 0.762207
vt 0.1384277 0.762207
vt 0.1416016 0.762207
vt 0.142334 0.762207
vt 0.1008301 0.762207
vt 0.1000977 0.762207
vt 0.1040039 0.762207
vt 0.1046143 0.762207
vt 0.1124878 0.762207
vt 0.112793 0.762207
vt 0.1233521 0.762207
vt 0.123291 0.762207
vt 0.133667 0.762207
vt 0.1331787 0.762207
vt 0.1405029 0.762207
vt 0.1398926 0.762207
vt 0.142334 0.762207
vt 0.1416016 0.762207
vt 0.08575439 0.809082
vt 0.09289551 0.8144531
vt 0.09814453 0.8144531
vt 0.09228516 0.809082
vt 0.1095581 0.8144531
vt 0.09228516 0.7670898
vt 0.08575439 0.7670898
vt 0.09289551 0.7617188
vt 0.09814453 0.7617188
vt 0.1066284 0.7670898
vt 0.1095581 0.7617188
vt 0.1066284 0.809082
vt 0.1240845 0.8144531
vt 0.1248169 0.7670898
vt 0.1240845 0.7617188
vt 0.1248169 0.809082
vt 0.1378174 0.8144531
vt 0.1420898 0.7670898
vt 0.1378174 0.7617188
vt 0.1420898 0.809082
vt 0.1470947 0.8144531
vt 0.1536865 0.7670898
vt 0.1470947 0.7617188
vt 0.1536865 0.809082
vt 0.1494141 0.8144531
vt 0.1566162 0.809082
vt 0.1566162 0.7670898
vt 0.1494141 0.7617188
vt 0.1566162 0.809082
vt 0.1494141 0.8144531
vt 0.1442871 0.8144531
vt 0.1501465 0.809082
vt 0.1328125 0.8144531
vt 0.1501465 0.7670898
vt 0.1566162 0.7670898
vt 0.1494141 0.7617188
vt 0.1442871 0.7617188
vt 0.1357422 0.7670898
vt 0.1328125 0.7617188
vt 0.1357422 0.809082
vt 0.1182861 0.8144531
vt 0.1175537 0.7670898
vt 0.1182861 0.7617188
vt 0.1175537 0.809082
vt 0.1045532 0.8144531
vt 0.1003418 0.7670898
vt 0.1045532 0.7617188
vt 0.1003418 0.809082
vt 0.09527588 0.8144531
vt 0.08868408 0.7670898
vt 0.09527588 0.7617188
vt 0.08868408 0.809082
vt 0.09289551 0.8144531
vt 0.08575439 0.809082
vt 0.08575439 0.7670898
vt 0.09289551 0.7617188
vt 0.09527588 0.8144531
vt 0.1008301 0.809082
vt 0.09289551 0.8144531
vt 0.1025391 0.809082
vt 0.1045532 0.8144531
vt 0.1091919 0.809082
vt 0.1182861 0.8144531
vt 0.1191406 0.809082
vt 0.1328125 0.8144531
vt 0.1296387 0.809082
vt 0.1442871 0.8144531
vt 0.1378174 0.809082
vt 0.1494141 0.8144531
vt 0.1416016 0.809082
vt 0.09527588 0.7617188
vt 0.09289551 0.7617188
vt 0.1000977 0.7670898
vt 0.1018677 0.7670898
vt 0.1087646 0.7670898
vt 0.1045532 0.7617188
vt 0.1190186 0.7670898
vt 0.1182861 0.7617188
vt 0.1298828 0.7670898
vt 0.1328125 0.7617188
vt 0.1384277 0.7670898
vt 0.1442871 0.7617188
vt 0.142334 0.7670898
vt 0.1494141 0.7617188
vt 0.09289551 0.8144531
vt 0.1008301 0.809082
vt 0.1046143 0.809082
vt 0.09814453 0.8144531
vt 0.112793 0.809082
vt 0.1095581 0.8144531
vt 0.123291 0.809082
vt 0.1240845 0.8144531
vt 0.1331787 0.809082
vt 0.1378174 0.8144531
vt 0.1398926 0.809082
vt 0.1470947 0.8144531
vt 0.1416016 0.809082
vt 0.1494141 0.8144531
vt 0.09814453 0.7617188
vt 0.1000977 0.7670898
vt 0.09289551 0.7617188
vt 0.1040039 0.7670898
vt 0.1095581 0.7617188
vt 0.1124878 0.7670898
vt 0.1240845 0.7617188
vt 0.1233521 0.7670898
vt 0.1378174 0.7617188
vt 0.133667 0.7670898
vt 0.1470947 0.7617188
vt 0.1405029 0.7670898
vt 0.1494141 0.7617188
vt 0.142334 0.7670898
vt 0.1730957 0.8144531
vt 0.1781006 0.8178711
vt 0.1818848 0.8178711
vt 0.1777344 0.8144531
vt 0.1899414 0.8178711
vt 0.1777344 0.765625
vt 0.1730957 0.765625
vt 0.1781006 0.7617188
vt 0.1818848 0.7617188
vt 0.1878662 0.765625
vt 0.1899414 0.7617188
vt 0.1878662 0.8144531
vt 0.2001953 0.8178711
vt 0.2008057 0.765625
vt 0.2001953 0.7617188
vt 0.2008057 0.8144531
vt 0.2099609 0.8178711
vt 0.2130127 0.765625
vt 0.2099609 0.7617188
vt 0.2130127 0.8144531
vt 0.2165527 0.8178711
vt 0.2211914 0.765625
vt 0.2165527 0.7617188
vt 0.2211914 0.8144531
vt 0.2182617 0.8178711
vt 0.2232666 0.8144531
vt 0.2232666 0.765625
vt 0.2182617 0.7617188
vt 0.2232666 0.8144531
vt 0.2182617 0.8178711
vt 0.2144775 0.8178711
vt 0.2186279 0.8144531
vt 0.2064209 0.8178711
vt 0.2186279 0.765625
vt 0.2232666 0.765625
vt 0.2182617 0.7617188
vt 0.2144775 0.7617188
vt 0.2084961 0.765625
vt 0.2064209 0.7617188
vt 0.2084961 0.8144531
vt 0.196167 0.8178711
vt 0.1955566 0.765625
vt 0.196167 0.7617188
vt 0.1955566 0.8144531
vt 0.1864014 0.8178711
vt 0.1833496 0.765625
vt 0.1864014 0.7617188
vt 0.1833496 0.8144531
vt 0.1798096 0.8178711
vt 0.1751709 0.765625
vt 0.1798096 0.7617188
vt 0.1751709 0.8144531
vt 0.1781006 0.8178711
vt 0.1730957 0.8144531
vt 0.1730957 0.765625
vt 0.1781006 0.7617188
vt 0.2232666 0.765625
vt 0.2182617 0.7617188
vt 0.2165527 0.7617188
vt 0.2211914 0.765625
vt 0.2099609 0.7617188
vt 0.2211914 0.8144531
vt 0.2232666 0.8144531
vt 0.2182617 0.8178711
vt 0.2165527 0.8178711
vt 0.2130127 0.8144531
vt 0.2099609 0.8178711
vt 0.2130127 0.765625
vt 0.2001953 0.7617188
vt 0.2008057 0.8144531
vt 0.2001953 0.8178711
vt 0.2008057 0.765625
vt 0.1899414 0.7617188
vt 0.1878662 0.8144531
vt 0.1899414 0.8178711
vt 0.1878662 0.765625
vt 0.1818848 0.7617188
vt 0.1777344 0.8144531
vt 0.1818848 0.8178711
vt 0.1777344 0.765625
vt 0.1781006 0.7617188
vt 0.1730957 0.765625
vt 0.1730957 0.8144531
vt 0.1781006 0.8178711
vt 0.1442871 0.7617188
vt 0.142334 0.7670898
vt 0.1494141 0.7617188
vt 0.1384277 0.7670898
vt 0.1328125 0.7617188
vt 0.1298828 0.7670898
vt 0.1182861 0.7617188
vt 0.1190186 0.7670898
vt 0.1045532 0.7617188
vt 0.1087646 0.7670898
vt 0.09527588 0.7617188
vt 0.1018677 0.7670898
vt 0.1000977 0.7670898
vt 0.09289551 0.7617188
vt 0.08575439 0.7670898
vt 0.09289551 0.7617188
vt 0.09527588 0.7617188
vt 0.08868408 0.7670898
vt 0.1045532 0.7617188
vt 0.08868408 0.809082
vt 0.08575439 0.809082
vt 0.09289551 0.8144531
vt 0.09527588 0.8144531
vt 0.1003418 0.809082
vt 0.1045532 0.8144531
vt 0.1003418 0.7670898
vt 0.1182861 0.7617188
vt 0.1175537 0.809082
vt 0.1182861 0.8144531
vt 0.1175537 0.7670898
vt 0.1328125 0.7617188
vt 0.1357422 0.809082
vt 0.1328125 0.8144531
vt 0.1357422 0.7670898
vt 0.1442871 0.7617188
vt 0.1501465 0.809082
vt 0.1442871 0.8144531
vt 0.1501465 0.7670898
vt 0.1494141 0.7617188
vt 0.1566162 0.7670898
vt 0.1566162 0.809082
vt 0.1494141 0.8144531
vt 0.1494141 0.8144531
vt 0.1416016 0.809082
vt 0.1378174 0.809082
vt 0.1442871 0.8144531
vt 0.1296387 0.809082
vt 0.1328125 0.8144531
vt 0.1191406 0.809082
vt 0.1182861 0.8144531
vt 0.1091919 0.809082
vt 0.1045532 0.8144531
vt 0.1025391 0.809082
vt 0.09527588 0.8144531
vt 0.1008301 0.809082
vt 0.09289551 0.8144531
vt 0.1494141 0.7617188
vt 0.142334 0.7670898
vt 0.1405029 0.7670898
vt 0.1470947 0.7617188
vt 0.133667 0.7670898
vt 0.1378174 0.7617188
vt 0.1233521 0.7670898
vt 0.1240845 0.7617188
vt 0.1124878 0.7670898
vt 0.1095581 0.7617188
vt 0.1040039 0.7670898
vt 0.09814453 0.7617188
vt 0.1000977 0.7670898
vt 0.09289551 0.7617188
vt 0.1470947 0.8144531
vt 0.1416016 0.809082
vt 0.1494141 0.8144531
vt 0.1398926 0.809082
vt 0.1378174 0.8144531
vt 0.1331787 0.809082
vt 0.1240845 0.8144531
vt 0.123291 0.809082
vt 0.1095581 0.8144531
vt 0.112793 0.809082
vt 0.09814453 0.8144531
vt 0.1046143 0.809082
vt 0.09289551 0.8144531
vt 0.1008301 0.809082
vt 0.1566162 0.7670898
vt 0.1494141 0.7617188
vt 0.1470947 0.7617188
vt 0.1536865 0.7670898
vt 0.1378174 0.7617188
vt 0.1536865 0.809082
vt 0.1566162 0.809082
vt 0.1494141 0.8144531
vt 0.1470947 0.8144531
vt 0.1420898 0.809082
vt 0.1378174 0.8144531
vt 0.1420898 0.7670898
vt 0.1240845 0.7617188
vt 0.1248169 0.809082
vt 0.1240845 0.8144531
vt 0.1248169 0.7670898
vt 0.1095581 0.7617188
vt 0.1066284 0.809082
vt 0.1095581 0.8144531
vt 0.1066284 0.7670898
vt 0.09814453 0.7617188
vt 0.09228516 0.809082
vt 0.09814453 0.8144531
vt 0.09228516 0.7670898
vt 0.09289551 0.7617188
vt 0.08575439 0.7670898
vt 0.08575439 0.809082
vt 0.09289551 0.8144531
vt 0.1416016 0.762207
vt 0.142334 0.762207
vt 0.1384277 0.762207
vt 0.1378174 0.762207
vt 0.1298828 0.762207
vt 0.1296387 0.762207
vt 0.1190186 0.762207
vt 0.1191406 0.762207
vt 0.1087646 0.762207
vt 0.1091919 0.762207
vt 0.1018677 0.762207
vt 0.1025391 0.762207
vt 0.1000977 0.762207
vt 0.1008301 0.762207
vt 0.1398926 0.762207
vt 0.142334 0.762207
vt 0.1416016 0.762207
vt 0.1405029 0.762207
vt 0.1331787 0.762207
vt 0.133667 0.762207
vt 0.123291 0.762207
vt 0.1233521 0.762207
vt 0.112793 0.762207
vt 0.1124878 0.762207
vt 0.1046143 0.762207
vt 0.1040039 0.762207
vt 0.1008301 0.762207
vt 0.1000977 0.762207
vt 0.2338867 0.8100586
vt 0.227417 0.8149414
vt 0.2248535 0.8149414
vt 0.2305908 0.8100586
vt 0.2161865 0.8149414
vt 0.2305908 0.7675781
vt 0.2338867 0.7675781
vt 0.227417 0.7626953
vt 0.2248535 0.7626953
vt 0.2197266 0.7675781
vt 0.2161865 0.7626953
vt 0.2197266 0.8100586
vt 0.2038574 0.8149414
vt 0.2042236 0.7675781
vt 0.2038574 0.7626953
vt 0.2042236 0.8100586
vt 0.19104 0.8149414
vt 0.1882324 0.7675781
vt 0.19104 0.7626953
vt 0.1882324 0.8100586
vt 0.1813965 0.8149414
vt 0.1760254 0.7675781
vt 0.1813965 0.7626953
vt 0.1760254 0.8100586
vt 0.1772461 0.8149414
vt 0.1708984 0.8100586
vt 0.1708984 0.7675781
vt 0.1772461 0.7626953
vt 0.2338867 0.7675781
vt 0.227417 0.7626953
vt 0.2233887 0.7626953
vt 0.2286377 0.7675781
vt 0.213623 0.7626953
vt 0.2286377 0.8100586
vt 0.2338867 0.8100586
vt 0.227417 0.8149414
vt 0.2233887 0.8149414
vt 0.2165527 0.8100586
vt 0.213623 0.8149414
vt 0.2165527 0.7675781
vt 0.2009277 0.7626953
vt 0.2005615 0.8100586
vt 0.2009277 0.8149414
vt 0.2005615 0.7675781
vt 0.1884766 0.7626953
vt 0.1850586 0.8100586
vt 0.1884766 0.8149414
vt 0.1850586 0.7675781
vt 0.1799316 0.7626953
vt 0.1741943 0.8100586
vt 0.1799316 0.8149414
vt 0.1741943 0.7675781
vt 0.1772461 0.7626953
vt 0.1708984 0.7675781
vt 0.1708984 0.8100586
vt 0.1772461 0.8149414
vt 0.05566406 0.7641602
vt 0.05273438 0.7680664
vt 0.05773926 0.7641602
vt 0.05117798 0.7680664
vt 0.04885864 0.7641602
vt 0.04611206 0.7680664
vt 0.03918457 0.7641602
vt 0.03887939 0.7680664
vt 0.02915955 0.7641602
vt 0.03140259 0.7680664
vt 0.02153015 0.7641602
vt 0.02571106 0.7680664
vt 0.02330017 0.7680664
vt 0.01831055 0.7641602
vt 0.01329041 0.7680664
vt 0.01831055 0.7641602
vt 0.02153015 0.7641602
vt 0.01733398 0.7680664
vt 0.02915955 0.7641602
vt 0.01733398 0.8134766
vt 0.01329041 0.8134766
vt 0.01831055 0.8173828
vt 0.02153015 0.8173828
vt 0.02690125 0.8134766
vt 0.02915955 0.8173828
vt 0.02690125 0.7680664
vt 0.03918457 0.7641602
vt 0.03945923 0.8134766
vt 0.03918457 0.8173828
vt 0.03945923 0.7680664
vt 0.04885864 0.7641602
vt 0.05163574 0.8134766
vt 0.04885864 0.8173828
vt 0.05163574 0.7680664
vt 0.05566406 0.7641602
vt 0.06015015 0.8134766
vt 0.05566406 0.8173828
vt 0.06015015 0.7680664
vt 0.05773926 0.7641602
vt 0.06274414 0.7680664
vt 0.06274414 0.8134766
vt 0.05773926 0.8173828
vt 0.05773926 0.8173828
vt 0.05221558 0.8134766
vt 0.05072021 0.8134766
vt 0.05566406 0.8173828
vt 0.0458374 0.8134766
vt 0.04885864 0.8173828
vt 0.03884888 0.8134766
vt 0.03918457 0.8173828
vt 0.03164673 0.8134766
vt 0.02915955 0.8173828
vt 0.02613831 0.8134766
vt 0.02153015 0.8173828
vt 0.02381897 0.8134766
vt 0.01831055 0.8173828
vt 0.05773926 0.7641602
vt 0.05273438 0.7680664
vt 0.05032349 0.7680664
vt 0.05450439 0.7641602
vt 0.0446167 0.7680664
vt 0.046875 0.7641602
vt 0.03717041 0.7680664
vt 0.03686523 0.7641602
vt 0.02990723 0.7680664
vt 0.02716064 0.7641602
vt 0.02484131 0.7680664
vt 0.02037048 0.7641602
vt 0.02330017 0.7680664
vt 0.01831055 0.7641602
vt 0.05450439 0.8173828
vt 0.05221558 0.8134766
vt 0.05773926 0.8173828
vt 0.04989624 0.8134766
vt 0.046875 0.8173828
vt 0.04440308 0.8134766
vt 0.03686523 0.8173828
vt 0.03717041 0.8134766
vt 0.02716064 0.8173828
vt 0.03019714 0.8134766
vt 0.02037048 0.8173828
vt 0.02529907 0.8134766
vt 0.01831055 0.8173828
vt 0.02381897 0.8134766
vt 0.06274414 0.7680664
vt 0.05773926 0.7641602
vt 0.05450439 0.7641602
vt 0.05871582 0.7680664
vt 0.046875 0.7641602
vt 0.05871582 0.8134766
vt 0.06274414 0.8134766
vt 0.05773926 0.8173828
vt 0.05450439 0.8173828
vt 0.0491333 0.8134766
vt 0.046875 0.8173828
vt 0.0491333 0.7680664
vt 0.03686523 0.7641602
vt 0.03656006 0.8134766
vt 0.03686523 0.8173828
vt 0.03656006 0.7680664
vt 0.02716064 0.7641602
vt 0.0243988 0.8134766
vt 0.02716064 0.8173828
vt 0.0243988 0.7680664
vt 0.02037048 0.7641602
vt 0.0158844 0.8134766
vt 0.02037048 0.8173828
vt 0.0158844 0.7680664
vt 0.01831055 0.7641602
vt 0.01329041 0.7680664
vt 0.01329041 0.8134766
vt 0.01831055 0.8173828
vt 0.05221558 0.7631836
vt 0.05273438 0.7631836
vt 0.05117798 0.7631836
vt 0.05072021 0.7631836
vt 0.04611206 0.7631836
vt 0.0458374 0.7631836
vt 0.03887939 0.7631836
vt 0.03884888 0.7631836
vt 0.03140259 0.7631836
vt 0.03164673 0.7631836
vt 0.02571106 0.7631836
vt 0.02613831 0.7631836
vt 0.02330017 0.7631836
vt 0.02381897 0.7631836
vt 0.04989624 0.7631836
vt 0.05273438 0.7631836
vt 0.05221558 0.7631836
vt 0.05032349 0.7631836
vt 0.04440308 0.7631836
vt 0.0446167 0.7631836
vt 0.03717041 0.7631836
vt 0.03717041 0.7631836
vt 0.03019714 0.7631836
vt 0.02990723 0.7631836
vt 0.02529907 0.7631836
vt 0.02484131 0.7631836
vt 0.02381897 0.7631836
vt 0.02330017 0.7631836
vt 0.2780762 0.7626953
vt 0.2741699 0.7636719
vt 0.2773438 0.7626953
vt 0.2807617 0.762207
vt 0.2753906 0.7636719
vt 0.2722168 0.7670898
vt 0.2802734 0.7626953
vt 0.2736816 0.7670898
vt 0.2731934 0.7758789
vt 0.282959 0.7626953
vt 0.2844238 0.7626953
vt 0.2797852 0.7636719
vt 0.284668 0.7636719
vt 0.2873535 0.7636719
vt 0.2744141 0.7758789
vt 0.2751465 0.7841797
vt 0.2792969 0.7670898
vt 0.2858887 0.7670898
vt 0.2895508 0.7670898
vt 0.276123 0.7841797
vt 0.2770996 0.7900391
vt 0.279541 0.7758789
vt 0.2854004 0.7758789
vt 0.2885742 0.7758789
vt 0.2775879 0.7900391
vt 0.2785645 0.7939453
vt 0.2800293 0.7841797
vt 0.2844238 0.7841797
vt 0.2866211 0.7841797
vt 0.2790527 0.7939453
vt 0.2797852 0.7963867
vt 0.2802734 0.7900391
vt 0.2832031 0.7900391
vt 0.2849121 0.7900391
vt 0.2800293 0.7963867
vt 0.2810059 0.7978516
vt 0.2805176 0.7939453
vt 0.2824707 0.7939453
vt 0.2834473 0.7939453
vt 0.2807617 0.7963867
vt 0.2817383 0.7963867
vt 0.2819824 0.7963867
vt 0.2836914 0.7626953
vt 0.2873535 0.7636719
vt 0.2844238 0.7626953
vt 0.2807617 0.762207
vt 0.286377 0.7636719
vt 0.2895508 0.7670898
vt 0.2814941 0.7626953
vt 0.2880859 0.7670898
vt 0.2885742 0.7758789
vt 0.2788086 0.7626953
vt 0.2773438 0.7626953
vt 0.2819824 0.7636719
vt 0.2770996 0.7636719
vt 0.2741699 0.7636719
vt 0.2873535 0.7758789
vt 0.2866211 0.7841797
vt 0.2824707 0.7670898
vt 0.2756348 0.7670898
vt 0.2722168 0.7670898
vt 0.2856445 0.7841797
vt 0.2849121 0.7900391
vt 0.2822266 0.7758789
vt 0.2763672 0.7763672
vt 0.2731934 0.7758789
vt 0.2841797 0.7900391
vt 0.2834473 0.7939453
vt 0.2819824 0.7841797
vt 0.2775879 0.7841797
vt 0.2751465 0.7841797
vt 0.282959 0.7939453
vt 0.2819824 0.7963867
vt 0.2817383 0.7900391
vt 0.2785645 0.7900391
vt 0.2770996 0.7900391
vt 0.2819824 0.7963867
vt 0.2810059 0.7978516
vt 0.28125 0.7939453
vt 0.279541 0.7939453
vt 0.2785645 0.7939453
vt 0.28125 0.7963867
vt 0.2802734 0.7963867
vt 0.2797852 0.7963867
vn 7.659197E-05 -9.810925E-05 1
vn -7.712841E-05 -0.0002241135 1
vn -0.0002698898 -0.0002413988 1
vn -0.0002698898 -0.0002413988 1
vn -0.0004198551 -0.0002486706 1
vn -0.0003535748 5.418062E-05 1
vn -0.0004198551 -0.0002486706 1
vn -0.0004198551 -0.0002486706 1
vn -0.0004065037 -0.0001503229 1
vn -0.0004198551 -0.0002486706 1
vn -0.0004198551 -0.0002486706 1
vn -0.0004065037 -0.0001503229 1
vn -0.1323242 -0.06329346 0.9892578
vn -0.0004198551 -0.0002486706 1
vn -0.0004198551 -0.0002486706 1
vn -0.0004198551 -0.0002486706 1
vn -0.0004198551 -0.0002486706 1
vn -0.0004198551 -0.0002486706 1
vn -0.0006122589 0.0003631115 1
vn -0.0006122589 0.0003631115 1
vn 0.1525879 -0.0715332 0.9858398
vn 0 0.0003833771 1
vn 0 0.0003833771 1
vn 0 0.0003833771 1
vn 0.9941406 0.1101074 0.0004863739
vn 0.9941406 0.1102905 0.0004863739
vn 0.6245117 0.7807617 0.0002903938
vn 0.625 0.7807617 0.0002906322
vn -0.1104736 0.9936523 -7.587671E-05
vn -0.1098633 0.9941406 -7.557869E-05
vn -0.7807617 0.625 -0.0003983974
vn -0.7807617 0.625 -0.0003983974
vn -0.9941406 -0.1101074 -0.0004870892
vn -0.9941406 -0.1102295 -0.0004870892
vn -0.9941406 -0.1102295 -0.0004870892
vn -0.9941406 -0.1101074 -0.0004870892
vn -0.625 -0.7807617 -0.0002906322
vn -0.6245117 -0.7807617 -0.0002903938
vn 0.1098633 -0.9941406 7.528067E-05
vn 0.1104736 -0.9936523 7.551908E-05
vn 0.7807617 -0.625 0.0003969669
vn 0.7807617 -0.625 0.0003969669
vn 0.9941406 0.1102905 0.0004863739
vn 0.9941406 0.1101074 0.0004863739
vn 0.9179688 -0.3967285 0.000487566
vn 0.9179688 -0.3967285 0.000487566
vn 0.9296875 0.3686523 0.0002920628
vn 0.9296875 0.3681641 0.0002920628
vn 0.3964844 0.9179688 -7.599592E-05
vn 0.3969727 0.9179688 -7.56979E-05
vn -0.3686523 0.9296875 -0.0003995895
vn -0.3684082 0.9296875 -0.0003993511
vn -0.9179688 0.3967285 -0.0004892349
vn -0.9179688 0.3967285 -0.0004892349
vn -0.9179688 0.3967285 -0.0004892349
vn -0.9179688 0.3967285 -0.0004892349
vn -0.9296875 -0.3681641 -0.000292778
vn -0.9296875 -0.3686523 -0.0002925396
vn -0.3969727 -0.9179688 7.516146E-05
vn -0.3964844 -0.9179688 7.539988E-05
vn 0.3684082 -0.9296875 0.0003979206
vn 0.3686523 -0.9296875 0.0003979206
vn 0.9179688 -0.3967285 0.000487566
vn 0.9179688 -0.3967285 0.000487566
vn 0.3862305 -0.8208008 0.4208984
vn 0.2546387 -0.5415039 0.8012695
vn 0.4914551 -0.3415527 0.8012695
vn 0.7446289 -0.5175781 0.4208984
vn 0.5961914 -0.05014038 0.8012695
vn 0.7446289 -0.5175781 -0.4208984
vn 0.3862305 -0.8208008 -0.4208984
vn 0.2546387 -0.5415039 -0.8012695
vn 0.4914551 -0.3415527 -0.8012695
vn 0.9038086 -0.07598877 -0.4208984
vn 0.5961914 -0.05014038 -0.8012695
vn 0.9038086 -0.07598877 0.4208984
vn 0.5415039 0.2546387 0.8012695
vn 0.8208008 0.3862305 -0.4208984
vn 0.5415039 0.2546387 -0.8012695
vn 0.8208008 0.3862305 0.4208984
vn 0.3415527 0.4914551 0.8012695
vn 0.5175781 0.7446289 -0.4208984
vn 0.3415527 0.4914551 -0.8012695
vn 0.5175781 0.7446289 0.4208984
vn 0.05010986 0.5961914 0.8012695
vn 0.07598877 0.9038086 -0.4208984
vn 0.05010986 0.5961914 -0.8012695
vn 0.07598877 0.9038086 0.4208984
vn -0.2548828 0.5415039 0.8012695
vn -0.3862305 0.8208008 0.4208984
vn -0.3862305 0.8208008 -0.4208984
vn -0.2548828 0.5415039 -0.8012695
vn 0.3862305 -0.8208008 -0.4208984
vn 0.2546387 -0.5415039 -0.8012695
vn -0.05014038 -0.5961914 -0.8012695
vn -0.07598877 -0.9038086 -0.4208984
vn -0.3415527 -0.4914551 -0.8012695
vn -0.07598877 -0.9038086 0.4208984
vn 0.3862305 -0.8208008 0.4208984
vn 0.2546387 -0.5415039 0.8012695
vn -0.05014038 -0.5961914 0.8012695
vn -0.5175781 -0.7446289 0.4208984
vn -0.3415527 -0.4914551 0.8012695
vn -0.5175781 -0.7446289 -0.4208984
vn -0.5415039 -0.2546387 -0.8012695
vn -0.8208008 -0.3862305 0.4208984
vn -0.5415039 -0.2546387 0.8012695
vn -0.8208008 -0.3862305 -0.4208984
vn -0.5961914 0.05010986 -0.8012695
vn -0.9038086 0.07598877 0.4208984
vn -0.5961914 0.05010986 0.8012695
vn -0.9038086 0.07598877 -0.4208984
vn -0.4914551 0.3415527 -0.8012695
vn -0.7446289 0.5175781 0.4208984
vn -0.4914551 0.3415527 0.8012695
vn -0.7446289 0.5175781 -0.4208984
vn -0.2548828 0.5415039 -0.8012695
vn -0.3862305 0.8208008 -0.4208984
vn -0.3862305 0.8208008 0.4208984
vn -0.2548828 0.5415039 0.8012695
vn -0.4865723 0.3381348 -0.8056641
vn -0.3679199 0.7822266 -0.5029297
vn -0.2521973 0.5361328 -0.8056641
vn -0.7099609 0.4934082 -0.5029297
vn -0.590332 0.04962158 -0.8056641
vn -0.8613281 0.0723877 -0.5029297
vn -0.5361328 -0.2521973 -0.8056641
vn -0.7822266 -0.3679199 -0.5029297
vn -0.3381348 -0.4865723 -0.8056641
vn -0.4934082 -0.7099609 -0.5029297
vn -0.04962158 -0.590332 -0.8056641
vn -0.0723877 -0.8613281 -0.5029297
vn 0.3679199 -0.7822266 -0.5029297
vn 0.2521973 -0.5361328 -0.8056641
vn -0.3862305 0.8208008 -0.4208984
vn -0.2546387 0.5415039 -0.8012695
vn 0.05010986 0.5961914 -0.8012695
vn 0.07598877 0.9038086 -0.4208984
vn 0.3415527 0.4914551 -0.8012695
vn 0.07598877 0.9038086 0.4208984
vn -0.3862305 0.8208008 0.4208984
vn -0.2546387 0.5415039 0.8012695
vn 0.05010986 0.5961914 0.8012695
vn 0.5175781 0.7446289 0.4208984
vn 0.3415527 0.4914551 0.8012695
vn 0.5175781 0.7446289 -0.4208984
vn 0.5415039 0.2546387 -0.8012695
vn 0.8208008 0.3862305 0.4208984
vn 0.5415039 0.2546387 0.8012695
vn 0.8208008 0.3862305 -0.4208984
vn 0.5961914 -0.05014038 -0.8012695
vn 0.9038086 -0.07598877 0.4208984
vn 0.5961914 -0.05014038 0.8012695
vn 0.9038086 -0.07598877 -0.4208984
vn 0.4914551 -0.3415527 -0.8012695
vn 0.7446289 -0.5175781 0.4208984
vn 0.4914551 -0.3415527 0.8012695
vn 0.7446289 -0.5175781 -0.4208984
vn 0.2546387 -0.5415039 -0.8012695
vn 0.3862305 -0.8208008 -0.4208984
vn 0.3862305 -0.8208008 0.4208984
vn 0.2546387 -0.5415039 0.8012695
vn -0.2363281 0.5024414 0.8320313
vn -0.2363281 0.5024414 0.8320313
vn -0.4558105 0.3168945 0.8320313
vn -0.4558105 0.3168945 0.8320313
vn -0.5532227 0.04647827 0.8320313
vn -0.5532227 0.04647827 0.8320313
vn -0.5024414 -0.2363281 0.8320313
vn -0.5024414 -0.2363281 0.8320313
vn -0.3168945 -0.4558105 0.8320313
vn -0.3168945 -0.4558105 0.8320313
vn -0.04647827 -0.5532227 0.8320313
vn -0.04647827 -0.5532227 0.8320313
vn 0.2363281 -0.5024414 0.8320313
vn 0.2363281 -0.5024414 0.8320313
vn -0.2521973 0.5361328 -0.8056641
vn -0.3679199 0.7822266 -0.5029297
vn 0.0723877 0.8613281 -0.5029297
vn 0.04962158 0.590332 -0.8056641
vn 0.4934082 0.7099609 -0.5029297
vn 0.3381348 0.4865723 -0.8056641
vn 0.7822266 0.3679199 -0.5029297
vn 0.5361328 0.2521973 -0.8056641
vn 0.8613281 -0.0723877 -0.5029297
vn 0.590332 -0.04962158 -0.8056641
vn 0.7099609 -0.4934082 -0.5029297
vn 0.4865723 -0.3381348 -0.8056641
vn 0.3679199 -0.7822266 -0.5029297
vn 0.2521973 -0.5361328 -0.8056641
vn 0.04647827 0.5532227 0.8320313
vn -0.2363281 0.5024414 0.8320313
vn -0.2363281 0.5024414 0.8320313
vn 0.04647827 0.5532227 0.8320313
vn 0.3168945 0.4558105 0.8320313
vn 0.3168945 0.4558105 0.8320313
vn 0.5024414 0.2363281 0.8320313
vn 0.5024414 0.2363281 0.8320313
vn 0.5532227 -0.04647827 0.8320313
vn 0.5532227 -0.04647827 0.8320313
vn 0.4558105 -0.3168945 0.8320313
vn 0.4558105 -0.3168945 0.8320313
vn 0.2363281 -0.5024414 0.8320313
vn 0.2363281 -0.5024414 0.8320313
vn 0.3862305 -0.8208008 -0.4208984
vn 0.2546387 -0.5415039 -0.8012695
vn -0.05010986 -0.5961914 -0.8012695
vn -0.07598877 -0.9038086 -0.4208984
vn -0.3415527 -0.4914551 -0.8012695
vn -0.07598877 -0.9038086 0.4208984
vn 0.3862305 -0.8208008 0.4208984
vn 0.2546387 -0.5415039 0.8012695
vn -0.05010986 -0.5961914 0.8012695
vn -0.5175781 -0.7446289 0.4208984
vn -0.3415527 -0.4914551 0.8012695
vn -0.5175781 -0.7446289 -0.4208984
vn -0.5415039 -0.2546387 -0.8012695
vn -0.8208008 -0.3862305 0.4208984
vn -0.5415039 -0.2546387 0.8012695
vn -0.8208008 -0.3862305 -0.4208984
vn -0.5961914 0.05010986 -0.8012695
vn -0.9038086 0.07598877 0.4208984
vn -0.5961914 0.05010986 0.8012695
vn -0.9038086 0.07598877 -0.4208984
vn -0.4914551 0.3415527 -0.8012695
vn -0.7446289 0.5175781 0.4208984
vn -0.4914551 0.3415527 0.8012695
vn -0.7446289 0.5175781 -0.4208984
vn -0.2546387 0.5415039 -0.8012695
vn -0.3862305 0.8208008 -0.4208984
vn -0.3862305 0.8208008 0.4208984
vn -0.2546387 0.5415039 0.8012695
vn -0.425293 0.9038086 -0.04284668
vn -0.3679199 0.7822266 -0.5029297
vn -0.7099609 0.4934082 -0.5029297
vn -0.8203125 0.5703125 -0.04284668
vn -0.8613281 0.0723877 -0.5029297
vn -0.9956055 0.0836792 -0.04284668
vn -0.7822266 -0.3679199 -0.5029297
vn -0.9038086 -0.425293 -0.04284668
vn -0.4934082 -0.7099609 -0.5029297
vn -0.5703125 -0.8203125 -0.04284668
vn -0.0723877 -0.8613281 -0.5029297
vn -0.0836792 -0.9956055 -0.04284668
vn 0.3679199 -0.7822266 -0.5029297
vn 0.425293 -0.9038086 -0.04284668
vn 0.0836792 0.9956055 -0.04284668
vn -0.3679199 0.7822266 -0.5029297
vn -0.425293 0.9038086 -0.04284668
vn 0.0723877 0.8613281 -0.5029297
vn 0.5703125 0.8203125 -0.04284668
vn 0.4934082 0.7099609 -0.5029297
vn 0.9038086 0.425293 -0.04284668
vn 0.7822266 0.3679199 -0.5029297
vn 0.9956055 -0.0836792 -0.04284668
vn 0.8613281 -0.0723877 -0.5029297
vn 0.8203125 -0.5703125 -0.04284668
vn 0.7099609 -0.4934082 -0.5029297
vn 0.425293 -0.9038086 -0.04284668
vn 0.3679199 -0.7822266 -0.5029297
vn 0.25 -0.8720703 0.4208984
vn 0.164917 -0.5751953 0.8012695
vn 0.4304199 -0.4157715 0.8012695
vn 0.6523438 -0.6298828 0.4208984
vn 0.5805664 -0.1447754 0.8012695
vn 0.6523438 -0.6298828 -0.4208984
vn 0.25 -0.8720703 -0.4208984
vn 0.164917 -0.5751953 -0.8012695
vn 0.4304199 -0.4157715 -0.8012695
vn 0.8803711 -0.2194824 -0.4208984
vn 0.5805664 -0.1447754 -0.8012695
vn 0.8803711 -0.2194824 0.4208984
vn 0.5751953 0.164917 0.8012695
vn 0.8720703 0.25 -0.4208984
vn 0.5751953 0.164917 -0.8012695
vn 0.8720703 0.25 0.4208984
vn 0.4157715 0.4304199 0.8012695
vn 0.6298828 0.6523438 -0.4208984
vn 0.4157715 0.4304199 -0.8012695
vn 0.6298828 0.6523438 0.4208984
vn 0.1447754 0.5805664 0.8012695
vn 0.2194824 0.8803711 -0.4208984
vn 0.1447754 0.5805664 -0.8012695
vn 0.2194824 0.8803711 0.4208984
vn -0.164917 0.5751953 0.8012695
vn -0.25 0.8720703 0.4208984
vn -0.25 0.8720703 -0.4208984
vn -0.164917 0.5751953 -0.8012695
vn 0.25 -0.8720703 -0.4208984
vn 0.164917 -0.5751953 -0.8012695
vn -0.1447754 -0.5805664 -0.8012695
vn -0.2194824 -0.8803711 -0.4208984
vn -0.4157715 -0.4304199 -0.8012695
vn -0.2194824 -0.8803711 0.4208984
vn 0.25 -0.8720703 0.4208984
vn 0.164917 -0.5751953 0.8012695
vn -0.1447754 -0.5805664 0.8012695
vn -0.6298828 -0.6523438 0.4208984
vn -0.4157715 -0.4304199 0.8012695
vn -0.6298828 -0.6523438 -0.4208984
vn -0.5751953 -0.164917 -0.8012695
vn -0.8720703 -0.25 0.4208984
vn -0.5751953 -0.164917 0.8012695
vn -0.8720703 -0.25 -0.4208984
vn -0.5805664 0.1447754 -0.8012695
vn -0.8803711 0.2194824 0.4208984
vn -0.5805664 0.1447754 0.8012695
vn -0.8803711 0.2194824 -0.4208984
vn -0.4304199 0.4157715 -0.8012695
vn -0.6523438 0.6298828 0.4208984
vn -0.4304199 0.4157715 0.8012695
vn -0.6523438 0.6298828 -0.4208984
vn -0.164917 0.5751953 -0.8012695
vn -0.25 0.8720703 -0.4208984
vn -0.25 0.8720703 0.4208984
vn -0.164917 0.5751953 0.8012695
vn -0.8818359 0.2133789 -0.4208984
vn -0.581543 0.1407471 -0.8012695
vn -0.4333496 0.4125977 -0.8012695
vn -0.6567383 0.6254883 -0.4208984
vn -0.1689453 0.5742188 -0.8012695
vn -0.6567383 0.6254883 0.4208984
vn -0.8818359 0.2133789 0.4208984
vn -0.581543 0.1407471 0.8012695
vn -0.4333496 0.4125977 0.8012695
vn -0.2561035 0.8701172 0.4208984
vn -0.1689453 0.5742188 0.8012695
vn -0.2561035 0.8701172 -0.4208984
vn 0.1407471 0.581543 -0.8012695
vn 0.2133789 0.8818359 0.4208984
vn 0.1407471 0.581543 0.8012695
vn 0.2133789 0.8818359 -0.4208984
vn 0.4125977 0.4333496 -0.8012695
vn 0.6254883 0.6567383 0.4208984
vn 0.4125977 0.4333496 0.8012695
vn 0.6254883 0.6567383 -0.4208984
vn 0.5742188 0.1689453 -0.8012695
vn 0.8701172 0.2561035 0.4208984
vn 0.5742188 0.1689453 0.8012695
vn 0.8701172 0.2561035 -0.4208984
vn 0.581543 -0.1407471 -0.8012695
vn 0.8818359 -0.2133789 -0.4208984
vn 0.8818359 -0.2133789 0.4208984
vn 0.581543 -0.1407471 0.8012695
vn 0.7236328 -0.6889648 -0.04284668
vn 0.840332 -0.2033691 -0.5029297
vn 0.9711914 -0.2349854 -0.04284668
vn 0.6259766 -0.5961914 -0.5029297
vn 0.2819824 -0.9584961 -0.04284668
vn 0.2440186 -0.8291016 -0.5029297
vn -0.2349854 -0.9711914 -0.04284668
vn -0.2032471 -0.840332 -0.5029297
vn -0.6889648 -0.7236328 -0.04284668
vn -0.5961914 -0.6259766 -0.5029297
vn -0.9584961 -0.2819824 -0.04284668
vn -0.8291016 -0.2440186 -0.5029297
vn -0.9711914 0.2349854 -0.04284668
vn -0.840332 0.2033691 -0.5029297
vn 0.9711914 -0.2349854 -0.04284668
vn 0.840332 -0.2033691 -0.5029297
vn 0.8291016 0.2440186 -0.5029297
vn 0.9584961 0.2819824 -0.04284668
vn 0.5961914 0.6259766 -0.5029297
vn 0.6889648 0.7236328 -0.04284668
vn 0.2033691 0.840332 -0.5029297
vn 0.2349854 0.9711914 -0.04284668
vn -0.2440186 0.8291016 -0.5029297
vn -0.2819824 0.9584961 -0.04284668
vn -0.6259766 0.5961914 -0.5029297
vn -0.7236328 0.6889648 -0.04284668
vn -0.840332 0.2033691 -0.5029297
vn -0.9711914 0.2349854 -0.04284668
vn -0.8818359 0.2133789 0.4208984
vn -0.581543 0.1407471 0.8012695
vn -0.5742188 -0.1689453 0.8012695
vn -0.8701172 -0.2561035 0.4208984
vn -0.4125977 -0.4333496 0.8012695
vn -0.8701172 -0.2561035 -0.4208984
vn -0.8818359 0.2133789 -0.4208984
vn -0.581543 0.1407471 -0.8012695
vn -0.5742188 -0.1689453 -0.8012695
vn -0.6254883 -0.6567383 -0.4208984
vn -0.4125977 -0.4333496 -0.8012695
vn -0.6254883 -0.6567383 0.4208984
vn -0.1407471 -0.581543 0.8012695
vn -0.2133789 -0.8818359 -0.4208984
vn -0.1407471 -0.581543 -0.8012695
vn -0.2133789 -0.8818359 0.4208984
vn 0.1689453 -0.5742188 0.8012695
vn 0.2561035 -0.8701172 -0.4208984
vn 0.1689453 -0.5742188 -0.8012695
vn 0.2561035 -0.8701172 0.4208984
vn 0.4333496 -0.4125977 0.8012695
vn 0.6567383 -0.6254883 -0.4208984
vn 0.4333496 -0.4125977 -0.8012695
vn 0.6567383 -0.6254883 0.4208984
vn 0.581543 -0.1407471 0.8012695
vn 0.8818359 -0.2133789 0.4208984
vn 0.8818359 -0.2133789 -0.4208984
vn 0.581543 -0.1407471 -0.8012695
vn 0.8818359 -0.2133789 0.4208984
vn 0.581543 -0.1407471 0.8012695
vn 0.5742188 0.1689453 0.8012695
vn 0.8701172 0.2561035 0.4208984
vn 0.4125977 0.4333496 0.8012695
vn 0.8701172 0.2561035 -0.4208984
vn 0.8818359 -0.2133789 -0.4208984
vn 0.581543 -0.1407471 -0.8012695
vn 0.5742188 0.1689453 -0.8012695
vn 0.6254883 0.6567383 -0.4208984
vn 0.4125977 0.4333496 -0.8012695
vn 0.6254883 0.6567383 0.4208984
vn 0.1407471 0.581543 0.8012695
vn 0.2133789 0.8818359 -0.4208984
vn 0.1407471 0.581543 -0.8012695
vn 0.2133789 0.8818359 0.4208984
vn -0.1689453 0.5742188 0.8012695
vn -0.2561035 0.8701172 -0.4208984
vn -0.1689453 0.5742188 -0.8012695
vn -0.2561035 0.8701172 0.4208984
vn -0.4333496 0.4125977 0.8012695
vn -0.6567383 0.6254883 -0.4208984
vn -0.4333496 0.4125977 -0.8012695
vn -0.6567383 0.6254883 0.4208984
vn -0.581543 0.1407471 0.8012695
vn -0.8818359 0.2133789 0.4208984
vn -0.8818359 0.2133789 -0.4208984
vn -0.581543 0.1407471 -0.8012695
vn 0.4018555 -0.3828125 0.8320313
vn 0.5395508 -0.1304932 0.8320313
vn 0.5395508 -0.1304932 0.8320313
vn 0.4018555 -0.3828125 0.8320313
vn 0.1567383 -0.5322266 0.8320313
vn 0.1567383 -0.5322266 0.8320313
vn -0.1304932 -0.5395508 0.8320313
vn -0.1304932 -0.5395508 0.8320313
vn -0.3828125 -0.4018555 0.8320313
vn -0.3828125 -0.4018555 0.8320313
vn -0.5322266 -0.1567383 0.8320313
vn -0.5322266 -0.1566162 0.8320313
vn -0.5395508 0.1304932 0.8320313
vn -0.5395508 0.1304932 0.8320313
vn 0.4289551 -0.4086914 -0.8056641
vn 0.5756836 -0.1394043 -0.8056641
vn 0.840332 -0.2033691 -0.5029297
vn 0.6259766 -0.5961914 -0.5029297
vn 0.2440186 -0.8291016 -0.5029297
vn 0.1672363 -0.5683594 -0.8056641
vn -0.2032471 -0.840332 -0.5029297
vn -0.1394043 -0.5756836 -0.8056641
vn -0.5961914 -0.6259766 -0.5029297
vn -0.4086914 -0.4289551 -0.8056641
vn -0.8291016 -0.2440186 -0.5029297
vn -0.5683594 -0.1672363 -0.8056641
vn -0.840332 0.2033691 -0.5029297
vn -0.5756836 0.1394043 -0.8056641
vn 0.5395508 -0.1304932 0.8320313
vn 0.5395508 -0.1304932 0.8320313
vn 0.5322266 0.1567383 0.8320313
vn 0.5322266 0.1566162 0.8320313
vn 0.3828125 0.4018555 0.8320313
vn 0.3828125 0.4018555 0.8320313
vn 0.1304932 0.5395508 0.8320313
vn 0.1304932 0.5395508 0.8320313
vn -0.1567383 0.5322266 0.8320313
vn -0.1567383 0.5322266 0.8320313
vn -0.4018555 0.3828125 0.8320313
vn -0.4018555 0.3828125 0.8320313
vn -0.5395508 0.1304932 0.8320313
vn -0.5395508 0.1304932 0.8320313
vn 0.5683594 0.1672363 -0.8056641
vn 0.840332 -0.2033691 -0.5029297
vn 0.5756836 -0.1394043 -0.8056641
vn 0.8291016 0.2440186 -0.5029297
vn 0.4086914 0.4289551 -0.8056641
vn 0.5961914 0.6259766 -0.5029297
vn 0.1394043 0.5756836 -0.8056641
vn 0.2033691 0.840332 -0.5029297
vn -0.1672363 0.5683594 -0.8056641
vn -0.2440186 0.8291016 -0.5029297
vn -0.4289551 0.4086914 -0.8056641
vn -0.6259766 0.5961914 -0.5029297
vn -0.5756836 0.1394043 -0.8056641
vn -0.840332 0.2033691 -0.5029297
vn -0.8818359 0.2133789 0.4208984
vn -0.581543 0.1407471 0.8012695
vn -0.5742188 -0.1689453 0.8012695
vn -0.8701172 -0.2561035 0.4208984
vn -0.4125977 -0.4333496 0.8012695
vn -0.8701172 -0.2561035 -0.4208984
vn -0.8818359 0.2133789 -0.4208984
vn -0.581543 0.1407471 -0.8012695
vn -0.5742188 -0.1689453 -0.8012695
vn -0.6254883 -0.6567383 -0.4208984
vn -0.4125977 -0.4333496 -0.8012695
vn -0.6254883 -0.6567383 0.4208984
vn -0.1407471 -0.581543 0.8012695
vn -0.2133789 -0.8818359 -0.4208984
vn -0.1407471 -0.581543 -0.8012695
vn -0.2133789 -0.8818359 0.4208984
vn 0.1689453 -0.5742188 0.8012695
vn 0.2561035 -0.8701172 -0.4208984
vn 0.1689453 -0.5742188 -0.8012695
vn 0.2561035 -0.8701172 0.4208984
vn 0.4333496 -0.4125977 0.8012695
vn 0.6567383 -0.6254883 -0.4208984
vn 0.4333496 -0.4125977 -0.8012695
vn 0.6567383 -0.6254883 0.4208984
vn 0.581543 -0.1407471 0.8012695
vn 0.8818359 -0.2133789 0.4208984
vn 0.8818359 -0.2133789 -0.4208984
vn 0.581543 -0.1407471 -0.8012695
vn -0.4262695 0.4116211 -0.8056641
vn -0.2382813 0.8310547 -0.5029297
vn -0.1633301 0.5693359 -0.8056641
vn -0.6220703 0.6005859 -0.5029297
vn -0.574707 0.1433105 -0.8056641
vn -0.8388672 0.2091064 -0.5029297
vn -0.5693359 -0.1633301 -0.8056641
vn -0.8310547 -0.2382813 -0.5029297
vn -0.4116211 -0.4262695 -0.8056641
vn -0.6005859 -0.6220703 -0.5029297
vn -0.1433105 -0.574707 -0.8056641
vn -0.2091064 -0.8388672 -0.5029297
vn 0.2382813 -0.8310547 -0.5029297
vn 0.1633301 -0.5693359 -0.8056641
vn -0.25 0.8720703 -0.4208984
vn -0.164917 0.5751953 -0.8012695
vn 0.1447754 0.5805664 -0.8012695
vn 0.2194824 0.8803711 -0.4208984
vn 0.4157715 0.4304199 -0.8012695
vn 0.2194824 0.8803711 0.4208984
vn -0.25 0.8720703 0.4208984
vn -0.164917 0.5751953 0.8012695
vn 0.1447754 0.5805664 0.8012695
vn 0.6298828 0.6523438 0.4208984
vn 0.4157715 0.4304199 0.8012695
vn 0.6298828 0.6523438 -0.4208984
vn 0.5751953 0.164917 -0.8012695
vn 0.8720703 0.25 0.4208984
vn 0.5751953 0.164917 0.8012695
vn 0.8720703 0.25 -0.4208984
vn 0.5805664 -0.1447754 -0.8012695
vn 0.8803711 -0.2194824 0.4208984
vn 0.5805664 -0.1447754 0.8012695
vn 0.8803711 -0.2194824 -0.4208984
vn 0.4304199 -0.4157715 -0.8012695
vn 0.6523438 -0.6298828 0.4208984
vn 0.4304199 -0.4157715 0.8012695
vn 0.6523438 -0.6298828 -0.4208984
vn 0.164917 -0.5751953 -0.8012695
vn 0.25 -0.8720703 -0.4208984
vn 0.25 -0.8720703 0.4208984
vn 0.164917 -0.5751953 0.8012695
vn -0.1529541 0.5336914 0.8320313
vn -0.1529541 0.5336914 0.8320313
vn -0.3991699 0.385498 0.8320313
vn -0.3991699 0.385498 0.8320313
vn -0.5385742 0.1342773 0.8320313
vn -0.5385742 0.1342773 0.8320313
vn -0.5336914 -0.1529541 0.8320313
vn -0.5336914 -0.1529541 0.8320313
vn -0.385498 -0.3991699 0.8320313
vn -0.385498 -0.3991699 0.8320313
vn -0.1342773 -0.5385742 0.8320313
vn -0.1342773 -0.5385742 0.8320313
vn 0.1529541 -0.5336914 0.8320313
vn 0.1529541 -0.5336914 0.8320313
vn -0.1633301 0.5693359 -0.8056641
vn -0.2382813 0.8310547 -0.5029297
vn 0.2091064 0.8388672 -0.5029297
vn 0.1433105 0.574707 -0.8056641
vn 0.6005859 0.6220703 -0.5029297
vn 0.4116211 0.4262695 -0.8056641
vn 0.8310547 0.2382813 -0.5029297
vn 0.5693359 0.1633301 -0.8056641
vn 0.8388672 -0.2091064 -0.5029297
vn 0.574707 -0.1433105 -0.8056641
vn 0.6220703 -0.6005859 -0.5029297
vn 0.4262695 -0.4116211 -0.8056641
vn 0.2382813 -0.8310547 -0.5029297
vn 0.1633301 -0.5693359 -0.8056641
vn 0.1342773 0.5385742 0.8320313
vn -0.1529541 0.5336914 0.8320313
vn -0.1529541 0.5336914 0.8320313
vn 0.1342773 0.5385742 0.8320313
vn 0.385498 0.3991699 0.8320313
vn 0.385498 0.3991699 0.8320313
vn 0.5336914 0.1529541 0.8320313
vn 0.5336914 0.1529541 0.8320313
vn 0.5385742 -0.1342773 0.8320313
vn 0.5385742 -0.1342773 0.8320313
vn 0.3991699 -0.385498 0.8320313
vn 0.3991699 -0.385498 0.8320313
vn 0.1529541 -0.5336914 0.8320313
vn 0.1529541 -0.5336914 0.8320313
vn 0.25 -0.8720703 -0.4208984
vn 0.164917 -0.5751953 -0.8012695
vn -0.1447754 -0.5805664 -0.8012695
vn -0.2194824 -0.8803711 -0.4208984
vn -0.4157715 -0.4304199 -0.8012695
vn -0.2194824 -0.8803711 0.4208984
vn 0.25 -0.8720703 0.4208984
vn 0.164917 -0.5751953 0.8012695
vn -0.1447754 -0.5805664 0.8012695
vn -0.6298828 -0.6523438 0.4208984
vn -0.4157715 -0.4304199 0.8012695
vn -0.6298828 -0.6523438 -0.4208984
vn -0.5751953 -0.164917 -0.8012695
vn -0.8720703 -0.25 0.4208984
vn -0.5751953 -0.164917 0.8012695
vn -0.8720703 -0.25 -0.4208984
vn -0.5805664 0.1447754 -0.8012695
vn -0.8803711 0.2194824 0.4208984
vn -0.5805664 0.1447754 0.8012695
vn -0.8803711 0.2194824 -0.4208984
vn -0.4304199 0.4157715 -0.8012695
vn -0.6523438 0.6298828 0.4208984
vn -0.4304199 0.4157715 0.8012695
vn -0.6523438 0.6298828 -0.4208984
vn -0.164917 0.5751953 -0.8012695
vn -0.25 0.8720703 -0.4208984
vn -0.25 0.8720703 0.4208984
vn -0.164917 0.5751953 0.8012695
vn -0.2753906 0.9604492 -0.04284668
vn -0.2382813 0.8310547 -0.5029297
vn -0.6220703 0.6005859 -0.5029297
vn -0.71875 0.6938477 -0.04284668
vn -0.8388672 0.2091064 -0.5029297
vn -0.9692383 0.2416992 -0.04284668
vn -0.8310547 -0.2382813 -0.5029297
vn -0.9604492 -0.2753906 -0.04284668
vn -0.6005859 -0.6220703 -0.5029297
vn -0.6938477 -0.71875 -0.04284668
vn -0.2091064 -0.8388672 -0.5029297
vn -0.2416992 -0.9692383 -0.04284668
vn 0.2382813 -0.8310547 -0.5029297
vn 0.2753906 -0.9604492 -0.04284668
vn 0.2416992 0.9692383 -0.04284668
vn -0.2382813 0.8310547 -0.5029297
vn -0.2753906 0.9604492 -0.04284668
vn 0.2091064 0.8388672 -0.5029297
vn 0.6938477 0.71875 -0.04284668
vn 0.6005859 0.6220703 -0.5029297
vn 0.9604492 0.2753906 -0.04284668
vn 0.8310547 0.2382813 -0.5029297
vn 0.9692383 -0.2416992 -0.04284668
vn 0.8388672 -0.2091064 -0.5029297
vn 0.71875 -0.6938477 -0.04284668
vn 0.6220703 -0.6005859 -0.5029297
vn 0.2753906 -0.9604492 -0.04284668
vn 0.2382813 -0.8310547 -0.5029297
vn -0.4255371 0.8012695 0.4208984
vn -0.2807617 0.5283203 0.8012695
vn -0.5073242 0.3173828 0.8012695
vn -0.769043 0.480957 0.4208984
vn -0.5981445 0.02111816 0.8012695
vn -0.769043 0.480957 -0.4208984
vn -0.4255371 0.8012695 -0.4208984
vn -0.2807617 0.5283203 -0.8012695
vn -0.5073242 0.3173828 -0.8012695
vn -0.9067383 0.03201294 -0.4208984
vn -0.5981445 0.02111816 -0.8012695
vn -0.9067383 0.03201294 0.4208984
vn -0.5283203 -0.2807617 0.8012695
vn -0.8012695 -0.4255371 -0.4208984
vn -0.5283203 -0.2807617 -0.8012695
vn -0.8012695 -0.4255371 0.4208984
vn -0.3173828 -0.5073242 0.8012695
vn -0.480957 -0.769043 -0.4208984
vn -0.3173828 -0.5073242 -0.8012695
vn -0.480957 -0.769043 0.4208984
vn -0.02111816 -0.5981445 0.8012695
vn -0.03201294 -0.9067383 -0.4208984
vn -0.02111816 -0.5981445 -0.8012695
vn -0.03201294 -0.9067383 0.4208984
vn 0.2807617 -0.5283203 0.8012695
vn 0.4255371 -0.8012695 0.4208984
vn 0.4255371 -0.8012695 -0.4208984
vn 0.2807617 -0.5283203 -0.8012695
vn -0.4255371 0.8012695 -0.4208984
vn -0.2807617 0.5283203 -0.8012695
vn 0.02113342 0.5981445 -0.8012695
vn 0.03201294 0.9067383 -0.4208984
vn 0.3173828 0.5073242 -0.8012695
vn 0.03201294 0.9067383 0.4208984
vn -0.4255371 0.8012695 0.4208984
vn -0.2807617 0.5283203 0.8012695
vn 0.02113342 0.5981445 0.8012695
vn 0.480957 0.769043 0.4208984
vn 0.3173828 0.5073242 0.8012695
vn 0.480957 0.769043 -0.4208984
vn 0.5283203 0.2807617 -0.8012695
vn 0.8012695 0.4255371 0.4208984
vn 0.5283203 0.2807617 0.8012695
vn 0.8012695 0.4255371 -0.4208984
vn 0.5981445 -0.02111816 -0.8012695
vn 0.9067383 -0.03201294 0.4208984
vn 0.5981445 -0.02111816 0.8012695
vn 0.9067383 -0.03201294 -0.4208984
vn 0.5073242 -0.3173828 -0.8012695
vn 0.769043 -0.480957 0.4208984
vn 0.5073242 -0.3173828 0.8012695
vn 0.769043 -0.480957 -0.4208984
vn 0.2807617 -0.5283203 -0.8012695
vn 0.4255371 -0.8012695 -0.4208984
vn 0.4255371 -0.8012695 0.4208984
vn 0.2807617 -0.5283203 0.8012695
vn 0.5024414 -0.314209 -0.8056641
vn 0.4055176 -0.7636719 -0.5029297
vn 0.277832 -0.5234375 -0.8056641
vn 0.7329102 -0.4584961 -0.5029297
vn 0.5922852 -0.0209198 -0.8056641
vn 0.8637695 -0.03051758 -0.5029297
vn 0.5234375 0.277832 -0.8056641
vn 0.7636719 0.4055176 -0.5029297
vn 0.314209 0.5024414 -0.8056641
vn 0.4584961 0.7329102 -0.5029297
vn 0.0209198 0.5922852 -0.8056641
vn 0.03051758 0.8637695 -0.5029297
vn -0.4055176 0.7631836 -0.5029297
vn -0.277832 0.5234375 -0.8056641
vn 0.4255371 -0.8012695 -0.4208984
vn 0.2807617 -0.5283203 -0.8012695
vn -0.02111816 -0.5981445 -0.8012695
vn -0.03201294 -0.9067383 -0.4208984
vn -0.3173828 -0.5073242 -0.8012695
vn -0.03201294 -0.9067383 0.4208984
vn 0.4255371 -0.8012695 0.4208984
vn 0.2807617 -0.5283203 0.8012695
vn -0.02111816 -0.5981445 0.8012695
vn -0.480957 -0.769043 0.4208984
vn -0.3173828 -0.5073242 0.8012695
vn -0.480957 -0.769043 -0.4208984
vn -0.5283203 -0.2807617 -0.8012695
vn -0.8012695 -0.4255371 0.4208984
vn -0.5283203 -0.2807617 0.8012695
vn -0.8012695 -0.4255371 -0.4208984
vn -0.5981445 0.02113342 -0.8012695
vn -0.9067383 0.03201294 0.4208984
vn -0.5981445 0.02113342 0.8012695
vn -0.9067383 0.03201294 -0.4208984
vn -0.5073242 0.3173828 -0.8012695
vn -0.769043 0.480957 0.4208984
vn -0.5073242 0.3173828 0.8012695
vn -0.769043 0.480957 -0.4208984
vn -0.2807617 0.5283203 -0.8012695
vn -0.4255371 0.8012695 -0.4208984
vn -0.4255371 0.8012695 0.4208984
vn -0.2807617 0.5283203 0.8012695
vn 0.2602539 -0.4902344 0.8320313
vn 0.2602539 -0.4902344 0.8320313
vn 0.470459 -0.2941895 0.8320313
vn 0.470459 -0.2941895 0.8320313
vn 0.5546875 -0.01959229 0.8320313
vn 0.5546875 -0.01959229 0.8320313
vn 0.4902344 0.2602539 0.8320313
vn 0.4902344 0.2602539 0.8320313
vn 0.2941895 0.470459 0.8320313
vn 0.2941895 0.470459 0.8320313
vn 0.01959229 0.5546875 0.8320313
vn 0.01959229 0.5546875 0.8320313
vn -0.2602539 0.4902344 0.8320313
vn -0.2602539 0.4902344 0.8320313
vn 0.277832 -0.5234375 -0.8056641
vn 0.4055176 -0.7636719 -0.5029297
vn -0.03051758 -0.8637695 -0.5029297
vn -0.0209198 -0.5922852 -0.8056641
vn -0.4584961 -0.7329102 -0.5029297
vn -0.314209 -0.5024414 -0.8056641
vn -0.7631836 -0.4055176 -0.5029297
vn -0.5234375 -0.277832 -0.8056641
vn -0.8637695 0.03051758 -0.5029297
vn -0.5922852 0.0209198 -0.8056641
vn -0.7329102 0.4584961 -0.5029297
vn -0.5024414 0.314209 -0.8056641
vn -0.4055176 0.7631836 -0.5029297
vn -0.277832 0.5234375 -0.8056641
vn -0.01959229 -0.5546875 0.8320313
vn 0.2602539 -0.4902344 0.8320313
vn 0.2602539 -0.4902344 0.8320313
vn -0.01959229 -0.5546875 0.8320313
vn -0.2941895 -0.470459 0.8320313
vn -0.2941895 -0.470459 0.8320313
vn -0.4902344 -0.2602539 0.8320313
vn -0.4902344 -0.2602539 0.8320313
vn -0.5546875 0.01959229 0.8320313
vn -0.5546875 0.01959229 0.8320313
vn -0.470459 0.2941895 0.8320313
vn -0.470459 0.2941895 0.8320313
vn -0.2602539 0.4902344 0.8320313
vn -0.2602539 0.4902344 0.8320313
vn -0.4255371 0.8012695 -0.4208984
vn -0.2807617 0.5283203 -0.8012695
vn 0.02113342 0.5981445 -0.8012695
vn 0.03201294 0.9067383 -0.4208984
vn 0.3173828 0.5073242 -0.8012695
vn 0.03201294 0.9067383 0.4208984
vn -0.4255371 0.8012695 0.4208984
vn -0.2807617 0.5283203 0.8012695
vn 0.02113342 0.5981445 0.8012695
vn 0.480957 0.769043 0.4208984
vn 0.3173828 0.5073242 0.8012695
vn 0.480957 0.769043 -0.4208984
vn 0.5283203 0.2807617 -0.8012695
vn 0.8012695 0.4255371 0.4208984
vn 0.5283203 0.2807617 0.8012695
vn 0.8012695 0.4255371 -0.4208984
vn 0.5981445 -0.02111816 -0.8012695
vn 0.9067383 -0.03201294 0.4208984
vn 0.5981445 -0.02113342 0.8012695
vn 0.9067383 -0.03201294 -0.4208984
vn 0.5073242 -0.3173828 -0.8012695
vn 0.769043 -0.480957 0.4208984
vn 0.5073242 -0.3173828 0.8012695
vn 0.769043 -0.480957 -0.4208984
vn 0.2807617 -0.5283203 -0.8012695
vn 0.4255371 -0.8012695 -0.4208984
vn 0.4255371 -0.8012695 0.4208984
vn 0.2807617 -0.5283203 0.8012695
vn 0.46875 -0.8823242 -0.04284668
vn 0.4055176 -0.7636719 -0.5029297
vn 0.7329102 -0.4584961 -0.5029297
vn 0.847168 -0.5297852 -0.04284668
vn 0.8637695 -0.03051758 -0.5029297
vn 0.9985352 -0.03527832 -0.04284668
vn 0.7636719 0.4055176 -0.5029297
vn 0.8823242 0.46875 -0.04284668
vn 0.4584961 0.7329102 -0.5029297
vn 0.5297852 0.847168 -0.04284668
vn 0.03051758 0.8637695 -0.5029297
vn 0.03527832 0.9985352 -0.04284668
vn -0.4055176 0.7631836 -0.5029297
vn -0.46875 0.8823242 -0.04284668
vn -0.03527832 -0.9985352 -0.04284668
vn 0.4055176 -0.7636719 -0.5029297
vn 0.46875 -0.8823242 -0.04284668
vn -0.03051758 -0.8637695 -0.5029297
vn -0.5297852 -0.847168 -0.04284668
vn -0.4584961 -0.7329102 -0.5029297
vn -0.8823242 -0.46875 -0.04284668
vn -0.7631836 -0.4055176 -0.5029297
vn -0.9985352 0.03527832 -0.04284668
vn -0.8637695 0.03051758 -0.5029297
vn -0.847168 0.5297852 -0.04284668
vn -0.7329102 0.4584961 -0.5029297
vn -0.46875 0.8823242 -0.04284668
vn -0.4055176 0.7631836 -0.5029297
vn -0.2919922 0.8588867 0.4208984
vn -0.192627 0.5664063 0.8012695
vn -0.4501953 0.3942871 0.8012695
vn -0.6821289 0.5976563 0.4208984
vn -0.5869141 0.116394 0.8012695
vn -0.6821289 0.5976563 -0.4208984
vn -0.2919922 0.8588867 -0.4208984
vn -0.192627 0.5664063 -0.8012695
vn -0.4501953 0.3942871 -0.8012695
vn -0.8896484 0.1765137 -0.4208984
vn -0.5869141 0.116394 -0.8012695
vn -0.8896484 0.1765137 0.4208984
vn -0.5664063 -0.192749 0.8012695
vn -0.8588867 -0.2919922 -0.4208984
vn -0.5664063 -0.192749 -0.8012695
vn -0.8588867 -0.2919922 0.4208984
vn -0.3942871 -0.4501953 0.8012695
vn -0.5976563 -0.6821289 -0.4208984
vn -0.3942871 -0.4501953 -0.8012695
vn -0.5976563 -0.6821289 0.4208984
vn -0.116394 -0.5869141 0.8012695
vn -0.1765137 -0.8896484 -0.4208984
vn -0.116394 -0.5869141 -0.8012695
vn -0.1765137 -0.8896484 0.4208984
vn 0.192627 -0.5664063 0.8012695
vn 0.2919922 -0.8588867 0.4208984
vn 0.2919922 -0.8588867 -0.4208984
vn 0.192627 -0.5664063 -0.8012695
vn -0.2919922 0.8588867 -0.4208984
vn -0.192627 0.5664063 -0.8012695
vn 0.116394 0.5869141 -0.8012695
vn 0.1765137 0.8896484 -0.4208984
vn 0.3942871 0.4501953 -0.8012695
vn 0.1765137 0.8896484 0.4208984
vn -0.2919922 0.8588867 0.4208984
vn -0.192627 0.5664063 0.8012695
vn 0.116394 0.5869141 0.8012695
vn 0.5976563 0.6821289 0.4208984
vn 0.3942871 0.4501953 0.8012695
vn 0.5976563 0.6821289 -0.4208984
vn 0.5664063 0.192627 -0.8012695
vn 0.8588867 0.2919922 0.4208984
vn 0.5664063 0.192627 0.8012695
vn 0.8588867 0.2919922 -0.4208984
vn 0.5869141 -0.116394 -0.8012695
vn 0.8896484 -0.1765137 0.4208984
vn 0.5869141 -0.116394 0.8012695
vn 0.8896484 -0.1765137 -0.4208984
vn 0.4501953 -0.3942871 -0.8012695
vn 0.6821289 -0.5976563 0.4208984
vn 0.4501953 -0.3942871 0.8012695
vn 0.6821289 -0.5976563 -0.4208984
vn 0.192627 -0.5664063 -0.8012695
vn 0.2919922 -0.8588867 -0.4208984
vn 0.2919922 -0.8588867 0.4208984
vn 0.192627 -0.5664063 0.8012695
vn 0.4458008 -0.3903809 -0.8056641
vn 0.2783203 -0.8183594 -0.5029297
vn 0.1907959 -0.5610352 -0.8056641
vn 0.6503906 -0.5698242 -0.5029297
vn 0.5810547 -0.1152344 -0.8056641
vn 0.8481445 -0.1682129 -0.5029297
vn 0.5610352 0.1907959 -0.8056641
vn 0.8183594 0.2783203 -0.5029297
vn 0.3903809 0.4458008 -0.8056641
vn 0.5698242 0.6503906 -0.5029297
vn 0.1152344 0.5810547 -0.8056641
vn 0.1682129 0.8481445 -0.5029297
vn -0.2783203 0.8183594 -0.5029297
vn -0.1907959 0.5610352 -0.8056641
vn 0.2919922 -0.8588867 -0.4208984
vn 0.192627 -0.5664063 -0.8012695
vn -0.116394 -0.5869141 -0.8012695
vn -0.1765137 -0.8896484 -0.4208984
vn -0.3942871 -0.4501953 -0.8012695
vn -0.1765137 -0.8896484 0.4208984
vn 0.2919922 -0.8588867 0.4208984
vn 0.192627 -0.5664063 0.8012695
vn -0.116394 -0.5869141 0.8012695
vn -0.5976563 -0.6821289 0.4208984
vn -0.3942871 -0.4501953 0.8012695
vn -0.5976563 -0.6821289 -0.4208984
vn -0.5664063 -0.192749 -0.8012695
vn -0.8588867 -0.2919922 0.4208984
vn -0.5664063 -0.192749 0.8012695
vn -0.8588867 -0.2919922 -0.4208984
vn -0.5869141 0.116394 -0.8012695
vn -0.8896484 0.1765137 0.4208984
vn -0.5869141 0.116394 0.8012695
vn -0.8896484 0.1765137 -0.4208984
vn -0.4501953 0.3942871 -0.8012695
vn -0.6821289 0.5976563 0.4208984
vn -0.4501953 0.3942871 0.8012695
vn -0.6821289 0.5976563 -0.4208984
vn -0.192627 0.5664063 -0.8012695
vn -0.2919922 0.8588867 -0.4208984
vn -0.2919922 0.8588867 0.4208984
vn -0.192627 0.5664063 0.8012695
vn 0.1787109 -0.5253906 0.8320313
vn 0.1787109 -0.5253906 0.8320313
vn 0.4174805 -0.3657227 0.8320313
vn 0.4174805 -0.3657227 0.8320313
vn 0.5444336 -0.1079712 0.8320313
vn 0.5444336 -0.1079712 0.8320313
vn 0.5253906 0.1787109 0.8320313
vn 0.5253906 0.1787109 0.8320313
vn 0.3657227 0.4174805 0.8320313
vn 0.3657227 0.4174805 0.8320313
vn 0.1079712 0.5444336 0.8320313
vn 0.1079712 0.5444336 0.8320313
vn -0.1787109 0.5253906 0.8320313
vn -0.1787109 0.5253906 0.8320313
vn 0.1907959 -0.5610352 -0.8056641
vn 0.2783203 -0.8183594 -0.5029297
vn -0.1682129 -0.8481445 -0.5029297
vn -0.1152344 -0.5810547 -0.8056641
vn -0.5698242 -0.6503906 -0.5029297
vn -0.3903809 -0.4458008 -0.8056641
vn -0.8183594 -0.2783203 -0.5029297
vn -0.5610352 -0.1907959 -0.8056641
vn -0.8481445 0.1682129 -0.5029297
vn -0.5810547 0.1152344 -0.8056641
vn -0.6503906 0.5698242 -0.5029297
vn -0.4458008 0.3903809 -0.8056641
vn -0.2783203 0.8183594 -0.5029297
vn -0.1907959 0.5610352 -0.8056641
vn -0.1079712 -0.5444336 0.8320313
vn 0.1787109 -0.5253906 0.8320313
vn 0.1787109 -0.5253906 0.8320313
vn -0.1079712 -0.5444336 0.8320313
vn -0.3657227 -0.4174805 0.8320313
vn -0.3657227 -0.4174805 0.8320313
vn -0.5253906 -0.1787109 0.8320313
vn -0.5253906 -0.1787109 0.8320313
vn -0.5444336 0.1079712 0.8320313
vn -0.5444336 0.1079712 0.8320313
vn -0.4174805 0.3657227 0.8320313
vn -0.4174805 0.3657227 0.8320313
vn -0.1787109 0.5253906 0.8320313
vn -0.1787109 0.5253906 0.8320313
vn -0.2919922 0.8588867 -0.4208984
vn -0.192627 0.5664063 -0.8012695
vn 0.116394 0.5869141 -0.8012695
vn 0.1765137 0.8896484 -0.4208984
vn 0.3942871 0.4501953 -0.8012695
vn 0.1765137 0.8896484 0.4208984
vn -0.2919922 0.8588867 0.4208984
vn -0.192627 0.5664063 0.8012695
vn 0.116394 0.5869141 0.8012695
vn 0.5976563 0.6821289 0.4208984
vn 0.3942871 0.4501953 0.8012695
vn 0.5976563 0.6821289 -0.4208984
vn 0.5664063 0.192627 -0.8012695
vn 0.8588867 0.2919922 0.4208984
vn 0.5664063 0.192627 0.8012695
vn 0.8588867 0.2919922 -0.4208984
vn 0.5869141 -0.116394 -0.8012695
vn 0.8896484 -0.1765137 0.4208984
vn 0.5869141 -0.116394 0.8012695
vn 0.8896484 -0.1765137 -0.4208984
vn 0.4501953 -0.3942871 -0.8012695
vn 0.6821289 -0.5976563 0.4208984
vn 0.4501953 -0.3942871 0.8012695
vn 0.6821289 -0.5976563 -0.4208984
vn 0.192627 -0.5664063 -0.8012695
vn 0.2919922 -0.8588867 -0.4208984
vn 0.2919922 -0.8588867 0.4208984
vn 0.192627 -0.5664063 0.8012695
vn 0.3217773 -0.9458008 -0.04284668
vn 0.2783203 -0.8183594 -0.5029297
vn 0.6503906 -0.5698242 -0.5029297
vn 0.7514648 -0.6582031 -0.04284668
vn 0.8481445 -0.1682129 -0.5029297
vn 0.9799805 -0.1943359 -0.04284668
vn 0.8183594 0.2783203 -0.5029297
vn 0.9458008 0.3217773 -0.04284668
vn 0.5698242 0.6503906 -0.5029297
vn 0.6582031 0.7514648 -0.04284668
vn 0.1682129 0.8481445 -0.5029297
vn 0.1943359 0.9799805 -0.04284668
vn -0.2783203 0.8183594 -0.5029297
vn -0.3217773 0.9458008 -0.04284668
vn -0.1943359 -0.9799805 -0.04284668
vn 0.2783203 -0.8183594 -0.5029297
vn 0.3217773 -0.9458008 -0.04284668
vn -0.1682129 -0.8481445 -0.5029297
vn -0.6582031 -0.7514648 -0.04284668
vn -0.5698242 -0.6503906 -0.5029297
vn -0.9458008 -0.3217773 -0.04284668
vn -0.8183594 -0.2783203 -0.5029297
vn -0.9799805 0.1943359 -0.04284668
vn -0.8481445 0.1682129 -0.5029297
vn -0.7514648 0.6582031 -0.04284668
vn -0.6503906 0.5698242 -0.5029297
vn -0.3217773 0.9458008 -0.04284668
vn -0.2783203 0.8183594 -0.5029297
vn 0.9047852 -0.06219482 0.4208984
vn 0.597168 -0.04104614 0.8012695
vn 0.5375977 0.2629395 0.8012695
vn 0.8149414 0.3986816 0.4208984
vn 0.3339844 0.496582 0.8012695
vn 0.8149414 0.3986816 -0.4208984
vn 0.9047852 -0.06219482 -0.4208984
vn 0.597168 -0.04104614 -0.8012695
vn 0.5375977 0.2629395 -0.8012695
vn 0.5063477 0.7524414 -0.4208984
vn 0.3339844 0.496582 -0.8012695
vn 0.5063477 0.7524414 0.4208984
vn 0.04104614 0.597168 0.8012695
vn 0.06222534 0.9047852 -0.4208984
vn 0.04104614 0.597168 -0.8012695
vn 0.06222534 0.9047852 0.4208984
vn -0.2629395 0.5375977 0.8012695
vn -0.3986816 0.8149414 -0.4208984
vn -0.2629395 0.5375977 -0.8012695
vn -0.3986816 0.8149414 0.4208984
vn -0.496582 0.3339844 0.8012695
vn -0.7524414 0.5063477 -0.4208984
vn -0.496582 0.3339844 -0.8012695
vn -0.7524414 0.5063477 0.4208984
vn -0.597168 0.04104614 0.8012695
vn -0.9047852 0.06219482 0.4208984
vn -0.9047852 0.06219482 -0.4208984
vn -0.597168 0.04104614 -0.8012695
vn 0.9047852 -0.06219482 -0.4208984
vn 0.597168 -0.04104614 -0.8012695
vn 0.496582 -0.3339844 -0.8012695
vn 0.7524414 -0.5063477 -0.4208984
vn 0.2629395 -0.5375977 -0.8012695
vn 0.7524414 -0.5063477 0.4208984
vn 0.9047852 -0.06219482 0.4208984
vn 0.597168 -0.04104614 0.8012695
vn 0.496582 -0.3339844 0.8012695
vn 0.3986816 -0.8149414 0.4208984
vn 0.2629395 -0.5375977 0.8012695
vn 0.3986816 -0.8149414 -0.4208984
vn -0.04104614 -0.597168 -0.8012695
vn -0.06219482 -0.9047852 0.4208984
vn -0.04104614 -0.597168 0.8012695
vn -0.06219482 -0.9047852 -0.4208984
vn -0.3339844 -0.496582 -0.8012695
vn -0.5063477 -0.7524414 0.4208984
vn -0.3339844 -0.496582 0.8012695
vn -0.5063477 -0.7524414 -0.4208984
vn -0.5375977 -0.2629395 -0.8012695
vn -0.8149414 -0.3986816 0.4208984
vn -0.5375977 -0.2629395 0.8012695
vn -0.8149414 -0.3986816 -0.4208984
vn -0.597168 0.04104614 -0.8012695
vn -0.9047852 0.06219482 -0.4208984
vn -0.9047852 0.06219482 0.4208984
vn -0.597168 0.04104614 0.8012695
vn -0.5322266 -0.2602539 -0.8056641
vn -0.8623047 0.05929565 -0.5029297
vn -0.5913086 0.0406189 -0.8056641
vn -0.7763672 -0.3798828 -0.5029297
vn -0.3308105 -0.4916992 -0.8056641
vn -0.482666 -0.7172852 -0.5029297
vn -0.0406189 -0.5913086 -0.8056641
vn -0.05929565 -0.8623047 -0.5029297
vn 0.2602539 -0.5322266 -0.8056641
vn 0.3798828 -0.7763672 -0.5029297
vn 0.4916992 -0.3308105 -0.8056641
vn 0.7172852 -0.482666 -0.5029297
vn 0.8623047 -0.05926514 -0.5029297
vn 0.5913086 -0.0406189 -0.8056641
vn -0.9047852 0.06222534 -0.4208984
vn -0.597168 0.04104614 -0.8012695
vn -0.496582 0.3339844 -0.8012695
vn -0.7524414 0.5063477 -0.4208984
vn -0.2629395 0.5375977 -0.8012695
vn -0.7524414 0.5063477 0.4208984
vn -0.9047852 0.06222534 0.4208984
vn -0.597168 0.04104614 0.8012695
vn -0.496582 0.3339844 0.8012695
vn -0.3986816 0.8149414 0.4208984
vn -0.2629395 0.5375977 0.8012695
vn -0.3986816 0.8149414 -0.4208984
vn 0.04104614 0.597168 -0.8012695
vn 0.06219482 0.9047852 0.4208984
vn 0.04104614 0.597168 0.8012695
vn 0.06219482 0.9047852 -0.4208984
vn 0.3339844 0.496582 -0.8012695
vn 0.5063477 0.7524414 0.4208984
vn 0.3339844 0.496582 0.8012695
vn 0.5063477 0.7524414 -0.4208984
vn 0.5375977 0.2629395 -0.8012695
vn 0.8149414 0.3986816 0.4208984
vn 0.5375977 0.2629395 0.8012695
vn 0.8149414 0.3986816 -0.4208984
vn 0.597168 -0.04104614 -0.8012695
vn 0.9047852 -0.06222534 -0.4208984
vn 0.9047852 -0.06219482 0.4208984
vn 0.597168 -0.04104614 0.8012695
vn -0.5537109 0.03805542 0.8320313
vn -0.5537109 0.03805542 0.8320313
vn -0.4985352 -0.2438965 0.8320313
vn -0.4985352 -0.2438965 0.8320313
vn -0.3098145 -0.4604492 0.8320313
vn -0.3098145 -0.4604492 0.8320313
vn -0.03805542 -0.5537109 0.8320313
vn -0.03805542 -0.5537109 0.8320313
vn 0.2438965 -0.4985352 0.8320313
vn 0.2438965 -0.4985352 0.8320313
vn 0.4604492 -0.3098145 0.8320313
vn 0.4604492 -0.3098145 0.8320313
vn 0.5537109 -0.03805542 0.8320313
vn 0.5537109 -0.03805542 0.8320313
vn -0.5913086 0.0406189 -0.8056641
vn -0.8623047 0.05929565 -0.5029297
vn -0.7172852 0.482666 -0.5029297
vn -0.4916992 0.3308105 -0.8056641
vn -0.3798828 0.7763672 -0.5029297
vn -0.2602539 0.5322266 -0.8056641
vn 0.05929565 0.8623047 -0.5029297
vn 0.0406189 0.5913086 -0.8056641
vn 0.482666 0.7172852 -0.5029297
vn 0.3308105 0.4916992 -0.8056641
vn 0.7763672 0.3798828 -0.5029297
vn 0.5322266 0.2602539 -0.8056641
vn 0.8623047 -0.05926514 -0.5029297
vn 0.5913086 -0.0406189 -0.8056641
vn -0.4604492 0.3098145 0.8320313
vn -0.5537109 0.03805542 0.8320313
vn -0.5537109 0.03805542 0.8320313
vn -0.4604492 0.3098145 0.8320313
vn -0.2438965 0.4985352 0.8320313
vn -0.2438965 0.4985352 0.8320313
vn 0.03805542 0.5537109 0.8320313
vn 0.03805542 0.5537109 0.8320313
vn 0.3098145 0.4604492 0.8320313
vn 0.3098145 0.4604492 0.8320313
vn 0.4985352 0.2438965 0.8320313
vn 0.4985352 0.2438965 0.8320313
vn 0.5537109 -0.03805542 0.8320313
vn 0.5537109 -0.03805542 0.8320313
vn 0.9047852 -0.06222534 -0.4208984
vn 0.597168 -0.04104614 -0.8012695
vn 0.496582 -0.3339844 -0.8012695
vn 0.7524414 -0.5063477 -0.4208984
vn 0.2629395 -0.5375977 -0.8012695
vn 0.7524414 -0.5063477 0.4208984
vn 0.9047852 -0.06219482 0.4208984
vn 0.597168 -0.04104614 0.8012695
vn 0.496582 -0.3339844 0.8012695
vn 0.3986816 -0.8149414 0.4208984
vn 0.2629395 -0.5375977 0.8012695
vn 0.3986816 -0.8149414 -0.4208984
vn -0.04104614 -0.597168 -0.8012695
vn -0.06222534 -0.9047852 0.4208984
vn -0.04104614 -0.597168 0.8012695
vn -0.06222534 -0.9047852 -0.4208984
vn -0.3339844 -0.496582 -0.8012695
vn -0.5063477 -0.7524414 0.4208984
vn -0.3339844 -0.496582 0.8012695
vn -0.5063477 -0.7524414 -0.4208984
vn -0.5375977 -0.2629395 -0.8012695
vn -0.8149414 -0.3986816 0.4208984
vn -0.5375977 -0.2629395 0.8012695
vn -0.8149414 -0.3986816 -0.4208984
vn -0.597168 0.04104614 -0.8012695
vn -0.9047852 0.06222534 -0.4208984
vn -0.9047852 0.06222534 0.4208984
vn -0.597168 0.04104614 0.8012695
vn -0.996582 0.06854248 -0.04284668
vn -0.8623047 0.05929565 -0.5029297
vn -0.7763672 -0.3798828 -0.5029297
vn -0.8974609 -0.4389648 -0.04284668
vn -0.482666 -0.7172852 -0.5029297
vn -0.5576172 -0.8291016 -0.04284668
vn -0.05929565 -0.8623047 -0.5029297
vn -0.06854248 -0.996582 -0.04284668
vn 0.3798828 -0.7763672 -0.5029297
vn 0.4389648 -0.8974609 -0.04284668
vn 0.7172852 -0.482666 -0.5029297
vn 0.8291016 -0.5576172 -0.04284668
vn 0.8623047 -0.05926514 -0.5029297
vn 0.996582 -0.06848145 -0.04284668
vn -0.8291016 0.5576172 -0.04284668
vn -0.8623047 0.05929565 -0.5029297
vn -0.996582 0.06854248 -0.04284668
vn -0.7172852 0.482666 -0.5029297
vn -0.4389648 0.8974609 -0.04284668
vn -0.3798828 0.7763672 -0.5029297
vn 0.06854248 0.996582 -0.04284668
vn 0.05929565 0.8623047 -0.5029297
vn 0.5576172 0.8291016 -0.04284668
vn 0.482666 0.7172852 -0.5029297
vn 0.8974609 0.4389648 -0.04284668
vn 0.7763672 0.3798828 -0.5029297
vn 0.996582 -0.06848145 -0.04284668
vn 0.8623047 -0.05926514 -0.5029297
vn 0.8833008 -0.2060547 0.4208984
vn 0.5830078 -0.1358643 0.8012695
vn 0.5727539 0.1737061 0.8012695
vn 0.8681641 0.2631836 0.4208984
vn 0.4091797 0.4367676 0.8012695
vn 0.8681641 0.2631836 -0.4208984
vn 0.8833008 -0.2060547 -0.4208984
vn 0.5830078 -0.1358643 -0.8012695
vn 0.5727539 0.1737061 -0.8012695
vn 0.6201172 0.6621094 -0.4208984
vn 0.4091797 0.4367676 -0.8012695
vn 0.6201172 0.6621094 0.4208984
vn 0.1358643 0.5830078 0.8012695
vn 0.2060547 0.8833008 -0.4208984
vn 0.1358643 0.5830078 -0.8012695
vn 0.2060547 0.8833008 0.4208984
vn -0.1737061 0.5727539 0.8012695
vn -0.2631836 0.8681641 -0.4208984
vn -0.1737061 0.5727539 -0.8012695
vn -0.2631836 0.8681641 0.4208984
vn -0.4367676 0.4091797 0.8012695
vn -0.6621094 0.6201172 -0.4208984
vn -0.4367676 0.4091797 -0.8012695
vn -0.6621094 0.6201172 0.4208984
vn -0.5830078 0.1358643 0.8012695
vn -0.8833008 0.2060547 0.4208984
vn -0.8833008 0.2060547 -0.4208984
vn -0.5830078 0.1358643 -0.8012695
vn 0.8833008 -0.2060547 -0.4208984
vn 0.5830078 -0.1358643 -0.8012695
vn 0.4367676 -0.4091797 -0.8012695
vn 0.6621094 -0.6201172 -0.4208984
vn 0.1737061 -0.5727539 -0.8012695
vn 0.6621094 -0.6201172 0.4208984
vn 0.8833008 -0.2060547 0.4208984
vn 0.5830078 -0.1358643 0.8012695
vn 0.4367676 -0.4091797 0.8012695
vn 0.2631836 -0.8681641 0.4208984
vn 0.1737061 -0.5727539 0.8012695
vn 0.2631836 -0.8681641 -0.4208984
vn -0.1358643 -0.5830078 -0.8012695
vn -0.2060547 -0.8833008 0.4208984
vn -0.1358643 -0.5830078 0.8012695
vn -0.2060547 -0.8833008 -0.4208984
vn -0.4091797 -0.4367676 -0.8012695
vn -0.6201172 -0.6621094 0.4208984
vn -0.4091797 -0.4367676 0.8012695
vn -0.6201172 -0.6621094 -0.4208984
vn -0.5727539 -0.1737061 -0.8012695
vn -0.8681641 -0.2631836 0.4208984
vn -0.5727539 -0.1737061 0.8012695
vn -0.8681641 -0.2631836 -0.4208984
vn -0.5830078 0.1358643 -0.8012695
vn -0.8833008 0.2060547 -0.4208984
vn -0.8833008 0.2060547 0.4208984
vn -0.5830078 0.1358643 0.8012695
vn -0.5668945 -0.1719971 -0.8056641
vn -0.8417969 0.1962891 -0.5029297
vn -0.5771484 0.1345215 -0.8056641
vn -0.8271484 -0.2509766 -0.5029297
vn -0.4050293 -0.432373 -0.8056641
vn -0.5908203 -0.6308594 -0.5029297
vn -0.1345215 -0.5771484 -0.8056641
vn -0.1962891 -0.8417969 -0.5029297
vn 0.1719971 -0.5668945 -0.8056641
vn 0.2509766 -0.8271484 -0.5029297
vn 0.432373 -0.4050293 -0.8056641
vn 0.6308594 -0.5908203 -0.5029297
vn 0.8417969 -0.1962891 -0.5029297
vn 0.5771484 -0.1345215 -0.8056641
vn -0.8833008 0.2060547 -0.4208984
vn -0.5830078 0.1358643 -0.8012695
vn -0.4367676 0.4091797 -0.8012695
vn -0.6621094 0.6201172 -0.4208984
vn -0.1737061 0.5727539 -0.8012695
vn -0.6621094 0.6201172 0.4208984
vn -0.8833008 0.2060547 0.4208984
vn -0.5830078 0.1358643 0.8012695
vn -0.4367676 0.4091797 0.8012695
vn -0.2631836 0.8681641 0.4208984
vn -0.1737061 0.5727539 0.8012695
vn -0.2631836 0.8681641 -0.4208984
vn 0.1358643 0.5830078 -0.8012695
vn 0.2060547 0.8833008 0.4208984
vn 0.1358643 0.5830078 0.8012695
vn 0.2060547 0.8833008 -0.4208984
vn 0.4091797 0.4367676 -0.8012695
vn 0.6201172 0.6621094 0.4208984
vn 0.4091797 0.4367676 0.8012695
vn 0.6201172 0.6621094 -0.4208984
vn 0.5727539 0.1737061 -0.8012695
vn 0.8681641 0.2631836 0.4208984
vn 0.5727539 0.1737061 0.8012695
vn 0.8681641 0.2631836 -0.4208984
vn 0.5830078 -0.1358643 -0.8012695
vn 0.8833008 -0.2060547 -0.4208984
vn 0.8833008 -0.2060547 0.4208984
vn 0.5830078 -0.1358643 0.8012695
vn -0.5405273 0.1260986 0.8320313
vn -0.5405273 0.1260986 0.8320313
vn -0.53125 -0.1611328 0.8320313
vn -0.53125 -0.1611328 0.8320313
vn -0.3793945 -0.4050293 0.8320313
vn -0.3793945 -0.4050293 0.8320313
vn -0.1260986 -0.5405273 0.8320313
vn -0.1260986 -0.5405273 0.8320313
vn 0.1611328 -0.53125 0.8320313
vn 0.1611328 -0.53125 0.8320313
vn 0.4050293 -0.3793945 0.8320313
vn 0.4050293 -0.3793945 0.8320313
vn 0.5405273 -0.1260986 0.8320313
vn 0.5405273 -0.1260986 0.8320313
vn -0.5771484 0.1345215 -0.8056641
vn -0.8417969 0.1962891 -0.5029297
vn -0.6308594 0.5908203 -0.5029297
vn -0.432373 0.4050293 -0.8056641
vn -0.2509766 0.8271484 -0.5029297
vn -0.1719971 0.5668945 -0.8056641
vn 0.1962891 0.8417969 -0.5029297
vn 0.1345215 0.5771484 -0.8056641
vn 0.5908203 0.6308594 -0.5029297
vn 0.4050293 0.432373 -0.8056641
vn 0.8271484 0.2509766 -0.5029297
vn 0.5668945 0.1719971 -0.8056641
vn 0.8417969 -0.1962891 -0.5029297
vn 0.5771484 -0.1345215 -0.8056641
vn -0.4050293 0.3793945 0.8320313
vn -0.5405273 0.1260986 0.8320313
vn -0.5405273 0.1260986 0.8320313
vn -0.4050293 0.3793945 0.8320313
vn -0.1611328 0.53125 0.8320313
vn -0.1611328 0.53125 0.8320313
vn 0.1260986 0.5405273 0.8320313
vn 0.1260986 0.5405273 0.8320313
vn 0.3793945 0.4050293 0.8320313
vn 0.3793945 0.4050293 0.8320313
vn 0.53125 0.1611328 0.8320313
vn 0.53125 0.1611328 0.8320313
vn 0.5405273 -0.1260986 0.8320313
vn 0.5405273 -0.1260986 0.8320313
vn 0.8833008 -0.2060547 -0.4208984
vn 0.5830078 -0.1358643 -0.8012695
vn 0.4367676 -0.4091797 -0.8012695
vn 0.6621094 -0.6201172 -0.4208984
vn 0.1737061 -0.5727539 -0.8012695
vn 0.6621094 -0.6201172 0.4208984
vn 0.8833008 -0.2060547 0.4208984
vn 0.5830078 -0.1358643 0.8012695
vn 0.4367676 -0.4091797 0.8012695
vn 0.2631836 -0.8681641 0.4208984
vn 0.1737061 -0.5727539 0.8012695
vn 0.2631836 -0.8681641 -0.4208984
vn -0.1358643 -0.5830078 -0.8012695
vn -0.2060547 -0.8833008 0.4208984
vn -0.1358643 -0.5830078 0.8012695
vn -0.2060547 -0.8833008 -0.4208984
vn -0.4091797 -0.4367676 -0.8012695
vn -0.6201172 -0.6621094 0.4208984
vn -0.4091797 -0.4367676 0.8012695
vn -0.6201172 -0.6621094 -0.4208984
vn -0.5727539 -0.1737061 -0.8012695
vn -0.8681641 -0.2631836 0.4208984
vn -0.5727539 -0.1737061 0.8012695
vn -0.8681641 -0.2631836 -0.4208984
vn -0.5830078 0.1358643 -0.8012695
vn -0.8833008 0.2060547 -0.4208984
vn -0.8833008 0.2060547 0.4208984
vn -0.5830078 0.1358643 0.8012695
vn -0.9731445 0.2269287 -0.04284668
vn -0.8417969 0.1962891 -0.5029297
vn -0.8271484 -0.2509766 -0.5029297
vn -0.9560547 -0.2900391 -0.04284668
vn -0.5908203 -0.6308594 -0.5029297
vn -0.6831055 -0.7290039 -0.04284668
vn -0.1962891 -0.8417969 -0.5029297
vn -0.2269287 -0.9731445 -0.04284668
vn 0.2509766 -0.8271484 -0.5029297
vn 0.2900391 -0.9560547 -0.04284668
vn 0.6308594 -0.5908203 -0.5029297
vn 0.7290039 -0.6831055 -0.04284668
vn 0.8417969 -0.1962891 -0.5029297
vn 0.9731445 -0.2269287 -0.04284668
vn -0.7290039 0.6831055 -0.04284668
vn -0.8417969 0.1962891 -0.5029297
vn -0.9731445 0.2269287 -0.04284668
vn -0.6308594 0.5908203 -0.5029297
vn -0.2900391 0.9560547 -0.04284668
vn -0.2509766 0.8271484 -0.5029297
vn 0.2269287 0.9731445 -0.04284668
vn 0.1962891 0.8417969 -0.5029297
vn 0.6831055 0.7290039 -0.04284668
vn 0.5908203 0.6308594 -0.5029297
vn 0.9560547 0.2900391 -0.04284668
vn 0.8271484 0.2509766 -0.5029297
vn 0.9731445 -0.2269287 -0.04284668
vn 0.8417969 -0.1962891 -0.5029297
vn -0.9067383 0.01821899 0.4208984
vn -0.5981445 0.0120163 0.8012695
vn -0.5239258 -0.2888184 0.8012695
vn -0.7944336 -0.4377441 0.4208984
vn -0.3095703 -0.512207 0.8012695
vn -0.7944336 -0.4377441 -0.4208984
vn -0.9067383 0.01821899 -0.4208984
vn -0.5981445 0.0120163 -0.8012695
vn -0.5239258 -0.2888184 -0.8012695
vn -0.4692383 -0.7763672 -0.4208984
vn -0.3095703 -0.512207 -0.8012695
vn -0.4692383 -0.7763672 0.4208984
vn -0.0120163 -0.5981445 0.8012695
vn -0.01821899 -0.9067383 -0.4208984
vn -0.0120163 -0.5981445 -0.8012695
vn -0.01821899 -0.9067383 0.4208984
vn 0.2888184 -0.5239258 0.8012695
vn 0.4377441 -0.7944336 -0.4208984
vn 0.2888184 -0.5239258 -0.8012695
vn 0.4377441 -0.7944336 0.4208984
vn 0.512207 -0.3095703 0.8012695
vn 0.7763672 -0.4692383 -0.4208984
vn 0.512207 -0.3095703 -0.8012695
vn 0.7763672 -0.4692383 0.4208984
vn 0.5981445 -0.0120163 0.8012695
vn 0.9067383 -0.01821899 0.4208984
vn 0.9067383 -0.01821899 -0.4208984
vn 0.5981445 -0.0120163 -0.8012695
vn -0.9067383 0.01821899 -0.4208984
vn -0.5981445 0.0120163 -0.8012695
vn -0.512207 0.3095703 -0.8012695
vn -0.7763672 0.4692383 -0.4208984
vn -0.2888184 0.5244141 -0.8012695
vn -0.7763672 0.4692383 0.4208984
vn -0.9067383 0.01821899 0.4208984
vn -0.5981445 0.0120163 0.8012695
vn -0.512207 0.3095703 0.8012695
vn -0.4377441 0.7944336 0.4208984
vn -0.2888184 0.5244141 0.8012695
vn -0.4377441 0.7944336 -0.4208984
vn 0.0120163 0.5981445 -0.8012695
vn 0.01821899 0.9067383 0.4208984
vn 0.0120163 0.5981445 0.8012695
vn 0.01821899 0.9067383 -0.4208984
vn 0.3095703 0.512207 -0.8012695
vn 0.4692383 0.7763672 0.4208984
vn 0.3095703 0.512207 0.8012695
vn 0.4692383 0.7763672 -0.4208984
vn 0.5239258 0.2888184 -0.8012695
vn 0.7944336 0.4377441 0.4208984
vn 0.5239258 0.2888184 0.8012695
vn 0.7944336 0.4377441 -0.4208984
vn 0.5981445 -0.0120163 -0.8012695
vn 0.9067383 -0.01821899 -0.4208984
vn 0.9067383 -0.01821899 0.4208984
vn 0.5981445 -0.0120163 0.8012695
vn 0.519043 0.2858887 -0.8056641
vn 0.8642578 -0.0173645 -0.5029297
vn 0.5922852 -0.01190186 -0.8056641
vn 0.7573242 0.4169922 -0.5029297
vn 0.3063965 0.5068359 -0.8056641
vn 0.4472656 0.7397461 -0.5029297
vn 0.01189423 0.5922852 -0.8056641
vn 0.0173645 0.8642578 -0.5029297
vn -0.2858887 0.519043 -0.8056641
vn -0.4169922 0.7573242 -0.5029297
vn -0.5068359 0.3063965 -0.8056641
vn -0.7397461 0.4472656 -0.5029297
vn -0.8642578 0.0173645 -0.5029297
vn -0.5922852 0.01189423 -0.8056641
vn 0.9067383 -0.01821899 -0.4208984
vn 0.5981445 -0.0120163 -0.8012695
vn 0.512207 -0.3095703 -0.8012695
vn 0.7763672 -0.4692383 -0.4208984
vn 0.2888184 -0.5239258 -0.8012695
vn 0.7763672 -0.4692383 0.4208984
vn 0.9067383 -0.01821899 0.4208984
vn 0.5981445 -0.0120163 0.8012695
vn 0.512207 -0.3095703 0.8012695
vn 0.4377441 -0.7944336 0.4208984
vn 0.2888184 -0.5239258 0.8012695
vn 0.4377441 -0.7944336 -0.4208984
vn -0.0120163 -0.5981445 -0.8012695
vn -0.01821899 -0.9067383 0.4208984
vn -0.0120163 -0.5981445 0.8012695
vn -0.01821899 -0.9067383 -0.4208984
vn -0.3095703 -0.512207 -0.8012695
vn -0.4692383 -0.7763672 0.4208984
vn -0.3095703 -0.512207 0.8012695
vn -0.4692383 -0.7763672 -0.4208984
vn -0.5239258 -0.2888184 -0.8012695
vn -0.7944336 -0.4377441 0.4208984
vn -0.5239258 -0.2888184 0.8012695
vn -0.7944336 -0.4377441 -0.4208984
vn -0.5981445 0.01202393 -0.8012695
vn -0.9067383 0.01821899 -0.4208984
vn -0.9067383 0.01821899 0.4208984
vn -0.5981445 0.01202393 0.8012695
vn 0.5546875 -0.01114655 0.8320313
vn 0.5546875 -0.01114655 0.8320313
vn 0.486084 0.2678223 0.8320313
vn 0.486084 0.2678223 0.8320313
vn 0.2871094 0.4750977 0.8320313
vn 0.2871094 0.4750977 0.8320313
vn 0.01114655 0.5546875 0.8320313
vn 0.01114655 0.5546875 0.8320313
vn -0.2678223 0.486084 0.8320313
vn -0.2678223 0.486084 0.8320313
vn -0.4750977 0.2871094 0.8320313
vn -0.4750977 0.2871094 0.8320313
vn -0.5546875 0.01114655 0.8320313
vn -0.5546875 0.01114655 0.8320313
vn 0.5922852 -0.01190186 -0.8056641
vn 0.8642578 -0.0173645 -0.5029297
vn 0.7397461 -0.4472656 -0.5029297
vn 0.5068359 -0.3063965 -0.8056641
vn 0.4169922 -0.7573242 -0.5029297
vn 0.2858887 -0.519043 -0.8056641
vn -0.0173645 -0.8642578 -0.5029297
vn -0.01190186 -0.5922852 -0.8056641
vn -0.4472656 -0.7397461 -0.5029297
vn -0.3063965 -0.5068359 -0.8056641
vn -0.7573242 -0.4169922 -0.5029297
vn -0.519043 -0.2858887 -0.8056641
vn -0.8642578 0.0173645 -0.5029297
vn -0.5922852 0.01189423 -0.8056641
vn 0.4750977 -0.2871094 0.8320313
vn 0.5546875 -0.01114655 0.8320313
vn 0.5546875 -0.01114655 0.8320313
vn 0.4750977 -0.2871094 0.8320313
vn 0.2678223 -0.486084 0.8320313
vn 0.2678223 -0.486084 0.8320313
vn -0.01114655 -0.5546875 0.8320313
vn -0.01114655 -0.5546875 0.8320313
vn -0.2871094 -0.4750977 0.8320313
vn -0.2871094 -0.4750977 0.8320313
vn -0.486084 -0.2678223 0.8320313
vn -0.486084 -0.2678223 0.8320313
vn -0.5546875 0.01114655 0.8320313
vn -0.5546875 0.01114655 0.8320313
vn -0.9067383 0.01821899 -0.4208984
vn -0.5981445 0.01202393 -0.8012695
vn -0.512207 0.3095703 -0.8012695
vn -0.7763672 0.4692383 -0.4208984
vn -0.2888184 0.5239258 -0.8012695
vn -0.7763672 0.4692383 0.4208984
vn -0.9067383 0.01821899 0.4208984
vn -0.5981445 0.01202393 0.8012695
vn -0.512207 0.3095703 0.8012695
vn -0.4377441 0.7944336 0.4208984
vn -0.2888184 0.5239258 0.8012695
vn -0.4377441 0.7944336 -0.4208984
vn 0.0120163 0.5981445 -0.8012695
vn 0.01821899 0.9067383 0.4208984
vn 0.0120163 0.5981445 0.8012695
vn 0.01821899 0.9067383 -0.4208984
vn 0.3095703 0.512207 -0.8012695
vn 0.4692383 0.7763672 0.4208984
vn 0.3095703 0.512207 0.8012695
vn 0.4692383 0.7763672 -0.4208984
vn 0.5239258 0.2888184 -0.8012695
vn 0.7944336 0.4377441 0.4208984
vn 0.5239258 0.2888184 0.8012695
vn 0.7944336 0.4377441 -0.4208984
vn 0.5981445 -0.0120163 -0.8012695
vn 0.9067383 -0.01821899 -0.4208984
vn 0.9067383 -0.01821899 0.4208984
vn 0.5981445 -0.0120163 0.8012695
vn 0.9990234 -0.02008057 -0.04284668
vn 0.8642578 -0.0173645 -0.5029297
vn 0.7573242 0.4169922 -0.5029297
vn 0.875 0.4821777 -0.04284668
vn 0.4472656 0.7397461 -0.5029297
vn 0.5166016 0.8549805 -0.04284668
vn 0.0173645 0.8642578 -0.5029297
vn 0.02006531 0.9990234 -0.04284668
vn -0.4169922 0.7573242 -0.5029297
vn -0.4821777 0.875 -0.04284668
vn -0.7397461 0.4472656 -0.5029297
vn -0.8549805 0.5166016 -0.04284668
vn -0.8642578 0.0173645 -0.5029297
vn -0.9990234 0.02006531 -0.04284668
vn 0.8549805 -0.5166016 -0.04284668
vn 0.8642578 -0.0173645 -0.5029297
vn 0.9990234 -0.02008057 -0.04284668
vn 0.7397461 -0.4472656 -0.5029297
vn 0.4821777 -0.875 -0.04284668
vn 0.4169922 -0.7573242 -0.5029297
vn -0.02006531 -0.9990234 -0.04284668
vn -0.0173645 -0.8642578 -0.5029297
vn -0.5166016 -0.8549805 -0.04284668
vn -0.4472656 -0.7397461 -0.5029297
vn -0.875 -0.4821777 -0.04284668
vn -0.7573242 -0.4169922 -0.5029297
vn -0.9990234 0.02006531 -0.04284668
vn -0.8642578 0.0173645 -0.5029297
vn -0.8925781 0.1628418 0.4208984
vn -0.5888672 0.1074829 0.8012695
vn -0.5634766 -0.2012939 0.8012695
vn -0.8544922 -0.3051758 0.4208984
vn -0.3874512 -0.4560547 0.8012695
vn -0.8544922 -0.3051758 -0.4208984
vn -0.8925781 0.1628418 -0.4208984
vn -0.5888672 0.1074829 -0.8012695
vn -0.5634766 -0.2012939 -0.8012695
vn -0.5874023 -0.6914063 -0.4208984
vn -0.3874512 -0.4560547 -0.8012695
vn -0.5874023 -0.6914063 0.4208984
vn -0.1074829 -0.5888672 0.8012695
vn -0.1628418 -0.8925781 -0.4208984
vn -0.1074829 -0.5888672 -0.8012695
vn -0.1628418 -0.8925781 0.4208984
vn 0.2012939 -0.5634766 0.8012695
vn 0.3051758 -0.8544922 -0.4208984
vn 0.2012939 -0.5634766 -0.8012695
vn 0.3051758 -0.8544922 0.4208984
vn 0.4560547 -0.3874512 0.8012695
vn 0.6914063 -0.5874023 -0.4208984
vn 0.4560547 -0.3874512 -0.8012695
vn 0.6914063 -0.5874023 0.4208984
vn 0.5888672 -0.1074829 0.8012695
vn 0.8925781 -0.1628418 0.4208984
vn 0.8925781 -0.1628418 -0.4208984
vn 0.5888672 -0.1074829 -0.8012695
vn -0.8925781 0.1628418 -0.4208984
vn -0.5888672 0.1074829 -0.8012695
vn -0.4560547 0.3874512 -0.8012695
vn -0.6914063 0.5874023 -0.4208984
vn -0.2012939 0.5634766 -0.8012695
vn -0.6914063 0.5874023 0.4208984
vn -0.8925781 0.1628418 0.4208984
vn -0.5888672 0.1074829 0.8012695
vn -0.4560547 0.3874512 0.8012695
vn -0.3051758 0.8544922 0.4208984
vn -0.2012939 0.5634766 0.8012695
vn -0.3051758 0.8544922 -0.4208984
vn 0.1074829 0.5888672 -0.8012695
vn 0.1628418 0.8925781 0.4208984
vn 0.1074829 0.5888672 0.8012695
vn 0.1628418 0.8925781 -0.4208984
vn 0.3874512 0.4560547 -0.8012695
vn 0.5874023 0.6914063 0.4208984
vn 0.3874512 0.4560547 0.8012695
vn 0.5874023 0.6914063 -0.4208984
vn 0.5634766 0.2012939 -0.8012695
vn 0.8544922 0.3051758 0.4208984
vn 0.5634766 0.2012939 0.8012695
vn 0.8544922 0.3051758 -0.4208984
vn 0.5888672 -0.1074829 -0.8012695
vn 0.8925781 -0.1628418 -0.4208984
vn 0.8925781 -0.1628418 0.4208984
vn 0.5888672 -0.1074829 0.8012695
vn 0.5581055 0.1993408 -0.8056641
vn 0.8505859 -0.1552734 -0.5029297
vn 0.5830078 -0.1063843 -0.8056641
vn 0.8139648 0.2907715 -0.5029297
vn 0.3835449 0.4516602 -0.8056641
vn 0.5595703 0.6586914 -0.5029297
vn 0.1063843 0.5830078 -0.8056641
vn 0.1552734 0.8505859 -0.5029297
vn -0.1993408 0.5581055 -0.8056641
vn -0.2907715 0.8139648 -0.5029297
vn -0.4516602 0.3835449 -0.8056641
vn -0.6586914 0.5595703 -0.5029297
vn -0.8505859 0.1552734 -0.5029297
vn -0.5830078 0.1063843 -0.8056641
vn 0.8925781 -0.1628418 -0.4208984
vn 0.5888672 -0.1074829 -0.8012695
vn 0.4560547 -0.3874512 -0.8012695
vn 0.6914063 -0.5874023 -0.4208984
vn 0.2012939 -0.5634766 -0.8012695
vn 0.6914063 -0.5874023 0.4208984
vn 0.8925781 -0.1628418 0.4208984
vn 0.5888672 -0.1074829 0.8012695
vn 0.4560547 -0.3874512 0.8012695
vn 0.3051758 -0.8544922 0.4208984
vn 0.2012939 -0.5634766 0.8012695
vn 0.3051758 -0.8544922 -0.4208984
vn -0.1074829 -0.5888672 -0.8012695
vn -0.1628418 -0.8925781 0.4208984
vn -0.1074829 -0.5888672 0.8012695
vn -0.1628418 -0.8925781 -0.4208984
vn -0.3874512 -0.4560547 -0.8012695
vn -0.5874023 -0.6914063 0.4208984
vn -0.3874512 -0.4560547 0.8012695
vn -0.5874023 -0.6914063 -0.4208984
vn -0.5634766 -0.2012939 -0.8012695
vn -0.8544922 -0.3051758 0.4208984
vn -0.5634766 -0.2012939 0.8012695
vn -0.8544922 -0.3051758 -0.4208984
vn -0.5888672 0.1074829 -0.8012695
vn -0.8925781 0.1628418 -0.4208984
vn -0.8925781 0.1628418 0.4208984
vn -0.5888672 0.1074829 0.8012695
vn 0.5458984 -0.09967041 0.8320313
vn 0.5458984 -0.09967041 0.8320313
vn 0.5224609 0.1866455 0.8320313
vn 0.5224609 0.1866455 0.8320313
vn 0.359375 0.4230957 0.8320313
vn 0.359375 0.4230957 0.8320313
vn 0.09967041 0.5458984 0.8320313
vn 0.09967041 0.5458984 0.8320313
vn -0.1866455 0.5224609 0.8320313
vn -0.1866455 0.5224609 0.8320313
vn -0.4230957 0.359375 0.8320313
vn -0.4230957 0.359375 0.8320313
vn -0.5458984 0.09967041 0.8320313
vn -0.5458984 0.09967041 0.8320313
vn 0.5830078 -0.1063843 -0.8056641
vn 0.8505859 -0.1552734 -0.5029297
vn 0.6586914 -0.5595703 -0.5029297
vn 0.4516602 -0.3835449 -0.8056641
vn 0.2907715 -0.8139648 -0.5029297
vn 0.1993408 -0.5581055 -0.8056641
vn -0.1552734 -0.8505859 -0.5029297
vn -0.1063843 -0.5830078 -0.8056641
vn -0.5595703 -0.6586914 -0.5029297
vn -0.3835449 -0.4516602 -0.8056641
vn -0.8139648 -0.2907715 -0.5029297
vn -0.5581055 -0.1993408 -0.8056641
vn -0.8505859 0.1552734 -0.5029297
vn -0.5830078 0.1063843 -0.8056641
vn 0.4230957 -0.359375 0.8320313
vn 0.5458984 -0.09967041 0.8320313
vn 0.5458984 -0.09967041 0.8320313
vn 0.4230957 -0.359375 0.8320313
vn 0.1866455 -0.5224609 0.8320313
vn 0.1866455 -0.5224609 0.8320313
vn -0.09967041 -0.5458984 0.8320313
vn -0.09967041 -0.5458984 0.8320313
vn -0.359375 -0.4230957 0.8320313
vn -0.359375 -0.4230957 0.8320313
vn -0.5224609 -0.1866455 0.8320313
vn -0.5224609 -0.1866455 0.8320313
vn -0.5458984 0.09967041 0.8320313
vn -0.5458984 0.09967041 0.8320313
vn -0.8925781 0.1628418 -0.4208984
vn -0.5888672 0.1074829 -0.8012695
vn -0.4560547 0.3874512 -0.8012695
vn -0.6914063 0.5874023 -0.4208984
vn -0.2012939 0.5634766 -0.8012695
vn -0.6914063 0.5874023 0.4208984
vn -0.8925781 0.1628418 0.4208984
vn -0.5888672 0.1074829 0.8012695
vn -0.4560547 0.3874512 0.8012695
vn -0.3051758 0.8544922 0.4208984
vn -0.2012939 0.5634766 0.8012695
vn -0.3051758 0.8544922 -0.4208984
vn 0.1074829 0.5888672 -0.8012695
vn 0.1628418 0.8925781 0.4208984
vn 0.1074829 0.5888672 0.8012695
vn 0.1628418 0.8925781 -0.4208984
vn 0.3874512 0.4560547 -0.8012695
vn 0.5874023 0.6914063 0.4208984
vn 0.3874512 0.4560547 0.8012695
vn 0.5874023 0.6914063 -0.4208984
vn 0.5634766 0.2012939 -0.8012695
vn 0.8544922 0.3051758 0.4208984
vn 0.5634766 0.2012939 0.8012695
vn 0.8544922 0.3051758 -0.4208984
vn 0.5888672 -0.1074829 -0.8012695
vn 0.8925781 -0.1628418 -0.4208984
vn 0.8925781 -0.1628418 0.4208984
vn 0.5888672 -0.1074829 0.8012695
vn 0.9829102 -0.1794434 -0.04284668
vn 0.8505859 -0.1552734 -0.5029297
vn 0.8139648 0.2907715 -0.5029297
vn 0.940918 0.3359375 -0.04284668
vn 0.5595703 0.6586914 -0.5029297
vn 0.6469727 0.7612305 -0.04284668
vn 0.1552734 0.8505859 -0.5029297
vn 0.1794434 0.9829102 -0.04284668
vn -0.2907715 0.8139648 -0.5029297
vn -0.3359375 0.940918 -0.04284668
vn -0.6586914 0.5595703 -0.5029297
vn -0.7612305 0.6469727 -0.04284668
vn -0.8505859 0.1552734 -0.5029297
vn -0.9829102 0.1794434 -0.04284668
vn 0.7612305 -0.6469727 -0.04284668
vn 0.8505859 -0.1552734 -0.5029297
vn 0.9829102 -0.1794434 -0.04284668
vn 0.6586914 -0.5595703 -0.5029297
vn 0.3359375 -0.940918 -0.04284668
vn 0.2907715 -0.8139648 -0.5029297
vn -0.1794434 -0.9829102 -0.04284668
vn -0.1552734 -0.8505859 -0.5029297
vn -0.6469727 -0.7612305 -0.04284668
vn -0.5595703 -0.6586914 -0.5029297
vn -0.940918 -0.3359375 -0.04284668
vn -0.8139648 -0.2907715 -0.5029297
vn -0.9829102 0.1794434 -0.04284668
vn -0.8505859 0.1552734 -0.5029297
vn -0.2512207 0.0447998 -0.9667969
vn -0.5083008 -0.08856201 -0.8564453
vn -0.2514648 -0.04379272 -0.9667969
vn -0.5078125 0.09063721 -0.8564453
vn -0.4611816 0.2161865 -0.8603516
vn -0.2335205 0.109436 -0.9663086
vn -0.2109375 0.1483154 -0.9663086
vn -0.8564453 0.152832 -0.4926758
vn -0.8574219 -0.1494141 -0.4926758
vn -0.9785156 -0.1702881 -0.1173096
vn -0.416748 0.2929688 -0.8603516
vn -0.1635742 0.1958008 -0.9667969
vn -0.7866211 0.3686523 -0.4951172
vn -0.9775391 0.1741943 -0.1173096
vn -0.9750977 -0.1700439 0.1437988
vn -0.9741211 0.1739502 0.1437988
vn -0.8959961 0.420166 0.1425781
vn -0.8994141 0.4213867 -0.1174927
vn -0.8095703 0.5693359 0.1425781
vn -0.3308105 0.3959961 -0.8564453
vn -0.08679199 0.2399902 -0.9667969
vn -0.7109375 0.4997559 -0.4951172
vn -0.8120117 0.5712891 -0.1174927
vn -0.6347656 0.7592773 0.1437988
vn -0.5581055 0.6674805 -0.4926758
vn -0.6367188 0.762207 -0.1173096
vn -0.3364258 0.9306641 0.1437988
vn -0.1755371 0.4851074 -0.8564453
vn -0.3378906 0.9335938 -0.1173096
vn -0.08410645 0.9863281 0.1425781
vn -0.2958984 0.8183594 -0.4926758
vn -0.04336548 0.5073242 -0.8603516
vn -0.0219574 0.2570801 -0.9663086
vn 0.022995 0.2568359 -0.9663086
vn -0.0847168 0.9892578 -0.1174927
vn 0.08874512 0.9892578 -0.1174927
vn 0.08807373 0.9858398 0.1425781
vn 0.3400879 0.9291992 0.1437988
vn -0.07397461 0.8657227 -0.4951172
vn 0.04541016 0.5073242 -0.8603516
vn 0.08776855 0.239624 -0.9667969
vn 0.07745361 0.8652344 -0.4951172
vn 0.1774902 0.484375 -0.8564453
vn 0.1644287 0.1950684 -0.9667969
vn 0.3417969 0.9326172 -0.1173096
vn 0.6376953 0.7568359 0.1437988
vn 0.2993164 0.8168945 -0.4926758
vn 0.3325195 0.3945313 -0.8564453
vn 0.6396484 0.7597656 -0.1173096
vn 0.8120117 0.565918 0.1425781
vn 0.5605469 0.6655273 -0.4926758
vn 0.4179688 0.2912598 -0.8603516
vn 0.2115479 0.1474609 -0.9663086
vn 0.2340088 0.1085205 -0.9663086
vn 0.8144531 0.5678711 -0.1174927
vn 0.7128906 0.4968262 -0.4951172
vn 0.4621582 0.2143555 -0.8603516
vn 0.2514648 0.04379272 -0.9667969
vn 0.5083008 0.08856201 -0.8564453
vn 0.7880859 0.3657227 -0.4951172
vn 0.8574219 0.1494141 -0.4926758
vn 0.9008789 0.4177246 -0.1174927
vn 0.8979492 0.416748 0.1425781
vn 0.9785156 0.1702881 -0.1173096
vn 0.9750977 0.1700439 0.1437988
vn 0.2512207 -0.0447998 -0.9667969
vn 0.5083008 0.08856201 -0.8564453
vn 0.2514648 0.04379272 -0.9667969
vn 0.5078125 -0.09063721 -0.8564453
vn 0.8574219 0.1494141 -0.4926758
vn 0.4611816 -0.2161865 -0.8603516
vn 0.2335205 -0.109436 -0.9663086
vn 0.2109375 -0.1483154 -0.9663086
vn 0.8564453 -0.152832 -0.4926758
vn 0.9785156 0.1702881 -0.1173096
vn 0.416748 -0.2929688 -0.8603516
vn 0.1635742 -0.1958008 -0.9667969
vn 0.7866211 -0.3686523 -0.4951172
vn 0.3308105 -0.3959961 -0.8564453
vn 0.08679199 -0.2399902 -0.9667969
vn 0.7109375 -0.4997559 -0.4951172
vn 0.8994141 -0.4213867 -0.1174927
vn 0.9775391 -0.1741943 -0.1173096
vn 0.9741211 -0.1739502 0.1437988
vn 0.9750977 0.1700439 0.1437988
vn 0.8959961 -0.420166 0.1425781
vn 0.8095703 -0.5693359 0.1425781
vn 0.8120117 -0.5712891 -0.1174927
vn 0.6347656 -0.7592773 0.1437988
vn 0.5581055 -0.6674805 -0.4926758
vn 0.6367188 -0.762207 -0.1173096
vn 0.3364258 -0.9306641 0.1437988
vn 0.1755371 -0.4851074 -0.8564453
vn 0.3378906 -0.9335938 -0.1173096
vn 0.08410645 -0.9863281 0.1425781
vn 0.2958984 -0.8183594 -0.4926758
vn 0.04336548 -0.5073242 -0.8603516
vn 0.0219574 -0.2570801 -0.9663086
vn -0.022995 -0.2568359 -0.9663086
vn 0.0847168 -0.9892578 -0.1174927
vn 0.07397461 -0.8657227 -0.4951172
vn -0.04541016 -0.5073242 -0.8603516
vn -0.08776855 -0.239624 -0.9667969
vn -0.07745361 -0.8652344 -0.4951172
vn -0.08874512 -0.9892578 -0.1174927
vn -0.08807373 -0.9858398 0.1425781
vn -0.3400879 -0.9291992 0.1437988
vn -0.1774902 -0.484375 -0.8564453
vn -0.1644287 -0.1950684 -0.9667969
vn -0.3417969 -0.9326172 -0.1173096
vn -0.6376953 -0.7568359 0.1437988
vn -0.2993164 -0.8168945 -0.4926758
vn -0.3325195 -0.3945313 -0.8564453
vn -0.6396484 -0.7597656 -0.1173096
vn -0.8120117 -0.565918 0.1425781
vn -0.5605469 -0.6655273 -0.4926758
vn -0.8144531 -0.5678711 -0.1174927
vn -0.8979492 -0.416748 0.1425781
vn -0.4179688 -0.2912598 -0.8603516
vn -0.2115479 -0.1474609 -0.9663086
vn -0.2340088 -0.1085205 -0.9663086
vn -0.7128906 -0.4968262 -0.4951172
vn -0.4621582 -0.2143555 -0.8603516
vn -0.2514648 -0.04379272 -0.9667969
vn -0.5083008 -0.08856201 -0.8564453
vn -0.7880859 -0.3657227 -0.4951172
vn -0.8574219 -0.1494141 -0.4926758
vn -0.9008789 -0.4177246 -0.1174927
vn -0.9750977 -0.1700439 0.1437988
vn -0.9785156 -0.1702881 -0.1173096
vn -0.0004198551 -0.0002486706 1
vn -0.0004198551 -0.0002486706 1
vn -0.0003535748 5.418062E-05 1
vn -0.0004198551 -0.0002486706 1
vn -0.0004198551 -0.0002486706 1
vn -0.0004198551 -0.0002486706 1
vn -0.0004065037 -0.0001503229 1
vn -0.0006666183 0.008956909 1
vn -0.000685215 0.006687164 1
vn -0.0008025169 0.009437561 1
vn -0.0007762909 0.006759644 1
vn -0.0005512238 0.000231266 1
vn -0.0005164146 0.0002522469 1
vn -0.0005350113 0.0003089905 1
vn -0.0005350113 0.0003089905 1
vn -0.0005350113 0.0003089905 1
vn -0.0005350113 0.0003089905 1
vn -0.0004906654 0.0003545284 1
vn -0.0002758503 4.225969E-05 1
vn -0.0002698898 -0.0002413988 1
vn 7.659197E-05 -9.810925E-05 1
vn -0.0004811287 0.0003294945 1
vn -0.0003092289 0.0004646778 1
vn -0.0001165271 2.18749E-05 1
vn -0.0003652573 0.0004138947 1
vn -0.008117676 -0.00124073 1
vn -7.408857E-05 0.0001405478 1
vn 0.0001752377 0.000145793 1
vn -0.005619049 -0.0008502007 1
vn -0.008583069 -0.001525879 1
vn -0.005336761 -0.0008745193 1
vn 1.358986E-05 0.0003526211 1
vn 1.358986E-05 0.0003526211 1
vn 1.358986E-05 0.0003526211 1
vn -0.0001803637 0.0002779961 1
vn 6.520748E-05 0.0003459454 1
vn 0 0.0003833771 1
vn 0 0.0003833771 1
vn 0 0.0003833771 1
vn 0 0.0003833771 1
vn 0 0.0003833771 1
vn 0 0.0003833771 1
vn 0 0.0003833771 1
vn -0.000202775 0.0003523827 1
vn -1.162291E-05 0.0004336834 1
vn 1.502037E-05 0.0004701614 1
vn -0.0001584291 0.0002593994 1
vn 9.49502E-05 0.0002808571 1
vn 0.0001559258 6.687641E-05 1
vn -0.0002197027 0.0003883839 1
vn 1.502037E-05 0.0004701614 1
vn -6.556511E-05 0.0005145073 1
vn -3.820658E-05 0.000135541 1
vn 0.0001071692 -0.0001604557 1
vn -0.0003740788 0.0003762245 1
vn -0.0002297163 0.0006570816 1
vn -0.0003304482 0.0005159378 1
vn -7.43866E-05 0 1
vn -9.179115E-05 -0.0001988411 1
vn -0.0002498627 2.938509E-05 1
vn -0.000235796 -0.0001478195 1
vn -0.000235796 -0.0001478195 1
vn -0.000235796 -0.0001478195 1
vn -0.0003557205 1.311302E-05 1
vn -0.000235796 -0.0001478195 1
vn -0.000235796 -0.0001478195 1
vn -0.000285387 -0.0002014637 1
vn -0.0004997253 0.0002297163 1
vn -0.0004734993 0.0003271103 1
vn -0.0004382133 0.0003859997 1
vn -0.0005517006 0.0003905296 1
vn -0.0006122589 0.0003631115 1
vn -0.0006122589 0.0003631115 1
vn -0.0006122589 0.0003631115 1
vn -0.0006122589 0.0003631115 1
vn -0.0006122589 0.0003631115 1
vn -0.0006122589 0.0003631115 1
vn -0.0006122589 0.0003631115 1
vn -0.0005903244 0.0002275705 1
vn -0.0005173683 6.008148E-05 1
vn -0.0005488396 -2.640486E-05 1
vn -0.0004389286 -5.567074E-05 1
vn -0.0004062653 -0.000246048 1
vn -0.1323242 -0.06329346 0.9892578
vn -0.0004198551 -0.0002486706 1
vn -0.0004198551 -0.0002486706 1
vn -0.0004198551 -0.0002486706 1
vn -0.0004198551 -0.0002486706 1
vn -0.0004065037 -0.0001503229 1
vn -0.1500244 -0.03265381 0.9882813
vn -0.0006666183 0.008956909 1
vn -0.1447754 0.02890015 0.9892578
vn -0.0008025169 0.009437561 1
vn -0.1244507 0.05831909 0.9907227
vn -0.0005512238 0.000231266 1
vn -0.0005350113 0.0003089905 1
vn -0.0005350113 0.0003089905 1
vn -0.0005350113 0.0003089905 1
vn -0.0005350113 0.0003089905 1
vn -0.1124268 0.07904053 0.9907227
vn -0.0004906654 0.0003545284 1
vn -0.09161377 0.1096802 0.9897461
vn -0.0003092289 0.0004646778 1
vn -0.416748 0.2929688 0.8603516
vn -0.4611816 0.2161865 0.8603516
vn -0.5097656 0.09106445 0.8554688
vn -0.05493164 0.1417236 0.9882813
vn -0.008117676 -0.00124073 1
vn -0.01803589 0.1595459 0.9868164
vn -0.008583069 -0.001525879 1
vn 1.358986E-05 0.0003526211 1
vn 1.358986E-05 0.0003526211 1
vn 9.49502E-05 0.0002808571 1
vn 1.358986E-05 0.0003526211 1
vn -0.7109375 0.4997559 0.4951172
vn -0.3308105 0.3959961 0.8564453
vn -0.1777344 0.4907227 0.8530273
vn -0.7866211 0.3686523 0.4951172
vn -0.04580688 0.5258789 0.8496094
vn 0.01506805 0.168335 0.9858398
vn 0.04760742 0.5317383 0.8457031
vn 0.06039429 0.164917 0.984375
vn 0.0001559258 6.687641E-05 1
vn 0.1130981 0.1342773 0.984375
vn 0.0001071692 -0.0001604557 1
vn 0.1384277 0.09649658 0.9858398
vn -9.179115E-05 -0.0001988411 1
vn -0.000235796 -0.0001478195 1
vn -0.000235796 -0.0001478195 1
vn -0.000235796 -0.0001478195 1
vn -0.000235796 -0.0001478195 1
vn -0.000235796 -0.0001478195 1
vn -0.000285387 -0.0002014637 1
vn 0.07745361 0.8652344 0.4951172
vn 0.1853027 0.5058594 0.8422852
vn 0.347168 0.4121094 0.8422852
vn 0.4379883 0.3054199 0.8457031
vn -0.07397461 0.8657227 0.4951172
vn -0.2958984 0.8183594 0.4926758
vn -0.5581055 0.6674805 0.4926758
vn -0.8095703 0.5693359 0.1425781
vn -0.6347656 0.7592773 0.1437988
vn -0.3364258 0.9306641 0.1437988
vn -0.08410645 0.9863281 0.1425781
vn 0.08807373 0.9858398 0.1425781
vn -0.8959961 0.420166 0.1425781
vn 0.2993164 0.8168945 0.4926758
vn 0.3400879 0.9291992 0.1437988
vn 0.6376953 0.7568359 0.1437988
vn -0.8564453 0.152832 0.4926758
vn -0.9741211 0.1739502 0.1437988
vn 0.5605469 0.6655273 0.4926758
vn 0.8120117 0.565918 0.1425781
vn 0.7128906 0.4968262 0.4951172
vn 0.8979492 0.416748 0.1425781
vn -0.8574219 -0.1494141 0.4929199
vn -0.9750977 -0.1700439 0.1437988
vn -0.8979492 -0.416748 0.1425781
vn -0.5146484 -0.08483887 0.8535156
vn 0.7880859 0.3657227 0.4951172
vn -0.7880859 -0.3657227 0.4951172
vn -0.4702148 -0.2199707 0.8544922
vn -0.1304932 -0.09155273 0.9873047
vn -0.0004198551 -0.0002486706 1
vn -0.0004198551 -0.0002486706 1
vn -0.0002698898 -0.0002413988 1
vn -7.712841E-05 -0.0002241135 1
vn -0.7128906 -0.4968262 0.4951172
vn -0.8120117 -0.565918 0.1425781
vn -0.4313965 -0.3012695 0.8505859
vn -0.1131592 -0.1342773 0.984375
vn 7.659197E-05 -9.810925E-05 1
vn 0.0001752377 0.000145793 1
vn -0.5605469 -0.6655273 0.4929199
vn -0.6376953 -0.7568359 0.1437988
vn -0.347168 -0.4121094 0.8422852
vn -0.06033325 -0.1647949 0.984375
vn 6.520748E-05 0.0003459454 1
vn -0.2993164 -0.8168945 0.4926758
vn -0.3400879 -0.9291992 0.1437988
vn -0.08807373 -0.9858398 0.1425781
vn -0.1853027 -0.5058594 0.8422852
vn -0.01503754 -0.1679688 0.9858398
vn 0 0.0003833771 1
vn 0 0.0003833771 1
vn 0 0.0003833771 1
vn 0 0.0003833771 1
vn 0 0.0003833771 1
vn -0.07745361 -0.8652344 0.4951172
vn -0.04760742 -0.5317383 0.8457031
vn 0.07397461 -0.8657227 0.4951172
vn 0.08410645 -0.9863281 0.1425781
vn 0.04547119 -0.5322266 0.8457031
vn -1.162291E-05 0.0004336834 1
vn 0 0.0003833771 1
vn 0.01435852 -0.1679688 0.9858398
vn 0.05963135 -0.1647949 0.984375
vn 1.502037E-05 0.0004701614 1
vn 1.502037E-05 0.0004701614 1
vn -6.556511E-05 0.0005145073 1
vn -0.0002297163 0.0006570816 1
vn -0.0003304482 0.0005159378 1
vn 0.1124268 -0.1343994 0.984375
vn -0.0004382133 0.0003859997 1
vn -0.0005517006 0.0003905296 1
vn 0.1378174 -0.09692383 0.9858398
vn -0.0006122589 0.0003631115 1
vn -0.0006122589 0.0003631115 1
vn -0.0006122589 0.0003631115 1
vn 0.1525879 -0.0715332 0.9858398
vn 0.1833496 -0.5068359 0.8422852
vn 0.2958984 -0.8183594 0.4926758
vn 0.3364258 -0.9306641 0.1437988
vn 0.3457031 -0.4135742 0.8422852
vn 0.5581055 -0.6674805 0.4926758
vn 0.6347656 -0.7592773 0.1437988
vn 0.8095703 -0.5693359 0.1425781
vn 0.7109375 -0.4997559 0.4951172
vn 0.8959961 -0.420166 0.1425781
vn 0.4367676 -0.3071289 0.8457031
vn 0.4836426 -0.2266846 0.8457031
vn 0.7866211 -0.3686523 0.4951172
vn 0.8564453 -0.152832 0.4926758
vn 0.9741211 -0.1739502 0.1437988
vn 0.5307617 -0.09466553 0.8422852
vn 0.8574219 0.1494141 0.4926758
vn 0.9750977 0.1700439 0.1437988
vn 0.5307617 0.0925293 0.8422852
vn 0.1726074 -0.03082275 0.984375
vn 0.484375 0.2247314 0.8457031
vn 0.1727295 0.03009033 0.984375
vn 0.1530762 0.07098389 0.9858398
vn -0.0004062653 -0.000246048 1
vn -0.0005488396 -2.640486E-05 1
vn -0.0005903244 0.0002275705 1
vn -0.0006122589 0.0003631115 1
vn -0.0006122589 0.0003631115 1
vn -0.0006122589 0.0003631115 1
vn -0.0006122589 0.0003631115 1
vn -0.0006122589 0.0003631115 1
vn -0.0006122589 0.0003631115 1
vn 0.5976563 0.6826172 -0.4208984
vn 0.394043 0.4501953 -0.8012695
vn 0.5664063 0.1928711 -0.8012695
vn 0.8588867 0.2924805 -0.4208984
vn 0.5869141 -0.1161499 -0.8012695
vn 0.8588867 0.2924805 0.4208984
vn 0.5976563 0.6826172 0.4208984
vn 0.394043 0.4501953 0.8012695
vn 0.5664063 0.1928711 0.8012695
vn 0.8896484 -0.1760254 0.4208984
vn 0.5869141 -0.1161499 0.8012695
vn 0.8896484 -0.1760254 -0.4208984
vn 0.4504395 -0.394043 -0.8012695
vn 0.6826172 -0.5976563 0.4208984
vn 0.4504395 -0.394043 0.8012695
vn 0.6826172 -0.5976563 -0.4208984
vn 0.1928711 -0.5664063 -0.8012695
vn 0.2924805 -0.8588867 0.4208984
vn 0.1928711 -0.5664063 0.8012695
vn 0.2924805 -0.8588867 -0.4208984
vn -0.1161499 -0.5869141 -0.8012695
vn -0.1760254 -0.8896484 0.4208984
vn -0.1161499 -0.5869141 0.8012695
vn -0.1760254 -0.8896484 -0.4208984
vn -0.394043 -0.4501953 -0.8012695
vn -0.5976563 -0.6826172 -0.4208984
vn -0.5976563 -0.6826172 0.4208984
vn -0.394043 -0.4501953 0.8012695
vn -0.9458008 -0.3220215 -0.04284668
vn -0.5693359 -0.6503906 -0.5029297
vn -0.6582031 -0.7519531 -0.04284668
vn -0.8183594 -0.2785645 -0.5029297
vn -0.9799805 0.1939697 -0.04284668
vn -0.8481445 0.1678467 -0.5029297
vn -0.7519531 0.6582031 -0.04284668
vn -0.6503906 0.5693359 -0.5029297
vn -0.3220215 0.9458008 -0.04284668
vn -0.2785645 0.8183594 -0.5029297
vn 0.1939697 0.9799805 -0.04284668
vn 0.1678467 0.8481445 -0.5029297
vn 0.6582031 0.7519531 -0.04284668
vn 0.5693359 0.6503906 -0.5029297
vn -0.6582031 -0.7519531 -0.04284668
vn -0.5693359 -0.6503906 -0.5029297
vn -0.1678467 -0.8481445 -0.5029297
vn -0.1939697 -0.9799805 -0.04284668
vn 0.2785645 -0.8183594 -0.5029297
vn 0.3220215 -0.9458008 -0.04284668
vn 0.6503906 -0.5693359 -0.5029297
vn 0.7519531 -0.6582031 -0.04284668
vn 0.8481445 -0.1678467 -0.5029297
vn 0.9799805 -0.1939697 -0.04284668
vn 0.8183594 0.2785645 -0.5029297
vn 0.9458008 0.3220215 -0.04284668
vn 0.5693359 0.6503906 -0.5029297
vn 0.6582031 0.7519531 -0.04284668
vn 0.5976563 0.6826172 0.4208984
vn 0.394043 0.4504395 0.8012695
vn 0.1161499 0.5869141 0.8012695
vn 0.1760254 0.8896484 0.4208984
vn -0.1928711 0.5664063 0.8012695
vn 0.1760254 0.8896484 -0.4208984
vn 0.5976563 0.6826172 -0.4208984
vn 0.394043 0.4504395 -0.8012695
vn 0.1161499 0.5869141 -0.8012695
vn -0.2924805 0.8588867 -0.4208984
vn -0.1928711 0.5664063 -0.8012695
vn -0.2924805 0.8588867 0.4208984
vn -0.4501953 0.394043 0.8012695
vn -0.6826172 0.5976563 -0.4208984
vn -0.4501953 0.394043 -0.8012695
vn -0.6826172 0.5976563 0.4208984
vn -0.5869141 0.1161499 0.8012695
vn -0.8896484 0.1760254 -0.4208984
vn -0.5869141 0.1161499 -0.8012695
vn -0.8896484 0.1760254 0.4208984
vn -0.5664063 -0.1928711 0.8012695
vn -0.8588867 -0.2924805 -0.4208984
vn -0.5664063 -0.1928711 -0.8012695
vn -0.8588867 -0.2924805 0.4208984
vn -0.394043 -0.4501953 0.8012695
vn -0.5976563 -0.6826172 0.4208984
vn -0.5976563 -0.6826172 -0.4208984
vn -0.394043 -0.4501953 -0.8012695
vn -0.5976563 -0.6826172 0.4208984
vn -0.394043 -0.4501953 0.8012695
vn -0.1161499 -0.5869141 0.8012695
vn -0.1760254 -0.8896484 0.4208984
vn 0.1928711 -0.5664063 0.8012695
vn -0.1760254 -0.8896484 -0.4208984
vn -0.5976563 -0.6826172 -0.4208984
vn -0.394043 -0.4501953 -0.8012695
vn -0.1161499 -0.5869141 -0.8012695
vn 0.2924805 -0.8588867 -0.4208984
vn 0.1928711 -0.5664063 -0.8012695
vn 0.2924805 -0.8588867 0.4208984
vn 0.4504395 -0.394043 0.8012695
vn 0.6826172 -0.5976563 -0.4208984
vn 0.4504395 -0.394043 -0.8012695
vn 0.6826172 -0.5976563 0.4208984
vn 0.5869141 -0.1161499 0.8012695
vn 0.8896484 -0.1760254 -0.4208984
vn 0.5869141 -0.1161499 -0.8012695
vn 0.8896484 -0.1760254 0.4208984
vn 0.5664063 0.1928711 0.8012695
vn 0.8588867 0.2924805 -0.4208984
vn 0.5664063 0.1928711 -0.8012695
vn 0.8588867 0.2924805 0.4208984
vn 0.394043 0.4504395 0.8012695
vn 0.5976563 0.6826172 0.4208984
vn 0.5976563 0.6826172 -0.4208984
vn 0.394043 0.4504395 -0.8012695
vn -0.5253906 -0.1789551 0.8320313
vn -0.3654785 -0.4177246 0.8320313
vn -0.3654785 -0.4177246 0.8320313
vn -0.5253906 -0.1789551 0.8320313
vn -0.5444336 0.1077271 0.8320313
vn -0.5444336 0.1077271 0.8320313
vn -0.4177246 0.3654785 0.8320313
vn -0.4177246 0.3654785 0.8320313
vn -0.1789551 0.5253906 0.8320313
vn -0.1789551 0.5253906 0.8320313
vn 0.1077271 0.5444336 0.8320313
vn 0.1077271 0.5444336 0.8320313
vn 0.3654785 0.4177246 0.8320313
vn 0.3654785 0.4177246 0.8320313
vn -0.5610352 -0.19104 -0.8056641
vn -0.3901367 -0.4458008 -0.8056641
vn -0.5693359 -0.6503906 -0.5029297
vn -0.8183594 -0.2785645 -0.5029297
vn -0.8481445 0.1678467 -0.5029297
vn -0.5810547 0.1149902 -0.8056641
vn -0.6503906 0.5693359 -0.5029297
vn -0.4458008 0.3901367 -0.8056641
vn -0.2785645 0.8183594 -0.5029297
vn -0.19104 0.5610352 -0.8056641
vn 0.1678467 0.8481445 -0.5029297
vn 0.1149902 0.5810547 -0.8056641
vn 0.5693359 0.6503906 -0.5029297
vn 0.3901367 0.4458008 -0.8056641
vn -0.3654785 -0.4177246 0.8320313
vn -0.3654785 -0.4177246 0.8320313
vn -0.1077271 -0.5444336 0.8320313
vn -0.1077271 -0.5444336 0.8320313
vn 0.1789551 -0.5253906 0.8320313
vn 0.1789551 -0.5253906 0.8320313
vn 0.4177246 -0.3654785 0.8320313
vn 0.4177246 -0.3654785 0.8320313
vn 0.5444336 -0.1077271 0.8320313
vn 0.5444336 -0.1077271 0.8320313
vn 0.5253906 0.1789551 0.8320313
vn 0.5253906 0.1789551 0.8320313
vn 0.3654785 0.4177246 0.8320313
vn 0.3654785 0.4177246 0.8320313
vn -0.1149902 -0.5810547 -0.8056641
vn -0.5693359 -0.6503906 -0.5029297
vn -0.3901367 -0.4458008 -0.8056641
vn -0.1678467 -0.8481445 -0.5029297
vn 0.19104 -0.5610352 -0.8056641
vn 0.2785645 -0.8183594 -0.5029297
vn 0.4458008 -0.3901367 -0.8056641
vn 0.6503906 -0.5693359 -0.5029297
vn 0.5810547 -0.1149902 -0.8056641
vn 0.8481445 -0.1678467 -0.5029297
vn 0.5610352 0.19104 -0.8056641
vn 0.8183594 0.2785645 -0.5029297
vn 0.3901367 0.4458008 -0.8056641
vn 0.5693359 0.6503906 -0.5029297
vn 0.5976563 0.6826172 0.4208984
vn 0.394043 0.4501953 0.8012695
vn 0.1161499 0.5869141 0.8012695
vn 0.1760254 0.8896484 0.4208984
vn -0.1928711 0.5664063 0.8012695
vn 0.1760254 0.8896484 -0.4208984
vn 0.5976563 0.6826172 -0.4208984
vn 0.394043 0.4501953 -0.8012695
vn 0.1161499 0.5869141 -0.8012695
vn -0.2924805 0.8588867 -0.4208984
vn -0.1928711 0.5664063 -0.8012695
vn -0.2924805 0.8588867 0.4208984
vn -0.4501953 0.394043 0.8012695
vn -0.6826172 0.5976563 -0.4208984
vn -0.4501953 0.394043 -0.8012695
vn -0.6826172 0.5976563 0.4208984
vn -0.5869141 0.1161499 0.8012695
vn -0.8896484 0.1760254 -0.4208984
vn -0.5869141 0.1161499 -0.8012695
vn -0.8896484 0.1760254 0.4208984
vn -0.5664063 -0.1928711 0.8012695
vn -0.8588867 -0.2924805 -0.4208984
vn -0.5664063 -0.1928711 -0.8012695
vn -0.8588867 -0.2924805 0.4208984
vn -0.394043 -0.4501953 0.8012695
vn -0.5976563 -0.6826172 0.4208984
vn -0.5976563 -0.6826172 -0.4208984
vn -0.394043 -0.4501953 -0.8012695
vn 0.4807129 0.769043 -0.4208984
vn 0.3171387 0.5073242 -0.8012695
vn 0.5283203 0.2810059 -0.8012695
vn 0.8007813 0.4257813 -0.4208984
vn 0.5981445 -0.02087402 -0.8012695
vn 0.8007813 0.4257813 0.4208984
vn 0.4807129 0.769043 0.4208984
vn 0.3171387 0.5073242 0.8012695
vn 0.5283203 0.2810059 0.8012695
vn 0.9067383 -0.03164673 0.4208984
vn 0.5981445 -0.02087402 0.8012695
vn 0.9067383 -0.03164673 -0.4208984
vn 0.5073242 -0.3171387 -0.8012695
vn 0.7695313 -0.4807129 0.4208984
vn 0.5073242 -0.3171387 0.8012695
vn 0.769043 -0.4807129 -0.4208984
vn 0.2810059 -0.5283203 -0.8012695
vn 0.4257813 -0.8007813 0.4208984
vn 0.2810059 -0.5283203 0.8012695
vn 0.4257813 -0.8007813 -0.4208984
vn -0.02087402 -0.5981445 -0.8012695
vn -0.03164673 -0.9067383 0.4208984
vn -0.02087402 -0.5981445 0.8012695
vn -0.03164673 -0.9067383 -0.4208984
vn -0.3171387 -0.5073242 -0.8012695
vn -0.4807129 -0.7695313 -0.4208984
vn -0.4807129 -0.7695313 0.4208984
vn -0.3171387 -0.5073242 0.8012695
vn -0.8823242 -0.4689941 -0.04284668
vn -0.4580078 -0.7329102 -0.5029297
vn -0.5292969 -0.847168 -0.04284668
vn -0.7631836 -0.4057617 -0.5029297
vn -0.9985352 0.03485107 -0.04284668
vn -0.8637695 0.03015137 -0.5029297
vn -0.847168 0.5292969 -0.04284668
vn -0.7329102 0.4580078 -0.5029297
vn -0.4689941 0.8823242 -0.04284668
vn -0.4057617 0.7631836 -0.5029297
vn 0.03485107 0.9985352 -0.04284668
vn 0.03015137 0.8637695 -0.5029297
vn 0.5292969 0.847168 -0.04284668
vn 0.4580078 0.7329102 -0.5029297
vn -0.5292969 -0.847168 -0.04284668
vn -0.4580078 -0.7329102 -0.5029297
vn -0.03015137 -0.8637695 -0.5029297
vn -0.03485107 -0.9985352 -0.04284668
vn 0.4057617 -0.7631836 -0.5029297
vn 0.4689941 -0.8823242 -0.04284668
vn 0.7329102 -0.4580078 -0.5029297
vn 0.847168 -0.5292969 -0.04284668
vn 0.8637695 -0.03015137 -0.5029297
vn 0.9985352 -0.03485107 -0.04284668
vn 0.7631836 0.4057617 -0.5029297
vn 0.8823242 0.4689941 -0.04284668
vn 0.4580078 0.7329102 -0.5029297
vn 0.5292969 0.847168 -0.04284668
vn 0.4807129 0.769043 0.4208984
vn 0.3171387 0.5073242 0.8012695
vn 0.02087402 0.5981445 0.8012695
vn 0.03164673 0.9067383 0.4208984
vn -0.2810059 0.5283203 0.8012695
vn 0.03164673 0.9067383 -0.4208984
vn 0.4807129 0.769043 -0.4208984
vn 0.3171387 0.5073242 -0.8012695
vn 0.02087402 0.5981445 -0.8012695
vn -0.4257813 0.8007813 -0.4208984
vn -0.2810059 0.5283203 -0.8012695
vn -0.4257813 0.8007813 0.4208984
vn -0.5073242 0.3171387 0.8012695
vn -0.769043 0.4807129 -0.4208984
vn -0.5073242 0.3171387 -0.8012695
vn -0.769043 0.4807129 0.4208984
vn -0.5981445 0.02087402 0.8012695
vn -0.9067383 0.03164673 -0.4208984
vn -0.5981445 0.02087402 -0.8012695
vn -0.9067383 0.03164673 0.4208984
vn -0.5283203 -0.2810059 0.8012695
vn -0.8007813 -0.4257813 -0.4208984
vn -0.5283203 -0.2810059 -0.8012695
vn -0.8007813 -0.4257813 0.4208984
vn -0.3171387 -0.5073242 0.8012695
vn -0.4807129 -0.769043 0.4208984
vn -0.4807129 -0.769043 -0.4208984
vn -0.3171387 -0.5073242 -0.8012695
vn -0.4807129 -0.769043 0.4208984
vn -0.3171387 -0.5073242 0.8012695
vn -0.02087402 -0.5981445 0.8012695
vn -0.03164673 -0.9067383 0.4208984
vn 0.2810059 -0.5283203 0.8012695
vn -0.03164673 -0.9067383 -0.4208984
vn -0.4807129 -0.769043 -0.4208984
vn -0.3171387 -0.5073242 -0.8012695
vn -0.02087402 -0.5981445 -0.8012695
vn 0.4257813 -0.8007813 -0.4208984
vn 0.2810059 -0.5283203 -0.8012695
vn 0.4257813 -0.8007813 0.4208984
vn 0.5073242 -0.3171387 0.8012695
vn 0.769043 -0.4807129 -0.4208984
vn 0.5073242 -0.3171387 -0.8012695
vn 0.769043 -0.4807129 0.4208984
vn 0.5981445 -0.02087402 0.8012695
vn 0.9067383 -0.03164673 -0.4208984
vn 0.5981445 -0.02087402 -0.8012695
vn 0.9067383 -0.03164673 0.4208984
vn 0.5283203 0.2810059 0.8012695
vn 0.8007813 0.4257813 -0.4208984
vn 0.5283203 0.2810059 -0.8012695
vn 0.8007813 0.4257813 0.4208984
vn 0.3171387 0.5073242 0.8012695
vn 0.4807129 0.769043 0.4208984
vn 0.4807129 0.769043 -0.4208984
vn 0.3171387 0.5073242 -0.8012695
vn -0.4899902 -0.260498 0.8320313
vn -0.2941895 -0.4707031 0.8320313
vn -0.2941895 -0.4707031 0.8320313
vn -0.4899902 -0.260498 0.8320313
vn -0.5546875 0.0193634 0.8320313
vn -0.5546875 0.0193634 0.8320313
vn -0.4707031 0.2941895 0.8320313
vn -0.4707031 0.2941895 0.8320313
vn -0.260498 0.4899902 0.8320313
vn -0.260498 0.4899902 0.8320313
vn 0.0193634 0.5546875 0.8320313
vn 0.0193634 0.5546875 0.8320313
vn 0.2941895 0.4707031 0.8320313
vn 0.2941895 0.4707031 0.8320313
vn -0.5229492 -0.2780762 -0.8056641
vn -0.3139648 -0.5024414 -0.8056641
vn -0.4580078 -0.7329102 -0.5029297
vn -0.7631836 -0.4057617 -0.5029297
vn -0.8637695 0.03015137 -0.5029297
vn -0.5922852 0.0206604 -0.8056641
vn -0.7329102 0.4580078 -0.5029297
vn -0.5024414 0.3139648 -0.8056641
vn -0.4057617 0.7631836 -0.5029297
vn -0.2780762 0.5229492 -0.8056641
vn 0.03015137 0.8637695 -0.5029297
vn 0.0206604 0.5922852 -0.8056641
vn 0.4580078 0.7329102 -0.5029297
vn 0.3139648 0.5024414 -0.8056641
vn -0.2941895 -0.4707031 0.8320313
vn -0.2941895 -0.4707031 0.8320313
vn -0.0193634 -0.5546875 0.8320313
vn -0.0193634 -0.5546875 0.8320313
vn 0.260498 -0.4899902 0.8320313
vn 0.260498 -0.4899902 0.8320313
vn 0.4707031 -0.2941895 0.8320313
vn 0.4707031 -0.2941895 0.8320313
vn 0.5546875 -0.01934814 0.8320313
vn 0.5546875 -0.0193634 0.8320313
vn 0.4899902 0.260498 0.8320313
vn 0.4899902 0.260498 0.8320313
vn 0.2941895 0.4707031 0.8320313
vn 0.2941895 0.4707031 0.8320313
vn -0.0206604 -0.5922852 -0.8056641
vn -0.4580078 -0.7329102 -0.5029297
vn -0.3139648 -0.5024414 -0.8056641
vn -0.03015137 -0.8637695 -0.5029297
vn 0.2780762 -0.5229492 -0.8056641
vn 0.4057617 -0.7631836 -0.5029297
vn 0.5024414 -0.3139648 -0.8056641
vn 0.7329102 -0.4580078 -0.5029297
vn 0.5922852 -0.0206604 -0.8056641
vn 0.8637695 -0.03015137 -0.5029297
vn 0.5229492 0.2780762 -0.8056641
vn 0.7631836 0.4057617 -0.5029297
vn 0.3139648 0.5024414 -0.8056641
vn 0.4580078 0.7329102 -0.5029297
vn 0.4807129 0.769043 0.4208984
vn 0.3171387 0.5073242 0.8012695
vn 0.02087402 0.5981445 0.8012695
vn 0.03164673 0.9067383 0.4208984
vn -0.2810059 0.5283203 0.8012695
vn 0.03164673 0.9067383 -0.4208984
vn 0.4807129 0.769043 -0.4208984
vn 0.3171387 0.5073242 -0.8012695
vn 0.02087402 0.5981445 -0.8012695
vn -0.4257813 0.8007813 -0.4208984
vn -0.2810059 0.5283203 -0.8012695
vn -0.4257813 0.8007813 0.4208984
vn -0.5073242 0.3171387 0.8012695
vn -0.769043 0.4807129 -0.4208984
vn -0.5073242 0.3171387 -0.8012695
vn -0.7695313 0.4807129 0.4208984
vn -0.5981445 0.02087402 0.8012695
vn -0.9067383 0.03164673 -0.4208984
vn -0.5981445 0.02087402 -0.8012695
vn -0.9067383 0.03164673 0.4208984
vn -0.5283203 -0.2810059 0.8012695
vn -0.8007813 -0.4257813 -0.4208984
vn -0.5283203 -0.2810059 -0.8012695
vn -0.8007813 -0.4257813 0.4208984
vn -0.3171387 -0.5073242 0.8012695
vn -0.4807129 -0.7695313 0.4208984
vn -0.4807129 -0.7695313 -0.4208984
vn -0.3171387 -0.5073242 -0.8012695
vn -0.6298828 -0.652832 -0.4208984
vn -0.4155273 -0.4306641 -0.8012695
vn -0.5751953 -0.1651611 -0.8012695
vn -0.8720703 -0.2504883 -0.4208984
vn -0.5805664 0.1445313 -0.8012695
vn -0.8720703 -0.2504883 0.4208984
vn -0.6298828 -0.652832 0.4208984
vn -0.4155273 -0.4306641 0.8012695
vn -0.5751953 -0.1651611 0.8012695
vn -0.8803711 0.2191162 0.4208984
vn -0.5805664 0.1445313 0.8012695
vn -0.8803711 0.2191162 -0.4208984
vn -0.4306641 0.4155273 -0.8012695
vn -0.652832 0.6298828 0.4208984
vn -0.4306641 0.4155273 0.8012695
vn -0.652832 0.6298828 -0.4208984
vn -0.1651611 0.5751953 -0.8012695
vn -0.2504883 0.8720703 0.4208984
vn -0.1651611 0.5751953 0.8012695
vn -0.2504883 0.8720703 -0.4208984
vn 0.1445313 0.5805664 -0.8012695
vn 0.2191162 0.8803711 0.4208984
vn 0.1445313 0.5805664 0.8012695
vn 0.2191162 0.8803711 -0.4208984
vn 0.4155273 0.4306641 -0.8012695
vn 0.6298828 0.652832 -0.4208984
vn 0.6298828 0.652832 0.4208984
vn 0.4155273 0.4306641 0.8012695
vn 0.9604492 0.2758789 -0.04284668
vn 0.6000977 0.6220703 -0.5029297
vn 0.6938477 0.71875 -0.04284668
vn 0.8310547 0.2386475 -0.5029297
vn 0.9697266 -0.2412109 -0.04284668
vn 0.8388672 -0.2087402 -0.5029297
vn 0.71875 -0.6938477 -0.04284668
vn 0.6220703 -0.6000977 -0.5029297
vn 0.2758789 -0.9604492 -0.04284668
vn 0.2386475 -0.8310547 -0.5029297
vn -0.2412109 -0.9697266 -0.04284668
vn -0.2087402 -0.8388672 -0.5029297
vn -0.6938477 -0.71875 -0.04284668
vn -0.6000977 -0.6220703 -0.5029297
vn 0.6938477 0.71875 -0.04284668
vn 0.6000977 0.6220703 -0.5029297
vn 0.2087402 0.8388672 -0.5029297
vn 0.2412109 0.9697266 -0.04284668
vn -0.2386475 0.8310547 -0.5029297
vn -0.2758789 0.9604492 -0.04284668
vn -0.6220703 0.6000977 -0.5029297
vn -0.71875 0.6938477 -0.04284668
vn -0.8388672 0.2087402 -0.5029297
vn -0.9697266 0.2412109 -0.04284668
vn -0.8310547 -0.2386475 -0.5029297
vn -0.9604492 -0.2758789 -0.04284668
vn -0.6000977 -0.6220703 -0.5029297
vn -0.6938477 -0.71875 -0.04284668
vn -0.6298828 -0.652832 0.4208984
vn -0.4155273 -0.4306641 0.8012695
vn -0.1445313 -0.5805664 0.8012695
vn -0.2191162 -0.8803711 0.4208984
vn 0.1651611 -0.5751953 0.8012695
vn -0.2191162 -0.8803711 -0.4208984
vn -0.6298828 -0.652832 -0.4208984
vn -0.4155273 -0.4306641 -0.8012695
vn -0.1445313 -0.5805664 -0.8012695
vn 0.2504883 -0.8720703 -0.4208984
vn 0.1651611 -0.5751953 -0.8012695
vn 0.2504883 -0.8720703 0.4208984
vn 0.4306641 -0.4155273 0.8012695
vn 0.652832 -0.6298828 -0.4208984
vn 0.4306641 -0.4155273 -0.8012695
vn 0.652832 -0.6298828 0.4208984
vn 0.5805664 -0.1445313 0.8012695
vn 0.8803711 -0.2191162 -0.4208984
vn 0.5805664 -0.1445313 -0.8012695
vn 0.8803711 -0.2191162 0.4208984
vn 0.5751953 0.1651611 0.8012695
vn 0.8720703 0.2504883 -0.4208984
vn 0.5751953 0.1651611 -0.8012695
vn 0.8720703 0.2504883 0.4208984
vn 0.4155273 0.4306641 0.8012695
vn 0.6298828 0.652832 0.4208984
vn 0.6298828 0.652832 -0.4208984
vn 0.4155273 0.4306641 -0.8012695
vn 0.6298828 0.652832 0.4208984
vn 0.4155273 0.4306641 0.8012695
vn 0.1445313 0.5805664 0.8012695
vn 0.2191162 0.8803711 0.4208984
vn -0.1651611 0.5751953 0.8012695
vn 0.2191162 0.8803711 -0.4208984
vn 0.6298828 0.652832 -0.4208984
vn 0.4155273 0.4306641 -0.8012695
vn 0.1445313 0.5805664 -0.8012695
vn -0.2504883 0.8720703 -0.4208984
vn -0.1651611 0.5751953 -0.8012695
vn -0.2504883 0.8720703 0.4208984
vn -0.4306641 0.4155273 0.8012695
vn -0.652832 0.6298828 -0.4208984
vn -0.4306641 0.4155273 -0.8012695
vn -0.652832 0.6298828 0.4208984
vn -0.5805664 0.1445313 0.8012695
vn -0.8803711 0.2191162 -0.4208984
vn -0.5805664 0.1445313 -0.8012695
vn -0.8803711 0.2191162 0.4208984
vn -0.5751953 -0.1651611 0.8012695
vn -0.8720703 -0.2504883 -0.4208984
vn -0.5751953 -0.1651611 -0.8012695
vn -0.8720703 -0.2504883 0.4208984
vn -0.4155273 -0.4306641 0.8012695
vn -0.6298828 -0.652832 0.4208984
vn -0.6298828 -0.652832 -0.4208984
vn -0.4155273 -0.4306641 -0.8012695
vn 0.5336914 0.1531982 0.8320313
vn 0.3852539 0.3994141 0.8320313
vn 0.3852539 0.3994141 0.8320313
vn 0.5336914 0.1531982 0.8320313
vn 0.5385742 -0.1340332 0.8320313
vn 0.5385742 -0.1340332 0.8320313
vn 0.3994141 -0.3852539 0.8320313
vn 0.3994141 -0.3852539 0.8320313
vn 0.1531982 -0.5332031 0.8320313
vn 0.1531982 -0.5332031 0.8320313
vn -0.1340332 -0.5385742 0.8320313
vn -0.1340332 -0.5385742 0.8320313
vn -0.3852539 -0.3994141 0.8320313
vn -0.385498 -0.3994141 0.8320313
vn 0.5693359 0.1635742 -0.8056641
vn 0.411377 0.4262695 -0.8056641
vn 0.6000977 0.6220703 -0.5029297
vn 0.8310547 0.2386475 -0.5029297
vn 0.8388672 -0.2087402 -0.5029297
vn 0.5751953 -0.1430664 -0.8056641
vn 0.6220703 -0.6000977 -0.5029297
vn 0.4262695 -0.411377 -0.8056641
vn 0.2386475 -0.8310547 -0.5029297
vn 0.1635742 -0.5693359 -0.8056641
vn -0.2087402 -0.8388672 -0.5029297
vn -0.1430664 -0.5751953 -0.8056641
vn -0.6000977 -0.6220703 -0.5029297
vn -0.411377 -0.4262695 -0.8056641
vn 0.3852539 0.3994141 0.8320313
vn 0.3852539 0.3994141 0.8320313
vn 0.1340332 0.5385742 0.8320313
vn 0.1340332 0.5385742 0.8320313
vn -0.1531982 0.5336914 0.8320313
vn -0.1531982 0.5336914 0.8320313
vn -0.3994141 0.3852539 0.8320313
vn -0.3994141 0.3852539 0.8320313
vn -0.5385742 0.1340332 0.8320313
vn -0.5385742 0.1340332 0.8320313
vn -0.5336914 -0.1531982 0.8320313
vn -0.5336914 -0.1531982 0.8320313
vn -0.385498 -0.3994141 0.8320313
vn -0.3852539 -0.3994141 0.8320313
vn 0.1430664 0.5751953 -0.8056641
vn 0.6000977 0.6220703 -0.5029297
vn 0.411377 0.4262695 -0.8056641
vn 0.2087402 0.8388672 -0.5029297
vn -0.1635742 0.5693359 -0.8056641
vn -0.2386475 0.8310547 -0.5029297
vn -0.4262695 0.411377 -0.8056641
vn -0.6220703 0.6000977 -0.5029297
vn -0.5751953 0.1430664 -0.8056641
vn -0.8388672 0.2087402 -0.5029297
vn -0.5693359 -0.1635742 -0.8056641
vn -0.8310547 -0.2386475 -0.5029297
vn -0.411377 -0.4262695 -0.8056641
vn -0.6000977 -0.6220703 -0.5029297
vn -0.6298828 -0.652832 0.4208984
vn -0.4155273 -0.4306641 0.8012695
vn -0.1445313 -0.5805664 0.8012695
vn -0.2191162 -0.8803711 0.4208984
vn 0.1651611 -0.5751953 0.8012695
vn -0.2191162 -0.8803711 -0.4208984
vn -0.6298828 -0.652832 -0.4208984
vn -0.4155273 -0.4306641 -0.8012695
vn -0.1445313 -0.5805664 -0.8012695
vn 0.2504883 -0.8720703 -0.4208984
vn 0.1651611 -0.5751953 -0.8012695
vn 0.2504883 -0.8720703 0.4208984
vn 0.4306641 -0.4155273 0.8012695
vn 0.652832 -0.6298828 -0.4208984
vn 0.4306641 -0.4155273 -0.8012695
vn 0.652832 -0.6298828 0.4208984
vn 0.5805664 -0.1445313 0.8012695
vn 0.8803711 -0.2191162 -0.4208984
vn 0.5805664 -0.1445313 -0.8012695
vn 0.8803711 -0.2191162 0.4208984
vn 0.5751953 0.1651611 0.8012695
vn 0.8720703 0.2504883 -0.4208984
vn 0.5751953 0.1651611 -0.8012695
vn 0.8720703 0.2504883 0.4208984
vn 0.4155273 0.4306641 0.8012695
vn 0.6298828 0.652832 0.4208984
vn 0.6298828 0.652832 -0.4208984
vn 0.4155273 0.4306641 -0.8012695
vn -0.5175781 -0.7451172 -0.4208984
vn -0.3413086 -0.4914551 -0.8012695
vn -0.5415039 -0.2548828 -0.8012695
vn -0.8208008 -0.3864746 -0.4208984
vn -0.5961914 0.04986572 -0.8012695
vn -0.8208008 -0.3864746 0.4208984
vn -0.5175781 -0.7451172 0.4208984
vn -0.3413086 -0.4914551 0.8012695
vn -0.5415039 -0.2548828 0.8012695
vn -0.9038086 0.07562256 0.4208984
vn -0.5961914 0.04986572 0.8012695
vn -0.9038086 0.07562256 -0.4208984
vn -0.4914551 0.3413086 -0.8012695
vn -0.7451172 0.5175781 0.4208984
vn -0.4914551 0.3413086 0.8012695
vn -0.7451172 0.5175781 -0.4208984
vn -0.2548828 0.5415039 -0.8012695
vn -0.3864746 0.8208008 0.4208984
vn -0.2548828 0.5415039 0.8012695
vn -0.3864746 0.8208008 -0.4208984
vn 0.04986572 0.5961914 -0.8012695
vn 0.07562256 0.9038086 0.4208984
vn 0.04986572 0.5961914 0.8012695
vn 0.07562256 0.9038086 -0.4208984
vn 0.3413086 0.4914551 -0.8012695
vn 0.5175781 0.7451172 -0.4208984
vn 0.5175781 0.7451172 0.4208984
vn 0.3413086 0.4914551 0.8012695
vn 0.9038086 0.4257813 -0.04284668
vn 0.4931641 0.7099609 -0.5029297
vn 0.5698242 0.8208008 -0.04284668
vn 0.7822266 0.3684082 -0.5029297
vn 0.9956055 -0.08325195 -0.04284668
vn 0.8613281 -0.07202148 -0.5029297
vn 0.8208008 -0.5698242 -0.04284668
vn 0.7099609 -0.4931641 -0.5029297
vn 0.4257813 -0.9038086 -0.04284668
vn 0.3684082 -0.7822266 -0.5029297
vn -0.08325195 -0.9956055 -0.04284668
vn -0.07202148 -0.8613281 -0.5029297
vn -0.5698242 -0.8208008 -0.04284668
vn -0.4931641 -0.7099609 -0.5029297
vn 0.5698242 0.8208008 -0.04284668
vn 0.4931641 0.7099609 -0.5029297
vn 0.07202148 0.8613281 -0.5029297
vn 0.08325195 0.9956055 -0.04284668
vn -0.3684082 0.7822266 -0.5029297
vn -0.4257813 0.9038086 -0.04284668
vn -0.7099609 0.4931641 -0.5029297
vn -0.8208008 0.5698242 -0.04284668
vn -0.8613281 0.07202148 -0.5029297
vn -0.9956055 0.08325195 -0.04284668
vn -0.7822266 -0.3684082 -0.5029297
vn -0.9038086 -0.4257813 -0.04284668
vn -0.4931641 -0.7099609 -0.5029297
vn -0.5698242 -0.8208008 -0.04284668
vn -0.5175781 -0.7451172 0.4208984
vn -0.3413086 -0.4914551 0.8012695
vn -0.04986572 -0.5961914 0.8012695
vn -0.07562256 -0.9038086 0.4208984
vn 0.2548828 -0.5415039 0.8012695
vn -0.07562256 -0.9038086 -0.4208984
vn -0.5175781 -0.7451172 -0.4208984
vn -0.3413086 -0.4914551 -0.8012695
vn -0.04986572 -0.5961914 -0.8012695
vn 0.3864746 -0.8208008 -0.4208984
vn 0.2548828 -0.5415039 -0.8012695
vn 0.3864746 -0.8208008 0.4208984
vn 0.4914551 -0.3413086 0.8012695
vn 0.7451172 -0.5175781 -0.4208984
vn 0.4914551 -0.3413086 -0.8012695
vn 0.7451172 -0.5175781 0.4208984
vn 0.5961914 -0.04986572 0.8012695
vn 0.9038086 -0.07562256 -0.4208984
vn 0.5961914 -0.04986572 -0.8012695
vn 0.9038086 -0.07562256 0.4208984
vn 0.5415039 0.2548828 0.8012695
vn 0.8208008 0.3864746 -0.4208984
vn 0.5415039 0.2548828 -0.8012695
vn 0.8208008 0.3864746 0.4208984
vn 0.3413086 0.4914551 0.8012695
vn 0.5175781 0.7451172 0.4208984
vn 0.5175781 0.7451172 -0.4208984
vn 0.3413086 0.4914551 -0.8012695
vn 0.5175781 0.7451172 0.4208984
vn 0.3413086 0.4914551 0.8012695
vn 0.04986572 0.5961914 0.8012695
vn 0.07562256 0.9038086 0.4208984
vn -0.2548828 0.5415039 0.8012695
vn 0.07562256 0.9038086 -0.4208984
vn 0.5175781 0.7451172 -0.4208984
vn 0.3413086 0.4914551 -0.8012695
vn 0.04986572 0.5961914 -0.8012695
vn -0.3864746 0.8208008 -0.4208984
vn -0.2548828 0.5415039 -0.8012695
vn -0.3864746 0.8208008 0.4208984
vn -0.4914551 0.3413086 0.8012695
vn -0.7451172 0.5175781 -0.4208984
vn -0.4914551 0.3413086 -0.8012695
vn -0.7451172 0.5175781 0.4208984
vn -0.5961914 0.04986572 0.8012695
vn -0.9038086 0.07562256 -0.4208984
vn -0.5961914 0.04986572 -0.8012695
vn -0.9038086 0.07562256 0.4208984
vn -0.5415039 -0.2548828 0.8012695
vn -0.8208008 -0.3864746 -0.4208984
vn -0.5415039 -0.2548828 -0.8012695
vn -0.8208008 -0.3864746 0.4208984
vn -0.3413086 -0.4914551 0.8012695
vn -0.5175781 -0.7451172 0.4208984
vn -0.5175781 -0.7451172 -0.4208984
vn -0.3413086 -0.4914551 -0.8012695
vn 0.5019531 0.2364502 0.8320313
vn 0.3166504 0.4558105 0.8320313
vn 0.3166504 0.4558105 0.8320313
vn 0.5019531 0.2364502 0.8320313
vn 0.5532227 -0.04626465 0.8320313
vn 0.5532227 -0.04626465 0.8320313
vn 0.4558105 -0.3166504 0.8320313
vn 0.4558105 -0.3166504 0.8320313
vn 0.2364502 -0.5019531 0.8320313
vn 0.2364502 -0.5019531 0.8320313
vn -0.04626465 -0.5532227 0.8320313
vn -0.04626465 -0.5532227 0.8320313
vn -0.3166504 -0.4558105 0.8320313
vn -0.3166504 -0.4558105 0.8320313
vn 0.5361328 0.2524414 -0.8056641
vn 0.3378906 0.4865723 -0.8056641
vn 0.4931641 0.7099609 -0.5029297
vn 0.7822266 0.3684082 -0.5029297
vn 0.8613281 -0.07202148 -0.5029297
vn 0.590332 -0.04937744 -0.8056641
vn 0.7099609 -0.4931641 -0.5029297
vn 0.4865723 -0.3378906 -0.8056641
vn 0.3684082 -0.7822266 -0.5029297
vn 0.2524414 -0.5361328 -0.8056641
vn -0.07202148 -0.8613281 -0.5029297
vn -0.04937744 -0.590332 -0.8056641
vn -0.4931641 -0.7099609 -0.5029297
vn -0.3378906 -0.4865723 -0.8056641
vn 0.3166504 0.4558105 0.8320313
vn 0.3166504 0.4558105 0.8320313
vn 0.04626465 0.5532227 0.8320313
vn 0.04626465 0.5532227 0.8320313
vn -0.2364502 0.5019531 0.8320313
vn -0.2364502 0.5019531 0.8320313
vn -0.4558105 0.3166504 0.8320313
vn -0.4558105 0.3166504 0.8320313
vn -0.5532227 0.04626465 0.8320313
vn -0.5532227 0.04626465 0.8320313
vn -0.5019531 -0.2364502 0.8320313
vn -0.5019531 -0.2364502 0.8320313
vn -0.3166504 -0.4558105 0.8320313
vn -0.3166504 -0.4558105 0.8320313
vn 0.04937744 0.590332 -0.8056641
vn 0.4931641 0.7099609 -0.5029297
vn 0.3378906 0.4865723 -0.8056641
vn 0.07202148 0.8613281 -0.5029297
vn -0.2524414 0.5361328 -0.8056641
vn -0.3684082 0.7822266 -0.5029297
vn -0.4865723 0.3378906 -0.8056641
vn -0.7099609 0.4931641 -0.5029297
vn -0.590332 0.04937744 -0.8056641
vn -0.8613281 0.07202148 -0.5029297
vn -0.5361328 -0.2524414 -0.8056641
vn -0.7822266 -0.3684082 -0.5029297
vn -0.3378906 -0.4865723 -0.8056641
vn -0.4931641 -0.7099609 -0.5029297
vn -0.5175781 -0.7451172 0.4208984
vn -0.3413086 -0.4914551 0.8012695
vn -0.04986572 -0.5961914 0.8012695
vn -0.07562256 -0.9038086 0.4208984
vn 0.2548828 -0.5415039 0.8012695
vn -0.07562256 -0.9038086 -0.4208984
vn -0.5175781 -0.7451172 -0.4208984
vn -0.3413086 -0.4914551 -0.8012695
vn -0.04986572 -0.5961914 -0.8012695
vn 0.3864746 -0.8208008 -0.4208984
vn 0.2548828 -0.5415039 -0.8012695
vn 0.3864746 -0.8208008 0.4208984
vn 0.4914551 -0.3413086 0.8012695
vn 0.7451172 -0.5175781 -0.4208984
vn 0.4914551 -0.3413086 -0.8012695
vn 0.7451172 -0.5175781 0.4208984
vn 0.5961914 -0.04986572 0.8012695
vn 0.9038086 -0.07562256 -0.4208984
vn 0.5961914 -0.04986572 -0.8012695
vn 0.9038086 -0.07562256 0.4208984
vn 0.5415039 0.2548828 0.8012695
vn 0.8208008 0.3864746 -0.4208984
vn 0.5415039 0.2548828 -0.8012695
vn 0.8208008 0.3864746 0.4208984
vn 0.3413086 0.4914551 0.8012695
vn 0.5175781 0.7451172 0.4208984
vn 0.5175781 0.7451172 -0.4208984
vn 0.3413086 0.4914551 -0.8012695
vn -0.8930664 0.1602783 -0.4208984
vn -0.5888672 0.1057739 -0.8012695
vn -0.4572754 0.3859863 -0.8012695
vn -0.6928711 0.5854492 -0.4208984
vn -0.2028809 0.5629883 -0.8012695
vn -0.6928711 0.5854492 0.4208984
vn -0.8930664 0.1602783 0.4208984
vn -0.5888672 0.1057739 0.8012695
vn -0.4572754 0.3859863 0.8012695
vn -0.3076172 0.8535156 0.4208984
vn -0.2028809 0.5629883 0.8012695
vn -0.3076172 0.8535156 -0.4208984
vn 0.1057739 0.5888672 -0.8012695
vn 0.1602783 0.8930664 0.4208984
vn 0.1057739 0.5888672 0.8012695
vn 0.1602783 0.8930664 -0.4208984
vn 0.3859863 0.4572754 -0.8012695
vn 0.5854492 0.6928711 0.4208984
vn 0.3859863 0.4572754 0.8012695
vn 0.5854492 0.6928711 -0.4208984
vn 0.5629883 0.2028809 -0.8012695
vn 0.8535156 0.3076172 0.4208984
vn 0.5629883 0.2028809 0.8012695
vn 0.8535156 0.3076172 -0.4208984
vn 0.5888672 -0.1057129 -0.8012695
vn 0.8930664 -0.1602783 -0.4208984
vn 0.8930664 -0.1602783 0.4208984
vn 0.5888672 -0.1057129 0.8012695
vn 0.7631836 -0.6445313 -0.04284668
vn 0.8510742 -0.15271 -0.5029297
vn 0.9833984 -0.1765137 -0.04284668
vn 0.6606445 -0.5576172 -0.5029297
vn 0.3388672 -0.9399414 -0.04284668
vn 0.2932129 -0.8129883 -0.5029297
vn -0.1765137 -0.9833984 -0.04284668
vn -0.15271 -0.8510742 -0.5029297
vn -0.6445313 -0.7631836 -0.04284668
vn -0.5576172 -0.6606445 -0.5029297
vn -0.9399414 -0.3388672 -0.04284668
vn -0.8134766 -0.2932129 -0.5029297
vn -0.9833984 0.1765137 -0.04284668
vn -0.8510742 0.15271 -0.5029297
vn 0.9833984 -0.1765137 -0.04284668
vn 0.8510742 -0.15271 -0.5029297
vn 0.8134766 0.2932129 -0.5029297
vn 0.9399414 0.3388672 -0.04284668
vn 0.5576172 0.6606445 -0.5029297
vn 0.6445313 0.7631836 -0.04284668
vn 0.15271 0.8510742 -0.5029297
vn 0.1765137 0.9833984 -0.04284668
vn -0.2932129 0.8129883 -0.5029297
vn -0.3388672 0.9399414 -0.04284668
vn -0.6606445 0.5576172 -0.5029297
vn -0.7631836 0.6445313 -0.04284668
vn -0.8510742 0.15271 -0.5029297
vn -0.9833984 0.1765137 -0.04284668
vn -0.8930664 0.1602783 0.4208984
vn -0.5888672 0.1057739 0.8012695
vn -0.5629883 -0.2028809 0.8012695
vn -0.8535156 -0.3076172 0.4208984
vn -0.3859863 -0.4572754 0.8012695
vn -0.8535156 -0.3076172 -0.4208984
vn -0.8930664 0.1602783 -0.4208984
vn -0.5888672 0.1057739 -0.8012695
vn -0.5629883 -0.2028809 -0.8012695
vn -0.5854492 -0.6928711 -0.4208984
vn -0.3859863 -0.4572754 -0.8012695
vn -0.5854492 -0.6928711 0.4208984
vn -0.1057739 -0.5888672 0.8012695
vn -0.1602783 -0.8930664 -0.4208984
vn -0.1057739 -0.5888672 -0.8012695
vn -0.1602783 -0.8930664 0.4208984
vn 0.2028809 -0.5629883 0.8012695
vn 0.3076172 -0.8535156 -0.4208984
vn 0.2028809 -0.5629883 -0.8012695
vn 0.3076172 -0.8535156 0.4208984
vn 0.4572754 -0.3859863 0.8012695
vn 0.6928711 -0.5854492 -0.4208984
vn 0.4572754 -0.3859863 -0.8012695
vn 0.6928711 -0.5854492 0.4208984
vn 0.5888672 -0.1057129 0.8012695
vn 0.8930664 -0.1602783 0.4208984
vn 0.8930664 -0.1602783 -0.4208984
vn 0.5888672 -0.1057129 -0.8012695
vn 0.8930664 -0.1602783 0.4208984
vn 0.5888672 -0.1057129 0.8012695
vn 0.5629883 0.2028809 0.8012695
vn 0.8535156 0.3076172 0.4208984
vn 0.3859863 0.4572754 0.8012695
vn 0.8535156 0.3076172 -0.4208984
vn 0.8930664 -0.1602783 -0.4208984
vn 0.5888672 -0.1057129 -0.8012695
vn 0.5629883 0.2028809 -0.8012695
vn 0.5854492 0.6928711 -0.4208984
vn 0.3859863 0.4572754 -0.8012695
vn 0.5854492 0.6928711 0.4208984
vn 0.1057739 0.5888672 0.8012695
vn 0.1602783 0.8930664 -0.4208984
vn 0.1057129 0.5888672 -0.8012695
vn 0.1602783 0.8930664 0.4208984
vn -0.2028809 0.5629883 0.8012695
vn -0.3076172 0.8535156 -0.4208984
vn -0.2028809 0.5629883 -0.8012695
vn -0.3076172 0.8535156 0.4208984
vn -0.4572754 0.3859863 0.8012695
vn -0.6928711 0.5854492 -0.4208984
vn -0.4572754 0.3859863 -0.8012695
vn -0.6928711 0.5854492 0.4208984
vn -0.5888672 0.1057739 0.8012695
vn -0.8930664 0.1602783 0.4208984
vn -0.8930664 0.1602783 -0.4208984
vn -0.5888672 0.1057739 -0.8012695
vn 0.4240723 -0.3581543 0.8320313
vn 0.5463867 -0.0980835 0.8320313
vn 0.5463867 -0.0980835 0.8320313
vn 0.4240723 -0.3581543 0.8320313
vn 0.1882324 -0.5219727 0.8320313
vn 0.1882324 -0.5219727 0.8320313
vn -0.0980835 -0.5463867 0.8320313
vn -0.0980835 -0.5463867 0.8320313
vn -0.3581543 -0.4240723 0.8320313
vn -0.3581543 -0.4240723 0.8320313
vn -0.5219727 -0.1882324 0.8320313
vn -0.5219727 -0.1882324 0.8320313
vn -0.5463867 0.0980835 0.8320313
vn -0.5463867 0.0980835 0.8320313
vn 0.4526367 -0.3823242 -0.8056641
vn 0.5830078 -0.1046753 -0.8056641
vn 0.8510742 -0.15271 -0.5029297
vn 0.6606445 -0.5576172 -0.5029297
vn 0.2932129 -0.8129883 -0.5029297
vn 0.2009277 -0.5576172 -0.8056641
vn -0.15271 -0.8510742 -0.5029297
vn -0.1046753 -0.5830078 -0.8056641
vn -0.5576172 -0.6606445 -0.5029297
vn -0.3823242 -0.4526367 -0.8056641
vn -0.8134766 -0.2932129 -0.5029297
vn -0.5576172 -0.2009277 -0.8056641
vn -0.8510742 0.15271 -0.5029297
vn -0.5830078 0.1046753 -0.8056641
vn 0.5463867 -0.0980835 0.8320313
vn 0.5463867 -0.0980835 0.8320313
vn 0.5219727 0.1882324 0.8320313
vn 0.5219727 0.1882324 0.8320313
vn 0.3581543 0.4240723 0.8320313
vn 0.3581543 0.4240723 0.8320313
vn 0.0980835 0.5463867 0.8320313
vn 0.0980835 0.5463867 0.8320313
vn -0.1882324 0.5219727 0.8320313
vn -0.1882324 0.5219727 0.8320313
vn -0.4240723 0.3581543 0.8320313
vn -0.4240723 0.3581543 0.8320313
vn -0.5463867 0.0980835 0.8320313
vn -0.5463867 0.0980835 0.8320313
vn 0.5576172 0.2009277 -0.8056641
vn 0.8510742 -0.15271 -0.5029297
vn 0.5830078 -0.1046753 -0.8056641
vn 0.8134766 0.2932129 -0.5029297
vn 0.3823242 0.4526367 -0.8056641
vn 0.5576172 0.6606445 -0.5029297
vn 0.1046753 0.5830078 -0.8056641
vn 0.15271 0.8510742 -0.5029297
vn -0.2009277 0.5576172 -0.8056641
vn -0.2932129 0.8129883 -0.5029297
vn -0.4526367 0.3823242 -0.8056641
vn -0.6606445 0.5576172 -0.5029297
vn -0.5830078 0.1046753 -0.8056641
vn -0.8510742 0.15271 -0.5029297
vn -0.8930664 0.1602783 0.4208984
vn -0.5888672 0.1057739 0.8012695
vn -0.5629883 -0.2028809 0.8012695
vn -0.8535156 -0.3076172 0.4208984
vn -0.3859863 -0.4572754 0.8012695
vn -0.8535156 -0.3076172 -0.4208984
vn -0.8930664 0.1602783 -0.4208984
vn -0.5888672 0.1057739 -0.8012695
vn -0.5629883 -0.2028809 -0.8012695
vn -0.5854492 -0.6928711 -0.4208984
vn -0.3859863 -0.4572754 -0.8012695
vn -0.5854492 -0.6928711 0.4208984
vn -0.1057129 -0.5888672 0.8012695
vn -0.1602783 -0.8930664 -0.4208984
vn -0.1057129 -0.5888672 -0.8012695
vn -0.1602783 -0.8930664 0.4208984
vn 0.2028809 -0.5629883 0.8012695
vn 0.3076172 -0.8535156 -0.4208984
vn 0.2028809 -0.5629883 -0.8012695
vn 0.3076172 -0.8535156 0.4208984
vn 0.4572754 -0.3859863 0.8012695
vn 0.6928711 -0.5854492 -0.4208984
vn 0.4572754 -0.3859863 -0.8012695
vn 0.6928711 -0.5854492 0.4208984
vn 0.5888672 -0.1057129 0.8012695
vn 0.8930664 -0.1602783 0.4208984
vn 0.8930664 -0.1602783 -0.4208984
vn 0.5888672 -0.1057129 -0.8012695
vn -0.9067383 0.01557922 -0.4208984
vn -0.5981445 0.01027679 -0.8012695
vn -0.5131836 0.3081055 -0.8012695
vn -0.777832 0.467041 -0.4208984
vn -0.2902832 0.5234375 -0.8012695
vn -0.777832 0.467041 0.4208984
vn -0.9067383 0.01557922 0.4208984
vn -0.5981445 0.01027679 0.8012695
vn -0.5131836 0.3081055 0.8012695
vn -0.4399414 0.793457 0.4208984
vn -0.2902832 0.5234375 0.8012695
vn -0.4399414 0.793457 -0.4208984
vn 0.01026917 0.5981445 -0.8012695
vn 0.01557159 0.9067383 0.4208984
vn 0.01026917 0.5981445 0.8012695
vn 0.01557159 0.9067383 -0.4208984
vn 0.3081055 0.5131836 -0.8012695
vn 0.467041 0.777832 0.4208984
vn 0.3081055 0.5131836 0.8012695
vn 0.467041 0.777832 -0.4208984
vn 0.5234375 0.2902832 -0.8012695
vn 0.793457 0.4399414 0.4208984
vn 0.5234375 0.2902832 0.8012695
vn 0.793457 0.4399414 -0.4208984
vn 0.5981445 -0.01027679 -0.8012695
vn 0.9067383 -0.01557159 -0.4208984
vn 0.9067383 -0.01557159 0.4208984
vn 0.5981445 -0.01027679 0.8012695
vn 0.8564453 -0.5141602 -0.04284668
vn 0.8642578 -0.01483917 -0.5029297
vn 0.9990234 -0.01715088 -0.04284668
vn 0.7412109 -0.4450684 -0.5029297
vn 0.4846191 -0.8735352 -0.04284668
vn 0.4191895 -0.7558594 -0.5029297
vn -0.01716614 -0.9990234 -0.04284668
vn -0.0148468 -0.8642578 -0.5029297
vn -0.5141602 -0.8564453 -0.04284668
vn -0.4450684 -0.7412109 -0.5029297
vn -0.8735352 -0.4846191 -0.04284668
vn -0.7558594 -0.4191895 -0.5029297
vn -0.9990234 0.01716614 -0.04284668
vn -0.8642578 0.0148468 -0.5029297
vn 0.9990234 -0.01715088 -0.04284668
vn 0.8642578 -0.01483917 -0.5029297
vn 0.7558594 0.4191895 -0.5029297
vn 0.8735352 0.4846191 -0.04284668
vn 0.4450684 0.7412109 -0.5029297
vn 0.5141602 0.8564453 -0.04284668
vn 0.0148468 0.8642578 -0.5029297
vn 0.01715088 0.9990234 -0.04284668
vn -0.4191895 0.7558594 -0.5029297
vn -0.4846191 0.8735352 -0.04284668
vn -0.7412109 0.4450684 -0.5029297
vn -0.8564453 0.5141602 -0.04284668
vn -0.8642578 0.0148468 -0.5029297
vn -0.9990234 0.01716614 -0.04284668
vn -0.9067383 0.01557922 0.4208984
vn -0.5981445 0.01027679 0.8012695
vn -0.5234375 -0.2902832 0.8012695
vn -0.793457 -0.4399414 0.4208984
vn -0.3081055 -0.5131836 0.8012695
vn -0.793457 -0.4399414 -0.4208984
vn -0.9067383 0.01557922 -0.4208984
vn -0.5981445 0.01027679 -0.8012695
vn -0.5234375 -0.2902832 -0.8012695
vn -0.467041 -0.777832 -0.4208984
vn -0.3081055 -0.5131836 -0.8012695
vn -0.467041 -0.777832 0.4208984
vn -0.01027679 -0.5981445 0.8012695
vn -0.01557922 -0.9072266 -0.4208984
vn -0.01027679 -0.5981445 -0.8012695
vn -0.01557922 -0.9067383 0.4208984
vn 0.2902832 -0.5234375 0.8012695
vn 0.4399414 -0.793457 -0.4208984
vn 0.2902832 -0.5234375 -0.8012695
vn 0.4399414 -0.793457 0.4208984
vn 0.5131836 -0.3081055 0.8012695
vn 0.777832 -0.467041 -0.4208984
vn 0.5131836 -0.3081055 -0.8012695
vn 0.777832 -0.467041 0.4208984
vn 0.5981445 -0.01028442 0.8012695
vn 0.9067383 -0.01557922 0.4208984
vn 0.9067383 -0.01557922 -0.4208984
vn 0.5981445 -0.01028442 -0.8012695
vn 0.9067383 -0.01557922 0.4208984
vn 0.5981445 -0.01028442 0.8012695
vn 0.5234375 0.2902832 0.8012695
vn 0.793457 0.4399414 0.4208984
vn 0.3081055 0.5131836 0.8012695
vn 0.793457 0.4399414 -0.4208984
vn 0.9067383 -0.01557922 -0.4208984
vn 0.5981445 -0.01028442 -0.8012695
vn 0.5234375 0.2902832 -0.8012695
vn 0.467041 0.777832 -0.4208984
vn 0.3081055 0.5131836 -0.8012695
vn 0.467041 0.777832 0.4208984
vn 0.01026917 0.5981445 0.8012695
vn 0.01557922 0.9067383 -0.4208984
vn 0.01026917 0.5981445 -0.8012695
vn 0.01557922 0.9067383 0.4208984
vn -0.2902832 0.5234375 0.8012695
vn -0.4399414 0.793457 -0.4208984
vn -0.2902832 0.5234375 -0.8012695
vn -0.4399414 0.793457 0.4208984
vn -0.5131836 0.3081055 0.8012695
vn -0.777832 0.467041 -0.4208984
vn -0.5131836 0.3081055 -0.8012695
vn -0.777832 0.467041 0.4208984
vn -0.5981445 0.01027679 0.8012695
vn -0.9067383 0.01557922 0.4208984
vn -0.9067383 0.01557922 -0.4208984
vn -0.5981445 0.01027679 -0.8012695
vn 0.4758301 -0.2856445 0.8320313
vn 0.5551758 -0.009529114 0.8320313
vn 0.5551758 -0.009529114 0.8320313
vn 0.4758301 -0.2856445 0.8320313
vn 0.2692871 -0.4853516 0.8320313
vn 0.2692871 -0.4853516 0.8320313
vn -0.009529114 -0.5546875 0.8320313
vn -0.009529114 -0.5546875 0.8320313
vn -0.2856445 -0.4758301 0.8320313
vn -0.2856445 -0.4758301 0.8320313
vn -0.4853516 -0.2692871 0.8320313
vn -0.4853516 -0.2692871 0.8320313
vn -0.5551758 0.009536743 0.8320313
vn -0.5551758 0.009529114 0.8320313
vn 0.5078125 -0.3049316 -0.8056641
vn 0.5922852 -0.01016998 -0.8056641
vn 0.8642578 -0.01483917 -0.5029297
vn 0.7412109 -0.4450684 -0.5029297
vn 0.4191895 -0.7558594 -0.5029297
vn 0.2873535 -0.5180664 -0.8056641
vn -0.0148468 -0.8642578 -0.5029297
vn -0.01016998 -0.5922852 -0.8056641
vn -0.4450684 -0.7412109 -0.5029297
vn -0.3049316 -0.5078125 -0.8056641
vn -0.7558594 -0.4191895 -0.5029297
vn -0.5180664 -0.2873535 -0.8056641
vn -0.8642578 0.0148468 -0.5029297
vn -0.5922852 0.01017761 -0.8056641
vn 0.5551758 -0.009529114 0.8320313
vn 0.5551758 -0.009529114 0.8320313
vn 0.4853516 0.2692871 0.8320313
vn 0.4853516 0.2692871 0.8320313
vn 0.2856445 0.4758301 0.8320313
vn 0.2856445 0.4758301 0.8320313
vn 0.009529114 0.5546875 0.8320313
vn 0.009529114 0.5546875 0.8320313
vn -0.2692871 0.4853516 0.8320313
vn -0.2692871 0.4853516 0.8320313
vn -0.4758301 0.2856445 0.8320313
vn -0.4758301 0.2856445 0.8320313
vn -0.5551758 0.009529114 0.8320313
vn -0.5551758 0.009536743 0.8320313
vn 0.5180664 0.2873535 -0.8056641
vn 0.8642578 -0.01483917 -0.5029297
vn 0.5922852 -0.01016998 -0.8056641
vn 0.7558594 0.4191895 -0.5029297
vn 0.3049316 0.5078125 -0.8056641
vn 0.4450684 0.7412109 -0.5029297
vn 0.01016998 0.5922852 -0.8056641
vn 0.0148468 0.8642578 -0.5029297
vn -0.2873535 0.5180664 -0.8056641
vn -0.4191895 0.7558594 -0.5029297
vn -0.5078125 0.3049316 -0.8056641
vn -0.7412109 0.4450684 -0.5029297
vn -0.5922852 0.01017761 -0.8056641
vn -0.8642578 0.0148468 -0.5029297
vn -0.9067383 0.01557922 0.4208984
vn -0.5981445 0.01027679 0.8012695
vn -0.5234375 -0.2902832 0.8012695
vn -0.793457 -0.4399414 0.4208984
vn -0.3081055 -0.5131836 0.8012695
vn -0.793457 -0.4399414 -0.4208984
vn -0.9067383 0.01557922 -0.4208984
vn -0.5981445 0.01027679 -0.8012695
vn -0.5234375 -0.2902832 -0.8012695
vn -0.467041 -0.777832 -0.4208984
vn -0.3081055 -0.5131836 -0.8012695
vn -0.467041 -0.777832 0.4208984
vn -0.01027679 -0.5981445 0.8012695
vn -0.01557922 -0.9072266 -0.4208984
vn -0.01027679 -0.5981445 -0.8012695
vn -0.01557922 -0.9072266 0.4208984
vn 0.2902832 -0.5234375 0.8012695
vn 0.4399414 -0.793457 -0.4208984
vn 0.2902832 -0.5234375 -0.8012695
vn 0.4399414 -0.793457 0.4208984
vn 0.5131836 -0.3081055 0.8012695
vn 0.777832 -0.467041 -0.4208984
vn 0.5131836 -0.3081055 -0.8012695
vn 0.777832 -0.467041 0.4208984
vn 0.5981445 -0.01027679 0.8012695
vn 0.9067383 -0.01557159 0.4208984
vn 0.9067383 -0.01557159 -0.4208984
vn 0.5981445 -0.01027679 -0.8012695
vn 0.9042969 -0.06970215 0.4208984
vn 0.5966797 -0.04602051 0.8012695
vn 0.5395508 0.2585449 0.8012695
vn 0.8183594 0.3918457 0.4208984
vn 0.3381348 0.4936523 0.8012695
vn 0.8183594 0.3918457 -0.4208984
vn 0.9042969 -0.06970215 -0.4208984
vn 0.5966797 -0.04598999 -0.8012695
vn 0.5395508 0.2585449 -0.8012695
vn 0.5126953 0.7485352 -0.4208984
vn 0.3381348 0.4936523 -0.8012695
vn 0.5126953 0.7485352 0.4208984
vn 0.04598999 0.5966797 0.8012695
vn 0.06970215 0.9042969 -0.4208984
vn 0.04598999 0.5966797 -0.8012695
vn 0.06970215 0.9042969 0.4208984
vn -0.2585449 0.5395508 0.8012695
vn -0.3918457 0.8183594 -0.4208984
vn -0.2585449 0.5395508 -0.8012695
vn -0.3918457 0.8183594 0.4208984
vn -0.4936523 0.3381348 0.8012695
vn -0.7485352 0.5126953 -0.4208984
vn -0.4936523 0.3381348 -0.8012695
vn -0.7485352 0.5126953 0.4208984
vn -0.5966797 0.04598999 0.8012695
vn -0.9042969 0.06970215 0.4208984
vn -0.9042969 0.06970215 -0.4208984
vn -0.5966797 0.04598999 -0.8012695
vn 0.9042969 -0.06970215 -0.4208984
vn 0.5966797 -0.04598999 -0.8012695
vn 0.4936523 -0.3381348 -0.8012695
vn 0.7485352 -0.5126953 -0.4208984
vn 0.2585449 -0.5395508 -0.8012695
vn 0.7485352 -0.5126953 0.4208984
vn 0.9042969 -0.06970215 0.4208984
vn 0.5966797 -0.04602051 0.8012695
vn 0.4936523 -0.3381348 0.8012695
vn 0.3918457 -0.8183594 0.4208984
vn 0.2585449 -0.5395508 0.8012695
vn 0.3918457 -0.8183594 -0.4208984
vn -0.04598999 -0.5966797 -0.8012695
vn -0.06976318 -0.9042969 0.4208984
vn -0.04598999 -0.5966797 0.8012695
vn -0.06976318 -0.9042969 -0.4208984
vn -0.3381348 -0.4936523 -0.8012695
vn -0.5126953 -0.7485352 0.4208984
vn -0.3381348 -0.4936523 0.8012695
vn -0.5126953 -0.7485352 -0.4208984
vn -0.5395508 -0.2585449 -0.8012695
vn -0.8183594 -0.3918457 0.4208984
vn -0.5395508 -0.2585449 0.8012695
vn -0.8183594 -0.3918457 -0.4208984
vn -0.5966797 0.04598999 -0.8012695
vn -0.9042969 0.06970215 -0.4208984
vn -0.9042969 0.06970215 0.4208984
vn -0.5966797 0.04598999 0.8012695
vn -0.5341797 -0.2558594 -0.8056641
vn -0.8618164 0.06646729 -0.5029297
vn -0.5908203 0.04556274 -0.8056641
vn -0.7797852 -0.373291 -0.5029297
vn -0.3347168 -0.4887695 -0.8056641
vn -0.4885254 -0.7133789 -0.5029297
vn -0.04553223 -0.5908203 -0.8056641
vn -0.06646729 -0.8618164 -0.5029297
vn 0.2558594 -0.5341797 -0.8056641
vn 0.373291 -0.7797852 -0.5029297
vn 0.4887695 -0.3347168 -0.8056641
vn 0.7133789 -0.4885254 -0.5029297
vn 0.8618164 -0.06646729 -0.5029297
vn 0.5908203 -0.04553223 -0.8056641
vn -0.9042969 0.06976318 -0.4208984
vn -0.5966797 0.04598999 -0.8012695
vn -0.4936523 0.3381348 -0.8012695
vn -0.7485352 0.5126953 -0.4208984
vn -0.2585449 0.5395508 -0.8012695
vn -0.7485352 0.5126953 0.4208984
vn -0.9042969 0.06976318 0.4208984
vn -0.5966797 0.04598999 0.8012695
vn -0.4936523 0.3381348 0.8012695
vn -0.3918457 0.8183594 0.4208984
vn -0.2585449 0.5395508 0.8012695
vn -0.3918457 0.8183594 -0.4208984
vn 0.04598999 0.5966797 -0.8012695
vn 0.06976318 0.9042969 0.4208984
vn 0.04598999 0.5966797 0.8012695
vn 0.06976318 0.9042969 -0.4208984
vn 0.3381348 0.4936523 -0.8012695
vn 0.5126953 0.7485352 0.4208984
vn 0.3381348 0.4936523 0.8012695
vn 0.5126953 0.7485352 -0.4208984
vn 0.5395508 0.2585449 -0.8012695
vn 0.8183594 0.3918457 0.4208984
vn 0.5395508 0.2585449 0.8012695
vn 0.8183594 0.3918457 -0.4208984
vn 0.5966797 -0.04602051 -0.8012695
vn 0.9042969 -0.06976318 -0.4208984
vn 0.9042969 -0.06976318 0.4208984
vn 0.5966797 -0.04602051 0.8012695
vn -0.5532227 0.04266357 0.8320313
vn -0.5532227 0.04266357 0.8320313
vn -0.5004883 -0.2397461 0.8320313
vn -0.5004883 -0.2397461 0.8320313
vn -0.3137207 -0.4580078 0.8320313
vn -0.3137207 -0.4580078 0.8320313
vn -0.04266357 -0.5532227 0.8320313
vn -0.04266357 -0.5532227 0.8320313
vn 0.2397461 -0.5004883 0.8320313
vn 0.2397461 -0.5004883 0.8320313
vn 0.4580078 -0.3137207 0.8320313
vn 0.4580078 -0.3137207 0.8320313
vn 0.5532227 -0.04266357 0.8320313
vn 0.5532227 -0.04266357 0.8320313
vn -0.5908203 0.04556274 -0.8056641
vn -0.8618164 0.06646729 -0.5029297
vn -0.7133789 0.4885254 -0.5029297
vn -0.4887695 0.3347168 -0.8056641
vn -0.373291 0.7797852 -0.5029297
vn -0.2558594 0.5341797 -0.8056641
vn 0.06646729 0.8618164 -0.5029297
vn 0.04553223 0.5908203 -0.8056641
vn 0.4885254 0.7133789 -0.5029297
vn 0.3347168 0.4887695 -0.8056641
vn 0.7797852 0.373291 -0.5029297
vn 0.5341797 0.2558594 -0.8056641
vn 0.8618164 -0.06646729 -0.5029297
vn 0.5908203 -0.04553223 -0.8056641
vn -0.4580078 0.3137207 0.8320313
vn -0.5532227 0.04266357 0.8320313
vn -0.5532227 0.04266357 0.8320313
vn -0.4580078 0.3137207 0.8320313
vn -0.2397461 0.5004883 0.8320313
vn -0.2397461 0.5004883 0.8320313
vn 0.04266357 0.5532227 0.8320313
vn 0.04266357 0.5532227 0.8320313
vn 0.3137207 0.4580078 0.8320313
vn 0.3137207 0.4580078 0.8320313
vn 0.5004883 0.2397461 0.8320313
vn 0.5004883 0.2397461 0.8320313
vn 0.5532227 -0.04266357 0.8320313
vn 0.5532227 -0.04266357 0.8320313
vn 0.9042969 -0.06976318 -0.4208984
vn 0.5966797 -0.04602051 -0.8012695
vn 0.4936523 -0.3381348 -0.8012695
vn 0.7485352 -0.5126953 -0.4208984
vn 0.2585449 -0.5395508 -0.8012695
vn 0.7485352 -0.5126953 0.4208984
vn 0.9042969 -0.06976318 0.4208984
vn 0.5966797 -0.04602051 0.8012695
vn 0.4936523 -0.3381348 0.8012695
vn 0.3918457 -0.8183594 0.4208984
vn 0.2585449 -0.5395508 0.8012695
vn 0.3918457 -0.8183594 -0.4208984
vn -0.04598999 -0.5966797 -0.8012695
vn -0.06976318 -0.9042969 0.4208984
vn -0.04598999 -0.5966797 0.8012695
vn -0.06976318 -0.9042969 -0.4208984
vn -0.3381348 -0.4936523 -0.8012695
vn -0.5126953 -0.7485352 0.4208984
vn -0.3381348 -0.4936523 0.8012695
vn -0.5126953 -0.7485352 -0.4208984
vn -0.5395508 -0.2585449 -0.8012695
vn -0.8183594 -0.3918457 0.4208984
vn -0.5395508 -0.2585449 0.8012695
vn -0.8183594 -0.3918457 -0.4208984
vn -0.5966797 0.04598999 -0.8012695
vn -0.9042969 0.06976318 -0.4208984
vn -0.9042969 0.06976318 0.4208984
vn -0.5966797 0.04598999 0.8012695
vn -0.9960938 0.07678223 -0.04284668
vn -0.8618164 0.06646729 -0.5029297
vn -0.7797852 -0.373291 -0.5029297
vn -0.9008789 -0.4316406 -0.04284668
vn -0.4885254 -0.7133789 -0.5029297
vn -0.5644531 -0.8242188 -0.04284668
vn -0.06646729 -0.8618164 -0.5029297
vn -0.07684326 -0.9960938 -0.04284668
vn 0.373291 -0.7797852 -0.5029297
vn 0.4316406 -0.9008789 -0.04284668
vn 0.7133789 -0.4885254 -0.5029297
vn 0.8242188 -0.5644531 -0.04284668
vn 0.8618164 -0.06646729 -0.5029297
vn 0.9960938 -0.07678223 -0.04284668
vn -0.8242188 0.5644531 -0.04284668
vn -0.8618164 0.06646729 -0.5029297
vn -0.9960938 0.07678223 -0.04284668
vn -0.7133789 0.4885254 -0.5029297
vn -0.4316406 0.9008789 -0.04284668
vn -0.373291 0.7797852 -0.5029297
vn 0.07678223 0.9960938 -0.04284668
vn 0.06646729 0.8618164 -0.5029297
vn 0.5644531 0.8242188 -0.04284668
vn 0.4885254 0.7133789 -0.5029297
vn 0.9008789 0.4316406 -0.04284668
vn 0.7797852 0.373291 -0.5029297
vn 0.9960938 -0.07678223 -0.04284668
vn 0.8618164 -0.06646729 -0.5029297
vn 0.8818359 -0.2133789 0.4208984
vn 0.581543 -0.1407471 0.8012695
vn 0.5742188 0.1689453 0.8012695
vn 0.8701172 0.2561035 0.4208984
vn 0.4125977 0.4333496 0.8012695
vn 0.8701172 0.2561035 -0.4208984
vn 0.8818359 -0.2133789 -0.4208984
vn 0.581543 -0.1407471 -0.8012695
vn 0.5742188 0.1689453 -0.8012695
vn 0.6254883 0.6567383 -0.4208984
vn 0.4125977 0.4333496 -0.8012695
vn 0.6254883 0.6567383 0.4208984
vn 0.1407471 0.581543 0.8012695
vn 0.2133789 0.8818359 -0.4208984
vn 0.1407471 0.581543 -0.8012695
vn 0.2133789 0.8818359 0.4208984
vn -0.1689453 0.5742188 0.8012695
vn -0.2561035 0.8701172 -0.4208984
vn -0.1689453 0.5742188 -0.8012695
vn -0.2561035 0.8701172 0.4208984
vn -0.4333496 0.4125977 0.8012695
vn -0.6567383 0.6254883 -0.4208984
vn -0.4333496 0.4125977 -0.8012695
vn -0.6567383 0.6254883 0.4208984
vn -0.581543 0.1407471 0.8012695
vn -0.8818359 0.2133789 0.4208984
vn -0.8818359 0.2133789 -0.4208984
vn -0.581543 0.1407471 -0.8012695
vn 0.8818359 -0.2133789 -0.4208984
vn 0.581543 -0.1407471 -0.8012695
vn 0.4333496 -0.4125977 -0.8012695
vn 0.6567383 -0.6254883 -0.4208984
vn 0.1689453 -0.5742188 -0.8012695
vn 0.6567383 -0.6254883 0.4208984
vn 0.8818359 -0.2133789 0.4208984
vn 0.581543 -0.1407471 0.8012695
vn 0.4333496 -0.4125977 0.8012695
vn 0.2561035 -0.8701172 0.4208984
vn 0.1689453 -0.5742188 0.8012695
vn 0.2561035 -0.8701172 -0.4208984
vn -0.1407471 -0.581543 -0.8012695
vn -0.2133789 -0.8818359 0.4208984
vn -0.1407471 -0.581543 0.8012695
vn -0.2133789 -0.8818359 -0.4208984
vn -0.4125977 -0.4333496 -0.8012695
vn -0.6254883 -0.6567383 0.4208984
vn -0.4125977 -0.4333496 0.8012695
vn -0.6254883 -0.6567383 -0.4208984
vn -0.5742188 -0.1689453 -0.8012695
vn -0.8701172 -0.2561035 0.4208984
vn -0.5742188 -0.1689453 0.8012695
vn -0.8701172 -0.2561035 -0.4208984
vn -0.581543 0.1407471 -0.8012695
vn -0.8818359 0.2133789 -0.4208984
vn -0.8818359 0.2133789 0.4208984
vn -0.581543 0.1407471 0.8012695
vn -0.5683594 -0.1672363 -0.8056641
vn -0.840332 0.2033691 -0.5029297
vn -0.5756836 0.1394043 -0.8056641
vn -0.8291016 -0.2440186 -0.5029297
vn -0.4086914 -0.4289551 -0.8056641
vn -0.5961914 -0.6259766 -0.5029297
vn -0.1394043 -0.5756836 -0.8056641
vn -0.2032471 -0.840332 -0.5029297
vn 0.1672363 -0.5683594 -0.8056641
vn 0.2440186 -0.8291016 -0.5029297
vn 0.4289551 -0.4086914 -0.8056641
vn 0.6259766 -0.5961914 -0.5029297
vn 0.840332 -0.2033691 -0.5029297
vn 0.5756836 -0.1394043 -0.8056641
vn -0.8818359 0.2133789 -0.4208984
vn -0.581543 0.1407471 -0.8012695
vn -0.4333496 0.4125977 -0.8012695
vn -0.6567383 0.6254883 -0.4208984
vn -0.1689453 0.5742188 -0.8012695
vn -0.6567383 0.6254883 0.4208984
vn -0.8818359 0.2133789 0.4208984
vn -0.581543 0.1407471 0.8012695
vn -0.4333496 0.4125977 0.8012695
vn -0.2561035 0.8701172 0.4208984
vn -0.1689453 0.5742188 0.8012695
vn -0.2561035 0.8701172 -0.4208984
vn 0.1407471 0.581543 -0.8012695
vn 0.2133789 0.8818359 0.4208984
vn 0.1407471 0.581543 0.8012695
vn 0.2133789 0.8818359 -0.4208984
vn 0.4125977 0.4333496 -0.8012695
vn 0.6254883 0.6567383 0.4208984
vn 0.4125977 0.4333496 0.8012695
vn 0.6254883 0.6567383 -0.4208984
vn 0.5742188 0.1689453 -0.8012695
vn 0.8701172 0.2561035 0.4208984
vn 0.5742188 0.1689453 0.8012695
vn 0.8701172 0.2561035 -0.4208984
vn 0.581543 -0.1407471 -0.8012695
vn 0.8818359 -0.2133789 -0.4208984
vn 0.8818359 -0.2133789 0.4208984
vn 0.581543 -0.1407471 0.8012695
vn -0.5395508 0.1304932 0.8320313
vn -0.5395508 0.1304932 0.8320313
vn -0.5322266 -0.1566162 0.8320313
vn -0.5322266 -0.1566162 0.8320313
vn -0.3828125 -0.4018555 0.8320313
vn -0.3828125 -0.4018555 0.8320313
vn -0.1304932 -0.5395508 0.8320313
vn -0.1304932 -0.5395508 0.8320313
vn 0.1567383 -0.5322266 0.8320313
vn 0.1567383 -0.5322266 0.8320313
vn 0.4018555 -0.3828125 0.8320313
vn 0.4018555 -0.3828125 0.8320313
vn 0.5395508 -0.1304932 0.8320313
vn 0.5395508 -0.1304932 0.8320313
vn -0.5756836 0.1394043 -0.8056641
vn -0.840332 0.2033691 -0.5029297
vn -0.6259766 0.5961914 -0.5029297
vn -0.4289551 0.4086914 -0.8056641
vn -0.2440186 0.8291016 -0.5029297
vn -0.1672363 0.5683594 -0.8056641
vn 0.2033691 0.840332 -0.5029297
vn 0.1394043 0.5756836 -0.8056641
vn 0.5961914 0.6259766 -0.5029297
vn 0.4086914 0.4289551 -0.8056641
vn 0.8291016 0.2440186 -0.5029297
vn 0.5683594 0.1672363 -0.8056641
vn 0.840332 -0.2033691 -0.5029297
vn 0.5756836 -0.1394043 -0.8056641
vn -0.4018555 0.3828125 0.8320313
vn -0.5395508 0.1304932 0.8320313
vn -0.5395508 0.1304932 0.8320313
vn -0.4018555 0.3828125 0.8320313
vn -0.1567383 0.5322266 0.8320313
vn -0.1567383 0.5322266 0.8320313
vn 0.1304932 0.5395508 0.8320313
vn 0.1304932 0.5395508 0.8320313
vn 0.3828125 0.4018555 0.8320313
vn 0.3828125 0.4018555 0.8320313
vn 0.5322266 0.1566162 0.8320313
vn 0.5322266 0.1567383 0.8320313
vn 0.5395508 -0.1304932 0.8320313
vn 0.5395508 -0.1304932 0.8320313
vn 0.8818359 -0.2133789 -0.4208984
vn 0.581543 -0.1407471 -0.8012695
vn 0.4333496 -0.4125977 -0.8012695
vn 0.6567383 -0.6254883 -0.4208984
vn 0.1689453 -0.5742188 -0.8012695
vn 0.6567383 -0.6254883 0.4208984
vn 0.8818359 -0.2133789 0.4208984
vn 0.581543 -0.1407471 0.8012695
vn 0.4333496 -0.4125977 0.8012695
vn 0.2561035 -0.8701172 0.4208984
vn 0.1689453 -0.5742188 0.8012695
vn 0.2561035 -0.8701172 -0.4208984
vn -0.1407471 -0.581543 -0.8012695
vn -0.2133789 -0.8818359 0.4208984
vn -0.1407471 -0.581543 0.8012695
vn -0.2133789 -0.8818359 -0.4208984
vn -0.4125977 -0.4333496 -0.8012695
vn -0.6254883 -0.6567383 0.4208984
vn -0.4125977 -0.4333496 0.8012695
vn -0.6254883 -0.6567383 -0.4208984
vn -0.5742188 -0.1689453 -0.8012695
vn -0.8701172 -0.2561035 0.4208984
vn -0.5742188 -0.1689453 0.8012695
vn -0.8701172 -0.2561035 -0.4208984
vn -0.581543 0.1407471 -0.8012695
vn -0.8818359 0.2133789 -0.4208984
vn -0.8818359 0.2133789 0.4208984
vn -0.581543 0.1407471 0.8012695
vn -0.9711914 0.2349854 -0.04284668
vn -0.840332 0.2033691 -0.5029297
vn -0.8291016 -0.2440186 -0.5029297
vn -0.9584961 -0.2819824 -0.04284668
vn -0.5961914 -0.6259766 -0.5029297
vn -0.6889648 -0.7236328 -0.04284668
vn -0.2032471 -0.840332 -0.5029297
vn -0.2349854 -0.9711914 -0.04284668
vn 0.2440186 -0.8291016 -0.5029297
vn 0.2819824 -0.9584961 -0.04284668
vn 0.6259766 -0.5961914 -0.5029297
vn 0.7236328 -0.6889648 -0.04284668
vn 0.840332 -0.2033691 -0.5029297
vn 0.9711914 -0.2349854 -0.04284668
vn -0.7236328 0.6889648 -0.04284668
vn -0.840332 0.2033691 -0.5029297
vn -0.9711914 0.2349854 -0.04284668
vn -0.6259766 0.5961914 -0.5029297
vn -0.2819824 0.9584961 -0.04284668
vn -0.2440186 0.8291016 -0.5029297
vn 0.2349854 0.9711914 -0.04284668
vn 0.2033691 0.840332 -0.5029297
vn 0.6889648 0.7236328 -0.04284668
vn 0.5961914 0.6259766 -0.5029297
vn 0.9584961 0.2819824 -0.04284668
vn 0.8291016 0.2440186 -0.5029297
vn 0.9711914 -0.2349854 -0.04284668
vn 0.840332 -0.2033691 -0.5029297
vn -0.112854 0.2839355 -0.9521484
vn -0.6376953 0.2756348 -0.7192383
vn -0.2805176 0.1213989 -0.9521484
vn -0.0004963875 0.0004179478 -1
vn -0.2561035 0.6455078 -0.7197266
vn -0.8999023 0.3886719 -0.197998
vn 0.1205444 0.2802734 -0.9521484
vn -0.361084 0.9111328 -0.1989746
vn -0.9057617 0.3942871 0.1564941
vn 0.282959 0.112793 -0.9526367
vn 0.279541 -0.1206055 -0.9526367
vn 0.2749023 0.637207 -0.7202148
vn 0.6450195 0.2558594 -0.7202148
vn 0.6367188 -0.2751465 -0.7202148
vn -0.3642578 0.918457 0.1551514
vn -0.8867188 0.3959961 0.2393799
vn 0.3886719 0.8994141 -0.199585
vn 0.9106445 0.361084 -0.199707
vn 0.8994141 -0.3886719 -0.1993408
vn -0.3564453 0.9038086 0.2369385
vn -0.871582 0.3908691 0.2954102
vn 0.3918457 0.9072266 0.1520996
vn 0.9189453 0.3642578 0.1508789
vn 0.9072266 -0.3925781 0.1525879
vn -0.3505859 0.890625 0.2897949
vn -0.8520508 0.3686523 0.371582
vn 0.3864746 0.8925781 0.232666
vn 0.9042969 0.3583984 0.2310791
vn 0.8925781 -0.385498 0.2332764
vn -0.3410645 0.8647461 0.3684082
vn -0.7871094 0.3349609 0.5175781
vn 0.3808594 0.8789063 0.2875977
vn 0.890625 0.3530273 0.2868652
vn 0.8793945 -0.3793945 0.2880859
vn -0.3146973 0.7949219 0.5185547
vn -0.0001510382 0 1
vn 0.3696289 0.8535156 0.3676758
vn 0.8647461 0.3425293 0.3674316
vn 0.8535156 -0.3686523 0.3679199
vn 0.3395996 0.784668 0.5185547
vn 0.7949219 0.3149414 0.5185547
vn 0.784668 -0.3393555 0.5185547
vn 0.1119385 -0.2832031 -0.9526367
vn 0.6367188 -0.2751465 -0.7202148
vn 0.279541 -0.1206055 -0.9526367
vn -0.0004963875 0.0004179478 -1
vn 0.2553711 -0.6455078 -0.7197266
vn 0.8994141 -0.3886719 -0.1993408
vn -0.121582 -0.279541 -0.9521484
vn 0.361084 -0.9111328 -0.1986084
vn 0.9072266 -0.3925781 0.1525879
vn -0.2841797 -0.1119995 -0.9521484
vn -0.2805176 0.1213989 -0.9521484
vn -0.2758789 -0.637207 -0.7197266
vn -0.6459961 -0.2556152 -0.7192383
vn -0.6376953 0.2756348 -0.7192383
vn 0.3637695 -0.918457 0.1557617
vn 0.8925781 -0.385498 0.2332764
vn -0.3891602 -0.8999023 -0.1977539
vn -0.9111328 -0.361084 -0.1972656
vn -0.8999023 0.3886719 -0.197998
vn 0.3596191 -0.9023438 0.2376709
vn 0.8793945 -0.3793945 0.2880859
vn -0.3894043 -0.9077148 0.1569824
vn -0.9179688 -0.3640137 0.1577148
vn -0.9057617 0.3942871 0.1564941
vn 0.3547363 -0.8886719 0.2905273
vn 0.8535156 -0.3686523 0.3679199
vn -0.3742676 -0.8959961 0.2399902
vn -0.9008789 -0.3574219 0.2457275
vn -0.8867188 0.3959961 0.2393799
vn 0.3442383 -0.8637695 0.3686523
vn 0.784668 -0.3393555 0.5185547
vn -0.3669434 -0.8818359 0.2958984
vn -0.8867188 -0.3515625 0.3000488
vn -0.871582 0.3908691 0.2954102
vn 0.3154297 -0.7944336 0.5185547
vn -0.0001510382 0 1
vn -0.3679199 -0.8520508 0.3718262
vn -0.8647461 -0.3430176 0.3671875
vn -0.8520508 0.3686523 0.371582
vn -0.34375 -0.7836914 0.5175781
vn -0.7978516 -0.3164063 0.5131836
vn -0.7871094 0.3349609 0.5175781
g HexaBase_0
f 3/3/3 2/2/2 1/1/1
f 6/6/6 5/5/5 4/4/4
f 9/9/9 8/8/8 7/7/7
f 12/12/12 11/11/11 10/10/10
f 15/15/15 14/14/14 13/13/13
f 18/18/18 17/17/17 16/16/16
f 21/21/21 20/20/20 19/19/19
f 24/24/24 23/23/23 22/22/22
f 27/27/27 26/26/26 25/25/25
f 28/28/28 27/27/27 25/25/25
f 29/29/29 27/27/27 28/28/28
f 30/30/30 29/29/29 28/28/28
f 31/31/31 29/29/29 30/30/30
f 32/32/32 31/31/31 30/30/30
f 33/33/33 31/31/31 32/32/32
f 34/34/34 33/33/33 32/32/32
f 37/37/37 36/36/36 35/35/35
f 38/38/38 37/37/37 35/35/35
f 39/39/39 37/37/37 38/38/38
f 40/40/40 39/39/39 38/38/38
f 41/41/41 39/39/39 40/40/40
f 42/42/42 41/41/41 40/40/40
f 43/43/43 41/41/41 42/42/42
f 44/44/44 43/43/43 42/42/42
f 47/47/47 46/46/46 45/45/45
f 48/48/48 47/47/47 45/45/45
f 49/49/49 47/47/47 48/48/48
f 50/50/50 49/49/49 48/48/48
f 51/51/51 49/49/49 50/50/50
f 52/52/52 51/51/51 50/50/50
f 53/53/53 51/51/51 52/52/52
f 54/54/54 53/53/53 52/52/52
f 57/57/57 56/56/56 55/55/55
f 58/58/58 57/57/57 55/55/55
f 59/59/59 57/57/57 58/58/58
f 60/60/60 59/59/59 58/58/58
f 61/61/61 59/59/59 60/60/60
f 62/62/62 61/61/61 60/60/60
f 63/63/63 61/61/61 62/62/62
f 64/64/64 63/63/63 62/62/62
f 67/67/67 66/66/66 65/65/65
f 68/68/68 67/67/67 65/65/65
f 69/69/69 67/67/67 68/68/68
f 68/68/68 65/65/65 70/70/70
f 65/65/65 71/71/71 70/70/70
f 71/71/71 72/72/72 70/70/70
f 72/72/72 73/73/73 70/70/70
f 70/70/70 73/73/73 74/74/74
f 68/68/68 70/70/70 74/74/74
f 73/73/73 75/75/75 74/74/74
f 76/76/76 69/69/69 68/68/68
f 76/76/76 68/68/68 74/74/74
f 77/77/77 69/69/69 76/76/76
f 74/74/74 75/75/75 78/78/78
f 76/76/76 74/74/74 78/78/78
f 75/75/75 79/79/79 78/78/78
f 80/80/80 77/77/77 76/76/76
f 80/80/80 76/76/76 78/78/78
f 77/77/77 80/80/80 81/81/81
f 78/78/78 79/79/79 82/82/82
f 80/80/80 78/78/78 82/82/82
f 79/79/79 83/83/83 82/82/82
f 80/80/80 84/84/84 81/81/81
f 84/84/84 80/80/80 82/82/82
f 85/85/85 81/81/81 84/84/84
f 82/82/82 83/83/83 86/86/86
f 84/84/84 82/82/82 86/86/86
f 83/83/83 87/87/87 86/86/86
f 88/88/88 85/85/85 84/84/84
f 88/88/88 84/84/84 86/86/86
f 89/89/89 85/85/85 88/88/88
f 90/90/90 89/89/89 88/88/88
f 90/90/90 88/88/88 91/91/91
f 88/88/88 86/86/86 91/91/91
f 86/86/86 87/87/87 91/91/91
f 87/87/87 92/92/92 91/91/91
f 95/95/95 94/94/94 93/93/93
f 96/96/96 95/95/95 93/93/93
f 97/97/97 95/95/95 96/96/96
f 98/98/98 96/96/96 93/93/93
f 99/99/99 98/98/98 93/93/93
f 99/99/99 100/100/100 98/98/98
f 100/100/100 101/101/101 98/98/98
f 98/98/98 101/101/101 102/102/102
f 98/98/98 102/102/102 96/96/96
f 101/101/101 103/103/103 102/102/102
f 104/104/104 97/97/97 96/96/96
f 102/102/102 104/104/104 96/96/96
f 105/105/105 97/97/97 104/104/104
f 102/102/102 103/103/103 106/106/106
f 102/102/102 106/106/106 104/104/104
f 103/103/103 107/107/107 106/106/106
f 108/108/108 105/105/105 104/104/104
f 106/106/106 108/108/108 104/104/104
f 109/109/109 105/105/105 108/108/108
f 106/106/106 107/107/107 110/110/110
f 106/106/106 110/110/110 108/108/108
f 107/107/107 111/111/111 110/110/110
f 112/112/112 109/109/109 108/108/108
f 110/110/110 112/112/112 108/108/108
f 113/113/113 109/109/109 112/112/112
f 110/110/110 111/111/111 114/114/114
f 110/110/110 114/114/114 112/112/112
f 111/111/111 115/115/115 114/114/114
f 116/116/116 113/113/113 112/112/112
f 114/114/114 116/116/116 112/112/112
f 117/117/117 113/113/113 116/116/116
f 118/118/118 117/117/117 116/116/116
f 119/119/119 118/118/118 116/116/116
f 114/114/114 119/119/119 116/116/116
f 114/114/114 115/115/115 119/119/119
f 115/115/115 120/120/120 119/119/119
f 123/123/123 122/122/122 121/121/121
f 122/122/122 124/124/124 121/121/121
f 121/121/121 124/124/124 125/125/125
f 124/124/124 126/126/126 125/125/125
f 125/125/125 126/126/126 127/127/127
f 126/126/126 128/128/128 127/127/127
f 127/127/127 128/128/128 129/129/129
f 128/128/128 130/130/130 129/129/129
f 129/129/129 130/130/130 131/131/131
f 130/130/130 132/132/132 131/131/131
f 132/132/132 133/133/133 131/131/131
f 133/133/133 134/134/134 131/131/131
f 137/137/137 136/136/136 135/135/135
f 138/138/138 137/137/137 135/135/135
f 139/139/139 137/137/137 138/138/138
f 140/140/140 138/138/138 135/135/135
f 141/141/141 140/140/140 135/135/135
f 141/141/141 142/142/142 140/140/140
f 142/142/142 143/143/143 140/140/140
f 140/140/140 143/143/143 144/144/144
f 140/140/140 144/144/144 138/138/138
f 143/143/143 145/145/145 144/144/144
f 146/146/146 139/139/139 138/138/138
f 144/144/144 146/146/146 138/138/138
f 147/147/147 139/139/139 146/146/146
f 148/148/148 144/144/144 145/145/145
f 144/144/144 148/148/148 146/146/146
f 149/149/149 148/148/148 145/145/145
f 150/150/150 147/147/147 146/146/146
f 148/148/148 150/150/150 146/146/146
f 151/151/151 147/147/147 150/150/150
f 148/148/148 149/149/149 152/152/152
f 148/148/148 152/152/152 150/150/150
f 149/149/149 153/153/153 152/152/152
f 154/154/154 151/151/151 150/150/150
f 152/152/152 154/154/154 150/150/150
f 155/155/155 151/151/151 154/154/154
f 152/152/152 153/153/153 156/156/156
f 152/152/152 156/156/156 154/154/154
f 153/153/153 157/157/157 156/156/156
f 158/158/158 155/155/155 154/154/154
f 156/156/156 158/158/158 154/154/154
f 159/159/159 155/155/155 158/158/158
f 160/160/160 159/159/159 158/158/158
f 161/161/161 160/160/160 158/158/158
f 156/156/156 161/161/161 158/158/158
f 156/156/156 157/157/157 161/161/161
f 157/157/157 162/162/162 161/161/161
f 165/165/165 164/164/164 163/163/163
f 166/166/166 165/165/165 163/163/163
f 167/167/167 165/165/165 166/166/166
f 168/168/168 167/167/167 166/166/166
f 169/169/169 167/167/167 168/168/168
f 170/170/170 169/169/169 168/168/168
f 171/171/171 169/169/169 170/170/170
f 172/172/172 171/171/171 170/170/170
f 173/173/173 171/171/171 172/172/172
f 174/174/174 173/173/173 172/172/172
f 175/175/175 173/173/173 174/174/174
f 176/176/176 175/175/175 174/174/174
f 179/179/179 178/178/178 177/177/177
f 180/180/180 179/179/179 177/177/177
f 181/181/181 179/179/179 180/180/180
f 182/182/182 181/181/181 180/180/180
f 183/183/183 181/181/181 182/182/182
f 184/184/184 183/183/183 182/182/182
f 185/185/185 183/183/183 184/184/184
f 186/186/186 185/185/185 184/184/184
f 187/187/187 185/185/185 186/186/186
f 188/188/188 187/187/187 186/186/186
f 189/189/189 187/187/187 188/188/188
f 190/190/190 189/189/189 188/188/188
f 193/193/193 192/192/192 191/191/191
f 192/192/192 194/194/194 191/191/191
f 191/191/191 194/194/194 195/195/195
f 194/194/194 196/196/196 195/195/195
f 195/195/195 196/196/196 197/197/197
f 196/196/196 198/198/198 197/197/197
f 197/197/197 198/198/198 199/199/199
f 198/198/198 200/200/200 199/199/199
f 199/199/199 200/200/200 201/201/201
f 200/200/200 202/202/202 201/201/201
f 201/201/201 202/202/202 203/203/203
f 202/202/202 204/204/204 203/203/203
f 207/207/207 206/206/206 205/205/205
f 208/208/208 207/207/207 205/205/205
f 209/209/209 207/207/207 208/208/208
f 210/210/210 208/208/208 205/205/205
f 211/211/211 210/210/210 205/205/205
f 211/211/211 212/212/212 210/210/210
f 212/212/212 213/213/213 210/210/210
f 210/210/210 213/213/213 214/214/214
f 210/210/210 214/214/214 208/208/208
f 213/213/213 215/215/215 214/214/214
f 216/216/216 209/209/209 208/208/208
f 214/214/214 216/216/216 208/208/208
f 217/217/217 209/209/209 216/216/216
f 214/214/214 215/215/215 218/218/218
f 214/214/214 218/218/218 216/216/216
f 215/215/215 219/219/219 218/218/218
f 220/220/220 217/217/217 216/216/216
f 218/218/218 220/220/220 216/216/216
f 221/221/221 217/217/217 220/220/220
f 218/218/218 219/219/219 222/222/222
f 218/218/218 222/222/222 220/220/220
f 219/219/219 223/223/223 222/222/222
f 224/224/224 221/221/221 220/220/220
f 222/222/222 224/224/224 220/220/220
f 225/225/225 221/221/221 224/224/224
f 222/222/222 223/223/223 226/226/226
f 222/222/222 226/226/226 224/224/224
f 223/223/223 227/227/227 226/226/226
f 228/228/228 225/225/225 224/224/224
f 226/226/226 228/228/228 224/224/224
f 229/229/229 225/225/225 228/228/228
f 230/230/230 229/229/229 228/228/228
f 231/231/231 230/230/230 228/228/228
f 226/226/226 231/231/231 228/228/228
f 226/226/226 227/227/227 231/231/231
f 227/227/227 232/232/232 231/231/231
f 235/235/235 234/234/234 233/233/233
f 236/236/236 235/235/235 233/233/233
f 237/237/237 235/235/235 236/236/236
f 238/238/238 237/237/237 236/236/236
f 239/239/239 237/237/237 238/238/238
f 240/240/240 239/239/239 238/238/238
f 241/241/241 239/239/239 240/240/240
f 242/242/242 241/241/241 240/240/240
f 243/243/243 241/241/241 242/242/242
f 244/244/244 243/243/243 242/242/242
f 245/245/245 243/243/243 244/244/244
f 246/246/246 245/245/245 244/244/244
f 249/249/249 248/248/248 247/247/247
f 248/248/248 250/250/250 247/247/247
f 247/247/247 250/250/250 251/251/251
f 250/250/250 252/252/252 251/251/251
f 251/251/251 252/252/252 253/253/253
f 252/252/252 254/254/254 253/253/253
f 253/253/253 254/254/254 255/255/255
f 254/254/254 256/256/256 255/255/255
f 255/255/255 256/256/256 257/257/257
f 256/256/256 258/258/258 257/257/257
f 257/257/257 258/258/258 259/259/259
f 258/258/258 260/260/260 259/259/259
f 263/263/263 262/262/262 261/261/261
f 264/264/264 263/263/263 261/261/261
f 265/265/265 263/263/263 264/264/264
f 264/264/264 261/261/261 266/266/266
f 261/261/261 267/267/267 266/266/266
f 267/267/267 268/268/268 266/266/266
f 268/268/268 269/269/269 266/266/266
f 266/266/266 269/269/269 270/270/270
f 264/264/264 266/266/266 270/270/270
f 269/269/269 271/271/271 270/270/270
f 272/272/272 265/265/265 264/264/264
f 272/272/272 264/264/264 270/270/270
f 273/273/273 265/265/265 272/272/272
f 270/270/270 271/271/271 274/274/274
f 272/272/272 270/270/270 274/274/274
f 271/271/271 275/275/275 274/274/274
f 276/276/276 273/273/273 272/272/272
f 276/276/276 272/272/272 274/274/274
f 273/273/273 276/276/276 277/277/277
f 274/274/274 275/275/275 278/278/278
f 276/276/276 274/274/274 278/278/278
f 275/275/275 279/279/279 278/278/278
f 276/276/276 280/280/280 277/277/277
f 280/280/280 276/276/276 278/278/278
f 281/281/281 277/277/277 280/280/280
f 278/278/278 279/279/279 282/282/282
f 280/280/280 278/278/278 282/282/282
f 279/279/279 283/283/283 282/282/282
f 284/284/284 281/281/281 280/280/280
f 284/284/284 280/280/280 282/282/282
f 285/285/285 281/281/281 284/284/284
f 286/286/286 285/285/285 284/284/284
f 286/286/286 284/284/284 287/287/287
f 284/284/284 282/282/282 287/287/287
f 282/282/282 283/283/283 287/287/287
f 283/283/283 288/288/288 287/287/287
f 291/291/291 290/290/290 289/289/289
f 292/292/292 291/291/291 289/289/289
f 293/293/293 291/291/291 292/292/292
f 294/294/294 292/292/292 289/289/289
f 295/295/295 294/294/294 289/289/289
f 295/295/295 296/296/296 294/294/294
f 296/296/296 297/297/297 294/294/294
f 294/294/294 297/297/297 298/298/298
f 294/294/294 298/298/298 292/292/292
f 297/297/297 299/299/299 298/298/298
f 300/300/300 293/293/293 292/292/292
f 298/298/298 300/300/300 292/292/292
f 301/301/301 293/293/293 300/300/300
f 298/298/298 299/299/299 302/302/302
f 298/298/298 302/302/302 300/300/300
f 299/299/299 303/303/303 302/302/302
f 304/304/304 301/301/301 300/300/300
f 302/302/302 304/304/304 300/300/300
f 305/305/305 301/301/301 304/304/304
f 302/302/302 303/303/303 306/306/306
f 302/302/302 306/306/306 304/304/304
f 303/303/303 307/307/307 306/306/306
f 308/308/308 305/305/305 304/304/304
f 306/306/306 308/308/308 304/304/304
f 309/309/309 305/305/305 308/308/308
f 306/306/306 307/307/307 310/310/310
f 306/306/306 310/310/310 308/308/308
f 307/307/307 311/311/311 310/310/310
f 312/312/312 309/309/309 308/308/308
f 310/310/310 312/312/312 308/308/308
f 313/313/313 309/309/309 312/312/312
f 314/314/314 313/313/313 312/312/312
f 315/315/315 314/314/314 312/312/312
f 310/310/310 315/315/315 312/312/312
f 310/310/310 311/311/311 315/315/315
f 311/311/311 316/316/316 315/315/315
f 319/319/319 318/318/318 317/317/317
f 320/320/320 319/319/319 317/317/317
f 321/321/321 319/319/319 320/320/320
f 322/322/322 320/320/320 317/317/317
f 323/323/323 322/322/322 317/317/317
f 323/323/323 324/324/324 322/322/322
f 324/324/324 325/325/325 322/322/322
f 322/322/322 325/325/325 326/326/326
f 322/322/322 326/326/326 320/320/320
f 325/325/325 327/327/327 326/326/326
f 328/328/328 321/321/321 320/320/320
f 326/326/326 328/328/328 320/320/320
f 329/329/329 321/321/321 328/328/328
f 330/330/330 326/326/326 327/327/327
f 326/326/326 330/330/330 328/328/328
f 331/331/331 330/330/330 327/327/327
f 332/332/332 329/329/329 328/328/328
f 330/330/330 332/332/332 328/328/328
f 333/333/333 329/329/329 332/332/332
f 330/330/330 331/331/331 334/334/334
f 330/330/330 334/334/334 332/332/332
f 331/331/331 335/335/335 334/334/334
f 336/336/336 333/333/333 332/332/332
f 334/334/334 336/336/336 332/332/332
f 337/337/337 333/333/333 336/336/336
f 334/334/334 335/335/335 338/338/338
f 334/334/334 338/338/338 336/336/336
f 335/335/335 339/339/339 338/338/338
f 340/340/340 337/337/337 336/336/336
f 338/338/338 340/340/340 336/336/336
f 341/341/341 337/337/337 340/340/340
f 342/342/342 341/341/341 340/340/340
f 343/343/343 342/342/342 340/340/340
f 338/338/338 343/343/343 340/340/340
f 338/338/338 339/339/339 343/343/343
f 339/339/339 344/344/344 343/343/343
f 347/347/347 346/346/346 345/345/345
f 346/346/346 348/348/348 345/345/345
f 345/345/345 348/348/348 349/349/349
f 348/348/348 350/350/350 349/349/349
f 349/349/349 350/350/350 351/351/351
f 350/350/350 352/352/352 351/351/351
f 351/351/351 352/352/352 353/353/353
f 352/352/352 354/354/354 353/353/353
f 353/353/353 354/354/354 355/355/355
f 354/354/354 356/356/356 355/355/355
f 355/355/355 356/356/356 357/357/357
f 356/356/356 358/358/358 357/357/357
f 361/361/361 360/360/360 359/359/359
f 362/362/362 361/361/361 359/359/359
f 363/363/363 361/361/361 362/362/362
f 364/364/364 363/363/363 362/362/362
f 365/365/365 363/363/363 364/364/364
f 366/366/366 365/365/365 364/364/364
f 367/367/367 365/365/365 366/366/366
f 368/368/368 367/367/367 366/366/366
f 369/369/369 367/367/367 368/368/368
f 370/370/370 369/369/369 368/368/368
f 371/371/371 369/369/369 370/370/370
f 372/372/372 371/371/371 370/370/370
f 375/375/375 374/374/374 373/373/373
f 376/376/376 375/375/375 373/373/373
f 377/377/377 375/375/375 376/376/376
f 376/376/376 373/373/373 378/378/378
f 373/373/373 379/379/379 378/378/378
f 379/379/379 380/380/380 378/378/378
f 380/380/380 381/381/381 378/378/378
f 378/378/378 381/381/381 382/382/382
f 376/376/376 378/378/378 382/382/382
f 381/381/381 383/383/383 382/382/382
f 384/384/384 377/377/377 376/376/376
f 384/384/384 376/376/376 382/382/382
f 385/385/385 377/377/377 384/384/384
f 382/382/382 383/383/383 386/386/386
f 384/384/384 382/382/382 386/386/386
f 383/383/383 387/387/387 386/386/386
f 388/388/388 385/385/385 384/384/384
f 388/388/388 384/384/384 386/386/386
f 389/389/389 385/385/385 388/388/388
f 386/386/386 387/387/387 390/390/390
f 388/388/388 386/386/386 390/390/390
f 387/387/387 391/391/391 390/390/390
f 392/392/392 389/389/389 388/388/388
f 392/392/392 388/388/388 390/390/390
f 393/393/393 389/389/389 392/392/392
f 390/390/390 391/391/391 394/394/394
f 392/392/392 390/390/390 394/394/394
f 391/391/391 395/395/395 394/394/394
f 396/396/396 393/393/393 392/392/392
f 396/396/396 392/392/392 394/394/394
f 397/397/397 393/393/393 396/396/396
f 398/398/398 397/397/397 396/396/396
f 398/398/398 396/396/396 399/399/399
f 396/396/396 394/394/394 399/399/399
f 394/394/394 395/395/395 399/399/399
f 395/395/395 400/400/400 399/399/399
f 403/403/403 402/402/402 401/401/401
f 404/404/404 403/403/403 401/401/401
f 405/405/405 403/403/403 404/404/404
f 404/404/404 401/401/401 406/406/406
f 401/401/401 407/407/407 406/406/406
f 407/407/407 408/408/408 406/406/406
f 408/408/408 409/409/409 406/406/406
f 406/406/406 409/409/409 410/410/410
f 404/404/404 406/406/406 410/410/410
f 409/409/409 411/411/411 410/410/410
f 412/412/412 405/405/405 404/404/404
f 412/412/412 404/404/404 410/410/410
f 413/413/413 405/405/405 412/412/412
f 410/410/410 411/411/411 414/414/414
f 412/412/412 410/410/410 414/414/414
f 411/411/411 415/415/415 414/414/414
f 416/416/416 413/413/413 412/412/412
f 416/416/416 412/412/412 414/414/414
f 413/413/413 416/416/416 417/417/417
f 414/414/414 415/415/415 418/418/418
f 416/416/416 414/414/414 418/418/418
f 415/415/415 419/419/419 418/418/418
f 416/416/416 420/420/420 417/417/417
f 420/420/420 416/416/416 418/418/418
f 421/421/421 417/417/417 420/420/420
f 418/418/418 419/419/419 422/422/422
f 420/420/420 418/418/418 422/422/422
f 419/419/419 423/423/423 422/422/422
f 424/424/424 421/421/421 420/420/420
f 424/424/424 420/420/420 422/422/422
f 425/425/425 421/421/421 424/424/424
f 426/426/426 425/425/425 424/424/424
f 426/426/426 424/424/424 427/427/427
f 424/424/424 422/422/422 427/427/427
f 422/422/422 423/423/423 427/427/427
f 423/423/423 428/428/428 427/427/427
f 431/431/431 430/430/430 429/429/429
f 430/430/430 432/432/432 429/429/429
f 429/429/429 432/432/432 433/433/433
f 432/432/432 434/434/434 433/433/433
f 433/433/433 434/434/434 435/435/435
f 434/434/434 436/436/436 435/435/435
f 435/435/435 436/436/436 437/437/437
f 436/436/436 438/438/438 437/437/437
f 437/437/437 438/438/438 439/439/439
f 438/438/438 440/440/440 439/439/439
f 439/439/439 440/440/440 441/441/441
f 440/440/440 442/442/442 441/441/441
f 445/445/445 444/444/444 443/443/443
f 446/446/446 445/445/445 443/443/443
f 447/447/447 446/446/446 443/443/443
f 448/448/448 447/447/447 443/443/443
f 449/449/449 447/447/447 448/448/448
f 450/450/450 449/449/449 448/448/448
f 451/451/451 449/449/449 450/450/450
f 452/452/452 451/451/451 450/450/450
f 453/453/453 451/451/451 452/452/452
f 454/454/454 453/453/453 452/452/452
f 455/455/455 453/453/453 454/454/454
f 456/456/456 455/455/455 454/454/454
f 459/459/459 458/458/458 457/457/457
f 460/460/460 459/459/459 457/457/457
f 461/461/461 459/459/459 460/460/460
f 462/462/462 461/461/461 460/460/460
f 463/463/463 461/461/461 462/462/462
f 464/464/464 463/463/463 462/462/462
f 465/465/465 463/463/463 464/464/464
f 466/466/466 465/465/465 464/464/464
f 467/467/467 465/465/465 466/466/466
f 468/468/468 467/467/467 466/466/466
f 469/469/469 467/467/467 468/468/468
f 470/470/470 469/469/469 468/468/468
f 473/473/473 472/472/472 471/471/471
f 472/472/472 474/474/474 471/471/471
f 471/471/471 474/474/474 475/475/475
f 474/474/474 476/476/476 475/475/475
f 475/475/475 476/476/476 477/477/477
f 476/476/476 478/478/478 477/477/477
f 477/477/477 478/478/478 479/479/479
f 478/478/478 480/480/480 479/479/479
f 479/479/479 480/480/480 481/481/481
f 480/480/480 482/482/482 481/481/481
f 481/481/481 482/482/482 483/483/483
f 482/482/482 484/484/484 483/483/483
f 487/487/487 486/486/486 485/485/485
f 488/488/488 487/487/487 485/485/485
f 489/489/489 487/487/487 488/488/488
f 488/488/488 485/485/485 490/490/490
f 485/485/485 491/491/491 490/490/490
f 491/491/491 492/492/492 490/490/490
f 492/492/492 493/493/493 490/490/490
f 490/490/490 493/493/493 494/494/494
f 488/488/488 490/490/490 494/494/494
f 493/493/493 495/495/495 494/494/494
f 496/496/496 489/489/489 488/488/488
f 496/496/496 488/488/488 494/494/494
f 497/497/497 489/489/489 496/496/496
f 494/494/494 495/495/495 498/498/498
f 496/496/496 494/494/494 498/498/498
f 495/495/495 499/499/499 498/498/498
f 500/500/500 497/497/497 496/496/496
f 500/500/500 496/496/496 498/498/498
f 501/501/501 497/497/497 500/500/500
f 498/498/498 499/499/499 502/502/502
f 500/500/500 498/498/498 502/502/502
f 499/499/499 503/503/503 502/502/502
f 504/504/504 501/501/501 500/500/500
f 504/504/504 500/500/500 502/502/502
f 505/505/505 501/501/501 504/504/504
f 502/502/502 503/503/503 506/506/506
f 504/504/504 502/502/502 506/506/506
f 503/503/503 507/507/507 506/506/506
f 508/508/508 505/505/505 504/504/504
f 508/508/508 504/504/504 506/506/506
f 509/509/509 505/505/505 508/508/508
f 510/510/510 509/509/509 508/508/508
f 510/510/510 508/508/508 511/511/511
f 508/508/508 506/506/506 511/511/511
f 506/506/506 507/507/507 511/511/511
f 507/507/507 512/512/512 511/511/511
f 515/515/515 514/514/514 513/513/513
f 514/514/514 516/516/516 513/513/513
f 513/513/513 516/516/516 517/517/517
f 516/516/516 518/518/518 517/517/517
f 517/517/517 518/518/518 519/519/519
f 518/518/518 520/520/520 519/519/519
f 519/519/519 520/520/520 521/521/521
f 520/520/520 522/522/522 521/521/521
f 521/521/521 522/522/522 523/523/523
f 522/522/522 524/524/524 523/523/523
f 524/524/524 525/525/525 523/523/523
f 525/525/525 526/526/526 523/523/523
f 529/529/529 528/528/528 527/527/527
f 530/530/530 529/529/529 527/527/527
f 531/531/531 529/529/529 530/530/530
f 532/532/532 530/530/530 527/527/527
f 533/533/533 532/532/532 527/527/527
f 533/533/533 534/534/534 532/532/532
f 534/534/534 535/535/535 532/532/532
f 532/532/532 535/535/535 536/536/536
f 532/532/532 536/536/536 530/530/530
f 535/535/535 537/537/537 536/536/536
f 538/538/538 531/531/531 530/530/530
f 536/536/536 538/538/538 530/530/530
f 539/539/539 531/531/531 538/538/538
f 540/540/540 536/536/536 537/537/537
f 536/536/536 540/540/540 538/538/538
f 541/541/541 540/540/540 537/537/537
f 542/542/542 539/539/539 538/538/538
f 540/540/540 542/542/542 538/538/538
f 543/543/543 539/539/539 542/542/542
f 540/540/540 541/541/541 544/544/544
f 540/540/540 544/544/544 542/542/542
f 541/541/541 545/545/545 544/544/544
f 546/546/546 543/543/543 542/542/542
f 544/544/544 546/546/546 542/542/542
f 547/547/547 543/543/543 546/546/546
f 544/544/544 545/545/545 548/548/548
f 544/544/544 548/548/548 546/546/546
f 545/545/545 549/549/549 548/548/548
f 550/550/550 547/547/547 546/546/546
f 548/548/548 550/550/550 546/546/546
f 551/551/551 547/547/547 550/550/550
f 552/552/552 551/551/551 550/550/550
f 553/553/553 552/552/552 550/550/550
f 548/548/548 553/553/553 550/550/550
f 548/548/548 549/549/549 553/553/553
f 549/549/549 554/554/554 553/553/553
f 557/557/557 556/556/556 555/555/555
f 558/558/558 557/557/557 555/555/555
f 559/559/559 557/557/557 558/558/558
f 560/560/560 559/559/559 558/558/558
f 561/561/561 559/559/559 560/560/560
f 562/562/562 561/561/561 560/560/560
f 563/563/563 561/561/561 562/562/562
f 564/564/564 563/563/563 562/562/562
f 565/565/565 563/563/563 564/564/564
f 566/566/566 565/565/565 564/564/564
f 567/567/567 565/565/565 566/566/566
f 568/568/568 567/567/567 566/566/566
f 571/571/571 570/570/570 569/569/569
f 572/572/572 571/571/571 569/569/569
f 573/573/573 571/571/571 572/572/572
f 574/574/574 573/573/573 572/572/572
f 575/575/575 573/573/573 574/574/574
f 576/576/576 575/575/575 574/574/574
f 577/577/577 575/575/575 576/576/576
f 578/578/578 577/577/577 576/576/576
f 579/579/579 577/577/577 578/578/578
f 580/580/580 579/579/579 578/578/578
f 581/581/581 579/579/579 580/580/580
f 582/582/582 581/581/581 580/580/580
f 585/585/585 584/584/584 583/583/583
f 584/584/584 586/586/586 583/583/583
f 583/583/583 586/586/586 587/587/587
f 586/586/586 588/588/588 587/587/587
f 587/587/587 588/588/588 589/589/589
f 588/588/588 590/590/590 589/589/589
f 589/589/589 590/590/590 591/591/591
f 590/590/590 592/592/592 591/591/591
f 591/591/591 592/592/592 593/593/593
f 592/592/592 594/594/594 593/593/593
f 593/593/593 594/594/594 595/595/595
f 594/594/594 596/596/596 595/595/595
f 599/599/599 598/598/598 597/597/597
f 600/600/600 599/599/599 597/597/597
f 601/601/601 599/599/599 600/600/600
f 602/602/602 600/600/600 597/597/597
f 603/603/603 602/602/602 597/597/597
f 603/603/603 604/604/604 602/602/602
f 604/604/604 605/605/605 602/602/602
f 602/602/602 605/605/605 606/606/606
f 602/602/602 606/606/606 600/600/600
f 605/605/605 607/607/607 606/606/606
f 608/608/608 601/601/601 600/600/600
f 606/606/606 608/608/608 600/600/600
f 609/609/609 601/601/601 608/608/608
f 606/606/606 607/607/607 610/610/610
f 606/606/606 610/610/610 608/608/608
f 607/607/607 611/611/611 610/610/610
f 612/612/612 609/609/609 608/608/608
f 610/610/610 612/612/612 608/608/608
f 613/613/613 609/609/609 612/612/612
f 610/610/610 611/611/611 614/614/614
f 610/610/610 614/614/614 612/612/612
f 611/611/611 615/615/615 614/614/614
f 616/616/616 613/613/613 612/612/612
f 614/614/614 616/616/616 612/612/612
f 617/617/617 613/613/613 616/616/616
f 614/614/614 615/615/615 618/618/618
f 614/614/614 618/618/618 616/616/616
f 615/615/615 619/619/619 618/618/618
f 620/620/620 617/617/617 616/616/616
f 618/618/618 620/620/620 616/616/616
f 621/621/621 617/617/617 620/620/620
f 622/622/622 621/621/621 620/620/620
f 623/623/623 622/622/622 620/620/620
f 618/618/618 623/623/623 620/620/620
f 618/618/618 619/619/619 623/623/623
f 619/619/619 624/624/624 623/623/623
f 627/627/627 626/626/626 625/625/625
f 628/628/628 627/627/627 625/625/625
f 629/629/629 627/627/627 628/628/628
f 630/630/630 629/629/629 628/628/628
f 631/631/631 629/629/629 630/630/630
f 632/632/632 631/631/631 630/630/630
f 633/633/633 631/631/631 632/632/632
f 634/634/634 633/633/633 632/632/632
f 635/635/635 633/633/633 634/634/634
f 636/636/636 635/635/635 634/634/634
f 637/637/637 635/635/635 636/636/636
f 638/638/638 637/637/637 636/636/636
f 641/641/641 640/640/640 639/639/639
f 640/640/640 642/642/642 639/639/639
f 639/639/639 642/642/642 643/643/643
f 642/642/642 644/644/644 643/643/643
f 643/643/643 644/644/644 645/645/645
f 644/644/644 646/646/646 645/645/645
f 645/645/645 646/646/646 647/647/647
f 646/646/646 648/648/648 647/647/647
f 647/647/647 648/648/648 649/649/649
f 648/648/648 650/650/650 649/649/649
f 649/649/649 650/650/650 651/651/651
f 650/650/650 652/652/652 651/651/651
f 655/655/655 654/654/654 653/653/653
f 656/656/656 655/655/655 653/653/653
f 657/657/657 655/655/655 656/656/656
f 656/656/656 653/653/653 658/658/658
f 653/653/653 659/659/659 658/658/658
f 659/659/659 660/660/660 658/658/658
f 660/660/660 661/661/661 658/658/658
f 658/658/658 661/661/661 662/662/662
f 656/656/656 658/658/658 662/662/662
f 661/661/661 663/663/663 662/662/662
f 664/664/664 657/657/657 656/656/656
f 664/664/664 656/656/656 662/662/662
f 665/665/665 657/657/657 664/664/664
f 662/662/662 663/663/663 666/666/666
f 664/664/664 662/662/662 666/666/666
f 663/663/663 667/667/667 666/666/666
f 668/668/668 665/665/665 664/664/664
f 668/668/668 664/664/664 666/666/666
f 665/665/665 668/668/668 669/669/669
f 666/666/666 667/667/667 670/670/670
f 668/668/668 666/666/666 670/670/670
f 667/667/667 671/671/671 670/670/670
f 668/668/668 672/672/672 669/669/669
f 672/672/672 668/668/668 670/670/670
f 673/673/673 669/669/669 672/672/672
f 670/670/670 671/671/671 674/674/674
f 672/672/672 670/670/670 674/674/674
f 671/671/671 675/675/675 674/674/674
f 676/676/676 673/673/673 672/672/672
f 676/676/676 672/672/672 674/674/674
f 677/677/677 673/673/673 676/676/676
f 678/678/678 677/677/677 676/676/676
f 678/678/678 676/676/676 679/679/679
f 676/676/676 674/674/674 679/679/679
f 674/674/674 675/675/675 679/679/679
f 675/675/675 680/680/680 679/679/679
f 683/683/683 682/682/682 681/681/681
f 684/684/684 683/683/683 681/681/681
f 685/685/685 683/683/683 684/684/684
f 686/686/686 684/684/684 681/681/681
f 687/687/687 686/686/686 681/681/681
f 687/687/687 688/688/688 686/686/686
f 688/688/688 689/689/689 686/686/686
f 686/686/686 689/689/689 690/690/690
f 686/686/686 690/690/690 684/684/684
f 689/689/689 691/691/691 690/690/690
f 692/692/692 685/685/685 684/684/684
f 690/690/690 692/692/692 684/684/684
f 693/693/693 685/685/685 692/692/692
f 690/690/690 691/691/691 694/694/694
f 690/690/690 694/694/694 692/692/692
f 691/691/691 695/695/695 694/694/694
f 696/696/696 693/693/693 692/692/692
f 694/694/694 696/696/696 692/692/692
f 697/697/697 693/693/693 696/696/696
f 694/694/694 695/695/695 698/698/698
f 694/694/694 698/698/698 696/696/696
f 695/695/695 699/699/699 698/698/698
f 700/700/700 697/697/697 696/696/696
f 698/698/698 700/700/700 696/696/696
f 701/701/701 697/697/697 700/700/700
f 698/698/698 699/699/699 702/702/702
f 698/698/698 702/702/702 700/700/700
f 699/699/699 703/703/703 702/702/702
f 704/704/704 701/701/701 700/700/700
f 702/702/702 704/704/704 700/700/700
f 705/705/705 701/701/701 704/704/704
f 706/706/706 705/705/705 704/704/704
f 707/707/707 706/706/706 704/704/704
f 702/702/702 707/707/707 704/704/704
f 702/702/702 703/703/703 707/707/707
f 703/703/703 708/708/708 707/707/707
f 711/711/711 710/710/710 709/709/709
f 710/710/710 712/712/712 709/709/709
f 709/709/709 712/712/712 713/713/713
f 712/712/712 714/714/714 713/713/713
f 713/713/713 714/714/714 715/715/715
f 714/714/714 716/716/716 715/715/715
f 715/715/715 716/716/716 717/717/717
f 716/716/716 718/718/718 717/717/717
f 717/717/717 718/718/718 719/719/719
f 718/718/718 720/720/720 719/719/719
f 720/720/720 721/721/721 719/719/719
f 721/721/721 722/722/722 719/719/719
f 725/725/725 724/724/724 723/723/723
f 726/726/726 725/725/725 723/723/723
f 727/727/727 725/725/725 726/726/726
f 728/728/728 726/726/726 723/723/723
f 729/729/729 728/728/728 723/723/723
f 729/729/729 730/730/730 728/728/728
f 730/730/730 731/731/731 728/728/728
f 728/728/728 731/731/731 732/732/732
f 728/728/728 732/732/732 726/726/726
f 731/731/731 733/733/733 732/732/732
f 734/734/734 727/727/727 726/726/726
f 732/732/732 734/734/734 726/726/726
f 735/735/735 727/727/727 734/734/734
f 736/736/736 732/732/732 733/733/733
f 732/732/732 736/736/736 734/734/734
f 737/737/737 736/736/736 733/733/733
f 738/738/738 735/735/735 734/734/734
f 736/736/736 738/738/738 734/734/734
f 739/739/739 735/735/735 738/738/738
f 736/736/736 737/737/737 740/740/740
f 736/736/736 740/740/740 738/738/738
f 737/737/737 741/741/741 740/740/740
f 742/742/742 739/739/739 738/738/738
f 740/740/740 742/742/742 738/738/738
f 743/743/743 739/739/739 742/742/742
f 740/740/740 741/741/741 744/744/744
f 740/740/740 744/744/744 742/742/742
f 741/741/741 745/745/745 744/744/744
f 746/746/746 743/743/743 742/742/742
f 744/744/744 746/746/746 742/742/742
f 747/747/747 743/743/743 746/746/746
f 748/748/748 747/747/747 746/746/746
f 749/749/749 748/748/748 746/746/746
f 744/744/744 749/749/749 746/746/746
f 744/744/744 745/745/745 749/749/749
f 745/745/745 750/750/750 749/749/749
f 753/753/753 752/752/752 751/751/751
f 754/754/754 753/753/753 751/751/751
f 755/755/755 753/753/753 754/754/754
f 756/756/756 755/755/755 754/754/754
f 757/757/757 755/755/755 756/756/756
f 758/758/758 757/757/757 756/756/756
f 759/759/759 757/757/757 758/758/758
f 760/760/760 759/759/759 758/758/758
f 761/761/761 759/759/759 760/760/760
f 762/762/762 761/761/761 760/760/760
f 763/763/763 761/761/761 762/762/762
f 764/764/764 763/763/763 762/762/762
f 767/767/767 766/766/766 765/765/765
f 768/768/768 767/767/767 765/765/765
f 769/769/769 767/767/767 768/768/768
f 770/770/770 769/769/769 768/768/768
f 771/771/771 769/769/769 770/770/770
f 772/772/772 771/771/771 770/770/770
f 773/773/773 771/771/771 772/772/772
f 774/774/774 773/773/773 772/772/772
f 775/775/775 773/773/773 774/774/774
f 776/776/776 775/775/775 774/774/774
f 777/777/777 775/775/775 776/776/776
f 778/778/778 777/777/777 776/776/776
f 781/781/781 780/780/780 779/779/779
f 780/780/780 782/782/782 779/779/779
f 779/779/779 782/782/782 783/783/783
f 782/782/782 784/784/784 783/783/783
f 783/783/783 784/784/784 785/785/785
f 784/784/784 786/786/786 785/785/785
f 785/785/785 786/786/786 787/787/787
f 786/786/786 788/788/788 787/787/787
f 787/787/787 788/788/788 789/789/789
f 788/788/788 790/790/790 789/789/789
f 789/789/789 790/790/790 791/791/791
f 790/790/790 792/792/792 791/791/791
f 795/795/795 794/794/794 793/793/793
f 796/796/796 795/795/795 793/793/793
f 797/797/797 795/795/795 796/796/796
f 798/798/798 796/796/796 793/793/793
f 799/799/799 798/798/798 793/793/793
f 799/799/799 800/800/800 798/798/798
f 800/800/800 801/801/801 798/798/798
f 798/798/798 801/801/801 802/802/802
f 798/798/798 802/802/802 796/796/796
f 801/801/801 803/803/803 802/802/802
f 804/804/804 797/797/797 796/796/796
f 802/802/802 804/804/804 796/796/796
f 805/805/805 797/797/797 804/804/804
f 802/802/802 803/803/803 806/806/806
f 802/802/802 806/806/806 804/804/804
f 803/803/803 807/807/807 806/806/806
f 808/808/808 805/805/805 804/804/804
f 806/806/806 808/808/808 804/804/804
f 809/809/809 805/805/805 808/808/808
f 806/806/806 807/807/807 810/810/810
f 806/806/806 810/810/810 808/808/808
f 807/807/807 811/811/811 810/810/810
f 812/812/812 809/809/809 808/808/808
f 810/810/810 812/812/812 808/808/808
f 813/813/813 809/809/809 812/812/812
f 810/810/810 811/811/811 814/814/814
f 810/810/810 814/814/814 812/812/812
f 811/811/811 815/815/815 814/814/814
f 816/816/816 813/813/813 812/812/812
f 814/814/814 816/816/816 812/812/812
f 817/817/817 813/813/813 816/816/816
f 818/818/818 817/817/817 816/816/816
f 819/819/819 818/818/818 816/816/816
f 814/814/814 819/819/819 816/816/816
f 814/814/814 815/815/815 819/819/819
f 815/815/815 820/820/820 819/819/819
f 823/823/823 822/822/822 821/821/821
f 824/824/824 823/823/823 821/821/821
f 825/825/825 823/823/823 824/824/824
f 826/826/826 825/825/825 824/824/824
f 827/827/827 825/825/825 826/826/826
f 828/828/828 827/827/827 826/826/826
f 829/829/829 827/827/827 828/828/828
f 830/830/830 829/829/829 828/828/828
f 831/831/831 829/829/829 830/830/830
f 832/832/832 831/831/831 830/830/830
f 833/833/833 831/831/831 832/832/832
f 834/834/834 833/833/833 832/832/832
f 837/837/837 836/836/836 835/835/835
f 836/836/836 838/838/838 835/835/835
f 835/835/835 838/838/838 839/839/839
f 838/838/838 840/840/840 839/839/839
f 839/839/839 840/840/840 841/841/841
f 840/840/840 842/842/842 841/841/841
f 841/841/841 842/842/842 843/843/843
f 842/842/842 844/844/844 843/843/843
f 843/843/843 844/844/844 845/845/845
f 844/844/844 846/846/846 845/845/845
f 845/845/845 846/846/846 847/847/847
f 846/846/846 848/848/848 847/847/847
f 851/851/851 850/850/850 849/849/849
f 852/852/852 851/851/851 849/849/849
f 853/853/853 851/851/851 852/852/852
f 852/852/852 849/849/849 854/854/854
f 849/849/849 855/855/855 854/854/854
f 855/855/855 856/856/856 854/854/854
f 856/856/856 857/857/857 854/854/854
f 854/854/854 857/857/857 858/858/858
f 852/852/852 854/854/854 858/858/858
f 857/857/857 859/859/859 858/858/858
f 860/860/860 853/853/853 852/852/852
f 860/860/860 852/852/852 858/858/858
f 861/861/861 853/853/853 860/860/860
f 858/858/858 859/859/859 862/862/862
f 860/860/860 858/858/858 862/862/862
f 859/859/859 863/863/863 862/862/862
f 864/864/864 861/861/861 860/860/860
f 864/864/864 860/860/860 862/862/862
f 861/861/861 864/864/864 865/865/865
f 862/862/862 863/863/863 866/866/866
f 864/864/864 862/862/862 866/866/866
f 863/863/863 867/867/867 866/866/866
f 864/864/864 868/868/868 865/865/865
f 868/868/868 864/864/864 866/866/866
f 869/869/869 865/865/865 868/868/868
f 866/866/866 867/867/867 870/870/870
f 868/868/868 866/866/866 870/870/870
f 867/867/867 871/871/871 870/870/870
f 872/872/872 869/869/869 868/868/868
f 872/872/872 868/868/868 870/870/870
f 873/873/873 869/869/869 872/872/872
f 874/874/874 873/873/873 872/872/872
f 874/874/874 872/872/872 875/875/875
f 872/872/872 870/870/870 875/875/875
f 870/870/870 871/871/871 875/875/875
f 871/871/871 876/876/876 875/875/875
f 879/879/879 878/878/878 877/877/877
f 880/880/880 879/879/879 877/877/877
f 881/881/881 879/879/879 880/880/880
f 882/882/882 880/880/880 877/877/877
f 883/883/883 882/882/882 877/877/877
f 883/883/883 884/884/884 882/882/882
f 884/884/884 885/885/885 882/882/882
f 882/882/882 885/885/885 886/886/886
f 882/882/882 886/886/886 880/880/880
f 885/885/885 887/887/887 886/886/886
f 888/888/888 881/881/881 880/880/880
f 886/886/886 888/888/888 880/880/880
f 889/889/889 881/881/881 888/888/888
f 886/886/886 887/887/887 890/890/890
f 886/886/886 890/890/890 888/888/888
f 887/887/887 891/891/891 890/890/890
f 892/892/892 889/889/889 888/888/888
f 890/890/890 892/892/892 888/888/888
f 893/893/893 889/889/889 892/892/892
f 890/890/890 891/891/891 894/894/894
f 890/890/890 894/894/894 892/892/892
f 891/891/891 895/895/895 894/894/894
f 896/896/896 893/893/893 892/892/892
f 894/894/894 896/896/896 892/892/892
f 897/897/897 893/893/893 896/896/896
f 894/894/894 895/895/895 898/898/898
f 894/894/894 898/898/898 896/896/896
f 895/895/895 899/899/899 898/898/898
f 900/900/900 897/897/897 896/896/896
f 898/898/898 900/900/900 896/896/896
f 901/901/901 897/897/897 900/900/900
f 902/902/902 901/901/901 900/900/900
f 903/903/903 902/902/902 900/900/900
f 898/898/898 903/903/903 900/900/900
f 898/898/898 899/899/899 903/903/903
f 899/899/899 904/904/904 903/903/903
f 907/907/907 906/906/906 905/905/905
f 906/906/906 908/908/908 905/905/905
f 905/905/905 908/908/908 909/909/909
f 908/908/908 910/910/910 909/909/909
f 909/909/909 910/910/910 911/911/911
f 910/910/910 912/912/912 911/911/911
f 911/911/911 912/912/912 913/913/913
f 912/912/912 914/914/914 913/913/913
f 913/913/913 914/914/914 915/915/915
f 914/914/914 916/916/916 915/915/915
f 916/916/916 917/917/917 915/915/915
f 917/917/917 918/918/918 915/915/915
f 921/921/921 920/920/920 919/919/919
f 922/922/922 921/921/921 919/919/919
f 923/923/923 921/921/921 922/922/922
f 924/924/924 922/922/922 919/919/919
f 925/925/925 924/924/924 919/919/919
f 925/925/925 926/926/926 924/924/924
f 926/926/926 927/927/927 924/924/924
f 924/924/924 927/927/927 928/928/928
f 924/924/924 928/928/928 922/922/922
f 927/927/927 929/929/929 928/928/928
f 930/930/930 923/923/923 922/922/922
f 928/928/928 930/930/930 922/922/922
f 931/931/931 923/923/923 930/930/930
f 932/932/932 928/928/928 929/929/929
f 928/928/928 932/932/932 930/930/930
f 933/933/933 932/932/932 929/929/929
f 934/934/934 931/931/931 930/930/930
f 932/932/932 934/934/934 930/930/930
f 935/935/935 931/931/931 934/934/934
f 932/932/932 933/933/933 936/936/936
f 932/932/932 936/936/936 934/934/934
f 933/933/933 937/937/937 936/936/936
f 938/938/938 935/935/935 934/934/934
f 936/936/936 938/938/938 934/934/934
f 939/939/939 935/935/935 938/938/938
f 936/936/936 937/937/937 940/940/940
f 936/936/936 940/940/940 938/938/938
f 937/937/937 941/941/941 940/940/940
f 942/942/942 939/939/939 938/938/938
f 940/940/940 942/942/942 938/938/938
f 943/943/943 939/939/939 942/942/942
f 944/944/944 943/943/943 942/942/942
f 945/945/945 944/944/944 942/942/942
f 940/940/940 945/945/945 942/942/942
f 940/940/940 941/941/941 945/945/945
f 941/941/941 946/946/946 945/945/945
f 949/949/949 948/948/948 947/947/947
f 950/950/950 949/949/949 947/947/947
f 951/951/951 949/949/949 950/950/950
f 952/952/952 951/951/951 950/950/950
f 953/953/953 951/951/951 952/952/952
f 954/954/954 953/953/953 952/952/952
f 955/955/955 953/953/953 954/954/954
f 956/956/956 955/955/955 954/954/954
f 957/957/957 955/955/955 956/956/956
f 958/958/958 957/957/957 956/956/956
f 959/959/959 957/957/957 958/958/958
f 960/960/960 959/959/959 958/958/958
f 963/963/963 962/962/962 961/961/961
f 964/964/964 963/963/963 961/961/961
f 965/965/965 963/963/963 964/964/964
f 966/966/966 965/965/965 964/964/964
f 967/967/967 965/965/965 966/966/966
f 968/968/968 967/967/967 966/966/966
f 969/969/969 967/967/967 968/968/968
f 970/970/970 969/969/969 968/968/968
f 971/971/971 969/969/969 970/970/970
f 972/972/972 971/971/971 970/970/970
f 973/973/973 971/971/971 972/972/972
f 974/974/974 973/973/973 972/972/972
f 977/977/977 976/976/976 975/975/975
f 976/976/976 978/978/978 975/975/975
f 975/975/975 978/978/978 979/979/979
f 978/978/978 980/980/980 979/979/979
f 979/979/979 980/980/980 981/981/981
f 980/980/980 982/982/982 981/981/981
f 981/981/981 982/982/982 983/983/983
f 982/982/982 984/984/984 983/983/983
f 983/983/983 984/984/984 985/985/985
f 984/984/984 986/986/986 985/985/985
f 985/985/985 986/986/986 987/987/987
f 986/986/986 988/988/988 987/987/987
f 991/991/991 990/990/990 989/989/989
f 992/992/992 991/991/991 989/989/989
f 993/993/993 991/991/991 992/992/992
f 994/994/994 992/992/992 989/989/989
f 995/995/995 994/994/994 989/989/989
f 995/995/995 996/996/996 994/994/994
f 996/996/996 997/997/997 994/994/994
f 994/994/994 997/997/997 998/998/998
f 994/994/994 998/998/998 992/992/992
f 997/997/997 999/999/999 998/998/998
f 1000/1000/1000 993/993/993 992/992/992
f 998/998/998 1000/1000/1000 992/992/992
f 1001/1001/1001 993/993/993 1000/1000/1000
f 998/998/998 999/999/999 1002/1002/1002
f 998/998/998 1002/1002/1002 1000/1000/1000
f 999/999/999 1003/1003/1003 1002/1002/1002
f 1004/1004/1004 1001/1001/1001 1000/1000/1000
f 1002/1002/1002 1004/1004/1004 1000/1000/1000
f 1005/1005/1005 1001/1001/1001 1004/1004/1004
f 1002/1002/1002 1003/1003/1003 1006/1006/1006
f 1002/1002/1002 1006/1006/1006 1004/1004/1004
f 1003/1003/1003 1007/1007/1007 1006/1006/1006
f 1008/1008/1008 1005/1005/1005 1004/1004/1004
f 1006/1006/1006 1008/1008/1008 1004/1004/1004
f 1009/1009/1009 1005/1005/1005 1008/1008/1008
f 1006/1006/1006 1007/1007/1007 1010/1010/1010
f 1006/1006/1006 1010/1010/1010 1008/1008/1008
f 1007/1007/1007 1011/1011/1011 1010/1010/1010
f 1012/1012/1012 1009/1009/1009 1008/1008/1008
f 1010/1010/1010 1012/1012/1012 1008/1008/1008
f 1013/1013/1013 1009/1009/1009 1012/1012/1012
f 1014/1014/1014 1013/1013/1013 1012/1012/1012
f 1015/1015/1015 1014/1014/1014 1012/1012/1012
f 1010/1010/1010 1015/1015/1015 1012/1012/1012
f 1010/1010/1010 1011/1011/1011 1015/1015/1015
f 1011/1011/1011 1016/1016/1016 1015/1015/1015
f 1019/1019/1019 1018/1018/1018 1017/1017/1017
f 1020/1020/1020 1019/1019/1019 1017/1017/1017
f 1021/1021/1021 1019/1019/1019 1020/1020/1020
f 1022/1022/1022 1021/1021/1021 1020/1020/1020
f 1023/1023/1023 1021/1021/1021 1022/1022/1022
f 1024/1024/1024 1023/1023/1023 1022/1022/1022
f 1025/1025/1025 1023/1023/1023 1024/1024/1024
f 1026/1026/1026 1025/1025/1025 1024/1024/1024
f 1027/1027/1027 1025/1025/1025 1026/1026/1026
f 1028/1028/1028 1027/1027/1027 1026/1026/1026
f 1029/1029/1029 1027/1027/1027 1028/1028/1028
f 1030/1030/1030 1029/1029/1029 1028/1028/1028
f 1033/1033/1033 1032/1032/1032 1031/1031/1031
f 1032/1032/1032 1034/1034/1034 1031/1031/1031
f 1031/1031/1031 1034/1034/1034 1035/1035/1035
f 1034/1034/1034 1036/1036/1036 1035/1035/1035
f 1035/1035/1035 1036/1036/1036 1037/1037/1037
f 1036/1036/1036 1038/1038/1038 1037/1037/1037
f 1037/1037/1037 1038/1038/1038 1039/1039/1039
f 1038/1038/1038 1040/1040/1040 1039/1039/1039
f 1039/1039/1039 1040/1040/1040 1041/1041/1041
f 1040/1040/1040 1042/1042/1042 1041/1041/1041
f 1041/1041/1041 1042/1042/1042 1043/1043/1043
f 1042/1042/1042 1044/1044/1044 1043/1043/1043
f 1047/1047/1047 1046/1046/1046 1045/1045/1045
f 1048/1048/1048 1047/1047/1047 1045/1045/1045
f 1049/1049/1049 1047/1047/1047 1048/1048/1048
f 1048/1048/1048 1045/1045/1045 1050/1050/1050
f 1045/1045/1045 1051/1051/1051 1050/1050/1050
f 1051/1051/1051 1052/1052/1052 1050/1050/1050
f 1052/1052/1052 1053/1053/1053 1050/1050/1050
f 1050/1050/1050 1053/1053/1053 1054/1054/1054
f 1048/1048/1048 1050/1050/1050 1054/1054/1054
f 1053/1053/1053 1055/1055/1055 1054/1054/1054
f 1056/1056/1056 1049/1049/1049 1048/1048/1048
f 1056/1056/1056 1048/1048/1048 1054/1054/1054
f 1057/1057/1057 1049/1049/1049 1056/1056/1056
f 1054/1054/1054 1055/1055/1055 1058/1058/1058
f 1056/1056/1056 1054/1054/1054 1058/1058/1058
f 1055/1055/1055 1059/1059/1059 1058/1058/1058
f 1060/1060/1060 1057/1057/1057 1056/1056/1056
f 1060/1060/1060 1056/1056/1056 1058/1058/1058
f 1057/1057/1057 1060/1060/1060 1061/1061/1061
f 1058/1058/1058 1059/1059/1059 1062/1062/1062
f 1060/1060/1060 1058/1058/1058 1062/1062/1062
f 1059/1059/1059 1063/1063/1063 1062/1062/1062
f 1060/1060/1060 1064/1064/1064 1061/1061/1061
f 1064/1064/1064 1060/1060/1060 1062/1062/1062
f 1065/1065/1065 1061/1061/1061 1064/1064/1064
f 1062/1062/1062 1063/1063/1063 1066/1066/1066
f 1064/1064/1064 1062/1062/1062 1066/1066/1066
f 1063/1063/1063 1067/1067/1067 1066/1066/1066
f 1068/1068/1068 1065/1065/1065 1064/1064/1064
f 1068/1068/1068 1064/1064/1064 1066/1066/1066
f 1069/1069/1069 1065/1065/1065 1068/1068/1068
f 1070/1070/1070 1069/1069/1069 1068/1068/1068
f 1070/1070/1070 1068/1068/1068 1071/1071/1071
f 1068/1068/1068 1066/1066/1066 1071/1071/1071
f 1066/1066/1066 1067/1067/1067 1071/1071/1071
f 1067/1067/1067 1072/1072/1072 1071/1071/1071
f 1075/1075/1075 1074/1074/1074 1073/1073/1073
f 1076/1076/1076 1075/1075/1075 1073/1073/1073
f 1077/1077/1077 1075/1075/1075 1076/1076/1076
f 1078/1078/1078 1076/1076/1076 1073/1073/1073
f 1079/1079/1079 1078/1078/1078 1073/1073/1073
f 1079/1079/1079 1080/1080/1080 1078/1078/1078
f 1080/1080/1080 1081/1081/1081 1078/1078/1078
f 1078/1078/1078 1081/1081/1081 1082/1082/1082
f 1078/1078/1078 1082/1082/1082 1076/1076/1076
f 1081/1081/1081 1083/1083/1083 1082/1082/1082
f 1084/1084/1084 1077/1077/1077 1076/1076/1076
f 1082/1082/1082 1084/1084/1084 1076/1076/1076
f 1085/1085/1085 1077/1077/1077 1084/1084/1084
f 1082/1082/1082 1083/1083/1083 1086/1086/1086
f 1082/1082/1082 1086/1086/1086 1084/1084/1084
f 1083/1083/1083 1087/1087/1087 1086/1086/1086
f 1088/1088/1088 1085/1085/1085 1084/1084/1084
f 1086/1086/1086 1088/1088/1088 1084/1084/1084
f 1089/1089/1089 1085/1085/1085 1088/1088/1088
f 1086/1086/1086 1087/1087/1087 1090/1090/1090
f 1086/1086/1086 1090/1090/1090 1088/1088/1088
f 1087/1087/1087 1091/1091/1091 1090/1090/1090
f 1092/1092/1092 1089/1089/1089 1088/1088/1088
f 1090/1090/1090 1092/1092/1092 1088/1088/1088
f 1093/1093/1093 1089/1089/1089 1092/1092/1092
f 1090/1090/1090 1091/1091/1091 1094/1094/1094
f 1090/1090/1090 1094/1094/1094 1092/1092/1092
f 1091/1091/1091 1095/1095/1095 1094/1094/1094
f 1096/1096/1096 1093/1093/1093 1092/1092/1092
f 1094/1094/1094 1096/1096/1096 1092/1092/1092
f 1097/1097/1097 1093/1093/1093 1096/1096/1096
f 1098/1098/1098 1097/1097/1097 1096/1096/1096
f 1099/1099/1099 1098/1098/1098 1096/1096/1096
f 1094/1094/1094 1099/1099/1099 1096/1096/1096
f 1094/1094/1094 1095/1095/1095 1099/1099/1099
f 1095/1095/1095 1100/1100/1100 1099/1099/1099
f 1103/1103/1103 1102/1102/1102 1101/1101/1101
f 1102/1102/1102 1104/1104/1104 1101/1101/1101
f 1101/1101/1101 1104/1104/1104 1105/1105/1105
f 1104/1104/1104 1106/1106/1106 1105/1105/1105
f 1105/1105/1105 1106/1106/1106 1107/1107/1107
f 1106/1106/1106 1108/1108/1108 1107/1107/1107
f 1107/1107/1107 1108/1108/1108 1109/1109/1109
f 1108/1108/1108 1110/1110/1110 1109/1109/1109
f 1109/1109/1109 1110/1110/1110 1111/1111/1111
f 1110/1110/1110 1112/1112/1112 1111/1111/1111
f 1112/1112/1112 1113/1113/1113 1111/1111/1111
f 1113/1113/1113 1114/1114/1114 1111/1111/1111
f 1117/1117/1117 1116/1116/1116 1115/1115/1115
f 1118/1118/1118 1117/1117/1117 1115/1115/1115
f 1119/1119/1119 1117/1117/1117 1118/1118/1118
f 1120/1120/1120 1118/1118/1118 1115/1115/1115
f 1121/1121/1121 1120/1120/1120 1115/1115/1115
f 1121/1121/1121 1122/1122/1122 1120/1120/1120
f 1122/1122/1122 1123/1123/1123 1120/1120/1120
f 1120/1120/1120 1123/1123/1123 1124/1124/1124
f 1120/1120/1120 1124/1124/1124 1118/1118/1118
f 1123/1123/1123 1125/1125/1125 1124/1124/1124
f 1126/1126/1126 1119/1119/1119 1118/1118/1118
f 1124/1124/1124 1126/1126/1126 1118/1118/1118
f 1127/1127/1127 1119/1119/1119 1126/1126/1126
f 1128/1128/1128 1124/1124/1124 1125/1125/1125
f 1124/1124/1124 1128/1128/1128 1126/1126/1126
f 1129/1129/1129 1128/1128/1128 1125/1125/1125
f 1130/1130/1130 1127/1127/1127 1126/1126/1126
f 1128/1128/1128 1130/1130/1130 1126/1126/1126
f 1131/1131/1131 1127/1127/1127 1130/1130/1130
f 1128/1128/1128 1129/1129/1129 1132/1132/1132
f 1128/1128/1128 1132/1132/1132 1130/1130/1130
f 1129/1129/1129 1133/1133/1133 1132/1132/1132
f 1134/1134/1134 1131/1131/1131 1130/1130/1130
f 1132/1132/1132 1134/1134/1134 1130/1130/1130
f 1135/1135/1135 1131/1131/1131 1134/1134/1134
f 1132/1132/1132 1133/1133/1133 1136/1136/1136
f 1132/1132/1132 1136/1136/1136 1134/1134/1134
f 1133/1133/1133 1137/1137/1137 1136/1136/1136
f 1138/1138/1138 1135/1135/1135 1134/1134/1134
f 1136/1136/1136 1138/1138/1138 1134/1134/1134
f 1139/1139/1139 1135/1135/1135 1138/1138/1138
f 1140/1140/1140 1139/1139/1139 1138/1138/1138
f 1141/1141/1141 1140/1140/1140 1138/1138/1138
f 1136/1136/1136 1141/1141/1141 1138/1138/1138
f 1136/1136/1136 1137/1137/1137 1141/1141/1141
f 1137/1137/1137 1142/1142/1142 1141/1141/1141
f 1145/1145/1145 1144/1144/1144 1143/1143/1143
f 1146/1146/1146 1145/1145/1145 1143/1143/1143
f 1147/1147/1147 1145/1145/1145 1146/1146/1146
f 1148/1148/1148 1147/1147/1147 1146/1146/1146
f 1149/1149/1149 1147/1147/1147 1148/1148/1148
f 1150/1150/1150 1149/1149/1149 1148/1148/1148
f 1151/1151/1151 1149/1149/1149 1150/1150/1150
f 1152/1152/1152 1151/1151/1151 1150/1150/1150
f 1153/1153/1153 1151/1151/1151 1152/1152/1152
f 1154/1154/1154 1153/1153/1153 1152/1152/1152
f 1155/1155/1155 1153/1153/1153 1154/1154/1154
f 1156/1156/1156 1155/1155/1155 1154/1154/1154
f 1159/1159/1159 1158/1158/1158 1157/1157/1157
f 1160/1160/1160 1159/1159/1159 1157/1157/1157
f 1161/1161/1161 1159/1159/1159 1160/1160/1160
f 1162/1162/1162 1161/1161/1161 1160/1160/1160
f 1163/1163/1163 1161/1161/1161 1162/1162/1162
f 1164/1164/1164 1163/1163/1163 1162/1162/1162
f 1165/1165/1165 1163/1163/1163 1164/1164/1164
f 1166/1166/1166 1165/1165/1165 1164/1164/1164
f 1167/1167/1167 1165/1165/1165 1166/1166/1166
f 1168/1168/1168 1167/1167/1167 1166/1166/1166
f 1169/1169/1169 1167/1167/1167 1168/1168/1168
f 1170/1170/1170 1169/1169/1169 1168/1168/1168
f 1173/1173/1173 1172/1172/1172 1171/1171/1171
f 1172/1172/1172 1174/1174/1174 1171/1171/1171
f 1171/1171/1171 1174/1174/1174 1175/1175/1175
f 1174/1174/1174 1176/1176/1176 1175/1175/1175
f 1175/1175/1175 1176/1176/1176 1177/1177/1177
f 1176/1176/1176 1178/1178/1178 1177/1177/1177
f 1177/1177/1177 1178/1178/1178 1179/1179/1179
f 1178/1178/1178 1180/1180/1180 1179/1179/1179
f 1179/1179/1179 1180/1180/1180 1181/1181/1181
f 1180/1180/1180 1182/1182/1182 1181/1181/1181
f 1181/1181/1181 1182/1182/1182 1183/1183/1183
f 1182/1182/1182 1184/1184/1184 1183/1183/1183
f 1187/1187/1187 1186/1186/1186 1185/1185/1185
f 1188/1188/1188 1187/1187/1187 1185/1185/1185
f 1189/1189/1189 1187/1187/1187 1188/1188/1188
f 1190/1190/1190 1188/1188/1188 1185/1185/1185
f 1191/1191/1191 1190/1190/1190 1185/1185/1185
f 1191/1191/1191 1192/1192/1192 1190/1190/1190
f 1192/1192/1192 1193/1193/1193 1190/1190/1190
f 1190/1190/1190 1193/1193/1193 1194/1194/1194
f 1190/1190/1190 1194/1194/1194 1188/1188/1188
f 1193/1193/1193 1195/1195/1195 1194/1194/1194
f 1196/1196/1196 1189/1189/1189 1188/1188/1188
f 1194/1194/1194 1196/1196/1196 1188/1188/1188
f 1197/1197/1197 1189/1189/1189 1196/1196/1196
f 1194/1194/1194 1195/1195/1195 1198/1198/1198
f 1194/1194/1194 1198/1198/1198 1196/1196/1196
f 1195/1195/1195 1199/1199/1199 1198/1198/1198
f 1200/1200/1200 1197/1197/1197 1196/1196/1196
f 1198/1198/1198 1200/1200/1200 1196/1196/1196
f 1201/1201/1201 1197/1197/1197 1200/1200/1200
f 1198/1198/1198 1199/1199/1199 1202/1202/1202
f 1198/1198/1198 1202/1202/1202 1200/1200/1200
f 1199/1199/1199 1203/1203/1203 1202/1202/1202
f 1204/1204/1204 1201/1201/1201 1200/1200/1200
f 1202/1202/1202 1204/1204/1204 1200/1200/1200
f 1205/1205/1205 1201/1201/1201 1204/1204/1204
f 1202/1202/1202 1203/1203/1203 1206/1206/1206
f 1202/1202/1202 1206/1206/1206 1204/1204/1204
f 1203/1203/1203 1207/1207/1207 1206/1206/1206
f 1208/1208/1208 1205/1205/1205 1204/1204/1204
f 1206/1206/1206 1208/1208/1208 1204/1204/1204
f 1209/1209/1209 1205/1205/1205 1208/1208/1208
f 1210/1210/1210 1209/1209/1209 1208/1208/1208
f 1211/1211/1211 1210/1210/1210 1208/1208/1208
f 1206/1206/1206 1211/1211/1211 1208/1208/1208
f 1206/1206/1206 1207/1207/1207 1211/1211/1211
f 1207/1207/1207 1212/1212/1212 1211/1211/1211
f 1215/1215/1215 1214/1214/1214 1213/1213/1213
f 1216/1216/1216 1215/1215/1215 1213/1213/1213
f 1217/1217/1217 1215/1215/1215 1216/1216/1216
f 1218/1218/1218 1217/1217/1217 1216/1216/1216
f 1219/1219/1219 1217/1217/1217 1218/1218/1218
f 1220/1220/1220 1219/1219/1219 1218/1218/1218
f 1221/1221/1221 1219/1219/1219 1220/1220/1220
f 1222/1222/1222 1221/1221/1221 1220/1220/1220
f 1223/1223/1223 1221/1221/1221 1222/1222/1222
f 1224/1224/1224 1223/1223/1223 1222/1222/1222
f 1225/1225/1225 1223/1223/1223 1224/1224/1224
f 1226/1226/1226 1225/1225/1225 1224/1224/1224
f 1229/1229/1229 1228/1228/1228 1227/1227/1227
f 1228/1228/1228 1230/1230/1230 1227/1227/1227
f 1227/1227/1227 1230/1230/1230 1231/1231/1231
f 1230/1230/1230 1232/1232/1232 1231/1231/1231
f 1231/1231/1231 1232/1232/1232 1233/1233/1233
f 1232/1232/1232 1234/1234/1234 1233/1233/1233
f 1233/1233/1233 1234/1234/1234 1235/1235/1235
f 1234/1234/1234 1236/1236/1236 1235/1235/1235
f 1235/1235/1235 1236/1236/1236 1237/1237/1237
f 1236/1236/1236 1238/1238/1238 1237/1237/1237
f 1237/1237/1237 1238/1238/1238 1239/1239/1239
f 1238/1238/1238 1240/1240/1240 1239/1239/1239
f 1243/1243/1243 1242/1242/1242 1241/1241/1241
f 1244/1244/1244 1243/1243/1243 1241/1241/1241
f 1245/1245/1245 1243/1243/1243 1244/1244/1244
f 1244/1244/1244 1241/1241/1241 1246/1246/1246
f 1241/1241/1241 1247/1247/1247 1246/1246/1246
f 1247/1247/1247 1248/1248/1248 1246/1246/1246
f 1248/1248/1248 1249/1249/1249 1246/1246/1246
f 1246/1246/1246 1249/1249/1249 1250/1250/1250
f 1244/1244/1244 1246/1246/1246 1250/1250/1250
f 1249/1249/1249 1251/1251/1251 1250/1250/1250
f 1252/1252/1252 1245/1245/1245 1244/1244/1244
f 1252/1252/1252 1244/1244/1244 1250/1250/1250
f 1253/1253/1253 1245/1245/1245 1252/1252/1252
f 1250/1250/1250 1251/1251/1251 1254/1254/1254
f 1252/1252/1252 1250/1250/1250 1254/1254/1254
f 1251/1251/1251 1255/1255/1255 1254/1254/1254
f 1256/1256/1256 1253/1253/1253 1252/1252/1252
f 1256/1256/1256 1252/1252/1252 1254/1254/1254
f 1253/1253/1253 1256/1256/1256 1257/1257/1257
f 1254/1254/1254 1255/1255/1255 1258/1258/1258
f 1256/1256/1256 1254/1254/1254 1258/1258/1258
f 1255/1255/1255 1259/1259/1259 1258/1258/1258
f 1256/1256/1256 1260/1260/1260 1257/1257/1257
f 1260/1260/1260 1256/1256/1256 1258/1258/1258
f 1261/1261/1261 1257/1257/1257 1260/1260/1260
f 1258/1258/1258 1259/1259/1259 1262/1262/1262
f 1260/1260/1260 1258/1258/1258 1262/1262/1262
f 1259/1259/1259 1263/1263/1263 1262/1262/1262
f 1264/1264/1264 1261/1261/1261 1260/1260/1260
f 1264/1264/1264 1260/1260/1260 1262/1262/1262
f 1265/1265/1265 1261/1261/1261 1264/1264/1264
f 1266/1266/1266 1265/1265/1265 1264/1264/1264
f 1266/1266/1266 1264/1264/1264 1267/1267/1267
f 1264/1264/1264 1262/1262/1262 1267/1267/1267
f 1262/1262/1262 1263/1263/1263 1267/1267/1267
f 1263/1263/1263 1268/1268/1268 1267/1267/1267
f 1271/1271/1271 1270/1270/1270 1269/1269/1269
f 1272/1272/1272 1271/1271/1271 1269/1269/1269
f 1273/1273/1273 1271/1271/1271 1272/1272/1272
f 1274/1274/1274 1272/1272/1272 1269/1269/1269
f 1275/1275/1275 1274/1274/1274 1269/1269/1269
f 1275/1275/1275 1276/1276/1276 1274/1274/1274
f 1276/1276/1276 1277/1277/1277 1274/1274/1274
f 1274/1274/1274 1277/1277/1277 1278/1278/1278
f 1274/1274/1274 1278/1278/1278 1272/1272/1272
f 1277/1277/1277 1279/1279/1279 1278/1278/1278
f 1280/1280/1280 1273/1273/1273 1272/1272/1272
f 1278/1278/1278 1280/1280/1280 1272/1272/1272
f 1281/1281/1281 1273/1273/1273 1280/1280/1280
f 1278/1278/1278 1279/1279/1279 1282/1282/1282
f 1278/1278/1278 1282/1282/1282 1280/1280/1280
f 1279/1279/1279 1283/1283/1283 1282/1282/1282
f 1284/1284/1284 1281/1281/1281 1280/1280/1280
f 1282/1282/1282 1284/1284/1284 1280/1280/1280
f 1285/1285/1285 1281/1281/1281 1284/1284/1284
f 1282/1282/1282 1283/1283/1283 1286/1286/1286
f 1282/1282/1282 1286/1286/1286 1284/1284/1284
f 1283/1283/1283 1287/1287/1287 1286/1286/1286
f 1288/1288/1288 1285/1285/1285 1284/1284/1284
f 1286/1286/1286 1288/1288/1288 1284/1284/1284
f 1289/1289/1289 1285/1285/1285 1288/1288/1288
f 1286/1286/1286 1287/1287/1287 1290/1290/1290
f 1286/1286/1286 1290/1290/1290 1288/1288/1288
f 1287/1287/1287 1291/1291/1291 1290/1290/1290
f 1292/1292/1292 1289/1289/1289 1288/1288/1288
f 1290/1290/1290 1292/1292/1292 1288/1288/1288
f 1293/1293/1293 1289/1289/1289 1292/1292/1292
f 1294/1294/1294 1293/1293/1293 1292/1292/1292
f 1295/1295/1295 1294/1294/1294 1292/1292/1292
f 1290/1290/1290 1295/1295/1295 1292/1292/1292
f 1290/1290/1290 1291/1291/1291 1295/1295/1295
f 1291/1291/1291 1296/1296/1296 1295/1295/1295
f 1299/1299/1299 1298/1298/1298 1297/1297/1297
f 1298/1298/1298 1300/1300/1300 1297/1297/1297
f 1297/1297/1297 1300/1300/1300 1301/1301/1301
f 1300/1300/1300 1302/1302/1302 1301/1301/1301
f 1301/1301/1301 1302/1302/1302 1303/1303/1303
f 1302/1302/1302 1304/1304/1304 1303/1303/1303
f 1303/1303/1303 1304/1304/1304 1305/1305/1305
f 1304/1304/1304 1306/1306/1306 1305/1305/1305
f 1305/1305/1305 1306/1306/1306 1307/1307/1307
f 1306/1306/1306 1308/1308/1308 1307/1307/1307
f 1308/1308/1308 1309/1309/1309 1307/1307/1307
f 1309/1309/1309 1310/1310/1310 1307/1307/1307
f 1313/1313/1313 1312/1312/1312 1311/1311/1311
f 1314/1314/1314 1313/1313/1313 1311/1311/1311
f 1315/1315/1315 1313/1313/1313 1314/1314/1314
f 1316/1316/1316 1314/1314/1314 1311/1311/1311
f 1317/1317/1317 1316/1316/1316 1311/1311/1311
f 1317/1317/1317 1318/1318/1318 1316/1316/1316
f 1318/1318/1318 1319/1319/1319 1316/1316/1316
f 1316/1316/1316 1319/1319/1319 1320/1320/1320
f 1316/1316/1316 1320/1320/1320 1314/1314/1314
f 1319/1319/1319 1321/1321/1321 1320/1320/1320
f 1322/1322/1322 1315/1315/1315 1314/1314/1314
f 1320/1320/1320 1322/1322/1322 1314/1314/1314
f 1323/1323/1323 1315/1315/1315 1322/1322/1322
f 1324/1324/1324 1320/1320/1320 1321/1321/1321
f 1320/1320/1320 1324/1324/1324 1322/1322/1322
f 1325/1325/1325 1324/1324/1324 1321/1321/1321
f 1326/1326/1326 1323/1323/1323 1322/1322/1322
f 1324/1324/1324 1326/1326/1326 1322/1322/1322
f 1327/1327/1327 1323/1323/1323 1326/1326/1326
f 1324/1324/1324 1325/1325/1325 1328/1328/1328
f 1324/1324/1324 1328/1328/1328 1326/1326/1326
f 1325/1325/1325 1329/1329/1329 1328/1328/1328
f 1330/1330/1330 1327/1327/1327 1326/1326/1326
f 1328/1328/1328 1330/1330/1330 1326/1326/1326
f 1331/1331/1331 1327/1327/1327 1330/1330/1330
f 1328/1328/1328 1329/1329/1329 1332/1332/1332
f 1328/1328/1328 1332/1332/1332 1330/1330/1330
f 1329/1329/1329 1333/1333/1333 1332/1332/1332
f 1334/1334/1334 1331/1331/1331 1330/1330/1330
f 1332/1332/1332 1334/1334/1334 1330/1330/1330
f 1335/1335/1335 1331/1331/1331 1334/1334/1334
f 1336/1336/1336 1335/1335/1335 1334/1334/1334
f 1337/1337/1337 1336/1336/1336 1334/1334/1334
f 1332/1332/1332 1337/1337/1337 1334/1334/1334
f 1332/1332/1332 1333/1333/1333 1337/1337/1337
f 1333/1333/1333 1338/1338/1338 1337/1337/1337
f 1341/1341/1341 1340/1340/1340 1339/1339/1339
f 1342/1342/1342 1341/1341/1341 1339/1339/1339
f 1343/1343/1343 1341/1341/1341 1342/1342/1342
f 1344/1344/1344 1343/1343/1343 1342/1342/1342
f 1345/1345/1345 1343/1343/1343 1344/1344/1344
f 1346/1346/1346 1345/1345/1345 1344/1344/1344
f 1347/1347/1347 1345/1345/1345 1346/1346/1346
f 1348/1348/1348 1347/1347/1347 1346/1346/1346
f 1349/1349/1349 1347/1347/1347 1348/1348/1348
f 1350/1350/1350 1349/1349/1349 1348/1348/1348
f 1351/1351/1351 1349/1349/1349 1350/1350/1350
f 1352/1352/1352 1351/1351/1351 1350/1350/1350
f 1355/1355/1355 1354/1354/1354 1353/1353/1353
f 1356/1356/1356 1355/1355/1355 1353/1353/1353
f 1357/1357/1357 1355/1355/1355 1356/1356/1356
f 1358/1358/1358 1357/1357/1357 1356/1356/1356
f 1359/1359/1359 1357/1357/1357 1358/1358/1358
f 1360/1360/1360 1359/1359/1359 1358/1358/1358
f 1361/1361/1361 1359/1359/1359 1360/1360/1360
f 1362/1362/1362 1361/1361/1361 1360/1360/1360
f 1363/1363/1363 1361/1361/1361 1362/1362/1362
f 1364/1364/1364 1363/1363/1363 1362/1362/1362
f 1365/1365/1365 1363/1363/1363 1364/1364/1364
f 1366/1366/1366 1365/1365/1365 1364/1364/1364
f 1369/1369/1369 1368/1368/1368 1367/1367/1367
f 1368/1368/1368 1370/1370/1370 1367/1367/1367
f 1367/1367/1367 1370/1370/1370 1371/1371/1371
f 1370/1370/1370 1372/1372/1372 1371/1371/1371
f 1371/1371/1371 1372/1372/1372 1373/1373/1373
f 1372/1372/1372 1374/1374/1374 1373/1373/1373
f 1373/1373/1373 1374/1374/1374 1375/1375/1375
f 1374/1374/1374 1376/1376/1376 1375/1375/1375
f 1375/1375/1375 1376/1376/1376 1377/1377/1377
f 1376/1376/1376 1378/1378/1378 1377/1377/1377
f 1377/1377/1377 1378/1378/1378 1379/1379/1379
f 1378/1378/1378 1380/1380/1380 1379/1379/1379
f 1383/1383/1383 1382/1382/1382 1381/1381/1381
f 1384/1384/1384 1383/1383/1383 1381/1381/1381
f 1385/1385/1385 1383/1383/1383 1384/1384/1384
f 1386/1386/1386 1384/1384/1384 1381/1381/1381
f 1387/1387/1387 1386/1386/1386 1381/1381/1381
f 1387/1387/1387 1388/1388/1388 1386/1386/1386
f 1388/1388/1388 1389/1389/1389 1386/1386/1386
f 1386/1386/1386 1389/1389/1389 1390/1390/1390
f 1386/1386/1386 1390/1390/1390 1384/1384/1384
f 1389/1389/1389 1391/1391/1391 1390/1390/1390
f 1392/1392/1392 1385/1385/1385 1384/1384/1384
f 1390/1390/1390 1392/1392/1392 1384/1384/1384
f 1393/1393/1393 1385/1385/1385 1392/1392/1392
f 1390/1390/1390 1391/1391/1391 1394/1394/1394
f 1390/1390/1390 1394/1394/1394 1392/1392/1392
f 1391/1391/1391 1395/1395/1395 1394/1394/1394
f 1396/1396/1396 1393/1393/1393 1392/1392/1392
f 1394/1394/1394 1396/1396/1396 1392/1392/1392
f 1397/1397/1397 1393/1393/1393 1396/1396/1396
f 1394/1394/1394 1395/1395/1395 1398/1398/1398
f 1394/1394/1394 1398/1398/1398 1396/1396/1396
f 1395/1395/1395 1399/1399/1399 1398/1398/1398
f 1400/1400/1400 1397/1397/1397 1396/1396/1396
f 1398/1398/1398 1400/1400/1400 1396/1396/1396
f 1401/1401/1401 1397/1397/1397 1400/1400/1400
f 1398/1398/1398 1399/1399/1399 1402/1402/1402
f 1398/1398/1398 1402/1402/1402 1400/1400/1400
f 1399/1399/1399 1403/1403/1403 1402/1402/1402
f 1404/1404/1404 1401/1401/1401 1400/1400/1400
f 1402/1402/1402 1404/1404/1404 1400/1400/1400
f 1405/1405/1405 1401/1401/1401 1404/1404/1404
f 1406/1406/1406 1405/1405/1405 1404/1404/1404
f 1407/1407/1407 1406/1406/1406 1404/1404/1404
f 1402/1402/1402 1407/1407/1407 1404/1404/1404
f 1402/1402/1402 1403/1403/1403 1407/1407/1407
f 1403/1403/1403 1408/1408/1408 1407/1407/1407
f 1411/1411/1411 1410/1410/1410 1409/1409/1409
f 1412/1412/1412 1411/1411/1411 1409/1409/1409
f 1413/1413/1413 1411/1411/1411 1412/1412/1412
f 1414/1414/1414 1413/1413/1413 1412/1412/1412
f 1415/1415/1415 1413/1413/1413 1414/1414/1414
f 1416/1416/1416 1415/1415/1415 1414/1414/1414
f 1417/1417/1417 1415/1415/1415 1416/1416/1416
f 1418/1418/1418 1417/1417/1417 1416/1416/1416
f 1419/1419/1419 1417/1417/1417 1418/1418/1418
f 1420/1420/1420 1419/1419/1419 1418/1418/1418
f 1421/1421/1421 1419/1419/1419 1420/1420/1420
f 1422/1422/1422 1421/1421/1421 1420/1420/1420
f 1425/1425/1425 1424/1424/1424 1423/1423/1423
f 1424/1424/1424 1426/1426/1426 1423/1423/1423
f 1423/1423/1423 1426/1426/1426 1427/1427/1427
f 1426/1426/1426 1428/1428/1428 1427/1427/1427
f 1427/1427/1427 1428/1428/1428 1429/1429/1429
f 1428/1428/1428 1430/1430/1430 1429/1429/1429
f 1429/1429/1429 1430/1430/1430 1431/1431/1431
f 1430/1430/1430 1432/1432/1432 1431/1431/1431
f 1431/1431/1431 1432/1432/1432 1433/1433/1433
f 1432/1432/1432 1434/1434/1434 1433/1433/1433
f 1433/1433/1433 1434/1434/1434 1435/1435/1435
f 1434/1434/1434 1436/1436/1436 1435/1435/1435
f 1439/1439/1439 1438/1438/1438 1437/1437/1437
f 1440/1440/1440 1439/1439/1439 1437/1437/1437
f 1441/1441/1441 1439/1439/1439 1440/1440/1440
f 1440/1440/1440 1437/1437/1437 1442/1442/1442
f 1437/1437/1437 1443/1443/1443 1442/1442/1442
f 1443/1443/1443 1444/1444/1444 1442/1442/1442
f 1444/1444/1444 1445/1445/1445 1442/1442/1442
f 1442/1442/1442 1445/1445/1445 1446/1446/1446
f 1440/1440/1440 1442/1442/1442 1446/1446/1446
f 1445/1445/1445 1447/1447/1447 1446/1446/1446
f 1448/1448/1448 1441/1441/1441 1440/1440/1440
f 1448/1448/1448 1440/1440/1440 1446/1446/1446
f 1449/1449/1449 1441/1441/1441 1448/1448/1448
f 1446/1446/1446 1447/1447/1447 1450/1450/1450
f 1448/1448/1448 1446/1446/1446 1450/1450/1450
f 1447/1447/1447 1451/1451/1451 1450/1450/1450
f 1452/1452/1452 1449/1449/1449 1448/1448/1448
f 1452/1452/1452 1448/1448/1448 1450/1450/1450
f 1449/1449/1449 1452/1452/1452 1453/1453/1453
f 1450/1450/1450 1451/1451/1451 1454/1454/1454
f 1452/1452/1452 1450/1450/1450 1454/1454/1454
f 1451/1451/1451 1455/1455/1455 1454/1454/1454
f 1452/1452/1452 1456/1456/1456 1453/1453/1453
f 1456/1456/1456 1452/1452/1452 1454/1454/1454
f 1457/1457/1457 1453/1453/1453 1456/1456/1456
f 1454/1454/1454 1455/1455/1455 1458/1458/1458
f 1456/1456/1456 1454/1454/1454 1458/1458/1458
f 1455/1455/1455 1459/1459/1459 1458/1458/1458
f 1460/1460/1460 1457/1457/1457 1456/1456/1456
f 1460/1460/1460 1456/1456/1456 1458/1458/1458
f 1461/1461/1461 1457/1457/1457 1460/1460/1460
f 1462/1462/1462 1461/1461/1461 1460/1460/1460
f 1462/1462/1462 1460/1460/1460 1463/1463/1463
f 1460/1460/1460 1458/1458/1458 1463/1463/1463
f 1458/1458/1458 1459/1459/1459 1463/1463/1463
f 1459/1459/1459 1464/1464/1464 1463/1463/1463
f 1467/1467/1467 1466/1466/1466 1465/1465/1465
f 1468/1468/1468 1467/1467/1467 1465/1465/1465
f 1469/1469/1469 1467/1467/1467 1468/1468/1468
f 1470/1470/1470 1468/1468/1468 1465/1465/1465
f 1471/1471/1471 1470/1470/1470 1465/1465/1465
f 1471/1471/1471 1472/1472/1472 1470/1470/1470
f 1472/1472/1472 1473/1473/1473 1470/1470/1470
f 1470/1470/1470 1473/1473/1473 1474/1474/1474
f 1470/1470/1470 1474/1474/1474 1468/1468/1468
f 1473/1473/1473 1475/1475/1475 1474/1474/1474
f 1476/1476/1476 1469/1469/1469 1468/1468/1468
f 1474/1474/1474 1476/1476/1476 1468/1468/1468
f 1477/1477/1477 1469/1469/1469 1476/1476/1476
f 1474/1474/1474 1475/1475/1475 1478/1478/1478
f 1474/1474/1474 1478/1478/1478 1476/1476/1476
f 1475/1475/1475 1479/1479/1479 1478/1478/1478
f 1480/1480/1480 1477/1477/1477 1476/1476/1476
f 1478/1478/1478 1480/1480/1480 1476/1476/1476
f 1481/1481/1481 1477/1477/1477 1480/1480/1480
f 1478/1478/1478 1479/1479/1479 1482/1482/1482
f 1478/1478/1478 1482/1482/1482 1480/1480/1480
f 1479/1479/1479 1483/1483/1483 1482/1482/1482
f 1484/1484/1484 1481/1481/1481 1480/1480/1480
f 1482/1482/1482 1484/1484/1484 1480/1480/1480
f 1485/1485/1485 1481/1481/1481 1484/1484/1484
f 1482/1482/1482 1483/1483/1483 1486/1486/1486
f 1482/1482/1482 1486/1486/1486 1484/1484/1484
f 1483/1483/1483 1487/1487/1487 1486/1486/1486
f 1488/1488/1488 1485/1485/1485 1484/1484/1484
f 1486/1486/1486 1488/1488/1488 1484/1484/1484
f 1489/1489/1489 1485/1485/1485 1488/1488/1488
f 1490/1490/1490 1489/1489/1489 1488/1488/1488
f 1491/1491/1491 1490/1490/1490 1488/1488/1488
f 1486/1486/1486 1491/1491/1491 1488/1488/1488
f 1486/1486/1486 1487/1487/1487 1491/1491/1491
f 1487/1487/1487 1492/1492/1492 1491/1491/1491
f 1495/1495/1495 1494/1494/1494 1493/1493/1493
f 1494/1494/1494 1496/1496/1496 1493/1493/1493
f 1493/1493/1493 1496/1496/1496 1497/1497/1497
f 1496/1496/1496 1498/1498/1498 1497/1497/1497
f 1497/1497/1497 1498/1498/1498 1499/1499/1499
f 1498/1498/1498 1500/1500/1500 1499/1499/1499
f 1499/1499/1499 1500/1500/1500 1501/1501/1501
f 1500/1500/1500 1502/1502/1502 1501/1501/1501
f 1501/1501/1501 1502/1502/1502 1503/1503/1503
f 1502/1502/1502 1504/1504/1504 1503/1503/1503
f 1504/1504/1504 1505/1505/1505 1503/1503/1503
f 1505/1505/1505 1506/1506/1506 1503/1503/1503
f 1509/1509/1509 1508/1508/1508 1507/1507/1507
f 1510/1510/1510 1509/1509/1509 1507/1507/1507
f 1511/1511/1511 1509/1509/1509 1510/1510/1510
f 1512/1512/1512 1510/1510/1510 1507/1507/1507
f 1513/1513/1513 1512/1512/1512 1507/1507/1507
f 1513/1513/1513 1514/1514/1514 1512/1512/1512
f 1514/1514/1514 1515/1515/1515 1512/1512/1512
f 1512/1512/1512 1515/1515/1515 1516/1516/1516
f 1512/1512/1512 1516/1516/1516 1510/1510/1510
f 1515/1515/1515 1517/1517/1517 1516/1516/1516
f 1518/1518/1518 1511/1511/1511 1510/1510/1510
f 1516/1516/1516 1518/1518/1518 1510/1510/1510
f 1519/1519/1519 1511/1511/1511 1518/1518/1518
f 1520/1520/1520 1516/1516/1516 1517/1517/1517
f 1516/1516/1516 1520/1520/1520 1518/1518/1518
f 1521/1521/1521 1520/1520/1520 1517/1517/1517
f 1522/1522/1522 1519/1519/1519 1518/1518/1518
f 1520/1520/1520 1522/1522/1522 1518/1518/1518
f 1523/1523/1523 1519/1519/1519 1522/1522/1522
f 1520/1520/1520 1521/1521/1521 1524/1524/1524
f 1520/1520/1520 1524/1524/1524 1522/1522/1522
f 1521/1521/1521 1525/1525/1525 1524/1524/1524
f 1526/1526/1526 1523/1523/1523 1522/1522/1522
f 1524/1524/1524 1526/1526/1526 1522/1522/1522
f 1527/1527/1527 1523/1523/1523 1526/1526/1526
f 1524/1524/1524 1525/1525/1525 1528/1528/1528
f 1524/1524/1524 1528/1528/1528 1526/1526/1526
f 1525/1525/1525 1529/1529/1529 1528/1528/1528
f 1530/1530/1530 1527/1527/1527 1526/1526/1526
f 1528/1528/1528 1530/1530/1530 1526/1526/1526
f 1531/1531/1531 1527/1527/1527 1530/1530/1530
f 1532/1532/1532 1531/1531/1531 1530/1530/1530
f 1533/1533/1533 1532/1532/1532 1530/1530/1530
f 1528/1528/1528 1533/1533/1533 1530/1530/1530
f 1528/1528/1528 1529/1529/1529 1533/1533/1533
f 1529/1529/1529 1534/1534/1534 1533/1533/1533
f 1537/1537/1537 1536/1536/1536 1535/1535/1535
f 1538/1538/1538 1537/1537/1537 1535/1535/1535
f 1539/1539/1539 1537/1537/1537 1538/1538/1538
f 1540/1540/1540 1539/1539/1539 1538/1538/1538
f 1541/1541/1541 1539/1539/1539 1540/1540/1540
f 1542/1542/1542 1541/1541/1541 1540/1540/1540
f 1543/1543/1543 1541/1541/1541 1542/1542/1542
f 1544/1544/1544 1543/1543/1543 1542/1542/1542
f 1545/1545/1545 1543/1543/1543 1544/1544/1544
f 1546/1546/1546 1545/1545/1545 1544/1544/1544
f 1547/1547/1547 1545/1545/1545 1546/1546/1546
f 1548/1548/1548 1547/1547/1547 1546/1546/1546
f 1551/1551/1551 1550/1550/1550 1549/1549/1549
f 1552/1552/1552 1551/1551/1551 1549/1549/1549
f 1553/1553/1553 1551/1551/1551 1552/1552/1552
f 1554/1554/1554 1553/1553/1553 1552/1552/1552
f 1555/1555/1555 1553/1553/1553 1554/1554/1554
f 1556/1556/1556 1555/1555/1555 1554/1554/1554
f 1557/1557/1557 1555/1555/1555 1556/1556/1556
f 1558/1558/1558 1557/1557/1557 1556/1556/1556
f 1559/1559/1559 1557/1557/1557 1558/1558/1558
f 1560/1560/1560 1559/1559/1559 1558/1558/1558
f 1561/1561/1561 1559/1559/1559 1560/1560/1560
f 1562/1562/1562 1561/1561/1561 1560/1560/1560
f 1565/1565/1565 1564/1564/1564 1563/1563/1563
f 1564/1564/1564 1566/1566/1566 1563/1563/1563
f 1563/1563/1563 1566/1566/1566 1567/1567/1567
f 1566/1566/1566 1568/1568/1568 1567/1567/1567
f 1567/1567/1567 1568/1568/1568 1569/1569/1569
f 1568/1568/1568 1570/1570/1570 1569/1569/1569
f 1569/1569/1569 1570/1570/1570 1571/1571/1571
f 1570/1570/1570 1572/1572/1572 1571/1571/1571
f 1571/1571/1571 1572/1572/1572 1573/1573/1573
f 1572/1572/1572 1574/1574/1574 1573/1573/1573
f 1573/1573/1573 1574/1574/1574 1575/1575/1575
f 1574/1574/1574 1576/1576/1576 1575/1575/1575
f 1579/1579/1579 1578/1578/1578 1577/1577/1577
f 1580/1580/1580 1579/1579/1579 1577/1577/1577
f 1581/1581/1581 1579/1579/1579 1580/1580/1580
f 1582/1582/1582 1580/1580/1580 1577/1577/1577
f 1583/1583/1583 1582/1582/1582 1577/1577/1577
f 1583/1583/1583 1584/1584/1584 1582/1582/1582
f 1584/1584/1584 1585/1585/1585 1582/1582/1582
f 1582/1582/1582 1585/1585/1585 1586/1586/1586
f 1582/1582/1582 1586/1586/1586 1580/1580/1580
f 1585/1585/1585 1587/1587/1587 1586/1586/1586
f 1588/1588/1588 1581/1581/1581 1580/1580/1580
f 1586/1586/1586 1588/1588/1588 1580/1580/1580
f 1589/1589/1589 1581/1581/1581 1588/1588/1588
f 1586/1586/1586 1587/1587/1587 1590/1590/1590
f 1586/1586/1586 1590/1590/1590 1588/1588/1588
f 1587/1587/1587 1591/1591/1591 1590/1590/1590
f 1592/1592/1592 1589/1589/1589 1588/1588/1588
f 1590/1590/1590 1592/1592/1592 1588/1588/1588
f 1593/1593/1593 1589/1589/1589 1592/1592/1592
f 1590/1590/1590 1591/1591/1591 1594/1594/1594
f 1590/1590/1590 1594/1594/1594 1592/1592/1592
f 1591/1591/1591 1595/1595/1595 1594/1594/1594
f 1596/1596/1596 1593/1593/1593 1592/1592/1592
f 1594/1594/1594 1596/1596/1596 1592/1592/1592
f 1597/1597/1597 1593/1593/1593 1596/1596/1596
f 1594/1594/1594 1595/1595/1595 1598/1598/1598
f 1594/1594/1594 1598/1598/1598 1596/1596/1596
f 1595/1595/1595 1599/1599/1599 1598/1598/1598
f 1600/1600/1600 1597/1597/1597 1596/1596/1596
f 1598/1598/1598 1600/1600/1600 1596/1596/1596
f 1601/1601/1601 1597/1597/1597 1600/1600/1600
f 1602/1602/1602 1601/1601/1601 1600/1600/1600
f 1603/1603/1603 1602/1602/1602 1600/1600/1600
f 1598/1598/1598 1603/1603/1603 1600/1600/1600
f 1598/1598/1598 1599/1599/1599 1603/1603/1603
f 1599/1599/1599 1604/1604/1604 1603/1603/1603
f 1607/1607/1607 1606/1606/1606 1605/1605/1605
f 1608/1608/1608 1607/1607/1607 1605/1605/1605
f 1609/1609/1609 1607/1607/1607 1608/1608/1608
f 1610/1610/1610 1609/1609/1609 1608/1608/1608
f 1611/1611/1611 1609/1609/1609 1610/1610/1610
f 1612/1612/1612 1611/1611/1611 1610/1610/1610
f 1613/1613/1613 1611/1611/1611 1612/1612/1612
f 1614/1614/1614 1613/1613/1613 1612/1612/1612
f 1615/1615/1615 1613/1613/1613 1614/1614/1614
f 1616/1616/1616 1615/1615/1615 1614/1614/1614
f 1617/1617/1617 1615/1615/1615 1616/1616/1616
f 1618/1618/1618 1617/1617/1617 1616/1616/1616
f 1621/1621/1621 1620/1620/1620 1619/1619/1619
f 1620/1620/1620 1622/1622/1622 1619/1619/1619
f 1619/1619/1619 1622/1622/1622 1623/1623/1623
f 1622/1622/1622 1624/1624/1624 1623/1623/1623
f 1623/1623/1623 1624/1624/1624 1625/1625/1625
f 1624/1624/1624 1626/1626/1626 1625/1625/1625
f 1625/1625/1625 1626/1626/1626 1627/1627/1627
f 1626/1626/1626 1628/1628/1628 1627/1627/1627
f 1627/1627/1627 1628/1628/1628 1629/1629/1629
f 1628/1628/1628 1630/1630/1630 1629/1629/1629
f 1629/1629/1629 1630/1630/1630 1631/1631/1631
f 1630/1630/1630 1632/1632/1632 1631/1631/1631
f 1635/1635/1635 1634/1634/1634 1633/1633/1633
f 1636/1636/1636 1635/1635/1635 1633/1633/1633
f 1637/1637/1637 1635/1635/1635 1636/1636/1636
f 1636/1636/1636 1633/1633/1633 1638/1638/1638
f 1633/1633/1633 1639/1639/1639 1638/1638/1638
f 1639/1639/1639 1640/1640/1640 1638/1638/1638
f 1640/1640/1640 1641/1641/1641 1638/1638/1638
f 1638/1638/1638 1641/1641/1641 1642/1642/1642
f 1636/1636/1636 1638/1638/1638 1642/1642/1642
f 1641/1641/1641 1643/1643/1643 1642/1642/1642
f 1644/1644/1644 1637/1637/1637 1636/1636/1636
f 1644/1644/1644 1636/1636/1636 1642/1642/1642
f 1645/1645/1645 1637/1637/1637 1644/1644/1644
f 1642/1642/1642 1643/1643/1643 1646/1646/1646
f 1644/1644/1644 1642/1642/1642 1646/1646/1646
f 1643/1643/1643 1647/1647/1647 1646/1646/1646
f 1648/1648/1648 1645/1645/1645 1644/1644/1644
f 1648/1648/1648 1644/1644/1644 1646/1646/1646
f 1645/1645/1645 1648/1648/1648 1649/1649/1649
f 1646/1646/1646 1647/1647/1647 1650/1650/1650
f 1648/1648/1648 1646/1646/1646 1650/1650/1650
f 1647/1647/1647 1651/1651/1651 1650/1650/1650
f 1648/1648/1648 1652/1652/1652 1649/1649/1649
f 1652/1652/1652 1648/1648/1648 1650/1650/1650
f 1653/1653/1653 1649/1649/1649 1652/1652/1652
f 1650/1650/1650 1651/1651/1651 1654/1654/1654
f 1652/1652/1652 1650/1650/1650 1654/1654/1654
f 1651/1651/1651 1655/1655/1655 1654/1654/1654
f 1656/1656/1656 1653/1653/1653 1652/1652/1652
f 1656/1656/1656 1652/1652/1652 1654/1654/1654
f 1657/1657/1657 1653/1653/1653 1656/1656/1656
f 1658/1658/1658 1657/1657/1657 1656/1656/1656
f 1658/1658/1658 1656/1656/1656 1659/1659/1659
f 1656/1656/1656 1654/1654/1654 1659/1659/1659
f 1654/1654/1654 1655/1655/1655 1659/1659/1659
f 1655/1655/1655 1660/1660/1660 1659/1659/1659
f 1663/1663/1663 1662/1662/1662 1661/1661/1661
f 1664/1664/1664 1663/1663/1663 1661/1661/1661
f 1665/1665/1665 1663/1663/1663 1664/1664/1664
f 1666/1666/1666 1664/1664/1664 1661/1661/1661
f 1667/1667/1667 1666/1666/1666 1661/1661/1661
f 1667/1667/1667 1668/1668/1668 1666/1666/1666
f 1668/1668/1668 1669/1669/1669 1666/1666/1666
f 1666/1666/1666 1669/1669/1669 1670/1670/1670
f 1666/1666/1666 1670/1670/1670 1664/1664/1664
f 1669/1669/1669 1671/1671/1671 1670/1670/1670
f 1672/1672/1672 1665/1665/1665 1664/1664/1664
f 1670/1670/1670 1672/1672/1672 1664/1664/1664
f 1673/1673/1673 1665/1665/1665 1672/1672/1672
f 1670/1670/1670 1671/1671/1671 1674/1674/1674
f 1670/1670/1670 1674/1674/1674 1672/1672/1672
f 1671/1671/1671 1675/1675/1675 1674/1674/1674
f 1676/1676/1676 1673/1673/1673 1672/1672/1672
f 1674/1674/1674 1676/1676/1676 1672/1672/1672
f 1677/1677/1677 1673/1673/1673 1676/1676/1676
f 1674/1674/1674 1675/1675/1675 1678/1678/1678
f 1674/1674/1674 1678/1678/1678 1676/1676/1676
f 1675/1675/1675 1679/1679/1679 1678/1678/1678
f 1680/1680/1680 1677/1677/1677 1676/1676/1676
f 1678/1678/1678 1680/1680/1680 1676/1676/1676
f 1681/1681/1681 1677/1677/1677 1680/1680/1680
f 1678/1678/1678 1679/1679/1679 1682/1682/1682
f 1678/1678/1678 1682/1682/1682 1680/1680/1680
f 1679/1679/1679 1683/1683/1683 1682/1682/1682
f 1684/1684/1684 1681/1681/1681 1680/1680/1680
f 1682/1682/1682 1684/1684/1684 1680/1680/1680
f 1685/1685/1685 1681/1681/1681 1684/1684/1684
f 1686/1686/1686 1685/1685/1685 1684/1684/1684
f 1687/1687/1687 1686/1686/1686 1684/1684/1684
f 1682/1682/1682 1687/1687/1687 1684/1684/1684
f 1682/1682/1682 1683/1683/1683 1687/1687/1687
f 1683/1683/1683 1688/1688/1688 1687/1687/1687
f 1691/1691/1691 1690/1690/1690 1689/1689/1689
f 1690/1690/1690 1692/1692/1692 1689/1689/1689
f 1689/1689/1689 1692/1692/1692 1693/1693/1693
f 1692/1692/1692 1694/1694/1694 1693/1693/1693
f 1693/1693/1693 1694/1694/1694 1695/1695/1695
f 1694/1694/1694 1696/1696/1696 1695/1695/1695
f 1695/1695/1695 1696/1696/1696 1697/1697/1697
f 1696/1696/1696 1698/1698/1698 1697/1697/1697
f 1697/1697/1697 1698/1698/1698 1699/1699/1699
f 1698/1698/1698 1700/1700/1700 1699/1699/1699
f 1700/1700/1700 1701/1701/1701 1699/1699/1699
f 1701/1701/1701 1702/1702/1702 1699/1699/1699
f 1705/1705/1705 1704/1704/1704 1703/1703/1703
f 1706/1706/1706 1705/1705/1705 1703/1703/1703
f 1707/1707/1707 1705/1705/1705 1706/1706/1706
f 1708/1708/1708 1706/1706/1706 1703/1703/1703
f 1709/1709/1709 1708/1708/1708 1703/1703/1703
f 1709/1709/1709 1710/1710/1710 1708/1708/1708
f 1710/1710/1710 1711/1711/1711 1708/1708/1708
f 1708/1708/1708 1711/1711/1711 1712/1712/1712
f 1708/1708/1708 1712/1712/1712 1706/1706/1706
f 1711/1711/1711 1713/1713/1713 1712/1712/1712
f 1714/1714/1714 1707/1707/1707 1706/1706/1706
f 1712/1712/1712 1714/1714/1714 1706/1706/1706
f 1715/1715/1715 1707/1707/1707 1714/1714/1714
f 1716/1716/1716 1712/1712/1712 1713/1713/1713
f 1712/1712/1712 1716/1716/1716 1714/1714/1714
f 1717/1717/1717 1716/1716/1716 1713/1713/1713
f 1718/1718/1718 1715/1715/1715 1714/1714/1714
f 1716/1716/1716 1718/1718/1718 1714/1714/1714
f 1719/1719/1719 1715/1715/1715 1718/1718/1718
f 1716/1716/1716 1717/1717/1717 1720/1720/1720
f 1716/1716/1716 1720/1720/1720 1718/1718/1718
f 1717/1717/1717 1721/1721/1721 1720/1720/1720
f 1722/1722/1722 1719/1719/1719 1718/1718/1718
f 1720/1720/1720 1722/1722/1722 1718/1718/1718
f 1723/1723/1723 1719/1719/1719 1722/1722/1722
f 1720/1720/1720 1721/1721/1721 1724/1724/1724
f 1720/1720/1720 1724/1724/1724 1722/1722/1722
f 1721/1721/1721 1725/1725/1725 1724/1724/1724
f 1726/1726/1726 1723/1723/1723 1722/1722/1722
f 1724/1724/1724 1726/1726/1726 1722/1722/1722
f 1727/1727/1727 1723/1723/1723 1726/1726/1726
f 1728/1728/1728 1727/1727/1727 1726/1726/1726
f 1729/1729/1729 1728/1728/1728 1726/1726/1726
f 1724/1724/1724 1729/1729/1729 1726/1726/1726
f 1724/1724/1724 1725/1725/1725 1729/1729/1729
f 1725/1725/1725 1730/1730/1730 1729/1729/1729
f 1733/1733/1733 1732/1732/1732 1731/1731/1731
f 1734/1734/1734 1733/1733/1733 1731/1731/1731
f 1735/1735/1735 1733/1733/1733 1734/1734/1734
f 1736/1736/1736 1735/1735/1735 1734/1734/1734
f 1737/1737/1737 1735/1735/1735 1736/1736/1736
f 1738/1738/1738 1737/1737/1737 1736/1736/1736
f 1739/1739/1739 1737/1737/1737 1738/1738/1738
f 1740/1740/1740 1739/1739/1739 1738/1738/1738
f 1741/1741/1741 1739/1739/1739 1740/1740/1740
f 1742/1742/1742 1741/1741/1741 1740/1740/1740
f 1743/1743/1743 1741/1741/1741 1742/1742/1742
f 1744/1744/1744 1743/1743/1743 1742/1742/1742
f 1747/1747/1747 1746/1746/1746 1745/1745/1745
f 1748/1748/1748 1747/1747/1747 1745/1745/1745
f 1749/1749/1749 1747/1747/1747 1748/1748/1748
f 1750/1750/1750 1749/1749/1749 1748/1748/1748
f 1751/1751/1751 1749/1749/1749 1750/1750/1750
f 1752/1752/1752 1751/1751/1751 1750/1750/1750
f 1753/1753/1753 1751/1751/1751 1752/1752/1752
f 1754/1754/1754 1753/1753/1753 1752/1752/1752
f 1755/1755/1755 1753/1753/1753 1754/1754/1754
f 1756/1756/1756 1755/1755/1755 1754/1754/1754
f 1757/1757/1757 1755/1755/1755 1756/1756/1756
f 1758/1758/1758 1757/1757/1757 1756/1756/1756
f 1761/1761/1761 1760/1760/1760 1759/1759/1759
f 1760/1760/1760 1762/1762/1762 1759/1759/1759
f 1759/1759/1759 1762/1762/1762 1763/1763/1763
f 1762/1762/1762 1764/1764/1764 1763/1763/1763
f 1763/1763/1763 1764/1764/1764 1765/1765/1765
f 1764/1764/1764 1766/1766/1766 1765/1765/1765
f 1765/1765/1765 1766/1766/1766 1767/1767/1767
f 1766/1766/1766 1768/1768/1768 1767/1767/1767
f 1767/1767/1767 1768/1768/1768 1769/1769/1769
f 1768/1768/1768 1770/1770/1770 1769/1769/1769
f 1769/1769/1769 1770/1770/1770 1771/1771/1771
f 1770/1770/1770 1772/1772/1772 1771/1771/1771
f 1775/1775/1775 1774/1774/1774 1773/1773/1773
f 1776/1776/1776 1775/1775/1775 1773/1773/1773
f 1777/1777/1777 1775/1775/1775 1776/1776/1776
f 1778/1778/1778 1776/1776/1776 1773/1773/1773
f 1779/1779/1779 1778/1778/1778 1773/1773/1773
f 1779/1779/1779 1780/1780/1780 1778/1778/1778
f 1780/1780/1780 1781/1781/1781 1778/1778/1778
f 1778/1778/1778 1781/1781/1781 1782/1782/1782
f 1778/1778/1778 1782/1782/1782 1776/1776/1776
f 1781/1781/1781 1783/1783/1783 1782/1782/1782
f 1784/1784/1784 1777/1777/1777 1776/1776/1776
f 1782/1782/1782 1784/1784/1784 1776/1776/1776
f 1785/1785/1785 1777/1777/1777 1784/1784/1784
f 1782/1782/1782 1783/1783/1783 1786/1786/1786
f 1782/1782/1782 1786/1786/1786 1784/1784/1784
f 1783/1783/1783 1787/1787/1787 1786/1786/1786
f 1788/1788/1788 1785/1785/1785 1784/1784/1784
f 1786/1786/1786 1788/1788/1788 1784/1784/1784
f 1789/1789/1789 1785/1785/1785 1788/1788/1788
f 1786/1786/1786 1787/1787/1787 1790/1790/1790
f 1786/1786/1786 1790/1790/1790 1788/1788/1788
f 1787/1787/1787 1791/1791/1791 1790/1790/1790
f 1792/1792/1792 1789/1789/1789 1788/1788/1788
f 1790/1790/1790 1792/1792/1792 1788/1788/1788
f 1793/1793/1793 1789/1789/1789 1792/1792/1792
f 1790/1790/1790 1791/1791/1791 1794/1794/1794
f 1790/1790/1790 1794/1794/1794 1792/1792/1792
f 1791/1791/1791 1795/1795/1795 1794/1794/1794
f 1796/1796/1796 1793/1793/1793 1792/1792/1792
f 1794/1794/1794 1796/1796/1796 1792/1792/1792
f 1797/1797/1797 1793/1793/1793 1796/1796/1796
f 1798/1798/1798 1797/1797/1797 1796/1796/1796
f 1799/1799/1799 1798/1798/1798 1796/1796/1796
f 1794/1794/1794 1799/1799/1799 1796/1796/1796
f 1794/1794/1794 1795/1795/1795 1799/1799/1799
f 1795/1795/1795 1800/1800/1800 1799/1799/1799
f 1803/1803/1803 1802/1802/1802 1801/1801/1801
f 1804/1804/1804 1803/1803/1803 1801/1801/1801
f 1805/1805/1805 1803/1803/1803 1804/1804/1804
f 1806/1806/1806 1805/1805/1805 1804/1804/1804
f 1807/1807/1807 1805/1805/1805 1806/1806/1806
f 1808/1808/1808 1807/1807/1807 1806/1806/1806
f 1809/1809/1809 1807/1807/1807 1808/1808/1808
f 1810/1810/1810 1809/1809/1809 1808/1808/1808
f 1811/1811/1811 1809/1809/1809 1810/1810/1810
f 1812/1812/1812 1811/1811/1811 1810/1810/1810
f 1813/1813/1813 1811/1811/1811 1812/1812/1812
f 1814/1814/1814 1813/1813/1813 1812/1812/1812
f 1817/1817/1817 1816/1816/1816 1815/1815/1815
f 1816/1816/1816 1818/1818/1818 1815/1815/1815
f 1815/1815/1815 1818/1818/1818 1819/1819/1819
f 1818/1818/1818 1820/1820/1820 1819/1819/1819
f 1819/1819/1819 1820/1820/1820 1821/1821/1821
f 1820/1820/1820 1822/1822/1822 1821/1821/1821
f 1821/1821/1821 1822/1822/1822 1823/1823/1823
f 1822/1822/1822 1824/1824/1824 1823/1823/1823
f 1823/1823/1823 1824/1824/1824 1825/1825/1825
f 1824/1824/1824 1826/1826/1826 1825/1825/1825
f 1825/1825/1825 1826/1826/1826 1827/1827/1827
f 1826/1826/1826 1828/1828/1828 1827/1827/1827
f 1831/1831/1831 1830/1830/1830 1829/1829/1829
f 1830/1830/1830 1832/1832/1832 1829/1829/1829
f 1832/1832/1832 1833/1833/1833 1829/1829/1829
f 1833/1833/1833 1834/1834/1834 1829/1829/1829
f 1834/1834/1834 1833/1833/1833 1835/1835/1835
f 1836/1836/1836 1832/1832/1832 1830/1830/1830
f 1837/1837/1837 1836/1836/1836 1830/1830/1830
f 1837/1837/1837 1838/1838/1838 1836/1836/1836
f 1833/1833/1833 1839/1839/1839 1835/1835/1835
f 1840/1840/1840 1835/1835/1835 1839/1839/1839
f 1841/1841/1841 1833/1833/1833 1832/1832/1832
f 1836/1836/1836 1841/1841/1841 1832/1832/1832
f 1833/1833/1833 1841/1841/1841 1839/1839/1839
f 1838/1838/1838 1842/1842/1842 1836/1836/1836
f 1842/1842/1842 1838/1838/1838 1843/1843/1843
f 1844/1844/1844 1842/1842/1842 1843/1843/1843
f 1844/1844/1844 1845/1845/1845 1842/1842/1842
f 1842/1842/1842 1846/1846/1846 1836/1836/1836
f 1845/1845/1845 1846/1846/1846 1842/1842/1842
f 1846/1846/1846 1841/1841/1841 1836/1836/1836
f 1846/1846/1846 1845/1845/1845 1847/1847/1847
f 1848/1848/1848 1840/1840/1840 1839/1839/1839
f 1840/1840/1840 1848/1848/1848 1849/1849/1849
f 1841/1841/1841 1850/1850/1850 1839/1839/1839
f 1841/1841/1841 1846/1846/1846 1850/1850/1850
f 1848/1848/1848 1839/1839/1839 1850/1850/1850
f 1851/1851/1851 1846/1846/1846 1847/1847/1847
f 1846/1846/1846 1851/1851/1851 1850/1850/1850
f 1851/1851/1851 1847/1847/1847 1852/1852/1852
f 1853/1853/1853 1848/1848/1848 1850/1850/1850
f 1853/1853/1853 1850/1850/1850 1851/1851/1851
f 1854/1854/1854 1851/1851/1851 1852/1852/1852
f 1854/1854/1854 1853/1853/1853 1851/1851/1851
f 1854/1854/1854 1852/1852/1852 1855/1855/1855
f 1848/1848/1848 1856/1856/1856 1849/1849/1849
f 1848/1848/1848 1853/1853/1853 1856/1856/1856
f 1857/1857/1857 1854/1854/1854 1855/1855/1855
f 1857/1857/1857 1855/1855/1855 1858/1858/1858
f 1853/1853/1853 1854/1854/1854 1859/1859/1859
f 1854/1854/1854 1857/1857/1857 1859/1859/1859
f 1853/1853/1853 1859/1859/1859 1856/1856/1856
f 1856/1856/1856 1860/1860/1860 1849/1849/1849
f 1860/1860/1860 1861/1861/1861 1849/1849/1849
f 1861/1861/1861 1860/1860/1860 1862/1862/1862
f 1863/1863/1863 1857/1857/1857 1858/1858/1858
f 1857/1857/1857 1863/1863/1863 1859/1859/1859
f 1863/1863/1863 1858/1858/1858 1864/1864/1864
f 1858/1858/1858 1865/1865/1865 1864/1864/1864
f 1864/1864/1864 1865/1865/1865 1866/1866/1866
f 1859/1859/1859 1867/1867/1867 1856/1856/1856
f 1863/1863/1863 1867/1867/1867 1859/1859/1859
f 1867/1867/1867 1860/1860/1860 1856/1856/1856
f 1863/1863/1863 1864/1864/1864 1867/1867/1867
f 1860/1860/1860 1868/1868/1868 1862/1862/1862
f 1860/1860/1860 1867/1867/1867 1868/1868/1868
f 1869/1869/1869 1862/1862/1862 1868/1868/1868
f 1867/1867/1867 1870/1870/1870 1868/1868/1868
f 1864/1864/1864 1870/1870/1870 1867/1867/1867
f 1871/1871/1871 1869/1869/1869 1868/1868/1868
f 1871/1871/1871 1868/1868/1868 1870/1870/1870
f 1869/1869/1869 1871/1871/1871 1872/1872/1872
f 1873/1873/1873 1864/1864/1864 1866/1866/1866
f 1873/1873/1873 1866/1866/1866 1874/1874/1874
f 1875/1875/1875 1870/1870/1870 1864/1864/1864
f 1875/1875/1875 1871/1871/1871 1870/1870/1870
f 1873/1873/1873 1875/1875/1875 1864/1864/1864
f 1871/1871/1871 1876/1876/1876 1872/1872/1872
f 1871/1871/1871 1875/1875/1875 1876/1876/1876
f 1877/1877/1877 1873/1873/1873 1874/1874/1874
f 1877/1877/1877 1874/1874/1874 1878/1878/1878
f 1875/1875/1875 1873/1873/1873 1879/1879/1879
f 1873/1873/1873 1877/1877/1877 1879/1879/1879
f 1875/1875/1875 1879/1879/1879 1876/1876/1876
f 1876/1876/1876 1880/1880/1880 1872/1872/1872
f 1880/1880/1880 1881/1881/1881 1872/1872/1872
f 1881/1881/1881 1880/1880/1880 1882/1882/1882
f 1883/1883/1883 1877/1877/1877 1878/1878/1878
f 1877/1877/1877 1883/1883/1883 1879/1879/1879
f 1879/1879/1879 1884/1884/1884 1876/1876/1876
f 1884/1884/1884 1880/1880/1880 1876/1876/1876
f 1883/1883/1883 1884/1884/1884 1879/1879/1879
f 1880/1880/1880 1885/1885/1885 1882/1882/1882
f 1880/1880/1880 1884/1884/1884 1885/1885/1885
f 1886/1886/1886 1882/1882/1882 1885/1885/1885
f 1887/1887/1887 1886/1886/1886 1885/1885/1885
f 1884/1884/1884 1888/1888/1888 1885/1885/1885
f 1887/1887/1887 1885/1885/1885 1888/1888/1888
f 1884/1884/1884 1883/1883/1883 1888/1888/1888
f 1889/1889/1889 1887/1887/1887 1888/1888/1888
f 1883/1883/1883 1878/1878/1878 1890/1890/1890
f 1883/1883/1883 1890/1890/1890 1888/1888/1888
f 1889/1889/1889 1888/1888/1888 1890/1890/1890
f 1878/1878/1878 1891/1891/1891 1890/1890/1890
f 1892/1892/1892 1889/1889/1889 1890/1890/1890
f 1891/1891/1891 1893/1893/1893 1890/1890/1890
f 1893/1893/1893 1892/1892/1892 1890/1890/1890
f 1896/1896/1896 1895/1895/1895 1894/1894/1894
f 1895/1895/1895 1897/1897/1897 1894/1894/1894
f 1895/1895/1895 1898/1898/1898 1897/1897/1897
f 1897/1897/1897 1899/1899/1899 1894/1894/1894
f 1899/1899/1899 1900/1900/1900 1894/1894/1894
f 1900/1900/1900 1899/1899/1899 1901/1901/1901
f 1898/1898/1898 1902/1902/1902 1897/1897/1897
f 1898/1898/1898 1903/1903/1903 1902/1902/1902
f 1899/1899/1899 1904/1904/1904 1901/1901/1901
f 1905/1905/1905 1901/1901/1901 1904/1904/1904
f 1906/1906/1906 1899/1899/1899 1897/1897/1897
f 1902/1902/1902 1906/1906/1906 1897/1897/1897
f 1899/1899/1899 1906/1906/1906 1904/1904/1904
f 1907/1907/1907 1905/1905/1905 1904/1904/1904
f 1905/1905/1905 1907/1907/1907 1908/1908/1908
f 1906/1906/1906 1909/1909/1909 1904/1904/1904
f 1907/1907/1907 1904/1904/1904 1909/1909/1909
f 1910/1910/1910 1906/1906/1906 1902/1902/1902
f 1906/1906/1906 1910/1910/1910 1909/1909/1909
f 1903/1903/1903 1911/1911/1911 1902/1902/1902
f 1911/1911/1911 1910/1910/1910 1902/1902/1902
f 1911/1911/1911 1903/1903/1903 1912/1912/1912
f 1903/1903/1903 1913/1913/1913 1912/1912/1912
f 1911/1911/1911 1912/1912/1912 1914/1914/1914
f 1910/1910/1910 1911/1911/1911 1914/1914/1914
f 1910/1910/1910 1914/1914/1914 1915/1915/1915
f 1916/1916/1916 1910/1910/1910 1915/1915/1915
f 1910/1910/1910 1916/1916/1916 1909/1909/1909
f 1915/1915/1915 1917/1917/1917 1916/1916/1916
f 1918/1918/1918 1907/1907/1907 1909/1909/1909
f 1918/1918/1918 1909/1909/1909 1916/1916/1916
f 1917/1917/1917 1919/1919/1919 1916/1916/1916
f 1919/1919/1919 1918/1918/1918 1916/1916/1916
f 1917/1917/1917 1920/1920/1920 1919/1919/1919
f 1907/1907/1907 1918/1918/1918 1921/1921/1921
f 1907/1907/1907 1921/1921/1921 1908/1908/1908
f 1920/1920/1920 1922/1922/1922 1919/1919/1919
f 1922/1922/1922 1920/1920/1920 1923/1923/1923
f 1918/1918/1918 1919/1919/1919 1924/1924/1924
f 1919/1919/1919 1922/1922/1922 1924/1924/1924
f 1918/1918/1918 1924/1924/1924 1921/1921/1921
f 1921/1921/1921 1925/1925/1925 1908/1908/1908
f 1925/1925/1925 1926/1926/1926 1908/1908/1908
f 1926/1926/1926 1925/1925/1925 1927/1927/1927
f 1928/1928/1928 1922/1922/1922 1923/1923/1923
f 1922/1922/1922 1928/1928/1928 1924/1924/1924
f 1924/1924/1924 1929/1929/1929 1921/1921/1921
f 1929/1929/1929 1925/1925/1925 1921/1921/1921
f 1928/1928/1928 1929/1929/1929 1924/1924/1924
f 1925/1925/1925 1930/1930/1930 1927/1927/1927
f 1931/1931/1931 1927/1927/1927 1930/1930/1930
f 1929/1929/1929 1932/1932/1932 1925/1925/1925
f 1929/1929/1929 1928/1928/1928 1932/1932/1932
f 1932/1932/1932 1930/1930/1930 1925/1925/1925
f 1928/1928/1928 1923/1923/1923 1933/1933/1933
f 1928/1928/1928 1933/1933/1933 1932/1932/1932
f 1923/1923/1923 1934/1934/1934 1933/1933/1933
f 1933/1933/1933 1934/1934/1934 1935/1935/1935
f 1936/1936/1936 1931/1931/1931 1930/1930/1930
f 1936/1936/1936 1930/1930/1930 1932/1932/1932
f 1931/1931/1931 1936/1936/1936 1937/1937/1937
f 1938/1938/1938 1933/1933/1933 1935/1935/1935
f 1938/1938/1938 1935/1935/1935 1939/1939/1939
f 1940/1940/1940 1932/1932/1932 1933/1933/1933
f 1940/1940/1940 1936/1936/1936 1932/1932/1932
f 1938/1938/1938 1940/1940/1940 1933/1933/1933
f 1936/1936/1936 1941/1941/1941 1937/1937/1937
f 1936/1936/1936 1940/1940/1940 1941/1941/1941
f 1942/1942/1942 1938/1938/1938 1939/1939/1939
f 1939/1939/1939 1943/1943/1943 1942/1942/1942
f 1940/1940/1940 1938/1938/1938 1944/1944/1944
f 1938/1938/1938 1942/1942/1942 1944/1944/1944
f 1940/1940/1940 1944/1944/1944 1941/1941/1941
f 1943/1943/1943 1945/1945/1945 1942/1942/1942
f 1942/1942/1942 1945/1945/1945 1944/1944/1944
f 1945/1945/1945 1943/1943/1943 1946/1946/1946
f 1941/1941/1941 1947/1947/1947 1937/1937/1937
f 1947/1947/1947 1948/1948/1948 1937/1937/1937
f 1949/1949/1949 1948/1948/1948 1947/1947/1947
f 1944/1944/1944 1950/1950/1950 1941/1941/1941
f 1950/1950/1950 1947/1947/1947 1941/1941/1941
f 1945/1945/1945 1950/1950/1950 1944/1944/1944
f 1951/1951/1951 1949/1949/1949 1947/1947/1947
f 1951/1951/1951 1947/1947/1947 1950/1950/1950
f 1952/1952/1952 1949/1949/1949 1951/1951/1951
f 1953/1953/1953 1952/1952/1952 1951/1951/1951
f 1954/1954/1954 1951/1951/1951 1950/1950/1950
f 1953/1953/1953 1951/1951/1951 1954/1954/1954
f 1954/1954/1954 1950/1950/1950 1945/1945/1945
f 1955/1955/1955 1953/1953/1953 1954/1954/1954
f 1956/1956/1956 1945/1945/1945 1946/1946/1946
f 1956/1956/1956 1954/1954/1954 1945/1945/1945
f 1955/1955/1955 1954/1954/1954 1956/1956/1956
f 1956/1956/1956 1946/1946/1946 1957/1957/1957
f 1958/1958/1958 1955/1955/1955 1956/1956/1956
f 1958/1958/1958 1956/1956/1956 1957/1957/1957
f 1961/1961/1961 1960/1960/1960 1959/1959/1959
f 1961/1961/1961 1962/1962/1962 1960/1960/1960
f 1961/1961/1961 1963/1963/1963 1962/1962/1962
f 1961/1961/1961 1964/1964/1964 1963/1963/1963
f 1961/1961/1961 1965/1965/1965 1964/1964/1964
f 1966/1966/1966 1965/1965/1965 1961/1961/1961
f 1967/1967/1967 1966/1966/1966 1961/1961/1961
f 1968/1968/1968 1966/1966/1966 1967/1967/1967
f 1969/1969/1969 1968/1968/1968 1967/1967/1967
f 1970/1970/1970 1968/1968/1968 1969/1969/1969
f 1971/1971/1971 1969/1969/1969 1967/1967/1967
f 1971/1971/1971 1970/1970/1970 1969/1969/1969
f 1971/1971/1971 1967/1967/1967 1961/1961/1961
f 1972/1972/1972 1970/1970/1970 1971/1971/1971
f 1973/1973/1973 1972/1972/1972 1971/1971/1971
f 1974/1974/1974 1973/1973/1973 1971/1971/1971
f 1975/1975/1975 1974/1974/1974 1971/1971/1971
f 1976/1976/1976 1975/1975/1975 1971/1971/1971
f 1971/1971/1971 1961/1961/1961 1977/1977/1977
f 1978/1978/1978 1977/1977/1977 1961/1961/1961
f 1977/1977/1977 1978/1978/1978 1979/1979/1979
f 1971/1971/1971 1980/1980/1980 1976/1976/1976
f 1980/1980/1980 1971/1971/1971 1977/1977/1977
f 1981/1981/1981 1976/1976/1976 1980/1980/1980
f 1979/1979/1979 1982/1982/1982 1977/1977/1977
f 1980/1980/1980 1977/1977/1977 1982/1982/1982
f 1983/1983/1983 1981/1981/1981 1980/1980/1980
f 1983/1983/1983 1980/1980/1980 1982/1982/1982
f 1984/1984/1984 1981/1981/1981 1983/1983/1983
f 1982/1982/1982 1979/1979/1979 1985/1985/1985
f 1983/1983/1983 1982/1982/1982 1985/1985/1985
f 1979/1979/1979 1986/1986/1986 1985/1985/1985
f 1987/1987/1987 1984/1984/1984 1983/1983/1983
f 1987/1987/1987 1983/1983/1983 1985/1985/1985
f 1988/1988/1988 1984/1984/1984 1987/1987/1987
f 1989/1989/1989 1988/1988/1988 1987/1987/1987
f 1990/1990/1990 1988/1988/1988 1989/1989/1989
f 1991/1991/1991 1990/1990/1990 1989/1989/1989
f 1992/1992/1992 1991/1991/1991 1989/1989/1989
f 1985/1985/1985 1986/1986/1986 1993/1993/1993
f 1987/1987/1987 1985/1985/1985 1993/1993/1993
f 1989/1989/1989 1987/1987/1987 1993/1993/1993
f 1986/1986/1986 1994/1994/1994 1993/1993/1993
f 1993/1993/1993 1994/1994/1994 1995/1995/1995
f 1993/1993/1993 1995/1995/1995 1996/1996/1996
f 1993/1993/1993 1996/1996/1996 1997/1997/1997
f 1993/1993/1993 1997/1997/1997 1998/1998/1998
f 1993/1993/1993 1998/1998/1998 1999/1999/1999
f 1993/1993/1993 1999/1999/1999 2000/2000/2000
f 1993/1993/1993 2000/2000/2000 2001/2001/2001
f 2002/2002/2002 1993/1993/1993 2001/2001/2001
f 1989/1989/1989 1993/1993/1993 2002/2002/2002
f 2001/2001/2001 2003/2003/2003 2002/2002/2002
f 2002/2002/2002 2003/2003/2003 2004/2004/2004
f 2005/2005/2005 1989/1989/1989 2002/2002/2002
f 1992/1992/1992 1989/1989/1989 2005/2005/2005
f 2005/2005/2005 2006/2006/2006 1992/1992/1992
f 2007/2007/2007 2006/2006/2006 2005/2005/2005
f 2008/2008/2008 2002/2002/2002 2004/2004/2004
f 2005/2005/2005 2002/2002/2002 2008/2008/2008
f 2008/2008/2008 2004/2004/2004 2009/2009/2009
f 2009/2009/2009 2010/2010/2010 2008/2008/2008
f 2011/2011/2011 2007/2007/2007 2005/2005/2005
f 2011/2011/2011 2005/2005/2005 2008/2008/2008
f 2012/2012/2012 2007/2007/2007 2011/2011/2011
f 2013/2013/2013 2008/2008/2008 2010/2010/2010
f 2011/2011/2011 2008/2008/2008 2013/2013/2013
f 2013/2013/2013 2010/2010/2010 2014/2014/2014
f 2014/2014/2014 2015/2015/2015 2013/2013/2013
f 2016/2016/2016 2012/2012/2012 2011/2011/2011
f 2016/2016/2016 2011/2011/2011 2013/2013/2013
f 2017/2017/2017 2012/2012/2012 2016/2016/2016
f 2018/2018/2018 2017/2017/2017 2016/2016/2016
f 2019/2019/2019 2017/2017/2017 2018/2018/2018
f 2020/2020/2020 2019/2019/2019 2018/2018/2018
f 2021/2021/2021 2020/2020/2020 2018/2018/2018
f 2021/2021/2021 2018/2018/2018 2022/2022/2022
f 2023/2023/2023 2021/2021/2021 2022/2022/2022
f 2024/2024/2024 2023/2023/2023 2022/2022/2022
f 2022/2022/2022 2025/2025/2025 2024/2024/2024
f 2022/2022/2022 2018/2018/2018 2026/2026/2026
f 2018/2018/2018 2027/2027/2027 2026/2026/2026
f 2018/2018/2018 2016/2016/2016 2027/2027/2027
f 2016/2016/2016 2013/2013/2013 2027/2027/2027
f 2027/2027/2027 2013/2013/2013 2015/2015/2015
f 2027/2027/2027 2015/2015/2015 2028/2028/2028
f 2028/2028/2028 2029/2029/2029 2027/2027/2027
f 2027/2027/2027 2029/2029/2029 2030/2030/2030
f 2027/2027/2027 2030/2030/2030 2031/2031/2031
f 2027/2027/2027 2031/2031/2031 2032/2032/2032
f 2027/2027/2027 2032/2032/2032 2033/2033/2033
f 2026/2026/2026 2027/2027/2027 2033/2033/2033
f 2026/2026/2026 2033/2033/2033 2034/2034/2034
f 2026/2026/2026 2034/2034/2034 2035/2035/2035
f 2026/2026/2026 2035/2035/2035 2036/2036/2036
f 2036/2036/2036 2037/2037/2037 2026/2026/2026
f 2026/2026/2026 2037/2037/2037 2038/2038/2038
f 2037/2037/2037 2039/2039/2039 2038/2038/2038
f 2022/2022/2022 2026/2026/2026 2038/2038/2038
f 2038/2038/2038 2039/2039/2039 2040/2040/2040
f 2038/2038/2038 2040/2040/2040 2022/2022/2022
f 2039/2039/2039 2041/2041/2041 2040/2040/2040
f 2040/2040/2040 2041/2041/2041 2022/2022/2022
f 2041/2041/2041 2025/2025/2025 2022/2022/2022
f 2044/2044/2044 2043/2043/2043 2042/2042/2042
f 2043/2043/2043 2045/2045/2045 2042/2042/2042
f 2045/2045/2045 2046/2046/2046 2042/2042/2042
f 2046/2046/2046 2047/2047/2047 2042/2042/2042
f 2048/2048/2048 2042/2042/2042 2047/2047/2047
f 2049/2049/2049 2048/2048/2048 2047/2047/2047
f 2050/2050/2050 2048/2048/2048 2049/2049/2049
f 2051/2051/2051 2050/2050/2050 2049/2049/2049
f 2052/2052/2052 2050/2050/2050 2051/2051/2051
f 2053/2053/2053 2052/2052/2052 2051/2051/2051
f 2052/2052/2052 2053/2053/2053 2054/2054/2054
f 2052/2052/2052 2054/2054/2054 2055/2055/2055
f 2052/2052/2052 2055/2055/2055 2056/2056/2056
f 2055/2055/2055 2057/2057/2057 2056/2056/2056
f 2058/2058/2058 2052/2052/2052 2056/2056/2056
f 2056/2056/2056 2059/2059/2059 2058/2058/2058
f 2060/2060/2060 2058/2058/2058 2059/2059/2059
f 2061/2061/2061 2060/2060/2060 2059/2059/2059
f 2052/2052/2052 2058/2058/2058 2062/2062/2062
f 2062/2062/2062 2058/2058/2058 2060/2060/2060
f 2050/2050/2050 2052/2052/2052 2063/2063/2063
f 2063/2063/2063 2052/2052/2052 2062/2062/2062
f 2048/2048/2048 2050/2050/2050 2064/2064/2064
f 2064/2064/2064 2050/2050/2050 2063/2063/2063
f 2065/2065/2065 2060/2060/2060 2061/2061/2061
f 2066/2066/2066 2065/2065/2065 2061/2061/2061
f 2067/2067/2067 2065/2065/2065 2066/2066/2066
f 2068/2068/2068 2067/2067/2067 2066/2066/2066
f 2067/2067/2067 2068/2068/2068 2069/2069/2069
f 2067/2067/2067 2069/2069/2069 2070/2070/2070
f 2067/2067/2067 2070/2070/2070 2071/2071/2071
f 2070/2070/2070 2072/2072/2072 2071/2071/2071
f 2063/2063/2063 2062/2062/2062 2073/2073/2073
f 2074/2074/2074 2062/2062/2062 2060/2060/2060
f 2073/2073/2073 2062/2062/2062 2074/2074/2074
f 2060/2060/2060 2065/2065/2065 2075/2075/2075
f 2074/2074/2074 2060/2060/2060 2075/2075/2075
f 2064/2064/2064 2063/2063/2063 2076/2076/2076
f 2076/2076/2076 2063/2063/2063 2073/2073/2073
f 2065/2065/2065 2067/2067/2067 2077/2077/2077
f 2075/2075/2075 2065/2065/2065 2077/2077/2077
f 2071/2071/2071 2078/2078/2078 2067/2067/2067
f 2067/2067/2067 2078/2078/2078 2079/2079/2079
f 2077/2077/2077 2067/2067/2067 2079/2079/2079
f 2080/2080/2080 2078/2078/2078 2071/2071/2071
f 2079/2079/2079 2078/2078/2078 2080/2080/2080
f 2081/2081/2081 2080/2080/2080 2071/2071/2071
f 2082/2082/2082 2080/2080/2080 2081/2081/2081
f 2083/2083/2083 2082/2082/2082 2081/2081/2081
f 2084/2084/2084 2082/2082/2082 2083/2083/2083
f 2085/2085/2085 2084/2084/2084 2083/2083/2083
f 2084/2084/2084 2085/2085/2085 2086/2086/2086
f 2084/2084/2084 2086/2086/2086 2087/2087/2087
f 2084/2084/2084 2087/2087/2087 2088/2088/2088
f 2084/2084/2084 2088/2088/2088 2089/2089/2089
f 2088/2088/2088 2090/2090/2090 2089/2089/2089
f 2084/2084/2084 2089/2089/2089 2091/2091/2091
f 2077/2077/2077 2079/2079/2079 2092/2092/2092
f 2093/2093/2093 2079/2079/2079 2080/2080/2080
f 2092/2092/2092 2079/2079/2079 2093/2093/2093
f 2080/2080/2080 2082/2082/2082 2094/2094/2094
f 2093/2093/2093 2080/2080/2080 2094/2094/2094
f 2082/2082/2082 2084/2084/2084 2095/2095/2095
f 2094/2094/2094 2082/2082/2082 2095/2095/2095
f 2096/2096/2096 2077/2077/2077 2092/2092/2092
f 2075/2075/2075 2077/2077/2077 2096/2096/2096
f 2097/2097/2097 2075/2075/2075 2096/2096/2096
f 2074/2074/2074 2075/2075/2075 2097/2097/2097
f 2098/2098/2098 2074/2074/2074 2097/2097/2097
f 2098/2098/2098 2073/2073/2073 2074/2074/2074
f 2099/2099/2099 2073/2073/2073 2098/2098/2098
f 2076/2076/2076 2073/2073/2073 2099/2099/2099
f 2100/2100/2100 2099/2099/2099 2098/2098/2098
f 2100/2100/2100 2098/2098/2098 2101/2101/2101
f 2098/2098/2098 2097/2097/2097 2101/2101/2101
f 2101/2101/2101 2097/2097/2097 2102/2102/2102
f 2097/2097/2097 2096/2096/2096 2102/2102/2102
f 2102/2102/2102 2096/2096/2096 2103/2103/2103
f 2096/2096/2096 2092/2092/2092 2103/2103/2103
f 2104/2104/2104 2076/2076/2076 2099/2099/2099
f 2103/2103/2103 2092/2092/2092 2105/2105/2105
f 2106/2106/2106 2103/2103/2103 2105/2105/2105
f 2105/2105/2105 2092/2092/2092 2093/2093/2093
f 2106/2106/2106 2105/2105/2105 2107/2107/2107
f 2108/2108/2108 2076/2076/2076 2104/2104/2104
f 2109/2109/2109 2108/2108/2108 2104/2104/2104
f 2108/2108/2108 2064/2064/2064 2076/2076/2076
f 2105/2105/2105 2093/2093/2093 2110/2110/2110
f 2105/2105/2105 2110/2110/2110 2107/2107/2107
f 2093/2093/2093 2094/2094/2094 2110/2110/2110
f 2107/2107/2107 2110/2110/2110 2111/2111/2111
f 2110/2110/2110 2094/2094/2094 2112/2112/2112
f 2110/2110/2110 2112/2112/2112 2111/2111/2111
f 2094/2094/2094 2095/2095/2095 2112/2112/2112
f 2111/2111/2111 2112/2112/2112 2113/2113/2113
f 2114/2114/2114 2108/2108/2108 2109/2109/2109
f 2115/2115/2115 2114/2114/2114 2109/2109/2109
f 2115/2115/2115 2116/2116/2116 2114/2114/2114
f 2117/2117/2117 2064/2064/2064 2108/2108/2108
f 2114/2114/2114 2117/2117/2117 2108/2108/2108
f 2117/2117/2117 2048/2048/2048 2064/2064/2064
f 2112/2112/2112 2095/2095/2095 2118/2118/2118
f 2112/2112/2112 2118/2118/2118 2113/2113/2113
f 2116/2116/2116 2119/2119/2119 2114/2114/2114
f 2114/2114/2114 2119/2119/2119 2117/2117/2117
f 2117/2117/2117 2120/2120/2120 2048/2048/2048
f 2119/2119/2119 2120/2120/2120 2117/2117/2117
f 2120/2120/2120 2042/2042/2042 2048/2048/2048
f 2042/2042/2042 2120/2120/2120 2121/2121/2121
f 2122/2122/2122 2042/2042/2042 2121/2121/2121
f 2123/2123/2123 2122/2122/2122 2121/2121/2121
f 2121/2121/2121 2124/2124/2124 2123/2123/2123
f 2125/2125/2125 2124/2124/2124 2121/2121/2121
f 2119/2119/2119 2116/2116/2116 2126/2126/2126
f 2116/2116/2116 2127/2127/2127 2126/2126/2126
f 2120/2120/2120 2119/2119/2119 2128/2128/2128
f 2120/2120/2120 2128/2128/2128 2121/2121/2121
f 2119/2119/2119 2126/2126/2126 2128/2128/2128
f 2125/2125/2125 2121/2121/2121 2129/2129/2129
f 2129/2129/2129 2121/2121/2121 2128/2128/2128
f 2129/2129/2129 2130/2130/2130 2125/2125/2125
f 2130/2130/2130 2129/2129/2129 2131/2131/2131
f 2132/2132/2132 2126/2126/2126 2127/2127/2127
f 2133/2133/2133 2132/2132/2132 2127/2127/2127
f 2134/2134/2134 2128/2128/2128 2126/2126/2126
f 2134/2134/2134 2129/2129/2129 2128/2128/2128
f 2132/2132/2132 2134/2134/2134 2126/2126/2126
f 2129/2129/2129 2135/2135/2135 2131/2131/2131
f 2135/2135/2135 2129/2129/2129 2134/2134/2134
f 2131/2131/2131 2135/2135/2135 2136/2136/2136
f 2137/2137/2137 2132/2132/2132 2133/2133/2133
f 2138/2138/2138 2137/2137/2137 2133/2133/2133
f 2138/2138/2138 2139/2139/2139 2137/2137/2137
f 2140/2140/2140 2134/2134/2134 2132/2132/2132
f 2137/2137/2137 2140/2140/2140 2132/2132/2132
f 2140/2140/2140 2135/2135/2135 2134/2134/2134
f 2135/2135/2135 2141/2141/2141 2136/2136/2136
f 2142/2142/2142 2136/2136/2136 2141/2141/2141
f 2143/2143/2143 2142/2142/2142 2141/2141/2141
f 2144/2144/2144 2143/2143/2143 2141/2141/2141
f 2145/2145/2145 2144/2144/2144 2141/2141/2141
f 2146/2146/2146 2145/2145/2145 2141/2141/2141
f 2139/2139/2139 2147/2147/2147 2137/2137/2137
f 2137/2137/2137 2147/2147/2147 2140/2140/2140
f 2140/2140/2140 2148/2148/2148 2135/2135/2135
f 2148/2148/2148 2141/2141/2141 2135/2135/2135
f 2147/2147/2147 2148/2148/2148 2140/2140/2140
f 2149/2149/2149 2147/2147/2147 2139/2139/2139
f 2150/2150/2150 2149/2149/2149 2139/2139/2139
f 2151/2151/2151 2148/2148/2148 2147/2147/2147
f 2141/2141/2141 2148/2148/2148 2151/2151/2151
f 2149/2149/2149 2151/2151/2151 2147/2147/2147
f 2152/2152/2152 2146/2146/2146 2141/2141/2141
f 2152/2152/2152 2153/2153/2153 2146/2146/2146
f 2141/2141/2141 2154/2154/2154 2152/2152/2152
f 2154/2154/2154 2141/2141/2141 2151/2151/2151
f 2155/2155/2155 2154/2154/2154 2151/2151/2151
f 2156/2156/2156 2152/2152/2152 2154/2154/2154
f 2157/2157/2157 2156/2156/2156 2154/2154/2154
f 2157/2157/2157 2154/2154/2154 2155/2155/2155
f 2155/2155/2155 2158/2158/2158 2157/2157/2157
f 2159/2159/2159 2158/2158/2158 2155/2155/2155
f 2160/2160/2160 2159/2159/2159 2155/2155/2155
f 2155/2155/2155 2161/2161/2161 2160/2160/2160
f 2162/2162/2162 2160/2160/2160 2161/2161/2161
f 2163/2163/2163 2162/2162/2162 2161/2161/2161
f 2161/2161/2161 2164/2164/2164 2163/2163/2163
f 2165/2165/2165 2163/2163/2163 2164/2164/2164
f 2166/2166/2166 2165/2165/2165 2164/2164/2164
f 2167/2167/2167 2166/2166/2166 2164/2164/2164
f 2167/2167/2167 2164/2164/2164 2168/2168/2168
f 2161/2161/2161 2155/2155/2155 2169/2169/2169
f 2169/2169/2169 2155/2155/2155 2151/2151/2151
f 2169/2169/2169 2151/2151/2151 2149/2149/2149
f 2170/2170/2170 2169/2169/2169 2149/2149/2149
f 2170/2170/2170 2149/2149/2149 2150/2150/2150
f 2171/2171/2171 2170/2170/2170 2150/2150/2150
f 2172/2172/2172 2161/2161/2161 2169/2169/2169
f 2172/2172/2172 2169/2169/2169 2170/2170/2170
f 2173/2173/2173 2170/2170/2170 2171/2171/2171
f 2173/2173/2173 2172/2172/2172 2170/2170/2170
f 2174/2174/2174 2173/2173/2173 2171/2171/2171
f 2174/2174/2174 2175/2175/2175 2173/2173/2173
f 2175/2175/2175 2176/2176/2176 2173/2173/2173
f 2173/2173/2173 2176/2176/2176 2172/2172/2172
f 2176/2176/2176 2175/2175/2175 2177/2177/2177
f 2172/2172/2172 2178/2178/2178 2161/2161/2161
f 2176/2176/2176 2178/2178/2178 2172/2172/2172
f 2178/2178/2178 2164/2164/2164 2161/2161/2161
f 2164/2164/2164 2178/2178/2178 2179/2179/2179
f 2179/2179/2179 2178/2178/2178 2176/2176/2176
f 2168/2168/2168 2164/2164/2164 2179/2179/2179
f 2180/2180/2180 2176/2176/2176 2177/2177/2177
f 2180/2180/2180 2179/2179/2179 2176/2176/2176
f 2181/2181/2181 2180/2180/2180 2177/2177/2177
f 2182/2182/2182 2181/2181/2181 2177/2177/2177
f 2183/2183/2183 2179/2179/2179 2180/2180/2180
f 2181/2181/2181 2183/2183/2183 2180/2180/2180
f 2184/2184/2184 2181/2181/2181 2182/2182/2182
f 2185/2185/2185 2184/2184/2184 2182/2182/2182
f 2185/2185/2185 2113/2113/2113 2184/2184/2184
f 2113/2113/2113 2118/2118/2118 2184/2184/2184
f 2184/2184/2184 2186/2186/2186 2181/2181/2181
f 2184/2184/2184 2118/2118/2118 2186/2186/2186
f 2186/2186/2186 2183/2183/2183 2181/2181/2181
f 2183/2183/2183 2187/2187/2187 2179/2179/2179
f 2187/2187/2187 2168/2168/2168 2179/2179/2179
f 2118/2118/2118 2188/2188/2188 2186/2186/2186
f 2095/2095/2095 2188/2188/2188 2118/2118/2118
f 2095/2095/2095 2084/2084/2084 2188/2188/2188
f 2186/2186/2186 2189/2189/2189 2183/2183/2183
f 2186/2186/2186 2188/2188/2188 2189/2189/2189
f 2189/2189/2189 2187/2187/2187 2183/2183/2183
f 2084/2084/2084 2190/2190/2190 2188/2188/2188
f 2188/2188/2188 2190/2190/2190 2189/2189/2189
f 2091/2091/2091 2190/2190/2190 2084/2084/2084
f 2189/2189/2189 2190/2190/2190 2091/2091/2091
f 2191/2191/2191 2189/2189/2189 2091/2091/2091
f 2187/2187/2187 2189/2189/2189 2191/2191/2191
f 2192/2192/2192 2187/2187/2187 2191/2191/2191
f 2168/2168/2168 2187/2187/2187 2192/2192/2192
f 2193/2193/2193 2168/2168/2168 2192/2192/2192
f 2168/2168/2168 2193/2193/2193 2194/2194/2194
f 2168/2168/2168 2194/2194/2194 2195/2195/2195
f 2198/2198/2198 2197/2197/2197 2196/2196/2196
f 2197/2197/2197 2199/2199/2199 2196/2196/2196
f 2202/2202/2202 2201/2201/2201 2200/2200/2200
f 2203/2203/2203 2202/2202/2202 2200/2200/2200
f 2204/2204/2204 2202/2202/2202 2203/2203/2203
f 2205/2205/2205 2203/2203/2203 2200/2200/2200
f 2206/2206/2206 2205/2205/2205 2200/2200/2200
f 2206/2206/2206 2207/2207/2207 2205/2205/2205
f 2207/2207/2207 2208/2208/2208 2205/2205/2205
f 2205/2205/2205 2208/2208/2208 2209/2209/2209
f 2205/2205/2205 2209/2209/2209 2203/2203/2203
f 2208/2208/2208 2210/2210/2210 2209/2209/2209
f 2211/2211/2211 2204/2204/2204 2203/2203/2203
f 2209/2209/2209 2211/2211/2211 2203/2203/2203
f 2212/2212/2212 2204/2204/2204 2211/2211/2211
f 2213/2213/2213 2209/2209/2209 2210/2210/2210
f 2209/2209/2209 2213/2213/2213 2211/2211/2211
f 2214/2214/2214 2213/2213/2213 2210/2210/2210
f 2215/2215/2215 2212/2212/2212 2211/2211/2211
f 2213/2213/2213 2215/2215/2215 2211/2211/2211
f 2216/2216/2216 2212/2212/2212 2215/2215/2215
f 2213/2213/2213 2214/2214/2214 2217/2217/2217
f 2213/2213/2213 2217/2217/2217 2215/2215/2215
f 2214/2214/2214 2218/2218/2218 2217/2217/2217
f 2219/2219/2219 2216/2216/2216 2215/2215/2215
f 2217/2217/2217 2219/2219/2219 2215/2215/2215
f 2220/2220/2220 2216/2216/2216 2219/2219/2219
f 2217/2217/2217 2218/2218/2218 2221/2221/2221
f 2217/2217/2217 2221/2221/2221 2219/2219/2219
f 2218/2218/2218 2222/2222/2222 2221/2221/2221
f 2223/2223/2223 2220/2220/2220 2219/2219/2219
f 2221/2221/2221 2223/2223/2223 2219/2219/2219
f 2224/2224/2224 2220/2220/2220 2223/2223/2223
f 2225/2225/2225 2224/2224/2224 2223/2223/2223
f 2226/2226/2226 2225/2225/2225 2223/2223/2223
f 2221/2221/2221 2226/2226/2226 2223/2223/2223
f 2221/2221/2221 2222/2222/2222 2226/2226/2226
f 2222/2222/2222 2227/2227/2227 2226/2226/2226
f 2230/2230/2230 2229/2229/2229 2228/2228/2228
f 2229/2229/2229 2231/2231/2231 2228/2228/2228
f 2228/2228/2228 2231/2231/2231 2232/2232/2232
f 2231/2231/2231 2233/2233/2233 2232/2232/2232
f 2232/2232/2232 2233/2233/2233 2234/2234/2234
f 2233/2233/2233 2235/2235/2235 2234/2234/2234
f 2234/2234/2234 2235/2235/2235 2236/2236/2236
f 2235/2235/2235 2237/2237/2237 2236/2236/2236
f 2236/2236/2236 2237/2237/2237 2238/2238/2238
f 2237/2237/2237 2239/2239/2239 2238/2238/2238
f 2238/2238/2238 2239/2239/2239 2240/2240/2240
f 2239/2239/2239 2241/2241/2241 2240/2240/2240
f 2244/2244/2244 2243/2243/2243 2242/2242/2242
f 2245/2245/2245 2244/2244/2244 2242/2242/2242
f 2246/2246/2246 2244/2244/2244 2245/2245/2245
f 2247/2247/2247 2246/2246/2246 2245/2245/2245
f 2248/2248/2248 2246/2246/2246 2247/2247/2247
f 2249/2249/2249 2248/2248/2248 2247/2247/2247
f 2250/2250/2250 2248/2248/2248 2249/2249/2249
f 2251/2251/2251 2250/2250/2250 2249/2249/2249
f 2252/2252/2252 2250/2250/2250 2251/2251/2251
f 2253/2253/2253 2252/2252/2252 2251/2251/2251
f 2254/2254/2254 2252/2252/2252 2253/2253/2253
f 2255/2255/2255 2254/2254/2254 2253/2253/2253
f 2258/2258/2258 2257/2257/2257 2256/2256/2256
f 2259/2259/2259 2258/2258/2258 2256/2256/2256
f 2260/2260/2260 2258/2258/2258 2259/2259/2259
f 2259/2259/2259 2256/2256/2256 2261/2261/2261
f 2256/2256/2256 2262/2262/2262 2261/2261/2261
f 2262/2262/2262 2263/2263/2263 2261/2261/2261
f 2263/2263/2263 2264/2264/2264 2261/2261/2261
f 2261/2261/2261 2264/2264/2264 2265/2265/2265
f 2259/2259/2259 2261/2261/2261 2265/2265/2265
f 2264/2264/2264 2266/2266/2266 2265/2265/2265
f 2267/2267/2267 2260/2260/2260 2259/2259/2259
f 2267/2267/2267 2259/2259/2259 2265/2265/2265
f 2268/2268/2268 2260/2260/2260 2267/2267/2267
f 2265/2265/2265 2266/2266/2266 2269/2269/2269
f 2267/2267/2267 2265/2265/2265 2269/2269/2269
f 2266/2266/2266 2270/2270/2270 2269/2269/2269
f 2271/2271/2271 2268/2268/2268 2267/2267/2267
f 2271/2271/2271 2267/2267/2267 2269/2269/2269
f 2272/2272/2272 2268/2268/2268 2271/2271/2271
f 2269/2269/2269 2270/2270/2270 2273/2273/2273
f 2271/2271/2271 2269/2269/2269 2273/2273/2273
f 2270/2270/2270 2274/2274/2274 2273/2273/2273
f 2275/2275/2275 2272/2272/2272 2271/2271/2271
f 2275/2275/2275 2271/2271/2271 2273/2273/2273
f 2276/2276/2276 2272/2272/2272 2275/2275/2275
f 2273/2273/2273 2274/2274/2274 2277/2277/2277
f 2275/2275/2275 2273/2273/2273 2277/2277/2277
f 2274/2274/2274 2278/2278/2278 2277/2277/2277
f 2279/2279/2279 2276/2276/2276 2275/2275/2275
f 2279/2279/2279 2275/2275/2275 2277/2277/2277
f 2280/2280/2280 2276/2276/2276 2279/2279/2279
f 2281/2281/2281 2280/2280/2280 2279/2279/2279
f 2281/2281/2281 2279/2279/2279 2282/2282/2282
f 2279/2279/2279 2277/2277/2277 2282/2282/2282
f 2277/2277/2277 2278/2278/2278 2282/2282/2282
f 2278/2278/2278 2283/2283/2283 2282/2282/2282
f 2286/2286/2286 2285/2285/2285 2284/2284/2284
f 2287/2287/2287 2286/2286/2286 2284/2284/2284
f 2288/2288/2288 2286/2286/2286 2287/2287/2287
f 2287/2287/2287 2284/2284/2284 2289/2289/2289
f 2284/2284/2284 2290/2290/2290 2289/2289/2289
f 2290/2290/2290 2291/2291/2291 2289/2289/2289
f 2291/2291/2291 2292/2292/2292 2289/2289/2289
f 2289/2289/2289 2292/2292/2292 2293/2293/2293
f 2287/2287/2287 2289/2289/2289 2293/2293/2293
f 2292/2292/2292 2294/2294/2294 2293/2293/2293
f 2295/2295/2295 2288/2288/2288 2287/2287/2287
f 2295/2295/2295 2287/2287/2287 2293/2293/2293
f 2296/2296/2296 2288/2288/2288 2295/2295/2295
f 2293/2293/2293 2294/2294/2294 2297/2297/2297
f 2295/2295/2295 2293/2293/2293 2297/2297/2297
f 2294/2294/2294 2298/2298/2298 2297/2297/2297
f 2299/2299/2299 2296/2296/2296 2295/2295/2295
f 2299/2299/2299 2295/2295/2295 2297/2297/2297
f 2296/2296/2296 2299/2299/2299 2300/2300/2300
f 2297/2297/2297 2298/2298/2298 2301/2301/2301
f 2299/2299/2299 2297/2297/2297 2301/2301/2301
f 2298/2298/2298 2302/2302/2302 2301/2301/2301
f 2299/2299/2299 2303/2303/2303 2300/2300/2300
f 2303/2303/2303 2299/2299/2299 2301/2301/2301
f 2304/2304/2304 2300/2300/2300 2303/2303/2303
f 2301/2301/2301 2302/2302/2302 2305/2305/2305
f 2303/2303/2303 2301/2301/2301 2305/2305/2305
f 2302/2302/2302 2306/2306/2306 2305/2305/2305
f 2307/2307/2307 2304/2304/2304 2303/2303/2303
f 2307/2307/2307 2303/2303/2303 2305/2305/2305
f 2308/2308/2308 2304/2304/2304 2307/2307/2307
f 2309/2309/2309 2308/2308/2308 2307/2307/2307
f 2309/2309/2309 2307/2307/2307 2310/2310/2310
f 2307/2307/2307 2305/2305/2305 2310/2310/2310
f 2305/2305/2305 2306/2306/2306 2310/2310/2310
f 2306/2306/2306 2311/2311/2311 2310/2310/2310
f 2314/2314/2314 2313/2313/2313 2312/2312/2312
f 2313/2313/2313 2315/2315/2315 2312/2312/2312
f 2312/2312/2312 2315/2315/2315 2316/2316/2316
f 2315/2315/2315 2317/2317/2317 2316/2316/2316
f 2316/2316/2316 2317/2317/2317 2318/2318/2318
f 2317/2317/2317 2319/2319/2319 2318/2318/2318
f 2318/2318/2318 2319/2319/2319 2320/2320/2320
f 2319/2319/2319 2321/2321/2321 2320/2320/2320
f 2320/2320/2320 2321/2321/2321 2322/2322/2322
f 2321/2321/2321 2323/2323/2323 2322/2322/2322
f 2322/2322/2322 2323/2323/2323 2324/2324/2324
f 2323/2323/2323 2325/2325/2325 2324/2324/2324
f 2328/2328/2328 2327/2327/2327 2326/2326/2326
f 2329/2329/2329 2328/2328/2328 2326/2326/2326
f 2330/2330/2330 2329/2329/2329 2326/2326/2326
f 2331/2331/2331 2330/2330/2330 2326/2326/2326
f 2332/2332/2332 2330/2330/2330 2331/2331/2331
f 2333/2333/2333 2332/2332/2332 2331/2331/2331
f 2334/2334/2334 2332/2332/2332 2333/2333/2333
f 2335/2335/2335 2334/2334/2334 2333/2333/2333
f 2336/2336/2336 2334/2334/2334 2335/2335/2335
f 2337/2337/2337 2336/2336/2336 2335/2335/2335
f 2338/2338/2338 2336/2336/2336 2337/2337/2337
f 2339/2339/2339 2338/2338/2338 2337/2337/2337
f 2342/2342/2342 2341/2341/2341 2340/2340/2340
f 2343/2343/2343 2342/2342/2342 2340/2340/2340
f 2344/2344/2344 2342/2342/2342 2343/2343/2343
f 2345/2345/2345 2344/2344/2344 2343/2343/2343
f 2346/2346/2346 2344/2344/2344 2345/2345/2345
f 2347/2347/2347 2346/2346/2346 2345/2345/2345
f 2348/2348/2348 2346/2346/2346 2347/2347/2347
f 2349/2349/2349 2348/2348/2348 2347/2347/2347
f 2350/2350/2350 2348/2348/2348 2349/2349/2349
f 2351/2351/2351 2350/2350/2350 2349/2349/2349
f 2352/2352/2352 2350/2350/2350 2351/2351/2351
f 2353/2353/2353 2352/2352/2352 2351/2351/2351
f 2356/2356/2356 2355/2355/2355 2354/2354/2354
f 2355/2355/2355 2357/2357/2357 2354/2354/2354
f 2354/2354/2354 2357/2357/2357 2358/2358/2358
f 2357/2357/2357 2359/2359/2359 2358/2358/2358
f 2358/2358/2358 2359/2359/2359 2360/2360/2360
f 2359/2359/2359 2361/2361/2361 2360/2360/2360
f 2360/2360/2360 2361/2361/2361 2362/2362/2362
f 2361/2361/2361 2363/2363/2363 2362/2362/2362
f 2362/2362/2362 2363/2363/2363 2364/2364/2364
f 2363/2363/2363 2365/2365/2365 2364/2364/2364
f 2364/2364/2364 2365/2365/2365 2366/2366/2366
f 2365/2365/2365 2367/2367/2367 2366/2366/2366
f 2370/2370/2370 2369/2369/2369 2368/2368/2368
f 2371/2371/2371 2370/2370/2370 2368/2368/2368
f 2372/2372/2372 2370/2370/2370 2371/2371/2371
f 2371/2371/2371 2368/2368/2368 2373/2373/2373
f 2368/2368/2368 2374/2374/2374 2373/2373/2373
f 2374/2374/2374 2375/2375/2375 2373/2373/2373
f 2375/2375/2375 2376/2376/2376 2373/2373/2373
f 2373/2373/2373 2376/2376/2376 2377/2377/2377
f 2371/2371/2371 2373/2373/2373 2377/2377/2377
f 2376/2376/2376 2378/2378/2378 2377/2377/2377
f 2379/2379/2379 2372/2372/2372 2371/2371/2371
f 2379/2379/2379 2371/2371/2371 2377/2377/2377
f 2380/2380/2380 2372/2372/2372 2379/2379/2379
f 2377/2377/2377 2378/2378/2378 2381/2381/2381
f 2379/2379/2379 2377/2377/2377 2381/2381/2381
f 2378/2378/2378 2382/2382/2382 2381/2381/2381
f 2383/2383/2383 2380/2380/2380 2379/2379/2379
f 2383/2383/2383 2379/2379/2379 2381/2381/2381
f 2384/2384/2384 2380/2380/2380 2383/2383/2383
f 2381/2381/2381 2382/2382/2382 2385/2385/2385
f 2383/2383/2383 2381/2381/2381 2385/2385/2385
f 2382/2382/2382 2386/2386/2386 2385/2385/2385
f 2387/2387/2387 2384/2384/2384 2383/2383/2383
f 2387/2387/2387 2383/2383/2383 2385/2385/2385
f 2388/2388/2388 2384/2384/2384 2387/2387/2387
f 2385/2385/2385 2386/2386/2386 2389/2389/2389
f 2387/2387/2387 2385/2385/2385 2389/2389/2389
f 2386/2386/2386 2390/2390/2390 2389/2389/2389
f 2391/2391/2391 2388/2388/2388 2387/2387/2387
f 2391/2391/2391 2387/2387/2387 2389/2389/2389
f 2392/2392/2392 2388/2388/2388 2391/2391/2391
f 2393/2393/2393 2392/2392/2392 2391/2391/2391
f 2393/2393/2393 2391/2391/2391 2394/2394/2394
f 2391/2391/2391 2389/2389/2389 2394/2394/2394
f 2389/2389/2389 2390/2390/2390 2394/2394/2394
f 2390/2390/2390 2395/2395/2395 2394/2394/2394
f 2398/2398/2398 2397/2397/2397 2396/2396/2396
f 2399/2399/2399 2398/2398/2398 2396/2396/2396
f 2400/2400/2400 2398/2398/2398 2399/2399/2399
f 2401/2401/2401 2399/2399/2399 2396/2396/2396
f 2402/2402/2402 2401/2401/2401 2396/2396/2396
f 2402/2402/2402 2403/2403/2403 2401/2401/2401
f 2403/2403/2403 2404/2404/2404 2401/2401/2401
f 2401/2401/2401 2404/2404/2404 2405/2405/2405
f 2401/2401/2401 2405/2405/2405 2399/2399/2399
f 2404/2404/2404 2406/2406/2406 2405/2405/2405
f 2407/2407/2407 2400/2400/2400 2399/2399/2399
f 2405/2405/2405 2407/2407/2407 2399/2399/2399
f 2408/2408/2408 2400/2400/2400 2407/2407/2407
f 2409/2409/2409 2405/2405/2405 2406/2406/2406
f 2405/2405/2405 2409/2409/2409 2407/2407/2407
f 2410/2410/2410 2409/2409/2409 2406/2406/2406
f 2411/2411/2411 2408/2408/2408 2407/2407/2407
f 2409/2409/2409 2411/2411/2411 2407/2407/2407
f 2412/2412/2412 2408/2408/2408 2411/2411/2411
f 2409/2409/2409 2410/2410/2410 2413/2413/2413
f 2409/2409/2409 2413/2413/2413 2411/2411/2411
f 2410/2410/2410 2414/2414/2414 2413/2413/2413
f 2415/2415/2415 2412/2412/2412 2411/2411/2411
f 2413/2413/2413 2415/2415/2415 2411/2411/2411
f 2416/2416/2416 2412/2412/2412 2415/2415/2415
f 2413/2413/2413 2414/2414/2414 2417/2417/2417
f 2413/2413/2413 2417/2417/2417 2415/2415/2415
f 2414/2414/2414 2418/2418/2418 2417/2417/2417
f 2419/2419/2419 2416/2416/2416 2415/2415/2415
f 2417/2417/2417 2419/2419/2419 2415/2415/2415
f 2420/2420/2420 2416/2416/2416 2419/2419/2419
f 2421/2421/2421 2420/2420/2420 2419/2419/2419
f 2422/2422/2422 2421/2421/2421 2419/2419/2419
f 2417/2417/2417 2422/2422/2422 2419/2419/2419
f 2417/2417/2417 2418/2418/2418 2422/2422/2422
f 2418/2418/2418 2423/2423/2423 2422/2422/2422
f 2426/2426/2426 2425/2425/2425 2424/2424/2424
f 2425/2425/2425 2427/2427/2427 2424/2424/2424
f 2424/2424/2424 2427/2427/2427 2428/2428/2428
f 2427/2427/2427 2429/2429/2429 2428/2428/2428
f 2428/2428/2428 2429/2429/2429 2430/2430/2430
f 2429/2429/2429 2431/2431/2431 2430/2430/2430
f 2430/2430/2430 2431/2431/2431 2432/2432/2432
f 2431/2431/2431 2433/2433/2433 2432/2432/2432
f 2432/2432/2432 2433/2433/2433 2434/2434/2434
f 2433/2433/2433 2435/2435/2435 2434/2434/2434
f 2434/2434/2434 2435/2435/2435 2436/2436/2436
f 2435/2435/2435 2437/2437/2437 2436/2436/2436
f 2440/2440/2440 2439/2439/2439 2438/2438/2438
f 2441/2441/2441 2440/2440/2440 2438/2438/2438
f 2442/2442/2442 2440/2440/2440 2441/2441/2441
f 2443/2443/2443 2442/2442/2442 2441/2441/2441
f 2444/2444/2444 2442/2442/2442 2443/2443/2443
f 2445/2445/2445 2444/2444/2444 2443/2443/2443
f 2446/2446/2446 2444/2444/2444 2445/2445/2445
f 2447/2447/2447 2446/2446/2446 2445/2445/2445
f 2448/2448/2448 2446/2446/2446 2447/2447/2447
f 2449/2449/2449 2448/2448/2448 2447/2447/2447
f 2450/2450/2450 2448/2448/2448 2449/2449/2449
f 2451/2451/2451 2450/2450/2450 2449/2449/2449
f 2454/2454/2454 2453/2453/2453 2452/2452/2452
f 2455/2455/2455 2454/2454/2454 2452/2452/2452
f 2456/2456/2456 2454/2454/2454 2455/2455/2455
f 2455/2455/2455 2452/2452/2452 2457/2457/2457
f 2452/2452/2452 2458/2458/2458 2457/2457/2457
f 2458/2458/2458 2459/2459/2459 2457/2457/2457
f 2459/2459/2459 2460/2460/2460 2457/2457/2457
f 2457/2457/2457 2460/2460/2460 2461/2461/2461
f 2455/2455/2455 2457/2457/2457 2461/2461/2461
f 2460/2460/2460 2462/2462/2462 2461/2461/2461
f 2463/2463/2463 2456/2456/2456 2455/2455/2455
f 2463/2463/2463 2455/2455/2455 2461/2461/2461
f 2464/2464/2464 2456/2456/2456 2463/2463/2463
f 2461/2461/2461 2462/2462/2462 2465/2465/2465
f 2463/2463/2463 2461/2461/2461 2465/2465/2465
f 2462/2462/2462 2466/2466/2466 2465/2465/2465
f 2467/2467/2467 2464/2464/2464 2463/2463/2463
f 2467/2467/2467 2463/2463/2463 2465/2465/2465
f 2468/2468/2468 2464/2464/2464 2467/2467/2467
f 2465/2465/2465 2466/2466/2466 2469/2469/2469
f 2467/2467/2467 2465/2465/2465 2469/2469/2469
f 2466/2466/2466 2470/2470/2470 2469/2469/2469
f 2471/2471/2471 2468/2468/2468 2467/2467/2467
f 2471/2471/2471 2467/2467/2467 2469/2469/2469
f 2472/2472/2472 2468/2468/2468 2471/2471/2471
f 2469/2469/2469 2470/2470/2470 2473/2473/2473
f 2471/2471/2471 2469/2469/2469 2473/2473/2473
f 2470/2470/2470 2474/2474/2474 2473/2473/2473
f 2475/2475/2475 2472/2472/2472 2471/2471/2471
f 2475/2475/2475 2471/2471/2471 2473/2473/2473
f 2476/2476/2476 2472/2472/2472 2475/2475/2475
f 2477/2477/2477 2476/2476/2476 2475/2475/2475
f 2477/2477/2477 2475/2475/2475 2478/2478/2478
f 2475/2475/2475 2473/2473/2473 2478/2478/2478
f 2473/2473/2473 2474/2474/2474 2478/2478/2478
f 2474/2474/2474 2479/2479/2479 2478/2478/2478
f 2482/2482/2482 2481/2481/2481 2480/2480/2480
f 2483/2483/2483 2482/2482/2482 2480/2480/2480
f 2484/2484/2484 2482/2482/2482 2483/2483/2483
f 2483/2483/2483 2480/2480/2480 2485/2485/2485
f 2480/2480/2480 2486/2486/2486 2485/2485/2485
f 2486/2486/2486 2487/2487/2487 2485/2485/2485
f 2487/2487/2487 2488/2488/2488 2485/2485/2485
f 2485/2485/2485 2488/2488/2488 2489/2489/2489
f 2483/2483/2483 2485/2485/2485 2489/2489/2489
f 2488/2488/2488 2490/2490/2490 2489/2489/2489
f 2491/2491/2491 2484/2484/2484 2483/2483/2483
f 2491/2491/2491 2483/2483/2483 2489/2489/2489
f 2492/2492/2492 2484/2484/2484 2491/2491/2491
f 2489/2489/2489 2490/2490/2490 2493/2493/2493
f 2491/2491/2491 2489/2489/2489 2493/2493/2493
f 2490/2490/2490 2494/2494/2494 2493/2493/2493
f 2495/2495/2495 2492/2492/2492 2491/2491/2491
f 2495/2495/2495 2491/2491/2491 2493/2493/2493
f 2492/2492/2492 2495/2495/2495 2496/2496/2496
f 2493/2493/2493 2494/2494/2494 2497/2497/2497
f 2495/2495/2495 2493/2493/2493 2497/2497/2497
f 2494/2494/2494 2498/2498/2498 2497/2497/2497
f 2495/2495/2495 2499/2499/2499 2496/2496/2496
f 2499/2499/2499 2495/2495/2495 2497/2497/2497
f 2500/2500/2500 2496/2496/2496 2499/2499/2499
f 2497/2497/2497 2498/2498/2498 2501/2501/2501
f 2499/2499/2499 2497/2497/2497 2501/2501/2501
f 2498/2498/2498 2502/2502/2502 2501/2501/2501
f 2503/2503/2503 2500/2500/2500 2499/2499/2499
f 2503/2503/2503 2499/2499/2499 2501/2501/2501
f 2504/2504/2504 2500/2500/2500 2503/2503/2503
f 2505/2505/2505 2504/2504/2504 2503/2503/2503
f 2505/2505/2505 2503/2503/2503 2506/2506/2506
f 2503/2503/2503 2501/2501/2501 2506/2506/2506
f 2501/2501/2501 2502/2502/2502 2506/2506/2506
f 2502/2502/2502 2507/2507/2507 2506/2506/2506
f 2510/2510/2510 2509/2509/2509 2508/2508/2508
f 2509/2509/2509 2511/2511/2511 2508/2508/2508
f 2508/2508/2508 2511/2511/2511 2512/2512/2512
f 2511/2511/2511 2513/2513/2513 2512/2512/2512
f 2512/2512/2512 2513/2513/2513 2514/2514/2514
f 2513/2513/2513 2515/2515/2515 2514/2514/2514
f 2514/2514/2514 2515/2515/2515 2516/2516/2516
f 2515/2515/2515 2517/2517/2517 2516/2516/2516
f 2516/2516/2516 2517/2517/2517 2518/2518/2518
f 2517/2517/2517 2519/2519/2519 2518/2518/2518
f 2518/2518/2518 2519/2519/2519 2520/2520/2520
f 2519/2519/2519 2521/2521/2521 2520/2520/2520
f 2524/2524/2524 2523/2523/2523 2522/2522/2522
f 2525/2525/2525 2524/2524/2524 2522/2522/2522
f 2526/2526/2526 2525/2525/2525 2522/2522/2522
f 2527/2527/2527 2526/2526/2526 2522/2522/2522
f 2528/2528/2528 2526/2526/2526 2527/2527/2527
f 2529/2529/2529 2528/2528/2528 2527/2527/2527
f 2530/2530/2530 2528/2528/2528 2529/2529/2529
f 2531/2531/2531 2530/2530/2530 2529/2529/2529
f 2532/2532/2532 2530/2530/2530 2531/2531/2531
f 2533/2533/2533 2532/2532/2532 2531/2531/2531
f 2534/2534/2534 2532/2532/2532 2533/2533/2533
f 2535/2535/2535 2534/2534/2534 2533/2533/2533
f 2538/2538/2538 2537/2537/2537 2536/2536/2536
f 2539/2539/2539 2538/2538/2538 2536/2536/2536
f 2540/2540/2540 2538/2538/2538 2539/2539/2539
f 2541/2541/2541 2540/2540/2540 2539/2539/2539
f 2542/2542/2542 2540/2540/2540 2541/2541/2541
f 2543/2543/2543 2542/2542/2542 2541/2541/2541
f 2544/2544/2544 2542/2542/2542 2543/2543/2543
f 2545/2545/2545 2544/2544/2544 2543/2543/2543
f 2546/2546/2546 2544/2544/2544 2545/2545/2545
f 2547/2547/2547 2546/2546/2546 2545/2545/2545
f 2548/2548/2548 2546/2546/2546 2547/2547/2547
f 2549/2549/2549 2548/2548/2548 2547/2547/2547
f 2552/2552/2552 2551/2551/2551 2550/2550/2550
f 2551/2551/2551 2553/2553/2553 2550/2550/2550
f 2550/2550/2550 2553/2553/2553 2554/2554/2554
f 2553/2553/2553 2555/2555/2555 2554/2554/2554
f 2554/2554/2554 2555/2555/2555 2556/2556/2556
f 2555/2555/2555 2557/2557/2557 2556/2556/2556
f 2556/2556/2556 2557/2557/2557 2558/2558/2558
f 2557/2557/2557 2559/2559/2559 2558/2558/2558
f 2558/2558/2558 2559/2559/2559 2560/2560/2560
f 2559/2559/2559 2561/2561/2561 2560/2560/2560
f 2560/2560/2560 2561/2561/2561 2562/2562/2562
f 2561/2561/2561 2563/2563/2563 2562/2562/2562
f 2566/2566/2566 2565/2565/2565 2564/2564/2564
f 2567/2567/2567 2566/2566/2566 2564/2564/2564
f 2568/2568/2568 2566/2566/2566 2567/2567/2567
f 2567/2567/2567 2564/2564/2564 2569/2569/2569
f 2564/2564/2564 2570/2570/2570 2569/2569/2569
f 2570/2570/2570 2571/2571/2571 2569/2569/2569
f 2571/2571/2571 2572/2572/2572 2569/2569/2569
f 2569/2569/2569 2572/2572/2572 2573/2573/2573
f 2567/2567/2567 2569/2569/2569 2573/2573/2573
f 2572/2572/2572 2574/2574/2574 2573/2573/2573
f 2575/2575/2575 2568/2568/2568 2567/2567/2567
f 2575/2575/2575 2567/2567/2567 2573/2573/2573
f 2576/2576/2576 2568/2568/2568 2575/2575/2575
f 2573/2573/2573 2574/2574/2574 2577/2577/2577
f 2575/2575/2575 2573/2573/2573 2577/2577/2577
f 2574/2574/2574 2578/2578/2578 2577/2577/2577
f 2579/2579/2579 2576/2576/2576 2575/2575/2575
f 2579/2579/2579 2575/2575/2575 2577/2577/2577
f 2580/2580/2580 2576/2576/2576 2579/2579/2579
f 2577/2577/2577 2578/2578/2578 2581/2581/2581
f 2579/2579/2579 2577/2577/2577 2581/2581/2581
f 2578/2578/2578 2582/2582/2582 2581/2581/2581
f 2583/2583/2583 2580/2580/2580 2579/2579/2579
f 2583/2583/2583 2579/2579/2579 2581/2581/2581
f 2584/2584/2584 2580/2580/2580 2583/2583/2583
f 2581/2581/2581 2582/2582/2582 2585/2585/2585
f 2583/2583/2583 2581/2581/2581 2585/2585/2585
f 2582/2582/2582 2586/2586/2586 2585/2585/2585
f 2587/2587/2587 2584/2584/2584 2583/2583/2583
f 2587/2587/2587 2583/2583/2583 2585/2585/2585
f 2588/2588/2588 2584/2584/2584 2587/2587/2587
f 2589/2589/2589 2588/2588/2588 2587/2587/2587
f 2589/2589/2589 2587/2587/2587 2590/2590/2590
f 2587/2587/2587 2585/2585/2585 2590/2590/2590
f 2585/2585/2585 2586/2586/2586 2590/2590/2590
f 2586/2586/2586 2591/2591/2591 2590/2590/2590
f 2594/2594/2594 2593/2593/2593 2592/2592/2592
f 2595/2595/2595 2594/2594/2594 2592/2592/2592
f 2596/2596/2596 2594/2594/2594 2595/2595/2595
f 2597/2597/2597 2595/2595/2595 2592/2592/2592
f 2598/2598/2598 2597/2597/2597 2592/2592/2592
f 2598/2598/2598 2599/2599/2599 2597/2597/2597
f 2599/2599/2599 2600/2600/2600 2597/2597/2597
f 2597/2597/2597 2600/2600/2600 2601/2601/2601
f 2597/2597/2597 2601/2601/2601 2595/2595/2595
f 2600/2600/2600 2602/2602/2602 2601/2601/2601
f 2603/2603/2603 2596/2596/2596 2595/2595/2595
f 2601/2601/2601 2603/2603/2603 2595/2595/2595
f 2604/2604/2604 2596/2596/2596 2603/2603/2603
f 2605/2605/2605 2601/2601/2601 2602/2602/2602
f 2601/2601/2601 2605/2605/2605 2603/2603/2603
f 2606/2606/2606 2605/2605/2605 2602/2602/2602
f 2607/2607/2607 2604/2604/2604 2603/2603/2603
f 2605/2605/2605 2607/2607/2607 2603/2603/2603
f 2608/2608/2608 2604/2604/2604 2607/2607/2607
f 2605/2605/2605 2606/2606/2606 2609/2609/2609
f 2605/2605/2605 2609/2609/2609 2607/2607/2607
f 2606/2606/2606 2610/2610/2610 2609/2609/2609
f 2611/2611/2611 2608/2608/2608 2607/2607/2607
f 2609/2609/2609 2611/2611/2611 2607/2607/2607
f 2612/2612/2612 2608/2608/2608 2611/2611/2611
f 2609/2609/2609 2610/2610/2610 2613/2613/2613
f 2609/2609/2609 2613/2613/2613 2611/2611/2611
f 2610/2610/2610 2614/2614/2614 2613/2613/2613
f 2615/2615/2615 2612/2612/2612 2611/2611/2611
f 2613/2613/2613 2615/2615/2615 2611/2611/2611
f 2616/2616/2616 2612/2612/2612 2615/2615/2615
f 2617/2617/2617 2616/2616/2616 2615/2615/2615
f 2618/2618/2618 2617/2617/2617 2615/2615/2615
f 2613/2613/2613 2618/2618/2618 2615/2615/2615
f 2613/2613/2613 2614/2614/2614 2618/2618/2618
f 2614/2614/2614 2619/2619/2619 2618/2618/2618
f 2622/2622/2622 2621/2621/2621 2620/2620/2620
f 2621/2621/2621 2623/2623/2623 2620/2620/2620
f 2620/2620/2620 2623/2623/2623 2624/2624/2624
f 2623/2623/2623 2625/2625/2625 2624/2624/2624
f 2624/2624/2624 2625/2625/2625 2626/2626/2626
f 2625/2625/2625 2627/2627/2627 2626/2626/2626
f 2626/2626/2626 2627/2627/2627 2628/2628/2628
f 2627/2627/2627 2629/2629/2629 2628/2628/2628
f 2628/2628/2628 2629/2629/2629 2630/2630/2630
f 2629/2629/2629 2631/2631/2631 2630/2630/2630
f 2630/2630/2630 2631/2631/2631 2632/2632/2632
f 2631/2631/2631 2633/2633/2633 2632/2632/2632
f 2636/2636/2636 2635/2635/2635 2634/2634/2634
f 2637/2637/2637 2636/2636/2636 2634/2634/2634
f 2638/2638/2638 2636/2636/2636 2637/2637/2637
f 2639/2639/2639 2638/2638/2638 2637/2637/2637
f 2640/2640/2640 2638/2638/2638 2639/2639/2639
f 2641/2641/2641 2640/2640/2640 2639/2639/2639
f 2642/2642/2642 2640/2640/2640 2641/2641/2641
f 2643/2643/2643 2642/2642/2642 2641/2641/2641
f 2644/2644/2644 2642/2642/2642 2643/2643/2643
f 2645/2645/2645 2644/2644/2644 2643/2643/2643
f 2646/2646/2646 2644/2644/2644 2645/2645/2645
f 2647/2647/2647 2646/2646/2646 2645/2645/2645
f 2650/2650/2650 2649/2649/2649 2648/2648/2648
f 2651/2651/2651 2650/2650/2650 2648/2648/2648
f 2652/2652/2652 2650/2650/2650 2651/2651/2651
f 2651/2651/2651 2648/2648/2648 2653/2653/2653
f 2648/2648/2648 2654/2654/2654 2653/2653/2653
f 2654/2654/2654 2655/2655/2655 2653/2653/2653
f 2655/2655/2655 2656/2656/2656 2653/2653/2653
f 2653/2653/2653 2656/2656/2656 2657/2657/2657
f 2651/2651/2651 2653/2653/2653 2657/2657/2657
f 2656/2656/2656 2658/2658/2658 2657/2657/2657
f 2659/2659/2659 2652/2652/2652 2651/2651/2651
f 2659/2659/2659 2651/2651/2651 2657/2657/2657
f 2660/2660/2660 2652/2652/2652 2659/2659/2659
f 2657/2657/2657 2658/2658/2658 2661/2661/2661
f 2659/2659/2659 2657/2657/2657 2661/2661/2661
f 2658/2658/2658 2662/2662/2662 2661/2661/2661
f 2663/2663/2663 2660/2660/2660 2659/2659/2659
f 2663/2663/2663 2659/2659/2659 2661/2661/2661
f 2664/2664/2664 2660/2660/2660 2663/2663/2663
f 2661/2661/2661 2662/2662/2662 2665/2665/2665
f 2663/2663/2663 2661/2661/2661 2665/2665/2665
f 2662/2662/2662 2666/2666/2666 2665/2665/2665
f 2667/2667/2667 2664/2664/2664 2663/2663/2663
f 2667/2667/2667 2663/2663/2663 2665/2665/2665
f 2668/2668/2668 2664/2664/2664 2667/2667/2667
f 2665/2665/2665 2666/2666/2666 2669/2669/2669
f 2667/2667/2667 2665/2665/2665 2669/2669/2669
f 2666/2666/2666 2670/2670/2670 2669/2669/2669
f 2671/2671/2671 2668/2668/2668 2667/2667/2667
f 2671/2671/2671 2667/2667/2667 2669/2669/2669
f 2672/2672/2672 2668/2668/2668 2671/2671/2671
f 2673/2673/2673 2672/2672/2672 2671/2671/2671
f 2673/2673/2673 2671/2671/2671 2674/2674/2674
f 2671/2671/2671 2669/2669/2669 2674/2674/2674
f 2669/2669/2669 2670/2670/2670 2674/2674/2674
f 2670/2670/2670 2675/2675/2675 2674/2674/2674
f 2678/2678/2678 2677/2677/2677 2676/2676/2676
f 2679/2679/2679 2678/2678/2678 2676/2676/2676
f 2680/2680/2680 2678/2678/2678 2679/2679/2679
f 2679/2679/2679 2676/2676/2676 2681/2681/2681
f 2676/2676/2676 2682/2682/2682 2681/2681/2681
f 2682/2682/2682 2683/2683/2683 2681/2681/2681
f 2683/2683/2683 2684/2684/2684 2681/2681/2681
f 2681/2681/2681 2684/2684/2684 2685/2685/2685
f 2679/2679/2679 2681/2681/2681 2685/2685/2685
f 2684/2684/2684 2686/2686/2686 2685/2685/2685
f 2687/2687/2687 2680/2680/2680 2679/2679/2679
f 2687/2687/2687 2679/2679/2679 2685/2685/2685
f 2688/2688/2688 2680/2680/2680 2687/2687/2687
f 2685/2685/2685 2686/2686/2686 2689/2689/2689
f 2687/2687/2687 2685/2685/2685 2689/2689/2689
f 2686/2686/2686 2690/2690/2690 2689/2689/2689
f 2691/2691/2691 2688/2688/2688 2687/2687/2687
f 2691/2691/2691 2687/2687/2687 2689/2689/2689
f 2688/2688/2688 2691/2691/2691 2692/2692/2692
f 2689/2689/2689 2690/2690/2690 2693/2693/2693
f 2691/2691/2691 2689/2689/2689 2693/2693/2693
f 2690/2690/2690 2694/2694/2694 2693/2693/2693
f 2691/2691/2691 2695/2695/2695 2692/2692/2692
f 2695/2695/2695 2691/2691/2691 2693/2693/2693
f 2696/2696/2696 2692/2692/2692 2695/2695/2695
f 2693/2693/2693 2694/2694/2694 2697/2697/2697
f 2695/2695/2695 2693/2693/2693 2697/2697/2697
f 2694/2694/2694 2698/2698/2698 2697/2697/2697
f 2699/2699/2699 2696/2696/2696 2695/2695/2695
f 2699/2699/2699 2695/2695/2695 2697/2697/2697
f 2700/2700/2700 2696/2696/2696 2699/2699/2699
f 2701/2701/2701 2700/2700/2700 2699/2699/2699
f 2701/2701/2701 2699/2699/2699 2702/2702/2702
f 2699/2699/2699 2697/2697/2697 2702/2702/2702
f 2697/2697/2697 2698/2698/2698 2702/2702/2702
f 2698/2698/2698 2703/2703/2703 2702/2702/2702
f 2706/2706/2706 2705/2705/2705 2704/2704/2704
f 2705/2705/2705 2707/2707/2707 2704/2704/2704
f 2704/2704/2704 2707/2707/2707 2708/2708/2708
f 2707/2707/2707 2709/2709/2709 2708/2708/2708
f 2708/2708/2708 2709/2709/2709 2710/2710/2710
f 2709/2709/2709 2711/2711/2711 2710/2710/2710
f 2710/2710/2710 2711/2711/2711 2712/2712/2712
f 2711/2711/2711 2713/2713/2713 2712/2712/2712
f 2712/2712/2712 2713/2713/2713 2714/2714/2714
f 2713/2713/2713 2715/2715/2715 2714/2714/2714
f 2714/2714/2714 2715/2715/2715 2716/2716/2716
f 2715/2715/2715 2717/2717/2717 2716/2716/2716
f 2720/2720/2720 2719/2719/2719 2718/2718/2718
f 2721/2721/2721 2720/2720/2720 2718/2718/2718
f 2722/2722/2722 2721/2721/2721 2718/2718/2718
f 2723/2723/2723 2722/2722/2722 2718/2718/2718
f 2724/2724/2724 2722/2722/2722 2723/2723/2723
f 2725/2725/2725 2724/2724/2724 2723/2723/2723
f 2726/2726/2726 2724/2724/2724 2725/2725/2725
f 2727/2727/2727 2726/2726/2726 2725/2725/2725
f 2728/2728/2728 2726/2726/2726 2727/2727/2727
f 2729/2729/2729 2728/2728/2728 2727/2727/2727
f 2730/2730/2730 2728/2728/2728 2729/2729/2729
f 2731/2731/2731 2730/2730/2730 2729/2729/2729
f 2734/2734/2734 2733/2733/2733 2732/2732/2732
f 2735/2735/2735 2734/2734/2734 2732/2732/2732
f 2736/2736/2736 2734/2734/2734 2735/2735/2735
f 2737/2737/2737 2736/2736/2736 2735/2735/2735
f 2738/2738/2738 2736/2736/2736 2737/2737/2737
f 2739/2739/2739 2738/2738/2738 2737/2737/2737
f 2740/2740/2740 2738/2738/2738 2739/2739/2739
f 2741/2741/2741 2740/2740/2740 2739/2739/2739
f 2742/2742/2742 2740/2740/2740 2741/2741/2741
f 2743/2743/2743 2742/2742/2742 2741/2741/2741
f 2744/2744/2744 2742/2742/2742 2743/2743/2743
f 2745/2745/2745 2744/2744/2744 2743/2743/2743
f 2748/2748/2748 2747/2747/2747 2746/2746/2746
f 2747/2747/2747 2749/2749/2749 2746/2746/2746
f 2746/2746/2746 2749/2749/2749 2750/2750/2750
f 2749/2749/2749 2751/2751/2751 2750/2750/2750
f 2750/2750/2750 2751/2751/2751 2752/2752/2752
f 2751/2751/2751 2753/2753/2753 2752/2752/2752
f 2752/2752/2752 2753/2753/2753 2754/2754/2754
f 2753/2753/2753 2755/2755/2755 2754/2754/2754
f 2754/2754/2754 2755/2755/2755 2756/2756/2756
f 2755/2755/2755 2757/2757/2757 2756/2756/2756
f 2756/2756/2756 2757/2757/2757 2758/2758/2758
f 2757/2757/2757 2759/2759/2759 2758/2758/2758
f 2762/2762/2762 2761/2761/2761 2760/2760/2760
f 2763/2763/2763 2762/2762/2762 2760/2760/2760
f 2764/2764/2764 2762/2762/2762 2763/2763/2763
f 2763/2763/2763 2760/2760/2760 2765/2765/2765
f 2760/2760/2760 2766/2766/2766 2765/2765/2765
f 2766/2766/2766 2767/2767/2767 2765/2765/2765
f 2767/2767/2767 2768/2768/2768 2765/2765/2765
f 2765/2765/2765 2768/2768/2768 2769/2769/2769
f 2763/2763/2763 2765/2765/2765 2769/2769/2769
f 2768/2768/2768 2770/2770/2770 2769/2769/2769
f 2771/2771/2771 2764/2764/2764 2763/2763/2763
f 2771/2771/2771 2763/2763/2763 2769/2769/2769
f 2772/2772/2772 2764/2764/2764 2771/2771/2771
f 2769/2769/2769 2770/2770/2770 2773/2773/2773
f 2771/2771/2771 2769/2769/2769 2773/2773/2773
f 2770/2770/2770 2774/2774/2774 2773/2773/2773
f 2775/2775/2775 2772/2772/2772 2771/2771/2771
f 2775/2775/2775 2771/2771/2771 2773/2773/2773
f 2776/2776/2776 2772/2772/2772 2775/2775/2775
f 2773/2773/2773 2774/2774/2774 2777/2777/2777
f 2775/2775/2775 2773/2773/2773 2777/2777/2777
f 2774/2774/2774 2778/2778/2778 2777/2777/2777
f 2779/2779/2779 2776/2776/2776 2775/2775/2775
f 2779/2779/2779 2775/2775/2775 2777/2777/2777
f 2780/2780/2780 2776/2776/2776 2779/2779/2779
f 2777/2777/2777 2778/2778/2778 2781/2781/2781
f 2779/2779/2779 2777/2777/2777 2781/2781/2781
f 2778/2778/2778 2782/2782/2782 2781/2781/2781
f 2783/2783/2783 2780/2780/2780 2779/2779/2779
f 2783/2783/2783 2779/2779/2779 2781/2781/2781
f 2784/2784/2784 2780/2780/2780 2783/2783/2783
f 2785/2785/2785 2784/2784/2784 2783/2783/2783
f 2785/2785/2785 2783/2783/2783 2786/2786/2786
f 2783/2783/2783 2781/2781/2781 2786/2786/2786
f 2781/2781/2781 2782/2782/2782 2786/2786/2786
f 2782/2782/2782 2787/2787/2787 2786/2786/2786
f 2790/2790/2790 2789/2789/2789 2788/2788/2788
f 2791/2791/2791 2790/2790/2790 2788/2788/2788
f 2792/2792/2792 2790/2790/2790 2791/2791/2791
f 2793/2793/2793 2791/2791/2791 2788/2788/2788
f 2794/2794/2794 2793/2793/2793 2788/2788/2788
f 2794/2794/2794 2795/2795/2795 2793/2793/2793
f 2795/2795/2795 2796/2796/2796 2793/2793/2793
f 2793/2793/2793 2796/2796/2796 2797/2797/2797
f 2793/2793/2793 2797/2797/2797 2791/2791/2791
f 2796/2796/2796 2798/2798/2798 2797/2797/2797
f 2799/2799/2799 2792/2792/2792 2791/2791/2791
f 2797/2797/2797 2799/2799/2799 2791/2791/2791
f 2800/2800/2800 2792/2792/2792 2799/2799/2799
f 2801/2801/2801 2797/2797/2797 2798/2798/2798
f 2797/2797/2797 2801/2801/2801 2799/2799/2799
f 2802/2802/2802 2801/2801/2801 2798/2798/2798
f 2803/2803/2803 2800/2800/2800 2799/2799/2799
f 2801/2801/2801 2803/2803/2803 2799/2799/2799
f 2804/2804/2804 2800/2800/2800 2803/2803/2803
f 2801/2801/2801 2802/2802/2802 2805/2805/2805
f 2801/2801/2801 2805/2805/2805 2803/2803/2803
f 2802/2802/2802 2806/2806/2806 2805/2805/2805
f 2807/2807/2807 2804/2804/2804 2803/2803/2803
f 2805/2805/2805 2807/2807/2807 2803/2803/2803
f 2808/2808/2808 2804/2804/2804 2807/2807/2807
f 2805/2805/2805 2806/2806/2806 2809/2809/2809
f 2805/2805/2805 2809/2809/2809 2807/2807/2807
f 2806/2806/2806 2810/2810/2810 2809/2809/2809
f 2811/2811/2811 2808/2808/2808 2807/2807/2807
f 2809/2809/2809 2811/2811/2811 2807/2807/2807
f 2812/2812/2812 2808/2808/2808 2811/2811/2811
f 2813/2813/2813 2812/2812/2812 2811/2811/2811
f 2814/2814/2814 2813/2813/2813 2811/2811/2811
f 2809/2809/2809 2814/2814/2814 2811/2811/2811
f 2809/2809/2809 2810/2810/2810 2814/2814/2814
f 2810/2810/2810 2815/2815/2815 2814/2814/2814
f 2818/2818/2818 2817/2817/2817 2816/2816/2816
f 2817/2817/2817 2819/2819/2819 2816/2816/2816
f 2816/2816/2816 2819/2819/2819 2820/2820/2820
f 2819/2819/2819 2821/2821/2821 2820/2820/2820
f 2820/2820/2820 2821/2821/2821 2822/2822/2822
f 2821/2821/2821 2823/2823/2823 2822/2822/2822
f 2822/2822/2822 2823/2823/2823 2824/2824/2824
f 2823/2823/2823 2825/2825/2825 2824/2824/2824
f 2824/2824/2824 2825/2825/2825 2826/2826/2826
f 2825/2825/2825 2827/2827/2827 2826/2826/2826
f 2826/2826/2826 2827/2827/2827 2828/2828/2828
f 2827/2827/2827 2829/2829/2829 2828/2828/2828
f 2832/2832/2832 2831/2831/2831 2830/2830/2830
f 2833/2833/2833 2832/2832/2832 2830/2830/2830
f 2834/2834/2834 2832/2832/2832 2833/2833/2833
f 2835/2835/2835 2834/2834/2834 2833/2833/2833
f 2836/2836/2836 2834/2834/2834 2835/2835/2835
f 2837/2837/2837 2836/2836/2836 2835/2835/2835
f 2838/2838/2838 2836/2836/2836 2837/2837/2837
f 2839/2839/2839 2838/2838/2838 2837/2837/2837
f 2840/2840/2840 2838/2838/2838 2839/2839/2839
f 2841/2841/2841 2840/2840/2840 2839/2839/2839
f 2842/2842/2842 2840/2840/2840 2841/2841/2841
f 2843/2843/2843 2842/2842/2842 2841/2841/2841
f 2846/2846/2846 2845/2845/2845 2844/2844/2844
f 2847/2847/2847 2846/2846/2846 2844/2844/2844
f 2848/2848/2848 2846/2846/2846 2847/2847/2847
f 2847/2847/2847 2844/2844/2844 2849/2849/2849
f 2844/2844/2844 2850/2850/2850 2849/2849/2849
f 2850/2850/2850 2851/2851/2851 2849/2849/2849
f 2851/2851/2851 2852/2852/2852 2849/2849/2849
f 2849/2849/2849 2852/2852/2852 2853/2853/2853
f 2847/2847/2847 2849/2849/2849 2853/2853/2853
f 2852/2852/2852 2854/2854/2854 2853/2853/2853
f 2855/2855/2855 2848/2848/2848 2847/2847/2847
f 2855/2855/2855 2847/2847/2847 2853/2853/2853
f 2856/2856/2856 2848/2848/2848 2855/2855/2855
f 2853/2853/2853 2854/2854/2854 2857/2857/2857
f 2855/2855/2855 2853/2853/2853 2857/2857/2857
f 2854/2854/2854 2858/2858/2858 2857/2857/2857
f 2859/2859/2859 2856/2856/2856 2855/2855/2855
f 2859/2859/2859 2855/2855/2855 2857/2857/2857
f 2860/2860/2860 2856/2856/2856 2859/2859/2859
f 2857/2857/2857 2858/2858/2858 2861/2861/2861
f 2859/2859/2859 2857/2857/2857 2861/2861/2861
f 2858/2858/2858 2862/2862/2862 2861/2861/2861
f 2863/2863/2863 2860/2860/2860 2859/2859/2859
f 2863/2863/2863 2859/2859/2859 2861/2861/2861
f 2864/2864/2864 2860/2860/2860 2863/2863/2863
f 2861/2861/2861 2862/2862/2862 2865/2865/2865
f 2863/2863/2863 2861/2861/2861 2865/2865/2865
f 2862/2862/2862 2866/2866/2866 2865/2865/2865
f 2867/2867/2867 2864/2864/2864 2863/2863/2863
f 2867/2867/2867 2863/2863/2863 2865/2865/2865
f 2868/2868/2868 2864/2864/2864 2867/2867/2867
f 2869/2869/2869 2868/2868/2868 2867/2867/2867
f 2869/2869/2869 2867/2867/2867 2870/2870/2870
f 2867/2867/2867 2865/2865/2865 2870/2870/2870
f 2865/2865/2865 2866/2866/2866 2870/2870/2870
f 2866/2866/2866 2871/2871/2871 2870/2870/2870
f 2874/2874/2874 2873/2873/2873 2872/2872/2872
f 2875/2875/2875 2874/2874/2874 2872/2872/2872
f 2876/2876/2876 2874/2874/2874 2875/2875/2875
f 2875/2875/2875 2872/2872/2872 2877/2877/2877
f 2872/2872/2872 2878/2878/2878 2877/2877/2877
f 2878/2878/2878 2879/2879/2879 2877/2877/2877
f 2879/2879/2879 2880/2880/2880 2877/2877/2877
f 2877/2877/2877 2880/2880/2880 2881/2881/2881
f 2875/2875/2875 2877/2877/2877 2881/2881/2881
f 2880/2880/2880 2882/2882/2882 2881/2881/2881
f 2883/2883/2883 2876/2876/2876 2875/2875/2875
f 2883/2883/2883 2875/2875/2875 2881/2881/2881
f 2884/2884/2884 2876/2876/2876 2883/2883/2883
f 2881/2881/2881 2882/2882/2882 2885/2885/2885
f 2883/2883/2883 2881/2881/2881 2885/2885/2885
f 2882/2882/2882 2886/2886/2886 2885/2885/2885
f 2887/2887/2887 2884/2884/2884 2883/2883/2883
f 2887/2887/2887 2883/2883/2883 2885/2885/2885
f 2884/2884/2884 2887/2887/2887 2888/2888/2888
f 2885/2885/2885 2886/2886/2886 2889/2889/2889
f 2887/2887/2887 2885/2885/2885 2889/2889/2889
f 2886/2886/2886 2890/2890/2890 2889/2889/2889
f 2887/2887/2887 2891/2891/2891 2888/2888/2888
f 2891/2891/2891 2887/2887/2887 2889/2889/2889
f 2892/2892/2892 2888/2888/2888 2891/2891/2891
f 2889/2889/2889 2890/2890/2890 2893/2893/2893
f 2891/2891/2891 2889/2889/2889 2893/2893/2893
f 2890/2890/2890 2894/2894/2894 2893/2893/2893
f 2895/2895/2895 2892/2892/2892 2891/2891/2891
f 2895/2895/2895 2891/2891/2891 2893/2893/2893
f 2896/2896/2896 2892/2892/2892 2895/2895/2895
f 2897/2897/2897 2896/2896/2896 2895/2895/2895
f 2897/2897/2897 2895/2895/2895 2898/2898/2898
f 2895/2895/2895 2893/2893/2893 2898/2898/2898
f 2893/2893/2893 2894/2894/2894 2898/2898/2898
f 2894/2894/2894 2899/2899/2899 2898/2898/2898
f 2902/2902/2902 2901/2901/2901 2900/2900/2900
f 2901/2901/2901 2903/2903/2903 2900/2900/2900
f 2900/2900/2900 2903/2903/2903 2904/2904/2904
f 2903/2903/2903 2905/2905/2905 2904/2904/2904
f 2904/2904/2904 2905/2905/2905 2906/2906/2906
f 2905/2905/2905 2907/2907/2907 2906/2906/2906
f 2906/2906/2906 2907/2907/2907 2908/2908/2908
f 2907/2907/2907 2909/2909/2909 2908/2908/2908
f 2908/2908/2908 2909/2909/2909 2910/2910/2910
f 2909/2909/2909 2911/2911/2911 2910/2910/2910
f 2910/2910/2910 2911/2911/2911 2912/2912/2912
f 2911/2911/2911 2913/2913/2913 2912/2912/2912
f 2916/2916/2916 2915/2915/2915 2914/2914/2914
f 2917/2917/2917 2916/2916/2916 2914/2914/2914
f 2918/2918/2918 2917/2917/2917 2914/2914/2914
f 2919/2919/2919 2918/2918/2918 2914/2914/2914
f 2920/2920/2920 2918/2918/2918 2919/2919/2919
f 2921/2921/2921 2920/2920/2920 2919/2919/2919
f 2922/2922/2922 2920/2920/2920 2921/2921/2921
f 2923/2923/2923 2922/2922/2922 2921/2921/2921
f 2924/2924/2924 2922/2922/2922 2923/2923/2923
f 2925/2925/2925 2924/2924/2924 2923/2923/2923
f 2926/2926/2926 2924/2924/2924 2925/2925/2925
f 2927/2927/2927 2926/2926/2926 2925/2925/2925
f 2930/2930/2930 2929/2929/2929 2928/2928/2928
f 2931/2931/2931 2930/2930/2930 2928/2928/2928
f 2932/2932/2932 2930/2930/2930 2931/2931/2931
f 2933/2933/2933 2932/2932/2932 2931/2931/2931
f 2934/2934/2934 2932/2932/2932 2933/2933/2933
f 2935/2935/2935 2934/2934/2934 2933/2933/2933
f 2936/2936/2936 2934/2934/2934 2935/2935/2935
f 2937/2937/2937 2936/2936/2936 2935/2935/2935
f 2938/2938/2938 2936/2936/2936 2937/2937/2937
f 2939/2939/2939 2938/2938/2938 2937/2937/2937
f 2940/2940/2940 2938/2938/2938 2939/2939/2939
f 2941/2941/2941 2940/2940/2940 2939/2939/2939
f 2944/2944/2944 2943/2943/2943 2942/2942/2942
f 2943/2943/2943 2945/2945/2945 2942/2942/2942
f 2942/2942/2942 2945/2945/2945 2946/2946/2946
f 2945/2945/2945 2947/2947/2947 2946/2946/2946
f 2946/2946/2946 2947/2947/2947 2948/2948/2948
f 2947/2947/2947 2949/2949/2949 2948/2948/2948
f 2948/2948/2948 2949/2949/2949 2950/2950/2950
f 2949/2949/2949 2951/2951/2951 2950/2950/2950
f 2950/2950/2950 2951/2951/2951 2952/2952/2952
f 2951/2951/2951 2953/2953/2953 2952/2952/2952
f 2952/2952/2952 2953/2953/2953 2954/2954/2954
f 2953/2953/2953 2955/2955/2955 2954/2954/2954
f 2958/2958/2958 2957/2957/2957 2956/2956/2956
f 2959/2959/2959 2958/2958/2958 2956/2956/2956
f 2960/2960/2960 2958/2958/2958 2959/2959/2959
f 2959/2959/2959 2956/2956/2956 2961/2961/2961
f 2956/2956/2956 2962/2962/2962 2961/2961/2961
f 2962/2962/2962 2963/2963/2963 2961/2961/2961
f 2963/2963/2963 2964/2964/2964 2961/2961/2961
f 2961/2961/2961 2964/2964/2964 2965/2965/2965
f 2959/2959/2959 2961/2961/2961 2965/2965/2965
f 2964/2964/2964 2966/2966/2966 2965/2965/2965
f 2967/2967/2967 2960/2960/2960 2959/2959/2959
f 2967/2967/2967 2959/2959/2959 2965/2965/2965
f 2968/2968/2968 2960/2960/2960 2967/2967/2967
f 2965/2965/2965 2966/2966/2966 2969/2969/2969
f 2967/2967/2967 2965/2965/2965 2969/2969/2969
f 2966/2966/2966 2970/2970/2970 2969/2969/2969
f 2971/2971/2971 2968/2968/2968 2967/2967/2967
f 2971/2971/2971 2967/2967/2967 2969/2969/2969
f 2972/2972/2972 2968/2968/2968 2971/2971/2971
f 2969/2969/2969 2970/2970/2970 2973/2973/2973
f 2971/2971/2971 2969/2969/2969 2973/2973/2973
f 2970/2970/2970 2974/2974/2974 2973/2973/2973
f 2975/2975/2975 2972/2972/2972 2971/2971/2971
f 2975/2975/2975 2971/2971/2971 2973/2973/2973
f 2976/2976/2976 2972/2972/2972 2975/2975/2975
f 2973/2973/2973 2974/2974/2974 2977/2977/2977
f 2975/2975/2975 2973/2973/2973 2977/2977/2977
f 2974/2974/2974 2978/2978/2978 2977/2977/2977
f 2979/2979/2979 2976/2976/2976 2975/2975/2975
f 2979/2979/2979 2975/2975/2975 2977/2977/2977
f 2980/2980/2980 2976/2976/2976 2979/2979/2979
f 2981/2981/2981 2980/2980/2980 2979/2979/2979
f 2981/2981/2981 2979/2979/2979 2982/2982/2982
f 2979/2979/2979 2977/2977/2977 2982/2982/2982
f 2977/2977/2977 2978/2978/2978 2982/2982/2982
f 2978/2978/2978 2983/2983/2983 2982/2982/2982
f 2986/2986/2986 2985/2985/2985 2984/2984/2984
f 2987/2987/2987 2986/2986/2986 2984/2984/2984
f 2988/2988/2988 2986/2986/2986 2987/2987/2987
f 2989/2989/2989 2987/2987/2987 2984/2984/2984
f 2990/2990/2990 2989/2989/2989 2984/2984/2984
f 2990/2990/2990 2991/2991/2991 2989/2989/2989
f 2991/2991/2991 2992/2992/2992 2989/2989/2989
f 2989/2989/2989 2992/2992/2992 2993/2993/2993
f 2989/2989/2989 2993/2993/2993 2987/2987/2987
f 2992/2992/2992 2994/2994/2994 2993/2993/2993
f 2995/2995/2995 2988/2988/2988 2987/2987/2987
f 2993/2993/2993 2995/2995/2995 2987/2987/2987
f 2996/2996/2996 2988/2988/2988 2995/2995/2995
f 2997/2997/2997 2993/2993/2993 2994/2994/2994
f 2993/2993/2993 2997/2997/2997 2995/2995/2995
f 2998/2998/2998 2997/2997/2997 2994/2994/2994
f 2999/2999/2999 2996/2996/2996 2995/2995/2995
f 2997/2997/2997 2999/2999/2999 2995/2995/2995
f 3000/3000/3000 2996/2996/2996 2999/2999/2999
f 2997/2997/2997 2998/2998/2998 3001/3001/3001
f 2997/2997/2997 3001/3001/3001 2999/2999/2999
f 2998/2998/2998 3002/3002/3002 3001/3001/3001
f 3003/3003/3003 3000/3000/3000 2999/2999/2999
f 3001/3001/3001 3003/3003/3003 2999/2999/2999
f 3004/3004/3004 3000/3000/3000 3003/3003/3003
f 3001/3001/3001 3002/3002/3002 3005/3005/3005
f 3001/3001/3001 3005/3005/3005 3003/3003/3003
f 3002/3002/3002 3006/3006/3006 3005/3005/3005
f 3007/3007/3007 3004/3004/3004 3003/3003/3003
f 3005/3005/3005 3007/3007/3007 3003/3003/3003
f 3008/3008/3008 3004/3004/3004 3007/3007/3007
f 3009/3009/3009 3008/3008/3008 3007/3007/3007
f 3010/3010/3010 3009/3009/3009 3007/3007/3007
f 3005/3005/3005 3010/3010/3010 3007/3007/3007
f 3005/3005/3005 3006/3006/3006 3010/3010/3010
f 3006/3006/3006 3011/3011/3011 3010/3010/3010
f 3014/3014/3014 3013/3013/3013 3012/3012/3012
f 3013/3013/3013 3015/3015/3015 3012/3012/3012
f 3012/3012/3012 3015/3015/3015 3016/3016/3016
f 3015/3015/3015 3017/3017/3017 3016/3016/3016
f 3016/3016/3016 3017/3017/3017 3018/3018/3018
f 3017/3017/3017 3019/3019/3019 3018/3018/3018
f 3018/3018/3018 3019/3019/3019 3020/3020/3020
f 3019/3019/3019 3021/3021/3021 3020/3020/3020
f 3020/3020/3020 3021/3021/3021 3022/3022/3022
f 3021/3021/3021 3023/3023/3023 3022/3022/3022
f 3022/3022/3022 3023/3023/3023 3024/3024/3024
f 3023/3023/3023 3025/3025/3025 3024/3024/3024
f 3028/3028/3028 3027/3027/3027 3026/3026/3026
f 3029/3029/3029 3028/3028/3028 3026/3026/3026
f 3030/3030/3030 3028/3028/3028 3029/3029/3029
f 3031/3031/3031 3030/3030/3030 3029/3029/3029
f 3032/3032/3032 3030/3030/3030 3031/3031/3031
f 3033/3033/3033 3032/3032/3032 3031/3031/3031
f 3034/3034/3034 3032/3032/3032 3033/3033/3033
f 3035/3035/3035 3034/3034/3034 3033/3033/3033
f 3036/3036/3036 3034/3034/3034 3035/3035/3035
f 3037/3037/3037 3036/3036/3036 3035/3035/3035
f 3038/3038/3038 3036/3036/3036 3037/3037/3037
f 3039/3039/3039 3038/3038/3038 3037/3037/3037
f 3042/3042/3042 3041/3041/3041 3040/3040/3040
f 3043/3043/3043 3042/3042/3042 3040/3040/3040
f 3044/3044/3044 3042/3042/3042 3043/3043/3043
f 3043/3043/3043 3040/3040/3040 3045/3045/3045
f 3040/3040/3040 3046/3046/3046 3045/3045/3045
f 3046/3046/3046 3047/3047/3047 3045/3045/3045
f 3047/3047/3047 3048/3048/3048 3045/3045/3045
f 3045/3045/3045 3048/3048/3048 3049/3049/3049
f 3043/3043/3043 3045/3045/3045 3049/3049/3049
f 3048/3048/3048 3050/3050/3050 3049/3049/3049
f 3051/3051/3051 3044/3044/3044 3043/3043/3043
f 3051/3051/3051 3043/3043/3043 3049/3049/3049
f 3052/3052/3052 3044/3044/3044 3051/3051/3051
f 3049/3049/3049 3050/3050/3050 3053/3053/3053
f 3051/3051/3051 3049/3049/3049 3053/3053/3053
f 3050/3050/3050 3054/3054/3054 3053/3053/3053
f 3055/3055/3055 3052/3052/3052 3051/3051/3051
f 3055/3055/3055 3051/3051/3051 3053/3053/3053
f 3056/3056/3056 3052/3052/3052 3055/3055/3055
f 3053/3053/3053 3054/3054/3054 3057/3057/3057
f 3055/3055/3055 3053/3053/3053 3057/3057/3057
f 3054/3054/3054 3058/3058/3058 3057/3057/3057
f 3059/3059/3059 3056/3056/3056 3055/3055/3055
f 3059/3059/3059 3055/3055/3055 3057/3057/3057
f 3060/3060/3060 3056/3056/3056 3059/3059/3059
f 3057/3057/3057 3058/3058/3058 3061/3061/3061
f 3059/3059/3059 3057/3057/3057 3061/3061/3061
f 3058/3058/3058 3062/3062/3062 3061/3061/3061
f 3063/3063/3063 3060/3060/3060 3059/3059/3059
f 3063/3063/3063 3059/3059/3059 3061/3061/3061
f 3064/3064/3064 3060/3060/3060 3063/3063/3063
f 3065/3065/3065 3064/3064/3064 3063/3063/3063
f 3065/3065/3065 3063/3063/3063 3066/3066/3066
f 3063/3063/3063 3061/3061/3061 3066/3066/3066
f 3061/3061/3061 3062/3062/3062 3066/3066/3066
f 3062/3062/3062 3067/3067/3067 3066/3066/3066
f 3070/3070/3070 3069/3069/3069 3068/3068/3068
f 3071/3071/3071 3070/3070/3070 3068/3068/3068
f 3072/3072/3072 3070/3070/3070 3071/3071/3071
f 3071/3071/3071 3068/3068/3068 3073/3073/3073
f 3068/3068/3068 3074/3074/3074 3073/3073/3073
f 3074/3074/3074 3075/3075/3075 3073/3073/3073
f 3075/3075/3075 3076/3076/3076 3073/3073/3073
f 3073/3073/3073 3076/3076/3076 3077/3077/3077
f 3071/3071/3071 3073/3073/3073 3077/3077/3077
f 3076/3076/3076 3078/3078/3078 3077/3077/3077
f 3079/3079/3079 3072/3072/3072 3071/3071/3071
f 3079/3079/3079 3071/3071/3071 3077/3077/3077
f 3080/3080/3080 3072/3072/3072 3079/3079/3079
f 3077/3077/3077 3078/3078/3078 3081/3081/3081
f 3079/3079/3079 3077/3077/3077 3081/3081/3081
f 3078/3078/3078 3082/3082/3082 3081/3081/3081
f 3083/3083/3083 3080/3080/3080 3079/3079/3079
f 3083/3083/3083 3079/3079/3079 3081/3081/3081
f 3080/3080/3080 3083/3083/3083 3084/3084/3084
f 3081/3081/3081 3082/3082/3082 3085/3085/3085
f 3083/3083/3083 3081/3081/3081 3085/3085/3085
f 3082/3082/3082 3086/3086/3086 3085/3085/3085
f 3083/3083/3083 3087/3087/3087 3084/3084/3084
f 3087/3087/3087 3083/3083/3083 3085/3085/3085
f 3088/3088/3088 3084/3084/3084 3087/3087/3087
f 3085/3085/3085 3086/3086/3086 3089/3089/3089
f 3087/3087/3087 3085/3085/3085 3089/3089/3089
f 3086/3086/3086 3090/3090/3090 3089/3089/3089
f 3091/3091/3091 3088/3088/3088 3087/3087/3087
f 3091/3091/3091 3087/3087/3087 3089/3089/3089
f 3092/3092/3092 3088/3088/3088 3091/3091/3091
f 3093/3093/3093 3092/3092/3092 3091/3091/3091
f 3093/3093/3093 3091/3091/3091 3094/3094/3094
f 3091/3091/3091 3089/3089/3089 3094/3094/3094
f 3089/3089/3089 3090/3090/3090 3094/3094/3094
f 3090/3090/3090 3095/3095/3095 3094/3094/3094
f 3098/3098/3098 3097/3097/3097 3096/3096/3096
f 3097/3097/3097 3099/3099/3099 3096/3096/3096
f 3096/3096/3096 3099/3099/3099 3100/3100/3100
f 3099/3099/3099 3101/3101/3101 3100/3100/3100
f 3100/3100/3100 3101/3101/3101 3102/3102/3102
f 3101/3101/3101 3103/3103/3103 3102/3102/3102
f 3102/3102/3102 3103/3103/3103 3104/3104/3104
f 3103/3103/3103 3105/3105/3105 3104/3104/3104
f 3104/3104/3104 3105/3105/3105 3106/3106/3106
f 3105/3105/3105 3107/3107/3107 3106/3106/3106
f 3106/3106/3106 3107/3107/3107 3108/3108/3108
f 3107/3107/3107 3109/3109/3109 3108/3108/3108
f 3112/3112/3112 3111/3111/3111 3110/3110/3110
f 3113/3113/3113 3112/3112/3112 3110/3110/3110
f 3114/3114/3114 3113/3113/3113 3110/3110/3110
f 3115/3115/3115 3114/3114/3114 3110/3110/3110
f 3116/3116/3116 3114/3114/3114 3115/3115/3115
f 3117/3117/3117 3116/3116/3116 3115/3115/3115
f 3118/3118/3118 3116/3116/3116 3117/3117/3117
f 3119/3119/3119 3118/3118/3118 3117/3117/3117
f 3120/3120/3120 3118/3118/3118 3119/3119/3119
f 3121/3121/3121 3120/3120/3120 3119/3119/3119
f 3122/3122/3122 3120/3120/3120 3121/3121/3121
f 3123/3123/3123 3122/3122/3122 3121/3121/3121
f 3126/3126/3126 3125/3125/3125 3124/3124/3124
f 3127/3127/3127 3126/3126/3126 3124/3124/3124
f 3128/3128/3128 3126/3126/3126 3127/3127/3127
f 3129/3129/3129 3128/3128/3128 3127/3127/3127
f 3130/3130/3130 3128/3128/3128 3129/3129/3129
f 3131/3131/3131 3130/3130/3130 3129/3129/3129
f 3132/3132/3132 3130/3130/3130 3131/3131/3131
f 3133/3133/3133 3132/3132/3132 3131/3131/3131
f 3134/3134/3134 3132/3132/3132 3133/3133/3133
f 3135/3135/3135 3134/3134/3134 3133/3133/3133
f 3136/3136/3136 3134/3134/3134 3135/3135/3135
f 3137/3137/3137 3136/3136/3136 3135/3135/3135
f 3140/3140/3140 3139/3139/3139 3138/3138/3138
f 3139/3139/3139 3141/3141/3141 3138/3138/3138
f 3138/3138/3138 3141/3141/3141 3142/3142/3142
f 3141/3141/3141 3143/3143/3143 3142/3142/3142
f 3142/3142/3142 3143/3143/3143 3144/3144/3144
f 3143/3143/3143 3145/3145/3145 3144/3144/3144
f 3144/3144/3144 3145/3145/3145 3146/3146/3146
f 3145/3145/3145 3147/3147/3147 3146/3146/3146
f 3146/3146/3146 3147/3147/3147 3148/3148/3148
f 3147/3147/3147 3149/3149/3149 3148/3148/3148
f 3148/3148/3148 3149/3149/3149 3150/3150/3150
f 3149/3149/3149 3151/3151/3151 3150/3150/3150
f 3154/3154/3154 3153/3153/3153 3152/3152/3152
f 3155/3155/3155 3154/3154/3154 3152/3152/3152
f 3156/3156/3156 3154/3154/3154 3155/3155/3155
f 3155/3155/3155 3152/3152/3152 3157/3157/3157
f 3152/3152/3152 3158/3158/3158 3157/3157/3157
f 3158/3158/3158 3159/3159/3159 3157/3157/3157
f 3159/3159/3159 3160/3160/3160 3157/3157/3157
f 3157/3157/3157 3160/3160/3160 3161/3161/3161
f 3155/3155/3155 3157/3157/3157 3161/3161/3161
f 3160/3160/3160 3162/3162/3162 3161/3161/3161
f 3163/3163/3163 3156/3156/3156 3155/3155/3155
f 3163/3163/3163 3155/3155/3155 3161/3161/3161
f 3164/3164/3164 3156/3156/3156 3163/3163/3163
f 3161/3161/3161 3162/3162/3162 3165/3165/3165
f 3163/3163/3163 3161/3161/3161 3165/3165/3165
f 3162/3162/3162 3166/3166/3166 3165/3165/3165
f 3167/3167/3167 3164/3164/3164 3163/3163/3163
f 3167/3167/3167 3163/3163/3163 3165/3165/3165
f 3168/3168/3168 3164/3164/3164 3167/3167/3167
f 3165/3165/3165 3166/3166/3166 3169/3169/3169
f 3167/3167/3167 3165/3165/3165 3169/3169/3169
f 3166/3166/3166 3170/3170/3170 3169/3169/3169
f 3171/3171/3171 3168/3168/3168 3167/3167/3167
f 3171/3171/3171 3167/3167/3167 3169/3169/3169
f 3172/3172/3172 3168/3168/3168 3171/3171/3171
f 3169/3169/3169 3170/3170/3170 3173/3173/3173
f 3171/3171/3171 3169/3169/3169 3173/3173/3173
f 3170/3170/3170 3174/3174/3174 3173/3173/3173
f 3175/3175/3175 3172/3172/3172 3171/3171/3171
f 3175/3175/3175 3171/3171/3171 3173/3173/3173
f 3176/3176/3176 3172/3172/3172 3175/3175/3175
f 3177/3177/3177 3176/3176/3176 3175/3175/3175
f 3177/3177/3177 3175/3175/3175 3178/3178/3178
f 3175/3175/3175 3173/3173/3173 3178/3178/3178
f 3173/3173/3173 3174/3174/3174 3178/3178/3178
f 3174/3174/3174 3179/3179/3179 3178/3178/3178
f 3182/3182/3182 3181/3181/3181 3180/3180/3180
f 3183/3183/3183 3182/3182/3182 3180/3180/3180
f 3184/3184/3184 3182/3182/3182 3183/3183/3183
f 3185/3185/3185 3183/3183/3183 3180/3180/3180
f 3186/3186/3186 3185/3185/3185 3180/3180/3180
f 3186/3186/3186 3187/3187/3187 3185/3185/3185
f 3187/3187/3187 3188/3188/3188 3185/3185/3185
f 3185/3185/3185 3188/3188/3188 3189/3189/3189
f 3185/3185/3185 3189/3189/3189 3183/3183/3183
f 3188/3188/3188 3190/3190/3190 3189/3189/3189
f 3191/3191/3191 3184/3184/3184 3183/3183/3183
f 3189/3189/3189 3191/3191/3191 3183/3183/3183
f 3192/3192/3192 3184/3184/3184 3191/3191/3191
f 3193/3193/3193 3189/3189/3189 3190/3190/3190
f 3189/3189/3189 3193/3193/3193 3191/3191/3191
f 3194/3194/3194 3193/3193/3193 3190/3190/3190
f 3195/3195/3195 3192/3192/3192 3191/3191/3191
f 3193/3193/3193 3195/3195/3195 3191/3191/3191
f 3196/3196/3196 3192/3192/3192 3195/3195/3195
f 3193/3193/3193 3194/3194/3194 3197/3197/3197
f 3193/3193/3193 3197/3197/3197 3195/3195/3195
f 3194/3194/3194 3198/3198/3198 3197/3197/3197
f 3199/3199/3199 3196/3196/3196 3195/3195/3195
f 3197/3197/3197 3199/3199/3199 3195/3195/3195
f 3200/3200/3200 3196/3196/3196 3199/3199/3199
f 3197/3197/3197 3198/3198/3198 3201/3201/3201
f 3197/3197/3197 3201/3201/3201 3199/3199/3199
f 3198/3198/3198 3202/3202/3202 3201/3201/3201
f 3203/3203/3203 3200/3200/3200 3199/3199/3199
f 3201/3201/3201 3203/3203/3203 3199/3199/3199
f 3204/3204/3204 3200/3200/3200 3203/3203/3203
f 3205/3205/3205 3204/3204/3204 3203/3203/3203
f 3206/3206/3206 3205/3205/3205 3203/3203/3203
f 3201/3201/3201 3206/3206/3206 3203/3203/3203
f 3201/3201/3201 3202/3202/3202 3206/3206/3206
f 3202/3202/3202 3207/3207/3207 3206/3206/3206
f 3210/3210/3210 3209/3209/3209 3208/3208/3208
f 3209/3209/3209 3211/3211/3211 3208/3208/3208
f 3208/3208/3208 3211/3211/3211 3212/3212/3212
f 3211/3211/3211 3213/3213/3213 3212/3212/3212
f 3212/3212/3212 3213/3213/3213 3214/3214/3214
f 3213/3213/3213 3215/3215/3215 3214/3214/3214
f 3214/3214/3214 3215/3215/3215 3216/3216/3216
f 3215/3215/3215 3217/3217/3217 3216/3216/3216
f 3216/3216/3216 3217/3217/3217 3218/3218/3218
f 3217/3217/3217 3219/3219/3219 3218/3218/3218
f 3218/3218/3218 3219/3219/3219 3220/3220/3220
f 3219/3219/3219 3221/3221/3221 3220/3220/3220
f 3224/3224/3224 3223/3223/3223 3222/3222/3222
f 3225/3225/3225 3224/3224/3224 3222/3222/3222
f 3226/3226/3226 3224/3224/3224 3225/3225/3225
f 3227/3227/3227 3226/3226/3226 3225/3225/3225
f 3228/3228/3228 3226/3226/3226 3227/3227/3227
f 3229/3229/3229 3228/3228/3228 3227/3227/3227
f 3230/3230/3230 3228/3228/3228 3229/3229/3229
f 3231/3231/3231 3230/3230/3230 3229/3229/3229
f 3232/3232/3232 3230/3230/3230 3231/3231/3231
f 3233/3233/3233 3232/3232/3232 3231/3231/3231
f 3234/3234/3234 3232/3232/3232 3233/3233/3233
f 3235/3235/3235 3234/3234/3234 3233/3233/3233
f 3238/3238/3238 3237/3237/3237 3236/3236/3236
f 3239/3239/3239 3238/3238/3238 3236/3236/3236
f 3240/3240/3240 3238/3238/3238 3239/3239/3239
f 3239/3239/3239 3236/3236/3236 3241/3241/3241
f 3236/3236/3236 3242/3242/3242 3241/3241/3241
f 3242/3242/3242 3243/3243/3243 3241/3241/3241
f 3243/3243/3243 3244/3244/3244 3241/3241/3241
f 3241/3241/3241 3244/3244/3244 3245/3245/3245
f 3239/3239/3239 3241/3241/3241 3245/3245/3245
f 3244/3244/3244 3246/3246/3246 3245/3245/3245
f 3247/3247/3247 3240/3240/3240 3239/3239/3239
f 3247/3247/3247 3239/3239/3239 3245/3245/3245
f 3248/3248/3248 3240/3240/3240 3247/3247/3247
f 3245/3245/3245 3246/3246/3246 3249/3249/3249
f 3247/3247/3247 3245/3245/3245 3249/3249/3249
f 3246/3246/3246 3250/3250/3250 3249/3249/3249
f 3251/3251/3251 3248/3248/3248 3247/3247/3247
f 3251/3251/3251 3247/3247/3247 3249/3249/3249
f 3252/3252/3252 3248/3248/3248 3251/3251/3251
f 3249/3249/3249 3250/3250/3250 3253/3253/3253
f 3251/3251/3251 3249/3249/3249 3253/3253/3253
f 3250/3250/3250 3254/3254/3254 3253/3253/3253
f 3255/3255/3255 3252/3252/3252 3251/3251/3251
f 3255/3255/3255 3251/3251/3251 3253/3253/3253
f 3256/3256/3256 3252/3252/3252 3255/3255/3255
f 3253/3253/3253 3254/3254/3254 3257/3257/3257
f 3255/3255/3255 3253/3253/3253 3257/3257/3257
f 3254/3254/3254 3258/3258/3258 3257/3257/3257
f 3259/3259/3259 3256/3256/3256 3255/3255/3255
f 3259/3259/3259 3255/3255/3255 3257/3257/3257
f 3260/3260/3260 3256/3256/3256 3259/3259/3259
f 3261/3261/3261 3260/3260/3260 3259/3259/3259
f 3261/3261/3261 3259/3259/3259 3262/3262/3262
f 3259/3259/3259 3257/3257/3257 3262/3262/3262
f 3257/3257/3257 3258/3258/3258 3262/3262/3262
f 3258/3258/3258 3263/3263/3263 3262/3262/3262
f 3266/3266/3266 3265/3265/3265 3264/3264/3264
f 3267/3267/3267 3266/3266/3266 3264/3264/3264
f 3268/3268/3268 3266/3266/3266 3267/3267/3267
f 3267/3267/3267 3264/3264/3264 3269/3269/3269
f 3264/3264/3264 3270/3270/3270 3269/3269/3269
f 3270/3270/3270 3271/3271/3271 3269/3269/3269
f 3271/3271/3271 3272/3272/3272 3269/3269/3269
f 3269/3269/3269 3272/3272/3272 3273/3273/3273
f 3267/3267/3267 3269/3269/3269 3273/3273/3273
f 3272/3272/3272 3274/3274/3274 3273/3273/3273
f 3275/3275/3275 3268/3268/3268 3267/3267/3267
f 3275/3275/3275 3267/3267/3267 3273/3273/3273
f 3276/3276/3276 3268/3268/3268 3275/3275/3275
f 3273/3273/3273 3274/3274/3274 3277/3277/3277
f 3275/3275/3275 3273/3273/3273 3277/3277/3277
f 3274/3274/3274 3278/3278/3278 3277/3277/3277
f 3279/3279/3279 3276/3276/3276 3275/3275/3275
f 3279/3279/3279 3275/3275/3275 3277/3277/3277
f 3276/3276/3276 3279/3279/3279 3280/3280/3280
f 3277/3277/3277 3278/3278/3278 3281/3281/3281
f 3279/3279/3279 3277/3277/3277 3281/3281/3281
f 3278/3278/3278 3282/3282/3282 3281/3281/3281
f 3279/3279/3279 3283/3283/3283 3280/3280/3280
f 3283/3283/3283 3279/3279/3279 3281/3281/3281
f 3284/3284/3284 3280/3280/3280 3283/3283/3283
f 3281/3281/3281 3282/3282/3282 3285/3285/3285
f 3283/3283/3283 3281/3281/3281 3285/3285/3285
f 3282/3282/3282 3286/3286/3286 3285/3285/3285
f 3287/3287/3287 3284/3284/3284 3283/3283/3283
f 3287/3287/3287 3283/3283/3283 3285/3285/3285
f 3288/3288/3288 3284/3284/3284 3287/3287/3287
f 3289/3289/3289 3288/3288/3288 3287/3287/3287
f 3289/3289/3289 3287/3287/3287 3290/3290/3290
f 3287/3287/3287 3285/3285/3285 3290/3290/3290
f 3285/3285/3285 3286/3286/3286 3290/3290/3290
f 3286/3286/3286 3291/3291/3291 3290/3290/3290
f 3294/3294/3294 3293/3293/3293 3292/3292/3292
f 3293/3293/3293 3295/3295/3295 3292/3292/3292
f 3292/3292/3292 3295/3295/3295 3296/3296/3296
f 3295/3295/3295 3297/3297/3297 3296/3296/3296
f 3296/3296/3296 3297/3297/3297 3298/3298/3298
f 3297/3297/3297 3299/3299/3299 3298/3298/3298
f 3298/3298/3298 3299/3299/3299 3300/3300/3300
f 3299/3299/3299 3301/3301/3301 3300/3300/3300
f 3300/3300/3300 3301/3301/3301 3302/3302/3302
f 3301/3301/3301 3303/3303/3303 3302/3302/3302
f 3302/3302/3302 3303/3303/3303 3304/3304/3304
f 3303/3303/3303 3305/3305/3305 3304/3304/3304
f 3308/3308/3308 3307/3307/3307 3306/3306/3306
f 3309/3309/3309 3308/3308/3308 3306/3306/3306
f 3310/3310/3310 3309/3309/3309 3306/3306/3306
f 3311/3311/3311 3310/3310/3310 3306/3306/3306
f 3312/3312/3312 3310/3310/3310 3311/3311/3311
f 3313/3313/3313 3312/3312/3312 3311/3311/3311
f 3314/3314/3314 3312/3312/3312 3313/3313/3313
f 3315/3315/3315 3314/3314/3314 3313/3313/3313
f 3316/3316/3316 3314/3314/3314 3315/3315/3315
f 3317/3317/3317 3316/3316/3316 3315/3315/3315
f 3318/3318/3318 3316/3316/3316 3317/3317/3317
f 3319/3319/3319 3318/3318/3318 3317/3317/3317
f 3322/3322/3322 3321/3321/3321 3320/3320/3320
f 3323/3323/3323 3322/3322/3322 3320/3320/3320
f 3324/3324/3324 3322/3322/3322 3323/3323/3323
f 3325/3325/3325 3324/3324/3324 3323/3323/3323
f 3326/3326/3326 3324/3324/3324 3325/3325/3325
f 3327/3327/3327 3326/3326/3326 3325/3325/3325
f 3328/3328/3328 3326/3326/3326 3327/3327/3327
f 3329/3329/3329 3328/3328/3328 3327/3327/3327
f 3330/3330/3330 3328/3328/3328 3329/3329/3329
f 3331/3331/3331 3330/3330/3330 3329/3329/3329
f 3332/3332/3332 3330/3330/3330 3331/3331/3331
f 3333/3333/3333 3332/3332/3332 3331/3331/3331
f 3336/3336/3336 3335/3335/3335 3334/3334/3334
f 3335/3335/3335 3337/3337/3337 3334/3334/3334
f 3334/3334/3334 3337/3337/3337 3338/3338/3338
f 3337/3337/3337 3339/3339/3339 3338/3338/3338
f 3338/3338/3338 3339/3339/3339 3340/3340/3340
f 3339/3339/3339 3341/3341/3341 3340/3340/3340
f 3340/3340/3340 3341/3341/3341 3342/3342/3342
f 3341/3341/3341 3343/3343/3343 3342/3342/3342
f 3342/3342/3342 3343/3343/3343 3344/3344/3344
f 3343/3343/3343 3345/3345/3345 3344/3344/3344
f 3344/3344/3344 3345/3345/3345 3346/3346/3346
f 3345/3345/3345 3347/3347/3347 3346/3346/3346
f 3350/3350/3350 3349/3349/3349 3348/3348/3348
f 3351/3351/3351 3350/3350/3350 3348/3348/3348
f 3352/3352/3352 3350/3350/3350 3351/3351/3351
f 3351/3351/3351 3348/3348/3348 3353/3353/3353
f 3348/3348/3348 3354/3354/3354 3353/3353/3353
f 3354/3354/3354 3355/3355/3355 3353/3353/3353
f 3355/3355/3355 3356/3356/3356 3353/3353/3353
f 3353/3353/3353 3356/3356/3356 3357/3357/3357
f 3351/3351/3351 3353/3353/3353 3357/3357/3357
f 3356/3356/3356 3358/3358/3358 3357/3357/3357
f 3359/3359/3359 3352/3352/3352 3351/3351/3351
f 3359/3359/3359 3351/3351/3351 3357/3357/3357
f 3360/3360/3360 3352/3352/3352 3359/3359/3359
f 3357/3357/3357 3358/3358/3358 3361/3361/3361
f 3359/3359/3359 3357/3357/3357 3361/3361/3361
f 3358/3358/3358 3362/3362/3362 3361/3361/3361
f 3363/3363/3363 3360/3360/3360 3359/3359/3359
f 3363/3363/3363 3359/3359/3359 3361/3361/3361
f 3364/3364/3364 3360/3360/3360 3363/3363/3363
f 3361/3361/3361 3362/3362/3362 3365/3365/3365
f 3363/3363/3363 3361/3361/3361 3365/3365/3365
f 3362/3362/3362 3366/3366/3366 3365/3365/3365
f 3367/3367/3367 3364/3364/3364 3363/3363/3363
f 3367/3367/3367 3363/3363/3363 3365/3365/3365
f 3368/3368/3368 3364/3364/3364 3367/3367/3367
f 3365/3365/3365 3366/3366/3366 3369/3369/3369
f 3367/3367/3367 3365/3365/3365 3369/3369/3369
f 3366/3366/3366 3370/3370/3370 3369/3369/3369
f 3371/3371/3371 3368/3368/3368 3367/3367/3367
f 3371/3371/3371 3367/3367/3367 3369/3369/3369
f 3372/3372/3372 3368/3368/3368 3371/3371/3371
f 3373/3373/3373 3372/3372/3372 3371/3371/3371
f 3373/3373/3373 3371/3371/3371 3374/3374/3374
f 3371/3371/3371 3369/3369/3369 3374/3374/3374
f 3369/3369/3369 3370/3370/3370 3374/3374/3374
f 3370/3370/3370 3375/3375/3375 3374/3374/3374
f 3378/3378/3378 3377/3377/3377 3376/3376/3376
f 3379/3379/3379 3378/3378/3378 3376/3376/3376
f 3380/3380/3380 3378/3378/3378 3379/3379/3379
f 3379/3379/3379 3376/3376/3376 3381/3381/3381
f 3376/3376/3376 3382/3382/3382 3381/3381/3381
f 3382/3382/3382 3383/3383/3383 3381/3381/3381
f 3383/3383/3383 3384/3384/3384 3381/3381/3381
f 3381/3381/3381 3384/3384/3384 3385/3385/3385
f 3379/3379/3379 3381/3381/3381 3385/3385/3385
f 3384/3384/3384 3386/3386/3386 3385/3385/3385
f 3387/3387/3387 3380/3380/3380 3379/3379/3379
f 3387/3387/3387 3379/3379/3379 3385/3385/3385
f 3388/3388/3388 3380/3380/3380 3387/3387/3387
f 3385/3385/3385 3386/3386/3386 3389/3389/3389
f 3387/3387/3387 3385/3385/3385 3389/3389/3389
f 3386/3386/3386 3390/3390/3390 3389/3389/3389
f 3391/3391/3391 3388/3388/3388 3387/3387/3387
f 3391/3391/3391 3387/3387/3387 3389/3389/3389
f 3388/3388/3388 3391/3391/3391 3392/3392/3392
f 3389/3389/3389 3390/3390/3390 3393/3393/3393
f 3391/3391/3391 3389/3389/3389 3393/3393/3393
f 3390/3390/3390 3394/3394/3394 3393/3393/3393
f 3391/3391/3391 3395/3395/3395 3392/3392/3392
f 3395/3395/3395 3391/3391/3391 3393/3393/3393
f 3396/3396/3396 3392/3392/3392 3395/3395/3395
f 3393/3393/3393 3394/3394/3394 3397/3397/3397
f 3395/3395/3395 3393/3393/3393 3397/3397/3397
f 3394/3394/3394 3398/3398/3398 3397/3397/3397
f 3399/3399/3399 3396/3396/3396 3395/3395/3395
f 3399/3399/3399 3395/3395/3395 3397/3397/3397
f 3400/3400/3400 3396/3396/3396 3399/3399/3399
f 3401/3401/3401 3400/3400/3400 3399/3399/3399
f 3401/3401/3401 3399/3399/3399 3402/3402/3402
f 3399/3399/3399 3397/3397/3397 3402/3402/3402
f 3397/3397/3397 3398/3398/3398 3402/3402/3402
f 3398/3398/3398 3403/3403/3403 3402/3402/3402
f 3406/3406/3406 3405/3405/3405 3404/3404/3404
f 3407/3407/3407 3406/3406/3406 3404/3404/3404
f 3408/3408/3408 3406/3406/3406 3407/3407/3407
f 3409/3409/3409 3407/3407/3407 3404/3404/3404
f 3410/3410/3410 3409/3409/3409 3404/3404/3404
f 3410/3410/3410 3411/3411/3411 3409/3409/3409
f 3411/3411/3411 3412/3412/3412 3409/3409/3409
f 3409/3409/3409 3412/3412/3412 3413/3413/3413
f 3409/3409/3409 3413/3413/3413 3407/3407/3407
f 3412/3412/3412 3414/3414/3414 3413/3413/3413
f 3415/3415/3415 3408/3408/3408 3407/3407/3407
f 3413/3413/3413 3415/3415/3415 3407/3407/3407
f 3416/3416/3416 3408/3408/3408 3415/3415/3415
f 3413/3413/3413 3414/3414/3414 3417/3417/3417
f 3413/3413/3413 3417/3417/3417 3415/3415/3415
f 3414/3414/3414 3418/3418/3418 3417/3417/3417
f 3419/3419/3419 3416/3416/3416 3415/3415/3415
f 3417/3417/3417 3419/3419/3419 3415/3415/3415
f 3420/3420/3420 3416/3416/3416 3419/3419/3419
f 3417/3417/3417 3418/3418/3418 3421/3421/3421
f 3417/3417/3417 3421/3421/3421 3419/3419/3419
f 3418/3418/3418 3422/3422/3422 3421/3421/3421
f 3423/3423/3423 3420/3420/3420 3419/3419/3419
f 3421/3421/3421 3423/3423/3423 3419/3419/3419
f 3424/3424/3424 3420/3420/3420 3423/3423/3423
f 3421/3421/3421 3422/3422/3422 3425/3425/3425
f 3421/3421/3421 3425/3425/3425 3423/3423/3423
f 3422/3422/3422 3426/3426/3426 3425/3425/3425
f 3427/3427/3427 3424/3424/3424 3423/3423/3423
f 3425/3425/3425 3427/3427/3427 3423/3423/3423
f 3428/3428/3428 3424/3424/3424 3427/3427/3427
f 3429/3429/3429 3428/3428/3428 3427/3427/3427
f 3430/3430/3430 3429/3429/3429 3427/3427/3427
f 3425/3425/3425 3430/3430/3430 3427/3427/3427
f 3425/3425/3425 3426/3426/3426 3430/3430/3430
f 3426/3426/3426 3431/3431/3431 3430/3430/3430
f 3434/3434/3434 3433/3433/3433 3432/3432/3432
f 3433/3433/3433 3435/3435/3435 3432/3432/3432
f 3432/3432/3432 3435/3435/3435 3436/3436/3436
f 3435/3435/3435 3437/3437/3437 3436/3436/3436
f 3436/3436/3436 3437/3437/3437 3438/3438/3438
f 3437/3437/3437 3439/3439/3439 3438/3438/3438
f 3438/3438/3438 3439/3439/3439 3440/3440/3440
f 3439/3439/3439 3441/3441/3441 3440/3440/3440
f 3440/3440/3440 3441/3441/3441 3442/3442/3442
f 3441/3441/3441 3443/3443/3443 3442/3442/3442
f 3443/3443/3443 3444/3444/3444 3442/3442/3442
f 3444/3444/3444 3445/3445/3445 3442/3442/3442
f 3448/3448/3448 3447/3447/3447 3446/3446/3446
f 3449/3449/3449 3448/3448/3448 3446/3446/3446
f 3450/3450/3450 3448/3448/3448 3449/3449/3449
f 3451/3451/3451 3449/3449/3449 3446/3446/3446
f 3452/3452/3452 3451/3451/3451 3446/3446/3446
f 3452/3452/3452 3453/3453/3453 3451/3451/3451
f 3453/3453/3453 3454/3454/3454 3451/3451/3451
f 3451/3451/3451 3454/3454/3454 3455/3455/3455
f 3451/3451/3451 3455/3455/3455 3449/3449/3449
f 3454/3454/3454 3456/3456/3456 3455/3455/3455
f 3457/3457/3457 3450/3450/3450 3449/3449/3449
f 3455/3455/3455 3457/3457/3457 3449/3449/3449
f 3458/3458/3458 3450/3450/3450 3457/3457/3457
f 3459/3459/3459 3455/3455/3455 3456/3456/3456
f 3455/3455/3455 3459/3459/3459 3457/3457/3457
f 3460/3460/3460 3459/3459/3459 3456/3456/3456
f 3461/3461/3461 3458/3458/3458 3457/3457/3457
f 3459/3459/3459 3461/3461/3461 3457/3457/3457
f 3462/3462/3462 3458/3458/3458 3461/3461/3461
f 3459/3459/3459 3460/3460/3460 3463/3463/3463
f 3459/3459/3459 3463/3463/3463 3461/3461/3461
f 3460/3460/3460 3464/3464/3464 3463/3463/3463
f 3465/3465/3465 3462/3462/3462 3461/3461/3461
f 3463/3463/3463 3465/3465/3465 3461/3461/3461
f 3466/3466/3466 3462/3462/3462 3465/3465/3465
f 3463/3463/3463 3464/3464/3464 3467/3467/3467
f 3463/3463/3463 3467/3467/3467 3465/3465/3465
f 3464/3464/3464 3468/3468/3468 3467/3467/3467
f 3469/3469/3469 3466/3466/3466 3465/3465/3465
f 3467/3467/3467 3469/3469/3469 3465/3465/3465
f 3470/3470/3470 3466/3466/3466 3469/3469/3469
f 3471/3471/3471 3470/3470/3470 3469/3469/3469
f 3472/3472/3472 3471/3471/3471 3469/3469/3469
f 3467/3467/3467 3472/3472/3472 3469/3469/3469
f 3467/3467/3467 3468/3468/3468 3472/3472/3472
f 3468/3468/3468 3473/3473/3473 3472/3472/3472
f 3476/3476/3476 3475/3475/3475 3474/3474/3474
f 3477/3477/3477 3476/3476/3476 3474/3474/3474
f 3478/3478/3478 3476/3476/3476 3477/3477/3477
f 3479/3479/3479 3478/3478/3478 3477/3477/3477
f 3480/3480/3480 3478/3478/3478 3479/3479/3479
f 3481/3481/3481 3480/3480/3480 3479/3479/3479
f 3482/3482/3482 3480/3480/3480 3481/3481/3481
f 3483/3483/3483 3482/3482/3482 3481/3481/3481
f 3484/3484/3484 3482/3482/3482 3483/3483/3483
f 3485/3485/3485 3484/3484/3484 3483/3483/3483
f 3486/3486/3486 3484/3484/3484 3485/3485/3485
f 3487/3487/3487 3486/3486/3486 3485/3485/3485
f 3490/3490/3490 3489/3489/3489 3488/3488/3488
f 3491/3491/3491 3490/3490/3490 3488/3488/3488
f 3492/3492/3492 3490/3490/3490 3491/3491/3491
f 3493/3493/3493 3492/3492/3492 3491/3491/3491
f 3494/3494/3494 3492/3492/3492 3493/3493/3493
f 3495/3495/3495 3494/3494/3494 3493/3493/3493
f 3496/3496/3496 3494/3494/3494 3495/3495/3495
f 3497/3497/3497 3496/3496/3496 3495/3495/3495
f 3498/3498/3498 3496/3496/3496 3497/3497/3497
f 3499/3499/3499 3498/3498/3498 3497/3497/3497
f 3500/3500/3500 3498/3498/3498 3499/3499/3499
f 3501/3501/3501 3500/3500/3500 3499/3499/3499
f 3504/3504/3504 3503/3503/3503 3502/3502/3502
f 3503/3503/3503 3505/3505/3505 3502/3502/3502
f 3502/3502/3502 3505/3505/3505 3506/3506/3506
f 3505/3505/3505 3507/3507/3507 3506/3506/3506
f 3506/3506/3506 3507/3507/3507 3508/3508/3508
f 3507/3507/3507 3509/3509/3509 3508/3508/3508
f 3508/3508/3508 3509/3509/3509 3510/3510/3510
f 3509/3509/3509 3511/3511/3511 3510/3510/3510
f 3510/3510/3510 3511/3511/3511 3512/3512/3512
f 3511/3511/3511 3513/3513/3513 3512/3512/3512
f 3512/3512/3512 3513/3513/3513 3514/3514/3514
f 3513/3513/3513 3515/3515/3515 3514/3514/3514
f 3518/3518/3518 3517/3517/3517 3516/3516/3516
f 3519/3519/3519 3518/3518/3518 3516/3516/3516
f 3520/3520/3520 3518/3518/3518 3519/3519/3519
f 3521/3521/3521 3519/3519/3519 3516/3516/3516
f 3522/3522/3522 3521/3521/3521 3516/3516/3516
f 3522/3522/3522 3523/3523/3523 3521/3521/3521
f 3523/3523/3523 3524/3524/3524 3521/3521/3521
f 3521/3521/3521 3524/3524/3524 3525/3525/3525
f 3521/3521/3521 3525/3525/3525 3519/3519/3519
f 3524/3524/3524 3526/3526/3526 3525/3525/3525
f 3527/3527/3527 3520/3520/3520 3519/3519/3519
f 3525/3525/3525 3527/3527/3527 3519/3519/3519
f 3528/3528/3528 3520/3520/3520 3527/3527/3527
f 3525/3525/3525 3526/3526/3526 3529/3529/3529
f 3525/3525/3525 3529/3529/3529 3527/3527/3527
f 3526/3526/3526 3530/3530/3530 3529/3529/3529
f 3531/3531/3531 3528/3528/3528 3527/3527/3527
f 3529/3529/3529 3531/3531/3531 3527/3527/3527
f 3532/3532/3532 3528/3528/3528 3531/3531/3531
f 3529/3529/3529 3530/3530/3530 3533/3533/3533
f 3529/3529/3529 3533/3533/3533 3531/3531/3531
f 3530/3530/3530 3534/3534/3534 3533/3533/3533
f 3535/3535/3535 3532/3532/3532 3531/3531/3531
f 3533/3533/3533 3535/3535/3535 3531/3531/3531
f 3536/3536/3536 3532/3532/3532 3535/3535/3535
f 3533/3533/3533 3534/3534/3534 3537/3537/3537
f 3533/3533/3533 3537/3537/3537 3535/3535/3535
f 3534/3534/3534 3538/3538/3538 3537/3537/3537
f 3539/3539/3539 3536/3536/3536 3535/3535/3535
f 3537/3537/3537 3539/3539/3539 3535/3535/3535
f 3540/3540/3540 3536/3536/3536 3539/3539/3539
f 3541/3541/3541 3540/3540/3540 3539/3539/3539
f 3542/3542/3542 3541/3541/3541 3539/3539/3539
f 3537/3537/3537 3542/3542/3542 3539/3539/3539
f 3537/3537/3537 3538/3538/3538 3542/3542/3542
f 3538/3538/3538 3543/3543/3543 3542/3542/3542
f 3546/3546/3546 3545/3545/3545 3544/3544/3544
f 3547/3547/3547 3546/3546/3546 3544/3544/3544
f 3548/3548/3548 3546/3546/3546 3547/3547/3547
f 3549/3549/3549 3548/3548/3548 3547/3547/3547
f 3550/3550/3550 3548/3548/3548 3549/3549/3549
f 3551/3551/3551 3550/3550/3550 3549/3549/3549
f 3552/3552/3552 3550/3550/3550 3551/3551/3551
f 3553/3553/3553 3552/3552/3552 3551/3551/3551
f 3554/3554/3554 3552/3552/3552 3553/3553/3553
f 3555/3555/3555 3554/3554/3554 3553/3553/3553
f 3556/3556/3556 3554/3554/3554 3555/3555/3555
f 3557/3557/3557 3556/3556/3556 3555/3555/3555
f 3560/3560/3560 3559/3559/3559 3558/3558/3558
f 3559/3559/3559 3561/3561/3561 3558/3558/3558
f 3558/3558/3558 3561/3561/3561 3562/3562/3562
f 3561/3561/3561 3563/3563/3563 3562/3562/3562
f 3562/3562/3562 3563/3563/3563 3564/3564/3564
f 3563/3563/3563 3565/3565/3565 3564/3564/3564
f 3564/3564/3564 3565/3565/3565 3566/3566/3566
f 3565/3565/3565 3567/3567/3567 3566/3566/3566
f 3566/3566/3566 3567/3567/3567 3568/3568/3568
f 3567/3567/3567 3569/3569/3569 3568/3568/3568
f 3568/3568/3568 3569/3569/3569 3570/3570/3570
f 3569/3569/3569 3571/3571/3571 3570/3570/3570
f 3574/3574/3574 3573/3573/3573 3572/3572/3572
f 3575/3575/3575 3574/3574/3574 3572/3572/3572
f 3576/3576/3576 3574/3574/3574 3575/3575/3575
f 3575/3575/3575 3572/3572/3572 3577/3577/3577
f 3572/3572/3572 3578/3578/3578 3577/3577/3577
f 3578/3578/3578 3579/3579/3579 3577/3577/3577
f 3579/3579/3579 3580/3580/3580 3577/3577/3577
f 3577/3577/3577 3580/3580/3580 3581/3581/3581
f 3575/3575/3575 3577/3577/3577 3581/3581/3581
f 3580/3580/3580 3582/3582/3582 3581/3581/3581
f 3583/3583/3583 3576/3576/3576 3575/3575/3575
f 3583/3583/3583 3575/3575/3575 3581/3581/3581
f 3584/3584/3584 3576/3576/3576 3583/3583/3583
f 3581/3581/3581 3582/3582/3582 3585/3585/3585
f 3583/3583/3583 3581/3581/3581 3585/3585/3585
f 3582/3582/3582 3586/3586/3586 3585/3585/3585
f 3587/3587/3587 3584/3584/3584 3583/3583/3583
f 3587/3587/3587 3583/3583/3583 3585/3585/3585
f 3584/3584/3584 3587/3587/3587 3588/3588/3588
f 3585/3585/3585 3586/3586/3586 3589/3589/3589
f 3587/3587/3587 3585/3585/3585 3589/3589/3589
f 3586/3586/3586 3590/3590/3590 3589/3589/3589
f 3587/3587/3587 3591/3591/3591 3588/3588/3588
f 3591/3591/3591 3587/3587/3587 3589/3589/3589
f 3592/3592/3592 3588/3588/3588 3591/3591/3591
f 3589/3589/3589 3590/3590/3590 3593/3593/3593
f 3591/3591/3591 3589/3589/3589 3593/3593/3593
f 3590/3590/3590 3594/3594/3594 3593/3593/3593
f 3595/3595/3595 3592/3592/3592 3591/3591/3591
f 3595/3595/3595 3591/3591/3591 3593/3593/3593
f 3596/3596/3596 3592/3592/3592 3595/3595/3595
f 3597/3597/3597 3596/3596/3596 3595/3595/3595
f 3597/3597/3597 3595/3595/3595 3598/3598/3598
f 3595/3595/3595 3593/3593/3593 3598/3598/3598
f 3593/3593/3593 3594/3594/3594 3598/3598/3598
f 3594/3594/3594 3599/3599/3599 3598/3598/3598
f 3602/3602/3602 3601/3601/3601 3600/3600/3600
f 3603/3603/3603 3602/3602/3602 3600/3600/3600
f 3604/3604/3604 3602/3602/3602 3603/3603/3603
f 3605/3605/3605 3603/3603/3603 3600/3600/3600
f 3606/3606/3606 3605/3605/3605 3600/3600/3600
f 3606/3606/3606 3607/3607/3607 3605/3605/3605
f 3607/3607/3607 3608/3608/3608 3605/3605/3605
f 3605/3605/3605 3608/3608/3608 3609/3609/3609
f 3605/3605/3605 3609/3609/3609 3603/3603/3603
f 3608/3608/3608 3610/3610/3610 3609/3609/3609
f 3611/3611/3611 3604/3604/3604 3603/3603/3603
f 3609/3609/3609 3611/3611/3611 3603/3603/3603
f 3612/3612/3612 3604/3604/3604 3611/3611/3611
f 3609/3609/3609 3610/3610/3610 3613/3613/3613
f 3609/3609/3609 3613/3613/3613 3611/3611/3611
f 3610/3610/3610 3614/3614/3614 3613/3613/3613
f 3615/3615/3615 3612/3612/3612 3611/3611/3611
f 3613/3613/3613 3615/3615/3615 3611/3611/3611
f 3616/3616/3616 3612/3612/3612 3615/3615/3615
f 3613/3613/3613 3614/3614/3614 3617/3617/3617
f 3613/3613/3613 3617/3617/3617 3615/3615/3615
f 3614/3614/3614 3618/3618/3618 3617/3617/3617
f 3619/3619/3619 3616/3616/3616 3615/3615/3615
f 3617/3617/3617 3619/3619/3619 3615/3615/3615
f 3620/3620/3620 3616/3616/3616 3619/3619/3619
f 3617/3617/3617 3618/3618/3618 3621/3621/3621
f 3617/3617/3617 3621/3621/3621 3619/3619/3619
f 3618/3618/3618 3622/3622/3622 3621/3621/3621
f 3623/3623/3623 3620/3620/3620 3619/3619/3619
f 3621/3621/3621 3623/3623/3623 3619/3619/3619
f 3624/3624/3624 3620/3620/3620 3623/3623/3623
f 3625/3625/3625 3624/3624/3624 3623/3623/3623
f 3626/3626/3626 3625/3625/3625 3623/3623/3623
f 3621/3621/3621 3626/3626/3626 3623/3623/3623
f 3621/3621/3621 3622/3622/3622 3626/3626/3626
f 3622/3622/3622 3627/3627/3627 3626/3626/3626
f 3630/3630/3630 3629/3629/3629 3628/3628/3628
f 3629/3629/3629 3631/3631/3631 3628/3628/3628
f 3628/3628/3628 3631/3631/3631 3632/3632/3632
f 3631/3631/3631 3633/3633/3633 3632/3632/3632
f 3632/3632/3632 3633/3633/3633 3634/3634/3634
f 3633/3633/3633 3635/3635/3635 3634/3634/3634
f 3634/3634/3634 3635/3635/3635 3636/3636/3636
f 3635/3635/3635 3637/3637/3637 3636/3636/3636
f 3636/3636/3636 3637/3637/3637 3638/3638/3638
f 3637/3637/3637 3639/3639/3639 3638/3638/3638
f 3639/3639/3639 3640/3640/3640 3638/3638/3638
f 3640/3640/3640 3641/3641/3641 3638/3638/3638
f 3644/3644/3644 3643/3643/3643 3642/3642/3642
f 3645/3645/3645 3644/3644/3644 3642/3642/3642
f 3646/3646/3646 3644/3644/3644 3645/3645/3645
f 3647/3647/3647 3645/3645/3645 3642/3642/3642
f 3648/3648/3648 3647/3647/3647 3642/3642/3642
f 3648/3648/3648 3649/3649/3649 3647/3647/3647
f 3649/3649/3649 3650/3650/3650 3647/3647/3647
f 3647/3647/3647 3650/3650/3650 3651/3651/3651
f 3647/3647/3647 3651/3651/3651 3645/3645/3645
f 3650/3650/3650 3652/3652/3652 3651/3651/3651
f 3653/3653/3653 3646/3646/3646 3645/3645/3645
f 3651/3651/3651 3653/3653/3653 3645/3645/3645
f 3654/3654/3654 3646/3646/3646 3653/3653/3653
f 3655/3655/3655 3651/3651/3651 3652/3652/3652
f 3651/3651/3651 3655/3655/3655 3653/3653/3653
f 3656/3656/3656 3655/3655/3655 3652/3652/3652
f 3657/3657/3657 3654/3654/3654 3653/3653/3653
f 3655/3655/3655 3657/3657/3657 3653/3653/3653
f 3658/3658/3658 3654/3654/3654 3657/3657/3657
f 3655/3655/3655 3656/3656/3656 3659/3659/3659
f 3655/3655/3655 3659/3659/3659 3657/3657/3657
f 3656/3656/3656 3660/3660/3660 3659/3659/3659
f 3661/3661/3661 3658/3658/3658 3657/3657/3657
f 3659/3659/3659 3661/3661/3661 3657/3657/3657
f 3662/3662/3662 3658/3658/3658 3661/3661/3661
f 3659/3659/3659 3660/3660/3660 3663/3663/3663
f 3659/3659/3659 3663/3663/3663 3661/3661/3661
f 3660/3660/3660 3664/3664/3664 3663/3663/3663
f 3665/3665/3665 3662/3662/3662 3661/3661/3661
f 3663/3663/3663 3665/3665/3665 3661/3661/3661
f 3666/3666/3666 3662/3662/3662 3665/3665/3665
f 3667/3667/3667 3666/3666/3666 3665/3665/3665
f 3668/3668/3668 3667/3667/3667 3665/3665/3665
f 3663/3663/3663 3668/3668/3668 3665/3665/3665
f 3663/3663/3663 3664/3664/3664 3668/3668/3668
f 3664/3664/3664 3669/3669/3669 3668/3668/3668
f 3672/3672/3672 3671/3671/3671 3670/3670/3670
f 3673/3673/3673 3672/3672/3672 3670/3670/3670
f 3674/3674/3674 3672/3672/3672 3673/3673/3673
f 3675/3675/3675 3674/3674/3674 3673/3673/3673
f 3676/3676/3676 3674/3674/3674 3675/3675/3675
f 3677/3677/3677 3676/3676/3676 3675/3675/3675
f 3678/3678/3678 3676/3676/3676 3677/3677/3677
f 3679/3679/3679 3678/3678/3678 3677/3677/3677
f 3680/3680/3680 3678/3678/3678 3679/3679/3679
f 3681/3681/3681 3680/3680/3680 3679/3679/3679
f 3682/3682/3682 3680/3680/3680 3681/3681/3681
f 3683/3683/3683 3682/3682/3682 3681/3681/3681
f 3686/3686/3686 3685/3685/3685 3684/3684/3684
f 3687/3687/3687 3686/3686/3686 3684/3684/3684
f 3688/3688/3688 3686/3686/3686 3687/3687/3687
f 3689/3689/3689 3688/3688/3688 3687/3687/3687
f 3690/3690/3690 3688/3688/3688 3689/3689/3689
f 3691/3691/3691 3690/3690/3690 3689/3689/3689
f 3692/3692/3692 3690/3690/3690 3691/3691/3691
f 3693/3693/3693 3692/3692/3692 3691/3691/3691
f 3694/3694/3694 3692/3692/3692 3693/3693/3693
f 3695/3695/3695 3694/3694/3694 3693/3693/3693
f 3696/3696/3696 3694/3694/3694 3695/3695/3695
f 3697/3697/3697 3696/3696/3696 3695/3695/3695
f 3700/3700/3700 3699/3699/3699 3698/3698/3698
f 3699/3699/3699 3701/3701/3701 3698/3698/3698
f 3698/3698/3698 3701/3701/3701 3702/3702/3702
f 3701/3701/3701 3703/3703/3703 3702/3702/3702
f 3702/3702/3702 3703/3703/3703 3704/3704/3704
f 3703/3703/3703 3705/3705/3705 3704/3704/3704
f 3704/3704/3704 3705/3705/3705 3706/3706/3706
f 3705/3705/3705 3707/3707/3707 3706/3706/3706
f 3706/3706/3706 3707/3707/3707 3708/3708/3708
f 3707/3707/3707 3709/3709/3709 3708/3708/3708
f 3708/3708/3708 3709/3709/3709 3710/3710/3710
f 3709/3709/3709 3711/3711/3711 3710/3710/3710
f 3714/3714/3714 3713/3713/3713 3712/3712/3712
f 3715/3715/3715 3714/3714/3714 3712/3712/3712
f 3716/3716/3716 3714/3714/3714 3715/3715/3715
f 3717/3717/3717 3715/3715/3715 3712/3712/3712
f 3718/3718/3718 3717/3717/3717 3712/3712/3712
f 3718/3718/3718 3719/3719/3719 3717/3717/3717
f 3719/3719/3719 3720/3720/3720 3717/3717/3717
f 3717/3717/3717 3720/3720/3720 3721/3721/3721
f 3717/3717/3717 3721/3721/3721 3715/3715/3715
f 3720/3720/3720 3722/3722/3722 3721/3721/3721
f 3723/3723/3723 3716/3716/3716 3715/3715/3715
f 3721/3721/3721 3723/3723/3723 3715/3715/3715
f 3724/3724/3724 3716/3716/3716 3723/3723/3723
f 3721/3721/3721 3722/3722/3722 3725/3725/3725
f 3721/3721/3721 3725/3725/3725 3723/3723/3723
f 3722/3722/3722 3726/3726/3726 3725/3725/3725
f 3727/3727/3727 3724/3724/3724 3723/3723/3723
f 3725/3725/3725 3727/3727/3727 3723/3723/3723
f 3728/3728/3728 3724/3724/3724 3727/3727/3727
f 3725/3725/3725 3726/3726/3726 3729/3729/3729
f 3725/3725/3725 3729/3729/3729 3727/3727/3727
f 3726/3726/3726 3730/3730/3730 3729/3729/3729
f 3731/3731/3731 3728/3728/3728 3727/3727/3727
f 3729/3729/3729 3731/3731/3731 3727/3727/3727
f 3732/3732/3732 3728/3728/3728 3731/3731/3731
f 3729/3729/3729 3730/3730/3730 3733/3733/3733
f 3729/3729/3729 3733/3733/3733 3731/3731/3731
f 3730/3730/3730 3734/3734/3734 3733/3733/3733
f 3735/3735/3735 3732/3732/3732 3731/3731/3731
f 3733/3733/3733 3735/3735/3735 3731/3731/3731
f 3736/3736/3736 3732/3732/3732 3735/3735/3735
f 3737/3737/3737 3736/3736/3736 3735/3735/3735
f 3738/3738/3738 3737/3737/3737 3735/3735/3735
f 3733/3733/3733 3738/3738/3738 3735/3735/3735
f 3733/3733/3733 3734/3734/3734 3738/3738/3738
f 3734/3734/3734 3739/3739/3739 3738/3738/3738
f 3742/3742/3742 3741/3741/3741 3740/3740/3740
f 3743/3743/3743 3742/3742/3742 3740/3740/3740
f 3744/3744/3744 3742/3742/3742 3743/3743/3743
f 3745/3745/3745 3744/3744/3744 3743/3743/3743
f 3746/3746/3746 3744/3744/3744 3745/3745/3745
f 3747/3747/3747 3746/3746/3746 3745/3745/3745
f 3748/3748/3748 3746/3746/3746 3747/3747/3747
f 3749/3749/3749 3748/3748/3748 3747/3747/3747
f 3750/3750/3750 3748/3748/3748 3749/3749/3749
f 3751/3751/3751 3750/3750/3750 3749/3749/3749
f 3752/3752/3752 3750/3750/3750 3751/3751/3751
f 3753/3753/3753 3752/3752/3752 3751/3751/3751
f 3756/3756/3756 3755/3755/3755 3754/3754/3754
f 3755/3755/3755 3757/3757/3757 3754/3754/3754
f 3754/3754/3754 3757/3757/3757 3758/3758/3758
f 3757/3757/3757 3759/3759/3759 3758/3758/3758
f 3758/3758/3758 3759/3759/3759 3760/3760/3760
f 3759/3759/3759 3761/3761/3761 3760/3760/3760
f 3760/3760/3760 3761/3761/3761 3762/3762/3762
f 3761/3761/3761 3763/3763/3763 3762/3762/3762
f 3762/3762/3762 3763/3763/3763 3764/3764/3764
f 3763/3763/3763 3765/3765/3765 3764/3764/3764
f 3764/3764/3764 3765/3765/3765 3766/3766/3766
f 3765/3765/3765 3767/3767/3767 3766/3766/3766
f 3770/3770/3770 3769/3769/3769 3768/3768/3768
f 3768/3768/3768 3771/3771/3771 3770/3770/3770
f 3769/3769/3769 3772/3772/3772 3768/3768/3768
f 3769/3769/3769 3773/3773/3773 3772/3772/3772
f 3774/3774/3774 3771/3771/3771 3768/3768/3768
f 3768/3768/3768 3772/3772/3772 3774/3774/3774
f 3773/3773/3773 3775/3775/3775 3772/3772/3772
f 3773/3773/3773 3776/3776/3776 3775/3775/3775
f 3777/3777/3777 3771/3771/3771 3774/3774/3774
f 3778/3778/3778 3771/3771/3771 3777/3777/3777
f 3772/3772/3772 3779/3779/3779 3774/3774/3774
f 3774/3774/3774 3779/3779/3779 3777/3777/3777
f 3772/3772/3772 3775/3775/3775 3779/3779/3779
f 3777/3777/3777 3780/3780/3780 3778/3778/3778
f 3779/3779/3779 3780/3780/3780 3777/3777/3777
f 3780/3780/3780 3781/3781/3781 3778/3778/3778
f 3776/3776/3776 3782/3782/3782 3775/3775/3775
f 3776/3776/3776 3783/3783/3783 3782/3782/3782
f 3775/3775/3775 3784/3784/3784 3779/3779/3779
f 3779/3779/3779 3784/3784/3784 3780/3780/3780
f 3775/3775/3775 3782/3782/3782 3784/3784/3784
f 3780/3780/3780 3785/3785/3785 3781/3781/3781
f 3784/3784/3784 3785/3785/3785 3780/3780/3780
f 3785/3785/3785 3786/3786/3786 3781/3781/3781
f 3783/3783/3783 3787/3787/3787 3782/3782/3782
f 3783/3783/3783 3788/3788/3788 3787/3787/3787
f 3782/3782/3782 3789/3789/3789 3784/3784/3784
f 3784/3784/3784 3789/3789/3789 3785/3785/3785
f 3782/3782/3782 3787/3787/3787 3789/3789/3789
f 3785/3785/3785 3790/3790/3790 3786/3786/3786
f 3789/3789/3789 3790/3790/3790 3785/3785/3785
f 3790/3790/3790 3791/3791/3791 3786/3786/3786
f 3788/3788/3788 3792/3792/3792 3787/3787/3787
f 3788/3788/3788 3793/3793/3793 3792/3792/3792
f 3787/3787/3787 3794/3794/3794 3789/3789/3789
f 3789/3789/3789 3794/3794/3794 3790/3790/3790
f 3787/3787/3787 3792/3792/3792 3794/3794/3794
f 3790/3790/3790 3795/3795/3795 3791/3791/3791
f 3794/3794/3794 3795/3795/3795 3790/3790/3790
f 3795/3795/3795 3796/3796/3796 3791/3791/3791
f 3793/3793/3793 3797/3797/3797 3792/3792/3792
f 3793/3793/3793 3798/3798/3798 3797/3797/3797
f 3792/3792/3792 3799/3799/3799 3794/3794/3794
f 3794/3794/3794 3799/3799/3799 3795/3795/3795
f 3792/3792/3792 3797/3797/3797 3799/3799/3799
f 3795/3795/3795 3800/3800/3800 3796/3796/3796
f 3799/3799/3799 3800/3800/3800 3795/3795/3795
f 3800/3800/3800 3801/3801/3801 3796/3796/3796
f 3798/3798/3798 3802/3802/3802 3797/3797/3797
f 3798/3798/3798 3803/3803/3803 3802/3802/3802
f 3797/3797/3797 3804/3804/3804 3799/3799/3799
f 3799/3799/3799 3804/3804/3804 3800/3800/3800
f 3797/3797/3797 3802/3802/3802 3804/3804/3804
f 3800/3800/3800 3805/3805/3805 3801/3801/3801
f 3804/3804/3804 3805/3805/3805 3800/3800/3800
f 3805/3805/3805 3806/3806/3806 3801/3801/3801
f 3802/3802/3802 3807/3807/3807 3804/3804/3804
f 3802/3802/3802 3803/3803/3803 3807/3807/3807
f 3804/3804/3804 3807/3807/3807 3805/3805/3805
f 3805/3805/3805 3808/3808/3808 3806/3806/3806
f 3807/3807/3807 3808/3808/3808 3805/3805/3805
f 3807/3807/3807 3803/3803/3803 3808/3808/3808
f 3808/3808/3808 3809/3809/3809 3806/3806/3806
f 3808/3808/3808 3803/3803/3803 3809/3809/3809
f 3812/3812/3812 3811/3811/3811 3810/3810/3810
f 3810/3810/3810 3813/3813/3813 3812/3812/3812
f 3811/3811/3811 3814/3814/3814 3810/3810/3810
f 3811/3811/3811 3815/3815/3815 3814/3814/3814
f 3816/3816/3816 3813/3813/3813 3810/3810/3810
f 3810/3810/3810 3814/3814/3814 3816/3816/3816
f 3815/3815/3815 3817/3817/3817 3814/3814/3814
f 3815/3815/3815 3818/3818/3818 3817/3817/3817
f 3819/3819/3819 3813/3813/3813 3816/3816/3816
f 3820/3820/3820 3813/3813/3813 3819/3819/3819
f 3814/3814/3814 3821/3821/3821 3816/3816/3816
f 3816/3816/3816 3821/3821/3821 3819/3819/3819
f 3814/3814/3814 3817/3817/3817 3821/3821/3821
f 3819/3819/3819 3822/3822/3822 3820/3820/3820
f 3821/3821/3821 3822/3822/3822 3819/3819/3819
f 3822/3822/3822 3823/3823/3823 3820/3820/3820
f 3818/3818/3818 3824/3824/3824 3817/3817/3817
f 3818/3818/3818 3825/3825/3825 3824/3824/3824
f 3817/3817/3817 3826/3826/3826 3821/3821/3821
f 3821/3821/3821 3826/3826/3826 3822/3822/3822
f 3817/3817/3817 3824/3824/3824 3826/3826/3826
f 3822/3822/3822 3827/3827/3827 3823/3823/3823
f 3826/3826/3826 3827/3827/3827 3822/3822/3822
f 3827/3827/3827 3828/3828/3828 3823/3823/3823
f 3825/3825/3825 3829/3829/3829 3824/3824/3824
f 3825/3825/3825 3830/3830/3830 3829/3829/3829
f 3824/3824/3824 3831/3831/3831 3826/3826/3826
f 3826/3826/3826 3831/3831/3831 3827/3827/3827
f 3824/3824/3824 3829/3829/3829 3831/3831/3831
f 3827/3827/3827 3832/3832/3832 3828/3828/3828
f 3831/3831/3831 3832/3832/3832 3827/3827/3827
f 3832/3832/3832 3833/3833/3833 3828/3828/3828
f 3830/3830/3830 3834/3834/3834 3829/3829/3829
f 3830/3830/3830 3835/3835/3835 3834/3834/3834
f 3829/3829/3829 3836/3836/3836 3831/3831/3831
f 3831/3831/3831 3836/3836/3836 3832/3832/3832
f 3829/3829/3829 3834/3834/3834 3836/3836/3836
f 3832/3832/3832 3837/3837/3837 3833/3833/3833
f 3836/3836/3836 3837/3837/3837 3832/3832/3832
f 3837/3837/3837 3838/3838/3838 3833/3833/3833
f 3835/3835/3835 3839/3839/3839 3834/3834/3834
f 3835/3835/3835 3840/3840/3840 3839/3839/3839
f 3834/3834/3834 3841/3841/3841 3836/3836/3836
f 3836/3836/3836 3841/3841/3841 3837/3837/3837
f 3834/3834/3834 3839/3839/3839 3841/3841/3841
f 3837/3837/3837 3842/3842/3842 3838/3838/3838
f 3841/3841/3841 3842/3842/3842 3837/3837/3837
f 3842/3842/3842 3843/3843/3843 3838/3838/3838
f 3840/3840/3840 3844/3844/3844 3839/3839/3839
f 3840/3840/3840 3845/3845/3845 3844/3844/3844
f 3839/3839/3839 3846/3846/3846 3841/3841/3841
f 3841/3841/3841 3846/3846/3846 3842/3842/3842
f 3839/3839/3839 3844/3844/3844 3846/3846/3846
f 3842/3842/3842 3847/3847/3847 3843/3843/3843
f 3846/3846/3846 3847/3847/3847 3842/3842/3842
f 3847/3847/3847 3848/3848/3848 3843/3843/3843
f 3844/3844/3844 3849/3849/3849 3846/3846/3846
f 3844/3844/3844 3845/3845/3845 3849/3849/3849
f 3846/3846/3846 3849/3849/3849 3847/3847/3847
f 3847/3847/3847 3850/3850/3850 3848/3848/3848
f 3849/3849/3849 3850/3850/3850 3847/3847/3847
f 3849/3849/3849 3845/3845/3845 3850/3850/3850
f 3850/3850/3850 3851/3851/3851 3848/3848/3848
f 3850/3850/3850 3845/3845/3845 3851/3851/3851
