g HexaBase
v -1.504901 8.949856 4.083431
v -1.274634 9.17924 4.204886
v -1.208434 9.16535 4.182221
v -1.504901 8.949856 4.083431
v -1.127506 9.12709 4.139171
v -1.665259 8.825803 4.024591
v -2.003784 8.839856 4.099387
v -2.019565 8.894818 4.142041
v -1.665259 8.825803 4.024591
v -2.017124 8.975578 4.19982
v -1.624305 8.923775 4.087425
v -1.736092 9.179687 4.293346
v -1.682975 9.222541 4.314109
v -1.624305 8.923775 4.087425
v -1.595319 9.266745 4.329246
v -1.43091 8.876616 4.016477
v -1.098552 8.837538 3.92481
v -1.088928 8.781092 3.882262
v -1.43091 8.876616 4.016477
v -1.100063 8.700039 3.825933
v -1.477137 8.784333 3.95875
v -1.378216 8.523844 3.751986
v -1.43312 8.482575 3.732709
v -1.477137 8.784333 3.95875
v -1.522449 8.441084 3.719848
v -1.589313 8.760176 3.962754
v -1.811315 8.525587 3.835968
v -1.878259 8.53766 3.857461
v -1.589313 8.760176 3.962754
v -1.960927 8.573608 3.899178
v -2.677341 8.651165 3.772746
v -2.845168 8.540608 3.525482
v -2.909708 8.543064 3.536456
v -2.677341 8.651165 3.772746
v -2.992947 8.555189 3.571739
v -2.553183 8.712851 3.908256
v -2.234779 8.724738 3.910711
v -2.208858 8.702001 3.855006
v -2.553183 8.712851 3.908256
v -2.194655 8.667237 3.771878
v -2.57137 8.668671 3.805515
v -2.414958 8.564835 3.548061
v -2.455726 8.543646 3.501361
v -2.57137 8.668671 3.805515
v -2.528409 8.520052 3.451552
v -2.761251 8.678659 3.84433
v -3.079011 8.677833 3.867905
v -3.099499 8.701531 3.925442
v -2.761251 8.678659 3.84433
v -3.105657 8.736878 4.009305
v -2.736992 8.720682 3.941489
v -2.882343 8.827157 4.204289
v -2.839587 8.84776 4.249447
v -2.736992 8.720682 3.941489
v -2.764791 8.870281 4.296552
v -2.637363 8.736977 3.971918
v -2.478298 8.849326 4.224117
v -2.413438 8.847692 4.215051
v -2.637363 8.736977 3.971918
v -2.32905 8.83665 4.182229
v 5.207949 8.18198 4.10161
v 5.51678 8.09071 4.280782
v 5.553189 8.033283 4.247353
v 5.207949 8.18198 4.10161
v 5.583742 7.954772 4.183851
v 5.016294 8.259484 4.014807
v 4.792726 8.53088 4.125126
v 4.817932 8.564742 4.188046
v 5.016294 8.259484 4.014807
v 4.872591 8.59437 4.273278
v 5.108731 8.265583 4.107499
v 5.199748 8.45335 4.411255
v 5.26439 8.428367 4.441884
v 5.108731 8.265583 4.107499
v 5.353666 8.37678 4.464218
v 5.210782 8.095255 4.002847
v 5.413692 7.818928 3.867641
v 5.383278 7.78932 3.804877
v 5.210782 8.095255 4.002847
v 5.322448 7.766407 3.721783
v 5.118451 8.095518 3.917691
v 5.015583 7.916069 3.61269
v 4.950754 7.943075 3.584252
v 5.118451 8.095518 3.917691
v 4.862108 7.997037 3.565276
v 5.025465 8.174194 3.923592
v 4.718904 8.256942 3.736557
v 4.68079 8.314242 3.76826
v 5.025465 8.174194 3.923592
v 4.647526 8.393217 3.829793
v 4.01302 9.041379 4.10788
v 4.374355 9.074867 4.172105
v 4.413896 9.017049 4.143217
v 4.01302 9.041379 4.10788
v 4.445088 8.928395 4.095284
v 3.790148 9.048208 4.084322
v 3.542028 9.29573 4.198246
v 3.574227 9.353144 4.235765
v 3.790148 9.048208 4.084322
v 3.64118 9.419668 4.282901
v 3.90049 9.102462 4.129652
v 4.021051 9.396463 4.3163
v 4.096297 9.39569 4.325149
v 3.90049 9.102462 4.129652
v 4.199099 9.372013 4.324025
v 4.010705 8.928004 4.041363
v 4.233932 8.663636 3.914521
v 4.195818 8.609253 3.878042
v 4.010705 8.928004 4.041363
v 4.121966 8.548533 3.833444
v 3.900906 8.882225 4.00105
v 3.766796 8.593313 3.815701
v 3.691459 8.596669 3.808351
v 3.900906 8.882225 4.00105
v 3.589561 8.623803 3.811605
v 3.795468 8.939904 4.021711
v 3.436271 8.896266 3.951823
v 3.394696 8.953068 3.979863
v 3.795468 8.939904 4.021711
v 3.360308 9.040978 4.026968
v 5.606069 7.271123 3.26169
v 5.453789 7.392611 3.009539
v 5.419118 7.445983 3.025074
v 5.606069 7.271123 3.26169
v 5.37916 7.516141 3.067521
v 5.708044 7.178274 3.397937
v 5.891843 6.918523 3.38133
v 5.894213 6.89387 3.320679
v 5.708044 7.178274 3.397937
v 5.883663 6.877064 3.231646
v 5.674438 7.186677 3.290055
v 5.706465 7.042857 3.007533
v 5.672485 7.073208 2.960458
v 5.674438 7.186677 3.290055
v 5.619436 7.129414 2.912009
v 5.573901 7.344106 3.342682
v 5.396337 7.604965 3.386861
v 5.397506 7.625298 3.449128
v 5.573901 7.344106 3.342682
v 5.41285 7.635584 3.538455
v 5.609747 7.330397 3.444277
v 5.585287 7.465523 3.731802
v 5.620065 7.433455 3.777122
v 5.609747 7.330397 3.444277
v 5.673722 7.375353 3.822574
v 5.673938 7.250979 3.470542
v 5.822285 7.136954 3.728456
v 5.857571 7.083442 3.714926
v 5.673938 7.250979 3.470542
v 5.898746 7.012499 3.67502
v 3.984318 8.416353 3.26169
v 3.790539 8.396405 3.009539
v 3.728411 8.410213 3.025074
v 3.904495 8.454939 3.381078
v 3.984318 8.416353 3.26169
v 3.650752 8.432302 3.067521
v 3.904495 8.454939 3.381078
v 3.650752 8.432302 3.067521
v 3.60024 8.456717 3.14307
v 4.122135 8.42151 3.397937
v 4.435252 8.36485 3.38133
v 4.454212 8.348914 3.320679
v 4.122135 8.42151 3.397937
v 4.458453 8.329531 3.231646
v 4.092264 8.403969 3.290055
v 4.215856 8.32375 3.007533
v 4.170345 8.321611 2.960458
v 4.092264 8.403969 3.290055
v 4.093114 8.324572 2.912009
v 3.910241 8.445912 3.342682
v 3.600797 8.507729 3.386861
v 3.587391 8.523059 3.449128
v 3.910241 8.445912 3.342682
v 3.591138 8.541147 3.538455
v 3.945428 8.461235 3.444277
v 3.833326 8.540547 3.731802
v 3.880609 8.542017 3.777122
v 3.945428 8.461235 3.444277
v 3.9596 8.538132 3.822574
v 4.046868 8.449512 3.470542
v 4.232614 8.472033 3.728456
v 4.29528 8.458553 3.714926
v 4.046868 8.449512 3.470542
v 4.374356 8.436758 3.67502
v -0.2943732 8.64017 3.487762
v 0.03020933 8.675911 3.605067
v 0.07817343 8.673841 3.552301
v -0.2943732 8.64017 3.487762
v 0.1247232 8.66802 3.464746
v -0.5001383 8.620798 3.444736
v -0.7777789 8.622575 3.652831
v -0.7598729 8.631056 3.721364
v -0.5001383 8.620798 3.444736
v -0.7119396 8.643547 3.807461
v -0.4099331 8.635998 3.527535
v -0.3588831 8.67544 3.868459
v -0.2897231 8.682129 3.884622
v -0.4099331 8.635998 3.527535
v -0.1906559 8.689067 3.882566
v -0.2735464 8.628932 3.366265
v -0.01532504 8.623277 3.134573
v -0.03926846 8.61456 3.067941
v -0.2735464 8.628932 3.366265
v -0.09470436 8.602014 2.986479
v -0.3649709 8.614606 3.29263
v -0.429476 8.574441 2.954078
v -0.499242 8.567995 2.940652
v -0.3649709 8.614606 3.29263
v -0.598181 8.561474 2.946599
v -0.4733395 8.610739 3.330371
v -0.7939036 8.574203 3.20272
v -0.8435287 8.575992 3.25394
v -0.4733395 8.610739 3.330371
v -0.8928585 8.581453 3.339983
v -1.427711 8.841803 3.990756
v -1.078658 9.058716 4.080526
v -1.074984 8.978541 4.022002
v -1.089899 8.920639 3.98309
v -1.427711 8.841803 3.990756
v -1.504901 8.949856 4.083431
v -1.127506 9.12709 4.139171
v -1.078658 9.058716 4.080526
v -1.473495 8.964763 4.1082
v -1.398349 8.896437 4.044569
v -1.409946 8.798645 3.976255
v -1.501493 8.728673 3.943276
v -1.591366 8.963598 4.129874
v -1.619362 8.727509 3.96495
v -1.682912 8.893625 4.096896
v -1.694508 8.795835 4.028581
v -1.589839 8.948473 4.098659
v -1.969399 9.053205 4.24669
v -1.889175 9.106899 4.270092
v -1.823285 9.133444 4.27665
v -1.589839 8.948473 4.098659
v -1.665259 8.825803 4.024591
v -2.017124 8.975578 4.19982
v -1.969399 9.053205 4.24669
v -1.46428 8.9384 4.067409
v -1.494055 9.276 4.31658
v -1.406315 9.247828 4.279503
v -1.353108 9.21469 4.245442
v -1.46428 8.9384 4.067409
v -1.624305 8.923775 4.087425
v -1.595319 9.266745 4.329246
v -1.494055 9.276 4.31658
v -1.518549 8.758783 3.948234
v -1.155521 8.625474 3.782748
v -1.240445 8.577377 3.764279
v -1.308299 8.555532 3.761486
v -1.518549 8.758783 3.948234
v -1.43091 8.876616 4.016477
v -1.100063 8.700039 3.825933
v -1.155521 8.625474 3.782748
v -1.637043 8.774894 3.982486
v -1.623638 8.435111 3.734868
v -1.709574 8.466257 3.773746
v -1.760916 8.501255 3.808793
v -1.637043 8.774894 3.982486
v -1.477137 8.784333 3.95875
v -1.522449 8.441084 3.719848
v -1.623638 8.435111 3.734868
v -1.670957 8.865736 4.05448
v -2.012591 8.640407 3.957222
v -2.01941 8.720158 4.016042
v -2.006713 8.778223 4.055494
v -1.670957 8.865736 4.05448
v -1.589313 8.760176 3.962754
v -1.960927 8.573608 3.899178
v -2.012591 8.640407 3.957222
v -2.771335 8.693421 3.879954
v -3.052425 8.581928 3.639581
v -3.072208 8.616114 3.721802
v -3.070122 8.641737 3.78206
v -2.771335 8.693421 3.879954
v -2.677341 8.651165 3.772746
v -2.992947 8.555189 3.571739
v -3.052425 8.581928 3.639581
v -2.589528 8.639144 3.756434
v -2.699158 8.63241 3.749354
v -2.78314 8.657732 3.81583
v -2.518476 8.673996 3.832923
v -2.792285 8.700285 3.916922
v -2.52762 8.716546 3.934015
v -2.721232 8.735135 3.993411
v -2.611604 8.741873 4.000491
v -2.598452 8.656253 3.778406
v -2.223302 8.631423 3.689708
v -2.287121 8.60415 3.630515
v -2.343122 8.589281 3.599942
v -2.598452 8.656253 3.778406
v -2.553183 8.712851 3.908256
v -2.194655 8.667237 3.771878
v -2.223302 8.631423 3.689708
v -2.717541 8.653929 3.782493
v -2.620907 8.510724 3.436985
v -2.708437 8.518164 3.46156
v -2.764792 8.529559 3.492963
v -2.717541 8.653929 3.782493
v -2.57137 8.668671 3.805515
v -2.528409 8.520052 3.451552
v -2.620907 8.510724 3.436985
v -2.703603 8.733829 3.969817
v -3.069179 8.771791 4.088714
v -2.999835 8.79691 4.142389
v -2.941046 8.80987 4.16823
v -2.703603 8.733829 3.969817
v -2.761251 8.678659 3.84433
v -3.105657 8.736878 4.009305
v -3.069179 8.771791 4.088714
v -2.58987 8.73319 3.959172
v -2.67169 8.878195 4.307742
v -2.585237 8.869387 4.280019
v -2.53024 8.857095 4.24661
v -2.58987 8.73319 3.959172
v -2.736992 8.720682 3.941489
v -2.764791 8.870281 4.296552
v -2.67169 8.878195 4.307742
v -2.539725 8.696027 3.867496
v -2.267264 8.810738 4.116151
v -2.244639 8.776897 4.034521
v -2.244626 8.751322 3.974206
v -2.539725 8.696027 3.867496
v -2.637363 8.736977 3.971918
v -2.32905 8.83665 4.182229
v -2.267264 8.810738 4.116151
v -10.94849 0.670095 -0.02070236
v -11.21029 -0.6516666 0.0487318
v -10.95106 -0.6064937 -0.02070284
v -11.20753 0.7163079 0.04873228
v -10.72915 2.022458 0.04873276
v -10.49363 1.912054 -0.02070189
v -6.886755 8.130409 -0.02069855
v -11.39716 0.7501383 0.2384281
v -11.40004 -0.6847339 0.2384276
v -11.4695 -0.6968346 0.4975581
v -7.099535 8.280039 0.04873562
v -6.034546 9.141894 -0.02069807
v -10.90157 2.103281 0.2384286
v -11.46657 0.7625213 0.4975586
v -11.42575 -0.6941271 2.128555
v -11.42282 0.7596371 2.128556
v -10.92286 2.124724 2.128556
v -10.96468 2.132862 0.4975591
v -7.284484 8.397397 2.12856
v -6.203276 9.3438 0.0487361
v -4.9277 9.777962 -0.02069759
v -7.255297 8.389574 0.2384319
v -7.312312 8.429665 0.4975624
v -6.347781 9.509165 2.12856
v -6.326794 9.491608 0.2384324
v -6.372006 9.545708 0.4975629
v -5.087325 10.23351 2.12856
v -5.0172 10.0254 0.04873705
v -5.106701 10.27284 0.4975634
v -3.65514 10.48308 2.128561
v -5.082719 10.20654 0.2384329
v -3.646854 10.26419 0.0487361
v -3.624704 10.00501 -0.02069759
v 0.9499178 9.995814 -0.02069712
v -3.669005 10.52336 0.4975629
v -3.663069 10.45392 0.2384334
v 0.9566207 10.25493 0.04873657
v 3.563989 9.990557 -0.02069712
v 0.9633265 10.51405 0.4975634
v 0.9594409 10.47379 2.128561
v 0.9615278 10.44462 0.2384334
v 3.587179 10.24964 0.04873657
v 4.866061 9.75826 -0.02069712
v 3.610372 10.50872 0.4975638
v 3.596344 10.46849 2.128561
v 5.027512 10.21316 2.128562
v 3.604155 10.4393 0.2384338
v 4.956553 10.00534 0.04873705
v 5.970339 9.117744 -0.02069712
v 5.047048 10.25241 0.4975643
v 6.285045 9.483749 2.128561
v 5.0228 10.18622 0.2384338
v 6.139877 9.318972 0.04873657
v 6.309418 9.520197 0.4975638
v 7.217266 8.368224 2.128561
v 6.263989 9.466276 0.2384338
v 7.031847 8.251604 0.04873657
v 6.81847 8.102839 -0.02069712
v 10.40029 1.870014 -0.02069998
v 7.245223 8.400376 0.4975634
v 7.18805 8.360516 0.2384334
v 10.63626 1.979472 0.04873371
v 10.85015 0.6262386 -0.02070045
v 11.10938 0.6714113 0.04873323
v 10.809 2.059601 0.2384305
v 11.29914 0.7044752 0.2384305
v 10.87223 2.08893 0.497561
v 10.83037 2.080963 2.128558
v 11.3686 0.7165794 0.4975605
v 11.32484 0.7138717 2.128558
v 10.83037 2.080963 2.128558
v 7.160309 8.328511 2.386698
v 7.217266 8.368224 2.128561
v 10.76739 2.051744 2.386695
v 7.004707 8.220024 2.575668
v 11.25565 0.7018123 2.386695
v 11.32484 0.7138717 2.128558
v 11.32191 -0.7398925 2.128556
v 11.25277 -0.7275581 2.386694
v 10.82195 -2.10498 2.128556
v 11.06661 0.6688733 2.575664
v 10.5953 1.971922 2.575665
v 10.36024 1.862886 2.662051
v 7.832674 6.261172 2.662052
v 6.792145 8.071823 2.662053
v 10.80838 0.6238749 2.662051
v 11.06387 -0.6938581 2.575664
v 10.80582 -0.6478214 2.662051
v 10.75908 -2.075512 2.386693
v 10.58733 -1.995001 2.575664
v 10.3527 -1.885019 2.66205
v 8.524597 -5.036725 2.662049
v 8.78857 -5.096112 2.575662
v 9.032123 -5.052845 2.386692
v 9.186841 -4.923956 2.128554
v 7.183573 -8.377651 2.128553
v 9.032123 -5.052845 2.386692
v 9.186841 -4.923956 2.128554
v 7.126781 -8.337713 2.38669
v 8.78857 -5.096112 2.575662
v 6.201834 -9.435526 2.386689
v 6.246873 -9.489421 2.128552
v 4.986415 -10.21377 2.128553
v 6.971613 -8.2286 2.57566
v 8.524597 -5.036725 2.662049
v 4.96253 -10.14772 2.386689
v 3.554229 -10.46334 2.128552
v 6.078793 -9.288285 2.575659
v 6.759651 -8.079546 2.662048
v 7.899901 -5.043389 2.661725
v 7.193736 -4.806592 2.66128
v 5.91071 -9.087153 2.662047
v 5.719548 -7.348136 2.661276
v 6.290745 -4.292233 2.661436
v 5.512142 -3.45155 2.661519
v 5.085923 -8.100184 2.661298
v 4.826005 -2.600739 2.661599
v 4.897262 -9.967278 2.575659
v 4.370624 -8.511245 2.661418
v 3.504501 -2.530911 2.661453
v 4.808106 -9.720786 2.662047
v 3.548318 -10.39415 2.386689
v 3.401826 -8.680061 2.661564
v 2.718006 -3.634542 2.66168
v 3.532164 -10.20515 2.575659
v 3.510099 -9.946968 2.662047
v 1.169112 -10.38937 2.386689
v 1.167733 -10.45853 2.128552
v 1.195726 -9.942311 2.662047
v 1.182373 -10.20042 2.57566
v 0.9836395 -8.675197 2.661602
v -0.5431499 -9.938813 2.662046
v 1.563634 -6.99617 2.661634
v 0.9801068 -8.252024 2.6615
v 1.690489 -5.385125 2.661709
v 1.449465 -4.446406 2.661778
v -0.5488603 -10.38591 2.386689
v -0.522722 -10.45513 2.128552
v -3.69725 -10.44874 2.128551
v -0.5480254 -10.19694 2.575659
v -3.691061 -10.37959 2.386689
v -3.674147 -10.19065 2.575659
v -5.104264 -10.12747 2.386689
v -5.128419 -10.19342 2.128551
v -6.385953 -9.464005 2.128552
v -5.038274 -9.947287 2.575658
v -6.3407 -9.41029 2.386689
v -7.318172 -8.348476 2.128552
v -7.261217 -8.308765 2.386689
v -10.93128 -2.061219 2.128555
v -6.217061 -9.263544 2.575659
v -4.948128 -9.701156 2.662046
v -3.651042 -9.932559 2.662046
v -3.537673 -8.666099 2.661675
v -0.4616999 -8.672288 2.661626
v -1.379374 -4.306867 2.661421
v -0.4152856 -7.858777 2.661709
v 0.04138914 -4.649372 2.661699
v 0.1428709 -6.64098 2.661769
v 0.2697255 -5.638833 2.661811
v -2.533745 -3.482317 2.661393
v -3.256812 -2.213778 2.661607
v -6.480057 -1.328969 2.657021
v -4.505781 -8.493384 2.661861
v -6.048172 -9.063091 2.662046
v -5.21942 -8.079449 2.662132
v -7.105613 -8.200277 2.575658
v -5.845714 -7.330005 2.66233
v -7.41768 -2.247691 2.652926
v -8.5607 -2.508374 2.662408
v -10.39614 -1.805258 2.662048
v -6.893052 -8.052077 2.662046
v -10.69621 -1.952181 2.575661
v -10.86855 -0.7167706 2.662048
v -10.86829 -2.032 2.386692
v -11.16752 -0.6491323 2.575661
v -11.35655 -0.6820712 2.386692
v -11.42575 -0.6941271 2.128555
v -11.42282 0.7596371 2.128556
v -11.35368 0.7473018 2.386693
v -10.92286 2.124724 2.128556
v -11.16477 0.7136014 2.575662
v -10.90673 0.6675668 2.64483
v -10.85999 2.095257 2.386694
v -7.284484 8.397397 2.12856
v -10.68823 2.014744 2.575664
v -10.45361 1.904761 2.644831
v -7.227692 8.357463 2.386697
v -7.072522 8.248346 2.575667
v -6.86056 8.099291 2.644834
v -6.011615 9.106897 2.644835
v -6.302743 9.455271 2.386697
v -6.347781 9.509165 2.12856
v -5.087325 10.23351 2.12856
v -6.179699 9.308031 2.575666
v -5.063435 10.16747 2.386697
v -3.65514 10.48308 2.128561
v -4.998168 9.98702 2.575667
v -4.909015 9.74053 2.644835
v -3.633073 10.22489 2.575667
v -3.611006 9.966713 2.662052
v -2.667526 9.964815 2.662052
v -3.649227 10.4139 2.386698
v 0.9594409 10.47379 2.128561
v 0.9576497 10.40463 2.386698
v 3.596344 10.46849 2.128561
v 0.9460838 9.957546 2.662053
v 0.943536 8.690862 2.66248
v -2.379441 8.697546 2.662521
v 0.9527628 10.21567 2.575668
v 3.590151 10.39933 2.386698
v 3.57324 10.2104 2.575668
v 5.003358 10.14722 2.386699
v 5.027512 10.21316 2.128562
v 6.285045 9.483749 2.128561
v 4.937366 9.967034 2.575667
v 6.239791 9.430036 2.386698
v 7.217266 8.368224 2.128561
v 7.160309 8.328511 2.386698
v 6.116156 9.283295 2.575668
v 7.004707 8.220024 2.575668
v 3.550136 9.952306 2.662053
v 4.847223 9.720903 2.662053
v 5.947266 9.082841 2.662053
v 6.792145 8.071823 2.662053
v 3.436766 8.685845 2.662424
v 4.404877 8.513132 2.662238
v 5.118513 8.099198 2.661968
v 5.749106 7.344604 2.661773
v 7.832674 6.261172 2.662052
v 6.534516 5.977893 2.661745
v 5.923825 5.331013 2.661808
v 4.908341 4.782106 2.661788
v 4.359431 3.986186 2.661175
v 4.194759 3.21771 2.661001
v 3.20672 2.421791 2.659885
v 2.917974 1.5159 2.660023
v 3.261611 1.680762 2.659961
v 1.763958 2.379213 2.661549
v 0.3897078 2.722775 2.661141
v -1.072634 2.511352 2.660888
v -2.143668 6.685121 2.661952
v -2.143667 5.230507 2.661862
v -2.308339 4.187578 2.661853
v -2.774913 3.034867 2.661939
v 10.84759 -0.650352 -0.02070141
v 11.10938 0.6714113 0.04873323
v 10.85015 0.6262386 -0.02070045
v 11.10663 -0.6965618 0.04873323
v 11.29914 0.7044752 0.2384305
v 10.62825 -2.002712 0.04873276
v 10.39272 -1.892306 -0.02070141
v 6.785851 -8.110663 -0.02070427
v 11.29625 -0.7303915 0.23843
v 11.3686 0.7165794 0.4975605
v 6.998626 -8.260291 0.04872942
v 5.933637 -9.122147 -0.02070475
v 10.80067 -2.083535 0.2384291
v 10.86378 -2.113116 0.4975591
v 11.36566 -0.7427764 0.4975595
v 11.32191 -0.7398925 2.128556
v 11.32484 0.7138717 2.128558
v 10.82195 -2.10498 2.128556
v 9.186841 -4.923956 2.128554
v 7.183573 -8.377651 2.128553
v 6.102368 -9.324052 0.04872894
v 4.826797 -9.758217 -0.0207057
v 7.154388 -8.369825 0.2384262
v 7.211403 -8.409915 0.4975562
v 6.246873 -9.489421 2.128552
v 6.22589 -9.471862 0.2384257
v 6.2711 -9.525961 0.4975562
v 4.986415 -10.21377 2.128553
v 4.916293 -10.00566 0.04872847
v 5.005791 -10.2531 0.4975557
v 3.554229 -10.46334 2.128552
v 4.981812 -10.1868 0.2384248
v 3.568096 -10.50362 0.4975548
v 1.167733 -10.45853 2.128552
v 3.545948 -10.24445 0.04872799
v 3.523798 -9.985268 -0.0207057
v 3.562161 -10.43418 0.2384243
v 1.208561 -10.49887 0.4975548
v -0.522722 -10.45513 2.128552
v 1.232754 -10.23979 0.04872799
v 1.262842 -9.98072 -0.0207057
v 1.236854 -10.4295 0.2384243
v -0.4633894 -10.49551 0.4975543
v -3.69725 -10.44874 2.128551
v -0.4504468 -10.2364 0.04872799
v -0.4419245 -9.97729 -0.0207057
v -3.664895 -9.970807 -0.02070618
v -0.4611177 -10.42608 0.2384243
v -3.688086 -10.22989 0.04872751
v -4.96697 -9.738513 -0.02070618
v -3.711278 -10.48897 0.4975543
v -5.128419 -10.19342 2.128551
v -3.705065 -10.41955 0.2384238
v -5.05746 -9.985591 0.04872751
v -6.071245 -9.097993 -0.0207057
v -5.147954 -10.23267 0.4975543
v -6.385953 -9.464005 2.128552
v -5.123707 -10.16647 0.2384243
v -6.240784 -9.29922 0.04872751
v -6.410325 -9.500448 0.4975543
v -7.318172 -8.348476 2.128552
v -6.364895 -9.446524 0.2384243
v -7.34613 -8.38063 0.4975553
v -10.93128 -2.061219 2.128555
v -7.132753 -8.231857 0.04872847
v -6.919377 -8.08309 -0.02070522
v -10.50119 -1.850274 -0.02070332
v -7.288956 -8.340765 0.2384248
v -10.73716 -1.959728 0.0487299
v -10.95106 -0.6064937 -0.02070284
v -11.21029 -0.6516666 0.0487318
v -10.90991 -2.039855 0.2384276
v -11.40004 -0.6847339 0.2384276
v -10.97314 -2.069185 0.4975576
v -11.42575 -0.6941271 2.128555
v -11.4695 -0.6968346 0.4975581
v 8.524597 -5.036725 2.662049
v 7.899901 -5.043389 2.661725
v 7.193736 -4.806592 2.66128
v 9.201392 -1.345333 2.661287
v 10.3527 -1.885019 2.66205
v 6.534516 5.977893 2.661745
v 6.290745 -4.292233 2.661436
v 5.923825 5.331013 2.661808
v 5.512142 -3.45155 2.661519
v 4.908341 4.782106 2.661788
v 4.826005 -2.600739 2.661599
v 4.79856 -0.9814522 2.66166
v 4.716222 -1.887156 2.661633
v 4.359431 3.986186 2.661175
v 4.00264 -0.1306413 2.660842
v 4.194759 3.21771 2.661001
v 3.865412 0.8848412 2.660667
v 3.20672 2.421791 2.659885
v 3.261611 1.680762 2.659961
v 9.206768 1.327835 2.66165
v 7.832674 6.261172 2.662052
v 10.36024 1.862886 2.662051
v 10.80838 0.6238749 2.662051
v 9.539589 -0.4219229 2.661335
v 10.80582 -0.6478214 2.662051
v 9.541249 0.4030738 2.661487
v -8.5607 -2.508374 2.662408
v -10.39614 -1.805258 2.662048
v -10.86855 -0.7167706 2.662048
v -9.609095 -0.4370809 2.662589
v -9.302298 1.365074 2.645594
v -7.41768 -2.247691 2.652926
v -10.90673 0.6675668 2.64483
v -6.480057 -1.328969 2.657021
v -9.633831 0.4598622 2.645542
v -10.45361 1.904761 2.644831
v -6.86056 8.099291 2.644834
v -5.820457 7.367878 2.645606
v -5.299901 0.6745529 2.660208
v -6.011615 9.106897 2.644835
v -5.217563 1.909601 2.659874
v -5.186828 8.119928 2.645584
v -4.909015 9.74053 2.644835
v -4.471533 8.530987 2.645464
v -3.927624 2.732966 2.662308
v -3.611006 9.966713 2.662052
v -3.502737 8.699806 2.662535
v -2.667526 9.964815 2.662052
v -2.774913 3.034867 2.661939
v -2.379441 8.697546 2.662521
v -2.308339 4.187578 2.661853
v -2.143668 6.685121 2.661952
v -2.143667 5.230507 2.661862
v -0.4616999 -8.672288 2.661626
v 1.195726 -9.942311 2.662047
v -0.5431499 -9.938813 2.662046
v 0.9836395 -8.675197 2.661602
v 0.9801068 -8.252024 2.6615
v 0.1428709 -6.64098 2.661769
v -0.4152856 -7.858777 2.661709
v 0.2697255 -5.638833 2.661811
v 0.3897078 2.722775 2.661141
v -1.072634 2.511352 2.660888
v 0.04138914 -4.649372 2.661699
v -1.379374 -4.306867 2.661421
v -2.774913 3.034867 2.661939
v -2.533745 -3.482317 2.661393
v -3.256812 -2.213778 2.661607
v -3.927624 2.732966 2.662308
v -6.480057 -1.328969 2.657021
v -5.299901 0.6745529 2.660208
v -5.217563 1.909601 2.659874
v 1.449465 -4.446406 2.661778
v 1.563634 -6.99617 2.661634
v 1.690489 -5.385125 2.661709
v 1.763958 2.379213 2.661549
v 2.718006 -3.634542 2.66168
v 2.917974 1.5159 2.660023
v 3.261611 1.680762 2.659961
v 3.504501 -2.530911 2.661453
v 3.865412 0.8848412 2.660667
v 4.00264 -0.1306413 2.660842
v 4.716222 -1.887156 2.661633
v 4.826005 -2.600739 2.661599
v 4.79856 -0.9814522 2.66166
v -5.35806 8.279454 3.928115
v -5.916223 8.947372 3.927607
v -4.876225 9.54503 3.927588
v -4.580164 8.726488 3.928014
v -2.658883 9.759985 3.94478
v 0.9060268 8.895597 3.945062
v -2.463926 8.902378 3.945097
v 0.9077518 9.75281 3.944773
v 3.493891 9.747606 3.944765
v 3.41717 8.890546 3.945016
v 4.737805 9.525688 3.944735
v 4.438454 8.708347 3.94486
v 5.879775 7.462147 3.94447
v 7.584929 6.215384 3.944654
v 6.70642 6.02368 3.944446
v 6.585636 7.954283 3.944659
v 5.214545 8.258186 3.944633
v 5.775392 8.923853 3.944691
v -8.165637 3.232995 3.723509
v -5.858378 7.367879 1.686735
v -8.165638 3.232995 1.686728
v -5.858378 7.36788 3.723517
v -5.22475 8.119928 1.686714
v -5.224749 8.119928 3.723495
v -4.509454 8.530988 1.686594
v -4.509454 8.530989 3.723374
v -3.540658 8.699806 1.703665
v -3.540658 8.699806 3.740446
v -2.417362 8.697546 1.703651
v -2.417362 8.697546 3.740432
v 0.9056149 8.690862 1.703609
v 0.9056151 8.690862 3.740392
v 3.398845 8.685845 1.703554
v 3.398845 8.685845 3.740336
v 4.366957 8.513133 1.703368
v 4.366957 8.513133 3.740151
v 5.080592 8.099198 1.703097
v 5.080592 8.099198 3.739881
v 5.711186 7.344604 1.702902
v 5.711186 7.344604 3.739686
v 6.496596 5.977893 1.702875
v 6.496596 5.977893 3.739659
v 9.066835 1.505349 1.702784
v 9.066836 1.505349 3.739568
v 9.354576 1.413988 1.702845
v 9.354576 1.413988 3.73963
v -3.558157 8.904579 3.945109
v -3.631426 9.76194 3.944782
v -2.658883 9.759985 3.94478
v -2.463926 8.902378 3.945097
v 9.354576 1.413988 3.73963
v 10.13659 1.776735 1.703116
v 9.354576 1.413988 1.702845
v 10.13659 1.776735 3.739901
v 10.22031 2.0404 1.703181
v 10.22031 2.0404 3.739966
v 10.03348 1.954597 3.944638
v 9.252884 1.592509 3.944371
v 9.066836 1.505349 3.739568
v -8.165638 3.232995 1.686728
v -9.280591 3.835364 1.685961
v -9.280591 3.835364 3.722744
v -8.165637 3.232995 3.723509
v -9.067222 3.952258 3.927607
v -8.312694 3.544613 3.928126
v 4.438454 8.708347 3.94486
v 4.737805 9.525688 3.944735
v 5.775392 8.923853 3.944691
v 5.214545 8.258186 3.944633
v -4.580164 8.726488 3.928014
v -4.876225 9.54503 3.927588
v -3.631426 9.76194 3.944782
v -3.558157 8.904579 3.945109
v -6.026492 7.486098 3.928133
v -5.916223 8.947372 3.927607
v -5.35806 8.279454 3.928115
v -6.730367 7.981071 3.92761
v -8.312694 3.544613 3.928126
v -9.067222 3.952258 3.927607
v 7.584929 6.215384 3.944654
v 10.03348 1.954597 3.944638
v 9.252884 1.592509 3.944371
v 6.70642 6.02368 3.944446
v 10.22031 2.0404 3.739966
v 7.794754 6.261172 1.703182
v 10.22031 2.0404 1.703181
v 7.794754 6.261172 3.739966
v 6.754225 8.071824 1.703182
v 6.754225 8.071824 3.739967
v 6.585636 7.954283 3.944659
v 7.584929 6.215384 3.944654
v 10.03348 1.954597 3.944638
v 6.754225 8.071824 3.739967
v 5.909345 9.082841 1.703183
v 5.909345 9.082841 3.739967
v 4.809302 9.720903 1.703183
v 5.775392 8.923853 3.944691
v 6.585636 7.954283 3.944659
v 4.809302 9.720903 3.739967
v 4.737805 9.525688 3.944735
v 5.775392 8.923853 3.944691
v 4.809302 9.720903 3.739967
v 3.512215 9.952307 1.703183
v 3.512215 9.952307 3.739966
v 0.9081638 9.957546 1.703182
v 3.493891 9.747606 3.944765
v 4.737805 9.525688 3.944735
v 0.9081638 9.957546 3.739966
v -2.705446 9.964815 1.703182
v 0.9077518 9.75281 3.944773
v 3.493891 9.747606 3.944765
v -2.658883 9.759985 3.94478
v -2.705446 9.964815 3.739965
v -3.631426 9.76194 3.944782
v -3.648927 9.966713 1.703182
v -3.648927 9.966713 3.739964
v -4.946936 9.74053 1.685964
v -4.946936 9.74053 3.722747
v -6.049536 9.106897 1.685964
v -4.876225 9.54503 3.927588
v -3.631426 9.76194 3.944782
v -6.049536 9.106897 3.722747
v -6.898481 8.099291 1.685964
v -5.916223 8.947372 3.927607
v -4.876225 9.54503 3.927588
v -6.898481 8.099291 3.722747
v -6.730367 7.981071 3.92761
v -5.916223 8.947372 3.927607
v -6.898481 8.099291 3.722747
v -9.280591 3.835364 1.685961
v -9.280591 3.835364 3.722744
v -9.067222 3.952258 3.927607
v -6.730367 7.981071 3.92761
v -4.580164 8.726488 3.928014
v -5.224749 8.119928 3.723495
v -5.35806 8.279454 3.928115
v -4.509454 8.530989 3.723374
v -3.558157 8.904579 3.945109
v -3.540658 8.699806 3.740446
v -2.463926 8.902378 3.945097
v -2.417362 8.697546 3.740432
v 0.9060268 8.895597 3.945062
v 0.9056151 8.690862 3.740392
v 3.41717 8.890546 3.945016
v 3.398845 8.685845 3.740336
v 6.496596 5.977893 3.739659
v 9.252884 1.592509 3.944371
v 9.066836 1.505349 3.739568
v 6.70642 6.02368 3.944446
v 5.711186 7.344604 3.739686
v 5.879775 7.462147 3.94447
v 5.879775 7.462147 3.94447
v 5.711186 7.344604 3.739686
v 5.080592 8.099198 3.739881
v 5.214545 8.258186 3.944633
v 5.214545 8.258186 3.944633
v 5.080592 8.099198 3.739881
v 4.366957 8.513133 3.740151
v 4.438454 8.708347 3.94486
v 3.398845 8.685845 3.740336
v 3.41717 8.890546 3.945016
v -5.35806 8.279454 3.928115
v -5.224749 8.119928 3.723495
v -5.858378 7.36788 3.723517
v -6.026492 7.486098 3.928133
v -8.165637 3.232995 3.723509
v -8.312694 3.544613 3.928126
v -6.026492 7.486098 3.928133
v -5.858378 7.36788 3.723517
v 5.190142 8.079144 3.964907
v 5.572473 7.889697 4.097344
v 5.522402 7.855494 4.011013
v 5.47416 7.844591 3.953613
v 5.190142 8.079144 3.964907
v 5.207949 8.18198 4.10161
v 5.583742 7.954772 4.183851
v 5.572473 7.889697 4.097344
v 5.169656 8.04279 3.934038
v 5.060799 8.087365 3.885386
v 4.978982 8.179497 3.917353
v 4.972131 8.265211 4.011214
v 5.241785 8.071877 4.03481
v 5.044261 8.294298 4.111988
v 5.234935 8.157592 4.128672
v 5.153117 8.249722 4.160639
v 5.148635 8.248158 4.124069
v 4.956337 8.587206 4.342419
v 5.046729 8.545163 4.376945
v 5.109454 8.503777 4.386622
v 5.148635 8.248158 4.124069
v 5.016294 8.259484 4.014807
v 4.872591 8.59437 4.273278
v 4.956337 8.587206 4.342419
v 5.228368 8.145599 4.077978
v 5.429373 8.300855 4.445537
v 5.471225 8.220932 4.390848
v 5.486073 8.166195 4.340604
v 5.228368 8.145599 4.077978
v 5.108731 8.265583 4.107499
v 5.353666 8.37678 4.464218
v 5.429373 8.300855 4.445537
v 5.073213 8.118069 3.902176
v 5.235394 7.780844 3.658077
v 5.145442 7.828764 3.630831
v 5.08445 7.873528 3.626706
v 5.073213 8.118069 3.902176
v 5.210782 8.095255 4.002847
v 5.322448 7.766407 3.721783
v 5.235394 7.780844 3.658077
v 5.0023 8.217437 3.952698
v 4.788606 8.074185 3.587429
v 4.749946 8.153852 3.644774
v 4.737599 8.20785 3.696473
v 5.0023 8.217437 3.952698
v 5.118451 8.095518 3.917691
v 4.862108 7.997037 3.565276
v 4.788606 8.074185 3.587429
v 5.038575 8.279558 4.058897
v 4.655822 8.459891 3.915415
v 4.703454 8.496399 4.002182
v 4.750278 8.509105 4.06038
v 5.038575 8.279558 4.058897
v 5.025465 8.174194 3.923592
v 4.647526 8.393217 3.829793
v 4.655822 8.459891 3.915415
v 3.985099 8.896368 4.019718
v 4.427419 8.83663 4.039495
v 4.365625 8.766345 3.990798
v 4.307534 8.727815 3.961108
v 3.985099 8.896368 4.019718
v 4.01302 9.041379 4.10788
v 4.445088 8.928395 4.095284
v 4.427419 8.83663 4.039495
v 4.052886 9.033109 4.127821
v 4.055415 8.923079 4.06386
v 3.967718 8.848541 4.009478
v 3.961611 9.114174 4.163896
v 3.841169 8.853159 3.996532
v 3.835062 9.11879 4.150951
v 3.749895 8.934224 4.032606
v 3.747365 9.044251 4.096568
v 3.94681 9.099338 4.133554
v 3.740315 9.452023 4.314055
v 3.84507 9.441537 4.320879
v 3.91696 9.418096 4.31607
v 3.94681 9.099338 4.133554
v 3.790148 9.048208 4.084322
v 3.64118 9.419668 4.282901
v 3.740315 9.452023 4.314055
v 4.034921 9.003425 4.088414
v 4.284167 9.309342 4.29793
v 4.328708 9.224468 4.253855
v 4.342781 9.159438 4.217606
v 4.034921 9.003425 4.088414
v 3.90049 9.102462 4.129652
v 4.199099 9.372013 4.324025
v 4.284167 9.309342 4.29793
v 3.848578 8.889468 3.998814
v 4.019372 8.524149 3.806518
v 3.915525 8.542635 3.804479
v 3.845917 8.571414 3.812688
v 3.848578 8.889468 3.998814
v 4.010705 8.928004 4.041363
v 4.121966 8.548533 3.833444
v 4.019372 8.524149 3.806518
v 3.770748 8.985563 4.045328
v 3.507196 8.689196 3.839624
v 3.466435 8.775327 3.884901
v 3.45529 8.840631 3.921672
v 3.770748 8.985563 4.045328
v 3.900906 8.882225 4.00105
v 3.589561 8.623803 3.811605
v 3.507196 8.689196 3.839624
v 3.817964 9.08591 4.109783
v 3.374544 9.133372 4.0827
v 3.433589 9.205487 4.132127
v 3.490113 9.245701 4.162604
v 3.817964 9.08591 4.109783
v 3.795468 8.939904 4.021711
v 3.360308 9.040978 4.026968
v 3.374544 9.133372 4.0827
v 5.576122 7.354571 3.381078
v 5.360209 7.568947 3.14307
v 5.367342 7.59025 3.231477
v 5.382117 7.592328 3.295269
v 5.576122 7.354571 3.381078
v 5.606069 7.271123 3.26169
v 5.37916 7.516141 3.067521
v 5.360209 7.568947 3.14307
v 5.721859 7.154753 3.422156
v 5.704352 7.140949 3.314374
v 5.646232 7.194151 3.237529
v 5.688498 7.227475 3.497735
v 5.581547 7.283196 3.236633
v 5.623811 7.316518 3.496839
v 5.548183 7.355916 3.312212
v 5.565692 7.369721 3.419993
v 5.652745 7.207085 3.262934
v 5.84867 6.895295 3.146216
v 5.798607 6.943676 3.087279
v 5.759493 6.987473 3.05823
v 5.652745 7.207085 3.262934
v 5.708044 7.178274 3.397937
v 5.883663 6.877064 3.231646
v 5.84867 6.895295 3.146216
v 5.585128 7.30455 3.274455
v 5.562921 7.204004 2.902138
v 5.518082 7.276993 2.933487
v 5.492723 7.324964 2.970197
v 5.585128 7.30455 3.274455
v 5.674438 7.186677 3.290055
v 5.619436 7.129414 2.912009
v 5.562921 7.204004 2.902138
v 5.635342 7.304918 3.47231
v 5.45173 7.610785 3.620483
v 5.503727 7.557548 3.673233
v 5.543382 7.51118 3.697095
v 5.635342 7.304918 3.47231
v 5.573901 7.344106 3.342682
v 5.41285 7.635584 3.538455
v 5.45173 7.610785 3.620483
v 5.6984 7.211413 3.454157
v 5.729821 7.300059 3.828826
v 5.773333 7.227751 3.794204
v 5.797459 7.180763 3.755448
v 5.6984 7.211413 3.454157
v 5.609747 7.330397 3.444277
v 5.673722 7.375353 3.822574
v 5.729821 7.300059 3.828826
v 5.706609 7.164733 3.35389
v 5.91942 6.957922 3.601202
v 5.914056 6.934335 3.513251
v 5.900476 6.93054 3.449273
v 5.706609 7.164733 3.35389
v 5.673938 7.250979 3.470542
v 5.898746 7.012499 3.67502
v 5.91942 6.957922 3.601202
v 3.904495 8.454939 3.381078
v 3.60024 8.456717 3.14307
v 3.59041 8.476918 3.231477
v 3.5995 8.48875 3.295269
v 4.066897 8.389546 3.237529
v 3.95836 8.407794 3.236633
v 3.883613 8.43633 3.312212
v 4.145642 8.392283 3.314374
v 3.886441 8.458446 3.419993
v 4.14847 8.414395 3.422156
v 3.965187 8.46118 3.496839
v 4.073723 8.442935 3.497735
v 4.062487 8.403339 3.262934
v 4.420707 8.318032 3.146216
v 4.351089 8.317499 3.087279
v 4.292496 8.321362 3.05823
v 4.062487 8.403339 3.262934
v 4.122135 8.42151 3.397937
v 4.458453 8.329531 3.231646
v 4.420707 8.318032 3.146216
v 3.94596 8.425544 3.274455
v 4.000534 8.338227 2.902138
v 3.917408 8.358915 2.933487
v 3.865709 8.375391 2.970197
v 3.94596 8.425544 3.274455
v 4.092264 8.403969 3.290055
v 4.093114 8.324572 2.912009
v 4.000534 8.338227 2.902138
v 3.981541 8.460977 3.47231
v 3.636257 8.550682 3.620483
v 3.710658 8.549103 3.673233
v 3.771437 8.543784 3.697095
v 3.981541 8.460977 3.47231
v 3.910241 8.445912 3.342682
v 3.591138 8.541147 3.538455
v 3.636257 8.550682 3.620483
v 4.09204 8.438406 3.454157
v 4.052378 8.523684 3.828826
v 4.134079 8.50255 3.794204
v 4.18421 8.485912 3.755448
v 4.09204 8.438406 3.454157
v 3.945428 8.461235 3.444277
v 3.9596 8.538132 3.822574
v 4.052378 8.523684 3.828826
v 4.130596 8.410838 3.35389
v 4.427339 8.412286 3.601202
v 4.440031 8.391694 3.513251
v 4.432997 8.379474 3.449273
v 4.130596 8.410838 3.35389
v 4.046868 8.449512 3.470542
v 4.374356 8.436758 3.67502
v 4.427339 8.412286 3.601202
v -0.2906244 8.623551 3.326727
v 0.1270969 8.657505 3.362844
v 0.08465508 8.645111 3.273896
v 0.03917983 8.636138 3.219667
v -0.2906244 8.623551 3.326727
v -0.2943732 8.64017 3.487762
v 0.1247232 8.66802 3.464746
v 0.1270969 8.657505 3.362844
v -0.295804 8.602414 3.282969
v -0.4127924 8.591486 3.259325
v -0.512903 8.591169 3.325219
v -0.2304706 8.61755 3.3823
v -0.5374939 8.601646 3.442051
v -0.2550623 8.628029 3.499133
v -0.4721615 8.61678 3.541383
v -0.3551752 8.62771 3.565028
v -0.3668225 8.639856 3.534658
v -0.6275778 8.655607 3.864364
v -0.5293894 8.664004 3.876826
v -0.4587178 8.668186 3.868042
v -0.3668225 8.639856 3.534658
v -0.5001383 8.620798 3.444736
v -0.7119396 8.643547 3.807461
v -0.6275778 8.655607 3.864364
v -0.266607 8.638447 3.452208
v -0.09995958 8.690617 3.8349
v -0.04193422 8.686362 3.754392
v -0.01586434 8.6813 3.688179
v -0.266607 8.638447 3.452208
v -0.4099331 8.635998 3.527535
v -0.1906559 8.689067 3.882566
v -0.09995958 8.690617 3.8349
v -0.4144232 8.610607 3.288547
v -0.1838517 8.590417 2.937299
v -0.2828254 8.582882 2.933578
v -0.3524849 8.579422 2.948572
v -0.4144232 8.610607 3.288547
v -0.2735464 8.628932 3.366265
v -0.09470436 8.602014 2.986479
v -0.1838517 8.590417 2.937299
v -0.5052497 8.612958 3.37351
v -0.6869483 8.560431 2.99778
v -0.7417634 8.565146 3.080482
v -0.765202 8.570498 3.147648
v -0.5052497 8.612958 3.37351
v -0.3649709 8.614606 3.29263
v -0.598181 8.561474 2.946599
v -0.6869483 8.560431 2.99778
v -0.4822623 8.626966 3.491242
v -0.898505 8.591722 3.441782
v -0.8589563 8.604047 3.532062
v -0.8152604 8.613041 3.58773
v -0.4822623 8.626966 3.491242
v -0.4733395 8.610739 3.330371
v -0.8928585 8.581453 3.339983
v -0.898505 8.591722 3.441782
vt 0.02642822 0.8671875
vt 0.02612305 0.8813477
vt 0.02806091 0.8813477
vt 0.03086853 0.8671875
vt 0.03123474 0.8803711
vt 0.02642822 0.8671875
vt 0.02612305 0.8813477
vt 0.02806091 0.8813477
vt 0.03086853 0.8671875
vt 0.03123474 0.8803711
vt 0.02659607 0.8676758
vt 0.02629089 0.8813477
vt 0.02818298 0.8813477
vt 0.03091431 0.8676758
vt 0.03125 0.8803711
vt 0.02642822 0.8671875
vt 0.02612305 0.8813477
vt 0.02806091 0.8813477
vt 0.03086853 0.8671875
vt 0.03123474 0.8803711
vt 0.02642822 0.8671875
vt 0.02612305 0.8813477
vt 0.02806091 0.8813477
vt 0.03086853 0.8671875
vt 0.03123474 0.8803711
vt 0.02642822 0.8671875
vt 0.02612305 0.8813477
vt 0.02806091 0.8813477
vt 0.03086853 0.8671875
vt 0.03123474 0.8803711
vt 0.5102539 0.9438477
vt 0.5102539 0.9550781
vt 0.5117188 0.9550781
vt 0.5141602 0.9438477
vt 0.5141602 0.9545898
vt 0.5102539 0.9438477
vt 0.5102539 0.9550781
vt 0.5117188 0.9550781
vt 0.5141602 0.9438477
vt 0.5141602 0.9545898
vt 0.5102539 0.9438477
vt 0.5102539 0.9550781
vt 0.5117188 0.9550781
vt 0.5141602 0.9438477
vt 0.5141602 0.9545898
vt 0.5102539 0.9438477
vt 0.5102539 0.9550781
vt 0.5117188 0.9550781
vt 0.5141602 0.9438477
vt 0.5141602 0.9545898
vt 0.5102539 0.9438477
vt 0.5102539 0.9550781
vt 0.5117188 0.9550781
vt 0.5141602 0.9438477
vt 0.5141602 0.9545898
vt 0.5102539 0.9438477
vt 0.5102539 0.9550781
vt 0.5117188 0.9550781
vt 0.5141602 0.9438477
vt 0.5141602 0.9545898
vt 0.02642822 0.8671875
vt 0.02612305 0.8813477
vt 0.02806091 0.8813477
vt 0.03086853 0.8671875
vt 0.03123474 0.8803711
vt 0.02642822 0.8671875
vt 0.02612305 0.8813477
vt 0.02806091 0.8813477
vt 0.03086853 0.8671875
vt 0.03123474 0.8803711
vt 0.02659607 0.8676758
vt 0.02629089 0.8813477
vt 0.02818298 0.8813477
vt 0.03091431 0.8676758
vt 0.03125 0.8803711
vt 0.02642822 0.8671875
vt 0.02612305 0.8813477
vt 0.02806091 0.8813477
vt 0.03086853 0.8671875
vt 0.03123474 0.8803711
vt 0.02642822 0.8671875
vt 0.02612305 0.8813477
vt 0.02806091 0.8813477
vt 0.03086853 0.8671875
vt 0.03123474 0.8803711
vt 0.02642822 0.8671875
vt 0.02612305 0.8813477
vt 0.02806091 0.8813477
vt 0.03086853 0.8671875
vt 0.03123474 0.8803711
vt 0.02642822 0.8671875
vt 0.02612305 0.8813477
vt 0.02806091 0.8813477
vt 0.03086853 0.8671875
vt 0.03123474 0.8803711
vt 0.02642822 0.8671875
vt 0.02612305 0.8813477
vt 0.02806091 0.8813477
vt 0.03086853 0.8671875
vt 0.03123474 0.8803711
vt 0.02659607 0.8676758
vt 0.02629089 0.8813477
vt 0.02818298 0.8813477
vt 0.03091431 0.8676758
vt 0.03125 0.8803711
vt 0.02642822 0.8671875
vt 0.02612305 0.8813477
vt 0.02806091 0.8813477
vt 0.03086853 0.8671875
vt 0.03123474 0.8803711
vt 0.02642822 0.8671875
vt 0.02612305 0.8813477
vt 0.02806091 0.8813477
vt 0.03086853 0.8671875
vt 0.03123474 0.8803711
vt 0.02642822 0.8671875
vt 0.02612305 0.8813477
vt 0.02806091 0.8813477
vt 0.03086853 0.8671875
vt 0.03123474 0.8803711
vt 0.5102539 0.9438477
vt 0.5102539 0.9550781
vt 0.5117188 0.9550781
vt 0.5141602 0.9438477
vt 0.5141602 0.9545898
vt 0.5102539 0.9438477
vt 0.5102539 0.9550781
vt 0.5117188 0.9550781
vt 0.5141602 0.9438477
vt 0.5141602 0.9545898
vt 0.5102539 0.9438477
vt 0.5102539 0.9550781
vt 0.5117188 0.9550781
vt 0.5141602 0.9438477
vt 0.5141602 0.9545898
vt 0.5102539 0.9438477
vt 0.5102539 0.9550781
vt 0.5117188 0.9550781
vt 0.5141602 0.9438477
vt 0.5141602 0.9545898
vt 0.5102539 0.9438477
vt 0.5102539 0.9550781
vt 0.5117188 0.9550781
vt 0.5141602 0.9438477
vt 0.5141602 0.9545898
vt 0.5102539 0.9438477
vt 0.5102539 0.9550781
vt 0.5117188 0.9550781
vt 0.5141602 0.9438477
vt 0.5141602 0.9545898
vt 0.5102539 0.9438477
vt 0.5102539 0.9550781
vt 0.5117188 0.9550781
vt 0.5141602 0.9438477
vt 0.5102539 0.9438477
vt 0.5141602 0.9545898
vt 0.5175781 0.9438477
vt 0.5141602 0.9545898
vt 0.5175781 0.9545898
vt 0.5102539 0.9438477
vt 0.5102539 0.9550781
vt 0.5117188 0.9550781
vt 0.5141602 0.9438477
vt 0.5141602 0.9545898
vt 0.5102539 0.9438477
vt 0.5102539 0.9550781
vt 0.5117188 0.9550781
vt 0.5141602 0.9438477
vt 0.5141602 0.9545898
vt 0.5102539 0.9438477
vt 0.5102539 0.9550781
vt 0.5117188 0.9550781
vt 0.5141602 0.9438477
vt 0.5141602 0.9545898
vt 0.5102539 0.9438477
vt 0.5102539 0.9550781
vt 0.5117188 0.9550781
vt 0.5141602 0.9438477
vt 0.5141602 0.9545898
vt 0.5102539 0.9438477
vt 0.5102539 0.9550781
vt 0.5117188 0.9550781
vt 0.5141602 0.9438477
vt 0.5141602 0.9545898
vt 0.02642822 0.8671875
vt 0.02612305 0.8813477
vt 0.02806091 0.8813477
vt 0.03086853 0.8671875
vt 0.03123474 0.8803711
vt 0.02642822 0.8671875
vt 0.02612305 0.8813477
vt 0.02806091 0.8813477
vt 0.03086853 0.8671875
vt 0.03123474 0.8803711
vt 0.02659607 0.8676758
vt 0.02629089 0.8813477
vt 0.02818298 0.8813477
vt 0.03091431 0.8676758
vt 0.03125 0.8803711
vt 0.02642822 0.8671875
vt 0.02612305 0.8813477
vt 0.02806091 0.8813477
vt 0.03086853 0.8671875
vt 0.03123474 0.8803711
vt 0.02642822 0.8671875
vt 0.02612305 0.8813477
vt 0.02806091 0.8813477
vt 0.03086853 0.8671875
vt 0.03123474 0.8803711
vt 0.02642822 0.8671875
vt 0.02612305 0.8813477
vt 0.02806091 0.8813477
vt 0.03086853 0.8671875
vt 0.03123474 0.8803711
vt 0.0397644 0.8671875
vt 0.03494263 0.8803711
vt 0.03811646 0.8813477
vt 0.04006958 0.8813477
vt 0.03530884 0.8671875
vt 0.03086853 0.8671875
vt 0.03123474 0.8803711
vt 0.03494263 0.8803711
vt 0.449707 0.8271484
vt 0.4475098 0.8217773
vt 0.4423828 0.8198242
vt 0.4372559 0.8217773
vt 0.4475098 0.8320313
vt 0.4350586 0.8271484
vt 0.4423828 0.8344727
vt 0.4372559 0.8320313
vt 0.0397644 0.8671875
vt 0.03494263 0.8803711
vt 0.03811646 0.8813477
vt 0.04006958 0.8813477
vt 0.03530884 0.8671875
vt 0.03086853 0.8671875
vt 0.03123474 0.8803711
vt 0.03494263 0.8803711
vt 0.03955078 0.8676758
vt 0.03488159 0.8803711
vt 0.03796387 0.8813477
vt 0.03985596 0.8813477
vt 0.03521729 0.8676758
vt 0.03091431 0.8676758
vt 0.03125 0.8803711
vt 0.03488159 0.8803711
vt 0.0397644 0.8671875
vt 0.03494263 0.8803711
vt 0.03811646 0.8813477
vt 0.04006958 0.8813477
vt 0.03530884 0.8671875
vt 0.03086853 0.8671875
vt 0.03123474 0.8803711
vt 0.03494263 0.8803711
vt 0.0397644 0.8671875
vt 0.03494263 0.8803711
vt 0.03811646 0.8813477
vt 0.04006958 0.8813477
vt 0.03530884 0.8671875
vt 0.03086853 0.8671875
vt 0.03123474 0.8803711
vt 0.03494263 0.8803711
vt 0.0397644 0.8671875
vt 0.03494263 0.8803711
vt 0.03811646 0.8813477
vt 0.04006958 0.8813477
vt 0.03530884 0.8671875
vt 0.03086853 0.8671875
vt 0.03123474 0.8803711
vt 0.03494263 0.8803711
vt 0.5214844 0.9438477
vt 0.5175781 0.9545898
vt 0.5200195 0.9550781
vt 0.5214844 0.9550781
vt 0.5175781 0.9438477
vt 0.5141602 0.9438477
vt 0.5141602 0.9545898
vt 0.5175781 0.9545898
vt 0.4475098 0.8320313
vt 0.449707 0.8271484
vt 0.4475098 0.8217773
vt 0.4423828 0.8344727
vt 0.4423828 0.8198242
vt 0.4372559 0.8320313
vt 0.4372559 0.8217773
vt 0.4350586 0.8271484
vt 0.5214844 0.9438477
vt 0.5175781 0.9545898
vt 0.5200195 0.9550781
vt 0.5214844 0.9550781
vt 0.5175781 0.9438477
vt 0.5141602 0.9438477
vt 0.5141602 0.9545898
vt 0.5175781 0.9545898
vt 0.5214844 0.9438477
vt 0.5175781 0.9545898
vt 0.5200195 0.9550781
vt 0.5214844 0.9550781
vt 0.5175781 0.9438477
vt 0.5141602 0.9438477
vt 0.5141602 0.9545898
vt 0.5175781 0.9545898
vt 0.5214844 0.9438477
vt 0.5175781 0.9545898
vt 0.5200195 0.9550781
vt 0.5214844 0.9550781
vt 0.5175781 0.9438477
vt 0.5141602 0.9438477
vt 0.5141602 0.9545898
vt 0.5175781 0.9545898
vt 0.5214844 0.9438477
vt 0.5175781 0.9545898
vt 0.5200195 0.9550781
vt 0.5214844 0.9550781
vt 0.5175781 0.9438477
vt 0.5141602 0.9438477
vt 0.5141602 0.9545898
vt 0.5175781 0.9545898
vt 0.5214844 0.9438477
vt 0.5175781 0.9545898
vt 0.5200195 0.9550781
vt 0.5214844 0.9550781
vt 0.5175781 0.9438477
vt 0.5141602 0.9438477
vt 0.5141602 0.9545898
vt 0.5175781 0.9545898
vt 0.1452637 0.9365234
vt 0.1445313 0.9365234
vt 0.1452637 0.9365234
vt 0.1445313 0.9365234
vt 0.145752 0.9365234
vt 0.1463623 0.9365234
vt 0.1560059 0.9365234
vt 0.144043 0.9370117
vt 0.144043 0.9370117
vt 0.1437988 0.9375
vt 0.1553955 0.9365234
vt 0.1582031 0.9365234
vt 0.1453857 0.9370117
vt 0.1437988 0.9375
vt 0.1439209 0.9736328
vt 0.1439209 0.9736328
vt 0.1452637 0.9736328
vt 0.1451416 0.9375
vt 0.1549072 0.9736328
vt 0.1578369 0.9365234
vt 0.1611328 0.9365234
vt 0.1550293 0.9370117
vt 0.1549072 0.9375
vt 0.1573486 0.9736328
vt 0.1574707 0.9370117
vt 0.1573486 0.9375
vt 0.1607666 0.9736328
vt 0.1608887 0.9365234
vt 0.1606445 0.9375
vt 0.1645508 0.9736328
vt 0.1607666 0.9370117
vt 0.1645508 0.9365234
vt 0.1646729 0.9365234
vt 0.1767578 0.9365234
vt 0.1645508 0.9375
vt 0.1645508 0.9370117
vt 0.1767578 0.9365234
vt 0.1837158 0.9365234
vt 0.1767578 0.9375
vt 0.1767578 0.9736328
vt 0.1767578 0.9370117
vt 0.1837158 0.9365234
vt 0.1871338 0.9365234
vt 0.1838379 0.9375
vt 0.1837158 0.9736328
vt 0.1875 0.9736328
vt 0.1838379 0.9370117
vt 0.1873779 0.9365234
vt 0.1900635 0.9365234
vt 0.1876221 0.9375
vt 0.190918 0.9736328
vt 0.1875 0.9370117
vt 0.1905518 0.9365234
vt 0.190918 0.9375
vt 0.1933594 0.9736328
vt 0.1907959 0.9370117
vt 0.1928711 0.9365234
vt 0.1922607 0.9365234
vt 0.2017822 0.9365234
vt 0.1934814 0.9375
vt 0.1932373 0.9370117
vt 0.2023926 0.9365234
vt 0.2030029 0.9365234
vt 0.2036133 0.9365234
vt 0.2028809 0.9370117
vt 0.2042236 0.9370117
vt 0.2030029 0.9375
vt 0.2028809 0.9736328
vt 0.2043457 0.9375
vt 0.2042236 0.9736328
vt 0.7207031 0.8710938
vt 0.7119141 0.8632813
vt 0.7119141 0.8632813
vt 0.7207031 0.8710938
vt 0.7124023 0.862793
vt 0.7226563 0.8720703
vt 0.7226563 0.8725586
vt 0.7250977 0.8730469
vt 0.7250977 0.8725586
vt 0.7275391 0.8725586
vt 0.7226563 0.8720703
vt 0.7207031 0.8706055
vt 0.7211914 0.8706055
vt 0.715332 0.8647461
vt 0.7128906 0.862793
vt 0.7231445 0.871582
vt 0.7250977 0.8725586
vt 0.7250977 0.8720703
vt 0.7270508 0.8725586
vt 0.7270508 0.8720703
vt 0.7270508 0.871582
vt 0.7329102 0.8701172
vt 0.7329102 0.8706055
vt 0.7324219 0.8706055
vt 0.7324219 0.8710938
vt 0.04574585 0.9511719
vt 0.04873657 0.956543
vt 0.04898071 0.9570313
vt 0.0456543 0.9511719
vt 0.04833984 0.956543
vt 0.04415894 0.949707
vt 0.04421997 0.949707
vt 0.04217529 0.9482422
vt 0.04541016 0.9516602
vt 0.0479126 0.956543
vt 0.04214478 0.9482422
vt 0.03985596 0.9477539
vt 0.04394531 0.949707
vt 0.04504395 0.9516602
vt 0.04690552 0.956543
vt 0.04574585 0.9570313
vt 0.04367065 0.9501953
vt 0.04336548 0.953125
vt 0.0440979 0.9575195
vt 0.04302979 0.9594727
vt 0.04232788 0.9516602
vt 0.04251099 0.9599609
vt 0.04202271 0.9487305
vt 0.04116821 0.9511719
vt 0.0397644 0.9609375
vt 0.04190063 0.9492188
vt 0.03985596 0.9482422
vt 0.03961182 0.9506836
vt 0.03848267 0.9589844
vt 0.03982544 0.9482422
vt 0.03979492 0.9487305
vt 0.03598022 0.9482422
vt 0.03598022 0.9477539
vt 0.03604126 0.9487305
vt 0.03601074 0.9482422
vt 0.03570557 0.9506836
vt 0.03329468 0.9492188
vt 0.03662109 0.9536133
vt 0.03567505 0.9516602
vt 0.03683472 0.9560547
vt 0.03643799 0.9575195
vt 0.03320313 0.9482422
vt 0.03323364 0.9477539
vt 0.02810669 0.9477539
vt 0.03320313 0.9482422
vt 0.02810669 0.9482422
vt 0.02813721 0.9482422
vt 0.02581787 0.9482422
vt 0.02578735 0.9482422
vt 0.02374268 0.949707
vt 0.02592468 0.9487305
vt 0.02381897 0.949707
vt 0.02223206 0.9511719
vt 0.02232361 0.9516602
vt 0.01637268 0.9614258
vt 0.02401733 0.949707
vt 0.02607727 0.9492188
vt 0.02818298 0.9487305
vt 0.02836609 0.9506836
vt 0.03335571 0.9506836
vt 0.03186035 0.9580078
vt 0.03341675 0.9521484
vt 0.03414917 0.9575195
vt 0.03433228 0.9541016
vt 0.03451538 0.9555664
vt 0.02998352 0.9594727
vt 0.02882385 0.9614258
vt 0.02326965 0.9624023
vt 0.02679443 0.9511719
vt 0.02429199 0.9501953
vt 0.02563477 0.9516602
vt 0.02256775 0.9516602
vt 0.02461243 0.953125
vt 0.02159119 0.9619141
vt 0.02043152 0.9604492
vt 0.01724243 0.9619141
vt 0.0229187 0.9516602
vt 0.01675415 0.9619141
vt 0.01647949 0.9638672
vt 0.01647949 0.9614258
vt 0.01599121 0.9638672
vt 0.01568604 0.9638672
vt 0.01557159 0.9638672
vt 0.01557159 0.9663086
vt 0.01568604 0.9663086
vt 0.01638794 0.9682617
vt 0.01599121 0.9658203
vt 0.0164032 0.9658203
vt 0.01647949 0.9682617
vt 0.02227783 0.9785156
vt 0.01676941 0.9682617
vt 0.01715088 0.9677734
vt 0.02236938 0.9785156
vt 0.02262878 0.9785156
vt 0.02296448 0.9780273
vt 0.02435303 0.9794922
vt 0.02388 0.9804688
vt 0.02380371 0.9804688
vt 0.02584839 0.9814453
vt 0.02407837 0.9799805
vt 0.02587891 0.9814453
vt 0.02816772 0.9819336
vt 0.02598572 0.980957
vt 0.02613831 0.9804688
vt 0.02819824 0.9814453
vt 0.02824402 0.980957
vt 0.0297699 0.980957
vt 0.02818298 0.9819336
vt 0.03564453 0.9819336
vt 0.03564453 0.9819336
vt 0.03991699 0.9819336
vt 0.03564453 0.980957
vt 0.03561401 0.9790039
vt 0.03024292 0.9790039
vt 0.03564453 0.9814453
vt 0.03991699 0.9819336
vt 0.03988647 0.9814453
vt 0.04220581 0.9814453
vt 0.04223633 0.9814453
vt 0.04428101 0.9804688
vt 0.04211426 0.980957
vt 0.04421997 0.9799805
vt 0.04580688 0.9785156
vt 0.04571533 0.9785156
vt 0.04400635 0.9799805
vt 0.04544067 0.9780273
vt 0.03985596 0.980957
vt 0.04196167 0.9804688
vt 0.04373169 0.9794922
vt 0.04510498 0.9780273
vt 0.03967285 0.9790039
vt 0.04122925 0.9785156
vt 0.04238892 0.9780273
vt 0.04342651 0.9770508
vt 0.04678345 0.9750977
vt 0.04467773 0.9746094
vt 0.04370117 0.9736328
vt 0.04205322 0.9726563
vt 0.04116821 0.9711914
vt 0.04089355 0.9702148
vt 0.03930664 0.96875
vt 0.03881836 0.9672852
vt 0.03936768 0.9677734
vt 0.03695679 0.96875
vt 0.034729 0.9692383
vt 0.03234863 0.96875
vt 0.03062439 0.9755859
vt 0.03062439 0.9731445
vt 0.03034973 0.9716797
vt 0.02981567 0.9702148
vt 0.2030029 0.9365234
vt 0.2036133 0.9365234
vt 0.2030029 0.9365234
vt 0.2036133 0.9365234
vt 0.2042236 0.9370117
vt 0.2023926 0.9365234
vt 0.2017822 0.9365234
vt 0.1922607 0.9365234
vt 0.2042236 0.9370117
vt 0.2043457 0.9375
vt 0.192749 0.9365234
vt 0.1899414 0.9365234
vt 0.2028809 0.9370117
vt 0.2030029 0.9375
vt 0.2043457 0.9375
vt 0.2042236 0.9736328
vt 0.2042236 0.9736328
vt 0.2028809 0.9736328
vt 0.1986084 0.9736328
vt 0.1932373 0.9736328
vt 0.1904297 0.9365234
vt 0.1870117 0.9365234
vt 0.1932373 0.9370117
vt 0.1933594 0.9375
vt 0.1907959 0.9736328
vt 0.1906738 0.9370117
vt 0.1907959 0.9375
vt 0.1875 0.9736328
vt 0.1872559 0.9365234
vt 0.1875 0.9375
vt 0.1835938 0.9736328
vt 0.1873779 0.9370117
vt 0.1837158 0.9375
vt 0.1773682 0.9736328
vt 0.1835938 0.9365234
vt 0.1835938 0.9365234
vt 0.1837158 0.9370117
vt 0.1774902 0.9375
vt 0.1728516 0.9736328
vt 0.1774902 0.9365234
vt 0.1776123 0.9365234
vt 0.1774902 0.9370117
vt 0.1729736 0.9375
vt 0.1644287 0.9736328
vt 0.1730957 0.9365234
vt 0.1730957 0.9365234
vt 0.1645508 0.9365234
vt 0.1729736 0.9370117
vt 0.1644287 0.9365234
vt 0.1610107 0.9365234
vt 0.1644287 0.9375
vt 0.1606445 0.9736328
vt 0.1644287 0.9370117
vt 0.1607666 0.9365234
vt 0.1580811 0.9365234
vt 0.1606445 0.9375
vt 0.1573486 0.9736328
vt 0.1606445 0.9370117
vt 0.1577148 0.9365234
vt 0.1572266 0.9375
vt 0.1547852 0.9736328
vt 0.1573486 0.9370117
vt 0.1547852 0.9375
vt 0.1452637 0.9736328
vt 0.1552734 0.9365234
vt 0.1558838 0.9365234
vt 0.1463623 0.9365234
vt 0.1549072 0.9370117
vt 0.145752 0.9365234
vt 0.1452637 0.9365234
vt 0.1445313 0.9365234
vt 0.1452637 0.9370117
vt 0.144043 0.9370117
vt 0.1451416 0.9375
vt 0.1439209 0.9736328
vt 0.1437988 0.9375
vt 0.7495117 0.8828125
vt 0.7475586 0.8803711
vt 0.7441406 0.878418
vt 0.7368164 0.8974609
vt 0.7426758 0.9003906
vt 0.6987305 0.9106445
vt 0.7392578 0.8754883
vt 0.699707 0.90625
vt 0.7333984 0.8759766
vt 0.6982422 0.9003906
vt 0.730957 0.8759766
vt 0.7211914 0.8813477
vt 0.7246094 0.8779297
vt 0.699707 0.8955078
vt 0.715332 0.8808594
vt 0.7026367 0.8920898
vt 0.7109375 0.8833008
vt 0.7026367 0.8857422
vt 0.7055664 0.8837891
vt 0.7260742 0.90625
vt 0.7021484 0.9165039
vt 0.7280273 0.9125977
vt 0.734375 0.9106445
vt 0.734375 0.9018555
vt 0.7392578 0.90625
vt 0.730957 0.9047852
vt 0.6870117 0.9130859
vt 0.6928711 0.9223633
vt 0.6992188 0.9243164
vt 0.699707 0.9169922
vt 0.7089844 0.9140625
vt 0.6899414 0.9082031
vt 0.706543 0.9233398
vt 0.6923828 0.9008789
vt 0.7045898 0.9165039
vt 0.7128906 0.9199219
vt 0.7431641 0.8959961
vt 0.7387695 0.8911133
vt 0.7021484 0.8930664
vt 0.7480469 0.890625
vt 0.7089844 0.8920898
vt 0.7421875 0.887207
vt 0.7504883 0.8842773
vt 0.7441406 0.8828125
vt 0.7124023 0.8842773
vt 0.7509766 0.8769531
vt 0.7441406 0.8774414
vt 0.75 0.8720703
vt 0.7148438 0.8769531
vt 0.7431641 0.871582
vt 0.71875 0.8745117
vt 0.7324219 0.871582
vt 0.7246094 0.8730469
vt 0.746582 0.9160156
vt 0.7470703 0.925293
vt 0.7514648 0.9189453
vt 0.7426758 0.9213867
vt 0.7412109 0.9199219
vt 0.7373047 0.9125977
vt 0.7431641 0.9140625
vt 0.7333984 0.9106445
vt 0.7016602 0.8896484
vt 0.706543 0.8847656
vt 0.7299805 0.9072266
vt 0.7324219 0.9008789
vt 0.7089844 0.8769531
vt 0.7324219 0.8945313
vt 0.7294922 0.8886719
vt 0.7128906 0.8735352
vt 0.7348633 0.8745117
vt 0.7241211 0.8735352
vt 0.7192383 0.8706055
vt 0.7255859 0.9121094
vt 0.7348633 0.9189453
vt 0.7285156 0.9155273
vt 0.6992188 0.8955078
vt 0.7192383 0.9145508
vt 0.699707 0.9018555
vt 0.6982422 0.902832
vt 0.7133789 0.9145508
vt 0.699707 0.9072266
vt 0.703125 0.9101563
vt 0.7075195 0.9174805
vt 0.7099609 0.9199219
vt 0.7041016 0.9155273
vt 0.4306641 0.8969727
vt 0.4289551 0.8969727
vt 0.4318848 0.8969727
vt 0.4328613 0.8969727
vt 0.4384766 0.8969727
vt 0.4489746 0.8969727
vt 0.4389648 0.8969727
vt 0.4489746 0.8969727
vt 0.4562988 0.8969727
vt 0.4562988 0.8969727
vt 0.4599609 0.8969727
vt 0.4592285 0.8969727
vt 0.4633789 0.8969727
vt 0.4682617 0.8969727
vt 0.4658203 0.8969727
vt 0.465332 0.8969727
vt 0.4614258 0.8969727
vt 0.4631348 0.8969727
vt 0.4453125 0.8735352
vt 0.4445801 0.8686523
vt 0.4453125 0.8686523
vt 0.4445801 0.8735352
vt 0.4445801 0.8686523
vt 0.4445801 0.8735352
vt 0.4443359 0.8686523
vt 0.4443359 0.8735352
vt 0.4440918 0.8686523
vt 0.4440918 0.8735352
vt 0.4436035 0.8686523
vt 0.4436035 0.8735352
vt 0.442627 0.8686523
vt 0.442627 0.8735352
vt 0.4418945 0.8686523
vt 0.4418945 0.8735352
vt 0.4416504 0.8686523
vt 0.4416504 0.8735352
vt 0.4414063 0.8686523
vt 0.4414063 0.8735352
vt 0.4414063 0.8686523
vt 0.4414063 0.8735352
vt 0.4411621 0.8686523
vt 0.4411621 0.8735352
vt 0.4404297 0.8686523
vt 0.4404297 0.8735352
vt 0.4401855 0.8686523
vt 0.4401855 0.8735352
vt 0.435791 0.8969727
vt 0.4355469 0.8969727
vt 0.4384766 0.8969727
vt 0.4389648 0.8969727
vt 0.4199219 0.9072266
vt 0.4179688 0.8652344
vt 0.4199219 0.8652344
vt 0.4179688 0.9072266
vt 0.4177246 0.8652344
vt 0.4174805 0.9072266
vt 0.4179688 0.9116211
vt 0.4199219 0.9116211
vt 0.4204102 0.9072266
vt 0.4660645 0.8652344
vt 0.4689941 0.8652344
vt 0.4689941 0.9072266
vt 0.4660645 0.9072266
vt 0.4689941 0.9116211
vt 0.4660645 0.9116211
vt 0.4592285 0.8969727
vt 0.4599609 0.8969727
vt 0.4631348 0.8969727
vt 0.4614258 0.8969727
vt 0.4328613 0.8969727
vt 0.4318848 0.8969727
vt 0.4355469 0.8969727
vt 0.435791 0.8969727
vt 0.4287109 0.8969727
vt 0.4289551 0.8969727
vt 0.4306641 0.8969727
vt 0.4265137 0.8969727
vt 0.421875 0.8969727
vt 0.4196777 0.8969727
vt 0.4682617 0.8969727
vt 0.4755859 0.8969727
vt 0.4731445 0.8969727
vt 0.4658203 0.8969727
vt 0.4177246 0.9072266
vt 0.4240723 0.8652344
vt 0.4177246 0.8652344
vt 0.4240723 0.9072266
vt 0.4267578 0.8652344
vt 0.4267578 0.9072266
vt 0.4267578 0.9116211
vt 0.4240723 0.9116211
vt 0.4177246 0.9116211
vt 0.4267578 0.9072266
vt 0.4289551 0.8652344
vt 0.4289551 0.9072266
vt 0.4318848 0.8652344
vt 0.4289551 0.9116211
vt 0.4267578 0.9116211
vt 0.4318848 0.9072266
vt 0.4318848 0.9116211
vt 0.4291992 0.9116211
vt 0.4318848 0.9072266
vt 0.4353027 0.8652344
vt 0.4353027 0.9072266
vt 0.4421387 0.8652344
vt 0.4353027 0.9116211
vt 0.4321289 0.9116211
vt 0.4421387 0.9072266
vt 0.4516602 0.8652344
vt 0.4421387 0.9116211
vt 0.4353027 0.9116211
vt 0.4516602 0.9116211
vt 0.4516602 0.9072266
vt 0.4541016 0.9116211
vt 0.4541016 0.8652344
vt 0.4541016 0.9072266
vt 0.4575195 0.8652344
vt 0.4575195 0.9072266
vt 0.4604492 0.8652344
vt 0.4575195 0.9116211
vt 0.4543457 0.9116211
vt 0.4604492 0.9072266
vt 0.4626465 0.8652344
vt 0.4604492 0.9116211
vt 0.4577637 0.9116211
vt 0.4626465 0.9072266
vt 0.4626465 0.9116211
vt 0.4604492 0.9116211
vt 0.4626465 0.9072266
vt 0.4689941 0.8652344
vt 0.4689941 0.9072266
vt 0.4689941 0.9116211
vt 0.4626465 0.9116211
vt 0.456543 0.9116211
vt 0.458252 0.9072266
vt 0.458252 0.9116211
vt 0.456543 0.9072266
vt 0.4538574 0.9116211
vt 0.4538574 0.9072266
vt 0.4509277 0.9116211
vt 0.4509277 0.9072266
vt 0.4421387 0.9116211
vt 0.4421387 0.9072266
vt 0.4355469 0.9116211
vt 0.4355469 0.9072266
vt 0.4274902 0.9072266
vt 0.4206543 0.9116211
vt 0.4206543 0.9072266
vt 0.4274902 0.9116211
vt 0.4296875 0.9072266
vt 0.4296875 0.9116211
vt 0.4296875 0.9116211
vt 0.4296875 0.9072266
vt 0.4311523 0.9072266
vt 0.4311523 0.9116211
vt 0.4311523 0.9116211
vt 0.4311523 0.9072266
vt 0.4331055 0.9072266
vt 0.4331055 0.9116211
vt 0.4355469 0.9072266
vt 0.4355469 0.9116211
vt 0.458252 0.9116211
vt 0.458252 0.9072266
vt 0.4599609 0.9072266
vt 0.4599609 0.9116211
vt 0.4660645 0.9072266
vt 0.4660645 0.9116211
vt 0.4599609 0.9116211
vt 0.4599609 0.9072266
vt 0.0397644 0.8671875
vt 0.03494263 0.8803711
vt 0.03811646 0.8813477
vt 0.04006958 0.8813477
vt 0.03530884 0.8671875
vt 0.03086853 0.8671875
vt 0.03123474 0.8803711
vt 0.03494263 0.8803711
vt 0.4423828 0.8198242
vt 0.4372559 0.8217773
vt 0.4350586 0.8271484
vt 0.4372559 0.8320313
vt 0.4475098 0.8217773
vt 0.4423828 0.8344727
vt 0.449707 0.8271484
vt 0.4475098 0.8320313
vt 0.0397644 0.8671875
vt 0.03494263 0.8803711
vt 0.03811646 0.8813477
vt 0.04006958 0.8813477
vt 0.03530884 0.8671875
vt 0.03086853 0.8671875
vt 0.03123474 0.8803711
vt 0.03494263 0.8803711
vt 0.03955078 0.8676758
vt 0.03488159 0.8803711
vt 0.03796387 0.8813477
vt 0.03985596 0.8813477
vt 0.03521729 0.8676758
vt 0.03091431 0.8676758
vt 0.03125 0.8803711
vt 0.03488159 0.8803711
vt 0.0397644 0.8671875
vt 0.03494263 0.8803711
vt 0.03811646 0.8813477
vt 0.04006958 0.8813477
vt 0.03530884 0.8671875
vt 0.03086853 0.8671875
vt 0.03123474 0.8803711
vt 0.03494263 0.8803711
vt 0.0397644 0.8671875
vt 0.03494263 0.8803711
vt 0.03811646 0.8813477
vt 0.04006958 0.8813477
vt 0.03530884 0.8671875
vt 0.03086853 0.8671875
vt 0.03123474 0.8803711
vt 0.03494263 0.8803711
vt 0.0397644 0.8671875
vt 0.03494263 0.8803711
vt 0.03811646 0.8813477
vt 0.04006958 0.8813477
vt 0.03530884 0.8671875
vt 0.03086853 0.8671875
vt 0.03123474 0.8803711
vt 0.03494263 0.8803711
vt 0.0397644 0.8671875
vt 0.03494263 0.8803711
vt 0.03811646 0.8813477
vt 0.04006958 0.8813477
vt 0.03530884 0.8671875
vt 0.03086853 0.8671875
vt 0.03123474 0.8803711
vt 0.03494263 0.8803711
vt 0.449707 0.8271484
vt 0.4475098 0.8217773
vt 0.4423828 0.8198242
vt 0.4475098 0.8320313
vt 0.4372559 0.8217773
vt 0.4423828 0.8344727
vt 0.4350586 0.8271484
vt 0.4372559 0.8320313
vt 0.0397644 0.8671875
vt 0.03494263 0.8803711
vt 0.03811646 0.8813477
vt 0.04006958 0.8813477
vt 0.03530884 0.8671875
vt 0.03086853 0.8671875
vt 0.03123474 0.8803711
vt 0.03494263 0.8803711
vt 0.03955078 0.8676758
vt 0.03488159 0.8803711
vt 0.03796387 0.8813477
vt 0.03985596 0.8813477
vt 0.03521729 0.8676758
vt 0.03091431 0.8676758
vt 0.03125 0.8803711
vt 0.03488159 0.8803711
vt 0.0397644 0.8671875
vt 0.03494263 0.8803711
vt 0.03811646 0.8813477
vt 0.04006958 0.8813477
vt 0.03530884 0.8671875
vt 0.03086853 0.8671875
vt 0.03123474 0.8803711
vt 0.03494263 0.8803711
vt 0.0397644 0.8671875
vt 0.03494263 0.8803711
vt 0.03811646 0.8813477
vt 0.04006958 0.8813477
vt 0.03530884 0.8671875
vt 0.03086853 0.8671875
vt 0.03123474 0.8803711
vt 0.03494263 0.8803711
vt 0.0397644 0.8671875
vt 0.03494263 0.8803711
vt 0.03811646 0.8813477
vt 0.04006958 0.8813477
vt 0.03530884 0.8671875
vt 0.03086853 0.8671875
vt 0.03123474 0.8803711
vt 0.03494263 0.8803711
vt 0.5214844 0.9438477
vt 0.5175781 0.9545898
vt 0.5200195 0.9550781
vt 0.5214844 0.9550781
vt 0.5175781 0.9438477
vt 0.5141602 0.9438477
vt 0.5141602 0.9545898
vt 0.5175781 0.9545898
vt 0.4372559 0.8320313
vt 0.4423828 0.8344727
vt 0.4475098 0.8320313
vt 0.4350586 0.8271484
vt 0.449707 0.8271484
vt 0.4372559 0.8217773
vt 0.4475098 0.8217773
vt 0.4423828 0.8198242
vt 0.5214844 0.9438477
vt 0.5175781 0.9545898
vt 0.5200195 0.9550781
vt 0.5214844 0.9550781
vt 0.5175781 0.9438477
vt 0.5141602 0.9438477
vt 0.5141602 0.9545898
vt 0.5175781 0.9545898
vt 0.5214844 0.9438477
vt 0.5175781 0.9545898
vt 0.5200195 0.9550781
vt 0.5214844 0.9550781
vt 0.5175781 0.9438477
vt 0.5141602 0.9438477
vt 0.5141602 0.9545898
vt 0.5175781 0.9545898
vt 0.5214844 0.9438477
vt 0.5175781 0.9545898
vt 0.5200195 0.9550781
vt 0.5214844 0.9550781
vt 0.5175781 0.9438477
vt 0.5141602 0.9438477
vt 0.5141602 0.9545898
vt 0.5175781 0.9545898
vt 0.5214844 0.9438477
vt 0.5175781 0.9545898
vt 0.5200195 0.9550781
vt 0.5214844 0.9550781
vt 0.5175781 0.9438477
vt 0.5141602 0.9438477
vt 0.5141602 0.9545898
vt 0.5175781 0.9545898
vt 0.5214844 0.9438477
vt 0.5175781 0.9545898
vt 0.5200195 0.9550781
vt 0.5214844 0.9550781
vt 0.5175781 0.9438477
vt 0.5141602 0.9438477
vt 0.5141602 0.9545898
vt 0.5175781 0.9545898
vt 0.5214844 0.9438477
vt 0.5175781 0.9545898
vt 0.5200195 0.9550781
vt 0.5214844 0.9550781
vt 0.4475098 0.8320313
vt 0.449707 0.8271484
vt 0.4475098 0.8217773
vt 0.4423828 0.8344727
vt 0.4423828 0.8198242
vt 0.4372559 0.8320313
vt 0.4372559 0.8217773
vt 0.4350586 0.8271484
vt 0.5214844 0.9438477
vt 0.5175781 0.9545898
vt 0.5200195 0.9550781
vt 0.5214844 0.9550781
vt 0.5175781 0.9438477
vt 0.5141602 0.9438477
vt 0.5141602 0.9545898
vt 0.5175781 0.9545898
vt 0.5214844 0.9438477
vt 0.5175781 0.9545898
vt 0.5200195 0.9550781
vt 0.5214844 0.9550781
vt 0.5175781 0.9438477
vt 0.5141602 0.9438477
vt 0.5141602 0.9545898
vt 0.5175781 0.9545898
vt 0.5214844 0.9438477
vt 0.5175781 0.9545898
vt 0.5200195 0.9550781
vt 0.5214844 0.9550781
vt 0.5175781 0.9438477
vt 0.5141602 0.9438477
vt 0.5141602 0.9545898
vt 0.5175781 0.9545898
vt 0.5214844 0.9438477
vt 0.5175781 0.9545898
vt 0.5200195 0.9550781
vt 0.5214844 0.9550781
vt 0.5175781 0.9438477
vt 0.5141602 0.9438477
vt 0.5141602 0.9545898
vt 0.5175781 0.9545898
vt 0.5214844 0.9438477
vt 0.5175781 0.9545898
vt 0.5200195 0.9550781
vt 0.5214844 0.9550781
vt 0.5175781 0.9438477
vt 0.5141602 0.9438477
vt 0.5141602 0.9545898
vt 0.5175781 0.9545898
vt 0.0397644 0.8671875
vt 0.03494263 0.8803711
vt 0.03811646 0.8813477
vt 0.04006958 0.8813477
vt 0.03530884 0.8671875
vt 0.03086853 0.8671875
vt 0.03123474 0.8803711
vt 0.03494263 0.8803711
vt 0.4423828 0.8198242
vt 0.4372559 0.8217773
vt 0.4350586 0.8271484
vt 0.4475098 0.8217773
vt 0.4372559 0.8320313
vt 0.449707 0.8271484
vt 0.4423828 0.8344727
vt 0.4475098 0.8320313
vt 0.0397644 0.8671875
vt 0.03494263 0.8803711
vt 0.03811646 0.8813477
vt 0.04006958 0.8813477
vt 0.03530884 0.8671875
vt 0.03086853 0.8671875
vt 0.03123474 0.8803711
vt 0.03494263 0.8803711
vt 0.03955078 0.8676758
vt 0.03488159 0.8803711
vt 0.03796387 0.8813477
vt 0.03985596 0.8813477
vt 0.03521729 0.8676758
vt 0.03091431 0.8676758
vt 0.03125 0.8803711
vt 0.03488159 0.8803711
vt 0.0397644 0.8671875
vt 0.03494263 0.8803711
vt 0.03811646 0.8813477
vt 0.04006958 0.8813477
vt 0.03530884 0.8671875
vt 0.03086853 0.8671875
vt 0.03123474 0.8803711
vt 0.03494263 0.8803711
vt 0.0397644 0.8671875
vt 0.03494263 0.8803711
vt 0.03811646 0.8813477
vt 0.04006958 0.8813477
vt 0.03530884 0.8671875
vt 0.03086853 0.8671875
vt 0.03123474 0.8803711
vt 0.03494263 0.8803711
vt 0.0397644 0.8671875
vt 0.03494263 0.8803711
vt 0.03811646 0.8813477
vt 0.04006958 0.8813477
vt 0.03530884 0.8671875
vt 0.03086853 0.8671875
vt 0.03123474 0.8803711
vt 0.03494263 0.8803711
vn 0.1530762 -0.578125 0.8012695
vn 0.1530762 -0.578125 0.8012695
vn 0.1530762 -0.578125 0.8012695
vn 0.1530762 -0.578125 0.8012695
vn 0.1530762 -0.578125 0.8012695
vn 0.1530762 -0.578125 0.8012695
vn 0.1530762 -0.578125 0.8012695
vn 0.1530762 -0.578125 0.8012695
vn 0.1530762 -0.578125 0.8012695
vn 0.1530762 -0.578125 0.8012695
vn 0.1530762 -0.578125 0.8012695
vn 0.1530762 -0.578125 0.8012695
vn 0.1530762 -0.578125 0.8012695
vn 0.1530762 -0.578125 0.8012695
vn 0.1530762 -0.578125 0.8012695
vn 0.1530762 -0.578125 0.8012695
vn 0.1530762 -0.578125 0.8012695
vn 0.1530762 -0.578125 0.8012695
vn 0.1530762 -0.578125 0.8012695
vn 0.1530762 -0.578125 0.8012695
vn 0.1530762 -0.578125 0.8012695
vn 0.1530762 -0.578125 0.8012695
vn 0.1530762 -0.578125 0.8012695
vn 0.1530762 -0.578125 0.8012695
vn 0.1530762 -0.578125 0.8012695
vn 0.1530762 -0.578125 0.8012695
vn 0.1530762 -0.578125 0.8012695
vn 0.1530762 -0.578125 0.8012695
vn 0.1530762 -0.578125 0.8012695
vn 0.1530762 -0.578125 0.8012695
vn 0.03134155 -0.9204102 0.3901367
vn 0.03134155 -0.9204102 0.3901367
vn 0.03134155 -0.9204102 0.3901367
vn 0.03134155 -0.9204102 0.3901367
vn 0.03134155 -0.9204102 0.3901367
vn 0.03134155 -0.9204102 0.3901367
vn 0.03134155 -0.9204102 0.3901367
vn 0.03134155 -0.9204102 0.3901367
vn 0.03134155 -0.9204102 0.3901367
vn 0.03134155 -0.9204102 0.3901367
vn 0.03134155 -0.9204102 0.3901367
vn 0.03134155 -0.9204102 0.3901367
vn 0.03134155 -0.9204102 0.3901367
vn 0.03134155 -0.9204102 0.3901367
vn 0.03134155 -0.9204102 0.3901367
vn 0.03134155 -0.9204102 0.3901367
vn 0.03134155 -0.9204102 0.3901367
vn 0.03134155 -0.9204102 0.3901367
vn 0.03134155 -0.9204102 0.3901367
vn 0.03134155 -0.9204102 0.3901367
vn 0.03134155 -0.9204102 0.3901367
vn 0.03134155 -0.9204102 0.3901367
vn 0.03134155 -0.9204102 0.3901367
vn 0.03134155 -0.9204102 0.3901367
vn 0.03134155 -0.9204102 0.3901367
vn 0.03134155 -0.9204102 0.3901367
vn 0.03134155 -0.9204102 0.3901367
vn 0.03134155 -0.9204102 0.3901367
vn 0.03134155 -0.9204102 0.3901367
vn 0.03134155 -0.9204102 0.3901367
vn -0.515625 -0.6508789 0.5571289
vn -0.515625 -0.6508789 0.5571289
vn -0.515625 -0.6508789 0.5571289
vn -0.515625 -0.6513672 0.5571289
vn -0.515625 -0.6513672 0.5571289
vn -0.515625 -0.6508789 0.5571289
vn -0.515625 -0.6508789 0.5571289
vn -0.515625 -0.6508789 0.5571289
vn -0.515625 -0.6508789 0.5571289
vn -0.515625 -0.6508789 0.5571289
vn -0.515625 -0.6513672 0.5571289
vn -0.515625 -0.6513672 0.5571289
vn -0.515625 -0.6513672 0.5571289
vn -0.515625 -0.6508789 0.5571289
vn -0.515625 -0.6508789 0.5571289
vn -0.515625 -0.6508789 0.5571289
vn -0.515625 -0.6508789 0.5571289
vn -0.515625 -0.6508789 0.5571289
vn -0.515625 -0.6508789 0.5571289
vn -0.515625 -0.6508789 0.5571289
vn -0.515625 -0.6508789 0.5571289
vn -0.515625 -0.6508789 0.5571289
vn -0.515625 -0.6508789 0.5571289
vn -0.515625 -0.6508789 0.5571289
vn -0.515625 -0.6508789 0.5571289
vn -0.515625 -0.6508789 0.5571289
vn -0.515625 -0.6508789 0.5571289
vn -0.515625 -0.6508789 0.5571289
vn -0.515625 -0.6513672 0.5571289
vn -0.515625 -0.6513672 0.5571289
vn -0.1061401 -0.5014648 0.8583984
vn -0.1061401 -0.5014648 0.8583984
vn -0.1061401 -0.5014648 0.8583984
vn -0.1061401 -0.5014648 0.8583984
vn -0.1061401 -0.5014648 0.8583984
vn -0.1061401 -0.5014648 0.8583984
vn -0.1061401 -0.5014648 0.8583984
vn -0.1061401 -0.5014648 0.8583984
vn -0.1061401 -0.5014648 0.8583984
vn -0.1061401 -0.5014648 0.8583984
vn -0.1061401 -0.5014648 0.8583984
vn -0.1061401 -0.5014648 0.8583984
vn -0.1061401 -0.5014648 0.8583984
vn -0.1061401 -0.5014648 0.8583984
vn -0.1061401 -0.5014648 0.8583984
vn -0.1061401 -0.5014648 0.8583984
vn -0.1061401 -0.5014648 0.8583984
vn -0.1061401 -0.5014648 0.8583984
vn -0.1061401 -0.5014648 0.8583984
vn -0.1061401 -0.5014648 0.8583984
vn -0.1061401 -0.5014648 0.8583984
vn -0.1061401 -0.5014648 0.8583984
vn -0.1061401 -0.5014648 0.8583984
vn -0.1061401 -0.5014648 0.8583984
vn -0.1061401 -0.5014648 0.8583984
vn -0.1061401 -0.5014648 0.8583984
vn -0.1061401 -0.5014648 0.8583984
vn -0.1061401 -0.5014648 0.8583984
vn -0.1061401 -0.5014648 0.8583984
vn -0.1061401 -0.5014648 0.8583984
vn -0.793457 -0.5742188 0.2023926
vn -0.793457 -0.5742188 0.2023926
vn -0.793457 -0.5742188 0.2023926
vn -0.793457 -0.5742188 0.2023926
vn -0.793457 -0.5742188 0.2023926
vn -0.793457 -0.5742188 0.2023926
vn -0.793457 -0.5742188 0.2023926
vn -0.793457 -0.5742188 0.2023926
vn -0.793457 -0.5742188 0.2023926
vn -0.793457 -0.5742188 0.2023926
vn -0.793457 -0.5742188 0.2023926
vn -0.793457 -0.5742188 0.2023926
vn -0.793457 -0.5742188 0.2023926
vn -0.793457 -0.5742188 0.2023926
vn -0.793457 -0.5742188 0.2023926
vn -0.793457 -0.5742188 0.2023926
vn -0.793457 -0.5742188 0.2023926
vn -0.793457 -0.5742188 0.2023926
vn -0.793457 -0.5742188 0.2023926
vn -0.793457 -0.5742188 0.2023926
vn -0.793457 -0.5742188 0.2023926
vn -0.793457 -0.5742188 0.2023926
vn -0.793457 -0.5742188 0.2023926
vn -0.793457 -0.5742188 0.2023926
vn -0.793457 -0.5742188 0.2023926
vn -0.793457 -0.5742188 0.2023926
vn -0.793457 -0.5742188 0.2023926
vn -0.793457 -0.5742188 0.2023926
vn -0.793457 -0.5742188 0.2023926
vn -0.793457 -0.5742188 0.2023926
vn -0.1639404 -0.965332 0.2023926
vn -0.1639404 -0.965332 0.2023926
vn -0.1639404 -0.965332 0.2023926
vn -0.1639404 -0.965332 0.2023926
vn -0.1639404 -0.965332 0.2023926
vn -0.1639404 -0.965332 0.2023926
vn -0.1639404 -0.965332 0.2023926
vn -0.1639404 -0.965332 0.2023926
vn -0.1639404 -0.965332 0.2023926
vn -0.1639404 -0.965332 0.2023926
vn -0.1639404 -0.965332 0.2023926
vn -0.1639404 -0.965332 0.2023926
vn -0.1639404 -0.965332 0.2023926
vn -0.1639404 -0.965332 0.2023926
vn -0.1639404 -0.965332 0.2023926
vn -0.1639404 -0.965332 0.2023926
vn -0.1639404 -0.965332 0.2023926
vn -0.1639404 -0.965332 0.2023926
vn -0.1639404 -0.965332 0.2023926
vn -0.1639404 -0.965332 0.2023926
vn -0.1639404 -0.965332 0.2023926
vn -0.1639404 -0.965332 0.2023926
vn -0.1639404 -0.965332 0.2023926
vn -0.1639404 -0.965332 0.2023926
vn -0.1639404 -0.965332 0.2023926
vn -0.1639404 -0.965332 0.2023926
vn -0.1639404 -0.965332 0.2023926
vn -0.1639404 -0.965332 0.2023926
vn -0.1639404 -0.965332 0.2023926
vn -0.1639404 -0.965332 0.2023926
vn -0.1639404 -0.965332 0.2023926
vn -0.1639404 -0.965332 0.2023926
vn -0.1639404 -0.965332 0.2023926
vn -0.1639404 -0.965332 0.2023926
vn 0.07165527 -0.9921875 0.1040649
vn 0.07165527 -0.9921875 0.1040649
vn 0.07165527 -0.9921875 0.1040649
vn 0.07165527 -0.9921875 0.1040649
vn 0.07165527 -0.9921875 0.1040649
vn 0.07165527 -0.9921875 0.1040649
vn 0.07165527 -0.9921875 0.1040649
vn 0.07165527 -0.9921875 0.1040649
vn 0.07165527 -0.9921875 0.1040039
vn 0.07165527 -0.9921875 0.1040039
vn 0.07165527 -0.9921875 0.1040649
vn 0.07165527 -0.9921875 0.1040649
vn 0.07165527 -0.9921875 0.1040649
vn 0.07165527 -0.9921875 0.1040649
vn 0.07165527 -0.9921875 0.1040649
vn 0.07159424 -0.9921875 0.1040649
vn 0.07159424 -0.9921875 0.1040649
vn 0.07159424 -0.9921875 0.1040649
vn 0.07165527 -0.9921875 0.1040649
vn 0.07165527 -0.9921875 0.1040649
vn 0.07165527 -0.9921875 0.1040649
vn 0.07165527 -0.9921875 0.1040649
vn 0.07165527 -0.9921875 0.1040649
vn 0.07165527 -0.9921875 0.1040039
vn 0.07165527 -0.9921875 0.1040039
vn 0.07165527 -0.9921875 0.1040649
vn 0.07165527 -0.9921875 0.1040649
vn 0.07165527 -0.9921875 0.1040649
vn 0.07165527 -0.9921875 0.1040649
vn 0.07165527 -0.9921875 0.1040649
vn 0.1530762 -0.578125 0.8012695
vn 0.1530762 -0.578125 0.8012695
vn 0.1530762 -0.578125 0.8012695
vn 0.1530762 -0.578125 0.8012695
vn 0.1530762 -0.578125 0.8012695
vn 0.1530762 -0.578125 0.8012695
vn 0.1530762 -0.578125 0.8012695
vn 0.1530762 -0.578125 0.8012695
vn 0.1530762 -0.578125 0.8012695
vn 0.1530762 -0.578125 0.8012695
vn 0.1530762 -0.578125 0.8012695
vn 0.1530762 -0.578125 0.8012695
vn 0.1530762 -0.578125 0.8012695
vn 0.1530762 -0.578125 0.8012695
vn 0.1530762 -0.578125 0.8012695
vn 0.1530762 -0.578125 0.8012695
vn 0.1530762 -0.578125 0.8012695
vn 0.1530762 -0.578125 0.8012695
vn 0.1530762 -0.578125 0.8012695
vn 0.1530762 -0.578125 0.8012695
vn 0.1530762 -0.578125 0.8012695
vn 0.1530762 -0.578125 0.8012695
vn 0.1530762 -0.578125 0.8012695
vn 0.1530762 -0.578125 0.8012695
vn 0.1530762 -0.578125 0.8012695
vn 0.1530762 -0.578125 0.8012695
vn 0.1530762 -0.578125 0.8012695
vn 0.1530762 -0.578125 0.8012695
vn 0.1530762 -0.578125 0.8012695
vn 0.1530762 -0.578125 0.8012695
vn 0.1530762 -0.578125 0.8012695
vn 0.1530762 -0.578125 0.8012695
vn 0.1530762 -0.578125 0.8012695
vn 0.1530762 -0.578125 0.8012695
vn 0.1530762 -0.578125 0.8012695
vn 0.1530762 -0.578125 0.8012695
vn 0.1530762 -0.578125 0.8012695
vn 0.1530762 -0.578125 0.8012695
vn 0.1530762 -0.578125 0.8012695
vn 0.1530762 -0.578125 0.8012695
vn 0.1530762 -0.578125 0.8012695
vn 0.1530762 -0.578125 0.8012695
vn 0.1530762 -0.578125 0.8012695
vn 0.1530762 -0.578125 0.8012695
vn 0.1530762 -0.578125 0.8012695
vn 0.1530762 -0.578125 0.8012695
vn 0.1530762 -0.578125 0.8012695
vn 0.1530762 -0.578125 0.8012695
vn 0.1530762 -0.578125 0.8012695
vn 0.1530762 -0.578125 0.8012695
vn 0.1530762 -0.578125 0.8012695
vn 0.1530762 -0.578125 0.8012695
vn 0.1530762 -0.578125 0.8012695
vn 0.1530762 -0.578125 0.8012695
vn 0.1530762 -0.578125 0.8012695
vn 0.1530762 -0.578125 0.8012695
vn 0.03137207 -0.9204102 0.3901367
vn 0.03137207 -0.9204102 0.3901367
vn 0.03137207 -0.9204102 0.3901367
vn 0.03134155 -0.9204102 0.3901367
vn 0.03134155 -0.9204102 0.3901367
vn 0.03134155 -0.9204102 0.3901367
vn 0.03134155 -0.9204102 0.3901367
vn 0.03134155 -0.9204102 0.3901367
vn 0.03134155 -0.9204102 0.3901367
vn 0.03134155 -0.9204102 0.3901367
vn 0.03134155 -0.9204102 0.3901367
vn 0.03134155 -0.9204102 0.3901367
vn 0.03134155 -0.9204102 0.3901367
vn 0.03134155 -0.9204102 0.3901367
vn 0.03134155 -0.9204102 0.3901367
vn 0.03134155 -0.9204102 0.3901367
vn 0.03134155 -0.9204102 0.3901367
vn 0.03134155 -0.9204102 0.3901367
vn 0.03134155 -0.9204102 0.3901367
vn 0.03134155 -0.9204102 0.3901367
vn 0.03134155 -0.9204102 0.3901367
vn 0.03134155 -0.9204102 0.3901367
vn 0.03134155 -0.9204102 0.3901367
vn 0.03134155 -0.9204102 0.3901367
vn 0.03134155 -0.9204102 0.3901367
vn 0.03134155 -0.9204102 0.3901367
vn 0.03134155 -0.9204102 0.3901367
vn 0.03134155 -0.9204102 0.3901367
vn 0.03134155 -0.9204102 0.3901367
vn 0.03134155 -0.9204102 0.3901367
vn 0.03134155 -0.9204102 0.3901367
vn 0.03134155 -0.9204102 0.3901367
vn 0.03134155 -0.9204102 0.3901367
vn 0.03134155 -0.9204102 0.3901367
vn 0.03134155 -0.9204102 0.3901367
vn 0.03134155 -0.9204102 0.3901367
vn 0.03134155 -0.9204102 0.3901367
vn 0.03134155 -0.9204102 0.3901367
vn 0.03134155 -0.9204102 0.3901367
vn 0.03134155 -0.9204102 0.3901367
vn 0.03137207 -0.9204102 0.3901367
vn 0.03137207 -0.9204102 0.3901367
vn 0.03137207 -0.9204102 0.3901367
vn 0.03134155 -0.9204102 0.3901367
vn 0.03134155 -0.9204102 0.3901367
vn 0.03134155 -0.9204102 0.3901367
vn 0.03134155 -0.9204102 0.3901367
vn 0.03134155 -0.9204102 0.3901367
vn 0.03134155 -0.9204102 0.3901367
vn 0.03134155 -0.9204102 0.3901367
vn 0.03134155 -0.9204102 0.3901367
vn 0.03131104 -0.9204102 0.3901367
vn 0.03134155 -0.9204102 0.3901367
vn 0.03134155 -0.9204102 0.3901367
vn 0.03134155 -0.9204102 0.3901367
vn 0.03134155 -0.9204102 0.3901367
vn -0.2512207 0.0447998 -0.9667969
vn -0.5083008 -0.08856201 -0.8564453
vn -0.2514648 -0.04379272 -0.9667969
vn -0.5078125 0.09063721 -0.8564453
vn -0.4611816 0.2161865 -0.8603516
vn -0.2335205 0.109436 -0.9663086
vn -0.2109375 0.1483154 -0.9663086
vn -0.8564453 0.152832 -0.4926758
vn -0.8574219 -0.1494141 -0.4926758
vn -0.9785156 -0.1702881 -0.1173096
vn -0.416748 0.2929688 -0.8603516
vn -0.1635742 0.1958008 -0.9667969
vn -0.7866211 0.3686523 -0.4951172
vn -0.9775391 0.1741943 -0.1173096
vn -0.9750977 -0.1700439 0.1437988
vn -0.9741211 0.1739502 0.1437988
vn -0.8959961 0.420166 0.1425781
vn -0.8994141 0.4213867 -0.1174927
vn -0.8095703 0.5693359 0.1425781
vn -0.3308105 0.3959961 -0.8564453
vn -0.08679199 0.2399902 -0.9667969
vn -0.7109375 0.4997559 -0.4951172
vn -0.8120117 0.5712891 -0.1174927
vn -0.6347656 0.7592773 0.1437988
vn -0.5581055 0.6674805 -0.4926758
vn -0.6367188 0.762207 -0.1173096
vn -0.3364258 0.9306641 0.1437988
vn -0.1755371 0.4851074 -0.8564453
vn -0.3378906 0.9335938 -0.1173096
vn -0.08410645 0.9863281 0.1425781
vn -0.2958984 0.8183594 -0.4926758
vn -0.04336548 0.5073242 -0.8603516
vn -0.0219574 0.2570801 -0.9663086
vn 0.0005207062 0.2587891 -0.9658203
vn -0.0847168 0.9892578 -0.1174927
vn -0.07397461 0.8657227 -0.4951172
vn 0.001006126 0.5 -0.8662109
vn 0.022995 0.2568359 -0.9663086
vn 0.001996994 0.9931641 -0.1182861
vn 0.001991272 0.9897461 0.1427002
vn 0.001742363 0.8662109 -0.5
vn 0.04541016 0.5073242 -0.8603516
vn 0.08776855 0.239624 -0.9667969
vn 0.08874512 0.9892578 -0.1174927
vn 0.08807373 0.9858398 0.1425781
vn 0.3400879 0.9291992 0.1437988
vn 0.07745361 0.8652344 -0.4951172
vn 0.1774902 0.484375 -0.8564453
vn 0.1644287 0.1950684 -0.9667969
vn 0.3417969 0.9326172 -0.1173096
vn 0.6376953 0.7568359 0.1437988
vn 0.2993164 0.8168945 -0.4926758
vn 0.3325195 0.3945313 -0.8564453
vn 0.6396484 0.7597656 -0.1173096
vn 0.8120117 0.565918 0.1425781
vn 0.5605469 0.6655273 -0.4926758
vn 0.4179688 0.2912598 -0.8603516
vn 0.2115479 0.1474609 -0.9663086
vn 0.2340088 0.1085205 -0.9663086
vn 0.8144531 0.5678711 -0.1174927
vn 0.7128906 0.4968262 -0.4951172
vn 0.4621582 0.2143555 -0.8603516
vn 0.2514648 0.04379272 -0.9667969
vn 0.5083008 0.08856201 -0.8564453
vn 0.7880859 0.3657227 -0.4951172
vn 0.8574219 0.1494141 -0.4926758
vn 0.9008789 0.4177246 -0.1174927
vn 0.8979492 0.416748 0.1425781
vn 0.9785156 0.1702881 -0.1173096
vn 0.9750977 0.1700439 0.1437988
vn 0.8979492 0.416748 0.1425781
vn 0.7128906 0.4968262 0.4951172
vn 0.8120117 0.565918 0.1425781
vn 0.7880859 0.3657227 0.4951172
vn 0.4379883 0.3054199 0.8457031
vn 0.8574219 0.1494141 0.4926758
vn 0.9750977 0.1700439 0.1437988
vn 0.9741211 -0.1739502 0.1437988
vn 0.8564453 -0.152832 0.4926758
vn 0.8959961 -0.420166 0.1425781
vn 0.5307617 0.0925293 0.8422852
vn 0.484375 0.2247314 0.8457031
vn 0.1530762 0.07098389 0.9858398
vn 0.1392822 0.08001709 0.9868164
vn 0.1384277 0.09649658 0.9858398
vn 0.1727295 0.03007507 0.984375
vn 0.5307617 -0.09466553 0.8422852
vn 0.1726074 -0.0308075 0.984375
vn 0.7866211 -0.3686523 0.4951172
vn 0.4836426 -0.2266846 0.8457031
vn 0.1525879 -0.0715332 0.9858398
vn 0.1387939 -0.08050537 0.9868164
vn 0.4553223 -0.263916 0.8500977
vn 0.7490234 -0.4345703 0.5
vn 0.855957 -0.496582 0.1427002
vn 0.8095703 -0.5693359 0.1425781
vn 0.7490234 -0.4345703 0.5
vn 0.855957 -0.496582 0.1427002
vn 0.7109375 -0.4997559 0.4951172
vn 0.4553223 -0.263916 0.8500977
vn 0.5581055 -0.6674805 0.4926758
vn 0.6347656 -0.7592773 0.1437988
vn 0.3364258 -0.9306641 0.1437988
vn 0.4367676 -0.3071289 0.8457031
vn 0.1387939 -0.08050537 0.9868164
vn 0.2958984 -0.8183594 0.4926758
vn 0.08410645 -0.9863281 0.1425781
vn 0.3457031 -0.4135742 0.8422852
vn 0.1379395 -0.09698486 0.9858398
vn -0.0005249977 0.0003032684 1
vn -0.0002691746 0.0001350641 1
vn 0.1124268 -0.1345215 0.984375
vn -0.0002263784 0.0001718998 1
vn -1.28746E-05 -3.314018E-05 1
vn -1.28746E-05 -3.314018E-05 1
vn -0.0001573563 0.0002369881 1
vn -4.005432E-05 -2.586842E-05 1
vn 0.1833496 -0.5068359 0.8422852
vn -3.516674E-05 0.0002515316 1
vn -2.574921E-05 -1.198053E-05 1
vn 0.05966187 -0.164917 0.984375
vn 0.07397461 -0.8657227 0.4951172
vn 3.093481E-05 0.0002024174 1
vn -2.574921E-05 -1.198053E-05 1
vn 0.04547119 -0.5322266 0.8457031
vn 0.01437378 -0.1680908 0.9858398
vn -0.001742363 -0.8662109 0.5
vn -0.001991272 -0.9897461 0.1427002
vn -0.0003192425 -0.1606445 0.9868164
vn -0.001059532 -0.5263672 0.8500977
vn 0 0.0001704693 1
vn -0.0003194809 -0.1606445 0.9868164
vn -2.574921E-05 -1.198053E-05 1
vn -2.574921E-05 -1.198053E-05 1
vn -2.574921E-05 -1.198053E-05 1
vn -2.574921E-05 -1.198053E-05 1
vn -0.001742363 -0.8662109 0.5
vn -0.001991272 -0.9897461 0.1427002
vn -0.08807373 -0.9858398 0.1425781
vn -0.001059532 -0.5263672 0.8500977
vn -0.07745361 -0.8652344 0.4951172
vn -0.04760742 -0.5317383 0.8457031
vn -0.2993164 -0.8168945 0.4929199
vn -0.3400879 -0.9291992 0.1437988
vn -0.6376953 -0.7568359 0.1437988
vn -0.1853027 -0.5058594 0.8422852
vn -0.5605469 -0.6655273 0.4929199
vn -0.8120117 -0.565918 0.1425781
vn -0.7128906 -0.4968262 0.4951172
vn -0.8979492 -0.416748 0.1425781
vn -0.347168 -0.4121094 0.8422852
vn -0.06033325 -0.1647949 0.984375
vn -0.01502228 -0.1680908 0.9858398
vn 2.169609E-05 0.0003890991 1
vn -3.105402E-05 0.0003035069 1
vn -7.200241E-05 0.0002701283 1
vn -7.200241E-05 0.0002701283 1
vn -7.200241E-05 0.0002701283 1
vn -7.200241E-05 0.0002701283 1
vn -7.200241E-05 0.0002701283 1
vn -7.200241E-05 0.0002701283 1
vn -7.200241E-05 0.0002701283 1
vn -0.001315117 0.0009694099 1
vn 5.823374E-05 0.0002858639 1
vn -0.1130981 -0.1342773 0.984375
vn 1.066923E-05 0.0001869202 1
vn -0.4313965 -0.3012695 0.8505859
vn -8.46982E-05 0.0001767874 1
vn -0.001412392 0.001131058 1
vn -0.0009379387 0.0005311966 1
vn -0.1322021 -0.06323242 0.9892578
vn -0.1303711 -0.0914917 0.9873047
vn -0.4702148 -0.2199707 0.8544922
vn -0.1500244 -0.03256226 0.9882813
vn -0.7880859 -0.3657227 0.4951172
vn -0.5146484 -0.08483887 0.8535156
vn -0.8574219 -0.1494141 0.4929199
vn -0.9750977 -0.1700439 0.1437988
vn -0.9741211 0.1739502 0.1437988
vn -0.8564453 0.152832 0.4926758
vn -0.8959961 0.420166 0.1425781
vn -0.5097656 0.09106445 0.8554688
vn -0.1447754 0.02900696 0.9892578
vn -0.7866211 0.3686523 0.4951172
vn -0.8095703 0.5693359 0.1425781
vn -0.4611816 0.2161865 0.8603516
vn -0.1244507 0.05831909 0.9907227
vn -0.7109375 0.4997559 0.4951172
vn -0.416748 0.2929688 0.8603516
vn -0.1124268 0.07904053 0.9907227
vn -0.09161377 0.1096802 0.9897461
vn -0.5581055 0.6674805 0.4926758
vn -0.6347656 0.7592773 0.1437988
vn -0.3364258 0.9306641 0.1437988
vn -0.3308105 0.3959961 0.8564453
vn -0.2958984 0.8183594 0.4926758
vn -0.08410645 0.9863281 0.1425781
vn -0.1777344 0.4907227 0.8530273
vn -0.05499268 0.1417236 0.9882813
vn -0.04580688 0.5258789 0.8496094
vn -0.01811218 0.1594238 0.9868164
vn 0.0003268719 0.1608887 0.9868164
vn -0.07397461 0.8657227 0.4951172
vn 0.001991272 0.9897461 0.1427002
vn 0.001742363 0.8662109 0.5
vn 0.08807373 0.9858398 0.1425781
vn 0.000328064 0.1608887 0.9868164
vn 4.220009E-05 5.501509E-05 1
vn -0.000731945 0.0005931854 1
vn 0.001058578 0.5263672 0.8500977
vn 0.07745361 0.8652344 0.4951172
vn 0.04760742 0.5317383 0.8457031
vn 0.2993164 0.8168945 0.4926758
vn 0.3400879 0.9291992 0.1437988
vn 0.6376953 0.7568359 0.1437988
vn 0.1853027 0.5058594 0.8422852
vn 0.5605469 0.6655273 0.4926758
vn 0.8120117 0.565918 0.1425781
vn 0.7128906 0.4968262 0.4951172
vn 0.347168 0.4121094 0.8422852
vn 0.4379883 0.3054199 0.8457031
vn 0.01508331 0.168335 0.9858398
vn 0.0604248 0.164917 0.984375
vn 0.1131592 0.1342773 0.984375
vn 0.1384277 0.09649658 0.9858398
vn 6.961823E-05 2.944469E-05 1
vn 0.0001026392 -5.310774E-05 1
vn 5.501509E-05 -0.0001512766 1
vn -3.087521E-05 -0.0001791716 1
vn 0.1392822 0.08001709 0.9868164
vn -0.0001040697 -0.0001411438 1
vn 0 -0.0001323223 1
vn 0 -0.0001323223 1
vn 0 -0.0001323223 1
vn 0 -0.0001323223 1
vn 0 -0.0001323223 1
vn -2.205372E-05 -0.0001112223 1
vn -4.863739E-05 -8.535385E-05 1
vn -2.205372E-05 -0.0001112223 1
vn -2.205372E-05 -0.0001112223 1
vn -2.205372E-05 -0.0001112223 1
vn -0.001361847 0.0007491112 1
vn -0.001361847 0.0007491112 1
vn -0.001361847 0.0007491112 1
vn -0.001016617 0.0005540848 1
vn 0.2512207 -0.0447998 -0.9667969
vn 0.5083008 0.08856201 -0.8564453
vn 0.2514648 0.04379272 -0.9667969
vn 0.5078125 -0.09063721 -0.8564453
vn 0.8574219 0.1494141 -0.4926758
vn 0.4611816 -0.2161865 -0.8603516
vn 0.2335205 -0.109436 -0.9663086
vn 0.2109375 -0.1483154 -0.9663086
vn 0.8564453 -0.152832 -0.4926758
vn 0.9785156 0.1702881 -0.1173096
vn 0.416748 -0.2929688 -0.8603516
vn 0.1635742 -0.1958008 -0.9667969
vn 0.7866211 -0.3686523 -0.4951172
vn 0.8994141 -0.4213867 -0.1174927
vn 0.9775391 -0.1741943 -0.1173096
vn 0.9741211 -0.1739502 0.1437988
vn 0.9750977 0.1700439 0.1437988
vn 0.8959961 -0.420166 0.1425781
vn 0.855957 -0.496582 0.1427002
vn 0.8095703 -0.5693359 0.1425781
vn 0.3308105 -0.3959961 -0.8564453
vn 0.08679199 -0.2399902 -0.9667969
vn 0.7109375 -0.4997559 -0.4951172
vn 0.8120117 -0.5712891 -0.1174927
vn 0.6347656 -0.7592773 0.1437988
vn 0.5581055 -0.6674805 -0.4926758
vn 0.6367188 -0.762207 -0.1173096
vn 0.3364258 -0.9306641 0.1437988
vn 0.1755371 -0.4851074 -0.8564453
vn 0.3378906 -0.9335938 -0.1173096
vn 0.08410645 -0.9863281 0.1425781
vn 0.2958984 -0.8183594 -0.4926758
vn 0.0847168 -0.9892578 -0.1174927
vn -0.001991272 -0.9897461 0.1427002
vn 0.04336548 -0.5073242 -0.8603516
vn 0.0219574 -0.2570801 -0.9663086
vn 0.07397461 -0.8657227 -0.4951172
vn -0.001998901 -0.9931641 -0.1182861
vn -0.001991272 -0.9897461 0.1427002
vn -0.001006126 -0.5 -0.8662109
vn -0.0005207062 -0.2587891 -0.9658203
vn -0.001743317 -0.8662109 -0.5
vn -0.001998901 -0.9931641 -0.1182861
vn -0.08807373 -0.9858398 0.1425781
vn -0.001006126 -0.5 -0.8662109
vn -0.0005207062 -0.2587891 -0.9658203
vn -0.022995 -0.2568359 -0.9663086
vn -0.001742363 -0.8662109 -0.5
vn -0.04541016 -0.5073242 -0.8603516
vn -0.08776855 -0.239624 -0.9667969
vn -0.08874512 -0.9892578 -0.1174927
vn -0.3400879 -0.9291992 0.1437988
vn -0.07745361 -0.8652344 -0.4951172
vn -0.1774902 -0.484375 -0.8564453
vn -0.1644287 -0.1950684 -0.9667969
vn -0.3417969 -0.9326172 -0.1173096
vn -0.6376953 -0.7568359 0.1437988
vn -0.2993164 -0.8168945 -0.4926758
vn -0.3325195 -0.3945313 -0.8564453
vn -0.6396484 -0.7597656 -0.1173096
vn -0.8120117 -0.565918 0.1425781
vn -0.5605469 -0.6655273 -0.4926758
vn -0.8144531 -0.5678711 -0.1174927
vn -0.8979492 -0.416748 0.1425781
vn -0.4179688 -0.2912598 -0.8603516
vn -0.2115479 -0.1474609 -0.9663086
vn -0.2340088 -0.1085205 -0.9663086
vn -0.7128906 -0.4968262 -0.4951172
vn -0.4621582 -0.2143555 -0.8603516
vn -0.2514648 -0.04379272 -0.9667969
vn -0.5083008 -0.08856201 -0.8564453
vn -0.7880859 -0.3657227 -0.4951172
vn -0.8574219 -0.1494141 -0.4926758
vn -0.9008789 -0.4177246 -0.1174927
vn -0.9750977 -0.1700439 0.1437988
vn -0.9785156 -0.1702881 -0.1173096
vn 0.1387939 -0.08050537 0.9868164
vn -0.0005249977 0.0003032684 1
vn -0.0002691746 0.0001350641 1
vn -0.0003285408 0.0001083612 1
vn 0.1525879 -0.0715332 0.9858398
vn -0.0001040697 -0.0001411438 1
vn -1.28746E-05 -3.314018E-05 1
vn 0 -0.0001323223 1
vn -1.28746E-05 -3.314018E-05 1
vn 0 -0.0001323223 1
vn -4.005432E-05 -2.586842E-05 1
vn -0.0001066327 -1.93119E-05 1
vn -0.0001066327 -1.93119E-05 1
vn 0 -0.0001323223 1
vn -0.0001066327 -1.93119E-05 1
vn 0 -0.0001323223 1
vn -0.0001066327 -1.93119E-05 1
vn 0 -0.0001323223 1
vn -4.863739E-05 -8.535385E-05 1
vn -0.0001964569 -0.0001103878 1
vn 0.1392822 0.08001709 0.9868164
vn 0.1530762 0.07098389 0.9858398
vn 0.1727295 0.03007507 0.984375
vn -0.0003359318 1.239777E-05 1
vn 0.1726074 -0.0308075 0.984375
vn -0.0002756119 -9.268522E-05 1
vn -0.0009379387 0.0005311966 1
vn -0.1322021 -0.06323242 0.9892578
vn -0.1500244 -0.03256226 0.9882813
vn -0.001554489 0.004882813 1
vn -0.001605988 0.0009407997 1
vn -0.001412392 0.001131058 1
vn -0.1447754 0.02900696 0.9892578
vn -0.001315117 0.0009694099 1
vn -0.001644135 0.005008698 1
vn -0.1244507 0.05831909 0.9907227
vn -0.1124268 0.07904053 0.9907227
vn -0.001580238 0.0009975433 1
vn -0.001459122 0.0008625984 1
vn -0.09161377 0.1096802 0.9897461
vn -0.001459122 0.0008625984 1
vn -0.001431465 0.001013756 1
vn -0.05499268 0.1417236 0.9882813
vn -0.005371094 0.000133276 1
vn -0.001459122 0.0008625984 1
vn -0.01811218 0.1594238 0.9868164
vn -0.005184174 0.0001798868 1
vn 0.0003268719 0.1608887 0.9868164
vn -0.001016617 0.0005540848 1
vn -0.000731945 0.0005931854 1
vn -0.001361847 0.0007491112 1
vn -0.001361847 0.0007491112 1
vn -0.001361847 0.0007491112 1
vn -3.105402E-05 0.0003035069 1
vn -0.0003192425 -0.1606445 0.9868164
vn -0.0003194809 -0.1606445 0.9868164
vn 0 0.0001704693 1
vn -2.574921E-05 -1.198053E-05 1
vn -7.200241E-05 0.0002701283 1
vn -7.200241E-05 0.0002701283 1
vn -7.200241E-05 0.0002701283 1
vn -2.205372E-05 -0.0001112223 1
vn -2.205372E-05 -0.0001112223 1
vn -7.200241E-05 0.0002701283 1
vn -7.200241E-05 0.0002701283 1
vn -0.001016617 0.0005540848 1
vn -7.200241E-05 0.0002701283 1
vn -7.200241E-05 0.0002701283 1
vn -0.001459122 0.0008625984 1
vn -0.001315117 0.0009694099 1
vn -0.001459122 0.0008625984 1
vn -0.001459122 0.0008625984 1
vn -2.574921E-05 -1.198053E-05 1
vn -2.574921E-05 -1.198053E-05 1
vn -2.574921E-05 -1.198053E-05 1
vn -2.205372E-05 -0.0001112223 1
vn -2.574921E-05 -1.198053E-05 1
vn -2.205372E-05 -0.0001112223 1
vn -4.863739E-05 -8.535385E-05 1
vn -2.574921E-05 -1.198053E-05 1
vn -0.0001066327 -1.93119E-05 1
vn -0.0001066327 -1.93119E-05 1
vn -0.0001066327 -1.93119E-05 1
vn -4.005432E-05 -2.586842E-05 1
vn -0.0001066327 -1.93119E-05 1
vn 0.2191162 -0.2619629 0.9399414
vn -0.265625 0.3181152 0.9101563
vn -0.1472168 0.3886719 0.909668
vn 0.1091309 -0.3237305 0.9399414
vn 0.0007739067 0.3830566 0.9238281
vn -0.0007586479 -0.3825684 0.9238281
vn -0.0007615089 -0.3823242 0.9238281
vn 0.0007753372 0.3828125 0.9238281
vn 0.03567505 0.3981934 0.9165039
vn -0.03231812 -0.3618164 0.9316406
vn 0.1424561 0.388916 0.9101563
vn -0.1174316 -0.3210449 0.9399414
vn -0.2980957 -0.2080078 0.9316406
vn 0.331543 0.1905518 0.9238281
vn -0.3320313 -0.1907959 0.9238281
vn 0.3276367 0.2285156 0.9165039
vn -0.2202148 -0.2617188 0.9394531
vn 0.2668457 0.3166504 0.9101563
vn 0.8212891 -0.4609375 0.3361816
vn 0.8227539 -0.5683594 0
vn 0.8730469 -0.4873047 0
vn 0.7480469 -0.5205078 0.4123535
vn 0.6411133 -0.7675781 0
vn 0.5869141 -0.7026367 0.4023438
vn 0.3410645 -0.9399414 0
vn 0.3083496 -0.862793 0.4008789
vn 0.08563232 -0.9960938 0
vn 0.07489014 -0.9165039 0.3930664
vn -0.002012253 -1 0
vn -0.001853943 -0.9238281 0.3828125
vn -0.002012253 -1 0
vn -0.001852989 -0.9238281 0.3828125
vn -0.08917236 -0.9960938 0
vn -0.08203125 -0.9165039 0.3913574
vn -0.3439941 -0.9389648 0
vn -0.3146973 -0.8598633 0.4023438
vn -0.6445313 -0.7646484 0
vn -0.5898438 -0.7001953 0.4023438
vn -0.8203125 -0.5717773 0
vn -0.7548828 -0.5263672 0.3913574
vn -0.8671875 -0.498291 0
vn -0.8012695 -0.4604492 0.3825684
vn -0.6274414 -0.7788086 0
vn -0.6069336 -0.71875 0.3391113
vn 0.06335449 -0.9980469 0
vn 0.08129883 -0.9370117 0.3393555
vn 0.02359009 -0.3625488 0.9316406
vn -0.0402832 0.3967285 0.9169922
vn 0.0007739067 0.3830566 0.9238281
vn -0.0007615089 -0.3823242 0.9238281
vn 0.08129883 -0.9370117 0.3393555
vn 0.7504883 -0.6611328 0
vn 0.06335449 -0.9980469 0
vn 0.6933594 -0.6328125 0.3449707
vn 0.9941406 0.1068115 0
vn 0.9311523 0.1166992 0.3449707
vn 0.4511719 -0.1434326 0.8808594
vn -0.1485596 -0.4672852 0.871582
vn -0.6069336 -0.71875 0.3391113
vn -0.4753418 -0.8798828 0
vn -0.4753418 -0.8798828 0
vn -0.4504395 -0.8330078 0.3208008
vn -0.4594727 -0.8500977 0.2570801
vn -0.4494629 -0.07446289 0.8901367
vn 0.07116699 -0.3994141 0.9140625
vn -0.1174316 -0.3210449 0.9399414
vn 0.1424561 0.388916 0.9101563
vn 0.2668457 0.3166504 0.9101563
vn -0.2202148 -0.2617188 0.9394531
vn 0.1091309 -0.3237305 0.9399414
vn -0.1472168 0.3886719 0.909668
vn -0.0402832 0.3967285 0.9169922
vn 0.02359009 -0.3625488 0.9316406
vn 0.28125 -0.1977539 0.9389648
vn -0.265625 0.3181152 0.9101563
vn 0.2191162 -0.2619629 0.9399414
vn -0.3493652 0.241333 0.9052734
vn 0.07116699 -0.3994141 0.9140625
vn -0.4494629 -0.07446289 0.8901367
vn 0.331543 0.1905518 0.9238281
vn 0.4511719 -0.1434326 0.8808594
vn -0.1485596 -0.4672852 0.871582
vn -0.3320313 -0.1907959 0.9238281
vn 0.9311523 0.1166992 0.3449707
vn 0.8671875 0.498291 0
vn 0.9941406 0.1068115 0
vn 0.8007813 0.4602051 0.3828125
vn 0.8203125 0.5717773 0
vn 0.7602539 0.5297852 0.3762207
vn 0.3276367 0.2285156 0.9165039
vn 0.331543 0.1905518 0.9238281
vn 0.4511719 -0.1434326 0.8808594
vn 0.7602539 0.5297852 0.3762207
vn 0.6445313 0.7646484 0
vn 0.5981445 0.7099609 0.3718262
vn 0.3439941 0.9389648 0
vn 0.2668457 0.3166504 0.9101563
vn 0.3276367 0.2285156 0.9165039
vn 0.3193359 0.871582 0.3718262
vn 0.1424561 0.388916 0.9101563
vn 0.2668457 0.3166504 0.9101563
vn 0.3193359 0.871582 0.3718262
vn 0.08917236 0.9960938 0
vn 0.0826416 0.9228516 0.3762207
vn 0.002012253 1 0
vn 0.03567505 0.3981934 0.9165039
vn 0.1424561 0.388916 0.9101563
vn 0.001859665 0.9238281 0.3825684
vn 0.002012253 1 0
vn 0.0007753372 0.3828125 0.9238281
vn 0.03567505 0.3981934 0.9165039
vn 0.0007739067 0.3830566 0.9238281
vn 0.001858711 0.9238281 0.3825684
vn -0.0402832 0.3967285 0.9169922
vn -0.08551025 0.9960938 0
vn -0.08123779 0.9223633 0.3776855
vn -0.3408203 0.9399414 0
vn -0.3181152 0.8730469 0.3701172
vn -0.6411133 0.7675781 0
vn -0.1472168 0.3886719 0.909668
vn -0.0402832 0.3967285 0.9169922
vn -0.5952148 0.7124023 0.371582
vn -0.8227539 0.5688477 0
vn -0.265625 0.3181152 0.9101563
vn -0.1472168 0.3886719 0.909668
vn -0.7700195 0.5322266 0.3518066
vn -0.3493652 0.241333 0.9052734
vn -0.265625 0.3181152 0.9101563
vn -0.7700195 0.5322266 0.3518066
vn -0.8730469 0.487793 0
vn -0.847168 0.4758301 0.2362061
vn -0.4494629 -0.07446289 0.8901367
vn -0.3493652 0.241333 0.9052734
vn 0.1091309 -0.3237305 0.9399414
vn 0.5869141 -0.7026367 0.4023438
vn 0.2191162 -0.2619629 0.9399414
vn 0.3083496 -0.862793 0.4008789
vn 0.02359009 -0.3625488 0.9316406
vn 0.07489014 -0.9165039 0.3930664
vn -0.0007615089 -0.3823242 0.9238281
vn -0.001853943 -0.9238281 0.3828125
vn -0.0007586479 -0.3825684 0.9238281
vn -0.001852989 -0.9238281 0.3828125
vn -0.03231812 -0.3618164 0.9316406
vn -0.08203125 -0.9165039 0.3913574
vn -0.8012695 -0.4604492 0.3825684
vn -0.1485596 -0.4672852 0.871582
vn -0.6069336 -0.71875 0.3391113
vn -0.3320313 -0.1907959 0.9238281
vn -0.7548828 -0.5263672 0.3913574
vn -0.2980957 -0.2080078 0.9316406
vn -0.2980957 -0.2080078 0.9316406
vn -0.7548828 -0.5263672 0.3913574
vn -0.5898438 -0.7001953 0.4023438
vn -0.2202148 -0.2617188 0.9394531
vn -0.2202148 -0.2617188 0.9394531
vn -0.5898438 -0.7001953 0.4023438
vn -0.3146973 -0.8598633 0.4023438
vn -0.1174316 -0.3210449 0.9399414
vn -0.08203125 -0.9165039 0.3913574
vn -0.03231812 -0.3618164 0.9316406
vn 0.2191162 -0.2619629 0.9399414
vn 0.5869141 -0.7026367 0.4023438
vn 0.7480469 -0.5205078 0.4123535
vn 0.28125 -0.1977539 0.9389648
vn 0.8212891 -0.4609375 0.3361816
vn 0.07116699 -0.3994141 0.9140625
vn 0.28125 -0.1977539 0.9389648
vn 0.7480469 -0.5205078 0.4123535
vn -0.515625 -0.6508789 0.5571289
vn -0.515625 -0.6508789 0.5571289
vn -0.515625 -0.6508789 0.5571289
vn -0.515625 -0.6508789 0.5571289
vn -0.515625 -0.6513672 0.5571289
vn -0.515625 -0.6513672 0.5571289
vn -0.515625 -0.6513672 0.5571289
vn -0.515625 -0.6513672 0.5571289
vn -0.515625 -0.6513672 0.5571289
vn -0.515625 -0.6513672 0.5571289
vn -0.515625 -0.6513672 0.5571289
vn -0.515625 -0.6513672 0.5571289
vn -0.515625 -0.6513672 0.5571289
vn -0.515625 -0.6513672 0.5571289
vn -0.515625 -0.6513672 0.5571289
vn -0.515625 -0.6513672 0.5571289
vn -0.515625 -0.6508789 0.5571289
vn -0.515625 -0.6508789 0.5571289
vn -0.515625 -0.6508789 0.5571289
vn -0.515625 -0.6513672 0.5571289
vn -0.515625 -0.6513672 0.5571289
vn -0.515625 -0.6513672 0.5571289
vn -0.515625 -0.6513672 0.5571289
vn -0.515625 -0.6513672 0.5571289
vn -0.515625 -0.6508789 0.5571289
vn -0.515625 -0.6508789 0.5571289
vn -0.515625 -0.6508789 0.5571289
vn -0.515625 -0.6508789 0.5571289
vn -0.515625 -0.6513672 0.5571289
vn -0.515625 -0.6513672 0.5571289
vn -0.515625 -0.6513672 0.5571289
vn -0.515625 -0.6513672 0.5571289
vn -0.515625 -0.6508789 0.5571289
vn -0.515625 -0.6508789 0.5571289
vn -0.515625 -0.6508789 0.5571289
vn -0.515625 -0.6513672 0.5571289
vn -0.515625 -0.6508789 0.5571289
vn -0.515625 -0.6508789 0.5571289
vn -0.515625 -0.6508789 0.5571289
vn -0.515625 -0.6508789 0.5571289
vn -0.515625 -0.6508789 0.5571289
vn -0.515625 -0.6508789 0.5571289
vn -0.515625 -0.6508789 0.5571289
vn -0.515625 -0.6513672 0.5571289
vn -0.515625 -0.6508789 0.5571289
vn -0.515625 -0.6508789 0.5571289
vn -0.515625 -0.6508789 0.5571289
vn -0.515625 -0.6508789 0.5571289
vn -0.515625 -0.6508789 0.5571289
vn -0.515625 -0.6508789 0.5571289
vn -0.515625 -0.6508789 0.5571289
vn -0.515625 -0.6513672 0.5571289
vn -0.515625 -0.6508789 0.5571289
vn -0.515625 -0.6508789 0.5571289
vn -0.515625 -0.6508789 0.5571289
vn -0.515625 -0.6508789 0.5571289
vn -0.1061401 -0.5014648 0.8583984
vn -0.1061401 -0.5014648 0.8583984
vn -0.1061401 -0.5014648 0.8583984
vn -0.1061401 -0.5014648 0.8583984
vn -0.1061401 -0.5014648 0.8583984
vn -0.1061401 -0.5014648 0.8583984
vn -0.1061401 -0.5014648 0.8583984
vn -0.1061401 -0.5014648 0.8583984
vn -0.1061401 -0.5014648 0.8583984
vn -0.1061401 -0.5014648 0.8583984
vn -0.1061401 -0.5014648 0.8583984
vn -0.1061401 -0.5014648 0.8583984
vn -0.1061401 -0.5014648 0.8583984
vn -0.1061401 -0.5014648 0.8583984
vn -0.1061401 -0.5014648 0.8583984
vn -0.1061401 -0.5014648 0.8583984
vn -0.1061401 -0.5014648 0.8583984
vn -0.1061401 -0.5014648 0.8583984
vn -0.1061401 -0.5014648 0.8583984
vn -0.1061401 -0.5014648 0.8583984
vn -0.1061401 -0.5014648 0.8583984
vn -0.1061401 -0.5014648 0.8583984
vn -0.1061401 -0.5014648 0.8583984
vn -0.1061401 -0.5014648 0.8583984
vn -0.1061401 -0.5014648 0.8583984
vn -0.1061401 -0.5014648 0.8583984
vn -0.1061401 -0.5014648 0.8583984
vn -0.1061401 -0.5014648 0.8583984
vn -0.1061401 -0.5014648 0.8583984
vn -0.1061401 -0.5014648 0.8583984
vn -0.1061401 -0.5014648 0.8583984
vn -0.1061401 -0.5014648 0.8583984
vn -0.1061401 -0.5014648 0.8583984
vn -0.1061401 -0.5014648 0.8583984
vn -0.1061401 -0.5014648 0.8583984
vn -0.1061401 -0.5014648 0.8583984
vn -0.1061401 -0.5014648 0.8583984
vn -0.1061401 -0.5014648 0.8583984
vn -0.1061401 -0.5014648 0.8583984
vn -0.1061401 -0.5014648 0.8583984
vn -0.1061401 -0.5014648 0.8583984
vn -0.1061401 -0.5014648 0.8583984
vn -0.1061401 -0.5014648 0.8583984
vn -0.1061401 -0.5014648 0.8583984
vn -0.1061401 -0.5014648 0.8583984
vn -0.1061401 -0.5014648 0.8583984
vn -0.1061401 -0.5014648 0.8583984
vn -0.1061401 -0.5014648 0.8583984
vn -0.1061401 -0.5014648 0.8583984
vn -0.1061401 -0.5014648 0.8583984
vn -0.1061401 -0.5014648 0.8583984
vn -0.1061401 -0.5014648 0.8583984
vn -0.1061401 -0.5014648 0.8583984
vn -0.1061401 -0.5014648 0.8583984
vn -0.1061401 -0.5014648 0.8583984
vn -0.1061401 -0.5014648 0.8583984
vn -0.793457 -0.5742188 0.2023926
vn -0.793457 -0.5742188 0.2023926
vn -0.793457 -0.5742188 0.2023926
vn -0.793457 -0.5742188 0.2023926
vn -0.793457 -0.5742188 0.2023926
vn -0.793457 -0.5742188 0.2023926
vn -0.793457 -0.5742188 0.2023926
vn -0.793457 -0.5742188 0.2023926
vn -0.793457 -0.5742188 0.2023926
vn -0.793457 -0.5742188 0.2023926
vn -0.793457 -0.5742188 0.2023926
vn -0.793457 -0.5742188 0.2023926
vn -0.793457 -0.5742188 0.2023926
vn -0.793457 -0.5742188 0.2023926
vn -0.793457 -0.5742188 0.2023926
vn -0.793457 -0.5742188 0.2023926
vn -0.793457 -0.5742188 0.2023926
vn -0.793457 -0.5742188 0.2023926
vn -0.793457 -0.5742188 0.2023926
vn -0.793457 -0.5742188 0.2023926
vn -0.793457 -0.5742188 0.2023926
vn -0.793457 -0.5742188 0.2023926
vn -0.793457 -0.5742188 0.2023926
vn -0.793457 -0.5742188 0.2023926
vn -0.793457 -0.5742188 0.2023926
vn -0.793457 -0.5742188 0.2023926
vn -0.793457 -0.5742188 0.2023926
vn -0.793457 -0.5742188 0.2023926
vn -0.793457 -0.5742188 0.2023926
vn -0.793457 -0.5742188 0.2023926
vn -0.793457 -0.5742188 0.2023926
vn -0.793457 -0.5742188 0.2023926
vn -0.793457 -0.5742188 0.2023926
vn -0.793457 -0.5742188 0.2023926
vn -0.793457 -0.5742188 0.2023926
vn -0.793457 -0.5742188 0.2023926
vn -0.793457 -0.5742188 0.2023926
vn -0.793457 -0.5742188 0.2023926
vn -0.793457 -0.5742188 0.2023926
vn -0.793457 -0.5742188 0.2023926
vn -0.793457 -0.5742188 0.2023926
vn -0.793457 -0.5742188 0.2023926
vn -0.793457 -0.5742188 0.2023926
vn -0.793457 -0.5742188 0.2023926
vn -0.793457 -0.5742188 0.2023926
vn -0.793457 -0.5742188 0.2023926
vn -0.793457 -0.5742188 0.2023926
vn -0.793457 -0.5742188 0.2023926
vn -0.793457 -0.5742188 0.2023926
vn -0.793457 -0.5742188 0.2023926
vn -0.793457 -0.5742188 0.2023926
vn -0.793457 -0.5742188 0.2023926
vn -0.793457 -0.5742188 0.2023926
vn -0.793457 -0.5742188 0.2023926
vn -0.793457 -0.5742188 0.2023926
vn -0.793457 -0.5742188 0.2023926
vn -0.1639404 -0.965332 0.2023926
vn -0.1639404 -0.965332 0.2023926
vn -0.1639404 -0.965332 0.2023926
vn -0.1639404 -0.965332 0.2023926
vn -0.1639404 -0.965332 0.2023926
vn -0.1639404 -0.965332 0.2023926
vn -0.1639404 -0.965332 0.2023926
vn -0.1639404 -0.965332 0.2023926
vn -0.1639404 -0.965332 0.2023926
vn -0.1639404 -0.965332 0.2023926
vn -0.1639404 -0.965332 0.2023926
vn -0.1639404 -0.965332 0.2023926
vn -0.1639404 -0.965332 0.2023926
vn -0.1639404 -0.965332 0.2023926
vn -0.1639404 -0.965332 0.2023926
vn -0.1639404 -0.965332 0.2023926
vn -0.1639404 -0.965332 0.2023926
vn -0.1639404 -0.965332 0.2023926
vn -0.1639404 -0.965332 0.2023926
vn -0.1639404 -0.965332 0.2023926
vn -0.1639404 -0.965332 0.2023926
vn -0.1639404 -0.965332 0.2023926
vn -0.1639404 -0.965332 0.2023926
vn -0.1639404 -0.965332 0.2023926
vn -0.1639404 -0.965332 0.2023926
vn -0.1639404 -0.965332 0.2023926
vn -0.1639404 -0.965332 0.2023926
vn -0.1639404 -0.965332 0.2023926
vn -0.1639404 -0.965332 0.2023926
vn -0.1639404 -0.965332 0.2023926
vn -0.1639404 -0.965332 0.2023926
vn -0.1639404 -0.965332 0.2023926
vn -0.1639404 -0.965332 0.2023926
vn -0.1639404 -0.965332 0.2023926
vn -0.1639404 -0.965332 0.2023926
vn -0.1639404 -0.965332 0.2023926
vn -0.1639404 -0.965332 0.2023926
vn -0.1639404 -0.965332 0.2023926
vn -0.1639404 -0.965332 0.2023926
vn -0.1639404 -0.965332 0.2023926
vn -0.1639404 -0.965332 0.2023926
vn -0.1639404 -0.965332 0.2023926
vn -0.1639404 -0.965332 0.2023926
vn -0.1639404 -0.965332 0.2023926
vn -0.1639404 -0.965332 0.2023926
vn -0.1639404 -0.965332 0.2023926
vn -0.1639404 -0.965332 0.2023926
vn -0.1639404 -0.965332 0.2023926
vn -0.1639404 -0.965332 0.2023926
vn -0.1639404 -0.965332 0.2023926
vn -0.1639404 -0.965332 0.2023926
vn -0.1639404 -0.965332 0.2023926
vn 0.07165527 -0.9921875 0.1040649
vn 0.07165527 -0.9921875 0.1040649
vn 0.07165527 -0.9921875 0.1040649
vn 0.07165527 -0.9921875 0.1040649
vn 0.07165527 -0.9921875 0.1040039
vn 0.07165527 -0.9921875 0.1040039
vn 0.07165527 -0.9921875 0.1040039
vn 0.07165527 -0.9921875 0.1040039
vn 0.07165527 -0.9921875 0.1040649
vn 0.07165527 -0.9921875 0.1040649
vn 0.07165527 -0.9921875 0.1040649
vn 0.07165527 -0.9921875 0.1040649
vn 0.07165527 -0.9921875 0.1040649
vn 0.07165527 -0.9921875 0.1040649
vn 0.07165527 -0.9921875 0.1040649
vn 0.07165527 -0.9921875 0.1040649
vn 0.07165527 -0.9921875 0.1040039
vn 0.07165527 -0.9921875 0.1040039
vn 0.07165527 -0.9921875 0.1040039
vn 0.07165527 -0.9921875 0.1040649
vn 0.07165527 -0.9921875 0.1040649
vn 0.07165527 -0.9921875 0.1040649
vn 0.07165527 -0.9921875 0.1040649
vn 0.07165527 -0.9921875 0.1040649
vn 0.07159424 -0.9921875 0.1040649
vn 0.07159424 -0.9921875 0.1040649
vn 0.07159424 -0.9921875 0.1040649
vn 0.07159424 -0.9921875 0.1040039
vn 0.07165527 -0.9921875 0.1040649
vn 0.07165527 -0.9921875 0.1040649
vn 0.07165527 -0.9921875 0.1040649
vn 0.07165527 -0.9921875 0.1040649
vn 0.07159424 -0.9921875 0.1040039
vn 0.07159424 -0.9921875 0.1040039
vn 0.07159424 -0.9921875 0.1040039
vn 0.07165527 -0.9921875 0.1040649
vn 0.07165527 -0.9921875 0.1040649
vn 0.07165527 -0.9921875 0.1040649
vn 0.07165527 -0.9921875 0.1040649
vn 0.07165527 -0.9921875 0.1040649
vn 0.07165527 -0.9921875 0.1040649
vn 0.07165527 -0.9921875 0.1040649
vn 0.07165527 -0.9921875 0.1040649
vn 0.07165527 -0.9921875 0.1040649
vn 0.07165527 -0.9921875 0.1040649
vn 0.07165527 -0.9921875 0.1040649
vn 0.07165527 -0.9921875 0.1040649
vn 0.07165527 -0.9921875 0.1040649
vn 0.07165527 -0.9921875 0.1040649
vn 0.07165527 -0.9921875 0.1040649
vn 0.07165527 -0.9921875 0.1040649
vn 0.07165527 -0.9921875 0.1040039
vn 0.07165527 -0.9921875 0.1040649
vn 0.07165527 -0.9921875 0.1040649
vn 0.07165527 -0.9921875 0.1040649
vn 0.07165527 -0.9921875 0.1040649
g HexaBase_0
f 3/3/3 2/2/2 1/1/1
f 5/5/5 3/3/3 4/4/4
f 8/8/8 7/7/7 6/6/6
f 10/10/10 8/8/8 9/9/9
f 13/13/13 12/12/12 11/11/11
f 15/15/15 13/13/13 14/14/14
f 18/18/18 17/17/17 16/16/16
f 20/20/20 18/18/18 19/19/19
f 23/23/23 22/22/22 21/21/21
f 25/25/25 23/23/23 24/24/24
f 28/28/28 27/27/27 26/26/26
f 30/30/30 28/28/28 29/29/29
f 33/33/33 32/32/32 31/31/31
f 35/35/35 33/33/33 34/34/34
f 38/38/38 37/37/37 36/36/36
f 40/40/40 38/38/38 39/39/39
f 43/43/43 42/42/42 41/41/41
f 45/45/45 43/43/43 44/44/44
f 48/48/48 47/47/47 46/46/46
f 50/50/50 48/48/48 49/49/49
f 53/53/53 52/52/52 51/51/51
f 55/55/55 53/53/53 54/54/54
f 58/58/58 57/57/57 56/56/56
f 60/60/60 58/58/58 59/59/59
f 63/63/63 62/62/62 61/61/61
f 65/65/65 63/63/63 64/64/64
f 68/68/68 67/67/67 66/66/66
f 70/70/70 68/68/68 69/69/69
f 73/73/73 72/72/72 71/71/71
f 75/75/75 73/73/73 74/74/74
f 78/78/78 77/77/77 76/76/76
f 80/80/80 78/78/78 79/79/79
f 83/83/83 82/82/82 81/81/81
f 85/85/85 83/83/83 84/84/84
f 88/88/88 87/87/87 86/86/86
f 90/90/90 88/88/88 89/89/89
f 93/93/93 92/92/92 91/91/91
f 95/95/95 93/93/93 94/94/94
f 98/98/98 97/97/97 96/96/96
f 100/100/100 98/98/98 99/99/99
f 103/103/103 102/102/102 101/101/101
f 105/105/105 103/103/103 104/104/104
f 108/108/108 107/107/107 106/106/106
f 110/110/110 108/108/108 109/109/109
f 113/113/113 112/112/112 111/111/111
f 115/115/115 113/113/113 114/114/114
f 118/118/118 117/117/117 116/116/116
f 120/120/120 118/118/118 119/119/119
f 123/123/123 122/122/122 121/121/121
f 125/125/125 123/123/123 124/124/124
f 128/128/128 127/127/127 126/126/126
f 130/130/130 128/128/128 129/129/129
f 133/133/133 132/132/132 131/131/131
f 135/135/135 133/133/133 134/134/134
f 138/138/138 137/137/137 136/136/136
f 140/140/140 138/138/138 139/139/139
f 143/143/143 142/142/142 141/141/141
f 145/145/145 143/143/143 144/144/144
f 148/148/148 147/147/147 146/146/146
f 150/150/150 148/148/148 149/149/149
f 153/153/153 152/152/152 151/151/151
f 153/153/153 155/155/155 154/154/154
f 156/156/156 153/153/153 154/154/154
f 159/159/159 158/158/158 157/157/157
f 162/162/162 161/161/161 160/160/160
f 164/164/164 162/162/162 163/163/163
f 167/167/167 166/166/166 165/165/165
f 169/169/169 167/167/167 168/168/168
f 172/172/172 171/171/171 170/170/170
f 174/174/174 172/172/172 173/173/173
f 177/177/177 176/176/176 175/175/175
f 179/179/179 177/177/177 178/178/178
f 182/182/182 181/181/181 180/180/180
f 184/184/184 182/182/182 183/183/183
f 187/187/187 186/186/186 185/185/185
f 189/189/189 187/187/187 188/188/188
f 192/192/192 191/191/191 190/190/190
f 194/194/194 192/192/192 193/193/193
f 197/197/197 196/196/196 195/195/195
f 199/199/199 197/197/197 198/198/198
f 202/202/202 201/201/201 200/200/200
f 204/204/204 202/202/202 203/203/203
f 207/207/207 206/206/206 205/205/205
f 209/209/209 207/207/207 208/208/208
f 212/212/212 211/211/211 210/210/210
f 214/214/214 212/212/212 213/213/213
f 217/217/217 216/216/216 215/215/215
f 218/218/218 217/217/217 215/215/215
f 221/221/221 220/220/220 219/219/219
f 222/222/222 221/221/221 219/219/219
f 225/225/225 224/224/224 223/223/223
f 223/223/223 226/226/226 225/225/225
f 223/223/223 227/227/227 226/226/226
f 227/227/227 228/228/228 226/226/226
f 227/227/227 229/229/229 228/228/228
f 229/229/229 230/230/230 228/228/228
f 233/233/233 232/232/232 231/231/231
f 234/234/234 233/233/233 231/231/231
f 237/237/237 236/236/236 235/235/235
f 238/238/238 237/237/237 235/235/235
f 241/241/241 240/240/240 239/239/239
f 242/242/242 241/241/241 239/239/239
f 245/245/245 244/244/244 243/243/243
f 246/246/246 245/245/245 243/243/243
f 249/249/249 248/248/248 247/247/247
f 250/250/250 249/249/249 247/247/247
f 253/253/253 252/252/252 251/251/251
f 254/254/254 253/253/253 251/251/251
f 257/257/257 256/256/256 255/255/255
f 258/258/258 257/257/257 255/255/255
f 261/261/261 260/260/260 259/259/259
f 262/262/262 261/261/261 259/259/259
f 265/265/265 264/264/264 263/263/263
f 266/266/266 265/265/265 263/263/263
f 269/269/269 268/268/268 267/267/267
f 270/270/270 269/269/269 267/267/267
f 273/273/273 272/272/272 271/271/271
f 274/274/274 273/273/273 271/271/271
f 277/277/277 276/276/276 275/275/275
f 278/278/278 277/277/277 275/275/275
f 281/281/281 280/280/280 279/279/279
f 279/279/279 282/282/282 281/281/281
f 282/282/282 283/283/283 281/281/281
f 282/282/282 284/284/284 283/283/283
f 284/284/284 285/285/285 283/283/283
f 284/284/284 286/286/286 285/285/285
f 289/289/289 288/288/288 287/287/287
f 290/290/290 289/289/289 287/287/287
f 293/293/293 292/292/292 291/291/291
f 294/294/294 293/293/293 291/291/291
f 297/297/297 296/296/296 295/295/295
f 298/298/298 297/297/297 295/295/295
f 301/301/301 300/300/300 299/299/299
f 302/302/302 301/301/301 299/299/299
f 305/305/305 304/304/304 303/303/303
f 306/306/306 305/305/305 303/303/303
f 309/309/309 308/308/308 307/307/307
f 310/310/310 309/309/309 307/307/307
f 313/313/313 312/312/312 311/311/311
f 314/314/314 313/313/313 311/311/311
f 317/317/317 316/316/316 315/315/315
f 318/318/318 317/317/317 315/315/315
f 321/321/321 320/320/320 319/319/319
f 322/322/322 321/321/321 319/319/319
f 325/325/325 324/324/324 323/323/323
f 326/326/326 325/325/325 323/323/323
f 329/329/329 328/328/328 327/327/327
f 328/328/328 330/330/330 327/327/327
f 330/330/330 331/331/331 327/327/327
f 331/331/331 332/332/332 327/327/327
f 332/332/332 331/331/331 333/333/333
f 334/334/334 330/330/330 328/328/328
f 335/335/335 334/334/334 328/328/328
f 335/335/335 336/336/336 334/334/334
f 331/331/331 337/337/337 333/333/333
f 338/338/338 333/333/333 337/337/337
f 339/339/339 331/331/331 330/330/330
f 334/334/334 339/339/339 330/330/330
f 331/331/331 339/339/339 337/337/337
f 336/336/336 340/340/340 334/334/334
f 340/340/340 336/336/336 341/341/341
f 342/342/342 340/340/340 341/341/341
f 342/342/342 343/343/343 340/340/340
f 340/340/340 344/344/344 334/334/334
f 343/343/343 344/344/344 340/340/340
f 344/344/344 339/339/339 334/334/334
f 344/344/344 343/343/343 345/345/345
f 346/346/346 338/338/338 337/337/337
f 338/338/338 346/346/346 347/347/347
f 339/339/339 348/348/348 337/337/337
f 339/339/339 344/344/344 348/348/348
f 346/346/346 337/337/337 348/348/348
f 349/349/349 344/344/344 345/345/345
f 344/344/344 349/349/349 348/348/348
f 349/349/349 345/345/345 350/350/350
f 351/351/351 346/346/346 348/348/348
f 351/351/351 348/348/348 349/349/349
f 352/352/352 349/349/349 350/350/350
f 352/352/352 351/351/351 349/349/349
f 352/352/352 350/350/350 353/353/353
f 346/346/346 354/354/354 347/347/347
f 346/346/346 351/351/351 354/354/354
f 355/355/355 352/352/352 353/353/353
f 355/355/355 353/353/353 356/356/356
f 351/351/351 352/352/352 357/357/357
f 352/352/352 355/355/355 357/357/357
f 351/351/351 357/357/357 354/354/354
f 354/354/354 358/358/358 347/347/347
f 358/358/358 359/359/359 347/347/347
f 359/359/359 358/358/358 360/360/360
f 361/361/361 355/355/355 356/356/356
f 355/355/355 361/361/361 357/357/357
f 357/357/357 362/362/362 354/354/354
f 362/362/362 358/358/358 354/354/354
f 361/361/361 362/362/362 357/357/357
f 358/358/358 363/363/363 360/360/360
f 358/358/358 362/362/362 363/363/363
f 360/360/360 363/363/363 364/364/364
f 361/361/361 356/356/356 365/365/365
f 356/356/356 366/366/366 365/365/365
f 362/362/362 361/361/361 367/367/367
f 362/362/362 367/367/367 363/363/363
f 361/361/361 365/365/365 367/367/367
f 363/363/363 368/368/368 364/364/364
f 363/363/363 367/367/367 368/368/368
f 369/369/369 364/364/364 368/368/368
f 365/365/365 366/366/366 370/370/370
f 366/366/366 371/371/371 370/370/370
f 370/370/370 371/371/371 372/372/372
f 367/367/367 365/365/365 373/373/373
f 367/367/367 373/373/373 368/368/368
f 365/365/365 370/370/370 373/373/373
f 374/374/374 369/369/369 368/368/368
f 374/374/374 368/368/368 373/373/373
f 369/369/369 374/374/374 375/375/375
f 376/376/376 370/370/370 372/372/372
f 376/376/376 372/372/372 377/377/377
f 378/378/378 373/373/373 370/370/370
f 378/378/378 374/374/374 373/373/373
f 376/376/376 378/378/378 370/370/370
f 374/374/374 379/379/379 375/375/375
f 374/374/374 378/378/378 379/379/379
f 380/380/380 376/376/376 377/377/377
f 380/380/380 377/377/377 381/381/381
f 378/378/378 376/376/376 382/382/382
f 376/376/376 380/380/380 382/382/382
f 378/378/378 382/382/382 379/379/379
f 379/379/379 383/383/383 375/375/375
f 383/383/383 384/384/384 375/375/375
f 384/384/384 383/383/383 385/385/385
f 386/386/386 380/380/380 381/381/381
f 380/380/380 386/386/386 382/382/382
f 382/382/382 387/387/387 379/379/379
f 387/387/387 383/383/383 379/379/379
f 386/386/386 387/387/387 382/382/382
f 383/383/383 388/388/388 385/385/385
f 383/383/383 387/387/387 388/388/388
f 389/389/389 385/385/385 388/388/388
f 390/390/390 389/389/389 388/388/388
f 387/387/387 391/391/391 388/388/388
f 390/390/390 388/388/388 391/391/391
f 387/387/387 386/386/386 391/391/391
f 392/392/392 390/390/390 391/391/391
f 386/386/386 381/381/381 393/393/393
f 386/386/386 393/393/393 391/391/391
f 392/392/392 391/391/391 393/393/393
f 381/381/381 394/394/394 393/393/393
f 395/395/395 392/392/392 393/393/393
f 394/394/394 396/396/396 393/393/393
f 396/396/396 395/395/395 393/393/393
f 399/399/399 398/398/398 397/397/397
f 398/398/398 400/400/400 397/397/397
f 398/398/398 401/401/401 400/400/400
f 397/397/397 400/400/400 402/402/402
f 403/403/403 397/397/397 402/402/402
f 403/403/403 402/402/402 404/404/404
f 402/402/402 405/405/405 404/404/404
f 404/404/404 405/405/405 406/406/406
f 402/402/402 400/400/400 407/407/407
f 402/402/402 407/407/407 405/405/405
f 401/401/401 408/408/408 400/400/400
f 400/400/400 408/408/408 407/407/407
f 409/409/409 408/408/408 401/401/401
f 401/401/401 410/410/410 409/409/409
f 401/401/401 411/411/411 410/410/410
f 408/408/408 409/409/409 412/412/412
f 407/407/407 408/408/408 412/412/412
f 407/407/407 412/412/412 413/413/413
f 407/407/407 413/413/413 405/405/405
f 412/412/412 414/414/414 413/413/413
f 405/405/405 415/415/415 406/406/406
f 405/405/405 413/413/413 415/415/415
f 413/413/413 414/414/414 416/416/416
f 413/413/413 416/416/416 415/415/415
f 414/414/414 417/417/417 416/416/416
f 416/416/416 417/417/417 418/418/418
f 419/419/419 416/416/416 418/418/418
f 415/415/415 416/416/416 419/419/419
f 420/420/420 415/415/415 419/419/419
f 406/406/406 415/415/415 420/420/420
f 421/421/421 406/406/406 420/420/420
f 424/424/424 423/423/423 422/422/422
f 423/423/423 425/425/425 422/422/422
f 423/423/423 426/426/426 425/425/425
f 422/422/422 425/425/425 427/427/427
f 428/428/428 422/422/422 427/427/427
f 428/428/428 427/427/427 429/429/429
f 426/426/426 430/430/430 425/425/425
f 426/426/426 431/431/431 430/430/430
f 427/427/427 432/432/432 429/429/429
f 429/429/429 432/432/432 433/433/433
f 427/427/427 425/425/425 434/434/434
f 425/425/425 430/430/430 434/434/434
f 427/427/427 434/434/434 432/432/432
f 431/431/431 435/435/435 430/430/430
f 435/435/435 431/431/431 436/436/436
f 436/436/436 437/437/437 435/435/435
f 434/434/434 430/430/430 438/438/438
f 430/430/430 435/435/435 438/438/438
f 437/437/437 439/439/439 435/435/435
f 438/438/438 435/435/435 439/439/439
f 439/439/439 437/437/437 440/440/440
f 440/440/440 441/441/441 439/439/439
f 441/441/441 442/442/442 439/439/439
f 442/442/442 438/438/438 439/439/439
f 441/441/441 443/443/443 442/442/442
f 434/434/434 444/444/444 432/432/432
f 434/434/434 438/438/438 444/444/444
f 443/443/443 445/445/445 442/442/442
f 443/443/443 446/446/446 445/445/445
f 447/447/447 438/438/438 442/442/442
f 438/438/438 447/447/447 444/444/444
f 445/445/445 447/447/447 442/442/442
f 432/432/432 444/444/444 448/448/448
f 432/432/432 448/448/448 433/433/433
f 446/446/446 449/449/449 445/445/445
f 446/446/446 450/450/450 449/449/449
f 444/444/444 447/447/447 451/451/451
f 444/444/444 451/451/451 448/448/448
f 452/452/452 447/447/447 445/445/445
f 449/449/449 452/452/452 445/445/445
f 447/447/447 452/452/452 451/451/451
f 433/433/433 448/448/448 453/453/453
f 454/454/454 433/433/433 453/453/453
f 451/451/451 452/452/452 455/455/455
f 455/455/455 452/452/452 449/449/449
f 448/448/448 451/451/451 456/456/456
f 456/456/456 451/451/451 455/455/455
f 453/453/453 448/448/448 456/456/456
f 457/457/457 455/455/455 449/449/449
f 456/456/456 455/455/455 458/458/458
f 459/459/459 457/457/457 449/449/449
f 459/459/459 460/460/460 457/457/457
f 450/450/450 459/459/459 449/449/449
f 450/450/450 461/461/461 459/459/459
f 461/461/461 450/450/450 462/462/462
f 454/454/454 453/453/453 463/463/463
f 464/464/464 454/454/454 463/463/463
f 464/464/464 463/463/463 465/465/465
f 453/453/453 456/456/456 466/466/466
f 463/463/463 453/453/453 466/466/466
f 466/466/466 456/456/456 458/458/458
f 463/463/463 467/467/467 465/465/465
f 463/463/463 466/466/466 467/467/467
f 466/466/466 458/458/458 468/468/468
f 466/466/466 468/468/468 467/467/467
f 465/465/465 467/467/467 469/469/469
f 470/470/470 465/465/465 469/469/469
f 470/470/470 469/469/469 471/471/471
f 469/469/469 467/467/467 472/472/472
f 467/467/467 468/468/468 472/472/472
f 469/469/469 473/473/473 471/471/471
f 469/469/469 472/472/472 473/473/473
f 471/471/471 473/473/473 474/474/474
f 473/473/473 475/475/475 474/474/474
f 476/476/476 474/474/474 475/475/475
f 472/472/472 477/477/477 473/473/473
f 473/473/473 477/477/477 475/475/475
f 472/472/472 468/468/468 478/478/478
f 472/472/472 478/478/478 477/477/477
f 458/458/458 479/479/479 468/468/468
f 468/468/468 479/479/479 478/478/478
f 480/480/480 479/479/479 458/458/458
f 478/478/478 479/479/479 480/480/480
f 481/481/481 480/480/480 458/458/458
f 482/482/482 480/480/480 481/481/481
f 482/482/482 481/481/481 483/483/483
f 484/484/484 482/482/482 483/483/483
f 484/484/484 483/483/483 485/485/485
f 485/485/485 486/486/486 484/484/484
f 482/482/482 487/487/487 480/480/480
f 487/487/487 488/488/488 480/480/480
f 488/488/488 489/489/489 480/480/480
f 490/490/490 478/478/478 480/480/480
f 489/489/489 490/490/490 480/480/480
f 491/491/491 478/478/478 490/490/490
f 478/478/478 491/491/491 477/477/477
f 489/489/489 492/492/492 490/490/490
f 492/492/492 491/491/491 490/490/490
f 477/477/477 491/491/491 493/493/493
f 477/477/477 493/493/493 475/475/475
f 489/489/489 494/494/494 492/492/492
f 489/489/489 495/495/495 494/494/494
f 495/495/495 496/496/496 494/494/494
f 496/496/496 497/497/497 494/494/494
f 498/498/498 491/491/491 492/492/492
f 494/494/494 498/498/498 492/492/492
f 497/497/497 498/498/498 494/494/494
f 491/491/491 498/498/498 493/493/493
f 497/497/497 499/499/499 498/498/498
f 499/499/499 493/493/493 498/498/498
f 499/499/499 497/497/497 500/500/500
f 501/501/501 475/475/475 493/493/493
f 499/499/499 501/501/501 493/493/493
f 501/501/501 476/476/476 475/475/475
f 502/502/502 499/499/499 500/500/500
f 501/501/501 499/499/499 502/502/502
f 476/476/476 501/501/501 503/503/503
f 503/503/503 501/501/501 502/502/502
f 504/504/504 476/476/476 503/503/503
f 504/504/504 503/503/503 505/505/505
f 503/503/503 506/506/506 505/505/505
f 503/503/503 502/502/502 506/506/506
f 505/505/505 506/506/506 507/507/507
f 502/502/502 500/500/500 508/508/508
f 502/502/502 508/508/508 506/506/506
f 500/500/500 509/509/509 508/508/508
f 506/506/506 510/510/510 507/507/507
f 506/506/506 508/508/508 510/510/510
f 507/507/507 510/510/510 511/511/511
f 508/508/508 509/509/509 512/512/512
f 508/508/508 512/512/512 510/510/510
f 509/509/509 513/513/513 512/512/512
f 510/510/510 514/514/514 511/511/511
f 510/510/510 512/512/512 514/514/514
f 512/512/512 513/513/513 515/515/515
f 512/512/512 515/515/515 514/514/514
f 513/513/513 516/516/516 515/515/515
f 515/515/515 516/516/516 517/517/517
f 511/511/511 514/514/514 518/518/518
f 519/519/519 511/511/511 518/518/518
f 519/519/519 518/518/518 520/520/520
f 514/514/514 515/515/515 521/521/521
f 521/521/521 515/515/515 517/517/517
f 518/518/518 514/514/514 521/521/521
f 518/518/518 522/522/522 520/520/520
f 518/518/518 521/521/521 522/522/522
f 520/520/520 522/522/522 523/523/523
f 521/521/521 517/517/517 524/524/524
f 521/521/521 524/524/524 522/522/522
f 517/517/517 525/525/525 524/524/524
f 524/524/524 525/525/525 526/526/526
f 525/525/525 527/527/527 526/526/526
f 526/526/526 527/527/527 528/528/528
f 522/522/522 529/529/529 523/523/523
f 522/522/522 524/524/524 529/529/529
f 524/524/524 526/526/526 529/529/529
f 523/523/523 529/529/529 530/530/530
f 529/529/529 531/531/531 530/530/530
f 529/529/529 526/526/526 531/531/531
f 530/530/530 531/531/531 532/532/532
f 526/526/526 528/528/528 533/533/533
f 534/534/534 533/533/533 528/528/528
f 535/535/535 534/534/534 528/528/528
f 526/526/526 536/536/536 531/531/531
f 533/533/533 536/536/536 526/526/526
f 531/531/531 537/537/537 532/532/532
f 531/531/531 536/536/536 537/537/537
f 536/536/536 533/533/533 538/538/538
f 536/536/536 538/538/538 537/537/537
f 532/532/532 537/537/537 539/539/539
f 540/540/540 532/532/532 539/539/539
f 540/540/540 539/539/539 541/541/541
f 539/539/539 537/537/537 542/542/542
f 537/537/537 538/538/538 542/542/542
f 539/539/539 543/543/543 541/541/541
f 539/539/539 542/542/542 543/543/543
f 541/541/541 543/543/543 544/544/544
f 543/543/543 545/545/545 544/544/544
f 543/543/543 546/546/546 545/545/545
f 542/542/542 546/546/546 543/543/543
f 546/546/546 547/547/547 545/545/545
f 533/533/533 548/548/548 538/538/538
f 548/548/548 533/533/533 534/534/534
f 542/542/542 538/538/538 549/549/549
f 542/542/542 549/549/549 546/546/546
f 538/538/538 548/548/548 549/549/549
f 546/546/546 550/550/550 547/547/547
f 549/549/549 550/550/550 546/546/546
f 550/550/550 551/551/551 547/547/547
f 549/549/549 548/548/548 552/552/552
f 552/552/552 548/548/548 534/534/534
f 550/550/550 549/549/549 553/553/553
f 553/553/553 549/549/549 552/552/552
f 551/551/551 550/550/550 554/554/554
f 554/554/554 550/550/550 553/553/553
f 555/555/555 551/551/551 554/554/554
f 556/556/556 551/551/551 555/555/555
f 557/557/557 556/556/556 555/555/555
f 558/558/558 557/557/557 555/555/555
f 555/555/555 559/559/559 558/558/558
f 555/555/555 554/554/554 559/559/559
f 554/554/554 553/553/553 559/559/559
f 553/553/553 560/560/560 559/559/559
f 553/553/553 552/552/552 560/560/560
f 552/552/552 561/561/561 560/560/560
f 552/552/552 562/562/562 561/561/561
f 552/552/552 534/534/534 562/562/562
f 534/534/534 563/563/563 562/562/562
f 564/564/564 562/562/562 563/563/563
f 534/534/534 565/565/565 563/563/563
f 534/534/534 566/566/566 565/565/565
f 534/534/534 535/535/535 566/566/566
f 535/535/535 567/567/567 566/566/566
f 535/535/535 568/568/568 567/567/567
f 568/568/568 569/569/569 567/567/567
f 567/567/567 569/569/569 570/570/570
f 570/570/570 571/571/571 567/567/567
f 574/574/574 573/573/573 572/572/572
f 573/573/573 575/575/575 572/572/572
f 573/573/573 576/576/576 575/575/575
f 575/575/575 577/577/577 572/572/572
f 577/577/577 578/578/578 572/572/572
f 578/578/578 577/577/577 579/579/579
f 576/576/576 580/580/580 575/575/575
f 576/576/576 581/581/581 580/580/580
f 577/577/577 582/582/582 579/579/579
f 583/583/583 579/579/579 582/582/582
f 584/584/584 577/577/577 575/575/575
f 580/580/580 584/584/584 575/575/575
f 577/577/577 584/584/584 582/582/582
f 585/585/585 584/584/584 580/580/580
f 581/581/581 586/586/586 580/580/580
f 586/586/586 585/585/585 580/580/580
f 586/586/586 581/581/581 587/587/587
f 581/581/581 588/588/588 587/587/587
f 586/586/586 587/587/587 589/589/589
f 585/585/585 586/586/586 589/589/589
f 585/585/585 589/589/589 590/590/590
f 585/585/585 590/590/590 591/591/591
f 592/592/592 583/583/583 582/582/582
f 583/583/583 592/592/592 593/593/593
f 584/584/584 594/594/594 582/582/582
f 584/584/584 585/585/585 594/594/594
f 592/592/592 582/582/582 594/594/594
f 591/591/591 595/595/595 585/585/585
f 585/585/585 595/595/595 594/594/594
f 591/591/591 596/596/596 595/595/595
f 597/597/597 592/592/592 594/594/594
f 597/597/597 594/594/594 595/595/595
f 596/596/596 598/598/598 595/595/595
f 598/598/598 597/597/597 595/595/595
f 596/596/596 599/599/599 598/598/598
f 592/592/592 600/600/600 593/593/593
f 592/592/592 597/597/597 600/600/600
f 599/599/599 601/601/601 598/598/598
f 601/601/601 599/599/599 602/602/602
f 597/597/597 598/598/598 603/603/603
f 598/598/598 601/601/601 603/603/603
f 597/597/597 603/603/603 600/600/600
f 604/604/604 601/601/601 602/602/602
f 601/601/601 604/604/604 603/603/603
f 604/604/604 602/602/602 605/605/605
f 600/600/600 606/606/606 593/593/593
f 606/606/606 607/607/607 593/593/593
f 603/603/603 608/608/608 600/600/600
f 604/604/604 608/608/608 603/603/603
f 608/608/608 606/606/606 600/600/600
f 609/609/609 604/604/604 605/605/605
f 608/608/608 604/604/604 609/609/609
f 609/609/609 605/605/605 610/610/610
f 607/607/607 606/606/606 611/611/611
f 612/612/612 607/607/607 611/611/611
f 606/606/606 608/608/608 613/613/613
f 613/613/613 608/608/608 609/609/609
f 611/611/611 606/606/606 613/613/613
f 614/614/614 609/609/609 610/610/610
f 613/613/613 609/609/609 614/614/614
f 614/614/614 610/610/610 615/615/615
f 612/612/612 611/611/611 616/616/616
f 617/617/617 612/612/612 616/616/616
f 617/617/617 616/616/616 618/618/618
f 611/611/611 613/613/613 619/619/619
f 616/616/616 611/611/611 619/619/619
f 619/619/619 613/613/613 614/614/614
f 616/616/616 620/620/620 618/618/618
f 616/616/616 619/619/619 620/620/620
f 621/621/621 618/618/618 620/620/620
f 622/622/622 614/614/614 615/615/615
f 622/622/622 615/615/615 623/623/623
f 619/619/619 614/614/614 624/624/624
f 619/619/619 624/624/624 620/620/620
f 614/614/614 622/622/622 624/624/624
f 625/625/625 621/621/621 620/620/620
f 625/625/625 620/620/620 624/624/624
f 621/621/621 625/625/625 626/626/626
f 627/627/627 622/622/622 623/623/623
f 627/627/627 623/623/623 628/628/628
f 629/629/629 624/624/624 622/622/622
f 629/629/629 625/625/625 624/624/624
f 627/627/627 629/629/629 622/622/622
f 625/625/625 630/630/630 626/626/626
f 625/625/625 629/629/629 630/630/630
f 631/631/631 627/627/627 628/628/628
f 628/628/628 632/632/632 631/631/631
f 629/629/629 627/627/627 633/633/633
f 627/627/627 631/631/631 633/633/633
f 629/629/629 633/633/633 630/630/630
f 632/632/632 634/634/634 631/631/631
f 631/631/631 634/634/634 633/633/633
f 634/634/634 632/632/632 635/635/635
f 630/630/630 636/636/636 626/626/626
f 636/636/636 637/637/637 626/626/626
f 638/638/638 637/637/637 636/636/636
f 633/633/633 639/639/639 630/630/630
f 639/639/639 636/636/636 630/630/630
f 634/634/634 639/639/639 633/633/633
f 640/640/640 638/638/638 636/636/636
f 640/640/640 636/636/636 639/639/639
f 641/641/641 638/638/638 640/640/640
f 642/642/642 641/641/641 640/640/640
f 643/643/643 640/640/640 639/639/639
f 642/642/642 640/640/640 643/643/643
f 643/643/643 639/639/639 634/634/634
f 644/644/644 642/642/642 643/643/643
f 645/645/645 634/634/634 635/635/635
f 645/645/645 643/643/643 634/634/634
f 644/644/644 643/643/643 645/645/645
f 645/645/645 635/635/635 646/646/646
f 647/647/647 644/644/644 645/645/645
f 647/647/647 645/645/645 646/646/646
f 650/650/650 649/649/649 648/648/648
f 651/651/651 650/650/650 648/648/648
f 648/648/648 652/652/652 651/651/651
f 653/653/653 650/650/650 651/651/651
f 653/653/653 654/654/654 650/650/650
f 653/653/653 655/655/655 654/654/654
f 655/655/655 656/656/656 654/654/654
f 655/655/655 657/657/657 656/656/656
f 657/657/657 658/658/658 656/656/656
f 657/657/657 659/659/659 658/658/658
f 658/658/658 659/659/659 660/660/660
f 657/657/657 661/661/661 659/659/659
f 661/661/661 662/662/662 659/659/659
f 661/661/661 663/663/663 662/662/662
f 663/663/663 664/664/664 662/662/662
f 663/663/663 665/665/665 664/664/664
f 665/665/665 666/666/666 664/664/664
f 667/667/667 653/653/653 651/651/651
f 653/653/653 667/667/667 668/668/668
f 667/667/667 669/669/669 668/668/668
f 670/670/670 669/669/669 667/667/667
f 667/667/667 651/651/651 671/671/671
f 651/651/651 652/652/652 671/671/671
f 652/652/652 672/672/672 671/671/671
f 672/672/672 670/670/670 673/673/673
f 673/673/673 670/670/670 667/667/667
f 671/671/671 672/672/672 673/673/673
f 671/671/671 673/673/673 667/667/667
f 676/676/676 675/675/675 674/674/674
f 677/677/677 676/676/676 674/674/674
f 678/678/678 677/677/677 674/674/674
f 678/678/678 674/674/674 679/679/679
f 680/680/680 676/676/676 677/677/677
f 678/678/678 679/679/679 681/681/681
f 682/682/682 680/680/680 677/677/677
f 678/678/678 682/682/682 677/677/677
f 683/683/683 680/680/680 682/682/682
f 678/678/678 683/683/683 682/682/682
f 684/684/684 683/683/683 678/678/678
f 685/685/685 678/678/678 681/681/681
f 685/685/685 684/684/684 678/678/678
f 685/685/685 681/681/681 686/686/686
f 687/687/687 684/684/684 685/685/685
f 685/685/685 686/686/686 688/688/688
f 689/689/689 687/687/687 685/685/685
f 689/689/689 685/685/685 688/688/688
f 690/690/690 687/687/687 689/689/689
f 691/691/691 689/689/689 688/688/688
f 691/691/691 690/690/690 689/689/689
f 691/691/691 688/688/688 692/692/692
f 693/693/693 690/690/690 691/691/691
f 694/694/694 691/691/691 692/692/692
f 694/694/694 693/693/693 691/691/691
f 695/695/695 693/693/693 694/694/694
f 694/694/694 692/692/692 696/696/696
f 697/697/697 695/695/695 694/694/694
f 697/697/697 694/694/694 696/696/696
f 697/697/697 696/696/696 698/698/698
f 699/699/699 697/697/697 698/698/698
f 698/698/698 700/700/700 699/699/699
f 703/703/703 702/702/702 701/701/701
f 702/702/702 704/704/704 701/701/701
f 701/701/701 704/704/704 705/705/705
f 705/705/705 706/706/706 701/701/701
f 706/706/706 707/707/707 701/701/701
f 705/705/705 708/708/708 706/706/706
f 705/705/705 709/709/709 708/708/708
f 708/708/708 709/709/709 710/710/710
f 710/710/710 711/711/711 708/708/708
f 710/710/710 712/712/712 711/711/711
f 710/710/710 713/713/713 712/712/712
f 713/713/713 714/714/714 712/712/712
f 713/713/713 715/715/715 714/714/714
f 713/713/713 716/716/716 715/715/715
f 716/716/716 717/717/717 715/715/715
f 716/716/716 718/718/718 717/717/717
f 716/716/716 719/719/719 718/718/718
f 709/709/709 705/705/705 720/720/720
f 720/720/720 705/705/705 721/721/721
f 721/721/721 722/722/722 720/720/720
f 723/723/723 709/709/709 720/720/720
f 723/723/723 720/720/720 724/724/724
f 725/725/725 723/723/723 724/724/724
f 726/726/726 725/725/725 724/724/724
f 726/726/726 724/724/724 727/727/727
f 728/728/728 726/726/726 727/727/727
f 729/729/729 728/728/728 727/727/727
f 730/730/730 729/729/729 727/727/727
f 727/727/727 731/731/731 730/730/730
f 730/730/730 732/732/732 729/729/729
f 735/735/735 734/734/734 733/733/733
f 736/736/736 735/735/735 733/733/733
f 739/739/739 738/738/738 737/737/737
f 738/738/738 740/740/740 737/737/737
f 741/741/741 740/740/740 738/738/738
f 742/742/742 741/741/741 738/738/738
f 743/743/743 741/741/741 742/742/742
f 744/744/744 743/743/743 742/742/742
f 747/747/747 746/746/746 745/745/745
f 746/746/746 748/748/748 745/745/745
f 745/745/745 748/748/748 749/749/749
f 748/748/748 750/750/750 749/749/749
f 753/753/753 752/752/752 751/751/751
f 752/752/752 754/754/754 751/751/751
f 752/752/752 755/755/755 754/754/754
f 755/755/755 756/756/756 754/754/754
f 755/755/755 757/757/757 756/756/756
f 757/757/757 758/758/758 756/756/756
f 757/757/757 759/759/759 758/758/758
f 759/759/759 760/760/760 758/758/758
f 759/759/759 761/761/761 760/760/760
f 761/761/761 762/762/762 760/760/760
f 761/761/761 763/763/763 762/762/762
f 763/763/763 764/764/764 762/762/762
f 763/763/763 765/765/765 764/764/764
f 765/765/765 766/766/766 764/764/764
f 765/765/765 767/767/767 766/766/766
f 767/767/767 768/768/768 766/766/766
f 767/767/767 769/769/769 768/768/768
f 769/769/769 770/770/770 768/768/768
f 769/769/769 771/771/771 770/770/770
f 771/771/771 772/772/772 770/770/770
f 771/771/771 773/773/773 772/772/772
f 773/773/773 774/774/774 772/772/772
f 773/773/773 775/775/775 774/774/774
f 775/775/775 776/776/776 774/774/774
f 776/776/776 775/775/775 777/777/777
f 778/778/778 776/776/776 777/777/777
f 781/781/781 780/780/780 779/779/779
f 782/782/782 781/781/781 779/779/779
f 785/785/785 784/784/784 783/783/783
f 784/784/784 786/786/786 783/783/783
f 784/784/784 787/787/787 786/786/786
f 787/787/787 788/788/788 786/786/786
f 789/789/789 786/786/786 788/788/788
f 783/783/783 786/786/786 789/789/789
f 790/790/790 783/783/783 789/789/789
f 783/783/783 790/790/790 791/791/791
f 794/794/794 793/793/793 792/792/792
f 795/795/795 794/794/794 792/792/792
f 794/794/794 795/795/795 796/796/796
f 795/795/795 797/797/797 796/796/796
f 800/800/800 799/799/799 798/798/798
f 801/801/801 800/800/800 798/798/798
f 804/804/804 803/803/803 802/802/802
f 805/805/805 804/804/804 802/802/802
f 808/808/808 807/807/807 806/806/806
f 807/807/807 809/809/809 806/806/806
f 806/806/806 809/809/809 810/810/810
f 809/809/809 811/811/811 810/810/810
f 814/814/814 813/813/813 812/812/812
f 815/815/815 814/814/814 812/812/812
f 818/818/818 817/817/817 816/816/816
f 817/817/817 819/819/819 816/816/816
f 817/817/817 820/820/820 819/819/819
f 820/820/820 821/821/821 819/819/819
f 819/819/819 821/821/821 822/822/822
f 823/823/823 819/819/819 822/822/822
f 816/816/816 819/819/819 823/823/823
f 824/824/824 816/816/816 823/823/823
f 820/820/820 826/826/826 825/825/825
f 826/826/826 827/827/827 825/825/825
f 826/826/826 828/828/828 827/827/827
f 827/827/827 829/829/829 825/825/825
f 829/829/829 830/830/830 825/825/825
f 828/828/828 831/831/831 827/827/827
f 831/831/831 832/832/832 827/827/827
f 832/832/832 833/833/833 827/827/827
f 828/828/828 835/835/835 834/834/834
f 835/835/835 836/836/836 834/834/834
f 835/835/835 837/837/837 836/836/836
f 836/836/836 838/838/838 834/834/834
f 838/838/838 839/839/839 834/834/834
f 837/837/837 840/840/840 836/836/836
f 837/837/837 841/841/841 840/840/840
f 836/836/836 840/840/840 842/842/842
f 843/843/843 836/836/836 842/842/842
f 842/842/842 840/840/840 844/844/844
f 841/841/841 845/845/845 840/840/840
f 840/840/840 845/845/845 844/844/844
f 844/844/844 845/845/845 846/846/846
f 841/841/841 847/847/847 845/845/845
f 845/845/845 848/848/848 846/846/846
f 847/847/847 848/848/848 845/845/845
f 847/847/847 849/849/849 848/848/848
f 849/849/849 850/850/850 848/848/848
f 849/849/849 851/851/851 850/850/850
f 850/850/850 852/852/852 848/848/848
f 852/852/852 853/853/853 848/848/848
f 851/851/851 854/854/854 850/850/850
f 851/851/851 855/855/855 854/854/854
f 854/854/854 856/856/856 850/850/850
f 856/856/856 857/857/857 850/850/850
f 855/855/855 858/858/858 854/854/854
f 858/858/858 859/859/859 854/854/854
f 859/859/859 860/860/860 854/854/854
f 855/855/855 862/862/862 861/861/861
f 862/862/862 863/863/863 861/861/861
f 861/861/861 863/863/863 864/864/864
f 865/865/865 861/861/861 864/864/864
f 868/868/868 867/867/867 866/866/866
f 867/867/867 869/869/869 866/866/866
f 866/866/866 869/869/869 870/870/870
f 869/869/869 871/871/871 870/870/870
f 872/872/872 870/870/870 871/871/871
f 873/873/873 872/872/872 871/871/871
f 874/874/874 872/872/872 873/873/873
f 875/875/875 874/874/874 873/873/873
f 876/876/876 874/874/874 875/875/875
f 877/877/877 876/876/876 875/875/875
f 880/880/880 879/879/879 878/878/878
f 879/879/879 881/881/881 878/878/878
f 878/878/878 881/881/881 882/882/882
f 881/881/881 883/883/883 882/882/882
f 886/886/886 885/885/885 884/884/884
f 887/887/887 886/886/886 884/884/884
f 890/890/890 889/889/889 888/888/888
f 891/891/891 890/890/890 888/888/888
f 892/892/892 890/890/890 891/891/891
f 893/893/893 892/892/892 891/891/891
f 896/896/896 895/895/895 894/894/894
f 897/897/897 896/896/896 894/894/894
f 900/900/900 899/899/899 898/898/898
f 901/901/901 900/900/900 898/898/898
f 904/904/904 903/903/903 902/902/902
f 905/905/905 904/904/904 902/902/902
f 908/908/908 907/907/907 906/906/906
f 909/909/909 908/908/908 906/906/906
f 912/912/912 911/911/911 910/910/910
f 910/910/910 913/913/913 912/912/912
f 910/910/910 914/914/914 913/913/913
f 914/914/914 915/915/915 913/913/913
f 914/914/914 916/916/916 915/915/915
f 916/916/916 917/917/917 915/915/915
f 920/920/920 919/919/919 918/918/918
f 921/921/921 920/920/920 918/918/918
f 924/924/924 923/923/923 922/922/922
f 925/925/925 924/924/924 922/922/922
f 928/928/928 927/927/927 926/926/926
f 929/929/929 928/928/928 926/926/926
f 932/932/932 931/931/931 930/930/930
f 933/933/933 932/932/932 930/930/930
f 936/936/936 935/935/935 934/934/934
f 937/937/937 936/936/936 934/934/934
f 940/940/940 939/939/939 938/938/938
f 941/941/941 940/940/940 938/938/938
f 944/944/944 943/943/943 942/942/942
f 945/945/945 944/944/944 942/942/942
f 948/948/948 947/947/947 946/946/946
f 949/949/949 948/948/948 946/946/946
f 952/952/952 951/951/951 950/950/950
f 953/953/953 952/952/952 950/950/950
f 956/956/956 955/955/955 954/954/954
f 957/957/957 956/956/956 954/954/954
f 960/960/960 959/959/959 958/958/958
f 961/961/961 960/960/960 958/958/958
f 964/964/964 963/963/963 962/962/962
f 965/965/965 964/964/964 962/962/962
f 968/968/968 967/967/967 966/966/966
f 966/966/966 969/969/969 968/968/968
f 969/969/969 970/970/970 968/968/968
f 969/969/969 971/971/971 970/970/970
f 971/971/971 972/972/972 970/970/970
f 971/971/971 973/973/973 972/972/972
f 976/976/976 975/975/975 974/974/974
f 977/977/977 976/976/976 974/974/974
f 980/980/980 979/979/979 978/978/978
f 981/981/981 980/980/980 978/978/978
f 984/984/984 983/983/983 982/982/982
f 985/985/985 984/984/984 982/982/982
f 988/988/988 987/987/987 986/986/986
f 989/989/989 988/988/988 986/986/986
f 992/992/992 991/991/991 990/990/990
f 993/993/993 992/992/992 990/990/990
f 996/996/996 995/995/995 994/994/994
f 997/997/997 996/996/996 994/994/994
f 1000/1000/1000 999/999/999 998/998/998
f 1001/1001/1001 1000/1000/1000 998/998/998
f 1004/1004/1004 1003/1003/1003 1002/1002/1002
f 1005/1005/1005 1004/1004/1004 1002/1002/1002
f 1008/1008/1008 1007/1007/1007 1006/1006/1006
f 1009/1009/1009 1008/1008/1008 1006/1006/1006
f 1012/1012/1012 1011/1011/1011 1010/1010/1010
f 1013/1013/1013 1012/1012/1012 1010/1010/1010
f 1016/1016/1016 1015/1015/1015 1014/1014/1014
f 1017/1017/1017 1016/1016/1016 1014/1014/1014
f 1020/1020/1020 1019/1019/1019 1018/1018/1018
f 1021/1021/1021 1020/1020/1020 1018/1018/1018
f 1024/1024/1024 1023/1023/1023 1022/1022/1022
f 1022/1022/1022 1025/1025/1025 1024/1024/1024
f 1025/1025/1025 1026/1026/1026 1024/1024/1024
f 1025/1025/1025 1027/1027/1027 1026/1026/1026
f 1027/1027/1027 1028/1028/1028 1026/1026/1026
f 1027/1027/1027 1029/1029/1029 1028/1028/1028
f 1032/1032/1032 1031/1031/1031 1030/1030/1030
f 1033/1033/1033 1032/1032/1032 1030/1030/1030
f 1036/1036/1036 1035/1035/1035 1034/1034/1034
f 1037/1037/1037 1036/1036/1036 1034/1034/1034
f 1040/1040/1040 1039/1039/1039 1038/1038/1038
f 1041/1041/1041 1040/1040/1040 1038/1038/1038
f 1044/1044/1044 1043/1043/1043 1042/1042/1042
f 1045/1045/1045 1044/1044/1044 1042/1042/1042
f 1048/1048/1048 1047/1047/1047 1046/1046/1046
f 1049/1049/1049 1048/1048/1048 1046/1046/1046
f 1052/1052/1052 1051/1051/1051 1050/1050/1050
f 1053/1053/1053 1052/1052/1052 1050/1050/1050
f 1056/1056/1056 1055/1055/1055 1054/1054/1054
f 1057/1057/1057 1056/1056/1056 1054/1054/1054
f 1060/1060/1060 1059/1059/1059 1058/1058/1058
f 1061/1061/1061 1060/1060/1060 1058/1058/1058
f 1064/1064/1064 1063/1063/1063 1062/1062/1062
f 1065/1065/1065 1064/1064/1064 1062/1062/1062
f 1068/1068/1068 1067/1067/1067 1066/1066/1066
f 1069/1069/1069 1068/1068/1068 1066/1066/1066
f 1072/1072/1072 1071/1071/1071 1070/1070/1070
f 1073/1073/1073 1072/1072/1072 1070/1070/1070
f 1076/1076/1076 1075/1075/1075 1074/1074/1074
f 1074/1074/1074 1077/1077/1077 1076/1076/1076
f 1077/1077/1077 1078/1078/1078 1076/1076/1076
f 1077/1077/1077 1079/1079/1079 1078/1078/1078
f 1079/1079/1079 1080/1080/1080 1078/1078/1078
f 1079/1079/1079 1081/1081/1081 1080/1080/1080
f 1084/1084/1084 1083/1083/1083 1082/1082/1082
f 1085/1085/1085 1084/1084/1084 1082/1082/1082
f 1088/1088/1088 1087/1087/1087 1086/1086/1086
f 1089/1089/1089 1088/1088/1088 1086/1086/1086
f 1092/1092/1092 1091/1091/1091 1090/1090/1090
f 1093/1093/1093 1092/1092/1092 1090/1090/1090
f 1096/1096/1096 1095/1095/1095 1094/1094/1094
f 1097/1097/1097 1096/1096/1096 1094/1094/1094
f 1100/1100/1100 1099/1099/1099 1098/1098/1098
f 1101/1101/1101 1100/1100/1100 1098/1098/1098
f 1104/1104/1104 1103/1103/1103 1102/1102/1102
f 1105/1105/1105 1104/1104/1104 1102/1102/1102
f 1108/1108/1108 1107/1107/1107 1106/1106/1106
f 1109/1109/1109 1108/1108/1108 1106/1106/1106
f 1112/1112/1112 1111/1111/1111 1110/1110/1110
f 1113/1113/1113 1112/1112/1112 1110/1110/1110
f 1116/1116/1116 1115/1115/1115 1114/1114/1114
f 1117/1117/1117 1116/1116/1116 1114/1114/1114
f 1120/1120/1120 1119/1119/1119 1118/1118/1118
f 1121/1121/1121 1120/1120/1120 1118/1118/1118
f 1124/1124/1124 1123/1123/1123 1122/1122/1122
f 1125/1125/1125 1124/1124/1124 1122/1122/1122
f 1128/1128/1128 1127/1127/1127 1126/1126/1126
f 1129/1129/1129 1128/1128/1128 1126/1126/1126
f 1132/1132/1132 1131/1131/1131 1130/1130/1130
f 1130/1130/1130 1133/1133/1133 1132/1132/1132
f 1133/1133/1133 1134/1134/1134 1132/1132/1132
f 1133/1133/1133 1135/1135/1135 1134/1134/1134
f 1135/1135/1135 1136/1136/1136 1134/1134/1134
f 1135/1135/1135 1137/1137/1137 1136/1136/1136
f 1140/1140/1140 1139/1139/1139 1138/1138/1138
f 1141/1141/1141 1140/1140/1140 1138/1138/1138
f 1144/1144/1144 1143/1143/1143 1142/1142/1142
f 1145/1145/1145 1144/1144/1144 1142/1142/1142
f 1148/1148/1148 1147/1147/1147 1146/1146/1146
f 1149/1149/1149 1148/1148/1148 1146/1146/1146
f 1152/1152/1152 1151/1151/1151 1150/1150/1150
f 1153/1153/1153 1152/1152/1152 1150/1150/1150
f 1156/1156/1156 1155/1155/1155 1154/1154/1154
f 1157/1157/1157 1156/1156/1156 1154/1154/1154
f 1160/1160/1160 1159/1159/1159 1158/1158/1158
f 1161/1161/1161 1160/1160/1160 1158/1158/1158
f 1164/1164/1164 1163/1163/1163 1162/1162/1162
f 1165/1165/1165 1164/1164/1164 1162/1162/1162
f 1168/1168/1168 1167/1167/1167 1166/1166/1166
f 1169/1169/1169 1168/1168/1168 1166/1166/1166
f 1172/1172/1172 1171/1171/1171 1170/1170/1170
f 1173/1173/1173 1172/1172/1172 1170/1170/1170
f 1176/1176/1176 1175/1175/1175 1174/1174/1174
f 1177/1177/1177 1176/1176/1176 1174/1174/1174
