g HollyWood_Sign
v -0.8153186 0.04302854 0.4344988
v -0.7644636 0.06309028 0.4568644
v -0.7130169 0.04379935 0.4351845
v -3.430833 -0.01392656 0.3752832
v -3.481688 -0.03398829 0.3529186
v -3.533134 -0.0146976 0.3745975
v -3.533726 0.02465529 0.418642
v -3.482871 0.04471679 0.4410076
v -3.431425 0.02542586 0.4193277
v -0.7659874 1.453702 -0.8794098
v -0.8174341 1.472993 -0.8577309
v -0.814727 0.003675888 0.3904543
v -0.7632803 -0.01561504 0.3687744
v -0.8174341 1.472993 -0.8577309
v -0.8180258 1.512346 -0.8136864
v -0.8153186 0.04302854 0.4344988
v -0.814727 0.003675888 0.3904543
v -0.8180258 1.512346 -0.8136864
v -0.7671707 1.532408 -0.7913209
v -0.7644636 0.06309028 0.4568644
v -0.8153186 0.04302854 0.4344988
v -0.7671707 1.532408 -0.7913209
v -0.7157239 1.513117 -0.8130007
v -0.7130169 0.04379935 0.4351845
v -0.7644636 0.06309028 0.4568644
v -0.7124252 0.004446696 0.39114
v -0.7632803 -0.01561504 0.3687744
v -0.814727 0.003675888 0.3904543
v -0.8153186 0.04302854 0.4344988
v -0.7130169 0.04379935 0.4351845
v -0.7157239 1.513117 -0.8130007
v -0.7151323 1.473764 -0.8570452
v -0.7124252 0.004446696 0.39114
v -0.7130169 0.04379935 0.4351845
v -0.7151323 1.473764 -0.8570452
v -0.7659874 1.453702 -0.8794098
v -0.7632803 -0.01561504 0.3687744
v -0.7124252 0.004446696 0.39114
v -0.8174341 1.472993 -0.8577309
v -0.7659874 1.453702 -0.8794098
v -0.7151323 1.473764 -0.8570452
v -0.8180258 1.512346 -0.8136864
v -0.7157239 1.513117 -0.8130007
v -0.7671707 1.532408 -0.7913209
v -3.524211 1.201293 -0.2620993
v -3.525287 1.667546 -0.6786976
v -3.293327 1.669712 -0.677517
v -3.292606 1.309085 -0.3552971
v -3.292306 1.114915 -0.1818085
v -3.523859 0.793128 0.1025886
v -3.292329 0.7952308 0.1038198
v -3.051839 1.11986 -0.1829958
v -3.052137 1.312174 -0.354827
v -2.823543 1.219453 -0.2689124
v -3.05106 0.7974221 0.1051035
v -2.822376 0.7994992 0.1063194
v -2.824081 1.674095 -0.675129
v -3.052341 1.671963 -0.6762906
v -1.695871 1.683019 -0.6679469
v -1.947283 0.8083145 0.110198
v -1.948632 1.679988 -0.6686345
v -1.694755 0.9622325 -0.02393059
v -1.237625 0.8144357 0.1142616
v -1.237879 0.9789605 -0.03273968
v -0.9415814 1.694364 -0.6679516
v -1.192991 0.8179049 0.111762
v -1.194342 1.691334 -0.6686392
v -0.9404892 0.9884481 -0.03722195
v -0.4833325 0.824026 0.1158256
v -0.4836129 1.005176 -0.04603009
v -0.3963894 1.702942 -0.6682921
v -0.4090792 1.097531 -0.1275454
v -0.6625107 1.70035 -0.669551
v -0.2582485 1.35662 -0.3570071
v -0.1045038 1.114319 -0.1384545
v -0.4086522 0.8215842 0.1190109
v -0.1040577 0.825983 0.1191721
v -0.005762041 1.364561 -0.3607112
v 0.1446644 1.712349 -0.6694289
v -0.1145074 1.707969 -0.6689969
v 0.4851241 1.704696 -0.6580172
v 0.312075 1.299446 -0.2982636
v 0.2326275 1.703333 -0.6601916
v 0.5430847 1.372445 -0.3603831
v 0.3484873 1.078697 -0.1005421
v 0.6756774 1.158158 -0.1671429
v 0.3916271 0.8275174 0.1244592
v 0.5492663 0.8310346 0.123435
v 0.8610353 1.379068 -0.3620291
v 0.7429597 1.708795 -0.6582175
v 0.6147065 1.708908 -0.66004
v 1.053442 1.361797 -0.3440133
v 1.139732 1.716369 -0.6596537
v 0.9339975 1.712662 -0.6591054
v 1.012364 1.144088 -0.1500483
v 0.7990849 0.8362231 0.1221552
v 0.9487128 0.8368248 0.1236276
v 1.377712 1.712463 -0.6529666
v 1.153264 1.560353 -0.5200759
v 1.155087 1.439077 -0.6558114
v 1.379535 1.591187 -0.7887021
v -0.005762041 1.364561 -0.3607112
v 0.1446644 1.712349 -0.6694289
v 0.1464877 1.591073 -0.8051634
v -0.003938735 1.243285 -0.4964467
v -0.1045038 1.114319 -0.1384545
v -0.1026805 0.9930438 -0.274189
v -2.743874 1.543282 -0.5571747
v -2.742919 0.926227 -0.005840342
v -2.741096 0.8049514 -0.1415758
v -2.742051 1.422006 -0.6929093
v -0.4086522 0.8215842 0.1190109
v -0.1040577 0.825983 0.1191721
v -0.1022344 0.7047073 -0.01656345
v -0.4068288 0.7003085 -0.01672462
v -2.514599 1.011301 -0.07878499
v -2.515288 1.456779 -0.4768162
v -2.513465 1.335504 -0.6125517
v -2.512775 0.8900256 -0.2145205
v -0.1040577 0.825983 0.1191721
v -0.1045038 1.114319 -0.1384545
v -0.1026805 0.9930438 -0.274189
v -0.1022344 0.7047073 -0.01656345
v 2.232441 1.082351 -0.07849889
v 2.228507 1.530775 -0.4792052
v 2.23033 1.4095 -0.6149407
v 2.234264 0.9610748 -0.2142334
v -0.4090792 1.097531 -0.1275454
v -0.4086522 0.8215842 0.1190109
v -0.4068288 0.7003085 -0.01672462
v -0.4072558 0.9762558 -0.2632809
v -2.535673 1.679577 -0.6761532
v -2.743874 1.543282 -0.5571747
v -2.742051 1.422006 -0.6929093
v -2.53385 1.558301 -0.8118878
v 1.971749 1.596086 -0.5410081
v 1.969509 0.9826254 0.007071452
v 1.971332 0.86135 -0.1286641
v 1.973572 1.47481 -0.6767436
v 0.4851241 1.704696 -0.6580172
v 0.2326275 1.703333 -0.6601916
v 0.2344508 1.582057 -0.7959271
v 0.4869474 1.58342 -0.7937527
v -2.515288 1.456779 -0.4768162
v -2.452558 1.496035 -0.5110465
v -2.450735 1.374759 -0.646782
v -2.513465 1.335504 -0.6125517
v 2.305972 1.047678 -0.04653172
v 2.232441 1.082351 -0.07849889
v 2.234264 0.9610748 -0.2142334
v 2.307795 0.926402 -0.1822672
v 0.5430847 1.372445 -0.3603831
v 0.4851241 1.704696 -0.6580172
v 0.4869474 1.58342 -0.7937527
v 0.544908 1.25117 -0.4961186
v -2.257795 1.682498 -0.6750298
v -2.535673 1.679577 -0.6761532
v -2.53385 1.558301 -0.8118878
v -2.255972 1.561222 -0.8107653
v 1.969509 0.9826254 0.007071452
v 2.207432 0.8471126 0.1313438
v 2.209256 0.7258372 -0.004391702
v 1.971332 0.86135 -0.1286641
v 0.2326275 1.703333 -0.6601916
v 0.3138983 1.17817 -0.4339982
v 0.2344508 1.582057 -0.7959271
v 0.312075 1.299446 -0.2982636
v 0.3503106 0.9574217 -0.2362767
v 0.3484873 1.078697 -0.1005421
v 0.3934504 0.706242 -0.01127628
v 0.3916271 0.8275174 0.1244592
v -2.452558 1.496035 -0.5110465
v -2.345685 1.498518 -0.5118304
v -2.343861 1.377243 -0.6475659
v -2.450735 1.374759 -0.646782
v 1.139732 1.716369 -0.6596537
v 0.9339975 1.712662 -0.6591054
v 0.9358208 1.591386 -0.7948399
v 1.141555 1.595093 -0.7953892
v 2.402827 1.049414 -0.04678158
v 2.305972 1.047678 -0.04653172
v 2.307795 0.926402 -0.1822672
v 2.40465 0.9281382 -0.1825171
v -2.04652 1.559006 -0.5618554
v -2.257795 1.682498 -0.6750298
v -2.255972 1.561222 -0.8107653
v -2.044697 1.43773 -0.6975909
v 2.207432 0.8471126 0.1313438
v 2.50009 0.8530449 0.1299743
v 2.501913 0.7317693 -0.005760225
v 2.209256 0.7258372 -0.004391702
v 1.053442 1.361797 -0.3440133
v 1.139732 1.716369 -0.6596537
v 1.141555 1.595093 -0.7953892
v 1.055265 1.240522 -0.4797488
v 1.012364 1.144088 -0.1500483
v 1.014187 1.022813 -0.2857838
v 0.9487128 0.8368248 0.1236276
v 0.9505361 0.7155489 -0.01210788
v -2.345685 1.498518 -0.5118304
v -2.276157 1.461734 -0.4780312
v -2.274333 1.340459 -0.6137658
v -2.343861 1.377243 -0.6475659
v 0.9339975 1.712662 -0.6591054
v 0.8610353 1.379068 -0.3620291
v 0.8628587 1.257793 -0.4977646
v 0.9358208 1.591386 -0.7948399
v 2.485131 1.101364 -0.09209256
v 2.402827 1.049414 -0.04678158
v 2.40465 0.9281382 -0.1825171
v 2.486955 0.9800891 -0.2278281
v 0.7429597 1.708795 -0.6582175
v 0.6147065 1.708908 -0.66004
v 0.6165298 1.587632 -0.7957755
v 0.744783 1.58752 -0.793952
v -2.045519 0.9120654 0.01618
v -2.04652 1.559006 -0.5618554
v -2.044697 1.43773 -0.6975909
v -2.043696 0.79079 -0.1195555
v 2.50009 0.8530449 0.1299743
v 2.735009 1.018064 -0.01430993
v 2.736833 0.8967885 -0.1500445
v 2.501913 0.7317693 -0.005760225
v 0.3916271 0.8275174 0.1244592
v 0.5492663 0.8310346 0.123435
v 0.5510896 0.7097592 -0.01230052
v 0.3934504 0.706242 -0.01127628
v -2.276157 1.461734 -0.4780312
v -2.275469 1.016938 -0.08060937
v -2.273645 0.8956622 -0.2163449
v -2.274333 1.340459 -0.6137658
v 2.484445 1.544895 -0.4883834
v 2.485131 1.101364 -0.09209256
v 2.486955 0.9800891 -0.2278281
v 2.486268 1.42362 -0.6241189
v 0.6756774 1.158158 -0.1671429
v 0.7990849 0.8362231 0.1221552
v 0.8009082 0.7149476 -0.01358035
v 0.6775007 1.036883 -0.3028775
v -2.265792 0.8066801 0.1073799
v -2.045519 0.9120654 0.01618
v -2.043696 0.79079 -0.1195555
v -2.263968 0.6854047 -0.02835563
v 2.735009 1.018064 -0.01430993
v 2.734039 1.644973 -0.5744477
v 2.735863 1.523697 -0.7101822
v 2.736833 0.8967885 -0.1500445
v -2.275469 1.016938 -0.08060937
v -2.352882 0.9701819 -0.03987412
v -2.351059 0.8489065 -0.1756096
v -2.273645 0.8956622 -0.2163449
v 2.406535 1.582856 -0.523347
v 2.484445 1.544895 -0.4883834
v 2.486268 1.42362 -0.6241189
v 2.408359 1.46158 -0.6590815
v -2.538328 0.8052263 0.1050176
v -2.265792 0.8066801 0.1073799
v -2.263968 0.6854047 -0.02835563
v -2.536504 0.6839508 -0.03071788
v 2.734039 1.644973 -0.5744477
v 2.496061 1.730186 -0.6537791
v 2.497884 1.60891 -0.7895146
v 2.735863 1.523697 -0.7101822
v 0.5492663 0.8310346 0.123435
v 0.6756774 1.158158 -0.1671429
v 0.6775007 1.036883 -0.3028775
v 0.5510896 0.7097592 -0.01230052
v -2.352882 0.9701819 -0.03987412
v -2.442393 0.9700045 -0.04091839
v -2.440569 0.8487291 -0.1766529
v -2.351059 0.8489065 -0.1756096
v 0.8610353 1.379068 -0.3620291
v 0.7429597 1.708795 -0.6582175
v 0.744783 1.58752 -0.793952
v 0.8628587 1.257793 -0.4977646
v -2.742919 0.926227 -0.005840342
v -2.538328 0.8052263 0.1050176
v -2.536504 0.6839508 -0.03071788
v -2.741096 0.8049514 -0.1415758
v 2.301729 1.579772 -0.5219994
v 2.406535 1.582856 -0.523347
v 2.408359 1.46158 -0.6590815
v 2.303552 1.458497 -0.6577349
v -2.442393 0.9700045 -0.04091839
v -2.514599 1.011301 -0.07878499
v -2.512775 0.8900256 -0.2145205
v -2.440569 0.8487291 -0.1766529
v 2.496061 1.730186 -0.6537791
v 2.201041 1.725267 -0.6533471
v 2.202865 1.603991 -0.7890826
v 2.497884 1.60891 -0.7895146
v -1.695871 1.683019 -0.6679469
v -1.948632 1.679988 -0.6686345
v -1.946809 1.558712 -0.80437
v -1.694048 1.561743 -0.8036824
v 2.228507 1.530775 -0.4792052
v 2.301729 1.579772 -0.5219994
v 2.303552 1.458497 -0.6577349
v 2.23033 1.4095 -0.6149407
v 2.201041 1.725267 -0.6533471
v 1.971749 1.596086 -0.5410081
v 1.973572 1.47481 -0.6767436
v 2.202865 1.603991 -0.7890826
v -1.694755 0.9622325 -0.02393059
v -1.695871 1.683019 -0.6679469
v -1.694048 1.561743 -0.8036824
v -1.692932 0.8409571 -0.1596661
v -1.948632 1.679988 -0.6686345
v -1.947283 0.8083145 0.110198
v -1.94546 0.6870388 -0.02553657
v -1.946809 1.558712 -0.80437
v 0.6147065 1.708908 -0.66004
v 0.5430847 1.372445 -0.3603831
v 0.544908 1.25117 -0.4961186
v 0.6165298 1.587632 -0.7957755
v 2.792765 1.727758 -0.647625
v 2.790797 0.8473968 0.1389265
v 2.792621 0.7261211 0.003190963
v 2.794589 1.606483 -0.7833596
v 0.7990849 0.8362231 0.1221552
v 0.9487128 0.8368248 0.1236276
v 0.9505361 0.7155489 -0.01210788
v 0.8009082 0.7149476 -0.01358035
v 2.96246 1.01046 -0.004459425
v 2.957929 1.549009 -0.4856988
v 2.959752 1.427733 -0.6214343
v 2.964283 0.8891839 -0.1401949
v -3.525287 1.667546 -0.6786976
v -3.522388 1.080017 -0.3978348
v -3.523464 1.54627 -0.8144322
v -3.524211 1.201293 -0.2620993
v -3.522035 0.6718523 -0.03314689
v -3.523859 0.793128 0.1025886
v -1.237625 0.8144357 0.1142616
v -1.237879 0.9789605 -0.03273968
v -1.236056 0.857685 -0.1684752
v -1.235801 0.69316 -0.02147296
v 3.32143 1.723863 -0.6370431
v 2.792765 1.727758 -0.647625
v 2.794589 1.606483 -0.7833596
v 3.323254 1.602588 -0.7727786
v -3.292606 1.309085 -0.3552971
v -3.293327 1.669712 -0.677517
v -3.291504 1.548437 -0.8132525
v -3.290783 1.18781 -0.4910327
v 1.393112 1.04791 -0.05900101
v 1.389179 1.496334 -0.4597083
v 1.391002 1.375058 -0.5954438
v 1.394935 0.9266338 -0.1947365
v -1.237879 0.9789605 -0.03273968
v -1.694755 0.9622325 -0.02393059
v -1.692932 0.8409571 -0.1596661
v -1.236056 0.857685 -0.1684752
v 2.957929 1.549009 -0.4856988
v 3.162694 1.554218 -0.4876023
v 3.164518 1.432942 -0.6233378
v 2.959752 1.427733 -0.6214343
v -3.293327 1.669712 -0.677517
v -3.525287 1.667546 -0.6786976
v -3.523464 1.54627 -0.8144322
v -3.291504 1.548437 -0.8132525
v 1.153264 1.560353 -0.5200759
v 1.146214 0.9468555 0.02797123
v 1.148038 0.8255801 -0.1077643
v 1.155087 1.439077 -0.6558114
v -1.947283 0.8083145 0.110198
v -1.237625 0.8144357 0.1142616
v -1.235801 0.69316 -0.02147296
v -1.94546 0.6870388 -0.02553657
v -0.9415814 1.694364 -0.6679516
v -1.194342 1.691334 -0.6686392
v -1.192519 1.570058 -0.8043748
v -0.9397581 1.573089 -0.8036872
v 3.463859 1.546542 -0.476698
v 3.32143 1.723863 -0.6370431
v 3.323254 1.602588 -0.7727786
v 3.465682 1.425267 -0.6124335
v 1.466644 1.013237 -0.0270348
v 1.393112 1.04791 -0.05900101
v 1.394935 0.9266338 -0.1947365
v 1.468468 0.891961 -0.1627694
v 3.162694 1.554218 -0.4876023
v 3.245933 1.469693 -0.4109631
v 3.247756 1.348417 -0.5466986
v 3.164518 1.432942 -0.6233378
v 1.146214 0.9468555 0.02797123
v 1.371275 0.8352584 0.1307029
v 1.373099 0.713983 -0.005032571
v 1.148038 0.8255801 -0.1077643
v -0.9404892 0.9884481 -0.03722195
v -0.9415814 1.694364 -0.6679516
v -0.9397581 1.573089 -0.8036872
v -0.9386657 0.8671727 -0.1729565
v -3.523859 0.793128 0.1025886
v -3.292329 0.7952308 0.1038198
v -3.290506 0.6739551 -0.03191569
v -3.522035 0.6718523 -0.03314689
v -1.194342 1.691334 -0.6686392
v -1.192991 0.8179049 0.111762
v -1.191167 0.6966295 -0.02397349
v -1.192519 1.570058 -0.8043748
v 3.447732 1.049506 -0.03282742
v 3.463859 1.546542 -0.476698
v 3.465682 1.425267 -0.6124335
v 3.449556 0.9282302 -0.1685629
v -3.292329 0.7952308 0.1038198
v -3.292306 1.114915 -0.1818085
v -3.290483 0.9936399 -0.317544
v -3.290506 0.6739551 -0.03191569
v 1.563499 1.014973 -0.02728467
v 1.466644 1.013237 -0.0270348
v 1.468468 0.891961 -0.1627694
v 1.565323 0.8936972 -0.1630202
v 3.245933 1.469693 -0.4109631
v 3.246459 1.129842 -0.1073094
v 3.248282 1.008566 -0.2430449
v 3.247756 1.348417 -0.5466986
v 1.371275 0.8352584 0.1307029
v 1.660728 0.840445 0.1299572
v 1.662551 0.7191693 -0.005778344
v 1.373099 0.713983 -0.005032571
v 3.327382 0.8616671 0.1333837
v 3.447732 1.049506 -0.03282742
v 3.449556 0.9282302 -0.1685629
v 3.329205 0.7403914 -0.00235084
v -3.052137 1.312174 -0.354827
v -3.292606 1.309085 -0.3552971
v -3.290783 1.18781 -0.4910327
v -3.050313 1.190898 -0.4905625
v 1.645804 1.066923 -0.07259564
v 1.563499 1.014973 -0.02728467
v 1.565323 0.8936972 -0.1630202
v 1.647627 0.9456481 -0.2083302
v -0.4833325 0.824026 0.1158256
v -0.4836129 1.005176 -0.04603009
v -0.4817895 0.8839006 -0.1817656
v -0.4815092 0.7027506 -0.01990989
v 3.246459 1.129842 -0.1073094
v 3.174462 1.015527 -0.006139799
v 3.176285 0.8942518 -0.1418753
v 3.248282 1.008566 -0.2430449
v -3.292306 1.114915 -0.1818085
v -3.051839 1.11986 -0.1829958
v -3.050015 0.9985842 -0.3187313
v -3.290483 0.9936399 -0.317544
v 1.660728 0.840445 0.1299572
v 1.902079 0.9938168 -0.003833814
v 1.903902 0.8725409 -0.1395693
v 1.662551 0.7191693 -0.005778344
v -0.4836129 1.005176 -0.04603009
v -0.9404892 0.9884481 -0.03722195
v -0.9386657 0.8671727 -0.1729565
v -0.4817895 0.8839006 -0.1817656
v -1.192991 0.8179049 0.111762
v -0.4833325 0.824026 0.1158256
v -0.4815092 0.7027506 -0.01990989
v -1.191167 0.6966295 -0.02397349
v 2.790797 0.8473968 0.1389265
v 3.327382 0.8616671 0.1333837
v 3.329205 0.7403914 -0.00235084
v 2.792621 0.7261211 0.003190963
v 1.645111 1.514802 -0.4727708
v 1.645804 1.066923 -0.07259564
v 1.647627 0.9456481 -0.2083302
v 1.646934 1.393526 -0.6085063
v -0.3963894 1.702942 -0.6682921
v -0.6625107 1.70035 -0.669551
v -0.6606873 1.579074 -0.8052865
v -0.3945661 1.581666 -0.8040276
v 1.902079 0.9938168 -0.003833814
v 1.901113 1.617827 -0.5613814
v 1.902936 1.496551 -0.6971169
v 1.903902 0.8725409 -0.1395693
v 3.174462 1.015527 -0.006139799
v 2.96246 1.01046 -0.004459425
v 2.964283 0.8891839 -0.1401949
v 3.176285 0.8942518 -0.1418753
v -2.824081 1.674095 -0.675129
v -3.052341 1.671963 -0.6762906
v -3.050517 1.550687 -0.8120261
v -2.822258 1.552819 -0.8108645
v -0.2582485 1.35662 -0.3570071
v -0.3963894 1.702942 -0.6682921
v -0.3945661 1.581666 -0.8040276
v -0.2564252 1.235344 -0.4927426
v -3.052341 1.671963 -0.6762906
v -3.052137 1.312174 -0.354827
v -3.050313 1.190898 -0.4905625
v -3.050517 1.550687 -0.8120261
v 1.567118 1.554474 -0.5092641
v 1.645111 1.514802 -0.4727708
v 1.646934 1.393526 -0.6085063
v 1.568941 1.433198 -0.6449996
v -0.6625107 1.70035 -0.669551
v -0.4090792 1.097531 -0.1275454
v -0.4072558 0.9762558 -0.2632809
v -0.6606873 1.579074 -0.8052865
v -2.823543 1.219453 -0.2689124
v -2.824081 1.674095 -0.675129
v -2.822258 1.552819 -0.8108645
v -2.821719 1.098177 -0.4046479
v -2.822376 0.7994992 0.1063194
v -2.820553 0.6782236 -0.02941611
v 1.901113 1.617827 -0.5613814
v 1.672731 1.717382 -0.6533995
v 1.674554 1.596106 -0.7891341
v 1.902936 1.496551 -0.6971169
v -3.05106 0.7974221 0.1051035
v -2.822376 0.7994992 0.1063194
v -2.820553 0.6782236 -0.02941611
v -3.049236 0.6761467 -0.03063205
v 1.462484 1.54362 -0.5009728
v 1.567118 1.554474 -0.5092641
v 1.568941 1.433198 -0.6449996
v 1.464307 1.422345 -0.6367083
v -3.051839 1.11986 -0.1829958
v -3.05106 0.7974221 0.1051035
v -3.049236 0.6761467 -0.03063205
v -3.050015 0.9985842 -0.3187313
v 1.672731 1.717382 -0.6533995
v 1.377712 1.712463 -0.6529666
v 1.379535 1.591187 -0.7887021
v 1.674554 1.596106 -0.7891341
v 0.1446644 1.712349 -0.6694289
v -0.1145074 1.707969 -0.6689969
v -0.1126841 1.586694 -0.8047324
v 0.1464877 1.591073 -0.8051634
v 1.389179 1.496334 -0.4597083
v 1.462484 1.54362 -0.5009728
v 1.464307 1.422345 -0.6367083
v 1.391002 1.375058 -0.5954438
v -0.1145074 1.707969 -0.6689969
v -0.2582485 1.35662 -0.3570071
v -0.2564252 1.235344 -0.4927426
v -0.1126841 1.586694 -0.8047324
v -3.54332 1.344675 -0.8150616
v -3.543556 1.326206 -0.758957
v 3.456819 1.378951 -0.7120467
v 3.457055 1.39742 -0.7681513
v -3.543556 1.326206 -0.758957
v -3.544148 1.365559 -0.7149125
v 3.456227 1.418304 -0.6680022
v 3.456819 1.378951 -0.7120467
v -3.544148 1.365559 -0.7149125
v -3.544503 1.42338 -0.7269726
v 3.455872 1.476126 -0.6800624
v 3.456227 1.418304 -0.6680022
v -3.544503 1.42338 -0.7269726
v -3.544266 1.441849 -0.7830773
v 3.456109 1.494594 -0.736167
v 3.455872 1.476126 -0.6800624
v 3.457055 1.39742 -0.7681513
v 3.456819 1.378951 -0.7120467
v 3.456227 1.418304 -0.6680022
v 3.4567 1.455242 -0.7802115
v 3.455872 1.476126 -0.6800624
v 3.456109 1.494594 -0.736167
v -3.544266 1.441849 -0.7830773
v -3.543674 1.402497 -0.8271218
v 3.4567 1.455242 -0.7802115
v 3.456109 1.494594 -0.736167
v -3.543674 1.402497 -0.8271218
v -3.54332 1.344675 -0.8150616
v 3.457055 1.39742 -0.7681513
v 3.4567 1.455242 -0.7802115
v -3.544148 1.365559 -0.7149125
v -3.543556 1.326206 -0.758957
v -3.54332 1.344675 -0.8150616
v -3.543674 1.402497 -0.8271218
v -3.544503 1.42338 -0.7269726
v -3.544266 1.441849 -0.7830773
v -3.542893 1.069268 -0.5689879
v -3.54313 1.050799 -0.5128823
v 3.457245 1.103544 -0.465973
v 3.457481 1.122013 -0.5220776
v -3.54313 1.050799 -0.5128823
v -3.543722 1.090151 -0.4688378
v 3.456653 1.142897 -0.4219285
v 3.457245 1.103544 -0.465973
v -3.543722 1.090151 -0.4688378
v -3.544077 1.147973 -0.480898
v 3.456298 1.200718 -0.4339886
v 3.456653 1.142897 -0.4219285
v -3.544077 1.147973 -0.480898
v -3.54384 1.166442 -0.5370026
v 3.456535 1.219187 -0.4900933
v 3.456298 1.200718 -0.4339886
v 3.457481 1.122013 -0.5220776
v 3.457245 1.103544 -0.465973
v 3.456653 1.142897 -0.4219285
v 3.457127 1.179834 -0.5341378
v 3.456298 1.200718 -0.4339886
v 3.456535 1.219187 -0.4900933
v -3.54384 1.166442 -0.5370026
v -3.543248 1.127089 -0.5810481
v 3.457127 1.179834 -0.5341378
v 3.456535 1.219187 -0.4900933
v -3.543248 1.127089 -0.5810481
v -3.542893 1.069268 -0.5689879
v 3.457481 1.122013 -0.5220776
v 3.457127 1.179834 -0.5341378
v -3.543722 1.090151 -0.4688378
v -3.54313 1.050799 -0.5128823
v -3.542893 1.069268 -0.5689879
v -3.543248 1.127089 -0.5810481
v -3.544077 1.147973 -0.480898
v -3.54384 1.166442 -0.5370026
v -3.542351 0.7190346 -0.2560568
v -3.542588 0.7005658 -0.1999522
v 3.457787 0.7533109 -0.1530428
v 3.458024 0.7717797 -0.2091475
v -3.542588 0.7005658 -0.1999522
v -3.54318 0.7399182 -0.1559077
v 3.457195 0.7926635 -0.1089974
v 3.457787 0.7533109 -0.1530428
v -3.54318 0.7399182 -0.1559077
v -3.543535 0.7977399 -0.1679678
v 3.456841 0.8504848 -0.1210575
v 3.457195 0.7926635 -0.1089974
v -3.543535 0.7977399 -0.1679678
v -3.543298 0.8162088 -0.2240725
v 3.457077 0.8689541 -0.1771632
v 3.456841 0.8504848 -0.1210575
v 3.458024 0.7717797 -0.2091475
v 3.457787 0.7533109 -0.1530428
v 3.457195 0.7926635 -0.1089974
v 3.457669 0.8296012 -0.2212076
v 3.456841 0.8504848 -0.1210575
v 3.457077 0.8689541 -0.1771632
v -3.543298 0.8162088 -0.2240725
v -3.542706 0.7768561 -0.268117
v 3.457669 0.8296012 -0.2212076
v 3.457077 0.8689541 -0.1771632
v -3.542706 0.7768561 -0.268117
v -3.542351 0.7190346 -0.2560568
v 3.458024 0.7717797 -0.2091475
v 3.457669 0.8296012 -0.2212076
v -3.54318 0.7399182 -0.1559077
v -3.542588 0.7005658 -0.1999522
v -3.542351 0.7190346 -0.2560568
v -3.542706 0.7768561 -0.268117
v -3.543535 0.7977399 -0.1679678
v -3.543298 0.8162088 -0.2240725
v -3.484395 1.435329 -0.8952666
v -3.535841 1.45462 -0.8735867
v -3.533134 -0.0146976 0.3745975
v -3.481688 -0.03398829 0.3529186
v -3.535841 1.45462 -0.8735867
v -3.536433 1.493972 -0.8295422
v -3.533726 0.02465529 0.418642
v -3.533134 -0.0146976 0.3745975
v -3.536433 1.493972 -0.8295422
v -3.485579 1.514034 -0.8071776
v -3.482871 0.04471679 0.4410076
v -3.533726 0.02465529 0.418642
v -3.485579 1.514034 -0.8071776
v -3.434132 1.494743 -0.8288565
v -3.431425 0.02542586 0.4193277
v -3.482871 0.04471679 0.4410076
v -3.533134 -0.0146976 0.3745975
v -3.533726 0.02465529 0.418642
v -3.430833 -0.01392656 0.3752832
v -3.431425 0.02542586 0.4193277
v -3.434132 1.494743 -0.8288565
v -3.43354 1.455391 -0.872902
v -3.430833 -0.01392656 0.3752832
v -3.431425 0.02542586 0.4193277
v -3.43354 1.455391 -0.872902
v -3.484395 1.435329 -0.8952666
v -3.481688 -0.03398829 0.3529186
v -3.430833 -0.01392656 0.3752832
v -3.535841 1.45462 -0.8735867
v -3.484395 1.435329 -0.8952666
v -3.43354 1.455391 -0.872902
v -3.536433 1.493972 -0.8295422
v -3.434132 1.494743 -0.8288565
v -3.485579 1.514034 -0.8071776
v 1.139939 1.468064 -0.8666382
v 1.088492 1.487355 -0.8449584
v 1.091199 0.01803727 0.4032269
v 1.142646 -0.001253655 0.381547
v 1.088492 1.487355 -0.8449584
v 1.087901 1.526707 -0.8009139
v 1.090608 0.05738969 0.4472713
v 1.091199 0.01803727 0.4032269
v 1.087901 1.526707 -0.8009139
v 1.138756 1.546769 -0.7785483
v 1.141463 0.07745142 0.469636
v 1.090608 0.05738969 0.4472713
v 1.138756 1.546769 -0.7785483
v 1.190202 1.527478 -0.8002282
v 1.19291 0.05816073 0.447957
v 1.141463 0.07745142 0.469636
v 1.193501 0.01880784 0.4039116
v 1.142646 -0.001253655 0.381547
v 1.091199 0.01803727 0.4032269
v 1.090608 0.05738969 0.4472713
v 1.090608 0.05738969 0.4472713
v 1.19291 0.05816073 0.447957
v 1.193501 0.01880784 0.4039116
v 1.141463 0.07745142 0.469636
v 1.190202 1.527478 -0.8002282
v 1.190794 1.488125 -0.8442727
v 1.193501 0.01880784 0.4039116
v 1.19291 0.05816073 0.447957
v 1.190794 1.488125 -0.8442727
v 1.139939 1.468064 -0.8666382
v 1.142646 -0.001253655 0.381547
v 1.193501 0.01880784 0.4039116
v 1.088492 1.487355 -0.8449584
v 1.139939 1.468064 -0.8666382
v 1.190794 1.488125 -0.8442727
v 1.087901 1.526707 -0.8009139
v 1.190202 1.527478 -0.8002282
v 1.138756 1.546769 -0.7785483
v 3.355456 1.484757 -0.8517914
v 3.304008 1.504048 -0.8301116
v 3.306716 0.03473039 0.4180727
v 3.358163 0.01543946 0.3963928
v 3.304008 1.504048 -0.8301116
v 3.303417 1.5434 -0.7860671
v 3.306125 0.07408281 0.4621172
v 3.306716 0.03473039 0.4180727
v 3.303417 1.5434 -0.7860671
v 3.354272 1.563462 -0.7637025
v 3.35698 0.09414454 0.4844828
v 3.306125 0.07408281 0.4621172
v 3.354272 1.563462 -0.7637025
v 3.405719 1.544171 -0.7853814
v 3.408426 0.07485361 0.4628029
v 3.35698 0.09414454 0.4844828
v 3.409018 0.03550095 0.4187584
v 3.358163 0.01543946 0.3963928
v 3.306716 0.03473039 0.4180727
v 3.306125 0.07408281 0.4621172
v 3.408426 0.07485361 0.4628029
v 3.35698 0.09414454 0.4844828
v 3.405719 1.544171 -0.7853814
v 3.40631 1.504818 -0.8294268
v 3.409018 0.03550095 0.4187584
v 3.408426 0.07485361 0.4628029
v 3.40631 1.504818 -0.8294268
v 3.355456 1.484757 -0.8517914
v 3.358163 0.01543946 0.3963928
v 3.409018 0.03550095 0.4187584
v 3.304008 1.504048 -0.8301116
v 3.355456 1.484757 -0.8517914
v 3.40631 1.504818 -0.8294268
v 3.303417 1.5434 -0.7860671
v 3.405719 1.544171 -0.7853814
v 3.354272 1.563462 -0.7637025
v -3.832077 -4.278577E-08 0.53827
v -3.868113 -4.639382E-08 0.4557276
v -3.868108 0.428822 0.4553804
v -3.831967 0.428822 0.5381632
v -3.818725 0.428822 -0.639823
v -3.857052 0.428822 -0.5580301
v -3.857048 -9.072174E-08 -0.5583773
v -3.818831 -9.428665E-08 -0.6399326
v 3.818724 0.428822 0.639822
v 3.857052 0.428822 0.5580292
v 3.857047 -4.190689E-08 0.5583763
v 3.81883 -3.8342E-08 0.6399317
v -3.675774 0.2884134 -0.4930229
v -3.593231 0.2884137 -0.5290585
v 3.60361 0.2884137 -0.4334297
v -3.713991 0.2884134 -0.4114666
v 3.685165 0.2884137 -0.3952131
v -3.721202 0.2884137 0.3126698
v 3.721202 0.2884137 -0.3126707
v 3.71399 0.2884135 0.4114656
v -3.685166 0.2884135 0.3952122
v -3.603611 0.2884135 0.4334288
v 3.675774 0.2884135 0.493021
v 3.593231 0.2884135 0.5290575
v 3.831966 0.428822 -0.5381641
v 3.750174 0.428822 -0.5764923
v 3.750521 -9.151337E-08 -0.5764875
v 3.832077 -8.984287E-08 -0.538271
v 3.593231 0.2884135 0.5290575
v 3.675774 0.2884135 0.493021
v 3.675672 0.428822 0.492918
v 3.592903 0.428822 0.5290527
v -3.675774 0.2884134 -0.4930229
v -3.713991 0.2884134 -0.4114666
v -3.713995 0.428822 -0.4111386
v -3.675673 0.428822 -0.492919
v -3.685062 0.428822 0.3951111
v -3.721199 0.428822 0.3123417
v -3.721202 0.2884137 0.3126698
v -3.685166 0.2884135 0.3952122
v 3.675774 0.2884135 0.493021
v 3.71399 0.2884135 0.4114656
v 3.713994 0.428822 0.4111376
v 3.675672 0.428822 0.492918
v 3.736288 -3.676679E-08 0.6759682
v -3.750521 -4.111527E-08 0.5764866
v -3.750174 0.428822 0.5764904
v 3.735941 0.428822 0.6759634
v -3.868113 -4.639382E-08 0.4557276
v -3.857048 -9.072174E-08 -0.5583773
v -3.857052 0.428822 -0.5580301
v -3.868108 0.428822 0.4553804
v -3.736289 -9.586185E-08 -0.6759691
v 3.750521 -9.151337E-08 -0.5764875
v 3.750174 0.428822 -0.5764923
v -3.735941 0.428822 -0.6759644
v -3.735941 0.428822 -0.6759644
v -3.818725 0.428822 -0.639823
v -3.818831 -9.428665E-08 -0.6399326
v -3.736289 -9.586185E-08 -0.6759691
v 3.868112 -8.623483E-08 -0.4557285
v 3.857047 -4.190689E-08 0.5583763
v 3.857052 0.428822 0.5580292
v 3.868107 0.428822 -0.4553814
v 3.868107 0.428822 -0.4553814
v 3.831966 0.428822 -0.5381641
v 3.832077 -8.984287E-08 -0.538271
v 3.868112 -8.623483E-08 -0.4557285
v 3.735941 0.428822 0.6759634
v 3.818724 0.428822 0.639822
v 3.81883 -3.8342E-08 0.6399317
v 3.736288 -3.676679E-08 0.6759682
v -3.603282 0.428822 0.4334335
v -3.685062 0.428822 0.3951111
v -3.685166 0.2884135 0.3952122
v -3.603611 0.2884135 0.4334288
v -3.713995 0.428822 -0.4111386
v -3.713991 0.2884134 -0.4114666
v -3.721202 0.2884137 0.3126698
v -3.721199 0.428822 0.3123417
v 3.603282 0.428822 -0.4334345
v 3.60361 0.2884137 -0.4334297
v -3.593231 0.2884137 -0.5290585
v -3.592903 0.428822 -0.5290546
v -3.593231 0.2884137 -0.5290585
v -3.675774 0.2884134 -0.4930229
v -3.675673 0.428822 -0.492919
v -3.592903 0.428822 -0.5290546
v -3.750521 -4.111527E-08 0.5764866
v -3.832077 -4.278577E-08 0.53827
v -3.831967 0.428822 0.5381632
v -3.750174 0.428822 0.5764904
v 3.685062 0.428822 -0.395113
v 3.721198 0.428822 -0.3123427
v 3.721202 0.2884137 -0.3126707
v 3.685165 0.2884137 -0.3952131
v 3.603282 0.428822 -0.4334345
v 3.685062 0.428822 -0.395113
v 3.685165 0.2884137 -0.3952131
v 3.60361 0.2884137 -0.4334297
v 3.713994 0.428822 0.4111376
v 3.71399 0.2884135 0.4114656
v 3.721202 0.2884137 -0.3126707
v 3.721198 0.428822 -0.3123427
v -3.603282 0.428822 0.4334335
v -3.603611 0.2884135 0.4334288
v 3.593231 0.2884135 0.5290575
v 3.592903 0.428822 0.5290527
v -3.740129 0.4410386 0.5667191
v -3.750174 0.428822 0.5764904
v -3.831967 0.428822 0.5381632
v -3.821955 0.4410386 0.5284138
v -3.821955 0.4410386 0.5284138
v -3.831967 0.428822 0.5381632
v -3.868108 0.428822 0.4553804
v -3.858072 0.4410386 0.4455986
v -3.808974 0.4410385 -0.6298113
v -3.818725 0.428822 -0.639823
v -3.735941 0.428822 -0.6759644
v -3.72616 0.4410385 -0.6659288
v -3.84728 0.4410385 -0.5479851
v -3.857052 0.428822 -0.5580301
v -3.818725 0.428822 -0.639823
v -3.808974 0.4410385 -0.6298113
v 3.821955 0.4410385 -0.5284147
v 3.831966 0.428822 -0.5381641
v 3.868107 0.428822 -0.4553814
v 3.858072 0.4410385 -0.4455996
v 3.740128 0.4410385 -0.56672
v 3.750174 0.428822 -0.5764923
v 3.831966 0.428822 -0.5381641
v 3.821955 0.4410385 -0.5284147
v 3.808975 0.4410386 0.6298103
v 3.818724 0.428822 0.639822
v 3.735941 0.428822 0.6759634
v 3.726159 0.4410383 0.6659279
v 3.84728 0.4410386 0.5479841
v 3.857052 0.428822 0.5580292
v 3.818724 0.428822 0.639822
v 3.808975 0.4410386 0.6298103
v -3.603282 0.428822 0.4334335
v -3.613289 0.4410386 0.4432058
v -3.695063 0.4410386 0.404849
v -3.685062 0.428822 0.3951111
v -3.685062 0.428822 0.3951111
v -3.695063 0.4410386 0.404849
v -3.731233 0.4410385 0.3220854
v -3.721199 0.428822 0.3123417
v -3.675673 0.428822 -0.492919
v -3.68541 0.4410385 -0.5029192
v -3.602647 0.4410385 -0.5390892
v -3.592903 0.428822 -0.5290546
v -3.713995 0.428822 -0.4111386
v -3.723767 0.4410385 -0.4211455
v -3.68541 0.4410385 -0.5029192
v -3.675673 0.428822 -0.492919
v 3.685062 0.428822 -0.395113
v 3.695062 0.4410385 -0.40485
v 3.731233 0.4410385 -0.3220864
v 3.721198 0.428822 -0.3123427
v 3.603282 0.428822 -0.4334345
v 3.613288 0.4410385 -0.4432068
v 3.695062 0.4410385 -0.40485
v 3.685062 0.428822 -0.395113
v 3.675672 0.428822 0.492918
v 3.68541 0.4410386 0.5029182
v 3.602646 0.4410383 0.5390882
v 3.592903 0.428822 0.5290527
v 3.713994 0.428822 0.4111376
v 3.723767 0.4410386 0.4211445
v 3.68541 0.4410386 0.5029182
v 3.675672 0.428822 0.492918
v -3.858072 0.4410386 0.4455986
v -3.868108 0.428822 0.4553804
v -3.857052 0.428822 -0.5580301
v -3.84728 0.4410385 -0.5479851
v 3.726159 0.4410383 0.6659279
v 3.735941 0.428822 0.6759634
v -3.750174 0.428822 0.5764904
v -3.740129 0.4410386 0.5667191
v -3.723767 0.4410385 -0.4211455
v -3.713995 0.428822 -0.4111386
v -3.721199 0.428822 0.3123417
v -3.731233 0.4410385 0.3220854
v -3.613289 0.4410386 0.4432058
v -3.603282 0.428822 0.4334335
v 3.592903 0.428822 0.5290527
v 3.602646 0.4410383 0.5390882
v -3.72616 0.4410385 -0.6659288
v -3.735941 0.428822 -0.6759644
v 3.750174 0.428822 -0.5764923
v 3.740128 0.4410385 -0.56672
v 3.613288 0.4410385 -0.4432068
v 3.603282 0.428822 -0.4334345
v -3.592903 0.428822 -0.5290546
v -3.602647 0.4410385 -0.5390892
v 3.858072 0.4410385 -0.4455996
v 3.868107 0.428822 -0.4553814
v 3.857052 0.428822 0.5580292
v 3.84728 0.4410386 0.5479841
v 3.723767 0.4410386 0.4211445
v 3.713994 0.428822 0.4111376
v 3.721198 0.428822 -0.3123427
v 3.731233 0.4410385 -0.3220864
v -4.134605 0.05979819 0.3220587
v -4.044027 0.05979819 0.3565683
v -3.972004 0.2525615 0.2671585
v -4.128888 0.2525615 0.2073936
v -3.945642 0.515882 0.2344408
v -4.22816 0.05979819 0.3473816
v -4.142414 -0.01075892 0.4786901
v -4.126794 0.5158817 0.1654253
v -3.972004 0.7792014 0.2671585
v -4.290932 0.2525615 0.251256
v -4.288966 0.05979819 0.4228601
v -4.128888 0.7792014 0.2073936
v -4.044027 0.9719653 0.3565683
v -4.134605 0.9719653 0.3220586
v -4.293793 0.0597982 0.5196686
v -4.2408 0.0597982 0.6008186
v -4.396248 0.2525615 0.3819895
v -4.313907 0.5158817 0.2160711
v -4.40461 0.2525615 0.5496607
v -4.312821 0.2525615 0.6902208
v -4.290932 0.7792014 0.251256
v -4.435517 0.5158817 0.3670292
v -4.445174 0.515882 0.5606375
v -4.339186 0.515882 0.7229471
v -4.228161 0.9719653 0.3473816
v -4.142414 1.042522 0.4786901
v -4.396248 0.7792014 0.3819894
v -4.40461 0.7792014 0.5496606
v -4.312821 0.7792015 0.6902208
v -4.288967 0.9719653 0.4228601
v -4.293793 0.9719653 0.5196685
v -4.2408 0.9719653 0.6008186
v -4.134605 0.9719653 0.3220586
v -4.044027 0.9719653 0.3565683
v -4.142414 1.042522 0.4786901
v -3.991034 0.9719653 0.4377222
v -3.972004 0.7792014 0.2671585
v -3.880215 0.7792014 0.4077224
v -3.945642 0.515882 0.2344408
v -3.995862 0.9719653 0.5345191
v -3.839653 0.5158817 0.3967466
v -3.972004 0.2525615 0.2671585
v -3.888576 0.7792014 0.5753946
v -4.056666 0.9719653 0.6100053
v -3.880216 0.2525615 0.4077225
v -4.044027 0.05979819 0.3565683
v -4.150229 0.9719653 0.6353225
v -4.2408 0.9719653 0.6008186
v -3.993893 0.7792015 0.7061271
v -3.849306 0.5158817 0.5903521
v -4.155944 0.7792015 0.7499837
v -4.312821 0.7792015 0.6902208
v -3.970921 0.515882 0.7413082
v -4.158039 0.5158818 0.791955
v -4.339186 0.515882 0.7229471
v -3.888576 0.2525615 0.5753946
v -3.993893 0.2525615 0.7061272
v -4.155944 0.2525615 0.7499838
v -4.312821 0.2525615 0.6902208
v -3.991035 0.05979819 0.4377222
v -3.995862 0.0597982 0.5345192
v -4.142414 -0.01075892 0.4786901
v -4.134605 0.05979819 0.3220587
v -4.056666 0.0597982 0.6100054
v -4.150229 0.0597982 0.6353226
v -4.2408 0.0597982 0.6008186
v -3.687054 0.02397104 0.6508074
v -3.625564 0.02397104 0.6742344
v -3.576671 0.154829 0.6135378
v -3.683172 0.154829 0.5729666
v -3.558775 0.3335845 0.5913277
v -3.750564 0.02397104 0.6679974
v -3.692354 -0.02392653 0.7571363
v -3.681751 0.3335845 0.5444765
v -3.576671 0.5123395 0.6135378
v -3.793176 0.154829 0.6027422
v -3.791842 0.02397105 0.7192364
v -3.683172 0.5123395 0.5729666
v -3.625564 0.643198 0.6742344
v -3.687054 0.643198 0.6508074
v -3.795118 0.02397105 0.7849541
v -3.759144 0.02397105 0.840044
v -3.86467 0.154829 0.6914911
v -3.808773 0.3335845 0.5788574
v -3.870346 0.154829 0.805315
v -3.808035 0.154829 0.9007349
v -3.793176 0.5123395 0.6027422
v -3.891328 0.3335845 0.6813354
v -3.897884 0.3335845 0.812767
v -3.825933 0.3335845 0.9229507
v -3.750564 0.643198 0.6679974
v -3.692355 0.6910956 0.7571363
v -3.86467 0.5123396 0.6914911
v -3.870346 0.5123396 0.805315
v -3.808035 0.5123396 0.9007349
v -3.791842 0.643198 0.7192364
v -3.795118 0.6431978 0.7849541
v -3.759144 0.643198 0.840044
v -3.687054 0.643198 0.6508074
v -3.625564 0.643198 0.6742344
v -3.692355 0.6910956 0.7571363
v -3.58959 0.643198 0.7293253
v -3.576671 0.5123395 0.6135378
v -3.51436 0.5123396 0.7089596
v -3.558775 0.3335845 0.5913277
v -3.592867 0.643198 0.7950363
v -3.486825 0.3335845 0.7015095
v -3.576671 0.154829 0.6135378
v -3.520036 0.5123396 0.8227844
v -3.634144 0.643198 0.8462801
v -3.51436 0.154829 0.7089596
v -3.625564 0.02397104 0.6742344
v -3.697659 0.643198 0.8634672
v -3.759144 0.643198 0.840044
v -3.591531 0.5123396 0.9115324
v -3.493378 0.3335845 0.8329382
v -3.70154 0.5123396 0.9413052
v -3.808035 0.5123396 0.9007349
v -3.575936 0.3335845 0.9354153
v -3.702961 0.3335845 0.9697971
v -3.825933 0.3335845 0.9229507
v -3.520035 0.154829 0.8227844
v -3.591531 0.154829 0.9115324
v -3.70154 0.154829 0.9413052
v -3.808035 0.154829 0.9007349
v -3.58959 0.02397105 0.7293253
v -3.592867 0.02397105 0.7950363
v -3.692354 -0.02392653 0.7571363
v -3.687054 0.02397104 0.6508074
v -3.634144 0.02397105 0.8462801
v -3.697659 0.02397105 0.8634672
v -3.759144 0.02397105 0.840044
v 4.197022 0.0597982 0.6933708
v 4.107398 0.05979821 0.7302895
v 4.116189 0.2525613 0.8447628
v 4.271415 0.2525613 0.7808151
v 4.119401 0.5158818 0.8866558
v 4.247822 0.0597982 0.6108294
v 4.0954 -0.01075892 0.573925
v 4.298643 0.5158818 0.8128204
v 4.116189 0.7792013 0.8447627
v 4.359404 0.2525613 0.637846
v 4.240404 0.0597982 0.5141888
v 4.271416 0.7792013 0.7808151
v 4.107398 0.9719653 0.7302894
v 4.197022 0.9719653 0.6933708
v 4.177596 0.05979819 0.4403639
v 4.083397 0.05979819 0.4175568
v 4.346554 0.2525615 0.4704609
v 4.400246 0.5158817 0.6477346
v 4.237771 0.2525613 0.3425941
v 4.074609 0.2525615 0.3030901
v 4.359404 0.7792012 0.6378459
v 4.385408 0.5158817 0.4544544
v 4.259799 0.5158817 0.3068075
v 4.071393 0.5158817 0.2611885
v 4.247823 0.9719653 0.6108293
v 4.0954 1.042522 0.573925
v 4.346553 0.7792012 0.4704609
v 4.237771 0.7792012 0.3425941
v 4.074609 0.7792012 0.3030901
v 4.240405 0.9719653 0.5141887
v 4.177596 0.9719653 0.4403639
v 4.083397 0.9719653 0.4175567
v 4.197022 0.9719653 0.6933708
v 4.107398 0.9719653 0.7302894
v 4.0954 1.042522 0.573925
v 4.013197 0.9719653 0.7074794
v 4.116189 0.7792013 0.8447627
v 3.953026 0.7792013 0.8052558
v 4.119401 0.5158818 0.8866558
v 3.950397 0.9719653 0.6336612
v 3.930997 0.5158818 0.8410406
v 4.116189 0.2525613 0.8447628
v 3.844241 0.7792012 0.6773891
v 3.942973 0.9719653 0.5370168
v 3.953026 0.2525613 0.8052559
v 4.107398 0.05979821 0.7302895
v 3.993782 0.9719653 0.4544735
v 4.083397 0.9719653 0.4175567
v 3.831392 0.7792012 0.510004
v 3.805388 0.5158818 0.6933975
v 3.919389 0.7792012 0.3670339
v 4.074609 0.7792012 0.3030901
v 3.790555 0.5158817 0.5001154
v 3.89216 0.5158817 0.3350258
v 4.071393 0.5158817 0.2611885
v 3.844241 0.2525615 0.6773891
v 3.831392 0.2525613 0.510004
v 3.91939 0.2525613 0.367034
v 4.074609 0.2525615 0.3030901
v 4.013197 0.0597982 0.7074795
v 3.950397 0.0597982 0.6336613
v 4.0954 -0.01075892 0.573925
v 4.197022 0.0597982 0.6933708
v 3.942973 0.05979796 0.5370169
v 3.993782 0.05979819 0.4544735
v 4.083397 0.05979819 0.4175568
v 3.760707 0.02397153 0.9366045
v 3.699866 0.02397153 0.9616671
v 3.705834 0.1548295 1.039377
v 3.811209 0.1548295 0.995966
v 3.708014 0.3335848 1.067817
v 3.795193 0.02397153 0.8805714
v 3.691721 -0.02392629 0.8555193
v 3.829693 0.333585 1.017694
v 3.705834 0.5123401 1.039377
v 3.870941 0.1548292 0.8989115
v 3.790157 0.02397153 0.8149672
v 3.811209 0.5123401 0.995966
v 3.699866 0.6431983 0.9616671
v 3.760707 0.6431983 0.9366045
v 3.747519 0.02397152 0.7648506
v 3.683572 0.02397152 0.7493677
v 3.862217 0.1548292 0.7852821
v 3.898666 0.333585 0.9056244
v 3.788369 0.1548295 0.6984797
v 3.677607 0.1548295 0.6716614
v 3.870941 0.5123401 0.8989115
v 3.888593 0.333585 0.774416
v 3.803324 0.333585 0.6741848
v 3.675424 0.3335848 0.6432171
v 3.795194 0.6431983 0.8805714
v 3.691721 0.6910958 0.8555183
v 3.862217 0.5123401 0.7852821
v 3.78837 0.5123401 0.6984797
v 3.677607 0.51234 0.6716614
v 3.790157 0.6431983 0.8149662
v 3.74752 0.6431983 0.7648506
v 3.683573 0.6431983 0.7493677
v 3.760707 0.6431983 0.9366045
v 3.699866 0.6431983 0.9616671
v 3.691721 0.6910958 0.8555183
v 3.635917 0.6431983 0.9461823
v 3.705834 0.5123401 1.039377
v 3.59507 0.5123401 1.012558
v 3.708014 0.3335848 1.067817
v 3.593285 0.6431983 0.8960705
v 3.580116 0.3335848 1.036851
v 3.705834 0.1548295 1.039377
v 3.521222 0.5123401 0.9257555
v 3.588245 0.6431983 0.8304634
v 3.59507 0.1548292 1.012558
v 3.699866 0.02397153 0.9616671
v 3.622737 0.6431983 0.7744293
v 3.683573 0.6431983 0.7493677
v 3.512499 0.5123401 0.8121262
v 3.494846 0.333585 0.9366226
v 3.572236 0.5123401 0.7150707
v 3.677607 0.51234 0.6716614
v 3.484776 0.333585 0.8054132
v 3.553751 0.333585 0.6933422
v 3.675424 0.3335848 0.6432171
v 3.521221 0.1548295 0.9257555
v 3.512499 0.1548292 0.8121262
v 3.572236 0.1548295 0.7150707
v 3.677607 0.1548295 0.6716614
v 3.635917 0.02397153 0.9461823
v 3.593285 0.02397153 0.8960714
v 3.691721 -0.02392629 0.8555193
v 3.760707 0.02397153 0.9366045
v 3.588245 0.02397153 0.8304634
v 3.622737 0.02397152 0.7744293
v 3.683572 0.02397152 0.7493677
v 3.602646 0.4410383 0.5390882
v 3.726159 0.4410383 0.6659279
v -3.740129 0.4410386 0.5667191
v 3.808975 0.4410386 0.6298103
v -3.613289 0.4410386 0.4432058
v 3.68541 0.4410386 0.5029182
v -3.695063 0.4410386 0.404849
v -3.821955 0.4410386 0.5284138
v 3.84728 0.4410386 0.5479841
v 3.723767 0.4410386 0.4211445
v -3.731233 0.4410385 0.3220854
v -3.858072 0.4410386 0.4455986
v 3.731233 0.4410385 -0.3220864
v 3.858072 0.4410385 -0.4455996
v 3.821955 0.4410385 -0.5284147
v 3.695062 0.4410385 -0.40485
v -3.84728 0.4410385 -0.5479851
v -3.723767 0.4410385 -0.4211455
v -3.68541 0.4410385 -0.5029192
v -3.808974 0.4410385 -0.6298113
v 3.740128 0.4410385 -0.56672
v 3.613288 0.4410385 -0.4432068
v -3.602647 0.4410385 -0.5390892
v -3.72616 0.4410385 -0.6659288
v 2.790797 0.8473968 0.1389265
v 2.792765 1.727758 -0.647625
v 2.957929 1.549009 -0.4856988
v 2.96246 1.01046 -0.004459425
v 3.162694 1.554218 -0.4876023
v 3.327382 0.8616671 0.1333837
v 3.32143 1.723863 -0.6370431
v 3.174462 1.015527 -0.006139799
v 3.245933 1.469693 -0.4109631
v 3.447732 1.049506 -0.03282742
v 3.463859 1.546542 -0.476698
v 3.246459 1.129842 -0.1073094
v 2.406535 1.582856 -0.523347
v 2.301729 1.579772 -0.5219994
v 2.201041 1.725267 -0.6533471
v 2.496061 1.730186 -0.6537791
v 1.971749 1.596086 -0.5410081
v 2.484445 1.544895 -0.4883834
v 2.228507 1.530775 -0.4792052
v 2.734039 1.644973 -0.5744477
v 1.969509 0.9826254 0.007071452
v 2.485131 1.101364 -0.09209256
v 2.232441 1.082351 -0.07849889
v 2.735009 1.018064 -0.01430993
v 2.207432 0.8471126 0.1313438
v 2.402827 1.049414 -0.04678158
v 2.305972 1.047678 -0.04653172
v 2.50009 0.8530449 0.1299743
v 1.567118 1.554474 -0.5092641
v 1.462484 1.54362 -0.5009728
v 1.377712 1.712463 -0.6529666
v 1.672731 1.717382 -0.6533995
v 1.153264 1.560353 -0.5200759
v 1.645111 1.514802 -0.4727708
v 1.389179 1.496334 -0.4597083
v 1.901113 1.617827 -0.5613814
v 1.146214 0.9468555 0.02797123
v 1.645804 1.066923 -0.07259564
v 1.393112 1.04791 -0.05900101
v 1.902079 0.9938168 -0.003833814
v 1.371275 0.8352584 0.1307029
v 1.563499 1.014973 -0.02728467
v 1.466644 1.013237 -0.0270348
v 1.660728 0.840445 0.1299572
v -2.265792 0.8066801 0.1073799
v -2.538328 0.8052263 0.1050176
v -2.442393 0.9700045 -0.04091839
v -2.352882 0.9701819 -0.03987412
v -2.514599 1.011301 -0.07878499
v -2.045519 0.9120654 0.01618
v -2.742919 0.926227 -0.005840342
v -2.275469 1.016938 -0.08060937
v -2.515288 1.456779 -0.4768162
v -2.04652 1.559006 -0.5618554
v -2.743874 1.543282 -0.5571747
v -2.276157 1.461734 -0.4780312
v -2.452558 1.496035 -0.5110465
v -2.257795 1.682498 -0.6750298
v -2.535673 1.679577 -0.6761532
v -2.345685 1.498518 -0.5118304
vt 0.5571289 0.9047852
vt 0.5571289 0.9052734
vt 0.5571289 0.9057617
vt 0.5571289 0.9057617
vt 0.5571289 0.9052734
vt 0.5571289 0.9047852
vt 0.5571289 0.9047852
vt 0.5571289 0.9052734
vt 0.5571289 0.9057617
vt 0.5078125 0.9052734
vt 0.5078125 0.9047852
vt 0.5571289 0.9047852
vt 0.5571289 0.9052734
vt 0.5078125 0.9047852
vt 0.5078125 0.9047852
vt 0.5571289 0.9047852
vt 0.5571289 0.9047852
vt 0.5078125 0.9047852
vt 0.5078125 0.9052734
vt 0.5571289 0.9052734
vt 0.5571289 0.9047852
vt 0.5078125 0.9052734
vt 0.5078125 0.9057617
vt 0.5571289 0.9057617
vt 0.5571289 0.9052734
vt 0.5571289 0.9057617
vt 0.5571289 0.9052734
vt 0.5571289 0.9047852
vt 0.5571289 0.9047852
vt 0.5571289 0.9057617
vt 0.5078125 0.9057617
vt 0.5078125 0.9057617
vt 0.5571289 0.9057617
vt 0.5571289 0.9057617
vt 0.5078125 0.9057617
vt 0.5078125 0.9052734
vt 0.5571289 0.9052734
vt 0.5571289 0.9057617
vt 0.5078125 0.9047852
vt 0.5078125 0.9052734
vt 0.5078125 0.9057617
vt 0.5078125 0.9047852
vt 0.5078125 0.9057617
vt 0.5078125 0.9052734
vt 0.5048828 0.9394531
vt 0.5048828 0.9794922
vt 0.5234375 0.9794922
vt 0.5234375 0.9482422
vt 0.5234375 0.9316406
vt 0.5048828 0.9038086
vt 0.5234375 0.9038086
vt 0.5419922 0.9321289
vt 0.5419922 0.9487305
vt 0.5600586 0.9404297
vt 0.5419922 0.9038086
vt 0.5600586 0.9038086
vt 0.5600586 0.9799805
vt 0.5419922 0.9799805
vt 0.5249023 0.9799805
vt 0.5053711 0.9042969
vt 0.5053711 0.9799805
vt 0.5249023 0.9174805
vt 0.5610352 0.9042969
vt 0.5610352 0.918457
vt 0.5258789 0.9804688
vt 0.5058594 0.9042969
vt 0.5058594 0.9804688
vt 0.5258789 0.9189453
vt 0.5615234 0.9047852
vt 0.5615234 0.9204102
vt 0.5229492 0.980957
vt 0.5219727 0.9282227
vt 0.5024414 0.9804688
vt 0.5336914 0.9506836
vt 0.5458984 0.9296875
vt 0.5219727 0.9042969
vt 0.5458984 0.9042969
vt 0.5537109 0.9511719
vt 0.5654297 0.980957
vt 0.5454102 0.980957
vt 0.5146484 0.9804688
vt 0.5014648 0.9453125
vt 0.4951172 0.9804688
vt 0.5195313 0.9516602
vt 0.5039063 0.9262695
vt 0.5297852 0.9326172
vt 0.5073242 0.9042969
vt 0.5200195 0.9042969
vt 0.5444336 0.9516602
vt 0.5351563 0.9804688
vt 0.5249023 0.9804688
vt 0.5595703 0.9501953
vt 0.5664063 0.980957
vt 0.5498047 0.9804688
vt 0.5561523 0.9311523
vt 0.5395508 0.9047852
vt 0.5512695 0.9047852
vt 0.534668 0.9052734
vt 0.534668 0.9052734
vt 0.534668 0.9052734
vt 0.534668 0.9052734
vt 0.5351563 0.9052734
vt 0.5351563 0.9052734
vt 0.5351563 0.9052734
vt 0.5351563 0.9052734
vt 0.5351563 0.9052734
vt 0.5351563 0.9052734
vt 0.534668 0.9052734
vt 0.534668 0.9052734
vt 0.534668 0.9052734
vt 0.534668 0.9052734
vt 0.534668 0.9052734
vt 0.5351563 0.9052734
vt 0.5351563 0.9052734
vt 0.534668 0.9052734
vt 0.534668 0.9052734
vt 0.534668 0.9052734
vt 0.534668 0.9052734
vt 0.534668 0.9052734
vt 0.5351563 0.9052734
vt 0.5351563 0.9052734
vt 0.5351563 0.9052734
vt 0.5351563 0.9052734
vt 0.534668 0.9052734
vt 0.534668 0.9052734
vt 0.534668 0.9052734
vt 0.534668 0.9052734
vt 0.534668 0.9052734
vt 0.534668 0.9052734
vt 0.534668 0.9052734
vt 0.534668 0.9052734
vt 0.534668 0.9052734
vt 0.534668 0.9052734
vt 0.534668 0.9052734
vt 0.534668 0.9052734
vt 0.534668 0.9052734
vt 0.534668 0.9052734
vt 0.534668 0.9052734
vt 0.534668 0.9052734
vt 0.534668 0.9052734
vt 0.534668 0.9052734
vt 0.534668 0.9052734
vt 0.534668 0.9052734
vt 0.534668 0.9052734
vt 0.534668 0.9052734
vt 0.534668 0.9052734
vt 0.534668 0.9052734
vt 0.5351563 0.9052734
vt 0.534668 0.9052734
vt 0.534668 0.9052734
vt 0.5351563 0.9052734
vt 0.534668 0.9052734
vt 0.534668 0.9052734
vt 0.534668 0.9052734
vt 0.534668 0.9052734
vt 0.5351563 0.9052734
vt 0.534668 0.9052734
vt 0.534668 0.9052734
vt 0.5351563 0.9052734
vt 0.534668 0.9052734
vt 0.534668 0.9052734
vt 0.534668 0.9052734
vt 0.534668 0.9052734
vt 0.534668 0.9052734
vt 0.534668 0.9052734
vt 0.534668 0.9052734
vt 0.534668 0.9052734
vt 0.534668 0.9052734
vt 0.534668 0.9052734
vt 0.534668 0.9052734
vt 0.534668 0.9052734
vt 0.534668 0.9052734
vt 0.5351563 0.9052734
vt 0.5351563 0.9052734
vt 0.534668 0.9052734
vt 0.5351563 0.9052734
vt 0.5351563 0.9052734
vt 0.5351563 0.9052734
vt 0.5351563 0.9052734
vt 0.5351563 0.9052734
vt 0.5351563 0.9052734
vt 0.5351563 0.9052734
vt 0.5351563 0.9052734
vt 0.5351563 0.9052734
vt 0.5351563 0.9052734
vt 0.5351563 0.9052734
vt 0.5351563 0.9052734
vt 0.534668 0.9052734
vt 0.5351563 0.9052734
vt 0.5351563 0.9052734
vt 0.534668 0.9052734
vt 0.5351563 0.9052734
vt 0.5351563 0.9052734
vt 0.5351563 0.9052734
vt 0.5351563 0.9052734
vt 0.5351563 0.9052734
vt 0.5351563 0.9052734
vt 0.5351563 0.9052734
vt 0.5351563 0.9052734
vt 0.5351563 0.9052734
vt 0.5351563 0.9052734
vt 0.5351563 0.9052734
vt 0.5351563 0.9052734
vt 0.5351563 0.9052734
vt 0.5351563 0.9052734
vt 0.5351563 0.9052734
vt 0.5351563 0.9052734
vt 0.5351563 0.9052734
vt 0.5351563 0.9052734
vt 0.5351563 0.9052734
vt 0.5351563 0.9052734
vt 0.5351563 0.9052734
vt 0.534668 0.9052734
vt 0.534668 0.9052734
vt 0.5351563 0.9052734
vt 0.5351563 0.9052734
vt 0.5351563 0.9052734
vt 0.5351563 0.9052734
vt 0.5351563 0.9052734
vt 0.5351563 0.9052734
vt 0.5351563 0.9052734
vt 0.5351563 0.9052734
vt 0.5351563 0.9052734
vt 0.534668 0.9052734
vt 0.534668 0.9052734
vt 0.534668 0.9052734
vt 0.534668 0.9052734
vt 0.5351563 0.9052734
vt 0.5351563 0.9052734
vt 0.5351563 0.9052734
vt 0.5351563 0.9052734
vt 0.5351563 0.9052734
vt 0.5351563 0.9052734
vt 0.5351563 0.9052734
vt 0.5351563 0.9052734
vt 0.5351563 0.9052734
vt 0.5351563 0.9052734
vt 0.5351563 0.9052734
vt 0.5351563 0.9052734
vt 0.5351563 0.9052734
vt 0.5351563 0.9052734
vt 0.5351563 0.9052734
vt 0.5351563 0.9052734
vt 0.5351563 0.9052734
vt 0.5351563 0.9052734
vt 0.5351563 0.9052734
vt 0.5351563 0.9052734
vt 0.5351563 0.9052734
vt 0.5351563 0.9052734
vt 0.5351563 0.9052734
vt 0.5351563 0.9052734
vt 0.5351563 0.9052734
vt 0.5351563 0.9052734
vt 0.5351563 0.9052734
vt 0.5351563 0.9052734
vt 0.534668 0.9052734
vt 0.5351563 0.9052734
vt 0.5351563 0.9052734
vt 0.534668 0.9052734
vt 0.5351563 0.9052734
vt 0.5351563 0.9052734
vt 0.5351563 0.9052734
vt 0.5351563 0.9052734
vt 0.534668 0.9052734
vt 0.5351563 0.9052734
vt 0.5351563 0.9052734
vt 0.534668 0.9052734
vt 0.5351563 0.9052734
vt 0.5351563 0.9052734
vt 0.5351563 0.9052734
vt 0.5351563 0.9052734
vt 0.5351563 0.9052734
vt 0.5351563 0.9052734
vt 0.5351563 0.9052734
vt 0.5351563 0.9052734
vt 0.534668 0.9052734
vt 0.534668 0.9052734
vt 0.534668 0.9052734
vt 0.534668 0.9052734
vt 0.5351563 0.9052734
vt 0.5351563 0.9052734
vt 0.5351563 0.9052734
vt 0.5351563 0.9052734
vt 0.5351563 0.9052734
vt 0.534668 0.9052734
vt 0.534668 0.9052734
vt 0.5351563 0.9052734
vt 0.5351563 0.9052734
vt 0.534668 0.9052734
vt 0.534668 0.9052734
vt 0.5351563 0.9052734
vt 0.534668 0.9052734
vt 0.534668 0.9052734
vt 0.534668 0.9052734
vt 0.534668 0.9052734
vt 0.534668 0.9052734
vt 0.5351563 0.9052734
vt 0.5351563 0.9052734
vt 0.534668 0.9052734
vt 0.534668 0.9052734
vt 0.534668 0.9052734
vt 0.534668 0.9052734
vt 0.534668 0.9052734
vt 0.534668 0.9052734
vt 0.534668 0.9052734
vt 0.534668 0.9052734
vt 0.534668 0.9052734
vt 0.534668 0.9052734
vt 0.534668 0.9052734
vt 0.534668 0.9052734
vt 0.534668 0.9052734
vt 0.534668 0.9052734
vt 0.534668 0.9052734
vt 0.534668 0.9052734
vt 0.534668 0.9052734
vt 0.534668 0.9052734
vt 0.534668 0.9052734
vt 0.534668 0.9052734
vt 0.534668 0.9052734
vt 0.5351563 0.9052734
vt 0.5351563 0.9052734
vt 0.5351563 0.9052734
vt 0.5351563 0.9052734
vt 0.534668 0.9052734
vt 0.534668 0.9052734
vt 0.534668 0.9052734
vt 0.534668 0.9052734
vt 0.534668 0.9052734
vt 0.534668 0.9052734
vt 0.534668 0.9052734
vt 0.534668 0.9052734
vt 0.534668 0.9052734
vt 0.534668 0.9052734
vt 0.5351563 0.9052734
vt 0.5351563 0.9052734
vt 0.5351563 0.9052734
vt 0.5351563 0.9052734
vt 0.5351563 0.9052734
vt 0.534668 0.9052734
vt 0.534668 0.9052734
vt 0.5351563 0.9052734
vt 0.534668 0.9052734
vt 0.534668 0.9052734
vt 0.534668 0.9052734
vt 0.534668 0.9052734
vt 0.534668 0.9052734
vt 0.534668 0.9052734
vt 0.534668 0.9052734
vt 0.534668 0.9052734
vt 0.5351563 0.9052734
vt 0.534668 0.9052734
vt 0.534668 0.9052734
vt 0.5351563 0.9052734
vt 0.534668 0.9052734
vt 0.5351563 0.9052734
vt 0.5351563 0.9052734
vt 0.534668 0.9052734
vt 0.534668 0.9052734
vt 0.534668 0.9052734
vt 0.534668 0.9052734
vt 0.534668 0.9052734
vt 0.534668 0.9052734
vt 0.534668 0.9052734
vt 0.534668 0.9052734
vt 0.534668 0.9052734
vt 0.534668 0.9052734
vt 0.5351563 0.9052734
vt 0.5351563 0.9052734
vt 0.534668 0.9052734
vt 0.534668 0.9052734
vt 0.534668 0.9052734
vt 0.534668 0.9052734
vt 0.534668 0.9052734
vt 0.5351563 0.9052734
vt 0.5351563 0.9052734
vt 0.5351563 0.9052734
vt 0.5351563 0.9052734
vt 0.5351563 0.9052734
vt 0.534668 0.9052734
vt 0.534668 0.9052734
vt 0.5351563 0.9052734
vt 0.5351563 0.9052734
vt 0.5351563 0.9052734
vt 0.5351563 0.9052734
vt 0.5351563 0.9052734
vt 0.534668 0.9052734
vt 0.534668 0.9052734
vt 0.534668 0.9052734
vt 0.534668 0.9052734
vt 0.534668 0.9052734
vt 0.534668 0.9052734
vt 0.534668 0.9052734
vt 0.534668 0.9052734
vt 0.534668 0.9052734
vt 0.534668 0.9052734
vt 0.534668 0.9052734
vt 0.534668 0.9052734
vt 0.534668 0.9052734
vt 0.534668 0.9052734
vt 0.534668 0.9052734
vt 0.534668 0.9052734
vt 0.5351563 0.9052734
vt 0.5351563 0.9052734
vt 0.5351563 0.9052734
vt 0.5351563 0.9052734
vt 0.534668 0.9052734
vt 0.534668 0.9052734
vt 0.534668 0.9052734
vt 0.534668 0.9052734
vt 0.5351563 0.9052734
vt 0.5351563 0.9052734
vt 0.5351563 0.9052734
vt 0.5351563 0.9052734
vt 0.5351563 0.9052734
vt 0.5351563 0.9052734
vt 0.5351563 0.9052734
vt 0.5351563 0.9052734
vt 0.534668 0.9052734
vt 0.5351563 0.9052734
vt 0.5351563 0.9052734
vt 0.534668 0.9052734
vt 0.5351563 0.9052734
vt 0.5351563 0.9052734
vt 0.5351563 0.9052734
vt 0.5351563 0.9052734
vt 0.5351563 0.9052734
vt 0.534668 0.9052734
vt 0.534668 0.9052734
vt 0.5351563 0.9052734
vt 0.5351563 0.9052734
vt 0.5351563 0.9052734
vt 0.5351563 0.9052734
vt 0.5351563 0.9052734
vt 0.5351563 0.9052734
vt 0.5351563 0.9052734
vt 0.5351563 0.9052734
vt 0.5351563 0.9052734
vt 0.5351563 0.9052734
vt 0.5351563 0.9052734
vt 0.5351563 0.9052734
vt 0.5351563 0.9052734
vt 0.534668 0.9052734
vt 0.5351563 0.9052734
vt 0.5351563 0.9052734
vt 0.534668 0.9052734
vt 0.5351563 0.9052734
vt 0.5351563 0.9052734
vt 0.5351563 0.9052734
vt 0.5351563 0.9052734
vt 0.5351563 0.9052734
vt 0.534668 0.9052734
vt 0.534668 0.9052734
vt 0.5351563 0.9052734
vt 0.534668 0.9052734
vt 0.5351563 0.9052734
vt 0.5351563 0.9052734
vt 0.534668 0.9052734
vt 0.534668 0.9052734
vt 0.5351563 0.9052734
vt 0.5351563 0.9052734
vt 0.534668 0.9052734
vt 0.5351563 0.9052734
vt 0.5351563 0.9052734
vt 0.5351563 0.9052734
vt 0.5351563 0.9052734
vt 0.534668 0.9052734
vt 0.534668 0.9052734
vt 0.534668 0.9052734
vt 0.534668 0.9052734
vt 0.5351563 0.9052734
vt 0.5351563 0.9052734
vt 0.5351563 0.9052734
vt 0.5351563 0.9052734
vt 0.5351563 0.9052734
vt 0.534668 0.9052734
vt 0.534668 0.9052734
vt 0.5351563 0.9052734
vt 0.5351563 0.9052734
vt 0.5351563 0.9052734
vt 0.5351563 0.9052734
vt 0.5351563 0.9052734
vt 0.5351563 0.9052734
vt 0.534668 0.9052734
vt 0.534668 0.9052734
vt 0.5351563 0.9052734
vt 0.5351563 0.9052734
vt 0.5351563 0.9052734
vt 0.5351563 0.9052734
vt 0.5351563 0.9052734
vt 0.5351563 0.9052734
vt 0.5351563 0.9052734
vt 0.5351563 0.9052734
vt 0.5351563 0.9052734
vt 0.534668 0.9052734
vt 0.534668 0.9052734
vt 0.534668 0.9052734
vt 0.534668 0.9052734
vt 0.5351563 0.9052734
vt 0.5351563 0.9052734
vt 0.5351563 0.9052734
vt 0.5351563 0.9052734
vt 0.5351563 0.9052734
vt 0.5351563 0.9052734
vt 0.5351563 0.9052734
vt 0.5351563 0.9052734
vt 0.5351563 0.9052734
vt 0.5351563 0.9052734
vt 0.5351563 0.9052734
vt 0.5351563 0.9052734
vt 0.5351563 0.9052734
vt 0.5351563 0.9052734
vt 0.5351563 0.9052734
vt 0.5351563 0.9052734
vt 0.5351563 0.9052734
vt 0.5351563 0.9052734
vt 0.5351563 0.9052734
vt 0.5351563 0.9052734
vt 0.5351563 0.9052734
vt 0.5351563 0.9052734
vt 0.5351563 0.9052734
vt 0.534668 0.9052734
vt 0.534668 0.9052734
vt 0.5351563 0.9052734
vt 0.5351563 0.9052734
vt 0.5351563 0.9052734
vt 0.5351563 0.9052734
vt 0.5351563 0.9052734
vt 0.534668 0.9052734
vt 0.5351563 0.9052734
vt 0.5351563 0.9052734
vt 0.534668 0.9052734
vt 0.5351563 0.9052734
vt 0.5351563 0.9052734
vt 0.5351563 0.9052734
vt 0.5351563 0.9052734
vt 0.5078125 0.9052734
vt 0.5078125 0.9047852
vt 0.5581055 0.9047852
vt 0.5581055 0.9052734
vt 0.5078125 0.9047852
vt 0.5078125 0.9047852
vt 0.5581055 0.9047852
vt 0.5581055 0.9047852
vt 0.5078125 0.9047852
vt 0.5078125 0.9052734
vt 0.5581055 0.9052734
vt 0.5581055 0.9047852
vt 0.5078125 0.9052734
vt 0.5078125 0.9057617
vt 0.5581055 0.9057617
vt 0.5581055 0.9052734
vt 0.5581055 0.9052734
vt 0.5581055 0.9047852
vt 0.5581055 0.9047852
vt 0.5581055 0.9057617
vt 0.5581055 0.9052734
vt 0.5581055 0.9057617
vt 0.5078125 0.9057617
vt 0.5078125 0.9057617
vt 0.5581055 0.9057617
vt 0.5581055 0.9057617
vt 0.5078125 0.9057617
vt 0.5078125 0.9052734
vt 0.5581055 0.9052734
vt 0.5581055 0.9057617
vt 0.5078125 0.9047852
vt 0.5078125 0.9047852
vt 0.5078125 0.9052734
vt 0.5078125 0.9057617
vt 0.5078125 0.9052734
vt 0.5078125 0.9057617
vt 0.5078125 0.9052734
vt 0.5078125 0.9047852
vt 0.5581055 0.9047852
vt 0.5581055 0.9052734
vt 0.5078125 0.9047852
vt 0.5078125 0.9047852
vt 0.5581055 0.9047852
vt 0.5581055 0.9047852
vt 0.5078125 0.9047852
vt 0.5078125 0.9052734
vt 0.5581055 0.9052734
vt 0.5581055 0.9047852
vt 0.5078125 0.9052734
vt 0.5078125 0.9057617
vt 0.5581055 0.9057617
vt 0.5581055 0.9052734
vt 0.5581055 0.9052734
vt 0.5581055 0.9047852
vt 0.5581055 0.9047852
vt 0.5581055 0.9057617
vt 0.5581055 0.9052734
vt 0.5581055 0.9057617
vt 0.5078125 0.9057617
vt 0.5078125 0.9057617
vt 0.5581055 0.9057617
vt 0.5581055 0.9057617
vt 0.5078125 0.9057617
vt 0.5078125 0.9052734
vt 0.5581055 0.9052734
vt 0.5581055 0.9057617
vt 0.5078125 0.9047852
vt 0.5078125 0.9047852
vt 0.5078125 0.9052734
vt 0.5078125 0.9057617
vt 0.5078125 0.9052734
vt 0.5078125 0.9057617
vt 0.5078125 0.9052734
vt 0.5078125 0.9047852
vt 0.5581055 0.9047852
vt 0.5581055 0.9052734
vt 0.5078125 0.9047852
vt 0.5078125 0.9047852
vt 0.5581055 0.9047852
vt 0.5581055 0.9047852
vt 0.5078125 0.9047852
vt 0.5078125 0.9052734
vt 0.5581055 0.9052734
vt 0.5581055 0.9047852
vt 0.5078125 0.9052734
vt 0.5078125 0.9057617
vt 0.5581055 0.9057617
vt 0.5581055 0.9052734
vt 0.5581055 0.9052734
vt 0.5581055 0.9047852
vt 0.5581055 0.9047852
vt 0.5581055 0.9057617
vt 0.5581055 0.9052734
vt 0.5581055 0.9057617
vt 0.5078125 0.9057617
vt 0.5078125 0.9057617
vt 0.5581055 0.9057617
vt 0.5581055 0.9057617
vt 0.5078125 0.9057617
vt 0.5078125 0.9052734
vt 0.5581055 0.9052734
vt 0.5581055 0.9057617
vt 0.5078125 0.9047852
vt 0.5078125 0.9047852
vt 0.5078125 0.9052734
vt 0.5078125 0.9057617
vt 0.5078125 0.9052734
vt 0.5078125 0.9057617
vt 0.5078125 0.9052734
vt 0.5078125 0.9047852
vt 0.5571289 0.9047852
vt 0.5571289 0.9052734
vt 0.5078125 0.9047852
vt 0.5078125 0.9047852
vt 0.5571289 0.9047852
vt 0.5571289 0.9047852
vt 0.5078125 0.9047852
vt 0.5078125 0.9052734
vt 0.5571289 0.9052734
vt 0.5571289 0.9047852
vt 0.5078125 0.9052734
vt 0.5078125 0.9057617
vt 0.5571289 0.9057617
vt 0.5571289 0.9052734
vt 0.5571289 0.9047852
vt 0.5571289 0.9047852
vt 0.5571289 0.9057617
vt 0.5571289 0.9057617
vt 0.5078125 0.9057617
vt 0.5078125 0.9057617
vt 0.5571289 0.9057617
vt 0.5571289 0.9057617
vt 0.5078125 0.9057617
vt 0.5078125 0.9052734
vt 0.5571289 0.9052734
vt 0.5571289 0.9057617
vt 0.5078125 0.9047852
vt 0.5078125 0.9052734
vt 0.5078125 0.9057617
vt 0.5078125 0.9047852
vt 0.5078125 0.9057617
vt 0.5078125 0.9052734
vt 0.5078125 0.9052734
vt 0.5078125 0.9047852
vt 0.5571289 0.9047852
vt 0.5571289 0.9052734
vt 0.5078125 0.9047852
vt 0.5078125 0.9047852
vt 0.5571289 0.9047852
vt 0.5571289 0.9047852
vt 0.5078125 0.9047852
vt 0.5078125 0.9052734
vt 0.5571289 0.9052734
vt 0.5571289 0.9047852
vt 0.5078125 0.9052734
vt 0.5078125 0.9057617
vt 0.5571289 0.9057617
vt 0.5571289 0.9052734
vt 0.5571289 0.9057617
vt 0.5571289 0.9052734
vt 0.5571289 0.9047852
vt 0.5571289 0.9047852
vt 0.5571289 0.9047852
vt 0.5571289 0.9057617
vt 0.5571289 0.9057617
vt 0.5571289 0.9052734
vt 0.5078125 0.9057617
vt 0.5078125 0.9057617
vt 0.5571289 0.9057617
vt 0.5571289 0.9057617
vt 0.5078125 0.9057617
vt 0.5078125 0.9052734
vt 0.5571289 0.9052734
vt 0.5571289 0.9057617
vt 0.5078125 0.9047852
vt 0.5078125 0.9052734
vt 0.5078125 0.9057617
vt 0.5078125 0.9047852
vt 0.5078125 0.9057617
vt 0.5078125 0.9052734
vt 0.5078125 0.9052734
vt 0.5078125 0.9047852
vt 0.5571289 0.9047852
vt 0.5571289 0.9052734
vt 0.5078125 0.9047852
vt 0.5078125 0.9047852
vt 0.5571289 0.9047852
vt 0.5571289 0.9047852
vt 0.5078125 0.9047852
vt 0.5078125 0.9052734
vt 0.5571289 0.9052734
vt 0.5571289 0.9047852
vt 0.5078125 0.9052734
vt 0.5078125 0.9057617
vt 0.5571289 0.9057617
vt 0.5571289 0.9052734
vt 0.5571289 0.9057617
vt 0.5571289 0.9052734
vt 0.5571289 0.9047852
vt 0.5571289 0.9047852
vt 0.5571289 0.9057617
vt 0.5571289 0.9052734
vt 0.5078125 0.9057617
vt 0.5078125 0.9057617
vt 0.5571289 0.9057617
vt 0.5571289 0.9057617
vt 0.5078125 0.9057617
vt 0.5078125 0.9052734
vt 0.5571289 0.9052734
vt 0.5571289 0.9057617
vt 0.5078125 0.9047852
vt 0.5078125 0.9052734
vt 0.5078125 0.9057617
vt 0.5078125 0.9047852
vt 0.5078125 0.9057617
vt 0.5078125 0.9052734
vt 0.2088623 0.9038086
vt 0.2084961 0.9038086
vt 0.2084961 0.9291992
vt 0.2088623 0.9291992
vt 0.2089844 0.9291992
vt 0.2086182 0.9291992
vt 0.2086182 0.9038086
vt 0.2089844 0.9038086
vt 0.2866211 0.9291992
vt 0.2871094 0.9291992
vt 0.2871094 0.9038086
vt 0.2866211 0.9038086
vt 0.009849548 0.7143555
vt 0.01068878 0.7143555
vt 0.08398438 0.7143555
vt 0.00945282 0.7143555
vt 0.08477783 0.7143555
vt 0.009353638 0.7143555
vt 0.08514404 0.7143555
vt 0.08508301 0.7143555
vt 0.009712219 0.7143555
vt 0.01054382 0.7143555
vt 0.08465576 0.7143555
vt 0.08380127 0.7143555
vt 0.2868652 0.9291992
vt 0.2861328 0.9291992
vt 0.2861328 0.9038086
vt 0.2868652 0.9038086
vt 0.2844238 0.9072266
vt 0.2851563 0.9072266
vt 0.2851563 0.9086914
vt 0.2844238 0.9086914
vt 0.2104492 0.9072266
vt 0.210083 0.9072266
vt 0.210083 0.9086914
vt 0.2104492 0.9086914
vt 0.2103271 0.9086914
vt 0.2099609 0.9086914
vt 0.2099609 0.9072266
vt 0.2103271 0.9072266
vt 0.2851563 0.9072266
vt 0.2856445 0.9072266
vt 0.2856445 0.9086914
vt 0.2851563 0.9086914
vt 0.2858887 0.9038086
vt 0.2095947 0.9038086
vt 0.2095947 0.9291992
vt 0.2858887 0.9291992
vt 0.2084961 0.9038086
vt 0.2086182 0.9038086
vt 0.2086182 0.9291992
vt 0.2084961 0.9291992
vt 0.2098389 0.9038086
vt 0.2861328 0.9038086
vt 0.2861328 0.9291992
vt 0.2098389 0.9291992
vt 0.2098389 0.9291992
vt 0.2089844 0.9291992
vt 0.2089844 0.9038086
vt 0.2098389 0.9038086
vt 0.2873535 0.9038086
vt 0.2871094 0.9038086
vt 0.2871094 0.9291992
vt 0.2873535 0.9291992
vt 0.2873535 0.9291992
vt 0.2868652 0.9291992
vt 0.2868652 0.9038086
vt 0.2873535 0.9038086
vt 0.2858887 0.9291992
vt 0.2866211 0.9291992
vt 0.2866211 0.9038086
vt 0.2858887 0.9038086
vt 0.2111816 0.9086914
vt 0.2103271 0.9086914
vt 0.2103271 0.9072266
vt 0.2111816 0.9072266
vt 0.210083 0.9086914
vt 0.210083 0.9072266
vt 0.2099609 0.9072266
vt 0.2099609 0.9086914
vt 0.284668 0.9086914
vt 0.284668 0.9072266
vt 0.2113037 0.9072266
vt 0.2113037 0.9086914
vt 0.2113037 0.9072266
vt 0.2104492 0.9072266
vt 0.2104492 0.9086914
vt 0.2113037 0.9086914
vt 0.2095947 0.9038086
vt 0.2088623 0.9038086
vt 0.2088623 0.9291992
vt 0.2095947 0.9291992
vt 0.2854004 0.9086914
vt 0.2858887 0.9086914
vt 0.2858887 0.9072266
vt 0.2854004 0.9072266
vt 0.284668 0.9086914
vt 0.2854004 0.9086914
vt 0.2854004 0.9072266
vt 0.284668 0.9072266
vt 0.2856445 0.9086914
vt 0.2856445 0.9072266
vt 0.2858887 0.9072266
vt 0.2858887 0.9086914
vt 0.2111816 0.9086914
vt 0.2111816 0.9072266
vt 0.2844238 0.9072266
vt 0.2844238 0.9086914
vt 0.2097168 0.9291992
vt 0.2095947 0.9291992
vt 0.2088623 0.9291992
vt 0.2089844 0.9291992
vt 0.2089844 0.9291992
vt 0.2088623 0.9291992
vt 0.2084961 0.9291992
vt 0.2086182 0.9291992
vt 0.2091064 0.9291992
vt 0.2089844 0.9291992
vt 0.2098389 0.9291992
vt 0.2099609 0.9291992
vt 0.2087402 0.9291992
vt 0.2086182 0.9291992
vt 0.2089844 0.9291992
vt 0.2091064 0.9291992
vt 0.2868652 0.9291992
vt 0.2868652 0.9291992
vt 0.2873535 0.9291992
vt 0.2871094 0.9291992
vt 0.2858887 0.9291992
vt 0.2861328 0.9291992
vt 0.2868652 0.9291992
vt 0.2868652 0.9291992
vt 0.2866211 0.9291992
vt 0.2866211 0.9291992
vt 0.2858887 0.9291992
vt 0.2858887 0.9291992
vt 0.2871094 0.9291992
vt 0.2871094 0.9291992
vt 0.2866211 0.9291992
vt 0.2866211 0.9291992
vt 0.2111816 0.9291992
vt 0.2110596 0.9291992
vt 0.2102051 0.9291992
vt 0.2103271 0.9291992
vt 0.2103271 0.9291992
vt 0.2102051 0.9291992
vt 0.2098389 0.9291992
vt 0.2099609 0.9291992
vt 0.2104492 0.9291992
vt 0.2103271 0.9291992
vt 0.2111816 0.9291992
vt 0.2113037 0.9291992
vt 0.210083 0.9291992
vt 0.2099609 0.9291992
vt 0.2103271 0.9291992
vt 0.2104492 0.9291992
vt 0.2854004 0.9291992
vt 0.2854004 0.9291992
vt 0.2858887 0.9291992
vt 0.2858887 0.9291992
vt 0.284668 0.9291992
vt 0.284668 0.9291992
vt 0.2854004 0.9291992
vt 0.2854004 0.9291992
vt 0.2851563 0.9291992
vt 0.2854004 0.9291992
vt 0.2844238 0.9291992
vt 0.2844238 0.9291992
vt 0.2856445 0.9291992
vt 0.2856445 0.9291992
vt 0.2854004 0.9291992
vt 0.2851563 0.9291992
vt 0.2086182 0.9291992
vt 0.2084961 0.9291992
vt 0.2086182 0.9291992
vt 0.2087402 0.9291992
vt 0.2858887 0.9291992
vt 0.2858887 0.9291992
vt 0.2095947 0.9291992
vt 0.2097168 0.9291992
vt 0.2099609 0.9291992
vt 0.210083 0.9291992
vt 0.2099609 0.9291992
vt 0.2098389 0.9291992
vt 0.2110596 0.9291992
vt 0.2111816 0.9291992
vt 0.2844238 0.9291992
vt 0.2844238 0.9291992
vt 0.2099609 0.9291992
vt 0.2098389 0.9291992
vt 0.2861328 0.9291992
vt 0.2858887 0.9291992
vt 0.284668 0.9291992
vt 0.284668 0.9291992
vt 0.2113037 0.9291992
vt 0.2111816 0.9291992
vt 0.2871094 0.9291992
vt 0.2873535 0.9291992
vt 0.2871094 0.9291992
vt 0.2871094 0.9291992
vt 0.2856445 0.9291992
vt 0.2856445 0.9291992
vt 0.2858887 0.9291992
vt 0.2858887 0.9291992
vt 0.7158203 0.7158203
vt 0.7158203 0.7158203
vt 0.7006836 0.7319336
vt 0.7006836 0.7319336
vt 0.6948242 0.7543945
vt 0.7241211 0.7158203
vt 0.7373047 0.7094727
vt 0.6948242 0.7543945
vt 0.7006836 0.7768555
vt 0.7143555 0.7319336
vt 0.7373047 0.7158203
vt 0.7006836 0.7768555
vt 0.7158203 0.7929688
vt 0.7158203 0.7929688
vt 0.7504883 0.7158203
vt 0.7583008 0.7158203
vt 0.7373047 0.7319336
vt 0.7109375 0.7543945
vt 0.7602539 0.7319336
vt 0.7739258 0.7319336
vt 0.7143555 0.7768555
vt 0.7373047 0.7543945
vt 0.7636719 0.7543945
vt 0.7797852 0.7543945
vt 0.7241211 0.7929688
vt 0.7373047 0.7988281
vt 0.7373047 0.7768555
vt 0.7602539 0.7768555
vt 0.7739258 0.7768555
vt 0.7373047 0.7929688
vt 0.7504883 0.7929688
vt 0.7583008 0.7929688
vt 0.7158203 0.7929688
vt 0.7158203 0.7929688
vt 0.7373047 0.7988281
vt 0.7241211 0.7929688
vt 0.7006836 0.7768555
vt 0.7143555 0.7768555
vt 0.6948242 0.7543945
vt 0.7373047 0.7929688
vt 0.7109375 0.7543945
vt 0.7006836 0.7319336
vt 0.7373047 0.7768555
vt 0.7504883 0.7929688
vt 0.7143555 0.7319336
vt 0.7158203 0.7158203
vt 0.7583008 0.7929688
vt 0.7583008 0.7929688
vt 0.7602539 0.7768555
vt 0.7373047 0.7543945
vt 0.7739258 0.7768555
vt 0.7739258 0.7768555
vt 0.7636719 0.7543945
vt 0.7797852 0.7543945
vt 0.7797852 0.7543945
vt 0.7373047 0.7319336
vt 0.7602539 0.7319336
vt 0.7739258 0.7319336
vt 0.7739258 0.7319336
vt 0.7241211 0.7158203
vt 0.7373047 0.7158203
vt 0.7373047 0.7094727
vt 0.7158203 0.7158203
vt 0.7504883 0.7158203
vt 0.7583008 0.7158203
vt 0.7583008 0.7158203
vt 0.7158203 0.7158203
vt 0.7158203 0.7158203
vt 0.7006836 0.7319336
vt 0.7006836 0.7319336
vt 0.6948242 0.7543945
vt 0.7241211 0.7158203
vt 0.7373047 0.7094727
vt 0.6948242 0.7543945
vt 0.7006836 0.7768555
vt 0.7143555 0.7319336
vt 0.7373047 0.7158203
vt 0.7006836 0.7768555
vt 0.7158203 0.7929688
vt 0.7158203 0.7929688
vt 0.7504883 0.7158203
vt 0.7583008 0.7158203
vt 0.7373047 0.7319336
vt 0.7109375 0.7543945
vt 0.7602539 0.7319336
vt 0.7739258 0.7319336
vt 0.7143555 0.7768555
vt 0.7373047 0.7543945
vt 0.7636719 0.7543945
vt 0.7797852 0.7543945
vt 0.7241211 0.7929688
vt 0.7373047 0.7988281
vt 0.7373047 0.7768555
vt 0.7602539 0.7768555
vt 0.7739258 0.7768555
vt 0.7373047 0.7929688
vt 0.7504883 0.7929688
vt 0.7583008 0.7929688
vt 0.7158203 0.7929688
vt 0.7158203 0.7929688
vt 0.7373047 0.7988281
vt 0.7241211 0.7929688
vt 0.7006836 0.7768555
vt 0.7143555 0.7768555
vt 0.6948242 0.7543945
vt 0.7373047 0.7929688
vt 0.7109375 0.7543945
vt 0.7006836 0.7319336
vt 0.7373047 0.7768555
vt 0.7504883 0.7929688
vt 0.7143555 0.7319336
vt 0.7158203 0.7158203
vt 0.7583008 0.7929688
vt 0.7583008 0.7929688
vt 0.7602539 0.7768555
vt 0.7373047 0.7543945
vt 0.7739258 0.7768555
vt 0.7739258 0.7768555
vt 0.7636719 0.7543945
vt 0.7797852 0.7543945
vt 0.7797852 0.7543945
vt 0.7373047 0.7319336
vt 0.7602539 0.7319336
vt 0.7739258 0.7319336
vt 0.7739258 0.7319336
vt 0.7241211 0.7158203
vt 0.7373047 0.7158203
vt 0.7373047 0.7094727
vt 0.7158203 0.7158203
vt 0.7504883 0.7158203
vt 0.7583008 0.7158203
vt 0.7583008 0.7158203
vt 0.7158203 0.7158203
vt 0.7158203 0.7158203
vt 0.7006836 0.7319336
vt 0.7006836 0.7319336
vt 0.6948242 0.7543945
vt 0.7241211 0.7158203
vt 0.7373047 0.7094727
vt 0.6948242 0.7543945
vt 0.7006836 0.7768555
vt 0.7143555 0.7319336
vt 0.7373047 0.7158203
vt 0.7006836 0.7768555
vt 0.7158203 0.7929688
vt 0.7158203 0.7929688
vt 0.7504883 0.7158203
vt 0.7583008 0.7158203
vt 0.7373047 0.7319336
vt 0.7109375 0.7543945
vt 0.7602539 0.7319336
vt 0.7739258 0.7319336
vt 0.7143555 0.7768555
vt 0.7373047 0.7543945
vt 0.7636719 0.7543945
vt 0.7797852 0.7543945
vt 0.7241211 0.7929688
vt 0.7373047 0.7988281
vt 0.7373047 0.7768555
vt 0.7602539 0.7768555
vt 0.7739258 0.7768555
vt 0.7373047 0.7929688
vt 0.7504883 0.7929688
vt 0.7583008 0.7929688
vt 0.7158203 0.7929688
vt 0.7158203 0.7929688
vt 0.7373047 0.7988281
vt 0.7241211 0.7929688
vt 0.7006836 0.7768555
vt 0.7143555 0.7768555
vt 0.6948242 0.7543945
vt 0.7373047 0.7929688
vt 0.7109375 0.7543945
vt 0.7006836 0.7319336
vt 0.7373047 0.7768555
vt 0.7504883 0.7929688
vt 0.7143555 0.7319336
vt 0.7158203 0.7158203
vt 0.7583008 0.7929688
vt 0.7583008 0.7929688
vt 0.7602539 0.7768555
vt 0.7373047 0.7543945
vt 0.7739258 0.7768555
vt 0.7739258 0.7768555
vt 0.7636719 0.7543945
vt 0.7797852 0.7543945
vt 0.7797852 0.7543945
vt 0.7373047 0.7319336
vt 0.7602539 0.7319336
vt 0.7739258 0.7319336
vt 0.7739258 0.7319336
vt 0.7241211 0.7158203
vt 0.7373047 0.7158203
vt 0.7373047 0.7094727
vt 0.7158203 0.7158203
vt 0.7504883 0.7158203
vt 0.7583008 0.7158203
vt 0.7583008 0.7158203
vt 0.7158203 0.7158203
vt 0.7158203 0.7158203
vt 0.7006836 0.7319336
vt 0.7006836 0.7319336
vt 0.6948242 0.7543945
vt 0.7241211 0.7158203
vt 0.7373047 0.7094727
vt 0.6948242 0.7543945
vt 0.7006836 0.7768555
vt 0.7143555 0.7319336
vt 0.7373047 0.7158203
vt 0.7006836 0.7768555
vt 0.7158203 0.7929688
vt 0.7158203 0.7929688
vt 0.7504883 0.7158203
vt 0.7583008 0.7158203
vt 0.7373047 0.7319336
vt 0.7109375 0.7543945
vt 0.7602539 0.7319336
vt 0.7739258 0.7319336
vt 0.7143555 0.7768555
vt 0.7373047 0.7543945
vt 0.7636719 0.7543945
vt 0.7797852 0.7543945
vt 0.7241211 0.7929688
vt 0.7373047 0.7988281
vt 0.7373047 0.7768555
vt 0.7602539 0.7768555
vt 0.7739258 0.7768555
vt 0.7373047 0.7929688
vt 0.7504883 0.7929688
vt 0.7583008 0.7929688
vt 0.7158203 0.7929688
vt 0.7158203 0.7929688
vt 0.7373047 0.7988281
vt 0.7241211 0.7929688
vt 0.7006836 0.7768555
vt 0.7143555 0.7768555
vt 0.6948242 0.7543945
vt 0.7373047 0.7929688
vt 0.7109375 0.7543945
vt 0.7006836 0.7319336
vt 0.7373047 0.7768555
vt 0.7504883 0.7929688
vt 0.7143555 0.7319336
vt 0.7158203 0.7158203
vt 0.7583008 0.7929688
vt 0.7583008 0.7929688
vt 0.7602539 0.7768555
vt 0.7373047 0.7543945
vt 0.7739258 0.7768555
vt 0.7739258 0.7768555
vt 0.7636719 0.7543945
vt 0.7797852 0.7543945
vt 0.7797852 0.7543945
vt 0.7373047 0.7319336
vt 0.7602539 0.7319336
vt 0.7739258 0.7319336
vt 0.7739258 0.7319336
vt 0.7241211 0.7158203
vt 0.7373047 0.7158203
vt 0.7373047 0.7094727
vt 0.7158203 0.7158203
vt 0.7504883 0.7158203
vt 0.7583008 0.7158203
vt 0.7583008 0.7158203
vt 0.2844238 0.9291992
vt 0.2858887 0.9291992
vt 0.2097168 0.9291992
vt 0.2866211 0.9291992
vt 0.2110596 0.9291992
vt 0.2854004 0.9291992
vt 0.2102051 0.9291992
vt 0.2089844 0.9291992
vt 0.2871094 0.9291992
vt 0.2856445 0.9291992
vt 0.2098389 0.9291992
vt 0.2086182 0.9291992
vt 0.2858887 0.9291992
vt 0.2871094 0.9291992
vt 0.2868652 0.9291992
vt 0.2854004 0.9291992
vt 0.2087402 0.9291992
vt 0.2099609 0.9291992
vt 0.2103271 0.9291992
vt 0.2091064 0.9291992
vt 0.2858887 0.9291992
vt 0.284668 0.9291992
vt 0.2111816 0.9291992
vt 0.2099609 0.9291992
vt 0.5068359 0.9042969
vt 0.5073242 0.980957
vt 0.5200195 0.965332
vt 0.5205078 0.918457
vt 0.5361328 0.965332
vt 0.5488281 0.9052734
vt 0.5483398 0.9799805
vt 0.5371094 0.9189453
vt 0.5424805 0.9580078
vt 0.5585938 0.9213867
vt 0.5595703 0.9648438
vt 0.5424805 0.9287109
vt 0.5395508 0.9682617
vt 0.53125 0.9682617
vt 0.5234375 0.980957
vt 0.5463867 0.980957
vt 0.5053711 0.9697266
vt 0.5454102 0.965332
vt 0.5253906 0.9638672
vt 0.5649414 0.9736328
vt 0.5048828 0.9165039
vt 0.5454102 0.9267578
vt 0.5258789 0.925293
vt 0.5649414 0.9194336
vt 0.5239258 0.9047852
vt 0.5390625 0.9223633
vt 0.53125 0.9223633
vt 0.546875 0.9052734
vt 0.5375977 0.9667969
vt 0.5297852 0.9658203
vt 0.5229492 0.9804688
vt 0.5458984 0.9804688
vt 0.5053711 0.9672852
vt 0.5439453 0.9628906
vt 0.5239258 0.9614258
vt 0.5639648 0.9716797
vt 0.5048828 0.9140625
vt 0.5439453 0.9243164
vt 0.5239258 0.9228516
vt 0.5639648 0.9179688
vt 0.5224609 0.9042969
vt 0.5375977 0.9199219
vt 0.5297852 0.9199219
vt 0.5449219 0.9047852
vt 0.5424805 0.9042969
vt 0.5209961 0.9042969
vt 0.5283203 0.918457
vt 0.5356445 0.918457
vt 0.5229492 0.9223633
vt 0.5595703 0.9130859
vt 0.5048828 0.9150391
vt 0.5415039 0.9223633
vt 0.5229492 0.9609375
vt 0.5595703 0.9692383
vt 0.5048828 0.9682617
vt 0.5415039 0.9609375
vt 0.527832 0.9643555
vt 0.5429688 0.9799805
vt 0.5209961 0.9799805
vt 0.5361328 0.9643555
vn 0.001152992 -0.7456055 0.6665039
vn 0.001152992 -0.7456055 0.6665039
vn 0.001152992 -0.7456055 0.6665039
vn 0.001152992 -0.7456055 0.6665039
vn 0.001152992 -0.7456055 0.6665039
vn 0.001152992 -0.7456055 0.6665039
vn 0.001152992 -0.7456055 0.6665039
vn 0.001152992 -0.7456055 0.6665039
vn 0.001152992 -0.7456055 0.6665039
vn -0.4912109 -0.5644531 -0.6635742
vn -0.4912109 -0.5644531 -0.6635742
vn -0.4912109 -0.5644531 -0.6635742
vn -0.4912109 -0.5644531 -0.6635742
vn -1 -0.007534027 -0.006698608
vn -1 -0.007534027 -0.006698608
vn -1 -0.007534027 -0.006698608
vn -1 -0.007534027 -0.006698608
vn -0.5083008 0.5571289 0.6567383
vn -0.5083008 0.5571289 0.6567383
vn -0.5083008 0.5571289 0.6567383
vn -0.5083008 0.5571289 0.6567383
vn 0.4912109 0.5644531 0.6635742
vn 0.4912109 0.5644531 0.6635742
vn 0.4912109 0.5644531 0.6635742
vn 0.4912109 0.5644531 0.6635742
vn 0.001152992 -0.7456055 0.6665039
vn 0.001152992 -0.7456055 0.6665039
vn 0.001152992 -0.7456055 0.6665039
vn 0.001152992 -0.7456055 0.6665039
vn 0.001152992 -0.7456055 0.6665039
vn 1 0.007534027 0.006698608
vn 1 0.007534027 0.006698608
vn 1 0.007534027 0.006698608
vn 1 0.007534027 0.006698608
vn 0.5083008 -0.5571289 -0.6567383
vn 0.5083008 -0.5571289 -0.6567383
vn 0.5083008 -0.5571289 -0.6567383
vn 0.5083008 -0.5571289 -0.6567383
vn -0.001152992 0.7456055 -0.6665039
vn -0.001152992 0.7456055 -0.6665039
vn -0.001152992 0.7456055 -0.6665039
vn -0.001152992 0.7456055 -0.6665039
vn -0.001152992 0.7456055 -0.6665039
vn -0.001152992 0.7456055 -0.6665039
vn -0.0100174 0.6660156 0.7456055
vn -0.0100174 0.6660156 0.7456055
vn -0.0100174 0.6660156 0.7456055
vn -0.0100174 0.6660156 0.7456055
vn -0.0100174 0.6660156 0.7456055
vn -0.0100174 0.6660156 0.7456055
vn -0.0100174 0.6660156 0.7456055
vn -0.0100174 0.6660156 0.7456055
vn -0.0100174 0.6660156 0.7456055
vn -0.0100174 0.6660156 0.7456055
vn -0.0100174 0.6660156 0.7456055
vn -0.0100174 0.6660156 0.7456055
vn -0.0100174 0.6660156 0.7456055
vn -0.0100174 0.6660156 0.7456055
vn -0.0100174 0.6660156 0.7456055
vn -0.0100174 0.6660156 0.7456055
vn -0.0100174 0.6660156 0.7456055
vn -0.0100174 0.6660156 0.7456055
vn -0.0100174 0.6660156 0.7456055
vn -0.0100174 0.6660156 0.7456055
vn -0.0100174 0.6660156 0.7456055
vn -0.0100174 0.6660156 0.7456055
vn -0.0100174 0.6660156 0.7456055
vn -0.0100174 0.6660156 0.7456055
vn -0.0100174 0.6660156 0.7456055
vn -0.0100174 0.6660156 0.7456055
vn -0.0100174 0.6660156 0.7456055
vn -0.0100174 0.6660156 0.7456055
vn -0.0100174 0.6660156 0.7456055
vn -0.0100174 0.6660156 0.7456055
vn -0.0100174 0.6660156 0.7456055
vn -0.0100174 0.6660156 0.7456055
vn -0.0100174 0.6660156 0.7456055
vn -0.0100174 0.6660156 0.7456055
vn -0.0100174 0.6660156 0.7456055
vn -0.0100174 0.6660156 0.7456055
vn -0.0100174 0.6660156 0.7456055
vn -0.0100174 0.6660156 0.7456055
vn -0.0100174 0.6660156 0.7456055
vn -0.0100174 0.6660156 0.7456055
vn -0.0100174 0.6660156 0.7456055
vn -0.0100174 0.6660156 0.7456055
vn -0.0100174 0.6660156 0.7456055
vn -0.0100174 0.6660156 0.7456055
vn -0.0100174 0.6660156 0.7456055
vn -0.0100174 0.6660156 0.7456055
vn -0.0100174 0.6660156 0.7456055
vn -0.0100174 0.6660156 0.7456055
vn -0.0100174 0.6660156 0.7456055
vn -0.0100174 0.6660156 0.7456055
vn -0.0100174 0.6660156 0.7456055
vn -0.0100174 0.6660156 0.7456055
vn -0.0100174 0.6660156 0.7456055
vn -0.6689453 0.5498047 -0.5004883
vn -0.6689453 0.5498047 -0.5004883
vn -0.6689453 0.5498047 -0.5004883
vn -0.6689453 0.5498047 -0.5004883
vn 0.9511719 -0.2231445 0.2121582
vn 0.9511719 -0.2231445 0.2121582
vn 0.9511719 -0.2231445 0.2121582
vn 0.9511719 -0.2231445 0.2121582
vn 0.9589844 -0.2045898 0.1956787
vn 0.9589844 -0.2045898 0.1956787
vn -1 -0.007534027 -0.006702423
vn -1 -0.007534027 -0.006702423
vn -1 -0.007534027 -0.006702423
vn -1 -0.007534027 -0.006702423
vn 0.01041412 -0.7456055 0.6665039
vn 0.01041412 -0.7456055 0.6665039
vn 0.01041412 -0.7456055 0.6665039
vn 0.01041412 -0.7456055 0.6665039
vn 1 0.007534027 0.006702423
vn 1 0.007534027 0.006702423
vn 1 0.007534027 0.006702423
vn 1 0.007534027 0.006702423
vn 1 0.007534027 0.006702423
vn 1 0.007534027 0.006702423
vn 1 0.007534027 0.006702423
vn 1 0.007534027 0.006702423
vn 1 0.0115509 0.003110886
vn 1 0.0115509 0.003110886
vn 1 0.0115509 0.003110886
vn 1 0.0115509 0.003110886
vn -1 -0.007534027 -0.006702423
vn -1 -0.007534027 -0.006702423
vn -1 -0.007534027 -0.006702423
vn -1 -0.007534027 -0.006702423
vn -0.6557617 0.5585938 -0.5078125
vn -0.6557617 0.5585938 -0.5078125
vn -0.6557617 0.5585938 -0.5078125
vn -0.6557617 0.5585938 -0.5078125
vn -1 -0.004642487 -0.009284973
vn -1 -0.004642487 -0.009284973
vn -1 -0.004642487 -0.009284973
vn -1 -0.004642487 -0.009284973
vn 0.001711845 0.7456055 -0.6660156
vn 0.001711845 0.7456055 -0.6660156
vn 0.001711845 0.7456055 -0.6660156
vn 0.001711845 0.7456055 -0.6660156
vn 0.6386719 -0.5693359 0.5175781
vn 0.6386719 -0.5693359 0.5175781
vn 0.6386719 -0.5693359 0.5175781
vn 0.6386719 -0.5693359 0.5175781
vn 0.5395508 0.6313477 -0.5566406
vn 0.5395508 0.6313477 -0.5566406
vn 0.5395508 0.6313477 -0.5566406
vn 0.5395508 0.6313477 -0.5566406
vn 0.9916992 0.1027222 -0.07843018
vn 0.9916992 0.1027222 -0.07843018
vn 0.9916992 0.1027222 -0.07843018
vn 0.9916992 0.1027222 -0.07843018
vn -0.005146027 0.7456055 -0.6665039
vn -0.005146027 0.7456055 -0.6665039
vn -0.005146027 0.7456055 -0.6665039
vn -0.005146027 0.7456055 -0.6665039
vn -0.6113281 -0.5942383 0.5224609
vn -0.6113281 -0.5942383 0.5224609
vn -0.6113281 -0.5942383 0.5224609
vn -0.6113281 -0.5942383 0.5224609
vn -0.9892578 -0.1146851 0.08917236
vn -0.9892578 -0.1146851 0.08917236
vn -0.9892578 -0.1146851 0.08917236
vn -0.9892578 -0.1146851 0.08917236
vn -0.9916992 -0.1012573 0.07714844
vn -0.9916992 -0.1012573 0.07714844
vn -0.9916992 -0.1012573 0.07714844
vn -0.9916992 -0.1012573 0.07714844
vn 0.0222168 -0.7456055 0.6665039
vn 0.0222168 -0.7456055 0.6665039
vn 0.0222168 -0.7456055 0.6665039
vn 0.0222168 -0.7456055 0.6665039
vn -0.01521301 0.7456055 -0.6665039
vn -0.01521301 0.7456055 -0.6665039
vn -0.01521301 0.7456055 -0.6665039
vn -0.01521301 0.7456055 -0.6665039
vn -0.01508331 0.7456055 -0.6665039
vn -0.01508331 0.7456055 -0.6665039
vn -0.01508331 0.7456055 -0.6665039
vn -0.01508331 0.7456055 -0.6665039
vn 0.6210938 0.5883789 -0.5175781
vn 0.6210938 0.5883789 -0.5175781
vn 0.6210938 0.5883789 -0.5175781
vn 0.6210938 0.5883789 -0.5175781
vn 0.01823425 -0.7456055 0.6665039
vn 0.01823425 -0.7456055 0.6665039
vn 0.01823425 -0.7456055 0.6665039
vn 0.01823425 -0.7456055 0.6665039
vn 0.9838867 -0.1268311 0.1264648
vn 0.9838867 -0.1268311 0.1264648
vn 0.9838867 -0.1268311 0.1264648
vn 0.9838867 -0.1268311 0.1264648
vn 0.9902344 -0.09741211 0.1003418
vn 0.9902344 -0.09741211 0.1003418
vn 0.9882813 -0.1074219 0.1092529
vn 0.9882813 -0.1074219 0.1092529
vn -0.5834961 -0.609375 0.5366211
vn -0.5834961 -0.609375 0.5366211
vn -0.5834961 -0.609375 0.5366211
vn -0.5834961 -0.609375 0.5366211
vn -0.9868164 0.1136475 -0.1148071
vn -0.9868164 0.1136475 -0.1148071
vn -0.9868164 0.1136475 -0.1148071
vn -0.9868164 0.1136475 -0.1148071
vn -0.6420898 0.5673828 -0.515625
vn -0.6420898 0.5673828 -0.515625
vn -0.6420898 0.5673828 -0.515625
vn -0.6420898 0.5673828 -0.515625
vn 0.01012421 0.7456055 -0.6660156
vn 0.01012421 0.7456055 -0.6660156
vn 0.01012421 0.7456055 -0.6660156
vn 0.01012421 0.7456055 -0.6660156
vn 1 0.007534027 0.006702423
vn 1 0.007534027 0.006702423
vn 1 0.007534027 0.006702423
vn 1 0.007534027 0.006702423
vn 0.6821289 -0.5405273 0.4921875
vn 0.6821289 -0.5405273 0.4921875
vn 0.6821289 -0.5405273 0.4921875
vn 0.6821289 -0.5405273 0.4921875
vn 0.02096558 -0.7456055 0.6665039
vn 0.02096558 -0.7456055 0.6665039
vn 0.02096558 -0.7456055 0.6665039
vn 0.02096558 -0.7456055 0.6665039
vn -1 -0.007534027 -0.006702423
vn -1 -0.007534027 -0.006702423
vn -1 -0.007534027 -0.006702423
vn -1 -0.007534027 -0.006702423
vn -1 -0.007534027 -0.006702423
vn -1 -0.007534027 -0.006702423
vn -1 -0.007534027 -0.006702423
vn -1 -0.007534027 -0.006702423
vn -0.9614258 -0.2109375 0.1755371
vn -0.9614258 -0.2109375 0.1755371
vn -0.9614258 -0.2109375 0.1755371
vn -0.9614258 -0.2109375 0.1755371
vn 0.534668 -0.6264648 0.5668945
vn 0.534668 -0.6264648 0.5668945
vn 0.534668 -0.6264648 0.5668945
vn 0.534668 -0.6264648 0.5668945
vn 1 0.007534027 0.006702423
vn 1 0.007534027 0.006702423
vn 1 0.007534027 0.006702423
vn 1 0.007534027 0.006702423
vn -0.625 0.5776367 -0.5249023
vn -0.625 0.5776367 -0.5249023
vn -0.625 0.5776367 -0.5249023
vn -0.625 0.5776367 -0.5249023
vn -0.5522461 -0.6254883 0.5512695
vn -0.5522461 -0.6254883 0.5512695
vn -0.5522461 -0.6254883 0.5512695
vn -0.5522461 -0.6254883 0.5512695
vn -0.001796722 -0.7456055 0.6660156
vn -0.001796722 -0.7456055 0.6660156
vn -0.001796722 -0.7456055 0.6660156
vn -0.001796722 -0.7456055 0.6660156
vn 0.4394531 0.6728516 -0.5952148
vn 0.4394531 0.6728516 -0.5952148
vn 0.4394531 0.6728516 -0.5952148
vn 0.4394531 0.6728516 -0.5952148
vn 0.9604492 -0.2005615 0.1921387
vn 0.9604492 -0.2005615 0.1921387
vn 0.9604492 -0.2005615 0.1921387
vn 0.9604492 -0.2005615 0.1921387
vn 0.006290436 0.7456055 -0.6660156
vn 0.006290436 0.7456055 -0.6660156
vn 0.006290436 0.7456055 -0.6660156
vn 0.006290436 0.7456055 -0.6660156
vn 0.9663086 0.1983643 -0.1643066
vn 0.9663086 0.1983643 -0.1643066
vn 0.9663086 0.1983643 -0.1643066
vn 0.9663086 0.1983643 -0.1643066
vn -0.6254883 -0.5859375 0.5151367
vn -0.6254883 -0.5859375 0.5151367
vn -0.6254883 -0.5859375 0.5151367
vn -0.6254883 -0.5859375 0.5151367
vn 0.03048706 -0.7451172 0.6660156
vn 0.03048706 -0.7451172 0.6660156
vn 0.03048706 -0.7451172 0.6660156
vn 0.03048706 -0.7451172 0.6660156
vn 0.612793 0.5932617 -0.5219727
vn 0.612793 0.5932617 -0.5219727
vn 0.612793 0.5932617 -0.5219727
vn 0.612793 0.5932617 -0.5219727
vn -0.01340485 0.7456055 -0.6665039
vn -0.01340485 0.7456055 -0.6665039
vn -0.01340485 0.7456055 -0.6665039
vn -0.01340485 0.7456055 -0.6665039
vn -0.007129669 0.7456055 -0.6665039
vn -0.007129669 0.7456055 -0.6665039
vn -0.007129669 0.7456055 -0.6665039
vn -0.007129669 0.7456055 -0.6665039
vn 0.6640625 -0.5532227 0.5029297
vn 0.6640625 -0.5532227 0.5029297
vn 0.6640625 -0.5532227 0.5029297
vn 0.6640625 -0.5532227 0.5029297
vn -0.5981445 0.59375 -0.5385742
vn -0.5981445 0.59375 -0.5385742
vn -0.5981445 0.59375 -0.5385742
vn -0.5981445 0.59375 -0.5385742
vn 1 0.007534027 0.006698608
vn 1 0.007534027 0.006698608
vn 1 0.007534027 0.006698608
vn 1 0.007534027 0.006698608
vn -1 -0.007534027 -0.006698608
vn -1 -0.007534027 -0.006698608
vn -1 -0.007534027 -0.006698608
vn -1 -0.007534027 -0.006698608
vn -0.987793 0.1104736 -0.1119995
vn -0.987793 0.1104736 -0.1119995
vn -0.987793 0.1104736 -0.1119995
vn -0.987793 0.1104736 -0.1119995
vn -1 -0.005432129 -0.008583069
vn -1 -0.005432129 -0.008583069
vn -1 -0.005432129 -0.008583069
vn -1 -0.005432129 -0.008583069
vn -0.003559113 -0.7456055 0.6660156
vn -0.003559113 -0.7456055 0.6660156
vn -0.003559113 -0.7456055 0.6660156
vn -0.003559113 -0.7456055 0.6660156
vn 1 0.01135254 0.003290176
vn 1 0.01135254 0.003290176
vn 1 0.01135254 0.003290176
vn 1 0.01135254 0.003290176
vn -1 -0.007957458 -0.006324768
vn -1 -0.007957458 -0.006324768
vn -1 -0.007957458 -0.006324768
vn -1 -0.007957458 -0.006324768
vn -1 -0.007156372 -0.007041931
vn -1 -0.007156372 -0.007041931
vn 1 0.007534027 0.006702423
vn 1 0.007534027 0.006702423
vn 1 0.007534027 0.006702423
vn 1 0.007534027 0.006702423
vn 0.01882935 0.7456055 -0.6660156
vn 0.01882935 0.7456055 -0.6660156
vn 0.01882935 0.7456055 -0.6660156
vn 0.01882935 0.7456055 -0.6660156
vn 1 0.007785797 0.006477356
vn 1 0.007785797 0.006477356
vn 1 0.007785797 0.006477356
vn 1 0.007785797 0.006477356
vn 1 0.0115509 0.003110886
vn 1 0.0115509 0.003110886
vn 1 0.0115509 0.003110886
vn 1 0.0115509 0.003110886
vn -0.0401001 0.7446289 -0.6660156
vn -0.0401001 0.7446289 -0.6660156
vn -0.0401001 0.7446289 -0.6660156
vn -0.0401001 0.7446289 -0.6660156
vn 0.02514648 -0.7451172 0.6660156
vn 0.02514648 -0.7451172 0.6660156
vn 0.02514648 -0.7451172 0.6660156
vn 0.02514648 -0.7451172 0.6660156
vn -0.003574371 0.7456055 -0.6665039
vn -0.003574371 0.7456055 -0.6665039
vn -0.003574371 0.7456055 -0.6665039
vn -0.003574371 0.7456055 -0.6665039
vn -1 -0.0002832413 -0.01317596
vn -1 -0.0002832413 -0.01317596
vn -1 -0.0002832413 -0.01317596
vn -1 -0.0002832413 -0.01317596
vn 0.002616882 -0.7456055 0.6665039
vn 0.002616882 -0.7456055 0.6665039
vn 0.002616882 -0.7456055 0.6665039
vn 0.002616882 -0.7456055 0.6665039
vn -0.007125854 0.7456055 -0.6665039
vn -0.007125854 0.7456055 -0.6665039
vn -0.007125854 0.7456055 -0.6665039
vn -0.007125854 0.7456055 -0.6665039
vn 0.8588867 0.3874512 -0.3347168
vn 0.8588867 0.3874512 -0.3347168
vn 0.8588867 0.3874512 -0.3347168
vn 0.8588867 0.3874512 -0.3347168
vn 0.5395508 0.6313477 -0.5566406
vn 0.5395508 0.6313477 -0.5566406
vn 0.5395508 0.6313477 -0.5566406
vn 0.5395508 0.6313477 -0.5566406
vn -0.8076172 -0.4448242 0.3867188
vn -0.8076172 -0.4448242 0.3867188
vn -0.8076172 -0.4448242 0.3867188
vn -0.8076172 -0.4448242 0.3867188
vn -0.5585938 -0.6220703 0.5483398
vn -0.5585938 -0.6220703 0.5483398
vn -0.5585938 -0.6220703 0.5483398
vn -0.5585938 -0.6220703 0.5483398
vn 1 0.007534027 0.006702423
vn 1 0.007534027 0.006702423
vn 1 0.007534027 0.006702423
vn 1 0.007534027 0.006702423
vn 0.003229141 -0.7456055 0.6665039
vn 0.003229141 -0.7456055 0.6665039
vn 0.003229141 -0.7456055 0.6665039
vn 0.003229141 -0.7456055 0.6665039
vn -1 -0.007534027 -0.006702423
vn -1 -0.007534027 -0.006702423
vn -1 -0.007534027 -0.006702423
vn -1 -0.007534027 -0.006702423
vn 0.9995117 -0.0113678 0.02359009
vn 0.9995117 -0.0113678 0.02359009
vn 0.9995117 -0.0113678 0.02359009
vn 0.9995117 -0.0113678 0.02359009
vn 1 0.006633759 0.007507324
vn 1 0.006633759 0.007507324
vn 1 0.006633759 0.007507324
vn 1 0.006633759 0.007507324
vn -0.01508331 0.7456055 -0.6665039
vn -0.01508331 0.7456055 -0.6665039
vn -0.01508331 0.7456055 -0.6665039
vn -0.01508331 0.7456055 -0.6665039
vn -1 -0.007534027 -0.006702423
vn -1 -0.007534027 -0.006702423
vn -1 -0.007534027 -0.006702423
vn -1 -0.007534027 -0.006702423
vn 0.01507568 -0.7456055 0.6665039
vn 0.01507568 -0.7456055 0.6665039
vn 0.01507568 -0.7456055 0.6665039
vn 0.01507568 -0.7456055 0.6665039
vn 0.9013672 -0.3166504 0.2949219
vn 0.9013672 -0.3166504 0.2949219
vn 0.9013672 -0.3166504 0.2949219
vn 0.9013672 -0.3166504 0.2949219
vn -0.008277893 0.7456055 -0.6665039
vn -0.008277893 0.7456055 -0.6665039
vn -0.008277893 0.7456055 -0.6665039
vn -0.008277893 0.7456055 -0.6665039
vn -0.6420898 0.5673828 -0.515625
vn -0.6420898 0.5673828 -0.515625
vn -0.6420898 0.5673828 -0.515625
vn -0.6420898 0.5673828 -0.515625
vn 1 0.007534027 0.006702423
vn 1 0.007534027 0.006702423
vn 1 0.007534027 0.006702423
vn 1 0.007534027 0.006702423
vn -0.9042969 0.3120117 -0.2910156
vn -0.9042969 0.3120117 -0.2910156
vn -0.9042969 0.3120117 -0.2910156
vn -0.9042969 0.3120117 -0.2910156
vn 0.01861572 -0.7456055 0.6665039
vn 0.01861572 -0.7456055 0.6665039
vn 0.01861572 -0.7456055 0.6665039
vn 0.01861572 -0.7456055 0.6665039
vn 0.6445313 -0.565918 0.5141602
vn 0.6445313 -0.565918 0.5141602
vn 0.6445313 -0.565918 0.5141602
vn 0.6445313 -0.565918 0.5141602
vn -0.0401001 0.7446289 -0.6660156
vn -0.0401001 0.7446289 -0.6660156
vn -0.0401001 0.7446289 -0.6660156
vn -0.0401001 0.7446289 -0.6660156
vn 0.002616882 -0.7456055 0.6665039
vn 0.002616882 -0.7456055 0.6665039
vn 0.002616882 -0.7456055 0.6665039
vn 0.002616882 -0.7456055 0.6665039
vn 0.02670288 -0.7451172 0.6660156
vn 0.02670288 -0.7451172 0.6660156
vn 0.02670288 -0.7451172 0.6660156
vn 0.02670288 -0.7451172 0.6660156
vn -1 -0.007534027 -0.006702423
vn -1 -0.007534027 -0.006702423
vn -1 -0.007534027 -0.006702423
vn -1 -0.007534027 -0.006702423
vn -0.004112244 0.7456055 -0.6665039
vn -0.004112244 0.7456055 -0.6665039
vn -0.004112244 0.7456055 -0.6665039
vn -0.004112244 0.7456055 -0.6665039
vn 1 0.007534027 0.006702423
vn 1 0.007534027 0.006702423
vn 1 0.007534027 0.006702423
vn 1 0.007534027 0.006702423
vn -0.02310181 0.7451172 -0.6665039
vn -0.02310181 0.7451172 -0.6665039
vn -0.02310181 0.7451172 -0.6665039
vn -0.02310181 0.7451172 -0.6665039
vn -0.003572464 0.7456055 -0.6665039
vn -0.003572464 0.7456055 -0.6665039
vn -0.003572464 0.7456055 -0.6665039
vn -0.003572464 0.7456055 -0.6665039
vn 0.9584961 0.2185059 -0.182373
vn 0.9584961 0.2185059 -0.182373
vn 0.9584961 0.2185059 -0.182373
vn 0.9584961 0.2185059 -0.182373
vn -1 -0.006988525 -0.00718689
vn -1 -0.006988525 -0.00718689
vn -1 -0.006988525 -0.00718689
vn -1 -0.006988525 -0.00718689
vn -0.5683594 -0.6171875 0.5439453
vn -0.5683594 -0.6171875 0.5439453
vn -0.5683594 -0.6171875 0.5439453
vn -0.5683594 -0.6171875 0.5439453
vn -0.9545898 -0.2288818 0.1916504
vn -0.9545898 -0.2288818 0.1916504
vn -0.9545898 -0.2288818 0.1916504
vn -0.9545898 -0.2288818 0.1916504
vn 1 0.007331848 0.006881714
vn 1 0.007331848 0.006881714
vn 1 0.007331848 0.006881714
vn 1 0.007331848 0.006881714
vn 1 0.008216858 0.006088257
vn 1 0.008216858 0.006088257
vn 0.5102539 0.6445313 -0.5693359
vn 0.5102539 0.6445313 -0.5693359
vn 0.5102539 0.6445313 -0.5693359
vn 0.5102539 0.6445313 -0.5693359
vn 0.003229141 -0.7456055 0.6665039
vn 0.003229141 -0.7456055 0.6665039
vn 0.003229141 -0.7456055 0.6665039
vn 0.003229141 -0.7456055 0.6665039
vn 0.1290283 -0.7387695 0.6616211
vn 0.1290283 -0.7387695 0.6616211
vn 0.1290283 -0.7387695 0.6616211
vn 0.1290283 -0.7387695 0.6616211
vn -1 -0.008018494 -0.006267548
vn -1 -0.008018494 -0.006267548
vn -1 -0.008018494 -0.006267548
vn -1 -0.008018494 -0.006267548
vn -0.01340485 0.7456055 -0.6665039
vn -0.01340485 0.7456055 -0.6665039
vn -0.01340485 0.7456055 -0.6665039
vn -0.01340485 0.7456055 -0.6665039
vn -0.01371002 0.7456055 -0.6665039
vn -0.01371002 0.7456055 -0.6665039
vn -0.01371002 0.7456055 -0.6665039
vn -0.01371002 0.7456055 -0.6665039
vn 0.6503906 -0.5620117 0.5112305
vn 0.6503906 -0.5620117 0.5112305
vn 0.6503906 -0.5620117 0.5112305
vn 0.6503906 -0.5620117 0.5112305
vn -0.9560547 0.211792 -0.2020264
vn -0.9560547 0.211792 -0.2020264
vn -0.9560547 0.211792 -0.2020264
vn -0.9560547 0.211792 -0.2020264
vn 0.009254456 -0.949707 -0.3127441
vn 0.009254456 -0.949707 -0.3127441
vn 0.009254456 -0.949707 -0.3127441
vn 0.009254456 -0.949707 -0.3127441
vn 0.001153946 -0.7456055 0.6665039
vn 0.001153946 -0.7456055 0.6665039
vn 0.001153946 -0.7456055 0.6665039
vn 0.001153946 -0.7456055 0.6665039
vn -0.008094788 0.2041016 0.9790039
vn -0.008094788 0.2041016 0.9790039
vn -0.008094788 0.2041016 0.9790039
vn -0.008094788 0.2041016 0.9790039
vn -0.009254456 0.949707 0.3127441
vn -0.009254456 0.949707 0.3127441
vn -0.009254456 0.949707 0.3127441
vn -0.009254456 0.949707 0.3127441
vn 1 0.007534027 0.006698608
vn 1 0.007534027 0.006698608
vn 1 0.007534027 0.006698608
vn 1 0.007534027 0.006698608
vn 1 0.007534027 0.006698608
vn 1 0.007534027 0.006698608
vn -0.001153946 0.7456055 -0.6665039
vn -0.001153946 0.7456055 -0.6665039
vn -0.001153946 0.7456055 -0.6665039
vn -0.001153946 0.7456055 -0.6665039
vn 0.008094788 -0.2041016 -0.9790039
vn 0.008094788 -0.2041016 -0.9790039
vn 0.008094788 -0.2041016 -0.9790039
vn 0.008094788 -0.2041016 -0.9790039
vn -1 -0.007534027 -0.006702423
vn -1 -0.007534027 -0.006702423
vn -1 -0.007534027 -0.006702423
vn -1 -0.007534027 -0.006702423
vn -1 -0.007534027 -0.006702423
vn -1 -0.007534027 -0.006702423
vn 0.009254456 -0.949707 -0.3127441
vn 0.009254456 -0.949707 -0.3127441
vn 0.009254456 -0.949707 -0.3127441
vn 0.009254456 -0.949707 -0.3127441
vn 0.001153946 -0.7456055 0.6665039
vn 0.001153946 -0.7456055 0.6665039
vn 0.001153946 -0.7456055 0.6665039
vn 0.001153946 -0.7456055 0.6665039
vn -0.008094788 0.2041016 0.9790039
vn -0.008094788 0.2041016 0.9790039
vn -0.008094788 0.2041016 0.9790039
vn -0.008094788 0.2041016 0.9790039
vn -0.009254456 0.949707 0.3127441
vn -0.009254456 0.949707 0.3127441
vn -0.009254456 0.949707 0.3127441
vn -0.009254456 0.949707 0.3127441
vn 1 0.007534027 0.006698608
vn 1 0.007534027 0.006698608
vn 1 0.007534027 0.006698608
vn 1 0.007534027 0.006698608
vn 1 0.007534027 0.006698608
vn 1 0.007534027 0.006698608
vn -0.001153946 0.7456055 -0.6665039
vn -0.001153946 0.7456055 -0.6665039
vn -0.001153946 0.7456055 -0.6665039
vn -0.001153946 0.7456055 -0.6665039
vn 0.008094788 -0.2041016 -0.9790039
vn 0.008094788 -0.2041016 -0.9790039
vn 0.008094788 -0.2041016 -0.9790039
vn 0.008094788 -0.2041016 -0.9790039
vn -1 -0.007534027 -0.006702423
vn -1 -0.007534027 -0.006702423
vn -1 -0.007534027 -0.006702423
vn -1 -0.007534027 -0.006702423
vn -1 -0.007534027 -0.006702423
vn -1 -0.007534027 -0.006702423
vn 0.009254456 -0.949707 -0.3127441
vn 0.009254456 -0.949707 -0.3127441
vn 0.009254456 -0.949707 -0.3127441
vn 0.009254456 -0.949707 -0.3127441
vn 0.001153946 -0.7456055 0.6665039
vn 0.001153946 -0.7456055 0.6665039
vn 0.001153946 -0.7456055 0.6665039
vn 0.001153946 -0.7456055 0.6665039
vn -0.008094788 0.2041016 0.9790039
vn -0.008094788 0.2041016 0.9790039
vn -0.008094788 0.2041016 0.9790039
vn -0.008094788 0.2041016 0.9790039
vn -0.009254456 0.949707 0.3127441
vn -0.009254456 0.949707 0.3127441
vn -0.009254456 0.949707 0.3127441
vn -0.009254456 0.949707 0.3127441
vn 1 0.007534027 0.006702423
vn 1 0.007534027 0.006702423
vn 1 0.007534027 0.006702423
vn 1 0.007534027 0.006702423
vn 1 0.007534027 0.006702423
vn 1 0.007534027 0.006702423
vn -0.001153946 0.7456055 -0.6665039
vn -0.001153946 0.7456055 -0.6665039
vn -0.001153946 0.7456055 -0.6665039
vn -0.001153946 0.7456055 -0.6665039
vn 0.008094788 -0.2041016 -0.9790039
vn 0.008094788 -0.2041016 -0.9790039
vn 0.008094788 -0.2041016 -0.9790039
vn 0.008094788 -0.2041016 -0.9790039
vn -1 -0.007537842 -0.006702423
vn -1 -0.007537842 -0.006702423
vn -1 -0.007537842 -0.006702423
vn -1 -0.007537842 -0.006702423
vn -1 -0.007537842 -0.006702423
vn -1 -0.007537842 -0.006702423
vn -0.4912109 -0.5644531 -0.6635742
vn -0.4912109 -0.5644531 -0.6635742
vn -0.4912109 -0.5644531 -0.6635742
vn -0.4912109 -0.5644531 -0.6635742
vn -1 -0.007534027 -0.006702423
vn -1 -0.007534027 -0.006702423
vn -1 -0.007534027 -0.006702423
vn -1 -0.007534027 -0.006702423
vn -0.5083008 0.5571289 0.6567383
vn -0.5083008 0.5571289 0.6567383
vn -0.5083008 0.5571289 0.6567383
vn -0.5083008 0.5571289 0.6567383
vn 0.4912109 0.5644531 0.6635742
vn 0.4912109 0.5644531 0.6635742
vn 0.4912109 0.5644531 0.6635742
vn 0.4912109 0.5644531 0.6635742
vn 0.001152992 -0.7456055 0.6665039
vn 0.001152992 -0.7456055 0.6665039
vn 0.001152992 -0.7456055 0.6665039
vn 0.001152992 -0.7456055 0.6665039
vn 1 0.007530212 0.006702423
vn 1 0.007530212 0.006702423
vn 1 0.007530212 0.006702423
vn 1 0.007530212 0.006702423
vn 0.5083008 -0.5571289 -0.6567383
vn 0.5083008 -0.5571289 -0.6567383
vn 0.5083008 -0.5571289 -0.6567383
vn 0.5083008 -0.5571289 -0.6567383
vn -0.001157761 0.7456055 -0.6665039
vn -0.001157761 0.7456055 -0.6665039
vn -0.001157761 0.7456055 -0.6665039
vn -0.001157761 0.7456055 -0.6665039
vn -0.001157761 0.7456055 -0.6665039
vn -0.001157761 0.7456055 -0.6665039
vn -0.4912109 -0.5644531 -0.6635742
vn -0.4912109 -0.5644531 -0.6635742
vn -0.4912109 -0.5644531 -0.6635742
vn -0.4912109 -0.5644531 -0.6635742
vn -1 -0.007534027 -0.006698608
vn -1 -0.007534027 -0.006698608
vn -1 -0.007534027 -0.006698608
vn -1 -0.007534027 -0.006698608
vn -0.5083008 0.5571289 0.6567383
vn -0.5083008 0.5571289 0.6567383
vn -0.5083008 0.5571289 0.6567383
vn -0.5083008 0.5571289 0.6567383
vn 0.4912109 0.5644531 0.6635742
vn 0.4912109 0.5644531 0.6635742
vn 0.4912109 0.5644531 0.6635742
vn 0.4912109 0.5644531 0.6635742
vn 0.001155853 -0.7456055 0.6665039
vn 0.001155853 -0.7456055 0.6665039
vn 0.001155853 -0.7456055 0.6665039
vn 0.001155853 -0.7456055 0.6665039
vn 0.001155853 -0.7456055 0.6665039
vn 0.001155853 -0.7456055 0.6665039
vn 0.001155853 -0.7456055 0.6665039
vn 0.001155853 -0.7456055 0.6665039
vn 1 0.007534027 0.006698608
vn 1 0.007534027 0.006698608
vn 1 0.007534027 0.006698608
vn 1 0.007534027 0.006698608
vn 0.5083008 -0.5571289 -0.6567383
vn 0.5083008 -0.5571289 -0.6567383
vn 0.5083008 -0.5571289 -0.6567383
vn 0.5083008 -0.5571289 -0.6567383
vn -0.001152992 0.7456055 -0.6665039
vn -0.001152992 0.7456055 -0.6665039
vn -0.001152992 0.7456055 -0.6665039
vn -0.001152992 0.7456055 -0.6665039
vn -0.001152992 0.7456055 -0.6665039
vn -0.001152992 0.7456055 -0.6665039
vn -0.4912109 -0.5644531 -0.6635742
vn -0.4912109 -0.5644531 -0.6635742
vn -0.4912109 -0.5644531 -0.6635742
vn -0.4912109 -0.5644531 -0.6635742
vn -1 -0.007534027 -0.006698608
vn -1 -0.007534027 -0.006698608
vn -1 -0.007534027 -0.006698608
vn -1 -0.007534027 -0.006698608
vn -0.5083008 0.5571289 0.6567383
vn -0.5083008 0.5571289 0.6567383
vn -0.5083008 0.5571289 0.6567383
vn -0.5083008 0.5571289 0.6567383
vn 0.4912109 0.5644531 0.6635742
vn 0.4912109 0.5644531 0.6635742
vn 0.4912109 0.5644531 0.6635742
vn 0.4912109 0.5644531 0.6635742
vn 0.001152039 -0.7456055 0.6665039
vn 0.001152039 -0.7456055 0.6665039
vn 0.001152039 -0.7456055 0.6665039
vn 0.001152039 -0.7456055 0.6665039
vn 0.001152039 -0.7456055 0.6665039
vn 0.001152039 -0.7456055 0.6665039
vn 1 0.007530212 0.006698608
vn 1 0.007530212 0.006698608
vn 1 0.007530212 0.006698608
vn 1 0.007530212 0.006698608
vn 0.5083008 -0.5571289 -0.6567383
vn 0.5083008 -0.5571289 -0.6567383
vn 0.5083008 -0.5571289 -0.6567383
vn 0.5083008 -0.5571289 -0.6567383
vn -0.001155853 0.7456055 -0.6665039
vn -0.001155853 0.7456055 -0.6665039
vn -0.001155853 0.7456055 -0.6665039
vn -0.001155853 0.7456055 -0.6665039
vn -0.001155853 0.7456055 -0.6665039
vn -0.001155853 0.7456055 -0.6665039
vn -0.9165039 0.0003340244 0.4001465
vn -0.9165039 0.0003340244 0.4001465
vn -0.9165039 0.0003340244 0.4001465
vn -0.9165039 0.0003340244 0.4001465
vn -0.9052734 0.0003335476 -0.4243164
vn -0.9052734 0.0003335476 -0.4243164
vn -0.9052734 0.0003335476 -0.4243164
vn -0.9052734 0.0003335476 -0.4243164
vn 0.9052734 0.0003328323 0.4243164
vn 0.9052734 0.0003328323 0.4243164
vn 0.9052734 0.0003328323 0.4243164
vn 0.9052734 0.0003328323 0.4243164
vn 0 1 0
vn 0 1 0
vn 0 1 0
vn 0 1 0
vn 0 1 0
vn 0 1 0
vn 0 1 0
vn 0 1 0
vn 0 1 0
vn 0 1 0
vn 0 1 0
vn 0 1 0
vn 0.4243164 0.0003340244 -0.9052734
vn 0.4243164 0.0003340244 -0.9052734
vn 0.4243164 0.0003340244 -0.9052734
vn 0.4243164 0.0003340244 -0.9052734
vn -0.4001465 -0.0009636879 -0.9165039
vn -0.4001465 -0.0009636879 -0.9165039
vn -0.4001465 -0.0009636879 -0.9165039
vn -0.4001465 -0.0009636879 -0.9165039
vn 0.9052734 -0.0009646416 0.4243164
vn 0.9052734 -0.0009646416 0.4243164
vn 0.9052734 -0.0009646416 0.4243164
vn 0.9052734 -0.0009646416 0.4243164
vn 0.9165039 -0.0009617805 -0.4001465
vn 0.9165039 -0.0009617805 -0.4001465
vn 0.9165039 -0.0009617805 -0.4001465
vn 0.9165039 -0.0009617805 -0.4001465
vn -0.9052734 -0.0009632111 -0.4243164
vn -0.9052734 -0.0009632111 -0.4243164
vn -0.9052734 -0.0009632111 -0.4243164
vn -0.9052734 -0.0009632111 -0.4243164
vn -0.01328278 0 1
vn -0.01328278 0 1
vn -0.01328278 0 1
vn -0.01328278 0 1
vn -1 0 -0.01091003
vn -1 0 -0.01091003
vn -1 0 -0.01091003
vn -1 0 -0.01091003
vn 0.01328278 0 -1
vn 0.01328278 0 -1
vn 0.01328278 0 -1
vn 0.01328278 0 -1
vn -0.4001465 0.000333786 -0.9165039
vn -0.4001465 0.000333786 -0.9165039
vn -0.4001465 0.000333786 -0.9165039
vn -0.4001465 0.000333786 -0.9165039
vn 1 0 0.01091003
vn 1 0 0.01091003
vn 1 0 0.01091003
vn 1 0 0.01091003
vn 0.9165039 0.0003352165 -0.4001465
vn 0.9165039 0.0003352165 -0.4001465
vn 0.9165039 0.0003352165 -0.4001465
vn 0.9165039 0.0003352165 -0.4001465
vn 0.4001465 0.000333786 0.9165039
vn 0.4001465 0.000333786 0.9165039
vn 0.4001465 0.000333786 0.9165039
vn 0.4001465 0.000333786 0.9165039
vn 0.4243164 -0.0009641647 -0.9052734
vn 0.4243164 -0.0009641647 -0.9052734
vn 0.4243164 -0.0009641647 -0.9052734
vn 0.4243164 -0.0009641647 -0.9052734
vn 1 0 0.00995636
vn 1 0 0.00995636
vn 1 0 0.00995636
vn 1 0 0.00995636
vn -0.01328278 0 1
vn -0.01328278 0 1
vn -0.01328278 0 1
vn -0.01328278 0 1
vn 0.4001465 -0.0009632111 0.9165039
vn 0.4001465 -0.0009632111 0.9165039
vn 0.4001465 -0.0009632111 0.9165039
vn 0.4001465 -0.0009632111 0.9165039
vn -0.4243164 0.0003347397 0.9052734
vn -0.4243164 0.0003347397 0.9052734
vn -0.4243164 0.0003347397 0.9052734
vn -0.4243164 0.0003347397 0.9052734
vn -0.9165039 -0.0009608269 0.4001465
vn -0.9165039 -0.0009608269 0.4001465
vn -0.9165039 -0.0009608269 0.4001465
vn -0.9165039 -0.0009608269 0.4001465
vn -0.4243164 -0.0009584427 0.9052734
vn -0.4243164 -0.0009584427 0.9052734
vn -0.4243164 -0.0009584427 0.9052734
vn -0.4243164 -0.0009584427 0.9052734
vn -1 0 -0.00995636
vn -1 0 -0.00995636
vn -1 0 -0.00995636
vn -1 0 -0.00995636
vn 0.01328278 0 -1
vn 0.01328278 0 -1
vn 0.01328278 0 -1
vn 0.01328278 0 -1
vn -0.2893066 0.730957 0.6176758
vn -0.2893066 0.730957 0.6176758
vn -0.2893066 0.730957 0.6176758
vn -0.2893066 0.730957 0.6176758
vn -0.6254883 0.730957 0.2729492
vn -0.6254883 0.730957 0.2729492
vn -0.6254883 0.730957 0.2729492
vn -0.6254883 0.730957 0.2729492
vn -0.2729492 0.730957 -0.6254883
vn -0.2729492 0.730957 -0.6254883
vn -0.2729492 0.730957 -0.6254883
vn -0.2729492 0.730957 -0.6254883
vn -0.6176758 0.730957 -0.2893066
vn -0.6176758 0.730957 -0.2893066
vn -0.6176758 0.730957 -0.2893066
vn -0.6176758 0.730957 -0.2893066
vn 0.6254883 0.730957 -0.2729492
vn 0.6254883 0.730957 -0.2729492
vn 0.6254883 0.730957 -0.2729492
vn 0.6254883 0.730957 -0.2729492
vn 0.2893066 0.730957 -0.6176758
vn 0.2893066 0.730957 -0.6176758
vn 0.2893066 0.730957 -0.6176758
vn 0.2893066 0.730957 -0.6176758
vn 0.2729492 0.730957 0.6254883
vn 0.2729492 0.730957 0.6254883
vn 0.2729492 0.730957 0.6254883
vn 0.2729492 0.730957 0.6254883
vn 0.6176758 0.730957 0.2893066
vn 0.6176758 0.730957 0.2893066
vn 0.6176758 0.730957 0.2893066
vn 0.6176758 0.730957 0.2893066
vn 0.2897949 0.730957 -0.6181641
vn 0.2897949 0.730957 -0.6181641
vn 0.2897949 0.730957 -0.6181641
vn 0.2897949 0.730957 -0.6181641
vn 0.6254883 0.730957 -0.2731934
vn 0.6254883 0.730957 -0.2731934
vn 0.6254883 0.730957 -0.2731934
vn 0.6254883 0.730957 -0.2731934
vn 0.2731934 0.730957 0.6254883
vn 0.2731934 0.730957 0.6254883
vn 0.2731934 0.730957 0.6254883
vn 0.2731934 0.730957 0.6254883
vn 0.6181641 0.730957 0.2897949
vn 0.6181641 0.730957 0.2897949
vn 0.6181641 0.730957 0.2897949
vn 0.6181641 0.730957 0.2897949
vn -0.6254883 0.730957 0.2731934
vn -0.6254883 0.730957 0.2731934
vn -0.6254883 0.730957 0.2731934
vn -0.6254883 0.730957 0.2731934
vn -0.2897949 0.730957 0.6181641
vn -0.2897949 0.730957 0.6181641
vn -0.2897949 0.730957 0.6181641
vn -0.2897949 0.730957 0.6181641
vn -0.2731934 0.730957 -0.6254883
vn -0.2731934 0.730957 -0.6254883
vn -0.2731934 0.730957 -0.6254883
vn -0.2731934 0.730957 -0.6254883
vn -0.6181641 0.730957 -0.2897949
vn -0.6181641 0.730957 -0.2897949
vn -0.6181641 0.730957 -0.2897949
vn -0.6181641 0.730957 -0.2897949
vn -0.7768555 0.6298828 -0.008453369
vn -0.7768555 0.6298828 -0.008453369
vn -0.7768555 0.6298828 -0.008453369
vn -0.7768555 0.6298828 -0.008453369
vn -0.01032257 0.6298828 0.7768555
vn -0.01032257 0.6298828 0.7768555
vn -0.01032257 0.6298828 0.7768555
vn -0.01032257 0.6298828 0.7768555
vn 0.7768555 0.6298828 0.007770538
vn 0.7768555 0.6298828 0.007770538
vn 0.7768555 0.6298828 0.007770538
vn 0.7768555 0.6298828 0.007770538
vn 0.01032257 0.6298828 -0.7768555
vn 0.01032257 0.6298828 -0.7768555
vn 0.01032257 0.6298828 -0.7768555
vn 0.01032257 0.6298828 -0.7768555
vn 0.01032257 0.6298828 -0.7768555
vn 0.01032257 0.6298828 -0.7768555
vn 0.01032257 0.6298828 -0.7768555
vn 0.01032257 0.6298828 -0.7768555
vn -0.01032257 0.6298828 0.7768555
vn -0.01032257 0.6298828 0.7768555
vn -0.01032257 0.6298828 0.7768555
vn -0.01032257 0.6298828 0.7768555
vn 0.7768555 0.6298828 0.008453369
vn 0.7768555 0.6298828 0.008453369
vn 0.7768555 0.6298828 0.008453369
vn 0.7768555 0.6298828 0.008453369
vn -0.7768555 0.6298828 -0.007770538
vn -0.7768555 0.6298828 -0.007770538
vn -0.7768555 0.6298828 -0.007770538
vn -0.7768555 0.6298828 -0.007770538
vn 0.03466797 -0.7177734 -0.6953125
vn 0.4367676 -0.7177734 -0.5419922
vn 0.5922852 -0.3293457 -0.7353516
vn 0.04702759 -0.3293457 -0.9428711
vn 0.6274414 0 -0.7788086
vn -0.3806152 -0.7177734 -0.5830078
vn 0 -1 0
vn 0.04980469 0 -0.9985352
vn 0.5922852 0.3293457 -0.7353516
vn -0.5161133 -0.3293457 -0.7905273
vn -0.6508789 -0.7177734 -0.2479248
vn 0.04702759 0.3293457 -0.9428711
vn 0.4367676 0.7177734 -0.5419922
vn 0.03466797 0.7177734 -0.6953125
vn -0.671875 -0.7177734 0.1818848
vn -0.4367676 -0.7177734 0.5424805
vn -0.8823242 -0.3293457 -0.3361816
vn -0.546875 0 -0.8374023
vn -0.9116211 -0.3293457 0.2467041
vn -0.5922852 -0.3293457 0.7353516
vn -0.5161133 0.3293457 -0.7905273
vn -0.9345703 0 -0.355957
vn -0.965332 0 0.2612305
vn -0.6274414 0 0.7788086
vn -0.3806152 0.7177734 -0.5830078
vn 0 1 0
vn -0.8823242 0.3293457 -0.3361816
vn -0.9116211 0.3293457 0.2467041
vn -0.5922852 0.3293457 0.7353516
vn -0.6508789 0.7177734 -0.2479248
vn -0.671875 0.7177734 0.1818848
vn -0.4367676 0.7177734 0.5424805
vn 0.03466797 0.7177734 -0.6953125
vn 0.4367676 0.7177734 -0.5419922
vn 0 1 0
vn 0.671875 0.7177734 -0.1818848
vn 0.5922852 0.3293457 -0.7353516
vn 0.9116211 0.3293457 -0.2467041
vn 0.6274414 0 -0.7788086
vn 0.6508789 0.7177734 0.2479248
vn 0.965332 0 -0.2612305
vn 0.5922852 -0.3293457 -0.7353516
vn 0.8823242 0.3293457 0.3361816
vn 0.3806152 0.7177734 0.5830078
vn 0.9116211 -0.3293457 -0.2467041
vn 0.4367676 -0.7177734 -0.5419922
vn -0.03469849 0.7177734 0.6953125
vn -0.4367676 0.7177734 0.5424805
vn 0.5161133 0.3293457 0.7905273
vn 0.9345703 0 0.355957
vn -0.04702759 0.3293457 0.9428711
vn -0.5922852 0.3293457 0.7353516
vn 0.546875 0 0.8374023
vn -0.04980469 0 0.9985352
vn -0.6274414 0 0.7788086
vn 0.8823242 -0.3293457 0.3361816
vn 0.5161133 -0.3293457 0.7905273
vn -0.04702759 -0.3293457 0.9428711
vn -0.5922852 -0.3293457 0.7353516
vn 0.671875 -0.7177734 -0.1818848
vn 0.6508789 -0.7177734 0.2479248
vn 0 -1 0
vn 0.03466797 -0.7177734 -0.6953125
vn 0.3806152 -0.7177734 0.5830078
vn -0.03469849 -0.7177734 0.6953125
vn -0.4367676 -0.7177734 0.5424805
vn 0.03466797 -0.7177734 -0.6953125
vn 0.4367676 -0.7177734 -0.5419922
vn 0.5922852 -0.3293457 -0.7353516
vn 0.04702759 -0.3293457 -0.9428711
vn 0.6274414 0 -0.7788086
vn -0.3806152 -0.7177734 -0.5830078
vn 0 -1 0
vn 0.04980469 0 -0.9985352
vn 0.5922852 0.3293457 -0.7353516
vn -0.5161133 -0.3293457 -0.7905273
vn -0.6508789 -0.7177734 -0.2479248
vn 0.04702759 0.3293457 -0.9428711
vn 0.4367676 0.7177734 -0.5419922
vn 0.03466797 0.7177734 -0.6953125
vn -0.671875 -0.7177734 0.1818848
vn -0.4367676 -0.7177734 0.5419922
vn -0.8823242 -0.3293457 -0.3361816
vn -0.546875 0 -0.8374023
vn -0.9116211 -0.3293457 0.2467041
vn -0.5922852 -0.3293457 0.7353516
vn -0.5161133 0.3293457 -0.7905273
vn -0.9345703 0 -0.355957
vn -0.965332 0 0.2612305
vn -0.6274414 0 0.7788086
vn -0.3806152 0.7177734 -0.5830078
vn 0 1 0
vn -0.8823242 0.3293457 -0.3361816
vn -0.9116211 0.3293457 0.2467041
vn -0.5922852 0.3293457 0.7353516
vn -0.6508789 0.7177734 -0.2479248
vn -0.671875 0.7177734 0.1818848
vn -0.4367676 0.7177734 0.5419922
vn 0.03466797 0.7177734 -0.6953125
vn 0.4367676 0.7177734 -0.5419922
vn 0 1 0
vn 0.671875 0.7177734 -0.1818848
vn 0.5922852 0.3293457 -0.7353516
vn 0.9116211 0.3293457 -0.2467041
vn 0.6274414 0 -0.7788086
vn 0.6508789 0.7177734 0.2479248
vn 0.965332 0 -0.2612305
vn 0.5922852 -0.3293457 -0.7353516
vn 0.8823242 0.3293457 0.3361816
vn 0.3806152 0.7177734 0.5830078
vn 0.9116211 -0.3293457 -0.2467041
vn 0.4367676 -0.7177734 -0.5419922
vn -0.03469849 0.7177734 0.6953125
vn -0.4367676 0.7177734 0.5419922
vn 0.5161133 0.3293457 0.7905273
vn 0.9345703 0 0.355957
vn -0.04702759 0.3293457 0.9428711
vn -0.5922852 0.3293457 0.7353516
vn 0.546875 0 0.8374023
vn -0.04980469 0 0.9985352
vn -0.6274414 0 0.7788086
vn 0.8823242 -0.3293457 0.3361816
vn 0.5161133 -0.3293457 0.7905273
vn -0.04702759 -0.3293457 0.9428711
vn -0.5922852 -0.3293457 0.7353516
vn 0.671875 -0.7177734 -0.1818848
vn 0.6508789 -0.7177734 0.2479248
vn 0 -1 0
vn 0.03466797 -0.7177734 -0.6953125
vn 0.3806152 -0.7177734 0.5830078
vn -0.03469849 -0.7177734 0.6953125
vn -0.4367676 -0.7177734 0.5419922
vn 0.4511719 -0.7177734 0.5302734
vn 0.05328369 -0.7177734 0.6943359
vn 0.07226563 -0.3293457 0.9414063
vn 0.6118164 -0.3293457 0.7192383
vn 0.07653809 0 0.9970703
vn 0.6767578 -0.7177734 0.1638184
vn 0 -1 0
vn 0.6479492 0 0.7617188
vn 0.07226563 0.3293457 0.9414063
vn 0.9174805 -0.3293457 0.222168
vn 0.644043 -0.7177734 -0.2651367
vn 0.6118164 0.3293457 0.7192383
vn 0.05328369 0.7177734 0.6943359
vn 0.4511719 0.7177734 0.5302734
vn 0.3649902 -0.7177734 -0.5927734
vn -0.05328369 -0.7177734 -0.6943359
vn 0.8730469 -0.3293457 -0.3596191
vn 0.9716797 0 0.2353516
vn 0.494873 -0.3293457 -0.8041992
vn -0.07226563 -0.3293457 -0.9414063
vn 0.9174805 0.3293457 0.222168
vn 0.9248047 0 -0.3808594
vn 0.5239258 0 -0.8515625
vn -0.07653809 0 -0.9970703
vn 0.6767578 0.7177734 0.1638184
vn 0 1 0
vn 0.8730469 0.3293457 -0.3596191
vn 0.494873 0.3293457 -0.8041992
vn -0.07226563 0.3293457 -0.9414063
vn 0.644043 0.7177734 -0.2651367
vn 0.3649902 0.7177734 -0.5927734
vn -0.05328369 0.7177734 -0.6943359
vn 0.4511719 0.7177734 0.5302734
vn 0.05328369 0.7177734 0.6943359
vn 0 1 0
vn -0.3649902 0.7177734 0.5927734
vn 0.07226563 0.3293457 0.9414063
vn -0.494873 0.3293457 0.8041992
vn 0.07653809 0 0.9970703
vn -0.644043 0.7177734 0.2651367
vn -0.5239258 0 0.8515625
vn 0.07226563 -0.3293457 0.9414063
vn -0.8730469 0.3293457 0.3596191
vn -0.6767578 0.7177734 -0.1638184
vn -0.494873 -0.3293457 0.8041992
vn 0.05328369 -0.7177734 0.6943359
vn -0.4511719 0.7177734 -0.5302734
vn -0.05328369 0.7177734 -0.6943359
vn -0.9174805 0.3293457 -0.222168
vn -0.9248047 0 0.3808594
vn -0.6118164 0.3293457 -0.7192383
vn -0.07226563 0.3293457 -0.9414063
vn -0.9716797 0 -0.2353516
vn -0.6479492 0 -0.7617188
vn -0.07653809 0 -0.9970703
vn -0.8730469 -0.3293457 0.3596191
vn -0.9174805 -0.3293457 -0.222168
vn -0.6118164 -0.3293457 -0.7192383
vn -0.07226563 -0.3293457 -0.9414063
vn -0.3649902 -0.7177734 0.5927734
vn -0.644043 -0.7177734 0.2651367
vn 0 -1 0
vn 0.4511719 -0.7177734 0.5302734
vn -0.6767578 -0.7177734 -0.1638184
vn -0.4511719 -0.7177734 -0.5302734
vn -0.05328369 -0.7177734 -0.6943359
vn 0.4511719 -0.7177734 0.5302734
vn 0.05328369 -0.7177734 0.6943359
vn 0.07226563 -0.3293457 0.9414063
vn 0.6118164 -0.3293457 0.7192383
vn 0.07653809 0 0.9970703
vn 0.6767578 -0.7177734 0.1638184
vn 0 -1 0
vn 0.6479492 0 0.7617188
vn 0.07226563 0.3293457 0.9414063
vn 0.9174805 -0.3293457 0.222168
vn 0.644043 -0.7177734 -0.2651367
vn 0.6118164 0.3293457 0.7192383
vn 0.05328369 0.7177734 0.6943359
vn 0.4511719 0.7177734 0.5302734
vn 0.3649902 -0.7177734 -0.5927734
vn -0.05328369 -0.7177734 -0.6943359
vn 0.8730469 -0.3293457 -0.3596191
vn 0.9716797 0 0.2353516
vn 0.494873 -0.3293457 -0.8041992
vn -0.07226563 -0.3293457 -0.9414063
vn 0.9174805 0.3293457 0.222168
vn 0.9248047 0 -0.3808594
vn 0.5239258 0 -0.8515625
vn -0.07653809 0 -0.9970703
vn 0.6767578 0.7177734 0.1638184
vn 0 1 0
vn 0.8730469 0.3293457 -0.3596191
vn 0.494873 0.3293457 -0.8041992
vn -0.07226563 0.3293457 -0.9414063
vn 0.644043 0.7177734 -0.2651367
vn 0.3649902 0.7177734 -0.5927734
vn -0.05328369 0.7177734 -0.6943359
vn 0.4511719 0.7177734 0.5302734
vn 0.05328369 0.7177734 0.6943359
vn 0 1 0
vn -0.3649902 0.7177734 0.5927734
vn 0.07226563 0.3293457 0.9414063
vn -0.494873 0.3293457 0.8041992
vn 0.07653809 0 0.9970703
vn -0.644043 0.7177734 0.2651367
vn -0.5239258 0 0.8515625
vn 0.07226563 -0.3293457 0.9414063
vn -0.8730469 0.3293457 0.3596191
vn -0.6767578 0.7177734 -0.1638184
vn -0.494873 -0.3293457 0.8041992
vn 0.05328369 -0.7177734 0.6943359
vn -0.4511719 0.7177734 -0.5302734
vn -0.05328369 0.7177734 -0.6943359
vn -0.9174805 0.3293457 -0.222168
vn -0.9248047 0 0.3808594
vn -0.6118164 0.3293457 -0.7192383
vn -0.07226563 0.3293457 -0.9414063
vn -0.9716797 0 -0.2353516
vn -0.6479492 0 -0.7617188
vn -0.07653809 0 -0.9970703
vn -0.8730469 -0.3293457 0.3596191
vn -0.9174805 -0.3293457 -0.222168
vn -0.6118164 -0.3293457 -0.7192383
vn -0.07226563 -0.3293457 -0.9414063
vn -0.3649902 -0.7177734 0.5927734
vn -0.644043 -0.7177734 0.2651367
vn 0 -1 0
vn 0.4511719 -0.7177734 0.5302734
vn -0.6767578 -0.7177734 -0.1638184
vn -0.4511719 -0.7177734 -0.5302734
vn -0.05328369 -0.7177734 -0.6943359
vn 0 1 0
vn 0 1 0
vn 0 1 0
vn 0 1 0
vn 0 1 0
vn 0 1 0
vn 0 1 0
vn 0 1 0
vn 0 1 0
vn 0 1 0
vn 0 1 0
vn 0 1 0
vn 0 1 0
vn 0 1 0
vn 0 1 0
vn 0 1 0
vn 0 1 0
vn 0 1 0
vn 0 1 0
vn 0 1 0
vn 0 1 0
vn 0 1 0
vn 0 1 0
vn 0 1 0
vn -0.0100174 0.6660156 0.7456055
vn -0.0100174 0.6660156 0.7456055
vn -0.0100174 0.6660156 0.7456055
vn -0.0100174 0.6660156 0.7456055
vn -0.0100174 0.6660156 0.7456055
vn -0.0100174 0.6660156 0.7456055
vn -0.0100174 0.6660156 0.7456055
vn -0.0100174 0.6660156 0.7456055
vn -0.0100174 0.6660156 0.7456055
vn -0.0100174 0.6660156 0.7456055
vn -0.0100174 0.6660156 0.7456055
vn -0.0100174 0.6660156 0.7456055
vn -0.0100174 0.6660156 0.7456055
vn -0.0100174 0.6660156 0.7456055
vn -0.0100174 0.6660156 0.7456055
vn -0.0100174 0.6660156 0.7456055
vn -0.0100174 0.6660156 0.7456055
vn -0.0100174 0.6660156 0.7456055
vn -0.0100174 0.6660156 0.7456055
vn -0.0100174 0.6660156 0.7456055
vn -0.0100174 0.6660156 0.7456055
vn -0.0100174 0.6660156 0.7456055
vn -0.0100174 0.6660156 0.7456055
vn -0.0100174 0.6660156 0.7456055
vn -0.0100174 0.6660156 0.7456055
vn -0.0100174 0.6660156 0.7456055
vn -0.0100174 0.6660156 0.7456055
vn -0.0100174 0.6660156 0.7456055
vn -0.0100174 0.6660156 0.7456055
vn -0.0100174 0.6660156 0.7456055
vn -0.0100174 0.6660156 0.7456055
vn -0.0100174 0.6660156 0.7456055
vn -0.0100174 0.6660156 0.7456055
vn -0.0100174 0.6660156 0.7456055
vn -0.0100174 0.6660156 0.7456055
vn -0.0100174 0.6660156 0.7456055
vn -0.0100174 0.6660156 0.7456055
vn -0.0100174 0.6660156 0.7456055
vn -0.0100174 0.6660156 0.7456055
vn -0.0100174 0.6660156 0.7456055
vn -0.0100174 0.6660156 0.7456055
vn -0.0100174 0.6660156 0.7456055
vn -0.0100174 0.6660156 0.7456055
vn -0.0100174 0.6660156 0.7456055
vn -0.0100174 0.6660156 0.7456055
vn -0.0100174 0.6660156 0.7456055
vn -0.0100174 0.6660156 0.7456055
vn -0.0100174 0.6660156 0.7456055
vn -0.0100174 0.6660156 0.7456055
vn -0.0100174 0.6660156 0.7456055
vn -0.0100174 0.6660156 0.7456055
vn -0.0100174 0.6660156 0.7456055
vn -0.0100174 0.6660156 0.7456055
vn -0.0100174 0.6660156 0.7456055
vn -0.0100174 0.6660156 0.7456055
vn -0.0100174 0.6660156 0.7456055
vn -0.0100174 0.6660156 0.7456055
vn -0.0100174 0.6660156 0.7456055
vn -0.0100174 0.6660156 0.7456055
vn -0.0100174 0.6660156 0.7456055
g HollyWood_Sign_0
f 3/3/3 2/2/2 1/1/1
f 6/6/6 5/5/5 4/4/4
f 9/9/9 8/8/8 7/7/7
f 12/12/12 11/11/11 10/10/10
f 13/13/13 12/12/12 10/10/10
f 16/16/16 15/15/15 14/14/14
f 17/17/17 16/16/16 14/14/14
f 20/20/20 19/19/19 18/18/18
f 21/21/21 20/20/20 18/18/18
f 24/24/24 23/23/23 22/22/22
f 25/25/25 24/24/24 22/22/22
f 28/28/28 27/27/27 26/26/26
f 26/26/26 29/29/29 28/28/28
f 26/26/26 30/30/30 29/29/29
f 33/33/33 32/32/32 31/31/31
f 34/34/34 33/33/33 31/31/31
f 37/37/37 36/36/36 35/35/35
f 38/38/38 37/37/37 35/35/35
f 41/41/41 40/40/40 39/39/39
f 39/39/39 42/42/42 41/41/41
f 42/42/42 43/43/43 41/41/41
f 42/42/42 44/44/44 43/43/43
f 47/47/47 46/46/46 45/45/45
f 48/48/48 47/47/47 45/45/45
f 45/45/45 49/49/49 48/48/48
f 45/45/45 50/50/50 49/49/49
f 50/50/50 51/51/51 49/49/49
f 49/49/49 52/52/52 48/48/48
f 52/52/52 53/53/53 48/48/48
f 52/52/52 54/54/54 53/53/53
f 52/52/52 55/55/55 54/54/54
f 55/55/55 56/56/56 54/54/54
f 54/54/54 57/57/57 53/53/53
f 57/57/57 58/58/58 53/53/53
f 61/61/61 60/60/60 59/59/59
f 60/60/60 62/62/62 59/59/59
f 60/60/60 63/63/63 62/62/62
f 63/63/63 64/64/64 62/62/62
f 67/67/67 66/66/66 65/65/65
f 66/66/66 68/68/68 65/65/65
f 66/66/66 69/69/69 68/68/68
f 69/69/69 70/70/70 68/68/68
f 73/73/73 72/72/72 71/71/71
f 72/72/72 74/74/74 71/71/71
f 72/72/72 75/75/75 74/74/74
f 72/72/72 76/76/76 75/75/75
f 76/76/76 77/77/77 75/75/75
f 75/75/75 78/78/78 74/74/74
f 78/78/78 79/79/79 74/74/74
f 79/79/79 80/80/80 74/74/74
f 83/83/83 82/82/82 81/81/81
f 82/82/82 84/84/84 81/81/81
f 82/82/82 85/85/85 84/84/84
f 85/85/85 86/86/86 84/84/84
f 85/85/85 87/87/87 86/86/86
f 87/87/87 88/88/88 86/86/86
f 84/84/84 86/86/86 89/89/89
f 84/84/84 89/89/89 90/90/90
f 91/91/91 84/84/84 90/90/90
f 89/89/89 86/86/86 92/92/92
f 89/89/89 92/92/92 93/93/93
f 94/94/94 89/89/89 93/93/93
f 86/86/86 95/95/95 92/92/92
f 86/86/86 96/96/96 95/95/95
f 96/96/96 97/97/97 95/95/95
f 100/100/100 99/99/99 98/98/98
f 101/101/101 100/100/100 98/98/98
f 104/104/104 103/103/103 102/102/102
f 105/105/105 104/104/104 102/102/102
f 105/105/105 102/102/102 106/106/106
f 107/107/107 105/105/105 106/106/106
f 110/110/110 109/109/109 108/108/108
f 111/111/111 110/110/110 108/108/108
f 114/114/114 113/113/113 112/112/112
f 115/115/115 114/114/114 112/112/112
f 118/118/118 117/117/117 116/116/116
f 119/119/119 118/118/118 116/116/116
f 122/122/122 121/121/121 120/120/120
f 123/123/123 122/122/122 120/120/120
f 126/126/126 125/125/125 124/124/124
f 127/127/127 126/126/126 124/124/124
f 130/130/130 129/129/129 128/128/128
f 131/131/131 130/130/130 128/128/128
f 134/134/134 133/133/133 132/132/132
f 135/135/135 134/134/134 132/132/132
f 138/138/138 137/137/137 136/136/136
f 139/139/139 138/138/138 136/136/136
f 142/142/142 141/141/141 140/140/140
f 143/143/143 142/142/142 140/140/140
f 146/146/146 145/145/145 144/144/144
f 147/147/147 146/146/146 144/144/144
f 150/150/150 149/149/149 148/148/148
f 151/151/151 150/150/150 148/148/148
f 154/154/154 153/153/153 152/152/152
f 155/155/155 154/154/154 152/152/152
f 158/158/158 157/157/157 156/156/156
f 159/159/159 158/158/158 156/156/156
f 162/162/162 161/161/161 160/160/160
f 163/163/163 162/162/162 160/160/160
f 166/166/166 165/165/165 164/164/164
f 165/165/165 167/167/167 164/164/164
f 165/165/165 168/168/168 167/167/167
f 168/168/168 169/169/169 167/167/167
f 168/168/168 170/170/170 169/169/169
f 170/170/170 171/171/171 169/169/169
f 174/174/174 173/173/173 172/172/172
f 175/175/175 174/174/174 172/172/172
f 178/178/178 177/177/177 176/176/176
f 179/179/179 178/178/178 176/176/176
f 182/182/182 181/181/181 180/180/180
f 183/183/183 182/182/182 180/180/180
f 186/186/186 185/185/185 184/184/184
f 187/187/187 186/186/186 184/184/184
f 190/190/190 189/189/189 188/188/188
f 191/191/191 190/190/190 188/188/188
f 194/194/194 193/193/193 192/192/192
f 195/195/195 194/194/194 192/192/192
f 195/195/195 192/192/192 196/196/196
f 197/197/197 195/195/195 196/196/196
f 197/197/197 196/196/196 198/198/198
f 199/199/199 197/197/197 198/198/198
f 202/202/202 201/201/201 200/200/200
f 203/203/203 202/202/202 200/200/200
f 206/206/206 205/205/205 204/204/204
f 207/207/207 206/206/206 204/204/204
f 210/210/210 209/209/209 208/208/208
f 211/211/211 210/210/210 208/208/208
f 214/214/214 213/213/213 212/212/212
f 215/215/215 214/214/214 212/212/212
f 218/218/218 217/217/217 216/216/216
f 219/219/219 218/218/218 216/216/216
f 222/222/222 221/221/221 220/220/220
f 223/223/223 222/222/222 220/220/220
f 226/226/226 225/225/225 224/224/224
f 227/227/227 226/226/226 224/224/224
f 230/230/230 229/229/229 228/228/228
f 231/231/231 230/230/230 228/228/228
f 234/234/234 233/233/233 232/232/232
f 235/235/235 234/234/234 232/232/232
f 238/238/238 237/237/237 236/236/236
f 239/239/239 238/238/238 236/236/236
f 242/242/242 241/241/241 240/240/240
f 243/243/243 242/242/242 240/240/240
f 246/246/246 245/245/245 244/244/244
f 247/247/247 246/246/246 244/244/244
f 250/250/250 249/249/249 248/248/248
f 251/251/251 250/250/250 248/248/248
f 254/254/254 253/253/253 252/252/252
f 255/255/255 254/254/254 252/252/252
f 258/258/258 257/257/257 256/256/256
f 259/259/259 258/258/258 256/256/256
f 262/262/262 261/261/261 260/260/260
f 263/263/263 262/262/262 260/260/260
f 266/266/266 265/265/265 264/264/264
f 267/267/267 266/266/266 264/264/264
f 270/270/270 269/269/269 268/268/268
f 271/271/271 270/270/270 268/268/268
f 274/274/274 273/273/273 272/272/272
f 275/275/275 274/274/274 272/272/272
f 278/278/278 277/277/277 276/276/276
f 279/279/279 278/278/278 276/276/276
f 282/282/282 281/281/281 280/280/280
f 283/283/283 282/282/282 280/280/280
f 286/286/286 285/285/285 284/284/284
f 287/287/287 286/286/286 284/284/284
f 290/290/290 289/289/289 288/288/288
f 291/291/291 290/290/290 288/288/288
f 294/294/294 293/293/293 292/292/292
f 295/295/295 294/294/294 292/292/292
f 298/298/298 297/297/297 296/296/296
f 299/299/299 298/298/298 296/296/296
f 302/302/302 301/301/301 300/300/300
f 303/303/303 302/302/302 300/300/300
f 306/306/306 305/305/305 304/304/304
f 307/307/307 306/306/306 304/304/304
f 310/310/310 309/309/309 308/308/308
f 311/311/311 310/310/310 308/308/308
f 314/314/314 313/313/313 312/312/312
f 315/315/315 314/314/314 312/312/312
f 318/318/318 317/317/317 316/316/316
f 319/319/319 318/318/318 316/316/316
f 322/322/322 321/321/321 320/320/320
f 323/323/323 322/322/322 320/320/320
f 326/326/326 325/325/325 324/324/324
f 327/327/327 326/326/326 324/324/324
f 330/330/330 329/329/329 328/328/328
f 329/329/329 331/331/331 328/328/328
f 329/329/329 332/332/332 331/331/331
f 332/332/332 333/333/333 331/331/331
f 336/336/336 335/335/335 334/334/334
f 337/337/337 336/336/336 334/334/334
f 340/340/340 339/339/339 338/338/338
f 341/341/341 340/340/340 338/338/338
f 344/344/344 343/343/343 342/342/342
f 345/345/345 344/344/344 342/342/342
f 348/348/348 347/347/347 346/346/346
f 349/349/349 348/348/348 346/346/346
f 352/352/352 351/351/351 350/350/350
f 353/353/353 352/352/352 350/350/350
f 356/356/356 355/355/355 354/354/354
f 357/357/357 356/356/356 354/354/354
f 360/360/360 359/359/359 358/358/358
f 361/361/361 360/360/360 358/358/358
f 364/364/364 363/363/363 362/362/362
f 365/365/365 364/364/364 362/362/362
f 368/368/368 367/367/367 366/366/366
f 369/369/369 368/368/368 366/366/366
f 372/372/372 371/371/371 370/370/370
f 373/373/373 372/372/372 370/370/370
f 376/376/376 375/375/375 374/374/374
f 377/377/377 376/376/376 374/374/374
f 380/380/380 379/379/379 378/378/378
f 381/381/381 380/380/380 378/378/378
f 384/384/384 383/383/383 382/382/382
f 385/385/385 384/384/384 382/382/382
f 388/388/388 387/387/387 386/386/386
f 389/389/389 388/388/388 386/386/386
f 392/392/392 391/391/391 390/390/390
f 393/393/393 392/392/392 390/390/390
f 396/396/396 395/395/395 394/394/394
f 397/397/397 396/396/396 394/394/394
f 400/400/400 399/399/399 398/398/398
f 401/401/401 400/400/400 398/398/398
f 404/404/404 403/403/403 402/402/402
f 405/405/405 404/404/404 402/402/402
f 408/408/408 407/407/407 406/406/406
f 409/409/409 408/408/408 406/406/406
f 412/412/412 411/411/411 410/410/410
f 413/413/413 412/412/412 410/410/410
f 416/416/416 415/415/415 414/414/414
f 417/417/417 416/416/416 414/414/414
f 420/420/420 419/419/419 418/418/418
f 421/421/421 420/420/420 418/418/418
f 424/424/424 423/423/423 422/422/422
f 425/425/425 424/424/424 422/422/422
f 428/428/428 427/427/427 426/426/426
f 429/429/429 428/428/428 426/426/426
f 432/432/432 431/431/431 430/430/430
f 433/433/433 432/432/432 430/430/430
f 436/436/436 435/435/435 434/434/434
f 437/437/437 436/436/436 434/434/434
f 440/440/440 439/439/439 438/438/438
f 441/441/441 440/440/440 438/438/438
f 444/444/444 443/443/443 442/442/442
f 445/445/445 444/444/444 442/442/442
f 448/448/448 447/447/447 446/446/446
f 449/449/449 448/448/448 446/446/446
f 452/452/452 451/451/451 450/450/450
f 453/453/453 452/452/452 450/450/450
f 456/456/456 455/455/455 454/454/454
f 457/457/457 456/456/456 454/454/454
f 460/460/460 459/459/459 458/458/458
f 461/461/461 460/460/460 458/458/458
f 464/464/464 463/463/463 462/462/462
f 465/465/465 464/464/464 462/462/462
f 468/468/468 467/467/467 466/466/466
f 469/469/469 468/468/468 466/466/466
f 472/472/472 471/471/471 470/470/470
f 473/473/473 472/472/472 470/470/470
f 476/476/476 475/475/475 474/474/474
f 477/477/477 476/476/476 474/474/474
f 480/480/480 479/479/479 478/478/478
f 481/481/481 480/480/480 478/478/478
f 484/484/484 483/483/483 482/482/482
f 485/485/485 484/484/484 482/482/482
f 488/488/488 487/487/487 486/486/486
f 489/489/489 488/488/488 486/486/486
f 492/492/492 491/491/491 490/490/490
f 493/493/493 492/492/492 490/490/490
f 496/496/496 495/495/495 494/494/494
f 497/497/497 496/496/496 494/494/494
f 500/500/500 499/499/499 498/498/498
f 501/501/501 500/500/500 498/498/498
f 501/501/501 498/498/498 502/502/502
f 503/503/503 501/501/501 502/502/502
f 506/506/506 505/505/505 504/504/504
f 507/507/507 506/506/506 504/504/504
f 510/510/510 509/509/509 508/508/508
f 511/511/511 510/510/510 508/508/508
f 514/514/514 513/513/513 512/512/512
f 515/515/515 514/514/514 512/512/512
f 518/518/518 517/517/517 516/516/516
f 519/519/519 518/518/518 516/516/516
f 522/522/522 521/521/521 520/520/520
f 523/523/523 522/522/522 520/520/520
f 526/526/526 525/525/525 524/524/524
f 527/527/527 526/526/526 524/524/524
f 530/530/530 529/529/529 528/528/528
f 531/531/531 530/530/530 528/528/528
f 534/534/534 533/533/533 532/532/532
f 535/535/535 534/534/534 532/532/532
f 538/538/538 537/537/537 536/536/536
f 539/539/539 538/538/538 536/536/536
f 542/542/542 541/541/541 540/540/540
f 543/543/543 542/542/542 540/540/540
f 546/546/546 545/545/545 544/544/544
f 547/547/547 546/546/546 544/544/544
f 550/550/550 549/549/549 548/548/548
f 551/551/551 550/550/550 548/548/548
f 554/554/554 553/553/553 552/552/552
f 552/552/552 555/555/555 554/554/554
f 555/555/555 556/556/556 554/554/554
f 555/555/555 557/557/557 556/556/556
f 560/560/560 559/559/559 558/558/558
f 561/561/561 560/560/560 558/558/558
f 564/564/564 563/563/563 562/562/562
f 565/565/565 564/564/564 562/562/562
f 568/568/568 567/567/567 566/566/566
f 566/566/566 569/569/569 568/568/568
f 566/566/566 570/570/570 569/569/569
f 570/570/570 571/571/571 569/569/569
f 574/574/574 573/573/573 572/572/572
f 575/575/575 574/574/574 572/572/572
f 578/578/578 577/577/577 576/576/576
f 579/579/579 578/578/578 576/576/576
f 582/582/582 581/581/581 580/580/580
f 583/583/583 582/582/582 580/580/580
f 586/586/586 585/585/585 584/584/584
f 587/587/587 586/586/586 584/584/584
f 590/590/590 589/589/589 588/588/588
f 588/588/588 591/591/591 590/590/590
f 591/591/591 592/592/592 590/590/590
f 591/591/591 593/593/593 592/592/592
f 596/596/596 595/595/595 594/594/594
f 597/597/597 596/596/596 594/594/594
f 600/600/600 599/599/599 598/598/598
f 601/601/601 600/600/600 598/598/598
f 604/604/604 603/603/603 602/602/602
f 602/602/602 605/605/605 604/604/604
f 602/602/602 606/606/606 605/605/605
f 606/606/606 607/607/607 605/605/605
f 610/610/610 609/609/609 608/608/608
f 611/611/611 610/610/610 608/608/608
f 614/614/614 613/613/613 612/612/612
f 615/615/615 614/614/614 612/612/612
f 618/618/618 617/617/617 616/616/616
f 619/619/619 618/618/618 616/616/616
f 622/622/622 621/621/621 620/620/620
f 623/623/623 622/622/622 620/620/620
f 626/626/626 625/625/625 624/624/624
f 624/624/624 627/627/627 626/626/626
f 627/627/627 628/628/628 626/626/626
f 627/627/627 629/629/629 628/628/628
f 632/632/632 631/631/631 630/630/630
f 633/633/633 632/632/632 630/630/630
f 636/636/636 635/635/635 634/634/634
f 637/637/637 636/636/636 634/634/634
f 640/640/640 639/639/639 638/638/638
f 638/638/638 641/641/641 640/640/640
f 638/638/638 642/642/642 641/641/641
f 642/642/642 643/643/643 641/641/641
f 646/646/646 645/645/645 644/644/644
f 647/647/647 646/646/646 644/644/644
f 650/650/650 649/649/649 648/648/648
f 651/651/651 650/650/650 648/648/648
f 654/654/654 653/653/653 652/652/652
f 655/655/655 654/654/654 652/652/652
f 658/658/658 657/657/657 656/656/656
f 659/659/659 658/658/658 656/656/656
f 662/662/662 661/661/661 660/660/660
f 662/662/662 663/663/663 661/661/661
f 666/666/666 665/665/665 664/664/664
f 667/667/667 666/666/666 664/664/664
f 670/670/670 669/669/669 668/668/668
f 671/671/671 670/670/670 668/668/668
f 674/674/674 673/673/673 672/672/672
f 672/672/672 675/675/675 674/674/674
f 675/675/675 676/676/676 674/674/674
f 675/675/675 677/677/677 676/676/676
f 680/680/680 679/679/679 678/678/678
f 681/681/681 680/680/680 678/678/678
f 684/684/684 683/683/683 682/682/682
f 685/685/685 684/684/684 682/682/682
f 688/688/688 687/687/687 686/686/686
f 689/689/689 688/688/688 686/686/686
f 692/692/692 691/691/691 690/690/690
f 693/693/693 692/692/692 690/690/690
f 696/696/696 695/695/695 694/694/694
f 694/694/694 697/697/697 696/696/696
f 700/700/700 699/699/699 698/698/698
f 699/699/699 701/701/701 698/698/698
f 704/704/704 703/703/703 702/702/702
f 705/705/705 704/704/704 702/702/702
f 708/708/708 707/707/707 706/706/706
f 709/709/709 708/708/708 706/706/706
f 712/712/712 711/711/711 710/710/710
f 710/710/710 713/713/713 712/712/712
f 713/713/713 714/714/714 712/712/712
f 713/713/713 715/715/715 714/714/714
f 718/718/718 717/717/717 716/716/716
f 719/719/719 718/718/718 716/716/716
f 722/722/722 721/721/721 720/720/720
f 723/723/723 722/722/722 720/720/720
f 726/726/726 725/725/725 724/724/724
f 727/727/727 726/726/726 724/724/724
f 730/730/730 729/729/729 728/728/728
f 731/731/731 730/730/730 728/728/728
f 734/734/734 733/733/733 732/732/732
f 732/732/732 735/735/735 734/734/734
f 732/732/732 736/736/736 735/735/735
f 736/736/736 737/737/737 735/735/735
f 740/740/740 739/739/739 738/738/738
f 741/741/741 740/740/740 738/738/738
f 744/744/744 743/743/743 742/742/742
f 745/745/745 744/744/744 742/742/742
f 748/748/748 747/747/747 746/746/746
f 746/746/746 749/749/749 748/748/748
f 749/749/749 750/750/750 748/748/748
f 749/749/749 751/751/751 750/750/750
f 754/754/754 753/753/753 752/752/752
f 755/755/755 754/754/754 752/752/752
f 758/758/758 757/757/757 756/756/756
f 759/759/759 758/758/758 756/756/756
f 762/762/762 761/761/761 760/760/760
f 763/763/763 762/762/762 760/760/760
f 766/766/766 765/765/765 764/764/764
f 764/764/764 767/767/767 766/766/766
f 767/767/767 768/768/768 766/766/766
f 767/767/767 769/769/769 768/768/768
f 769/769/769 770/770/770 768/768/768
f 769/769/769 771/771/771 770/770/770
f 769/769/769 772/772/772 771/771/771
f 772/772/772 773/773/773 771/771/771
f 773/773/773 774/774/774 771/771/771
f 773/773/773 775/775/775 774/774/774
f 778/778/778 777/777/777 776/776/776
f 779/779/779 778/778/778 776/776/776
f 782/782/782 781/781/781 780/780/780
f 783/783/783 782/782/782 780/780/780
f 786/786/786 785/785/785 784/784/784
f 787/787/787 786/786/786 784/784/784
f 790/790/790 789/789/789 788/788/788
f 791/791/791 790/790/790 788/788/788
f 794/794/794 793/793/793 792/792/792
f 795/795/795 794/794/794 792/792/792
f 798/798/798 797/797/797 796/796/796
f 799/799/799 798/798/798 796/796/796
f 802/802/802 801/801/801 800/800/800
f 803/803/803 802/802/802 800/800/800
f 806/806/806 805/805/805 804/804/804
f 807/807/807 806/806/806 804/804/804
f 810/810/810 809/809/809 808/808/808
f 811/811/811 810/810/810 808/808/808
f 814/814/814 813/813/813 812/812/812
f 815/815/815 814/814/814 812/812/812
f 818/818/818 817/817/817 816/816/816
f 819/819/819 818/818/818 816/816/816
f 822/822/822 821/821/821 820/820/820
f 823/823/823 822/822/822 820/820/820
f 826/826/826 825/825/825 824/824/824
f 827/827/827 826/826/826 824/824/824
f 830/830/830 829/829/829 828/828/828
f 831/831/831 830/830/830 828/828/828
f 834/834/834 833/833/833 832/832/832
f 835/835/835 834/834/834 832/832/832
f 838/838/838 837/837/837 836/836/836
f 839/839/839 838/838/838 836/836/836
f 842/842/842 841/841/841 840/840/840
f 843/843/843 842/842/842 840/840/840
f 846/846/846 845/845/845 844/844/844
f 847/847/847 846/846/846 844/844/844
f 850/850/850 849/849/849 848/848/848
f 851/851/851 850/850/850 848/848/848
f 854/854/854 853/853/853 852/852/852
f 855/855/855 854/854/854 852/852/852
f 858/858/858 857/857/857 856/856/856
f 859/859/859 858/858/858 856/856/856
f 862/862/862 861/861/861 860/860/860
f 863/863/863 862/862/862 860/860/860
f 866/866/866 865/865/865 864/864/864
f 867/867/867 866/866/866 864/864/864
f 870/870/870 869/869/869 868/868/868
f 871/871/871 870/870/870 868/868/868
f 874/874/874 873/873/873 872/872/872
f 875/875/875 874/874/874 872/872/872
f 878/878/878 877/877/877 876/876/876
f 879/879/879 878/878/878 876/876/876
f 882/882/882 881/881/881 880/880/880
f 883/883/883 882/882/882 880/880/880
f 886/886/886 885/885/885 884/884/884
f 887/887/887 886/886/886 884/884/884
f 890/890/890 889/889/889 888/888/888
f 891/891/891 890/890/890 888/888/888
f 894/894/894 893/893/893 892/892/892
f 895/895/895 894/894/894 892/892/892
f 898/898/898 897/897/897 896/896/896
f 899/899/899 898/898/898 896/896/896
f 902/902/902 901/901/901 900/900/900
f 903/903/903 902/902/902 900/900/900
f 906/906/906 905/905/905 904/904/904
f 907/907/907 906/906/906 904/904/904
f 910/910/910 909/909/909 908/908/908
f 911/911/911 910/910/910 908/908/908
f 914/914/914 913/913/913 912/912/912
f 915/915/915 914/914/914 912/912/912
f 918/918/918 917/917/917 916/916/916
f 919/919/919 918/918/918 916/916/916
f 922/922/922 921/921/921 920/920/920
f 923/923/923 922/922/922 920/920/920
f 926/926/926 925/925/925 924/924/924
f 927/927/927 926/926/926 924/924/924
f 930/930/930 929/929/929 928/928/928
f 931/931/931 930/930/930 928/928/928
f 934/934/934 933/933/933 932/932/932
f 935/935/935 934/934/934 932/932/932
f 938/938/938 937/937/937 936/936/936
f 939/939/939 938/938/938 936/936/936
f 942/942/942 941/941/941 940/940/940
f 943/943/943 942/942/942 940/940/940
f 946/946/946 945/945/945 944/944/944
f 947/947/947 946/946/946 944/944/944
f 950/950/950 949/949/949 948/948/948
f 951/951/951 950/950/950 948/948/948
f 954/954/954 953/953/953 952/952/952
f 955/955/955 954/954/954 952/952/952
f 958/958/958 957/957/957 956/956/956
f 959/959/959 958/958/958 956/956/956
f 960/960/960 958/958/958 959/959/959
f 959/959/959 956/956/956 961/961/961
f 961/961/961 956/956/956 962/962/962
f 963/963/963 960/960/960 959/959/959
f 964/964/964 960/960/960 963/963/963
f 965/965/965 959/959/959 961/961/961
f 963/963/963 959/959/959 965/965/965
f 966/966/966 961/961/961 962/962/962
f 965/965/965 961/961/961 966/966/966
f 967/967/967 964/964/964 963/963/963
f 968/968/968 964/964/964 967/967/967
f 969/969/969 968/968/968 967/967/967
f 970/970/970 966/966/966 962/962/962
f 971/971/971 970/970/970 962/962/962
f 972/972/972 965/965/965 966/966/966
f 972/972/972 966/966/966 970/970/970
f 973/973/973 963/963/963 965/965/965
f 967/967/967 963/963/963 973/973/973
f 973/973/973 965/965/965 972/972/972
f 974/974/974 970/970/970 971/971/971
f 974/974/974 972/972/972 970/970/970
f 975/975/975 974/974/974 971/971/971
f 969/969/969 967/967/967 976/976/976
f 976/976/976 967/967/967 973/973/973
f 977/977/977 973/973/973 972/972/972
f 977/977/977 972/972/972 974/974/974
f 976/976/976 973/973/973 977/977/977
f 978/978/978 974/974/974 975/975/975
f 978/978/978 977/977/977 974/974/974
f 979/979/979 978/978/978 975/975/975
f 980/980/980 969/969/969 976/976/976
f 981/981/981 969/969/969 980/980/980
f 982/982/982 976/976/976 977/977/977
f 982/982/982 977/977/977 978/978/978
f 980/980/980 976/976/976 982/982/982
f 983/983/983 978/978/978 979/979/979
f 983/983/983 982/982/982 978/978/978
f 984/984/984 983/983/983 979/979/979
f 985/985/985 980/980/980 982/982/982
f 981/981/981 980/980/980 985/985/985
f 985/985/985 982/982/982 983/983/983
f 986/986/986 983/983/983 984/984/984
f 986/986/986 985/985/985 983/983/983
f 981/981/981 985/985/985 986/986/986
f 987/987/987 986/986/986 984/984/984
f 981/981/981 986/986/986 987/987/987
f 990/990/990 989/989/989 988/988/988
f 990/990/990 991/991/991 989/989/989
f 989/989/989 991/991/991 992/992/992
f 991/991/991 993/993/993 992/992/992
f 992/992/992 993/993/993 994/994/994
f 990/990/990 995/995/995 991/991/991
f 991/991/991 995/995/995 993/993/993
f 993/993/993 996/996/996 994/994/994
f 994/994/994 996/996/996 997/997/997
f 995/995/995 998/998/998 993/993/993
f 993/993/993 998/998/998 996/996/996
f 990/990/990 999/999/999 995/995/995
f 995/995/995 999/999/999 998/998/998
f 996/996/996 1000/1000/1000 997/997/997
f 997/997/997 1000/1000/1000 1001/1001/1001
f 990/990/990 1002/1002/1002 999/999/999
f 990/990/990 1003/1003/1003 1002/1002/1002
f 999/999/999 1004/1004/1004 998/998/998
f 999/999/999 1002/1002/1002 1004/1004/1004
f 998/998/998 1005/1005/1005 996/996/996
f 996/996/996 1005/1005/1005 1000/1000/1000
f 998/998/998 1004/1004/1004 1005/1005/1005
f 1002/1002/1002 1003/1003/1003 1006/1006/1006
f 1002/1002/1002 1006/1006/1006 1004/1004/1004
f 1003/1003/1003 1007/1007/1007 1006/1006/1006
f 1004/1004/1004 1008/1008/1008 1005/1005/1005
f 1004/1004/1004 1006/1006/1006 1008/1008/1008
f 1006/1006/1006 1007/1007/1007 1009/1009/1009
f 1006/1006/1006 1009/1009/1009 1008/1008/1008
f 1007/1007/1007 1010/1010/1010 1009/1009/1009
f 1005/1005/1005 1011/1011/1011 1000/1000/1000
f 1005/1005/1005 1008/1008/1008 1011/1011/1011
f 1008/1008/1008 1009/1009/1009 1012/1012/1012
f 1008/1008/1008 1012/1012/1012 1011/1011/1011
f 1009/1009/1009 1010/1010/1010 1013/1013/1013
f 1009/1009/1009 1013/1013/1013 1012/1012/1012
f 1010/1010/1010 1014/1014/1014 1013/1013/1013
f 1000/1000/1000 1011/1011/1011 1015/1015/1015
f 1000/1000/1000 1015/1015/1015 1001/1001/1001
f 1011/1011/1011 1012/1012/1012 1016/1016/1016
f 1011/1011/1011 1016/1016/1016 1015/1015/1015
f 1001/1001/1001 1015/1015/1015 1017/1017/1017
f 1015/1015/1015 1016/1016/1016 1017/1017/1017
f 1018/1018/1018 1001/1001/1001 1017/1017/1017
f 1012/1012/1012 1019/1019/1019 1016/1016/1016
f 1012/1012/1012 1013/1013/1013 1019/1019/1019
f 1016/1016/1016 1019/1019/1019 1017/1017/1017
f 1013/1013/1013 1014/1014/1014 1020/1020/1020
f 1013/1013/1013 1020/1020/1020 1019/1019/1019
f 1019/1019/1019 1020/1020/1020 1017/1017/1017
f 1014/1014/1014 1021/1021/1021 1020/1020/1020
f 1020/1020/1020 1021/1021/1021 1017/1017/1017
f 1024/1024/1024 1023/1023/1023 1022/1022/1022
f 1025/1025/1025 1024/1024/1024 1022/1022/1022
f 1026/1026/1026 1024/1024/1024 1025/1025/1025
f 1025/1025/1025 1022/1022/1022 1027/1027/1027
f 1027/1027/1027 1022/1022/1022 1028/1028/1028
f 1029/1029/1029 1026/1026/1026 1025/1025/1025
f 1030/1030/1030 1026/1026/1026 1029/1029/1029
f 1031/1031/1031 1025/1025/1025 1027/1027/1027
f 1029/1029/1029 1025/1025/1025 1031/1031/1031
f 1032/1032/1032 1027/1027/1027 1028/1028/1028
f 1031/1031/1031 1027/1027/1027 1032/1032/1032
f 1033/1033/1033 1030/1030/1030 1029/1029/1029
f 1034/1034/1034 1030/1030/1030 1033/1033/1033
f 1035/1035/1035 1034/1034/1034 1033/1033/1033
f 1036/1036/1036 1032/1032/1032 1028/1028/1028
f 1037/1037/1037 1036/1036/1036 1028/1028/1028
f 1038/1038/1038 1031/1031/1031 1032/1032/1032
f 1038/1038/1038 1032/1032/1032 1036/1036/1036
f 1039/1039/1039 1029/1029/1029 1031/1031/1031
f 1033/1033/1033 1029/1029/1029 1039/1039/1039
f 1039/1039/1039 1031/1031/1031 1038/1038/1038
f 1040/1040/1040 1036/1036/1036 1037/1037/1037
f 1040/1040/1040 1038/1038/1038 1036/1036/1036
f 1041/1041/1041 1040/1040/1040 1037/1037/1037
f 1035/1035/1035 1033/1033/1033 1042/1042/1042
f 1042/1042/1042 1033/1033/1033 1039/1039/1039
f 1043/1043/1043 1039/1039/1039 1038/1038/1038
f 1043/1043/1043 1038/1038/1038 1040/1040/1040
f 1042/1042/1042 1039/1039/1039 1043/1043/1043
f 1044/1044/1044 1040/1040/1040 1041/1041/1041
f 1044/1044/1044 1043/1043/1043 1040/1040/1040
f 1045/1045/1045 1044/1044/1044 1041/1041/1041
f 1046/1046/1046 1035/1035/1035 1042/1042/1042
f 1047/1047/1047 1035/1035/1035 1046/1046/1046
f 1048/1048/1048 1042/1042/1042 1043/1043/1043
f 1048/1048/1048 1043/1043/1043 1044/1044/1044
f 1046/1046/1046 1042/1042/1042 1048/1048/1048
f 1049/1049/1049 1044/1044/1044 1045/1045/1045
f 1049/1049/1049 1048/1048/1048 1044/1044/1044
f 1050/1050/1050 1049/1049/1049 1045/1045/1045
f 1051/1051/1051 1046/1046/1046 1048/1048/1048
f 1047/1047/1047 1046/1046/1046 1051/1051/1051
f 1051/1051/1051 1048/1048/1048 1049/1049/1049
f 1052/1052/1052 1049/1049/1049 1050/1050/1050
f 1052/1052/1052 1051/1051/1051 1049/1049/1049
f 1047/1047/1047 1051/1051/1051 1052/1052/1052
f 1053/1053/1053 1052/1052/1052 1050/1050/1050
f 1047/1047/1047 1052/1052/1052 1053/1053/1053
f 1056/1056/1056 1055/1055/1055 1054/1054/1054
f 1056/1056/1056 1057/1057/1057 1055/1055/1055
f 1055/1055/1055 1057/1057/1057 1058/1058/1058
f 1057/1057/1057 1059/1059/1059 1058/1058/1058
f 1058/1058/1058 1059/1059/1059 1060/1060/1060
f 1056/1056/1056 1061/1061/1061 1057/1057/1057
f 1057/1057/1057 1061/1061/1061 1059/1059/1059
f 1059/1059/1059 1062/1062/1062 1060/1060/1060
f 1060/1060/1060 1062/1062/1062 1063/1063/1063
f 1061/1061/1061 1064/1064/1064 1059/1059/1059
f 1059/1059/1059 1064/1064/1064 1062/1062/1062
f 1056/1056/1056 1065/1065/1065 1061/1061/1061
f 1061/1061/1061 1065/1065/1065 1064/1064/1064
f 1062/1062/1062 1066/1066/1066 1063/1063/1063
f 1063/1063/1063 1066/1066/1066 1067/1067/1067
f 1056/1056/1056 1068/1068/1068 1065/1065/1065
f 1056/1056/1056 1069/1069/1069 1068/1068/1068
f 1065/1065/1065 1070/1070/1070 1064/1064/1064
f 1065/1065/1065 1068/1068/1068 1070/1070/1070
f 1064/1064/1064 1071/1071/1071 1062/1062/1062
f 1062/1062/1062 1071/1071/1071 1066/1066/1066
f 1064/1064/1064 1070/1070/1070 1071/1071/1071
f 1068/1068/1068 1069/1069/1069 1072/1072/1072
f 1068/1068/1068 1072/1072/1072 1070/1070/1070
f 1069/1069/1069 1073/1073/1073 1072/1072/1072
f 1070/1070/1070 1074/1074/1074 1071/1071/1071
f 1070/1070/1070 1072/1072/1072 1074/1074/1074
f 1072/1072/1072 1073/1073/1073 1075/1075/1075
f 1072/1072/1072 1075/1075/1075 1074/1074/1074
f 1073/1073/1073 1076/1076/1076 1075/1075/1075
f 1071/1071/1071 1077/1077/1077 1066/1066/1066
f 1071/1071/1071 1074/1074/1074 1077/1077/1077
f 1074/1074/1074 1075/1075/1075 1078/1078/1078
f 1074/1074/1074 1078/1078/1078 1077/1077/1077
f 1075/1075/1075 1076/1076/1076 1079/1079/1079
f 1075/1075/1075 1079/1079/1079 1078/1078/1078
f 1076/1076/1076 1080/1080/1080 1079/1079/1079
f 1066/1066/1066 1077/1077/1077 1081/1081/1081
f 1066/1066/1066 1081/1081/1081 1067/1067/1067
f 1077/1077/1077 1078/1078/1078 1082/1082/1082
f 1077/1077/1077 1082/1082/1082 1081/1081/1081
f 1067/1067/1067 1081/1081/1081 1083/1083/1083
f 1081/1081/1081 1082/1082/1082 1083/1083/1083
f 1084/1084/1084 1067/1067/1067 1083/1083/1083
f 1078/1078/1078 1085/1085/1085 1082/1082/1082
f 1078/1078/1078 1079/1079/1079 1085/1085/1085
f 1082/1082/1082 1085/1085/1085 1083/1083/1083
f 1079/1079/1079 1080/1080/1080 1086/1086/1086
f 1079/1079/1079 1086/1086/1086 1085/1085/1085
f 1085/1085/1085 1086/1086/1086 1083/1083/1083
f 1080/1080/1080 1087/1087/1087 1086/1086/1086
f 1086/1086/1086 1087/1087/1087 1083/1083/1083
f 1090/1090/1090 1089/1089/1089 1088/1088/1088
f 1091/1091/1091 1090/1090/1090 1088/1088/1088
f 1092/1092/1092 1090/1090/1090 1091/1091/1091
f 1091/1091/1091 1088/1088/1088 1093/1093/1093
f 1093/1093/1093 1088/1088/1088 1094/1094/1094
f 1095/1095/1095 1092/1092/1092 1091/1091/1091
f 1096/1096/1096 1092/1092/1092 1095/1095/1095
f 1097/1097/1097 1091/1091/1091 1093/1093/1093
f 1095/1095/1095 1091/1091/1091 1097/1097/1097
f 1098/1098/1098 1093/1093/1093 1094/1094/1094
f 1097/1097/1097 1093/1093/1093 1098/1098/1098
f 1099/1099/1099 1096/1096/1096 1095/1095/1095
f 1100/1100/1100 1096/1096/1096 1099/1099/1099
f 1101/1101/1101 1100/1100/1100 1099/1099/1099
f 1102/1102/1102 1098/1098/1098 1094/1094/1094
f 1103/1103/1103 1102/1102/1102 1094/1094/1094
f 1104/1104/1104 1097/1097/1097 1098/1098/1098
f 1104/1104/1104 1098/1098/1098 1102/1102/1102
f 1105/1105/1105 1095/1095/1095 1097/1097/1097
f 1099/1099/1099 1095/1095/1095 1105/1105/1105
f 1105/1105/1105 1097/1097/1097 1104/1104/1104
f 1106/1106/1106 1102/1102/1102 1103/1103/1103
f 1106/1106/1106 1104/1104/1104 1102/1102/1102
f 1107/1107/1107 1106/1106/1106 1103/1103/1103
f 1101/1101/1101 1099/1099/1099 1108/1108/1108
f 1108/1108/1108 1099/1099/1099 1105/1105/1105
f 1109/1109/1109 1105/1105/1105 1104/1104/1104
f 1109/1109/1109 1104/1104/1104 1106/1106/1106
f 1108/1108/1108 1105/1105/1105 1109/1109/1109
f 1110/1110/1110 1106/1106/1106 1107/1107/1107
f 1110/1110/1110 1109/1109/1109 1106/1106/1106
f 1111/1111/1111 1110/1110/1110 1107/1107/1107
f 1112/1112/1112 1101/1101/1101 1108/1108/1108
f 1113/1113/1113 1101/1101/1101 1112/1112/1112
f 1114/1114/1114 1108/1108/1108 1109/1109/1109
f 1114/1114/1114 1109/1109/1109 1110/1110/1110
f 1112/1112/1112 1108/1108/1108 1114/1114/1114
f 1115/1115/1115 1110/1110/1110 1111/1111/1111
f 1115/1115/1115 1114/1114/1114 1110/1110/1110
f 1116/1116/1116 1115/1115/1115 1111/1111/1111
f 1117/1117/1117 1112/1112/1112 1114/1114/1114
f 1113/1113/1113 1112/1112/1112 1117/1117/1117
f 1117/1117/1117 1114/1114/1114 1115/1115/1115
f 1118/1118/1118 1115/1115/1115 1116/1116/1116
f 1118/1118/1118 1117/1117/1117 1115/1115/1115
f 1113/1113/1113 1117/1117/1117 1118/1118/1118
f 1119/1119/1119 1118/1118/1118 1116/1116/1116
f 1113/1113/1113 1118/1118/1118 1119/1119/1119
f 1122/1122/1122 1121/1121/1121 1120/1120/1120
f 1122/1122/1122 1123/1123/1123 1121/1121/1121
f 1121/1121/1121 1123/1123/1123 1124/1124/1124
f 1123/1123/1123 1125/1125/1125 1124/1124/1124
f 1124/1124/1124 1125/1125/1125 1126/1126/1126
f 1122/1122/1122 1127/1127/1127 1123/1123/1123
f 1123/1123/1123 1127/1127/1127 1125/1125/1125
f 1125/1125/1125 1128/1128/1128 1126/1126/1126
f 1126/1126/1126 1128/1128/1128 1129/1129/1129
f 1127/1127/1127 1130/1130/1130 1125/1125/1125
f 1125/1125/1125 1130/1130/1130 1128/1128/1128
f 1122/1122/1122 1131/1131/1131 1127/1127/1127
f 1127/1127/1127 1131/1131/1131 1130/1130/1130
f 1128/1128/1128 1132/1132/1132 1129/1129/1129
f 1129/1129/1129 1132/1132/1132 1133/1133/1133
f 1122/1122/1122 1134/1134/1134 1131/1131/1131
f 1122/1122/1122 1135/1135/1135 1134/1134/1134
f 1131/1131/1131 1136/1136/1136 1130/1130/1130
f 1131/1131/1131 1134/1134/1134 1136/1136/1136
f 1130/1130/1130 1137/1137/1137 1128/1128/1128
f 1128/1128/1128 1137/1137/1137 1132/1132/1132
f 1130/1130/1130 1136/1136/1136 1137/1137/1137
f 1134/1134/1134 1135/1135/1135 1138/1138/1138
f 1134/1134/1134 1138/1138/1138 1136/1136/1136
f 1135/1135/1135 1139/1139/1139 1138/1138/1138
f 1136/1136/1136 1140/1140/1140 1137/1137/1137
f 1136/1136/1136 1138/1138/1138 1140/1140/1140
f 1138/1138/1138 1139/1139/1139 1141/1141/1141
f 1138/1138/1138 1141/1141/1141 1140/1140/1140
f 1139/1139/1139 1142/1142/1142 1141/1141/1141
f 1137/1137/1137 1143/1143/1143 1132/1132/1132
f 1137/1137/1137 1140/1140/1140 1143/1143/1143
f 1140/1140/1140 1141/1141/1141 1144/1144/1144
f 1140/1140/1140 1144/1144/1144 1143/1143/1143
f 1141/1141/1141 1142/1142/1142 1145/1145/1145
f 1141/1141/1141 1145/1145/1145 1144/1144/1144
f 1142/1142/1142 1146/1146/1146 1145/1145/1145
f 1132/1132/1132 1143/1143/1143 1147/1147/1147
f 1132/1132/1132 1147/1147/1147 1133/1133/1133
f 1143/1143/1143 1144/1144/1144 1148/1148/1148
f 1143/1143/1143 1148/1148/1148 1147/1147/1147
f 1133/1133/1133 1147/1147/1147 1149/1149/1149
f 1147/1147/1147 1148/1148/1148 1149/1149/1149
f 1150/1150/1150 1133/1133/1133 1149/1149/1149
f 1144/1144/1144 1151/1151/1151 1148/1148/1148
f 1144/1144/1144 1145/1145/1145 1151/1151/1151
f 1148/1148/1148 1151/1151/1151 1149/1149/1149
f 1145/1145/1145 1146/1146/1146 1152/1152/1152
f 1145/1145/1145 1152/1152/1152 1151/1151/1151
f 1151/1151/1151 1152/1152/1152 1149/1149/1149
f 1146/1146/1146 1153/1153/1153 1152/1152/1152
f 1152/1152/1152 1153/1153/1153 1149/1149/1149
f 1156/1156/1156 1155/1155/1155 1154/1154/1154
f 1157/1157/1157 1156/1156/1156 1154/1154/1154
f 1158/1158/1158 1156/1156/1156 1157/1157/1157
f 1157/1157/1157 1154/1154/1154 1159/1159/1159
f 1159/1159/1159 1154/1154/1154 1160/1160/1160
f 1161/1161/1161 1158/1158/1158 1157/1157/1157
f 1162/1162/1162 1158/1158/1158 1161/1161/1161
f 1163/1163/1163 1157/1157/1157 1159/1159/1159
f 1161/1161/1161 1157/1157/1157 1163/1163/1163
f 1164/1164/1164 1159/1159/1159 1160/1160/1160
f 1163/1163/1163 1159/1159/1159 1164/1164/1164
f 1165/1165/1165 1162/1162/1162 1161/1161/1161
f 1166/1166/1166 1162/1162/1162 1165/1165/1165
f 1167/1167/1167 1166/1166/1166 1165/1165/1165
f 1168/1168/1168 1164/1164/1164 1160/1160/1160
f 1169/1169/1169 1168/1168/1168 1160/1160/1160
f 1170/1170/1170 1163/1163/1163 1164/1164/1164
f 1170/1170/1170 1164/1164/1164 1168/1168/1168
f 1171/1171/1171 1161/1161/1161 1163/1163/1163
f 1165/1165/1165 1161/1161/1161 1171/1171/1171
f 1171/1171/1171 1163/1163/1163 1170/1170/1170
f 1172/1172/1172 1168/1168/1168 1169/1169/1169
f 1172/1172/1172 1170/1170/1170 1168/1168/1168
f 1173/1173/1173 1172/1172/1172 1169/1169/1169
f 1167/1167/1167 1165/1165/1165 1174/1174/1174
f 1174/1174/1174 1165/1165/1165 1171/1171/1171
f 1175/1175/1175 1171/1171/1171 1170/1170/1170
f 1175/1175/1175 1170/1170/1170 1172/1172/1172
f 1174/1174/1174 1171/1171/1171 1175/1175/1175
f 1176/1176/1176 1172/1172/1172 1173/1173/1173
f 1176/1176/1176 1175/1175/1175 1172/1172/1172
f 1177/1177/1177 1176/1176/1176 1173/1173/1173
f 1178/1178/1178 1167/1167/1167 1174/1174/1174
f 1179/1179/1179 1167/1167/1167 1178/1178/1178
f 1180/1180/1180 1174/1174/1174 1175/1175/1175
f 1180/1180/1180 1175/1175/1175 1176/1176/1176
f 1178/1178/1178 1174/1174/1174 1180/1180/1180
f 1181/1181/1181 1176/1176/1176 1177/1177/1177
f 1181/1181/1181 1180/1180/1180 1176/1176/1176
f 1182/1182/1182 1181/1181/1181 1177/1177/1177
f 1183/1183/1183 1178/1178/1178 1180/1180/1180
f 1179/1179/1179 1178/1178/1178 1183/1183/1183
f 1183/1183/1183 1180/1180/1180 1181/1181/1181
f 1184/1184/1184 1181/1181/1181 1182/1182/1182
f 1184/1184/1184 1183/1183/1183 1181/1181/1181
f 1179/1179/1179 1183/1183/1183 1184/1184/1184
f 1185/1185/1185 1184/1184/1184 1182/1182/1182
f 1179/1179/1179 1184/1184/1184 1185/1185/1185
f 1188/1188/1188 1187/1187/1187 1186/1186/1186
f 1188/1188/1188 1189/1189/1189 1187/1187/1187
f 1187/1187/1187 1189/1189/1189 1190/1190/1190
f 1189/1189/1189 1191/1191/1191 1190/1190/1190
f 1190/1190/1190 1191/1191/1191 1192/1192/1192
f 1188/1188/1188 1193/1193/1193 1189/1189/1189
f 1189/1189/1189 1193/1193/1193 1191/1191/1191
f 1191/1191/1191 1194/1194/1194 1192/1192/1192
f 1192/1192/1192 1194/1194/1194 1195/1195/1195
f 1193/1193/1193 1196/1196/1196 1191/1191/1191
f 1191/1191/1191 1196/1196/1196 1194/1194/1194
f 1188/1188/1188 1197/1197/1197 1193/1193/1193
f 1193/1193/1193 1197/1197/1197 1196/1196/1196
f 1194/1194/1194 1198/1198/1198 1195/1195/1195
f 1195/1195/1195 1198/1198/1198 1199/1199/1199
f 1188/1188/1188 1200/1200/1200 1197/1197/1197
f 1188/1188/1188 1201/1201/1201 1200/1200/1200
f 1197/1197/1197 1202/1202/1202 1196/1196/1196
f 1197/1197/1197 1200/1200/1200 1202/1202/1202
f 1196/1196/1196 1203/1203/1203 1194/1194/1194
f 1194/1194/1194 1203/1203/1203 1198/1198/1198
f 1196/1196/1196 1202/1202/1202 1203/1203/1203
f 1200/1200/1200 1201/1201/1201 1204/1204/1204
f 1200/1200/1200 1204/1204/1204 1202/1202/1202
f 1201/1201/1201 1205/1205/1205 1204/1204/1204
f 1202/1202/1202 1206/1206/1206 1203/1203/1203
f 1202/1202/1202 1204/1204/1204 1206/1206/1206
f 1204/1204/1204 1205/1205/1205 1207/1207/1207
f 1204/1204/1204 1207/1207/1207 1206/1206/1206
f 1205/1205/1205 1208/1208/1208 1207/1207/1207
f 1203/1203/1203 1209/1209/1209 1198/1198/1198
f 1203/1203/1203 1206/1206/1206 1209/1209/1209
f 1206/1206/1206 1207/1207/1207 1210/1210/1210
f 1206/1206/1206 1210/1210/1210 1209/1209/1209
f 1207/1207/1207 1208/1208/1208 1211/1211/1211
f 1207/1207/1207 1211/1211/1211 1210/1210/1210
f 1208/1208/1208 1212/1212/1212 1211/1211/1211
f 1198/1198/1198 1209/1209/1209 1213/1213/1213
f 1198/1198/1198 1213/1213/1213 1199/1199/1199
f 1209/1209/1209 1210/1210/1210 1214/1214/1214
f 1209/1209/1209 1214/1214/1214 1213/1213/1213
f 1199/1199/1199 1213/1213/1213 1215/1215/1215
f 1213/1213/1213 1214/1214/1214 1215/1215/1215
f 1216/1216/1216 1199/1199/1199 1215/1215/1215
f 1210/1210/1210 1217/1217/1217 1214/1214/1214
f 1210/1210/1210 1211/1211/1211 1217/1217/1217
f 1214/1214/1214 1217/1217/1217 1215/1215/1215
f 1211/1211/1211 1212/1212/1212 1218/1218/1218
f 1211/1211/1211 1218/1218/1218 1217/1217/1217
f 1217/1217/1217 1218/1218/1218 1215/1215/1215
f 1212/1212/1212 1219/1219/1219 1218/1218/1218
f 1218/1218/1218 1219/1219/1219 1215/1215/1215
f 1222/1222/1222 1221/1221/1221 1220/1220/1220
f 1221/1221/1221 1223/1223/1223 1220/1220/1220
f 1224/1224/1224 1222/1222/1222 1220/1220/1220
f 1223/1223/1223 1225/1225/1225 1220/1220/1220
f 1224/1224/1224 1226/1226/1226 1222/1222/1222
f 1226/1226/1226 1227/1227/1227 1222/1222/1222
f 1223/1223/1223 1228/1228/1228 1225/1225/1225
f 1228/1228/1228 1229/1229/1229 1225/1225/1225
f 1226/1226/1226 1230/1230/1230 1227/1227/1227
f 1230/1230/1230 1231/1231/1231 1227/1227/1227
f 1229/1229/1229 1228/1228/1228 1232/1232/1232
f 1228/1228/1228 1233/1233/1233 1232/1232/1232
f 1233/1233/1233 1234/1234/1234 1232/1232/1232
f 1234/1234/1234 1235/1235/1235 1232/1232/1232
f 1236/1236/1236 1231/1231/1231 1230/1230/1230
f 1237/1237/1237 1236/1236/1236 1230/1230/1230
f 1236/1236/1236 1237/1237/1237 1238/1238/1238
f 1239/1239/1239 1236/1236/1236 1238/1238/1238
f 1234/1234/1234 1240/1240/1240 1235/1235/1235
f 1240/1240/1240 1241/1241/1241 1235/1235/1235
f 1239/1239/1239 1238/1238/1238 1242/1242/1242
f 1241/1241/1241 1240/1240/1240 1242/1242/1242
f 1243/1243/1243 1239/1239/1239 1242/1242/1242
f 1240/1240/1240 1243/1243/1243 1242/1242/1242
f 1246/1246/1246 1245/1245/1245 1244/1244/1244
f 1247/1247/1247 1246/1246/1246 1244/1244/1244
f 1246/1246/1246 1248/1248/1248 1245/1245/1245
f 1247/1247/1247 1244/1244/1244 1249/1249/1249
f 1248/1248/1248 1250/1250/1250 1245/1245/1245
f 1251/1251/1251 1247/1247/1247 1249/1249/1249
f 1248/1248/1248 1252/1252/1252 1250/1250/1250
f 1251/1251/1251 1249/1249/1249 1253/1253/1253
f 1252/1252/1252 1254/1254/1254 1250/1250/1250
f 1255/1255/1255 1251/1251/1251 1253/1253/1253
f 1255/1255/1255 1253/1253/1253 1254/1254/1254
f 1252/1252/1252 1255/1255/1255 1254/1254/1254
f 1258/1258/1258 1257/1257/1257 1256/1256/1256
f 1259/1259/1259 1258/1258/1258 1256/1256/1256
f 1258/1258/1258 1260/1260/1260 1257/1257/1257
f 1259/1259/1259 1256/1256/1256 1261/1261/1261
f 1260/1260/1260 1262/1262/1262 1257/1257/1257
f 1263/1263/1263 1259/1259/1259 1261/1261/1261
f 1260/1260/1260 1264/1264/1264 1262/1262/1262
f 1263/1263/1263 1261/1261/1261 1265/1265/1265
f 1264/1264/1264 1266/1266/1266 1262/1262/1262
f 1267/1267/1267 1263/1263/1263 1265/1265/1265
f 1264/1264/1264 1268/1268/1268 1266/1266/1266
f 1267/1267/1267 1265/1265/1265 1269/1269/1269
f 1268/1268/1268 1270/1270/1270 1266/1266/1266
f 1271/1271/1271 1267/1267/1267 1269/1269/1269
f 1271/1271/1271 1269/1269/1269 1270/1270/1270
f 1268/1268/1268 1271/1271/1271 1270/1270/1270
f 1274/1274/1274 1273/1273/1273 1272/1272/1272
f 1275/1275/1275 1274/1274/1274 1272/1272/1272
f 1274/1274/1274 1276/1276/1276 1273/1273/1273
f 1275/1275/1275 1272/1272/1272 1277/1277/1277
f 1276/1276/1276 1278/1278/1278 1273/1273/1273
f 1279/1279/1279 1275/1275/1275 1277/1277/1277
f 1276/1276/1276 1280/1280/1280 1278/1278/1278
f 1279/1279/1279 1277/1277/1277 1281/1281/1281
f 1280/1280/1280 1282/1282/1282 1278/1278/1278
f 1283/1283/1283 1279/1279/1279 1281/1281/1281
f 1280/1280/1280 1284/1284/1284 1282/1282/1282
f 1283/1283/1283 1281/1281/1281 1285/1285/1285
f 1284/1284/1284 1286/1286/1286 1282/1282/1282
f 1287/1287/1287 1283/1283/1283 1285/1285/1285
f 1287/1287/1287 1285/1285/1285 1286/1286/1286
f 1284/1284/1284 1287/1287/1287 1286/1286/1286
f 1290/1290/1290 1289/1289/1289 1288/1288/1288
f 1291/1291/1291 1290/1290/1290 1288/1288/1288
f 1290/1290/1290 1292/1292/1292 1289/1289/1289
f 1291/1291/1291 1288/1288/1288 1293/1293/1293
f 1292/1292/1292 1294/1294/1294 1289/1289/1289
f 1295/1295/1295 1291/1291/1291 1293/1293/1293
f 1292/1292/1292 1296/1296/1296 1294/1294/1294
f 1295/1295/1295 1293/1293/1293 1297/1297/1297
f 1296/1296/1296 1298/1298/1298 1294/1294/1294
f 1299/1299/1299 1295/1295/1295 1297/1297/1297
f 1296/1296/1296 1300/1300/1300 1298/1298/1298
f 1299/1299/1299 1297/1297/1297 1301/1301/1301
f 1300/1300/1300 1302/1302/1302 1298/1298/1298
f 1303/1303/1303 1299/1299/1299 1301/1301/1301
f 1303/1303/1303 1301/1301/1301 1302/1302/1302
f 1300/1300/1300 1303/1303/1303 1302/1302/1302
