g SandCastle
v 0.1860716 2.863699 0.2564943
v 0.1785603 2.980779 0.2709442
v 0.2194813 2.980778 0.3326333
v -0.4355148 2.980778 0.1507107
v -0.3585213 2.863699 0.1173977
v -0.3742338 2.980778 0.1097897
v -0.1149527 2.8637 0.2996925
v -0.1309936 2.980778 0.3045851
v -0.1454096 2.980778 0.3771348
v 0.325469 2.863699 -0.2880256
v 0.34214 2.980778 -0.2788096
v 0.4031572 2.980778 -0.3201369
v 0.225584 2.980778 -0.4111502
v 0.2288763 2.863699 -0.3972521
v 0.2736011 2.980779 -0.4674779
v -0.3326808 2.863698 -0.3297988
v -0.4017364 2.980778 -0.3733126
v -0.3464221 2.980778 -0.3246234
v 0.03081741 2.863699 0.3092236
v 0.05068931 2.980778 0.3899607
v 0.04557525 2.980778 0.3161098
v 0.3683859 2.863699 0.01310919
v 0.3732782 2.980778 0.02865377
v 0.445817 2.980778 0.04333069
v 0.3860791 2.980778 -0.1467583
v 0.378226 2.863699 -0.1327069
v 0.4594238 2.980778 -0.1521134
v 0.1125693 2.980778 -0.5470361
v 0.08172821 2.863699 -0.4698169
v 0.09823783 2.980778 -0.4741281
v -0.4110667 2.863699 -0.0378462
v -0.4920439 2.980778 -0.01799126
v -0.4185295 2.980779 -0.02311542
v -0.2578978 2.980778 0.2423869
v -0.2622096 2.8637 0.2271832
v -0.3061301 2.980779 0.2982356
v -0.2228766 2.863698 -0.426107
v -0.2139329 2.980778 -0.4408776
v -0.2542853 2.980778 -0.502737
v -0.07905342 2.980778 -0.4865035
v -0.06465057 2.863699 -0.4795106
v -0.08397613 2.980778 -0.5603947
v -0.479133 2.980778 -0.213761
v -0.4021173 2.863699 -0.1834275
v -0.4068812 2.980778 -0.1990208
v 0.367 2.980778 0.2032209
v 0.3111641 2.980779 0.1546157
v 0.2958594 2.863699 0.1601819
v -0.03574554 0.9092056 0.6182495
v 0.08624939 1.231887 0.5893076
v 0.03382729 0.9305368 0.6166964
v 0.4646839 0.9957635 -0.1844187
v 0.6535403 0.9115033 -0.247675
v 0.6582302 0.9543927 -0.2172173
v 0.07944381 1.277454 0.5858435
v 0.05799232 1.279271 0.3792131
v 0.08624939 1.231887 0.5893076
v -0.06407776 2.295492 -0.4456364
v -0.07209533 2.30368 -0.4438061
v -0.08907066 2.303474 -0.5886015
v 1.141135 0.7269473 0.2484336
v 1.228522 1.432435 0.2730288
v 1.177381 1.431828 0.2732446
v 1.008914 1.948579 0.2892708
v 1.111199 1.945514 0.2559604
v 1.028286 0.7323935 0.2858038
v 0.9751492 1.676204 0.3297435
v 0.9273155 1.949576 0.3625332
v 0.9776579 1.436316 0.3318099
v 0.9375567 1.71739 0.3721849
v 0.9114263 1.677064 0.4134486
v 0.9137101 1.435958 0.4137594
v 0.8797877 1.951977 0.4575339
v 0.9797199 0.7322263 0.3196568
v 0.9388919 0.7351712 0.3613082
v 0.9072315 0.7360217 0.4105608
v 0.8862904 0.7375919 0.4649008
v 0.8774707 0.7381704 0.5222666
v 0.8709186 1.952039 0.5119246
v 0.8800195 0.7388269 0.5810695
v 0.8939914 0.7388092 0.6384202
v 0.8857143 1.952416 0.6182103
v 0.8731092 1.952744 0.5650869
v 0.9188295 0.7392126 0.6921658
v 0.9676492 0.8175192 0.7465469
v 0.9600071 0.7392263 0.7451807
v 0.9761128 1.074993 0.7523175
v 0.925229 1.43625 0.6718276
v 0.9228713 1.675041 0.6697856
v 0.9087204 1.952433 0.6665301
v 0.9951627 1.433935 0.7505726
v 0.9943349 1.671875 0.7424896
v 0.9814048 1.950627 0.7465864
v 1.080017 1.947556 0.7932222
v 1.041097 1.078889 0.7965231
v 1.09409 1.078606 0.8151551
v 1.149243 1.078401 0.8264965
v 1.199614 1.662331 0.7931991
v 1.189219 1.943554 0.8009103
v 1.111199 1.945514 0.2559604
v 1.05834 1.945467 0.270285
v 1.008914 1.948579 0.2892708
v 0.9137101 1.435958 0.4137594
v 0.9776579 1.436316 0.3318099
v 0.9409496 1.433455 0.3700324
v 1.429524 1.430521 0.5040864
v 1.426106 1.431259 0.6025456
v 1.43233 1.427173 0.5567371
v 1.08305 0.7308737 0.2598804
v 1.141135 0.7269473 0.2484336
v 1.028286 0.7323935 0.2858038
v 1.329759 0.5896237 0.1890848
v 1.324289 0.7138583 0.1916345
v 1.329181 0.6488974 0.1909995
v 1.402783 0.7952209 0.1031284
v 1.31688 0.7990652 0.1529909
v 1.262581 0.8002179 0.1719462
v 1.628401 1.078151 1.168
v 0.869966 1.076327 1.191601
v 0.8624979 1.081676 1.116432
v 1.296171 1.067367 1.519138
v 1.221471 1.073073 1.525845
v 1.148427 1.069691 1.509251
v 1.530437 0.3629825 -0.6732258
v 1.363621 0.5010818 -0.7358872
v 1.478631 0.4319867 -0.6955406
v 1.674409 0.3017984 -0.5151089
v 1.600405 0.3540921 -0.6159288
v 1.612428 0.3057877 -0.617572
v 1.530437 0.3629825 -0.6732258
v 1.600405 0.3540921 -0.6159288
v 1.674409 0.3017984 -0.5151089
v 1.478631 0.4319867 -0.6955406
v 1.363621 0.5010818 -0.7358872
v 1.376358 0.4624966 -0.7402665
v 1.489572 0.3914395 -0.6964306
v 1.530437 0.3629825 -0.6732258
v 1.118349 0.7118695 -0.6683502
v 1.204431 0.8103598 -0.6714486
v 1.126769 0.7997885 -0.6649762
v 0.7551005 0.4961975 1.027189
v 0.5348296 0.4960464 1.066532
v 0.1423521 0.4960379 1.120403
v 0.5348296 0.4960464 1.066532
v 0.2734932 0.4960397 1.103077
v 0.1423521 0.4960379 1.120403
v 0.8524176 0.5036154 0.8393051
v 0.8453575 0.5106912 0.7419767
v 0.8847467 0.5096478 0.7963901
v -1.11143 0.6342923 -0.7068928
v -1.123574 0.6026138 -0.2674595
v -1.268941 0.6069937 -0.3834472
v -1.268941 0.6069937 -0.3834472
v -1.304469 0.6006479 -0.3883148
v -1.337897 0.6339877 -0.6852404
v 1.659102 1.072724 0.9048461
v 1.704393 1.225545 1.0776
v 1.694651 1.076482 0.9876344
v 1.351784 0.275394 1.710571
v 1.29226 0.260426 1.720488
v 1.246 0.2319064 1.726239
v 1.557096 1.068291 1.502031
v 1.397858 1.064052 1.595327
v 1.48522 1.062391 1.556322
v 1.212609 1.068388 1.616734
v 1.214875 1.215827 1.603249
v 1.303009 1.215238 1.60168
v 1.385731 1.211581 1.581204
v 1.397858 1.064052 1.595327
v 1.246 0.2319064 1.726239
v 1.351784 0.275394 1.710571
v 1.413965 0.2603396 1.705407
v 1.464601 0.2318036 1.699589
v 1.590021 6.103515E-07 1.704688
v 1.507018 6.103515E-07 1.740967
v 1.685659 6.103515E-07 1.63579
v 1.557096 1.068291 1.502031
v 1.769762 6.103515E-07 1.552516
v 1.684622 0.476236 1.480768
v 1.833189 6.103515E-07 1.450146
v 1.737838 0.4766043 1.395086
v 1.658339 0.6969379 1.4588
v 1.880179 6.103515E-07 1.340001
v 1.612193 1.219448 1.422787
v 1.710449 0.699964 1.375517
v 1.551026 1.215976 1.486248
v 1.840487 0.2327121 1.218341
v 1.898152 6.103515E-07 1.250243
v 1.673359 1.07156 1.350132
v 1.657458 1.21967 1.347161
v 1.706997 1.068413 1.266626
v 1.721661 1.071994 1.176731
v 1.659102 1.072724 0.9048461
v 1.810375 0.2330496 1.00012
v 1.704393 1.225545 1.0776
v 1.706095 1.222819 1.165778
v 1.818751 6.103515E-07 0.9040117
v 1.861008 6.103515E-07 0.9858285
v 1.518553 0.8024756 0.7172793
v 1.604924 1.077951 0.8325287
v 1.651423 6.103515E-07 0.7217054
v 1.742304 6.103515E-07 0.8081592
v 1.57131 0.3213412 0.7080401
v 1.608529 6.103515E-07 0.6926173
v 1.440806 0.811145 0.6820031
v 1.406462 1.074564 0.6968303
v 1.468537 0.8046402 0.6149183
v 1.455866 1.078938 0.7174555
v 1.452551 1.227634 0.7243345
v 1.525607 1.228761 0.7680159
v 1.588991 1.226662 0.8293495
v 1.426106 1.431259 0.6025456
v 1.483186 0.7171792 0.5637674
v 1.473769 0.7190051 0.6167706
v 1.385555 1.430313 0.7033603
v 1.429524 1.430521 0.5040864
v 1.418776 1.665495 0.6006577
v 1.349344 1.431353 0.7395794
v 1.357059 1.078542 0.753596
v 1.476865 0.7970407 0.5088847
v 1.482336 0.7113803 0.5095997
v 1.46384 0.793309 0.447081
v 1.437823 0.7933719 0.3896968
v 1.383319 1.66193 0.6921873
v 1.301227 1.429439 0.7693412
v 1.310881 1.078242 0.7888781
v 1.20024 1.430211 0.8039317
v 1.205017 1.078252 0.8267722
v 1.199614 1.662331 0.7931991
v 1.149243 1.078401 0.8264965
v 1.349353 1.658119 0.7324061
v 1.306503 1.658545 0.7516559
v 1.189219 1.943554 0.8009103
v 1.292192 1.940435 0.7656691
v 1.336057 1.938604 0.7361677
v 1.372911 1.938583 0.6955613
v 1.419413 1.938883 0.5985107
v 1.4214 1.667691 0.4973908
v 1.423799 1.93669 0.4962649
v 1.411933 1.939305 0.4404413
v 1.388833 1.940016 0.3907201
v 1.316504 1.94066 0.3114131
v 1.277587 1.431672 0.2989055
v 1.270366 1.670528 0.2985671
v 1.219303 1.942602 0.2640392
v 1.219681 1.714475 0.2776132
v 1.170085 1.672319 0.273363
v 1.111199 1.945514 0.2559604
v 1.177381 1.431828 0.2732446
v 1.141135 0.7269473 0.2484336
v 1.228522 1.432435 0.2730288
v 1.201105 0.7235086 0.2464572
v 1.255009 0.7978876 0.2545378
v 1.254881 0.7226489 0.2483358
v 1.312254 0.8000357 0.2759536
v 1.366353 0.7947787 0.3104828
v 1.411423 0.7085629 0.3454722
v 1.371465 0.709169 0.3090155
v 1.443307 0.7074252 0.3881358
v 1.683124 1.225013 0.9921125
v 1.694651 1.076482 0.9876344
v 1.103364 0.5947677 0.008333625
v 1.17815 0.5995981 0.07011125
v 1.120425 0.6024863 0.07590748
v 1.419361 0.4618045 -0.9547428
v 1.221198 3.051758E-07 -1.026479
v 1.436059 3.051758E-07 -1.026961
v 1.141748 0.5773773 -0.9416499
v 1.153112 3.051758E-07 -1.012651
v 1.257558 0.5303372 -0.9604231
v 1.233883 0.5676565 -0.9521649
v -1.234506 1.208391 -1.652054
v -1.056213 1.214299 -1.604639
v -1.142399 1.206963 -1.639398
v -1.576948 1.19554 -1.534855
v -1.417514 1.201797 -1.627503
v -1.502847 1.193978 -1.591044
v -1.736008 1.187627 -1.209841
v -1.688872 1.190561 -1.388107
v -1.723287 1.184173 -1.302011
v 1.262096 0.7224197 -0.5748667
v 1.310768 0.7191839 -0.5576378
v 1.26273 0.7070544 0.07170967
v 1.310768 0.7191839 -0.5576378
v 1.37181 0.7204184 -0.5111613
v 1.26273 0.7070544 0.07170967
v 1.37181 0.7204184 -0.5111613
v 1.411158 0.7166846 -0.4608819
v 1.26273 0.7070544 0.07170967
v 1.411158 0.7166846 -0.4608819
v 1.450381 0.7194131 -0.4094082
v 1.26273 0.7070544 0.07170967
v 1.450381 0.7194131 -0.4094082
v 1.473733 0.715773 -0.3463849
v 1.26273 0.7070544 0.07170967
v 1.483576 0.7158237 -0.1618896
v 1.461993 0.7129019 -0.09340406
v 1.26273 0.7070544 0.07170967
v 0.8579299 1.813778 -1.730796
v 0.9182988 1.542486 -1.729601
v 0.9122705 1.811975 -1.732313
v 0.8050556 1.813195 -1.718258
v 0.8653235 1.204867 -1.772892
v 0.8074872 1.206963 -1.758979
v 0.7556001 1.812554 -1.695779
v 0.7210909 1.54268 -1.662053
v 0.7113931 1.813211 -1.664062
v 0.6742464 1.812927 -1.624264
v 0.7228464 1.303509 -1.673637
v 0.6851959 1.584187 -1.623677
v 0.6647866 1.212273 -1.655311
v 0.6455089 1.813177 -1.5781
v 0.6847888 1.298952 -1.635764
v 0.6574249 1.541258 -1.579747
v 0.6324434 1.213544 -1.601686
v 0.6264295 1.812788 -1.527405
v 0.6580274 1.303911 -1.588947
v 0.6035045 1.21482 -1.491446
v 0.6175835 1.813867 -1.473861
v 0.6192743 1.813768 -1.419569
v 0.6054977 1.214875 -1.432356
v 0.6315786 1.813824 -1.366622
v 0.6659575 1.540868 -1.328627
v 0.6542317 1.812951 -1.317263
v 0.6858348 1.813211 -1.273067
v 0.6668177 1.303936 -1.332367
v 0.6965867 1.584642 -1.28453
v 0.6778246 1.212616 -1.272365
v 0.7253287 1.813658 -1.235717
v 0.6979467 1.300813 -1.289031
v 0.7357481 1.541512 -1.248901
v 0.7707294 1.20945 -1.200157
v 0.771524 1.812819 -1.207119
v 0.73679 1.303592 -1.252378
v 0.822354 1.813784 -1.187938
v 0.8261874 1.207508 -1.178913
v 0.8760681 1.81362 -1.179151
v 1.266731 1.195367 -1.587795
v 1.209463 1.193252 -1.452715
v 1.169121 1.194326 -1.624971
v 1.266731 1.195367 -1.587795
v 1.278985 1.190487 -1.514367
v 1.209463 1.193252 -1.452715
v 1.092097 1.197968 -1.138565
v 1.025981 1.205002 -1.103837
v 0.8782179 1.207368 -1.089738
v 0.9543095 1.353437 -1.089654
v 0.8850918 1.353629 -1.085049
v 0.9521744 1.203061 -1.091451
v 1.020511 1.34951 -1.103349
v 1.025981 1.205002 -1.103837
v 1.025981 1.205002 -1.103837
v 0.9521744 1.203061 -1.091451
v 0.8782179 1.207368 -1.089738
v 0.881518 2.292762 -1.441091
v 0.8804782 2.292336 -1.442559
v 0.8860382 2.292639 -1.438293
v 0.8795673 2.292965 -1.449515
v 0.8804782 2.292336 -1.442559
v 0.8793249 2.293479 -1.445936
v -0.5715898 0.9235345 -1.300867
v -0.7656167 0.9214895 -1.160062
v -0.7730052 0.9230222 -1.26831
v -0.3061711 1.086013 -1.336344
v -0.3260065 1.086013 -1.48694
v -0.2036391 1.087541 -1.50439
v 0.5961071 0.2740506 1.499736
v 0.6363753 0.4296527 1.464745
v 0.8206084 0.7735873 1.402666
v 0.5574399 0.7841653 1.264551
v 0.7512811 0.7813226 1.121922
v 0.7594182 0.7822784 1.231686
v -0.223542 0.7849069 1.367446
v -0.4247997 0.7822784 1.387785
v -0.4453836 0.7813226 1.279662
v -0.7416638 1.951977 0.6712682
v -0.7857712 1.435958 0.6377792
v -0.8687699 1.436316 0.5751997
v -0.909982 1.948579 0.5422131
v -0.9626395 1.945467 0.5366836
v -1.017405 1.945514 0.5365457
v -0.9626395 1.945467 0.5366836
v -0.9604121 1.964075 0.4785409
v -1.087886 1.95936 0.4982629
v -1.087886 1.95936 0.4982629
v -1.017405 1.945514 0.5365457
v -0.9626395 1.945467 0.5366836
v -1.110146 1.938604 1.058618
v -1.077588 1.658545 1.065919
v -1.067909 1.429439 1.081632
v -1.157182 0.795704 0.5717173
v -1.249715 0.7947787 0.6553239
v -1.206411 0.8000357 0.6079554
v -1.390997 0.7753274 0.8093058
v -1.382548 0.6915222 0.7403555
v -1.38217 0.7762417 0.7436304
v -1.286465 0.3925214 0.5502846
v -1.259794 0.7925 0.5478203
v -1.383546 0.5866556 0.9610431
v -1.245829 0.5896237 0.52859
v -1.24279 0.7101678 0.4933328
v -1.232057 0.7930887 0.5317371
v -1.242742 0.7990652 0.4903915
v -1.432593 6.103515E-07 0.6851788
v -1.375659 6.103515E-07 0.6088062
v -1.469058 6.103515E-07 0.7605644
v -1.480161 6.103515E-07 0.5856488
v -1.474936 6.103515E-07 0.8379217
v -1.465469 6.103515E-07 0.9163171
v -1.44149 6.103515E-07 0.9927993
v -1.344651 0.3213412 1.092412
v -1.403701 6.103515E-07 1.064401
v -1.384596 6.103515E-07 1.087161
v -1.418487 6.103515E-07 1.126371
v -1.344858 1.077951 1.221359
v -1.483861 6.103515E-07 1.233421
v -1.499864 0.2330496 1.436465
v -1.532859 6.103515E-07 1.345809
v -1.55247 6.103515E-07 1.435781
v -1.378447 1.072724 1.305245
v -1.391328 1.076482 1.394418
v -1.330958 1.068413 1.667079
v -1.377424 1.225545 1.483835
v -1.379035 1.225013 1.395756
v -1.482608 0.2766751 1.541696
v -1.493326 0.261719 1.482323
v -1.472399 0.2327121 1.655035
v -1.477914 0.2614743 1.604066
v -1.47921 6.103515E-07 1.782824
v -1.519828 6.103515E-07 1.70079
v -1.327456 0.4766043 1.799143
v -1.405283 6.103515E-07 1.87703
v -1.30372 0.6975714 1.774026
v -1.253855 0.476236 1.868108
v -1.317496 6.103515E-07 1.959467
v -1.276829 1.07156 1.739016
v -1.214687 6.103515E-07 2.018104
v -1.198925 1.219448 1.793339
v -1.262241 1.21967 1.732025
v -1.234164 0.6969379 1.840079
v -1.125176 1.068291 1.855599
v -1.123403 1.215976 1.838783
v -1.041687 1.062391 1.88941
v -0.8539456 1.215238 1.886002
v -1.104462 6.103515E-07 2.059866
v -1.311202 0.6991934 0.6020176
v -1.307477 0.7844189 0.6013449
v -1.338632 0.7952209 0.4644923
v -1.305215 0.8005316 0.3672556
v -1.208147 0.7979648 0.4013005
v -0.574001 1.078235 1.597517
v -1.280603 1.078151 1.551454
v -1.293775 1.074597 1.477964
v -0.7948439 1.073073 1.791629
v -1.087162 1.072979 1.771541
v -1.14843 1.069691 1.728651
v -0.9431425 1.071552 1.81123
v -1.041687 1.062391 1.88941
v -1.125176 1.068291 1.855599
v -0.7948439 1.073073 1.791629
v -0.9431425 1.071552 1.81123
v -1.087162 1.072979 1.771541
v -0.7948439 1.073073 1.791629
v -0.8687308 1.067367 1.804508
v -0.9431425 1.071552 1.81123
v -0.9431425 1.071552 1.81123
v -0.9493516 1.066374 1.90241
v -1.041687 1.062391 1.88941
v -1.663104 0.3629825 -0.2522642
v -1.618849 0.4319867 -0.2872414
v -1.518223 0.5010818 -0.3560125
v -1.755208 0.3144546 -0.07907381
v -1.727872 0.3057877 -0.1772651
v -1.715834 0.3540921 -0.1787934
v -1.618849 0.4319867 -0.2872414
v -1.531659 0.4624966 -0.3569416
v -1.518223 0.5010818 -0.3560125
v -1.663104 0.3629825 -0.2522642
v -1.630275 0.3910061 -0.2870959
v -1.767162 0.2891421 -0.04540752
v -1.775308 0.2236349 0.01575811
v -1.775043 0.2287274 -0.04194593
v -1.734138 0.1704156 0.2386874
v -1.599463 0.6106805 0.292154
v -1.765397 0.2174728 0.09858322
v -1.775524 0.1819696 0.1072901
v -1.663104 0.3629825 -0.2522642
v -1.639732 0.4292129 0.2963153
v -1.591509 0.4247476 0.3865753
v -1.694765 0.07935882 0.3894516
v -1.736302 0.09549957 0.2578534
v -1.691233 3.051758E-07 0.4252453
v -1.595667 6.103515E-07 0.5248962
v -1.551091 0.6054605 0.3709893
v -1.432201 0.7038254 0.4187669
v -1.521566 0.708082 0.3598883
v -1.564033 0.7150714 0.2835434
v -1.338632 0.7952209 0.4644923
v -1.425311 0.7930722 0.4184253
v -1.242742 0.7990652 0.4903915
v -1.605117 0.7183688 0.1186502
v -1.607772 0.7119076 0.03947525
v -1.591508 0.7173837 -0.03918348
v -1.580394 0.7172626 -0.1229364
v -1.538199 0.7178311 -0.1910025
v -1.487477 0.7150348 -0.2514236
v -1.422087 0.7204315 -0.2944108
v -1.582386 0.8118124 0.1989075
v -1.599224 0.8107367 0.1244443
v -1.561019 0.8054824 0.2763658
v -1.263828 0.7118695 -0.3543398
v -1.412551 0.8139312 -0.2965826
v -1.347772 0.8103598 -0.3350259
v -1.271086 0.7997885 -0.3488992
v -1.26407 0.6308377 -0.3691807
v -1.411445 0.5695468 -0.390603
v -1.518223 0.5010818 -0.3560125
v -1.427965 0.5364773 -0.3963872
v -1.322678 0.5823389 -0.4039474
v -1.304469 0.6006479 -0.3883148
v -0.6645024 0.6700848 1.007123
v -0.6630787 0.6048923 1.006831
v -0.6592928 0.5111282 1.001458
v -1.104462 6.103515E-07 2.059866
v -0.9846467 0.2318036 2.022441
v -1.014893 6.103515E-07 2.073396
v -1.36641 1.07426 1.584128
v -1.356219 1.222819 1.569441
v -1.330958 1.068413 1.667079
v -1.377424 1.225545 1.483835
v -1.36641 1.07426 1.584128
v -1.211505 0.7070544 0.3978549
v -1.492874 0.7166846 -0.0780822
v -1.467899 0.7204184 -0.1368405
v -1.211505 0.7070544 0.3978549
v -1.517419 0.7194131 -0.01820309
v -1.492874 0.7166846 -0.0780822
v -1.560755 1.194326 -1.265128
v -1.555082 1.193252 -1.088302
v -1.645397 1.195367 -1.203929
v -1.555082 1.193252 -1.088302
v -1.495193 1.1946 -0.9851758
v -1.625353 1.195005 -1.056194
v -1.249604 2.292776 -1.173011
v -1.244766 2.29267 -1.175209
v -1.237499 2.293196 -1.159219
v -1.25241 2.293232 -1.168495
v -1.251781 2.292788 -1.170178
v -1.237499 2.293196 -1.159219
v -0.1872377 3.263478 -0.3805433
v -0.4019133 3.077568 -0.3802977
v -0.2596696 3.077511 -0.5050848
v -0.2873476 3.263478 -0.2927704
v -0.4850296 3.083187 -0.2106714
v -0.347301 3.263478 -0.1734861
v -0.4982992 3.081411 -0.02192455
v -0.3589578 3.263478 -0.04093591
v -0.4391522 3.078133 0.1571125
v -0.3213402 3.263478 0.0846429
v -0.3143663 3.078133 0.2993571
v -0.2335763 3.263478 0.1846837
v -0.1429393 3.081411 0.3831541
v -0.1090112 3.263478 0.2439487
v 0.04680428 3.083189 0.3955716
v 0.02678642 3.263478 0.2528664
v -0.07309806 3.473204 0.09402593
v -0.001287994 3.473204 0.09862024
v -0.04189362 3.643404 -0.08466102
v -0.137531 3.473204 0.06267802
v -0.1844002 3.473204 0.009409065
v -0.2065904 3.473205 -0.05766191
v -0.2011044 3.473205 -0.1283821
v -0.1690474 3.473204 -0.1920316
v -0.1153314 3.473204 -0.2389217
v -0.04787849 3.473204 -0.2618705
v -0.06119987 3.263478 -0.4233535
v 0.02678642 3.263478 0.2528664
v 0.2259778 3.083194 0.3347194
v 0.04680428 3.083189 0.3955716
v 0.1539198 3.263478 0.2101461
v 0.3682225 3.083194 0.2099337
v 0.06666427 3.473205 0.07573012
v -0.001287994 3.473204 0.09862024
v -0.04189362 3.643404 -0.08466102
v 0.2540204 3.263478 0.1223775
v 0.4518861 3.083194 0.04021187
v 0.1203661 3.473205 0.0288467
v 0.3128735 3.263478 0.003005486
v 0.4645306 3.082696 -0.1484373
v 0.1519203 3.473205 -0.03485994
v 0.3215614 3.263478 -0.1297946
v 0.4045016 3.082153 -0.3270615
v 0.1566512 3.473205 -0.1056809
v 0.2787637 3.263478 -0.2558062
v 0.2796493 3.083319 -0.4692431
v 0.1338429 3.473205 -0.1728365
v 0.1909955 3.263478 -0.355845
v 0.1091223 3.083516 -0.5534728
v 0.0716172 3.263478 -0.4146804
v 0.08696762 3.473205 -0.2261027
v 0.02315773 3.473205 -0.2573683
v -0.04787849 3.473204 -0.2618705
v -0.06119987 3.263478 -0.4233535
v 0.0716172 3.263478 -0.4146804
v -0.06119987 3.263478 -0.4233535
v -0.07994796 3.083193 -0.5660311
v 0.1091223 3.083516 -0.5534728
v -0.06119987 3.263478 -0.4233535
v -0.1872377 3.263478 -0.3805433
v -0.2596696 3.077511 -0.5050848
v -0.07994796 3.083193 -0.5660311
v -0.3742338 2.980778 0.1097897
v -0.4185295 2.980779 -0.02311542
v -0.4920439 2.980778 -0.01799126
v -0.4355148 2.980778 0.1507107
v -0.3742338 2.980778 0.1097897
v -0.4110667 2.863699 -0.0378462
v -0.4185295 2.980779 -0.02311542
v -0.3585213 2.863699 0.1173977
v -0.3569441 2.687747 0.1190475
v -0.2688562 2.687747 0.2284316
v -0.2622096 2.8637 0.2271832
v -0.4355148 2.980778 0.1507107
v -0.3061301 2.980779 0.2982356
v -0.1123919 2.687747 0.2989484
v -0.2688562 2.503536 0.2284316
v -0.1149527 2.8637 0.2996925
v -0.2578978 2.980778 0.2423869
v -0.1309936 2.980778 0.3045851
v 0.03002273 2.687747 0.3081416
v 0.03081741 2.863699 0.3092236
v -0.1454096 2.980778 0.3771348
v 0.05068931 2.980778 0.3899607
v -0.1123919 2.503536 0.2989484
v -0.1107164 2.128637 0.3012814
v 0.02530014 2.128637 0.3102566
v 0.02380569 2.503536 0.3080363
v -0.2657934 2.128637 0.2248322
v -0.3564426 2.128637 0.1215002
v -0.3571049 2.503536 0.1187948
v -0.4120444 2.128637 -0.04221024
v -0.4108725 2.503536 -0.0332539
v -0.4022568 2.503536 -0.1791831
v -0.4030762 2.128637 -0.1793758
v -0.4108725 2.687747 -0.03325392
v -0.3308917 2.503536 -0.335159
v -0.3266313 2.128637 -0.3344522
v -0.4022506 2.687747 -0.1795012
v -0.2260536 2.50061 -0.4263671
v -0.2232994 2.128637 -0.4251014
v -0.05958939 2.128637 -0.4807036
v -0.06251159 2.503536 -0.480314
v -0.3317873 2.687747 -0.3348495
v -0.2263998 2.684821 -0.4265369
v -0.4021173 2.863699 -0.1834275
v -0.479133 2.980778 -0.213761
v -0.4920439 2.980778 -0.01799126
v -0.3326808 2.863698 -0.3297988
v -0.3464221 2.980778 -0.3246234
v -0.4068812 2.980778 -0.1990208
v -0.2228766 2.863698 -0.426107
v -0.2542853 2.980778 -0.502737
v -0.4017364 2.980778 -0.3733126
v -0.06465057 2.863699 -0.4795106
v -0.06285477 2.687747 -0.4801408
v -0.07905342 2.980778 -0.4865035
v -0.2139329 2.980778 -0.4408776
v -0.2542853 2.980778 -0.502737
v -0.2139329 2.980778 -0.4408776
v -0.07905342 2.980778 -0.4865035
v -0.08397613 2.980778 -0.5603947
v 0.3732782 2.980778 0.02865377
v 0.3111641 2.980779 0.1546157
v 0.367 2.980778 0.2032209
v 0.445817 2.980778 0.04333069
v 0.3683859 2.863699 0.01310919
v 0.3111641 2.980779 0.1546157
v 0.3732782 2.980778 0.02865377
v 0.2958594 2.863699 0.1601819
v 0.2933475 2.687747 0.1579692
v 0.3710465 2.687747 0.004922314
v 0.378226 2.863699 -0.1327069
v 0.445817 2.980778 0.04333069
v 0.4594238 2.980778 -0.1521134
v 0.3770479 2.687747 -0.1377731
v 0.3709755 2.503536 0.005215873
v 0.3195806 2.687747 -0.2935941
v 0.3777321 2.503536 -0.137205
v 0.325469 2.863699 -0.2880256
v 0.3860791 2.980778 -0.1467583
v 0.34214 2.980778 -0.2788096
v 0.3177817 2.687748 -0.2948595
v 0.3213744 2.503536 -0.2922618
v 0.2288763 2.863699 -0.3972521
v 0.4031572 2.980778 -0.3201369
v 0.2736011 2.980779 -0.4674779
v 0.2254662 2.687747 -0.3927419
v 0.3233131 2.128637 -0.2919702
v 0.2292252 2.503536 -0.390336
v 0.378904 2.128637 -0.1282486
v 0.3707022 2.128637 0.007528725
v 0.2934941 2.128637 0.1639948
v 0.2933548 2.503536 0.1579565
v 0.1901595 2.128637 0.254643
v 0.2327258 2.128637 -0.395883
v 0.192227 2.503536 0.2520657
v 0.02530014 2.128637 0.3102566
v 0.02380569 2.503536 0.3080363
v 0.192227 2.687747 0.2520657
v 0.03002273 2.687747 0.3081416
v 0.03081741 2.863699 0.3092236
v 0.1860716 2.863699 0.2564943
v 0.04557525 2.980778 0.3161098
v 0.1785603 2.980779 0.2709442
v 0.2194813 2.980778 0.3326333
v 0.367 2.980778 0.2032209
v 0.34214 2.980778 -0.2788096
v 0.3860791 2.980778 -0.1467583
v 0.4594238 2.980778 -0.1521134
v 0.4031572 2.980778 -0.3201369
v -0.1309936 2.980778 0.3045851
v -0.2578978 2.980778 0.2423869
v -0.3061301 2.980779 0.2982356
v -0.1454096 2.980778 0.3771348
v 0.1125693 2.980778 -0.5470361
v -0.08397613 2.980778 -0.5603947
v -0.06465057 2.863699 -0.4795106
v 0.08172821 2.863699 -0.4698169
v 0.08549919 2.687747 -0.4698636
v -0.06285477 2.687747 -0.4801408
v 0.08630355 2.503536 -0.4694075
v -0.06251159 2.503536 -0.480314
v -0.05958939 2.128637 -0.4807036
v 0.07757606 2.128637 -0.4717355
v 0.225584 2.980778 -0.4111502
v 0.09823783 2.980778 -0.4741281
v -0.07994796 3.083193 -0.5660311
v -0.08397613 2.980778 -0.5603947
v 0.1125693 2.980778 -0.5470361
v 0.1091223 3.083516 -0.5534728
v 0.2736011 2.980779 -0.4674779
v 0.2796493 3.083319 -0.4692431
v 0.4045016 3.082153 -0.3270615
v 0.4031572 2.980778 -0.3201369
v 0.4594238 2.980778 -0.1521134
v 0.4645306 3.082696 -0.1484373
v 0.4518861 3.083194 0.04021187
v 0.445817 2.980778 0.04333069
v 0.367 2.980778 0.2032209
v 0.3682225 3.083194 0.2099337
v 0.2259778 3.083194 0.3347194
v 0.2194813 2.980778 0.3326333
v 0.05068931 2.980778 0.3899607
v 0.04680428 3.083189 0.3955716
v 0.05068931 2.980778 0.3899607
v -0.1429393 3.081411 0.3831541
v 0.04680428 3.083189 0.3955716
v -0.1454096 2.980778 0.3771348
v -0.3061301 2.980779 0.2982356
v -0.3143663 3.078133 0.2993571
v -0.4391522 3.078133 0.1571125
v -0.4355148 2.980778 0.1507107
v -0.4920439 2.980778 -0.01799126
v -0.4982992 3.081411 -0.02192455
v -0.4850296 3.083187 -0.2106714
v -0.479133 2.980778 -0.213761
v -0.4017364 2.980778 -0.3733126
v -0.4019133 3.077568 -0.3802977
v -0.2596696 3.077511 -0.5050848
v -0.2542853 2.980778 -0.502737
v -0.08397613 2.980778 -0.5603947
v -0.07994796 3.083193 -0.5660311
v 0.1785603 2.980779 0.2709442
v 0.04557525 2.980778 0.3161098
v 0.05068931 2.980778 0.3899607
v 0.2194813 2.980778 0.3326333
v 0.1125693 2.980778 -0.5470361
v 0.09823783 2.980778 -0.4741281
v 0.225584 2.980778 -0.4111502
v 0.2736011 2.980779 -0.4674779
v -0.479133 2.980778 -0.213761
v -0.4068812 2.980778 -0.1990208
v -0.3464221 2.980778 -0.3246234
v -0.4017364 2.980778 -0.3733126
v -0.2704607 2.687882 -0.3069112
v -0.3409241 2.687883 -0.1515629
v -0.3409302 2.503671 -0.1512448
v -0.2695651 2.503671 -0.3072207
v -0.1079795 2.687749 0.2317021
v 0.03443512 2.68775 0.2408954
v 0.02821808 2.503538 0.24079
v -0.1079795 2.503538 0.2317022
v -0.3044517 2.68775 0.07678527
v -0.2163639 2.687749 0.1861694
v -0.2163639 2.503538 0.1861694
v -0.3046126 2.503538 0.07653259
v -0.04185715 2.687836 -0.4161047
v -0.2048462 2.684911 -0.3629734
v -0.205056 2.500699 -0.362331
v -0.04151398 2.503625 -0.4162779
v 0.1764725 2.687398 -0.3464707
v 0.1802315 2.503186 -0.3440647
v 0.2723807 2.503187 -0.2459905
v 0.2705869 2.687398 -0.2473228
v 0.268788 2.687399 -0.2485882
v 0.2503697 2.503526 0.1406835
v 0.2503551 2.687737 0.1407088
v 0.3094123 2.687737 -0.02233103
v 0.3093413 2.503526 -0.02203747
v -0.3317873 2.687747 -0.3348495
v -0.2704607 2.687882 -0.3069112
v -0.2695651 2.503671 -0.3072207
v -0.3308917 2.503536 -0.335159
v -0.2695651 2.503671 -0.3072207
v -0.3409302 2.503671 -0.1512448
v -0.4022568 2.503536 -0.1791831
v -0.3308917 2.503536 -0.335159
v -0.4022568 2.503536 -0.1791831
v -0.3409302 2.503671 -0.1512448
v -0.3409241 2.687883 -0.1515629
v -0.4022506 2.687747 -0.1795012
v -0.2704607 2.687882 -0.3069112
v -0.3317873 2.687747 -0.3348495
v -0.4022506 2.687747 -0.1795012
v -0.3409241 2.687883 -0.1515629
v -0.1123919 2.687747 0.2989484
v -0.1079795 2.687749 0.2317021
v -0.1079795 2.503538 0.2317022
v -0.1123919 2.503536 0.2989484
v -0.1079795 2.503538 0.2317022
v 0.02821808 2.503538 0.24079
v 0.02380569 2.503536 0.3080363
v -0.1123919 2.503536 0.2989484
v 0.02380569 2.503536 0.3080363
v 0.02821808 2.503538 0.24079
v 0.03443512 2.68775 0.2408954
v 0.03002273 2.687747 0.3081416
v -0.1079795 2.687749 0.2317021
v -0.1123919 2.687747 0.2989484
v 0.03002273 2.687747 0.3081416
v 0.03443512 2.68775 0.2408954
v -0.3569441 2.687747 0.1190475
v -0.3044517 2.68775 0.07678527
v -0.3046126 2.503538 0.07653259
v -0.3571049 2.503536 0.1187948
v -0.3046126 2.503538 0.07653259
v -0.2163639 2.503538 0.1861694
v -0.2688562 2.503536 0.2284316
v -0.3571049 2.503536 0.1187948
v -0.2688562 2.503536 0.2284316
v -0.2163639 2.503538 0.1861694
v -0.2163639 2.687749 0.1861694
v -0.2688562 2.687747 0.2284316
v -0.2163639 2.687749 0.1861694
v -0.3044517 2.68775 0.07678527
v -0.3569441 2.687747 0.1190475
v -0.2688562 2.687747 0.2284316
v -0.06285477 2.687747 -0.4801408
v -0.04185715 2.687836 -0.4161047
v -0.04151398 2.503625 -0.4162779
v -0.06251159 2.503536 -0.480314
v -0.06251159 2.503536 -0.480314
v -0.04151398 2.503625 -0.4162779
v -0.205056 2.500699 -0.362331
v -0.2260536 2.50061 -0.4263671
v -0.2260536 2.50061 -0.4263671
v -0.205056 2.500699 -0.362331
v -0.2048462 2.684911 -0.3629734
v -0.2263998 2.684821 -0.4265369
v -0.2263998 2.684821 -0.4265369
v -0.2048462 2.684911 -0.3629734
v -0.04185715 2.687836 -0.4161047
v -0.06285477 2.687747 -0.4801408
v 0.3195806 2.687747 -0.2935941
v 0.2705869 2.687398 -0.2473228
v 0.2723807 2.503187 -0.2459905
v 0.3213744 2.503536 -0.2922618
v 0.3213744 2.503536 -0.2922618
v 0.2723807 2.503187 -0.2459905
v 0.1802315 2.503186 -0.3440647
v 0.2292252 2.503536 -0.390336
v 0.2292252 2.503536 -0.390336
v 0.1802315 2.503186 -0.3440647
v 0.1764725 2.687398 -0.3464707
v 0.2254662 2.687747 -0.3927419
v 0.2254662 2.687747 -0.3927419
v 0.1764725 2.687398 -0.3464707
v 0.268788 2.687399 -0.2485882
v 0.3177817 2.687748 -0.2948595
v 0.3177817 2.687748 -0.2948595
v 0.268788 2.687399 -0.2485882
v 0.2705869 2.687398 -0.2473228
v 0.3195806 2.687747 -0.2935941
v 0.2933548 2.503536 0.1579565
v 0.2503697 2.503526 0.1406835
v 0.3093413 2.503526 -0.02203747
v 0.3709755 2.503536 0.005215873
v 0.3709755 2.503536 0.005215873
v 0.3093413 2.503526 -0.02203747
v 0.3094123 2.687737 -0.02233103
v 0.3710465 2.687747 0.004922314
v 0.3710465 2.687747 0.004922314
v 0.3094123 2.687737 -0.02233103
v 0.2503551 2.687737 0.1407088
v 0.2933475 2.687747 0.1579692
v 0.2933475 2.687747 0.1579692
v 0.2503551 2.687737 0.1407088
v 0.2503697 2.503526 0.1406835
v 0.2933548 2.503536 0.1579565
v 0.3045734 1.584138 -0.3790113
v 0.277831 1.56899 -0.3324415
v 0.3140043 1.56899 -0.282059
v 0.3642783 1.584159 -0.2955265
v 0.09384598 1.887182 -0.497577
v -0.07235779 1.887182 -0.5084506
v -0.06051292 1.821797 -0.5124487
v 0.09455665 1.792948 -0.5003653
v 0.2432357 1.887182 -0.4239304
v 0.09979606 1.481337 -0.5195088
v 0.2590868 1.394766 -0.444497
v 0.2477014 1.671648 -0.4295993
v 0.3530803 1.887182 -0.2987288
v -0.0616716 1.58917 -0.5267259
v 0.3642783 1.584159 -0.2955265
v 0.4066434 1.887182 -0.1410179
v 0.3045734 1.584138 -0.3790113
v 0.3171085 1.348941 -0.3900915
v 0.4110522 1.665763 -0.1418319
v 0.3957675 1.887182 0.0251831
v 0.438745 1.267176 -0.1456302
v 0.3783855 1.348912 -0.303731
v 0.07992416 0.7812417 -0.5902942
v 0.07463943 0.7354096 -0.5954425
v -0.06619766 0.7293063 -0.6033996
v 0.1164839 0.7858194 -0.5821846
v 0.2197431 0.8332345 -0.536711
v 0.217242 0.7881168 -0.5437828
v 0.29266 0.8378192 -0.488475
v 0.3286334 0.8393356 -0.4550388
v 0.3295856 0.8851434 -0.4471397
v 0.4154593 0.9294211 -0.3328922
v 0.415009 0.8912714 -0.3414356
v 0.4646839 0.9957635 -0.1844187
v 0.4706411 1.000164 -0.1498343
v 0.470988 1.030852 -0.06383915
v 0.4755028 1.001769 -0.0699213
v 0.4547889 1.035735 0.04076996
v 0.4169495 1.443629 0.02155193
v 0.4410279 1.083409 0.06862499
v 0.4473923 1.037469 0.06407582
v 0.4164123 1.088059 0.1279128
v 0.4021464 1.678882 0.0176247
v 0.3802949 1.443662 0.120432
v 0.3879291 1.089844 0.1840653
v 0.3660899 1.678889 0.1133843
v 0.3244418 1.751635 0.1762414
v 0.3221162 1.887182 0.1745655
v 0.3818144 1.135738 0.1873307
v 0.1969147 1.887182 0.2843984
v 0.3623244 1.144961 0.2055447
v 0.3703238 1.135486 0.211532
v 0.2990102 1.141947 0.2798454
v 0.2918687 1.187778 0.2809381
v 0.336616 1.516671 0.1857024
v 0.2055245 1.596974 0.2992844
v 0.2226957 1.192158 0.3289392
v 0.1989329 1.813893 0.2878896
v 0.0392141 1.887182 0.3379675
v 0.04709785 1.822346 0.3397786
v -0.05011215 1.822575 0.3433713
v 0.04972931 1.58916 0.3536668
v 0.1811462 1.239685 0.3453109
v 0.1882161 1.193797 0.3461398
v 0.05799232 1.279271 0.3792131
v -0.05189255 1.588955 0.3574333
v -0.07151451 1.343563 0.3777606
v -0.06570152 1.285409 0.381763
v -0.05011215 1.822575 0.3433713
v -0.1269813 1.887182 0.327094
v 0.0392141 1.887182 0.3379675
v -0.128026 1.813893 0.3309898
v -0.05189255 1.588955 0.3574333
v -0.2763669 1.887182 0.2534553
v -0.1314406 1.596974 0.3437063
v -0.07151451 1.343563 0.3777606
v -0.1371654 1.348137 0.3650044
v -0.2868558 1.596974 0.2670975
v -0.1894488 1.395625 0.3430929
v -0.1849701 1.349845 0.3485469
v -0.2928799 1.401889 0.2857627
v -0.298062 1.433408 0.2784891
v -0.2788244 1.813893 0.2566548
v -0.3861983 1.887182 0.1282533
v -0.378472 1.499773 0.189256
v -0.3772209 1.439496 0.1959845
v -0.4104785 1.504012 0.1422351
v -0.3896921 1.813893 0.1302671
v -0.4397772 1.887182 -0.02944561
v -0.4011053 1.596974 0.1368341
v -0.4365134 1.551139 0.08086537
v -0.4368887 1.505533 0.08755491
v -0.4648465 1.556931 -0.03341408
v -0.4625359 1.603006 -0.03980947
v -0.4437933 1.813893 -0.02892017
v -0.4612523 1.607614 -0.1110395
v -0.4400928 1.814458 -0.1116244
v -0.427402 1.844491 -0.1952442
v -0.4289067 1.887182 -0.1956452
v -0.3552617 1.887182 -0.3450313
v -0.3961709 1.816392 -0.2774403
v -0.3584686 1.813893 -0.3474947
v -0.23007 1.887182 -0.4548858
v -0.3689442 1.596974 -0.3555512
v -0.4102225 1.602871 -0.2867125
v -0.3877452 1.265381 -0.3700356
v -0.4414458 1.276384 -0.289515
v -0.2321013 1.813893 -0.4584058
v -0.2387433 1.596974 -0.4699247
v -0.1640381 1.822063 -0.4887674
v -0.07235779 1.887182 -0.5084506
v -0.06051292 1.821797 -0.5124487
v -0.169248 1.588904 -0.5021101
v -0.2428567 1.26104 -0.4951462
v -0.3318002 1.261033 -0.4310978
v -0.3449827 1.029412 -0.4462304
v -0.1851685 0.6822018 -0.5820566
v -0.0616716 1.58917 -0.5267259
v -0.06619766 0.7293063 -0.6033996
v -0.07282639 0.6836224 -0.6065165
v -0.2165306 0.677543 -0.5700931
v -0.2526578 1.029392 -0.5121598
v -0.2204807 0.6305133 -0.5705679
v -0.3436053 0.6260208 -0.500087
v -0.3686529 0.5092139 -0.4806991
v -0.4330945 0.5092139 -0.4049966
v -0.4858133 0.5092139 -0.3167995
v -0.5346271 0.5092139 -0.1803625
v -0.4782909 1.267629 -0.1724187
v 0.05799232 1.279271 0.3792131
v 0.1811462 1.239685 0.3453109
v 0.2556013 1.22582 0.5461357
v 0.08624939 1.231887 0.5893076
v -0.6635147 1.427588 -0.1912983
v -0.4782909 1.267629 -0.1724187
v -0.4414458 1.276384 -0.289515
v -0.6245627 1.435398 -0.3078431
v 0.4154593 0.9294211 -0.3328922
v 0.5921857 0.9178314 -0.419602
v 0.6535403 0.9115033 -0.247675
v 0.4646839 0.9957635 -0.1844187
v 0.4021464 1.678882 0.0176247
v 0.3692991 1.663703 0.01630344
v 0.347231 1.663703 0.0742503
v 0.3660899 1.678889 0.1133843
v 0.04709785 1.822346 0.3397786
v 0.04793701 1.807788 0.2848872
v -0.01299088 1.807788 0.2867053
v -0.05011215 1.822575 0.3433713
v -0.427402 1.844491 -0.1952442
v -0.3927456 1.832917 -0.1859643
v -0.365999 1.806923 -0.2589076
v -0.3961709 1.816392 -0.2774403
v -0.4400928 1.814458 -0.1116244
v -0.4060773 1.806923 -0.1094198
v -0.3927456 1.832917 -0.1859643
v -0.427402 1.844491 -0.1952442
v -0.07235779 1.887182 -0.5084506
v -0.08162338 2.041624 -0.597831
v -0.2719861 2.041624 -0.5331773
v -0.23007 1.887182 -0.4548858
v -0.4280196 2.04165 -0.3984656
v -0.3552617 1.887182 -0.3450313
v -0.5169092 2.04165 -0.2181419
v -0.4289067 1.887182 -0.1956452
v -0.5300256 2.04165 -0.01752777
v -0.4397772 1.887182 -0.02944561
v -0.465372 2.04165 0.172835
v -0.3861983 1.887182 0.1282533
v -0.2763669 1.887182 0.2534553
v -0.330657 2.042858 0.3297394
v -0.1499091 2.039343 0.4176928
v -0.1269813 1.887182 0.327094
v 0.0392141 1.887182 0.3379675
v 0.05076088 2.040135 0.4298976
v 0.0392141 1.887182 0.3379675
v 0.05076088 2.040135 0.4298976
v 0.2451955 2.033297 0.3595191
v 0.1969147 1.887182 0.2843984
v 0.3966521 2.035092 0.223395
v 0.3221162 1.887182 0.1745655
v 0.4855418 2.035091 0.04307125
v 0.3957675 1.887182 0.0251831
v 0.4986582 2.035091 -0.1575427
v 0.4066434 1.887182 -0.1410179
v 0.4299964 2.038767 -0.3484527
v 0.3530803 1.887182 -0.2987288
v 0.2993144 2.041624 -0.4958247
v 0.2432357 1.887182 -0.4239304
v 0.09384598 1.887182 -0.497577
v 0.1189907 2.041624 -0.5847145
v -0.07235779 1.887182 -0.5084506
v -0.08162338 2.041624 -0.597831
v 0.2870329 1.36428 -0.3405192
v 0.3246115 1.36428 -0.2882096
v 0.3140043 1.56899 -0.282059
v 0.277831 1.56899 -0.3324415
v -0.1640381 1.822063 -0.4887674
v -0.1259716 1.807788 -0.4436407
v -0.06611405 1.807788 -0.4576663
v -0.06051292 1.821797 -0.5124487
v 0.2690729 2.208774 0.1390388
v 0.2740562 2.299391 0.1325478
v 0.3891437 2.303474 0.221832
v 0.3853856 2.198713 0.2267902
v 0.2690729 2.208774 0.1390388
v 0.3853856 2.198713 0.2267902
v 0.2378864 2.198719 0.3552243
v 0.1685963 2.208774 0.2271832
v -0.1499091 2.039343 0.4176928
v 0.05226783 2.196477 0.4202611
v 0.05076088 2.040135 0.4298976
v -0.1506392 2.196477 0.4070001
v -0.330657 2.042858 0.3297394
v -0.3261969 2.19877 0.3182983
v -0.3212424 2.303474 0.321974
v -0.1539957 2.303474 0.4044174
v -0.4569406 2.198774 0.1691968
v -0.465372 2.04165 0.172835
v -0.5300256 2.04165 -0.01752777
v -0.5208049 2.198773 -0.01883596
v -0.5199423 2.303474 -0.01272894
v -0.4599772 2.303474 0.1638288
v -0.5078618 2.198774 -0.2167103
v -0.5169092 2.04165 -0.2181419
v -0.4280196 2.04165 -0.3984656
v -0.4184941 2.198725 -0.3973365
v -0.2719861 2.041624 -0.5331773
v -0.4222494 2.303474 -0.3923536
v -0.5062169 2.303474 -0.222655
v -0.273656 2.198724 -0.5243545
v -0.08302383 2.198777 -0.5897141
v -0.08162338 2.041624 -0.597831
v -0.08907066 2.303474 -0.5886015
v -0.2682536 2.303474 -0.5274466
v 0.3891437 2.303474 0.221832
v 0.473106 2.303276 0.05212333
v 0.4755693 2.196481 0.04880985
v 0.3853856 2.198713 0.2267902
v 0.3966521 2.035092 0.223395
v 0.4855418 2.035091 0.04307125
v 0.2451955 2.033297 0.3595191
v 0.487714 2.19877 -0.1516308
v 0.2378864 2.198719 0.3552243
v 0.4986582 2.035091 -0.1575427
v 0.05226783 2.196477 0.4202611
v 0.05076088 2.040135 0.4298976
v 0.2324879 2.303474 0.3581777
v 0.05587379 2.303425 0.4181533
v 0.4238761 2.198772 -0.3396886
v 0.4299964 2.038767 -0.3484527
v 0.4268369 2.303474 -0.3342875
v 0.4868019 2.303474 -0.1577298
v 0.2930315 2.198773 -0.4887253
v 0.2993144 2.041624 -0.4958247
v 0.1189907 2.041624 -0.5847145
v 0.1149123 2.198773 -0.5765232
v -0.08162338 2.041624 -0.597831
v -0.08302383 2.198777 -0.5897141
v 0.1208552 2.303474 -0.5748762
v 0.2880907 2.303293 -0.4924423
v 0.3439916 2.208774 -0.128628
v 0.487714 2.19877 -0.1516308
v 0.4755693 2.196481 0.04880985
v 0.3352996 2.208773 0.004698277
v 0.2077005 2.208774 -0.3708926
v 0.2930315 2.198773 -0.4887253
v 0.4238761 2.198772 -0.3396886
v 0.2958424 2.208774 -0.2703959
v -0.3330778 2.299586 0.09284675
v -0.4599772 2.303474 0.1638288
v -0.5199423 2.303474 -0.01272894
v -0.376062 2.299586 -0.03371305
v 0.3337476 2.29648 0.01165186
v 0.473106 2.303276 0.05212333
v 0.3891437 2.303474 0.221832
v 0.2740562 2.299391 0.1325478
v -0.3022134 2.208774 -0.3094977
v -0.4184941 2.198725 -0.3973365
v -0.273656 2.198724 -0.5243545
v -0.2017367 2.208774 -0.3976421
v -0.3212424 2.303474 0.321974
v -0.2343416 2.299586 0.2053972
v -0.1144561 2.299586 0.2644941
v -0.1539957 2.303474 0.4044174
v -0.0599688 2.208774 -0.4457912
v -0.08302383 2.198777 -0.5897141
v 0.1149123 2.198773 -0.5765232
v 0.07340644 2.208774 -0.4370709
v -0.2408385 2.208774 0.2004137
v -0.2343416 2.299586 0.2053972
v -0.3212424 2.303474 0.321974
v -0.3261969 2.19877 0.3182983
v 0.05587379 2.303425 0.4181533
v 0.03411079 2.298862 0.2742835
v 0.1615062 2.299586 0.2312787
v 0.2324879 2.303474 0.3581777
v -0.273656 2.198724 -0.5243545
v -0.2682536 2.303474 -0.5274466
v -0.1946464 2.299586 -0.4017372
v -0.2017367 2.208774 -0.3976421
v 0.02678902 2.208773 0.2753335
v 0.03411079 2.298862 0.2742835
v 0.05587379 2.303425 0.4181533
v 0.05226783 2.196477 0.4202611
v -0.3022134 2.208774 -0.3094977
v -0.3071969 2.299586 -0.3030009
v -0.4222494 2.303474 -0.3923536
v -0.4184941 2.198725 -0.3973365
v 0.2880907 2.303293 -0.4924423
v 0.2012594 2.296933 -0.3762742
v 0.08131546 2.299586 -0.4349519
v 0.1208552 2.303474 -0.5748762
v -0.1506392 2.196477 0.4070001
v -0.1539957 2.303474 0.4044174
v -0.1144561 2.299586 0.2644941
v -0.1065469 2.208774 0.2666121
v -0.1506392 2.196477 0.4070001
v -0.1065469 2.208774 0.2666121
v 0.02678902 2.208773 0.2753335
v 0.05226783 2.196477 0.4202611
v 0.2077005 2.208774 -0.3708926
v 0.2012594 2.296933 -0.3762742
v 0.2880907 2.303293 -0.4924423
v 0.2930315 2.198773 -0.4887253
v -0.4569406 2.198774 0.1691968
v -0.3289827 2.208774 0.09993708
v -0.2408385 2.208774 0.2004137
v -0.3261969 2.19877 0.3182983
v 0.3439916 2.208774 -0.128628
v 0.3429216 2.299586 -0.1367458
v 0.4868019 2.303474 -0.1577298
v 0.487714 2.19877 -0.1516308
v 0.4755693 2.196481 0.04880985
v 0.473106 2.303276 0.05212333
v 0.3337476 2.29648 0.01165186
v 0.3352996 2.208773 0.004698277
v -0.08907066 2.303474 -0.5886015
v -0.07209533 2.30368 -0.4438061
v -0.1946464 2.299586 -0.4017372
v -0.2682536 2.303474 -0.5274466
v -0.5078618 2.198774 -0.2167103
v -0.3684117 2.208774 -0.1752061
v -0.3771321 2.208774 -0.04183079
v -0.5208049 2.198773 -0.01883596
v -0.4222494 2.303474 -0.3923536
v -0.3071969 2.299586 -0.3030009
v -0.3662939 2.299586 -0.1831154
v -0.5062169 2.303474 -0.222655
v 0.4868019 2.303474 -0.1577298
v 0.3429216 2.299586 -0.1367458
v 0.2999375 2.299586 -0.2633055
v 0.4268369 2.303474 -0.3342875
v 0.4238761 2.198772 -0.3396886
v 0.4268369 2.303474 -0.3342875
v 0.2999375 2.299586 -0.2633055
v 0.2958424 2.208774 -0.2703959
v -0.0599688 2.208774 -0.4457912
v -0.06407776 2.295492 -0.4456364
v -0.08907066 2.303474 -0.5886015
v -0.08302383 2.198777 -0.5897141
v -0.2643179 1.381718 0.5397692
v -0.1894488 1.395625 0.3430929
v -0.1849701 1.349845 0.3485469
v -0.2600888 1.335814 0.5460078
v -0.655158 1.589583 -0.03366491
v -0.6518576 1.591065 -0.1897985
v -0.405004 1.609366 -0.188027
v -0.4612523 1.607614 -0.1110395
v -0.4193674 1.610736 -0.1091067
v -0.4625359 1.603006 -0.03980947
v -0.6518576 1.591065 -0.1897985
v -0.6123019 1.589696 -0.3050619
v -0.4102225 1.602871 -0.2867125
v -0.3758072 1.611811 -0.2647733
v -0.405004 1.609366 -0.188027
v -0.169248 1.588904 -0.5021101
v -0.129352 1.603079 -0.4537433
v -0.1259716 1.807788 -0.4436407
v -0.1640381 1.822063 -0.4887674
v -0.2371771 1.042464 -0.4644434
v -0.2292253 1.243669 -0.450484
v -0.2940611 1.243669 -0.4039224
v -0.3046768 1.042464 -0.4159653
v 0.3171085 1.348941 -0.3900915
v 0.2870329 1.36428 -0.3405192
v 0.277831 1.56899 -0.3324415
v 0.3045734 1.584138 -0.3790113
v -0.3758072 1.611811 -0.2647733
v -0.4102225 1.602871 -0.2867125
v -0.3961709 1.816392 -0.2774403
v -0.365999 1.806923 -0.2589076
v -0.05011215 1.822575 0.3433713
v -0.01299088 1.807788 0.2867053
v -0.01353264 1.603079 0.2972143
v -0.05189255 1.588955 0.3574333
v -0.05189255 1.588955 0.3574333
v -0.01353264 1.603079 0.2972143
v 0.0494931 1.603079 0.2953379
v 0.04972931 1.58916 0.3536668
v 0.3660899 1.678889 0.1133843
v 0.347231 1.663703 0.0742503
v 0.3577983 1.458993 0.07925783
v 0.3802949 1.443662 0.120432
v 0.3642783 1.584159 -0.2955265
v 0.3140043 1.56899 -0.282059
v 0.3246115 1.36428 -0.2882096
v 0.3783855 1.348912 -0.303731
v -0.06051292 1.821797 -0.5124487
v -0.06611405 1.807788 -0.4576663
v -0.06746063 1.603079 -0.4682395
v -0.0616716 1.58917 -0.5267259
v -0.3927456 1.832917 -0.1859643
v -0.3758072 1.611811 -0.2647733
v -0.365999 1.806923 -0.2589076
v -0.405004 1.609366 -0.188027
v -0.4060773 1.806923 -0.1094198
v -0.4193674 1.610736 -0.1091067
v -0.4612523 1.607614 -0.1110395
v -0.4193674 1.610736 -0.1091067
v -0.4060773 1.806923 -0.1094198
v -0.4400928 1.814458 -0.1116244
v -0.129352 1.603079 -0.4537433
v -0.06746063 1.603079 -0.4682395
v -0.06611405 1.807788 -0.4576663
v -0.1259716 1.807788 -0.4436407
v 0.0494931 1.603079 0.2953379
v -0.01353264 1.603079 0.2972143
v -0.01299088 1.807788 0.2867053
v 0.04793701 1.807788 0.2848872
v 0.3806794 1.458993 0.01918789
v 0.3577983 1.458993 0.07925783
v 0.347231 1.663703 0.0742503
v 0.3692991 1.663703 0.01630344
v -0.2428567 1.26104 -0.4951462
v -0.2292253 1.243669 -0.450484
v -0.2371771 1.042464 -0.4644434
v -0.2526578 1.029392 -0.5121598
v 0.3802949 1.443662 0.120432
v 0.3577983 1.458993 0.07925783
v 0.3806794 1.458993 0.01918789
v 0.4169495 1.443629 0.02155193
v -0.3436053 0.6260208 -0.500087
v -0.3686529 0.5092139 -0.4806991
v -0.4588849 0.5092139 -0.6634715
v -0.4520734 0.6331735 -0.6579027
v -0.0616716 1.58917 -0.5267259
v -0.06746063 1.603079 -0.4682395
v -0.129352 1.603079 -0.4537433
v -0.169248 1.588904 -0.5021101
v -0.3318002 1.261033 -0.4310978
v -0.2940611 1.243669 -0.4039224
v -0.2292253 1.243669 -0.450484
v -0.2428567 1.26104 -0.4951462
v -0.3771321 2.208774 -0.04183079
v -0.376062 2.299586 -0.03371305
v -0.5199423 2.303474 -0.01272894
v -0.5208049 2.198773 -0.01883596
v 0.470988 1.030852 -0.06383915
v 0.4755028 1.001769 -0.0699213
v 0.6720061 0.9600906 -0.06989963
v 0.6666964 1.005952 -0.06385395
v 0.5960266 0.882825 -0.4263245
v 0.4760936 0.8790963 -0.5868136
v 0.4757987 0.833179 -0.5954435
v 0.6346027 0.5092139 -0.4503154
v 0.7039988 0.5092139 -0.2583816
v 0.5044503 0.5092139 -0.6249704
v 0.6535403 0.9115033 -0.247675
v 0.5921857 0.9178314 -0.419602
v 0.729714 0.5092139 -0.06912403
v 0.3088383 0.7812112 -0.7226255
v 0.3116111 0.8271329 -0.7143909
v 0.324621 0.5092139 -0.7535316
v 0.6720061 0.9600906 -0.06989963
v 0.6582302 0.9543927 -0.2172173
v 0.7131989 0.5092139 0.131608
v 0.1111652 0.729245 -0.7921014
v 0.1161946 0.7751687 -0.7850113
v 0.1160539 0.5092139 -0.8195742
v -0.09791031 0.6772431 -0.7991062
v -0.0910527 0.7232049 -0.7941782
v -0.1003804 0.5092139 -0.8203583
v 0.6506936 1.024011 0.1136612
v 0.6666964 1.005952 -0.06385395
v 0.6018119 0.8763025 0.3259632
v 0.6341332 0.5092139 0.3393055
v 0.4845815 0.5092142 0.5139713
v 0.5735793 1.075948 0.3001512
v 0.644399 1.069921 0.1182599
v 0.4611 0.8763025 0.4903044
v 0.2996925 0.5092142 0.6169231
v 0.2827544 0.8334646 0.5743554
v 0.4345386 1.12793 0.4538447
v 0.5660746 1.121888 0.3027375
v 0.2632027 1.179911 0.5479258
v 0.4266227 1.173855 0.4542403
v 0.2212574 0.9128054 0.5829965
v 0.1456461 0.9318878 0.6010436
v 0.08624939 1.231887 0.5893076
v 0.2556013 1.22582 0.5461357
v 0.03382729 0.9305368 0.6166964
v -0.08824424 1.283493 0.5877359
v 0.07944381 1.277454 0.5858435
v -0.09753738 0.8273651 0.6274398
v -0.2771315 0.9267446 0.6315787
v -0.03574554 0.9092056 0.6182495
v -0.5574945 1.439312 0.3123416
v -0.4268297 1.433298 0.4485173
v -0.4243802 1.387767 0.455614
v -0.6346057 0.9312173 0.3541557
v -0.7074161 0.9651871 0.1540259
v -0.6331517 1.491686 0.1429503
v -0.5578 1.485542 0.3048467
v -0.455126 0.9289062 0.5392586
v -0.2600888 1.335814 0.5460078
v -0.2643179 1.381718 0.5397692
v -0.7376257 0.5092139 0.1770446
v -0.6447012 0.5092139 0.3754882
v -0.7709311 0.5092139 -0.01768303
v -0.4867349 0.5092139 0.5378278
v -0.7379883 0.9686722 -0.02703938
v -0.7605082 0.5092139 -0.2027072
v -0.7264097 1.007101 -0.1983066
v -0.6635147 1.427588 -0.1912983
v -0.2771315 0.9267446 0.6315787
v -0.2951718 0.5092142 0.6368851
v -0.08824424 1.283493 0.5877359
v -0.09386253 1.329752 0.5825331
v -0.09753738 0.8273651 0.6274398
v -0.1030994 0.5092142 0.6734337
v -0.6602365 1.532825 -0.02931837
v -0.6315875 1.529136 0.1357186
v -0.6518576 1.591065 -0.1897985
v -0.655158 1.589583 -0.03366491
v -0.6123019 1.589696 -0.3050619
v -0.6245627 1.435398 -0.3078431
v -0.09791031 0.6772431 -0.7991062
v -0.2948723 0.6712641 -0.7412412
v -0.2996399 0.6347006 -0.747723
v -0.1003804 0.5092139 -0.8203583
v -0.3085763 0.5092139 -0.7568817
v -0.4588849 0.5092139 -0.6634715
v -0.4520734 0.6331735 -0.6579027
v 0.07992416 0.7812417 -0.5902942
v 0.07463943 0.7354096 -0.5954425
v 0.1111652 0.729245 -0.7921014
v 0.1161946 0.7751687 -0.7850113
v -0.06619766 0.7293063 -0.6033996
v -0.07282639 0.6836224 -0.6065165
v -0.09791031 0.6772431 -0.7991062
v -0.0910527 0.7232049 -0.7941782
v -0.2165306 0.677543 -0.5700931
v -0.2204807 0.6305133 -0.5705679
v -0.2996399 0.6347006 -0.747723
v -0.2948723 0.6712641 -0.7412412
v -0.2204807 0.6305133 -0.5705679
v -0.3436053 0.6260208 -0.500087
v -0.4520734 0.6331735 -0.6579027
v -0.2996399 0.6347006 -0.747723
v -0.6602365 1.532825 -0.02931837
v -0.4648465 1.556931 -0.03341408
v -0.4365134 1.551139 0.08086537
v -0.6315875 1.529136 0.1357186
v -0.4782909 1.267629 -0.1724187
v -0.6635147 1.427588 -0.1912983
v -0.7264097 1.007101 -0.1983066
v -0.5346271 0.5092139 -0.1803625
v -0.7605082 0.5092139 -0.2027072
v -0.655158 1.589583 -0.03366491
v -0.4625359 1.603006 -0.03980947
v -0.4648465 1.556931 -0.03341408
v -0.6602365 1.532825 -0.02931837
v -0.6315875 1.529136 0.1357186
v -0.4365134 1.551139 0.08086537
v -0.4368887 1.505533 0.08755491
v -0.6331517 1.491686 0.1429503
v -0.6331517 1.491686 0.1429503
v -0.4368887 1.505533 0.08755491
v -0.4104785 1.504012 0.1422351
v -0.378472 1.499773 0.189256
v -0.5578 1.485542 0.3048467
v -0.5578 1.485542 0.3048467
v -0.378472 1.499773 0.189256
v -0.3772209 1.439496 0.1959845
v -0.5574945 1.439312 0.3123416
v -0.4268297 1.433298 0.4485173
v -0.298062 1.433408 0.2784891
v -0.2928799 1.401889 0.2857627
v -0.4243802 1.387767 0.455614
v -0.2928799 1.401889 0.2857627
v -0.1894488 1.395625 0.3430929
v -0.2643179 1.381718 0.5397692
v -0.4243802 1.387767 0.455614
v -0.2600888 1.335814 0.5460078
v -0.1849701 1.349845 0.3485469
v -0.1371654 1.348137 0.3650044
v -0.07151451 1.343563 0.3777606
v -0.09386253 1.329752 0.5825331
v -0.2526578 1.029392 -0.5121598
v -0.2371771 1.042464 -0.4644434
v -0.3046768 1.042464 -0.4159653
v -0.3449827 1.029412 -0.4462304
v 0.2226957 1.192158 0.3289392
v 0.2918687 1.187778 0.2809381
v 0.4266227 1.173855 0.4542403
v 0.1882161 1.193797 0.3461398
v 0.2632027 1.179911 0.5479258
v 0.3703238 1.135486 0.211532
v 0.3818144 1.135738 0.1873307
v 0.5660746 1.121888 0.3027375
v 0.2990102 1.141947 0.2798454
v 0.4345386 1.12793 0.4538447
v 0.4164123 1.088059 0.1279128
v 0.4410279 1.083409 0.06862499
v 0.644399 1.069921 0.1182599
v 0.5735793 1.075948 0.3001512
v 0.3879291 1.089844 0.1840653
v 0.3818144 1.135738 0.1873307
v 0.3879291 1.089844 0.1840653
v 0.5735793 1.075948 0.3001512
v 0.5660746 1.121888 0.3027375
v 0.470988 1.030852 -0.06383915
v 0.6666964 1.005952 -0.06385395
v 0.6506936 1.024011 0.1136612
v 0.4547889 1.035735 0.04076996
v 0.4473923 1.037469 0.06407582
v 0.4154593 0.9294211 -0.3328922
v 0.415009 0.8912714 -0.3414356
v 0.5960266 0.882825 -0.4263245
v 0.5921857 0.9178314 -0.419602
v 0.415009 0.8912714 -0.3414356
v 0.3295856 0.8851434 -0.4471397
v 0.4760936 0.8790963 -0.5868136
v 0.5960266 0.882825 -0.4263245
v 0.3295856 0.8851434 -0.4471397
v 0.3286334 0.8393356 -0.4550388
v 0.4757987 0.833179 -0.5954435
v 0.4760936 0.8790963 -0.5868136
v 0.2197431 0.8332345 -0.536711
v 0.3116111 0.8271329 -0.7143909
v 0.4757987 0.833179 -0.5954435
v 0.29266 0.8378192 -0.488475
v 0.3286334 0.8393356 -0.4550388
v 0.07992416 0.7812417 -0.5902942
v 0.1161946 0.7751687 -0.7850113
v 0.3088383 0.7812112 -0.7226255
v 0.1164839 0.7858194 -0.5821846
v 0.217242 0.7881168 -0.5437828
v 0.2197431 0.8332345 -0.536711
v 0.217242 0.7881168 -0.5437828
v 0.3088383 0.7812112 -0.7226255
v 0.3116111 0.8271329 -0.7143909
v 0.07463943 0.7354096 -0.5954425
v -0.06619766 0.7293063 -0.6033996
v -0.0910527 0.7232049 -0.7941782
v 0.1111652 0.729245 -0.7921014
v -0.2948723 0.6712641 -0.7412412
v -0.09791031 0.6772431 -0.7991062
v -0.07282639 0.6836224 -0.6065165
v -0.1851685 0.6822018 -0.5820566
v -0.2165306 0.677543 -0.5700931
v 0.4266227 1.173855 0.4542403
v 0.2918687 1.187778 0.2809381
v 0.2990102 1.141947 0.2798454
v 0.4345386 1.12793 0.4538447
v -0.09386253 1.329752 0.5825331
v -0.07151451 1.343563 0.3777606
v -0.06570152 1.285409 0.381763
v -0.08824424 1.283493 0.5877359
v -0.3772209 1.439496 0.1959845
v -0.298062 1.433408 0.2784891
v -0.4268297 1.433298 0.4485173
v -0.5574945 1.439312 0.3123416
v 0.4646839 0.9957635 -0.1844187
v 0.6582302 0.9543927 -0.2172173
v 0.6720061 0.9600906 -0.06989963
v 0.4706411 1.000164 -0.1498343
v 0.4755028 1.001769 -0.0699213
v 0.4410279 1.083409 0.06862499
v 0.4473923 1.037469 0.06407582
v 0.6506936 1.024011 0.1136612
v 0.644399 1.069921 0.1182599
v -0.1028059 0.5092142 0.5755107
v -0.09799225 0.8173242 0.5313529
v -0.04459793 0.8893628 0.515804
v 0.01767899 0.9093045 0.5054786
v 0.1340107 0.9107522 0.4901108
v 0.272556 0.5092142 0.521118
v 0.255032 0.8202744 0.4816189
v 0.1981325 0.8918695 0.4815226
v 0.2556013 1.22582 0.5461357
v 0.1811462 1.239685 0.3453109
v 0.1882161 1.193797 0.3461398
v 0.2632027 1.179911 0.5479258
v -0.03574554 0.9092056 0.6182495
v -0.04459793 0.8893628 0.515804
v -0.09799225 0.8173242 0.5313529
v -0.09753738 0.8273651 0.6274398
v -0.09753738 0.8273651 0.6274398
v -0.09799225 0.8173242 0.5313529
v -0.1028059 0.5092142 0.5755107
v -0.1030994 0.5092142 0.6734337
v 0.2827544 0.8334646 0.5743554
v 0.255032 0.8202744 0.4816189
v 0.1981325 0.8918695 0.4815226
v 0.2212574 0.9128054 0.5829965
v 0.1456461 0.9318878 0.6010436
v 0.1340107 0.9107522 0.4901108
v 0.01767899 0.9093045 0.5054786
v 0.03382729 0.9305368 0.6166964
v 0.03382729 0.9305368 0.6166964
v 0.01767899 0.9093045 0.5054786
v -0.04459793 0.8893628 0.515804
v -0.03574554 0.9092056 0.6182495
v 0.2212574 0.9128054 0.5829965
v 0.1981325 0.8918695 0.4815226
v 0.1340107 0.9107522 0.4901108
v 0.1456461 0.9318878 0.6010436
v 0.2827544 0.8334646 0.5743554
v 0.2996925 0.5092142 0.6169231
v 0.272556 0.5092142 0.521118
v 0.255032 0.8202744 0.4816189
v -0.6245627 1.435398 -0.3078431
v -0.4414458 1.276384 -0.289515
v -0.4102225 1.602871 -0.2867125
v -0.6123019 1.589696 -0.3050619
v 0.3783855 1.348912 -0.303731
v 0.3246115 1.36428 -0.2882096
v 0.2870329 1.36428 -0.3405192
v 0.3171085 1.348941 -0.3900915
v 0.4169495 1.443629 0.02155193
v 0.3806794 1.458993 0.01918789
v 0.3692991 1.663703 0.01630344
v 0.4021464 1.678882 0.0176247
v 0.04972931 1.58916 0.3536668
v 0.0494931 1.603079 0.2953379
v 0.04793701 1.807788 0.2848872
v 0.04709785 1.822346 0.3397786
v -0.06570152 1.285409 0.381763
v 0.05799232 1.279271 0.3792131
v 0.07944381 1.277454 0.5858435
v -0.08824424 1.283493 0.5877359
v -0.3449827 1.029412 -0.4462304
v -0.3046768 1.042464 -0.4159653
v -0.2940611 1.243669 -0.4039224
v -0.3318002 1.261033 -0.4310978
v 0.1149123 2.198773 -0.5765232
v 0.1208552 2.303474 -0.5748762
v 0.08131546 2.299586 -0.4349519
v 0.07340644 2.208774 -0.4370709
v 0.2378864 2.198719 0.3552243
v 0.2324879 2.303474 0.3581777
v 0.1615062 2.299586 0.2312787
v 0.1685963 2.208774 0.2271832
v -0.5078618 2.198774 -0.2167103
v -0.5062169 2.303474 -0.222655
v -0.3662939 2.299586 -0.1831154
v -0.3684117 2.208774 -0.1752061
v -0.4569406 2.198774 0.1691968
v -0.4599772 2.303474 0.1638288
v -0.3330778 2.299586 0.09284675
v -0.3289827 2.208774 0.09993708
v 1.348315 1.956327 0.2688941
v 1.232589 1.957525 0.2146368
v 1.219303 1.942602 0.2640392
v 1.316504 1.94066 0.3114131
v 1.432998 1.954237 0.3651919
v 1.388833 1.940016 0.3907201
v 1.47519 1.952263 0.4878078
v 1.411933 1.939305 0.4404413
v 1.423799 1.93669 0.4962649
v 1.468638 1.953258 0.6119126
v 1.419413 1.938883 0.5985107
v 1.413365 1.953092 0.7278029
v 1.372911 1.938583 0.6955613
v 1.336057 1.938604 0.7361677
v 1.370053 1.95509 0.7723128
v 1.292192 1.940435 0.7656691
v 1.317868 1.956327 0.8104903
v 1.195938 1.960817 0.8510365
v 1.189219 1.943554 0.8009103
v 1.189219 1.943554 0.8009103
v 1.066025 1.965045 0.8447592
v 1.195938 1.960817 0.8510365
v 1.080017 1.947556 0.7932222
v 0.949311 1.968977 0.7881961
v 0.9814048 1.950627 0.7465864
v 0.8637391 1.971562 0.6912693
v 0.9087204 1.952433 0.6665301
v 0.8857143 1.952416 0.6182103
v 0.821528 1.971179 0.57184
v 0.8731092 1.952744 0.5650869
v 0.8709186 1.952039 0.5119246
v 0.8797877 1.951977 0.4575339
v 0.8297451 1.970857 0.4425973
v 0.88634 1.967489 0.3300652
v 0.9273155 1.949576 0.3625332
v 0.9832979 1.964695 0.2452737
v 1.008914 1.948579 0.2892708
v 1.05834 1.945467 0.270285
v 1.111199 1.945514 0.2559604
v 1.104406 1.959847 0.2073592
v 1.232589 1.957525 0.2146368
v 1.219303 1.942602 0.2640392
v 0.9375567 1.71739 0.3721849
v 0.969228 1.704125 0.3924569
v 0.9953485 1.671995 0.3638081
v 0.9751492 1.676204 0.3297435
v 0.9751492 1.676204 0.3297435
v 0.9953485 1.671995 0.3638081
v 0.9982276 1.442151 0.3640549
v 0.9776579 1.436316 0.3318099
v 1.232589 1.957525 0.2146368
v 1.146316 2.396564 0.5258946
v 1.104406 1.959847 0.2073592
v 1.348315 1.956327 0.2688941
v 1.432998 1.954237 0.3651919
v 1.47519 1.952263 0.4878078
v 1.468638 1.953258 0.6119126
v 1.413365 1.953092 0.7278029
v 1.370053 1.95509 0.7723128
v 1.317868 1.956327 0.8104903
v 1.195938 1.960817 0.8510365
v 1.104406 1.959847 0.2073592
v 1.146316 2.396564 0.5258946
v 0.9832979 1.964695 0.2452737
v 0.88634 1.967489 0.3300652
v 0.8297451 1.970857 0.4425973
v 0.821528 1.971179 0.57184
v 0.8637391 1.971562 0.6912693
v 0.949311 1.968977 0.7881961
v 1.066025 1.965045 0.8447592
v 1.195938 1.960817 0.8510365
v 1.385833 1.662739 0.5849517
v 1.387726 1.664566 0.5086927
v 1.394702 1.437249 0.5128417
v 1.390794 1.435129 0.5938192
v 1.418776 1.665495 0.6006577
v 1.385833 1.662739 0.5849517
v 1.390794 1.435129 0.5938192
v 1.426106 1.431259 0.6025456
v 1.4214 1.667691 0.4973908
v 1.387726 1.664566 0.5086927
v 1.385833 1.662739 0.5849517
v 1.418776 1.665495 0.6006577
v 0.969228 1.704125 0.3924569
v 0.9982276 1.442151 0.3640549
v 0.9953485 1.671995 0.3638081
v 0.9714544 1.439016 0.3994201
v 0.9464077 1.67145 0.4277264
v 0.9494795 1.441733 0.4277782
v 0.9137101 1.435958 0.4137594
v 0.9494795 1.441733 0.4277782
v 0.9464077 1.67145 0.4277264
v 0.9114263 1.677064 0.4134486
v 0.9114263 1.677064 0.4134486
v 0.9464077 1.67145 0.4277264
v 0.969228 1.704125 0.3924569
v 0.9375567 1.71739 0.3721849
v 1.306503 1.658545 0.7516559
v 1.281336 1.657611 0.72629
v 1.20099 1.659251 0.7580471
v 1.199614 1.662331 0.7931991
v 1.199614 1.662331 0.7931991
v 1.20099 1.659251 0.7580471
v 1.201989 1.437364 0.7641479
v 1.20024 1.430211 0.8039317
v 0.9409496 1.433455 0.3700324
v 0.9714544 1.439016 0.3994201
v 0.9494795 1.441733 0.4277782
v 0.9137101 1.435958 0.4137594
v 0.9776579 1.436316 0.3318099
v 0.9982276 1.442151 0.3640549
v 0.9714544 1.439016 0.3994201
v 0.9409496 1.433455 0.3700324
v 1.20024 1.430211 0.8039317
v 1.201989 1.437364 0.7641479
v 1.278059 1.43757 0.7362931
v 1.301227 1.429439 0.7693412
v 1.219681 1.714475 0.2776132
v 1.210593 1.698794 0.3174309
v 1.250533 1.669161 0.3254922
v 1.270366 1.670528 0.2985671
v 1.270366 1.670528 0.2985671
v 1.250533 1.669161 0.3254922
v 1.256324 1.437737 0.3290176
v 1.277587 1.431672 0.2989055
v 0.925229 1.43625 0.6718276
v 0.9593326 1.441423 0.6574225
v 1.013456 1.440362 0.7165149
v 0.9951627 1.433935 0.7505726
v 0.9951627 1.433935 0.7505726
v 1.013456 1.440362 0.7165149
v 1.012947 1.669038 0.7094667
v 0.9943349 1.671875 0.7424896
v 1.012947 1.669038 0.7094667
v 0.9573565 1.669266 0.6542564
v 0.9228713 1.675041 0.6697856
v 0.9943349 1.671875 0.7424896
v 1.301227 1.429439 0.7693412
v 1.278059 1.43757 0.7362931
v 1.281336 1.657611 0.72629
v 1.306503 1.658545 0.7516559
v 1.394702 1.437249 0.5128417
v 1.429524 1.430521 0.5040864
v 1.43233 1.427173 0.5567371
v 1.390794 1.435129 0.5938192
v 1.426106 1.431259 0.6025456
v 1.277587 1.431672 0.2989055
v 1.256324 1.437737 0.3290176
v 1.21875 1.440556 0.3101728
v 1.228522 1.432435 0.2730288
v 1.228522 1.432435 0.2730288
v 1.21875 1.440556 0.3101728
v 1.179612 1.441381 0.301862
v 1.177381 1.431828 0.2732446
v 1.177381 1.431828 0.2732446
v 1.179612 1.441381 0.301862
v 1.171634 1.666834 0.310986
v 1.170085 1.672319 0.273363
v 1.170085 1.672319 0.273363
v 1.171634 1.666834 0.310986
v 1.210593 1.698794 0.3174309
v 1.219681 1.714475 0.2776132
v 1.429524 1.430521 0.5040864
v 1.394702 1.437249 0.5128417
v 1.387726 1.664566 0.5086927
v 1.4214 1.667691 0.4973908
v 1.012947 1.669038 0.7094667
v 1.013456 1.440362 0.7165149
v 0.9593326 1.441423 0.6574225
v 0.9573565 1.669266 0.6542564
v 0.9228713 1.675041 0.6697856
v 0.9573565 1.669266 0.6542564
v 0.9593326 1.441423 0.6574225
v 0.925229 1.43625 0.6718276
v 1.210593 1.698794 0.3174309
v 1.256324 1.437737 0.3290176
v 1.250533 1.669161 0.3254922
v 1.21875 1.440556 0.3101728
v 1.171634 1.666834 0.310986
v 1.179612 1.441381 0.301862
v 1.281336 1.657611 0.72629
v 1.278059 1.43757 0.7362931
v 1.201989 1.437364 0.7641479
v 1.20099 1.659251 0.7580471
v 1.150292 0.6614731 0.1659377
v 1.20639 0.716488 0.167338
v 1.130725 0.7193887 0.1715759
v 1.055865 0.6672946 0.1770255
v 1.057599 0.7212558 0.1872542
v 0.9860573 0.6711978 0.2079164
v 0.9890709 0.7241922 0.2171531
v 0.9236302 0.6721481 0.2514964
v 0.9278898 0.7270535 0.2603393
v 0.8720219 0.6706619 0.3048869
v 0.8766674 0.7274026 0.3133817
v 0.8369479 0.7284976 0.3756329
v 0.8704602 0.6036621 0.3069102
v 0.829347 0.5374441 0.3715501
v 0.8680257 0.5414957 0.3113089
v 0.802085 0.532496 0.4426751
v 0.8107632 0.729675 0.4438331
v 0.7906075 0.5271603 0.518592
v 0.7995018 0.7302414 0.5166823
v 0.7941459 0.5215961 0.5957344
v 0.8026631 0.7304385 0.5907478
v 0.8126325 0.5160306 0.6712157
v 0.820173 0.7305392 0.6630801
v 0.8453575 0.5106912 0.7419767
v 0.8513912 0.7305765 0.7308998
v 0.8847467 0.5096478 0.7963901
v 0.8908415 0.6048923 0.8019986
v 0.8922919 0.6700848 0.8019111
v 0.8987201 0.7329696 0.7965245
v 1.150292 0.6614731 0.1659377
v 1.254641 0.6613333 0.1658894
v 1.257316 0.7165195 0.1694086
v 1.20639 0.716488 0.167338
v 1.482336 0.7113803 0.5095997
v 1.476865 0.7970407 0.5088847
v 1.556161 0.7808169 0.4901213
v 1.559353 0.7023889 0.4897322
v 1.371465 0.709169 0.3090155
v 1.366353 0.7947787 0.3104828
v 1.408154 0.7844189 0.2433797
v 1.411927 0.6991934 0.2430641
v 1.518541 0.7231021 0.7241005
v 1.518553 0.8024756 0.7172793
v 1.543782 0.8009298 0.6417239
v 1.548419 0.7125223 0.6422209
v 1.524838 0.6580243 0.722043
v 1.531327 0.5960733 0.7203578
v 1.57131 0.3213412 0.7080401
v 1.639028 6.103515E-07 0.586736
v 1.608529 6.103515E-07 0.6926173
v 1.621084 6.103515E-07 0.6656837
v 1.56149 0.7076687 0.5692431
v 1.631198 6.103515E-07 0.4284819
v 1.642369 6.103515E-07 0.5066525
v 1.559353 0.7023889 0.4897322
v 1.542711 0.7753274 0.4225945
v 1.556161 0.7808169 0.4901213
v 1.55072 6.103515E-07 0.2919287
v 1.605475 6.103515E-07 0.35529
v 1.516683 0.6915222 0.3581889
v 1.517166 0.7762417 0.3614498
v 1.471489 0.6962771 0.2938878
v 1.374629 0.3925214 0.1995082
v 1.485986 6.103515E-07 0.238599
v 1.475941 6.103515E-07 0.2329179
v 1.411927 0.6991934 0.2430641
v 1.324289 0.7138583 0.1916345
v 1.329759 0.5896237 0.1890848
v 1.348231 0.7925 0.2040394
v 1.408154 0.7844189 0.2433797
v 1.317273 0.7930887 0.195693
v 1.201105 0.7235086 0.2464572
v 1.257316 0.7165195 0.1694086
v 1.254881 0.7226489 0.2483358
v 1.20639 0.716488 0.167338
v 1.141135 0.7269473 0.2484336
v 1.130725 0.7193887 0.1715759
v 1.08305 0.7308737 0.2598804
v 1.057599 0.7212558 0.1872542
v 1.028286 0.7323935 0.2858038
v 1.057599 0.7212558 0.1872542
v 1.08305 0.7308737 0.2598804
v 0.9890709 0.7241922 0.2171531
v 0.9797199 0.7322263 0.3196568
v 0.9278898 0.7270535 0.2603393
v 0.9388919 0.7351712 0.3613082
v 0.8766674 0.7274026 0.3133817
v 0.9072315 0.7360217 0.4105608
v 0.8369479 0.7284976 0.3756329
v 0.8862904 0.7375919 0.4649008
v 0.8107632 0.729675 0.4438331
v 0.8774707 0.7381704 0.5222666
v 0.7995018 0.7302414 0.5166823
v 0.8800195 0.7388269 0.5810695
v 0.8026631 0.7304385 0.5907478
v 0.8939914 0.7388092 0.6384202
v 0.820173 0.7305392 0.6630801
v 0.9188295 0.7392126 0.6921658
v 0.8513912 0.7305765 0.7308998
v 0.9600071 0.7392263 0.7451807
v 0.8987201 0.7329696 0.7965245
v 1.257316 0.7165195 0.1694086
v 1.260379 0.7979648 0.07590786
v 1.262581 0.8002179 0.1719462
v 1.26273 0.7070544 0.07170967
v 1.254641 0.6613333 0.1658894
v 1.255834 0.6551858 0.07513106
v 1.137791 0.7132351 -0.5840397
v 1.262096 0.7224197 -0.5748667
v 1.198861 0.7192261 -0.5846218
v 1.129867 0.6734537 -0.5790539
v 1.118349 0.7118695 -0.6683502
v 1.130882 0.6351358 -0.5830304
v 1.126769 0.7997885 -0.6649762
v 1.137122 0.8101266 -0.5845785
v 1.115745 0.6069937 -0.6977883
v 1.129885 0.6038736 -0.5862315
v 1.005399 0.6026138 -0.5480935
v 1.148798 0.6006479 -0.7116959
v 1.162335 0.5823386 -0.7315134
v 1.251527 0.5695468 -0.7416269
v 1.257316 0.7165195 0.1694086
v 1.262581 0.8002179 0.1719462
v 1.255009 0.7978876 0.2545378
v 1.254881 0.7226489 0.2483358
v 1.312254 0.8000357 0.2759536
v 1.408154 0.7844189 0.2433797
v 1.366353 0.7947787 0.3104828
v 1.348231 0.7925 0.2040394
v 1.255009 0.7978876 0.2545378
v 1.317273 0.7930887 0.195693
v 1.474564 0.7930722 0.03617372
v 1.34531 0.8005316 0.01787235
v 1.402587 0.8026178 -0.02925055
v 1.402783 0.7952209 0.1031284
v 1.260379 0.7979648 0.07590786
v 1.262581 0.8002179 0.1719462
v 1.262581 0.8002179 0.1719462
v 1.31688 0.7990652 0.1529909
v 1.317273 0.7930887 0.195693
v 1.255009 0.7978876 0.2545378
v 0.9325856 1.079475 0.7855756
v 0.9761128 1.074993 0.7523175
v 1.041097 1.078889 0.7965231
v 0.9928451 1.083178 0.8543007
v 1.09409 1.078606 0.8151551
v 1.149243 1.078401 0.8264965
v 1.205017 1.078252 0.8267722
v 1.476433 1.077541 0.8420915
v 1.533559 1.081582 0.8900924
v 1.533559 1.081582 0.8900924
v 1.604924 1.077951 0.8325287
v 1.659102 1.072724 0.9048461
v 1.574301 1.076327 0.9534561
v 1.694651 1.076482 0.9876344
v 1.609236 1.080223 1.019685
v 1.533559 1.081582 0.8900924
v 0.9450904 1.078298 0.9118459
v 0.9928451 1.083178 0.8543007
v 1.574301 1.076327 0.9534561
v 1.574301 1.076327 0.9534561
v 0.9019464 1.082574 0.9727553
v 0.9450904 1.078298 0.9118459
v 1.609236 1.080223 1.019685
v 1.609236 1.080223 1.019685
v 0.8793598 1.077541 1.043875
v 0.9019464 1.082574 0.9727553
v 1.622079 1.074597 1.093606
v 1.622079 1.074597 1.093606
v 0.8624979 1.081676 1.116432
v 0.8793598 1.077541 1.043875
v 1.628401 1.078151 1.168
v 1.628401 1.078151 1.168
v 1.612386 1.072337 1.241109
v 0.869966 1.076327 1.191601
v 0.8832334 1.080096 1.265549
v 1.589381 1.07565 1.311993
v 0.9180215 1.074597 1.332313
v 1.54666 1.069691 1.373393
v 0.9578712 1.078235 1.395591
v 1.498599 1.072979 1.430695
v 1.015567 1.072337 1.443527
v 1.436085 1.067367 1.471457
v 1.076751 1.075649 1.48623
v 1.369783 1.071552 1.506348
v 1.369783 1.071552 1.506348
v 1.148427 1.069691 1.509251
v 1.076751 1.075649 1.48623
v 1.296171 1.067367 1.519138
v 1.310881 1.078242 0.7888781
v 1.357059 1.078542 0.753596
v 1.415188 1.082639 0.7987355
v 1.205017 1.078252 0.8267722
v 1.476433 1.077541 0.8420915
v 1.628401 1.078151 1.168
v 1.721661 1.071994 1.176731
v 1.706997 1.068413 1.266626
v 1.612386 1.072337 1.241109
v 1.673359 1.07156 1.350132
v 1.589381 1.07565 1.311993
v 0.8624979 1.081676 1.116432
v 0.7723326 1.077945 1.110487
v 0.7847523 1.073961 1.018041
v 0.8793598 1.077541 1.043875
v 0.8196246 1.078938 0.9319292
v 0.9019464 1.082574 0.9727553
v 1.148427 1.069691 1.509251
v 1.123406 1.065352 1.603843
v 1.039536 1.071458 1.570193
v 1.076751 1.075649 1.48623
v 1.498599 1.072979 1.430695
v 1.557096 1.068291 1.502031
v 1.48522 1.062391 1.556322
v 1.436085 1.067367 1.471457
v 1.436085 1.067367 1.471457
v 1.48522 1.062391 1.556322
v 1.397858 1.064052 1.595327
v 1.369783 1.071552 1.506348
v 0.9180215 1.074597 1.332313
v 0.799373 1.076397 1.299483
v 0.8832334 1.080096 1.265549
v 0.8338158 1.070896 1.381506
v 0.9578712 1.078235 1.395591
v 0.8877262 1.074344 1.453701
v 0.8942503 1.222726 1.447752
v 0.9620964 1.221915 1.391802
v 1.221471 1.073073 1.525845
v 1.212609 1.068388 1.616734
v 1.123406 1.065352 1.603843
v 1.148427 1.069691 1.509251
v 1.357059 1.078542 0.753596
v 1.406462 1.074564 0.6968303
v 1.455866 1.078938 0.7174555
v 1.415188 1.082639 0.7987355
v 1.482336 0.7113803 0.5095997
v 1.559353 0.7023889 0.4897322
v 1.56149 0.7076687 0.5692431
v 1.483186 0.7171792 0.5637674
v 1.548419 0.7125223 0.6422209
v 1.473769 0.7190051 0.6167706
v 1.371465 0.709169 0.3090155
v 1.411927 0.6991934 0.2430641
v 1.471489 0.6962771 0.2938878
v 1.411423 0.7085629 0.3454722
v 1.516683 0.6915222 0.3581889
v 1.443307 0.7074252 0.3881358
v 1.475941 6.103515E-07 0.2329179
v 1.374629 0.3925214 0.1995082
v 1.570873 6.103515E-07 0.1834719
v 1.33592 0.5932428 0.1735749
v 1.33336 0.6527783 0.1626932
v 1.402783 0.7952209 0.1031284
v 1.317688 0.7101678 0.1558194
v 1.31688 0.7990652 0.1529909
v 1.481518 0.7062918 0.03177452
v 1.474564 0.7930722 0.03617372
v 1.583755 0.6054605 -0.04223537
v 1.552362 0.708082 -0.04530636
v 1.573595 0.7150711 -0.1300481
v 1.626831 0.4247476 -0.03765524
v 1.66669 6.103515E-07 0.09486339
v 1.73317 3.051758E-07 -0.0261478
v 1.727306 0.07935882 -0.06163405
v 1.610046 0.6106805 -0.1309125
v 1.726266 0.1704156 -0.2174512
v 1.733323 0.09549957 -0.1995007
v 1.650018 0.4292129 -0.1373283
v 1.674409 0.3017984 -0.5151089
v 1.716725 0.2186798 -0.3954989
v 1.732189 0.1819696 -0.3550845
v 1.693053 0.2287274 -0.4990985
v 1.570547 0.7183688 -0.2999551
v 1.552595 0.7119076 -0.3771135
v 1.530437 0.3629825 -0.6732258
v 1.516503 0.7173837 -0.4488708
v 1.56939 0.8118124 -0.2165488
v 1.566356 0.8107367 -0.2928316
v 1.568824 0.8054824 -0.1361995
v 1.425674 0.7178311 -0.5816902
v 1.476573 0.8133456 -0.5224385
v 1.50923 0.8105521 -0.4533375
v 1.426171 0.8119256 -0.5754643
v 1.361028 0.7150348 -0.6269037
v 1.118349 0.7118695 -0.6683502
v 1.286732 0.7204315 -0.6514781
v 1.276959 0.8139312 -0.6511046
v 1.204431 0.8103598 -0.6714486
v 1.251527 0.5695468 -0.7416269
v 1.363621 0.5010818 -0.7358872
v 1.265984 0.5364773 -0.7514945
v 1.251527 0.5695468 -0.7416269
v 1.162335 0.5823386 -0.7315134
v 1.141748 0.5773773 -0.9416499
v 1.233883 0.5676565 -0.9521649
v 0.1278074 0.4939294 1.010062
v 0.7938797 0.4982956 0.9316356
v 0.7551005 0.4961975 1.027189
v 0.1423521 0.4960379 1.120403
v 0.8524176 0.5036154 0.8393051
v 0.7938797 0.4982956 0.9316356
v 0.8453575 0.5106912 0.7419767
v 0.8126325 0.5160306 0.6712157
v 0.1278074 0.4939294 1.010062
v 0.7941459 0.5215961 0.5957344
v 0.7906075 0.5271603 0.518592
v 0.802085 0.532496 0.4426751
v 0.7918931 0.5511142 0.2094005
v 0.829347 0.5374441 0.3715501
v 0.8285652 0.5453842 0.2627076
v 0.8680257 0.5414957 0.3113089
v -0.1446837 0.6503983 -1.057137
v 0.8560266 0.5552765 0.1231498
v 1.005399 0.6026138 -0.5480935
v 0.6832913 0.6400082 -1.020814
v 0.9329517 0.558721 0.06596801
v 0.5200811 0.6549936 -1.143313
v 1.020174 0.5608535 0.02541324
v 1.093697 0.5603665 0.001532154
v 0.8797998 0.6342923 -0.96937
v 1.115745 0.6069937 -0.6977883
v 0.9820024 0.6337808 -0.9765334
v 1.124528 0.6314474 -1.014127
v 1.148798 0.6006479 -0.7116959
v 1.162335 0.5823386 -0.7315134
v 1.141748 0.5773773 -0.9416499
v 1.15258 3.051758E-07 -1.013299
v 1.153112 3.051758E-07 -1.012651
v 0.965879 1.353219 -1.000274
v 0.870796 1.207711 -0.994354
v 0.880757 1.354736 -0.9988765
v 1.055033 1.199544 -1.018167
v 1.048433 1.348692 -1.020714
v 1.153798 0.7886288 -1.043836
v 1.140632 1.191847 -1.054443
v 1.215029 1.19363 -1.109793
v 1.274967 1.341754 -1.177129
v 1.215858 1.342483 -1.116586
v 1.410206 0.7573742 -1.449621
v 1.124528 0.6314474 -1.014127
v 1.327695 1.189285 -1.255702
v 1.31879 1.338499 -1.249884
v 1.362696 1.183289 -1.341957
v 1.376152 1.187178 -1.433822
v 1.405694 0.7598596 -1.547505
v 1.368321 1.337677 -1.521098
v 1.369474 1.336287 -1.436259
v 1.385973 0.7451672 -1.644382
v 1.433069 0.2364243 -1.684085
v 1.448832 0.2774912 -1.575483
v 1.460905 0.2363113 -1.470865
v 1.352714 1.187627 -1.616985
v 1.348064 1.336699 -1.603578
v 1.316544 1.184173 -1.702711
v 1.260995 1.190561 -1.776948
v 1.191376 1.343358 -1.830197
v 1.252116 1.33978 -1.770998
v 1.114866 1.19554 -1.88968
v 1.118633 1.344343 -1.873998
v 1.04016 0.7764883 -1.966738
v 1.028736 1.193978 -1.924749
v 0.93687 1.201797 -1.93785
v 0.963177 0.2367456 -2.042755
v 1.2777 3.051758E-07 -1.967131
v 1.184839 3.051758E-07 -2.024855
v 1.082501 0 -2.063353
v 0.9936537 3.051758E-07 -2.073396
v 1.357515 3.051758E-07 -1.8924
v 1.421217 3.051758E-07 -1.803533
v 1.452921 3.051758E-07 -1.722551
v -1.411445 0.5695468 -0.390603
v -1.448722 0.5668747 -0.6002585
v -1.357248 0.5773773 -0.6122407
v -1.322678 0.5823389 -0.4039474
v -0.5358362 0.4982956 1.106914
v 0.1278074 0.4939294 1.010062
v 0.1423521 0.4960379 1.120403
v -0.4728233 0.4977023 1.191124
v 0.01120102 0.4960397 1.137652
v -0.2506789 0.4960464 1.170075
v -0.8090726 0.6549936 -0.9681081
v -0.8648214 0.6448447 -0.8840925
v -0.9349646 0.6400082 -0.8075013
v -1.123574 0.6026138 -0.2674595
v -1.017301 0.6364899 -0.7480377
v -1.11143 0.6342923 -0.7068928
v -0.8053638 0.5552765 0.3421486
v -0.8944789 0.558721 0.3068537
v -0.9892303 0.5608535 0.290286
v -1.067418 0.5618234 0.2873839
v -0.7196013 0.5495977 0.4084415
v -0.6704657 0.532496 0.6367817
v -0.7152274 0.5374441 0.5751505
v -0.7426767 0.5453842 0.4698233
v -0.7681952 0.5414957 0.5269899
v -0.6397079 0.5271603 0.7071313
v -0.6231355 0.5215961 0.7825555
v -0.6214311 0.5160306 0.860249
v -0.5358362 0.4982956 1.106914
v -0.6347021 0.5106912 0.9370732
v -0.6592928 0.5111282 1.001458
v -0.6645024 0.6700848 1.007123
v -0.6699734 0.7306399 1.004858
v -0.7076529 1.079475 1.001786
v -0.7446052 0.7392263 0.9698768
v -0.6434 0.7305765 0.927938
v -0.7185719 0.7392126 0.9080026
v -0.6308221 0.7305392 0.8543452
v -0.7085092 0.7388092 0.8496564
v -0.6326541 0.7304385 0.7799464
v -0.7098761 0.7388269 0.790644
v -0.6487933 0.7302414 0.7075917
v -0.722652 0.7381704 0.7331892
v -0.6785475 0.729675 0.640149
v -0.7460358 0.7375919 0.6800685
v -0.7215105 0.7284976 0.5810636
v -0.7803424 0.7360217 0.633011
v -0.7760046 0.7274026 0.5312313
v -0.8236844 0.7351712 0.593645
v -0.8392221 0.7270535 0.4932739
v -0.8739108 0.7322263 0.5639961
v -0.9095044 0.7241922 0.4674168
v -0.9295908 0.7323935 0.5438845
v -1.337897 0.6339877 -0.6852404
v -1.211998 0.6337808 -0.6873277
v -1.268941 0.6069937 -0.3834472
v -1.123574 0.6026138 -0.2674595
v -1.25369 0.6038736 -0.2720369
v -1.268941 0.6069937 -0.3834472
v -1.26407 0.6308377 -0.3691807
v -1.304469 0.6006479 -0.3883148
v -1.253824 0.6351358 -0.2686866
v -1.263828 0.7118695 -0.3543398
v -1.252993 0.6754434 -0.266502
v -1.260758 0.7132351 -0.2678711
v -1.271086 0.7997885 -0.3488992
v -1.260252 0.8101266 -0.2685648
v -1.203957 0.6551858 0.3993723
v -1.211505 0.7070544 0.3978549
v -1.173598 0.663107 0.4854813
v -1.134222 0.6457834 0.3820089
v -1.252993 0.6754434 -0.266502
v -1.19117 0.6718399 -0.2592714
v -1.178975 0.7144217 0.4924169
v -1.208147 0.7979648 0.4013005
v -1.185386 0.8002179 0.4946289
v -1.157182 0.795704 0.5717173
v -1.158154 0.7226492 0.5664139
v 0.8524176 0.5036154 0.8393051
v 0.8847467 0.5096478 0.7963901
v 0.8908415 0.6048923 0.8019986
v 0.8922919 0.6700848 0.8019111
v 0.8987201 0.7329696 0.7965245
v 0.9325856 1.079475 0.7855756
v 0.9761128 1.074993 0.7523175
v 0.9676492 0.8175192 0.7465469
v 0.9600071 0.7392263 0.7451807
v 0.870392 1.229541 0.8535138
v 0.9281778 1.227463 0.7919711
v 0.7938797 0.4982956 0.9316356
v 0.8196246 1.078938 0.9319292
v 0.826633 1.227686 0.9263748
v 0.7657074 0.7771246 1.022161
v 0.7551005 0.4961975 1.027189
v 0.7847523 1.073961 1.018041
v 0.7512811 0.7813226 1.121922
v 0.7723326 1.077945 1.110487
v 0.7631845 0.9480951 1.22925
v 0.7594182 0.7822784 1.231686
v 0.5621926 0.9459711 1.261739
v 0.5574399 0.7841653 1.264551
v 0.7785149 1.227467 1.198771
v 0.776695 1.226593 1.113221
v 0.8001071 1.22508 1.284742
v 0.799373 1.076397 1.299483
v 0.7821077 0.9549792 1.302924
v 0.8338158 1.070896 1.381506
v 0.8206747 0.9478409 1.39003
v 0.8877262 1.074344 1.453701
v 0.9534704 0.7182345 1.550881
v 0.957563 1.222893 1.509039
v 0.8942503 1.222726 1.447752
v 1.037382 0.7151092 1.601947
v 0.9568343 0.4906204 1.574854
v 1.039536 1.071458 1.570193
v 1.033241 1.219792 1.554408
v 1.123406 1.065352 1.603843
v 1.155643 6.103515E-07 1.755687
v 1.040814 0.490191 1.628194
v 1.052051 6.103515E-07 1.709643
v 0.9583539 6.103515E-07 1.645972
v 0.8779336 6.103515E-07 1.566651
v 0.8206084 0.7735873 1.402666
v 0.8317741 0.2699194 1.47631
v 0.840422 6.103515E-07 1.520167
v 1.246 0.2319064 1.726239
v 1.241729 6.103515E-07 1.772098
v 1.212609 1.068388 1.616734
v 1.303009 1.215238 1.60168
v 1.820977 0.2766751 1.106229
v 1.832605 0.2614743 1.167684
v 1.840487 0.2327121 1.218341
v 1.810375 0.2330496 1.00012
v 1.815944 0.261719 1.046107
v 1.531327 0.5960733 0.7203578
v 1.57131 0.3213412 0.7080401
v 1.518553 0.8024756 0.7172793
v 1.524838 0.6580243 0.722043
v 1.518541 0.7231021 0.7241005
v 0.8720219 0.6706619 0.3048869
v 0.8390521 0.6617255 0.2592686
v 0.8995311 0.6629882 0.1929031
v 0.9236302 0.6721481 0.2514964
v 0.9640572 0.6626358 0.1392368
v 0.9860573 0.6711978 0.2079164
v 1.034791 0.6590683 0.1084853
v 1.055865 0.6672946 0.1770255
v 1.150292 0.6614731 0.1659377
v 1.186795 0.6471277 0.07863928
v 1.254641 0.6613333 0.1658894
v 1.120824 0.655397 0.08635825
v 1.055865 0.6672946 0.1770255
v 1.034791 0.6590683 0.1084853
v 1.129867 0.6734537 -0.5790539
v 1.186795 0.6471277 0.07863928
v 1.072809 0.6718399 -0.5577014
v 1.255834 0.6551858 0.07513106
v 1.254641 0.6613333 0.1658894
v 1.317688 0.7101678 0.1558194
v 1.317273 0.7930887 0.195693
v 1.31688 0.7990652 0.1529909
v 1.324289 0.7138583 0.1916345
v 1.33336 0.6527783 0.1626932
v 1.329181 0.6488974 0.1909995
v 1.33592 0.5932428 0.1735749
v 1.329759 0.5896237 0.1890848
v 1.374629 0.3925214 0.1995082
v 1.033598 0.6042007 0.09800125
v 1.103364 0.5947677 0.008333625
v 1.120425 0.6024863 0.07590748
v 1.02197 0.5958624 0.0350351
v 0.9614491 0.6051828 0.1295945
v 0.9367509 0.5985904 0.07470122
v 0.8956076 0.6075228 0.1842604
v 0.8614318 0.5999103 0.1307445
v 0.8354937 0.6041385 0.254524
v 0.7967644 0.5986176 0.2094315
v 1.06813 0.6358456 -0.5568398
v 1.17815 0.5995981 0.07011125
v 1.103364 0.5947677 0.008333625
v 1.010145 0.6303192 -0.5438971
v 0.8354937 0.6041385 0.254524
v 0.8995311 0.6629882 0.1929031
v 0.8390521 0.6617255 0.2592686
v 0.8956076 0.6075228 0.1842604
v 0.9640572 0.6626358 0.1392368
v 0.9614491 0.6051828 0.1295945
v 1.034791 0.6590683 0.1084853
v 1.033598 0.6042007 0.09800125
v 1.120824 0.655397 0.08635825
v 1.120425 0.6024863 0.07590748
v 1.186795 0.6471277 0.07863928
v 1.17815 0.5995981 0.07011125
v 1.103364 0.5947677 0.008333625
v 1.093697 0.5603665 0.001532154
v 1.005399 0.6026138 -0.5480935
v 1.010145 0.6303192 -0.5438971
v 0.8354937 0.6041385 0.254524
v 0.7918931 0.5511142 0.2094005
v 0.7967644 0.5986176 0.2094315
v 0.8285652 0.5453842 0.2627076
v 0.8704602 0.6036621 0.3069102
v 0.8680257 0.5414957 0.3113089
v 0.8390521 0.6617255 0.2592686
v 0.8720219 0.6706619 0.3048869
v 1.617098 0.4408136 -0.1373822
v 1.597871 0.4369037 -0.05551182
v 1.547599 0.5994061 -0.05840414
v 1.569846 0.6054865 -0.1356889
v 1.547599 0.5994061 -0.05840414
v 1.583755 0.6054605 -0.04223537
v 1.610046 0.6106805 -0.1309125
v 1.569846 0.6054865 -0.1356889
v 1.419361 0.4618045 -0.9547428
v 1.602439 0.3802667 -0.9032153
v 1.590456 0.4248334 -0.8990796
v 1.436059 3.051758E-07 -1.026961
v 1.652966 3.051758E-07 -0.9599168
v 1.782898 0.3100677 -0.7852919
v 1.769452 0.3594574 -0.7829135
v 1.837468 3.051758E-07 -0.8256303
v 1.913761 0.2219809 -0.6161045
v 1.898836 0.2810501 -0.6145003
v 1.961785 3.051758E-07 -0.6386218
v 1.986413 0.1611468 -0.4120482
v 1.971266 0.2103818 -0.4271917
v 2.023568 3.051758E-07 -0.4230764
v 2.036618 0.09436127 -0.2480009
v 2.019094 0.1478262 -0.2666949
v 2.05882 3.051758E-07 -0.2457183
v 2.074569 3.051758E-07 -0.07187538
v 2.045274 0.08510651 -0.1050998
v 1.257558 0.5303372 -0.9604231
v 1.221198 3.051758E-07 -1.026479
v 1.408413 0.5044943 -0.9497534
v 1.674409 0.3017984 -0.5151089
v 1.898836 0.2810501 -0.6145003
v 1.913761 0.2219809 -0.6161045
v 1.693053 0.2287274 -0.4990985
v 1.716725 0.2186798 -0.3954989
v 1.971266 0.2103818 -0.4271917
v 1.986413 0.1611468 -0.4120482
v 1.732189 0.1819696 -0.3550845
v 1.726266 0.1704156 -0.2174512
v 2.019094 0.1478262 -0.2666949
v 2.036618 0.09436127 -0.2480009
v 1.733323 0.09549957 -0.1995007
v 1.15258 3.051758E-07 -1.013299
v 1.217186 3.051758E-07 -1.041589
v 1.306053 3.051758E-07 -1.105291
v 1.380784 3.051758E-07 -1.185106
v 1.438507 3.051758E-07 -1.277967
v 1.477006 3.051758E-07 -1.380305
v 1.486495 3.051758E-07 -1.465878
v 0.8475438 1.355487 -1.923086
v 0.93687 1.201797 -1.93785
v 0.9323831 1.350913 -1.924427
v 0.6592088 0.7796652 -1.916686
v 1.04016 0.7764883 -1.966738
v 0.7537518 1.208391 -1.914139
v 0.765107 1.356958 -1.90279
v 0.6680705 1.206963 -1.878047
v 0.5938349 1.214299 -1.822143
v 0.8574953 0.277492 -2.029139
v 0.963177 0.2367456 -2.042755
v 0.7564911 0.2367441 -2.015533
v 0.5301181 1.357042 -1.747791
v 0.5894573 1.353259 -1.808631
v 0.4207185 0.8321414 -1.614253
v 0.4133313 0.2332071 -1.707605
v 0.570406 3.051758E-07 -1.943862
v 0.6592723 0 -2.007565
v 0.7424892 3.051758E-07 -2.040291
v 0.4956752 3.051758E-07 -1.864047
v 0.4379514 3.051758E-07 -1.771186
v 0.4104928 3.051758E-07 -1.759517
v 0.4809691 1.21865 -1.675994
v 0.4863306 1.357241 -1.67508
v 0.4255662 1.089709 -1.593559
v 0.4457571 1.215517 -1.589962
v 0.4116398 1.099051 -1.500161
v 0.4327543 1.220739 -1.498118
v 0.4132015 1.093884 -1.424958
v 0.184304 0.9191525 -1.560978
v 0.1901804 1.086011 -1.555027
v 0.2285229 0.5681635 -1.611878
v 0.1755456 3.051758E-07 -1.727656
v 0.2298514 0.7615091 -1.586578
v 0.1831745 0.8034527 -1.575073
v -0.07500298 0.9190854 -1.526772
v 0.1361115 0.7615091 -1.574163
v 0.1358913 0.5681635 -1.599607
v -0.07167908 0.2711703 -1.626251
v -0.0504155 3.051758E-07 -1.692843
v -0.1086652 0.350083 -1.587651
v -0.2122026 0.3720761 -1.569355
v -0.3336813 0.9190854 -1.492674
v -0.3169443 0.350083 -1.560196
v -0.3260065 1.086013 -1.48694
v -0.2036391 1.087541 -1.50439
v -0.08092979 1.086013 -1.519246
v -0.5562456 0.5681635 -1.508372
v -0.3626697 0.2711703 -1.587894
v -0.5498649 0.7615091 -1.48374
v -0.5929947 0.9191525 -1.458517
v -0.6488928 0.5681635 -1.49622
v -0.5955563 0.8034527 -1.472424
v -0.6277267 3.051758E-07 -1.621771
v -0.400463 3.051758E-07 -1.646701
v -0.8629051 3.051758E-07 -1.591662
v -0.8521945 0.2332071 -1.540787
v -0.835139 0.8321414 -1.44871
v -0.64362 0.7615091 -1.47144
v -0.8354388 1.091987 -1.427097
v -0.5971283 1.086011 -1.451247
v 0.4562338 1.220288 -1.31511
v 0.4416646 1.368896 -1.401812
v 0.4618546 1.366819 -1.319396
v 0.4404874 1.367229 -1.486654
v 0.4283685 0.9214895 -1.317449
v 0.4074542 0.9230222 -1.423914
v 0.4918985 1.214637 -1.229725
v 0.4684099 0.9168887 -1.226082
v 0.5474538 1.217373 -1.155127
v 0.466821 0.7726626 -1.225613
v 0.5227631 0.7665774 -1.14735
v 0.6217499 1.365348 -1.09285
v 0.561127 1.36587 -1.152301
v 0.6832913 0.6400082 -1.020814
v 0.5200811 0.6549936 -1.143313
v 0.6930216 1.212395 -1.041818
v 0.6941793 1.361306 -1.048862
v 0.7789714 1.204831 -1.007083
v 0.8797998 0.6342923 -0.96937
v 0.870796 1.207711 -0.994354
v 0.5200811 0.6549936 -1.143313
v -0.1453763 0.7622204 -1.062391
v 0.5227631 0.7665774 -1.14735
v -0.1446837 0.6503983 -1.057137
v -0.8090726 0.6549936 -0.9681081
v -0.8127092 0.7665774 -0.9713126
v -1.386276 3.051758E-07 -0.6786358
v -1.456006 3.051758E-07 -0.6892175
v -1.337897 0.6339877 -0.6852404
v -1.471597 1.19363 -0.7556513
v -1.558344 3.051758E-07 -0.7277159
v -1.385398 1.191847 -0.7214699
v -1.293322 1.199544 -0.7086149
v -1.618224 1.189285 -0.8673813
v -1.651205 3.051758E-07 -0.7854396
v -1.731021 3.051758E-07 -0.8601709
v -1.546937 1.341754 -0.8051554
v -1.472505 1.341775 -0.7618592
v -1.608116 1.338499 -0.864069
v -1.67438 1.183289 -0.9416202
v -1.794723 3.051758E-07 -0.949037
v -1.711182 1.187178 -1.02686
v -1.802639 0.2363113 -1.040676
v -1.826062 3.051758E-07 -1.029228
v -1.818088 0.2774912 -1.144848
v -1.831005 0.2364243 -1.253826
v -1.736008 1.187627 -1.209841
v -1.726234 1.337677 -1.113184
v -1.705363 1.336287 -1.030945
v -1.728042 1.336699 -1.198096
v -1.688872 1.190561 -1.388107
v -1.850511 3.051758E-07 -1.372265
v -1.860147 3.051758E-07 -1.285833
v -1.812013 3.051758E-07 -1.474603
v -1.576948 1.19554 -1.534855
v -1.754289 3.051758E-07 -1.567464
v -1.679558 3.051758E-07 -1.64728
v -1.63543 1.343358 -1.457577
v -1.678755 1.33978 -1.38466
v -1.576522 1.344343 -1.518731
v -1.417514 1.201797 -1.627503
v -1.590692 0 -1.710982
v -1.470106 0.2367456 -1.722008
v -1.507482 3.051758E-07 -1.743705
v -1.364506 0.277492 -1.736243
v -1.234506 1.208391 -1.652054
v -1.263427 0.2367441 -1.749275
v -1.327413 1.355487 -1.636391
v -1.242533 1.356958 -1.638149
v -1.409702 1.350913 -1.615702
v -1.293322 1.199544 -0.7086149
v -1.287608 1.348692 -0.7127854
v -1.202577 1.353219 -0.7144358
v -1.337897 0.6339877 -0.6852404
v -1.211998 0.6337808 -0.6873277
v -1.109208 1.207711 -0.7333567
v -1.120001 1.354736 -0.7351434
v -1.11143 0.6342923 -0.7068928
v -1.017301 0.6364899 -0.7480377
v -1.023818 1.204831 -0.7694458
v -0.9349646 0.6400082 -0.8075013
v -0.9498056 1.212395 -0.8252661
v -0.8648214 0.6448447 -0.8840925
v -0.8941919 1.365348 -0.8930233
v -0.9542804 1.360483 -0.831195
v -0.8127092 0.7665774 -0.9713126
v -0.8090726 0.6549936 -0.9681081
v -0.8385716 1.217373 -0.9724255
v -0.8510455 1.36587 -0.9661533
v -0.7806144 0.9168887 -1.06144
v -0.7789581 0.7726626 -1.061398
v -0.8042445 1.214637 -1.058871
v -0.7656167 0.9214895 -1.160062
v -0.7919241 1.220288 -1.150582
v -0.7788267 1.093884 -1.267829
v -0.7730052 0.9230222 -1.26831
v -0.8003198 1.368896 -1.238098
v -0.7984634 1.366819 -1.153265
v -0.8166698 1.220739 -1.333424
v -0.8211679 1.367229 -1.320347
v -0.7968057 1.099051 -1.340868
v -0.8530278 1.215517 -1.418761
v -0.8354388 1.091987 -1.427097
v -0.9093307 1.21865 -1.492729
v -0.835139 0.8321414 -1.44871
v -0.8924493 3.051758E-07 -1.595817
v -0.8521945 0.2332071 -1.540787
v -0.8629051 3.051758E-07 -1.591662
v -0.9722645 3.051758E-07 -1.670548
v -1.065125 3.051758E-07 -1.728272
v -1.056213 1.214299 -1.604639
v -1.167463 0 -1.766771
v -0.9754056 1.357042 -1.549338
v -0.9142721 1.357241 -1.490458
v -1.048483 1.353259 -1.592723
v -1.263427 0.2367441 -1.749275
v -1.234506 1.208391 -1.652054
v -1.256318 3.051758E-07 -1.776815
v 1.251527 0.5695468 -0.7416269
v 1.233883 0.5676565 -0.9521649
v 1.257558 0.5303372 -0.9604231
v 1.265984 0.5364773 -0.7514945
v 1.265984 0.5364773 -0.7514945
v 1.257558 0.5303372 -0.9604231
v 1.408413 0.5044943 -0.9497534
v 1.363621 0.5010818 -0.7358872
v 1.610046 0.6106805 -0.1309125
v 1.650018 0.4292129 -0.1373283
v 1.617098 0.4408136 -0.1373822
v 1.569846 0.6054865 -0.1356889
v 1.363621 0.5010818 -0.7358872
v 1.408413 0.5044943 -0.9497534
v 1.419361 0.4618045 -0.9547428
v 1.376358 0.4624966 -0.7402665
v 1.376358 0.4624966 -0.7402665
v 1.419361 0.4618045 -0.9547428
v 1.590456 0.4248334 -0.8990796
v 1.478631 0.4319867 -0.6955406
v 1.478631 0.4319867 -0.6955406
v 1.590456 0.4248334 -0.8990796
v 1.602439 0.3802667 -0.9032153
v 1.489572 0.3914395 -0.6964306
v 1.600405 0.3540921 -0.6159288
v 1.769452 0.3594574 -0.7829135
v 1.782898 0.3100677 -0.7852919
v 1.612428 0.3057877 -0.617572
v 1.674409 0.3017984 -0.5151089
v 1.612428 0.3057877 -0.617572
v 1.782898 0.3100677 -0.7852919
v 1.898836 0.2810501 -0.6145003
v 1.716725 0.2186798 -0.3954989
v 1.693053 0.2287274 -0.4990985
v 1.913761 0.2219809 -0.6161045
v 1.971266 0.2103818 -0.4271917
v 1.489572 0.3914395 -0.6964306
v 1.602439 0.3802667 -0.9032153
v 1.769452 0.3594574 -0.7829135
v 1.530437 0.3629825 -0.6732258
v 1.600405 0.3540921 -0.6159288
v 1.732189 0.1819696 -0.3550845
v 1.986413 0.1611468 -0.4120482
v 2.019094 0.1478262 -0.2666949
v 1.726266 0.1704156 -0.2174512
v 1.733323 0.09549957 -0.1995007
v 2.036618 0.09436127 -0.2480009
v 2.045274 0.08510651 -0.1050998
v 1.727306 0.07935882 -0.06163405
v 1.727306 0.07935882 -0.06163405
v 2.045274 0.08510651 -0.1050998
v 2.074569 3.051758E-07 -0.07187538
v 1.73317 3.051758E-07 -0.0261478
v 1.37181 0.7204184 -0.5111613
v 1.425674 0.7178311 -0.5816902
v 1.426171 0.8119256 -0.5754643
v 1.373219 0.8124246 -0.5059152
v 1.482275 0.7185675 -0.2968864
v 1.570547 0.7183688 -0.2999551
v 1.566356 0.8107367 -0.2928316
v 1.478861 0.8110513 -0.2900228
v 1.573595 0.7150711 -0.1300481
v 1.461993 0.7129019 -0.09340406
v 1.483576 0.7158237 -0.1618896
v 1.552362 0.708082 -0.04530636
v 1.410669 0.7133245 -0.03268284
v 1.481518 0.7062918 0.03177452
v 1.552595 0.7119076 -0.3771135
v 1.570547 0.7183688 -0.2999551
v 1.482275 0.7185675 -0.2968864
v 1.473733 0.715773 -0.3463849
v 1.516503 0.7173837 -0.4488708
v 1.450381 0.7194131 -0.4094082
v 1.361028 0.7150348 -0.6269037
v 1.425674 0.7178311 -0.5816902
v 1.37181 0.7204184 -0.5111613
v 1.310768 0.7191839 -0.5576378
v 1.286732 0.7204315 -0.6514781
v 1.262096 0.7224197 -0.5748667
v 1.473733 0.715773 -0.3463849
v 1.482275 0.7185675 -0.2968864
v 1.26273 0.7070544 0.07170967
v 1.477782 0.7168255 -0.2326052
v 1.483576 0.7158237 -0.1618896
v 1.478861 0.8110513 -0.2900228
v 1.478533 0.8089947 -0.2311691
v 1.483576 0.7158237 -0.1618896
v 1.480328 0.8090457 -0.1672175
v 1.461993 0.7129019 -0.09340406
v 1.410669 0.7133245 -0.03268284
v 1.26273 0.7070544 0.07170967
v 1.346009 0.7109469 0.01520054
v 1.402587 0.8026178 -0.02925055
v 1.34531 0.8005316 0.01787235
v 1.26273 0.7070544 0.07170967
v 1.260379 0.7979648 0.07590786
v 1.626831 0.4247476 -0.03765524
v 1.583755 0.6054605 -0.04223537
v 1.547599 0.5994061 -0.05840414
v 1.597871 0.4369037 -0.05551182
v 1.410669 0.7133245 -0.03268284
v 1.481518 0.7062918 0.03177452
v 1.474564 0.7930722 0.03617372
v 1.402587 0.8026178 -0.02925055
v 1.204431 0.8103598 -0.6714486
v 1.276959 0.8139312 -0.6511046
v 1.252997 0.8129709 -0.5755479
v 1.196494 0.8114047 -0.5884394
v 1.126769 0.7997885 -0.6649762
v 1.137122 0.8101266 -0.5845785
v 1.56939 0.8118124 -0.2165488
v 1.568824 0.8054824 -0.1361995
v 1.480328 0.8090457 -0.1672175
v 1.478533 0.8089947 -0.2311691
v 1.566356 0.8107367 -0.2928316
v 1.478861 0.8110513 -0.2900228
v 1.437823 0.7933719 0.3896968
v 1.517166 0.7762417 0.3614498
v 1.542711 0.7753274 0.4225945
v 1.46384 0.793309 0.447081
v 1.556161 0.7808169 0.4901213
v 1.476865 0.7970407 0.5088847
v 1.476573 0.8133456 -0.5224385
v 1.50923 0.8105521 -0.4533375
v 1.443945 0.8095865 -0.4142186
v 1.411387 0.8117343 -0.4632457
v 1.426171 0.8119256 -0.5754643
v 1.476573 0.8133456 -0.5224385
v 1.411387 0.8117343 -0.4632457
v 1.373219 0.8124246 -0.5059152
v 1.262096 0.7224197 -0.5748667
v 1.198861 0.7192261 -0.5846218
v 1.196494 0.8114047 -0.5884394
v 1.252997 0.8129709 -0.5755479
v 1.198861 0.7192261 -0.5846218
v 1.137791 0.7132351 -0.5840397
v 1.137122 0.8101266 -0.5845785
v 1.196494 0.8114047 -0.5884394
v 1.573595 0.7150711 -0.1300481
v 1.483576 0.7158237 -0.1618896
v 1.480328 0.8090457 -0.1672175
v 1.568824 0.8054824 -0.1361995
v 1.450381 0.7194131 -0.4094082
v 1.411387 0.8117343 -0.4632457
v 1.443945 0.8095865 -0.4142186
v 1.411158 0.7166846 -0.4608819
v 1.373219 0.8124246 -0.5059152
v 1.37181 0.7204184 -0.5111613
v 1.286732 0.7204315 -0.6514781
v 1.262096 0.7224197 -0.5748667
v 1.252997 0.8129709 -0.5755479
v 1.276959 0.8139312 -0.6511046
v 1.516503 0.7173837 -0.4488708
v 1.450381 0.7194131 -0.4094082
v 1.443945 0.8095865 -0.4142186
v 1.50923 0.8105521 -0.4533375
v 1.130882 0.6351358 -0.5830304
v 1.129867 0.6734537 -0.5790539
v 1.072809 0.6718399 -0.5577014
v 1.06813 0.6358456 -0.5568398
v 1.129885 0.6038736 -0.5862315
v 1.010145 0.6303192 -0.5438971
v 1.005399 0.6026138 -0.5480935
v 1.072809 0.6718399 -0.5577014
v 1.186795 0.6471277 0.07863928
v 1.17815 0.5995981 0.07011125
v 1.06813 0.6358456 -0.5568398
v 0.7918931 0.5511142 0.2094005
v 0.8614318 0.5999103 0.1307445
v 0.7967644 0.5986176 0.2094315
v 0.8560266 0.5552765 0.1231498
v 0.9367509 0.5985904 0.07470122
v 0.9329517 0.558721 0.06596801
v 1.02197 0.5958624 0.0350351
v 1.020174 0.5608535 0.02541324
v 1.103364 0.5947677 0.008333625
v 1.093697 0.5603665 0.001532154
v 1.650018 0.4292129 -0.1373283
v 1.626831 0.4247476 -0.03765524
v 1.597871 0.4369037 -0.05551182
v 1.617098 0.4408136 -0.1373822
v 0.8760681 1.81362 -1.179151
v 0.8071105 1.829585 -1.131491
v 1.002016 1.829253 -1.137983
v 0.9304489 1.81211 -1.181392
v 0.983367 1.811797 -1.193771
v 1.032889 1.812497 -1.21601
v 1.115364 1.829549 -1.203311
v 1.076828 1.811419 -1.247817
v 1.19468 1.828517 -1.307188
v 1.114129 1.813004 -1.287023
v 1.142684 1.812439 -1.333266
v 1.162008 1.811607 -1.384158
v 1.226216 1.825512 -1.49941
v 1.170596 1.811447 -1.437823
v 1.169249 1.811914 -1.492147
v 1.211571 1.827661 -1.563436
v 1.156574 1.811425 -1.545009
v 1.13423 1.812403 -1.594501
v 1.145964 1.827064 -1.676575
v 1.102488 1.811576 -1.638574
v 1.062703 1.813957 -1.675525
v 1.042105 1.828267 -1.756086
v 1.016693 1.813169 -1.704428
v 0.9658461 1.813255 -1.723534
v 0.9158617 1.828831 -1.790293
v 0.9122705 1.811975 -1.732313
v 0.9122705 1.811975 -1.732313
v 0.9158617 1.828831 -1.790293
v 0.8579299 1.813778 -1.730796
v 0.7861209 1.829365 -1.773062
v 0.8050556 1.813195 -1.718258
v 0.7262119 1.829021 -1.745952
v 0.7556001 1.812554 -1.695779
v 0.7113931 1.813211 -1.664062
v 0.6277146 1.829571 -1.6594
v 0.6742464 1.812927 -1.624264
v 0.5699679 1.828884 -1.542129
v 0.6455089 1.813177 -1.5781
v 0.6264295 1.812788 -1.527405
v 0.6175835 1.813867 -1.473861
v 0.5616135 1.828971 -1.411694
v 0.6192743 1.813768 -1.419569
v 0.6035343 1.82938 -1.287779
v 0.6315786 1.813824 -1.366622
v 0.6542317 1.812951 -1.317263
v 0.6418507 1.8294 -1.234343
v 0.6858348 1.813211 -1.273067
v 0.7253287 1.813658 -1.235717
v 0.8071105 1.829585 -1.131491
v 0.771524 1.812819 -1.207119
v 0.822354 1.813784 -1.187938
v 0.8760681 1.81362 -1.179151
v 1.135014 1.195088 -1.764789
v 1.192336 1.19774 -1.716903
v 1.133966 1.195473 -1.673152
v 1.135889 1.345492 -1.758349
v 1.18606 1.342261 -1.713346
v 1.079558 1.345903 -1.795523
v 1.074372 1.201761 -1.807907
v 1.285653 1.195005 -1.439913
v 1.178342 1.1946 -1.337592
v 1.209463 1.193252 -1.452715
v 1.278985 1.190487 -1.514367
v 1.278783 1.340907 -1.509561
v 1.282328 1.339397 -1.442201
v 1.265244 1.339724 -1.575717
v 1.266731 1.195367 -1.587795
v 1.246233 1.196709 -1.295619
v 1.146422 1.195841 -1.286765
v 1.178342 1.1946 -1.337592
v 1.202853 1.19379 -1.235011
v 1.240406 1.341218 -1.288558
v 1.203265 1.344198 -1.23223
v 1.155331 1.200218 -1.177896
v 1.158321 1.344397 -1.182258
v 1.025981 1.205002 -1.103837
v 1.140632 1.191847 -1.054443
v 1.055033 1.199544 -1.018167
v 1.092097 1.197968 -1.138565
v 1.215029 1.19363 -1.109793
v 1.155331 1.200218 -1.177896
v 0.8782179 1.207368 -1.089738
v 0.8261874 1.207508 -1.178913
v 0.7334982 1.215388 -1.123014
v 0.870796 1.207711 -0.994354
v 0.7789714 1.204831 -1.007083
v 0.6930216 1.212395 -1.041818
v 1.002809 1.201205 -1.18475
v 1.202853 1.19379 -1.235011
v 1.146422 1.195841 -1.286765
v 0.7707294 1.20945 -1.200157
v 0.6159647 1.219409 -1.214539
v 0.6778246 1.212616 -1.272365
v 0.6770242 1.36321 -1.164401
v 0.7331096 1.359743 -1.127082
v 0.6269397 1.363386 -1.209653
v 0.576378 1.216091 -1.277993
v 0.5422336 1.221729 -1.344003
v 0.4918985 1.214637 -1.229725
v 0.4562338 1.220288 -1.31511
v 0.5295281 1.217469 -1.417613
v 0.6054977 1.214875 -1.432356
v 0.5445694 1.36379 -1.347215
v 0.5310823 1.365662 -1.413296
v 0.6035045 1.21482 -1.491446
v 0.5233455 1.222097 -1.491698
v 0.5275101 1.364118 -1.480675
v 0.5395999 1.216793 -1.564341
v 0.6324434 1.213544 -1.601686
v 0.5617684 1.220494 -1.635458
v 0.6647866 1.212273 -1.655311
v 0.6052183 1.214166 -1.696288
v 0.5643854 1.35452 -1.636029
v 0.6015138 1.354596 -1.692335
v 0.6532246 1.21675 -1.753164
v 0.6466777 1.351344 -1.742592
v 0.8074872 1.206963 -1.758979
v 0.8653235 1.204867 -1.772892
v 0.7164495 1.209988 -1.793465
v 0.5938349 1.214299 -1.822143
v 0.6680705 1.206963 -1.878047
v 1.135014 1.195088 -1.764789
v 1.074372 1.201761 -1.807907
v 0.7827226 1.212147 -1.828046
v 0.9836361 1.200653 -1.765778
v 1.133966 1.195473 -1.673152
v 0.9237224 1.304038 -1.741114
v 0.8579299 1.813778 -1.730796
v 0.9182988 1.542486 -1.729601
v 0.9734833 1.300435 -1.732387
v 1.023281 1.303316 -1.713292
v 1.017573 1.54041 -1.702275
v 1.003204 1.199663 -1.830541
v 0.8562093 1.204895 -1.840611
v 0.792846 1.356137 -1.820039
v 0.8589813 1.355265 -1.833595
v 0.9305807 1.206823 -1.847179
v 0.9254445 1.350587 -1.835776
v 0.93687 1.201797 -1.93785
v 1.028736 1.193978 -1.924749
v 1.003204 1.199663 -1.830541
v 1.114866 1.19554 -1.88968
v 1.062703 1.813957 -1.675525
v 1.016693 1.813169 -1.704428
v 0.9658461 1.813255 -1.723534
v 0.9669681 1.584094 -1.719589
v 0.9122705 1.811975 -1.732313
v 1.102488 1.811576 -1.638574
v 1.169121 1.194326 -1.624971
v 1.13423 1.812403 -1.594501
v 1.156574 1.811425 -1.545009
v 1.232031 1.191866 -1.654015
v 1.192336 1.19774 -1.716903
v 1.260995 1.190561 -1.776948
v 1.316544 1.184173 -1.702711
v 1.266731 1.195367 -1.587795
v 1.352714 1.187627 -1.616985
v 1.173214 1.302932 -1.504412
v 1.209463 1.193252 -1.452715
v 1.164169 1.541343 -1.497805
v 1.175042 1.299534 -1.451152
v 1.169249 1.811914 -1.492147
v 1.16622 1.302613 -1.398374
v 1.16473 1.582791 -1.443664
v 1.170596 1.811447 -1.437823
v 1.178342 1.1946 -1.337592
v 1.157218 1.539692 -1.392176
v 1.162008 1.811607 -1.384158
v 1.142684 1.812439 -1.333266
v 1.114129 1.813004 -1.287023
v 1.076828 1.811419 -1.247817
v 1.039143 1.303777 -1.232814
v 1.033119 1.540771 -1.230481
v 0.990642 1.300461 -1.210874
v 1.032889 1.812497 -1.21601
v 0.938538 1.303617 -1.198596
v 0.983862 1.583108 -1.207896
v 0.983367 1.811797 -1.193771
v 0.9328682 1.540251 -1.196414
v 0.8760681 1.81362 -1.179151
v 0.9304489 1.81211 -1.181392
v 0.5617684 1.220494 -1.635458
v 0.4457571 1.215517 -1.589962
v 0.4809691 1.21865 -1.675994
v 0.5395999 1.216793 -1.564341
v 0.4327543 1.220739 -1.498118
v 0.5233455 1.222097 -1.491698
v 1.246233 1.196709 -1.295619
v 1.362696 1.183289 -1.341957
v 1.327695 1.189285 -1.255702
v 1.268715 1.191163 -1.367193
v 1.178342 1.1946 -1.337592
v 1.376152 1.187178 -1.433822
v 1.285653 1.195005 -1.439913
v 0.576378 1.216091 -1.277993
v 0.6159647 1.219409 -1.214539
v 0.5474538 1.217373 -1.155127
v 0.4918985 1.214637 -1.229725
v 0.7827226 1.212147 -1.828046
v 0.7164495 1.209988 -1.793465
v 0.6680705 1.206963 -1.878047
v 0.7537518 1.208391 -1.914139
v 0.6851959 1.584187 -1.623677
v 0.714568 1.57233 -1.600983
v 0.7419345 1.538738 -1.631838
v 0.7210909 1.54268 -1.662053
v 0.7210909 1.54268 -1.662053
v 0.7419345 1.538738 -1.631838
v 0.7431364 1.309409 -1.640198
v 0.7228464 1.303509 -1.673637
v 0.8811428 2.293994 -1.452713
v 0.9158617 1.828831 -1.790293
v 1.042105 1.828267 -1.756086
v 0.8924689 2.292776 -1.455372
v 0.8804782 2.292336 -1.442559
v 1.145964 1.827064 -1.676575
v 0.8953055 2.292788 -1.4532
v 1.211571 1.827661 -1.563436
v 0.897089 2.293406 -1.450101
v 1.226216 1.825512 -1.49941
v 0.8975018 2.29286 -1.44836
v 0.8804782 2.292336 -1.442559
v 1.19468 1.828517 -1.307188
v 0.8966346 2.292836 -1.443112
v 1.115364 1.829549 -1.203311
v 0.8944566 2.292822 -1.440271
v 1.002016 1.829253 -1.137983
v 0.8913572 2.292907 -1.438476
v 0.8071105 1.829585 -1.131491
v 0.8860382 2.292639 -1.438293
v 0.8860382 2.292639 -1.438293
v 0.8071105 1.829585 -1.131491
v 0.6418507 1.8294 -1.234343
v 0.881518 2.292762 -1.441091
v 0.6035343 1.82938 -1.287779
v 0.8804782 2.292336 -1.442559
v 0.5616135 1.828971 -1.411694
v 0.8793249 2.293479 -1.445936
v 0.5699679 1.828884 -1.542129
v 0.8795673 2.292965 -1.449515
v 0.6277146 1.829571 -1.6594
v 0.8811428 2.293994 -1.452713
v 0.8804782 2.292336 -1.442559
v 0.7262119 1.829021 -1.745952
v 0.7861209 1.829365 -1.773062
v 0.9158617 1.828831 -1.790293
v 0.8966346 2.292836 -1.443112
v 0.8804782 2.292336 -1.442559
v 0.8975018 2.29286 -1.44836
v 0.8944566 2.292822 -1.440271
v 0.8913572 2.292907 -1.438476
v 0.8860382 2.292639 -1.438293
v 0.8953055 2.292788 -1.4532
v 0.8804782 2.292336 -1.442559
v 0.8924689 2.292776 -1.455372
v 0.897089 2.293406 -1.450101
v 1.129079 1.537922 -1.486456
v 1.136914 1.309167 -1.492399
v 1.135827 1.307594 -1.452591
v 1.127416 1.568468 -1.445595
v 1.131727 1.309077 -1.412949
v 1.123875 1.53887 -1.406624
v 1.157218 1.539692 -1.392176
v 1.123875 1.53887 -1.406624
v 1.131727 1.309077 -1.412949
v 1.16622 1.302613 -1.398374
v 1.16473 1.582791 -1.443664
v 1.127416 1.568468 -1.445595
v 1.123875 1.53887 -1.406624
v 1.157218 1.539692 -1.392176
v 0.714568 1.57233 -1.600983
v 0.7431364 1.309409 -1.640198
v 0.7419345 1.538738 -1.631838
v 0.7176852 1.307961 -1.609405
v 0.6931292 1.538603 -1.568156
v 0.6945637 1.309661 -1.576779
v 0.6580274 1.303911 -1.588947
v 0.6945637 1.309661 -1.576779
v 0.6931292 1.538603 -1.568156
v 0.6574249 1.541258 -1.579747
v 0.6574249 1.541258 -1.579747
v 0.6931292 1.538603 -1.568156
v 0.714568 1.57233 -1.600983
v 0.6851959 1.584187 -1.623677
v 0.983862 1.583108 -1.207896
v 0.9720677 1.569915 -1.243034
v 0.9341888 1.538464 -1.232298
v 0.9328682 1.540251 -1.196414
v 0.9328682 1.540251 -1.196414
v 0.9341888 1.538464 -1.232298
v 0.9397486 1.309436 -1.235268
v 0.938538 1.303617 -1.198596
v 0.6847888 1.298952 -1.635764
v 0.7176852 1.307961 -1.609405
v 0.6945637 1.309661 -1.576779
v 0.6580274 1.303911 -1.588947
v 0.7228464 1.303509 -1.673637
v 0.7431364 1.309409 -1.640198
v 0.7176852 1.307961 -1.609405
v 0.6847888 1.298952 -1.635764
v 0.990642 1.300461 -1.210874
v 0.9779899 1.307819 -1.246755
v 1.015164 1.309908 -1.260909
v 1.039143 1.303777 -1.232814
v 0.938538 1.303617 -1.198596
v 0.9397486 1.309436 -1.235268
v 0.9779899 1.307819 -1.246755
v 0.990642 1.300461 -1.210874
v 0.9669681 1.584094 -1.719589
v 0.9575517 1.568567 -1.682392
v 0.9962677 1.537335 -1.671363
v 1.017573 1.54041 -1.702275
v 1.017573 1.54041 -1.702275
v 0.9962677 1.537335 -1.671363
v 1.001172 1.309295 -1.681227
v 1.023281 1.303316 -1.713292
v 0.6668177 1.303936 -1.332367
v 0.7007411 1.310764 -1.345624
v 0.7274705 1.308098 -1.313829
v 0.6979467 1.300813 -1.289031
v 0.6979467 1.300813 -1.289031
v 0.7274705 1.308098 -1.313829
v 0.75471 1.309743 -1.284775
v 0.73679 1.303592 -1.252378
v 0.73679 1.303592 -1.252378
v 0.75471 1.309743 -1.284775
v 0.7533864 1.538484 -1.280632
v 0.7357481 1.541512 -1.248901
v 0.7357481 1.541512 -1.248901
v 0.7533864 1.538484 -1.280632
v 0.7254201 1.570162 -1.309005
v 0.6965867 1.584642 -1.28453
v 1.039143 1.303777 -1.232814
v 1.015164 1.309908 -1.260909
v 1.01008 1.538034 -1.258112
v 1.033119 1.540771 -1.230481
v 1.033119 1.540771 -1.230481
v 1.01008 1.538034 -1.258112
v 0.9720677 1.569915 -1.243034
v 0.983862 1.583108 -1.207896
v 1.16622 1.302613 -1.398374
v 1.131727 1.309077 -1.412949
v 1.135827 1.307594 -1.452591
v 1.175042 1.299534 -1.451152
v 1.175042 1.299534 -1.451152
v 1.135827 1.307594 -1.452591
v 1.136914 1.309167 -1.492399
v 1.173214 1.302932 -1.504412
v 1.023281 1.303316 -1.713292
v 1.001172 1.309295 -1.681227
v 0.9632512 1.308121 -1.693074
v 0.9734833 1.300435 -1.732387
v 0.9734833 1.300435 -1.732387
v 0.9632512 1.308121 -1.693074
v 0.9244344 1.310039 -1.701921
v 0.9237224 1.304038 -1.741114
v 0.9237224 1.304038 -1.741114
v 0.9244344 1.310039 -1.701921
v 0.919081 1.537341 -1.692154
v 0.9182988 1.542486 -1.729601
v 0.9182988 1.542486 -1.729601
v 0.919081 1.537341 -1.692154
v 0.9575517 1.568567 -1.682392
v 0.9669681 1.584094 -1.719589
v 1.173214 1.302932 -1.504412
v 1.136914 1.309167 -1.492399
v 1.129079 1.537922 -1.486456
v 1.164169 1.541343 -1.497805
v 1.164169 1.541343 -1.497805
v 1.129079 1.537922 -1.486456
v 1.127416 1.568468 -1.445595
v 1.16473 1.582791 -1.443664
v 0.7254201 1.570162 -1.309005
v 0.7007411 1.310764 -1.345624
v 0.7006631 1.53806 -1.340967
v 0.7274705 1.308098 -1.313829
v 0.7533864 1.538484 -1.280632
v 0.75471 1.309743 -1.284775
v 0.6659575 1.540868 -1.328627
v 0.7006631 1.53806 -1.340967
v 0.7007411 1.310764 -1.345624
v 0.6668177 1.303936 -1.332367
v 0.6965867 1.584642 -1.28453
v 0.7254201 1.570162 -1.309005
v 0.7006631 1.53806 -1.340967
v 0.6659575 1.540868 -1.328627
v 0.9575517 1.568567 -1.682392
v 1.001172 1.309295 -1.681227
v 0.9962677 1.537335 -1.671363
v 0.9632512 1.308121 -1.693074
v 0.919081 1.537341 -1.692154
v 0.9244344 1.310039 -1.701921
v 0.9720677 1.569915 -1.243034
v 0.9397486 1.309436 -1.235268
v 0.9341888 1.538464 -1.232298
v 0.9779899 1.307819 -1.246755
v 1.01008 1.538034 -1.258112
v 1.015164 1.309908 -1.260909
v 1.468537 0.8046402 0.6149183
v 1.543782 0.8009298 0.6417239
v 1.518553 0.8024756 0.7172793
v 1.440806 0.811145 0.6820031
v 1.516683 0.6915222 0.3581889
v 1.517166 0.7762417 0.3614498
v 1.437823 0.7933719 0.3896968
v 1.443307 0.7074252 0.3881358
v 1.548419 0.7125223 0.6422209
v 1.543782 0.8009298 0.6417239
v 1.468537 0.8046402 0.6149183
v 1.473769 0.7190051 0.6167706
v 0.7551005 0.4961975 1.027189
v 0.7657074 0.7771246 1.022161
v 0.5313267 0.7742068 1.065722
v 0.5348296 0.4960464 1.066532
v 0.2734932 0.4960397 1.103077
v 0.2719896 0.7751037 1.101065
v 0.1423521 0.4960379 1.120403
v 0.1420625 0.7752969 1.118206
v 0.01213181 0.7751037 1.135319
v 0.01120102 0.4960397 1.137652
v -0.2475058 0.7742068 1.168384
v -0.2506789 0.4960464 1.170075
v -0.4728233 0.4977023 1.191124
v -0.4851685 0.7771246 1.187047
v 1.025981 1.205002 -1.103837
v 1.055033 1.199544 -1.018167
v 1.048433 1.348692 -1.020714
v 1.020511 1.34951 -1.103349
v 1.215029 1.19363 -1.109793
v 1.155331 1.200218 -1.177896
v 1.158321 1.344397 -1.182258
v 1.215858 1.342483 -1.116586
v 1.246233 1.196709 -1.295619
v 1.327695 1.189285 -1.255702
v 1.31879 1.338499 -1.249884
v 1.240406 1.341218 -1.288558
v 1.376152 1.187178 -1.433822
v 1.285653 1.195005 -1.439913
v 1.282328 1.339397 -1.442201
v 1.369474 1.336287 -1.436259
v 1.266731 1.195367 -1.587795
v 1.352714 1.187627 -1.616985
v 1.348064 1.336699 -1.603578
v 1.265244 1.339724 -1.575717
v 0.4116398 1.099051 -1.500161
v 0.1901804 1.086011 -1.555027
v 0.4255662 1.089709 -1.593559
v 0.2097395 1.086081 -1.402546
v 0.4132015 1.093884 -1.424958
v 1.074372 1.201761 -1.807907
v 1.114866 1.19554 -1.88968
v 1.118633 1.344343 -1.873998
v 1.079558 1.345903 -1.795523
v 0.7827226 1.212147 -1.828046
v 0.7537518 1.208391 -1.914139
v 0.765107 1.356958 -1.90279
v 0.792846 1.356137 -1.820039
v 0.5617684 1.220494 -1.635458
v 0.4809691 1.21865 -1.675994
v 0.4863306 1.357241 -1.67508
v 0.5643854 1.35452 -1.636029
v 0.5938349 1.214299 -1.822143
v 0.6532246 1.21675 -1.753164
v 0.6466777 1.351344 -1.742592
v 0.5894573 1.353259 -1.808631
v 0.4327543 1.220739 -1.498118
v 0.5233455 1.222097 -1.491698
v 0.5275101 1.364118 -1.480675
v 0.4404874 1.367229 -1.486654
v 0.5422336 1.221729 -1.344003
v 0.4562338 1.220288 -1.31511
v 0.4618546 1.366819 -1.319396
v 0.5445694 1.36379 -1.347215
v 0.5474538 1.217373 -1.155127
v 0.6159647 1.219409 -1.214539
v 0.6269397 1.363386 -1.209653
v 0.561127 1.36587 -1.152301
v 0.7334982 1.215388 -1.123014
v 0.6930216 1.212395 -1.041818
v 0.6941793 1.361306 -1.048862
v 0.7331096 1.359743 -1.127082
v 0.8850918 1.353629 -1.085049
v 0.965879 1.353219 -1.000274
v 0.880757 1.354736 -0.9988765
v 0.9543095 1.353437 -1.089654
v 1.048433 1.348692 -1.020714
v 1.020511 1.34951 -1.103349
v 1.282328 1.339397 -1.442201
v 1.368321 1.337677 -1.521098
v 1.369474 1.336287 -1.436259
v 1.278783 1.340907 -1.509561
v 1.348064 1.336699 -1.603578
v 1.265244 1.339724 -1.575717
v 1.158321 1.344397 -1.182258
v 1.274967 1.341754 -1.177129
v 1.215858 1.342483 -1.116586
v 1.203265 1.344198 -1.23223
v 1.31879 1.338499 -1.249884
v 1.240406 1.341218 -1.288558
v 1.135889 1.345492 -1.758349
v 1.079558 1.345903 -1.795523
v 1.118633 1.344343 -1.873998
v 1.191376 1.343358 -1.830197
v 1.18606 1.342261 -1.713346
v 1.252116 1.33978 -1.770998
v 0.8589813 1.355265 -1.833595
v 0.792846 1.356137 -1.820039
v 0.765107 1.356958 -1.90279
v 0.8475438 1.355487 -1.923086
v 0.9254445 1.350587 -1.835776
v 0.9323831 1.350913 -1.924427
v 0.6466777 1.351344 -1.742592
v 0.5301181 1.357042 -1.747791
v 0.5894573 1.353259 -1.808631
v 0.6015138 1.354596 -1.692335
v 0.4863306 1.357241 -1.67508
v 0.5643854 1.35452 -1.636029
v 0.5310823 1.365662 -1.413296
v 0.5445694 1.36379 -1.347215
v 0.4618546 1.366819 -1.319396
v 0.4416646 1.368896 -1.401812
v 0.5275101 1.364118 -1.480675
v 0.4404874 1.367229 -1.486654
v 0.6770242 1.36321 -1.164401
v 0.7331096 1.359743 -1.127082
v 0.6941793 1.361306 -1.048862
v 0.6217499 1.365348 -1.09285
v 0.6269397 1.363386 -1.209653
v 0.561127 1.36587 -1.152301
v 1.260995 1.190561 -1.776948
v 1.192336 1.19774 -1.716903
v 1.18606 1.342261 -1.713346
v 1.252116 1.33978 -1.770998
v 0.93687 1.201797 -1.93785
v 0.9305807 1.206823 -1.847179
v 0.9254445 1.350587 -1.835776
v 0.9323831 1.350913 -1.924427
v 0.466821 0.7726626 -1.225613
v 0.5227631 0.7665774 -1.14735
v -0.1453763 0.7622204 -1.062391
v -0.1568124 0.7715115 -1.149149
v -0.7789581 0.7726626 -1.061398
v -0.8127092 0.7665774 -0.9713126
v 0.9936537 3.051758E-07 -2.073396
v 0.963177 0.2367456 -2.042755
v 0.9523562 0.2285544 -1.94438
v 0.9783368 3.051758E-07 -1.975156
v 0.7564911 0.2367441 -2.015533
v 0.7424892 3.051758E-07 -2.040291
v 0.782733 3.051758E-07 -1.949372
v 0.7932048 0.2285544 -1.923414
v 0.7932048 0.2285544 -1.923414
v 0.8710395 0.2651291 -1.934409
v 0.8574953 0.277492 -2.029139
v 0.7564911 0.2367441 -2.015533
v 1.433069 0.2364243 -1.684085
v 1.452921 3.051758E-07 -1.722551
v 1.362377 3.051758E-07 -1.679831
v 1.341956 0.2285544 -1.645515
v 1.349405 0.2601773 -1.563866
v 1.378575 3.051758E-07 -1.582621
v 1.448832 0.2774912 -1.575483
v 1.388119 3.051758E-07 -1.484541
v 1.362945 0.2285544 -1.486374
v 1.460905 0.2363113 -1.470865
v 1.486495 3.051758E-07 -1.465878
v 0.9523562 0.2285544 -1.94438
v 0.8800946 3.051758E-07 -1.965603
v 0.9783368 3.051758E-07 -1.975156
v 0.8710395 0.2651291 -1.934409
v 0.782733 3.051758E-07 -1.949372
v 0.7932048 0.2285544 -1.923414
v 0.963177 0.2367456 -2.042755
v 0.8574953 0.277492 -2.029139
v 0.8710395 0.2651291 -1.934409
v 0.9523562 0.2285544 -1.94438
v -0.07500298 0.9190854 -1.526772
v -0.05420685 0.9235345 -1.369053
v -0.06106354 1.086013 -1.368653
v -0.08092979 1.086013 -1.519246
v -0.1894267 3.051758E-07 -1.396571
v -0.02382355 3.051758E-07 -1.42334
v -0.04803284 0.254697 -1.384285
v -0.08328529 0.3235965 -1.370339
v -0.1838861 0.344913 -1.354537
v -0.2851453 0.3235965 -1.343731
v -0.3563101 3.051758E-07 -1.379513
v -0.3228073 0.254697 -1.348065
v -0.08328529 0.3235965 -1.370339
v -0.1086652 0.350083 -1.587651
v -0.2122026 0.3720761 -1.569355
v -0.1838861 0.344913 -1.354537
v -0.2851453 0.3235965 -1.343731
v -0.1838861 0.344913 -1.354537
v -0.2122026 0.3720761 -1.569355
v -0.3169443 0.350083 -1.560196
v 0.2044822 0.9235342 -1.403166
v 0.184304 0.9191525 -1.560978
v 0.1901804 1.086011 -1.555027
v 0.2097395 1.086081 -1.402546
v -0.312897 0.9235345 -1.334953
v -0.3061711 1.086013 -1.336344
v -0.1829446 0.9220068 -1.347396
v -0.05420685 0.9235345 -1.369053
v -0.06106354 1.086013 -1.368653
v -0.2036391 1.087541 -1.50439
v -0.08092979 1.086013 -1.519246
v -0.1577128 0.9155917 -1.155978
v -0.05420685 0.9235345 -1.369053
v 0.2044822 0.9235342 -1.403166
v 0.4074542 0.9230222 -1.423914
v 0.4283685 0.9214895 -1.317449
v 0.4684099 0.9168887 -1.226082
v 0.2044822 0.9235342 -1.403166
v -0.1577128 0.9155917 -1.155978
v -0.05420685 0.9235345 -1.369053
v -0.312897 0.9235345 -1.334953
v -0.1829446 0.9220068 -1.347396
v -0.1577128 0.9155917 -1.155978
v -0.5715898 0.9235345 -1.300867
v -0.7806144 0.9168887 -1.06144
v -0.7656167 0.9214895 -1.160062
v 0.2044822 0.9235342 -1.403166
v -0.05420685 0.9235345 -1.369053
v -0.07500298 0.9190854 -1.526772
v 0.184304 0.9191525 -1.560978
v -0.5715898 0.9235345 -1.300867
v -0.5929947 0.9191525 -1.458517
v -0.3336813 0.9190854 -1.492674
v -0.312897 0.9235345 -1.334953
v -0.1568124 0.7715115 -1.149149
v 0.4684099 0.9168887 -1.226082
v 0.466821 0.7726626 -1.225613
v -0.1577128 0.9155917 -1.155978
v -0.7806144 0.9168887 -1.06144
v -0.7789581 0.7726626 -1.061398
v 0.4074542 0.9230222 -1.423914
v 0.2044822 0.9235342 -1.403166
v 0.2097395 1.086081 -1.402546
v 0.4132015 1.093884 -1.424958
v -0.04803284 0.254697 -1.384285
v -0.07167908 0.2711703 -1.626251
v -0.1086652 0.350083 -1.587651
v -0.08328529 0.3235965 -1.370339
v -0.0504155 3.051758E-07 -1.692843
v -0.07167908 0.2711703 -1.626251
v -0.04803284 0.254697 -1.384285
v -0.02382355 3.051758E-07 -1.42334
v 0.1361115 0.7615091 -1.574163
v 0.1490468 0.7588791 -1.524507
v 0.1918351 0.7892569 -1.527262
v 0.1831745 0.8034527 -1.575073
v 0.1509089 0.5742633 -1.533394
v 0.1490468 0.7588791 -1.524507
v 0.1361115 0.7615091 -1.574163
v 0.1358913 0.5681635 -1.599607
v 0.1831745 0.8034527 -1.575073
v 0.1918351 0.7892569 -1.527262
v 0.2302634 0.7588791 -1.535218
v 0.2298514 0.7615091 -1.586578
v 0.2302634 0.7588791 -1.535218
v 0.2302431 0.5742633 -1.543862
v 0.2285229 0.5681635 -1.611878
v 0.2298514 0.7615091 -1.586578
v 0.2302431 0.5742633 -1.543862
v 0.2302634 0.7588791 -1.535218
v 0.1918351 0.7892569 -1.527262
v 0.1509089 0.5742633 -1.533394
v 0.1490468 0.7588791 -1.524507
v 0.2285229 0.5681635 -1.611878
v 0.2302431 0.5742633 -1.543862
v 0.1509089 0.5742633 -1.533394
v 0.1358913 0.5681635 -1.599607
v 1.68296 0.4806076 1.369223
v 1.636497 0.479559 1.446635
v 1.612012 0.6879776 1.426316
v 1.657747 0.6885995 1.352747
v 0.7631845 0.9480951 1.22925
v 0.7821077 0.9549792 1.302924
v 0.5621926 0.9459711 1.261739
v 0.5827469 0.9453143 1.415812
v 0.8206747 0.9478409 1.39003
v 1.260957 6.103515E-07 1.66711
v 1.262182 0.2268973 1.627221
v 1.289067 0.2472324 1.621912
v 1.340893 0.2630804 1.615173
v 1.361451 6.103515E-07 1.655257
v 1.394701 0.2471701 1.609099
v 1.425337 0.2267108 1.607598
v 1.463629 6.103515E-07 1.643837
v 1.037382 0.7151092 1.601947
v 1.077381 0.7048871 1.531656
v 1.004068 0.7055905 1.486082
v 0.9534704 0.7182345 1.550881
v 1.455866 1.078938 0.7174555
v 1.452551 1.227634 0.7243345
v 1.413553 1.226682 0.8026828
v 1.415188 1.082639 0.7987355
v 1.533559 1.081582 0.8900924
v 1.520663 1.225748 0.8848349
v 1.588991 1.226662 0.8293495
v 1.604924 1.077951 0.8325287
v 1.694651 1.076482 0.9876344
v 1.683124 1.225013 0.9921125
v 1.600819 1.224074 1.023135
v 1.609236 1.080223 1.019685
v 1.369783 1.071552 1.506348
v 1.357407 1.213752 1.498099
v 1.291087 1.216068 1.511838
v 1.296171 1.067367 1.519138
v 1.223514 1.215931 1.515671
v 1.221471 1.073073 1.525845
v 1.628401 1.078151 1.168
v 1.619411 1.221341 1.158629
v 1.706095 1.222819 1.165778
v 1.721661 1.071994 1.176731
v 1.673359 1.07156 1.350132
v 1.657458 1.21967 1.347161
v 1.577006 1.219145 1.310704
v 1.589381 1.07565 1.311993
v 1.498599 1.072979 1.430695
v 1.494512 1.215396 1.419701
v 1.551026 1.215976 1.486248
v 1.557096 1.068291 1.502031
v 1.397858 1.064052 1.595327
v 1.385731 1.211581 1.581204
v 1.357407 1.213752 1.498099
v 1.369783 1.071552 1.506348
v 1.221471 1.073073 1.525845
v 1.223514 1.215931 1.515671
v 1.214875 1.215827 1.603249
v 1.212609 1.068388 1.616734
v 1.015567 1.072337 1.443527
v 0.9620964 1.221915 1.391802
v 0.9578712 1.078235 1.395591
v 1.012545 1.222243 1.436821
v 1.076751 1.075649 1.48623
v 1.069192 1.219402 1.473967
v 1.039536 1.071458 1.570193
v 1.033241 1.219792 1.554408
v 1.069192 1.219402 1.473967
v 1.076751 1.075649 1.48623
v 0.9019464 1.082574 0.9727553
v 0.9054912 1.226749 0.965509
v 0.9426572 1.22857 0.9090537
v 0.9450904 1.078298 0.9118459
v 0.9878393 1.227275 0.8587325
v 0.9928451 1.083178 0.8543007
v 0.869966 1.076327 1.191601
v 0.8639862 1.22564 1.118955
v 0.8624979 1.081676 1.116432
v 0.8680988 1.22651 1.186862
v 0.8832334 1.080096 1.265549
v 0.8821757 1.224231 1.253474
v 1.54666 1.069691 1.373393
v 1.494512 1.215396 1.419701
v 1.498599 1.072979 1.430695
v 1.539872 1.219228 1.367248
v 1.589381 1.07565 1.311993
v 1.577006 1.219145 1.310704
v 0.8624979 1.081676 1.116432
v 0.8639862 1.22564 1.118955
v 0.776695 1.226593 1.113221
v 0.7723326 1.077945 1.110487
v 0.8196246 1.078938 0.9319292
v 0.826633 1.227686 0.9263748
v 0.9054912 1.226749 0.965509
v 0.9019464 1.082574 0.9727553
v 1.413553 1.226682 0.8026828
v 1.452551 1.227634 0.7243345
v 1.525607 1.228761 0.7680159
v 1.470121 1.22778 0.8397381
v 1.470121 1.22778 0.8397381
v 1.525607 1.228761 0.7680159
v 1.588991 1.226662 0.8293495
v 1.520663 1.225748 0.8848349
v 1.600819 1.224074 1.023135
v 1.683124 1.225013 0.9921125
v 1.704393 1.225545 1.0776
v 1.614614 1.224681 1.08937
v 1.706095 1.222819 1.165778
v 1.619411 1.221341 1.158629
v 1.577006 1.219145 1.310704
v 1.657458 1.21967 1.347161
v 1.612193 1.219448 1.422787
v 1.539872 1.219228 1.367248
v 1.551026 1.215976 1.486248
v 1.494512 1.215396 1.419701
v 1.357407 1.213752 1.498099
v 1.385731 1.211581 1.581204
v 1.303009 1.215238 1.60168
v 1.291087 1.216068 1.511838
v 1.214875 1.215827 1.603249
v 1.223514 1.215931 1.515671
v 1.069192 1.219402 1.473967
v 1.033241 1.219792 1.554408
v 0.957563 1.222893 1.509039
v 1.012545 1.222243 1.436821
v 0.8942503 1.222726 1.447752
v 0.9620964 1.221915 1.391802
v 0.8821757 1.224231 1.253474
v 0.8001071 1.22508 1.284742
v 0.7785149 1.227467 1.198771
v 0.8680988 1.22651 1.186862
v 0.776695 1.226593 1.113221
v 0.8639862 1.22564 1.118955
v 0.9054912 1.226749 0.965509
v 0.826633 1.227686 0.9263748
v 0.870392 1.229541 0.8535138
v 0.9426572 1.22857 0.9090537
v 0.9426572 1.22857 0.9090537
v 0.870392 1.229541 0.8535138
v 0.9281778 1.227463 0.7919711
v 0.9878393 1.227275 0.8587325
v 0.799373 1.076397 1.299483
v 0.8001071 1.22508 1.284742
v 0.8821757 1.224231 1.253474
v 0.8832334 1.080096 1.265549
v 1.476433 1.077541 0.8420915
v 1.520663 1.225748 0.8848349
v 1.533559 1.081582 0.8900924
v 1.470121 1.22778 0.8397381
v 1.415188 1.082639 0.7987355
v 1.413553 1.226682 0.8026828
v 1.710449 0.699964 1.375517
v 1.657747 0.6885995 1.352747
v 1.612012 0.6879776 1.426316
v 1.658339 0.6969379 1.4588
v 1.609236 1.080223 1.019685
v 1.600819 1.224074 1.023135
v 1.614614 1.224681 1.08937
v 1.622079 1.074597 1.093606
v 1.619411 1.221341 1.158629
v 1.628401 1.078151 1.168
v 0.9928451 1.083178 0.8543007
v 0.9878393 1.227275 0.8587325
v 0.9281778 1.227463 0.7919711
v 0.9325856 1.079475 0.7855756
v 0.5788464 0.7805963 1.424134
v 0.5827469 0.9453143 1.415812
v 0.8206747 0.9478409 1.39003
v 0.8206084 0.7735873 1.402666
v 0.6306893 0.6220565 1.438381
v 0.6363753 0.4296527 1.464745
v 0.5823039 0.6640945 1.439066
v 0.5345223 0.623522 1.452445
v 0.3162202 0.7819159 1.46134
v 0.3439376 0.2714761 1.528368
v 0.5432423 0.4299896 1.476938
v 0.5961071 0.2740506 1.499736
v 0.8317741 0.2699194 1.47631
v 0.840422 6.103515E-07 1.520167
v 0.606916 6.103515E-07 1.544848
v 0.3790949 6.103515E-07 1.566972
v 0.3014554 0.3501053 1.521994
v 0.1964557 0.3721475 1.530848
v 0.1882782 0.9495663 1.468812
v 0.3111467 0.9474432 1.451533
v 0.06277023 0.7819159 1.494749
v 0.06512894 0.9474432 1.483962
v 0.09274811 0.3501053 1.549505
v 0.05336853 0.2714761 1.56667
v -0.2005266 0.7805963 1.526868
v -0.1527322 0.622615 1.541556
v -0.1998077 0.6672274 1.543344
v -0.1524556 0.4299896 1.568642
v -0.2469067 0.6220565 1.554063
v -0.4395935 0.7735873 1.568781
v -0.1976067 0.2740506 1.604361
v -0.2455667 0.4296527 1.581
v -0.4312946 0.2699194 1.642803
v -0.4282821 6.103515E-07 1.687404
v -0.4524669 6.103515E-07 1.74202
v -0.1963564 6.103515E-07 1.650733
v 0.02941543 6.103515E-07 1.613065
v -0.5095857 6.103515E-07 1.839471
v -0.5835831 6.103515E-07 1.925247
v -0.6717059 6.103515E-07 1.996562
v -0.766607 0.2319064 1.991534
v -0.7505986 3.051758E-07 2.03472
v -0.5265469 0.4906204 1.770389
v -0.5938359 0.490191 1.843668
v -0.5295102 0.7182345 1.746362
v -0.5973222 0.7151092 1.817429
v -0.4911941 1.074344 1.635466
v -0.5443054 1.222893 1.707011
v -0.4990371 1.222726 1.63141
v -0.4578329 1.070896 1.551767
v -0.6076315 1.071458 1.787317
v -0.6056424 1.219792 1.77044
v -0.6799173 1.065352 1.841551
v -0.7627324 1.068388 1.877117
v -0.4451042 0.9500332 1.55906
v -0.2064502 0.9453143 1.519842
v -0.4282541 0.9549792 1.462469
v -0.4447748 1.076421 1.462112
v -0.4300175 0.9503741 1.385996
v -0.4503502 1.22508 1.449573
v -0.451773 1.227467 1.360943
v -0.8539456 1.215238 1.886002
v -0.7684158 1.215827 1.86468
v -0.4686792 1.077945 1.274073
v -0.4721841 1.226593 1.277844
v -0.4453836 0.7813226 1.279662
v -0.4247997 0.7822784 1.387785
v -0.5046304 1.073961 1.188003
v -0.4851685 0.7771246 1.187047
v -0.5606256 1.078938 1.113869
v -0.4728233 0.4977023 1.191124
v -0.6299788 1.229541 1.051288
v -0.5688339 1.227686 1.11032
v -0.7030998 1.228211 1.007839
v -0.7583115 1.074993 0.9809434
v -0.730023 1.43625 0.8900172
v -0.7185719 0.7392126 0.9080026
v -0.7085092 0.7388092 0.8496564
v -0.7494479 1.432695 0.9367337
v -0.7771629 1.433935 0.9841945
v -0.809621 1.078889 1.040478
v -0.8480669 1.947556 1.047376
v -0.8559758 1.078606 1.072206
v -0.7784576 1.671875 0.9761729
v -0.9063064 1.078401 1.097452
v -0.7466972 1.71534 0.9329785
v -0.7190036 1.952039 0.7215027
v -0.7098761 0.7388269 0.790644
v -0.722652 0.7381704 0.7331892
v -0.705752 1.952416 0.8279919
v -0.7282751 1.675041 0.8874341
v -0.7348532 1.951319 0.9319774
v -0.8021577 1.948639 1.017649
v -0.7416638 1.951977 0.6712682
v -0.7460358 0.7375919 0.6800685
v -0.7803424 0.7360217 0.633011
v -0.8687699 1.436316 0.5751997
v -0.8236844 0.7351712 0.593645
v -0.8739108 0.7322263 0.5639961
v -0.9295908 0.7323935 0.5438845
v -0.9892017 0.7308737 0.5330375
v -0.7836459 1.677064 0.6368872
v -0.7857712 1.435958 0.6377792
v -0.7729052 1.950706 0.6282488
v -0.8578345 1.948072 0.5641904
v -0.8668826 1.676204 0.5725539
v -0.909982 1.948579 0.5422131
v -1.157182 0.795704 0.5717173
v -1.017405 1.945514 0.5365457
v 1.246 0.2319064 1.726239
v 1.262182 0.2268973 1.627221
v 1.260957 6.103515E-07 1.66711
v 1.241729 6.103515E-07 1.772098
v 1.29226 0.260426 1.720488
v 1.289067 0.2472324 1.621912
v 1.262182 0.2268973 1.627221
v 1.246 0.2319064 1.726239
v 1.340893 0.2630804 1.615173
v 1.289067 0.2472324 1.621912
v 1.29226 0.260426 1.720488
v 1.351784 0.275394 1.710571
v 1.507018 6.103515E-07 1.740967
v 1.463629 6.103515E-07 1.643837
v 1.425337 0.2267108 1.607598
v 1.464601 0.2318036 1.699589
v 1.718017 0.227955 1.041661
v 1.758816 6.103515E-07 1.031596
v 1.771126 6.103515E-07 1.133213
v 1.72534 0.2641794 1.120566
v 1.719294 0.2483362 1.068831
v 1.787576 6.103515E-07 1.233879
v 1.74061 0.2275647 1.204125
v 1.733865 0.2481277 1.174056
v 1.840487 0.2327121 1.218341
v 1.787576 6.103515E-07 1.233879
v 1.898152 6.103515E-07 1.250243
v 1.74061 0.2275647 1.204125
v 1.832605 0.2614743 1.167684
v 1.733865 0.2481277 1.174056
v 1.72534 0.2641794 1.120566
v 1.820977 0.2766751 1.106229
v 1.719294 0.2483362 1.068831
v 1.815944 0.261719 1.046107
v 1.810375 0.2330496 1.00012
v 1.718017 0.227955 1.041661
v 1.861008 6.103515E-07 0.9858285
v 1.758816 6.103515E-07 1.031596
v 1.464601 0.2318036 1.699589
v 1.425337 0.2267108 1.607598
v 1.394701 0.2471701 1.609099
v 1.413965 0.2603396 1.705407
v 1.394701 0.2471701 1.609099
v 1.340893 0.2630804 1.615173
v 1.351784 0.275394 1.710571
v 1.413965 0.2603396 1.705407
v 0.5574399 0.7841653 1.264551
v 0.5621926 0.9459711 1.261739
v 0.5827469 0.9453143 1.415812
v 0.5788464 0.7805963 1.424134
v 0.3790949 6.103515E-07 1.566972
v 0.3408239 6.103515E-07 1.342984
v 0.3071362 0.2547259 1.31014
v 0.3439376 0.2714761 1.528368
v 0.3071362 0.2547259 1.31014
v 0.269428 0.3235965 1.30545
v 0.3014554 0.3501053 1.521994
v 0.3439376 0.2714761 1.528368
v 0.7657074 0.7771246 1.022161
v 0.7512811 0.7813226 1.121922
v 0.5574399 0.7841653 1.264551
v 0.5313267 0.7742068 1.065722
v 0.2719896 0.7751037 1.101065
v 0.2975655 0.7854916 1.301251
v 0.1420625 0.7752969 1.118206
v 0.1677429 0.7843396 1.313025
v 0.03930374 0.7854916 1.335294
v 0.01213181 0.7751037 1.135319
v -0.223542 0.7849069 1.367446
v -0.2475058 0.7742068 1.168384
v 0.2975655 0.7854916 1.301251
v 0.5574399 0.7841653 1.264551
v 0.5788464 0.7805963 1.424134
v 0.3162202 0.7819159 1.46134
v -0.4851685 0.7771246 1.187047
v -0.2475058 0.7742068 1.168384
v -0.223542 0.7849069 1.367446
v -0.4453836 0.7813226 1.279662
v 0.03930374 0.7854916 1.335294
v 0.06277023 0.7819159 1.494749
v -0.2005266 0.7805963 1.526868
v -0.223542 0.7849069 1.367446
v 0.3071362 0.2547259 1.31014
v 0.3408239 6.103515E-07 1.342984
v 0.1739406 6.103515E-07 1.360042
v 0.269428 0.3235965 1.30545
v 0.1681585 0.3449136 1.316178
v 0.00833725 6.103515E-07 1.386812
v 0.06756835 0.3235965 1.332059
v 0.03236351 0.2547259 1.34636
v 0.269428 0.3235965 1.30545
v 0.1681585 0.3449136 1.316178
v 0.1964557 0.3721475 1.530848
v 0.3014554 0.3501053 1.521994
v 0.06756835 0.3235965 1.332059
v 0.09274811 0.3501053 1.549505
v 0.1964557 0.3721475 1.530848
v 0.1681585 0.3449136 1.316178
v 0.3162202 0.7819159 1.46134
v 0.3111467 0.9474432 1.451533
v 0.2902428 0.9469565 1.298853
v 0.2975655 0.7854916 1.301251
v 0.2902428 0.9469565 1.298853
v 0.3111467 0.9474432 1.451533
v 0.1882782 0.9495663 1.468812
v 0.1679874 0.9497272 1.31488
v 0.04517983 0.9477145 1.332712
v 0.1679874 0.9497272 1.31488
v 0.1882782 0.9495663 1.468812
v 0.06512894 0.9474432 1.483962
v 0.9534704 0.7182345 1.550881
v 1.004068 0.7055905 1.486082
v 1.004865 0.4927054 1.507893
v 0.9568343 0.4906204 1.574854
v 1.040814 0.490191 1.628194
v 1.080708 0.492287 1.555676
v 1.077381 0.7048871 1.531656
v 1.037382 0.7151092 1.601947
v 1.658339 0.6969379 1.4588
v 1.612012 0.6879776 1.426316
v 1.636497 0.479559 1.446635
v 1.684622 0.476236 1.480768
v 1.737838 0.4766043 1.395086
v 1.68296 0.4806076 1.369223
v 1.657747 0.6885995 1.352747
v 1.710449 0.699964 1.375517
v 0.5404183 0.4361429 1.408298
v 0.536019 0.6200507 1.398902
v 0.5781849 0.6500314 1.390242
v 0.6201436 0.4358731 1.397816
v 0.6176064 0.6195633 1.38818
v 0.5823039 0.6640945 1.439066
v 0.6306893 0.6220565 1.438381
v 0.6176064 0.6195633 1.38818
v 0.5781849 0.6500314 1.390242
v 0.6176064 0.6195633 1.38818
v 0.6306893 0.6220565 1.438381
v 0.6363753 0.4296527 1.464745
v 0.6201436 0.4358731 1.397816
v 0.5404183 0.4361429 1.408298
v 0.5432423 0.4299896 1.476938
v 0.5345223 0.623522 1.452445
v 0.536019 0.6200507 1.398902
v 0.5345223 0.623522 1.452445
v 0.5823039 0.6640945 1.439066
v 0.5781849 0.6500314 1.390242
v 0.536019 0.6200507 1.398902
v 1.080708 0.492287 1.555676
v 1.004865 0.4927054 1.507893
v 1.004068 0.7055905 1.486082
v 1.077381 0.7048871 1.531656
v 1.684622 0.476236 1.480768
v 1.636497 0.479559 1.446635
v 1.68296 0.4806076 1.369223
v 1.737838 0.4766043 1.395086
v 0.9568343 0.4906204 1.574854
v 1.004865 0.4927054 1.507893
v 1.080708 0.492287 1.555676
v 1.040814 0.490191 1.628194
v 0.6363753 0.4296527 1.464745
v 0.5432423 0.4299896 1.476938
v 0.5404183 0.4361429 1.408298
v 0.6201436 0.4358731 1.397816
v 0.870796 1.207711 -0.994354
v 0.8782179 1.207368 -1.089738
v 0.8850918 1.353629 -1.085049
v 0.880757 1.354736 -0.9988765
v 0.2975655 0.7854916 1.301251
v 0.2902428 0.9469565 1.298853
v 0.1679874 0.9497272 1.31488
v 0.1677429 0.7843396 1.313025
v 0.03930374 0.7854916 1.335294
v 0.04517983 0.9477145 1.332712
v -1.072171 1.078242 1.103004
v -1.014433 1.425811 1.092318
v -1.017868 1.078225 1.11033
v -1.067909 1.429439 1.081632
v -1.125914 1.078542 1.080893
v -1.110146 1.938604 1.058618
v -1.188339 1.074564 1.038868
v -1.194607 1.937572 0.9934227
v -1.269519 0.8046402 0.9758394
v -1.156263 1.938583 1.028949
v -1.225352 0.811145 1.033447
v -1.203698 0.9337237 1.036073
v -1.278835 0.8070034 1.09173
v -1.335249 0.8009298 1.021228
v -1.231744 1.431259 0.9528943
v -1.225154 1.665495 0.9491715
v -1.242487 1.707931 0.901886
v -1.246817 1.937675 0.900667
v -1.254448 1.667691 0.850112
v -1.260061 1.939305 0.7926544
v -1.26056 1.430521 0.8586841
v -1.298217 0.7933719 0.7503523
v -1.231494 1.940988 0.6878458
v -1.201327 1.94066 0.6433051
v -1.30504 0.7970407 0.8755859
v -1.249626 1.427173 0.9102635
v -1.308475 0.793309 0.8125181
v -1.296923 0.7171792 0.9302318
v -1.310139 0.7113803 0.8776943
v -1.274093 0.7190051 0.9789842
v -1.166981 1.431672 0.6211401
v -1.160094 1.670528 0.618942
v -1.16539 1.943189 0.6011186
v -1.06977 1.672319 0.5686131
v -1.07002 1.943556 0.5501683
v -1.017405 1.945514 0.5365457
v -1.076847 1.431828 0.5703892
v -1.157182 0.795704 0.5717173
v -1.249715 0.7947787 0.6553239
v -1.284178 0.7085629 0.7007972
v -1.255033 0.709169 0.6552315
v -1.303918 0.7074252 0.7502657
v -1.106702 0.7235086 0.5506643
v -1.158154 0.7226492 0.5664139
v -1.048268 0.7269473 0.5370333
v -0.9892017 0.7308737 0.5330375
v -0.8687699 1.436316 0.5751997
v -1.010249 1.958665 1.138467
v -0.8980296 1.945417 1.07047
v -1.0069 1.942415 1.083423
v -0.8801674 1.962734 1.122652
v -0.766551 1.967293 1.057451
v -0.8480669 1.947556 1.047376
v -0.8021577 1.948639 1.017649
v -0.7348532 1.951319 0.9319774
v -0.6864291 1.970675 0.9545186
v -0.705752 1.952416 0.8279919
v -0.6514027 1.971466 0.8308394
v -0.6672843 1.970525 0.7037892
v -0.7190036 1.952039 0.7215027
v -0.7416638 1.951977 0.6712682
v -0.7729052 1.950706 0.6282488
v -0.7325337 1.96984 0.5901642
v -0.8578345 1.948072 0.5641904
v -0.8338562 1.965021 0.5155966
v -0.909982 1.948579 0.5422131
v -0.9626395 1.945467 0.5366836
v -0.9604121 1.964075 0.4785409
v -0.8980296 1.945417 1.07047
v -1.017474 1.702927 1.078962
v -1.0069 1.942415 1.083423
v -0.9635846 1.662331 1.078344
v -0.9601028 1.078252 1.112171
v -0.9614078 1.430211 1.088873
v -1.017868 1.078225 1.11033
v -1.014433 1.425811 1.092318
v -1.0069 1.942415 1.083423
v -1.017474 1.702927 1.078962
v -1.077588 1.658545 1.065919
v -1.0069 1.942415 1.083423
v -1.134972 1.955038 1.104982
v -1.010249 1.958665 1.138467
v -1.110146 1.938604 1.058618
v -1.234869 1.951797 1.029902
v -1.156263 1.938583 1.028949
v -1.194607 1.937572 0.9934227
v -1.296757 1.950706 0.9198541
v -1.246817 1.937675 0.900667
v -1.312175 1.951844 0.7912291
v -1.260061 1.939305 0.7926544
v -1.278363 1.953772 0.6661444
v -1.231494 1.940988 0.6878458
v -1.201327 1.94066 0.6433051
v -1.16539 1.943189 0.6011186
v -1.200914 1.957655 0.560921
v -1.087886 1.95936 0.4982629
v -1.07002 1.943556 0.5501683
v -1.017405 1.945514 0.5365457
v -0.8775647 1.671995 0.6106892
v -0.8137326 1.67145 0.6597421
v -0.7836459 1.677064 0.6368872
v -0.8668826 1.676204 0.5725539
v -0.8668826 1.676204 0.5725539
v -0.8687699 1.436316 0.5751997
v -0.8802817 1.442151 0.6116736
v -0.8775647 1.671995 0.6106892
v -0.9604121 1.964075 0.4785409
v -0.9789584 2.396564 0.7951497
v -1.087886 1.95936 0.4982629
v -1.200914 1.957655 0.560921
v -1.278363 1.953772 0.6661444
v -1.312175 1.951844 0.7912291
v -1.296757 1.950706 0.9198541
v -1.234869 1.951797 1.029902
v -1.134972 1.955038 1.104982
v -1.010249 1.958665 1.138467
v -0.9789584 2.396564 0.7951497
v -0.9604121 1.964075 0.4785409
v -0.8338562 1.965021 0.5155966
v -0.7325337 1.96984 0.5901642
v -0.6672843 1.970525 0.7037892
v -0.6514027 1.971466 0.8308394
v -0.6864291 1.970675 0.9545186
v -0.766551 1.967293 1.057451
v -0.8801674 1.962734 1.122652
v -1.010249 1.958665 1.138467
v -1.218995 1.664566 0.8523018
v -1.212261 1.433297 0.9005681
v -1.224658 1.437249 0.8581168
v -1.20911 1.694624 0.8880088
v -1.1999 1.435129 0.9353156
v -1.197406 1.662739 0.9254653
v -1.225154 1.665495 0.9491715
v -1.231744 1.431259 0.9528943
v -1.1999 1.435129 0.9353156
v -1.197406 1.662739 0.9254653
v -1.242487 1.707931 0.901886
v -1.225154 1.665495 0.9491715
v -1.197406 1.662739 0.9254653
v -1.20911 1.694624 0.8880088
v -0.8802817 1.442151 0.6116736
v -0.8166861 1.441733 0.6605881
v -0.8137326 1.67145 0.6597421
v -0.8775647 1.671995 0.6106892
v -0.7857712 1.435958 0.6377792
v -0.7836459 1.677064 0.6368872
v -0.8137326 1.67145 0.6597421
v -0.8166861 1.441733 0.6605881
v -1.017474 1.702927 1.078962
v -0.9635846 1.662331 1.078344
v -0.9740228 1.659251 1.04475
v -1.014731 1.689652 1.042654
v -0.9635846 1.662331 1.078344
v -0.9614078 1.430211 1.088873
v -0.9734068 1.437364 1.050901
v -0.9740228 1.659251 1.04475
v -0.8802817 1.442151 0.6116736
v -0.8687699 1.436316 0.5751997
v -0.7857712 1.435958 0.6377792
v -0.8166861 1.441733 0.6605881
v -1.014433 1.425811 1.092318
v -1.067909 1.429439 1.081632
v -1.054096 1.43757 1.04371
v -1.017026 1.434161 1.050311
v -0.9614078 1.430211 1.088873
v -1.014433 1.425811 1.092318
v -1.017026 1.434161 1.050311
v -0.9734068 1.437364 1.050901
v -1.133962 1.669161 0.6398083
v -1.061516 1.666834 0.6053523
v -1.06977 1.672319 0.5686131
v -1.160094 1.670528 0.618942
v -1.160094 1.670528 0.618942
v -1.166981 1.431672 0.6211401
v -1.138641 1.437737 0.6447138
v -1.133962 1.669161 0.6398083
v -0.730023 1.43625 0.8900172
v -0.7494479 1.432695 0.9367337
v -0.7831439 1.438699 0.92322
v -0.7666946 1.441423 0.8849414
v -0.7494479 1.432695 0.9367337
v -0.7771629 1.433935 0.9841945
v -0.8036571 1.440362 0.9560405
v -0.7831439 1.438699 0.92322
v -0.7771629 1.433935 0.9841945
v -0.7784576 1.671875 0.9761729
v -0.8051268 1.667288 0.9506947
v -0.8036571 1.440362 0.9560405
v -0.7784576 1.671875 0.9761729
v -0.7466972 1.71534 0.9329785
v -0.7836936 1.7012 0.9139305
v -0.8051268 1.667288 0.9506947
v -1.067909 1.429439 1.081632
v -1.077588 1.658545 1.065919
v -1.059854 1.657611 1.034898
v -1.054096 1.43757 1.04371
v -1.077588 1.658545 1.065919
v -1.017474 1.702927 1.078962
v -1.014731 1.689652 1.042654
v -1.059854 1.657611 1.034898
v -1.231744 1.431259 0.9528943
v -1.249626 1.427173 0.9102635
v -1.212261 1.433297 0.9005681
v -1.1999 1.435129 0.9353156
v -1.249626 1.427173 0.9102635
v -1.26056 1.430521 0.8586841
v -1.224658 1.437249 0.8581168
v -1.212261 1.433297 0.9005681
v -1.076847 1.431828 0.5703892
v -1.071587 1.441381 0.5986074
v -1.138641 1.437737 0.6447138
v -1.166981 1.431672 0.6211401
v -1.076847 1.431828 0.5703892
v -1.06977 1.672319 0.5686131
v -1.061516 1.666834 0.6053523
v -1.071587 1.441381 0.5986074
v -1.26056 1.430521 0.8586841
v -1.254448 1.667691 0.850112
v -1.218995 1.664566 0.8523018
v -1.224658 1.437249 0.8581168
v -1.254448 1.667691 0.850112
v -1.242487 1.707931 0.901886
v -1.20911 1.694624 0.8880088
v -1.218995 1.664566 0.8523018
v -0.7836936 1.7012 0.9139305
v -0.7649474 1.67149 0.8817696
v -0.7666946 1.441423 0.8849414
v -0.7831439 1.438699 0.92322
v -0.8051268 1.667288 0.9506947
v -0.8036571 1.440362 0.9560405
v -0.7282751 1.675041 0.8874341
v -0.730023 1.43625 0.8900172
v -0.7666946 1.441423 0.8849414
v -0.7649474 1.67149 0.8817696
v -0.7466972 1.71534 0.9329785
v -0.7282751 1.675041 0.8874341
v -0.7649474 1.67149 0.8817696
v -0.7836936 1.7012 0.9139305
v -1.071587 1.441381 0.5986074
v -1.061516 1.666834 0.6053523
v -1.133962 1.669161 0.6398083
v -1.138641 1.437737 0.6447138
v -1.014731 1.689652 1.042654
v -0.9740228 1.659251 1.04475
v -0.9734068 1.437364 1.050901
v -1.017026 1.434161 1.050311
v -1.059854 1.657611 1.034898
v -1.054096 1.43757 1.04371
v -0.9844154 0.6672946 0.4459683
v -0.9834396 0.7212558 0.456297
v -1.058131 0.7193887 0.4601034
v -1.061218 0.6632028 0.4500601
v -1.132309 0.716488 0.4756172
v -1.173598 0.663107 0.4854813
v -1.178975 0.7144217 0.4924169
v -0.9089871 0.6711978 0.4577147
v -0.9834396 0.7212558 0.456297
v -0.9844154 0.6672946 0.4459683
v -0.9095044 0.7241922 0.4674168
v -0.8373996 0.6721481 0.4836294
v -0.8392221 0.7270535 0.4932739
v -0.7748483 0.6683133 0.5185496
v -0.7760046 0.7274026 0.5312313
v -0.7215105 0.7284976 0.5810636
v -0.7716864 0.6036621 0.5233724
v -0.7152274 0.5374441 0.5751505
v -0.7681952 0.5414957 0.5269899
v -0.6704657 0.532496 0.6367817
v -0.6785475 0.729675 0.640149
v -0.6397079 0.5271603 0.7071313
v -0.6487933 0.7302414 0.7075917
v -0.6231355 0.5215961 0.7825555
v -0.6326541 0.7304385 0.7799464
v -0.6214311 0.5160306 0.860249
v -0.6308221 0.7305392 0.8543452
v -0.6347021 0.5106912 0.9370732
v -0.6434 0.7305765 0.927938
v -0.6592928 0.5111282 1.001458
v -0.6630787 0.6048923 1.006831
v -0.6645024 0.6700848 1.007123
v -0.6699734 0.7306399 1.004858
v -1.310139 0.7113803 0.8776943
v -1.389674 0.7023889 0.878463
v -1.38649 0.7808169 0.8780114
v -1.30504 0.7970407 0.8755859
v -1.255033 0.709169 0.6552315
v -1.311202 0.6991934 0.6020176
v -1.307477 0.7844189 0.6013449
v -1.249715 0.7947787 0.6553239
v -1.289524 0.7231021 1.09425
v -1.335249 0.8009298 1.021228
v -1.278835 0.8070034 1.09173
v -1.339599 0.7125223 1.022909
v -1.278835 0.8070034 1.09173
v -1.401963 0.5832306 0.8873423
v -1.371134 0.7076687 0.9558116
v -1.389674 0.7023889 0.878463
v -1.38649 0.7808169 0.8780114
v -1.225352 0.811145 1.033447
v -1.230711 1.078938 1.071591
v -1.203698 0.9337237 1.036073
v -1.188339 1.074564 1.038868
v -1.284968 1.228761 1.138496
v -1.225727 1.227634 1.077376
v -1.330294 1.226662 1.21416
v -1.259794 0.7925 0.5478203
v -1.382548 0.6915222 0.7403555
v -1.390997 0.7753274 0.8093058
v -1.35556 0.6962771 0.6665397
v -1.311202 0.6991934 0.6020176
v -1.383546 0.5866556 0.9610431
v -1.390997 0.7753274 0.8093058
v -1.401963 0.5832306 0.8873423
v -1.344651 0.3213412 1.092412
v -1.106702 0.7235086 0.5506643
v -1.158154 0.7226492 0.5664139
v -1.178975 0.7144217 0.4924169
v -1.132309 0.716488 0.4756172
v -1.048268 0.7269473 0.5370333
v -1.058131 0.7193887 0.4601034
v -0.9892017 0.7308737 0.5330375
v -0.9834396 0.7212558 0.456297
v -0.9295908 0.7323935 0.5438845
v -0.9095044 0.7241922 0.4674168
v -1.206411 0.8000357 0.6079554
v -1.249715 0.7947787 0.6553239
v -1.307477 0.7844189 0.6013449
v -1.259794 0.7925 0.5478203
v -1.157182 0.795704 0.5717173
v -1.232057 0.7930887 0.5317371
v -1.425311 0.7930722 0.4184253
v -1.372746 0.8026178 0.3365844
v -1.305215 0.8005316 0.3672556
v -1.338632 0.7952209 0.4644923
v -1.208147 0.7979648 0.4013005
v -1.185386 0.8002179 0.4946289
v -1.338632 0.7952209 0.4644923
v -1.242742 0.7990652 0.4903915
v -1.232057 0.7930887 0.5317371
v -1.157182 0.795704 0.5717173
v -0.809621 1.078889 1.040478
v -0.7583115 1.074993 0.9809434
v -0.7076529 1.079475 1.001786
v -0.7480452 1.083178 1.083779
v -0.7030998 1.228211 1.007839
v -0.8559758 1.078606 1.072206
v -0.9063064 1.078401 1.097452
v -0.742062 1.227274 1.086762
v -0.6870099 1.078298 1.126984
v -0.9601028 1.078252 1.112171
v -0.6870099 1.078298 1.126984
v -0.6348576 1.226749 1.168553
v -0.6295562 1.082574 1.174633
v -0.6825519 1.233199 1.119924
v -1.261015 1.081582 1.258463
v -1.378447 1.072724 1.305245
v -1.344858 1.077951 1.221359
v -1.300525 1.080223 1.40324
v -0.5542243 1.081676 1.303179
v -1.391328 1.076482 1.394418
v -1.170361 1.082639 1.139554
v -1.125914 1.078542 1.080893
v -1.072171 1.078242 1.103004
v -1.017868 1.078225 1.11033
v -0.9601028 1.078252 1.112171
v -0.6870099 1.078298 1.126984
v -0.6295562 1.082574 1.174633
v -0.6295562 1.082574 1.174633
v -1.218279 1.077541 1.197299
v -1.170361 1.082639 1.139554
v -0.5893118 1.077541 1.237471
v -0.5893118 1.077541 1.237471
v -1.261015 1.081582 1.258463
v -1.218279 1.077541 1.197299
v -0.5542243 1.081676 1.303179
v -0.5046304 1.073961 1.188003
v -0.4686792 1.077945 1.274073
v -0.5606256 1.078938 1.113869
v -0.6295562 1.082574 1.174633
v -0.5542243 1.081676 1.303179
v -0.5419583 1.076327 1.377717
v -1.300525 1.080223 1.40324
v -0.5356105 1.080096 1.452576
v -0.5356105 1.080096 1.452576
v -1.293775 1.074597 1.477964
v -1.300525 1.080223 1.40324
v -0.574001 1.078235 1.597517
v -0.574001 1.078235 1.597517
v -1.205603 1.07565 1.680418
v -1.280603 1.078151 1.551454
v -1.330958 1.068413 1.667079
v -1.36641 1.07426 1.584128
v -1.276829 1.07156 1.739016
v -0.574001 1.078235 1.597517
v -0.6173044 1.072337 1.658767
v -1.205603 1.07565 1.680418
v -0.6653326 1.075649 1.715865
v -0.6653326 1.075649 1.715865
v -1.14843 1.069691 1.728651
v -1.205603 1.07565 1.680418
v -0.7948439 1.073073 1.791629
v -0.574001 1.078235 1.597517
v -0.4578329 1.070896 1.551767
v -0.4911941 1.074344 1.635466
v -0.4447748 1.076421 1.462112
v -0.5356105 1.080096 1.452576
v -0.7948439 1.073073 1.791629
v -0.6653326 1.075649 1.715865
v -0.6076315 1.071458 1.787317
v -0.6799173 1.065352 1.841551
v -0.7627324 1.068388 1.877117
v -1.125914 1.078542 1.080893
v -1.170361 1.082639 1.139554
v -1.230711 1.078938 1.071591
v -1.188339 1.074564 1.038868
v -1.310139 0.7113803 0.8776943
v -1.371134 0.7076687 0.9558116
v -1.389674 0.7023889 0.878463
v -1.296923 0.7171792 0.9302318
v -1.339599 0.7125223 1.022909
v -1.274093 0.7190051 0.9789842
v -1.255033 0.709169 0.6552315
v -1.35556 0.6962771 0.6665397
v -1.311202 0.6991934 0.6020176
v -1.284178 0.7085629 0.7007972
v -1.382548 0.6915222 0.7403555
v -1.303918 0.7074252 0.7502657
v -1.663104 0.3629825 -0.2522642
v -1.755208 0.3144546 -0.07907381
v -1.715834 0.3540921 -0.1787934
v -1.775308 0.2236349 0.01575811
v -1.767162 0.2891421 -0.04540752
v -1.580394 0.7172626 -0.1229364
v -1.58564 0.8105521 -0.04538229
v -1.591508 0.7173837 -0.03918348
v -1.572006 0.8133456 -0.1205852
v -1.538199 0.7178311 -0.1910025
v -1.537065 0.8119256 -0.1848607
v -0.9846467 0.2318036 2.022441
v -0.8728372 0.275394 2.003813
v -0.9342331 0.2603396 2.014938
v -1.104462 6.103515E-07 2.059866
v -0.8127768 0.260426 1.997967
v -0.9493516 1.066374 1.90241
v -0.9391477 1.211581 1.887662
v -1.041687 1.062391 1.88941
v -0.7748483 0.6683133 0.5185496
v -0.8293068 0.6629882 0.4207926
v -0.7536966 0.6617255 0.4692193
v -0.8373996 0.6721481 0.4836294
v -0.9055356 0.6626358 0.3856801
v -0.9089871 0.6711978 0.4577147
v -1.061218 0.6632028 0.4500601
v -1.173598 0.663107 0.4854813
v -1.134222 0.6457834 0.3820089
v -1.07065 0.655397 0.3752308
v -0.9844154 0.6672946 0.4459683
v -0.9818214 0.6590683 0.3743083
v -0.9089871 0.6711978 0.4577147
v -0.9055356 0.6626358 0.3856801
v -0.9055151 0.6051828 0.3756913
v -0.988472 0.5958624 0.3000447
v -0.8958852 0.5985904 0.3162731
v -0.983386 0.6042007 0.3638732
v -1.076193 0.5961065 0.2977768
v -1.072973 0.6024863 0.3650338
v -1.130228 0.5995981 0.3743937
v -0.7514891 0.6041385 0.4637147
v -0.8086163 0.5999103 0.3508846
v -0.7257675 0.5986176 0.4101264
v -0.8277569 0.6075228 0.4114284
v -0.8958852 0.5985904 0.3162731
v -0.9055151 0.6051828 0.3756913
v -1.186429 0.6358456 -0.2596515
v -1.12707 0.6303192 -0.2621768
v -1.076193 0.5961065 0.2977768
v -1.130228 0.5995981 0.3743937
v -0.7514891 0.6041385 0.4637147
v -0.7536966 0.6617255 0.4692193
v -0.8293068 0.6629882 0.4207926
v -0.8277569 0.6075228 0.4114284
v -0.9055356 0.6626358 0.3856801
v -0.9055151 0.6051828 0.3756913
v -0.9818214 0.6590683 0.3743083
v -0.983386 0.6042007 0.3638732
v -1.072973 0.6024863 0.3650338
v -1.134222 0.6457834 0.3820089
v -1.130228 0.5995981 0.3743937
v -1.07065 0.655397 0.3752308
v -0.983386 0.6042007 0.3638732
v -0.9818214 0.6590683 0.3743083
v -1.076193 0.5961065 0.2977768
v -1.12707 0.6303192 -0.2621768
v -1.123574 0.6026138 -0.2674595
v -1.067418 0.5618234 0.2873839
v -0.7514891 0.6041385 0.4637147
v -0.7257675 0.5986176 0.4101264
v -0.7196013 0.5495977 0.4084415
v -0.7426767 0.5453842 0.4698233
v -0.7716864 0.6036621 0.5233724
v -0.7681952 0.5414957 0.5269899
v -0.7536966 0.6617255 0.4692193
v -0.7748483 0.6683133 0.5185496
v -1.607951 0.4408136 0.2877328
v -1.561874 0.6054865 0.2771238
v -1.52036 0.5994061 0.3460037
v -1.568166 0.4369037 0.3618244
v -1.52036 0.5994061 0.3460037
v -1.561874 0.6054865 0.2771238
v -1.599463 0.6106805 0.292154
v -1.551091 0.6054605 0.3709893
v -1.628771 0.4618045 -0.5529483
v -1.779597 0.4248334 -0.4548508
v -1.792243 0.3802667 -0.4557399
v -1.663612 3.051758E-07 -0.6183725
v -1.855737 3.051758E-07 -0.4974116
v -1.455966 3.051758E-07 -0.6735843
v -1.935981 0.3100677 -0.295082
v -1.922377 0.3594574 -0.2962692
v -1.999139 3.051758E-07 -0.3199019
v -2.018532 0.2219809 -0.09776311
v -2.003701 0.2810501 -0.1000811
v -2.07075 3.051758E-07 -0.1070669
v -2.0345 0.1636273 0.1169191
v -2.02512 0.2103818 0.09959827
v -2.074569 3.051758E-07 0.1171259
v -2.041805 0.09436127 0.2896029
v -2.029724 0.1478262 0.2670065
v -2.062657 3.051758E-07 0.2975608
v -2.03282 3.051758E-07 0.4695465
v -2.013136 0.08510651 0.4298661
v -1.473966 0.5303372 -0.6003629
v -1.616904 0.5044943 -0.5509665
v -1.357248 0.5773773 -0.6122407
v -1.448722 0.5668747 -0.6002585
v -1.386623 3.051758E-07 -0.6778721
v -1.386276 3.051758E-07 -0.6786358
v -1.337897 0.6339877 -0.6852404
v -1.767162 0.2891421 -0.04540752
v -1.775043 0.2287274 -0.04194593
v -2.018532 0.2219809 -0.09776311
v -2.003701 0.2810501 -0.1000811
v -1.765397 0.2174728 0.09858322
v -1.775524 0.1819696 0.1072901
v -2.0345 0.1636273 0.1169191
v -2.02512 0.2103818 0.09959827
v -1.734138 0.1704156 0.2386874
v -1.736302 0.09549957 0.2578534
v -2.041805 0.09436127 0.2896029
v -2.029724 0.1478262 0.2670065
v -1.411445 0.5695468 -0.390603
v -1.427965 0.5364773 -0.3963872
v -1.473966 0.5303372 -0.6003629
v -1.448722 0.5668747 -0.6002585
v -1.427965 0.5364773 -0.3963872
v -1.518223 0.5010818 -0.3560125
v -1.616904 0.5044943 -0.5509665
v -1.473966 0.5303372 -0.6003629
v -1.599463 0.6106805 0.292154
v -1.561874 0.6054865 0.2771238
v -1.607951 0.4408136 0.2877328
v -1.639732 0.4292129 0.2963153
v -1.518223 0.5010818 -0.3560125
v -1.531659 0.4624966 -0.3569416
v -1.628771 0.4618045 -0.5529483
v -1.616904 0.5044943 -0.5509665
v -1.322678 0.5823389 -0.4039474
v -1.357248 0.5773773 -0.6122407
v -1.337897 0.6339877 -0.6852404
v -1.304469 0.6006479 -0.3883148
v -1.531659 0.4624966 -0.3569416
v -1.618849 0.4319867 -0.2872414
v -1.779597 0.4248334 -0.4548508
v -1.628771 0.4618045 -0.5529483
v -1.618849 0.4319867 -0.2872414
v -1.630275 0.3910061 -0.2870959
v -1.792243 0.3802667 -0.4557399
v -1.779597 0.4248334 -0.4548508
v -1.715834 0.3540921 -0.1787934
v -1.727872 0.3057877 -0.1772651
v -1.935981 0.3100677 -0.295082
v -1.922377 0.3594574 -0.2962692
v -2.003701 0.2810501 -0.1000811
v -1.935981 0.3100677 -0.295082
v -1.727872 0.3057877 -0.1772651
v -1.755208 0.3144546 -0.07907381
v -1.767162 0.2891421 -0.04540752
v -2.02512 0.2103818 0.09959827
v -2.018532 0.2219809 -0.09776311
v -1.775043 0.2287274 -0.04194593
v -1.775308 0.2236349 0.01575811
v -1.765397 0.2174728 0.09858322
v -1.922377 0.3594574 -0.2962692
v -1.792243 0.3802667 -0.4557399
v -1.630275 0.3910061 -0.2870959
v -1.663104 0.3629825 -0.2522642
v -1.715834 0.3540921 -0.1787934
v -1.775524 0.1819696 0.1072901
v -1.734138 0.1704156 0.2386874
v -2.029724 0.1478262 0.2670065
v -2.0345 0.1636273 0.1169191
v -1.736302 0.09549957 0.2578534
v -1.694765 0.07935882 0.3894516
v -2.013136 0.08510651 0.4298661
v -2.041805 0.09436127 0.2896029
v -1.694765 0.07935882 0.3894516
v -1.691233 3.051758E-07 0.4252453
v -2.03282 3.051758E-07 0.4695465
v -2.013136 0.08510651 0.4298661
v -1.467899 0.7204184 -0.1368405
v -1.4679 0.8124246 -0.1314086
v -1.537065 0.8119256 -0.1848607
v -1.538199 0.7178311 -0.1910025
v -1.51704 0.7177871 0.1008484
v -1.51399 0.8110513 0.1044846
v -1.599224 0.8107367 0.1244443
v -1.605117 0.7183688 0.1186502
v -1.607772 0.7119076 0.03947525
v -1.523642 0.715773 0.04871886
v -1.591508 0.7173837 -0.03918348
v -1.517419 0.7194131 -0.01820309
v -1.211505 0.7070544 0.3978549
v -1.564033 0.7150714 0.2835434
v -1.48534 0.7158237 0.2294629
v -1.446747 0.7129019 0.2900162
v -1.521566 0.708082 0.3598883
v -1.487477 0.7150348 -0.2514236
v -1.467899 0.7204184 -0.1368405
v -1.538199 0.7178311 -0.1910025
v -1.37844 0.7224197 -0.2268001
v -1.422087 0.7204315 -0.2944108
v -1.319893 0.7192261 -0.2526084
v -1.260758 0.7132351 -0.2678711
v -1.211505 0.7070544 0.3978549
v -1.37844 0.7224197 -0.2268001
v -1.467899 0.7204184 -0.1368405
v -1.211505 0.7070544 0.3978549
v -1.51704 0.7177871 0.1008484
v -1.523642 0.715773 0.04871886
v -1.498068 0.7168255 0.1596613
v -1.48534 0.7158237 0.2294629
v -1.446747 0.7129019 0.2900162
v -1.381441 0.7133245 0.3353636
v -1.306582 0.7109469 0.364856
v -1.521566 0.708082 0.3598883
v -1.446747 0.7129019 0.2900162
v -1.381441 0.7133245 0.3353636
v -1.432201 0.7038254 0.4187669
v -1.591509 0.4247476 0.3865753
v -1.568166 0.4369037 0.3618244
v -1.52036 0.5994061 0.3460037
v -1.551091 0.6054605 0.3709893
v -1.381441 0.7133245 0.3353636
v -1.372746 0.8026178 0.3365844
v -1.425311 0.7930722 0.4184253
v -1.432201 0.7038254 0.4187669
v -1.347772 0.8103598 -0.3350259
v -1.369828 0.8129709 -0.2298159
v -1.412551 0.8139312 -0.2965826
v -1.318596 0.8114047 -0.2569087
v -1.271086 0.7997885 -0.3488992
v -1.260252 0.8101266 -0.2685648
v -1.582386 0.8118124 0.1989075
v -1.483584 0.8090457 0.2234753
v -1.561019 0.8054824 0.2763658
v -1.498422 0.8089947 0.1612429
v -1.599224 0.8107367 0.1244443
v -1.51399 0.8110513 0.1044846
v -1.298217 0.7933719 0.7503523
v -1.390997 0.7753274 0.8093058
v -1.38217 0.7762417 0.7436304
v -1.308475 0.793309 0.8125181
v -1.38649 0.7808169 0.8780114
v -1.30504 0.7970407 0.8755859
v -1.572006 0.8133456 -0.1205852
v -1.512449 0.8095865 -0.02451691
v -1.58564 0.8105521 -0.04538229
v -1.493707 0.8117343 -0.08030605
v -1.537065 0.8119256 -0.1848607
v -1.4679 0.8124246 -0.1314086
v -1.37844 0.7224197 -0.2268001
v -1.369828 0.8129709 -0.2298159
v -1.318596 0.8114047 -0.2569087
v -1.319893 0.7192261 -0.2526084
v -1.260252 0.8101266 -0.2685648
v -1.260758 0.7132351 -0.2678711
v -1.564033 0.7150714 0.2835434
v -1.561019 0.8054824 0.2763658
v -1.483584 0.8090457 0.2234753
v -1.48534 0.7158237 0.2294629
v -1.211505 0.7070544 0.3978549
v -1.208147 0.7979648 0.4013005
v -1.305215 0.8005316 0.3672556
v -1.306582 0.7109469 0.364856
v -1.372746 0.8026178 0.3365844
v -1.381441 0.7133245 0.3353636
v -1.517419 0.7194131 -0.01820309
v -1.512449 0.8095865 -0.02451691
v -1.493707 0.8117343 -0.08030605
v -1.492874 0.7166846 -0.0780822
v -1.4679 0.8124246 -0.1314086
v -1.467899 0.7204184 -0.1368405
v -1.422087 0.7204315 -0.2944108
v -1.412551 0.8139312 -0.2965826
v -1.369828 0.8129709 -0.2298159
v -1.37844 0.7224197 -0.2268001
v -1.591508 0.7173837 -0.03918348
v -1.58564 0.8105521 -0.04538229
v -1.512449 0.8095865 -0.02451691
v -1.517419 0.7194131 -0.01820309
v -1.498068 0.7168255 0.1596613
v -1.51399 0.8110513 0.1044846
v -1.51704 0.7177871 0.1008484
v -1.498422 0.8089947 0.1612429
v -1.48534 0.7158237 0.2294629
v -1.483584 0.8090457 0.2234753
v -1.253824 0.6351358 -0.2686866
v -1.19117 0.6718399 -0.2592714
v -1.252993 0.6754434 -0.266502
v -1.186429 0.6358456 -0.2596515
v -1.25369 0.6038736 -0.2720369
v -1.12707 0.6303192 -0.2621768
v -1.123574 0.6026138 -0.2674595
v -1.19117 0.6718399 -0.2592714
v -1.186429 0.6358456 -0.2596515
v -1.130228 0.5995981 0.3743937
v -1.134222 0.6457834 0.3820089
v -0.7196013 0.5495977 0.4084415
v -0.7257675 0.5986176 0.4101264
v -0.8086163 0.5999103 0.3508846
v -0.8053638 0.5552765 0.3421486
v -0.8958852 0.5985904 0.3162731
v -0.8944789 0.558721 0.3068537
v -0.988472 0.5958624 0.3000447
v -0.9892303 0.5608535 0.290286
v -1.076193 0.5961065 0.2977768
v -1.067418 0.5618234 0.2873839
v -1.639732 0.4292129 0.2963153
v -1.607951 0.4408136 0.2877328
v -1.568166 0.4369037 0.3618244
v -1.591509 0.4247476 0.3865753
v -1.327174 1.540771 -0.9193555
v -1.269609 1.811797 -0.8967913
v -1.273747 1.583108 -0.9103053
v -1.373882 1.811419 -0.9247731
v -1.409244 1.829668 -0.8521903
v -1.274595 1.829352 -0.8162664
v -1.51952 1.828568 -0.9371692
v -1.459632 1.812439 -0.9902371
v -1.605025 1.825368 -1.126228
v -1.400699 1.197397 -0.9132007
v -1.52646 1.811914 -1.136808
v -1.596056 1.827708 -1.26518
v -1.51916 1.812403 -1.24474
v -1.571363 1.82702 -1.330654
v -1.499923 1.811576 -1.295533
v -1.486456 1.828302 -1.441126
v -1.434124 1.813169 -1.38137
v -1.297761 1.828494 -1.526763
v -1.287616 1.813778 -1.447977
v -1.509532 1.582791 -1.091152
v -1.523019 1.541343 -1.143589
v -1.488482 1.537352 -1.043886
v -1.533468 1.302932 -1.147626
v -1.495193 1.1946 -0.9851758
v -1.499235 1.302613 -1.047023
v -1.560755 1.194326 -1.265128
v -1.555082 1.193252 -1.088302
v -1.521432 1.299534 -1.095712
v -1.539286 1.195473 -1.320773
v -1.434415 1.54041 -1.379062
v -1.390026 1.584094 -1.408898
v -1.345613 1.542486 -1.43118
v -1.353835 1.304038 -1.440894
v -1.442783 1.303316 -1.388224
v -1.305666 1.204867 -1.486719
v -1.629043 1.191866 -1.276878
v -1.645397 1.195367 -1.203929
v -1.418093 1.200653 -1.44919
v -1.399635 1.300435 -1.419571
v -1.564044 1.195088 -1.409008
v -1.516646 1.201761 -1.466368
v -1.723287 1.184173 -1.302011
v -1.736008 1.187627 -1.209841
v -1.688872 1.190561 -1.388107
v -1.606999 1.19774 -1.347904
v -1.453774 1.199663 -1.50667
v -1.502847 1.193978 -1.591044
v -1.576948 1.19554 -1.534855
v -1.417514 1.201797 -1.627503
v -1.387944 1.206823 -1.541559
v -1.034594 1.214166 -1.480133
v -1.187573 1.208946 -1.478257
v -1.095699 1.21675 -1.522627
v -0.9768658 1.220494 -1.432641
v -1.08151 1.212273 -1.425121
v -0.9795415 1.354521 -1.432514
v -1.029992 1.354596 -1.477276
v -1.086637 1.351344 -1.514112
v -0.9370259 1.216793 -1.369697
v -1.036375 1.213544 -1.381708
v -1.004122 1.214353 -1.336505
v -1.167208 1.209988 -1.545168
v -1.314411 1.204895 -1.554488
v -1.240178 1.212147 -1.561394
v -1.056213 1.214299 -1.604639
v -1.142399 1.206963 -1.639398
v -0.9025026 1.222097 -1.303747
v -0.9664716 1.214875 -1.225145
v -0.8166698 1.220739 -1.333424
v -0.8530278 1.215517 -1.418761
v -0.8892764 1.217469 -1.230591
v -0.8896588 1.365662 -1.226019
v -0.9036686 1.364118 -1.292022
v -0.8855618 1.36379 -1.1587
v -0.8824733 1.221729 -1.156203
v -0.9948694 1.212616 -1.051876
v -0.8983462 1.216091 -1.0836
v -0.9201379 1.219409 -1.012055
v -1.113948 1.207508 -0.9231707
v -1.00994 1.215388 -0.8931999
v -1.144468 1.206831 -0.8234504
v -1.286049 1.201205 -0.8830404
v -0.9661193 1.36321 -0.947807
v -0.929472 1.363386 -1.004493
v -1.010619 1.359743 -0.8972302
v -1.109208 1.207711 -0.7333567
v -1.023818 1.204831 -0.7694458
v -0.9498056 1.212395 -0.8252661
v -1.492284 1.19379 -0.8797467
v -1.431585 1.200218 -0.8368976
v -1.360319 1.197968 -0.8152957
v -1.549888 1.196709 -0.9270443
v -1.333597 1.303777 -0.9200476
v -1.281067 1.300461 -0.9114249
v -1.590149 1.191163 -0.990347
v -1.625353 1.195005 -1.056194
v -1.711182 1.187178 -1.02686
v -1.67438 1.183289 -0.9416202
v -1.618224 1.189285 -0.8673813
v -1.212967 1.203061 -0.806049
v -1.214564 1.353437 -0.8037605
v -1.148311 1.354333 -0.8176373
v -1.282053 1.34951 -0.7998329
v -1.287462 1.205002 -0.7988864
v -1.360319 1.197968 -0.8152957
v -1.385398 1.191847 -0.7214699
v -1.293322 1.199544 -0.7086149
v -1.471597 1.19363 -0.7556513
v -1.431585 1.200218 -0.8368976
v -1.273747 1.583108 -0.9103053
v -1.269609 1.811797 -0.8967913
v -1.223561 1.541627 -0.9130435
v -1.112584 1.813784 -0.9328811
v -1.274595 1.829352 -0.8162664
v -1.072278 1.829705 -0.863387
v -1.113948 1.207508 -0.9231707
v -1.229991 1.303603 -0.9137211
v -1.286049 1.201205 -0.8830404
v -1.281067 1.300461 -0.9114249
v -1.031254 1.813658 -1.004171
v -0.9677142 1.828477 -0.9554214
v -0.9837167 1.812951 -1.101354
v -0.9059716 1.829488 -1.080375
v -0.9764639 1.813768 -1.209224
v -0.8970463 1.829052 -1.219434
v -1.011318 1.812788 -1.311523
v -0.9416459 1.82896 -1.351325
v -1.082601 1.812927 -1.392682
v -1.033428 1.829691 -1.456037
v -1.179708 1.812554 -1.440673
v -1.158657 1.829105 -1.517896
v -1.287616 1.813778 -1.447977
v -1.297761 1.828494 -1.526763
v -1.305666 1.204867 -1.486719
v -1.187573 1.208946 -1.478257
v -1.016143 1.584642 -1.058764
v -1.044734 1.541512 -1.014204
v -1.046641 1.303592 -1.017292
v -1.016913 1.299323 -1.06197
v -0.9948694 1.212616 -1.051876
v -0.9997868 1.303936 -1.112681
v -0.9979869 1.540867 -1.109291
v -0.9664716 1.214875 -1.225145
v -1.004122 1.214353 -1.336505
v -1.057784 1.303911 -1.362775
v -1.036375 1.213544 -1.381708
v -1.054818 1.541258 -1.354045
v -1.095763 1.298952 -1.401058
v -1.08151 1.212273 -1.425121
v -1.093025 1.584187 -1.389278
v -1.142335 1.303509 -1.427775
v -1.139042 1.541323 -1.418759
v -1.373882 1.811419 -0.9247731
v -1.327174 1.540771 -0.9193555
v -1.333597 1.303777 -0.9200476
v -1.400699 1.197397 -0.9132007
v -1.539286 1.195473 -1.320773
v -1.629043 1.191866 -1.276878
v -1.606999 1.19774 -1.347904
v -1.564044 1.195088 -1.409008
v -1.563221 1.345492 -1.402561
v -1.600016 1.342261 -1.346095
v -1.518447 1.345903 -1.453063
v -1.516646 1.201761 -1.466368
v -1.555082 1.193252 -1.088302
v -1.638205 1.190487 -1.129832
v -1.645397 1.195367 -1.203929
v -1.625353 1.195005 -1.056194
v -0.9768658 1.220494 -1.432641
v -0.9093307 1.21865 -1.492729
v -0.8530278 1.215517 -1.418761
v -0.9370259 1.216793 -1.369697
v -0.8824733 1.221729 -1.156203
v -0.7919241 1.220288 -1.150582
v -0.8042445 1.214637 -1.058871
v -0.8983462 1.216091 -1.0836
v -0.8385716 1.217373 -0.9724255
v -0.9201379 1.219409 -1.012055
v -1.240178 1.212147 -1.561394
v -1.234506 1.208391 -1.652054
v -1.142399 1.206963 -1.639398
v -1.167208 1.209988 -1.545168
v -1.093025 1.584187 -1.389278
v -1.139042 1.541323 -1.418759
v -1.14994 1.538738 -1.382457
v -1.115512 1.57233 -1.359748
v -1.139042 1.541323 -1.418759
v -1.142335 1.303509 -1.427775
v -1.153267 1.309409 -1.390221
v -1.14994 1.538738 -1.382457
v -1.274595 1.829352 -0.8162664
v -1.409244 1.829668 -0.8521903
v -1.237499 2.293196 -1.159219
v -1.51952 1.828568 -0.9371692
v -1.605025 1.825368 -1.126228
v -1.25241 2.293232 -1.168495
v -1.596056 1.827708 -1.26518
v -1.251781 2.292788 -1.170178
v -1.571363 1.82702 -1.330654
v -1.249604 2.292776 -1.173011
v -1.237499 2.293196 -1.159219
v -1.486456 1.828302 -1.441126
v -1.244766 2.29267 -1.175209
v -1.297761 1.828494 -1.526763
v -1.072278 1.829705 -0.863387
v -1.274595 1.829352 -0.8162664
v -1.237499 2.293196 -1.159219
v -0.9677142 1.828477 -0.9554214
v -0.9059716 1.829488 -1.080375
v -0.8970463 1.829052 -1.219434
v -0.9416459 1.82896 -1.351325
v -1.033428 1.829691 -1.456037
v -1.237976 2.293994 -1.173378
v -1.158657 1.829105 -1.517896
v -1.241194 2.293206 -1.174969
v -1.297761 1.828494 -1.526763
v -1.244766 2.29267 -1.175209
v -1.241194 2.293206 -1.174969
v -1.237976 2.293994 -1.173378
v -1.237499 2.293196 -1.159219
v -1.244766 2.29267 -1.175209
v -1.486188 1.537922 -1.14172
v -1.48393 1.307594 -1.107263
v -1.495294 1.309167 -1.14543
v -1.473993 1.568468 -1.102687
v -1.469697 1.309077 -1.070038
v -1.460475 1.53887 -1.065964
v -1.488482 1.537352 -1.043886
v -1.499235 1.302613 -1.047023
v -1.469697 1.309077 -1.070038
v -1.460475 1.53887 -1.065964
v -1.509532 1.582791 -1.091152
v -1.488482 1.537352 -1.043886
v -1.460475 1.53887 -1.065964
v -1.473993 1.568468 -1.102687
v -1.115512 1.57233 -1.359748
v -1.14994 1.538738 -1.382457
v -1.153267 1.309409 -1.390221
v -1.120706 1.307961 -1.367075
v -1.0863 1.538603 -1.333598
v -1.08992 1.309661 -1.341554
v -1.057784 1.303911 -1.362775
v -1.054818 1.541258 -1.354045
v -1.0863 1.538603 -1.333598
v -1.08992 1.309661 -1.341554
v -1.054818 1.541258 -1.354045
v -1.093025 1.584187 -1.389278
v -1.115512 1.57233 -1.359748
v -1.0863 1.538603 -1.333598
v -1.273747 1.583108 -0.9103053
v -1.223561 1.541627 -0.9130435
v -1.230706 1.536694 -0.9460483
v -1.271461 1.569915 -0.9472998
v -1.223561 1.541627 -0.9130435
v -1.229991 1.303603 -0.9137211
v -1.238233 1.309436 -0.9481735
v -1.230706 1.536694 -0.9460483
v -1.095763 1.298952 -1.401058
v -1.057784 1.303911 -1.362775
v -1.08992 1.309661 -1.341554
v -1.120706 1.307961 -1.367075
v -1.142335 1.303509 -1.427775
v -1.095763 1.298952 -1.401058
v -1.120706 1.307961 -1.367075
v -1.153267 1.309409 -1.390221
v -1.281067 1.300461 -0.9114249
v -1.333597 1.303777 -0.9200476
v -1.317718 1.309908 -0.9533967
v -1.278145 1.307819 -0.9493594
v -1.229991 1.303603 -0.9137211
v -1.281067 1.300461 -0.9114249
v -1.278145 1.307819 -0.9493594
v -1.238233 1.309436 -0.9481735
v -1.390026 1.584094 -1.408898
v -1.434415 1.54041 -1.379062
v -1.405828 1.537335 -1.354727
v -1.372006 1.571194 -1.376728
v -1.434415 1.54041 -1.379062
v -1.442783 1.303316 -1.388224
v -1.41312 1.309295 -1.362983
v -1.405828 1.537335 -1.354727
v -0.9997868 1.303936 -1.112681
v -1.016913 1.299323 -1.06197
v -1.053586 1.309616 -1.082478
v -1.037294 1.30998 -1.11543
v -1.016913 1.299323 -1.06197
v -1.046641 1.303592 -1.017292
v -1.072531 1.310516 -1.042141
v -1.053586 1.309616 -1.082478
v -1.046641 1.303592 -1.017292
v -1.044734 1.541512 -1.014204
v -1.069992 1.538484 -1.04028
v -1.072531 1.310516 -1.042141
v -1.044734 1.541512 -1.014204
v -1.016143 1.584642 -1.058764
v -1.050333 1.570162 -1.074931
v -1.069992 1.538484 -1.04028
v -1.333597 1.303777 -0.9200476
v -1.327174 1.540771 -0.9193555
v -1.312083 1.538034 -0.9520124
v -1.317718 1.309908 -0.9533967
v -1.327174 1.540771 -0.9193555
v -1.273747 1.583108 -0.9103053
v -1.271461 1.569915 -0.9472998
v -1.312083 1.538034 -0.9520124
v -1.499235 1.302613 -1.047023
v -1.521432 1.299534 -1.095712
v -1.48393 1.307594 -1.107263
v -1.469697 1.309077 -1.070038
v -1.521432 1.299534 -1.095712
v -1.533468 1.302932 -1.147626
v -1.495294 1.309167 -1.14543
v -1.48393 1.307594 -1.107263
v -1.442783 1.303316 -1.388224
v -1.399635 1.300435 -1.419571
v -1.379565 1.308121 -1.384251
v -1.41312 1.309295 -1.362983
v -1.399635 1.300435 -1.419571
v -1.353835 1.304038 -1.440894
v -1.344367 1.310039 -1.402856
v -1.379565 1.308121 -1.384251
v -1.353835 1.304038 -1.440894
v -1.345613 1.542486 -1.43118
v -1.336665 1.537341 -1.394809
v -1.344367 1.310039 -1.402856
v -1.345613 1.542486 -1.43118
v -1.390026 1.584094 -1.408898
v -1.372006 1.571194 -1.376728
v -1.336665 1.537341 -1.394809
v -1.533468 1.302932 -1.147626
v -1.523019 1.541343 -1.143589
v -1.486188 1.537922 -1.14172
v -1.495294 1.309167 -1.14543
v -1.523019 1.541343 -1.143589
v -1.509532 1.582791 -1.091152
v -1.473993 1.568468 -1.102687
v -1.486188 1.537922 -1.14172
v -1.050333 1.570162 -1.074931
v -1.034705 1.53806 -1.112217
v -1.037294 1.30998 -1.11543
v -1.053586 1.309616 -1.082478
v -1.069992 1.538484 -1.04028
v -1.072531 1.310516 -1.042141
v -0.9979869 1.540867 -1.109291
v -0.9997868 1.303936 -1.112681
v -1.037294 1.30998 -1.11543
v -1.034705 1.53806 -1.112217
v -1.016143 1.584642 -1.058764
v -0.9979869 1.540867 -1.109291
v -1.034705 1.53806 -1.112217
v -1.050333 1.570162 -1.074931
v -1.372006 1.571194 -1.376728
v -1.405828 1.537335 -1.354727
v -1.41312 1.309295 -1.362983
v -1.379565 1.308121 -1.384251
v -1.336665 1.537341 -1.394809
v -1.344367 1.310039 -1.402856
v -1.271461 1.569915 -0.9472998
v -1.230706 1.536694 -0.9460483
v -1.238233 1.309436 -0.9481735
v -1.278145 1.307819 -0.9493594
v -1.312083 1.538034 -0.9520124
v -1.317718 1.309908 -0.9533967
v -1.382548 0.6915222 0.7403555
v -1.303918 0.7074252 0.7502657
v -1.298217 0.7933719 0.7503523
v -1.38217 0.7762417 0.7436304
v -1.339599 0.7125223 1.022909
v -1.274093 0.7190051 0.9789842
v -1.269519 0.8046402 0.9758394
v -1.335249 0.8009298 1.021228
v -1.818088 0.2774912 -1.144848
v -1.723261 0.2651285 -1.158588
v -1.73301 0.2285544 -1.240184
v -1.831005 0.2364243 -1.253826
v -1.712043 0.2285544 -1.081039
v -1.723261 0.2651285 -1.158588
v -1.818088 0.2774912 -1.144848
v -1.802639 0.2363113 -1.040676
v -1.287462 1.205002 -0.7988864
v -1.282053 1.34951 -0.7998329
v -1.287608 1.348692 -0.7127854
v -1.293322 1.199544 -0.7086149
v -1.471597 1.19363 -0.7556513
v -1.472505 1.341775 -0.7618592
v -1.435603 1.344397 -0.8403354
v -1.431585 1.200218 -0.8368976
v -1.549888 1.196709 -0.9270443
v -1.544178 1.340396 -0.9222848
v -1.608116 1.338499 -0.864069
v -1.618224 1.189285 -0.8673813
v -1.711182 1.187178 -1.02686
v -1.705363 1.336287 -1.030945
v -1.622733 1.339397 -1.059266
v -1.625353 1.195005 -1.056194
v -1.645397 1.195367 -1.203929
v -1.640832 1.339724 -1.192648
v -1.728042 1.336699 -1.198096
v -1.736008 1.187627 -1.209841
v -1.314411 1.204895 -1.554488
v -1.247881 1.356137 -1.551037
v -1.240178 1.212147 -1.561394
v -1.31527 1.355265 -1.546993
v -1.387944 1.206823 -1.541559
v -1.381286 1.351314 -1.533118
v -1.638205 1.190487 -1.129832
v -1.640832 1.339724 -1.192648
v -1.645397 1.195367 -1.203929
v -1.636765 1.340907 -1.125243
v -1.625353 1.195005 -1.056194
v -1.622733 1.339397 -1.059266
v -0.7968057 1.099051 -1.340868
v -0.8354388 1.091987 -1.427097
v -0.5971283 1.086011 -1.451247
v -0.5765068 1.086081 -1.298905
v -0.7788267 1.093884 -1.267829
v -1.516646 1.201761 -1.466368
v -1.518447 1.345903 -1.453063
v -1.576522 1.344343 -1.518731
v -1.576948 1.19554 -1.534855
v -1.431585 1.200218 -0.8368976
v -1.435603 1.344397 -0.8403354
v -1.491961 1.344198 -0.8769542
v -1.492284 1.19379 -0.8797467
v -1.544178 1.340396 -0.9222848
v -1.549888 1.196709 -0.9270443
v -1.240178 1.212147 -1.561394
v -1.247881 1.356137 -1.551037
v -1.242533 1.356958 -1.638149
v -1.234506 1.208391 -1.652054
v -0.9768658 1.220494 -1.432641
v -0.9795415 1.354521 -1.432514
v -0.9142721 1.357241 -1.490458
v -0.9093307 1.21865 -1.492729
v -1.056213 1.214299 -1.604639
v -1.048483 1.353259 -1.592723
v -1.086637 1.351344 -1.514112
v -1.095699 1.21675 -1.522627
v -0.8166698 1.220739 -1.333424
v -0.8211679 1.367229 -1.320347
v -0.9036686 1.364118 -1.292022
v -0.9025026 1.222097 -1.303747
v -0.8824733 1.221729 -1.156203
v -0.8855618 1.36379 -1.1587
v -0.7984634 1.366819 -1.153265
v -0.7919241 1.220288 -1.150582
v -0.8385716 1.217373 -0.9724255
v -0.8510455 1.36587 -0.9661533
v -0.929472 1.363386 -1.004493
v -0.9201379 1.219409 -1.012055
v -1.00994 1.215388 -0.8931999
v -1.010619 1.359743 -0.8972302
v -0.9542804 1.360483 -0.831195
v -0.9498056 1.212395 -0.8252661
v -1.148311 1.354333 -0.8176373
v -1.120001 1.354736 -0.7351434
v -1.202577 1.353219 -0.7144358
v -1.214564 1.353437 -0.8037605
v -1.287608 1.348692 -0.7127854
v -1.282053 1.34951 -0.7998329
v -1.622733 1.339397 -1.059266
v -1.705363 1.336287 -1.030945
v -1.726234 1.337677 -1.113184
v -1.636765 1.340907 -1.125243
v -1.728042 1.336699 -1.198096
v -1.640832 1.339724 -1.192648
v -1.435603 1.344397 -0.8403354
v -1.472505 1.341775 -0.7618592
v -1.546937 1.341754 -0.8051554
v -1.491961 1.344198 -0.8769542
v -1.608116 1.338499 -0.864069
v -1.544178 1.340396 -0.9222848
v -1.563221 1.345492 -1.402561
v -1.576522 1.344343 -1.518731
v -1.518447 1.345903 -1.453063
v -1.63543 1.343358 -1.457577
v -1.600016 1.342261 -1.346095
v -1.678755 1.33978 -1.38466
v -1.31527 1.355265 -1.546993
v -1.242533 1.356958 -1.638149
v -1.247881 1.356137 -1.551037
v -1.327413 1.355487 -1.636391
v -1.381286 1.351314 -1.533118
v -1.409702 1.350913 -1.615702
v -1.086637 1.351344 -1.514112
v -1.048483 1.353259 -1.592723
v -0.9754056 1.357042 -1.549338
v -1.029992 1.354596 -1.477276
v -0.9142721 1.357241 -1.490458
v -0.9795415 1.354521 -1.432514
v -0.8896588 1.365662 -1.226019
v -0.7984634 1.366819 -1.153265
v -0.8855618 1.36379 -1.1587
v -0.8003198 1.368896 -1.238098
v -0.9036686 1.364118 -1.292022
v -0.8211679 1.367229 -1.320347
v -0.9661193 1.36321 -0.947807
v -0.9542804 1.360483 -0.831195
v -1.010619 1.359743 -0.8972302
v -0.8941919 1.365348 -0.8930233
v -0.929472 1.363386 -1.004493
v -0.8510455 1.36587 -0.9661533
v -1.688872 1.190561 -1.388107
v -1.678755 1.33978 -1.38466
v -1.600016 1.342261 -1.346095
v -1.606999 1.19774 -1.347904
v -1.417514 1.201797 -1.627503
v -1.409702 1.350913 -1.615702
v -1.381286 1.351314 -1.533118
v -1.387944 1.206823 -1.541559
v -1.507482 3.051758E-07 -1.743705
v -1.467231 3.051758E-07 -1.652789
v -1.434163 0.2285544 -1.629797
v -1.470106 0.2367456 -1.722008
v -1.263427 0.2367441 -1.749275
v -1.275015 0.2285544 -1.650788
v -1.271627 3.051758E-07 -1.678573
v -1.256318 3.051758E-07 -1.776815
v -1.364506 0.277492 -1.736243
v -1.35304 0.2651291 -1.641239
v -1.275015 0.2285544 -1.650788
v -1.263427 0.2367441 -1.749275
v -1.826062 3.051758E-07 -1.029228
v -1.735883 3.051758E-07 -1.072745
v -1.712043 0.2285544 -1.081039
v -1.802639 0.2363113 -1.040676
v -1.831005 0.2364243 -1.253826
v -1.73301 0.2285544 -1.240184
v -1.761626 3.051758E-07 -1.268036
v -1.860147 3.051758E-07 -1.285833
v -1.35304 0.2651291 -1.641239
v -1.434163 0.2285544 -1.629797
v -1.467231 3.051758E-07 -1.652789
v -1.369869 3.051758E-07 -1.66902
v -1.271627 3.051758E-07 -1.678573
v -1.275015 0.2285544 -1.650788
v -1.35304 0.2651291 -1.641239
v -1.364506 0.277492 -1.736243
v -1.470106 0.2367456 -1.722008
v -1.434163 0.2285544 -1.629797
v -1.723261 0.2651285 -1.158588
v -1.761626 3.051758E-07 -1.268036
v -1.73301 0.2285544 -1.240184
v -1.75208 3.051758E-07 -1.169949
v -1.735883 3.051758E-07 -1.072745
v -1.712043 0.2285544 -1.081039
v -0.3336813 0.9190854 -1.492674
v -0.3260065 1.086013 -1.48694
v -0.3061711 1.086013 -1.336344
v -0.312897 0.9235345 -1.334953
v -0.5715898 0.9235345 -1.300867
v -0.5765068 1.086081 -1.298905
v -0.5971283 1.086011 -1.451247
v -0.5929947 0.9191525 -1.458517
v -0.7730052 0.9230222 -1.26831
v -0.7788267 1.093884 -1.267829
v -0.5765068 1.086081 -1.298905
v -0.5715898 0.9235345 -1.300867
v -0.3228073 0.254697 -1.348065
v -0.2851453 0.3235965 -1.343731
v -0.3169443 0.350083 -1.560196
v -0.3626697 0.2711703 -1.587894
v -0.400463 3.051758E-07 -1.646701
v -0.3563101 3.051758E-07 -1.379513
v -0.3228073 0.254697 -1.348065
v -0.3626697 0.2711703 -1.587894
v -0.5498649 0.7615091 -1.48374
v -0.5955563 0.8034527 -1.472424
v -0.5915316 0.7892569 -1.424001
v -0.5494908 0.7588791 -1.432428
v -0.5535925 0.5742633 -1.440529
v -0.5562456 0.5681635 -1.508372
v -0.5498649 0.7615091 -1.48374
v -0.5494908 0.7588791 -1.432428
v -0.5955563 0.8034527 -1.472424
v -0.64362 0.7615091 -1.47144
v -0.6307089 0.7588791 -1.421728
v -0.5915316 0.7892569 -1.424001
v -0.6307089 0.7588791 -1.421728
v -0.64362 0.7615091 -1.47144
v -0.6488928 0.5681635 -1.49622
v -0.6329291 0.5742633 -1.430081
v -0.6329291 0.5742633 -1.430081
v -0.5915316 0.7892569 -1.424001
v -0.6307089 0.7588791 -1.421728
v -0.5535925 0.5742633 -1.440529
v -0.5494908 0.7588791 -1.432428
v -0.6488928 0.5681635 -1.49622
v -0.5562456 0.5681635 -1.508372
v -0.5535925 0.5742633 -1.440529
v -0.6329291 0.5742633 -1.430081
v -1.386522 0.2641794 1.530761
v -1.482608 0.2766751 1.541696
v -1.477914 0.2614743 1.604066
v -1.380895 0.2481277 1.584633
v -1.477914 0.2614743 1.604066
v -1.472399 0.2327121 1.655035
v -1.379618 0.2275647 1.615423
v -1.380895 0.2481277 1.584633
v -1.282925 0.4799264 1.760671
v -1.261073 0.6885995 1.737496
v -1.197837 0.6879776 1.796701
v -1.216219 0.479559 1.822671
v -0.4300175 0.9503741 1.385996
v -0.2265231 0.9459711 1.365705
v -0.4282541 0.9549792 1.462469
v -0.2064502 0.9453143 1.519842
v -0.4451042 0.9500332 1.55906
v -0.8078952 0.2268973 1.900092
v -0.7963751 6.103515E-07 1.938301
v -0.8965082 6.103515E-07 1.952894
v -0.8352368 0.2472324 1.901931
v -0.8870389 0.2630804 1.908852
v -0.9405838 0.2471701 1.916928
v -0.9981554 6.103515E-07 1.968341
v -0.9705617 0.2267108 1.923417
v -0.5973222 0.7151092 1.817429
v -0.5295102 0.7182345 1.746362
v -0.5951721 0.7071487 1.697864
v -0.6541702 0.7048871 1.759904
v -1.230711 1.078938 1.071591
v -1.170361 1.082639 1.139554
v -1.167759 1.226682 1.142942
v -1.225727 1.227634 1.077376
v -1.261015 1.081582 1.258463
v -1.344858 1.077951 1.221359
v -1.330294 1.226662 1.21416
v -1.249921 1.225748 1.250044
v -1.391328 1.076482 1.394418
v -1.300525 1.080223 1.40324
v -1.291502 1.224074 1.404391
v -1.379035 1.225013 1.395756
v -0.9431425 1.071552 1.81123
v -0.8657116 1.216068 1.796139
v -0.9333262 1.213752 1.800056
v -0.8687308 1.067367 1.804508
v -0.7994534 1.215931 1.782332
v -0.7948439 1.073073 1.791629
v -1.280603 1.078151 1.551454
v -1.36641 1.07426 1.584128
v -1.356219 1.222819 1.569441
v -1.273913 1.222122 1.538259
v -1.276829 1.07156 1.739016
v -1.205603 1.07565 1.680418
v -1.193984 1.219145 1.675967
v -1.262241 1.21967 1.732025
v -1.087162 1.072979 1.771541
v -1.125176 1.068291 1.855599
v -1.123403 1.215976 1.838783
v -1.087008 1.216197 1.758267
v -0.9493516 1.066374 1.90241
v -0.9431425 1.071552 1.81123
v -0.9333262 1.213752 1.800056
v -0.9391477 1.211581 1.887662
v -0.7948439 1.073073 1.791629
v -0.7627324 1.068388 1.877117
v -0.7684158 1.215827 1.86468
v -0.7994534 1.215931 1.782332
v -0.6173044 1.072337 1.658767
v -0.574001 1.078235 1.597517
v -0.5790637 1.221915 1.594953
v -0.6161236 1.222243 1.651506
v -0.6653326 1.075649 1.715865
v -0.6612097 1.219402 1.702063
v -0.6076315 1.071458 1.787317
v -0.6653326 1.075649 1.715865
v -0.6612097 1.219402 1.702063
v -0.6056424 1.219792 1.77044
v -0.574001 1.078235 1.597517
v -0.4911941 1.074344 1.635466
v -0.4990371 1.222726 1.63141
v -0.5790637 1.221915 1.594953
v -0.5419583 1.076327 1.377717
v -0.5542243 1.081676 1.303179
v -0.5550076 1.22564 1.306002
v -0.541383 1.22651 1.372655
v -0.5356105 1.080096 1.452576
v -0.5377182 1.224231 1.44064
v -1.14843 1.069691 1.728651
v -1.087162 1.072979 1.771541
v -1.087008 1.216197 1.758267
v -1.143466 1.219228 1.720957
v -1.205603 1.07565 1.680418
v -1.193984 1.219145 1.675967
v -0.5542243 1.081676 1.303179
v -0.4686792 1.077945 1.274073
v -0.4721841 1.226593 1.277844
v -0.5550076 1.22564 1.306002
v -0.5606256 1.078938 1.113869
v -0.6295562 1.082574 1.174633
v -0.6348576 1.226749 1.168553
v -0.5688339 1.227686 1.11032
v -1.167759 1.226682 1.142942
v -1.212791 1.22778 1.19339
v -1.284968 1.228761 1.138496
v -1.225727 1.227634 1.077376
v -1.212791 1.22778 1.19339
v -1.249921 1.225748 1.250044
v -1.330294 1.226662 1.21416
v -1.284968 1.228761 1.138496
v -1.291502 1.224074 1.404391
v -1.377424 1.225545 1.483835
v -1.379035 1.225013 1.395756
v -1.287663 1.224681 1.471938
v -1.356219 1.222819 1.569441
v -1.273913 1.222122 1.538259
v -1.193984 1.219145 1.675967
v -1.198925 1.219448 1.793339
v -1.262241 1.21967 1.732025
v -1.143466 1.219228 1.720957
v -1.123403 1.215976 1.838783
v -1.087008 1.216197 1.758267
v -0.9333262 1.213752 1.800056
v -0.8539456 1.215238 1.886002
v -0.9391477 1.211581 1.887662
v -0.8657116 1.216068 1.796139
v -0.7684158 1.215827 1.86468
v -0.7994534 1.215931 1.782332
v -0.6612097 1.219402 1.702063
v -0.5443054 1.222893 1.707011
v -0.6056424 1.219792 1.77044
v -0.6161236 1.222243 1.651506
v -0.4990371 1.222726 1.63141
v -0.5790637 1.221915 1.594953
v -0.5377182 1.224231 1.44064
v -0.451773 1.227467 1.360943
v -0.4503502 1.22508 1.449573
v -0.541383 1.22651 1.372655
v -0.4721841 1.226593 1.277844
v -0.5550076 1.22564 1.306002
v -0.6348576 1.226749 1.168553
v -0.6825519 1.233199 1.119924
v -0.6299788 1.229541 1.051288
v -0.5688339 1.227686 1.11032
v -0.6825519 1.233199 1.119924
v -0.742062 1.227274 1.086762
v -0.7030998 1.228211 1.007839
v -0.6299788 1.229541 1.051288
v -0.4447748 1.076421 1.462112
v -0.5356105 1.080096 1.452576
v -0.5377182 1.224231 1.44064
v -0.4503502 1.22508 1.449573
v -1.218279 1.077541 1.197299
v -1.261015 1.081582 1.258463
v -1.249921 1.225748 1.250044
v -1.212791 1.22778 1.19339
v -1.170361 1.082639 1.139554
v -1.167759 1.226682 1.142942
v -1.30372 0.6975714 1.774026
v -1.234164 0.6969379 1.840079
v -1.197837 0.6879776 1.796701
v -1.261073 0.6885995 1.737496
v -1.300525 1.080223 1.40324
v -1.287663 1.224681 1.471938
v -1.291502 1.224074 1.404391
v -1.293775 1.074597 1.477964
v -1.273913 1.222122 1.538259
v -1.280603 1.078151 1.551454
v -0.766607 0.2319064 1.991534
v -0.7505986 3.051758E-07 2.03472
v -0.7963751 6.103515E-07 1.938301
v -0.8078952 0.2268973 1.900092
v -0.8127768 0.260426 1.997967
v -0.766607 0.2319064 1.991534
v -0.8078952 0.2268973 1.900092
v -0.8352368 0.2472324 1.901931
v -0.8870389 0.2630804 1.908852
v -0.8728372 0.275394 2.003813
v -0.8127768 0.260426 1.997967
v -0.8352368 0.2472324 1.901931
v -1.014893 6.103515E-07 2.073396
v -0.9846467 0.2318036 2.022441
v -0.9705617 0.2267108 1.923417
v -0.9981554 6.103515E-07 1.968341
v -1.499864 0.2330496 1.436465
v -1.493326 0.261719 1.482323
v -1.394089 0.2483362 1.479226
v -1.399896 0.227955 1.452653
v -1.394089 0.2483362 1.479226
v -1.493326 0.261719 1.482323
v -1.482608 0.2766751 1.541696
v -1.386522 0.2641794 1.530761
v -1.399896 0.227955 1.452653
v -1.394089 0.2483362 1.479226
v -1.386522 0.2641794 1.530761
v -1.44191 6.103515E-07 1.453505
v -1.427467 6.103515E-07 1.554841
v -1.379618 0.2275647 1.615423
v -1.41727 6.103515E-07 1.65633
v -1.380895 0.2481277 1.584633
v -1.472399 0.2327121 1.655035
v -1.519828 6.103515E-07 1.70079
v -1.41727 6.103515E-07 1.65633
v -1.379618 0.2275647 1.615423
v -1.55247 6.103515E-07 1.435781
v -1.499864 0.2330496 1.436465
v -1.399896 0.227955 1.452653
v -1.44191 6.103515E-07 1.453505
v -0.9846467 0.2318036 2.022441
v -0.9342331 0.2603396 2.014938
v -0.9405838 0.2471701 1.916928
v -0.9705617 0.2267108 1.923417
v -0.9405838 0.2471701 1.916928
v -0.9342331 0.2603396 2.014938
v -0.8728372 0.275394 2.003813
v -0.8870389 0.2630804 1.908852
v -0.223542 0.7849069 1.367446
v -0.2005266 0.7805963 1.526868
v -0.2064502 0.9453143 1.519842
v -0.2265231 0.9459711 1.365705
v 0.02941543 6.103515E-07 1.613065
v 0.05336853 0.2714761 1.56667
v 0.03236351 0.2547259 1.34636
v 0.00833725 6.103515E-07 1.386812
v 0.03236351 0.2547259 1.34636
v 0.05336853 0.2714761 1.56667
v 0.09274811 0.3501053 1.549505
v 0.06756835 0.3235965 1.332059
v 0.06277023 0.7819159 1.494749
v 0.03930374 0.7854916 1.335294
v 0.04517983 0.9477145 1.332712
v 0.06512894 0.9474432 1.483962
v -0.4247997 0.7822784 1.387785
v -0.223542 0.7849069 1.367446
v -0.2265231 0.9459711 1.365705
v -0.4300175 0.9503741 1.385996
v -0.5295102 0.7182345 1.746362
v -0.5265469 0.4906204 1.770389
v -0.590289 0.4927054 1.718161
v -0.5951721 0.7071487 1.697864
v -0.5938359 0.490191 1.843668
v -0.5973222 0.7151092 1.817429
v -0.6541702 0.7048871 1.759904
v -0.651159 0.492287 1.783965
v -1.234164 0.6969379 1.840079
v -1.253855 0.476236 1.868108
v -1.216219 0.479559 1.822671
v -1.197837 0.6879776 1.796701
v -1.327456 0.4766043 1.799143
v -1.30372 0.6975714 1.774026
v -1.261073 0.6885995 1.737496
v -1.282925 0.4799264 1.760671
v -0.1675147 0.4361429 1.501615
v -0.2058182 0.6579245 1.498022
v -0.1657003 0.6200507 1.4914
v -0.247233 0.4358731 1.512151
v -0.2472793 0.6195633 1.502187
v -0.1998077 0.6672274 1.543344
v -0.2058182 0.6579245 1.498022
v -0.2472793 0.6195633 1.502187
v -0.2469067 0.6220565 1.554063
v -0.2472793 0.6195633 1.502187
v -0.247233 0.4358731 1.512151
v -0.2455667 0.4296527 1.581
v -0.2469067 0.6220565 1.554063
v -0.1675147 0.4361429 1.501615
v -0.1657003 0.6200507 1.4914
v -0.1527322 0.622615 1.541556
v -0.1524556 0.4299896 1.568642
v -0.1527322 0.622615 1.541556
v -0.1657003 0.6200507 1.4914
v -0.2058182 0.6579245 1.498022
v -0.1998077 0.6672274 1.543344
v -0.651159 0.492287 1.783965
v -0.6541702 0.7048871 1.759904
v -0.5951721 0.7071487 1.697864
v -0.590289 0.4927054 1.718161
v -1.253855 0.476236 1.868108
v -1.327456 0.4766043 1.799143
v -1.282925 0.4799264 1.760671
v -1.216219 0.479559 1.822671
v -0.5265469 0.4906204 1.770389
v -0.5938359 0.490191 1.843668
v -0.651159 0.492287 1.783965
v -0.590289 0.4927054 1.718161
v -0.2455667 0.4296527 1.581
v -0.247233 0.4358731 1.512151
v -0.1675147 0.4361429 1.501615
v -0.1524556 0.4299896 1.568642
v -1.109208 1.207711 -0.7333567
v -1.120001 1.354736 -0.7351434
v -1.148311 1.354333 -0.8176373
v -1.144468 1.206831 -0.8234504
vt 0.5874023 0.9155273
vt 0.5874023 0.9189453
vt 0.5864258 0.9189453
vt 0.5888672 0.9189453
vt 0.5893555 0.9155273
vt 0.5893555 0.9189453
vt 0.5869141 0.9155273
vt 0.5869141 0.9189453
vt 0.5859375 0.9189453
vt 0.5942383 0.9155273
vt 0.5942383 0.9189453
vt 0.5947266 0.9189453
vt 0.5957031 0.9189453
vt 0.5957031 0.9155273
vt 0.5961914 0.9189453
vt 0.5947266 0.9155273
vt 0.5952148 0.9189453
vt 0.5947266 0.9189453
vt 0.5869141 0.9155273
vt 0.5859375 0.9189453
vt 0.5869141 0.9189453
vt 0.590332 0.9155273
vt 0.590332 0.9189453
vt 0.590332 0.9189453
vt 0.5922852 0.9189453
vt 0.5922852 0.9155273
vt 0.5927734 0.9189453
vt 0.597168 0.9189453
vt 0.5961914 0.9155273
vt 0.5966797 0.9189453
vt 0.5913086 0.9155273
vt 0.5908203 0.9189453
vt 0.5908203 0.9189453
vt 0.5878906 0.9189453
vt 0.5878906 0.9155273
vt 0.5869141 0.9189453
vt 0.5957031 0.9155273
vt 0.5961914 0.9189453
vt 0.5966797 0.9189453
vt 0.5966797 0.9189453
vt 0.5966797 0.9155273
vt 0.5976563 0.9189453
vt 0.5932617 0.9189453
vt 0.5927734 0.9155273
vt 0.5932617 0.9189453
vt 0.5883789 0.9189453
vt 0.5888672 0.9189453
vt 0.5888672 0.9155273
vt 0.5830078 0.8945313
vt 0.5834961 0.8974609
vt 0.5830078 0.8945313
vt 0.7109375 0.8959961
vt 0.7114258 0.8950195
vt 0.7109375 0.8955078
vt 0.7050781 0.8989258
vt 0.706543 0.8989258
vt 0.7045898 0.8984375
vt 0.5952148 0.8867188
vt 0.5952148 0.8862305
vt 0.5942383 0.8862305
vt 0.590332 0.9072266
vt 0.5898438 0.9160156
vt 0.5898438 0.9160156
vt 0.5898438 0.9223633
vt 0.590332 0.9223633
vt 0.5898438 0.9072266
vt 0.5893555 0.9189453
vt 0.5888672 0.9223633
vt 0.5893555 0.9160156
vt 0.5888672 0.9194336
vt 0.5883789 0.9189453
vt 0.5883789 0.9160156
vt 0.5878906 0.9223633
vt 0.5893555 0.9072266
vt 0.5888672 0.9072266
vt 0.5883789 0.9072266
vt 0.5878906 0.9072266
vt 0.5874023 0.9072266
vt 0.5874023 0.9223633
vt 0.5869141 0.9072266
vt 0.5864258 0.9072266
vt 0.5864258 0.9223633
vt 0.5869141 0.9223633
vt 0.5859375 0.9072266
vt 0.5849609 0.9082031
vt 0.5849609 0.9072266
vt 0.5849609 0.9116211
vt 0.5859375 0.9160156
vt 0.5859375 0.9189453
vt 0.5859375 0.9223633
vt 0.5849609 0.9160156
vt 0.5849609 0.9189453
vt 0.5849609 0.9223633
vt 0.5844727 0.9223633
vt 0.5844727 0.9116211
vt 0.5844727 0.9116211
vt 0.5844727 0.9116211
vt 0.5844727 0.9189453
vt 0.5844727 0.9223633
vt 0.590332 0.9223633
vt 0.5898438 0.9223633
vt 0.5898438 0.9223633
vt 0.5883789 0.9160156
vt 0.5893555 0.9160156
vt 0.5888672 0.9160156
vt 0.5874023 0.9160156
vt 0.5864258 0.9160156
vt 0.5869141 0.9160156
vt 0.590332 0.9072266
vt 0.590332 0.9072266
vt 0.5898438 0.9072266
vt 0.5908203 0.9052734
vt 0.5908203 0.9072266
vt 0.5908203 0.90625
vt 0.5917969 0.9082031
vt 0.5913086 0.9082031
vt 0.5908203 0.9082031
vt 0.5810547 0.9116211
vt 0.5805664 0.9116211
vt 0.581543 0.9116211
vt 0.5771484 0.9111328
vt 0.5771484 0.9116211
vt 0.5776367 0.9116211
vt 0.5996094 0.902832
vt 0.6000977 0.9042969
vt 0.5996094 0.9033203
vt 0.5981445 0.9018555
vt 0.5991211 0.9023438
vt 0.5991211 0.9018555
vt 0.5996094 0.902832
vt 0.5991211 0.9023438
vt 0.5981445 0.9018555
vt 0.5996094 0.9033203
vt 0.6000977 0.9042969
vt 0.6000977 0.9038086
vt 0.5996094 0.902832
vt 0.5996094 0.902832
vt 0.5996094 0.9072266
vt 0.5996094 0.9082031
vt 0.5996094 0.9082031
vt 0.5825195 0.9042969
vt 0.5820313 0.9042969
vt 0.581543 0.9042969
vt 0.5820313 0.9042969
vt 0.581543 0.9042969
vt 0.581543 0.9042969
vt 0.5839844 0.9042969
vt 0.5849609 0.9042969
vt 0.5844727 0.9042969
vt 0.6000977 0.90625
vt 0.5952148 0.9057617
vt 0.5966797 0.9057617
vt 0.5966797 0.9057617
vt 0.5966797 0.9057617
vt 0.5996094 0.90625
vt 0.5834961 0.9116211
vt 0.5820313 0.9130859
vt 0.5825195 0.9116211
vt 0.5751953 0.9013672
vt 0.5751953 0.9013672
vt 0.5751953 0.9008789
vt 0.5776367 0.9116211
vt 0.5766602 0.9111328
vt 0.5771484 0.9111328
vt 0.5761719 0.9116211
vt 0.5766602 0.9130859
vt 0.5766602 0.9130859
vt 0.5766602 0.9130859
vt 0.5766602 0.9111328
vt 0.5751953 0.9008789
vt 0.5751953 0.9013672
vt 0.5751953 0.9013672
vt 0.5756836 0.9008789
vt 0.5751953 0.8984375
vt 0.5751953 0.8984375
vt 0.5761719 0.8984375
vt 0.5776367 0.9116211
vt 0.5771484 0.8984375
vt 0.5776367 0.9042969
vt 0.578125 0.8984375
vt 0.5786133 0.9042969
vt 0.578125 0.9067383
vt 0.5791016 0.8984375
vt 0.578125 0.9130859
vt 0.5786133 0.9067383
vt 0.5776367 0.9130859
vt 0.5805664 0.9008789
vt 0.5800781 0.8984375
vt 0.5791016 0.9116211
vt 0.5791016 0.9130859
vt 0.5800781 0.9116211
vt 0.5805664 0.9116211
vt 0.5834961 0.9116211
vt 0.5825195 0.9008789
vt 0.5820313 0.9130859
vt 0.5810547 0.9130859
vt 0.5834961 0.8984375
vt 0.5825195 0.8984375
vt 0.5854492 0.9082031
vt 0.5844727 0.9116211
vt 0.5854492 0.8984375
vt 0.5844727 0.8984375
vt 0.5854492 0.9023438
vt 0.5859375 0.8984375
vt 0.5859375 0.9082031
vt 0.5854492 0.9116211
vt 0.5864258 0.9082031
vt 0.5854492 0.9116211
vt 0.5854492 0.9135742
vt 0.5849609 0.9135742
vt 0.5844727 0.9135742
vt 0.5864258 0.9160156
vt 0.5869141 0.9072266
vt 0.5864258 0.9072266
vt 0.5854492 0.9160156
vt 0.5874023 0.9160156
vt 0.5864258 0.9189453
vt 0.5854492 0.9160156
vt 0.5849609 0.9116211
vt 0.5874023 0.9082031
vt 0.5874023 0.9072266
vt 0.5883789 0.9082031
vt 0.5888672 0.9082031
vt 0.5859375 0.918457
vt 0.5849609 0.9160156
vt 0.5849609 0.9116211
vt 0.5844727 0.9160156
vt 0.5844727 0.9116211
vt 0.5844727 0.9189453
vt 0.5844727 0.9116211
vt 0.5854492 0.918457
vt 0.5849609 0.918457
vt 0.5844727 0.9223633
vt 0.5849609 0.9223633
vt 0.5854492 0.921875
vt 0.5854492 0.921875
vt 0.5864258 0.921875
vt 0.5878906 0.9189453
vt 0.5878906 0.921875
vt 0.5883789 0.921875
vt 0.5888672 0.9223633
vt 0.5893555 0.9223633
vt 0.5898438 0.9160156
vt 0.5898438 0.9189453
vt 0.5898438 0.9223633
vt 0.5898438 0.9194336
vt 0.5898438 0.9189453
vt 0.590332 0.9223633
vt 0.5898438 0.9160156
vt 0.590332 0.9072266
vt 0.5898438 0.9160156
vt 0.590332 0.9072266
vt 0.590332 0.9082031
vt 0.590332 0.9072266
vt 0.5898438 0.9082031
vt 0.5893555 0.9082031
vt 0.5893555 0.9067383
vt 0.5898438 0.9067383
vt 0.5888672 0.9067383
vt 0.5825195 0.9130859
vt 0.5825195 0.9116211
vt 0.5927734 0.9057617
vt 0.5917969 0.9057617
vt 0.5917969 0.9057617
vt 0.6025391 0.9038086
vt 0.6030273 0.8984375
vt 0.6030273 0.8984375
vt 0.6025391 0.9052734
vt 0.6030273 0.8984375
vt 0.6025391 0.9047852
vt 0.6025391 0.9052734
vt 0.609375 0.9130859
vt 0.6088867 0.9130859
vt 0.609375 0.9130859
vt 0.6083984 0.9130859
vt 0.609375 0.9130859
vt 0.6088867 0.9130859
vt 0.6049805 0.9130859
vt 0.6069336 0.9130859
vt 0.605957 0.9125977
vt 0.5986328 0.9072266
vt 0.5986328 0.9072266
vt 0.5917969 0.9067383
vt 0.5986328 0.9072266
vt 0.5981445 0.9072266
vt 0.5917969 0.9067383
vt 0.5981445 0.9072266
vt 0.5976563 0.9072266
vt 0.5917969 0.9067383
vt 0.5976563 0.9072266
vt 0.5966797 0.9072266
vt 0.5917969 0.9067383
vt 0.5966797 0.9072266
vt 0.5961914 0.9072266
vt 0.5917969 0.9067383
vt 0.5942383 0.9072266
vt 0.59375 0.9072266
vt 0.5917969 0.9067383
vt 0.6103516 0.9204102
vt 0.6103516 0.9169922
vt 0.6103516 0.9204102
vt 0.6103516 0.9204102
vt 0.6108398 0.9130859
vt 0.6108398 0.9130859
vt 0.6098633 0.9204102
vt 0.6098633 0.9169922
vt 0.6098633 0.9204102
vt 0.609375 0.9204102
vt 0.6098633 0.9140625
vt 0.609375 0.9179688
vt 0.609375 0.9130859
vt 0.6088867 0.9204102
vt 0.609375 0.9140625
vt 0.6088867 0.9169922
vt 0.6088867 0.9130859
vt 0.6083984 0.9204102
vt 0.6088867 0.9140625
vt 0.6079102 0.9130859
vt 0.6079102 0.9204102
vt 0.6069336 0.9204102
vt 0.6074219 0.9130859
vt 0.6064453 0.9204102
vt 0.6064453 0.9169922
vt 0.605957 0.9204102
vt 0.6054688 0.9204102
vt 0.6064453 0.9140625
vt 0.605957 0.9179688
vt 0.6054688 0.9130859
vt 0.6054688 0.9204102
vt 0.605957 0.9140625
vt 0.6054688 0.9169922
vt 0.6049805 0.9130859
vt 0.6049805 0.9204102
vt 0.6054688 0.9140625
vt 0.6049805 0.9204102
vt 0.6044922 0.9130859
vt 0.6044922 0.9204102
vt 0.6088867 0.9130859
vt 0.6074219 0.9130859
vt 0.609375 0.9130859
vt 0.6088867 0.9130859
vt 0.6079102 0.9130859
vt 0.6074219 0.9130859
vt 0.6044922 0.9130859
vt 0.6040039 0.9130859
vt 0.6040039 0.9130859
vt 0.6040039 0.9150391
vt 0.6040039 0.9150391
vt 0.6040039 0.9130859
vt 0.6040039 0.9150391
vt 0.6040039 0.9130859
vt 0.6040039 0.9130859
vt 0.6040039 0.9130859
vt 0.6040039 0.9130859
vt 0.6611328 0.9003906
vt 0.6611328 0.9003906
vt 0.6611328 0.9003906
vt 0.6611328 0.9008789
vt 0.6611328 0.9003906
vt 0.6611328 0.9008789
vt 0.605957 0.909668
vt 0.6044922 0.909668
vt 0.6054688 0.909668
vt 0.6064453 0.9116211
vt 0.6079102 0.9116211
vt 0.6079102 0.9116211
vt 0.5776367 0.9013672
vt 0.5776367 0.9033203
vt 0.5786133 0.9077148
vt 0.5800781 0.9077148
vt 0.581543 0.9077148
vt 0.5800781 0.9077148
vt 0.5786133 0.9077148
vt 0.5786133 0.9077148
vt 0.5795898 0.9077148
vt 0.5859375 0.9223633
vt 0.5864258 0.9160156
vt 0.5869141 0.9160156
vt 0.5874023 0.9223633
vt 0.5874023 0.9223633
vt 0.5874023 0.9223633
vt 0.5874023 0.9223633
vt 0.5878906 0.9223633
vt 0.5878906 0.9223633
vt 0.5878906 0.9223633
vt 0.5874023 0.9223633
vt 0.5874023 0.9223633
vt 0.5820313 0.921875
vt 0.5820313 0.918457
vt 0.581543 0.9160156
vt 0.5869141 0.9082031
vt 0.5859375 0.9082031
vt 0.5864258 0.9082031
vt 0.5844727 0.9077148
vt 0.5854492 0.9067383
vt 0.5849609 0.9077148
vt 0.5869141 0.902832
vt 0.5874023 0.9082031
vt 0.5830078 0.9052734
vt 0.5874023 0.9052734
vt 0.5878906 0.9067383
vt 0.5874023 0.9082031
vt 0.5878906 0.9082031
vt 0.5859375 0.8984375
vt 0.5864258 0.8984375
vt 0.5849609 0.8984375
vt 0.5869141 0.8984375
vt 0.5839844 0.8984375
vt 0.5834961 0.8984375
vt 0.5825195 0.8984375
vt 0.581543 0.9023438
vt 0.5820313 0.8984375
vt 0.581543 0.8984375
vt 0.5810547 0.8984375
vt 0.5805664 0.9116211
vt 0.5800781 0.8984375
vt 0.578125 0.9008789
vt 0.5791016 0.8984375
vt 0.578125 0.8984375
vt 0.5795898 0.9116211
vt 0.5786133 0.9116211
vt 0.5756836 0.9116211
vt 0.5776367 0.9130859
vt 0.5786133 0.9130859
vt 0.5771484 0.9018555
vt 0.5776367 0.9013672
vt 0.5756836 0.9008789
vt 0.5766602 0.9013672
vt 0.574707 0.8984375
vt 0.5756836 0.8984375
vt 0.5742188 0.9042969
vt 0.5737305 0.8984375
vt 0.574707 0.9067383
vt 0.5737305 0.9042969
vt 0.5727539 0.8984375
vt 0.5751953 0.9116211
vt 0.5722656 0.8984375
vt 0.574707 0.9130859
vt 0.5751953 0.9130859
vt 0.5742188 0.9067383
vt 0.5737305 0.9116211
vt 0.5742188 0.9130859
vt 0.5737305 0.9111328
vt 0.5737305 0.9130859
vt 0.5717773 0.8984375
vt 0.5864258 0.9067383
vt 0.5864258 0.9077148
vt 0.5878906 0.9082031
vt 0.5888672 0.9082031
vt 0.5888672 0.9082031
vt 0.5766602 0.9116211
vt 0.5771484 0.9116211
vt 0.5776367 0.9116211
vt 0.574707 0.9116211
vt 0.574707 0.9116211
vt 0.5751953 0.9116211
vt 0.5742188 0.9116211
vt 0.5737305 0.9111328
vt 0.5737305 0.9116211
vt 0.574707 0.9116211
vt 0.5742188 0.9116211
vt 0.574707 0.9116211
vt 0.574707 0.9116211
vt 0.5742188 0.9111328
vt 0.5742188 0.9116211
vt 0.5742188 0.9116211
vt 0.5732422 0.9111328
vt 0.5737305 0.9111328
vt 0.5952148 0.902832
vt 0.5957031 0.9033203
vt 0.5961914 0.9042969
vt 0.59375 0.9018555
vt 0.5947266 0.9018555
vt 0.5947266 0.9023438
vt 0.5957031 0.9033203
vt 0.5961914 0.9038086
vt 0.5961914 0.9042969
vt 0.5952148 0.902832
vt 0.5957031 0.902832
vt 0.5932617 0.9018555
vt 0.5927734 0.9008789
vt 0.5932617 0.9008789
vt 0.590332 0.9003906
vt 0.5898438 0.9057617
vt 0.5917969 0.9008789
vt 0.5917969 0.9003906
vt 0.5952148 0.902832
vt 0.5898438 0.9033203
vt 0.5888672 0.9033203
vt 0.5888672 0.8994141
vt 0.590332 0.8994141
vt 0.5883789 0.8984375
vt 0.5874023 0.8984375
vt 0.5888672 0.9057617
vt 0.5883789 0.9067383
vt 0.5888672 0.9067383
vt 0.5898438 0.9072266
vt 0.5878906 0.9082031
vt 0.5883789 0.9082031
vt 0.5878906 0.9082031
vt 0.5913086 0.9072266
vt 0.5922852 0.9072266
vt 0.5932617 0.9072266
vt 0.59375 0.9072266
vt 0.5947266 0.9072266
vt 0.5952148 0.9072266
vt 0.5957031 0.9072266
vt 0.5908203 0.9082031
vt 0.5913086 0.9082031
vt 0.5898438 0.9082031
vt 0.5961914 0.9072266
vt 0.5957031 0.9082031
vt 0.5961914 0.9082031
vt 0.5961914 0.9082031
vt 0.5966797 0.9057617
vt 0.5966797 0.9052734
vt 0.5961914 0.9042969
vt 0.5966797 0.9047852
vt 0.5966797 0.9052734
vt 0.5966797 0.9057617
vt 0.5825195 0.90625
vt 0.5825195 0.9057617
vt 0.5825195 0.9042969
vt 0.5717773 0.8984375
vt 0.5722656 0.9008789
vt 0.5717773 0.8984375
vt 0.5766602 0.9116211
vt 0.5766602 0.9130859
vt 0.5756836 0.9116211
vt 0.5776367 0.9130859
vt 0.5766602 0.9116211
vt 0.5888672 0.9067383
vt 0.59375 0.9072266
vt 0.5942383 0.9072266
vt 0.5888672 0.9067383
vt 0.5927734 0.9072266
vt 0.59375 0.9072266
vt 0.6054688 0.9130859
vt 0.6040039 0.9130859
vt 0.6049805 0.9130859
vt 0.6040039 0.9130859
vt 0.6025391 0.9130859
vt 0.6035156 0.9130859
vt 0.6586914 0.9003906
vt 0.6586914 0.9003906
vt 0.6586914 0.9008789
vt 0.6586914 0.9008789
vt 0.6586914 0.9003906
vt 0.6586914 0.9008789
vt 0.6518555 0.9140625
vt 0.6518555 0.9116211
vt 0.652832 0.9116211
vt 0.6513672 0.9140625
vt 0.6503906 0.9116211
vt 0.6499023 0.9140625
vt 0.6489258 0.9116211
vt 0.6489258 0.9140625
vt 0.6474609 0.9116211
vt 0.6479492 0.9140625
vt 0.6459961 0.9116211
vt 0.6469727 0.9140625
vt 0.6450195 0.9116211
vt 0.6464844 0.9140625
vt 0.6450195 0.9116211
vt 0.6464844 0.9140625
vt 0.6479492 0.9174805
vt 0.6479492 0.9174805
vt 0.6494141 0.9194336
vt 0.6479492 0.9174805
vt 0.6484375 0.9174805
vt 0.6489258 0.9174805
vt 0.6499023 0.9174805
vt 0.6503906 0.9174805
vt 0.6508789 0.9174805
vt 0.6508789 0.9174805
vt 0.6523438 0.9140625
vt 0.6464844 0.9140625
vt 0.6455078 0.9116211
vt 0.6450195 0.9116211
vt 0.6469727 0.9140625
vt 0.6469727 0.9116211
vt 0.6479492 0.9174805
vt 0.6479492 0.9174805
vt 0.6494141 0.9194336
vt 0.6474609 0.9140625
vt 0.6484375 0.9116211
vt 0.6484375 0.9174805
vt 0.6484375 0.9140625
vt 0.6499023 0.9116211
vt 0.6489258 0.9174805
vt 0.6499023 0.9140625
vt 0.6513672 0.9116211
vt 0.6494141 0.9174805
vt 0.6508789 0.9140625
vt 0.652832 0.9116211
vt 0.6499023 0.9174805
vt 0.6518555 0.9140625
vt 0.6533203 0.9116211
vt 0.6523438 0.9140625
vt 0.6503906 0.9174805
vt 0.6508789 0.9174805
vt 0.6508789 0.9174805
vt 0.6523438 0.9140625
vt 0.6455078 0.9067383
vt 0.6459961 0.9067383
vt 0.6474609 0.9047852
vt 0.6474609 0.9047852
vt 0.6459961 0.9067383
vt 0.6455078 0.9067383
vt 0.6469727 0.9047852
vt 0.6474609 0.9047852
vt 0.5893555 0.9189453
vt 0.5908203 0.9189453
vt 0.5908203 0.9189453
vt 0.5888672 0.9189453
vt 0.5893555 0.9189453
vt 0.5913086 0.9155273
vt 0.5908203 0.9189453
vt 0.5893555 0.9155273
vt 0.5893555 0.9101563
vt 0.5878906 0.9101563
vt 0.5878906 0.9155273
vt 0.5888672 0.9189453
vt 0.5869141 0.9189453
vt 0.5869141 0.9101563
vt 0.5878906 0.9047852
vt 0.5869141 0.9155273
vt 0.5878906 0.9189453
vt 0.5869141 0.9189453
vt 0.5869141 0.9101563
vt 0.5869141 0.9155273
vt 0.5859375 0.9189453
vt 0.5859375 0.9189453
vt 0.5869141 0.9047852
vt 0.5869141 0.8935547
vt 0.5869141 0.8935547
vt 0.5869141 0.9047852
vt 0.5878906 0.8935547
vt 0.5893555 0.8935547
vt 0.5893555 0.9047852
vt 0.5913086 0.8935547
vt 0.5913086 0.9047852
vt 0.5927734 0.9047852
vt 0.5927734 0.8935547
vt 0.5913086 0.9101563
vt 0.5947266 0.9047852
vt 0.5947266 0.8935547
vt 0.5927734 0.9101563
vt 0.5957031 0.9047852
vt 0.5957031 0.8935547
vt 0.5966797 0.8935547
vt 0.5966797 0.9047852
vt 0.5947266 0.9101563
vt 0.5957031 0.9101563
vt 0.5927734 0.9155273
vt 0.5932617 0.9189453
vt 0.5908203 0.9189453
vt 0.5947266 0.9155273
vt 0.5947266 0.9189453
vt 0.5932617 0.9189453
vt 0.5957031 0.9155273
vt 0.5966797 0.9189453
vt 0.5952148 0.9189453
vt 0.5966797 0.9155273
vt 0.5966797 0.9101563
vt 0.5966797 0.9189453
vt 0.5961914 0.9189453
vt 0.5966797 0.9189453
vt 0.5961914 0.9189453
vt 0.5966797 0.9189453
vt 0.5976563 0.9189453
vt 0.590332 0.9189453
vt 0.5888672 0.9189453
vt 0.5883789 0.9189453
vt 0.590332 0.9189453
vt 0.590332 0.9155273
vt 0.5888672 0.9189453
vt 0.590332 0.9189453
vt 0.5888672 0.9155273
vt 0.5888672 0.9101563
vt 0.5908203 0.9101563
vt 0.5922852 0.9155273
vt 0.590332 0.9189453
vt 0.5927734 0.9189453
vt 0.5922852 0.9101563
vt 0.5908203 0.9047852
vt 0.5942383 0.9101563
vt 0.5922852 0.9047852
vt 0.5942383 0.9155273
vt 0.5922852 0.9189453
vt 0.5942383 0.9189453
vt 0.5942383 0.9101563
vt 0.5942383 0.9047852
vt 0.5957031 0.9155273
vt 0.5947266 0.9189453
vt 0.5961914 0.9189453
vt 0.5957031 0.9101563
vt 0.5942383 0.8935547
vt 0.5952148 0.9047852
vt 0.5922852 0.8935547
vt 0.5908203 0.8935547
vt 0.5888672 0.8935547
vt 0.5888672 0.9047852
vt 0.5874023 0.8935547
vt 0.5957031 0.8935547
vt 0.5874023 0.9047852
vt 0.5869141 0.8935547
vt 0.5869141 0.9047852
vt 0.5874023 0.9101563
vt 0.5869141 0.9101563
vt 0.5869141 0.9155273
vt 0.5874023 0.9155273
vt 0.5869141 0.9189453
vt 0.5874023 0.9189453
vt 0.5864258 0.9189453
vt 0.5883789 0.9189453
vt 0.5942383 0.9189453
vt 0.5922852 0.9189453
vt 0.5927734 0.9189453
vt 0.5947266 0.9189453
vt 0.5869141 0.9189453
vt 0.5878906 0.9189453
vt 0.5869141 0.9189453
vt 0.5859375 0.9189453
vt 0.597168 0.9189453
vt 0.5976563 0.9189453
vt 0.5966797 0.9155273
vt 0.5961914 0.9155273
vt 0.5961914 0.9101563
vt 0.5966797 0.9101563
vt 0.5961914 0.9047852
vt 0.5966797 0.9047852
vt 0.5966797 0.8935547
vt 0.5961914 0.8935547
vt 0.5957031 0.9189453
vt 0.5966797 0.9189453
vt 0.6533203 0.9116211
vt 0.6533203 0.9101563
vt 0.6533203 0.9101563
vt 0.6533203 0.9116211
vt 0.652832 0.9101563
vt 0.652832 0.9116211
vt 0.6513672 0.9116211
vt 0.6513672 0.9101563
vt 0.6499023 0.9101563
vt 0.6499023 0.9116211
vt 0.6484375 0.9116211
vt 0.6484375 0.9101563
vt 0.6469727 0.9101563
vt 0.6469727 0.9116211
vt 0.6455078 0.9116211
vt 0.6455078 0.9101563
vt 0.6450195 0.9101563
vt 0.6450195 0.9116211
vt 0.6450195 0.9101563
vt 0.6450195 0.9116211
vt 0.6450195 0.9116211
vt 0.6455078 0.9101563
vt 0.6459961 0.9101563
vt 0.6459961 0.9116211
vt 0.6474609 0.9116211
vt 0.6474609 0.9101563
vt 0.6489258 0.9101563
vt 0.6489258 0.9116211
vt 0.6503906 0.9116211
vt 0.6503906 0.9101563
vt 0.6518555 0.9101563
vt 0.6518555 0.9116211
vt 0.652832 0.9116211
vt 0.652832 0.9101563
vt 0.6533203 0.9101563
vt 0.6533203 0.9116211
vt 0.5874023 0.9189453
vt 0.5869141 0.9189453
vt 0.5859375 0.9189453
vt 0.5864258 0.9189453
vt 0.597168 0.9189453
vt 0.5966797 0.9189453
vt 0.5957031 0.9189453
vt 0.5961914 0.9189453
vt 0.5932617 0.9189453
vt 0.5932617 0.9189453
vt 0.5947266 0.9189453
vt 0.5952148 0.9189453
vt 0.7050781 0.8955078
vt 0.706543 0.8955078
vt 0.706543 0.902832
vt 0.7050781 0.902832
vt 0.7104492 0.8955078
vt 0.7104492 0.8955078
vt 0.7104492 0.902832
vt 0.7104492 0.902832
vt 0.7089844 0.8955078
vt 0.7099609 0.8955078
vt 0.7099609 0.902832
vt 0.7089844 0.902832
vt 0.7041016 0.8955078
vt 0.7045898 0.8955078
vt 0.7045898 0.902832
vt 0.7041016 0.902832
vt 0.7050781 0.8955078
vt 0.7050781 0.902832
vt 0.7060547 0.902832
vt 0.7060547 0.8955078
vt 0.7060547 0.8955078
vt 0.7094727 0.902832
vt 0.7094727 0.8955078
vt 0.7080078 0.8955078
vt 0.7080078 0.902832
vt 0.7050781 0.8955078
vt 0.7050781 0.8955078
vt 0.7050781 0.902832
vt 0.7050781 0.902832
vt 0.7050781 0.902832
vt 0.706543 0.902832
vt 0.706543 0.902832
vt 0.7050781 0.902832
vt 0.706543 0.902832
vt 0.706543 0.902832
vt 0.706543 0.8955078
vt 0.706543 0.8955078
vt 0.7050781 0.8955078
vt 0.7050781 0.8955078
vt 0.706543 0.8955078
vt 0.706543 0.8955078
vt 0.7109375 0.8955078
vt 0.7104492 0.8955078
vt 0.7104492 0.902832
vt 0.7109375 0.902832
vt 0.7104492 0.902832
vt 0.7104492 0.902832
vt 0.7109375 0.902832
vt 0.7109375 0.902832
vt 0.7109375 0.902832
vt 0.7104492 0.902832
vt 0.7104492 0.8955078
vt 0.7109375 0.8955078
vt 0.7104492 0.8955078
vt 0.7109375 0.8955078
vt 0.7109375 0.8955078
vt 0.7104492 0.8955078
vt 0.7094727 0.8955078
vt 0.7089844 0.8955078
vt 0.7089844 0.902832
vt 0.7094727 0.902832
vt 0.7089844 0.902832
vt 0.7099609 0.902832
vt 0.7104492 0.902832
vt 0.7094727 0.902832
vt 0.7104492 0.902832
vt 0.7099609 0.902832
vt 0.7099609 0.8955078
vt 0.7104492 0.8955078
vt 0.7099609 0.8955078
vt 0.7089844 0.8955078
vt 0.7094727 0.8955078
vt 0.7104492 0.8955078
vt 0.7036133 0.8955078
vt 0.7041016 0.8955078
vt 0.7041016 0.902832
vt 0.7036133 0.902832
vt 0.7036133 0.902832
vt 0.7041016 0.902832
vt 0.7045898 0.902832
vt 0.7041016 0.902832
vt 0.7041016 0.902832
vt 0.7045898 0.902832
vt 0.7045898 0.8955078
vt 0.7041016 0.8955078
vt 0.7041016 0.8955078
vt 0.7045898 0.8955078
vt 0.7041016 0.8955078
vt 0.7036133 0.8955078
vt 0.7055664 0.8955078
vt 0.7060547 0.8955078
vt 0.7060547 0.902832
vt 0.7055664 0.902832
vt 0.7055664 0.902832
vt 0.7060547 0.902832
vt 0.7050781 0.902832
vt 0.7045898 0.902832
vt 0.7045898 0.902832
vt 0.7050781 0.902832
vt 0.7050781 0.8955078
vt 0.7045898 0.8955078
vt 0.7045898 0.8955078
vt 0.7050781 0.8955078
vt 0.7060547 0.8955078
vt 0.7055664 0.8955078
vt 0.7055664 0.8955078
vt 0.7060547 0.8955078
vt 0.7060547 0.8955078
vt 0.7055664 0.8955078
vt 0.7094727 0.902832
vt 0.7094727 0.902832
vt 0.7080078 0.902832
vt 0.7080078 0.902832
vt 0.7080078 0.902832
vt 0.7080078 0.902832
vt 0.7080078 0.8955078
vt 0.7080078 0.8955078
vt 0.7080078 0.8955078
vt 0.7080078 0.8955078
vt 0.7094727 0.8955078
vt 0.7094727 0.8955078
vt 0.7094727 0.8955078
vt 0.7094727 0.8955078
vt 0.7094727 0.902832
vt 0.7094727 0.902832
vt 0.7197266 0.9033203
vt 0.7202148 0.9033203
vt 0.7207031 0.9033203
vt 0.7202148 0.9033203
vt 0.5966797 0.9038086
vt 0.5966797 0.9038086
vt 0.5966797 0.9033203
vt 0.5966797 0.902832
vt 0.5957031 0.9038086
vt 0.597168 0.8999023
vt 0.5961914 0.8989258
vt 0.5957031 0.9018555
vt 0.5942383 0.9038086
vt 0.597168 0.9008789
vt 0.5942383 0.9008789
vt 0.5922852 0.9038086
vt 0.5952148 0.9008789
vt 0.5952148 0.8989258
vt 0.5922852 0.9018555
vt 0.590332 0.9038086
vt 0.5922852 0.8979492
vt 0.5942383 0.8989258
vt 0.5976563 0.8930664
vt 0.5981445 0.8925781
vt 0.5981445 0.8925781
vt 0.5976563 0.8930664
vt 0.597168 0.8935547
vt 0.597168 0.8935547
vt 0.5966797 0.894043
vt 0.5961914 0.894043
vt 0.5961914 0.894043
vt 0.5947266 0.8945313
vt 0.5947266 0.8945313
vt 0.5927734 0.8955078
vt 0.5922852 0.8955078
vt 0.5913086 0.8955078
vt 0.5913086 0.8955078
vt 0.590332 0.8955078
vt 0.590332 0.8994141
vt 0.5898438 0.8959961
vt 0.5898438 0.8955078
vt 0.5893555 0.8959961
vt 0.590332 0.9018555
vt 0.5893555 0.8994141
vt 0.5883789 0.8959961
vt 0.5893555 0.9018555
vt 0.5883789 0.9023438
vt 0.5883789 0.9038086
vt 0.5883789 0.8964844
vt 0.5874023 0.9038086
vt 0.5883789 0.8969727
vt 0.5878906 0.8964844
vt 0.5874023 0.8964844
vt 0.5874023 0.8969727
vt 0.5883789 0.9003906
vt 0.5869141 0.9008789
vt 0.5869141 0.8969727
vt 0.5874023 0.9033203
vt 0.5864258 0.9038086
vt 0.5864258 0.9033203
vt 0.5864258 0.9033203
vt 0.5864258 0.9008789
vt 0.5864258 0.8974609
vt 0.5864258 0.8969727
vt 0.5859375 0.8979492
vt 0.5864258 0.9008789
vt 0.5859375 0.8984375
vt 0.5859375 0.8979492
vt 0.5864258 0.9033203
vt 0.5869141 0.9038086
vt 0.5864258 0.9038086
vt 0.5864258 0.9033203
vt 0.5864258 0.9008789
vt 0.5874023 0.9038086
vt 0.5864258 0.9008789
vt 0.5859375 0.8984375
vt 0.5864258 0.8989258
vt 0.5874023 0.9008789
vt 0.5864258 0.8989258
vt 0.5864258 0.8989258
vt 0.5874023 0.8994141
vt 0.5874023 0.8994141
vt 0.5874023 0.9033203
vt 0.5893555 0.9038086
vt 0.5883789 0.8999023
vt 0.5883789 0.8994141
vt 0.5888672 0.9003906
vt 0.5888672 0.9033203
vt 0.5908203 0.9038086
vt 0.5888672 0.9008789
vt 0.5898438 0.9008789
vt 0.5898438 0.9003906
vt 0.5913086 0.9008789
vt 0.5913086 0.9013672
vt 0.5908203 0.9033203
vt 0.5917969 0.9013672
vt 0.5922852 0.9033203
vt 0.5932617 0.9033203
vt 0.5932617 0.9038086
vt 0.5947266 0.9038086
vt 0.5942383 0.9033203
vt 0.5947266 0.9033203
vt 0.5961914 0.9038086
vt 0.5952148 0.9008789
vt 0.5942383 0.9013672
vt 0.5952148 0.8979492
vt 0.5942383 0.8979492
vt 0.5961914 0.9033203
vt 0.5961914 0.9008789
vt 0.5966797 0.9033203
vt 0.5966797 0.9038086
vt 0.5966797 0.9033203
vt 0.5966797 0.9008789
vt 0.5966797 0.8979492
vt 0.5957031 0.8979492
vt 0.5961914 0.8955078
vt 0.5976563 0.8920898
vt 0.597168 0.9008789
vt 0.5981445 0.8925781
vt 0.5981445 0.8920898
vt 0.5976563 0.8920898
vt 0.5966797 0.8955078
vt 0.5976563 0.8916016
vt 0.5966797 0.8916016
vt 0.5966797 0.890625
vt 0.5957031 0.890625
vt 0.5947266 0.890625
vt 0.5927734 0.890625
vt 0.5927734 0.8979492
vt 0.706543 0.8989258
vt 0.706543 0.8984375
vt 0.7050781 0.8984375
vt 0.7045898 0.8984375
vt 0.5927734 0.8994141
vt 0.5927734 0.8979492
vt 0.5942383 0.8979492
vt 0.5942383 0.8994141
vt 0.7119141 0.8950195
vt 0.7128906 0.8950195
vt 0.7114258 0.8950195
vt 0.7109375 0.8959961
vt 0.7236328 0.9023438
vt 0.7236328 0.9023438
vt 0.7241211 0.9023438
vt 0.7246094 0.9023438
vt 0.7270508 0.9008789
vt 0.7265625 0.9008789
vt 0.7265625 0.9008789
vt 0.7270508 0.9008789
vt 0.7216797 0.9008789
vt 0.7216797 0.9008789
vt 0.7207031 0.9008789
vt 0.7207031 0.9008789
vt 0.722168 0.9008789
vt 0.722168 0.9008789
vt 0.7216797 0.9008789
vt 0.7216797 0.9008789
vt 0.5966797 0.9038086
vt 0.5981445 0.9052734
vt 0.597168 0.9052734
vt 0.5961914 0.9038086
vt 0.5957031 0.9052734
vt 0.5947266 0.9038086
vt 0.5932617 0.9052734
vt 0.5932617 0.9038086
vt 0.5908203 0.9052734
vt 0.5908203 0.9038086
vt 0.5883789 0.9052734
vt 0.5893555 0.9038086
vt 0.5874023 0.9038086
vt 0.5869141 0.9052734
vt 0.5854492 0.9052734
vt 0.5869141 0.9038086
vt 0.5864258 0.9038086
vt 0.5854492 0.9052734
vt 0.5864258 0.9038086
vt 0.5854492 0.9052734
vt 0.5864258 0.9052734
vt 0.5874023 0.9038086
vt 0.5878906 0.9052734
vt 0.5883789 0.9038086
vt 0.590332 0.9052734
vt 0.590332 0.9038086
vt 0.5927734 0.9052734
vt 0.5922852 0.9038086
vt 0.5947266 0.9052734
vt 0.5942383 0.9038086
vt 0.5966797 0.9052734
vt 0.5957031 0.9038086
vt 0.5966797 0.9038086
vt 0.5976563 0.9052734
vt 0.5966797 0.9038086
vt 0.5981445 0.9052734
vt 0.7202148 0.9052734
vt 0.7207031 0.9052734
vt 0.7207031 0.9033203
vt 0.7202148 0.9033203
vt 0.7182617 0.9008789
vt 0.71875 0.9008789
vt 0.71875 0.9008789
vt 0.7182617 0.9008789
vt 0.5996094 0.8930664
vt 0.5996094 0.8867188
vt 0.6000977 0.8862305
vt 0.6005859 0.8935547
vt 0.5996094 0.8930664
vt 0.6005859 0.8935547
vt 0.6010742 0.8935547
vt 0.6005859 0.8930664
vt 0.5854492 0.9052734
vt 0.5854492 0.9067383
vt 0.5854492 0.9052734
vt 0.5859375 0.9067383
vt 0.5869141 0.9052734
vt 0.5869141 0.9067383
vt 0.5869141 0.9077148
vt 0.5859375 0.9077148
vt 0.5888672 0.9067383
vt 0.5883789 0.9052734
vt 0.5908203 0.9052734
vt 0.5908203 0.9067383
vt 0.5908203 0.9077148
vt 0.5888672 0.9077148
vt 0.5932617 0.9067383
vt 0.5932617 0.9052734
vt 0.5957031 0.9052734
vt 0.5957031 0.9067383
vt 0.597168 0.9052734
vt 0.5952148 0.9077148
vt 0.5932617 0.9077148
vt 0.597168 0.9067383
vt 0.5976563 0.9067383
vt 0.5981445 0.9052734
vt 0.5976563 0.9077148
vt 0.597168 0.9077148
vt 0.5878906 0.9077148
vt 0.5898438 0.9077148
vt 0.590332 0.9067383
vt 0.5878906 0.9067383
vt 0.5878906 0.9052734
vt 0.590332 0.9052734
vt 0.5864258 0.9052734
vt 0.5927734 0.9067383
vt 0.5864258 0.9067383
vt 0.5927734 0.9052734
vt 0.5854492 0.9067383
vt 0.5854492 0.9052734
vt 0.5864258 0.9077148
vt 0.5854492 0.9077148
vt 0.5947266 0.9067383
vt 0.5947266 0.9052734
vt 0.5947266 0.9077148
vt 0.5927734 0.9077148
vt 0.5966797 0.9067383
vt 0.5966797 0.9052734
vt 0.5976563 0.9052734
vt 0.5976563 0.9067383
vt 0.5981445 0.9052734
vt 0.5976563 0.9067383
vt 0.5976563 0.9077148
vt 0.5966797 0.9077148
vt 0.5976563 0.8930664
vt 0.5976563 0.8935547
vt 0.5991211 0.8935547
vt 0.5986328 0.8930664
vt 0.5961914 0.8930664
vt 0.5952148 0.8935547
vt 0.5961914 0.8935547
vt 0.5966797 0.8930664
vt 0.5996094 0.8867188
vt 0.6000977 0.8862305
vt 0.5986328 0.8862305
vt 0.5986328 0.8867188
vt 0.5986328 0.8867188
vt 0.5991211 0.8862305
vt 0.6000977 0.8862305
vt 0.5996094 0.8867188
vt 0.5961914 0.8930664
vt 0.5957031 0.8935547
vt 0.5947266 0.8935547
vt 0.5957031 0.8930664
vt 0.6010742 0.8862305
vt 0.6000977 0.8867188
vt 0.6005859 0.8867188
vt 0.6015625 0.8862305
vt 0.5952148 0.8930664
vt 0.5942383 0.8935547
vt 0.5942383 0.8935547
vt 0.5957031 0.8930664
vt 0.6000977 0.8930664
vt 0.6000977 0.8867188
vt 0.6010742 0.8862305
vt 0.6010742 0.8935547
vt 0.6015625 0.8862305
vt 0.6005859 0.8867188
vt 0.6005859 0.8867188
vt 0.6015625 0.8862305
vt 0.5947266 0.8935547
vt 0.5947266 0.8862305
vt 0.5957031 0.8867188
vt 0.5957031 0.8930664
vt 0.6005859 0.8930664
vt 0.6005859 0.8867188
vt 0.6015625 0.8862305
vt 0.6015625 0.8935547
vt 0.5961914 0.8930664
vt 0.5966797 0.8867188
vt 0.5957031 0.8862305
vt 0.5957031 0.8935547
vt 0.5952148 0.8862305
vt 0.5957031 0.8867188
vt 0.5957031 0.8867188
vt 0.5942383 0.8862305
vt 0.6015625 0.8935547
vt 0.6015625 0.8862305
vt 0.6005859 0.8867188
vt 0.6005859 0.8930664
vt 0.6015625 0.8935547
vt 0.6005859 0.8930664
vt 0.6005859 0.8930664
vt 0.6015625 0.8935547
vt 0.5961914 0.8930664
vt 0.5957031 0.8867188
vt 0.5952148 0.8862305
vt 0.5952148 0.8935547
vt 0.6000977 0.8935547
vt 0.5996094 0.8930664
vt 0.6000977 0.8930664
vt 0.6010742 0.8935547
vt 0.5976563 0.8930664
vt 0.5976563 0.8867188
vt 0.5976563 0.8862305
vt 0.5976563 0.8935547
vt 0.5991211 0.8935547
vt 0.5991211 0.8862305
vt 0.5986328 0.8867188
vt 0.5986328 0.8930664
vt 0.5942383 0.8862305
vt 0.5952148 0.8862305
vt 0.5957031 0.8867188
vt 0.5947266 0.8862305
vt 0.597168 0.8935547
vt 0.597168 0.8930664
vt 0.5981445 0.8930664
vt 0.5986328 0.8935547
vt 0.5957031 0.8862305
vt 0.5966797 0.8867188
vt 0.597168 0.8867188
vt 0.597168 0.8862305
vt 0.5976563 0.8862305
vt 0.5976563 0.8867188
vt 0.5966797 0.8867188
vt 0.5961914 0.8862305
vt 0.5961914 0.8935547
vt 0.5961914 0.8862305
vt 0.5966797 0.8867188
vt 0.5966797 0.8930664
vt 0.5952148 0.8930664
vt 0.5952148 0.8867188
vt 0.5942383 0.8862305
vt 0.5942383 0.8935547
vt 0.7050781 0.8999023
vt 0.706543 0.9003906
vt 0.706543 0.8999023
vt 0.7050781 0.8994141
vt 0.7094727 0.9023438
vt 0.7109375 0.9023438
vt 0.7109375 0.9023438
vt 0.7104492 0.9023438
vt 0.7104492 0.9023438
vt 0.7094727 0.9023438
vt 0.7109375 0.9023438
vt 0.7119141 0.9023438
vt 0.7114258 0.9023438
vt 0.7114258 0.9023438
vt 0.7109375 0.9023438
vt 0.7182617 0.9033203
vt 0.71875 0.902832
vt 0.71875 0.9008789
vt 0.7182617 0.9008789
vt 0.71875 0.9086914
vt 0.71875 0.9067383
vt 0.7192383 0.9067383
vt 0.7192383 0.9086914
vt 0.7192383 0.9057617
vt 0.7202148 0.9052734
vt 0.7202148 0.9033203
vt 0.7197266 0.9033203
vt 0.7207031 0.902832
vt 0.7207031 0.902832
vt 0.7207031 0.9008789
vt 0.7207031 0.9008789
vt 0.7270508 0.9008789
vt 0.7265625 0.9008789
vt 0.7265625 0.902832
vt 0.7270508 0.9033203
vt 0.7270508 0.9033203
vt 0.7265625 0.902832
vt 0.7265625 0.902832
vt 0.7270508 0.9033203
vt 0.7246094 0.9023438
vt 0.7241211 0.9023438
vt 0.7241211 0.9042969
vt 0.7246094 0.9047852
vt 0.7202148 0.9033203
vt 0.7207031 0.9033203
vt 0.7207031 0.9052734
vt 0.7202148 0.9057617
vt 0.7182617 0.9008789
vt 0.71875 0.9008789
vt 0.71875 0.902832
vt 0.7182617 0.9033203
vt 0.7216797 0.9008789
vt 0.7207031 0.902832
vt 0.7207031 0.9008789
vt 0.7216797 0.902832
vt 0.722168 0.9008789
vt 0.722168 0.902832
vt 0.722168 0.902832
vt 0.722168 0.902832
vt 0.722168 0.9008789
vt 0.722168 0.9008789
vt 0.71875 0.902832
vt 0.71875 0.902832
vt 0.71875 0.9008789
vt 0.71875 0.9008789
vt 0.7265625 0.902832
vt 0.7265625 0.902832
vt 0.7265625 0.9008789
vt 0.7265625 0.9008789
vt 0.7236328 0.9042969
vt 0.7241211 0.9042969
vt 0.7241211 0.9023438
vt 0.7236328 0.9023438
vt 0.7182617 0.90625
vt 0.71875 0.9067383
vt 0.71875 0.9086914
vt 0.7182617 0.9086914
vt 0.7246094 0.9047852
vt 0.7241211 0.9042969
vt 0.7236328 0.9042969
vt 0.7236328 0.9047852
vt 0.5966797 0.8916016
vt 0.5966797 0.890625
vt 0.5986328 0.890625
vt 0.5986328 0.8916016
vt 0.7182617 0.9033203
vt 0.71875 0.902832
vt 0.71875 0.902832
vt 0.7182617 0.9033203
vt 0.7192383 0.90625
vt 0.7192383 0.9067383
vt 0.71875 0.9067383
vt 0.7182617 0.90625
vt 0.5981445 0.8930664
vt 0.5986328 0.8867188
vt 0.5986328 0.8862305
vt 0.5986328 0.8935547
vt 0.7099609 0.8959961
vt 0.7099609 0.8959961
vt 0.7099609 0.8955078
vt 0.7099609 0.8959961
vt 0.5957031 0.894043
vt 0.5976563 0.894043
vt 0.5981445 0.8935547
vt 0.5961914 0.890625
vt 0.59375 0.890625
vt 0.5981445 0.890625
vt 0.59375 0.8945313
vt 0.5957031 0.8945313
vt 0.5913086 0.890625
vt 0.5996094 0.8930664
vt 0.5996094 0.8935547
vt 0.5996094 0.890625
vt 0.5913086 0.8950195
vt 0.5932617 0.8950195
vt 0.5888672 0.890625
vt 0.6000977 0.8925781
vt 0.6000977 0.8930664
vt 0.6005859 0.890625
vt 0.6005859 0.8920898
vt 0.6000977 0.8925781
vt 0.6005859 0.890625
vt 0.5893555 0.8955078
vt 0.5913086 0.8955078
vt 0.5869141 0.894043
vt 0.5864258 0.890625
vt 0.5844727 0.890625
vt 0.5869141 0.8959961
vt 0.5893555 0.8959961
vt 0.5849609 0.894043
vt 0.5830078 0.890625
vt 0.5834961 0.8935547
vt 0.5849609 0.8964844
vt 0.5869141 0.8964844
vt 0.5839844 0.8969727
vt 0.5849609 0.8969727
vt 0.5834961 0.8945313
vt 0.5834961 0.8945313
vt 0.5834961 0.8974609
vt 0.5839844 0.8974609
vt 0.5830078 0.8945313
vt 0.5834961 0.8979492
vt 0.5834961 0.8979492
vt 0.5830078 0.8935547
vt 0.5830078 0.8945313
vt 0.5830078 0.8945313
vt 0.5869141 0.8994141
vt 0.5854492 0.8994141
vt 0.5849609 0.8989258
vt 0.5864258 0.8945313
vt 0.5888672 0.8950195
vt 0.5888672 0.8999023
vt 0.5869141 0.8999023
vt 0.5839844 0.8945313
vt 0.5839844 0.8984375
vt 0.5839844 0.8989258
vt 0.5883789 0.890625
vt 0.5859375 0.890625
vt 0.5908203 0.890625
vt 0.5839844 0.890625
vt 0.5908203 0.8950195
vt 0.5932617 0.890625
vt 0.5932617 0.8955078
vt 0.5927734 0.8994141
vt 0.5830078 0.8945313
vt 0.5830078 0.890625
vt 0.5834961 0.8979492
vt 0.5834961 0.8984375
vt 0.5830078 0.8935547
vt 0.5825195 0.890625
vt 0.5908203 0.9003906
vt 0.5888672 0.9003906
vt 0.5927734 0.9008789
vt 0.5913086 0.9008789
vt 0.5942383 0.9008789
vt 0.5942383 0.8994141
vt 0.6005859 0.8920898
vt 0.5996094 0.8920898
vt 0.5996094 0.8920898
vt 0.6005859 0.890625
vt 0.6000977 0.890625
vt 0.5986328 0.890625
vt 0.5986328 0.8916016
vt 0.7172852 0.9111328
vt 0.7172852 0.9116211
vt 0.715332 0.9116211
vt 0.715332 0.9111328
vt 0.7172852 0.9116211
vt 0.7172852 0.9121094
vt 0.715332 0.9121094
vt 0.715332 0.9116211
vt 0.7177734 0.9121094
vt 0.7177734 0.9125977
vt 0.7158203 0.9125977
vt 0.7158203 0.9121094
vt 0.7138672 0.8916016
vt 0.7133789 0.8916016
vt 0.7143555 0.8920898
vt 0.715332 0.8920898
vt 0.7094727 0.9018555
vt 0.7094727 0.9018555
vt 0.7089844 0.9018555
vt 0.7084961 0.9018555
vt 0.5927734 0.8979492
vt 0.5927734 0.8994141
vt 0.5932617 0.8955078
vt 0.5927734 0.890625
vt 0.5932617 0.890625
vt 0.7094727 0.9023438
vt 0.7094727 0.9023438
vt 0.7094727 0.9018555
vt 0.7094727 0.9018555
vt 0.7084961 0.9018555
vt 0.7089844 0.9018555
vt 0.7084961 0.9013672
vt 0.7084961 0.9013672
vt 0.7084961 0.9013672
vt 0.7084961 0.9013672
vt 0.7084961 0.9013672
vt 0.7080078 0.9013672
vt 0.7070313 0.9013672
vt 0.7070313 0.9013672
vt 0.7080078 0.9013672
vt 0.7080078 0.9008789
vt 0.7070313 0.9008789
vt 0.7060547 0.9003906
vt 0.7070313 0.9003906
vt 0.7070313 0.9003906
vt 0.7060547 0.8999023
vt 0.7070313 0.9003906
vt 0.706543 0.9003906
vt 0.7050781 0.8999023
vt 0.7060547 0.8999023
vt 0.7050781 0.8994141
vt 0.706543 0.8999023
vt 0.706543 0.8999023
vt 0.706543 0.8994141
vt 0.7050781 0.8994141
vt 0.7182617 0.9086914
vt 0.71875 0.9086914
vt 0.7192383 0.9086914
vt 0.71875 0.9086914
vt 0.7070313 0.8979492
vt 0.7070313 0.8979492
vt 0.7060547 0.8979492
vt 0.706543 0.8979492
vt 0.7050781 0.8979492
vt 0.7075195 0.8974609
vt 0.7080078 0.8974609
vt 0.7070313 0.8969727
vt 0.7070313 0.8974609
vt 0.7060547 0.8974609
vt 0.7084961 0.8969727
vt 0.7089844 0.8969727
vt 0.7084961 0.8964844
vt 0.7070313 0.8964844
vt 0.7080078 0.8969727
vt 0.7080078 0.8974609
vt 0.7080078 0.8969727
vt 0.7070313 0.8964844
vt 0.7070313 0.8969727
vt 0.7099609 0.8959961
vt 0.7099609 0.8959961
vt 0.7084961 0.8959961
vt 0.7089844 0.8964844
vt 0.7089844 0.8964844
vt 0.7202148 0.909668
vt 0.7197266 0.9101563
vt 0.7192383 0.9101563
vt 0.7192383 0.909668
vt 0.7119141 0.8945313
vt 0.7128906 0.8945313
vt 0.7138672 0.8945313
vt 0.7128906 0.8945313
vt 0.71875 0.9101563
vt 0.71875 0.9106445
vt 0.7172852 0.9106445
vt 0.7172852 0.9101563
vt 0.7133789 0.894043
vt 0.7148438 0.894043
vt 0.7138672 0.894043
vt 0.7133789 0.894043
vt 0.7128906 0.894043
vt 0.7138672 0.8935547
vt 0.715332 0.8935547
vt 0.7148438 0.8935547
vt 0.7138672 0.8935547
vt 0.7133789 0.8935547
vt 0.597168 0.8935547
vt 0.597168 0.8935547
vt 0.5996094 0.8930664
vt 0.5996094 0.8935547
vt 0.7138672 0.8930664
vt 0.7138672 0.8930664
vt 0.715332 0.8930664
vt 0.715332 0.8930664
vt 0.715332 0.8920898
vt 0.7158203 0.8920898
vt 0.7138672 0.8925781
vt 0.7138672 0.8925781
vt 0.7138672 0.8920898
vt 0.7060547 0.8979492
vt 0.7070313 0.8979492
vt 0.7070313 0.8974609
vt 0.7060547 0.8974609
vt 0.7050781 0.8994141
vt 0.706543 0.8994141
vt 0.706543 0.8989258
vt 0.7050781 0.8989258
vt 0.7080078 0.9008789
vt 0.7070313 0.9003906
vt 0.7060547 0.9003906
vt 0.7070313 0.9008789
vt 0.7109375 0.8959961
vt 0.7109375 0.8955078
vt 0.7099609 0.8955078
vt 0.7104492 0.8959961
vt 0.7099609 0.8959961
vt 0.7089844 0.8969727
vt 0.7089844 0.8964844
vt 0.7084961 0.8959961
vt 0.7084961 0.8964844
vt 0.5834961 0.890625
vt 0.5844727 0.8935547
vt 0.5844727 0.8945313
vt 0.5844727 0.8945313
vt 0.5849609 0.8945313
vt 0.5844727 0.890625
vt 0.5849609 0.8935547
vt 0.5849609 0.8945313
vt 0.7050781 0.8984375
vt 0.706543 0.8984375
vt 0.706543 0.8979492
vt 0.7050781 0.8979492
vt 0.5830078 0.8945313
vt 0.5844727 0.8945313
vt 0.5844727 0.8935547
vt 0.5830078 0.8935547
vt 0.5830078 0.8935547
vt 0.5844727 0.8935547
vt 0.5834961 0.890625
vt 0.5825195 0.890625
vt 0.5834961 0.8935547
vt 0.5849609 0.8935547
vt 0.5849609 0.8945313
vt 0.5834961 0.8945313
vt 0.5834961 0.8945313
vt 0.5849609 0.8945313
vt 0.5844727 0.8945313
vt 0.5830078 0.8945313
vt 0.5830078 0.8945313
vt 0.5844727 0.8945313
vt 0.5844727 0.8945313
vt 0.5830078 0.8945313
vt 0.5834961 0.8945313
vt 0.5849609 0.8945313
vt 0.5849609 0.8945313
vt 0.5834961 0.8945313
vt 0.5834961 0.8935547
vt 0.5830078 0.890625
vt 0.5844727 0.890625
vt 0.5849609 0.8935547
vt 0.5942383 0.8994141
vt 0.5942383 0.8979492
vt 0.5942383 0.9013672
vt 0.5942383 0.9008789
vt 0.7202148 0.9057617
vt 0.7207031 0.9052734
vt 0.7202148 0.9052734
vt 0.7192383 0.9057617
vt 0.7236328 0.9047852
vt 0.7236328 0.9042969
vt 0.7236328 0.9023438
vt 0.7236328 0.9023438
vt 0.7270508 0.9033203
vt 0.7265625 0.902832
vt 0.7265625 0.9008789
vt 0.7270508 0.9008789
vt 0.706543 0.8989258
vt 0.706543 0.8989258
vt 0.7050781 0.8989258
vt 0.7050781 0.8989258
vt 0.71875 0.9086914
vt 0.7192383 0.9086914
vt 0.7192383 0.9067383
vt 0.7192383 0.90625
vt 0.5942383 0.8935547
vt 0.5942383 0.8862305
vt 0.5957031 0.8867188
vt 0.5957031 0.8930664
vt 0.6010742 0.8935547
vt 0.6015625 0.8862305
vt 0.6005859 0.8867188
vt 0.6005859 0.8930664
vt 0.597168 0.8935547
vt 0.597168 0.8862305
vt 0.597168 0.8867188
vt 0.597168 0.8930664
vt 0.6000977 0.8935547
vt 0.6000977 0.8862305
vt 0.5996094 0.8867188
vt 0.5996094 0.8930664
vt 0.5898438 0.9223633
vt 0.590332 0.9223633
vt 0.5898438 0.9223633
vt 0.5893555 0.9223633
vt 0.5888672 0.9223633
vt 0.5888672 0.9223633
vt 0.5878906 0.9223633
vt 0.5883789 0.921875
vt 0.5878906 0.921875
vt 0.5864258 0.9223633
vt 0.5864258 0.921875
vt 0.5854492 0.9223633
vt 0.5854492 0.921875
vt 0.5854492 0.921875
vt 0.5849609 0.9223633
vt 0.5849609 0.9223633
vt 0.5844727 0.9223633
vt 0.5839844 0.9223633
vt 0.5844727 0.9223633
vt 0.5844727 0.9223633
vt 0.5839844 0.9223633
vt 0.5839844 0.9223633
vt 0.5844727 0.9223633
vt 0.5849609 0.9223633
vt 0.5849609 0.9223633
vt 0.5859375 0.9223633
vt 0.5859375 0.9223633
vt 0.5864258 0.9223633
vt 0.5869141 0.9223633
vt 0.5869141 0.9223633
vt 0.5874023 0.9223633
vt 0.5878906 0.9223633
vt 0.5883789 0.9223633
vt 0.5893555 0.9223633
vt 0.5888672 0.9223633
vt 0.590332 0.9223633
vt 0.5898438 0.9223633
vt 0.5898438 0.9223633
vt 0.590332 0.9223633
vt 0.5908203 0.9223633
vt 0.590332 0.9223633
vt 0.5898438 0.9223633
vt 0.7172852 0.8999023
vt 0.7172852 0.8999023
vt 0.7172852 0.8999023
vt 0.7172852 0.8999023
vt 0.7172852 0.8999023
vt 0.7172852 0.8999023
vt 0.7172852 0.8999023
vt 0.7172852 0.8999023
vt 0.6464844 0.8959961
vt 0.644043 0.9018555
vt 0.6469727 0.8959961
vt 0.6464844 0.8959961
vt 0.6455078 0.8959961
vt 0.6445313 0.8959961
vt 0.6430664 0.8959961
vt 0.6420898 0.8959961
vt 0.6416016 0.8959961
vt 0.6416016 0.8959961
vt 0.6411133 0.8959961
vt 0.6469727 0.8959961
vt 0.644043 0.9018555
vt 0.6464844 0.8959961
vt 0.6455078 0.8959961
vt 0.6445313 0.8959961
vt 0.6435547 0.8959961
vt 0.6425781 0.8959961
vt 0.6416016 0.8959961
vt 0.6411133 0.8959961
vt 0.6411133 0.8959961
vt 0.7167969 0.8999023
vt 0.7167969 0.8999023
vt 0.7167969 0.8999023
vt 0.7167969 0.8999023
vt 0.7167969 0.8999023
vt 0.7167969 0.8999023
vt 0.7167969 0.8999023
vt 0.7167969 0.8999023
vt 0.7167969 0.8999023
vt 0.7167969 0.8999023
vt 0.7167969 0.8999023
vt 0.7167969 0.8999023
vt 0.7172852 0.8999023
vt 0.7172852 0.8999023
vt 0.7172852 0.8999023
vt 0.7172852 0.8999023
vt 0.7172852 0.8999023
vt 0.7172852 0.8999023
vt 0.7172852 0.8999023
vt 0.7172852 0.8999023
vt 0.7172852 0.8999023
vt 0.7172852 0.8999023
vt 0.7172852 0.8999023
vt 0.7172852 0.8999023
vt 0.7172852 0.8999023
vt 0.7172852 0.8999023
vt 0.7167969 0.8999023
vt 0.7167969 0.8999023
vt 0.7167969 0.8999023
vt 0.7167969 0.8999023
vt 0.7167969 0.8999023
vt 0.7167969 0.8999023
vt 0.7167969 0.8999023
vt 0.7167969 0.8999023
vt 0.7172852 0.8999023
vt 0.7172852 0.8999023
vt 0.7172852 0.8999023
vt 0.7172852 0.8999023
vt 0.7172852 0.8999023
vt 0.7172852 0.8999023
vt 0.7172852 0.8999023
vt 0.7172852 0.8999023
vt 0.7167969 0.8999023
vt 0.7167969 0.8999023
vt 0.7167969 0.8999023
vt 0.7167969 0.8999023
vt 0.7172852 0.8999023
vt 0.7172852 0.8999023
vt 0.7172852 0.8999023
vt 0.7172852 0.8999023
vt 0.7172852 0.8999023
vt 0.7172852 0.8999023
vt 0.7172852 0.8999023
vt 0.7172852 0.8999023
vt 0.7167969 0.8999023
vt 0.7167969 0.8999023
vt 0.7167969 0.8999023
vt 0.7167969 0.8999023
vt 0.7167969 0.8999023
vt 0.7167969 0.8999023
vt 0.7167969 0.8999023
vt 0.7167969 0.8999023
vt 0.7167969 0.8999023
vt 0.7167969 0.8999023
vt 0.7167969 0.8999023
vt 0.7167969 0.8999023
vt 0.7167969 0.8999023
vt 0.7167969 0.8999023
vt 0.7167969 0.8999023
vt 0.7167969 0.8999023
vt 0.7167969 0.8999023
vt 0.7167969 0.8999023
vt 0.7167969 0.8999023
vt 0.7167969 0.8999023
vt 0.7167969 0.8999023
vt 0.7172852 0.8999023
vt 0.7172852 0.8999023
vt 0.7172852 0.8999023
vt 0.7172852 0.8999023
vt 0.7172852 0.8999023
vt 0.7172852 0.8999023
vt 0.7172852 0.8999023
vt 0.7172852 0.8999023
vt 0.7172852 0.8999023
vt 0.7172852 0.8999023
vt 0.7172852 0.8999023
vt 0.7172852 0.8999023
vt 0.7172852 0.8999023
vt 0.7172852 0.8999023
vt 0.7172852 0.8999023
vt 0.7172852 0.8999023
vt 0.7167969 0.8999023
vt 0.7167969 0.8999023
vt 0.7167969 0.8999023
vt 0.7167969 0.8999023
vt 0.7167969 0.8999023
vt 0.7167969 0.8999023
vt 0.7167969 0.8999023
vt 0.7167969 0.8999023
vt 0.7167969 0.8999023
vt 0.7167969 0.8999023
vt 0.7167969 0.8999023
vt 0.7167969 0.8999023
vt 0.7172852 0.8999023
vt 0.7172852 0.8999023
vt 0.7172852 0.8999023
vt 0.7172852 0.8999023
vt 0.7172852 0.8999023
vt 0.7172852 0.8999023
vt 0.7167969 0.8999023
vt 0.7167969 0.8999023
vt 0.7167969 0.8999023
vt 0.7167969 0.8999023
vt 0.5908203 0.90625
vt 0.5908203 0.9072266
vt 0.5908203 0.9072266
vt 0.5908203 0.90625
vt 0.5908203 0.9072266
vt 0.5908203 0.90625
vt 0.590332 0.9072266
vt 0.590332 0.9067383
vt 0.590332 0.9072266
vt 0.5898438 0.90625
vt 0.5893555 0.9072266
vt 0.5888672 0.9072266
vt 0.5898438 0.9057617
vt 0.5888672 0.9047852
vt 0.5893555 0.9047852
vt 0.5883789 0.9047852
vt 0.5883789 0.9072266
vt 0.5874023 0.9047852
vt 0.5874023 0.9072266
vt 0.5869141 0.9047852
vt 0.5869141 0.9072266
vt 0.5859375 0.9047852
vt 0.5859375 0.9072266
vt 0.5849609 0.9042969
vt 0.5854492 0.9072266
vt 0.5844727 0.9042969
vt 0.5844727 0.9057617
vt 0.5844727 0.90625
vt 0.5844727 0.9072266
vt 0.5908203 0.90625
vt 0.5908203 0.90625
vt 0.5908203 0.9072266
vt 0.5908203 0.9072266
vt 0.5874023 0.9072266
vt 0.5874023 0.9082031
vt 0.5878906 0.9077148
vt 0.5878906 0.9067383
vt 0.5898438 0.9067383
vt 0.5893555 0.9082031
vt 0.590332 0.9077148
vt 0.590332 0.9067383
vt 0.5854492 0.9072266
vt 0.5854492 0.9082031
vt 0.5864258 0.9082031
vt 0.5864258 0.9072266
vt 0.5854492 0.90625
vt 0.5854492 0.9057617
vt 0.5854492 0.9023438
vt 0.5869141 0.8984375
vt 0.5859375 0.8984375
vt 0.5859375 0.8984375
vt 0.5869141 0.9067383
vt 0.5883789 0.8984375
vt 0.5874023 0.8984375
vt 0.5878906 0.9067383
vt 0.5883789 0.9077148
vt 0.5878906 0.9077148
vt 0.5898438 0.8984375
vt 0.5893555 0.8984375
vt 0.5888672 0.9067383
vt 0.5888672 0.9077148
vt 0.5898438 0.9067383
vt 0.5908203 0.902832
vt 0.590332 0.8984375
vt 0.590332 0.8984375
vt 0.590332 0.9067383
vt 0.5908203 0.9072266
vt 0.5908203 0.9052734
vt 0.5908203 0.9082031
vt 0.590332 0.9077148
vt 0.5908203 0.9082031
vt 0.590332 0.9072266
vt 0.5908203 0.9072266
vt 0.590332 0.9072266
vt 0.5908203 0.9072266
vt 0.590332 0.9072266
vt 0.5908203 0.9072266
vt 0.590332 0.9072266
vt 0.5908203 0.9072266
vt 0.5898438 0.9072266
vt 0.5908203 0.9072266
vt 0.590332 0.9072266
vt 0.590332 0.9072266
vt 0.5893555 0.9072266
vt 0.590332 0.9072266
vt 0.5888672 0.9072266
vt 0.5893555 0.9072266
vt 0.5883789 0.9072266
vt 0.5888672 0.9072266
vt 0.5878906 0.9072266
vt 0.5883789 0.9072266
vt 0.5874023 0.9072266
vt 0.5874023 0.9072266
vt 0.5869141 0.9072266
vt 0.5869141 0.9072266
vt 0.5864258 0.9072266
vt 0.5859375 0.9072266
vt 0.5859375 0.9072266
vt 0.5854492 0.9072266
vt 0.5849609 0.9072266
vt 0.5844727 0.9072266
vt 0.5908203 0.9072266
vt 0.5917969 0.9082031
vt 0.5908203 0.9082031
vt 0.5917969 0.9067383
vt 0.5908203 0.90625
vt 0.5917969 0.90625
vt 0.5986328 0.9072266
vt 0.5986328 0.9072266
vt 0.5986328 0.9072266
vt 0.5986328 0.9067383
vt 0.5996094 0.9072266
vt 0.5986328 0.90625
vt 0.5996094 0.9082031
vt 0.5986328 0.9082031
vt 0.5996094 0.9057617
vt 0.5986328 0.9057617
vt 0.5981445 0.9057617
vt 0.6000977 0.9057617
vt 0.6000977 0.9052734
vt 0.6000977 0.9052734
vt 0.5908203 0.9072266
vt 0.5908203 0.9082031
vt 0.590332 0.9082031
vt 0.590332 0.9072266
vt 0.5898438 0.9082031
vt 0.590332 0.9077148
vt 0.5893555 0.9082031
vt 0.5908203 0.9082031
vt 0.590332 0.9082031
vt 0.5908203 0.9082031
vt 0.5922852 0.9082031
vt 0.5927734 0.9082031
vt 0.5932617 0.9082031
vt 0.5917969 0.9082031
vt 0.5917969 0.9082031
vt 0.5908203 0.9082031
vt 0.5908203 0.9082031
vt 0.5913086 0.9082031
vt 0.5908203 0.9082031
vt 0.590332 0.9082031
vt 0.5849609 0.9116211
vt 0.5849609 0.9116211
vt 0.5844727 0.9116211
vt 0.5839844 0.9116211
vt 0.5844727 0.9116211
vt 0.5844727 0.9116211
vt 0.5844727 0.9116211
vt 0.5839844 0.9116211
vt 0.5834961 0.9116211
vt 0.5834961 0.9116211
vt 0.5844727 0.9116211
vt 0.5834961 0.9116211
vt 0.5830078 0.9116211
vt 0.5825195 0.9116211
vt 0.5825195 0.9116211
vt 0.5834961 0.9116211
vt 0.5834961 0.9116211
vt 0.5839844 0.9116211
vt 0.5830078 0.9116211
vt 0.5830078 0.9116211
vt 0.5830078 0.9116211
vt 0.5834961 0.9116211
vt 0.5825195 0.9116211
vt 0.5825195 0.9116211
vt 0.5820313 0.9116211
vt 0.5830078 0.9116211
vt 0.581543 0.9116211
vt 0.581543 0.9116211
vt 0.581543 0.9116211
vt 0.5820313 0.9116211
vt 0.5810547 0.9116211
vt 0.5810547 0.9116211
vt 0.5800781 0.9116211
vt 0.5805664 0.9116211
vt 0.5800781 0.9116211
vt 0.5795898 0.9116211
vt 0.5791016 0.9116211
vt 0.5786133 0.9116211
vt 0.5786133 0.9116211
vt 0.578125 0.9116211
vt 0.578125 0.9116211
vt 0.5776367 0.9111328
vt 0.5776367 0.9116211
vt 0.5776367 0.9116211
vt 0.5776367 0.9116211
vt 0.5776367 0.9116211
vt 0.5776367 0.9116211
vt 0.5771484 0.9111328
vt 0.5849609 0.9116211
vt 0.5849609 0.9116211
vt 0.5844727 0.9116211
vt 0.5844727 0.9116211
vt 0.5839844 0.9116211
vt 0.5810547 0.9116211
vt 0.5805664 0.9116211
vt 0.5800781 0.9116211
vt 0.5800781 0.9116211
vt 0.5791016 0.9116211
vt 0.5795898 0.9116211
vt 0.581543 0.9116211
vt 0.581543 0.9116211
vt 0.5825195 0.9116211
vt 0.5820313 0.9116211
vt 0.5834961 0.9116211
vt 0.5830078 0.9116211
vt 0.5776367 0.9116211
vt 0.5766602 0.9111328
vt 0.5766602 0.9116211
vt 0.5776367 0.9116211
vt 0.578125 0.9116211
vt 0.5776367 0.9116211
vt 0.5771484 0.9111328
vt 0.5776367 0.9111328
vt 0.5776367 0.9111328
vt 0.5771484 0.9111328
vt 0.5766602 0.9111328
vt 0.5776367 0.9116211
vt 0.5791016 0.9116211
vt 0.5795898 0.9116211
vt 0.5800781 0.9116211
vt 0.5786133 0.9116211
vt 0.5786133 0.9116211
vt 0.578125 0.9116211
vt 0.578125 0.9130859
vt 0.5786133 0.9130859
vt 0.5771484 0.9116211
vt 0.5761719 0.9116211
vt 0.5766602 0.9111328
vt 0.5776367 0.9116211
vt 0.5849609 0.9116211
vt 0.5854492 0.9116211
vt 0.5854492 0.9116211
vt 0.5844727 0.9116211
vt 0.5874023 0.9072266
vt 0.5878906 0.9067383
vt 0.5869141 0.9067383
vt 0.5869141 0.9072266
vt 0.5864258 0.9072266
vt 0.5864258 0.9072266
vt 0.5898438 0.9067383
vt 0.590332 0.9067383
vt 0.5898438 0.9067383
vt 0.5893555 0.9067383
vt 0.5888672 0.9067383
vt 0.5888672 0.9067383
vt 0.590332 0.8984375
vt 0.5908203 0.902832
vt 0.5908203 0.8984375
vt 0.5908203 0.9057617
vt 0.5913086 0.90625
vt 0.5917969 0.9082031
vt 0.5913086 0.9067383
vt 0.5913086 0.9082031
vt 0.5922852 0.9067383
vt 0.5922852 0.9082031
vt 0.5932617 0.9057617
vt 0.5932617 0.9067383
vt 0.5942383 0.9072266
vt 0.5932617 0.9033203
vt 0.5917969 0.8984375
vt 0.5927734 0.8984375
vt 0.5932617 0.8994141
vt 0.5942383 0.9057617
vt 0.5947266 0.9003906
vt 0.5947266 0.8994141
vt 0.5942383 0.9033203
vt 0.5981445 0.9018555
vt 0.5966797 0.9008789
vt 0.5961914 0.9003906
vt 0.5976563 0.9008789
vt 0.5957031 0.9072266
vt 0.5966797 0.9072266
vt 0.5996094 0.902832
vt 0.597168 0.9072266
vt 0.5947266 0.9082031
vt 0.5957031 0.9082031
vt 0.5942383 0.9082031
vt 0.5986328 0.9072266
vt 0.5981445 0.9082031
vt 0.597168 0.9082031
vt 0.5986328 0.9082031
vt 0.5991211 0.9072266
vt 0.5996094 0.9072266
vt 0.5991211 0.9072266
vt 0.5991211 0.9082031
vt 0.5996094 0.9082031
vt 0.6000977 0.9052734
vt 0.6000977 0.9042969
vt 0.6005859 0.9047852
vt 0.6000977 0.9052734
vt 0.6000977 0.9052734
vt 0.6025391 0.9052734
vt 0.6025391 0.9052734
vt 0.5825195 0.9042969
vt 0.5834961 0.9042969
vt 0.5825195 0.9042969
vt 0.581543 0.9042969
vt 0.5839844 0.9042969
vt 0.5834961 0.9042969
vt 0.5849609 0.9042969
vt 0.5859375 0.9047852
vt 0.5825195 0.9042969
vt 0.5869141 0.9047852
vt 0.5874023 0.9047852
vt 0.5883789 0.9047852
vt 0.5908203 0.9047852
vt 0.5888672 0.9047852
vt 0.5898438 0.9047852
vt 0.5893555 0.9047852
vt 0.6035156 0.90625
vt 0.5913086 0.9052734
vt 0.5981445 0.9057617
vt 0.6030273 0.90625
vt 0.5922852 0.9052734
vt 0.6044922 0.90625
vt 0.5922852 0.9052734
vt 0.5927734 0.9052734
vt 0.6025391 0.90625
vt 0.5996094 0.9057617
vt 0.6025391 0.90625
vt 0.6030273 0.9057617
vt 0.6000977 0.9057617
vt 0.6000977 0.9052734
vt 0.6025391 0.9052734
vt 0.6030273 0.8984375
vt 0.6030273 0.8984375
vt 0.6030273 0.9150391
vt 0.6030273 0.9130859
vt 0.6030273 0.9150391
vt 0.6030273 0.9130859
vt 0.6030273 0.9150391
vt 0.6035156 0.9077148
vt 0.6035156 0.9130859
vt 0.6040039 0.9130859
vt 0.6044922 0.9145508
vt 0.6040039 0.9145508
vt 0.6074219 0.9077148
vt 0.6030273 0.9057617
vt 0.6054688 0.9130859
vt 0.6054688 0.9145508
vt 0.6064453 0.9125977
vt 0.6074219 0.9130859
vt 0.6083984 0.9077148
vt 0.6083984 0.9145508
vt 0.6074219 0.9145508
vt 0.609375 0.9072266
vt 0.6098633 0.9013672
vt 0.6088867 0.9018555
vt 0.6079102 0.9013672
vt 0.609375 0.9130859
vt 0.6088867 0.9145508
vt 0.6098633 0.9125977
vt 0.6108398 0.9130859
vt 0.6113281 0.9145508
vt 0.6108398 0.9145508
vt 0.6118164 0.9130859
vt 0.6118164 0.9145508
vt 0.612793 0.9077148
vt 0.6123047 0.9130859
vt 0.6123047 0.9130859
vt 0.6132813 0.9013672
vt 0.612793 0.8984375
vt 0.6132813 0.8984375
vt 0.6137695 0.8984375
vt 0.6137695 0.8984375
vt 0.6118164 0.8984375
vt 0.6108398 0.8984375
vt 0.6103516 0.8984375
vt 0.5966797 0.9052734
vt 0.5986328 0.9052734
vt 0.5991211 0.9052734
vt 0.5966797 0.9052734
vt 0.581543 0.9042969
vt 0.5825195 0.9042969
vt 0.581543 0.9042969
vt 0.5805664 0.9042969
vt 0.5810547 0.9042969
vt 0.5810547 0.9042969
vt 0.6025391 0.90625
vt 0.6015625 0.90625
vt 0.6010742 0.90625
vt 0.5952148 0.9057617
vt 0.6000977 0.90625
vt 0.6000977 0.90625
vt 0.5893555 0.9052734
vt 0.5898438 0.9052734
vt 0.5898438 0.9052734
vt 0.5898438 0.9052734
vt 0.5883789 0.9047852
vt 0.5864258 0.9047852
vt 0.5869141 0.9047852
vt 0.5878906 0.9047852
vt 0.5874023 0.9047852
vt 0.5854492 0.9047852
vt 0.5849609 0.9047852
vt 0.5839844 0.9047852
vt 0.581543 0.9042969
vt 0.5830078 0.9042969
vt 0.5825195 0.9042969
vt 0.5825195 0.90625
vt 0.5825195 0.9072266
vt 0.5825195 0.9116211
vt 0.5830078 0.9072266
vt 0.5834961 0.9072266
vt 0.5834961 0.9072266
vt 0.5839844 0.9072266
vt 0.5839844 0.9072266
vt 0.5849609 0.9072266
vt 0.5844727 0.9072266
vt 0.5854492 0.9072266
vt 0.5854492 0.9072266
vt 0.5864258 0.9072266
vt 0.5859375 0.9072266
vt 0.5869141 0.9072266
vt 0.5864258 0.9072266
vt 0.5874023 0.9072266
vt 0.5869141 0.9072266
vt 0.5878906 0.9072266
vt 0.5869141 0.9072266
vt 0.5878906 0.9072266
vt 0.5874023 0.9072266
vt 0.5996094 0.90625
vt 0.5996094 0.90625
vt 0.5966797 0.9057617
vt 0.5952148 0.9057617
vt 0.5957031 0.9057617
vt 0.5966797 0.9057617
vt 0.5966797 0.9057617
vt 0.5966797 0.9057617
vt 0.5957031 0.90625
vt 0.5961914 0.9072266
vt 0.5952148 0.9067383
vt 0.5957031 0.9072266
vt 0.5961914 0.9082031
vt 0.5957031 0.9082031
vt 0.5888672 0.90625
vt 0.5888672 0.9067383
vt 0.5878906 0.90625
vt 0.5888672 0.90625
vt 0.5952148 0.9067383
vt 0.5952148 0.9067383
vt 0.5878906 0.9072266
vt 0.5888672 0.9082031
vt 0.5878906 0.9082031
vt 0.5869141 0.9082031
vt 0.5869141 0.9072266
vt 0.5839844 0.9042969
vt 0.5844727 0.9042969
vt 0.5844727 0.9057617
vt 0.5844727 0.90625
vt 0.5844727 0.9072266
vt 0.5849609 0.9116211
vt 0.5849609 0.9116211
vt 0.5849609 0.9082031
vt 0.5849609 0.9072266
vt 0.5839844 0.9135742
vt 0.5844727 0.9135742
vt 0.5834961 0.9042969
vt 0.5834961 0.9116211
vt 0.5834961 0.9135742
vt 0.5825195 0.9077148
vt 0.5825195 0.9042969
vt 0.5825195 0.9116211
vt 0.581543 0.9077148
vt 0.581543 0.9116211
vt 0.5800781 0.909668
vt 0.5800781 0.9077148
vt 0.5800781 0.909668
vt 0.5800781 0.9077148
vt 0.5805664 0.9135742
vt 0.581543 0.9135742
vt 0.5795898 0.9130859
vt 0.5795898 0.9116211
vt 0.5795898 0.9101563
vt 0.5786133 0.9116211
vt 0.5786133 0.909668
vt 0.578125 0.9116211
vt 0.5771484 0.9072266
vt 0.5776367 0.9130859
vt 0.578125 0.9130859
vt 0.5766602 0.9072266
vt 0.5766602 0.9042969
vt 0.5766602 0.9116211
vt 0.5771484 0.9130859
vt 0.5766602 0.9111328
vt 0.574707 0.8984375
vt 0.5761719 0.9042969
vt 0.5751953 0.8984375
vt 0.5761719 0.8984375
vt 0.5766602 0.8984375
vt 0.5786133 0.9077148
vt 0.5776367 0.9013672
vt 0.5771484 0.8984375
vt 0.5751953 0.9008789
vt 0.574707 0.8984375
vt 0.5761719 0.9116211
vt 0.5766602 0.9130859
vt 0.581543 0.9018555
vt 0.5810547 0.9013672
vt 0.5805664 0.9008789
vt 0.5825195 0.9008789
vt 0.5820313 0.9013672
vt 0.5854492 0.9057617
vt 0.5854492 0.9023438
vt 0.5854492 0.9082031
vt 0.5854492 0.90625
vt 0.5854492 0.9072266
vt 0.5898438 0.90625
vt 0.590332 0.90625
vt 0.5908203 0.90625
vt 0.590332 0.9067383
vt 0.5913086 0.90625
vt 0.5908203 0.90625
vt 0.5917969 0.90625
vt 0.5908203 0.90625
vt 0.5908203 0.90625
vt 0.5917969 0.90625
vt 0.5908203 0.90625
vt 0.5917969 0.90625
vt 0.5908203 0.90625
vt 0.5917969 0.90625
vt 0.5986328 0.9067383
vt 0.5917969 0.90625
vt 0.5986328 0.9067383
vt 0.5917969 0.90625
vt 0.5908203 0.90625
vt 0.5913086 0.9067383
vt 0.5908203 0.9082031
vt 0.5913086 0.9082031
vt 0.5908203 0.9072266
vt 0.5913086 0.90625
vt 0.5908203 0.90625
vt 0.5908203 0.9057617
vt 0.5908203 0.9052734
vt 0.5908203 0.902832
vt 0.5917969 0.9057617
vt 0.5927734 0.9057617
vt 0.5917969 0.9057617
vt 0.5922852 0.9057617
vt 0.5913086 0.9057617
vt 0.5917969 0.9057617
vt 0.5908203 0.9057617
vt 0.5913086 0.9057617
vt 0.590332 0.9057617
vt 0.5908203 0.9057617
vt 0.5986328 0.90625
vt 0.5917969 0.9057617
vt 0.5927734 0.9057617
vt 0.5981445 0.9057617
vt 0.590332 0.9057617
vt 0.5908203 0.90625
vt 0.590332 0.90625
vt 0.5908203 0.9057617
vt 0.5913086 0.90625
vt 0.5913086 0.9057617
vt 0.5917969 0.90625
vt 0.5917969 0.9057617
vt 0.5917969 0.90625
vt 0.5917969 0.9057617
vt 0.5917969 0.90625
vt 0.5917969 0.9057617
vt 0.5927734 0.9057617
vt 0.5927734 0.9052734
vt 0.5981445 0.9057617
vt 0.5981445 0.9057617
vt 0.590332 0.9057617
vt 0.5908203 0.9047852
vt 0.5908203 0.9057617
vt 0.5898438 0.9047852
vt 0.5898438 0.9057617
vt 0.5893555 0.9047852
vt 0.590332 0.90625
vt 0.5898438 0.90625
vt 0.7177734 0.8984375
vt 0.7177734 0.8984375
vt 0.7177734 0.8984375
vt 0.7177734 0.8989258
vt 0.7177734 0.8984375
vt 0.7177734 0.8989258
vt 0.7177734 0.8989258
vt 0.7177734 0.8989258
vt 0.6025391 0.9038086
vt 0.6020508 0.902832
vt 0.6020508 0.9033203
vt 0.6030273 0.8984375
vt 0.6025391 0.8984375
vt 0.6005859 0.9018555
vt 0.6005859 0.902832
vt 0.6010742 0.8984375
vt 0.5991211 0.9008789
vt 0.5991211 0.9018555
vt 0.5991211 0.8984375
vt 0.597168 0.9003906
vt 0.597168 0.9008789
vt 0.597168 0.8984375
vt 0.5952148 0.8994141
vt 0.5952148 0.8999023
vt 0.5952148 0.8984375
vt 0.5932617 0.8984375
vt 0.59375 0.8994141
vt 0.6025391 0.9047852
vt 0.6030273 0.8984375
vt 0.6025391 0.9042969
vt 0.5981445 0.9018555
vt 0.5991211 0.9018555
vt 0.5991211 0.9008789
vt 0.5976563 0.9008789
vt 0.5966797 0.9008789
vt 0.597168 0.9008789
vt 0.597168 0.9003906
vt 0.5961914 0.9003906
vt 0.5947266 0.9003906
vt 0.5952148 0.8999023
vt 0.5952148 0.8994141
vt 0.5947266 0.8994141
vt 0.6030273 0.8984375
vt 0.6035156 0.8984375
vt 0.6040039 0.8984375
vt 0.6049805 0.8984375
vt 0.605957 0.8984375
vt 0.6069336 0.8984375
vt 0.6074219 0.8984375
vt 0.6123047 0.9150391
vt 0.6123047 0.9130859
vt 0.6123047 0.9150391
vt 0.6123047 0.9077148
vt 0.612793 0.9077148
vt 0.6123047 0.9130859
vt 0.6123047 0.9150391
vt 0.6118164 0.9130859
vt 0.6113281 0.9130859
vt 0.6132813 0.9018555
vt 0.6132813 0.9013672
vt 0.6132813 0.9013672
vt 0.6103516 0.9150391
vt 0.6113281 0.9150391
vt 0.609375 0.9086914
vt 0.6098633 0.9008789
vt 0.6123047 0.8984375
vt 0.6132813 0.8984375
vt 0.6132813 0.8984375
vt 0.6118164 0.8984375
vt 0.6108398 0.8984375
vt 0.6108398 0.8984375
vt 0.6098633 0.9130859
vt 0.6098633 0.9150391
vt 0.6088867 0.9116211
vt 0.6088867 0.9130859
vt 0.6079102 0.9116211
vt 0.6079102 0.9130859
vt 0.6074219 0.9116211
vt 0.6083984 0.909668
vt 0.6083984 0.9116211
vt 0.6088867 0.9052734
vt 0.6103516 0.8984375
vt 0.6088867 0.9077148
vt 0.6088867 0.9082031
vt 0.6083984 0.909668
vt 0.6088867 0.9077148
vt 0.6088867 0.9052734
vt 0.609375 0.9013672
vt 0.6098633 0.8984375
vt 0.6088867 0.9023438
vt 0.6088867 0.902832
vt 0.6079102 0.909668
vt 0.6083984 0.9023438
vt 0.6079102 0.9116211
vt 0.6079102 0.9116211
vt 0.6083984 0.9116211
vt 0.6079102 0.9052734
vt 0.6088867 0.9013672
vt 0.6079102 0.9077148
vt 0.6074219 0.909668
vt 0.6079102 0.9052734
vt 0.6079102 0.9082031
vt 0.609375 0.8984375
vt 0.609375 0.8984375
vt 0.6088867 0.8984375
vt 0.6083984 0.9008789
vt 0.6074219 0.9086914
vt 0.6079102 0.9077148
vt 0.6074219 0.9116211
vt 0.6074219 0.9116211
vt 0.605957 0.9130859
vt 0.6069336 0.9150391
vt 0.605957 0.9150391
vt 0.6079102 0.9150391
vt 0.605957 0.909668
vt 0.6074219 0.909668
vt 0.6054688 0.9130859
vt 0.6049805 0.909668
vt 0.6044922 0.9130859
vt 0.6049805 0.9077148
vt 0.6044922 0.9077148
vt 0.6040039 0.9150391
vt 0.6044922 0.9150391
vt 0.6030273 0.90625
vt 0.6044922 0.90625
vt 0.6035156 0.9130859
vt 0.6035156 0.9150391
vt 0.6030273 0.9130859
vt 0.6025391 0.90625
vt 0.6030273 0.9130859
vt 0.6044922 0.90625
vt 0.6035156 0.9077148
vt 0.6044922 0.9077148
vt 0.6035156 0.90625
vt 0.6025391 0.90625
vt 0.6025391 0.9077148
vt 0.5996094 0.8984375
vt 0.5996094 0.8984375
vt 0.5996094 0.90625
vt 0.6005859 0.9130859
vt 0.6000977 0.8984375
vt 0.6000977 0.9130859
vt 0.6000977 0.9130859
vt 0.6015625 0.9130859
vt 0.6005859 0.8984375
vt 0.6015625 0.8984375
vt 0.6010742 0.9145508
vt 0.6005859 0.9145508
vt 0.6015625 0.9145508
vt 0.6025391 0.9125977
vt 0.6025391 0.8984375
vt 0.6030273 0.9130859
vt 0.6035156 0.9013672
vt 0.6030273 0.8984375
vt 0.6044922 0.9018555
vt 0.6054688 0.9013672
vt 0.6049805 0.9130859
vt 0.6040039 0.9145508
vt 0.6030273 0.9145508
vt 0.6049805 0.9145508
vt 0.6069336 0.9130859
vt 0.6064453 0.8984375
vt 0.605957 0.8984375
vt 0.6079102 0.8984375
vt 0.6083984 0.9130859
vt 0.6088867 0.8984375
vt 0.609375 0.8984375
vt 0.6074219 0.9145508
vt 0.6069336 0.9145508
vt 0.6083984 0.9145508
vt 0.609375 0.9130859
vt 0.6103516 0.8984375
vt 0.6103516 0.9013672
vt 0.6103516 0.8984375
vt 0.6103516 0.9018555
vt 0.609375 0.9130859
vt 0.6103516 0.9013672
vt 0.609375 0.9150391
vt 0.609375 0.9150391
vt 0.609375 0.9150391
vt 0.6000977 0.9130859
vt 0.6000977 0.9150391
vt 0.6000977 0.9150391
vt 0.5996094 0.90625
vt 0.5996094 0.90625
vt 0.6000977 0.9130859
vt 0.6000977 0.9150391
vt 0.6000977 0.90625
vt 0.6000977 0.90625
vt 0.6005859 0.9130859
vt 0.6010742 0.90625
vt 0.6010742 0.9130859
vt 0.6015625 0.90625
vt 0.6020508 0.9150391
vt 0.6010742 0.9150391
vt 0.6025391 0.9077148
vt 0.6025391 0.90625
vt 0.6025391 0.9130859
vt 0.6025391 0.9150391
vt 0.6035156 0.909668
vt 0.6035156 0.9077148
vt 0.6035156 0.9130859
vt 0.6044922 0.909668
vt 0.6044922 0.9130859
vt 0.6054688 0.9116211
vt 0.6054688 0.909668
vt 0.6054688 0.9150391
vt 0.6044922 0.9150391
vt 0.6064453 0.9130859
vt 0.605957 0.9150391
vt 0.6064453 0.9116211
vt 0.6069336 0.9130859
vt 0.6074219 0.9116211
vt 0.6079102 0.9130859
vt 0.6074219 0.9086914
vt 0.6088867 0.8984375
vt 0.6083984 0.9008789
vt 0.6088867 0.8984375
vt 0.6098633 0.8984375
vt 0.6103516 0.8984375
vt 0.6088867 0.9130859
vt 0.6108398 0.8984375
vt 0.6083984 0.9150391
vt 0.6079102 0.9150391
vt 0.6088867 0.9150391
vt 0.6103516 0.9013672
vt 0.609375 0.9130859
vt 0.6108398 0.8984375
vt 0.6000977 0.9052734
vt 0.6025391 0.9052734
vt 0.6025391 0.9047852
vt 0.6005859 0.9047852
vt 0.6005859 0.9047852
vt 0.6025391 0.9047852
vt 0.6025391 0.9042969
vt 0.6000977 0.9042969
vt 0.7177734 0.8989258
vt 0.7177734 0.8984375
vt 0.7177734 0.8984375
vt 0.7177734 0.8989258
vt 0.6000977 0.9042969
vt 0.6025391 0.9042969
vt 0.6025391 0.9038086
vt 0.6000977 0.9038086
vt 0.6000977 0.9038086
vt 0.6025391 0.9038086
vt 0.6020508 0.9033203
vt 0.5996094 0.9033203
vt 0.5996094 0.9033203
vt 0.6020508 0.9033203
vt 0.6020508 0.902832
vt 0.5996094 0.902832
vt 0.5991211 0.9023438
vt 0.6005859 0.902832
vt 0.6005859 0.9018555
vt 0.5991211 0.9018555
vt 0.5981445 0.9018555
vt 0.5991211 0.9018555
vt 0.6005859 0.9018555
vt 0.5991211 0.9018555
vt 0.5966797 0.9008789
vt 0.5976563 0.9008789
vt 0.5991211 0.9008789
vt 0.597168 0.9008789
vt 0.5996094 0.902832
vt 0.6020508 0.902832
vt 0.6005859 0.902832
vt 0.5996094 0.902832
vt 0.5991211 0.9023438
vt 0.5961914 0.9003906
vt 0.597168 0.9003906
vt 0.5952148 0.8999023
vt 0.5947266 0.9003906
vt 0.5947266 0.8994141
vt 0.5952148 0.8994141
vt 0.59375 0.8994141
vt 0.5932617 0.8994141
vt 0.5932617 0.8994141
vt 0.59375 0.8994141
vt 0.5932617 0.8984375
vt 0.5927734 0.8984375
vt 0.5981445 0.9072266
vt 0.5986328 0.9072266
vt 0.5986328 0.9082031
vt 0.5976563 0.9082031
vt 0.5957031 0.9072266
vt 0.5957031 0.9072266
vt 0.5957031 0.9082031
vt 0.5957031 0.9082031
vt 0.5942383 0.9072266
vt 0.59375 0.9072266
vt 0.5942383 0.9072266
vt 0.5932617 0.9067383
vt 0.5932617 0.9072266
vt 0.5922852 0.9067383
vt 0.5966797 0.9072266
vt 0.5957031 0.9072266
vt 0.5957031 0.9072266
vt 0.5961914 0.9072266
vt 0.597168 0.9072266
vt 0.5966797 0.9072266
vt 0.5991211 0.9072266
vt 0.5986328 0.9072266
vt 0.5981445 0.9072266
vt 0.5986328 0.9072266
vt 0.5991211 0.9072266
vt 0.5986328 0.9072266
vt 0.5961914 0.9072266
vt 0.5957031 0.9072266
vt 0.5917969 0.9067383
vt 0.5952148 0.9072266
vt 0.5942383 0.9072266
vt 0.5957031 0.9082031
vt 0.5952148 0.9082031
vt 0.5942383 0.9072266
vt 0.5942383 0.9082031
vt 0.59375 0.9072266
vt 0.5932617 0.9072266
vt 0.5917969 0.9067383
vt 0.5927734 0.9067383
vt 0.5932617 0.9082031
vt 0.5927734 0.9082031
vt 0.5917969 0.9067383
vt 0.5917969 0.9082031
vt 0.7177734 0.8984375
vt 0.7177734 0.8989258
vt 0.7177734 0.8984375
vt 0.7177734 0.8984375
vt 0.5932617 0.9072266
vt 0.5922852 0.9067383
vt 0.5922852 0.9082031
vt 0.5932617 0.9082031
vt 0.5996094 0.9082031
vt 0.5991211 0.9082031
vt 0.5986328 0.9082031
vt 0.5986328 0.9082031
vt 0.5996094 0.9082031
vt 0.5986328 0.9082031
vt 0.5947266 0.9082031
vt 0.5942383 0.9082031
vt 0.5942383 0.9082031
vt 0.5952148 0.9082031
vt 0.5957031 0.9082031
vt 0.5957031 0.9082031
vt 0.5888672 0.9082031
vt 0.5888672 0.9077148
vt 0.5883789 0.9077148
vt 0.5883789 0.9082031
vt 0.5878906 0.9077148
vt 0.5874023 0.9082031
vt 0.5981445 0.9082031
vt 0.597168 0.9082031
vt 0.597168 0.9082031
vt 0.5976563 0.9082031
vt 0.5986328 0.9082031
vt 0.5981445 0.9082031
vt 0.5976563 0.9082031
vt 0.5976563 0.9082031
vt 0.5986328 0.9072266
vt 0.5986328 0.9072266
vt 0.5986328 0.9082031
vt 0.5986328 0.9082031
vt 0.5986328 0.9072266
vt 0.5986328 0.9072266
vt 0.5986328 0.9082031
vt 0.5986328 0.9082031
vt 0.5942383 0.9072266
vt 0.5942383 0.9072266
vt 0.5942383 0.9082031
vt 0.5942383 0.9082031
vt 0.5966797 0.9072266
vt 0.5976563 0.9082031
vt 0.597168 0.9082031
vt 0.5976563 0.9072266
vt 0.5976563 0.9082031
vt 0.5981445 0.9072266
vt 0.5991211 0.9072266
vt 0.5986328 0.9072266
vt 0.5986328 0.9082031
vt 0.5991211 0.9082031
vt 0.597168 0.9072266
vt 0.5966797 0.9072266
vt 0.597168 0.9082031
vt 0.597168 0.9082031
vt 0.5986328 0.90625
vt 0.5986328 0.9067383
vt 0.5986328 0.9067383
vt 0.5986328 0.90625
vt 0.5986328 0.9057617
vt 0.5981445 0.9057617
vt 0.5981445 0.9057617
vt 0.5986328 0.9067383
vt 0.5917969 0.90625
vt 0.5917969 0.9057617
vt 0.5986328 0.90625
vt 0.5908203 0.9047852
vt 0.5913086 0.9057617
vt 0.5908203 0.9057617
vt 0.5913086 0.9052734
vt 0.5917969 0.9057617
vt 0.5922852 0.9052734
vt 0.5922852 0.9057617
vt 0.5922852 0.9052734
vt 0.5927734 0.9057617
vt 0.5927734 0.9052734
vt 0.7177734 0.8984375
vt 0.7177734 0.8984375
vt 0.7177734 0.8984375
vt 0.7177734 0.8984375
vt 0.6044922 0.9204102
vt 0.6040039 0.9208984
vt 0.6044922 0.9208984
vt 0.6049805 0.9204102
vt 0.6049805 0.9204102
vt 0.6049805 0.9204102
vt 0.6049805 0.9208984
vt 0.6054688 0.9204102
vt 0.605957 0.9208984
vt 0.605957 0.9204102
vt 0.6064453 0.9204102
vt 0.6069336 0.9204102
vt 0.6079102 0.9208984
vt 0.6074219 0.9204102
vt 0.6079102 0.9204102
vt 0.6083984 0.9208984
vt 0.6083984 0.9204102
vt 0.6088867 0.9204102
vt 0.6098633 0.9208984
vt 0.609375 0.9204102
vt 0.6098633 0.9204102
vt 0.6103516 0.9208984
vt 0.6098633 0.9204102
vt 0.6103516 0.9204102
vt 0.6108398 0.9208984
vt 0.6103516 0.9204102
vt 0.6103516 0.9204102
vt 0.6108398 0.9208984
vt 0.6103516 0.9204102
vt 0.6108398 0.9208984
vt 0.6103516 0.9204102
vt 0.6103516 0.9208984
vt 0.6098633 0.9204102
vt 0.6098633 0.9204102
vt 0.609375 0.9208984
vt 0.609375 0.9204102
vt 0.6083984 0.9208984
vt 0.6088867 0.9204102
vt 0.6083984 0.9204102
vt 0.6079102 0.9204102
vt 0.6069336 0.9208984
vt 0.6069336 0.9204102
vt 0.605957 0.9208984
vt 0.6064453 0.9204102
vt 0.605957 0.9204102
vt 0.6054688 0.9208984
vt 0.6054688 0.9204102
vt 0.6054688 0.9204102
vt 0.6040039 0.9208984
vt 0.6049805 0.9204102
vt 0.6049805 0.9204102
vt 0.6044922 0.9204102
vt 0.6108398 0.9130859
vt 0.6103516 0.9130859
vt 0.6098633 0.9130859
vt 0.6108398 0.9150391
vt 0.6103516 0.9145508
vt 0.6108398 0.9150391
vt 0.6113281 0.9130859
vt 0.6074219 0.9130859
vt 0.6064453 0.9130859
vt 0.6074219 0.9130859
vt 0.6079102 0.9130859
vt 0.6079102 0.9145508
vt 0.6074219 0.9145508
vt 0.6088867 0.9145508
vt 0.6088867 0.9130859
vt 0.605957 0.9130859
vt 0.605957 0.9130859
vt 0.6064453 0.9130859
vt 0.6054688 0.9130859
vt 0.605957 0.9145508
vt 0.6054688 0.9145508
vt 0.6044922 0.9130859
vt 0.6049805 0.9145508
vt 0.6040039 0.9130859
vt 0.6035156 0.9130859
vt 0.6030273 0.9130859
vt 0.6044922 0.9130859
vt 0.6040039 0.9130859
vt 0.6044922 0.9130859
vt 0.6040039 0.9130859
vt 0.6044922 0.9130859
vt 0.6040039 0.9130859
vt 0.6030273 0.9130859
vt 0.6030273 0.9130859
vt 0.6035156 0.9130859
vt 0.6049805 0.9130859
vt 0.6054688 0.9130859
vt 0.605957 0.9130859
vt 0.6049805 0.9130859
vt 0.6049805 0.9130859
vt 0.6054688 0.9130859
vt 0.6044922 0.9150391
vt 0.6040039 0.9150391
vt 0.6049805 0.9150391
vt 0.605957 0.9130859
vt 0.6064453 0.9130859
vt 0.6054688 0.9130859
vt 0.605957 0.9130859
vt 0.6069336 0.9130859
vt 0.6074219 0.9130859
vt 0.6064453 0.9150391
vt 0.6069336 0.9150391
vt 0.6079102 0.9130859
vt 0.6079102 0.9130859
vt 0.6079102 0.9150391
vt 0.6083984 0.9130859
vt 0.6088867 0.9130859
vt 0.609375 0.9130859
vt 0.609375 0.9130859
vt 0.6098633 0.9130859
vt 0.609375 0.9150391
vt 0.6098633 0.9150391
vt 0.6103516 0.9130859
vt 0.6103516 0.9150391
vt 0.6108398 0.9130859
vt 0.6108398 0.9130859
vt 0.6108398 0.9130859
vt 0.6113281 0.9130859
vt 0.6118164 0.9130859
vt 0.6108398 0.9130859
vt 0.6113281 0.9130859
vt 0.6113281 0.9130859
vt 0.6108398 0.9130859
vt 0.6098633 0.9130859
vt 0.6103516 0.9140625
vt 0.6103516 0.9204102
vt 0.6103516 0.9169922
vt 0.6103516 0.9140625
vt 0.6103516 0.9140625
vt 0.6098633 0.9169922
vt 0.6113281 0.9130859
vt 0.6113281 0.9130859
vt 0.6113281 0.9150391
vt 0.6113281 0.9150391
vt 0.6113281 0.9130859
vt 0.6113281 0.9150391
vt 0.6123047 0.9130859
vt 0.6123047 0.9130859
vt 0.6113281 0.9130859
vt 0.6118164 0.9130859
vt 0.6098633 0.9204102
vt 0.6098633 0.9204102
vt 0.6103516 0.9204102
vt 0.6103516 0.9179688
vt 0.6103516 0.9204102
vt 0.609375 0.9204102
vt 0.609375 0.9130859
vt 0.6088867 0.9204102
vt 0.6083984 0.9204102
vt 0.609375 0.9130859
vt 0.6103516 0.9130859
vt 0.6108398 0.9130859
vt 0.6098633 0.9125977
vt 0.6088867 0.9130859
vt 0.609375 0.9130859
vt 0.6079102 0.9140625
vt 0.6074219 0.9130859
vt 0.6079102 0.9169922
vt 0.6074219 0.9140625
vt 0.6079102 0.9204102
vt 0.6069336 0.9140625
vt 0.6074219 0.9174805
vt 0.6074219 0.9204102
vt 0.6064453 0.9130859
vt 0.6069336 0.9169922
vt 0.6069336 0.9204102
vt 0.6064453 0.9204102
vt 0.605957 0.9204102
vt 0.6054688 0.9204102
vt 0.6054688 0.9140625
vt 0.6054688 0.9169922
vt 0.6049805 0.9140625
vt 0.6049805 0.9204102
vt 0.6049805 0.9140625
vt 0.6049805 0.9179688
vt 0.6049805 0.9204102
vt 0.6049805 0.9169922
vt 0.6044922 0.9204102
vt 0.6049805 0.9204102
vt 0.609375 0.9130859
vt 0.6088867 0.9130859
vt 0.6098633 0.9130859
vt 0.6083984 0.9130859
vt 0.6079102 0.9130859
vt 0.6079102 0.9130859
vt 0.605957 0.9130859
vt 0.6064453 0.9125977
vt 0.6054688 0.9130859
vt 0.6064453 0.9130859
vt 0.6064453 0.9130859
vt 0.6074219 0.9130859
vt 0.6074219 0.9130859
vt 0.605957 0.9130859
vt 0.6049805 0.9130859
vt 0.6044922 0.9130859
vt 0.6054688 0.9130859
vt 0.6113281 0.9130859
vt 0.6108398 0.9130859
vt 0.6118164 0.9130859
vt 0.6123047 0.9130859
vt 0.722168 0.9174805
vt 0.7216797 0.9174805
vt 0.7226563 0.9169922
vt 0.7231445 0.9169922
vt 0.7231445 0.9169922
vt 0.7226563 0.9169922
vt 0.7226563 0.9140625
vt 0.7231445 0.9140625
vt 0.6611328 0.9008789
vt 0.6640625 0.894043
vt 0.6640625 0.894043
vt 0.6611328 0.9003906
vt 0.6611328 0.9003906
vt 0.6630859 0.894043
vt 0.6611328 0.9003906
vt 0.6621094 0.894043
vt 0.6611328 0.9008789
vt 0.6616211 0.894043
vt 0.6611328 0.9008789
vt 0.6611328 0.9003906
vt 0.6601563 0.894043
vt 0.6611328 0.9008789
vt 0.6591797 0.894043
vt 0.6611328 0.9008789
vt 0.6586914 0.894043
vt 0.6611328 0.9008789
vt 0.6586914 0.894043
vt 0.6611328 0.9003906
vt 0.6611328 0.9003906
vt 0.6586914 0.894043
vt 0.6591797 0.894043
vt 0.6611328 0.9003906
vt 0.659668 0.894043
vt 0.6611328 0.9003906
vt 0.6611328 0.894043
vt 0.6611328 0.9008789
vt 0.6621094 0.894043
vt 0.6611328 0.9008789
vt 0.6630859 0.894043
vt 0.6611328 0.9008789
vt 0.6611328 0.9003906
vt 0.6640625 0.894043
vt 0.6640625 0.894043
vt 0.6640625 0.894043
vt 0.6611328 0.9008789
vt 0.6611328 0.9003906
vt 0.6611328 0.9008789
vt 0.6611328 0.9008789
vt 0.6611328 0.9008789
vt 0.6611328 0.9003906
vt 0.6611328 0.9003906
vt 0.6611328 0.9003906
vt 0.6611328 0.9003906
vt 0.6611328 0.9008789
vt 0.7197266 0.9169922
vt 0.7197266 0.9140625
vt 0.71875 0.9140625
vt 0.71875 0.9169922
vt 0.7177734 0.9140625
vt 0.7177734 0.9169922
vt 0.7177734 0.9169922
vt 0.7177734 0.9169922
vt 0.7177734 0.9140625
vt 0.7177734 0.9140625
vt 0.71875 0.9174805
vt 0.71875 0.9169922
vt 0.7177734 0.9169922
vt 0.7177734 0.9169922
vt 0.7216797 0.9174805
vt 0.7226563 0.9140625
vt 0.7226563 0.9169922
vt 0.722168 0.9140625
vt 0.7211914 0.9169922
vt 0.7211914 0.9140625
vt 0.7216797 0.9140625
vt 0.7211914 0.9140625
vt 0.7211914 0.9169922
vt 0.7211914 0.9169922
vt 0.7211914 0.9169922
vt 0.7211914 0.9169922
vt 0.7216797 0.9174805
vt 0.722168 0.9174805
vt 0.7138672 0.9174805
vt 0.7143555 0.9174805
vt 0.7143555 0.9169922
vt 0.7133789 0.9169922
vt 0.7133789 0.9169922
vt 0.7143555 0.9169922
vt 0.7143555 0.9140625
vt 0.7133789 0.9140625
vt 0.7226563 0.9140625
vt 0.722168 0.9140625
vt 0.7211914 0.9140625
vt 0.7216797 0.9140625
vt 0.7231445 0.9140625
vt 0.7226563 0.9140625
vt 0.722168 0.9140625
vt 0.7226563 0.9140625
vt 0.7138672 0.9140625
vt 0.7143555 0.9140625
vt 0.7148438 0.9140625
vt 0.7143555 0.9140625
vt 0.7133789 0.9140625
vt 0.7143555 0.9140625
vt 0.7143555 0.9140625
vt 0.7138672 0.9140625
vt 0.7241211 0.9174805
vt 0.7236328 0.9169922
vt 0.7231445 0.9169922
vt 0.7241211 0.9169922
vt 0.7241211 0.9169922
vt 0.7231445 0.9169922
vt 0.7236328 0.9140625
vt 0.7241211 0.9140625
vt 0.7163086 0.9140625
vt 0.7167969 0.9140625
vt 0.7158203 0.9140625
vt 0.715332 0.9140625
vt 0.715332 0.9140625
vt 0.7158203 0.9140625
vt 0.715332 0.9140625
vt 0.7148438 0.9140625
vt 0.7148438 0.9140625
vt 0.715332 0.9140625
vt 0.715332 0.9169922
vt 0.7143555 0.9169922
vt 0.7143555 0.9169922
vt 0.715332 0.9169922
vt 0.7158203 0.9174805
vt 0.715332 0.9174805
vt 0.7143555 0.9140625
vt 0.7148438 0.9140625
vt 0.7148438 0.9169922
vt 0.7143555 0.9169922
vt 0.7143555 0.9169922
vt 0.7148438 0.9169922
vt 0.7143555 0.9174805
vt 0.7138672 0.9174805
vt 0.7177734 0.9140625
vt 0.7177734 0.9140625
vt 0.71875 0.9140625
vt 0.71875 0.9140625
vt 0.71875 0.9140625
vt 0.71875 0.9140625
vt 0.7197266 0.9140625
vt 0.7197266 0.9140625
vt 0.7241211 0.9140625
vt 0.7236328 0.9140625
vt 0.7236328 0.9140625
vt 0.7246094 0.9140625
vt 0.7246094 0.9140625
vt 0.7236328 0.9140625
vt 0.7241211 0.9140625
vt 0.7246094 0.9140625
vt 0.7246094 0.9140625
vt 0.7241211 0.9140625
vt 0.7236328 0.9169922
vt 0.7246094 0.9169922
vt 0.7246094 0.9169922
vt 0.7236328 0.9169922
vt 0.7236328 0.9169922
vt 0.7241211 0.9174805
vt 0.7197266 0.9140625
vt 0.7197266 0.9140625
vt 0.7197266 0.9169922
vt 0.7197266 0.9169922
vt 0.7197266 0.9169922
vt 0.7197266 0.9169922
vt 0.71875 0.9169922
vt 0.71875 0.9174805
vt 0.7158203 0.9174805
vt 0.7167969 0.9140625
vt 0.7163086 0.9169922
vt 0.7158203 0.9140625
vt 0.715332 0.9169922
vt 0.715332 0.9140625
vt 0.7163086 0.9169922
vt 0.7163086 0.9169922
vt 0.7167969 0.9140625
vt 0.7163086 0.9140625
vt 0.715332 0.9174805
vt 0.7158203 0.9174805
vt 0.7163086 0.9169922
vt 0.7163086 0.9169922
vt 0.7236328 0.9169922
vt 0.7236328 0.9140625
vt 0.7231445 0.9169922
vt 0.7236328 0.9140625
vt 0.7236328 0.9169922
vt 0.7241211 0.9140625
vt 0.7143555 0.9174805
vt 0.7143555 0.9140625
vt 0.7143555 0.9169922
vt 0.7143555 0.9140625
vt 0.7148438 0.9169922
vt 0.7148438 0.9140625
vt 0.5864258 0.9082031
vt 0.5864258 0.9082031
vt 0.5854492 0.9082031
vt 0.5859375 0.9082031
vt 0.5888672 0.9067383
vt 0.5888672 0.9077148
vt 0.5888672 0.9082031
vt 0.5888672 0.9067383
vt 0.5864258 0.9072266
vt 0.5864258 0.9082031
vt 0.5864258 0.9082031
vt 0.5864258 0.9072266
vt 0.5825195 0.9042969
vt 0.5825195 0.9077148
vt 0.5820313 0.9077148
vt 0.5820313 0.9042969
vt 0.581543 0.9042969
vt 0.581543 0.9077148
vt 0.581543 0.9042969
vt 0.581543 0.9077148
vt 0.5810547 0.9077148
vt 0.5810547 0.9042969
vt 0.5810547 0.9077148
vt 0.5810547 0.9042969
vt 0.5805664 0.9042969
vt 0.5805664 0.9077148
vt 0.6040039 0.9130859
vt 0.6030273 0.9130859
vt 0.6030273 0.9150391
vt 0.6040039 0.9150391
vt 0.6040039 0.9130859
vt 0.6044922 0.9130859
vt 0.6049805 0.9145508
vt 0.6040039 0.9145508
vt 0.605957 0.9130859
vt 0.6054688 0.9130859
vt 0.6054688 0.9145508
vt 0.605957 0.9145508
vt 0.6074219 0.9130859
vt 0.6074219 0.9130859
vt 0.6074219 0.9145508
vt 0.6074219 0.9145508
vt 0.6088867 0.9130859
vt 0.609375 0.9130859
vt 0.6088867 0.9145508
vt 0.6088867 0.9145508
vt 0.6079102 0.9116211
vt 0.6083984 0.9116211
vt 0.6088867 0.9116211
vt 0.6069336 0.9116211
vt 0.6074219 0.9116211
vt 0.6113281 0.9130859
vt 0.6118164 0.9130859
vt 0.6118164 0.9145508
vt 0.6108398 0.9150391
vt 0.6113281 0.9130859
vt 0.6123047 0.9130859
vt 0.6123047 0.9150391
vt 0.6113281 0.9150391
vt 0.609375 0.9130859
vt 0.6098633 0.9130859
vt 0.6098633 0.9150391
vt 0.609375 0.9150391
vt 0.6113281 0.9130859
vt 0.6103516 0.9130859
vt 0.6103516 0.9150391
vt 0.6113281 0.9150391
vt 0.6079102 0.9130859
vt 0.6079102 0.9130859
vt 0.6079102 0.9150391
vt 0.6079102 0.9150391
vt 0.6064453 0.9130859
vt 0.605957 0.9130859
vt 0.605957 0.9150391
vt 0.6064453 0.9150391
vt 0.6044922 0.9130859
vt 0.6049805 0.9130859
vt 0.6049805 0.9150391
vt 0.6044922 0.9150391
vt 0.6040039 0.9130859
vt 0.6035156 0.9130859
vt 0.6035156 0.9150391
vt 0.6040039 0.9150391
vt 0.6040039 0.9150391
vt 0.6030273 0.9150391
vt 0.6030273 0.9150391
vt 0.6040039 0.9150391
vt 0.6030273 0.9150391
vt 0.6040039 0.9150391
vt 0.6074219 0.9145508
vt 0.6083984 0.9145508
vt 0.6074219 0.9145508
vt 0.6079102 0.9145508
vt 0.6088867 0.9145508
vt 0.6088867 0.9145508
vt 0.6049805 0.9145508
vt 0.6044922 0.9145508
vt 0.6040039 0.9145508
vt 0.6054688 0.9145508
vt 0.6054688 0.9145508
vt 0.605957 0.9145508
vt 0.6108398 0.9150391
vt 0.6108398 0.9150391
vt 0.6118164 0.9145508
vt 0.6113281 0.9145508
vt 0.6103516 0.9145508
vt 0.6108398 0.9145508
vt 0.6113281 0.9150391
vt 0.6113281 0.9150391
vt 0.6123047 0.9150391
vt 0.6123047 0.9150391
vt 0.6113281 0.9150391
vt 0.6123047 0.9150391
vt 0.6103516 0.9150391
vt 0.6103516 0.9150391
vt 0.6113281 0.9150391
vt 0.6098633 0.9150391
vt 0.6098633 0.9150391
vt 0.609375 0.9150391
vt 0.6069336 0.9150391
vt 0.6064453 0.9150391
vt 0.605957 0.9150391
vt 0.6069336 0.9150391
vt 0.6079102 0.9150391
vt 0.6079102 0.9150391
vt 0.6044922 0.9150391
vt 0.6040039 0.9150391
vt 0.6035156 0.9150391
vt 0.6040039 0.9150391
vt 0.6049805 0.9150391
vt 0.6044922 0.9150391
vt 0.6108398 0.9130859
vt 0.6103516 0.9130859
vt 0.6103516 0.9145508
vt 0.6108398 0.9145508
vt 0.6123047 0.9130859
vt 0.6113281 0.9130859
vt 0.6113281 0.9150391
vt 0.6123047 0.9150391
vt 0.6049805 0.9077148
vt 0.6044922 0.9077148
vt 0.6035156 0.9077148
vt 0.6044922 0.9077148
vt 0.6035156 0.9077148
vt 0.6025391 0.9077148
vt 0.7314453 0.8994141
vt 0.730957 0.9018555
vt 0.7290039 0.9018555
vt 0.7294922 0.8994141
vt 0.7304688 0.9018555
vt 0.730957 0.8994141
vt 0.7290039 0.8994141
vt 0.7285156 0.9018555
vt 0.7285156 0.9018555
vt 0.7290039 0.9023438
vt 0.730957 0.9023438
vt 0.7304688 0.9018555
vt 0.7236328 0.9018555
vt 0.7246094 0.8994141
vt 0.7236328 0.8994141
vt 0.7226563 0.9018555
vt 0.7211914 0.9023438
vt 0.7216797 0.8994141
vt 0.7211914 0.9023438
vt 0.7192383 0.8994141
vt 0.7197266 0.9018555
vt 0.7192383 0.9018555
vt 0.7192383 0.8994141
vt 0.7290039 0.9018555
vt 0.7294922 0.8994141
vt 0.7294922 0.8994141
vt 0.7290039 0.9023438
vt 0.7290039 0.8994141
vt 0.7285156 0.9018555
vt 0.730957 0.9018555
vt 0.730957 0.9023438
vt 0.7290039 0.9023438
vt 0.7290039 0.9018555
vt 0.6083984 0.909668
vt 0.6064453 0.909668
vt 0.6064453 0.9116211
vt 0.6083984 0.9116211
vt 0.7211914 0.9047852
vt 0.7211914 0.9047852
vt 0.7211914 0.9072266
vt 0.7211914 0.9082031
vt 0.7207031 0.9082031
vt 0.7207031 0.9082031
vt 0.7211914 0.9047852
vt 0.7207031 0.9072266
vt 0.7211914 0.9082031
vt 0.7216797 0.9082031
vt 0.7216797 0.9086914
vt 0.7207031 0.9082031
vt 0.7207031 0.9082031
vt 0.7207031 0.9082031
vt 0.7216797 0.9086914
vt 0.7216797 0.9082031
vt 0.6069336 0.909668
vt 0.6083984 0.909668
vt 0.6083984 0.9116211
vt 0.6069336 0.9116211
vt 0.6064453 0.909668
vt 0.6064453 0.9116211
vt 0.6064453 0.909668
vt 0.6064453 0.909668
vt 0.6064453 0.9116211
vt 0.6079102 0.9116211
vt 0.6083984 0.9116211
vt 0.6044922 0.909668
vt 0.6064453 0.909668
vt 0.6069336 0.909668
vt 0.6074219 0.909668
vt 0.605957 0.909668
vt 0.6049805 0.909668
vt 0.6069336 0.909668
vt 0.6044922 0.909668
vt 0.6064453 0.909668
vt 0.6064453 0.909668
vt 0.6064453 0.909668
vt 0.6044922 0.909668
vt 0.605957 0.909668
vt 0.6035156 0.909668
vt 0.6044922 0.909668
vt 0.6069336 0.909668
vt 0.6064453 0.909668
vt 0.6083984 0.909668
vt 0.6083984 0.909668
vt 0.605957 0.909668
vt 0.6074219 0.909668
vt 0.6079102 0.909668
vt 0.6064453 0.909668
vt 0.6044922 0.9077148
vt 0.6049805 0.909668
vt 0.6049805 0.9077148
vt 0.6044922 0.909668
vt 0.6035156 0.909668
vt 0.6035156 0.9077148
vt 0.6074219 0.909668
vt 0.6069336 0.909668
vt 0.6069336 0.9116211
vt 0.6074219 0.9116211
vt 0.7211914 0.9072266
vt 0.722168 0.9077148
vt 0.7216797 0.9082031
vt 0.7211914 0.9082031
vt 0.722168 0.9047852
vt 0.722168 0.9077148
vt 0.7211914 0.9072266
vt 0.7211914 0.9047852
vt 0.7216797 0.9121094
vt 0.7216797 0.9121094
vt 0.7216797 0.9125977
vt 0.7216797 0.9125977
vt 0.7216797 0.9106445
vt 0.7216797 0.9121094
vt 0.7216797 0.9121094
vt 0.7216797 0.9106445
vt 0.7216797 0.9125977
vt 0.7216797 0.9125977
vt 0.7216797 0.9121094
vt 0.7216797 0.9121094
vt 0.7216797 0.9121094
vt 0.7216797 0.9106445
vt 0.722168 0.9106445
vt 0.7216797 0.9121094
vt 0.7216797 0.9106445
vt 0.7216797 0.9121094
vt 0.7216797 0.9125977
vt 0.7216797 0.9106445
vt 0.7216797 0.9121094
vt 0.722168 0.9106445
vt 0.7216797 0.9106445
vt 0.7216797 0.9106445
vt 0.7216797 0.9106445
vt 0.7158203 0.8984375
vt 0.7158203 0.8984375
vt 0.7158203 0.8989258
vt 0.7158203 0.8989258
vt 0.5800781 0.909668
vt 0.5795898 0.9101563
vt 0.5800781 0.909668
vt 0.578125 0.909668
vt 0.5786133 0.909668
vt 0.5756836 0.8984375
vt 0.5761719 0.9008789
vt 0.5761719 0.9013672
vt 0.5761719 0.9013672
vt 0.5756836 0.8984375
vt 0.5761719 0.9013672
vt 0.5761719 0.9008789
vt 0.5761719 0.8984375
vt 0.7158203 0.8989258
vt 0.7158203 0.8989258
vt 0.7158203 0.8989258
vt 0.7158203 0.8989258
vt 0.5854492 0.9116211
vt 0.5854492 0.9135742
vt 0.5844727 0.9135742
vt 0.5844727 0.9116211
vt 0.5834961 0.9116211
vt 0.5839844 0.9130859
vt 0.5844727 0.9135742
vt 0.5844727 0.9116211
vt 0.5825195 0.9116211
vt 0.5825195 0.9130859
vt 0.5825195 0.9130859
vt 0.5825195 0.9116211
vt 0.5776367 0.9116211
vt 0.5776367 0.9130859
vt 0.5771484 0.9130859
vt 0.5771484 0.9111328
vt 0.5771484 0.9130859
vt 0.5771484 0.9116211
vt 0.5810547 0.9116211
vt 0.5810547 0.9130859
vt 0.5810547 0.9130859
vt 0.5805664 0.9116211
vt 0.5791016 0.9116211
vt 0.5791016 0.9130859
vt 0.5795898 0.9130859
vt 0.5795898 0.9116211
vt 0.578125 0.9116211
vt 0.578125 0.9130859
vt 0.5776367 0.9130859
vt 0.5776367 0.9116211
vt 0.5766602 0.9111328
vt 0.5766602 0.9130859
vt 0.5776367 0.9130859
vt 0.5776367 0.9116211
vt 0.5771484 0.9116211
vt 0.5771484 0.9130859
vt 0.5766602 0.9130859
vt 0.5761719 0.9116211
vt 0.578125 0.9116211
vt 0.5786133 0.9130859
vt 0.5786133 0.9116211
vt 0.578125 0.9130859
vt 0.5776367 0.9116211
vt 0.5776367 0.9130859
vt 0.5766602 0.9116211
vt 0.5771484 0.9130859
vt 0.5776367 0.9130859
vt 0.5776367 0.9116211
vt 0.5830078 0.9116211
vt 0.5830078 0.9135742
vt 0.5834961 0.9135742
vt 0.5834961 0.9116211
vt 0.5839844 0.9135742
vt 0.5839844 0.9116211
vt 0.5805664 0.9116211
vt 0.581543 0.9130859
vt 0.581543 0.9116211
vt 0.5805664 0.9135742
vt 0.5800781 0.9116211
vt 0.5800781 0.9130859
vt 0.5786133 0.9116211
vt 0.578125 0.9130859
vt 0.578125 0.9116211
vt 0.5786133 0.9130859
vt 0.5795898 0.9116211
vt 0.5795898 0.9130859
vt 0.581543 0.9116211
vt 0.581543 0.9130859
vt 0.581543 0.9135742
vt 0.581543 0.9116211
vt 0.5834961 0.9116211
vt 0.5834961 0.9135742
vt 0.5830078 0.9135742
vt 0.5830078 0.9116211
vt 0.5844727 0.9135742
vt 0.5854492 0.9135742
vt 0.5849609 0.9135742
vt 0.5839844 0.9135742
vt 0.5839844 0.9135742
vt 0.5849609 0.9135742
vt 0.5844727 0.9135742
vt 0.5839844 0.9130859
vt 0.5825195 0.9130859
vt 0.5825195 0.9130859
vt 0.5820313 0.9130859
vt 0.581543 0.9130859
vt 0.5810547 0.9130859
vt 0.5810547 0.9130859
vt 0.5795898 0.9130859
vt 0.5791016 0.9130859
vt 0.578125 0.9130859
vt 0.5786133 0.9130859
vt 0.5776367 0.9130859
vt 0.578125 0.9130859
vt 0.5776367 0.9130859
vt 0.5766602 0.9130859
vt 0.5766602 0.9130859
vt 0.5771484 0.9130859
vt 0.5766602 0.9130859
vt 0.5771484 0.9130859
vt 0.5776367 0.9130859
vt 0.5771484 0.9130859
vt 0.5776367 0.9130859
vt 0.578125 0.9130859
vt 0.578125 0.9130859
vt 0.5786133 0.9130859
vt 0.5800781 0.9130859
vt 0.5795898 0.9130859
vt 0.5805664 0.9135742
vt 0.5805664 0.9135742
vt 0.581543 0.9135742
vt 0.581543 0.9130859
vt 0.5830078 0.9135742
vt 0.5834961 0.9135742
vt 0.5839844 0.9135742
vt 0.5834961 0.9135742
vt 0.5834961 0.9135742
vt 0.5839844 0.9135742
vt 0.5844727 0.9135742
vt 0.5839844 0.9135742
vt 0.5795898 0.9116211
vt 0.5795898 0.9130859
vt 0.5800781 0.9130859
vt 0.5800781 0.9116211
vt 0.5839844 0.9116211
vt 0.5839844 0.9130859
vt 0.5834961 0.9116211
vt 0.5839844 0.9135742
vt 0.5844727 0.9116211
vt 0.5844727 0.9135742
vt 0.7158203 0.8989258
vt 0.7158203 0.8989258
vt 0.7158203 0.8989258
vt 0.7158203 0.8989258
vt 0.5825195 0.9116211
vt 0.5825195 0.9130859
vt 0.581543 0.9130859
vt 0.581543 0.9116211
vt 0.5810547 0.9130859
vt 0.5810547 0.9116211
vt 0.5839844 0.9116211
vt 0.5839844 0.9135742
vt 0.5844727 0.9135742
vt 0.5849609 0.9116211
vt 0.578125 0.9077148
vt 0.578125 0.909668
vt 0.5786133 0.909668
vt 0.5786133 0.9077148
vt 0.578125 0.9057617
vt 0.5776367 0.9033203
vt 0.578125 0.90625
vt 0.578125 0.9057617
vt 0.578125 0.9077148
vt 0.5771484 0.9013672
vt 0.5776367 0.9033203
vt 0.5776367 0.9013672
vt 0.5776367 0.9013672
vt 0.5771484 0.8984375
vt 0.5771484 0.8984375
vt 0.5766602 0.8984375
vt 0.5771484 0.9023438
vt 0.5771484 0.902832
vt 0.5776367 0.9101563
vt 0.578125 0.909668
vt 0.5776367 0.9077148
vt 0.5776367 0.909668
vt 0.5771484 0.9023438
vt 0.5766602 0.9013672
vt 0.5771484 0.9077148
vt 0.5771484 0.9057617
vt 0.5771484 0.90625
vt 0.5766602 0.9033203
vt 0.5771484 0.9057617
vt 0.5766602 0.9077148
vt 0.5766602 0.9013672
vt 0.5766602 0.9033203
vt 0.5761719 0.9013672
vt 0.5756836 0.8984375
vt 0.5751953 0.8984375
vt 0.5761719 0.8984375
vt 0.5761719 0.8984375
vt 0.5742188 0.8984375
vt 0.5732422 0.8984375
vt 0.5722656 0.8984375
vt 0.5722656 0.9008789
vt 0.5722656 0.8984375
vt 0.574707 0.9042969
vt 0.5742188 0.9042969
vt 0.5751953 0.9072266
vt 0.5742188 0.9072266
vt 0.5761719 0.9116211
vt 0.5751953 0.9130859
vt 0.5761719 0.9130859
vt 0.5771484 0.9116211
vt 0.574707 0.9116211
vt 0.574707 0.9130859
vt 0.5742188 0.9111328
vt 0.5737305 0.9116211
vt 0.5766602 0.9101563
vt 0.5771484 0.909668
vt 0.578125 0.9101563
vt 0.578125 0.9116211
vt 0.5786133 0.9101563
vt 0.578125 0.9130859
vt 0.5791016 0.9135742
vt 0.5737305 0.9130859
vt 0.5737305 0.9130859
vt 0.5795898 0.9116211
vt 0.5795898 0.9135742
vt 0.5795898 0.9077148
vt 0.5786133 0.9077148
vt 0.5805664 0.9116211
vt 0.5805664 0.9077148
vt 0.581543 0.9116211
vt 0.5805664 0.9042969
vt 0.5820313 0.9135742
vt 0.581543 0.9135742
vt 0.5825195 0.9135742
vt 0.5830078 0.9116211
vt 0.5834961 0.9160156
vt 0.5834961 0.9072266
vt 0.5839844 0.9072266
vt 0.5830078 0.9160156
vt 0.5825195 0.9160156
vt 0.5820313 0.9116211
vt 0.5820313 0.9223633
vt 0.5820313 0.9116211
vt 0.5830078 0.9189453
vt 0.581543 0.9116211
vt 0.5834961 0.9194336
vt 0.5854492 0.9223633
vt 0.5844727 0.9072266
vt 0.5854492 0.9072266
vt 0.5844727 0.9223633
vt 0.5834961 0.9189453
vt 0.5834961 0.9223633
vt 0.5825195 0.9223633
vt 0.5859375 0.9223633
vt 0.5859375 0.9072266
vt 0.5864258 0.9072266
vt 0.5869141 0.9160156
vt 0.5869141 0.9072266
vt 0.5869141 0.9072266
vt 0.5874023 0.9072266
vt 0.5874023 0.9072266
vt 0.5864258 0.9189453
vt 0.5864258 0.9160156
vt 0.5864258 0.9223633
vt 0.5869141 0.9223633
vt 0.5869141 0.9189453
vt 0.5874023 0.9223633
vt 0.5869141 0.9082031
vt 0.5874023 0.9223633
vt 0.5751953 0.9008789
vt 0.5761719 0.9008789
vt 0.5756836 0.8984375
vt 0.574707 0.8984375
vt 0.5751953 0.9013672
vt 0.5761719 0.9013672
vt 0.5761719 0.9008789
vt 0.5751953 0.9008789
vt 0.5761719 0.9013672
vt 0.5761719 0.9013672
vt 0.5751953 0.9013672
vt 0.5751953 0.9013672
vt 0.5751953 0.8984375
vt 0.5761719 0.8984375
vt 0.5761719 0.9008789
vt 0.5756836 0.9008789
vt 0.5820313 0.9008789
vt 0.5820313 0.8984375
vt 0.5810547 0.8984375
vt 0.581543 0.9013672
vt 0.5820313 0.9013672
vt 0.5800781 0.8984375
vt 0.5805664 0.9008789
vt 0.5810547 0.9013672
vt 0.5805664 0.9008789
vt 0.5800781 0.8984375
vt 0.5800781 0.8984375
vt 0.5805664 0.9008789
vt 0.5810547 0.9013672
vt 0.5810547 0.9013672
vt 0.581543 0.9013672
vt 0.581543 0.9018555
vt 0.5820313 0.9013672
vt 0.5820313 0.9013672
vt 0.5825195 0.9008789
vt 0.5820313 0.9008789
vt 0.5825195 0.8984375
vt 0.5820313 0.8984375
vt 0.5756836 0.9008789
vt 0.5761719 0.9008789
vt 0.5761719 0.9013672
vt 0.5751953 0.9013672
vt 0.5761719 0.9013672
vt 0.5761719 0.9013672
vt 0.5751953 0.9013672
vt 0.5751953 0.9013672
vt 0.5800781 0.9077148
vt 0.5800781 0.909668
vt 0.578125 0.909668
vt 0.578125 0.9077148
vt 0.7158203 0.8979492
vt 0.7158203 0.8979492
vt 0.7163086 0.8984375
vt 0.7158203 0.8984375
vt 0.7163086 0.8984375
vt 0.7163086 0.8984375
vt 0.7158203 0.8984375
vt 0.7158203 0.8984375
vt 0.5825195 0.9077148
vt 0.581543 0.9077148
vt 0.5800781 0.9077148
vt 0.5820313 0.9077148
vt 0.581543 0.9077148
vt 0.5795898 0.9077148
vt 0.581543 0.9077148
vt 0.5795898 0.9077148
vt 0.5791016 0.9077148
vt 0.5810547 0.9077148
vt 0.5786133 0.9077148
vt 0.5810547 0.9077148
vt 0.5795898 0.9077148
vt 0.5800781 0.9077148
vt 0.578125 0.9077148
vt 0.578125 0.9077148
vt 0.5805664 0.9077148
vt 0.5810547 0.9077148
vt 0.5786133 0.9077148
vt 0.5795898 0.9077148
vt 0.5791016 0.9077148
vt 0.5776367 0.9077148
vt 0.5771484 0.9077148
vt 0.5786133 0.9077148
vt 0.7163086 0.8984375
vt 0.7158203 0.8979492
vt 0.7158203 0.8979492
vt 0.7163086 0.8984375
vt 0.7158203 0.8984375
vt 0.7158203 0.8979492
vt 0.7158203 0.8984375
vt 0.7158203 0.8984375
vt 0.7163086 0.8984375
vt 0.7158203 0.8984375
vt 0.7158203 0.8984375
vt 0.7158203 0.8984375
vt 0.7158203 0.8984375
vt 0.7158203 0.8984375
vt 0.7158203 0.8984375
vt 0.7158203 0.8984375
vt 0.578125 0.9077148
vt 0.578125 0.909668
vt 0.5795898 0.909668
vt 0.5795898 0.9077148
vt 0.5795898 0.909668
vt 0.578125 0.909668
vt 0.5776367 0.9101563
vt 0.5795898 0.9101563
vt 0.5791016 0.909668
vt 0.5795898 0.9101563
vt 0.5776367 0.9101563
vt 0.5776367 0.909668
vt 0.7158203 0.8989258
vt 0.7158203 0.8989258
vt 0.7158203 0.8984375
vt 0.7158203 0.8984375
vt 0.7158203 0.8984375
vt 0.7158203 0.8984375
vt 0.7158203 0.8989258
vt 0.7158203 0.8989258
vt 0.7158203 0.8989258
vt 0.7158203 0.8989258
vt 0.7158203 0.8984375
vt 0.7158203 0.8984375
vt 0.7158203 0.8984375
vt 0.7158203 0.8984375
vt 0.7158203 0.8989258
vt 0.7158203 0.8989258
vt 0.7158203 0.8984375
vt 0.7158203 0.8989258
vt 0.7158203 0.8989258
vt 0.7158203 0.8984375
vt 0.7158203 0.8989258
vt 0.7158203 0.8989258
vt 0.7158203 0.8989258
vt 0.7158203 0.8989258
vt 0.7158203 0.8989258
vt 0.7158203 0.8989258
vt 0.7158203 0.8989258
vt 0.7158203 0.8984375
vt 0.7158203 0.8984375
vt 0.7158203 0.8984375
vt 0.7158203 0.8984375
vt 0.7158203 0.8989258
vt 0.7158203 0.8989258
vt 0.7158203 0.8989258
vt 0.7158203 0.8989258
vt 0.7158203 0.8989258
vt 0.7158203 0.8989258
vt 0.7158203 0.8984375
vt 0.7158203 0.8984375
vt 0.7158203 0.8989258
vt 0.7158203 0.8989258
vt 0.7158203 0.8984375
vt 0.7158203 0.8984375
vt 0.7158203 0.8984375
vt 0.7158203 0.8984375
vt 0.7158203 0.8984375
vt 0.7158203 0.8984375
vt 0.7158203 0.8984375
vt 0.7158203 0.8984375
vt 0.7158203 0.8984375
vt 0.7158203 0.8984375
vt 0.7158203 0.8984375
vt 0.7158203 0.8984375
vt 0.6030273 0.9130859
vt 0.6040039 0.9130859
vt 0.6040039 0.9150391
vt 0.6030273 0.9150391
vt 0.5795898 0.9077148
vt 0.5795898 0.909668
vt 0.5795898 0.9101563
vt 0.5795898 0.9077148
vt 0.5791016 0.9077148
vt 0.5791016 0.909668
vt 0.581543 0.9116211
vt 0.581543 0.9160156
vt 0.581543 0.9116211
vt 0.581543 0.9160156
vt 0.581543 0.9116211
vt 0.5820313 0.921875
vt 0.5820313 0.9116211
vt 0.5825195 0.921875
vt 0.5830078 0.9082031
vt 0.5825195 0.921875
vt 0.5820313 0.9082031
vt 0.5820313 0.909668
vt 0.581543 0.9082031
vt 0.5825195 0.9082031
vt 0.5830078 0.9160156
vt 0.5830078 0.9189453
vt 0.5834961 0.9194336
vt 0.5834961 0.921875
vt 0.5839844 0.9189453
vt 0.5844727 0.921875
vt 0.5839844 0.9160156
vt 0.5849609 0.9082031
vt 0.5859375 0.9223633
vt 0.5864258 0.9223633
vt 0.5839844 0.9082031
vt 0.5834961 0.9160156
vt 0.5844727 0.9082031
vt 0.5834961 0.9072266
vt 0.5839844 0.9072266
vt 0.5830078 0.9072266
vt 0.5864258 0.9160156
vt 0.5864258 0.9189453
vt 0.5864258 0.9223633
vt 0.5869141 0.9189453
vt 0.5869141 0.9223633
vt 0.5874023 0.9223633
vt 0.5869141 0.9160156
vt 0.5869141 0.9082031
vt 0.5859375 0.9082031
vt 0.5854492 0.9067383
vt 0.5859375 0.9067383
vt 0.5849609 0.9067383
vt 0.5869141 0.9072266
vt 0.5869141 0.9072266
vt 0.5874023 0.9072266
vt 0.5874023 0.9072266
vt 0.5869141 0.9160156
vt 0.5810547 0.9223633
vt 0.5820313 0.9223633
vt 0.581543 0.9223633
vt 0.581543 0.9223633
vt 0.5820313 0.9223633
vt 0.5820313 0.9223633
vt 0.5825195 0.9223633
vt 0.5834961 0.9223633
vt 0.5830078 0.9223633
vt 0.5844727 0.9223633
vt 0.5844727 0.9223633
vt 0.5854492 0.9223633
vt 0.5854492 0.9223633
vt 0.5859375 0.9223633
vt 0.5864258 0.9223633
vt 0.5869141 0.9223633
vt 0.5869141 0.9223633
vt 0.5874023 0.9223633
vt 0.5874023 0.9223633
vt 0.5874023 0.9223633
vt 0.5878906 0.9223633
vt 0.5820313 0.9223633
vt 0.581543 0.9194336
vt 0.581543 0.9223633
vt 0.581543 0.9189453
vt 0.581543 0.9116211
vt 0.581543 0.9160156
vt 0.581543 0.9116211
vt 0.581543 0.9160156
vt 0.581543 0.9223633
vt 0.581543 0.9194336
vt 0.5820313 0.918457
vt 0.581543 0.9223633
vt 0.581543 0.9223633
vt 0.5810547 0.9223633
vt 0.5820313 0.921875
vt 0.5825195 0.9223633
vt 0.5825195 0.921875
vt 0.5825195 0.921875
vt 0.5834961 0.9223633
vt 0.5834961 0.921875
vt 0.5844727 0.9223633
vt 0.5844727 0.921875
vt 0.5859375 0.9223633
vt 0.5859375 0.9223633
vt 0.5864258 0.9223633
vt 0.5864258 0.9223633
vt 0.5869141 0.9223633
vt 0.5878906 0.9223633
vt 0.5869141 0.9223633
vt 0.5874023 0.9223633
vt 0.7167969 0.8999023
vt 0.7167969 0.8999023
vt 0.7167969 0.8999023
vt 0.7167969 0.8999023
vt 0.7167969 0.8999023
vt 0.7167969 0.8999023
vt 0.7167969 0.8999023
vt 0.7167969 0.8999023
vt 0.6445313 0.8959961
vt 0.6416016 0.9018555
vt 0.644043 0.8959961
vt 0.6435547 0.8959961
vt 0.6425781 0.8959961
vt 0.6416016 0.8959961
vt 0.640625 0.8959961
vt 0.6396484 0.8959961
vt 0.6391602 0.8959961
vt 0.6386719 0.8959961
vt 0.6416016 0.9018555
vt 0.6445313 0.8959961
vt 0.644043 0.8959961
vt 0.6435547 0.8959961
vt 0.6425781 0.8959961
vt 0.6411133 0.8959961
vt 0.6401367 0.8959961
vt 0.6391602 0.8959961
vt 0.6386719 0.8959961
vt 0.6386719 0.8959961
vt 0.7167969 0.8999023
vt 0.7163086 0.8999023
vt 0.7167969 0.8999023
vt 0.7167969 0.8999023
vt 0.7163086 0.8999023
vt 0.7163086 0.8999023
vt 0.7163086 0.8999023
vt 0.7163086 0.8999023
vt 0.7163086 0.8999023
vt 0.7163086 0.8999023
vt 0.7163086 0.8999023
vt 0.7163086 0.8999023
vt 0.7163086 0.8999023
vt 0.7167969 0.8999023
vt 0.7167969 0.8999023
vt 0.7167969 0.8999023
vt 0.7167969 0.8999023
vt 0.7167969 0.8999023
vt 0.7167969 0.8999023
vt 0.7167969 0.8999023
vt 0.7167969 0.8999023
vt 0.7167969 0.8999023
vt 0.7163086 0.8999023
vt 0.7163086 0.8999023
vt 0.7163086 0.8999023
vt 0.7163086 0.8999023
vt 0.7163086 0.8999023
vt 0.7163086 0.8999023
vt 0.7163086 0.8999023
vt 0.7163086 0.8999023
vt 0.7167969 0.8999023
vt 0.7167969 0.8999023
vt 0.7167969 0.8999023
vt 0.7167969 0.8999023
vt 0.7163086 0.8999023
vt 0.7163086 0.8999023
vt 0.7163086 0.8999023
vt 0.7163086 0.8999023
vt 0.7163086 0.8999023
vt 0.7163086 0.8999023
vt 0.7163086 0.8999023
vt 0.7163086 0.8999023
vt 0.7167969 0.8999023
vt 0.7167969 0.8999023
vt 0.7167969 0.8999023
vt 0.7167969 0.8999023
vt 0.7167969 0.8999023
vt 0.7167969 0.8999023
vt 0.7167969 0.8999023
vt 0.7167969 0.8999023
vt 0.7167969 0.8999023
vt 0.7163086 0.8999023
vt 0.7163086 0.8999023
vt 0.7167969 0.8999023
vt 0.7163086 0.8999023
vt 0.7163086 0.8999023
vt 0.7163086 0.8999023
vt 0.7163086 0.8999023
vt 0.7163086 0.8999023
vt 0.7163086 0.8999023
vt 0.7163086 0.8999023
vt 0.7163086 0.8999023
vt 0.7163086 0.8999023
vt 0.7163086 0.8999023
vt 0.7163086 0.8999023
vt 0.7163086 0.8999023
vt 0.7163086 0.8999023
vt 0.7163086 0.8999023
vt 0.7163086 0.8999023
vt 0.7163086 0.8999023
vt 0.7163086 0.8999023
vt 0.7163086 0.8999023
vt 0.7163086 0.8999023
vt 0.7163086 0.8999023
vt 0.7163086 0.8999023
vt 0.7163086 0.8999023
vt 0.7163086 0.8999023
vt 0.7163086 0.8999023
vt 0.7163086 0.8999023
vt 0.7167969 0.8999023
vt 0.7167969 0.8999023
vt 0.7163086 0.8999023
vt 0.7167969 0.8999023
vt 0.7167969 0.8999023
vt 0.7167969 0.8999023
vt 0.7167969 0.8999023
vt 0.7167969 0.8999023
vt 0.7167969 0.8999023
vt 0.7167969 0.8999023
vt 0.7167969 0.8999023
vt 0.7167969 0.8999023
vt 0.7167969 0.8999023
vt 0.7167969 0.8999023
vt 0.7167969 0.8999023
vt 0.7167969 0.8999023
vt 0.7163086 0.8999023
vt 0.7167969 0.8999023
vt 0.7167969 0.8999023
vt 0.7163086 0.8999023
vt 0.7167969 0.8999023
vt 0.7167969 0.8999023
vt 0.7163086 0.8999023
vt 0.7163086 0.8999023
vt 0.7163086 0.8999023
vt 0.7167969 0.8999023
vt 0.7167969 0.8999023
vt 0.7167969 0.8999023
vt 0.7167969 0.8999023
vt 0.7163086 0.8999023
vt 0.7167969 0.8999023
vt 0.7167969 0.8999023
vt 0.7163086 0.8999023
vt 0.7167969 0.8999023
vt 0.7167969 0.8999023
vt 0.7167969 0.8999023
vt 0.7167969 0.8999023
vt 0.7163086 0.8999023
vt 0.7163086 0.8999023
vt 0.7163086 0.8999023
vt 0.7163086 0.8999023
vt 0.7163086 0.8999023
vt 0.7163086 0.8999023
vt 0.5883789 0.90625
vt 0.5878906 0.9072266
vt 0.5878906 0.9072266
vt 0.5883789 0.90625
vt 0.5878906 0.9072266
vt 0.5878906 0.90625
vt 0.5878906 0.9072266
vt 0.5878906 0.90625
vt 0.5878906 0.9072266
vt 0.5883789 0.90625
vt 0.5878906 0.9072266
vt 0.5878906 0.9067383
vt 0.5878906 0.9072266
vt 0.5874023 0.90625
vt 0.5874023 0.9072266
vt 0.5869141 0.9072266
vt 0.5874023 0.9057617
vt 0.5869141 0.9047852
vt 0.5874023 0.9047852
vt 0.5864258 0.9047852
vt 0.5864258 0.9072266
vt 0.5854492 0.9047852
vt 0.5854492 0.9072266
vt 0.5849609 0.9047852
vt 0.5849609 0.9072266
vt 0.5839844 0.9047852
vt 0.5839844 0.9072266
vt 0.5830078 0.9042969
vt 0.5834961 0.9072266
vt 0.5825195 0.9042969
vt 0.5825195 0.9057617
vt 0.5825195 0.90625
vt 0.5825195 0.9072266
vt 0.5839844 0.9072266
vt 0.5839844 0.9067383
vt 0.5839844 0.9077148
vt 0.5839844 0.9082031
vt 0.5859375 0.9067383
vt 0.5864258 0.9067383
vt 0.5864258 0.9077148
vt 0.5859375 0.9082031
vt 0.581543 0.9072266
vt 0.5825195 0.9082031
vt 0.581543 0.9082031
vt 0.5825195 0.9072266
vt 0.581543 0.9082031
vt 0.5834961 0.9052734
vt 0.5830078 0.9067383
vt 0.5839844 0.9067383
vt 0.5839844 0.9077148
vt 0.5820313 0.9082031
vt 0.5820313 0.9116211
vt 0.5820313 0.909668
vt 0.5820313 0.9116211
vt 0.5810547 0.9135742
vt 0.5820313 0.9135742
vt 0.5805664 0.9135742
vt 0.5874023 0.9082031
vt 0.5854492 0.9067383
vt 0.5844727 0.9077148
vt 0.5859375 0.9067383
vt 0.5864258 0.9067383
vt 0.5830078 0.9052734
vt 0.5844727 0.9077148
vt 0.5834961 0.9052734
vt 0.581543 0.9023438
vt 0.5869141 0.9072266
vt 0.5869141 0.9072266
vt 0.5878906 0.9072266
vt 0.5878906 0.9072266
vt 0.5874023 0.9072266
vt 0.5878906 0.9072266
vt 0.5874023 0.9072266
vt 0.5878906 0.9072266
vt 0.5874023 0.9072266
vt 0.5878906 0.9072266
vt 0.5864258 0.9082031
vt 0.5859375 0.9082031
vt 0.5864258 0.9077148
vt 0.5874023 0.9082031
vt 0.5869141 0.9082031
vt 0.5874023 0.9082031
vt 0.5883789 0.9082031
vt 0.5893555 0.9082031
vt 0.5888672 0.9082031
vt 0.5878906 0.9082031
vt 0.5888672 0.9082031
vt 0.5878906 0.9082031
vt 0.5878906 0.9082031
vt 0.5878906 0.9082031
vt 0.5874023 0.9082031
vt 0.5869141 0.9082031
vt 0.5820313 0.9116211
vt 0.5830078 0.9116211
vt 0.5825195 0.9116211
vt 0.581543 0.9116211
vt 0.5825195 0.9135742
vt 0.5820313 0.9116211
vt 0.581543 0.9116211
vt 0.581543 0.9135742
vt 0.5810547 0.9116211
vt 0.581543 0.9116211
vt 0.5810547 0.9116211
vt 0.5810547 0.9135742
vt 0.5805664 0.9116211
vt 0.581543 0.9135742
vt 0.5800781 0.9116211
vt 0.5795898 0.9116211
vt 0.5805664 0.9116211
vt 0.5786133 0.9116211
vt 0.5795898 0.9116211
vt 0.5786133 0.9116211
vt 0.5810547 0.9116211
vt 0.581543 0.9116211
vt 0.581543 0.9116211
vt 0.581543 0.9116211
vt 0.581543 0.9116211
vt 0.5810547 0.9116211
vt 0.5805664 0.9116211
vt 0.5805664 0.9116211
vt 0.5805664 0.9116211
vt 0.5810547 0.9116211
vt 0.5800781 0.9116211
vt 0.5800781 0.9116211
vt 0.5800781 0.9116211
vt 0.5805664 0.9116211
vt 0.5795898 0.9116211
vt 0.5805664 0.9116211
vt 0.5795898 0.9116211
vt 0.581543 0.9116211
vt 0.5805664 0.9116211
vt 0.5795898 0.9116211
vt 0.5786133 0.9116211
vt 0.5786133 0.9116211
vt 0.578125 0.9116211
vt 0.578125 0.9116211
vt 0.5776367 0.9116211
vt 0.5786133 0.9116211
vt 0.5766602 0.9116211
vt 0.5766602 0.9116211
vt 0.5756836 0.9116211
vt 0.5771484 0.9116211
vt 0.5756836 0.9116211
vt 0.5766602 0.9116211
vt 0.5751953 0.9116211
vt 0.5766602 0.9116211
vt 0.5756836 0.9116211
vt 0.5756836 0.9116211
vt 0.5751953 0.9116211
vt 0.5751953 0.9116211
vt 0.5751953 0.9116211
vt 0.5756836 0.9116211
vt 0.574707 0.9116211
vt 0.5766602 0.9116211
vt 0.5771484 0.9116211
vt 0.5761719 0.9116211
vt 0.578125 0.9116211
vt 0.578125 0.9116211
vt 0.574707 0.9116211
vt 0.5751953 0.9116211
vt 0.574707 0.9116211
vt 0.5742188 0.9111328
vt 0.5737305 0.9116211
vt 0.581543 0.9116211
vt 0.5810547 0.9116211
vt 0.5820313 0.9116211
vt 0.5820313 0.9116211
vt 0.5839844 0.9072266
vt 0.5830078 0.9067383
vt 0.5839844 0.9067383
vt 0.5834961 0.9072266
vt 0.5825195 0.9072266
vt 0.5830078 0.9072266
vt 0.5859375 0.9067383
vt 0.5859375 0.9067383
vt 0.5864258 0.9067383
vt 0.5854492 0.9067383
vt 0.5854492 0.9067383
vt 0.5849609 0.9067383
vt 0.5952148 0.902832
vt 0.59375 0.9018555
vt 0.5947266 0.9023438
vt 0.5927734 0.9008789
vt 0.5932617 0.9018555
vt 0.59375 0.9072266
vt 0.5932617 0.9082031
vt 0.5932617 0.9072266
vt 0.59375 0.9082031
vt 0.5947266 0.9072266
vt 0.5947266 0.9082031
vt 0.5722656 0.9008789
vt 0.5722656 0.9013672
vt 0.5722656 0.9013672
vt 0.5717773 0.8984375
vt 0.5722656 0.9013672
vt 0.5732422 0.9111328
vt 0.5737305 0.9130859
vt 0.5737305 0.9111328
vt 0.5874023 0.90625
vt 0.5883789 0.90625
vt 0.5878906 0.90625
vt 0.5878906 0.9067383
vt 0.5888672 0.90625
vt 0.5878906 0.90625
vt 0.5883789 0.90625
vt 0.5878906 0.90625
vt 0.5888672 0.90625
vt 0.5888672 0.90625
vt 0.5883789 0.90625
vt 0.5888672 0.90625
vt 0.5878906 0.90625
vt 0.5888672 0.90625
vt 0.5888672 0.9057617
vt 0.5898438 0.9057617
vt 0.5893555 0.9057617
vt 0.5888672 0.9057617
vt 0.5898438 0.9057617
vt 0.5888672 0.9057617
vt 0.5888672 0.9057617
vt 0.5878906 0.9057617
vt 0.5893555 0.9057617
vt 0.5883789 0.9057617
vt 0.5883789 0.9057617
vt 0.5893555 0.9057617
vt 0.5888672 0.9057617
vt 0.5952148 0.90625
vt 0.5952148 0.9057617
vt 0.5898438 0.9057617
vt 0.5888672 0.9057617
vt 0.5878906 0.9057617
vt 0.5878906 0.90625
vt 0.5883789 0.90625
vt 0.5883789 0.9057617
vt 0.5888672 0.90625
vt 0.5888672 0.9057617
vt 0.5888672 0.90625
vt 0.5888672 0.9057617
vt 0.5888672 0.9057617
vt 0.5888672 0.90625
vt 0.5888672 0.9057617
vt 0.5888672 0.90625
vt 0.5888672 0.9057617
vt 0.5888672 0.90625
vt 0.5898438 0.9057617
vt 0.5952148 0.9057617
vt 0.5952148 0.9057617
vt 0.5898438 0.9052734
vt 0.5878906 0.9057617
vt 0.5883789 0.9057617
vt 0.5883789 0.9047852
vt 0.5878906 0.9047852
vt 0.5874023 0.9057617
vt 0.5874023 0.9047852
vt 0.5878906 0.90625
vt 0.5874023 0.90625
vt 0.7143555 0.9091797
vt 0.7143555 0.9106445
vt 0.7143555 0.9106445
vt 0.7138672 0.9091797
vt 0.7143555 0.9106445
vt 0.7143555 0.9106445
vt 0.7143555 0.9106445
vt 0.7138672 0.9106445
vt 0.5981445 0.9038086
vt 0.597168 0.9033203
vt 0.597168 0.902832
vt 0.5991211 0.8984375
vt 0.5976563 0.8984375
vt 0.5996094 0.8984375
vt 0.5957031 0.9018555
vt 0.5957031 0.902832
vt 0.5961914 0.8984375
vt 0.59375 0.9008789
vt 0.59375 0.9018555
vt 0.59375 0.8984375
vt 0.5913086 0.9003906
vt 0.5917969 0.9008789
vt 0.5913086 0.8984375
vt 0.5898438 0.8994141
vt 0.5898438 0.8999023
vt 0.5898438 0.8984375
vt 0.5878906 0.8984375
vt 0.5883789 0.8994141
vt 0.5986328 0.9047852
vt 0.5981445 0.9042969
vt 0.5991211 0.9052734
vt 0.5986328 0.9052734
vt 0.5996094 0.8984375
vt 0.5996094 0.8984375
vt 0.5996094 0.90625
vt 0.5932617 0.9018555
vt 0.5932617 0.9008789
vt 0.59375 0.9008789
vt 0.59375 0.9018555
vt 0.5917969 0.9008789
vt 0.5917969 0.9003906
vt 0.5913086 0.9003906
vt 0.5917969 0.9008789
vt 0.590332 0.9003906
vt 0.590332 0.8994141
vt 0.5898438 0.8994141
vt 0.5898438 0.8999023
vt 0.5966797 0.9052734
vt 0.5966797 0.9047852
vt 0.5986328 0.9047852
vt 0.5986328 0.9052734
vt 0.5966797 0.9047852
vt 0.5961914 0.9042969
vt 0.5981445 0.9042969
vt 0.5986328 0.9047852
vt 0.7143555 0.9106445
vt 0.7143555 0.9106445
vt 0.7143555 0.9091797
vt 0.7143555 0.9091797
vt 0.5961914 0.9042969
vt 0.5961914 0.9038086
vt 0.5981445 0.9038086
vt 0.5981445 0.9042969
vt 0.5966797 0.9052734
vt 0.5991211 0.9052734
vt 0.5996094 0.90625
vt 0.5966797 0.9057617
vt 0.5961914 0.9038086
vt 0.5957031 0.9033203
vt 0.597168 0.9033203
vt 0.5981445 0.9038086
vt 0.5957031 0.9033203
vt 0.5957031 0.902832
vt 0.597168 0.902832
vt 0.597168 0.9033203
vt 0.5947266 0.9023438
vt 0.5947266 0.9018555
vt 0.5957031 0.9018555
vt 0.5957031 0.902832
vt 0.59375 0.9018555
vt 0.5957031 0.9018555
vt 0.5947266 0.9018555
vt 0.59375 0.9018555
vt 0.5932617 0.9018555
vt 0.5917969 0.9008789
vt 0.59375 0.9008789
vt 0.5932617 0.9008789
vt 0.5927734 0.9008789
vt 0.5917969 0.9008789
vt 0.5957031 0.902832
vt 0.597168 0.902832
vt 0.5957031 0.902832
vt 0.5952148 0.902832
vt 0.5947266 0.9023438
vt 0.5917969 0.9003906
vt 0.590332 0.9003906
vt 0.5898438 0.8999023
vt 0.5913086 0.9003906
vt 0.590332 0.8994141
vt 0.5888672 0.8994141
vt 0.5883789 0.8994141
vt 0.5898438 0.8994141
vt 0.5888672 0.8994141
vt 0.5883789 0.8984375
vt 0.5878906 0.8984375
vt 0.5883789 0.8994141
vt 0.5942383 0.9072266
vt 0.5942383 0.9082031
vt 0.5947266 0.9082031
vt 0.5947266 0.9072266
vt 0.5917969 0.9072266
vt 0.5917969 0.9082031
vt 0.5913086 0.9082031
vt 0.5913086 0.9072266
vt 0.5922852 0.9072266
vt 0.5922852 0.9072266
vt 0.5932617 0.9072266
vt 0.5927734 0.9072266
vt 0.5888672 0.9067383
vt 0.5898438 0.9072266
vt 0.590332 0.9072266
vt 0.5898438 0.9072266
vt 0.5888672 0.9067383
vt 0.5952148 0.9072266
vt 0.5942383 0.9072266
vt 0.5947266 0.9072266
vt 0.5952148 0.9072266
vt 0.5957031 0.9072266
vt 0.5952148 0.9072266
vt 0.5957031 0.9072266
vt 0.5888672 0.9067383
vt 0.5952148 0.9072266
vt 0.5942383 0.9072266
vt 0.5888672 0.9067383
vt 0.5917969 0.9072266
vt 0.5922852 0.9072266
vt 0.5913086 0.9072266
vt 0.590332 0.9072266
vt 0.5898438 0.9072266
vt 0.5893555 0.9072266
vt 0.5888672 0.9067383
vt 0.5888672 0.9067383
vt 0.5898438 0.9072266
vt 0.5893555 0.9072266
vt 0.5883789 0.9067383
vt 0.7138672 0.9091797
vt 0.7138672 0.9091797
vt 0.7143555 0.9106445
vt 0.7138672 0.9106445
vt 0.5893555 0.9072266
vt 0.5893555 0.9082031
vt 0.5883789 0.9082031
vt 0.5883789 0.9067383
vt 0.5961914 0.9082031
vt 0.5952148 0.9082031
vt 0.5957031 0.9082031
vt 0.5952148 0.9082031
vt 0.5961914 0.9082031
vt 0.5957031 0.9082031
vt 0.5908203 0.9082031
vt 0.590332 0.9082031
vt 0.5898438 0.9082031
vt 0.5913086 0.9082031
vt 0.5913086 0.9082031
vt 0.5917969 0.9082031
vt 0.5849609 0.9082031
vt 0.5844727 0.9077148
vt 0.5849609 0.9077148
vt 0.5844727 0.9082031
vt 0.5839844 0.9077148
vt 0.5839844 0.9082031
vt 0.59375 0.9082031
vt 0.5927734 0.9082031
vt 0.5932617 0.9082031
vt 0.59375 0.9082031
vt 0.5947266 0.9082031
vt 0.5942383 0.9082031
vt 0.5952148 0.9072266
vt 0.5952148 0.9082031
vt 0.5952148 0.9082031
vt 0.5952148 0.9072266
vt 0.5957031 0.9082031
vt 0.5957031 0.9072266
vt 0.5898438 0.9072266
vt 0.5898438 0.9082031
vt 0.590332 0.9082031
vt 0.590332 0.9072266
vt 0.5888672 0.9067383
vt 0.5888672 0.9082031
vt 0.5888672 0.9082031
vt 0.5888672 0.9067383
vt 0.5893555 0.9082031
vt 0.5893555 0.9072266
vt 0.5927734 0.9072266
vt 0.5927734 0.9082031
vt 0.59375 0.9082031
vt 0.59375 0.9072266
vt 0.5942383 0.9082031
vt 0.5942383 0.9072266
vt 0.5957031 0.9072266
vt 0.5957031 0.9082031
vt 0.5952148 0.9082031
vt 0.5952148 0.9072266
vt 0.5932617 0.9072266
vt 0.5932617 0.9082031
vt 0.5927734 0.9082031
vt 0.5927734 0.9072266
vt 0.5913086 0.9072266
vt 0.5917969 0.9082031
vt 0.5917969 0.9072266
vt 0.5913086 0.9082031
vt 0.590332 0.9072266
vt 0.590332 0.9082031
vt 0.5957031 0.90625
vt 0.5952148 0.9067383
vt 0.5952148 0.9067383
vt 0.5952148 0.90625
vt 0.5957031 0.9057617
vt 0.5952148 0.9057617
vt 0.5952148 0.9057617
vt 0.5952148 0.9067383
vt 0.5952148 0.90625
vt 0.5888672 0.9057617
vt 0.5888672 0.90625
vt 0.5883789 0.9047852
vt 0.5883789 0.9057617
vt 0.5893555 0.9057617
vt 0.5893555 0.9052734
vt 0.5893555 0.9057617
vt 0.5898438 0.9052734
vt 0.5898438 0.9057617
vt 0.5898438 0.9052734
vt 0.5898438 0.9057617
vt 0.5898438 0.9052734
vt 0.7143555 0.9091797
vt 0.7143555 0.9091797
vt 0.7138672 0.9091797
vt 0.7138672 0.9091797
vt 0.6020508 0.9169922
vt 0.6020508 0.9204102
vt 0.6020508 0.9179688
vt 0.6020508 0.9204102
vt 0.6015625 0.9208984
vt 0.6010742 0.9208984
vt 0.6020508 0.9208984
vt 0.6030273 0.9204102
vt 0.6040039 0.9208984
vt 0.6020508 0.9130859
vt 0.6044922 0.9204102
vt 0.6054688 0.9208984
vt 0.6054688 0.9204102
vt 0.6064453 0.9208984
vt 0.605957 0.9204102
vt 0.6074219 0.9208984
vt 0.6069336 0.9204102
vt 0.6083984 0.9208984
vt 0.6074219 0.9204102
vt 0.6040039 0.9174805
vt 0.6044922 0.9169922
vt 0.6035156 0.9169922
vt 0.6044922 0.9140625
vt 0.6025391 0.9130859
vt 0.6035156 0.9140625
vt 0.6054688 0.9130859
vt 0.6040039 0.9130859
vt 0.6040039 0.9140625
vt 0.605957 0.9130859
vt 0.6069336 0.9169922
vt 0.6069336 0.9179688
vt 0.6074219 0.9169922
vt 0.6074219 0.9140625
vt 0.6069336 0.9140625
vt 0.6079102 0.9130859
vt 0.6054688 0.9130859
vt 0.6049805 0.9130859
vt 0.6074219 0.9130859
vt 0.6069336 0.9140625
vt 0.6069336 0.9130859
vt 0.6074219 0.9130859
vt 0.605957 0.9125977
vt 0.6049805 0.9130859
vt 0.6069336 0.9130859
vt 0.6064453 0.9130859
vt 0.6079102 0.9130859
vt 0.6088867 0.9130859
vt 0.6083984 0.9130859
vt 0.609375 0.9130859
vt 0.6083984 0.9130859
vt 0.6079102 0.9130859
vt 0.6079102 0.9130859
vt 0.6083984 0.9130859
vt 0.6074219 0.9130859
vt 0.6074219 0.9130859
vt 0.6074219 0.9150391
vt 0.6079102 0.9150391
vt 0.6079102 0.9150391
vt 0.6064453 0.9130859
vt 0.6069336 0.9130859
vt 0.6064453 0.9130859
vt 0.6083984 0.9130859
vt 0.6083984 0.9130859
vt 0.6083984 0.9130859
vt 0.6088867 0.9130859
vt 0.609375 0.9130859
vt 0.605957 0.9130859
vt 0.6049805 0.9130859
vt 0.6064453 0.9130859
vt 0.6069336 0.9130859
vt 0.6054688 0.9130859
vt 0.6049805 0.9150391
vt 0.605957 0.9150391
vt 0.6044922 0.9150391
vt 0.6044922 0.9130859
vt 0.6035156 0.9130859
vt 0.6035156 0.9130859
vt 0.6030273 0.9130859
vt 0.6020508 0.9130859
vt 0.6020508 0.9130859
vt 0.6010742 0.9130859
vt 0.6015625 0.9130859
vt 0.6025391 0.9150391
vt 0.6030273 0.9150391
vt 0.6020508 0.9150391
vt 0.6000977 0.9130859
vt 0.6005859 0.9130859
vt 0.6010742 0.9130859
vt 0.6015625 0.9130859
vt 0.6010742 0.9130859
vt 0.6010742 0.9130859
vt 0.6020508 0.9130859
vt 0.6020508 0.9140625
vt 0.6020508 0.9140625
vt 0.6030273 0.9130859
vt 0.6035156 0.9130859
vt 0.6030273 0.9130859
vt 0.6025391 0.9125977
vt 0.6015625 0.9130859
vt 0.6010742 0.9130859
vt 0.6010742 0.9150391
vt 0.6010742 0.9150391
vt 0.6010742 0.9150391
vt 0.6010742 0.9130859
vt 0.6010742 0.9130859
vt 0.6000977 0.9130859
vt 0.6000977 0.9130859
vt 0.6005859 0.9130859
vt 0.6010742 0.9130859
vt 0.6020508 0.9179688
vt 0.6020508 0.9204102
vt 0.6020508 0.9169922
vt 0.6020508 0.9204102
vt 0.6010742 0.9208984
vt 0.6015625 0.9208984
vt 0.6020508 0.9130859
vt 0.6020508 0.9140625
vt 0.6015625 0.9130859
vt 0.6020508 0.9140625
vt 0.6030273 0.9204102
vt 0.6025391 0.9208984
vt 0.6040039 0.9204102
vt 0.6035156 0.9208984
vt 0.6049805 0.9204102
vt 0.6049805 0.9208984
vt 0.605957 0.9204102
vt 0.6064453 0.9208984
vt 0.6069336 0.9204102
vt 0.6074219 0.9208984
vt 0.6074219 0.9204102
vt 0.6083984 0.9208984
vt 0.6074219 0.9204102
vt 0.6083984 0.9208984
vt 0.6079102 0.9130859
vt 0.6079102 0.9130859
vt 0.6035156 0.9179688
vt 0.6030273 0.9169922
vt 0.6030273 0.9140625
vt 0.6035156 0.9140625
vt 0.6035156 0.9130859
vt 0.6040039 0.9140625
vt 0.6040039 0.9169922
vt 0.6049805 0.9130859
vt 0.6064453 0.9130859
vt 0.6064453 0.9140625
vt 0.6069336 0.9130859
vt 0.6064453 0.9169922
vt 0.6069336 0.9140625
vt 0.6074219 0.9130859
vt 0.6069336 0.9179688
vt 0.6074219 0.9140625
vt 0.6069336 0.9169922
vt 0.6020508 0.9204102
vt 0.6020508 0.9169922
vt 0.6020508 0.9140625
vt 0.6020508 0.9130859
vt 0.605957 0.9130859
vt 0.6054688 0.9130859
vt 0.6064453 0.9130859
vt 0.6069336 0.9130859
vt 0.6069336 0.9150391
vt 0.6064453 0.9145508
vt 0.6074219 0.9150391
vt 0.6074219 0.9130859
vt 0.6040039 0.9130859
vt 0.6040039 0.9130859
vt 0.6049805 0.9130859
vt 0.6035156 0.9130859
vt 0.6074219 0.9130859
vt 0.6079102 0.9130859
vt 0.6069336 0.9130859
vt 0.6064453 0.9130859
vt 0.6044922 0.9130859
vt 0.6044922 0.9130859
vt 0.6035156 0.9130859
vt 0.6035156 0.9130859
vt 0.6025391 0.9130859
vt 0.6030273 0.9130859
vt 0.6083984 0.9130859
vt 0.609375 0.9130859
vt 0.609375 0.9130859
vt 0.6083984 0.9130859
vt 0.7211914 0.9199219
vt 0.7211914 0.9194336
vt 0.7211914 0.9194336
vt 0.7211914 0.9199219
vt 0.7211914 0.9194336
vt 0.7211914 0.9174805
vt 0.7211914 0.9174805
vt 0.7211914 0.9194336
vt 0.6557617 0.894043
vt 0.65625 0.894043
vt 0.6586914 0.9008789
vt 0.6567383 0.894043
vt 0.6582031 0.894043
vt 0.6586914 0.9008789
vt 0.659668 0.894043
vt 0.6586914 0.9003906
vt 0.6601563 0.894043
vt 0.6586914 0.9003906
vt 0.6586914 0.9008789
vt 0.6611328 0.894043
vt 0.6586914 0.9003906
vt 0.6621094 0.894043
vt 0.65625 0.894043
vt 0.6557617 0.894043
vt 0.6586914 0.9008789
vt 0.6567383 0.894043
vt 0.6582031 0.894043
vt 0.6591797 0.894043
vt 0.6606445 0.894043
vt 0.6611328 0.894043
vt 0.6586914 0.9008789
vt 0.6616211 0.894043
vt 0.6586914 0.9008789
vt 0.6621094 0.894043
vt 0.6586914 0.9003906
vt 0.6586914 0.9008789
vt 0.6586914 0.9008789
vt 0.6586914 0.9008789
vt 0.6586914 0.9003906
vt 0.7202148 0.9194336
vt 0.7197266 0.9174805
vt 0.7202148 0.9174805
vt 0.7197266 0.9199219
vt 0.7197266 0.9174805
vt 0.7197266 0.9194336
vt 0.7197266 0.9194336
vt 0.7197266 0.9174805
vt 0.7197266 0.9174805
vt 0.7197266 0.9194336
vt 0.7197266 0.9199219
vt 0.7197266 0.9194336
vt 0.7197266 0.9194336
vt 0.7197266 0.9199219
vt 0.7211914 0.9199219
vt 0.7211914 0.9194336
vt 0.7211914 0.9174805
vt 0.7211914 0.9174805
vt 0.7207031 0.9194336
vt 0.7207031 0.9174805
vt 0.7211914 0.9174805
vt 0.7207031 0.9194336
vt 0.7207031 0.9194336
vt 0.7207031 0.9174805
vt 0.7207031 0.9194336
vt 0.7211914 0.9199219
vt 0.7211914 0.9199219
vt 0.7207031 0.9194336
vt 0.7192383 0.9199219
vt 0.7192383 0.9194336
vt 0.7192383 0.9194336
vt 0.7192383 0.9199219
vt 0.7192383 0.9194336
vt 0.7192383 0.9174805
vt 0.7192383 0.9174805
vt 0.7192383 0.9194336
vt 0.7211914 0.9174805
vt 0.7211914 0.9174805
vt 0.7207031 0.9174805
vt 0.7211914 0.9174805
vt 0.7211914 0.9174805
vt 0.7211914 0.9174805
vt 0.7211914 0.9174805
vt 0.7211914 0.9174805
vt 0.7192383 0.9174805
vt 0.7192383 0.9174805
vt 0.7192383 0.9174805
vt 0.7192383 0.9174805
vt 0.7192383 0.9174805
vt 0.7192383 0.9174805
vt 0.7192383 0.9174805
vt 0.7192383 0.9174805
vt 0.7211914 0.9199219
vt 0.7211914 0.9194336
vt 0.7207031 0.9194336
vt 0.7211914 0.9199219
vt 0.7211914 0.9194336
vt 0.7211914 0.9174805
vt 0.7211914 0.9174805
vt 0.7207031 0.9194336
vt 0.7197266 0.9174805
vt 0.7197266 0.9174805
vt 0.7197266 0.9174805
vt 0.7202148 0.9174805
vt 0.7197266 0.9174805
vt 0.7197266 0.9174805
vt 0.7197266 0.9174805
vt 0.7197266 0.9174805
vt 0.7197266 0.9174805
vt 0.7197266 0.9194336
vt 0.7197266 0.9194336
vt 0.7197266 0.9174805
vt 0.7197266 0.9194336
vt 0.7197266 0.9199219
vt 0.7197266 0.9199219
vt 0.7197266 0.9194336
vt 0.7192383 0.9174805
vt 0.7192383 0.9194336
vt 0.7192383 0.9194336
vt 0.7192383 0.9174805
vt 0.7192383 0.9194336
vt 0.7192383 0.9199219
vt 0.7192383 0.9199219
vt 0.7192383 0.9194336
vt 0.7197266 0.9174805
vt 0.7197266 0.9174805
vt 0.7197266 0.9174805
vt 0.7197266 0.9174805
vt 0.7197266 0.9174805
vt 0.7202148 0.9174805
vt 0.7202148 0.9174805
vt 0.7197266 0.9174805
vt 0.7211914 0.9174805
vt 0.7211914 0.9174805
vt 0.7211914 0.9174805
vt 0.7211914 0.9174805
vt 0.7211914 0.9174805
vt 0.7211914 0.9174805
vt 0.7211914 0.9174805
vt 0.7211914 0.9174805
vt 0.7211914 0.9174805
vt 0.7211914 0.9199219
vt 0.7211914 0.9194336
vt 0.7211914 0.9174805
vt 0.7211914 0.9199219
vt 0.7211914 0.9199219
vt 0.7211914 0.9199219
vt 0.7211914 0.9194336
vt 0.7202148 0.9174805
vt 0.7202148 0.9194336
vt 0.7202148 0.9194336
vt 0.7202148 0.9174805
vt 0.7202148 0.9194336
vt 0.7197266 0.9199219
vt 0.7197266 0.9199219
vt 0.7202148 0.9194336
vt 0.7197266 0.9199219
vt 0.7197266 0.9194336
vt 0.7202148 0.9174805
vt 0.7197266 0.9174805
vt 0.7197266 0.9194336
vt 0.7197266 0.9174805
vt 0.7197266 0.9194336
vt 0.7197266 0.9174805
vt 0.7202148 0.9174805
vt 0.7197266 0.9194336
vt 0.7197266 0.9199219
vt 0.7197266 0.9194336
vt 0.7197266 0.9194336
vt 0.7197266 0.9199219
vt 0.7211914 0.9199219
vt 0.7207031 0.9194336
vt 0.7211914 0.9174805
vt 0.7211914 0.9174805
vt 0.7211914 0.9194336
vt 0.7211914 0.9174805
vt 0.7192383 0.9199219
vt 0.7192383 0.9194336
vt 0.7192383 0.9174805
vt 0.7192383 0.9174805
vt 0.7192383 0.9194336
vt 0.7192383 0.9174805
vt 0.5854492 0.9067383
vt 0.5849609 0.9067383
vt 0.5849609 0.9082031
vt 0.5849609 0.9077148
vt 0.5825195 0.9072266
vt 0.5830078 0.9072266
vt 0.5830078 0.9082031
vt 0.5825195 0.9082031
vt 0.7202148 0.9077148
vt 0.7202148 0.9077148
vt 0.7207031 0.9072266
vt 0.7207031 0.9072266
vt 0.7197266 0.9072266
vt 0.7202148 0.9077148
vt 0.7202148 0.9077148
vt 0.7197266 0.9072266
vt 0.6010742 0.9130859
vt 0.6010742 0.9150391
vt 0.6000977 0.9150391
vt 0.6000977 0.9130859
vt 0.6005859 0.9130859
vt 0.6005859 0.9145508
vt 0.6010742 0.9145508
vt 0.6010742 0.9130859
vt 0.6020508 0.9130859
vt 0.6020508 0.9145508
vt 0.6015625 0.9145508
vt 0.6015625 0.9130859
vt 0.6030273 0.9130859
vt 0.6030273 0.9145508
vt 0.6035156 0.9145508
vt 0.6035156 0.9130859
vt 0.6049805 0.9130859
vt 0.6049805 0.9145508
vt 0.6049805 0.9145508
vt 0.6049805 0.9130859
vt 0.6083984 0.9130859
vt 0.6083984 0.9150391
vt 0.6083984 0.9130859
vt 0.6083984 0.9150391
vt 0.6083984 0.9130859
vt 0.6083984 0.9150391
vt 0.6040039 0.9130859
vt 0.6049805 0.9145508
vt 0.6049805 0.9130859
vt 0.6040039 0.9145508
vt 0.6035156 0.9130859
vt 0.6035156 0.9145508
vt 0.6064453 0.9116211
vt 0.6074219 0.9116211
vt 0.6074219 0.9116211
vt 0.605957 0.9116211
vt 0.6054688 0.9116211
vt 0.6074219 0.9130859
vt 0.6074219 0.9150391
vt 0.6083984 0.9145508
vt 0.6083984 0.9130859
vt 0.6010742 0.9130859
vt 0.6010742 0.9145508
vt 0.6015625 0.9145508
vt 0.6015625 0.9130859
vt 0.6020508 0.9145508
vt 0.6020508 0.9130859
vt 0.6083984 0.9130859
vt 0.6083984 0.9150391
vt 0.609375 0.9150391
vt 0.609375 0.9130859
vt 0.6074219 0.9130859
vt 0.6074219 0.9150391
vt 0.6079102 0.9150391
vt 0.6079102 0.9130859
vt 0.6088867 0.9130859
vt 0.6088867 0.9150391
vt 0.6079102 0.9150391
vt 0.6083984 0.9130859
vt 0.6064453 0.9130859
vt 0.605957 0.9150391
vt 0.605957 0.9150391
vt 0.605957 0.9130859
vt 0.6044922 0.9130859
vt 0.6044922 0.9150391
vt 0.6044922 0.9150391
vt 0.6044922 0.9130859
vt 0.6025391 0.9130859
vt 0.6025391 0.9150391
vt 0.6030273 0.9150391
vt 0.6030273 0.9130859
vt 0.6020508 0.9130859
vt 0.6020508 0.9150391
vt 0.6010742 0.9150391
vt 0.6010742 0.9130859
vt 0.6010742 0.9150391
vt 0.6000977 0.9150391
vt 0.6000977 0.9150391
vt 0.6010742 0.9150391
vt 0.6000977 0.9150391
vt 0.6010742 0.9150391
vt 0.6035156 0.9145508
vt 0.6030273 0.9145508
vt 0.6040039 0.9145508
vt 0.6040039 0.9145508
vt 0.6049805 0.9145508
vt 0.6049805 0.9145508
vt 0.6010742 0.9145508
vt 0.6005859 0.9145508
vt 0.6010742 0.9145508
vt 0.6015625 0.9145508
vt 0.6015625 0.9145508
vt 0.6020508 0.9145508
vt 0.6069336 0.9150391
vt 0.6083984 0.9145508
vt 0.6074219 0.9150391
vt 0.6074219 0.9145508
vt 0.6064453 0.9145508
vt 0.6069336 0.9145508
vt 0.6083984 0.9150391
vt 0.609375 0.9150391
vt 0.6083984 0.9150391
vt 0.609375 0.9150391
vt 0.6083984 0.9150391
vt 0.609375 0.9150391
vt 0.6079102 0.9150391
vt 0.6088867 0.9150391
vt 0.6083984 0.9150391
vt 0.6079102 0.9150391
vt 0.6079102 0.9150391
vt 0.6074219 0.9150391
vt 0.6049805 0.9150391
vt 0.6044922 0.9150391
vt 0.6044922 0.9150391
vt 0.6054688 0.9150391
vt 0.605957 0.9150391
vt 0.605957 0.9150391
vt 0.6025391 0.9150391
vt 0.6010742 0.9150391
vt 0.6020508 0.9150391
vt 0.6020508 0.9150391
vt 0.6030273 0.9150391
vt 0.6025391 0.9150391
vt 0.6069336 0.9130859
vt 0.6069336 0.9145508
vt 0.6064453 0.9145508
vt 0.6064453 0.9130859
vt 0.609375 0.9130859
vt 0.609375 0.9150391
vt 0.6083984 0.9150391
vt 0.6083984 0.9130859
vt 0.6103516 0.8984375
vt 0.609375 0.8984375
vt 0.609375 0.9008789
vt 0.6103516 0.9013672
vt 0.6103516 0.9013672
vt 0.609375 0.9008789
vt 0.6098633 0.8984375
vt 0.6108398 0.8984375
vt 0.6103516 0.9018555
vt 0.609375 0.9013672
vt 0.609375 0.9008789
vt 0.6103516 0.9013672
vt 0.7197266 0.9047852
vt 0.7197266 0.9047852
vt 0.7197266 0.9072266
vt 0.7197266 0.9072266
vt 0.7207031 0.9072266
vt 0.7207031 0.9072266
vt 0.7207031 0.9047852
vt 0.7207031 0.9047852
vt 0.609375 0.9013672
vt 0.609375 0.9008789
vt 0.609375 0.8984375
vt 0.6098633 0.8984375
vt 0.6098633 0.8984375
vt 0.609375 0.9008789
vt 0.609375 0.9013672
vt 0.6103516 0.9018555
vt 0.6103516 0.9013672
vt 0.609375 0.9008789
vt 0.7202148 0.9077148
vt 0.7207031 0.9047852
vt 0.7207031 0.9072266
vt 0.7202148 0.9047852
vt 0.7197266 0.9047852
vt 0.7197266 0.9072266
vt 0.6079102 0.909668
vt 0.6079102 0.9116211
vt 0.6064453 0.9116211
vt 0.6064453 0.909668
vt 0.605957 0.909668
vt 0.605957 0.9116211
vt 0.6074219 0.9116211
vt 0.6074219 0.909668
vt 0.6054688 0.909668
vt 0.6054688 0.9116211
vt 0.605957 0.9116211
vt 0.605957 0.909668
vt 0.7207031 0.9072266
vt 0.7207031 0.9082031
vt 0.7216797 0.9082031
vt 0.7216797 0.9077148
vt 0.722168 0.9047852
vt 0.7211914 0.9047852
vt 0.7207031 0.9072266
vt 0.7216797 0.9077148
vt 0.7216797 0.9121094
vt 0.7211914 0.9125977
vt 0.7211914 0.9125977
vt 0.7211914 0.9121094
vt 0.7211914 0.9106445
vt 0.7216797 0.9106445
vt 0.7216797 0.9121094
vt 0.7211914 0.9121094
vt 0.7211914 0.9125977
vt 0.7211914 0.9121094
vt 0.7211914 0.9121094
vt 0.7211914 0.9125977
vt 0.7211914 0.9121094
vt 0.7211914 0.9121094
vt 0.7216797 0.9106445
vt 0.7211914 0.9106445
vt 0.7211914 0.9106445
vt 0.7211914 0.9125977
vt 0.7211914 0.9121094
vt 0.7211914 0.9106445
vt 0.7211914 0.9121094
vt 0.7216797 0.9106445
vt 0.7216797 0.9106445
vt 0.7211914 0.9106445
vt 0.7211914 0.9106445
vt 0.7094727 0.9077148
vt 0.7094727 0.9077148
vt 0.7089844 0.9077148
vt 0.7089844 0.9072266
vt 0.7089844 0.9077148
vt 0.7089844 0.9072266
vt 0.7089844 0.9072266
vt 0.7089844 0.9072266
vt 0.7084961 0.909668
vt 0.7084961 0.9116211
vt 0.7084961 0.9116211
vt 0.7080078 0.909668
vt 0.5786133 0.9101563
vt 0.5791016 0.909668
vt 0.578125 0.9101563
vt 0.5771484 0.909668
vt 0.5766602 0.9101563
vt 0.7080078 0.9072266
vt 0.7075195 0.9047852
vt 0.7075195 0.9047852
vt 0.7080078 0.9072266
vt 0.7080078 0.9077148
vt 0.7080078 0.9072266
vt 0.7075195 0.9047852
vt 0.7080078 0.9072266
vt 0.7080078 0.9116211
vt 0.7084961 0.9116211
vt 0.7084961 0.9116211
vt 0.7084961 0.9116211
vt 0.5820313 0.9116211
vt 0.5810547 0.9116211
vt 0.5810547 0.9135742
vt 0.5820313 0.9135742
vt 0.5800781 0.9116211
vt 0.5805664 0.9116211
vt 0.5805664 0.9135742
vt 0.5800781 0.9130859
vt 0.5786133 0.9116211
vt 0.5786133 0.9116211
vt 0.5786133 0.9130859
vt 0.5786133 0.9130859
vt 0.5742188 0.9116211
vt 0.574707 0.9130859
vt 0.5742188 0.9130859
vt 0.5742188 0.9111328
vt 0.574707 0.9130859
vt 0.574707 0.9116211
vt 0.5771484 0.9116211
vt 0.5766602 0.9116211
vt 0.5766602 0.9130859
vt 0.5771484 0.9130859
vt 0.5751953 0.9116211
vt 0.5756836 0.9116211
vt 0.5756836 0.9130859
vt 0.5751953 0.9130859
vt 0.574707 0.9116211
vt 0.5737305 0.9116211
vt 0.5742188 0.9130859
vt 0.574707 0.9130859
vt 0.5732422 0.9111328
vt 0.5742188 0.9116211
vt 0.5742188 0.9130859
vt 0.5737305 0.9130859
vt 0.574707 0.9116211
vt 0.5737305 0.9116211
vt 0.5737305 0.9130859
vt 0.574707 0.9130859
vt 0.5756836 0.9116211
vt 0.5766602 0.9116211
vt 0.5766602 0.9130859
vt 0.5761719 0.9130859
vt 0.5751953 0.9116211
vt 0.5756836 0.9130859
vt 0.574707 0.9116211
vt 0.5751953 0.9116211
vt 0.5756836 0.9130859
vt 0.574707 0.9130859
vt 0.5766602 0.9116211
vt 0.5761719 0.9116211
vt 0.5761719 0.9130859
vt 0.5766602 0.9130859
vt 0.5786133 0.9116211
vt 0.5795898 0.9116211
vt 0.5795898 0.9130859
vt 0.5786133 0.9135742
vt 0.578125 0.9116211
vt 0.578125 0.9130859
vt 0.5751953 0.9116211
vt 0.574707 0.9116211
vt 0.574707 0.9130859
vt 0.5751953 0.9130859
vt 0.5756836 0.9116211
vt 0.5756836 0.9130859
vt 0.5795898 0.9116211
vt 0.5795898 0.9116211
vt 0.5795898 0.9135742
vt 0.5795898 0.9130859
vt 0.581543 0.9116211
vt 0.5805664 0.9116211
vt 0.5810547 0.9135742
vt 0.581543 0.9135742
vt 0.5810547 0.9135742
vt 0.5805664 0.9135742
vt 0.5810547 0.9135742
vt 0.5820313 0.9135742
vt 0.5805664 0.9135742
vt 0.5800781 0.9130859
vt 0.5805664 0.9135742
vt 0.5810547 0.9135742
vt 0.5786133 0.9130859
vt 0.5776367 0.9130859
vt 0.5786133 0.9130859
vt 0.5776367 0.9130859
vt 0.5766602 0.9130859
vt 0.5771484 0.9130859
vt 0.5756836 0.9130859
vt 0.574707 0.9130859
vt 0.5751953 0.9130859
vt 0.5751953 0.9130859
vt 0.5742188 0.9130859
vt 0.574707 0.9130859
vt 0.5742188 0.9130859
vt 0.5737305 0.9130859
vt 0.5737305 0.9130859
vt 0.574707 0.9130859
vt 0.5737305 0.9130859
vt 0.574707 0.9130859
vt 0.5756836 0.9130859
vt 0.5751953 0.9130859
vt 0.574707 0.9130859
vt 0.5761719 0.9130859
vt 0.5761719 0.9130859
vt 0.5766602 0.9130859
vt 0.578125 0.9130859
vt 0.5791016 0.9135742
vt 0.578125 0.9130859
vt 0.5786133 0.9135742
vt 0.5795898 0.9135742
vt 0.5795898 0.9130859
vt 0.5810547 0.9135742
vt 0.581543 0.9135742
vt 0.5820313 0.9135742
vt 0.581543 0.9135742
vt 0.581543 0.9135742
vt 0.581543 0.9135742
vt 0.5825195 0.9135742
vt 0.5820313 0.9135742
vt 0.578125 0.9116211
vt 0.578125 0.9116211
vt 0.578125 0.9130859
vt 0.578125 0.9130859
vt 0.5805664 0.9116211
vt 0.5800781 0.9116211
vt 0.5800781 0.9130859
vt 0.5805664 0.9135742
vt 0.5810547 0.9116211
vt 0.5810547 0.9135742
vt 0.7084961 0.9116211
vt 0.7080078 0.9116211
vt 0.7084961 0.9116211
vt 0.7084961 0.9116211
vt 0.5786133 0.9116211
vt 0.5776367 0.9130859
vt 0.5786133 0.9130859
vt 0.5776367 0.9116211
vt 0.5771484 0.9130859
vt 0.5771484 0.9116211
vt 0.7075195 0.9072266
vt 0.7075195 0.9047852
vt 0.7075195 0.9047852
vt 0.7080078 0.9072266
vt 0.7075195 0.9077148
vt 0.7075195 0.9072266
vt 0.7080078 0.9072266
vt 0.7080078 0.9072266
vt 0.7080078 0.9077148
vt 0.7075195 0.9077148
vt 0.7075195 0.9077148
vt 0.7080078 0.9072266
vt 0.7070313 0.9047852
vt 0.7075195 0.9072266
vt 0.7080078 0.9072266
vt 0.7075195 0.9047852
vt 0.7099609 0.9072266
vt 0.7094727 0.9077148
vt 0.7094727 0.9072266
vt 0.7094727 0.9072266
vt 0.7094727 0.9072266
vt 0.7094727 0.9077148
vt 0.7094727 0.9077148
vt 0.7094727 0.9077148
vt 0.7094727 0.9072266
vt 0.7094727 0.9072266
vt 0.7094727 0.9077148
vt 0.7094727 0.9047852
vt 0.7094727 0.9047852
vt 0.7089844 0.9072266
vt 0.7089844 0.9047852
vt 0.7089844 0.9072266
vt 0.7089844 0.9072266
vt 0.7084961 0.9047852
vt 0.7089844 0.9047852
vt 0.7089844 0.9072266
vt 0.7099609 0.9047852
vt 0.7099609 0.9072266
vt 0.7094727 0.9072266
vt 0.7094727 0.9047852
vt 0.7075195 0.9072266
vt 0.7075195 0.9077148
vt 0.7080078 0.9072266
vt 0.7080078 0.9072266
vt 0.7080078 0.9072266
vt 0.7075195 0.9077148
vt 0.7075195 0.9077148
vt 0.7080078 0.9077148
vt 0.5786133 0.9077148
vt 0.5771484 0.9077148
vt 0.5771484 0.909668
vt 0.5791016 0.909668
vt 0.7158203 0.8979492
vt 0.7158203 0.8984375
vt 0.7158203 0.8984375
vt 0.7158203 0.8979492
vt 0.7158203 0.8984375
vt 0.7158203 0.8984375
vt 0.7158203 0.8984375
vt 0.7158203 0.8984375
vt 0.5776367 0.9077148
vt 0.5791016 0.9077148
vt 0.5791016 0.909668
vt 0.5776367 0.909668
vt 0.5786133 0.9077148
vt 0.5786133 0.9077148
vt 0.5791016 0.909668
vt 0.5786133 0.9101563
vt 0.7084961 0.9116211
vt 0.7084961 0.909668
vt 0.7084961 0.909668
vt 0.7084961 0.9116211
vt 0.7080078 0.909668
vt 0.7080078 0.9116211
vt 0.7084961 0.9116211
vt 0.7084961 0.909668
vt 0.7080078 0.9116211
vt 0.7080078 0.909668
vt 0.7080078 0.909668
vt 0.7084961 0.9116211
vt 0.7084961 0.909668
vt 0.7084961 0.9116211
vt 0.7084961 0.9116211
vt 0.7084961 0.909668
vt 0.7158203 0.8984375
vt 0.7158203 0.8989258
vt 0.7158203 0.8989258
vt 0.7158203 0.8984375
vt 0.7158203 0.8989258
vt 0.7158203 0.8989258
vt 0.7158203 0.8989258
vt 0.7158203 0.8989258
vt 0.7158203 0.8989258
vt 0.7158203 0.8989258
vt 0.7158203 0.8984375
vt 0.7158203 0.8984375
vt 0.7158203 0.8989258
vt 0.7158203 0.8984375
vt 0.7158203 0.8989258
vt 0.7158203 0.8989258
vt 0.7158203 0.8984375
vt 0.7158203 0.8989258
vt 0.7158203 0.8989258
vt 0.7158203 0.8989258
vt 0.7158203 0.8989258
vt 0.7084961 0.909668
vt 0.7084961 0.9116211
vt 0.7084961 0.9116211
vt 0.7084961 0.909668
vt 0.7080078 0.909668
vt 0.7084961 0.909668
vt 0.7084961 0.909668
vt 0.7080078 0.909668
vt 0.7084961 0.909668
vt 0.7080078 0.909668
vt 0.7084961 0.909668
vt 0.7084961 0.909668
vt 0.7158203 0.8984375
vt 0.7158203 0.8984375
vt 0.7158203 0.8984375
vt 0.7158203 0.8984375
vt 0.6000977 0.9130859
vt 0.6000977 0.9150391
vt 0.6010742 0.9150391
vt 0.6010742 0.9130859
vn -0.8271484 -0.1207886 0.5488281
vn -0.8271484 -0.1207886 0.5488281
vn -0.8271484 -0.1207886 0.5488281
vn -0.5507813 -0.1275635 -0.824707
vn -0.5507813 -0.1275635 -0.824707
vn -0.5507813 -0.1275635 -0.824707
vn -0.9731445 -0.1252441 -0.1933594
vn -0.9731445 -0.1252441 -0.1933594
vn -0.9731445 -0.1252441 -0.1933594
vn 0.5551758 -0.1435547 0.8193359
vn 0.5551758 -0.1435547 0.8193359
vn 0.5551758 -0.1435547 0.8193359
vn -0.7573242 -0.09796143 -0.6455078
vn -0.7573242 -0.09796143 -0.6455078
vn -0.7573242 -0.09796143 -0.6455078
vn -0.6567383 -0.1100464 0.7460938
vn -0.6567383 -0.1100464 0.7460938
vn -0.6567383 -0.1100464 0.7460938
vn 0.9902344 -0.1207886 -0.06860352
vn 0.9902344 -0.1207886 -0.06860352
vn 0.9902344 -0.1207886 -0.06860352
vn -0.1968994 -0.1209717 0.9731445
vn -0.1968994 -0.1209717 0.9731445
vn -0.1968994 -0.1209717 0.9731445
vn -0.07232666 -0.1140747 -0.9907227
vn -0.07232666 -0.1140747 -0.9907227
vn -0.07232666 -0.1140747 -0.9907227
vn 0.9726563 -0.130127 0.1912842
vn 0.9726563 -0.130127 0.1912842
vn 0.9726563 -0.130127 0.1912842
vn 0.06903076 -0.1201782 0.9902344
vn 0.06903076 -0.1201782 0.9902344
vn 0.06903076 -0.1201782 0.9902344
vn 0.7519531 -0.1120605 0.6494141
vn 0.7519531 -0.1120605 0.6494141
vn 0.7519531 -0.1120605 0.6494141
vn 0.8300781 -0.1317139 -0.5415039
vn 0.8300781 -0.1317139 -0.5415039
vn 0.8300781 -0.1317139 -0.5415039
vn -0.9907227 -0.1179199 0.06604004
vn -0.9907227 -0.1179199 0.06604004
vn -0.9907227 -0.1179199 0.06604004
vn 0.1983643 -0.12146 -0.9726563
vn 0.1983643 -0.12146 -0.9726563
vn 0.1983643 -0.12146 -0.9726563
vn 0.6518555 -0.1207886 -0.7485352
vn 0.6518555 -0.1207886 -0.7485352
vn 0.6518555 -0.1207886 -0.7485352
vn 0.03424072 0.07641602 0.996582
vn 0.08001709 0.08551025 0.9931641
vn 0.07110596 0.07800293 0.9946289
vn -0.01406097 0.5800781 -0.8144531
vn -0.01406097 0.5800781 -0.8144531
vn -0.01406097 0.5800781 -0.8144531
vn 0.9848633 0.1394043 -0.1010132
vn 0.9848633 0.1394043 -0.1010132
vn 0.9848633 0.1394043 -0.1010132
vn 0.7026367 0.706543 -0.08337402
vn 0.7026367 0.706543 -0.08337402
vn 0.7026367 0.706543 -0.08337402
vn -0.2301025 0.007038116 -0.9731445
vn 0.2648926 0.03125 -0.9638672
vn 0.2875977 0.0181427 -0.9575195
vn -0.3796387 -0.006763458 -0.925293
vn -0.2521973 -0.006759644 -0.9677734
vn -0.3583984 0.004009247 -0.9335938
vn -0.7353516 -0.01496887 -0.6777344
vn -0.7944336 -0.03897095 -0.605957
vn -0.7568359 -0.01259613 -0.6533203
vn -0.7954102 -0.03897095 -0.6049805
vn -0.8579102 -0.02507019 -0.5136719
vn -0.8544922 -0.003952026 -0.5195313
vn -0.9711914 -0.01273346 -0.2373047
vn -0.6357422 0.04345703 -0.7709961
vn -0.7768555 0.01921082 -0.6293945
vn -0.8662109 0.002099991 -0.5
vn -0.9516602 -0.004112244 -0.3068848
vn -0.9960938 -0.005989075 -0.08850098
vn -0.9995117 -0.003229141 0.03707886
vn -0.9902344 -0.001763344 0.1409912
vn -0.9707031 -0.000287056 0.2403564
vn -0.9760742 -0.00193882 0.2165527
vn -0.09851074 -0.9951172 0.01728821
vn -0.8417969 0.01025391 0.5395508
vn -0.769043 0.01722717 0.6386719
vn -0.7880859 0.06622314 0.6118164
vn -0.7250977 0.02099609 0.6884766
vn -0.4440918 0.1337891 0.8857422
vn -0.7607422 -0.02671814 0.6484375
vn -0.7709961 -0.03771973 0.6362305
vn -0.5673828 0.03878784 0.8227539
vn -0.6474609 -0.01074219 0.7617188
vn -0.6391602 -0.03591919 0.7685547
vn -0.2155762 0.001401901 0.9765625
vn -0.4953613 0.2113037 0.8427734
vn -0.006732941 0.9912109 0.1330566
vn 0.005599976 0.04159546 0.9990234
vn 0.07324219 0.02372742 0.9970703
vn 0.2022705 -0.02474976 0.9790039
vn -0.2521973 -0.006759644 -0.9677734
vn 0.1328125 -0.8632813 0.4873047
vn -0.3796387 -0.006763458 -0.925293
vn -0.8544922 -0.003952026 -0.5195313
vn -0.7568359 -0.01259613 -0.6533203
vn 0.3510742 -0.8964844 0.2700195
vn 0.9892578 0.04348755 -0.1392822
vn 0.9731445 0.06036377 0.2219238
vn -0.628418 -0.777832 -0.01597595
vn 0.09460449 0.9853516 0.1420898
vn -0.2301025 0.007038116 -0.9731445
vn -0.3583984 0.004009247 -0.9335938
vn 0.3710938 0.03536987 -0.9277344
vn 0.5117188 0.04089355 -0.8583984
vn -0.3249512 -0.03369141 0.9453125
vn 0.02900696 0.9990234 0.02561951
vn 0.01577759 1 0.006408691
vn 0.01577759 1 0.006408691
vn 0.004257202 1 0.01213074
vn 0.004257202 1 0.01213074
vn 0.004257202 1 0.01213074
vn 0.004257202 1 0.01213074
vn 0.004257202 1 0.01213074
vn 0.004257202 1 0.01213074
vn 0.7094727 0.3925781 -0.5849609
vn 0.6137695 0.7651367 -0.1938477
vn -0.229126 0.1568604 0.9604492
vn 0.9140625 0.3312988 -0.2333984
vn -0.04693604 0.8720703 0.4868164
vn 0.8374023 0.2253418 -0.4978027
vn 0.7094727 0.3925781 -0.5849609
vn -0.04693604 0.8720703 0.4868164
vn 0.9140625 0.3312988 -0.2333984
vn -0.229126 0.1568604 0.9604492
vn 0.6137695 0.7651367 -0.1938477
vn 0.4489746 0.2457275 -0.8588867
vn 0.574707 0.1726074 -0.800293
vn 0.7094727 0.3925781 -0.5849609
vn -0.2424316 0.2990723 -0.9228516
vn 0.1356201 -0.0657959 -0.9887695
vn -0.08929443 0.04672241 -0.9951172
vn -0.003440857 1 -2.926588E-05
vn -0.003440857 1 -2.926588E-05
vn 0.0003099442 1 -0.002084732
vn -0.003440857 1 -2.926588E-05
vn -0.003440857 1 -2.926588E-05
vn 0.0003099442 1 -0.002084732
vn 0.007415771 0.9975586 0.07196045
vn 0.007774353 0.9975586 0.06970215
vn -0.08166504 0.9936523 0.078125
vn 0.002023697 0.9970703 0.07550049
vn 0.008491516 0.9975586 0.07214355
vn 0.0213623 0.9980469 0.05514526
vn -0.1916504 0.9726563 0.1307373
vn -0.1916504 0.9726563 0.1307373
vn -0.1916504 0.9726563 0.1307373
vn 0.9140625 0.1030273 -0.3920898
vn 0.9726563 -0.09777832 -0.2099609
vn -0.8725586 -0.2093506 0.4414063
vn 0.1202393 0.1380615 0.9829102
vn -0.1907959 0.1129761 -0.9750977
vn -0.02711487 0.1350098 0.9907227
vn 0.5771484 0.1636963 0.7998047
vn 0.4130859 0.1524658 0.8979492
vn -0.1550293 -0.9389648 -0.307373
vn -0.06494141 0.130249 0.9892578
vn 0.01832581 0.09075928 0.9956055
vn 0.1328125 0.1139526 0.984375
vn 0.2434082 0.1122437 0.9633789
vn 0.4130859 0.1524658 0.8979492
vn -0.02711487 0.1350098 0.9907227
vn 0.1202393 0.1380615 0.9829102
vn 0.1203003 0.1380615 0.9829102
vn 0.1810303 0.1401367 0.9736328
vn 0.5068359 0.1751709 0.84375
vn 0.3896484 0.2304688 0.8916016
vn 0.6347656 0.1815186 0.7509766
vn 0.5771484 0.1636963 0.7998047
vn 0.8120117 0.2011719 0.5473633
vn 0.8085938 0.1960449 0.5541992
vn 0.890625 0.2384033 0.3867188
vn 0.890625 0.2073975 0.4047852
vn 0.8300781 0.1260986 0.5429688
vn 0.9311523 0.2470703 0.2683105
vn 0.7998047 0.1112061 0.5898438
vn 0.9814453 0.1821289 0.05987549
vn 0.7133789 0.1033936 0.6933594
vn 0.9726563 0.2205811 0.0703125
vn 0.9467773 0.260498 0.1895752
vn 0.8662109 0.1148682 0.486084
vn 0.8535156 0.1018677 0.5112305
vn 0.9648438 0.08294678 0.25
vn 0.9760742 -0.1005249 -0.1937256
vn 0.9140625 0.1030273 -0.3920898
vn 0.9780273 0.1949463 -0.07220459
vn 0.9726563 -0.09777832 -0.2099609
vn 0.9946289 0.1015015 -0.0160675
vn 0.7724609 0.130249 -0.621582
vn 0.8676758 0.2159424 -0.447998
vn 0.6889648 0.1102905 -0.7163086
vn 0.6928711 0.1000977 -0.7143555
vn 0.6977539 0.1216431 -0.7060547
vn 0.7304688 0.1278076 -0.6704102
vn 0.4675293 0.07946777 -0.8803711
vn 0.4694824 0.07965088 -0.8793945
vn 0.9355469 0.1551514 -0.3171387
vn 0.9882813 0.1193848 0.09545898
vn 0.9794922 0.07672119 0.1864014
vn 0.5786133 -0.1080933 -0.8081055
vn 0.581543 0.003875732 -0.8134766
vn 0.5966797 0.01078796 -0.8027344
vn 0.6953125 0.05917358 -0.7163086
vn 0.9731445 0.06036377 0.2219238
vn 0.9956055 0.07403564 0.05911255
vn 0.9829102 0.06378174 0.1724854
vn 0.8544922 0.03689575 0.5180664
vn 0.9892578 0.04348755 -0.1392822
vn 0.9628906 0.01260376 0.269043
vn 0.6430664 0.04205322 0.7646484
vn 0.6606445 0.04483032 0.7495117
vn 0.9931641 0.07330322 -0.09179688
vn 0.9975586 0.0635376 -0.02244568
vn 0.9443359 0.07940674 -0.3188477
vn 0.78125 0.08691406 -0.6181641
vn 0.875 0.02381897 0.4838867
vn 0.4245605 0.05761719 0.9033203
vn 0.4140625 0.06045532 0.9082031
vn 0.2033691 0.06158447 0.9770508
vn 0.2490234 0.06240845 0.9663086
vn 0.07324219 0.02372742 0.9970703
vn 0.005599976 0.04159546 0.9990234
vn 0.6274414 0.02288818 0.7783203
vn 0.4106445 -0.002868652 0.9116211
vn 0.2022705 -0.02474976 0.9790039
vn 0.3852539 -0.01625061 0.9228516
vn 0.6293945 0.01010895 0.7773438
vn 0.8676758 0.01847839 0.4968262
vn 0.9750977 0.005180359 0.2218018
vn 1 0.005310059 0.01782227
vn 1 -0.006343842 -0.01913452
vn 0.9775391 0.02856445 -0.2089844
vn 0.7993164 0.01960754 -0.6005859
vn 0.5834961 0.003765106 -0.8125
vn 0.5957031 0.008483887 -0.8032227
vn 0.329834 -0.01805115 -0.9438477
vn 0.2504883 -0.04556274 -0.9672852
vn 0.2546387 -0.04541016 -0.9658203
vn 0.3134766 0.003955841 -0.949707
vn -0.2521973 -0.006759644 -0.9677734
vn 0.2875977 0.0181427 -0.9575195
vn -0.2301025 0.007038116 -0.9731445
vn 0.2648926 0.03125 -0.9638672
vn 0.03108215 0.03729248 -0.9990234
vn 0.1068115 0.0383606 -0.9936523
vn 0.03610229 0.08203125 -0.9960938
vn 0.4580078 0.05651855 -0.887207
vn 0.7036133 0.1099854 -0.7021484
vn 0.7387695 0.1140137 -0.6645508
vn 0.6733398 0.05285645 -0.7373047
vn 0.800293 0.06188965 -0.5961914
vn 0.9667969 0.08233643 -0.2410889
vn -0.8725586 -0.2093506 0.4414063
vn -0.09680176 0.9936523 0.05877686
vn -0.09820557 0.9926758 0.06726074
vn -0.002782822 0.9926758 -0.1194458
vn 0.1572266 0.1367188 -0.9780273
vn -0.06781006 0.1356201 -0.9882813
vn 0.145874 0.1651611 -0.9755859
vn 0.6420898 0.1887207 -0.7431641
vn -0.1381836 0.1248169 -0.9824219
vn -0.04824829 0.12323 -0.9912109
vn -0.09564209 0.1568604 -0.9829102
vn 0.04293823 0.1035156 -0.9936523
vn 0.421875 0.09094238 -0.9018555
vn -0.06298828 -0.9335938 0.3532715
vn -0.6801758 0.1286621 -0.7216797
vn -0.3525391 0.1182251 -0.9282227
vn 0.2189941 -0.9238281 0.3144531
vn -0.9936523 0.105957 -0.04022217
vn -0.9047852 0.1243286 -0.4074707
vn 0.3908691 -0.9160156 0.08831787
vn -0.02615356 0.9995117 0.01895142
vn -0.02615356 0.9995117 0.01895142
vn -0.3776855 0.9238281 0.06262207
vn -0.02615356 0.9995117 0.01895142
vn -0.04251099 0.9985352 0.03259277
vn -0.3776855 0.9238281 0.06262207
vn -0.04251099 0.9985352 0.03259277
vn -0.05703735 0.9975586 0.04275513
vn -0.3776855 0.9238281 0.06262207
vn -0.05703735 0.9975586 0.04275513
vn -0.02615356 0.9995117 0.01895142
vn -0.3776855 0.9238281 0.06262207
vn -0.02615356 0.9995117 0.01895142
vn -0.02615356 0.9995117 0.01895142
vn -0.3776855 0.9238281 0.06262207
vn -0.02615356 0.9995117 0.01895142
vn -0.02615356 0.9995117 0.01895142
vn -0.3776855 0.9238281 0.06262207
vn -0.1577148 0.05480957 -0.9858398
vn 0.3259277 0.05368042 -0.9438477
vn 0.1072388 -0.01060486 -0.9941406
vn -0.2919922 0.06292725 -0.9545898
vn 0.01959229 0.9863281 -0.1643066
vn -0.05627441 0.980957 -0.1870117
vn -0.5380859 0.02923584 -0.8422852
vn -0.71875 0.01093292 -0.6948242
vn -0.6879883 -0.03173828 -0.7250977
vn -0.7929688 -0.0357666 -0.6083984
vn -0.7036133 0.04421997 -0.7089844
vn -0.7915039 -0.03573608 -0.6098633
vn 0.003852844 0.9995117 -0.02682495
vn -0.8779297 -0.03796387 -0.4770508
vn -0.7797852 0.3037109 -0.5478516
vn -0.8632813 0.002161026 -0.5043945
vn 0.0005488396 1 -0.01303864
vn -0.9570313 0.008415222 -0.2893066
vn -0.8696289 0.04696655 -0.4919434
vn -0.1573486 0.9868164 -0.03308105
vn -0.9995117 0.02426147 -0.02905273
vn -0.9951172 0.02090454 0.09692383
vn -0.1689453 0.984375 0.05102539
vn -0.9345703 -0.008857727 0.3552246
vn -0.8320313 -0.02503967 0.5537109
vn -0.8427734 -0.06109619 0.5351563
vn -0.7509766 -0.06408691 0.6572266
vn -0.84375 0.00831604 0.5366211
vn -0.7514648 -0.06408691 0.6567383
vn -0.01182556 0.9990234 0.03692627
vn -0.6401367 -0.06378174 0.765625
vn -0.6567383 0.2485352 0.7119141
vn -0.7875977 -0.008178711 0.6157227
vn -0.3537598 0.6259766 0.6948242
vn -0.4189453 5.00083E-05 0.9082031
vn -0.7734375 0.05175781 0.6318359
vn -0.2939453 0.01222992 0.9555664
vn -0.01734924 0.9287109 0.3710938
vn -0.02928162 -0.007724762 0.9995117
vn -0.002111435 1 0.005496979
vn 0.09295654 0.9956055 0.002655029
vn 0.2174072 0.9726563 -0.08056641
vn -0.002111435 1 0.005496979
vn -0.03509521 0.9995117 0.009902954
vn 0.09295654 0.9956055 0.002655029
vn 0.03503418 0.9995117 0.003328323
vn 0.02890015 0.9990234 -0.03488159
vn 0.03155518 0.9985352 -0.0458374
vn -0.1121826 0.01454926 -0.9936523
vn -0.04333496 0.02314758 -0.9990234
vn 0.02536011 0.9970703 -0.06939697
vn -0.1831055 0.005542755 -0.9829102
vn 0.02890015 0.9990234 -0.03488159
vn 0.02890015 0.9990234 -0.03488159
vn 0.02536011 0.9970703 -0.06939697
vn 0.03155518 0.9985352 -0.0458374
vn -0.4985352 0.5551758 0.6655273
vn -0.753418 0.5634766 0.338623
vn -0.2122803 0.5644531 0.7978516
vn -0.7929688 0.5708008 -0.2127686
vn -0.753418 0.5634766 0.338623
vn -0.8168945 0.5673828 0.1016235
vn 0.008880615 0.9995117 0.03561401
vn 0.008865356 0.9995117 0.03466797
vn -0.0002524853 1 0.01417542
vn 0.09967041 0.6674805 0.737793
vn -0.01225281 1 0.001616478
vn 0.002948761 1 0.005558014
vn 0.1094971 0.151123 0.9824219
vn 0.09777832 0.1464844 0.984375
vn 0.08300781 0.1243896 0.9887695
vn -0.007259369 0.9990234 -0.04766846
vn -0.01676941 0.9990234 -0.04174805
vn 0.007827759 1 -0.009277344
vn -0.003477097 0.9995117 -0.02381897
vn -0.01368713 1 -0.006233215
vn 0.003871918 0.9990234 -0.04653931
vn 0.871582 -0.006771088 -0.4899902
vn -0.6010742 -0.0004940033 0.7993164
vn 0.295166 -0.02113342 -0.9550781
vn 0.1119995 -0.04644775 -0.9926758
vn -0.002012253 -0.862793 0.5053711
vn 0.08044434 -0.04684448 -0.9956055
vn 0.04098511 -0.9521484 -0.3024902
vn 0.03997803 -0.9521484 -0.3024902
vn -0.06982422 -0.9589844 -0.2753906
vn -0.06982422 -0.9589844 -0.2753906
vn -0.01580811 -0.9521484 -0.3051758
vn 0.04098511 -0.9521484 -0.3024902
vn -0.5141602 0.0272522 0.8574219
vn -0.03646851 0.019104 0.9990234
vn -0.2285156 0.04318237 0.9726563
vn -0.3286133 0.05892944 -0.9428711
vn -0.722168 0.07012939 -0.6884766
vn 0.4086914 0.7875977 0.4609375
vn -0.9511719 -0.07519531 -0.298584
vn 0.8564453 -0.3271484 0.3999023
vn -0.9912109 0.009559631 -0.1330566
vn -0.9760742 0.1687012 -0.1383057
vn -0.9296875 -0.06204224 -0.3632813
vn -0.9492188 0.08569336 -0.3024902
vn -0.7963867 0.1051025 -0.5957031
vn -0.4782715 0.2661133 0.8369141
vn -0.7304688 0.0418396 -0.6816406
vn -0.9677734 0.008834839 0.2514648
vn -0.902832 0.2277832 -0.364502
vn -0.8828125 0.2590332 0.3920898
vn -0.9204102 0.2310791 -0.3154297
vn -0.4020996 0.2683105 0.8754883
vn -0.9882813 0.1518555 0.009841919
vn -0.9716797 0.1201782 0.2037354
vn -0.8984375 0.1132813 0.4245605
vn -0.984375 0.1306152 -0.1195679
vn -0.8647461 0.1123047 0.4899902
vn -0.815918 0.1130371 -0.5673828
vn -0.8125 0.1057129 -0.5732422
vn -0.8554688 0.08288574 -0.5117188
vn -0.9345703 0.1297607 -0.3320313
vn -0.9760742 0.1412354 -0.1665039
vn -0.9609375 0.1444092 -0.2353516
vn -0.9541016 0.2159424 -0.2080078
vn -0.9580078 0.09625244 -0.2702637
vn -0.9799805 0.1113892 0.1646729
vn -0.9560547 0.1170654 0.2685547
vn -0.9716797 0.1069946 0.2105713
vn -0.996582 0.08233643 0.01773071
vn -0.9780273 0.1715088 0.119873
vn -0.9804688 0.1773682 0.08721924
vn -0.9619141 0.1625977 0.2197266
vn -0.9746094 0.1655273 0.1519775
vn -0.7363281 0.1933594 0.6479492
vn -0.8652344 0.260498 0.4284668
vn -0.6674805 0.1970215 0.7177734
vn -0.6674805 0.2022705 0.7167969
vn -0.6958008 0.1252441 0.7070313
vn -0.453125 0.2167969 0.8647461
vn -0.6054688 0.2270508 0.7626953
vn -0.7143555 0.112854 0.690918
vn -0.4291992 0.2216797 0.8754883
vn -0.6210938 0.1104736 0.7758789
vn -0.6918945 0.1018677 0.7148438
vn -0.6635742 0.1251221 0.7373047
vn -0.262207 0.04504395 0.9638672
vn -0.5092773 0.1033936 0.8544922
vn -0.1131592 -0.000893116 0.9936523
vn -0.1640625 0.1534424 0.9746094
vn -0.4001465 0.2196045 0.8896484
vn 0.8378906 -0.1584473 0.5219727
vn -0.7485352 0.02748108 -0.6625977
vn -0.02137756 0.9990234 0.03225708
vn -0.02197266 0.9990234 0.03396606
vn -0.01358032 1 0.01028442
vn 0.000205636 1 0.01119232
vn -0.001236916 1 0.01182556
vn -0.0004856586 1 0.01097107
vn -0.0002491474 1 0.0116806
vn -0.0004191399 1 0.01222229
vn -0.0004856586 1 0.01097107
vn -0.0005912781 1 0.01177979
vn -0.003065109 0.996582 0.08380127
vn 0.003622055 0.9960938 0.08807373
vn -0.0002491474 1 0.0116806
vn -0.0005912781 1 0.01177979
vn -0.0004191399 1 0.01222229
vn -0.0002491474 1 0.0116806
vn -0.0004856586 1 0.01097107
vn -0.0005912781 1 0.01177979
vn -0.0005912781 1 0.01177979
vn -0.05050659 0.9970703 0.05319214
vn -0.003065109 0.996582 0.08380127
vn -0.8862305 0.4350586 -0.1583252
vn 0.4628906 0.1630859 0.8710938
vn -0.3930664 0.7919922 0.467041
vn 0.7475586 0.4055176 0.5263672
vn -0.9335938 0.223877 -0.2797852
vn 0.04489136 0.9223633 0.3842773
vn 0.4628906 0.1630859 0.8710938
vn -0.65625 0.2457275 -0.7133789
vn -0.3930664 0.7919922 0.467041
vn -0.8862305 0.4350586 -0.1583252
vn -0.7919922 0.21875 -0.5703125
vn 0.7431641 0.3945313 0.5405273
vn -0.9003906 0.4353027 -0.002521515
vn -0.9916992 0.1297607 0.006893158
vn -0.9077148 0.2592773 0.329834
vn -0.9057617 0.2727051 0.324707
vn -0.9306641 0.2768555 0.2391357
vn -0.8916016 0.3303223 0.3098145
vn -0.8862305 0.4350586 -0.1583252
vn -0.8696289 0.2390137 0.4316406
vn -0.8193359 0.2391357 0.5209961
vn -0.8500977 0.2415771 0.4675293
vn -0.9443359 0.1068726 0.3112793
vn -0.7080078 0.2270508 0.6689453
vn -0.5551758 0.2442627 0.7949219
vn -0.4448242 0.314209 0.8388672
vn -0.3581543 -0.3435059 0.8681641
vn -0.6411133 -0.02075195 0.7670898
vn -0.9814453 0.1236572 0.145752
vn -0.3862305 -0.04248047 0.9213867
vn -0.3986816 -0.05007935 0.9155273
vn -0.2617188 0.03204346 0.9643555
vn -0.9873047 0.1102295 0.114563
vn -0.9804688 0.1922607 -0.04394531
vn -0.9453125 0.2856445 -0.1574707
vn -0.9047852 0.3156738 -0.2858887
vn -0.7514648 0.3601074 -0.5527344
vn -0.6166992 0.3093262 -0.7236328
vn -0.3869629 0.1090698 -0.9155273
vn -0.9702148 0.03594971 0.2386475
vn -0.9711914 0.03411865 0.2353516
vn -0.9614258 0.0534668 0.2695313
vn 0.03042603 0.114563 -0.9931641
vn -0.4057617 -0.07598877 -0.9106445
vn -0.387207 -0.0657959 -0.9194336
vn -0.1716309 0.04672241 -0.9838867
vn -0.09191895 0.385498 -0.9179688
vn -0.3859863 0.7998047 0.4599609
vn -0.3930664 0.7919922 0.467041
vn -0.4985352 0.3847656 -0.7768555
vn -0.1936035 0.715332 -0.6713867
vn -0.1870117 0.7099609 -0.6787109
vn 0.6611328 0.05712891 -0.7480469
vn 0.6611328 0.05712891 -0.7480469
vn 0.6577148 0.1947021 -0.7275391
vn -0.4001465 0.2196045 0.8896484
vn 0.06994629 0.130127 0.9892578
vn -0.1453857 0.2304688 0.9624023
vn 0.8691406 -0.2275391 -0.4387207
vn -0.9658203 0.09020996 0.2421875
vn -0.9560547 0.1170654 0.2685547
vn -0.9716797 0.1069946 0.2105713
vn 0.8691406 -0.2275391 -0.4387207
vn 0.0308075 0.9995117 0.01235962
vn 0.0308075 0.9995117 0.01235962
vn 0.02815247 0.9995117 0.01030731
vn 0.0308075 0.9995117 0.01235962
vn 0.02886963 0.9995117 0.0134201
vn 0.0308075 0.9995117 0.01235962
vn -0.251709 0.9677734 -0.02203369
vn -0.08947754 0.9956055 0.02697754
vn 0.003997803 1 0.004875183
vn -0.08947754 0.9956055 0.02697754
vn -0.2230225 0.9511719 0.2143555
vn 0.005371094 1 0.004665375
vn -0.4621582 0.6083984 -0.6450195
vn -0.1798096 0.6069336 -0.7739258
vn -0.1715088 0.9013672 0.3979492
vn -0.7905273 0.6108398 -0.03811646
vn -0.6762695 0.6079102 -0.4160156
vn -0.1715088 0.9013672 0.3979492
vn -0.3981934 0.6103516 -0.6845703
vn -0.6210938 0.6142578 -0.4870605
vn -0.401123 0.6147461 -0.6791992
vn -0.6259766 0.6069336 -0.4892578
vn -0.7578125 0.6166992 -0.2142334
vn -0.7651367 0.6064453 -0.2166748
vn -0.7866211 0.609375 0.09796143
vn -0.7929688 0.6025391 0.09143066
vn -0.6914063 0.6020508 0.3989258
vn -0.6962891 0.6000977 0.3937988
vn -0.4819336 0.605957 0.6328125
vn -0.4851074 0.6015625 0.6347656
vn -0.206665 0.6162109 0.7597656
vn -0.2060547 0.6074219 0.7670898
vn 0.09906006 0.6230469 0.7758789
vn 0.1012573 0.6137695 0.7832031
vn -0.1983643 0.6240234 0.7558594
vn 0.09887695 0.6313477 0.769043
vn -0.02349854 0.9995117 -0.003171921
vn -0.4702148 0.6220703 0.6259766
vn -0.6816406 0.6210938 0.3867188
vn -0.7832031 0.6152344 0.08758545
vn -0.7602539 0.6137695 -0.2131348
vn -0.6225586 0.6181641 -0.4802246
vn -0.390625 0.6264648 -0.6748047
vn -0.1021729 0.6352539 -0.765625
vn -0.105835 0.6171875 -0.7792969
vn 0.1012573 0.6137695 0.7832031
vn 0.3901367 0.6240234 0.6767578
vn 0.09906006 0.6230469 0.7758789
vn 0.3933105 0.6176758 0.6811523
vn 0.6201172 0.6240234 0.4755859
vn 0.3811035 0.640625 0.6665039
vn 0.09887695 0.6313477 0.769043
vn -0.02349854 0.9995117 -0.003171921
vn 0.6230469 0.6201172 0.4770508
vn 0.7548828 0.6240234 0.2019043
vn 0.6030273 0.6479492 0.465332
vn 0.7563477 0.6220703 0.2019043
vn 0.7749023 0.6235352 -0.102417
vn 0.730957 0.652832 0.1977539
vn 0.7753906 0.6230469 -0.102478
vn 0.6777344 0.6235352 -0.3894043
vn 0.7490234 0.6552734 -0.09741211
vn 0.6772461 0.6235352 -0.390625
vn 0.4775391 0.6240234 -0.6186523
vn 0.6552734 0.6542969 -0.3779297
vn 0.4768066 0.6230469 -0.6201172
vn 0.2026367 0.6240234 -0.7548828
vn 0.2034912 0.621582 -0.7568359
vn 0.4619141 0.6503906 -0.6030273
vn 0.1968994 0.6435547 -0.7397461
vn -0.1021729 0.6352539 -0.765625
vn -0.105835 0.6171875 -0.7792969
vn 0.2034912 0.621582 -0.7568359
vn -0.105835 0.6171875 -0.7792969
vn -0.1104126 0.621582 -0.7758789
vn 0.2026367 0.6240234 -0.7548828
vn -0.105835 0.6171875 -0.7792969
vn -0.3981934 0.6103516 -0.6845703
vn -0.401123 0.6147461 -0.6791992
vn -0.1104126 0.621582 -0.7758789
vn 3.457069E-06 -1 0
vn 3.457069E-06 -1 0
vn 3.457069E-06 -1 0
vn 3.457069E-06 -1 0
vn -0.9428711 -0.1029663 0.3168945
vn -0.9755859 -0.1804199 0.1241455
vn -0.9428711 -0.1029663 0.3168945
vn -0.8520508 -0.1783447 0.4916992
vn -0.9018555 0.005462646 0.4316406
vn -0.5317383 0.007076263 0.847168
vn -0.5991211 -0.1737061 0.7817383
vn -0.6210938 -0.5634766 0.5449219
vn -0.6210938 -0.5634766 0.5449219
vn -0.3178711 0.0004916191 0.9482422
vn -0.5546875 -0.003520966 0.8320313
vn -0.2467041 -0.1783447 0.9526367
vn -0.4387207 -0.09863281 0.8930664
vn -0.4387207 -0.09863281 0.8930664
vn 0.2133789 -0.007152557 0.9770508
vn 0.1265869 -0.1829834 0.9750977
vn -0.05404663 -0.5605469 0.8261719
vn -0.05404663 -0.5605469 0.8261719
vn -0.3032227 0.0001429319 0.953125
vn -0.2714844 0.0002192259 0.9624023
vn 0.1530762 0.005916595 0.9882813
vn 0.1890869 0.003427505 0.9819336
vn -0.5917969 -0.004482269 0.8061523
vn -0.8774414 -0.003274918 0.4794922
vn -0.8935547 -0.002550125 0.4487305
vn -0.9887695 0.0004863739 0.1485596
vn -0.9882813 0.0002970695 0.1529541
vn -0.9731445 -0.0007486343 -0.2293701
vn -0.9633789 -0.0009117126 -0.2680664
vn -0.9887695 -5.716085E-05 0.1499023
vn -0.7861328 -0.0054245 -0.6181641
vn -0.8105469 -0.006229401 -0.5854492
vn -0.9819336 -0.0007586479 -0.1898193
vn -0.5126953 -0.00504303 -0.8583984
vn -0.4775391 -0.005691528 -0.878418
vn -0.1433105 -0.0005159378 -0.9897461
vn -0.1031494 -0.0005350113 -0.9946289
vn -0.762207 0.004638672 -0.6474609
vn -0.5424805 0.006248474 -0.840332
vn -0.9541016 -0.1777344 -0.2406006
vn -0.8266602 -0.5600586 -0.052948
vn -0.8266602 -0.5600586 -0.052948
vn -0.7866211 -0.1711426 -0.59375
vn -0.8989258 -0.09014893 -0.4291992
vn -0.8989258 -0.09014893 -0.4291992
vn -0.4909668 -0.1702881 -0.8544922
vn -0.5483398 -0.5556641 -0.625
vn -0.5483398 -0.5556641 -0.625
vn -0.1236572 -0.1738281 -0.9770508
vn -0.07061768 0.002372742 -0.9975586
vn -0.3186035 -0.09509277 -0.9428711
vn -0.3186035 -0.09509277 -0.9428711
vn 0 -1 6.377697E-06
vn 0 -1 6.377697E-06
vn 0 -1 6.377697E-06
vn 0 -1 6.377697E-06
vn -4.649162E-06 -1 0
vn -4.649162E-06 -1 0
vn -4.649162E-06 -1 0
vn -4.649162E-06 -1 0
vn 0.949707 -0.1820068 0.2548828
vn 0.8925781 -0.09576416 0.4401855
vn 0.8925781 -0.09576416 0.4401855
vn 0.7792969 -0.1848145 0.5986328
vn 0.7685547 -0.007072449 0.6401367
vn 0.980957 -0.003334045 0.1938477
vn 0.9746094 -0.1833496 -0.1279297
vn 0.8251953 -0.5615234 0.05670166
vn 0.8251953 -0.5615234 0.05670166
vn 0.9863281 -0.0002080202 -0.1634521
vn 0.972168 0.003303528 0.2346191
vn 0.8935547 -0.008651733 -0.4484863
vn 0.9863281 0.001635551 -0.1644287
vn 0.8447266 -0.1915283 -0.4997559
vn 0.9423828 -0.1052856 -0.3171387
vn 0.9423828 -0.1052856 -0.3171387
vn 0.7373047 -0.02217102 -0.6748047
vn 0.9418945 0.001368523 -0.3354492
vn 0.6005859 -0.1885986 -0.7768555
vn 0.6201172 -0.5629883 -0.5463867
vn 0.6201172 -0.5629883 -0.5463867
vn 0.5585938 -0.009635925 -0.8295898
vn 0.8706055 0.004482269 -0.4921875
vn 0.5737305 0.006195068 -0.8188477
vn 0.9873047 0.0008430481 -0.1574707
vn 0.9604492 0.003648758 0.2783203
vn 0.8076172 0.005809784 0.5893555
vn 0.7885742 0.004753113 0.6152344
vn 0.4816895 0.006385803 0.8764648
vn 0.5957031 0.008010864 -0.8032227
vn 0.486084 0.003221512 0.8740234
vn 0.1530762 0.005916595 0.9882813
vn 0.1890869 0.003427505 0.9819336
vn 0.4941406 -0.005912781 0.8691406
vn 0.2133789 -0.007152557 0.9770508
vn 0.1265869 -0.1829834 0.9750977
vn 0.494873 -0.1838379 0.8491211
vn 0.3200684 -0.09576416 0.9423828
vn 0.3200684 -0.09576416 0.9423828
vn 0.5458984 -0.5605469 0.6225586
vn 0.5458984 -0.5605469 0.6225586
vn 0 -1 2.145767E-06
vn 0 -1 2.145767E-06
vn 0 -1 2.145767E-06
vn 0 -1 2.145767E-06
vn -3.576279E-06 -1 0
vn -3.576279E-06 -1 0
vn -3.576279E-06 -1 0
vn -3.576279E-06 -1 0
vn 0.05554199 -0.5605469 -0.8261719
vn 0.05554199 -0.5605469 -0.8261719
vn -0.1236572 -0.1738281 -0.9770508
vn 0.2539063 -0.1821289 -0.949707
vn 0.2873535 -0.002500534 -0.9580078
vn -0.07061768 0.002372742 -0.9975586
vn 0.2907715 0.003017426 -0.956543
vn -0.1031494 -0.0005350113 -0.9946289
vn -0.1433105 -0.0005159378 -0.9897461
vn 0.2836914 0.004787445 -0.9589844
vn 0.4406738 -0.09429932 -0.8925781
vn 0.4406738 -0.09429932 -0.8925781
vn -0.1138306 -0.05117798 -0.9921875
vn -0.1271973 -0.05053711 -0.9907227
vn 0.2612305 -0.05099487 -0.9638672
vn 0.2496338 -0.05154419 -0.9667969
vn 0.6069336 -0.04925537 -0.7929688
vn 0.6137695 -0.04956055 -0.7880859
vn 0.859375 -0.04675293 -0.5092773
vn 0.8662109 -0.04608154 -0.4975586
vn 0.9907227 -0.04580688 -0.126709
vn 0.9921875 -0.0463562 -0.1160278
vn 0.9667969 -0.04846191 0.2504883
vn 0.9643555 -0.04803467 0.2609863
vn 0.7929688 -0.04925537 0.6074219
vn 0.7861328 -0.04977417 0.6162109
vn 0.5083008 -0.04977417 0.8598633
vn 0.4987793 -0.04925537 0.8652344
vn 0.131958 -0.04946899 0.9902344
vn 0.121521 -0.04995728 0.9912109
vn 0.131958 -0.04946899 0.9902344
vn -0.2438965 -0.05273438 0.9682617
vn 0.121521 -0.04995728 0.9912109
vn -0.2548828 -0.05239868 0.9658203
vn -0.6025391 -0.05899048 0.7958984
vn -0.6132813 -0.05990601 0.7875977
vn -0.8623047 -0.06280518 0.5024414
vn -0.8666992 -0.06237793 0.4951172
vn -0.9907227 -0.05670166 0.1239624
vn -0.9921875 -0.05697632 0.1109009
vn -0.9682617 -0.04968262 -0.2443848
vn -0.965332 -0.04891968 -0.2558594
vn -0.796875 -0.04623413 -0.6020508
vn -0.7895508 -0.04681396 -0.6118164
vn -0.5024414 -0.04870605 -0.8632813
vn -0.4963379 -0.0484314 -0.8666992
vn -0.1271973 -0.05053711 -0.9907227
vn -0.1138306 -0.05117798 -0.9921875
vn 4.172325E-07 -1 0
vn 4.172325E-07 -1 0
vn 4.172325E-07 -1 0
vn 4.172325E-07 -1 0
vn 3.576279E-06 -1 1.609325E-06
vn 3.576279E-06 -1 1.609325E-06
vn 3.576279E-06 -1 1.609325E-06
vn 3.576279E-06 -1 1.609325E-06
vn -4.708767E-06 -1 4.351139E-06
vn -4.708767E-06 -1 4.351139E-06
vn -4.708767E-06 -1 4.351139E-06
vn -4.708767E-06 -1 4.351139E-06
vn -0.9101563 -0.00220871 -0.4145508
vn -0.9101563 -0.00220871 -0.4145508
vn -0.9101563 -0.00220871 -0.4145508
vn -0.9101563 -0.00220871 -0.4145508
vn -0.06549072 0.0008196831 0.9980469
vn -0.06549072 0.0008196831 0.9980469
vn -0.06549072 0.0008196831 0.9980469
vn -0.06549072 0.0008196831 0.9980469
vn -0.7788086 -9.000301E-05 0.6269531
vn -0.7788086 -9.000301E-05 0.6269531
vn -0.7788086 -9.000301E-05 0.6269531
vn -0.7788086 -9.000301E-05 0.6269531
vn -0.3115234 -0.001322746 -0.9501953
vn -0.3115234 -0.001322746 -0.9501953
vn -0.3115234 -0.001322746 -0.9501953
vn -0.3115234 -0.001322746 -0.9501953
vn 0.7270508 0.005176544 -0.6865234
vn 0.7270508 0.005176544 -0.6865234
vn 0 1 0
vn 0.7270508 0.005176544 -0.6865234
vn 0.7270508 0.005176544 -0.6865234
vn 0.9404297 0.0001038909 0.3405762
vn 0.9404297 0.0001038909 0.3405762
vn 0.9404297 0.0001038909 0.3405762
vn 0.9404297 0.0001038909 0.3405762
vn -0.4145508 -0.003543854 0.9101563
vn -0.4145508 -0.003543854 0.9101563
vn -0.4145508 -0.003543854 0.9101563
vn -0.4145508 -0.003543854 0.9101563
vn -0.001830101 1 -0.0008277893
vn -0.001830101 1 -0.0008277893
vn -0.001830101 1 -0.0008277893
vn -0.001830101 1 -0.0008277893
vn 0.4145508 -0.001585007 -0.9101563
vn 0.4145508 -0.001585007 -0.9101563
vn 0.4145508 -0.001585007 -0.9101563
vn 0.4145508 -0.001585007 -0.9101563
vn 0.001829147 -1 0.0008368492
vn 0.001829147 -1 0.0008368492
vn 0.001829147 -1 0.0008368492
vn 0.001829147 -1 0.0008368492
vn 0.9980469 0 0.06549072
vn 0.9980469 0 0.06549072
vn 0.9980469 0 0.06549072
vn 0.9980469 0 0.06549072
vn 2.026558E-06 1 3.182888E-05
vn 2.026558E-06 1 3.182888E-05
vn 2.026558E-06 1 3.182888E-05
vn 2.026558E-06 1 3.182888E-05
vn -0.9970703 0.03369141 -0.06542969
vn -0.9970703 0.03369141 -0.06542969
vn -0.9970703 0.03369141 -0.06542969
vn -0.9970703 0.03369141 -0.06542969
vn 6.616116E-06 -1 -3.3319E-05
vn 6.616116E-06 -1 -3.3319E-05
vn 6.616116E-06 -1 -3.3319E-05
vn 6.616116E-06 -1 -3.3319E-05
vn 0.6269531 -0.001616478 0.7788086
vn 0.6269531 -0.001616478 0.7788086
vn 0.6269531 -0.001616478 0.7788086
vn 0.6269531 -0.001616478 0.7788086
vn -2.8193E-05 1 2.574921E-05
vn -2.8193E-05 1 2.574921E-05
vn -2.8193E-05 1 2.574921E-05
vn -2.8193E-05 1 2.574921E-05
vn -0.6269531 0 -0.7788086
vn -0.6269531 0 -0.7788086
vn -0.6269531 0 -0.7788086
vn -0.6269531 0 -0.7788086
vn 2.551079E-05 -1 -2.580881E-05
vn 2.551079E-05 -1 -2.580881E-05
vn 2.551079E-05 -1 -2.580881E-05
vn 2.551079E-05 -1 -2.580881E-05
vn -0.9501953 -0.002063751 0.3115234
vn -0.9501953 -0.002063751 0.3115234
vn -0.9501953 -0.002063751 0.3115234
vn -0.9501953 -0.002063751 0.3115234
vn -0.01655579 1 0.004043579
vn -0.01655579 1 0.004043579
vn -0.01655579 1 0.004043579
vn -0.01655579 1 0.004043579
vn 0.9487305 -0.0003464222 -0.3164063
vn 0.9487305 -0.0003464222 -0.3164063
vn 0.9487305 -0.0003464222 -0.3164063
vn 0.9487305 -0.0003464222 -0.3164063
vn 0.01657104 -1 -0.004131317
vn 0.01657104 -1 -0.004131317
vn 0.01657104 -1 -0.004131317
vn 0.01657104 -1 -0.004131317
vn -0.6865234 -0.01194 -0.7270508
vn -0.6865234 -0.01194 -0.7270508
vn -0.6865234 -0.01194 -0.7270508
vn -0.6865234 -0.01194 -0.7270508
vn -0.003778458 1 0.003534317
vn -0.003778458 1 0.003534317
vn -0.003778458 1 0.003534317
vn -0.003778458 1 0.003534317
vn 0.6865234 0.02349854 0.7270508
vn 0.6865234 0.02349854 0.7270508
vn 0.6865234 0.02349854 0.7270508
vn 0.6865234 0.02349854 0.7270508
vn 0.003774643 -1 -0.003549576
vn 0.003774643 -1 -0.003549576
vn 0.003774643 -1 -0.003549576
vn 0.003774643 -1 -0.003549576
vn 0.7373047 -0.02217102 -0.6748047
vn 0.002653122 -1 -0.004707336
vn 0.002653122 -1 -0.004707336
vn 0.8935547 -0.008651733 -0.4484863
vn -0.0001562834 1 -7.247925E-05
vn -0.0001562834 1 -7.247925E-05
vn -0.0001562834 1 -7.247925E-05
vn -0.0001562834 1 -7.247925E-05
vn -0.4042969 0.001613617 0.9145508
vn -0.4042969 0.001613617 0.9145508
vn -0.4042969 0.001613617 0.9145508
vn -0.4042969 0.001613617 0.9145508
vn 0.0001577139 -1 6.484985E-05
vn 0.0001577139 -1 6.484985E-05
vn 0.0001577139 -1 6.484985E-05
vn 0.0001577139 -1 6.484985E-05
vn 0.3728027 0.000118196 -0.9277344
vn 0.3728027 0.000118196 -0.9277344
vn 0.3728027 0.000118196 -0.9277344
vn 0.3728027 0.000118196 -0.9277344
vn 0.241333 -0.9550781 -0.1727295
vn 0.241333 -0.9550781 -0.1727295
vn 0.241333 -0.9550781 -0.1727295
vn 0.241333 -0.9550781 -0.1727295
vn 0.3256836 0.03787231 -0.9448242
vn -0.1347656 0.07537842 -0.987793
vn 0.02095032 0.06463623 -0.9975586
vn 0.2822266 0.05358887 -0.9580078
vn 0.6635742 0.03872681 -0.7470703
vn 0.2442627 0.0892334 -0.9658203
vn 0.5126953 0.09350586 -0.8535156
vn 0.6152344 0.0524292 -0.7866211
vn 0.8642578 0.0352478 -0.5019531
vn -0.03668213 0.08477783 -0.9956055
vn 0.8999023 0.05163574 -0.4335938
vn 0.9887695 0.02597046 -0.1483154
vn 0.7485352 0.04962158 -0.6616211
vn 0.75 0.09887695 -0.6538086
vn 0.9892578 0.04782104 -0.1378174
vn 0.9682617 0.03231812 0.2481689
vn 0.984375 0.1065063 -0.1408691
vn 0.9033203 0.09436035 -0.4187012
vn 0.09332275 0.09289551 -0.9912109
vn 0.09332275 0.09289551 -0.9912109
vn -0.05905151 0.09204102 -0.9941406
vn 0.2297363 0.09802246 -0.9682617
vn 0.4519043 0.102417 -0.8862305
vn 0.3508301 0.1259766 -0.9277344
vn 0.5136719 0.1029053 -0.8515625
vn 0.7045898 0.1015625 -0.7021484
vn 0.7382813 0.1025391 -0.6665039
vn 0.7827148 0.3791504 -0.4936523
vn 0.7670898 0.1314697 -0.6279297
vn 0.8740234 0.3461914 -0.3410645
vn 0.9775391 0.1199341 -0.1726074
vn 0.9921875 0.118103 0.03921509
vn 0.9838867 0.1660156 -0.06323242
vn 0.9882813 0.1161499 0.0982666
vn 0.9882813 0.08789063 0.1260986
vn 0.9326172 0.1046753 0.3457031
vn 0.9501953 0.1025391 0.2939453
vn 0.9042969 0.1032104 0.4140625
vn 0.9863281 0.04663086 0.1590576
vn 0.8925781 0.09906006 0.4399414
vn 0.8623047 0.1005859 0.4963379
vn 0.8896484 0.0489502 0.4541016
vn 0.7973633 0.05062866 0.6015625
vn 0.8359375 0.03771973 0.5478516
vn 0.8623047 0.1015015 0.4960938
vn 0.5419922 0.04379272 0.8393555
vn 0.7675781 0.1066895 0.6323242
vn 0.5366211 0.7255859 0.4311523
vn 0.753418 0.118103 0.6469727
vn 0.6811523 0.09918213 0.7250977
vn 0.7363281 0.08807373 0.6708984
vn 0.5195313 0.08190918 0.8505859
vn 0.5917969 0.09893799 0.7998047
vn 0.5141602 0.05569458 0.855957
vn 0.1179199 0.08526611 0.9892578
vn 0.2585449 0.06848145 0.9633789
vn -0.1066895 0.08508301 0.9907227
vn 0.2558594 0.0814209 0.9633789
vn 0.3320313 0.09259033 0.9384766
vn 0.447998 0.08508301 0.8901367
vn 0.2587891 0.09057617 0.9619141
vn -0.06988525 0.07952881 0.9941406
vn -0.02908325 0.08453369 0.9960938
vn 0.02407837 0.07104492 0.9970703
vn -0.1066895 0.08508301 0.9907227
vn -0.2634277 0.07983398 0.9614258
vn 0.1179199 0.08526611 0.9892578
vn -0.3273926 0.06567383 0.9423828
vn -0.06988525 0.07952881 0.9941406
vn -0.6079102 0.05496216 0.7924805
vn -0.3508301 0.08197021 0.9331055
vn -0.02908325 0.08453369 0.9960938
vn -0.3081055 0.1010132 0.9458008
vn -0.5820313 0.08673096 0.8085938
vn -0.4301758 0.1083984 0.8959961
vn -0.3217773 0.08087158 0.9433594
vn -0.4311523 0.1086426 0.8955078
vn -0.4921875 0.1134644 0.8632813
vn -0.6074219 0.0592041 0.7919922
vn -0.8647461 0.05499268 0.4995117
vn -0.7329102 0.1286621 0.6679688
vn -0.7177734 0.0625 0.6933594
vn -0.7866211 0.1459961 0.5996094
vn -0.8642578 0.06069946 0.4992676
vn -0.9887695 0.05441284 0.1374512
vn -0.8481445 0.09057617 0.5219727
vn -0.9179688 0.1862793 0.3503418
vn -0.8974609 0.07122803 0.4353027
vn -0.918457 0.1911621 0.3464355
vn -0.9663086 0.09216309 0.2410889
vn -0.9770508 0.06793213 0.2022705
vn -0.9951172 0.09576416 -0.0289917
vn -0.9960938 0.07214355 -0.05450439
vn -0.9648438 0.05792236 -0.2558594
vn -0.9643555 0.0579834 -0.2573242
vn -0.7861328 0.05874634 -0.6152344
vn -0.8837891 0.06518555 -0.4631348
vn -0.7490234 0.06222534 -0.659668
vn -0.5004883 0.07617188 -0.8623047
vn -0.7246094 0.0748291 -0.6850586
vn -0.8486328 0.07458496 -0.5239258
vn -0.7734375 0.07720947 -0.6293945
vn -0.8989258 0.07214355 -0.4318848
vn -0.5615234 0.06512451 -0.824707
vn -0.6040039 0.07250977 -0.7939453
vn -0.355957 0.08148193 -0.9311523
vn -0.1347656 0.07537842 -0.987793
vn 0.02095032 0.06463623 -0.9975586
vn -0.2700195 0.08459473 -0.9589844
vn -0.5336914 0.08666992 -0.8413086
vn -0.6806641 0.08093262 -0.7280273
vn -0.7216797 0.08361816 -0.6875
vn -0.3178711 0.08953857 -0.9438477
vn -0.03668213 0.08477783 -0.9956055
vn -0.05905151 0.09204102 -0.9941406
vn -0.2128906 0.097229 -0.972168
vn -0.482666 0.08679199 -0.871582
vn -0.5009766 0.09106445 -0.8608398
vn -0.5068359 0.0847168 -0.8579102
vn -0.6069336 0.0947876 -0.7890625
vn -0.7402344 0.08135986 -0.6669922
vn -0.8208008 0.07318115 -0.5668945
vn -0.9077148 0.07098389 -0.4138184
vn -0.9458008 0.06976318 -0.3171387
vn -0.9458008 0.06976318 -0.3171387
vn 0.1793213 0.9785156 0.1010132
vn 0.1793213 0.9785156 0.1010132
vn 0.1793213 0.9785156 0.1010132
vn 0.1793213 0.9785156 0.1010132
vn -0.6186523 -0.7436523 -0.253418
vn -0.6186523 -0.7436523 -0.253418
vn -0.6186523 -0.7436523 -0.253418
vn -0.6186523 -0.7436523 -0.253418
vn 0.7827148 0.3791504 -0.4936523
vn 0.1558838 0.9599609 -0.2335205
vn 0.1558838 0.9599609 -0.2335205
vn 0.8740234 0.3461914 -0.3410645
vn 0.4077148 -0.8999023 0.1542969
vn 0.4077148 -0.8999023 0.1542969
vn 0.4077148 -0.8999023 0.1542969
vn 0.4077148 -0.8999023 0.1542969
vn 0.007385254 -0.9663086 0.2568359
vn 0.007385254 -0.9663086 0.2568359
vn 0.007385254 -0.9663086 0.2568359
vn 0.007385254 -0.9663086 0.2568359
vn -0.3723145 -0.9106445 0.1784668
vn -0.3723145 -0.9106445 0.1784668
vn -0.3723145 -0.9106445 0.1784668
vn -0.3723145 -0.9106445 0.1784668
vn -0.1958008 -0.9155273 -0.3520508
vn -0.1958008 -0.9155273 -0.3520508
vn -0.1958008 -0.9155273 -0.3520508
vn -0.1958008 -0.9155273 -0.3520508
vn -0.1143799 -0.5029297 -0.8569336
vn -0.1113892 -0.5029297 -0.8574219
vn -0.4311523 -0.5 -0.7509766
vn -0.434082 -0.4997559 -0.7495117
vn -0.6850586 -0.5029297 -0.5273438
vn -0.6831055 -0.5029297 -0.5292969
vn -0.8330078 -0.5068359 -0.22229
vn -0.8325195 -0.5068359 -0.2235107
vn -0.8540039 -0.5078125 0.1126099
vn -0.8540039 -0.5078125 0.1126099
vn -0.7456055 -0.5083008 0.4306641
vn -0.7456055 -0.5083008 0.4311523
vn -0.5273438 -0.5146484 0.6762695
vn -0.5244141 -0.5146484 0.6782227
vn -0.2213135 -0.5209961 0.8242188
vn -0.2219238 -0.5209961 0.8242188
vn 0.1132813 -0.5195313 0.847168
vn 0.1104736 -0.5195313 0.847168
vn 0.1132813 -0.5195313 0.847168
vn 0.1104736 -0.5195313 0.847168
vn 0.4301758 -0.5175781 0.7397461
vn 0.4272461 -0.5175781 0.7412109
vn 0.6835938 -0.5185547 0.5136719
vn 0.6787109 -0.5185547 0.5205078
vn 0.8227539 -0.5253906 0.2163086
vn 0.8208008 -0.5253906 0.2233887
vn 0.840332 -0.5283203 -0.1223755
vn 0.8408203 -0.5283203 -0.1165161
vn 0.7324219 -0.5195313 -0.4396973
vn 0.7358398 -0.5200195 -0.434082
vn 0.519043 -0.5107422 -0.6850586
vn 0.519043 -0.5107422 -0.6855469
vn 0.222168 -0.5063477 -0.8334961
vn 0.2241211 -0.5063477 -0.8325195
vn -0.1143799 -0.5029297 -0.8569336
vn -0.1113892 -0.5029297 -0.8574219
vn 0.8110352 0.05947876 -0.5825195
vn 0.8110352 0.05947876 -0.5825195
vn 0.8110352 0.05947876 -0.5825195
vn 0.8110352 0.05947876 -0.5825195
vn -0.06011963 -0.965332 -0.2536621
vn -0.06011963 -0.965332 -0.2536621
vn -0.06011963 -0.965332 -0.2536621
vn -0.06011963 -0.965332 -0.2536621
vn -0.6049805 0.07354736 0.7929688
vn -0.6049805 0.07354736 0.7929688
vn -0.6049805 0.07354736 0.7929688
vn -0.6049805 0.07354736 0.7929688
vn 0.04638672 0.9975586 0.05310059
vn 0.04638672 0.9975586 0.05310059
vn 0.04638672 0.9975586 0.05310059
vn 0.04638672 0.9975586 0.05310059
vn -0.2524414 0.06787109 0.965332
vn 0.1879883 0.04324341 0.9814453
vn 0.1411133 0.05685425 0.9882813
vn -0.3054199 0.05160522 0.9506836
vn -0.6088867 0.0668335 0.7905273
vn -0.5761719 0.05059814 0.8154297
vn -0.4467773 -0.001247406 0.8945313
vn -0.4467773 -0.001247406 0.8945313
vn -0.8876953 0.04449463 0.458252
vn -0.8657227 0.06149292 0.496582
vn -0.9897461 0.05917358 0.1306152
vn -0.9833984 0.04263306 0.1766357
vn -0.9467773 -0.01096344 0.3215332
vn -0.9467773 -0.01096344 0.3215332
vn -0.9511719 0.0418396 -0.3054199
vn -0.9643555 0.05834961 -0.2585449
vn -0.7939453 0.04956055 -0.605957
vn -0.8183594 0.03488159 -0.5737305
vn -0.4936523 0.04498291 -0.8686523
vn -0.8959961 -0.01106262 -0.4433594
vn -0.8959961 -0.01106262 -0.4433594
vn -0.4604492 0.03173828 -0.887207
vn -0.1799316 0.03671265 -0.9829102
vn -0.1297607 0.05133057 -0.9902344
vn -0.3237305 -0.009941101 -0.9462891
vn -0.3237305 -0.009941101 -0.9462891
vn 0.894043 -0.001991272 0.4477539
vn 0.894043 -0.001991272 0.4477539
vn 0.9501953 0.04153442 0.3095703
vn 0.8154297 0.03268433 0.578125
vn 0.7958984 0.04351807 0.6040039
vn 0.9658203 0.0552063 0.2531738
vn 0.5131836 0.04379272 0.8574219
vn 0.9829102 0.04730225 -0.1768799
vn 0.4665527 0.0335083 0.8837891
vn 0.9882813 0.06451416 -0.137207
vn 0.1879883 0.04324341 0.9814453
vn 0.1411133 0.05685425 0.9882813
vn 0.3261719 -0.001013756 0.9453125
vn 0.3261719 -0.001013756 0.9453125
vn 0.8876953 0.04724121 -0.458252
vn 0.8623047 0.06463623 -0.5019531
vn 0.9467773 -0.01033783 -0.3215332
vn 0.9467773 -0.01033783 -0.3215332
vn 0.5693359 0.04431152 -0.8208008
vn 0.6074219 0.06137085 -0.7919922
vn 0.2600098 0.05657959 -0.9638672
vn 0.3024902 0.0406189 -0.9521484
vn -0.1297607 0.05133057 -0.9902344
vn -0.1799316 0.03671265 -0.9829102
vn 0.4421387 -0.01099396 -0.8969727
vn 0.4421387 -0.01099396 -0.8969727
vn 0.07739258 0.9970703 0.01166534
vn 0.07739258 0.9970703 0.01166534
vn 0.07739258 0.9970703 0.01166534
vn 0.07739258 0.9970703 0.01166534
vn 0.05285645 0.9975586 -0.04638672
vn 0.05285645 0.9975586 -0.04638672
vn 0.05285645 0.9975586 -0.04638672
vn 0.05285645 0.9975586 -0.04638672
vn 0.02574158 0.9995117 -0.008743286
vn 0.02574158 0.9995117 -0.008743286
vn 0.02574158 0.9995117 -0.008743286
vn 0.02574158 0.9995117 -0.008743286
vn -0.0297699 0.9990234 -0.02540588
vn -0.0297699 0.9990234 -0.02540588
vn -0.0297699 0.9990234 -0.02540588
vn -0.0297699 0.9990234 -0.02540588
vn -0.04632568 0.9975586 -0.05282593
vn -0.04632568 0.9975586 -0.05282593
vn -0.04632568 0.9975586 -0.05282593
vn -0.04632568 0.9975586 -0.05282593
vn 0.0120163 0.9995117 -0.02438354
vn 0.0120163 0.9995117 -0.02438354
vn 0.0120163 0.9995117 -0.02438354
vn 0.0120163 0.9995117 -0.02438354
vn 0.004650116 0.9975586 -0.07006836
vn 0.004650116 0.9975586 -0.07006836
vn 0.004650116 0.9975586 -0.07006836
vn 0.004650116 0.9975586 -0.07006836
vn -0.8046875 0.07324219 -0.5893555
vn -0.8046875 0.07324219 -0.5893555
vn -0.8046875 0.07324219 -0.5893555
vn -0.8046875 0.07324219 -0.5893555
vn -0.01174927 0.9995117 -0.0271759
vn -0.01174927 0.9995117 -0.0271759
vn -0.01174927 0.9995117 -0.0271759
vn -0.01174927 0.9995117 -0.0271759
vn -0.8647461 0.07348633 0.4968262
vn -0.8647461 0.07348633 0.4968262
vn -0.8647461 0.07348633 0.4968262
vn -0.8647461 0.07348633 0.4968262
vn -0.9848633 0.05725098 0.1627197
vn -0.9848633 0.05725098 0.1627197
vn -0.9848633 0.05725098 0.1627197
vn -0.9848633 0.05725098 0.1627197
vn 0.6049805 0.07354736 -0.7924805
vn 0.6049805 0.07354736 -0.7924805
vn 0.6049805 0.07354736 -0.7924805
vn 0.6049805 0.07354736 -0.7924805
vn -0.007881165 0.9995117 0.03610229
vn -0.007881165 0.9995117 0.03610229
vn -0.007881165 0.9995117 0.03610229
vn -0.007881165 0.9995117 0.03610229
vn 0.9560547 0.0612793 0.2871094
vn 0.9560547 0.0612793 0.2871094
vn 0.9560547 0.0612793 0.2871094
vn 0.9560547 0.0612793 0.2871094
vn -0.005592346 0.9960938 0.08551025
vn -0.005592346 0.9960938 0.08551025
vn -0.005592346 0.9960938 0.08551025
vn -0.005592346 0.9960938 0.08551025
vn 0.8037109 0.07537842 0.590332
vn 0.8037109 0.07537842 0.590332
vn 0.8037109 0.07537842 0.590332
vn 0.8037109 0.07537842 0.590332
vn -0.05285645 0.9975586 0.04638672
vn -0.05285645 0.9975586 0.04638672
vn -0.05285645 0.9975586 0.04638672
vn -0.05285645 0.9975586 0.04638672
vn 0.1523438 0.07324219 0.9858398
vn 0.1523438 0.07324219 0.9858398
vn 0.1523438 0.07324219 0.9858398
vn 0.1523438 0.07324219 0.9858398
vn 0.2900391 0.056427 -0.9555664
vn 0.2900391 0.056427 -0.9555664
vn 0.2900391 0.056427 -0.9555664
vn 0.2900391 0.056427 -0.9555664
vn -0.007995605 1 0.01628113
vn -0.007995605 1 0.01628113
vn -0.007995605 1 0.01628113
vn -0.007995605 1 0.01628113
vn -0.07019043 0.9975586 -0.004585266
vn -0.07019043 0.9975586 -0.004585266
vn -0.07019043 0.9975586 -0.004585266
vn -0.07019043 0.9975586 -0.004585266
vn 0.0243988 0.9995117 0.01205444
vn 0.0243988 0.9995117 0.01205444
vn 0.0243988 0.9995117 0.01205444
vn 0.0243988 0.9995117 0.01205444
vn -0.02574158 0.9995117 0.008743286
vn -0.02574158 0.9995117 0.008743286
vn -0.02574158 0.9995117 0.008743286
vn -0.02574158 0.9995117 0.008743286
vn -0.4794922 0.07318115 -0.8745117
vn -0.4794922 0.07318115 -0.8745117
vn -0.4794922 0.07318115 -0.8745117
vn -0.4794922 0.07318115 -0.8745117
vn 0.9848633 0.05334473 -0.1652832
vn 0.9848633 0.05334473 -0.1652832
vn 0.9848633 0.05334473 -0.1652832
vn 0.9848633 0.05334473 -0.1652832
vn 0.9228516 0.133667 0.3608398
vn 0.9228516 0.133667 0.3608398
vn 0.9228516 0.133667 0.3608398
vn 0.9228516 0.133667 0.3608398
vn -0.07958984 0.996582 0.006011963
vn -0.07958984 0.996582 0.006011963
vn -0.07958984 0.996582 0.006011963
vn -0.07958984 0.996582 0.006011963
vn -0.07958984 0.996582 0.006011963
vn -0.07958984 0.996582 0.006011963
vn -0.07763672 0.9956055 -0.04785156
vn -0.07763672 0.9956055 -0.04785156
vn -0.07763672 0.9956055 -0.04785156
vn -0.07763672 0.9956055 -0.04785156
vn -0.07763672 0.9956055 -0.04785156
vn 0.7680664 0.01922607 -0.6401367
vn 0.7680664 0.01922607 -0.6401367
vn 0.7680664 0.01922607 -0.6401367
vn 0.7680664 0.01922607 -0.6401367
vn -0.581543 0.0791626 -0.8095703
vn -0.581543 0.0791626 -0.8095703
vn -0.581543 0.0791626 -0.8095703
vn -0.581543 0.0791626 -0.8095703
vn 0.8608398 0.02038574 0.5087891
vn 0.8608398 0.02038574 0.5087891
vn 0.8608398 0.02038574 0.5087891
vn 0.8608398 0.02038574 0.5087891
vn -0.5307617 -0.0003869534 0.847168
vn -0.5307617 -0.0003869534 0.847168
vn -0.5307617 -0.0003869534 0.847168
vn -0.5307617 -0.0003869534 0.847168
vn 0.8398438 0.02593994 0.5419922
vn 0.8398438 0.02593994 0.5419922
vn 0.8398438 0.02593994 0.5419922
vn 0.8398438 0.02593994 0.5419922
vn 0.006744385 0.9726563 0.2322998
vn 0.006744385 0.9726563 0.2322998
vn 0.006744385 0.9726563 0.2322998
vn 0.006744385 0.9726563 0.2322998
vn 0.8886719 0.0375061 -0.4575195
vn 0.8886719 0.0375061 -0.4575195
vn 0.8886719 0.0375061 -0.4575195
vn 0.8886719 0.0375061 -0.4575195
vn -0.2683105 0.01635742 -0.9633789
vn -0.2683105 0.01635742 -0.9633789
vn -0.2683105 0.01635742 -0.9633789
vn -0.2683105 0.01635742 -0.9633789
vn -0.9951172 0.01138306 -0.1000366
vn -0.9951172 0.01138306 -0.1000366
vn -0.9951172 0.01138306 -0.1000366
vn -0.9951172 0.01138306 -0.1000366
vn -0.9628906 0.05853271 -0.2636719
vn -0.9321289 0.0559082 -0.3571777
vn -0.9321289 0.0559082 -0.3571777
vn -0.9633789 0.05856323 -0.2624512
vn -0.984375 0.06060791 -0.1657715
vn -0.984375 0.06060791 -0.1657715
vn 0.05404663 -0.006843567 -0.9985352
vn 0.05404663 -0.006843567 -0.9985352
vn 0.05404663 -0.006843567 -0.9985352
vn 0.05404663 -0.006843567 -0.9985352
vn -0.2277832 0.05172729 -0.972168
vn -0.2277832 0.05172729 -0.972168
vn -0.2277832 0.05172729 -0.972168
vn -0.2277832 0.05172729 -0.972168
vn 0.02975464 0.05117798 0.9980469
vn 0.02975464 0.05117798 0.9980469
vn 0.02975464 0.05117798 0.9980469
vn 0.02975464 0.05117798 0.9980469
vn 0.9331055 0.05685425 0.3554688
vn 0.9331055 0.05685425 0.3554688
vn 0.9331055 0.05685425 0.3554688
vn 0.9331055 0.05685425 0.3554688
vn -0.9536133 0.01754761 0.3012695
vn -0.9536133 0.01754761 0.3012695
vn -0.9536133 0.01754761 0.3012695
vn -0.9536133 0.01754761 0.3012695
vn 0.3747559 0.9165039 0.1401367
vn 0.3747559 0.9165039 0.1401367
vn 0.3747559 0.9165039 0.1401367
vn 0.3747559 0.9165039 0.1401367
vn -0.8535156 0.1417236 0.5009766
vn -0.8535156 0.1417236 0.5009766
vn -0.8535156 0.1417236 0.5009766
vn -0.8535156 0.1417236 0.5009766
vn -0.05621338 0.9697266 -0.2369385
vn -0.05621338 0.9697266 -0.2369385
vn -0.05621338 0.9697266 -0.2369385
vn -0.05621338 0.9697266 -0.2369385
vn -0.2137451 -0.9306641 -0.2971191
vn -0.2137451 -0.9306641 -0.2971191
vn -0.2137451 -0.9306641 -0.2971191
vn -0.2137451 -0.9306641 -0.2971191
vn -0.1523438 0.07324219 -0.9858398
vn -0.1523438 0.07324219 -0.9858398
vn -0.1523438 0.07324219 -0.9858398
vn -0.1523438 0.07324219 -0.9858398
vn 0.02772522 0.163208 -0.9863281
vn 0.02772522 0.163208 -0.9863281
vn 0.02772522 0.163208 -0.9863281
vn 0.02772522 0.163208 -0.9863281
vn 0.8955078 0.1258545 -0.427002
vn 0.7924805 0.1188354 -0.5981445
vn 0.7299805 0.1219482 -0.6723633
vn 0.8730469 0.12146 -0.472168
vn 0.9638672 0.1248779 -0.2349854
vn 0.6967773 0.1257324 -0.7060547
vn 0.9707031 0.121521 -0.2067871
vn 0.9375 0.1292725 -0.3225098
vn 0.9916992 0.1257324 -0.01873779
vn 0.4936523 0.1245117 -0.8608398
vn 0.5771484 0.1228027 -0.8076172
vn 0.4475098 0.1260986 -0.8852539
vn 0.9926758 0.1199951 0.01076508
vn 0.984375 0.1137085 -0.1333008
vn 0.9711914 0.1174316 0.2070313
vn 0.2075195 0.1239014 -0.9702148
vn 0.3000488 0.12323 -0.9458008
vn 0.1547852 0.125 -0.9799805
vn -0.08233643 0.1281738 -0.9882813
vn 0.003189087 0.1209106 -0.9926758
vn -0.1394043 0.1271973 -0.9819336
vn 0.9667969 0.1342773 0.2176514
vn 0.9897461 0.1212769 0.07269287
vn 0.8535156 0.119751 0.5068359
vn 0.8256836 0.09295654 0.5561523
vn 0.625 0.1018066 0.7739258
vn 0.8212891 0.1652832 0.5458984
vn 0.9272461 0.159668 0.3388672
vn 0.6191406 0.121521 0.7758789
vn 0.4445801 0.111145 0.8886719
vn 0.4384766 0.1150513 0.8916016
vn 0.5795898 0.1228027 0.8056641
vn 0.7583008 0.1588135 0.6323242
vn 0.3588867 0.08959961 0.9291992
vn 0.5004883 0.09216309 0.8608398
vn 0.25 0.08734131 0.9643555
vn 0.2049561 0.07824707 0.9755859
vn 0.08001709 0.08551025 0.9931641
vn 0.2507324 0.08630371 0.9643555
vn 0.07110596 0.07800293 0.9946289
vn -0.08203125 0.1467285 0.9858398
vn 0.01635742 0.08563232 0.9960938
vn -0.02947998 0.0758667 0.996582
vn -0.2695313 0.09057617 0.9584961
vn 0.03424072 0.07641602 0.996582
vn -0.8354492 0.144043 0.5302734
vn -0.6953125 0.1557617 0.7016602
vn -0.625 0.1669922 0.762207
vn -0.8305664 0.09667969 0.5488281
vn -0.9550781 0.100647 0.2792969
vn -0.9521484 0.1323242 0.2751465
vn -0.8901367 0.1291504 0.4375
vn -0.6020508 0.09222412 0.793457
vn -0.3564453 0.1885986 0.9150391
vn -0.4299316 0.1801758 0.8847656
vn -0.9560547 0.06787109 0.2858887
vn -0.8266602 0.05758667 0.5600586
vn -0.9956055 0.07208252 0.05960083
vn -0.6108398 0.04342651 0.7905273
vn -0.9936523 0.09375 0.06060791
vn -0.9960938 0.06945801 -0.05401611
vn -0.9941406 0.09796143 -0.04669189
vn -0.9868164 0.1181641 -0.1113281
vn -0.2695313 0.09057617 0.9584961
vn -0.2966309 0.04974365 0.9536133
vn -0.08203125 0.1467285 0.9858398
vn -0.1744385 0.1967773 0.9648438
vn -0.02947998 0.0758667 0.996582
vn -0.06762695 0.0715332 0.9951172
vn -0.9902344 0.1212158 0.06829834
vn -0.9741211 0.1313477 0.1844482
vn -0.9804688 0.07629395 -0.1809082
vn -0.9970703 0.07543945 -0.02467346
vn -0.9453125 0.07543945 -0.3178711
vn -0.9453125 0.07543945 -0.3178711
vn -0.08233643 0.1281738 -0.9882813
vn -0.2717285 0.1386719 -0.9521484
vn -0.3676758 0.1113281 -0.9233398
vn -0.1394043 0.1271973 -0.9819336
vn -0.4353027 0.08624268 -0.8959961
vn -0.5161133 0.08294678 -0.8525391
vn -0.5161133 0.08294678 -0.8525391
vn -0.9736328 0.1341553 -0.1853027
vn -0.9736328 0.1341553 -0.1853027
vn -0.9736328 0.1341553 -0.1853027
vn -0.9736328 0.1341553 -0.1853027
vn -0.9833984 0.1337891 0.1237183
vn -0.9833984 0.1337891 0.1237183
vn -0.9833984 0.1337891 0.1237183
vn -0.9833984 0.1337891 0.1237183
vn -0.909668 0.06066895 0.4108887
vn -0.909668 0.06066895 0.4108887
vn -0.909668 0.06066895 0.4108887
vn -0.909668 0.06066895 0.4108887
vn -0.001621246 0.9995117 0.034729
vn -0.001621246 0.9995117 0.034729
vn -0.001621246 0.9995117 0.034729
vn -0.001621246 0.9995117 0.034729
vn -0.1087646 0.9926758 0.05587769
vn -0.1087646 0.9926758 0.05587769
vn -0.1087646 0.9926758 0.05587769
vn -0.1087646 0.9926758 0.05587769
vn 0.102478 0.001252174 -0.9946289
vn 0.102478 0.001252174 -0.9946289
vn 0.102478 0.001252174 -0.9946289
vn 0.09985352 0.002590179 -0.9951172
vn 0.09985352 0.002590179 -0.9951172
vn 0.01631165 0.1027222 0.9946289
vn 0.01631165 0.1027222 0.9946289
vn 0.01631165 0.1027222 0.9946289
vn 0.01631165 0.1027222 0.9946289
vn 0.2548828 0.1540527 0.9545898
vn 0.2548828 0.1540527 0.9545898
vn 0.2548828 0.1540527 0.9545898
vn 0.2548828 0.1540527 0.9545898
vn -0.046875 0.996582 0.06890869
vn -0.046875 0.996582 0.06890869
vn -0.046875 0.996582 0.06890869
vn -0.046875 0.996582 0.06890869
vn -0.046875 0.996582 0.06890869
vn 0.534668 0.1195068 0.8364258
vn 0.534668 0.1195068 0.8364258
vn 0.534668 0.1195068 0.8364258
vn 0.534668 0.1195068 0.8364258
vn 0.7758789 0.1890869 0.6020508
vn 0.7758789 0.1890869 0.6020508
vn 0.7758789 0.1890869 0.6020508
vn 0.7758789 0.1890869 0.6020508
vn 0.004341125 0.9970703 0.07867432
vn 0.004341125 0.9970703 0.07867432
vn 0.004341125 0.9970703 0.07867432
vn 0.004341125 0.9970703 0.07867432
vn 0.02557373 0.996582 0.07775879
vn 0.02557373 0.996582 0.07775879
vn 0.02557373 0.996582 0.07775879
vn 0.02557373 0.996582 0.07775879
vn 0.02557373 0.996582 0.07775879
vn -0.1529541 0.9648438 -0.2138672
vn -0.1529541 0.9648438 -0.2138672
vn -0.1529541 0.9648438 -0.2138672
vn -0.1529541 0.9648438 -0.2138672
vn 0.06726074 0.9970703 0.03738403
vn 0.06726074 0.9970703 0.03738403
vn 0.06726074 0.9970703 0.03738403
vn 0.06726074 0.9970703 0.03738403
vn 0.06726074 0.9970703 0.03738403
vn 0.07214355 0.9970703 0.01351166
vn 0.07214355 0.9970703 0.01351166
vn 0.07214355 0.9970703 0.01351166
vn 0.07214355 0.9970703 0.01351166
vn 0.07214355 0.9970703 0.01351166
vn 0.07733154 0.9970703 -0.009391785
vn 0.07733154 0.9970703 -0.009391785
vn 0.07733154 0.9970703 -0.009391785
vn 0.07733154 0.9970703 -0.009391785
vn 0.07733154 0.9970703 -0.009391785
vn 0.5327148 0.1323242 -0.8359375
vn 0.5327148 0.1323242 -0.8359375
vn 0.5327148 0.1323242 -0.8359375
vn 0.5327148 0.1323242 -0.8359375
vn 0.1032715 0.9921875 -0.0670166
vn 0.1032715 0.9921875 -0.0670166
vn 0.1032715 0.9921875 -0.0670166
vn 0.1032715 0.9921875 -0.0670166
vn 0.1032715 0.9921875 -0.0670166
vn -0.4187012 0.1668701 -0.8925781
vn -0.4187012 0.1668701 -0.8925781
vn -0.4187012 0.1668701 -0.8925781
vn -0.4187012 0.1668701 -0.8925781
vn 0.01232147 0.9990234 -0.04647827
vn 0.01232147 0.9990234 -0.04647827
vn 0.01232147 0.9990234 -0.04647827
vn 0.01232147 0.9990234 -0.04647827
vn -0.6806641 0.138916 -0.7197266
vn -0.6806641 0.138916 -0.7197266
vn -0.6806641 0.138916 -0.7197266
vn -0.6806641 0.138916 -0.7197266
vn -0.009315491 0.9990234 -0.04760742
vn -0.009315491 0.9990234 -0.04760742
vn -0.009315491 0.9990234 -0.04760742
vn -0.009315491 0.9990234 -0.04760742
vn -0.009315491 0.9990234 -0.04760742
vn -0.0227356 0.9985352 -0.04910278
vn -0.0227356 0.9985352 -0.04910278
vn -0.0227356 0.9985352 -0.04910278
vn -0.0227356 0.9985352 -0.04910278
vn -0.0227356 0.9985352 -0.04910278
vn -0.8798828 0.1279297 -0.4575195
vn -0.8798828 0.1279297 -0.4575195
vn -0.8798828 0.1279297 -0.4575195
vn -0.8798828 0.1279297 -0.4575195
vn -0.03439331 0.9990234 -0.03265381
vn -0.03439331 0.9990234 -0.03265381
vn -0.03439331 0.9990234 -0.03265381
vn -0.03439331 0.9990234 -0.03265381
vn -0.04351807 0.9985352 -0.03030396
vn -0.04351807 0.9985352 -0.03030396
vn -0.04351807 0.9985352 -0.03030396
vn -0.04351807 0.9985352 -0.03030396
vn -0.04351807 0.9985352 -0.03030396
vn 0.7871094 0.138916 -0.6010742
vn 0.7871094 0.138916 -0.6010742
vn 0.7871094 0.138916 -0.6010742
vn 0.7871094 0.138916 -0.6010742
vn 0.9868164 0.1179199 0.1123657
vn 0.9868164 0.1179199 0.1123657
vn 0.9868164 0.1179199 0.1123657
vn 0.9868164 0.1179199 0.1123657
vn 0.02662659 0.9990234 0.02975464
vn 0.02662659 0.9990234 0.02975464
vn 0.02662659 0.9990234 0.02975464
vn 0.02662659 0.9990234 0.02975464
vn 0.2093506 0.9755859 -0.06323242
vn 0.2093506 0.9755859 -0.06323242
vn 0.2093506 0.9755859 -0.06323242
vn 0.2093506 0.9755859 -0.06323242
vn 0.2093506 0.9755859 -0.06323242
vn 0.2431641 0.1292725 -0.9614258
vn 0.2431641 0.1292725 -0.9614258
vn 0.2431641 0.1292725 -0.9614258
vn 0.2431641 0.1292725 -0.9614258
vn 0.1343994 0.1286621 0.9824219
vn 0.1343994 0.1286621 0.9824219
vn 0.1343994 0.1286621 0.9824219
vn 0.1343994 0.1286621 0.9824219
vn 0.137085 0.1291504 0.9819336
vn 0.1356201 0.1289063 0.9824219
vn 0.1685791 0.1337891 0.9765625
vn 0.1685791 0.1337891 0.9765625
vn 0.9316406 0.1392822 -0.3361816
vn 0.9316406 0.1392822 -0.3361816
vn 0.9316406 0.1392822 -0.3361816
vn 0.9316406 0.1392822 -0.3361816
vn 0.8032227 -0.5932617 0.05160522
vn 0.8032227 -0.5932617 0.05160522
vn 0.8032227 -0.5932617 0.05160522
vn 0.8032227 -0.5932617 0.05160522
vn 1 -0.01655579 2.545118E-05
vn 1 -0.01655579 2.545118E-05
vn 1 -0.01655579 2.545118E-05
vn 1 -0.01655579 2.545118E-05
vn -0.7421875 -0.5991211 0.2995605
vn -0.7421875 -0.5991211 0.2995605
vn -0.7421875 -0.5991211 0.2995605
vn -0.7421875 -0.5991211 0.2995605
vn 0.03689575 -0.9824219 0.1827393
vn 0.03689575 -0.9824219 0.1827393
vn 0.03689575 -0.9824219 0.1827393
vn 0.03689575 -0.9824219 0.1827393
vn 0.307373 -0.9404297 0.1447754
vn 0.307373 -0.9404297 0.1447754
vn 0.307373 -0.9404297 0.1447754
vn 0.307373 -0.9404297 0.1447754
vn -0.2156982 -0.9506836 0.2235107
vn -0.2156982 -0.9506836 0.2235107
vn -0.2156982 -0.9506836 0.2235107
vn -0.2156982 -0.9506836 0.2235107
vn -0.9599609 -0.01583862 0.2802734
vn -0.9599609 -0.01583862 0.2802734
vn -0.9599609 -0.01583862 0.2802734
vn -0.9599609 -0.01583862 0.2802734
vn 0.09588623 0.002889633 -0.9956055
vn 0.09588623 0.002889633 -0.9956055
vn 0.09588623 0.002889633 -0.9956055
vn 0.09588623 0.002889633 -0.9956055
vn 0.2265625 0.9604492 -0.1612549
vn 0.2265625 0.9604492 -0.1612549
vn 0.2265625 0.9604492 -0.1612549
vn 0.2265625 0.9604492 -0.1612549
vn -0.05319214 0.01229095 0.9985352
vn -0.05319214 0.01229095 0.9985352
vn -0.05319214 0.01229095 0.9985352
vn -0.05319214 0.01229095 0.9985352
vn -1 -0.009857178 -0.005268097
vn -1 -0.009857178 -0.005268097
vn -1 -0.009857178 -0.005268097
vn -1 -0.009857178 -0.005268097
vn 0.04190063 0.9990234 0.009147644
vn 0.04190063 0.9990234 0.009147644
vn 0.04190063 0.9990234 0.009147644
vn 0.04190063 0.9990234 0.009147644
vn 0.5932617 0.01791382 -0.8046875
vn 0.5932617 0.01791382 -0.8046875
vn 0.5932617 0.01791382 -0.8046875
vn 0.5932617 0.01791382 -0.8046875
vn -0.9575195 0.07318115 -0.2792969
vn -0.9575195 0.07318115 -0.2792969
vn -0.9575195 0.07318115 -0.2792969
vn -0.9575195 0.07318115 -0.2792969
vn 0.8745117 0.07312012 -0.4794922
vn 0.8745117 0.07312012 -0.4794922
vn 0.8745117 0.07312012 -0.4794922
vn 0.8745117 0.07312012 -0.4794922
vn -0.2792969 0.07324219 0.9575195
vn -0.2792969 0.07324219 0.9575195
vn -0.2792969 0.07324219 0.9575195
vn -0.2792969 0.07324219 0.9575195
vn 0.4794922 0.07324219 0.8745117
vn 0.4794922 0.07324219 0.8745117
vn 0.4794922 0.07324219 0.8745117
vn 0.4794922 0.07324219 0.8745117
vn 0.1569824 -0.9604492 -0.2304688
vn 0.0562439 -0.9599609 -0.2751465
vn 0.05606079 -0.9599609 -0.2753906
vn 0.1572266 -0.9604492 -0.2302246
vn 0.2344971 -0.9594727 -0.1551514
vn 0.2333984 -0.9594727 -0.1564941
vn 0.276123 -0.9599609 -0.04418945
vn 0.2675781 -0.9570313 -0.1122437
vn 0.2768555 -0.9599609 -0.03967285
vn 0.2666016 -0.9609375 0.07373047
vn 0.2670898 -0.9609375 0.0725708
vn 0.2332764 -0.9604492 0.1514893
vn 0.2352295 -0.9604492 0.147583
vn 0.1789551 -0.9541016 0.2398682
vn 0.1798096 -0.9541016 0.2387695
vn 0.09857178 -0.9506836 0.2939453
vn 0.1005249 -0.9506836 0.2929688
vn 0.008598328 -0.9492188 0.314209
vn 0.009475708 -0.9492188 0.3139648
vn 0.009475708 -0.9492188 0.3139648
vn -0.1101685 -0.9472656 0.3007813
vn 0.008598328 -0.9492188 0.314209
vn -0.1085815 -0.9472656 0.3012695
vn -0.2178955 -0.9433594 0.2498779
vn -0.2165527 -0.9433594 0.2507324
vn -0.3066406 -0.9365234 0.170166
vn -0.3039551 -0.9365234 0.173584
vn -0.34375 -0.9311523 0.1216431
vn -0.3535156 -0.934082 0.05065918
vn -0.3535156 -0.934082 0.05123901
vn -0.3613281 -0.9321289 -0.01855469
vn -0.3366699 -0.9384766 -0.07623291
vn -0.3369141 -0.9384766 -0.07617188
vn -0.2675781 -0.9467773 -0.1800537
vn -0.2680664 -0.9462891 -0.1796875
vn -0.1773682 -0.949707 -0.2583008
vn -0.1768799 -0.949707 -0.2587891
vn -0.126709 -0.9482422 -0.2912598
vn -0.06228638 -0.9550781 -0.2890625
vn -0.06494141 -0.9550781 -0.2893066
vn 0.0562439 -0.9599609 -0.2751465
vn 0.05606079 -0.9599609 -0.2753906
vn -0.5644531 -0.7724609 0.2905273
vn -0.5644531 -0.7724609 0.2905273
vn -0.5644531 -0.7724609 0.2905273
vn -0.5644531 -0.7724609 0.2905273
vn -0.8515625 -0.007190704 0.5239258
vn -0.8515625 -0.007190704 0.5239258
vn -0.8515625 -0.007190704 0.5239258
vn -0.8515625 -0.007190704 0.5239258
vn 0.2075195 0.5927734 -0.7783203
vn 0.01565552 1 -0.002614975
vn -0.07971191 0.5922852 -0.8017578
vn 0.4907227 0.5961914 -0.6357422
vn 0.7001953 0.5961914 -0.3920898
vn 0.7944336 0.597168 -0.1105957
vn 0.7739258 0.6010742 0.197876
vn 0.6376953 0.605957 0.4760742
vn 0.5341797 0.6020508 0.5932617
vn 0.4138184 0.605957 0.6791992
vn 0.1317139 0.6025391 0.7871094
vn -0.07971191 0.5922852 -0.8017578
vn 0.01565552 1 -0.002614975
vn -0.3745117 0.6005859 -0.706543
vn -0.6191406 0.6040039 -0.5019531
vn -0.7631836 0.609375 -0.2147217
vn -0.784668 0.6108398 0.1054688
vn -0.6791992 0.6103516 0.407959
vn -0.4650879 0.6083984 0.6430664
vn -0.1745605 0.605957 0.7758789
vn 0.1317139 0.6025391 0.7871094
vn 0.9990234 0.02728271 0.03753662
vn 0.9990234 0.02728271 0.03753662
vn 0.9990234 0.02728271 0.03753662
vn 0.9990234 0.02728271 0.03753662
vn 0.3369141 -0.01296234 -0.9414063
vn 0.3369141 -0.01296234 -0.9414063
vn 0.3369141 -0.01296234 -0.9414063
vn 0.3369141 -0.01296234 -0.9414063
vn 0.0892334 -0.9956055 -0.02006531
vn 0.0892334 -0.9956055 -0.02006531
vn 0.0892334 -0.9956055 -0.02006531
vn 0.0892334 -0.9956055 -0.02006531
vn -0.7939453 -0.01708984 -0.6079102
vn -0.7744141 -0.01719666 -0.6323242
vn -0.7744141 -0.01719666 -0.6323242
vn -0.7939453 -0.01708984 -0.6074219
vn -0.8139648 -0.01695251 -0.5810547
vn -0.8139648 -0.01695251 -0.5810547
vn 0.3713379 0.003509521 -0.9287109
vn 0.3713379 0.003509521 -0.9287109
vn 0.3713379 0.003509521 -0.9287109
vn 0.3713379 0.003509521 -0.9287109
vn 0.119812 -0.7553711 -0.644043
vn 0.119812 -0.7553711 -0.644043
vn 0.119812 -0.7553711 -0.644043
vn 0.119812 -0.7553711 -0.644043
vn -0.002607346 -0.9975586 0.06719971
vn -0.002607346 -0.9975586 0.06719971
vn -0.002607346 -0.9975586 0.06719971
vn -0.002607346 -0.9975586 0.06719971
vn 0.9990234 0.005130768 0.04196167
vn 0.9990234 0.005130768 0.04196167
vn 0.9990234 0.005130768 0.04196167
vn 0.9990234 0.005130768 0.04196167
vn -0.08441162 0.987793 -0.1291504
vn -0.08441162 0.987793 -0.1291504
vn -0.08441162 0.987793 -0.1291504
vn -0.08441162 0.987793 -0.1291504
vn -0.1553955 0.9863281 -0.0536499
vn -0.1553955 0.9863281 -0.0536499
vn -0.1553955 0.9863281 -0.0536499
vn -0.1553955 0.9863281 -0.0536499
vn 0.06854248 0.9804688 0.1855469
vn 0.06854248 0.9804688 0.1855469
vn 0.06854248 0.9804688 0.1855469
vn 0.06854248 0.9804688 0.1855469
vn -0.4924316 -0.7680664 -0.409668
vn -0.4924316 -0.7680664 -0.409668
vn -0.4924316 -0.7680664 -0.409668
vn -0.4924316 -0.7680664 -0.409668
vn -0.8120117 -0.0272522 -0.5830078
vn -0.8120117 -0.0272522 -0.5830078
vn -0.8120117 -0.0272522 -0.5830078
vn -0.8120117 -0.0272522 -0.5830078
vn -0.1070557 0.9868164 0.1204834
vn -0.1070557 0.9868164 0.1204834
vn -0.1070557 0.9868164 0.1204834
vn -0.1070557 0.9868164 0.1204834
vn -0.8754883 -0.01815796 -0.482666
vn -0.8754883 -0.01815796 -0.482666
vn -0.8754883 -0.01815796 -0.482666
vn -0.8754883 -0.01815796 -0.482666
vn -0.09698486 -0.9926758 0.07000732
vn -0.09698486 -0.9926758 0.07000732
vn -0.09698486 -0.9926758 0.07000732
vn -0.09698486 -0.9926758 0.07000732
vn -0.7661133 0.05407715 0.640625
vn -0.7661133 0.05407715 0.640625
vn -0.7661133 0.05407715 0.640625
vn -0.7661133 0.05407715 0.640625
vn 0.1918945 0.9814453 0.01405334
vn 0.1918945 0.9814453 0.01405334
vn 0.1918945 0.9814453 0.01405334
vn 0.1918945 0.9814453 0.01405334
vn 0.1918945 0.9814453 0.01405334
vn 0.1190186 0.980957 -0.1519775
vn 0.1190186 0.980957 -0.1519775
vn 0.1190186 0.980957 -0.1519775
vn 0.1190186 0.980957 -0.1519775
vn 0.02536011 0.9663086 -0.2568359
vn 0.02536011 0.9663086 -0.2568359
vn 0.02536011 0.9663086 -0.2568359
vn 0.02536011 0.9663086 -0.2568359
vn 0.9975586 0.03387451 -0.059021
vn 0.9975586 0.03387451 -0.059021
vn 0.9975586 0.03387451 -0.059021
vn 0.9975586 0.03387451 -0.059021
vn 0.6455078 -0.7504883 -0.142334
vn 0.6455078 -0.7504883 -0.142334
vn 0.6455078 -0.7504883 -0.142334
vn 0.6455078 -0.7504883 -0.142334
vn 0.2824707 0.03155518 0.9589844
vn 0.2824707 0.03155518 0.9589844
vn 0.2824707 0.03155518 0.9589844
vn 0.2824707 0.03155518 0.9589844
vn -0.7211914 0.01156616 0.6923828
vn -0.7211914 0.01156616 0.6923828
vn -0.7211914 0.01156616 0.6923828
vn -0.7211914 0.01156616 0.6923828
vn 0.4001465 0.01394653 0.9165039
vn 0.4001465 0.01394653 0.9165039
vn 0.4001465 0.01394653 0.9165039
vn 0.4001465 0.01394653 0.9165039
vn 0.2541504 0.02784729 -0.9667969
vn 0.3339844 0.01670837 -0.9423828
vn 0.3339844 0.01670837 -0.9423828
vn 0.2575684 0.02738953 -0.9658203
vn 0.1704102 0.03903198 -0.984375
vn 0.1704102 0.03903198 -0.984375
vn 0.3562012 0.03219604 0.934082
vn 0.3562012 0.03219604 0.934082
vn 0.3562012 0.03219604 0.934082
vn 0.3562012 0.03219604 0.934082
vn -0.08227539 0.0848999 -0.9931641
vn 0.003240585 0.04385376 -0.9990234
vn -0.1297607 0.1071777 -0.9858398
vn -0.2578125 0.1456299 -0.9550781
vn -0.2678223 0.1484375 -0.9521484
vn -0.4741211 0.1785889 -0.8623047
vn -0.4819336 0.1782227 -0.8579102
vn -0.6376953 0.1690674 -0.7514648
vn -0.6430664 0.1687012 -0.7470703
vn -0.8110352 0.09869385 -0.5766602
vn -0.7573242 0.1583252 -0.6337891
vn -0.9174805 0.04550171 -0.3952637
vn -0.8608398 0.0317688 -0.5078125
vn -0.9082031 0.0401001 -0.4169922
vn -0.8583984 0.03338623 -0.5117188
vn -0.9677734 0.04373169 -0.2478027
vn -0.9667969 0.04376221 -0.2521973
vn -0.9980469 0.04321289 -0.04534912
vn -0.9975586 0.04321289 -0.05090332
vn -0.987793 0.04382324 0.1495361
vn -0.9887695 0.04376221 0.1430664
vn -0.9404297 0.0458374 0.3374023
vn -0.9428711 0.04574585 0.3305664
vn -0.8745117 0.04470825 0.4833984
vn -0.8881836 0.04943848 0.456543
vn -0.8266602 0.04156494 0.5610352
vn -0.828125 0.04043579 0.5585938
vn -0.8457031 0.05181885 0.53125
vn -0.8061523 0.1318359 0.5766602
vn -0.08227539 0.0848999 -0.9931641
vn -0.7558594 0.0914917 -0.6484375
vn -0.9482422 0.05026245 -0.3137207
vn 0.003240585 0.04385376 -0.9990234
vn 0.2421875 0.01470947 0.9702148
vn 0.2421875 0.01470947 0.9702148
vn 0.2421875 0.01470947 0.9702148
vn 0.2421875 0.01470947 0.9702148
vn 0.8525391 0.03890991 0.5209961
vn 0.8525391 0.03890991 0.5209961
vn 0.8525391 0.03890991 0.5209961
vn 0.8525391 0.03890991 0.5209961
vn 0.9428711 0.05062866 0.3286133
vn 0.9438477 0.04031372 0.3273926
vn 0.9438477 0.04031372 0.3273926
vn 0.9643555 0.09973145 0.2453613
vn 0.9379883 0.08599854 0.3359375
vn 0.9492188 0.1050415 0.2961426
vn 0.949707 0.1055298 0.2946777
vn 0.9936523 0.1085205 0.02784729
vn 0.9550781 0.1116333 0.2751465
vn 0.9550781 0.1116333 0.2751465
vn 0.9941406 0.1082764 0.009033203
vn 0.9550781 0.1036377 -0.2770996
vn 0 1 0
vn 0.9916992 0.1074829 -0.06866455
vn 0.9082031 0.09423828 -0.4082031
vn 0.9794922 0.04083252 -0.1983643
vn 0.8095703 0.09161377 -0.5795898
vn 0 1 -1.0252E-05
vn 0.8564453 0.09234619 -0.5078125
vn 0.9228516 0.009567261 -0.3852539
vn 0.6557617 0.07049561 -0.7514648
vn 0.5898438 0.06185913 -0.8051758
vn 0.6210938 0.09875488 -0.7773438
vn 0.4916992 0.05288696 -0.8691406
vn 0.574707 0.05700684 -0.8164063
vn 0.5117188 0.04089355 -0.8583984
vn 0.3710938 0.03536987 -0.9277344
vn 0.4970703 0.009490967 -0.8676758
vn 0.5239258 0.001600266 -0.8515625
vn 0.2609863 0.0723877 -0.9624023
vn 0.02914429 0.9956055 -0.08935547
vn -0.7998047 0.5922852 -0.09710693
vn -0.8432617 0.5292969 -0.09442139
vn 0.02772522 0.9956055 -0.08880615
vn 0.0309906 0.9936523 -0.1062622
vn 0.03089905 0.9936523 -0.1063843
vn 0.0009717941 0.9931641 -0.118042
vn 0.0005664825 0.9931641 -0.118042
vn -0.02487183 0.9946289 -0.09912109
vn 0.0005664825 0.9931641 -0.118042
vn 0.0009717941 0.9931641 -0.118042
vn -0.02484131 0.9946289 -0.09918213
vn -0.03713989 0.9960938 -0.07830811
vn -0.03720093 0.9960938 -0.07830811
vn -0.05804443 0.9956055 -0.07025146
vn -0.05828857 0.9956055 -0.07019043
vn -0.07928467 0.9951172 -0.05987549
vn -0.07928467 0.9951172 -0.05984497
vn -0.0914917 0.9951172 -0.03921509
vn -0.09136963 0.9951172 -0.03948975
vn -0.1015625 0.9946289 -0.01276398
vn -0.1015015 0.9946289 -0.01300812
vn -0.104248 0.9946289 0.0114975
vn -0.104248 0.9946289 0.01122284
vn -0.1019287 0.9941406 0.03363037
vn -0.1019897 0.9941406 0.03347778
vn -0.09191895 0.9946289 0.04284668
vn -0.09204102 0.9946289 0.04284668
vn -0.08496094 0.9956055 0.04318237
vn -0.08496094 0.9956055 0.04318237
vn -0.9482422 0.05026245 -0.3137207
vn -0.9995117 0.0173645 -0.0176239
vn -0.9995117 0.0173645 -0.0176239
vn -0.3776855 0.9238281 0.06262207
vn -0.7558594 0.0914917 -0.6484375
vn -0.9746094 0.1618652 0.1553955
vn -0.2878418 0.9516602 0.1063843
vn -0.02615356 0.9995117 0.01895142
vn -0.02905273 0.9975586 0.06018066
vn -0.9746094 0.1357422 0.1774902
vn -0.2424316 0.2990723 -0.9228516
vn -0.9916992 -0.01402283 0.1282959
vn -0.9838867 0.03857422 0.1751709
vn -0.9838867 0.03857422 0.1751709
vn -0.03106689 0.9985352 0.04922485
vn -0.2236328 0.9731445 0.05557251
vn 0.01055145 0.9975586 0.07183838
vn 0.1447754 0.9643555 -0.2213135
vn 0.6728516 0.4970703 -0.5478516
vn 0.5830078 0.7734375 -0.248291
vn -0.7998047 0.5922852 -0.09710693
vn -0.9975586 0.03729248 -0.06268311
vn -0.9975586 0.03729248 -0.06268311
vn -0.8432617 0.5292969 -0.09442139
vn 0.09191895 0.9936523 -0.06188965
vn 0.1453857 0.9882813 -0.04589844
vn 0.1453857 0.9882813 -0.04589844
vn 0.09423828 0.9936523 -0.06121826
vn 0.01124573 0.9960938 -0.08551025
vn 0.01124573 0.9960938 -0.08551025
vn 0.04968262 0.9970703 0.05566406
vn 0.0300293 0.9990234 0.02709961
vn 0.04968262 0.9970703 0.05566406
vn 0.02900696 0.9990234 0.02561951
vn 0.01577759 1 0.006408691
vn 0.01577759 1 0.006408691
vn 0.09838867 0.9926758 0.07147217
vn 0.09838867 0.9926758 0.07147217
vn 0.09838867 0.9926758 0.07147217
vn 0.09838867 0.9926758 0.07147217
vn -0.6933594 0.1165771 -0.7109375
vn -0.5410156 0.4069824 -0.7363281
vn -0.4953613 0.2113037 0.8427734
vn 0.004405975 1 0.01107788
vn -0.006732941 0.9912109 0.1330566
vn 0.004257202 1 0.01213074
vn 0.004257202 1 0.01213074
vn 0.004257202 1 0.01213074
vn 0.004257202 1 0.01213074
vn 0.06677246 0.9970703 0.03030396
vn 0.06677246 0.9970703 0.03030396
vn 0.0411377 0.9990234 -0.01407623
vn 0.04135132 0.9990234 -0.01372528
vn 0.01533508 0.9980469 -0.0585022
vn 0.01533508 0.9980469 -0.0585022
vn 0.004257202 1 0.01213074
vn 0.004257202 1 0.01213074
vn 0.004405975 1 0.01107788
vn 0.004257202 1 0.01213074
vn 0.004257202 1 0.01213074
vn 0.004257202 1 0.01213074
vn 0.004257202 1 0.01213074
vn 0.004257202 1 0.01213074
vn 0.004257202 1 0.01213074
vn 0.004257202 1 0.01213074
vn 0.004257202 1 0.01213074
vn 0.004257202 1 0.01213074
vn 0.004257202 1 0.01213074
vn 0.004257202 1 0.01213074
vn 0.004257202 1 0.01213074
vn 0.004257202 1 0.01213074
vn 0.004257202 1 0.01213074
vn 0.004257202 1 0.01213074
vn 0.004257202 1 0.01213074
vn 0.004257202 1 0.01213074
vn 0.004257202 1 0.01213074
vn 0.004257202 1 0.01213074
vn 0.004257202 1 0.01213074
vn 0.004257202 1 0.01213074
vn 0.004257202 1 0.01213074
vn 0.004257202 1 0.01213074
vn 0.004257202 1 0.01213074
vn 0.004257202 1 0.01213074
vn 0.004257202 1 0.01213074
vn 0.004257202 1 0.01213074
vn 0.004257202 1 0.01213074
vn 0.004257202 1 0.01213074
vn 0.004257202 1 0.01213074
vn 0.004257202 1 0.01213074
vn 0.004257202 1 0.01213074
vn 0.004257202 1 0.01213074
vn 0.004257202 1 0.01213074
vn 0.004257202 1 0.01213074
vn 0.04159546 0.9970703 0.06530762
vn 0.04159546 0.9970703 0.06530762
vn 0.04714966 0.9985352 0.02210999
vn 0.04718018 0.9985352 0.02182007
vn 0.05279541 0.9985352 -0.02241516
vn 0.05279541 0.9985352 -0.02241516
vn -0.03012085 0.9980469 -0.05444336
vn -0.03012085 0.9980469 -0.05444336
vn -0.04364014 0.9990234 -0.0054245
vn -0.0435791 0.9990234 -0.005622864
vn -0.05679321 0.9975586 0.04272461
vn -0.05679321 0.9975586 0.04272461
vn 0.003709793 0.9985352 0.05328369
vn 0.003267288 0.9985352 0.05316162
vn 0.05319214 0.996582 0.06616211
vn 0.05319214 0.996582 0.06616211
vn -0.02807617 0.9960938 0.08099365
vn -0.02807617 0.9960938 0.08099365
vn 0.01689148 0.9980469 0.06262207
vn 0.01641846 0.9980469 0.06286621
vn 0.01641846 0.9980469 0.06286621
vn 0.01689148 0.9980469 0.06262207
vn 0.05963135 0.9970703 0.04507446
vn 0.05963135 0.9970703 0.04507446
vn -0.03182983 0.9990234 0.03225708
vn -0.00605011 0.9970703 0.07653809
vn -0.00605011 0.9970703 0.07653809
vn -0.03213501 0.9990234 0.03173828
vn -0.5629883 0.5083008 -0.6518555
vn -0.5620117 0.5112305 -0.6503906
vn -0.637207 -0.002252579 -0.7709961
vn -0.637207 -0.002252579 -0.7709961
vn -0.04675293 0.9980469 0.04000854
vn -0.04675293 0.9980469 0.04000854
vn 0.003267288 0.9985352 0.05316162
vn 0.003709793 0.9985352 0.05328369
vn -0.03189087 0.996582 -0.07623291
vn -0.03189087 0.996582 -0.07623291
vn -0.03189087 0.996582 -0.07623291
vn -0.03189087 0.996582 -0.07623291
vn 0.1101074 0.9902344 -0.08453369
vn 0.1101074 0.9902344 -0.08453369
vn 0.1103516 0.9921875 -0.05957031
vn 0.1103516 0.9921875 -0.059021
vn 0.1105347 0.9931641 -0.03292847
vn 0.1105347 0.9931641 -0.03292847
vn 0.1138916 0.9892578 -0.08996582
vn 0.1138916 0.9892578 -0.08996582
vn 0.1414795 0.9868164 -0.07781982
vn 0.1402588 0.9868164 -0.07830811
vn 0.1672363 0.9838867 -0.06634521
vn 0.1672363 0.9838867 -0.06634521
vn 0.4533691 0.1911621 0.8706055
vn 0.4719238 0.2009277 0.8583984
vn 0.6474609 0.2301025 0.7265625
vn 0.4099121 0.1776123 0.8945313
vn 0.4074707 0.1776123 0.8959961
vn 0.6025391 0.1912842 0.7744141
vn 0.4104004 0.1469727 0.8999023
vn 0.5029297 0.03204346 0.8637695
vn 0.746582 0.2250977 0.6259766
vn 0.6821289 0.0176239 0.730957
vn 0.734375 0.2425537 0.6342773
vn 0.7495117 0.2463379 0.6142578
vn 0.9658203 0.2595215 -0.002727509
vn 0.8134766 0.2531738 0.5234375
vn 0.7626953 0.241333 0.5996094
vn 0.8569336 0.2270508 0.4626465
vn 0.9423828 0.2415771 0.2313232
vn 0.9589844 0.282959 -0.02003479
vn 0.9614258 0.2705078 0.04672241
vn 0.9926758 0.1068726 0.05584717
vn 0.9521484 0.2390137 0.1914063
vn 0.9140625 0.3312988 -0.2333984
vn 0.9570313 0.2875977 -0.04058838
vn 0.8857422 0.4575195 0.07653809
vn 0.9589844 0.2009277 -0.199585
vn 0.9628906 0.2602539 -0.06842041
vn 0.8178711 0.3723145 -0.4389648
vn 0.7094727 0.3925781 -0.5849609
vn 0.7841797 0.3479004 -0.5136719
vn 0.9990234 0.03594971 -0.02101135
vn 0.9990234 0.03411865 -0.02436829
vn 0.9985352 0.0534668 0.0112381
vn 0.7265625 0.2912598 -0.6220703
vn 0.8085938 -0.03875732 -0.5869141
vn 0.9038086 0.0501709 -0.4250488
vn 0.7954102 -0.04904175 -0.6040039
vn 0.2321777 0.2333984 -0.9443359
vn -0.2424316 0.2990723 -0.9228516
vn 0.154541 -0.2687988 -0.9506836
vn 0.1560059 -0.07598877 -0.9848633
vn 0.1356201 -0.0657959 -0.9887695
vn 0.5830078 0.7734375 -0.248291
vn 0.6137695 0.7651367 -0.1938477
vn 0.2800293 0.3847656 -0.8793945
vn 0.1201172 0.9921875 -0.02708435
vn 0.1201172 0.9921875 -0.02708435
vn 0.1201172 0.9921875 -0.02708435
vn 0.1201172 0.9921875 -0.02708435
vn 0.007766724 0.9980469 0.06427002
vn 5.197525E-05 0.9990234 0.04650879
vn -0.003440857 1 -2.926588E-05
vn 0.0003099442 1 -0.002084732
vn 0.007415771 0.9975586 0.07196045
vn 5.197525E-05 0.9990234 0.04650879
vn 0.007774353 0.9975586 0.06970215
vn 0.002504349 0.9975586 0.06970215
vn 0.007766724 0.9980469 0.06427002
vn 0.003435135 0.9975586 0.07208252
vn 0.00255394 0.9975586 0.07092285
vn 0.009086609 0.9970703 0.07843018
vn 0.005664825 0.9970703 0.07427979
vn 0.02325439 0.996582 0.07757568
vn 0.04129028 0.996582 0.0723877
vn 0.008750916 0.9975586 0.07269287
vn 0.009155273 0.9970703 0.07391357
vn 0.01225281 0.9975586 0.07000732
vn 0.01055145 0.9975586 0.07183838
vn -0.1639404 0.8886719 0.4277344
vn 0.009178162 0.9975586 0.0723877
vn -0.0880127 0.9677734 0.2355957
vn 0.01655579 0.9970703 0.07220459
vn 0.02993774 0.9970703 0.07183838
vn -0.1113892 0.4550781 0.8833008
vn -0.03106689 0.9985352 0.04922485
vn 0.1716309 0.3623047 0.9160156
vn 0.5102539 0.3757324 0.7739258
vn 0.1447754 0.9643555 -0.2213135
vn 0.6728516 0.4970703 -0.5478516
vn 0.6420898 0.1887207 -0.7431641
vn 0.9667969 0.04916382 -0.25
vn -0.1381836 0.1248169 -0.9824219
vn 0.1091309 0.03656006 0.9931641
vn 0.002738953 0.03884888 0.9990234
vn 0.01693726 0.02958679 0.9995117
vn 0.295166 0.03894043 0.9545898
vn 0.2416992 0.0272522 0.9702148
vn 0.7436523 0.01071167 0.668457
vn 0.4946289 0.03900146 0.8681641
vn 0.824707 -0.04589844 0.5639648
vn 0.831543 -0.04623413 0.5532227
vn 0.715332 0.02787781 0.6982422
vn 0.9091797 0.02632141 0.4155273
vn 0.8330078 0.07641602 0.5478516
vn 0.7460938 -0.1414795 0.6508789
vn 0.8569336 0.03106689 0.5146484
vn 0.9589844 0.03588867 0.28125
vn 0.9970703 0.07098389 0.02290344
vn 0.987793 0.08740234 -0.1292725
vn 0.9897461 0.07061768 -0.1247559
vn 0.9990234 0.04452515 -0.01284027
vn 0.7397461 0.05981445 -0.6699219
vn 0.7397461 0.09906006 -0.6655273
vn 0.9907227 -0.03796387 -0.1307373
vn 0.9287109 0.1099854 0.354248
vn 0.9194336 0.09051514 -0.3825684
vn 0.1434326 0.09338379 -0.9853516
vn 0.8583984 0.0682373 -0.5083008
vn 0.6035156 -0.06082153 -0.7949219
vn 0.6650391 0.004665375 -0.7470703
vn 0.6982422 0.06994629 -0.7124023
vn 0.6547852 0.006259918 -0.7558594
vn 0.5151367 0.0769043 -0.8535156
vn 0.421875 0.07104492 -0.9038086
vn 0.2609863 0.1036987 -0.9599609
vn -0.1070557 0.03808594 -0.9936523
vn 0.454834 0.1600342 -0.8759766
vn 0.5292969 0.4675293 -0.7075195
vn 0.5170898 0.4609375 -0.7211914
vn 0.2712402 0.2182617 -0.9375
vn 0.1112061 0.1416016 -0.9838867
vn 0.675293 0.354248 -0.6469727
vn 0.8354492 0.2138672 -0.5063477
vn 0.7802734 -0.03031921 0.625
vn -0.1276855 0.9916992 0.003829956
vn -0.1276855 0.9916992 0.003829956
vn -0.1276855 0.9916992 0.003829956
vn -0.1276855 0.9916992 0.003829956
vn 0.004047394 1 -0.004131317
vn 0.007766724 0.9980469 0.06427002
vn 0.0003099442 1 -0.002084732
vn 0.004047394 1 -0.004131317
vn 0.004047394 1 -0.004131317
vn 0.004047394 1 -0.004131317
vn 0.02511597 0.9902344 0.1363525
vn 0.01360321 0.9960938 0.08856201
vn 0.009773254 0.9975586 0.07244873
vn 0.008491516 0.9975586 0.07214355
vn 0.009231567 0.9975586 0.07232666
vn 0.002023697 0.9970703 0.07550049
vn 0.009788513 0.9975586 0.0723877
vn 0.009887695 0.9975586 0.07226563
vn 0.009757996 0.9975586 0.07232666
vn 0.009689331 0.9975586 0.07232666
vn 0.01300049 0.9970703 0.0736084
vn 0.01481628 0.9975586 0.07128906
vn 0.01050568 0.9975586 0.07244873
vn 0.01052094 0.9975586 0.07244873
vn 0.01038361 0.9975586 0.07244873
vn 0.01589966 0.9975586 0.06915283
vn 0.01537323 0.9975586 0.07055664
vn 0.01564026 0.9975586 0.06799316
vn 0.3896484 0.8603516 -0.328125
vn 0.02653503 0.9980469 0.05740356
vn 0.6577148 0.1947021 -0.7275391
vn 0.6611328 0.05712891 -0.7480469
vn 0.6181641 0.1064453 -0.7788086
vn 0.4296875 0.1087036 -0.8964844
vn 0.9804688 0.157959 -0.1175537
vn 0.1037598 0.9941406 0.02714539
vn 0.1037598 0.9941406 0.0272522
vn 0.1071777 0.9941406 0.005908966
vn 0.1071777 0.9941406 0.006061554
vn 0.1036377 0.9946289 -0.01617432
vn 0.1036987 0.9946289 -0.01591492
vn 0.09466553 0.9946289 -0.03887939
vn 0.0947876 0.9946289 -0.03866577
vn 0.07806396 0.9951172 -0.06182861
vn 0.07824707 0.9951172 -0.06158447
vn 0.06109619 0.9951172 -0.07836914
vn 0.06103516 0.9951172 -0.07836914
vn 0.03811646 0.9956055 -0.08288574
vn 0.0378418 0.9956055 -0.08288574
vn 0.01565552 0.9960938 -0.08526611
vn 0.01557922 0.9960938 -0.08526611
vn -0.001710892 0.9946289 -0.1022339
vn -0.001671791 0.9946289 -0.1021729
vn 0.003101349 0.9960938 0.08837891
vn 0.008003235 0.9960938 0.08929443
vn 0.0213623 0.9980469 0.05514526
vn 0.008491516 0.9975586 0.07214355
vn 0.369873 0.9287109 -0.01805115
vn 0.0213623 0.9980469 0.05514526
vn -0.09191895 0.385498 -0.9179688
vn -0.1870117 0.7099609 -0.6787109
vn 0.9936523 -0.009414673 -0.112793
vn 0.03042603 0.114563 -0.9931641
vn 0.9873047 0.1387939 -0.07580566
vn 0.9873047 0.1418457 -0.0713501
vn 0.9956055 0.03857422 -0.08569336
vn 0.9956055 0.03857422 -0.08569336
vn 0.6191406 0.7836914 -0.04992676
vn 0.9804688 0.1379395 -0.138916
vn 0.8706055 0.3605957 -0.3354492
vn 0.1005249 0.9946289 0.02088928
vn 0.1004028 0.9946289 0.02709961
vn 0.1004028 0.9946289 0.02709961
vn 0.9511719 0.05722046 -0.3037109
vn 0.9584961 0.02563477 -0.2834473
vn 0.9550781 0.03463745 -0.2941895
vn 0.949707 0.04714966 -0.3093262
vn 0.949707 0.04714966 -0.3093262
vn -0.8413086 0.03546143 -0.5390625
vn -0.7592773 0.04928589 -0.6489258
vn -0.7592773 0.04928589 -0.6489258
vn -0.7592773 0.04928589 -0.6489258
vn -0.7148438 0.0378418 -0.6982422
vn -0.6933594 0.1165771 -0.7109375
vn -0.5410156 0.4069824 -0.7363281
vn -0.612793 0.0378418 -0.7895508
vn -0.6450195 0.07623291 -0.7602539
vn -0.8085938 0.03201294 -0.5874023
vn -0.7290039 0.007881165 -0.6845703
vn -0.8740234 0.03475952 -0.4846191
vn -0.8735352 0.03710938 -0.4853516
vn -0.8574219 0.0211792 -0.5141602
vn -0.9423828 0.04968262 -0.3303223
vn -0.9262695 0.02825928 -0.3754883
vn -0.953125 0.0526123 -0.298584
vn -0.996582 0.05911255 -0.06097412
vn -0.9970703 0.05407715 -0.05535889
vn -0.9125977 0.04440308 -0.4067383
vn -0.6918945 0.0224762 -0.7216797
vn -0.1600342 -0.01165009 -0.9868164
vn -0.1600342 -0.01165009 -0.9868164
vn -0.9902344 0.05575562 0.1291504
vn -0.9990234 0.04550171 -0.007106781
vn -0.9521484 0.06719971 0.2980957
vn -0.9423828 0.0869751 0.322998
vn -0.9257813 0.1361084 0.3522949
vn -0.8754883 0.1309814 0.4648438
vn -0.7426758 0.07611084 0.6650391
vn -0.7202148 0.05923462 0.6914063
vn -0.6333008 0.0680542 0.7709961
vn -0.6254883 0.06616211 0.7773438
vn -0.6943359 0.05929565 0.7172852
vn -0.4887695 0.09942627 0.8666992
vn -0.6538086 0.1021118 0.7495117
vn -0.484375 0.07830811 0.871582
vn -0.5107422 0.06951904 0.8569336
vn -0.168335 0.1252441 0.9775391
vn -0.2775879 0.1413574 0.9501953
vn -0.5009766 0.1116333 0.8579102
vn -0.4929199 0.1295166 0.8603516
vn -0.6318359 0.1069336 0.7675781
vn -0.6899414 0.09533691 0.7177734
vn -0.8251953 0.05804443 0.5620117
vn -0.8242188 0.05844116 0.5634766
vn -0.7758789 0.0769043 0.6259766
vn -0.02711487 0.1350098 0.9907227
vn -0.1837158 0.1939697 0.9638672
vn -0.06494141 0.130249 0.9892578
vn 0.1328125 0.1139526 0.984375
vn -0.9873047 -0.07171631 0.1428223
vn -0.9868164 -0.07263184 0.1433105
vn 0.9726563 0.2205811 0.0703125
vn 0.9780273 0.1949463 -0.07220459
vn -0.9931641 0.09912109 0.0585022
vn -0.6157227 -0.04953003 -0.7866211
vn 0.4675293 0.07946777 -0.8803711
vn 0.6889648 0.1102905 -0.7163086
vn -0.6157227 -0.04953003 -0.7866211
vn -0.6157227 -0.04953003 -0.7866211
vn -0.1307373 0.9863281 -0.09973145
vn -0.1307373 0.9863281 -0.09973145
vn -0.09460449 0.9897461 -0.1069946
vn -0.1066284 0.9887695 -0.1045532
vn -0.03025818 0.9926758 -0.1171875
vn -0.0411377 0.9926758 -0.1157227
vn 0.01858521 0.9931641 -0.1130981
vn 0.01841736 0.9931641 -0.1132202
vn 0.03833008 0.9907227 -0.1296387
vn -0.05059814 0.9985352 0.009338379
vn 0.003606796 0.9916992 -0.1269531
vn 0.03695679 0.9916992 -0.1242065
vn 0.01841736 0.9931641 -0.1132202
vn 0.01858521 0.9931641 -0.1130981
vn -0.06744385 0.996582 0.04571533
vn -0.05059814 0.9985352 0.009338379
vn -0.06744385 0.996582 0.04571533
vn -0.07122803 0.996582 0.03738403
vn 0.003606796 0.9916992 -0.1269531
vn 0.9936523 0.09100342 -0.06842041
vn 0.9951172 0.04693604 -0.08728027
vn 0.9951172 0.04693604 -0.08728027
vn 0.9936523 0.0869751 -0.07019043
vn 0.9907227 0.1263428 0.05157471
vn 0.9902344 0.1129761 0.0824585
vn 0.9394531 0.128418 0.3173828
vn 0.9262695 0.1557617 0.3430176
vn 0.8867188 0.2232666 0.4042969
vn -0.02381897 0.9926758 -0.1174316
vn -0.09680176 0.9936523 0.05877686
vn -0.002782822 0.9926758 -0.1194458
vn -0.02253723 0.9926758 -0.1176147
vn -0.04260254 0.9931641 -0.1082153
vn -0.04071045 0.9931641 -0.109436
vn -0.08251953 0.9936523 -0.07489014
vn -0.0760498 0.9936523 -0.08074951
vn -0.1036377 0.9931641 -0.05563354
vn -0.1036377 0.9931641 -0.05563354
vn -0.1062622 0.9912109 0.07867432
vn -0.09820557 0.9926758 0.06726074
vn -0.09680176 0.9936523 0.05877686
vn -0.1062622 0.9912109 0.07867432
vn -0.7456055 0.1268311 -0.6538086
vn -0.6938477 0.1425781 -0.7060547
vn -0.7456055 0.1268311 -0.6538086
vn -0.6899414 0.1436768 -0.7094727
vn -0.5249023 0.168335 -0.8344727
vn -0.5141602 0.1690674 -0.8408203
vn -0.3146973 0.1824951 -0.9316406
vn -0.3081055 0.1829834 -0.9335938
vn -0.1845703 0.1905518 -0.9643555
vn -0.1768799 0.1907959 -0.965332
vn -0.0894165 0.192749 -0.9770508
vn -0.0894165 0.192749 -0.9770508
vn -0.9658203 0.1934814 0.1727295
vn -0.9658203 0.1934814 0.1727295
vn -0.9658203 0.1934814 0.1727295
vn -0.9658203 0.1934814 0.1727295
vn -0.8032227 0.09234619 0.5883789
vn -0.7866211 0.1335449 0.6030273
vn -0.7866211 0.1335449 0.6030273
vn -0.7919922 0.1276855 0.5966797
vn -0.8100586 0.07421875 0.581543
vn -0.7963867 0.123291 0.5922852
vn -0.8227539 0.02139282 0.5683594
vn -0.8227539 0.02139282 0.5683594
vn 0.925293 0.2768555 0.2585449
vn 0.925293 0.2768555 0.2585449
vn 0.925293 0.2768555 0.2585449
vn 0.925293 0.2768555 0.2585449
vn 0.1518555 -0.9882813 -0.02288818
vn 0.1518555 -0.9882813 -0.02288818
vn 0.1518555 -0.9882813 -0.02288818
vn 0.1518555 -0.9882813 -0.02288818
vn 0.1572266 0.1367188 -0.9780273
vn 0.4140625 0.1748047 -0.8935547
vn 0.3325195 0.1590576 -0.9296875
vn 0.145874 0.1651611 -0.9755859
vn 0.4401855 0.1921387 -0.8769531
vn 0.6669922 0.2050781 -0.7163086
vn 0.5888672 0.1955566 -0.7841797
vn 0.7041016 0.2158203 -0.6762695
vn 0.8623047 0.2216797 -0.4550781
vn 0.8232422 0.2147217 -0.5253906
vn 0.8828125 0.2316895 -0.4089355
vn 0.9414063 0.2298584 -0.2473145
vn 0.9370117 0.2254639 -0.2663574
vn 0.9433594 0.2335205 -0.2353516
vn 0.9584961 0.2431641 -0.1503906
vn 0.9521484 0.2355957 -0.1954346
vn 0.9624023 0.248291 -0.1108398
vn 0.9624023 0.2629395 -0.06646729
vn 0.9624023 0.2629395 -0.06646729
vn -0.04824829 0.12323 -0.9912109
vn -0.06781006 0.1356201 -0.9882813
vn 0.08508301 0.1188965 -0.9892578
vn 0.4379883 0.206665 0.875
vn 0.4379883 0.206665 0.875
vn 0.4379883 0.206665 0.875
vn 0.4379883 0.206665 0.875
vn 0.1721191 0.5771484 0.7983398
vn 0.1721191 0.5771484 0.7983398
vn 0.1721191 0.5771484 0.7983398
vn 0.1721191 0.5771484 0.7983398
vn 0.1660156 0.2998047 0.9394531
vn 0.1660156 0.2998047 0.9394531
vn 0.1660156 0.2998047 0.9394531
vn 0.1660156 0.2998047 0.9394531
vn 0.401123 0.01901245 0.9160156
vn 0.5214844 0.03945923 0.8520508
vn 0.8198242 0.19104 0.5395508
vn 0.84375 0.2124023 0.4931641
vn 0.8393555 0.2937012 0.4570313
vn 0.9487305 0.1676025 0.2687988
vn 0.565918 0.04962158 -0.8232422
vn -0.126709 0.03936768 -0.9912109
vn -0.1070557 0.03808594 -0.9936523
vn -0.01093292 0.08929443 -0.9960938
vn -0.5561523 0.06921387 -0.828125
vn 0.421875 0.07104492 -0.9038086
vn -0.2558594 0.06378174 -0.9648438
vn -0.2364502 0.09197998 -0.9672852
vn -0.4980469 0.08831787 -0.862793
vn -0.7661133 0.01557922 -0.6425781
vn -0.1237183 0.1612549 -0.9790039
vn 0.454834 0.1600342 -0.8759766
vn -0.6669922 0.1032104 -0.737793
vn -0.78125 0.01403809 -0.6240234
vn -0.7138672 0.04547119 -0.6987305
vn -0.5834961 0.07281494 -0.809082
vn -0.5200195 0.1395264 -0.8427734
vn -0.6499023 0.267334 -0.7114258
vn -0.5043945 0.1785889 -0.8447266
vn -0.3635254 0.118103 -0.9243164
vn -0.6723633 0.2570801 -0.6943359
vn -0.7900391 0.08227539 -0.6079102
vn -0.1361084 0.2115479 -0.9677734
vn -0.8769531 0.06842041 -0.4753418
vn -0.855957 0.03652954 -0.515625
vn -0.5385742 0.08984375 -0.8378906
vn -0.9599609 0.1640625 -0.2279053
vn -0.9853516 0.1436768 -0.09191895
vn -0.9882813 0.1343994 -0.0736084
vn -0.980957 0.08520508 0.1748047
vn -0.1700439 0.1118774 -0.9790039
vn -0.1793213 0.06616211 -0.9814453
vn -0.1876221 0.1691895 -0.9677734
vn -0.1447754 0.2137451 -0.9663086
vn -0.2059326 0.1391602 -0.96875
vn -0.1711426 0.1282959 -0.9770508
vn -0.1335449 0.1072388 -0.9853516
vn -0.140625 0.1185303 -0.9829102
vn -0.1589355 0.1452637 -0.9765625
vn -0.1671143 0.2186279 -0.9614258
vn -0.1589355 0.215332 -0.9633789
vn -0.1669922 0.1530762 -0.9741211
vn -0.1287842 0.1112671 -0.9853516
vn -0.1229858 0.1046143 -0.9868164
vn -0.1049194 0.1375732 -0.9848633
vn -0.1341553 0.03466797 -0.9902344
vn -0.1324463 0.03530884 -0.9907227
vn -0.1195679 0.04049683 -0.9921875
vn -0.09960938 0.1452637 -0.984375
vn -0.08770752 0.2186279 -0.9716797
vn -0.1188965 0.1185303 -0.9858398
vn -0.08947754 0.1118774 -0.9897461
vn -0.06945801 0.1691895 -0.9829102
vn -0.08776855 0.1282959 -0.987793
vn -0.1105957 0.2137451 -0.9707031
vn -0.09613037 0.215332 -0.9716797
vn -0.1296387 0.2115479 -0.96875
vn -0.1164551 0.1993408 -0.9731445
vn -0.05960083 0.1209106 -0.9907227
vn -0.05215454 0.1391602 -0.9887695
vn -0.08148193 0.06646729 -0.9946289
vn -0.08148193 0.06646729 -0.9946289
vn -0.940918 0.07489014 0.3308105
vn -0.9882813 0.07843018 0.1320801
vn -0.9702148 0.04418945 0.2387695
vn -0.9985352 0.05169678 0.01284027
vn -0.3894043 0.9057617 0.1660156
vn -0.8618164 0.454834 0.2252197
vn -0.8823242 0.07702637 0.4638672
vn -0.6538086 0.6074219 0.4509277
vn -0.6474609 0.03616333 0.7612305
vn -0.7817383 0.04315186 0.6220703
vn -0.6572266 0.03555298 0.7529297
vn -0.6142578 0.03610229 0.7885742
vn -0.6992188 0.05078125 0.7133789
vn -0.1639404 0.8886719 0.4277344
vn -0.0880127 0.9677734 0.2355957
vn -0.3754883 0.03128052 0.9262695
vn -0.5166016 0.04446411 0.8549805
vn -0.2612305 0.02897644 0.9648438
vn -0.1113892 0.4550781 0.8833008
vn 0.002738953 0.03884888 0.9990234
vn 0.1269531 0.0401001 0.9912109
vn 0.1306152 0.0401001 0.9907227
vn 0.1269531 0.0401001 0.9912109
vn 0.1306152 0.0401001 0.9907227
vn 0.1341553 0.0401001 0.9902344
vn 0.1341553 0.0401001 0.9902344
vn -0.1500244 0.02174377 0.9882813
vn -0.3032227 0.04556274 0.9516602
vn -0.2553711 0.04669189 0.9658203
vn -0.5288086 0.056427 0.8466797
vn -0.4709473 0.05926514 0.8803711
vn -0.2607422 0.04043579 0.9643555
vn -0.01625061 0.04098511 0.9990234
vn -0.6723633 0.06860352 0.7373047
vn -0.605957 0.06732178 0.7924805
vn -0.7666016 0.07598877 0.6376953
vn -0.6030273 -0.00819397 0.7978516
vn -0.5024414 0.03311157 0.8637695
vn -0.6943359 0.03106689 0.7192383
vn -0.8676758 0.08404541 0.4902344
vn -0.8383789 0.08282471 0.5390625
vn -0.9707031 0.08929443 0.2220459
vn -0.9414063 0.08972168 0.3251953
vn -0.9257813 0.109314 0.3618164
vn -0.9868164 0.09594727 0.1308594
vn -0.987793 0.1146851 -0.1069336
vn -0.9936523 0.105957 -0.04022217
vn -0.9907227 0.009902954 0.135498
vn -0.9682617 0.04452515 0.24646
vn -0.9985352 0.05172729 0.0206604
vn -0.9047852 0.1243286 -0.4074707
vn -0.9555664 0.1220093 -0.2680664
vn -0.984375 0.1362305 -0.1097412
vn -0.847168 0.1289063 -0.5151367
vn -0.6801758 0.1286621 -0.7216797
vn -0.7900391 0.1296387 -0.5996094
vn -0.5869141 0.1292725 -0.7993164
vn -0.7954102 0.03491211 -0.6049805
vn -0.8588867 0.06994629 -0.5068359
vn -0.71875 0.07696533 -0.690918
vn -0.3525391 0.1182251 -0.9282227
vn -0.512207 0.1290283 -0.8491211
vn -0.2248535 0.1088257 -0.9682617
vn -0.3623047 0.1416016 -0.9213867
vn -0.1342773 0.1057739 -0.9853516
vn 0.04293823 0.1035156 -0.9936523
vn 0.1599121 0.1036987 -0.9814453
vn -0.1337891 0.052948 -0.9897461
vn -0.0222168 0.09197998 -0.9956055
vn -0.2475586 0.08929443 -0.9648438
vn -0.01625061 0.04098511 0.9990234
vn 0.01794434 0.0272522 0.9995117
vn 0.1231079 0.03735352 0.9916992
vn -0.2553711 0.04669189 0.9658203
vn 0.1126099 0.03884888 0.9926758
vn 0.2824707 0.03894043 0.9584961
vn 0.2426758 0.02958679 0.9697266
vn 0.3017578 0.03924561 0.9526367
vn 0.4936523 0.03961182 0.8686523
vn 0.4980469 0.0395813 0.8662109
vn 0.6665039 0.03909302 0.7441406
vn 0.6879883 0.03924561 0.7250977
vn 0.7685547 0.040802 0.6381836
vn 0.7900391 0.04324341 0.6113281
vn 0.7143555 0.04953003 0.6982422
vn 0.8564453 0.04501343 0.5141602
vn 0.8300781 0.04302979 0.5561523
vn 0.8642578 0.04864502 0.5004883
vn 0.8598633 0.05078125 0.5078125
vn 0.9462891 0.06524658 0.3168945
vn 0.9360352 0.010849 0.3515625
vn 0.9550781 0.0690918 0.2875977
vn 0.9946289 0.07452393 0.07025146
vn 0.9941406 0.07489014 0.07568359
vn 0.9926758 0.08520508 -0.08532715
vn 0.9975586 0.06848145 -0.01268005
vn 0.9887695 0.07843018 -0.12854
vn 0.9990234 0.04418945 -0.02076721
vn 0.9350586 0.133667 -0.3278809
vn 0.9677734 0.05169678 -0.2463379
vn 0.9277344 0.142334 -0.3447266
vn 0.8676758 0.1606445 -0.4707031
vn 0.7910156 0.09967041 -0.6035156
vn 0.5957031 0.07824707 -0.7993164
vn 0.7084961 0.07501221 -0.7016602
vn 0.6694336 0.07714844 -0.7387695
vn 0.7075195 0.07556152 -0.7026367
vn 0.1363525 0.2052002 -0.9692383
vn 0.6015625 0.08093262 -0.7949219
vn 0.5141602 0.08685303 -0.8530273
vn 0.421875 0.09094238 -0.9018555
vn 0.2700195 0.09906006 -0.9580078
vn 0.6079102 -0.002590179 -0.7939453
vn 0.6933594 0.03649902 -0.7197266
vn 0.5083008 0.04547119 -0.8598633
vn 0.1599121 0.1036987 -0.9814453
vn 0.04293823 0.1035156 -0.9936523
vn 0.1115723 0.118103 -0.9868164
vn 0.8706055 0.4880371 -0.06347656
vn 0.8706055 0.4880371 -0.06347656
vn 0.8706055 0.4880371 -0.06347656
vn 0.8706055 0.4880371 -0.06347656
vn 0.237793 0.9711914 0.01419067
vn 0.237793 0.9711914 0.01419067
vn 0.237793 0.9711914 0.01419067
vn 0.237793 0.9711914 0.01419067
vn -0.06939697 -0.04083252 0.996582
vn -0.06939697 -0.04083252 0.996582
vn -0.06939697 -0.04083252 0.996582
vn -0.06939697 -0.04083252 0.996582
vn 0.9472656 0.253418 0.1958008
vn 0.9472656 0.253418 0.1958008
vn 0.9472656 0.253418 0.1958008
vn 0.9472656 0.253418 0.1958008
vn 0.2175293 0.9741211 0.06231689
vn 0.2175293 0.9741211 0.06231689
vn 0.2175293 0.9741211 0.06231689
vn 0.2175293 0.9741211 0.06231689
vn 0.8623047 0.2049561 0.4631348
vn 0.8623047 0.2049561 0.4631348
vn 0.8623047 0.2049561 0.4631348
vn 0.8623047 0.2049561 0.4631348
vn 0.6918945 0.1512451 0.7060547
vn 0.6918945 0.1512451 0.7060547
vn 0.6918945 0.1512451 0.7060547
vn 0.6918945 0.1512451 0.7060547
vn 0.08520508 0.9941406 0.06463623
vn 0.08520508 0.9941406 0.06463623
vn 0.08520508 0.9941406 0.06463623
vn 0.08520508 0.9941406 0.06463623
vn 0.05026245 0.9970703 0.05981445
vn 0.05026245 0.9970703 0.05981445
vn 0.05026245 0.9970703 0.05981445
vn 0.05026245 0.9970703 0.05981445
vn 0.1243286 0.9858398 0.1118164
vn 0.1243286 0.9858398 0.1118164
vn 0.1243286 0.9858398 0.1118164
vn 0.1243286 0.9858398 0.1118164
vn 0.1243286 0.9858398 0.1118164
vn 0.09399414 0.9926758 0.07836914
vn 0.09399414 0.9926758 0.07836914
vn 0.09399414 0.9926758 0.07836914
vn 0.09399414 0.9926758 0.07836914
vn 0.005935669 0.9960938 0.09002686
vn 0.005935669 0.9960938 0.09002686
vn 0.005935669 0.9960938 0.09002686
vn 0.005935669 0.9960938 0.09002686
vn 0.1191406 0.4042969 0.9067383
vn 0.1191406 0.4042969 0.9067383
vn 0.1191406 0.4042969 0.9067383
vn 0.1191406 0.4042969 0.9067383
vn -0.7939453 0.04550171 -0.6064453
vn -0.7939453 0.04550171 -0.6064453
vn -0.7939453 0.04550171 -0.6064453
vn -0.7939453 0.04550171 -0.6064453
vn -0.03311157 0.07403564 -0.996582
vn -0.03311157 0.07403564 -0.996582
vn -0.03311157 0.07403564 -0.996582
vn -0.03311157 0.07403564 -0.996582
vn 0.001977921 0.9980469 0.06506348
vn 0.02310181 0.9980469 0.05496216
vn 0.001977921 0.9980469 0.06506348
vn 0.02290344 0.9980469 0.05505371
vn 0.04104614 0.9980469 0.04629517
vn 0.04104614 0.9980469 0.04629517
vn 0.03616333 0.9990234 -0.0139389
vn 0.009124756 0.9970703 -0.07476807
vn 0.009124756 0.9970703 -0.07476807
vn 0.03405762 0.9990234 -0.01869202
vn 0.06033325 0.9975586 0.04086304
vn 0.06033325 0.9975586 0.04086304
vn 0.02867126 0.9990234 -0.0308075
vn 0.001995087 0.9990234 -0.04666138
vn 0.001995087 0.9990234 -0.04666138
vn 0.03521729 0.9990234 -0.0269165
vn 0.07177734 0.9975586 -0.005111694
vn 0.07177734 0.9975586 -0.005111694
vn -0.02615356 0.9995117 0.01895142
vn -0.04675293 0.9985352 0.01812744
vn -0.3776855 0.9238281 0.06262207
vn -0.06896973 0.9975586 0.01937866
vn -0.02615356 0.9995117 0.01895142
vn -0.9990234 -0.01263428 -0.03952026
vn -1 -0.0124588 0.01052094
vn -0.9985352 -0.01226807 0.05618286
vn -0.9985352 -0.01226807 0.05618286
vn -0.02615356 0.9995117 0.01895142
vn -0.04129028 0.9990234 -0.0005025864
vn -0.3776855 0.9238281 0.06262207
vn -0.05905151 0.9980469 -0.02670288
vn -0.6147461 -0.0032444 -0.7890625
vn -0.5854492 0.01110077 -0.8105469
vn -0.5634766 0.02192688 -0.8261719
vn -0.5634766 0.02192688 -0.8261719
vn 0.4682617 0.1082764 -0.8769531
vn 0.4682617 0.1082764 -0.8769531
vn 0.4682617 0.1082764 -0.8769531
vn 0.4682617 0.1082764 -0.8769531
vn 0.6757813 0.090271 -0.7314453
vn 0.6757813 0.090271 -0.7314453
vn 0.6757813 0.090271 -0.7314453
vn 0.6757813 0.090271 -0.7314453
vn -0.06506348 0.9970703 -0.03875732
vn -0.03768921 0.9990234 -0.008110046
vn -0.03768921 0.9990234 -0.008110046
vn -0.06524658 0.9970703 -0.03897095
vn -0.09100342 0.9936523 -0.06787109
vn -0.09100342 0.9936523 -0.06787109
vn -0.01016998 0.9995117 0.02819824
vn -0.006923676 0.9990234 0.04354858
vn -0.006923676 0.9990234 0.04354858
vn -0.01100922 0.9995117 0.02420044
vn -0.014534 1 0.007537842
vn -0.014534 1 0.007537842
vn 0.1920166 0.9785156 -0.07543945
vn 0.1920166 0.9785156 -0.07543945
vn 0.1871338 0.9780273 -0.09118652
vn 0.1871338 0.9780273 -0.09118652
vn 0.1821289 0.9775391 -0.1069946
vn 0.1821289 0.9775391 -0.1069946
vn -0.001253128 1 0.01675415
vn 0.008308411 0.9995117 0.03723145
vn 0.008308411 0.9995117 0.03723145
vn -1.090765E-05 1 0.01942444
vn -0.008827209 1 0.0005459785
vn -0.001253128 1 0.01675415
vn -1.090765E-05 1 0.01942444
vn -0.008827209 1 0.0005459785
vn -0.1862793 0.01249695 0.9824219
vn -0.02905273 0.9975586 0.06018066
vn -0.07440186 0.01823425 0.9970703
vn -0.1862793 0.01249695 0.9824219
vn -0.02905273 0.9975586 0.06018066
vn -0.2878418 0.9516602 0.1063843
vn 0.03543091 0.02359009 0.9990234
vn -0.07440186 0.01823425 0.9970703
vn -0.3308105 0.04446411 0.9428711
vn -0.3308105 0.04446411 0.9428711
vn -0.3308105 0.04446411 0.9428711
vn -0.3308105 0.04446411 0.9428711
vn -0.8139648 -0.004760742 0.5810547
vn -0.7910156 -0.003936768 0.6118164
vn -0.8139648 -0.004760742 0.5810547
vn -0.05703735 0.9975586 0.04275513
vn -0.7680664 -0.003145218 0.6401367
vn -0.04251099 0.9985352 0.03259277
vn 0.9482422 0.09771729 0.3022461
vn 0.9482422 0.09771729 0.3022461
vn 0.9482422 0.09771729 0.3022461
vn 0.9482422 0.09771729 0.3022461
vn 0.512207 0.08154297 0.8549805
vn 0.512207 0.08154297 0.8549805
vn 0.512207 0.08154297 0.8549805
vn 0.512207 0.08154297 0.8549805
vn -0.3730469 0.07287598 -0.9248047
vn -0.3686523 0.05706787 -0.9277344
vn -0.3686523 0.05706787 -0.9277344
vn -0.3046875 0.1977539 -0.9316406
vn -0.3220215 0.1929932 -0.9267578
vn -0.269043 0.2641602 -0.9262695
vn -0.269043 0.2641602 -0.9262695
vn -0.9741211 0.138916 0.1794434
vn -0.9741211 0.138916 0.1794434
vn -0.9741211 0.138916 0.1794434
vn -0.9741211 0.138916 0.1794434
vn -0.7827148 0.1375732 -0.6069336
vn -0.7006836 0.1738281 -0.6918945
vn -0.7827148 0.1375732 -0.6069336
vn -0.6992188 0.1744385 -0.6933594
vn -0.5068359 0.2302246 -0.8305664
vn -0.5039063 0.2307129 -0.8325195
vn -0.3618164 0.2548828 -0.8969727
vn -0.357666 0.2556152 -0.8979492
vn -0.2966309 0.2661133 -0.9169922
vn -0.2966309 0.2661133 -0.9169922
vn 0.3254395 0.9379883 0.1193237
vn 0.3254395 0.9379883 0.1193237
vn 0.3254395 0.9379883 0.1193237
vn 0.3254395 0.9379883 0.1193237
vn 0.001166344 -0.9418945 0.3352051
vn -0.2208252 0.5131836 0.8295898
vn 0.2025146 0.5048828 0.8388672
vn 0.009407043 -0.9414063 0.3366699
vn 0.09436035 -0.9584961 0.2683105
vn 0.1541748 -0.953125 0.2609863
vn 0.5883789 0.4611816 0.6640625
vn 0.194458 -0.9550781 0.2237549
vn 0.8027344 0.5180664 0.295166
vn 0.2310791 -0.9555664 0.1821289
vn 0.2333984 -0.9638672 0.1287842
vn 0.3144531 -0.9467773 0.06787109
vn 0.8681641 0.4941406 0.04821777
vn 0.3137207 -0.9477539 0.05853271
vn 0.2384033 -0.9697266 -0.05291748
vn 0.7983398 0.487793 -0.3532715
vn 0.2416992 -0.9663086 -0.08843994
vn 0.2371826 -0.9619141 -0.137085
vn 0.6513672 0.4980469 -0.5722656
vn 0.2159424 -0.9633789 -0.1584473
vn 0.1490479 -0.9663086 -0.2109375
vn 0.3706055 0.5048828 -0.7792969
vn 0.1345215 -0.9667969 -0.2169189
vn 0.07141113 -0.9594727 -0.2727051
vn 0.05496216 0.5009766 -0.8637695
vn 0.04351807 -0.9599609 -0.2775879
vn 0.04351807 -0.9599609 -0.2775879
vn 0.05496216 0.5009766 -0.8637695
vn -0.04449463 -0.9594727 -0.277832
vn -0.2036133 0.4575195 -0.8657227
vn -0.06982422 -0.9614258 -0.2666016
vn -0.5078125 0.4748535 -0.71875
vn -0.1251221 -0.9624023 -0.2402344
vn -0.1962891 -0.9575195 -0.2119141
vn -0.7045898 0.4645996 -0.5366211
vn -0.2269287 -0.9580078 -0.1746826
vn -0.8369141 0.4997559 -0.2227783
vn -0.2541504 -0.9580078 -0.1340332
vn -0.2583008 -0.9638672 -0.06304932
vn -0.2705078 -0.9628906 -0.01119232
vn -0.8823242 0.456543 0.1150513
vn -0.2663574 -0.9633789 0.03634644
vn -0.8066406 0.4616699 0.3693848
vn -0.2607422 -0.9619141 0.08422852
vn -0.2290039 -0.9633789 0.1402588
vn -0.5429688 0.4763184 0.6914063
vn -0.2054443 -0.9633789 0.1715088
vn -0.1801758 -0.9433594 0.2785645
vn -0.2208252 0.5131836 0.8295898
vn -0.1722412 -0.9438477 0.2827148
vn -0.06051636 -0.965332 0.2539063
vn 0.001166344 -0.9418945 0.3352051
vn -0.008773804 0.9985352 0.05581665
vn 0.01113129 0.9995117 0.03001404
vn 0.1680908 0.9746094 -0.1490479
vn -0.6113281 -0.03930664 0.7905273
vn -0.6533203 -0.03759766 0.7558594
vn -0.5668945 -0.04089355 0.8227539
vn 0.01124573 0.9995117 0.02987671
vn -0.003477097 1 0.005649567
vn 0.1854248 0.9804688 0.06768799
vn 0.09295654 0.9956055 0.002655029
vn -0.03509521 0.9995117 0.009902954
vn -0.9921875 -0.01426697 0.1258545
vn -0.9975586 -0.01255035 0.07208252
vn -0.9833984 -0.01600647 0.1812744
vn -0.002111435 1 0.005496979
vn 0.02711487 0.9975586 -0.06481934
vn 0.1828613 0.9726563 0.1427002
vn 0.1854248 0.9804688 0.06768799
vn -0.02108765 0.9990234 -0.04098511
vn -0.1976318 0.04553223 -0.9790039
vn -0.7905273 0.00453949 -0.6123047
vn 0.004016876 0.9995117 -0.02191162
vn -0.7568359 0.00522995 -0.6538086
vn 0.02890015 0.9990234 -0.03488159
vn 0.06231689 0.9970703 0.04476929
vn 0.1056519 0.9941406 0.01951599
vn 0.03503418 0.9995117 0.003328323
vn 0.0188446 0.9975586 0.06988525
vn 0.004016876 0.9995117 -0.02191162
vn 0.03155518 0.9985352 -0.0458374
vn -0.01734924 0.9287109 0.3710938
vn 0.2229004 0.9467773 -0.2330322
vn 0.01276398 0.9990234 0.04598999
vn 0.01849365 0.9985352 0.04849243
vn 0.06060791 0.9960938 0.06689453
vn 0.05084229 0.9975586 0.0496521
vn -0.02108765 0.9990234 -0.04098511
vn 0.1828613 0.9726563 0.1427002
vn -0.3537598 0.6259766 0.6948242
vn 0.09277344 0.9926758 -0.07806396
vn -0.01182556 0.9990234 0.03692627
vn 0.621582 -0.001689911 -0.7836914
vn 0.5527344 -0.02198792 -0.8330078
vn 0.6323242 0.00166893 -0.7749023
vn 0.03115845 0.9995117 0.002277374
vn 0.06970215 0.9975586 -0.003820419
vn -0.01122284 0.9995117 0.02444458
vn 0.01383972 0.9975586 0.06799316
vn 0.100708 0.9951172 -0.00749588
vn -0.1689453 0.984375 0.05102539
vn 0.9829102 -0.01247406 -0.184082
vn 0.9916992 -0.01422882 -0.1279297
vn -0.1573486 0.9868164 -0.03308105
vn 0.06842041 0.9975586 -0.003446579
vn 0.9975586 -0.01600647 -0.06915283
vn 0.03088379 0.9995117 0.0001451969
vn 0.0005488396 1 -0.01303864
vn 0.06140137 0.9980469 0.02259827
vn 0.003852844 0.9995117 -0.02682495
vn 0.08404541 0.9956055 0.04049683
vn 0.8237305 -0.003721237 0.5668945
vn 0.7919922 -0.005077362 0.6108398
vn 0.05917358 0.9980469 0.02070618
vn 0.7543945 -0.006530762 0.65625
vn -0.05627441 0.980957 -0.1870117
vn 0.01959229 0.9863281 -0.1643066
vn 0.03219604 0.9995117 -0.00154686
vn 0.05184937 0.9960938 -0.07189941
vn 0.008583069 0.9990234 -0.04800415
vn -0.008773804 0.9985352 0.05581665
vn 0.01124573 0.9995117 0.02987671
vn 0.03833008 0.9985352 0.03787231
vn 0.04989624 0.9975586 -0.05215454
vn 0.1680908 0.9746094 -0.1490479
vn 0.302002 0.1129761 -0.9467773
vn -0.1577148 0.05480957 -0.9858398
vn 0.3259277 0.05368042 -0.9438477
vn 0.1556396 0.298584 -0.9414063
vn 0.3764648 0.0713501 -0.9238281
vn 0.3566895 0.03622437 -0.9335938
vn 0.03436279 0.9995117 -0.001858711
vn 0.04180908 0.996582 0.06939697
vn 0.1802979 -0.05801392 0.9819336
vn 0.1221313 -0.06002808 0.9907227
vn 0.03775024 0.9985352 0.0362854
vn 0.06066895 -0.06188965 0.9960938
vn 0.09790039 0.9941406 -0.04077148
vn 0.04959106 0.9970703 -0.05395508
vn 0.03436279 0.9995117 -0.001858711
vn 0.001354218 0.9975586 -0.0670166
vn 0.5742188 0.04992676 -0.8173828
vn 0.4064941 -0.008338928 -0.9135742
vn 0.2614746 -0.01032257 -0.965332
vn 0.2614746 -0.01032257 -0.965332
vn 0.1072388 -0.01060486 -0.9941406
vn 0.7695313 0.07501221 -0.6342773
vn 0.2174072 0.9726563 -0.08056641
vn 0.8447266 0.07373047 -0.5302734
vn 0.9584961 0.04284668 -0.2814941
vn 0.03607178 0.9995117 -0.0005297661
vn 0.01113129 0.9995117 0.03001404
vn 0.1069336 0.9941406 0.01464081
vn 0.08215332 0.9960938 -0.02882385
vn -0.002111435 1 0.005496979
vn 0.05712891 0.9956055 -0.07220459
vn 0.9960938 0.05947876 -0.06219482
vn 0.09295654 0.9956055 0.002655029
vn 0.9990234 0.02415466 -0.04052734
vn 0.9472656 0.2753906 0.1647949
vn 0.9960938 -0.0189209 -0.08752441
vn 0.9946289 0.1018066 0.00869751
vn 0.9975586 -0.02340698 0.06610107
vn 0.9975586 -0.0234375 0.06719971
vn 0.1854248 0.9804688 0.06768799
vn 0.9990234 0.04083252 -0.01907349
vn 0.9750977 -0.02583313 0.2205811
vn 0.8828125 0.03613281 0.46875
vn 0.8110352 0.04290771 0.5834961
vn 0.6269531 0.009300232 0.7788086
vn 0.4487305 0.02304077 0.8935547
vn 0.4301758 -0.01013184 0.902832
vn 0.3078613 0.2773438 0.9101563
vn 0.4626465 -0.0489502 0.8852539
vn 0.1821289 0.01626587 0.9829102
vn 0.3210449 -0.05355835 0.9458008
vn 0.3198242 -0.05358887 0.9458008
vn 0.2030029 -0.01731873 0.9790039
vn -0.02928162 -0.007724762 0.9995117
vn 0.1708984 -0.05514526 0.9838867
vn 0.06140137 0.9980469 0.02259827
vn -0.01661682 0.9995117 -0.01597595
vn -0.03013611 0.9990234 0.03244019
vn 0.03088379 0.9995117 0.0001451969
vn -0.003059387 0.9980469 -0.06439209
vn 0.06842041 0.9975586 -0.003446579
vn 0.02711487 0.9975586 -0.06481934
vn 0.08740234 0.9960938 0.01216125
vn 0.1001587 0.9941406 -0.03622437
vn 0.03634644 0.9995117 0.001619339
vn 0.1854248 0.9804688 0.06768799
vn 0.07446289 0.9956055 0.06048584
vn -0.003477097 1 0.005649567
vn 0.03115845 0.9995117 0.002277374
vn 0.09277344 0.9926758 -0.07806396
vn -0.03610229 0.9990234 -0.01893616
vn -0.01122284 0.9995117 0.02444458
vn 0.03833008 0.9985352 0.03787231
vn 0.03219604 0.9995117 -0.00154686
vn 0.008583069 0.9990234 -0.04800415
vn -0.034729 0.9990234 -0.0239563
vn -0.5668945 -0.7631836 0.3100586
vn -0.5668945 -0.7631836 0.3100586
vn -0.5668945 -0.7631836 0.3100586
vn -0.5668945 -0.7631836 0.3100586
vn -0.8393555 -0.02841187 0.5429688
vn -0.8393555 -0.02841187 0.5429688
vn -0.8393555 -0.02841187 0.5429688
vn -0.8393555 -0.02841187 0.5429688
vn -0.3391113 0.65625 -0.6743164
vn 0.05496216 0.5009766 -0.8637695
vn 0.3706055 0.5048828 -0.7792969
vn 0.3305664 0.5888672 -0.737793
vn -0.753418 0.5634766 0.338623
vn 0.6513672 0.4980469 -0.5722656
vn 0.6132813 0.5849609 -0.5307617
vn 0.7983398 0.487793 -0.3532715
vn 0.7397461 0.5830078 -0.3364258
vn 0.8681641 0.4941406 0.04821777
vn 0.8193359 0.5712891 0.05007935
vn -0.753418 0.5634766 0.338623
vn 0.8027344 0.5180664 0.295166
vn 0.769043 0.5756836 0.2785645
vn 0.5883789 0.4611816 0.6640625
vn 0.5400391 0.5732422 0.6162109
vn 0.2025146 0.5048828 0.8388672
vn 0.1835938 0.5654297 0.8041992
vn -0.2208252 0.5131836 0.8295898
vn -0.2122803 0.5644531 0.7978516
vn -0.2122803 0.5644531 0.7978516
vn -0.2208252 0.5131836 0.8295898
vn -0.5429688 0.4763184 0.6914063
vn -0.4985352 0.5551758 0.6655273
vn -0.8066406 0.4616699 0.3693848
vn -0.753418 0.5634766 0.338623
vn -0.8823242 0.456543 0.1150513
vn -0.8168945 0.5673828 0.1016235
vn -0.8369141 0.4997559 -0.2227783
vn -0.7929688 0.5708008 -0.2127686
vn -0.7045898 0.4645996 -0.5366211
vn -0.3391113 0.65625 -0.6743164
vn -0.753418 0.5634766 0.338623
vn -0.5078125 0.4748535 -0.71875
vn -0.2036133 0.4575195 -0.8657227
vn 0.05496216 0.5009766 -0.8637695
vn 0.769043 0.5756836 0.2785645
vn -0.753418 0.5634766 0.338623
vn 0.8193359 0.5712891 0.05007935
vn 0.5400391 0.5732422 0.6162109
vn 0.1835938 0.5654297 0.8041992
vn -0.2122803 0.5644531 0.7978516
vn 0.6132813 0.5849609 -0.5307617
vn -0.753418 0.5634766 0.338623
vn 0.3305664 0.5888672 -0.737793
vn 0.7397461 0.5830078 -0.3364258
vn 0.9990234 0.03256226 0.02236938
vn 0.9990234 0.03256226 0.02236938
vn 0.9975586 0.03134155 0.06414795
vn 0.9975586 0.03128052 0.06610107
vn 0.9936523 0.0300293 0.1073608
vn 0.9936523 0.0300293 0.1073608
vn 0.395752 0.03890991 -0.9174805
vn 0.395752 0.03890991 -0.9174805
vn 0.395752 0.03890991 -0.9174805
vn 0.395752 0.03890991 -0.9174805
vn 0.296875 -0.7617188 -0.5756836
vn 0.296875 -0.7617188 -0.5756836
vn 0.296875 -0.7617188 -0.5756836
vn 0.296875 -0.7617188 -0.5756836
vn -0.7944336 0.01364136 -0.6069336
vn -0.7553711 0.01567078 -0.6552734
vn -0.7553711 0.01567078 -0.6552734
vn -0.7929688 0.01373291 -0.609375
vn -0.8291016 0.01165771 -0.5585938
vn -0.8291016 0.01165771 -0.5585938
vn 0.310791 0.03765869 -0.949707
vn 0.310791 0.03765869 -0.949707
vn 0.310791 0.03765869 -0.949707
vn 0.310791 0.03765869 -0.949707
vn 0.1699219 -0.7495117 -0.6396484
vn 0.1699219 -0.7495117 -0.6396484
vn 0.1699219 -0.7495117 -0.6396484
vn 0.1699219 -0.7495117 -0.6396484
vn 0.6494141 -0.7578125 0.06402588
vn 0.6494141 -0.7578125 0.06402588
vn 0.6494141 -0.7578125 0.06402588
vn 0.6494141 -0.7578125 0.06402588
vn 0.9990234 0.0236969 0.03616333
vn 0.9990234 0.0236969 0.03616333
vn 0.9990234 0.0236969 0.03616333
vn 0.9990234 0.0236969 0.03616333
vn -0.1206665 0.9799805 -0.157959
vn -0.1206665 0.9799805 -0.157959
vn -0.1206665 0.9799805 -0.157959
vn -0.1206665 0.9799805 -0.157959
vn -0.1818848 0.9799805 -0.08251953
vn -0.1818848 0.9799805 -0.08251953
vn -0.1818848 0.9799805 -0.08251953
vn -0.1818848 0.9799805 -0.08251953
vn 0.02032471 0.9804688 0.1950684
vn 0.02032471 0.9804688 0.1950684
vn 0.02032471 0.9804688 0.1950684
vn 0.02032471 0.9804688 0.1950684
vn 0.09484863 0.9819336 0.1634521
vn 0.09484863 0.9819336 0.1634521
vn 0.09484863 0.9819336 0.1634521
vn 0.09484863 0.9819336 0.1634521
vn -0.4963379 -0.7543945 -0.4299316
vn -0.4963379 -0.7543945 -0.4299316
vn -0.4963379 -0.7543945 -0.4299316
vn -0.4963379 -0.7543945 -0.4299316
vn -0.8232422 0.006706238 -0.5678711
vn -0.8232422 0.006706238 -0.5678711
vn -0.8232422 0.006706238 -0.5678711
vn -0.8232422 0.006706238 -0.5678711
vn -0.117981 0.9790039 0.1662598
vn -0.117981 0.9790039 0.1662598
vn -0.117981 0.9790039 0.1662598
vn -0.117981 0.9790039 0.1662598
vn -0.1617432 0.9819336 0.09655762
vn -0.1617432 0.9819336 0.09655762
vn -0.1617432 0.9819336 0.09655762
vn -0.1617432 0.9819336 0.09655762
vn -0.8745117 0.003484726 -0.4848633
vn -0.8745117 0.003484726 -0.4848633
vn -0.8745117 0.003484726 -0.4848633
vn -0.8745117 0.003484726 -0.4848633
vn -0.5986328 -0.7583008 -0.2585449
vn -0.5986328 -0.7583008 -0.2585449
vn -0.5986328 -0.7583008 -0.2585449
vn -0.5986328 -0.7583008 -0.2585449
vn -0.7646484 -0.02536011 0.6435547
vn -0.7646484 -0.02536011 0.6435547
vn -0.7646484 -0.02536011 0.6435547
vn -0.7646484 -0.02536011 0.6435547
vn -0.4584961 -0.7670898 0.4489746
vn -0.4584961 -0.7670898 0.4489746
vn -0.4584961 -0.7670898 0.4489746
vn -0.4584961 -0.7670898 0.4489746
vn 0.1976318 0.9799805 -0.02075195
vn 0.1976318 0.9799805 -0.02075195
vn 0.1976318 0.9799805 -0.02075195
vn 0.1976318 0.9799805 -0.02075195
vn 0.192627 0.9799805 0.05081177
vn 0.192627 0.9799805 0.05081177
vn 0.192627 0.9799805 0.05081177
vn 0.192627 0.9799805 0.05081177
vn 0.01806641 0.9833984 -0.1800537
vn 0.01806641 0.9833984 -0.1800537
vn 0.01806641 0.9833984 -0.1800537
vn 0.01806641 0.9833984 -0.1800537
vn 0.09301758 0.9829102 -0.1600342
vn 0.09301758 0.9829102 -0.1600342
vn 0.09301758 0.9829102 -0.1600342
vn 0.09301758 0.9829102 -0.1600342
vn 0.9995117 0.02403259 -0.01976013
vn 0.9995117 0.02403259 -0.01976013
vn 0.9995117 0.02403259 -0.01976013
vn 0.9995117 0.02403259 -0.01976013
vn 0.6533203 -0.7456055 -0.1309814
vn 0.6533203 -0.7456055 -0.1309814
vn 0.6533203 -0.7456055 -0.1309814
vn 0.6533203 -0.7456055 -0.1309814
vn 0.3105469 -0.01431274 0.9506836
vn 0.3105469 -0.01431274 0.9506836
vn 0.3105469 -0.01431274 0.9506836
vn 0.3105469 -0.01431274 0.9506836
vn 0.2641602 -0.7670898 0.5844727
vn 0.2641602 -0.7670898 0.5844727
vn 0.2641602 -0.7670898 0.5844727
vn 0.2641602 -0.7670898 0.5844727
vn -0.7504883 -0.01660156 0.6606445
vn -0.7744141 -0.015625 0.6323242
vn -0.7744141 -0.015625 0.6323242
vn -0.7504883 -0.01660156 0.6606445
vn -0.7255859 -0.01756287 0.6879883
vn -0.7255859 -0.01756287 0.6879883
vn 0.3503418 -0.01623535 0.9365234
vn 0.3503418 -0.01623535 0.9365234
vn 0.3503418 -0.01623535 0.9365234
vn 0.3503418 -0.01623535 0.9365234
vn 0.1624756 -0.7553711 0.6352539
vn 0.1624756 -0.7553711 0.6352539
vn 0.1624756 -0.7553711 0.6352539
vn 0.1624756 -0.7553711 0.6352539
vn 0.2597656 0.04623413 -0.9643555
vn 0.3024902 0.04660034 -0.9521484
vn 0.3024902 0.04660034 -0.9521484
vn 0.2607422 0.04626465 -0.9643555
vn 0.2174072 0.04580688 -0.9750977
vn 0.2174072 0.04580688 -0.9750977
vn 0.3210449 -0.005409241 0.9472656
vn 0.2824707 -0.006462097 0.9589844
vn 0.2824707 -0.006462097 0.9589844
vn 0.3225098 -0.005371094 0.9467773
vn 0.3608398 -0.004299164 0.9326172
vn 0.3608398 -0.004299164 0.9326172
vn 0.08984375 0.9956055 -0.02284241
vn 0.08984375 0.9956055 -0.02284241
vn 0.08984375 0.9956055 -0.02284241
vn 0.08984375 0.9956055 -0.02284241
vn -0.3530273 0.01608276 -0.9355469
vn -0.3530273 0.01608276 -0.9355469
vn -0.3530273 0.01608276 -0.9355469
vn -0.3530273 0.01608276 -0.9355469
vn 0.3295898 0.005943298 -0.9443359
vn 0.3295898 0.005943298 -0.9443359
vn 0.3295898 0.005943298 -0.9443359
vn 0.3295898 0.005943298 -0.9443359
vn -0.1793213 -0.007995605 -0.9838867
vn -0.1793213 -0.007995605 -0.9838867
vn -0.1566162 -0.007061005 -0.987793
vn -0.1568604 -0.007072449 -0.987793
vn -0.1347656 -0.006793976 -0.9907227
vn -0.1347656 -0.006797791 -0.9907227
vn -0.1307373 -0.007896423 -0.9912109
vn -0.1307373 -0.007896423 -0.9912109
vn -0.1265869 -0.006801605 -0.9916992
vn -0.1265869 -0.006793976 -0.9916992
vn -0.1067505 -0.008796692 -0.9941406
vn -0.1065063 -0.00881958 -0.9941406
vn 0.07635498 -0.005310059 -0.9970703
vn 0.5605469 0.03094482 -0.8276367
vn 0.9467773 0.03668213 -0.3190918
vn 0.9467773 0.03668213 -0.3190918
vn 0.9467773 0.03668213 -0.3190918
vn 0.9467773 0.03668213 -0.3190918
vn -0.7504883 0.03491211 0.6601563
vn -0.7504883 0.03491211 0.6601563
vn -0.7504883 0.03491211 0.6601563
vn -0.7504883 0.03491211 0.6601563
vn 0.02711487 0.9975586 -0.06481934
vn 0.4436035 0.0614624 -0.894043
vn 0.4436035 0.0614624 -0.894043
vn -0.1976318 0.04553223 -0.9790039
vn -0.06671143 0.01378632 0.9975586
vn -0.06671143 0.01378632 0.9975586
vn -0.06671143 0.01378632 0.9975586
vn -0.06671143 0.01378632 0.9975586
vn -0.3149414 0.07556152 -0.9462891
vn 0.9194336 0.09051514 -0.3825684
vn 0.1434326 0.09338379 -0.9853516
vn -0.3149414 0.07556152 -0.9462891
vn -0.04714966 0.9985352 -0.02326965
vn -0.04959106 0.9980469 -0.03707886
vn -0.04959106 0.9980469 -0.03707886
vn -0.04824829 0.9985352 -0.02944946
vn -0.03062439 0.9970703 0.06915283
vn -0.8920898 0.07000732 -0.4462891
vn -0.8920898 0.07000732 -0.4462891
vn -0.8920898 0.07000732 -0.4462891
vn -0.8920898 0.07000732 -0.4462891
vn -0.9472656 0.04855347 0.3171387
vn -0.9472656 0.04855347 0.3171387
vn -0.9472656 0.04855347 0.3171387
vn -0.9472656 0.04855347 0.3171387
vn -0.4477539 0.01197815 0.894043
vn -0.4477539 0.01197815 0.894043
vn -0.4477539 0.01197815 0.894043
vn -0.4477539 0.01197815 0.894043
vn 0.7539063 0.08746338 -0.6513672
vn 0.7539063 0.08746338 -0.6513672
vn 0.7539063 0.08746338 -0.6513672
vn 0.7539063 0.08746338 -0.6513672
vn 0.07019043 0.074646 -0.9946289
vn 0.07019043 0.074646 -0.9946289
vn 0.07019043 0.074646 -0.9946289
vn 0.07019043 0.074646 -0.9946289
vn 0.3186035 0.01583862 0.9477539
vn 0.3186035 0.01583862 0.9477539
vn 0.3186035 0.01583862 0.9477539
vn 0.3186035 0.01583862 0.9477539
vn -0.6542969 0.07495117 -0.7529297
vn -0.6542969 0.07495117 -0.7529297
vn -0.6542969 0.07495117 -0.7529297
vn -0.6542969 0.07495117 -0.7529297
vn 0.8950195 0.01454926 0.4458008
vn 0.8950195 0.01454926 0.4458008
vn 0.8950195 0.01454926 0.4458008
vn 0.8950195 0.01454926 0.4458008
vn 0.01085663 1 -0.005508423
vn 0.03295898 0.9995117 -0.006088257
vn 0.01085663 1 -0.005508423
vn 0.03305054 0.9995117 -0.006092072
vn 0.0552063 0.9985352 -0.006671906
vn 0.0552063 0.9985352 -0.006671906
vn 0.03640747 0.9990234 0.01791382
vn 0.03387451 0.9995117 -0.001890182
vn 0.03640747 0.9990234 0.01791382
vn 0.03387451 0.9995117 -0.001868248
vn 0.03131104 0.9995117 -0.02163696
vn 0.03131104 0.9995117 -0.02163696
vn 0.02210999 0.9995117 0.01242828
vn 0.03427124 0.9995117 -0.003444672
vn 0.02210999 0.9995117 0.01242828
vn 0.03424072 0.9995117 -0.003379822
vn 0.04632568 0.9985352 -0.01916504
vn 0.04632568 0.9985352 -0.01916504
vn 0.03457642 0.9995117 -0.0005364418
vn 0.01879883 0.9995117 -0.01272583
vn 0.01879883 0.9995117 -0.01272583
vn 0.03457642 0.9995117 -0.0005202293
vn 0.050354 0.9985352 0.01167297
vn 0.050354 0.9985352 0.01167297
vn 0.03887939 0.9990234 0.001935005
vn 0.01631165 1 0.002347946
vn 0.01631165 1 0.002347946
vn 0.03875732 0.9990234 0.001936913
vn 0.06106567 0.9980469 0.00152874
vn 0.06106567 0.9980469 0.00152874
vn 0.04956055 0.9985352 -0.01661682
vn 0.03741455 0.9995117 -0.0009384155
vn 0.04956055 0.9985352 -0.01661682
vn 0.03738403 0.9995117 -0.0008912086
vn 0.025177 0.9995117 0.01483917
vn 0.025177 0.9995117 0.01483917
vn 0.03778076 0.9995117 -0.002378464
vn 0.04031372 0.9990234 0.01742554
vn 0.04031372 0.9990234 0.01742554
vn 0.03778076 0.9995117 -0.002365112
vn 0.0352478 0.9990234 -0.02217102
vn 0.0352478 0.9990234 -0.02217102
vn 0.03707886 0.9995117 -0.003643036
vn 0.05288696 0.9985352 0.008605957
vn 0.05288696 0.9985352 0.008605957
vn 0.03710938 0.9995117 -0.003604889
vn 0.02128601 0.9995117 -0.01583862
vn 0.02128601 0.9995117 -0.01583862
vn 0.6582031 0.009605408 0.7529297
vn 0.6582031 0.009605408 0.7529297
vn 0.6582031 0.009605408 0.7529297
vn 0.6582031 0.009605408 0.7529297
vn 0.9970703 0.02658081 0.07287598
vn 0.9970703 0.02658081 0.07287598
vn 0.9970703 0.02658081 0.07287598
vn 0.9970703 0.02658081 0.07287598
vn 0.00699234 0.9960938 0.08996582
vn 0.00699234 0.9960938 0.08996582
vn 0.01177216 0.9960938 0.08929443
vn 0.01177216 0.9960938 0.08929443
vn 0.01655579 0.9960938 0.08868408
vn 0.01655579 0.9960938 0.08868408
vn -0.9853516 -0.1017456 -0.1352539
vn -0.9853516 -0.1017456 -0.1352539
vn -0.9853516 -0.1017456 -0.1352539
vn -0.9853516 -0.1017456 -0.1352539
vn 0.921875 -0.006210327 -0.3876953
vn 0.921875 -0.006210327 -0.3876953
vn 0.921875 -0.006210327 -0.3876953
vn 0.921875 -0.006210327 -0.3876953
vn 0.3657227 -0.9091797 -0.1983643
vn 0.3657227 -0.9091797 -0.1983643
vn 0.3657227 -0.9091797 -0.1983643
vn 0.3657227 -0.9091797 -0.1983643
vn 0.7397461 0.09906006 -0.6655273
vn 0.7802734 -0.03031921 0.625
vn 0.831543 -0.0109024 0.5556641
vn 0.8740234 -0.2169189 0.4348145
vn 0.918457 -0.3769531 -0.1188354
vn 0.9848633 0.1148071 -0.1306152
vn 0.9907227 -0.03796387 -0.1307373
vn 0.6879883 0.06878662 -0.7226563
vn 0.7265625 -0.163208 -0.6674805
vn 0.9287109 0.1099854 0.354248
vn 0.565918 0.04962158 -0.8232422
vn -0.08349609 0.1182861 -0.9892578
vn -0.1282959 0.1162109 -0.9848633
vn -0.08349609 0.1182861 -0.9892578
vn -0.1314697 0.1160278 -0.984375
vn -0.1756592 0.1137085 -0.9780273
vn -0.1756592 0.1137085 -0.9780273
vn -0.3903809 -0.9160156 -0.09197998
vn -0.3903809 -0.9160156 -0.09197998
vn -0.3903809 -0.9160156 -0.09197998
vn -0.3903809 -0.9160156 -0.09197998
vn 0.4909668 0.8666992 -0.08874512
vn 0.3139648 0.9487305 -0.03829956
vn 0.9907227 0.04159546 -0.1312256
vn 0.9907227 0.04159546 -0.1312256
vn -0.1296387 0.12854 -0.9833984
vn -0.1442871 0.12854 -0.980957
vn -0.1442871 0.12854 -0.980957
vn -0.1442871 0.12854 -0.980957
vn -0.1296387 0.12854 -0.9833984
vn -0.1148682 0.12854 -0.9848633
vn -0.1148682 0.12854 -0.9848633
vn -0.1148682 0.12854 -0.9848633
vn -0.2214355 -0.9707031 -0.09301758
vn -0.2214355 -0.9707031 -0.09301758
vn -0.2214355 -0.9707031 -0.09301758
vn -0.2214355 -0.9707031 -0.09301758
vn 0.1898193 -0.9707031 -0.1472168
vn 0.1898193 -0.9707031 -0.1472168
vn 0.1898193 -0.9707031 -0.1472168
vn 0.1898193 -0.9707031 -0.1472168
vn -0.9916992 0.0309906 0.1265869
vn -0.9916992 0.0309906 0.1265869
vn -0.9916992 0.0309906 0.1265869
vn -0.9916992 0.0309906 0.1265869
vn 0.09539795 0.004577637 0.9956055
vn 0.09967041 0.6674805 0.737793
vn 0.1368408 0.01998901 0.9902344
vn 0.1427002 0.02217102 0.9897461
vn 0.1082153 0.6728516 0.7314453
vn 0.002948761 1 0.005558014
vn 0.004932404 1 0.006072998
vn 0.00157547 0.9995117 0.03790283
vn 0.3139648 0.9487305 -0.03829956
vn -0.0005412102 1 0.01934814
vn -0.8618164 0.454834 0.2252197
vn -0.3894043 0.9057617 0.1660156
vn -0.6538086 0.6074219 0.4509277
vn -0.0005412102 1 0.01934814
vn 0.00157547 0.9995117 0.03790283
vn 0.004341125 0.9995117 0.03292847
vn 0.005245209 0.9990234 0.03979492
vn 0.004341125 0.9995117 0.03292847
vn 0.008300781 0.9995117 0.03701782
vn 0.008880615 0.9995117 0.03561401
vn 0.00945282 0.9995117 0.03598022
vn 0.008865356 0.9995117 0.03466797
vn -0.0005412102 1 0.01934814
vn 0.3139648 0.9487305 -0.03829956
vn 0.4909668 0.8666992 -0.08874512
vn -0.003753662 0.9995117 -0.02748108
vn -0.00349617 0.9995117 -0.02752686
vn -0.00349617 0.9995117 -0.02752686
vn -0.00349617 0.9995117 -0.02752686
vn -0.00349617 0.9995117 -0.02752686
vn 0.1306152 0.02485657 0.9912109
vn 0.116394 0.02485657 0.9926758
vn 0.116394 0.02485657 0.9926758
vn 0.1306152 0.02485657 0.9912109
vn 0.1448975 0.02485657 0.9892578
vn 0.1448975 0.02485657 0.9892578
vn 0.1056519 -0.002220154 0.9946289
vn 0.1056519 -0.002220154 0.9946289
vn 0.1056519 -0.002220154 0.9946289
vn 0.1056519 -0.002220154 0.9946289
vn -0.8896484 -0.4536133 0.05255127
vn -0.8896484 -0.4536133 0.05255127
vn -0.8896484 -0.4536133 0.05255127
vn -0.8896484 -0.4536133 0.05255127
vn -0.9902344 -0.1044922 0.09387207
vn -0.9902344 -0.1044922 0.09387207
vn -0.9902344 -0.1044922 0.09387207
vn -0.9902344 -0.1044922 0.09387207
vn 0.5981445 -0.7568359 -0.2631836
vn 0.5981445 -0.7568359 -0.2631836
vn 0.5981445 -0.7568359 -0.2631836
vn 0.5981445 -0.7568359 -0.2631836
vn 0.9716797 0.02558899 -0.2351074
vn 0.9716797 0.02558899 -0.2351074
vn 0.9716797 0.02558899 -0.2351074
vn 0.9716797 0.02558899 -0.2351074
vn -0.6547852 -0.7524414 -0.06774902
vn -0.6547852 -0.7524414 -0.06774902
vn -0.6547852 -0.7524414 -0.06774902
vn -0.6547852 -0.7524414 -0.06774902
vn -1 0.001968384 0.01780701
vn -1 0.001968384 0.01780701
vn -1 0.001968384 0.01780701
vn -1 0.001968384 0.01780701
vn -0.1217651 0.05096436 -0.9912109
vn -0.1674805 0.04611206 -0.9848633
vn -0.1274414 0.05038452 -0.9907227
vn -0.1200562 0.05114746 -0.9912109
vn -0.1200562 0.05114746 -0.9912109
vn -0.01177216 0.9960938 -0.08905029
vn -0.01177216 0.9960938 -0.08905029
vn -0.01177216 0.9960938 -0.08905029
vn -0.01177216 0.9960938 -0.08905029
vn 0.84375 0.1463623 0.5166016
vn 0.84375 0.1463623 0.5166016
vn 0.84375 0.1463623 0.5166016
vn 0.84375 0.1463623 0.5166016
vn -0.02455139 0.9960938 -0.08679199
vn -0.02624512 0.9995117 0.02264404
vn -0.02635193 0.9990234 0.0296936
vn -0.026474 0.9990234 0.03878784
vn -0.026474 0.9990234 0.03878784
vn 0.09759521 0.1638184 0.9814453
vn 0.09759521 0.1638184 0.9814453
vn 0.09759521 0.1638184 0.9814453
vn 0.1144409 0.1658936 0.9794922
vn 0.1158447 0.1661377 0.9794922
vn 0.1325684 0.1680908 0.9770508
vn 0.1325684 0.1680908 0.9770508
vn 0.1325684 0.1680908 0.9770508
vn -0.09002686 -0.9902344 0.1072388
vn -0.09002686 -0.9902344 0.1072388
vn -0.09002686 -0.9902344 0.1072388
vn -0.09002686 -0.9902344 0.1072388
vn -0.8945313 0.00138855 -0.4465332
vn -0.8945313 0.00138855 -0.4465332
vn -0.8945313 0.00138855 -0.4465332
vn -0.8945313 0.00138855 -0.4465332
vn 0.6279297 0.08410645 0.7739258
vn 0.6279297 0.08410645 0.7739258
vn 0.6279297 0.08410645 0.7739258
vn 0.6279297 0.08410645 0.7739258
vn -0.3520508 0.001372337 -0.9360352
vn -0.3520508 0.001372337 -0.9360352
vn -0.3520508 0.001372337 -0.9360352
vn -0.3520508 0.001372337 -0.9360352
vn -0.1850586 -0.0635376 -0.9804688
vn -0.1850586 -0.0635376 -0.9804688
vn -0.1291504 -0.06204224 -0.9897461
vn -0.1320801 -0.06210327 -0.9892578
vn -0.07611084 -0.06045532 -0.9951172
vn -0.07611084 -0.06045532 -0.9951172
vn -0.08618164 0.06155396 0.9941406
vn -0.08618164 0.06155396 0.9941406
vn -0.08618164 0.06155396 0.9941406
vn -0.08618164 0.06155396 0.9941406
vn 0.4135742 0.02679443 -0.9101563
vn 0.4135742 0.02679443 -0.9101563
vn 0.4135742 0.02679443 -0.9101563
vn 0.4135742 0.02679443 -0.9101563
vn -0.7670898 0.0322876 0.640625
vn -0.7670898 0.0322876 0.640625
vn -0.7670898 0.0322876 0.640625
vn -0.7670898 0.0322876 0.640625
vn 0.949707 0.05651855 -0.3081055
vn 0.949707 0.05651855 -0.3081055
vn 0.949707 0.05651855 -0.3081055
vn 0.949707 0.05651855 -0.3081055
vn -0.9951172 0.006835938 -0.09741211
vn -0.9951172 0.006835938 -0.09741211
vn -0.9951172 0.006835938 -0.09741211
vn -0.9951172 0.006835938 -0.09741211
vn 0.6049805 -0.03164673 -0.7958984
vn 0.6508789 -0.02978516 -0.7587891
vn 0.6508789 -0.02978516 -0.7587891
vn 0.6083984 -0.03149414 -0.7929688
vn 0.5605469 -0.03323364 -0.8271484
vn 0.5605469 -0.03323364 -0.8271484
vn 0.909668 0.08221436 0.4067383
vn 0.909668 0.08221436 0.4067383
vn 0.909668 0.08221436 0.4067383
vn 0.909668 0.08221436 0.4067383
vn 0.8251953 0.01612854 0.5644531
vn 0.8251953 0.01612854 0.5644531
vn 0.7924805 0.01583862 0.6098633
vn 0.7924805 0.01583862 0.609375
vn 0.7573242 0.01550293 0.652832
vn 0.7573242 0.01550293 0.652832
vn 0.9907227 -0.0002646446 -0.1375732
vn 0.996582 0.0006766319 -0.08062744
vn 0.996582 0.0006766319 -0.08062744
vn 0.9907227 -0.0002129078 -0.1343994
vn 0.9814453 -0.001153946 -0.190918
vn 0.9814453 -0.001153946 -0.190918
vn -0.7924805 -0.06732178 -0.605957
vn -0.7597656 -0.06628418 -0.6469727
vn -0.7597656 -0.06628418 -0.6469727
vn -0.7939453 -0.06732178 -0.6044922
vn -0.824707 -0.06817627 -0.5615234
vn -0.824707 -0.06817627 -0.5615234
vn 0.06542969 0.01661682 -0.9975586
vn 0.06542969 0.01661682 -0.9975586
vn 0.06542969 0.01661682 -0.9975586
vn 0.06542969 0.01661682 -0.9975586
vn -0.4445801 0.05508423 0.894043
vn -0.4445801 0.05508423 0.894043
vn -0.4445801 0.05508423 0.894043
vn -0.4445801 0.05508423 0.894043
vn -0.01809692 1 0.001485825
vn -0.01809692 1 0.001485825
vn -0.01809692 1 0.001485825
vn -0.01809692 1 0.001485825
vn 0.01169586 0.9995117 0.02627563
vn 0.01169586 0.9995117 0.02627563
vn 0.01169586 0.9995117 0.02627563
vn 0.01169586 0.9995117 0.02627563
vn -0.01167297 1 -0.004817963
vn -0.01167297 1 -0.004817963
vn -0.01196289 1 0.01719666
vn -0.01196289 1 0.01708984
vn -0.01224518 0.9990234 0.03900146
vn -0.01224518 0.9990234 0.03900146
vn -0.004009247 1 -0.001441956
vn -0.004009247 1 -0.001441956
vn -0.01968384 0.9995117 0.01465607
vn -0.01959229 0.9995117 0.01455688
vn -0.03518677 0.9990234 0.03059387
vn -0.03518677 0.9990234 0.03059387
vn 0.04177856 0.9990234 0.007614136
vn 0.04177856 0.9990234 0.007614136
vn 0.02230835 0.9995117 0.006401062
vn 0.02226257 0.9995117 0.006397247
vn 0.003089905 1 0.005203247
vn 0.003089905 1 0.005203247
vn 0.03582764 0.9990234 0.01452637
vn 0.03582764 0.9990234 0.01452637
vn 0.01963806 1 0.003204346
vn 0.01956177 1 0.003149033
vn 0.003316879 1 -0.008209229
vn 0.003316879 1 -0.008209229
vn 0.01719666 0.9995117 0.02653503
vn 0.01719666 0.9995117 0.02653503
vn 0.01382446 1 0.007564545
vn 0.01383209 1 0.007614136
vn 0.01038361 1 -0.01176453
vn 0.01038361 1 -0.01176453
vn -0.003715515 0.9995117 0.02609253
vn -0.003715515 0.9995117 0.02609253
vn 0.008148193 1 0.006946564
vn 0.008094788 1 0.007026672
vn 0.008094788 1 0.007026672
vn 0.008148193 1 0.006946564
vn 0.01982117 0.9995117 -0.01189423
vn 0.01982117 0.9995117 -0.01189423
vn 0.3630371 0.08538818 0.9277344
vn 0.3630371 0.08538818 0.9277344
vn 0.3630371 0.08538818 0.9277344
vn 0.3630371 0.08538818 0.9277344
vn -0.6113281 -0.02148438 0.7910156
vn -0.6538086 -0.02308655 0.7563477
vn -0.6538086 -0.02308655 0.7563477
vn -0.6083984 -0.02137756 0.793457
vn -0.5639648 -0.0196991 0.8256836
vn -0.5639648 -0.0196991 0.8256836
vn 0.1593018 -0.984375 0.07647705
vn 0.1593018 -0.984375 0.07647705
vn 0.1593018 -0.984375 0.07647705
vn 0.1593018 -0.984375 0.07647705
vn -0.9814453 -0.05252075 0.1846924
vn -0.9814453 -0.05252075 0.1846924
vn -0.9897461 -0.05249023 0.1326904
vn -0.9902344 -0.05249023 0.1291504
vn -0.9956055 -0.05227661 0.07714844
vn -0.9956055 -0.05227661 0.07714844
vn 0.7470703 0.04864502 -0.6625977
vn 0.7470703 0.04864502 -0.6625977
vn 0.7470703 0.04864502 -0.6625977
vn 0.7470703 0.04864502 -0.6625977
vn 0.107666 0.133667 0.9853516
vn 0.09838867 0.06027222 0.9931641
vn 0.09838867 0.06027222 0.9931641
vn 0.08300781 0.1243896 0.9887695
vn 0.07739258 0.1474609 0.9858398
vn 0.09777832 0.1464844 0.984375
vn 0.1082764 0.1459961 0.9833984
vn 0.1334229 0.1446533 0.9804688
vn 0.145874 0.1328125 0.9804688
vn 0.1254883 0.1484375 0.980957
vn 0.1334229 0.1446533 0.9804688
vn 0.1094971 0.151123 0.9824219
vn 0.08685303 0.1538086 0.984375
vn 0.1020508 0.1640625 0.980957
vn 0.102478 0.1617432 0.9814453
vn 0.1029663 0.1593018 0.9819336
vn 0.1394043 0.1395264 0.9804688
vn 0.1297607 0.118042 0.984375
vn 0.1298828 0.1075439 0.9858398
vn 0.1400146 0.06286621 0.9882813
vn 0.1082153 0.2963867 0.9487305
vn 0.1207886 0.06286621 0.9907227
vn 0.1190186 0.1395264 0.9829102
vn 0.1326904 0.1484375 0.9799805
vn 0.1461182 0.2753906 0.9501953
vn 0.1247559 0.1446533 0.9814453
vn 0.149292 0.1461182 0.9780273
vn 0.1247559 0.1446533 0.9814453
vn 0.1796875 0.1478271 0.9726563
vn 0.4665527 0.111145 0.8774414
vn 0.1483154 0.1512451 0.9775391
vn 0.159668 0.1467285 0.9760742
vn 0.390625 0.1491699 0.9082031
vn 0.2595215 0.161499 0.9521484
vn 0.871582 0.1073608 0.4780273
vn 0.1552734 0.1617432 0.9746094
vn 0.1550293 0.1593018 0.9750977
vn 0.7729492 0.2115479 0.5981445
vn 0.6582031 0.3146973 0.684082
vn 0.6367188 0.3098145 0.7060547
vn 0.5693359 0.1679688 0.8051758
vn 0.4272461 0.1939697 0.8833008
vn 0.8461914 0.0534668 0.5302734
vn 0.6298828 0.03231812 0.7763672
vn 0.8232422 0.06555176 0.5639648
vn 0.6074219 0.0871582 0.7895508
vn 0.8774414 0.05810547 0.4760742
vn 0.8115234 0.06500244 0.5805664
vn 0.8564453 0.05929565 0.5126953
vn 0.9482422 0.1008911 0.3010254
vn 0.6933594 0.07830811 0.7163086
vn 0.715332 0.06951904 0.6953125
vn 0.4956055 0.1052856 0.8623047
vn 0.3325195 0.1254883 0.9345703
vn 0.6176758 0.08374023 0.7817383
vn 0.1669922 0.05392456 0.984375
vn 0.9858398 0.1271973 0.1074829
vn 0.9946289 0.08428955 0.06335449
vn 0.7792969 0.04431152 -0.625
vn 0.9970703 0.06671143 0.03063965
vn 0.9892578 0.05459595 -0.1356201
vn -0.1640625 0.1534424 0.9746094
vn 0.2403564 0.09075928 0.9663086
vn 0.9492188 0.05374146 -0.3103027
vn 0.9638672 0.04400635 -0.2634277
vn 0.9472656 0.05990601 -0.3151855
vn 0.4824219 0.02226257 -0.8754883
vn 0.8432617 0.0526123 -0.5351563
vn 0.5605469 0.03094482 -0.8276367
vn 0.6743164 0.03128052 -0.737793
vn 0.07635498 -0.005310059 -0.9970703
vn 0.5927734 -0.02281189 -0.8051758
vn 0.6948242 0.02119446 -0.71875
vn 0.01083374 -0.0003173351 -1
vn 0.949707 0.1088257 0.2944336
vn 0.9951172 0.01638794 0.0994873
vn 0.9477539 0.02372742 0.3183594
vn 0.9951172 0.01773071 0.09490967
vn 0.8959961 0.03250122 0.442627
vn 0.7792969 0.03158569 0.6254883
vn 0.6967773 0.2113037 0.6855469
vn 0.574707 -0.01177979 0.8183594
vn 0.3449707 0.03326416 0.9379883
vn 0.7514648 -0.008613586 0.659668
vn 0.253418 0.04159546 0.9663086
vn 0.8457031 -0.03707886 0.5327148
vn 0.9614258 -0.01410675 -0.2749023
vn 1 0.01194763 0.00945282
vn 0.9389648 -0.005989075 -0.3435059
vn 0.9980469 -0.04931641 0.04220581
vn 0.9458008 -0.01577759 0.3244629
vn 0.8496094 -0.03677368 0.5258789
vn 0.7392578 -0.04272461 0.671875
vn 0.871582 -0.006771088 -0.4899902
vn 0.8818359 -0.006732941 -0.4719238
vn 0.6572266 0.006134033 -0.7539063
vn 0.295166 -0.02113342 -0.9550781
vn 0.5883789 0.01022339 -0.8085938
vn 0.4228516 0.01132965 -0.90625
vn 0.2536621 0.02110291 -0.9672852
vn -0.1168213 0.08685303 -0.9892578
vn 0.6289063 -0.03601074 -0.7763672
vn -0.6010742 -0.0004940033 0.7993164
vn 0.6533203 -0.04779053 -0.7558594
vn 0.5644531 -0.0458374 -0.8242188
vn 0.5766602 -0.03713989 -0.815918
vn 0.1119995 -0.04644775 -0.9926758
vn -0.3286133 0.05892944 -0.9428711
vn 0.08044434 -0.04684448 -0.9956055
vn 0.9853516 0.02006531 0.1705322
vn 0.9853516 0.02006531 0.1705322
vn 0.9853516 0.02006531 0.1705322
vn 0.9853516 0.02006531 0.1705322
vn 0.5634766 -0.8183594 0.1124268
vn 0.5634766 -0.8183594 0.1124268
vn 0.5634766 -0.8183594 0.1124268
vn 0.5634766 -0.8183594 0.1124268
vn 0.2797852 -0.9541016 0.1051636
vn 0.2797852 -0.9541016 0.1051636
vn 0.2797852 -0.9541016 0.1051636
vn 0.2797852 -0.9541016 0.1051636
vn -0.9116211 -0.09259033 0.4008789
vn -0.9116211 -0.09259033 0.4008789
vn -0.9116211 -0.09259033 0.4008789
vn -0.9116211 -0.09259033 0.4008789
vn 0.9750977 0.1706543 -0.140625
vn 0.9750977 0.1706543 -0.140625
vn 0.9755859 0.1716309 -0.1368408
vn 0.9755859 0.1715088 -0.137207
vn 0.9750977 0.1706543 -0.140625
vn 0.9760742 0.1724854 -0.1334229
vn 0.9760742 0.1724854 -0.1334229
vn 0.9760742 0.1724854 -0.1334229
vn 0.145874 -0.2009277 -0.96875
vn 0.1455078 -0.09881592 -0.984375
vn 0.1455078 -0.09881592 -0.984375
vn 0.1452637 -0.2641602 -0.9536133
vn 0.09936523 -0.9121094 -0.3977051
vn 0.09924316 -0.9155273 -0.3894043
vn 0.140625 -0.9897461 -0.02307129
vn 0.1412354 -0.9897461 -0.019104
vn 0.2116699 -0.9072266 0.3635254
vn 0.21521 -0.9013672 0.3754883
vn 0.4101563 -0.07263184 0.9091797
vn 0.4089355 -0.1324463 0.902832
vn 0.4084473 0.03283691 0.9121094
vn 0.4084473 0.03283691 0.9121094
vn -0.4865723 -0.8417969 0.2329102
vn -0.4865723 -0.8417969 0.2329102
vn -0.4865723 -0.8417969 0.2329102
vn -0.4865723 -0.8417969 0.2329102
vn -0.239502 -0.9570313 0.1647949
vn -0.239502 -0.9570313 0.1647949
vn -0.239502 -0.9570313 0.1647949
vn -0.239502 -0.9570313 0.1647949
vn -0.9907227 0.03079224 0.1329346
vn -0.9907227 0.03079224 0.1329346
vn -0.9907227 0.03079224 0.1329346
vn -0.9907227 0.03079224 0.1329346
vn -0.9799805 -0.1050415 0.1702881
vn -0.9799805 -0.1050415 0.1702881
vn -0.9799805 -0.1050415 0.1702881
vn -0.9799805 -0.1050415 0.1702881
vn -0.8691406 -0.4589844 0.1833496
vn -0.8691406 -0.4589844 0.1833496
vn -0.8691406 -0.4589844 0.1833496
vn -0.8691406 -0.4589844 0.1833496
vn -0.02041626 0.9985352 -0.04653931
vn -0.01676941 0.9990234 -0.04174805
vn -0.007259369 0.9990234 -0.04766846
vn -0.009635925 0.9985352 -0.04901123
vn -0.004806519 0.9985352 -0.04971313
vn -0.004795074 0.9985352 -0.04971313
vn -0.00636673 0.9990234 -0.04830933
vn -0.00636673 0.9990234 -0.04830933
vn -0.005004883 0.9995117 -0.0236969
vn -0.007450104 0.9985352 -0.05062866
vn -0.003477097 0.9995117 -0.02381897
vn -0.003229141 0.9985352 -0.0519104
vn 0.008079529 0.9995117 0.02133179
vn 0.008079529 0.9995117 0.02133179
vn 0.008079529 0.9995117 0.02133179
vn 0.008079529 0.9995117 0.02133179
vn 0.006435394 0.9985352 -0.0524292
vn -0.003229141 0.9985352 -0.0519104
vn -0.003477097 0.9995117 -0.02381897
vn 0.003871918 0.9990234 -0.04653931
vn -0.005004883 0.9995117 -0.0236969
vn 0.1082153 0.2963867 0.9487305
vn 0.1461182 0.2753906 0.9501953
vn -0.003477097 0.9995117 -0.02381897
vn 0.1149292 0.1337891 0.984375
vn 0.1149292 0.1337891 0.984375
vn 0.1295166 0.1339111 0.9824219
vn 0.1149292 0.1337891 0.984375
vn 0.1295166 0.1339111 0.9824219
vn 0.144043 0.1337891 0.9804688
vn 0.144043 0.1337891 0.9804688
vn 0.144043 0.1337891 0.9804688
vn -0.1900635 -0.9707031 0.147583
vn -0.1900635 -0.9707031 0.147583
vn -0.1900635 -0.9707031 0.147583
vn -0.1900635 -0.9707031 0.147583
vn 0.2218018 -0.9707031 0.09326172
vn 0.2218018 -0.9707031 0.09326172
vn 0.2218018 -0.9707031 0.09326172
vn 0.2218018 -0.9707031 0.09326172
vn 0.9916992 0.03292847 -0.1251221
vn 0.9916992 0.03292847 -0.1251221
vn 0.9916992 0.03292847 -0.1251221
vn 0.9916992 0.03292847 -0.1251221
vn 0.01945496 1 -0.003677368
vn 0.01945496 1 -0.003677368
vn 0.001581192 1 -5.745888E-05
vn 0.001651764 1 -7.18832E-05
vn -0.0163269 1 0.003568649
vn 0.001651764 1 -7.18832E-05
vn 0.001581192 1 -5.745888E-05
vn -0.0163269 1 0.003568649
vn 0.8012695 0.06933594 0.5942383
vn 0.8012695 0.06933594 0.5942383
vn 0.8012695 0.06933594 0.5942383
vn 0.8012695 0.06933594 0.5942383
vn -0.8720703 -0.0690918 -0.4841309
vn -0.8720703 -0.0690918 -0.4841309
vn -0.8720703 -0.0690918 -0.4841309
vn -0.8720703 -0.0690918 -0.4841309
vn 0.5766602 -0.01225281 -0.8168945
vn 0.5766602 -0.01225281 -0.8168945
vn 0.5766602 -0.01225281 -0.8168945
vn 0.5766602 -0.01225281 -0.8168945
vn -0.4133301 0.02566528 0.9101563
vn -0.4133301 0.02566528 0.9101563
vn -0.4133301 0.02566528 0.9101563
vn -0.4133301 0.02566528 0.9101563
vn 0.1408691 0.05853271 0.9882813
vn 0.1408691 0.05853271 0.9882813
vn 0.133667 0.05776978 0.9892578
vn 0.1391602 0.05834961 0.9887695
vn 0.09332275 0.05343628 0.9941406
vn -0.6147461 -0.753418 0.2327881
vn -0.6147461 -0.753418 0.2327881
vn -0.6147461 -0.753418 0.2327881
vn -0.6147461 -0.753418 0.2327881
vn -0.9702148 0.002035141 0.2427979
vn -0.9702148 0.002035141 0.2427979
vn -0.9702148 0.002035141 0.2427979
vn -0.9702148 0.002035141 0.2427979
vn 0.9995117 0.03381348 -0.01011658
vn 0.9995117 0.03381348 -0.01011658
vn 0.9995117 0.03381348 -0.01011658
vn 0.9995117 0.03381348 -0.01011658
vn 0.6303711 -0.7675781 0.1153564
vn 0.6303711 -0.7675781 0.1153564
vn 0.6303711 -0.7675781 0.1153564
vn 0.6303711 -0.7675781 0.1153564
vn -0.5283203 0.08587646 0.8447266
vn -0.5283203 0.08587646 0.8447266
vn -0.5283203 0.08587646 0.8447266
vn -0.5283203 0.08587646 0.8447266
vn 0.0486145 0.9980469 0.03839111
vn 0.0486145 0.9980469 0.03839111
vn 0.0486145 0.9980469 0.03839111
vn 0.0486145 0.9980469 0.03839111
vn -0.009765625 0.9995117 0.02381897
vn -0.009765625 0.9995117 0.02381897
vn -0.009765625 0.9995117 0.02381897
vn -0.009765625 0.9995117 0.02381897
vn 0.01513672 0.9960938 0.08880615
vn 0.01513672 0.9960938 0.08880615
vn 0.01513672 0.9960938 0.08880615
vn 0.01513672 0.9960938 0.08880615
vn -0.9960938 0.05722046 -0.06494141
vn -0.9960938 0.05722046 -0.06494141
vn -0.9960938 0.05722046 -0.06494141
vn -0.9960938 0.05722046 -0.06494141
vn -0.1096191 -0.004024506 -0.9941406
vn -0.1096191 -0.004024506 -0.9941406
vn -0.1337891 -0.001625061 -0.9912109
vn -0.1337891 -0.001629829 -0.9912109
vn -0.1575928 0.0007529259 -0.9873047
vn -0.1575928 0.0007529259 -0.9873047
vn -0.2166748 0.0458374 0.9750977
vn -0.07415771 0.05834961 0.9956055
vn -0.07525635 0.05834961 0.9956055
vn -0.2285156 0.04318237 0.9726563
vn -0.4992676 0.03665161 0.8657227
vn -0.5141602 0.0272522 0.8574219
vn -0.7265625 0.0413208 0.6860352
vn -0.6694336 0.03131104 0.7421875
vn -0.8989258 0.1556396 0.4089355
vn -0.05810547 -0.9941406 0.09082031
vn -0.6645508 0.5952148 0.4516602
vn -0.02330017 -0.01730347 0.9995117
vn -0.08947754 0.9956055 -0.02749634
vn -0.08947754 0.9956055 -0.02749634
vn -0.8476563 0.05041504 0.527832
vn -0.8989258 0.01947021 0.4372559
vn -0.9521484 0.003591537 0.3049316
vn -0.9536133 0.003452301 0.3007813
vn -0.9799805 0.01372528 0.1986084
vn -0.9990234 0.03082275 -0.03417969
vn -0.9985352 0.03900146 -0.04266357
vn -0.9345703 0.06719971 -0.3493652
vn -0.9238281 0.01852417 -0.3828125
vn -0.7294922 -0.00617218 -0.684082
vn -0.9643555 0.07104492 0.2546387
vn -0.9472656 0.0682373 0.3134766
vn -0.9946289 0.07940674 -0.06323242
vn -0.940918 0.09570313 0.3249512
vn -0.9692383 0.0635376 0.2368164
vn -0.9047852 0.06378174 0.4211426
vn -0.6889648 0.01713562 -0.7246094
vn -0.4858398 -0.04257202 -0.8730469
vn -0.5380859 -0.06274414 -0.840332
vn -0.7705078 0.01251221 -0.637207
vn -0.4306641 -0.06420898 -0.9003906
vn 0.08044434 -0.04684448 -0.9956055
vn -0.737793 0.0690918 -0.671875
vn -0.3286133 0.05892944 -0.9428711
vn -0.722168 0.07012939 -0.6884766
vn -0.8876953 0.08850098 -0.451416
vn -0.8413086 0.05285645 -0.5375977
vn -0.9277344 0.06188965 -0.3686523
vn -0.2490234 0.1065674 -0.9624023
vn -0.2929688 0.07312012 -0.953125
vn -0.1868896 0.09997559 -0.9770508
vn -0.1168213 0.08685303 -0.9892578
vn 0.295166 -0.02113342 -0.9550781
vn 0.01148224 -0.9560547 0.2932129
vn 0.1217041 -0.9521484 0.2807617
vn 0.01056671 -0.9560547 0.2932129
vn 0.1246948 -0.9516602 0.2800293
vn 0.2366943 -0.9443359 0.2293701
vn 0.1866455 -0.9448242 0.2685547
vn 0.2358398 -0.9443359 0.2299805
vn 0.3066406 -0.9414063 0.1396484
vn 0.3078613 -0.9414063 0.137085
vn 0.3303223 -0.9433594 0.02546692
vn 0.3300781 -0.9438477 0.02374268
vn 0.3144531 -0.9443359 -0.09887695
vn 0.3149414 -0.9443359 -0.09674072
vn 0.2983398 -0.9404297 -0.1628418
vn 0.2553711 -0.9458008 -0.2005615
vn 0.2553711 -0.9458008 -0.2004395
vn 0.1584473 -0.9506836 -0.2666016
vn 0.1567383 -0.9506836 -0.2675781
vn 0.09753418 -0.9492188 -0.298584
vn 0.04098511 -0.9521484 -0.3024902
vn 0.03997803 -0.9521484 -0.3024902
vn 0.1959229 -0.027771 0.9804688
vn -0.074646 -0.004840851 0.9970703
vn -0.06463623 -0.004882813 0.9980469
vn 0.2402344 0.03210449 0.9702148
vn 0.1044312 0.0586853 0.9926758
vn 0.1422119 0.05844116 0.9882813
vn -0.07525635 0.05834961 0.9956055
vn -0.07415771 0.05834961 0.9956055
vn -0.06463623 -0.004882813 0.9980469
vn -0.074646 -0.004840851 0.9970703
vn -0.03646851 0.019104 0.9990234
vn 0.01056671 -0.9560547 0.2932129
vn -0.1013794 -0.9580078 0.2680664
vn 0.01148224 -0.9560547 0.2932129
vn -0.09765625 -0.9580078 0.2697754
vn -0.1876221 -0.965332 0.182373
vn -0.1591797 -0.9580078 0.2390137
vn -0.189209 -0.965332 0.1793213
vn -0.227417 -0.9711914 0.0737915
vn -0.2282715 -0.9711914 0.07043457
vn -0.2354736 -0.9716797 -0.02815247
vn -0.2352295 -0.9716797 -0.03063965
vn -0.2175293 -0.9672852 -0.1304932
vn -0.2174072 -0.9672852 -0.1307373
vn -0.2042236 -0.9614258 -0.1834717
vn -0.1623535 -0.9628906 -0.2156982
vn -0.1630859 -0.9628906 -0.2150879
vn -0.06982422 -0.9589844 -0.2753906
vn -0.07147217 -0.9589844 -0.2744141
vn -0.01580811 -0.9521484 -0.3051758
vn 0.0826416 -0.9912109 -0.1044312
vn 0.0826416 -0.9912109 -0.1044312
vn 0.0826416 -0.9912109 -0.1044312
vn 0.0826416 -0.9912109 -0.1044312
vn 0.9584961 -0.007190704 0.2851563
vn 0.9584961 -0.007190704 0.2851563
vn 0.9584961 -0.007190704 0.2851563
vn 0.9584961 -0.007190704 0.2851563
vn 0.03894043 0.5913086 -0.8056641
vn -0.01495361 1 -0.008903503
vn -0.279541 0.5859375 -0.7607422
vn -0.5458984 0.5922852 -0.5922852
vn -0.7329102 0.5927734 -0.3342285
vn -0.7993164 0.5991211 -0.04589844
vn -0.7543945 0.6074219 0.2484131
vn -0.6005859 0.6152344 0.5107422
vn -0.3601074 0.6176758 0.6992188
vn -0.07666016 0.6186523 0.7822266
vn -0.01495361 1 -0.008903503
vn 0.03894043 0.5913086 -0.8056641
vn 0.3427734 0.5893555 -0.7314453
vn 0.590332 0.6000977 -0.5395508
vn 0.753418 0.605957 -0.2558594
vn 0.7880859 0.6123047 0.0619812
vn 0.6958008 0.6162109 0.3688965
vn 0.4968262 0.6181641 0.609375
vn 0.2233887 0.6191406 0.7529297
vn -0.07666016 0.6186523 0.7822266
vn -0.9638672 0.02737427 0.265625
vn -0.9550781 0.02662659 0.2956543
vn -0.9638672 0.02737427 0.265625
vn -0.9555664 0.02668762 0.2929688
vn -0.9453125 0.02584839 0.3256836
vn -0.9453125 0.02584839 0.3256836
vn -0.5693359 -0.01296234 -0.8222656
vn -0.5693359 -0.01296234 -0.8222656
vn -0.5693359 -0.01296234 -0.8222656
vn -0.5693359 -0.01296234 -0.8222656
vn -0.4855957 -0.7329102 -0.4765625
vn -0.4855957 -0.7329102 -0.4765625
vn -0.4855957 -0.7329102 -0.4765625
vn -0.4855957 -0.7329102 -0.4765625
vn 0.609375 -0.01067352 -0.7929688
vn 0.609375 -0.01067352 -0.7929688
vn 0.609375 -0.01067352 -0.7929688
vn 0.609375 -0.01067352 -0.7929688
vn -0.5991211 0.003509521 -0.8007813
vn -0.5991211 0.003509521 -0.8007813
vn -0.5991211 0.003509521 -0.8007813
vn -0.5991211 0.003509521 -0.8007813
vn -0.5844727 -0.7734375 0.2453613
vn -0.5844727 -0.7734375 0.2453613
vn -0.5844727 -0.7734375 0.2453613
vn -0.5844727 -0.7734375 0.2453613
vn -0.9541016 0.005130768 0.2993164
vn -0.9541016 0.005130768 0.2993164
vn -0.9541016 0.005130768 0.2993164
vn -0.9541016 0.005130768 0.2993164
vn 0.09863281 0.9873047 -0.1228027
vn 0.09863281 0.9873047 -0.1228027
vn 0.09863281 0.9873047 -0.1228027
vn 0.09863281 0.9873047 -0.1228027
vn 0.03652954 0.9775391 0.206665
vn 0.03652954 0.9775391 0.206665
vn 0.03652954 0.9775391 0.206665
vn 0.03652954 0.9775391 0.206665
vn -0.07086182 0.9765625 0.2022705
vn -0.07086182 0.9765625 0.2022705
vn -0.07086182 0.9765625 0.2022705
vn -0.07086182 0.9765625 0.2022705
vn -0.04953003 -0.9946289 -0.08874512
vn -0.04953003 -0.9946289 -0.08874512
vn -0.04953003 -0.9946289 -0.08874512
vn -0.04953003 -0.9946289 -0.08874512
vn 0.6333008 -0.0272522 -0.7734375
vn 0.6333008 -0.0272522 -0.7734375
vn 0.6333008 -0.0272522 -0.7734375
vn 0.6333008 -0.0272522 -0.7734375
vn 0.1234131 0.984375 0.1248169
vn 0.1234131 0.984375 0.1248169
vn 0.1234131 0.984375 0.1248169
vn 0.1234131 0.984375 0.1248169
vn 0.1611328 0.9848633 0.06115723
vn 0.1611328 0.9848633 0.06115723
vn 0.1611328 0.9848633 0.06115723
vn 0.1611328 0.9848633 0.06115723
vn 0.7099609 -0.01602173 -0.7041016
vn 0.7099609 -0.01602173 -0.7041016
vn 0.7099609 -0.01602173 -0.7041016
vn 0.7099609 -0.01602173 -0.7041016
vn 0.5058594 -0.7631836 -0.4020996
vn 0.5058594 -0.7631836 -0.4020996
vn 0.5058594 -0.7631836 -0.4020996
vn 0.5058594 -0.7631836 -0.4020996
vn 0.9057617 0.05407715 0.420166
vn 0.9057617 0.05407715 0.420166
vn 0.9057617 0.05407715 0.420166
vn 0.9057617 0.05407715 0.420166
vn 0.5131836 -0.7949219 0.3237305
vn 0.5131836 -0.7949219 0.3237305
vn 0.5131836 -0.7949219 0.3237305
vn 0.5131836 -0.7949219 0.3237305
vn -0.1495361 0.9887695 -0.01719666
vn -0.1495361 0.9887695 -0.01719666
vn -0.1495361 0.9887695 -0.01719666
vn -0.1495361 0.9887695 -0.01719666
vn -0.1560059 0.980957 0.1148682
vn -0.1560059 0.980957 0.1148682
vn -0.1560059 0.980957 0.1148682
vn -0.1560059 0.980957 0.1148682
vn -0.1453857 0.9692383 -0.197998
vn -0.1453857 0.9692383 -0.197998
vn -0.1453857 0.9692383 -0.197998
vn -0.1453857 0.9692383 -0.197998
vn -0.9790039 0.03387451 0.2015381
vn -0.9790039 0.03387451 0.2015381
vn -0.9790039 0.03387451 0.2015381
vn -0.9790039 0.03387451 0.2015381
vn -0.02430725 0.03155518 0.9990234
vn -0.02430725 0.03155518 0.9990234
vn -0.02430725 0.03155518 0.9990234
vn -0.02430725 0.03155518 0.9990234
vn -0.07537842 -0.7680664 0.6357422
vn -0.07537842 -0.7680664 0.6357422
vn -0.07537842 -0.7680664 0.6357422
vn -0.07537842 -0.7680664 0.6357422
vn 0.8754883 0.01396942 0.482666
vn 0.8959961 0.009056091 0.4440918
vn 0.8959961 0.009056091 0.4440918
vn 0.8745117 0.0142746 0.4851074
vn 0.8525391 0.01914978 0.5224609
vn 0.8525391 0.01914978 0.5224609
vn -0.1445313 0.01322174 0.9892578
vn -0.1445313 0.01322174 0.9892578
vn -0.1445313 0.01322174 0.9892578
vn -0.1445313 0.01322174 0.9892578
vn -0.04022217 -0.7519531 0.6582031
vn -0.04022217 -0.7519531 0.6582031
vn -0.04022217 -0.7519531 0.6582031
vn -0.04022217 -0.7519531 0.6582031
vn -0.5 0.01963806 -0.8657227
vn -0.5 0.01963806 -0.8657227
vn -0.5 0.01963806 -0.8657227
vn -0.5 0.01963806 -0.8657227
vn -0.1034546 0.03094482 0.9941406
vn -0.0224762 0.02897644 0.9995117
vn -0.0224762 0.02897644 0.9995117
vn -0.102478 0.03092957 0.9941406
vn -0.1829834 0.03268433 0.9824219
vn -0.1829834 0.03268433 0.9824219
vn 0.03460693 0.1835938 -0.9824219
vn 0.04330444 0.1835938 -0.9819336
vn -0.1691895 0.144165 -0.9750977
vn -0.1765137 0.1414795 -0.9741211
vn -0.2700195 0.1068115 -0.9570313
vn -0.2775879 0.1051636 -0.9550781
vn -0.3408203 0.09075928 -0.9355469
vn 0.2344971 0.1785889 -0.9555664
vn 0.04330444 0.1835938 -0.9819336
vn 0.03460693 0.1835938 -0.9824219
vn 0.243042 0.1782227 -0.9536133
vn 0.416748 0.177002 -0.8916016
vn 0.4211426 0.1772461 -0.8896484
vn 0.6386719 0.1016235 -0.7626953
vn 0.5625 0.1763916 -0.8076172
vn 0.7841797 0.04598999 -0.6191406
vn 0.7016602 0.03031921 -0.7119141
vn 0.769043 0.0401001 -0.6381836
vn 0.6962891 0.03338623 -0.7167969
vn 0.8706055 0.04373169 -0.4902344
vn 0.8681641 0.04376221 -0.4941406
vn 0.9521484 0.04321289 -0.3024902
vn 0.9506836 0.04321289 -0.3076172
vn 0.9926758 0.04382324 -0.1115112
vn 0.9921875 0.04376221 -0.117981
vn 0.9956055 0.0458374 0.08209229
vn 0.9960938 0.04574585 0.07489014
vn 0.9697266 0.04470825 0.2398682
vn 0.9765625 0.04754639 0.2092285
vn 0.9438477 0.04150391 0.3278809
vn 0.9448242 0.04040527 0.3249512
vn 0.9570313 0.04144287 0.2866211
vn 0.940918 0.09716797 0.3249512
vn 0.01753235 0.01470947 0.9995117
vn 0.01753235 0.01470947 0.9995117
vn 0.01753235 0.01470947 0.9995117
vn 0.01753235 0.01470947 0.9995117
vn -0.6884766 0.03890991 0.7241211
vn -0.6884766 0.03890991 0.7241211
vn -0.6884766 0.03890991 0.7241211
vn -0.6884766 0.03890991 0.7241211
vn -0.9057617 0.1194458 -0.4064941
vn -0.8017578 0.08441162 0.5917969
vn -0.8017578 0.08441162 0.5917969
vn -0.8916016 0.08001709 0.4453125
vn -0.777832 0.0826416 -0.6230469
vn -0.9111328 0.06207275 0.4077148
vn -0.9316406 0.06811523 0.357666
vn -0.980957 0.1062012 0.1638184
vn -0.9970703 0.04083252 0.06216431
vn -0.7802734 0.06152344 -0.6225586
vn -0.7753906 0.06167603 -0.628418
vn -0.5307617 0.1068726 -0.8408203
vn -0.6040039 0.081604 -0.7929688
vn -0.7841797 0.05990601 -0.6176758
vn -0.7167969 0.05108643 -0.6958008
vn -0.8569336 0.05917358 -0.5117188
vn -0.9296875 -0.06204224 -0.3632813
vn 0.8564453 -0.3271484 0.3999023
vn -0.9511719 -0.07519531 -0.298584
vn 0.8657227 -0.3056641 0.3959961
vn 0.8378906 -0.1584473 0.5219727
vn -0.9492188 0.08569336 -0.3024902
vn -0.9511719 -0.07519531 -0.298584
vn -0.9111328 0.06207275 0.4077148
vn -0.984375 0.1306152 -0.1195679
vn -0.06201172 0.9946289 -0.08172607
vn -0.05749512 0.9946289 -0.0838623
vn -0.05749512 0.9946289 -0.0838623
vn -0.06170654 0.9946289 -0.08184814
vn -0.0574646 0.9936523 -0.09460449
vn -0.05740356 0.9936523 -0.09472656
vn -0.03152466 0.9931641 -0.1137695
vn -0.03112793 0.9931641 -0.1138306
vn -0.001671791 0.9946289 -0.1021729
vn -0.001710892 0.9946289 -0.1022339
vn -0.09643555 0.9946289 -0.03872681
vn -0.1522217 0.9882813 -0.006668091
vn -0.1522217 0.9882813 -0.006668091
vn -0.09851074 0.9946289 -0.03756714
vn -0.01080322 0.9960938 -0.0871582
vn -0.01080322 0.9960938 -0.0871582
vn -0.03356934 0.9970703 0.06665039
vn -0.03356934 0.9970703 0.06665039
vn -0.02197266 0.9990234 0.03396606
vn -0.02137756 0.9990234 0.03225708
vn -0.01358032 1 0.01028442
vn -0.02926636 0.9985352 0.04055786
vn -0.02137756 0.9990234 0.03225708
vn -0.01898193 0.9995117 0.02070618
vn -0.0647583 0.9916992 0.1091309
vn -0.0647583 0.9916992 0.1091309
vn 0.6967773 0.2113037 0.6855469
vn 0.949707 0.1088257 0.2944336
vn 0.4296875 0.1087036 -0.8964844
vn -0.02949524 0.9995117 0.01878357
vn 0.01083374 -0.0003173351 -1
vn -0.0006461143 1 0.01061249
vn -0.0004856586 1 0.01097107
vn -0.9511719 0.02761841 0.307373
vn -0.0004856586 1 0.01097107
vn -0.0004856586 1 0.01097107
vn -0.6035156 -0.00161171 0.7973633
vn -0.6020508 0.003343582 0.7983398
vn -0.6386719 0.008956909 0.7695313
vn -0.3227539 0.84375 0.4287109
vn -0.001654625 1 0.01087952
vn -0.06872559 0.9975586 -0.0009870529
vn -0.07305908 0.9970703 0.005355835
vn -0.001225471 1 0.01076508
vn -0.0003168583 1 0.01019287
vn -0.03652954 0.9980469 -0.04733276
vn -0.0004856586 1 0.01097107
vn -0.0004856586 1 0.01097107
vn -0.0004856586 1 0.01097107
vn -0.0004856586 1 0.01097107
vn -0.0004856586 1 0.01097107
vn -0.0004856586 1 0.01097107
vn 0.0002360344 1 0.01113892
vn 0.0002360344 1 0.01113892
vn -0.0004856586 1 0.01097107
vn -0.0004856586 1 0.01097107
vn 0.0002892017 1 0.01045227
vn 0.0002892017 1 0.01045227
vn -0.001654625 1 0.01087952
vn -0.0004856586 1 0.01097107
vn -0.0003168583 1 0.01019287
vn 0.04074097 0.9990234 -0.01654053
vn 0.01498413 0.9980469 -0.06039429
vn 0.06591797 0.9975586 0.02656555
vn 0.0002360344 1 0.01113892
vn -0.0003168583 1 0.01019287
vn -0.0004856586 1 0.01097107
vn -0.001225471 1 0.01076508
vn 0.0005016327 1 0.01151276
vn 0.0005016327 1 0.01151276
vn -0.0004856586 1 0.01097107
vn -0.001225471 1 0.01076508
vn 0.000205636 1 0.01119232
vn 0.000205636 1 0.01119232
vn -0.001045227 1 0.01140594
vn -0.001236916 1 0.01182556
vn -0.04806519 0.9970703 0.05578613
vn -0.04669189 0.9970703 0.06359863
vn -0.05758667 0.9985352 -0.0003466606
vn 0.000205636 1 0.01119232
vn -0.0004856586 1 0.01097107
vn -0.001045227 1 0.01140594
vn -0.0003082752 1 0.01213074
vn -0.0003082752 1 0.01213074
vn -0.0004856586 1 0.01097107
vn -0.001045227 1 0.01140594
vn -0.0002491474 1 0.0116806
vn 0.000205636 1 0.01119232
vn 0.0602417 0.9975586 0.03707886
vn 0.05560303 0.9980469 -0.01895142
vn 0.06088257 0.9970703 0.04476929
vn 0.0005016327 1 0.01151276
vn -0.0002491474 1 0.0116806
vn -0.0003082752 1 0.01213074
vn 0.01050568 0.996582 0.08288574
vn 0.01548004 0.9970703 0.07714844
vn 0.05172729 0.9980469 0.03527832
vn 0.01103973 0.996582 -0.08190918
vn 0.01103973 0.996582 -0.08190918
vn 0.01103973 0.996582 -0.08190918
vn 0.01103973 0.996582 -0.08190918
vn -0.1282959 0.9902344 -0.05310059
vn -0.1220093 0.9921875 -0.02893066
vn -0.1282959 0.9902344 -0.05310059
vn -0.1218872 0.9921875 -0.02841187
vn -0.1152954 0.9931641 -0.003170013
vn -0.1152954 0.9931641 -0.003170013
vn -0.1333008 0.9892578 -0.05737305
vn -0.1567383 0.9868164 -0.03851318
vn -0.1333008 0.9892578 -0.05737305
vn -0.1558838 0.9868164 -0.03927612
vn -0.1787109 0.9838867 -0.02072144
vn -0.1787109 0.9838867 -0.02072144
vn -0.8862305 0.4350586 -0.1583252
vn 0.7475586 0.4055176 0.5263672
vn 0.04489136 0.9223633 0.3842773
vn -0.9003906 0.4353027 -0.002521515
vn 0.7431641 0.3945313 0.5405273
vn -0.9418945 0.06970215 -0.3283691
vn -0.9858398 0.07116699 -0.1522217
vn -0.9858398 0.07116699 -0.1522217
vn -0.940918 0.06964111 -0.3310547
vn -0.8618164 0.06561279 -0.5029297
vn -0.8618164 0.06561279 -0.5029297
vn 0.06994629 0.130127 0.9892578
vn 0.1387939 0.1226196 0.9829102
vn 0.1161499 0.123291 0.9853516
vn -0.4001465 0.2196045 0.8896484
vn 0.1630859 0.1218262 0.9790039
vn 0.185791 -0.2244873 -0.956543
vn 0.01509094 0.09997559 0.9951172
vn -0.1131592 -0.000893116 0.9936523
vn 0.1038208 0.9882813 -0.1116943
vn 0.06439209 0.9907227 -0.1213989
vn 0.1038208 0.9882813 -0.1116943
vn 0.07702637 0.9897461 -0.1183472
vn -0.001151085 0.9926758 -0.1210327
vn 0.009750366 0.9926758 -0.1223755
vn -0.07342529 0.9882813 -0.1335449
vn -0.09124756 0.9838867 -0.1539307
vn -0.09124756 0.9838867 -0.1539307
vn -0.07385254 0.9882813 -0.1340332
vn -0.04074097 0.9926758 -0.1116333
vn -0.04110718 0.9931641 -0.1113892
vn 0.009750366 0.9926758 -0.1223755
vn -0.001151085 0.9926758 -0.1210327
vn 0.0131073 0.9931641 -0.1155396
vn -0.005153656 0.9931641 -0.1149292
vn 0.0109787 0.9931641 -0.1162109
vn -0.004550934 0.9931641 -0.1159058
vn -0.01495361 0.9941406 -0.1085815
vn -0.02243042 0.9941406 -0.105957
vn -0.06500244 0.9936523 -0.09112549
vn 0.08569336 0.9931641 -0.08056641
vn 0.05255127 0.9936523 -0.09771729
vn 0.08569336 0.9931641 -0.08056641
vn 0.06030273 0.9936523 -0.09368896
vn 0.0109787 0.9931641 -0.1162109
vn 0.0131073 0.9931641 -0.1155396
vn 0.1127319 0.9926758 0.04846191
vn 0.1127319 0.9926758 0.04846191
vn 0.1127319 0.9926758 0.04846191
vn 0.1127319 0.9926758 0.04846191
vn 0.5507813 0.1268311 -0.824707
vn 0.5507813 0.1268311 -0.824707
vn 0.4870605 0.1425781 -0.8618164
vn 0.4824219 0.1436768 -0.8642578
vn 0.2907715 0.168335 -0.9418945
vn 0.2785645 0.1690674 -0.9453125
vn 0.06268311 0.1824951 -0.9814453
vn 0.05563354 0.1829834 -0.9814453
vn -0.07019043 0.1824951 -0.9804688
vn -0.1479492 0.1726074 -0.9736328
vn -0.1479492 0.1726074 -0.9736328
vn -0.06280518 0.1833496 -0.980957
vn 0.05563354 0.1829834 -0.9814453
vn 0.06268311 0.1824951 -0.9814453
vn 0.9741211 0.2127686 -0.0791626
vn 0.9741211 0.2127686 -0.0791626
vn 0.9741211 0.2127686 -0.0791626
vn 0.9741211 0.2127686 -0.0791626
vn 0.9243164 0.1021118 0.3679199
vn 0.9116211 0.1425781 0.3852539
vn 0.9116211 0.1425781 0.3852539
vn 0.9179688 0.1317139 0.3742676
vn 0.9291992 0.08416748 0.3598633
vn 0.9223633 0.123291 0.3657227
vn 0.9350586 0.03909302 0.3525391
vn 0.9350586 0.03909302 0.3525391
vn -0.8266602 0.2768555 0.489502
vn -0.8266602 0.2768555 0.489502
vn -0.8266602 0.2768555 0.489502
vn -0.8266602 0.2768555 0.489502
vn -0.1525879 -0.9882813 0.01724243
vn -0.1525879 -0.9882813 0.01724243
vn -0.1525879 -0.9882813 0.01724243
vn -0.1525879 -0.9882813 0.01724243
vn -0.4052734 0.1367188 -0.9038086
vn -0.5620117 0.1590576 -0.8115234
vn -0.6313477 0.1748047 -0.7553711
vn -0.3935547 0.1651611 -0.9042969
vn -0.6523438 0.1921387 -0.7329102
vn -0.1906738 0.1356201 -0.972168
vn -0.8295898 0.2050781 -0.519043
vn -0.7719727 0.1955566 -0.6049805
vn -0.8554688 0.2158203 -0.4707031
vn -0.9511719 0.2210693 -0.2161865
vn -0.9316406 0.2147217 -0.2939453
vn -0.9584961 0.2315674 -0.1657715
vn -0.9731445 0.2301025 0.005569458
vn -0.9746094 0.2230225 -0.01187134
vn -0.9711914 0.2368164 0.01608276
vn -0.9643555 0.2446289 0.1011353
vn -0.9697266 0.2386475 0.05471802
vn -0.9580078 0.248291 0.142334
vn -0.9467773 0.2629395 0.1851807
vn -0.9467773 0.2629395 0.1851807
vn -0.2102051 0.1229248 -0.9697266
vn -0.338623 0.1188965 -0.9335938
vn -0.6186523 0.1239014 -0.7758789
vn -0.1405029 0.09991455 -0.9848633
vn -0.1211548 0.1248169 -0.9848633
vn -0.9711914 0.07476807 -0.225708
vn -0.9765625 0.0723877 -0.2027588
vn -0.2260742 0.08990479 0.9697266
vn -0.2260742 0.08990479 0.9697266
vn -0.2260742 0.08990479 0.9697266
vn -0.2260742 0.08990479 0.9697266
vn 0.004829407 0.3005371 0.9536133
vn 0.004829407 0.3005371 0.9536133
vn 0.004829407 0.3005371 0.9536133
vn 0.004829407 0.3005371 0.9536133
vn 0.08312988 0.2998047 0.9501953
vn 0.08312988 0.2998047 0.9501953
vn 0.08312988 0.2998047 0.9501953
vn 0.08312988 0.2998047 0.9501953
vn -0.8520508 0.4978027 0.1610107
vn -0.8520508 0.4978027 0.1610107
vn -0.8520508 0.4978027 0.1610107
vn -0.8520508 0.4978027 0.1610107
vn -0.2260742 0.9711914 0.07531738
vn -0.2260742 0.9711914 0.07531738
vn -0.2260742 0.9711914 0.07531738
vn -0.2260742 0.9711914 0.07531738
vn 0.3254395 -0.04083252 0.9448242
vn 0.3254395 -0.04083252 0.9448242
vn 0.3254395 -0.04083252 0.9448242
vn 0.3254395 -0.04083252 0.9448242
vn -0.8642578 0.253418 0.4345703
vn -0.8642578 0.253418 0.4345703
vn -0.8642578 0.253418 0.4345703
vn -0.8642578 0.253418 0.4345703
vn -0.8369141 0.5283203 0.142334
vn -0.8369141 0.5283203 0.142334
vn -0.8369141 0.5283203 0.142334
vn -0.8369141 0.5283203 0.142334
vn -0.1939697 0.9741211 0.1165771
vn -0.1939697 0.9741211 0.1165771
vn -0.1939697 0.9741211 0.1165771
vn -0.1939697 0.9741211 0.1165771
vn -0.7128906 0.1947021 0.6738281
vn -0.7128906 0.1947021 0.6738281
vn -0.7128906 0.1947021 0.6738281
vn -0.7128906 0.1947021 0.6738281
vn -0.4851074 0.1512451 0.8613281
vn -0.4851074 0.1512451 0.8613281
vn -0.4851074 0.1512451 0.8613281
vn -0.4851074 0.1512451 0.8613281
vn -0.08843994 0.9897461 0.1102905
vn -0.08843994 0.9897461 0.1102905
vn -0.08843994 0.9897461 0.1102905
vn -0.08843994 0.9897461 0.1102905
vn -0.08843994 0.9897461 0.1102905
vn -0.03427124 0.9970703 0.06762695
vn -0.03427124 0.9970703 0.06762695
vn -0.03427124 0.9970703 0.06762695
vn -0.03427124 0.9970703 0.06762695
vn -0.03427124 0.9970703 0.06762695
vn -0.08953857 0.9863281 0.1392822
vn -0.08953857 0.9863281 0.1392822
vn -0.08953857 0.9863281 0.1392822
vn -0.08953857 0.9863281 0.1392822
vn -0.08953857 0.9863281 0.1392822
vn -0.06585693 0.9921875 0.1072388
vn -0.06585693 0.9921875 0.1072388
vn -0.06585693 0.9921875 0.1072388
vn -0.06585693 0.9921875 0.1072388
vn 0.01759338 0.9960938 0.08850098
vn 0.01759338 0.9960938 0.08850098
vn 0.01759338 0.9960938 0.08850098
vn 0.01759338 0.9960938 0.08850098
vn 0.1199341 0.4042969 0.9067383
vn 0.1199341 0.4042969 0.9067383
vn 0.1199341 0.4042969 0.9067383
vn 0.1199341 0.4042969 0.9067383
vn 0.6098633 0.04550171 -0.7915039
vn 0.6098633 0.04550171 -0.7915039
vn 0.6098633 0.04550171 -0.7915039
vn 0.6098633 0.04550171 -0.7915039
vn 0.02325439 0.9995117 -0.01853943
vn -0.2124023 0.05978394 -0.9755859
vn -0.2124023 0.05978394 -0.9755859
vn -0.1812744 0.5541992 -0.8125
vn -0.03549194 0.9995117 -0.001576424
vn 0.02792358 0.9995117 0.01150513
vn -0.04766846 0.9975586 0.05508423
vn 0.02886963 0.9995117 0.0134201
vn 0.0308075 0.9995117 0.01235962
vn 0.01496124 0.9980469 0.06341553
vn 0.01496124 0.9980469 0.06341553
vn -0.006607056 0.9975586 0.06866455
vn -0.006542206 0.9975586 0.06866455
vn -0.04162598 0.9985352 -0.03387451
vn 0.02815247 0.9995117 0.01030731
vn -0.03775024 0.9985352 -0.04046631
vn 0.02861023 0.9995117 0.01115417
vn -0.0713501 0.9970703 0.01670837
vn 0.0308075 0.9995117 0.01235962
vn 0.0308075 0.9995117 0.01235962
vn 0.0308075 0.9995117 0.01235962
vn 0.02861023 0.9995117 0.01115417
vn 0.02815247 0.9995117 0.01030731
vn 0.0308075 0.9995117 0.01235962
vn 0.02325439 0.9995117 -0.01853943
vn 0.02792358 0.9995117 0.01150513
vn 0.0308075 0.9995117 0.01235962
vn 0.0308075 0.9995117 0.01235962
vn 0.0308075 0.9995117 0.01235962
vn 0.0308075 0.9995117 0.01235962
vn 0.0308075 0.9995117 0.01235962
vn -0.006542206 0.9975586 0.06866455
vn -0.006607056 0.9975586 0.06866455
vn -0.02452087 0.9970703 0.07305908
vn -0.02452087 0.9970703 0.07305908
vn -0.6796875 0.1082764 -0.7255859
vn -0.6796875 0.1082764 -0.7255859
vn -0.6796875 0.1082764 -0.7255859
vn -0.6796875 0.1082764 -0.7255859
vn -0.8491211 0.07672119 -0.5224609
vn -0.8491211 0.07672119 -0.5224609
vn -0.8491211 0.07672119 -0.5224609
vn -0.8491211 0.07672119 -0.5224609
vn 0.05279541 0.9970703 -0.05429077
vn 0.03430176 0.9990234 -0.01760864
vn 0.03430176 0.9990234 -0.01760864
vn 0.052948 0.9970703 -0.05456543
vn 0.0703125 0.9936523 -0.08911133
vn 0.0703125 0.9936523 -0.08911133
vn 0.01713562 0.9995117 0.02461243
vn 0.01797485 0.9990234 0.04025269
vn 0.01797485 0.9990234 0.04025269
vn 0.01690674 0.9995117 0.02052307
vn 0.01599121 1 0.003520966
vn 0.01599121 1 0.003520966
vn -0.2049561 0.9785156 -0.02311707
vn -0.2043457 0.9780273 -0.03955078
vn -0.2049561 0.9785156 -0.02311707
vn -0.2043457 0.9780273 -0.03961182
vn -0.2036133 0.9775391 -0.05612183
vn -0.2036133 0.9775391 -0.05612183
vn 0.005550385 1 0.01585388
vn 0.001621246 0.9995117 0.03808594
vn 0.001621246 0.9995117 0.03808594
vn 0.00504303 1 0.01875305
vn 0.008666992 1 -0.001763344
vn 0.008666992 1 -0.001763344
vn 0.4345703 0.01249695 0.9003906
vn 0.4345703 0.01249695 0.9003906
vn 0.3303223 0.01823425 0.9438477
vn 0.3276367 0.01837158 0.9448242
vn 0.2247314 0.02359009 0.9741211
vn 0.2247314 0.02359009 0.9741211
vn 0.5639648 0.04446411 0.824707
vn 0.5639648 0.04446411 0.824707
vn 0.5639648 0.04446411 0.824707
vn 0.5639648 0.04446411 0.824707
vn 0.3300781 0.02192688 -0.9438477
vn 0.3300781 0.02192688 -0.9438477
vn 0.3557129 0.01110077 -0.9345703
vn 0.3554688 0.01119995 -0.9345703
vn 0.3891602 -0.0032444 -0.9213867
vn 0.3891602 -0.0032444 -0.9213867
vn 0.9365234 -0.004760742 0.3505859
vn 0.9365234 -0.004760742 0.3505859
vn 0.9223633 -0.003936768 0.3859863
vn 0.9233398 -0.003974915 0.3845215
vn 0.9077148 -0.003145218 0.4194336
vn 0.9077148 -0.003145218 0.4194336
vn -0.8374023 0.09771729 0.5375977
vn -0.8374023 0.09771729 0.5375977
vn -0.8374023 0.09771729 0.5375977
vn -0.8374023 0.09771729 0.5375977
vn -0.2729492 0.08154297 0.9584961
vn -0.2729492 0.08154297 0.9584961
vn -0.2729492 0.08154297 0.9584961
vn -0.2729492 0.08154297 0.9584961
vn 0.9697266 -0.009254456 -0.2434082
vn 0.9580078 -0.005870819 -0.286377
vn 0.9580078 -0.005870819 -0.286377
vn 0.9697266 -0.009254456 -0.2434082
vn 0.9790039 -0.01226807 -0.2044678
vn 0.9790039 -0.01226807 -0.2044678
vn 0.1274414 0.06030273 -0.9902344
vn 0.1256104 0.0397644 -0.9912109
vn 0.1256104 0.0397644 -0.9912109
vn 0.05670166 0.1912842 -0.9799805
vn 0.07092285 0.1929932 -0.9785156
vn 0.01991272 0.2641602 -0.9643555
vn 0.01991272 0.2641602 -0.9643555
vn 0.9902344 0.1132813 -0.08233643
vn 0.9902344 0.1132813 -0.08233643
vn 0.9902344 0.1132813 -0.08233643
vn 0.9902344 0.1132813 -0.08233643
vn 0.5947266 0.1477051 -0.7905273
vn 0.5947266 0.1477051 -0.7905273
vn 0.4960938 0.1790771 -0.8496094
vn 0.4946289 0.1794434 -0.8505859
vn 0.2741699 0.2302246 -0.9335938
vn 0.2709961 0.2307129 -0.9345703
vn 0.1087036 0.2624512 -0.9589844
vn 0.1048584 0.2634277 -0.9589844
vn 0.0319519 0.2824707 -0.9584961
vn 0.0319519 0.2824707 -0.9584961
vn -0.2834473 0.9379883 0.199585
vn -0.2834473 0.9379883 0.199585
vn -0.2834473 0.9379883 0.199585
vn -0.2834473 0.9379883 0.199585
vn -0.0276947 0.001091957 0.9995117
vn 0.004299164 -0.5375977 0.8432617
vn -0.1710205 -0.0401001 0.984375
vn -0.5 -0.2042236 0.8413086
vn -0.4101563 0.4016113 0.8188477
vn 0.02270508 0.3901367 0.9204102
vn -0.7421875 0.4211426 0.5214844
vn -0.6948242 -0.2332764 0.6801758
vn -0.8769531 0.4228516 0.2282715
vn -0.1872559 0.9472656 0.2602539
vn -0.8188477 -0.5375977 0.2022705
vn -0.8989258 0.4294434 -0.08502197
vn -0.9580078 -0.2111816 -0.1947021
vn -0.7729492 0.4150391 -0.4794922
vn -0.8481445 -0.2030029 -0.489502
vn -0.5332031 0.423584 -0.7319336
vn -0.487793 -0.5322266 -0.6918945
vn -0.2059326 0.4206543 -0.8833008
vn -0.07928467 -0.2203369 -0.972168
vn -0.9208984 0.00894165 0.3894043
vn -0.9882813 0.05001831 0.1442871
vn -0.9638672 0.04302979 0.262207
vn -0.9873047 0.07769775 0.1383057
vn -0.2230225 0.9511719 0.2143555
vn -0.9599609 0.102417 0.2609863
vn -0.251709 0.9677734 -0.02203369
vn -0.08947754 0.9956055 0.02697754
vn -0.8720703 0.2753906 0.404541
vn -0.2167969 0.9697266 -0.1135864
vn -0.6459961 0.06085205 -0.7607422
vn -0.4423828 0.02423096 -0.8964844
vn -0.5395508 0.05557251 -0.840332
vn -0.5576172 0.09161377 -0.8251953
vn -0.6499023 0.08868408 -0.7548828
vn -0.03866577 0.9628906 -0.2663574
vn -0.03482056 0.9995117 0.008979797
vn 0.003997803 1 0.004875183
vn -0.05722046 0.9980469 -0.02626038
vn -0.4824219 0.3300781 -0.8115234
vn 0.02368164 0.9985352 0.05221558
vn -0.002653122 0.9995117 0.03213501
vn -0.08679199 0.9960938 -0.006549835
vn -0.07391357 0.9956055 -0.05496216
vn -0.0994873 0.9941406 0.0418396
vn -0.002500534 0.9995117 0.03225708
vn -0.0335083 0.9995117 0.007240295
vn -0.06188965 0.9970703 -0.03927612
vn -0.0186615 0.9975586 -0.06433105
vn -0.1051025 0.9941406 -0.01398468
vn -0.02711487 0.9985352 0.04592896
vn -0.07086182 0.9956055 0.06158447
vn 0.01500702 0.9604492 -0.277832
vn -0.05181885 0.9980469 0.0357666
vn -0.0534668 0.9980469 0.03817749
vn -0.01200867 1 -0.01754761
vn -0.6489258 -0.003721237 0.7612305
vn -0.6064453 -0.005077362 0.7949219
vn -0.5585938 -0.006530762 0.8291016
vn -0.02958679 0.9995117 0.008285522
vn -0.01237488 1 -0.008201599
vn 0.2110596 0.9726563 -0.09613037
vn -0.03131104 0.9995117 0.006977081
vn -0.02243042 0.996582 0.07910156
vn -0.0269928 0.9985352 0.04702759
vn -0.06872559 0.9960938 -0.05599976
vn -0.02072144 0.9990234 -0.04412842
vn -0.06713867 0.9975586 0.01461029
vn 0.3164063 0.9477539 -0.04519653
vn -0.01373291 0.9980469 -0.06298828
vn 0.01190948 0.9995117 -0.01974487
vn -0.09973145 0.9946289 0.01911926
vn -0.9907227 -0.01422882 0.1334229
vn -0.9814453 -0.01600647 0.1916504
vn -0.9970703 -0.01246643 0.0769043
vn -0.06848145 0.9975586 0.0145874
vn 0.02749634 0.9985352 0.04263306
vn -0.02929688 0.9995117 0.01043701
vn -0.1099243 0.9926758 -0.05130005
vn 0.1516113 0.9291992 0.3374023
vn -0.2666016 0.9501953 -0.1599121
vn -0.04244995 0.9985352 -0.03424072
vn -0.03427124 0.9970703 0.06695557
vn -0.8032227 -0.001690865 -0.5957031
vn -0.8115234 0.00166893 -0.5844727
vn -0.75 -0.02198792 -0.6611328
vn -0.003845215 0.9990234 0.04559326
vn -0.008232117 0.9985352 0.04968262
vn -0.04119873 0.9960938 0.08032227
vn 0.01042938 0.9990234 -0.04577637
vn -0.009155273 0.9995117 -0.02026367
vn -0.03277588 0.9995117 0.01247406
vn -0.009902954 1 -0.01953125
vn -0.0254364 0.0619812 0.9975586
vn -0.1640625 0.2485352 0.9545898
vn -0.03451538 0.9995117 0.01115417
vn 0.005371094 1 0.004665375
vn -0.05621338 0.9956055 0.07769775
vn -0.08123779 0.9960938 0.03439331
vn -0.1061401 0.9941406 -0.009040833
vn -0.0425415 0.9970703 -0.06008911
vn -0.1531982 0.01403046 -0.9882813
vn -0.2268066 0.02233887 -0.9736328
vn -0.07794189 0.005542755 -0.9970703
vn -0.0368042 0.9990234 -0.02638245
vn -0.03277588 0.9995117 0.01247406
vn -0.04858398 0.9970703 0.05938721
vn -0.09698486 0.9941406 0.04623413
vn -9.065866E-05 0.9975586 0.0723877
vn -0.009155273 0.9995117 -0.02026367
vn -0.1710205 -0.0401001 0.984375
vn 0.004299164 -0.5375977 0.8432617
vn 0.1262207 0.005123138 0.9921875
vn 0.392334 -0.4702148 0.7905273
vn 0.02270508 0.3901367 0.9204102
vn 0.385498 0.3879395 0.8374023
vn 0.1516113 0.9291992 0.3374023
vn 0.1289063 0.03173828 0.9912109
vn -0.03427124 0.9970703 0.06695557
vn -0.1640625 0.2485352 0.9545898
vn 0.6738281 -0.5522461 0.4904785
vn 0.734375 0.3811035 0.5620117
vn 0.8173828 -0.527832 0.2304688
vn 0.890625 0.3874512 0.2375488
vn 0.9555664 -0.2224121 -0.1938477
vn 0.9106445 0.3937988 -0.1240234
vn 0.8920898 -0.2235107 -0.3925781
vn 0.7915039 0.4038086 -0.4587402
vn 0.5151367 -0.5068359 -0.690918
vn 0.5507813 0.4082031 -0.7280273
vn 0.1815186 -0.1877441 -0.965332
vn 0.2286377 0.4111328 -0.8823242
vn -0.07928467 -0.2203369 -0.972168
vn -0.2059326 0.4206543 -0.8833008
vn -0.03866577 0.9628906 -0.2663574
vn 0.01500702 0.9604492 -0.277832
vn 0.8979492 -0.05316162 0.4367676
vn 0.7919922 -0.003582001 0.6103516
vn 0.7861328 0.03601074 0.6171875
vn 0.7827148 0.1988525 0.5893555
vn 0.02749634 0.9985352 0.04263306
vn 0.9692383 0.02452087 0.2458496
vn 0.9638672 -0.004646301 0.265625
vn 0.3164063 0.9477539 -0.04519653
vn 0.2110596 0.9726563 -0.09613037
vn 0.5541992 0.07293701 -0.8291016
vn -0.01237488 1 -0.008201599
vn 0.5541992 0.02902222 -0.831543
vn 0.6113281 0.3037109 -0.730957
vn -0.01200867 1 -0.01754761
vn 0.5200195 -0.02122498 -0.8535156
vn 0.6577148 0.06027222 -0.7509766
vn 0.6386719 0.02081299 -0.7695313
vn -0.5 -0.2042236 0.8413086
vn -0.0276947 0.001091957 0.9995117
vn -0.0254364 0.0619812 0.9975586
vn -0.1872559 0.9472656 0.2602539
vn -0.2167969 0.9697266 -0.1135864
vn -0.03482056 0.9995117 0.008979797
vn -0.002500534 0.9995117 0.03225708
vn 0.02368164 0.9985352 0.05221558
vn 0.7954102 -0.03930664 0.6049805
vn 0.8271484 -0.03759766 0.5610352
vn 0.7607422 -0.04089355 0.6474609
vn -0.002653122 0.9995117 0.03213501
vn -0.08947754 0.9956055 0.02697754
vn 0.037323 0.9995117 0.000541687
vn 0.003997803 1 0.004875183
vn 0.005371094 1 0.004665375
vn -0.0534668 0.9980469 0.03817749
vn 0.0375061 0.9990234 0.02352905
vn 0.01190948 0.9995117 -0.01974487
vn -0.02958679 0.9995117 0.008285522
vn -0.06848145 0.9975586 0.0145874
vn 0.004261017 0.9975586 0.0692749
vn 0.0171814 0.9995117 0.02070618
vn -0.02929688 0.9995117 0.01043701
vn 0.02998352 0.9990234 -0.02764893
vn -0.1099243 0.9926758 -0.05130005
vn -0.0269928 0.9985352 0.04702759
vn 0.02732849 0.9990234 -0.03213501
vn -0.02072144 0.9990234 -0.04412842
vn -0.03131104 0.9995117 0.006977081
vn 0.6279297 -0.7636719 0.1508789
vn 0.6279297 -0.7636719 0.1508789
vn 0.6279297 -0.7636719 0.1508789
vn 0.6279297 -0.7636719 0.1508789
vn 0.9584961 -0.02380371 0.2844238
vn 0.9584961 -0.02380371 0.2844238
vn 0.9584961 -0.02380371 0.2844238
vn 0.9584961 -0.02380371 0.2844238
vn 0.02270508 0.3901367 0.9204102
vn -0.4101563 0.4016113 0.8188477
vn -0.1715088 0.9013672 0.3979492
vn -0.7421875 0.4211426 0.5214844
vn -0.8769531 0.4228516 0.2282715
vn -0.7905273 0.6108398 -0.03811646
vn -0.8989258 0.4294434 -0.08502197
vn -0.6762695 0.6079102 -0.4160156
vn -0.7729492 0.4150391 -0.4794922
vn -0.4621582 0.6083984 -0.6450195
vn -0.1715088 0.9013672 0.3979492
vn -0.5332031 0.423584 -0.7319336
vn -0.1798096 0.6069336 -0.7739258
vn -0.2059326 0.4206543 -0.8833008
vn 0.385498 0.3879395 0.8374023
vn 0.02270508 0.3901367 0.9204102
vn -0.1715088 0.9013672 0.3979492
vn 0.734375 0.3811035 0.5620117
vn 0.890625 0.3874512 0.2375488
vn 0.9106445 0.3937988 -0.1240234
vn 0.7915039 0.4038086 -0.4587402
vn 0.5507813 0.4082031 -0.7280273
vn 0.4294434 0.6010742 -0.6738281
vn 0.2286377 0.4111328 -0.8823242
vn 0.21521 0.6049805 -0.7666016
vn -0.2059326 0.4206543 -0.8833008
vn -0.1798096 0.6069336 -0.7739258
vn 0.21521 0.6049805 -0.7666016
vn 0.4294434 0.6010742 -0.6738281
vn -0.1715088 0.9013672 0.3979492
vn -0.1798096 0.6069336 -0.7739258
vn -0.9594727 0.03256226 0.2805176
vn -0.9467773 0.03134155 0.3205566
vn -0.9594727 0.03256226 0.2805176
vn -0.9462891 0.03128052 0.3222656
vn -0.9321289 0.0300293 0.361084
vn -0.9321289 0.0300293 0.361084
vn -0.6196289 0.03881836 -0.7836914
vn -0.6196289 0.03881836 -0.7836914
vn -0.6196289 0.03881836 -0.7836914
vn -0.6196289 0.03881836 -0.7836914
vn -0.418457 -0.7558594 -0.503418
vn -0.418457 -0.7558594 -0.503418
vn -0.418457 -0.7558594 -0.503418
vn -0.418457 -0.7558594 -0.503418
vn 0.6098633 0.01364136 -0.7924805
vn 0.5595703 0.01567078 -0.8286133
vn 0.5595703 0.01567078 -0.8286133
vn 0.6079102 0.01373291 -0.7939453
vn 0.65625 0.01165771 -0.7543945
vn 0.65625 0.01165771 -0.7543945
vn -0.5463867 0.03765869 -0.8369141
vn -0.5463867 0.03765869 -0.8369141
vn -0.5463867 0.03765869 -0.8369141
vn -0.5463867 0.03765869 -0.8369141
vn -0.329834 -0.7495117 -0.5737305
vn -0.329834 -0.7495117 -0.5737305
vn -0.329834 -0.7495117 -0.5737305
vn -0.329834 -0.7495117 -0.5737305
vn -0.6142578 -0.7524414 0.2375488
vn -0.6142578 -0.7524414 0.2375488
vn -0.6142578 -0.7524414 0.2375488
vn -0.6142578 -0.7524414 0.2375488
vn -0.9746094 0.02789307 0.2226563
vn -0.9746094 0.02789307 0.2226563
vn -0.9746094 0.02789307 0.2226563
vn -0.9746094 0.02789307 0.2226563
vn 0.07562256 0.9799805 -0.1838379
vn 0.07562256 0.9799805 -0.1838379
vn 0.07562256 0.9799805 -0.1838379
vn 0.07562256 0.9799805 -0.1838379
vn 0.1542969 0.9799805 -0.1268311
vn 0.1542969 0.9799805 -0.1268311
vn 0.1542969 0.9799805 -0.1268311
vn 0.1542969 0.9799805 -0.1268311
vn 0.03091431 0.9804688 0.1937256
vn 0.03091431 0.9804688 0.1937256
vn 0.03091431 0.9804688 0.1937256
vn 0.03091431 0.9804688 0.1937256
vn -0.0491333 0.9819336 0.1826172
vn -0.0491333 0.9819336 0.1826172
vn -0.0491333 0.9819336 0.1826172
vn -0.0491333 0.9819336 0.1826172
vn 0.3901367 -0.7504883 -0.5336914
vn 0.3901367 -0.7504883 -0.5336914
vn 0.3901367 -0.7504883 -0.5336914
vn 0.3901367 -0.7504883 -0.5336914
vn 0.6479492 0.006710052 -0.7617188
vn 0.6479492 0.006710052 -0.7617188
vn 0.6479492 0.006710052 -0.7617188
vn 0.6479492 0.006710052 -0.7617188
vn 0.1749268 0.9760742 0.1279297
vn 0.1749268 0.9760742 0.1279297
vn 0.1749268 0.9760742 0.1279297
vn 0.1749268 0.9760742 0.1279297
vn 0.2196045 0.9731445 0.06658936
vn 0.2196045 0.9731445 0.06658936
vn 0.2196045 0.9731445 0.06658936
vn 0.2196045 0.9731445 0.06658936
vn 0.7055664 0.0007944107 -0.7084961
vn 0.7055664 0.0007944107 -0.7084961
vn 0.7055664 0.0007944107 -0.7084961
vn 0.7055664 0.0007944107 -0.7084961
vn 0.5112305 -0.7583008 -0.4047852
vn 0.5112305 -0.7583008 -0.4047852
vn 0.5112305 -0.7583008 -0.4047852
vn 0.5112305 -0.7583008 -0.4047852
vn 0.9052734 -0.02536011 0.423584
vn 0.9052734 -0.02536011 0.423584
vn 0.9052734 -0.02536011 0.423584
vn 0.9052734 -0.02536011 0.423584
vn 0.559082 -0.7670898 0.3149414
vn 0.559082 -0.7670898 0.3149414
vn 0.559082 -0.7670898 0.3149414
vn 0.559082 -0.7670898 0.3149414
vn -0.1962891 0.9799805 0.03117371
vn -0.1962891 0.9799805 0.03117371
vn -0.1962891 0.9799805 0.03117371
vn -0.1962891 0.9799805 0.03117371
vn -0.1728516 0.9799805 0.09899902
vn -0.1728516 0.9799805 0.09899902
vn -0.1728516 0.9799805 0.09899902
vn -0.1728516 0.9799805 0.09899902
vn -0.06414795 0.9833984 -0.1691895
vn -0.06414795 0.9833984 -0.1691895
vn -0.06414795 0.9833984 -0.1691895
vn -0.06414795 0.9833984 -0.1691895
vn -0.1313477 0.9829102 -0.1304932
vn -0.1313477 0.9829102 -0.1304932
vn -0.1313477 0.9829102 -0.1304932
vn -0.1313477 0.9829102 -0.1304932
vn -0.9707031 0.02403259 0.2398682
vn -0.9707031 0.02403259 0.2398682
vn -0.9707031 0.02403259 0.2398682
vn -0.9707031 0.02403259 0.2398682
vn -0.6674805 -0.7416992 0.06744385
vn -0.6674805 -0.7416992 0.06744385
vn -0.6674805 -0.7416992 0.06744385
vn -0.6674805 -0.7416992 0.06744385
vn -0.05355835 -0.01431274 0.9985352
vn -0.05355835 -0.01431274 0.9985352
vn -0.05355835 -0.01431274 0.9985352
vn -0.05355835 -0.01431274 0.9985352
vn -0.1035767 -0.7670898 0.6328125
vn -0.1035767 -0.7670898 0.6328125
vn -0.1035767 -0.7670898 0.6328125
vn -0.1035767 -0.7670898 0.6328125
vn 0.8989258 -0.01966858 0.4375
vn 0.9067383 -0.02011108 0.4211426
vn 0.9067383 -0.02011108 0.4211426
vn 0.8994141 -0.01968384 0.4367676
vn 0.8920898 -0.01927185 0.451416
vn 0.8920898 -0.01927185 0.451416
vn -0.07678223 -0.01343536 0.9970703
vn -0.07678223 -0.01343536 0.9970703
vn -0.07678223 -0.01343536 0.9970703
vn -0.07678223 -0.01343536 0.9970703
vn 0.007629395 -0.7553711 0.6552734
vn 0.007629395 -0.7553711 0.6552734
vn 0.007629395 -0.7553711 0.6552734
vn 0.007629395 -0.7553711 0.6552734
vn -0.5009766 0.04293823 -0.8642578
vn -0.5546875 0.04345703 -0.8310547
vn -0.5546875 0.04345703 -0.8310547
vn -0.5019531 0.04296875 -0.8637695
vn -0.4458008 0.04226685 -0.894043
vn -0.4458008 0.04226685 -0.894043
vn -0.0690918 -0.005989075 0.9975586
vn -0.03317261 -0.007583618 0.9995117
vn -0.03317261 -0.007583618 0.9995117
vn -0.07019043 -0.005939484 0.9975586
vn -0.1068726 -0.004299164 0.9941406
vn -0.1068726 -0.004299164 0.9941406
vn 0.09851074 0.01608276 -0.9951172
vn 0.09851074 0.01608276 -0.9951172
vn 0.09851074 0.01608276 -0.9951172
vn 0.09851074 0.01608276 -0.9951172
vn -0.5629883 0.005943298 -0.8266602
vn -0.5629883 0.005943298 -0.8266602
vn -0.5629883 0.005943298 -0.8266602
vn -0.5629883 0.005943298 -0.8266602
vn -0.09613037 -0.9179688 0.3852539
vn -0.09613037 -0.9179688 0.3852539
vn -0.09613037 -0.9179688 0.3852539
vn -0.09613037 -0.9179688 0.3852539
vn -0.2037354 -0.9106445 -0.3596191
vn -0.2037354 -0.9106445 -0.3596191
vn -0.2037354 -0.9106445 -0.3596191
vn -0.2037354 -0.9106445 -0.3596191
vn -0.9975586 0.03668213 -0.06292725
vn -0.9975586 0.03668213 -0.06292725
vn -0.9975586 0.03668213 -0.06292725
vn -0.9975586 0.03668213 -0.06292725
vn 0.8999023 0.02952576 0.4350586
vn 0.8999023 0.02952576 0.4350586
vn 0.8999023 0.02952576 0.4350586
vn 0.8999023 0.02952576 0.4350586
vn -0.6665039 0.05648804 -0.7431641
vn -0.6665039 0.05648804 -0.7431641
vn -0.6665039 0.05648804 -0.7431641
vn -0.6665039 0.05648804 -0.7431641
vn 0.322998 0.01378632 0.9462891
vn 0.322998 0.01378632 0.9462891
vn 0.322998 0.01378632 0.9462891
vn 0.322998 0.01378632 0.9462891
vn 0.059021 0.07556152 -0.9956055
vn 0.059021 0.07556152 -0.9956055
vn 0.059021 0.07556152 -0.9956055
vn 0.059021 0.07556152 -0.9956055
vn -0.02243042 0.996582 0.07910156
vn 0.08026123 -0.05801392 0.9951172
vn -0.0269928 0.9985352 0.04702759
vn 0.1340332 -0.0574646 0.9892578
vn -0.02711487 0.9985352 0.04592896
vn 0.1890869 -0.05670166 0.9804688
vn 0.037323 0.9995117 0.000541687
vn 0.996582 -0.01600647 -0.07971191
vn 0.003997803 1 0.004875183
vn 0.9907227 -0.01426697 -0.135498
vn 0.005371094 1 0.004665375
vn 0.9819336 -0.01255035 -0.1888428
vn 0.04345703 0.9985352 -0.02764893
vn 0.04281616 0.9980469 -0.04049683
vn 0.04281616 0.9980469 -0.04049683
vn 0.04315186 0.9985352 -0.03335571
vn 0.04748535 0.9970703 0.05883789
vn 0.7460938 0.07000732 -0.6621094
vn 0.7460938 0.07000732 -0.6621094
vn 0.7460938 0.07000732 -0.6621094
vn 0.7460938 0.07000732 -0.6621094
vn -0.009155273 0.9995117 -0.02026367
vn 0.5615234 0.00522995 -0.8276367
vn 0.6030273 0.005813599 -0.7978516
vn 0.01042938 0.9990234 -0.04577637
vn 0.6445313 0.006404877 -0.7646484
vn -0.009902954 1 -0.01953125
vn 0.9970703 0.04855347 0.06100464
vn 0.9970703 0.04855347 0.06100464
vn 0.9970703 0.04855347 0.06100464
vn 0.9970703 0.04855347 0.06100464
vn 0.6640625 0.01197815 0.7475586
vn 0.6640625 0.01197815 0.7475586
vn 0.6640625 0.01197815 0.7475586
vn 0.6640625 0.01197815 0.7475586
vn -0.8969727 0.08746338 -0.4338379
vn -0.8969727 0.08746338 -0.4338379
vn -0.8969727 0.08746338 -0.4338379
vn -0.8969727 0.08746338 -0.4338379
vn -0.3254395 0.074646 -0.9423828
vn -0.3254395 0.074646 -0.9423828
vn -0.3254395 0.074646 -0.9423828
vn -0.3254395 0.074646 -0.9423828
vn -0.06225586 0.01583862 0.9980469
vn -0.06225586 0.01583862 0.9980469
vn -0.06225586 0.01583862 0.9980469
vn -0.06225586 0.01583862 0.9980469
vn 0.4367676 0.07495117 -0.8964844
vn 0.4367676 0.07495117 -0.8964844
vn 0.4367676 0.07495117 -0.8964844
vn 0.4367676 0.07495117 -0.8964844
vn -0.7543945 0.009048462 0.65625
vn -0.7543945 0.009048462 0.65625
vn -0.7543945 0.009048462 0.65625
vn -0.7543945 0.009048462 0.65625
vn -0.01560974 1 0.002584457
vn -0.01560974 1 0.002584457
vn -0.03533936 0.9995117 0.005226135
vn -0.03536987 0.9995117 0.005226135
vn -0.05505371 0.9985352 0.007865906
vn -0.05505371 0.9985352 0.007865906
vn -0.03053284 0.9990234 0.0267334
vn -0.03053284 0.9990234 0.0267334
vn -0.03320313 0.9995117 0.006950378
vn -0.03320313 0.9995117 0.006969452
vn -0.03585815 0.9995117 -0.01278687
vn -0.03585815 0.9995117 -0.01278687
vn -0.01620483 0.9995117 0.02378845
vn -0.01620483 0.9995117 0.02378845
vn -0.03344727 0.9995117 0.005367279
vn -0.03329468 0.9995117 0.005554199
vn -0.05041504 0.9985352 -0.01276398
vn -0.05041504 0.9985352 -0.01276398
vn -0.03353882 0.9995117 0.00843811
vn -0.02145386 0.9995117 -0.007423401
vn -0.02145386 0.9995117 -0.007423401
vn -0.03353882 0.9995117 0.008460999
vn -0.04559326 0.9985352 0.02432251
vn -0.04559326 0.9985352 0.02432251
vn -0.03488159 0.9995117 0.009170532
vn -0.01514435 1 0.0064888
vn -0.01514435 1 0.0064888
vn -0.03491211 0.9995117 0.009170532
vn -0.05462646 0.9985352 0.01184845
vn -0.05462646 0.9985352 0.01184845
vn -0.05218506 0.9985352 -0.003202438
vn -0.05218506 0.9985352 -0.003202438
vn -0.03637695 0.9995117 0.008781433
vn -0.03634644 0.9995117 0.00881958
vn -0.02047729 0.9995117 0.02084351
vn -0.02047729 0.9995117 0.02084351
vn -0.03710938 0.9995117 0.007492065
vn -0.03442383 0.9990234 0.02726746
vn -0.03442383 0.9990234 0.02726746
vn -0.03710938 0.9995117 0.007507324
vn -0.0397644 0.9990234 -0.01228333
vn -0.0397644 0.9990234 -0.01228333
vn -0.03689575 0.9995117 0.009292603
vn -0.04907227 0.9985352 0.02833557
vn -0.04907227 0.9985352 0.02833557
vn -0.03689575 0.9995117 0.009300232
vn -0.02467346 0.9995117 -0.009788513
vn -0.02467346 0.9995117 -0.009788513
vn -0.4406738 0.009605408 0.8974609
vn -0.4406738 0.009605408 0.8974609
vn -0.4406738 0.009605408 0.8974609
vn -0.4406738 0.009605408 0.8974609
vn -0.9453125 0.0242157 0.3244629
vn -0.9453125 0.0242157 0.3244629
vn -0.9453125 0.0242157 0.3244629
vn -0.9453125 0.0242157 0.3244629
vn 0.9169922 -0.1017456 -0.3859863
vn 0.9169922 -0.1017456 -0.3859863
vn 0.9169922 -0.1017456 -0.3859863
vn 0.9169922 -0.1017456 -0.3859863
vn -0.9907227 -0.006210327 -0.1357422
vn -0.9907227 -0.006210327 -0.1357422
vn -0.9907227 -0.006210327 -0.1357422
vn -0.9907227 -0.006210327 -0.1357422
vn -0.4047852 -0.9091797 -0.09686279
vn -0.4047852 -0.9091797 -0.09686279
vn -0.4047852 -0.9091797 -0.09686279
vn -0.4047852 -0.9091797 -0.09686279
vn -0.4206543 0.004253387 -0.9072266
vn -0.4206543 0.004253387 -0.9072266
vn -0.4206543 0.004253387 -0.9072266
vn -0.4206543 0.004253387 -0.9072266
vn -0.1612549 -0.1062622 0.980957
vn -0.1612549 -0.1062622 0.980957
vn -0.1612549 -0.1062622 0.980957
vn -0.1612549 -0.1062622 0.980957
vn -0.1281738 0.1160278 -0.9848633
vn -0.1757813 0.1182861 -0.9775391
vn -0.1757813 0.1182861 -0.9775391
vn -0.1312256 0.1162109 -0.984375
vn -0.0836792 0.1137085 -0.9897461
vn -0.0836792 0.1137085 -0.9897461
vn 0.3532715 -0.9160156 -0.1900635
vn 0.3532715 -0.9160156 -0.1900635
vn 0.3532715 -0.9160156 -0.1900635
vn 0.3532715 -0.9160156 -0.1900635
vn -0.9858398 0.105957 0.1318359
vn -0.9907227 0.1085205 0.08428955
vn -0.9907227 0.1085205 0.08428955
vn -0.9858398 0.1061401 0.1282959
vn -0.9790039 0.1033325 0.1751709
vn -0.9790039 0.1033325 0.1751709
vn -0.9907227 0.04159546 0.1298828
vn -0.9907227 0.04159546 0.1298828
vn -0.9907227 0.04159546 0.1298828
vn -0.9907227 0.04159546 0.1298828
vn 0.9902344 0.0309906 -0.1347656
vn 0.9902344 0.0309906 -0.1347656
vn 0.9902344 0.0309906 -0.1347656
vn 0.9902344 0.0309906 -0.1347656
vn 0.1556396 -0.002222061 0.987793
vn 0.1556396 -0.002222061 0.987793
vn 0.1556396 -0.002222061 0.987793
vn 0.1556396 -0.002222061 0.987793
vn 0.8730469 -0.4536133 -0.1798096
vn 0.8730469 -0.4536133 -0.1798096
vn 0.8730469 -0.4536133 -0.1798096
vn 0.8730469 -0.4536133 -0.1798096
vn 0.9804688 -0.1044922 -0.1658936
vn 0.9804688 -0.1044922 -0.1658936
vn 0.9804688 -0.1044922 -0.1658936
vn 0.9804688 -0.1044922 -0.1658936
vn -0.6459961 -0.7568359 -0.09918213
vn -0.6459961 -0.7568359 -0.09918213
vn -0.6459961 -0.7568359 -0.09918213
vn -0.6459961 -0.7568359 -0.09918213
vn -0.9995117 0.02558899 0.02464294
vn -0.9995117 0.02558899 0.02464294
vn -0.9995117 0.02558899 0.02464294
vn -0.9995117 0.02558899 0.02464294
vn 0.6152344 -0.7524414 -0.2352295
vn 0.6152344 -0.7524414 -0.2352295
vn 0.6152344 -0.7524414 -0.2352295
vn 0.6152344 -0.7524414 -0.2352295
vn 0.9702148 0.001968384 -0.2419434
vn 0.9702148 0.001968384 -0.2419434
vn 0.9702148 0.001968384 -0.2419434
vn 0.9702148 0.001968384 -0.2419434
vn -0.1392822 0.05096436 -0.9887695
vn -0.133667 0.05038452 -0.9897461
vn -0.09350586 0.04611206 -0.9946289
vn -0.1409912 0.05114746 -0.9887695
vn -0.1409912 0.05114746 -0.9887695
vn -0.01170349 0.9960938 -0.08905029
vn -0.01170349 0.9960938 -0.08905029
vn -0.01170349 0.9960938 -0.08905029
vn -0.01170349 0.9960938 -0.08905029
vn -0.1660156 -0.9560547 -0.2423096
vn -0.1660156 -0.9560547 -0.2423096
vn -0.1660156 -0.9560547 -0.2423096
vn -0.1660156 -0.9560547 -0.2423096
vn -0.2337646 -0.8408203 -0.4880371
vn -0.2337646 -0.8408203 -0.4880371
vn -0.2337646 -0.8408203 -0.4880371
vn -0.2337646 -0.8408203 -0.4880371
vn -0.6738281 0.1502686 0.7236328
vn -0.6738281 0.1502686 0.7236328
vn -0.6738281 0.1502686 0.7236328
vn -0.6738281 0.1502686 0.7236328
vn 0.01556396 0.9980469 -0.06045532
vn 0.0362854 0.9990234 0.01586914
vn 0.03503418 0.9995117 0.01126099
vn 0.03787231 0.9990234 0.02183533
vn 0.03787231 0.9990234 0.02183533
vn 0.1601563 0.1638184 0.9736328
vn 0.1601563 0.1638184 0.9736328
vn 0.1418457 0.1661377 0.9760742
vn 0.1601563 0.1638184 0.9736328
vn 0.1433105 0.1658936 0.9755859
vn 0.1251221 0.1680908 0.9780273
vn 0.1251221 0.1680908 0.9780273
vn 0.1251221 0.1680908 0.9780273
vn 0.1135254 -0.9912109 0.0680542
vn 0.1135254 -0.9912109 0.0680542
vn 0.1135254 -0.9912109 0.0680542
vn 0.1135254 -0.9912109 0.0680542
vn 0.7485352 0.001389503 -0.6630859
vn 0.7485352 0.001389503 -0.6630859
vn 0.7485352 0.001389503 -0.6630859
vn 0.7485352 0.001389503 -0.6630859
vn -0.4057617 0.08410645 0.9101563
vn -0.4057617 0.08410645 0.9101563
vn -0.4057617 0.08410645 0.9101563
vn -0.4057617 0.08410645 0.9101563
vn 0.09741211 0.001372337 -0.9951172
vn 0.09741211 0.001372337 -0.9951172
vn 0.09741211 0.001372337 -0.9951172
vn 0.09741211 0.001372337 -0.9951172
vn -0.07537842 -0.0635376 -0.9951172
vn -0.1317139 -0.06204224 -0.9892578
vn -0.07537842 -0.0635376 -0.9951172
vn -0.1287842 -0.06210327 -0.9897461
vn -0.1844482 -0.06045532 -0.980957
vn -0.1844482 -0.06045532 -0.980957
vn 0.3530273 0.06854248 0.9331055
vn 0.3530273 0.06854248 0.9331055
vn 0.3530273 0.06854248 0.9331055
vn 0.3530273 0.06854248 0.9331055
vn -0.6352539 0.02679443 -0.7719727
vn -0.6352539 0.02679443 -0.7719727
vn -0.6352539 0.02679443 -0.7719727
vn -0.6352539 0.02679443 -0.7719727
vn 0.9101563 0.03665161 0.4125977
vn 0.9101563 0.03665161 0.4125977
vn 0.9101563 0.03665161 0.4125977
vn 0.9101563 0.03665161 0.4125977
vn -0.9960938 0.0635376 -0.06439209
vn -0.9960938 0.0635376 -0.06439209
vn -0.9960938 0.0635376 -0.06439209
vn -0.9960938 0.0635376 -0.06439209
vn 0.9360352 0.006832123 -0.3520508
vn 0.9360352 0.006832123 -0.3520508
vn 0.9360352 0.006832123 -0.3520508
vn 0.9360352 0.006832123 -0.3520508
vn -0.7905273 -0.03164673 -0.6118164
vn -0.8251953 -0.02978516 -0.5644531
vn -0.8251953 -0.02978516 -0.5644531
vn -0.7929688 -0.03149414 -0.6083984
vn -0.7558594 -0.03323364 -0.6538086
vn -0.7558594 -0.03323364 -0.6538086
vn -0.7734375 0.08221436 0.6289063
vn -0.7734375 0.08221436 0.6289063
vn -0.7734375 0.08221436 0.6289063
vn -0.7734375 0.08221436 0.6289063
vn 0.4155273 -0.002252579 -0.909668
vn 0.4155273 -0.002252579 -0.909668
vn 0.4155273 -0.002252579 -0.909668
vn 0.4155273 -0.002252579 -0.909668
vn -0.9921875 -0.0002651215 0.1237793
vn -0.9833984 0.0006766319 0.1804199
vn -0.9833984 0.0006766319 0.1804199
vn -0.9916992 -0.0002131462 0.1269531
vn -0.9975586 -0.001153946 0.06994629
vn -0.9975586 -0.001153946 0.06994629
vn 0.6064453 -0.06860352 -0.7919922
vn 0.5620117 -0.06884766 -0.8242188
vn 0.5620117 -0.06884766 -0.8242188
vn 0.6079102 -0.06860352 -0.7910156
vn 0.6508789 -0.06817627 -0.7563477
vn 0.6508789 -0.06817627 -0.7563477
vn -0.3217773 0.01661682 -0.9467773
vn -0.3217773 0.01661682 -0.9467773
vn -0.3217773 0.01661682 -0.9467773
vn -0.3217773 0.01661682 -0.9467773
vn 0.6611328 0.05508423 0.7485352
vn 0.6611328 0.05508423 0.7485352
vn 0.6611328 0.05508423 0.7485352
vn 0.6611328 0.05508423 0.7485352
vn 0.01786804 1 -0.003252029
vn 0.006595612 1 0.0127182
vn 0.006530762 1 0.01280975
vn 0.01786804 1 -0.003252029
vn 0.006595612 1 0.0127182
vn -0.004489899 0.9995117 0.02842712
vn -0.004489899 0.9995117 0.02842712
vn 0.006530762 1 0.01280975
vn 0.01002502 1 -0.007663727
vn 0.0134201 1 0.01165009
vn 0.01002502 1 -0.007663727
vn 0.0134201 1 0.01161957
vn 0.01679993 0.9995117 0.03088379
vn 0.01679993 0.9995117 0.03088379
vn 0.003498077 1 -0.002433777
vn 0.01965332 1 0.009552002
vn 0.003498077 1 -0.002433777
vn 0.0196228 1 0.009521484
vn 0.0357666 0.9990234 0.02148438
vn 0.0357666 0.9990234 0.02148438
vn -0.03839111 0.9990234 0.01818848
vn -0.0198822 0.9995117 0.01196289
vn -0.03839111 0.9990234 0.01818848
vn -0.01983643 0.9995117 0.01194763
vn -0.001634598 1 0.005821228
vn -0.001634598 1 0.005821228
vn -0.03082275 0.9990234 0.02331543
vn -0.0181427 1 0.00818634
vn -0.03082275 0.9990234 0.02331543
vn -0.01808167 1 0.008110046
vn -0.005332947 1 -0.007072449
vn -0.005332947 1 -0.007072449
vn -0.009727478 0.9995117 0.03009033
vn -0.01139069 1 0.01088715
vn -0.009727478 0.9995117 0.03009033
vn -0.01139069 1 0.01094055
vn -0.01307678 1 -0.008666992
vn -0.01307678 1 -0.008666992
vn 0.05056763 0.9985352 0.02587891
vn 0.009056091 1 -0.006362915
vn 0.009155273 1 -0.006282806
vn 0.05056763 0.9985352 0.02587891
vn 0.009056091 1 -0.006362915
vn -0.03237915 0.9985352 -0.03851318
vn -0.03237915 0.9985352 -0.03851318
vn 0.009155273 1 -0.006282806
vn -0.1015015 0.0802002 0.9916992
vn -0.1015015 0.0802002 0.9916992
vn -0.1015015 0.0802002 0.9916992
vn -0.1015015 0.0802002 0.9916992
vn 0.7954102 -0.02148438 0.6054688
vn 0.8271484 -0.02308655 0.5610352
vn 0.8271484 -0.02308655 0.5610352
vn 0.7929688 -0.02137756 0.6083984
vn 0.7587891 -0.0196991 0.6508789
vn 0.7587891 -0.0196991 0.6508789
vn -0.1130371 -0.9873047 0.1099243
vn -0.1130371 -0.9873047 0.1099243
vn -0.1130371 -0.9873047 0.1099243
vn -0.1130371 -0.9873047 0.1099243
vn 0.9956055 -0.05252075 -0.07598877
vn 0.9897461 -0.05380249 -0.1306152
vn 0.9956055 -0.05252075 -0.07598877
vn 0.9892578 -0.05389404 -0.1341553
vn 0.9804688 -0.05499268 -0.1884766
vn 0.9804688 -0.05499268 -0.1884766
vn -0.9072266 0.02006531 0.4199219
vn -0.9072266 0.02006531 0.4199219
vn -0.9072266 0.02006531 0.4199219
vn -0.9072266 0.02006531 0.4199219
vn -0.5151367 -0.8183594 0.2546387
vn -0.5151367 -0.8183594 0.2546387
vn -0.5151367 -0.8183594 0.2546387
vn -0.5151367 -0.8183594 0.2546387
vn -0.243042 -0.9541016 0.1740723
vn -0.243042 -0.9541016 0.1740723
vn -0.243042 -0.9541016 0.1740723
vn -0.243042 -0.9541016 0.1740723
vn 0.984375 -0.09259033 0.151001
vn 0.984375 -0.09259033 0.151001
vn 0.984375 -0.09259033 0.151001
vn 0.984375 -0.09259033 0.151001
vn -0.1129761 -0.8134766 0.5703125
vn -0.1129761 -0.8134766 0.5703125
vn -0.1129761 -0.8134766 0.5703125
vn -0.1129761 -0.8134766 0.5703125
vn -0.1060181 -0.9536133 0.2822266
vn -0.1060181 -0.9536133 0.2822266
vn -0.1060181 -0.9536133 0.2822266
vn -0.1060181 -0.9536133 0.2822266
vn -0.9785156 0.1706543 0.1168823
vn -0.9785156 0.1706543 0.1168823
vn -0.9780273 0.1715088 0.1203003
vn -0.9785156 0.1706543 0.1168823
vn -0.9775391 0.1716309 0.1206665
vn -0.9770508 0.1724854 0.1240845
vn -0.9770508 0.1724854 0.1240845
vn -0.9770508 0.1724854 0.1240845
vn -0.3955078 -0.09881592 -0.9130859
vn -0.3955078 -0.09881592 -0.9130859
vn -0.3955078 -0.09881592 -0.9130859
vn -0.3955078 -0.09881592 -0.9130859
vn -0.1582031 0.03283691 0.9868164
vn -0.1582031 0.03283691 0.9868164
vn -0.1582031 0.03283691 0.9868164
vn -0.1582031 0.03283691 0.9868164
vn 0.5302734 -0.8417969 0.09887695
vn 0.5302734 -0.8417969 0.09887695
vn 0.5302734 -0.8417969 0.09887695
vn 0.5302734 -0.8417969 0.09887695
vn 0.2739258 -0.9570313 0.09716797
vn 0.2739258 -0.9570313 0.09716797
vn 0.2739258 -0.9570313 0.09716797
vn 0.2739258 -0.9570313 0.09716797
vn 0.9902344 0.02342224 -0.1357422
vn 0.9902344 0.02342224 -0.1357422
vn 0.9902344 0.02342224 -0.1357422
vn 0.9902344 0.02342224 -0.1357422
vn 0.9902344 -0.1050415 -0.0894165
vn 0.9902344 -0.1050415 -0.0894165
vn 0.9902344 -0.1050415 -0.0894165
vn 0.9902344 -0.1050415 -0.0894165
vn 0.887207 -0.4589844 -0.04824829
vn 0.887207 -0.4589844 -0.04824829
vn 0.887207 -0.4589844 -0.04824829
vn 0.887207 -0.4589844 -0.04824829
vn -0.9897461 0.03053284 0.1386719
vn -0.9897461 0.03053284 0.1386719
vn -0.9897461 0.03053284 0.1386719
vn -0.9897461 0.03053284 0.1386719
vn 0.4824219 0.02226257 -0.8754883
vn -0.09991455 -0.01316071 -0.9951172
vn -0.09991455 -0.01316071 -0.9951172
vn 0.7792969 0.04431152 -0.625
vn -0.6157227 0.06781006 0.7851563
vn -0.6157227 0.06781006 0.7851563
vn -0.6157227 0.06781006 0.7851563
vn -0.6157227 0.06781006 0.7851563
vn 0.7172852 -0.0690918 -0.6933594
vn 0.7172852 -0.0690918 -0.6933594
vn 0.7172852 -0.0690918 -0.6933594
vn 0.7172852 -0.0690918 -0.6933594
vn -0.7685547 -0.01225281 -0.6396484
vn -0.7685547 -0.01225281 -0.6396484
vn -0.7685547 -0.01225281 -0.6396484
vn -0.7685547 -0.01225281 -0.6396484
vn 0.652832 0.0158844 0.7573242
vn 0.652832 0.0158844 0.7573242
vn 0.652832 0.0158844 0.7573242
vn 0.652832 0.0158844 0.7573242
vn 0.1547852 0.04272461 0.9868164
vn 0.1381836 0.04455566 0.9892578
vn 0.1547852 0.04272461 0.9868164
vn 0.1507568 0.04315186 0.987793
vn 0.05010986 0.05410767 0.9970703
vn 0.6894531 -0.7231445 0.04251099
vn 0.6894531 -0.7231445 0.04251099
vn 0.6894531 -0.7231445 0.04251099
vn 0.6894531 -0.7231445 0.04251099
vn 1 0.002035141 -0.01683044
vn 1 0.002035141 -0.01683044
vn 1 0.002035141 -0.01683044
vn 1 0.002035141 -0.01683044
vn -0.972168 0.02708435 0.2332764
vn -0.972168 0.02708435 0.2332764
vn -0.972168 0.02708435 0.2332764
vn -0.972168 0.02708435 0.2332764
vn -0.6591797 -0.7192383 0.2203369
vn -0.6591797 -0.7192383 0.2203369
vn -0.6591797 -0.7192383 0.2203369
vn -0.6591797 -0.7192383 0.2203369
vn 0.7260742 0.08428955 0.6826172
vn 0.7260742 0.08428955 0.6826172
vn 0.7260742 0.08428955 0.6826172
vn 0.7260742 0.08428955 0.6826172
vn -0.03582764 0.9985352 0.04397583
vn -0.03582764 0.9985352 0.04397583
vn -0.03582764 0.9985352 0.04397583
vn -0.03582764 0.9985352 0.04397583
vn 0.01560211 0.9995117 0.02046204
vn 0.01560211 0.9995117 0.02046204
vn 0.01560211 0.9995117 0.02046204
vn 0.01560211 0.9995117 0.02046204
vn 0.008384705 0.9960938 0.08966064
vn 0.008384705 0.9960938 0.08966064
vn 0.008384705 0.9960938 0.08966064
vn 0.008384705 0.9960938 0.08966064
vn 0.9370117 0.05130005 -0.345459
vn 0.9370117 0.05130005 -0.345459
vn 0.9370117 0.05130005 -0.345459
vn 0.9370117 0.05130005 -0.345459
g SandCastle_0
f 3/3/3 2/2/2 1/1/1
f 6/6/6 5/5/5 4/4/4
f 9/9/9 8/8/8 7/7/7
f 12/12/12 11/11/11 10/10/10
f 15/15/15 14/14/14 13/13/13
f 18/18/18 17/17/17 16/16/16
f 21/21/21 20/20/20 19/19/19
f 24/24/24 23/23/23 22/22/22
f 27/27/27 26/26/26 25/25/25
f 30/30/30 29/29/29 28/28/28
f 33/33/33 32/32/32 31/31/31
f 36/36/36 35/35/35 34/34/34
f 39/39/39 38/38/38 37/37/37
f 42/42/42 41/41/41 40/40/40
f 45/45/45 44/44/44 43/43/43
f 48/48/48 47/47/47 46/46/46
f 51/51/51 50/50/50 49/49/49
f 54/54/54 53/53/53 52/52/52
f 57/57/57 56/56/56 55/55/55
f 60/60/60 59/59/59 58/58/58
f 63/63/63 62/62/62 61/61/61
f 65/65/65 61/61/61 64/64/64
f 61/61/61 66/66/66 64/64/64
f 64/64/64 66/66/66 67/67/67
f 68/68/68 64/64/64 67/67/67
f 66/66/66 69/69/69 67/67/67
f 70/70/70 68/68/68 67/67/67
f 68/68/68 70/70/70 71/71/71
f 69/69/69 66/66/66 72/72/72
f 73/73/73 68/68/68 71/71/71
f 71/71/71 72/72/72 73/73/73
f 72/72/72 66/66/66 74/74/74
f 72/72/72 74/74/74 75/75/75
f 72/72/72 75/75/75 76/76/76
f 72/72/72 76/76/76 77/77/77
f 73/73/73 72/72/72 77/77/77
f 73/73/73 77/77/77 78/78/78
f 79/79/79 73/73/73 78/78/78
f 79/79/79 78/78/78 80/80/80
f 79/79/79 80/80/80 81/81/81
f 82/82/82 79/79/79 81/81/81
f 83/83/83 79/79/79 82/82/82
f 82/82/82 81/81/81 84/84/84
f 82/82/82 84/84/84 85/85/85
f 85/85/85 84/84/84 86/86/86
f 87/87/87 82/82/82 85/85/85
f 88/88/88 82/82/82 87/87/87
f 82/82/82 88/88/88 89/89/89
f 89/89/89 90/90/90 82/82/82
f 91/91/91 88/88/88 87/87/87
f 90/90/90 89/89/89 92/92/92
f 93/93/93 90/90/90 92/92/92
f 94/94/94 93/93/93 92/92/92
f 92/92/92 91/91/91 94/94/94
f 91/91/91 87/87/87 95/95/95
f 94/94/94 91/91/91 95/95/95
f 94/94/94 95/95/95 96/96/96
f 94/94/94 96/96/96 97/97/97
f 98/98/98 94/94/94 97/97/97
f 99/99/99 94/94/94 98/98/98
f 102/102/102 101/101/101 100/100/100
f 105/105/105 104/104/104 103/103/103
f 108/108/108 107/107/107 106/106/106
f 111/111/111 110/110/110 109/109/109
f 114/114/114 113/113/113 112/112/112
f 117/117/117 116/116/116 115/115/115
f 120/120/120 119/119/119 118/118/118
f 123/123/123 122/122/122 121/121/121
f 126/126/126 125/125/125 124/124/124
f 129/129/129 128/128/128 127/127/127
f 132/132/132 131/131/131 130/130/130
f 135/135/135 134/134/134 133/133/133
f 137/137/137 136/136/136 133/133/133
f 140/140/140 139/139/139 138/138/138
f 143/143/143 142/142/142 141/141/141
f 146/146/146 145/145/145 144/144/144
f 149/149/149 148/148/148 147/147/147
f 152/152/152 151/151/151 150/150/150
f 155/155/155 154/154/154 153/153/153
f 158/158/158 157/157/157 156/156/156
f 161/161/161 160/160/160 159/159/159
f 164/164/164 163/163/163 162/162/162
f 167/167/167 166/166/166 165/165/165
f 169/169/169 168/168/168 167/167/167
f 169/169/169 167/167/167 170/170/170
f 169/169/169 170/170/170 171/171/171
f 169/169/169 171/171/171 172/172/172
f 172/172/172 173/173/173 169/169/169
f 169/169/169 173/173/173 174/174/174
f 173/173/173 175/175/175 174/174/174
f 169/169/169 174/174/174 176/176/176
f 177/177/177 169/169/169 176/176/176
f 177/177/177 176/176/176 178/178/178
f 179/179/179 177/177/177 178/178/178
f 179/179/179 178/178/178 180/180/180
f 181/181/181 179/179/179 180/180/180
f 182/182/182 177/177/177 179/179/179
f 181/181/181 180/180/180 183/183/183
f 184/184/184 177/177/177 182/182/182
f 184/184/184 182/182/182 185/185/185
f 184/184/184 186/186/186 177/177/177
f 187/187/187 181/181/181 183/183/183
f 185/185/185 181/181/181 187/187/187
f 187/187/187 183/183/183 188/188/188
f 189/189/189 184/184/184 185/185/185
f 189/189/189 190/190/190 184/184/184
f 191/191/191 189/189/189 185/185/185
f 192/192/192 191/191/191 185/185/185
f 193/193/193 185/185/185 187/187/187
f 194/194/194 193/193/193 187/187/187
f 195/195/195 192/192/192 185/185/185
f 193/193/193 195/195/195 185/185/185
f 195/195/195 196/196/196 192/192/192
f 193/193/193 194/194/194 197/197/197
f 194/194/194 198/198/198 197/197/197
f 193/193/193 197/197/197 199/199/199
f 200/200/200 193/193/193 199/199/199
f 199/199/199 197/197/197 201/201/201
f 197/197/197 202/202/202 201/201/201
f 199/199/199 201/201/201 203/203/203
f 201/201/201 204/204/204 203/203/203
f 200/200/200 199/199/199 205/205/205
f 206/206/206 200/200/200 205/205/205
f 206/206/206 205/205/205 207/207/207
f 208/208/208 200/200/200 206/206/206
f 208/208/208 209/209/209 200/200/200
f 209/209/209 210/210/210 200/200/200
f 210/210/210 211/211/211 200/200/200
f 212/212/212 206/206/206 207/207/207
f 212/212/212 207/207/207 213/213/213
f 207/207/207 214/214/214 213/213/213
f 215/215/215 206/206/206 212/212/212
f 216/216/216 212/212/212 213/213/213
f 215/215/215 212/212/212 217/217/217
f 215/215/215 218/218/218 206/206/206
f 218/218/218 219/219/219 206/206/206
f 216/216/216 213/213/213 220/220/220
f 220/220/220 213/213/213 221/221/221
f 216/216/216 220/220/220 222/222/222
f 216/216/216 222/222/222 223/223/223
f 224/224/224 215/215/215 217/217/217
f 218/218/218 215/215/215 224/224/224
f 218/218/218 225/225/225 219/219/219
f 225/225/225 226/226/226 219/219/219
f 225/225/225 227/227/227 226/226/226
f 227/227/227 228/228/228 226/226/226
f 227/227/227 229/229/229 228/228/228
f 229/229/229 230/230/230 228/228/228
f 225/225/225 218/218/218 231/231/231
f 231/231/231 218/218/218 224/224/224
f 232/232/232 225/225/225 231/231/231
f 233/233/233 229/229/229 232/232/232
f 234/234/234 233/233/233 232/232/232
f 235/235/235 234/234/234 232/232/232
f 231/231/231 235/235/235 232/232/232
f 236/236/236 235/235/235 231/231/231
f 224/224/224 236/236/236 231/231/231
f 237/237/237 236/236/236 224/224/224
f 217/217/217 237/237/237 224/224/224
f 237/237/237 217/217/217 238/238/238
f 239/239/239 237/237/237 238/238/238
f 240/240/240 239/239/239 238/238/238
f 238/238/238 216/216/216 240/240/240
f 240/240/240 216/216/216 241/241/241
f 216/216/216 223/223/223 241/241/241
f 241/241/241 223/223/223 242/242/242
f 223/223/223 243/243/243 242/242/242
f 242/242/242 243/243/243 244/244/244
f 245/245/245 242/242/242 244/244/244
f 246/246/246 245/245/245 244/244/244
f 245/245/245 246/246/246 247/247/247
f 248/248/248 245/245/245 247/247/247
f 247/247/247 249/249/249 248/248/248
f 249/249/249 250/250/250 248/248/248
f 243/243/243 223/223/223 251/251/251
f 250/250/250 251/251/251 252/252/252
f 251/251/251 253/253/253 252/252/252
f 253/253/253 254/254/254 252/252/252
f 251/251/251 255/255/255 253/253/253
f 251/251/251 256/256/256 255/255/255
f 251/251/251 223/223/223 256/256/256
f 223/223/223 257/257/257 256/256/256
f 256/256/256 257/257/257 258/258/258
f 223/223/223 259/259/259 257/257/257
f 261/261/261 260/260/260 195/195/195
f 264/264/264 263/263/263 262/262/262
f 267/267/267 266/266/266 265/265/265
f 269/269/269 268/268/268 266/266/266
f 268/268/268 270/270/270 266/266/266
f 271/271/271 270/270/270 268/268/268
f 274/274/274 273/273/273 272/272/272
f 277/277/277 276/276/276 275/275/275
f 280/280/280 279/279/279 278/278/278
f 283/283/283 282/282/282 281/281/281
f 286/286/286 285/285/285 284/284/284
f 289/289/289 288/288/288 287/287/287
f 292/292/292 291/291/291 290/290/290
f 295/295/295 294/294/294 293/293/293
f 298/298/298 297/297/297 296/296/296
f 301/301/301 300/300/300 299/299/299
f 299/299/299 303/303/303 302/302/302
f 303/303/303 304/304/304 302/302/302
f 302/302/302 304/304/304 305/305/305
f 305/305/305 304/304/304 306/306/306
f 306/306/306 307/307/307 305/305/305
f 308/308/308 307/307/307 306/306/306
f 304/304/304 309/309/309 306/306/306
f 310/310/310 308/308/308 306/306/306
f 309/309/309 304/304/304 311/311/311
f 312/312/312 308/308/308 310/310/310
f 313/313/313 309/309/309 311/311/311
f 314/314/314 312/312/312 310/310/310
f 313/313/313 311/311/311 315/315/315
f 316/316/316 312/312/312 314/314/314
f 317/317/317 313/313/313 315/315/315
f 314/314/314 317/317/317 316/316/316
f 317/317/317 315/315/315 318/318/318
f 317/317/317 318/318/318 316/316/316
f 316/316/316 318/318/318 319/319/319
f 319/319/319 318/318/318 320/320/320
f 318/318/318 321/321/321 320/320/320
f 320/320/320 321/321/321 322/322/322
f 322/322/322 321/321/321 323/323/323
f 323/323/323 324/324/324 322/322/322
f 325/325/325 324/324/324 323/323/323
f 321/321/321 326/326/326 323/323/323
f 327/327/327 325/325/325 323/323/323
f 326/326/326 321/321/321 328/328/328
f 329/329/329 325/325/325 327/327/327
f 330/330/330 326/326/326 328/328/328
f 331/331/331 329/329/329 327/327/327
f 330/330/330 328/328/328 332/332/332
f 333/333/333 329/329/329 331/331/331
f 331/331/331 334/334/334 333/333/333
f 334/334/334 330/330/330 332/332/332
f 334/334/334 332/332/332 333/333/333
f 333/333/333 332/332/332 335/335/335
f 332/332/332 336/336/336 335/335/335
f 335/335/335 336/336/336 337/337/337
f 340/340/340 339/339/339 338/338/338
f 343/343/343 342/342/342 341/341/341
f 346/346/346 345/345/345 344/344/344
f 348/348/348 347/347/347 346/346/346
f 347/347/347 349/349/349 346/346/346
f 347/347/347 350/350/350 349/349/349
f 350/350/350 351/351/351 349/349/349
f 354/354/354 353/353/353 352/352/352
f 357/357/357 356/356/356 355/355/355
f 360/360/360 359/359/359 358/358/358
f 363/363/363 362/362/362 361/361/361
f 366/366/366 365/365/365 364/364/364
f 369/369/369 368/368/368 367/367/367
f 372/372/372 371/371/371 370/370/370
f 375/375/375 374/374/374 373/373/373
f 378/378/378 377/377/377 376/376/376
f 381/381/381 380/380/380 379/379/379
f 384/384/384 383/383/383 382/382/382
f 387/387/387 386/386/386 385/385/385
f 390/390/390 389/389/389 388/388/388
f 393/393/393 392/392/392 391/391/391
f 396/396/396 395/395/395 394/394/394
f 394/394/394 398/398/398 397/397/397
f 399/399/399 394/394/394 397/397/397
f 397/397/397 398/398/398 400/400/400
f 400/400/400 401/401/401 397/397/397
f 400/400/400 402/402/402 401/401/401
f 398/398/398 402/402/402 400/400/400
f 402/402/402 403/403/403 401/401/401
f 399/399/399 397/397/397 404/404/404
f 405/405/405 404/404/404 397/397/397
f 406/406/406 399/399/399 404/404/404
f 397/397/397 407/407/407 405/405/405
f 397/397/397 401/401/401 407/407/407
f 408/408/408 399/399/399 406/406/406
f 409/409/409 399/399/399 408/408/408
f 410/410/410 399/399/399 409/409/409
f 411/411/411 399/399/399 410/410/410
f 412/412/412 411/411/411 410/410/410
f 411/411/411 412/412/412 413/413/413
f 413/413/413 414/414/414 411/411/411
f 414/414/414 415/415/415 411/411/411
f 416/416/416 415/415/415 414/414/414
f 417/417/417 415/415/415 416/416/416
f 418/418/418 417/417/417 416/416/416
f 419/419/419 417/417/417 418/418/418
f 417/417/417 420/420/420 415/415/415
f 421/421/421 420/420/420 417/417/417
f 421/421/421 417/417/417 422/422/422
f 423/423/423 421/421/421 422/422/422
f 424/424/424 421/421/421 423/423/423
f 425/425/425 422/422/422 417/417/417
f 426/426/426 425/425/425 417/417/417
f 427/427/427 422/422/422 425/425/425
f 428/428/428 427/427/427 425/425/425
f 429/429/429 422/422/422 427/427/427
f 429/429/429 427/427/427 430/430/430
f 431/431/431 422/422/422 429/429/429
f 432/432/432 431/431/431 429/429/429
f 431/431/431 433/433/433 422/422/422
f 434/434/434 431/431/431 432/432/432
f 435/435/435 434/434/434 432/432/432
f 433/433/433 436/436/436 422/422/422
f 437/437/437 434/434/434 435/435/435
f 438/438/438 436/436/436 433/433/433
f 439/439/439 436/436/436 438/438/438
f 440/440/440 438/438/438 433/433/433
f 441/441/441 438/438/438 440/440/440
f 441/441/441 440/440/440 434/434/434
f 442/442/442 438/438/438 441/441/441
f 443/443/443 441/441/441 434/434/434
f 444/444/444 443/443/443 434/434/434
f 444/444/444 434/434/434 437/437/437
f 445/445/445 444/444/444 437/437/437
f 447/447/447 398/398/398 446/446/446
f 450/450/450 449/449/449 448/448/448
f 453/453/453 452/452/452 451/451/451
f 456/456/456 455/455/455 454/454/454
f 458/458/458 457/457/457 455/455/455
f 459/459/459 458/458/458 455/455/455
f 462/462/462 461/461/461 460/460/460
f 465/465/465 464/464/464 463/463/463
f 468/468/468 467/467/467 466/466/466
f 471/471/471 470/470/470 469/469/469
f 474/474/474 473/473/473 472/472/472
f 477/477/477 476/476/476 475/475/475
f 479/479/479 478/478/478 475/475/475
f 482/482/482 481/481/481 480/480/480
f 484/484/484 481/481/481 483/483/483
f 481/481/481 485/485/485 483/483/483
f 486/486/486 483/483/483 485/485/485
f 484/484/484 487/487/487 481/481/481
f 488/488/488 484/484/484 483/483/483
f 488/488/488 483/483/483 489/489/489
f 483/483/483 490/490/490 489/489/489
f 490/490/490 483/483/483 491/491/491
f 489/489/489 490/490/490 492/492/492
f 489/489/489 492/492/492 493/493/493
f 493/493/493 494/494/494 489/489/489
f 494/494/494 493/493/493 407/407/407
f 407/407/407 401/401/401 494/494/494
f 401/401/401 484/484/484 494/494/494
f 401/401/401 495/495/495 484/484/484
f 495/495/495 496/496/496 484/484/484
f 496/496/496 497/497/497 484/484/484
f 484/484/484 497/497/497 487/487/487
f 401/401/401 498/498/498 495/495/495
f 498/498/498 499/499/499 495/495/495
f 500/500/500 498/498/498 401/401/401
f 497/497/497 501/501/501 487/487/487
f 501/501/501 502/502/502 487/487/487
f 502/502/502 503/503/503 487/487/487
f 503/503/503 504/504/504 487/487/487
f 504/504/504 505/505/505 487/487/487
f 505/505/505 506/506/506 487/487/487
f 506/506/506 507/507/507 487/487/487
f 497/497/497 508/508/508 501/501/501
f 508/508/508 509/509/509 501/501/501
f 510/510/510 508/508/508 497/497/497
f 487/487/487 507/507/507 511/511/511
f 507/507/507 512/512/512 511/511/511
f 512/512/512 513/513/513 511/511/511
f 513/513/513 514/514/514 511/511/511
f 487/487/487 511/511/511 515/515/515
f 487/487/487 515/515/515 516/516/516
f 517/517/517 487/487/487 516/516/516
f 516/516/516 518/518/518 517/517/517
f 516/516/516 515/515/515 519/519/519
f 515/515/515 520/520/520 519/519/519
f 523/523/523 522/522/522 521/521/521
f 526/526/526 525/525/525 524/524/524
f 528/528/528 423/423/423 527/527/527
f 531/531/531 530/530/530 529/529/529
f 534/534/534 533/533/533 532/532/532
f 537/537/537 536/536/536 535/535/535
f 540/540/540 539/539/539 538/538/538
f 543/543/543 542/542/542 541/541/541
f 546/546/546 545/545/545 544/544/544
f 549/549/549 548/548/548 547/547/547
f 552/552/552 551/551/551 550/550/550
f 551/551/551 553/553/553 550/550/550
f 551/551/551 554/554/554 553/553/553
f 554/554/554 555/555/555 553/553/553
f 554/554/554 556/556/556 555/555/555
f 556/556/556 557/557/557 555/555/555
f 556/556/556 558/558/558 557/557/557
f 558/558/558 559/559/559 557/557/557
f 558/558/558 560/560/560 559/559/559
f 560/560/560 561/561/561 559/559/559
f 560/560/560 562/562/562 561/561/561
f 562/562/562 563/563/563 561/561/561
f 563/563/563 562/562/562 564/564/564
f 565/565/565 563/563/563 564/564/564
f 566/566/566 563/563/563 565/565/565
f 561/561/561 563/563/563 566/566/566
f 567/567/567 566/566/566 565/565/565
f 566/566/566 567/567/567 568/568/568
f 569/569/569 561/561/561 566/566/566
f 559/559/559 561/561/561 569/569/569
f 568/568/568 569/569/569 566/566/566
f 570/570/570 559/559/559 569/569/569
f 557/557/557 559/559/559 570/570/570
f 568/568/568 570/570/570 569/569/569
f 571/571/571 557/557/557 570/570/570
f 568/568/568 571/571/571 570/570/570
f 555/555/555 557/557/557 571/571/571
f 572/572/572 555/555/555 571/571/571
f 568/568/568 572/572/572 571/571/571
f 553/553/553 555/555/555 572/572/572
f 573/573/573 553/553/553 572/572/572
f 568/568/568 573/573/573 572/572/572
f 550/550/550 553/553/553 573/573/573
f 568/568/568 574/574/574 573/573/573
f 574/574/574 550/550/550 573/573/573
f 568/568/568 575/575/575 574/574/574
f 576/576/576 550/550/550 574/574/574
f 575/575/575 576/576/576 574/574/574
f 579/579/579 578/578/578 577/577/577
f 578/578/578 580/580/580 577/577/577
f 578/578/578 581/581/581 580/580/580
f 577/577/577 580/580/580 582/582/582
f 583/583/583 577/577/577 582/582/582
f 584/584/584 583/583/583 582/582/582
f 581/581/581 585/585/585 580/580/580
f 581/581/581 586/586/586 585/585/585
f 582/582/582 580/580/580 587/587/587
f 584/584/584 582/582/582 587/587/587
f 580/580/580 585/585/585 587/587/587
f 586/586/586 588/588/588 585/585/585
f 586/586/586 589/589/589 588/588/588
f 587/587/587 585/585/585 590/590/590
f 584/584/584 587/587/587 590/590/590
f 585/585/585 588/588/588 590/590/590
f 589/589/589 591/591/591 588/588/588
f 589/589/589 592/592/592 591/591/591
f 590/590/590 588/588/588 593/593/593
f 584/584/584 590/590/590 593/593/593
f 588/588/588 591/591/591 593/593/593
f 592/592/592 594/594/594 591/591/591
f 592/592/592 595/595/595 594/594/594
f 593/593/593 591/591/591 596/596/596
f 584/584/584 593/593/593 596/596/596
f 591/591/591 594/594/594 596/596/596
f 595/595/595 597/597/597 594/594/594
f 595/595/595 598/598/598 597/597/597
f 598/598/598 599/599/599 597/597/597
f 596/596/596 594/594/594 600/600/600
f 584/584/584 596/596/596 600/600/600
f 594/594/594 597/597/597 600/600/600
f 584/584/584 600/600/600 601/601/601
f 600/600/600 597/597/597 601/601/601
f 597/597/597 599/599/599 601/601/601
f 584/584/584 601/601/601 602/602/602
f 601/601/601 599/599/599 602/602/602
f 599/599/599 603/603/603 602/602/602
f 606/606/606 605/605/605 604/604/604
f 607/607/607 606/606/606 604/604/604
f 610/610/610 609/609/609 608/608/608
f 611/611/611 610/610/610 608/608/608
f 614/614/614 613/613/613 612/612/612
f 615/615/615 614/614/614 612/612/612
f 618/618/618 617/617/617 616/616/616
f 617/617/617 619/619/619 616/616/616
f 620/620/620 619/619/619 617/617/617
f 619/619/619 620/620/620 621/621/621
f 622/622/622 619/619/619 621/621/621
f 619/619/619 622/622/622 623/623/623
f 622/622/622 624/624/624 623/623/623
f 621/621/621 625/625/625 622/622/622
f 621/621/621 626/626/626 625/625/625
f 625/625/625 627/627/627 622/622/622
f 628/628/628 622/622/622 627/627/627
f 629/629/629 628/628/628 627/627/627
f 627/627/627 625/625/625 630/630/630
f 631/631/631 627/627/627 630/630/630
f 627/627/627 631/631/631 632/632/632
f 631/631/631 633/633/633 632/632/632
f 626/626/626 634/634/634 625/625/625
f 635/635/635 634/634/634 626/626/626
f 634/634/634 635/635/635 636/636/636
f 637/637/637 634/634/634 636/636/636
f 638/638/638 635/635/635 626/626/626
f 638/638/638 626/626/626 639/639/639
f 626/626/626 640/640/640 639/639/639
f 639/639/639 640/640/640 641/641/641
f 640/640/640 642/642/642 641/641/641
f 640/640/640 620/620/620 642/642/642
f 641/641/641 642/642/642 643/643/643
f 644/644/644 641/641/641 643/643/643
f 620/620/620 645/645/645 642/642/642
f 643/643/643 642/642/642 645/645/645
f 645/645/645 620/620/620 617/617/617
f 644/644/644 643/643/643 646/646/646
f 647/647/647 644/644/644 646/646/646
f 648/648/648 643/643/643 645/645/645
f 647/647/647 646/646/646 649/649/649
f 650/650/650 647/647/647 649/649/649
f 651/651/651 650/650/650 649/649/649
f 652/652/652 651/651/651 649/649/649
f 649/649/649 646/646/646 653/653/653
f 654/654/654 649/649/649 653/653/653
f 617/617/617 655/655/655 645/645/645
f 655/655/655 648/648/648 645/645/645
f 655/655/655 617/617/617 656/656/656
f 617/617/617 657/657/657 656/656/656
f 658/658/658 653/653/653 648/648/648
f 655/655/655 658/658/658 648/648/648
f 659/659/659 658/658/658 655/655/655
f 660/660/660 659/659/659 655/655/655
f 661/661/661 654/654/654 653/653/653
f 658/658/658 661/661/661 653/653/653
f 661/661/661 658/658/658 662/662/662
f 658/658/658 663/663/663 662/662/662
f 654/654/654 661/661/661 664/664/664
f 665/665/665 654/654/654 664/664/664
f 666/666/666 664/664/664 661/661/661
f 667/667/667 666/666/666 661/661/661
f 670/670/670 669/669/669 668/668/668
f 671/671/671 670/670/670 668/668/668
f 674/674/674 673/673/673 672/672/672
f 675/675/675 674/674/674 672/672/672
f 678/678/678 677/677/677 676/676/676
f 677/677/677 679/679/679 676/676/676
f 676/676/676 679/679/679 680/680/680
f 681/681/681 676/676/676 680/680/680
f 676/676/676 681/681/681 682/682/682
f 676/676/676 682/682/682 683/683/683
f 682/682/682 684/684/684 683/683/683
f 681/681/681 685/685/685 682/682/682
f 685/685/685 681/681/681 686/686/686
f 685/685/685 687/687/687 682/682/682
f 688/688/688 685/685/685 686/686/686
f 685/685/685 688/688/688 687/687/687
f 687/687/687 689/689/689 682/682/682
f 690/690/690 682/682/682 689/689/689
f 691/691/691 690/690/690 689/689/689
f 689/689/689 687/687/687 692/692/692
f 688/688/688 693/693/693 687/687/687
f 692/692/692 694/694/694 689/689/689
f 689/689/689 694/694/694 695/695/695
f 694/694/694 696/696/696 695/695/695
f 692/692/692 697/697/697 694/694/694
f 698/698/698 693/693/693 688/688/688
f 699/699/699 693/693/693 698/698/698
f 700/700/700 698/698/698 688/688/688
f 688/688/688 686/686/686 700/700/700
f 686/686/686 701/701/701 700/700/700
f 701/701/701 686/686/686 702/702/702
f 686/686/686 703/703/703 702/702/702
f 702/702/702 703/703/703 704/704/704
f 698/698/698 705/705/705 699/699/699
f 703/703/703 706/706/706 704/704/704
f 704/704/704 706/706/706 707/707/707
f 706/706/706 703/703/703 680/680/680
f 706/706/706 708/708/708 707/707/707
f 709/709/709 706/706/706 680/680/680
f 706/706/706 709/709/709 708/708/708
f 709/709/709 710/710/710 708/708/708
f 711/711/711 710/710/710 709/709/709
f 709/709/709 680/680/680 679/679/679
f 712/712/712 711/711/711 709/709/709
f 712/712/712 709/709/709 679/679/679
f 713/713/713 711/711/711 712/712/712
f 714/714/714 713/713/713 712/712/712
f 712/712/712 679/679/679 715/715/715
f 679/679/679 716/716/716 715/715/715
f 719/719/719 718/718/718 717/717/717
f 720/720/720 719/719/719 717/717/717
f 723/723/723 722/722/722 721/721/721
f 724/724/724 723/723/723 721/721/721
f 727/727/727 726/726/726 725/725/725
f 728/728/728 727/727/727 725/725/725
f 728/728/728 729/729/729 727/727/727
f 729/729/729 730/730/730 727/727/727
f 730/730/730 729/729/729 731/731/731
f 732/732/732 730/730/730 731/731/731
f 733/733/733 732/732/732 731/731/731
f 734/734/734 733/733/733 731/731/731
f 734/734/734 731/731/731 705/705/705
f 731/731/731 699/699/699 705/705/705
f 731/731/731 729/729/729 699/699/699
f 729/729/729 697/697/697 699/699/699
f 694/694/694 697/697/697 729/729/729
f 728/728/728 694/694/694 729/729/729
f 735/735/735 694/694/694 728/728/728
f 736/736/736 735/735/735 728/728/728
f 739/739/739 738/738/738 737/737/737
f 740/740/740 739/739/739 737/737/737
f 741/741/741 739/739/739 740/740/740
f 742/742/742 741/741/741 740/740/740
f 742/742/742 743/743/743 741/741/741
f 743/743/743 744/744/744 741/741/741
f 744/744/744 743/743/743 745/745/745
f 743/743/743 746/746/746 745/745/745
f 746/746/746 747/747/747 745/745/745
f 747/747/747 748/748/748 745/745/745
f 748/748/748 747/747/747 749/749/749
f 747/747/747 750/750/750 749/749/749
f 750/750/750 751/751/751 749/749/749
f 751/751/751 752/752/752 749/749/749
f 753/753/753 752/752/752 751/751/751
f 754/754/754 753/753/753 751/751/751
f 757/757/757 756/756/756 755/755/755
f 756/756/756 758/758/758 755/755/755
f 758/758/758 756/756/756 759/759/759
f 756/756/756 760/760/760 759/759/759
f 760/760/760 761/761/761 759/759/759
f 761/761/761 762/762/762 759/759/759
f 762/762/762 761/761/761 763/763/763
f 761/761/761 764/764/764 763/763/763
f 764/764/764 765/765/765 763/763/763
f 765/765/765 766/766/766 763/763/763
f 766/766/766 765/765/765 767/767/767
f 765/765/765 768/768/768 767/767/767
f 768/768/768 769/769/769 767/767/767
f 769/769/769 770/770/770 767/767/767
f 770/770/770 769/769/769 771/771/771
f 769/769/769 772/772/772 771/771/771
f 775/775/775 774/774/774 773/773/773
f 776/776/776 775/775/775 773/773/773
f 779/779/779 778/778/778 777/777/777
f 780/780/780 779/779/779 777/777/777
f 783/783/783 782/782/782 781/781/781
f 784/784/784 783/783/783 781/781/781
f 787/787/787 786/786/786 785/785/785
f 788/788/788 787/787/787 785/785/785
f 791/791/791 790/790/790 789/789/789
f 792/792/792 791/791/791 789/789/789
f 795/795/795 794/794/794 793/793/793
f 796/796/796 795/795/795 793/793/793
f 799/799/799 798/798/798 797/797/797
f 800/800/800 799/799/799 797/797/797
f 803/803/803 802/802/802 801/801/801
f 801/801/801 804/804/804 803/803/803
f 801/801/801 805/805/805 804/804/804
f 808/808/808 807/807/807 806/806/806
f 809/809/809 808/808/808 806/806/806
f 812/812/812 811/811/811 810/810/810
f 813/813/813 812/812/812 810/810/810
f 816/816/816 815/815/815 814/814/814
f 817/817/817 816/816/816 814/814/814
f 820/820/820 819/819/819 818/818/818
f 821/821/821 820/820/820 818/818/818
f 824/824/824 823/823/823 822/822/822
f 825/825/825 824/824/824 822/822/822
f 828/828/828 827/827/827 826/826/826
f 829/829/829 828/828/828 826/826/826
f 832/832/832 831/831/831 830/830/830
f 833/833/833 832/832/832 830/830/830
f 836/836/836 835/835/835 834/834/834
f 837/837/837 836/836/836 834/834/834
f 840/840/840 839/839/839 838/838/838
f 841/841/841 840/840/840 838/838/838
f 844/844/844 843/843/843 842/842/842
f 845/845/845 844/844/844 842/842/842
f 848/848/848 847/847/847 846/846/846
f 849/849/849 848/848/848 846/846/846
f 852/852/852 851/851/851 850/850/850
f 853/853/853 852/852/852 850/850/850
f 856/856/856 855/855/855 854/854/854
f 857/857/857 856/856/856 854/854/854
f 860/860/860 859/859/859 858/858/858
f 861/861/861 860/860/860 858/858/858
f 864/864/864 863/863/863 862/862/862
f 865/865/865 864/864/864 862/862/862
f 868/868/868 867/867/867 866/866/866
f 869/869/869 868/868/868 866/866/866
f 872/872/872 871/871/871 870/870/870
f 873/873/873 872/872/872 870/870/870
f 876/876/876 875/875/875 874/874/874
f 877/877/877 876/876/876 874/874/874
f 880/880/880 879/879/879 878/878/878
f 881/881/881 880/880/880 878/878/878
f 884/884/884 883/883/883 882/882/882
f 885/885/885 884/884/884 882/882/882
f 888/888/888 887/887/887 886/886/886
f 889/889/889 888/888/888 886/886/886
f 892/892/892 891/891/891 890/890/890
f 893/893/893 892/892/892 890/890/890
f 896/896/896 895/895/895 894/894/894
f 897/897/897 896/896/896 894/894/894
f 900/900/900 899/899/899 898/898/898
f 901/901/901 900/900/900 898/898/898
f 904/904/904 903/903/903 902/902/902
f 905/905/905 904/904/904 902/902/902
f 908/908/908 907/907/907 906/906/906
f 909/909/909 908/908/908 906/906/906
f 912/912/912 911/911/911 910/910/910
f 913/913/913 912/912/912 910/910/910
f 916/916/916 915/915/915 914/914/914
f 917/917/917 916/916/916 914/914/914
f 914/914/914 918/918/918 917/917/917
f 917/917/917 919/919/919 916/916/916
f 920/920/920 919/919/919 917/917/917
f 921/921/921 920/920/920 917/917/917
f 918/918/918 921/921/921 917/917/917
f 921/921/921 918/918/918 922/922/922
f 919/919/919 923/923/923 916/916/916
f 921/921/921 922/922/922 924/924/924
f 922/922/922 925/925/925 924/924/924
f 921/921/921 926/926/926 920/920/920
f 924/924/924 926/926/926 921/921/921
f 926/926/926 927/927/927 920/920/920
f 925/925/925 928/928/928 924/924/924
f 928/928/928 925/925/925 929/929/929
f 928/928/928 930/930/930 924/924/924
f 930/930/930 931/931/931 924/924/924
f 932/932/932 923/923/923 919/919/919
f 932/932/932 933/933/933 923/923/923
f 933/933/933 934/934/934 923/923/923
f 919/919/919 935/935/935 932/932/932
f 936/936/936 935/935/935 919/919/919
f 936/936/936 919/919/919 920/920/920
f 936/936/936 937/937/937 935/935/935
f 920/920/920 938/938/938 936/936/936
f 939/939/939 938/938/938 920/920/920
f 920/920/920 940/940/940 939/939/939
f 920/920/920 927/927/927 940/940/940
f 941/941/941 940/940/940 927/927/927
f 931/931/931 941/941/941 927/927/927
f 941/941/941 942/942/942 940/940/940
f 943/943/943 941/941/941 931/931/931
f 931/931/931 944/944/944 943/943/943
f 931/931/931 930/930/930 944/944/944
f 945/945/945 944/944/944 930/930/930
f 945/945/945 946/946/946 944/944/944
f 930/930/930 947/947/947 945/945/945
f 930/930/930 948/948/948 947/947/947
f 948/948/948 930/930/930 928/928/928
f 949/949/949 947/947/947 948/948/948
f 950/950/950 947/947/947 949/949/949
f 948/948/948 951/951/951 949/949/949
f 952/952/952 948/948/948 928/928/928
f 948/948/948 953/953/953 951/951/951
f 952/952/952 928/928/928 929/929/929
f 954/954/954 951/951/951 953/953/953
f 955/955/955 952/952/952 929/929/929
f 929/929/929 956/956/956 955/955/955
f 955/955/955 956/956/956 953/953/953
f 929/929/929 957/957/957 956/956/956
f 953/953/953 958/958/958 954/954/954
f 957/957/957 959/959/959 956/956/956
f 953/953/953 960/960/960 958/958/958
f 960/960/960 961/961/961 958/958/958
f 961/961/961 960/960/960 962/962/962
f 963/963/963 962/962/962 960/960/960
f 953/953/953 964/964/964 960/960/960
f 963/963/963 960/960/960 964/964/964
f 956/956/956 964/964/964 953/953/953
f 964/964/964 965/965/965 963/963/963
f 965/965/965 964/964/964 956/956/956
f 965/965/965 966/966/966 963/963/963
f 959/959/959 967/967/967 956/956/956
f 967/967/967 965/965/965 956/956/956
f 959/959/959 968/968/968 967/967/967
f 968/968/968 969/969/969 967/967/967
f 970/970/970 969/969/969 968/968/968
f 967/967/967 969/969/969 971/971/971
f 965/965/965 967/967/967 971/971/971
f 972/972/972 966/966/966 965/965/965
f 965/965/965 971/971/971 972/972/972
f 966/966/966 972/972/972 973/973/973
f 971/971/971 974/974/974 972/972/972
f 971/971/971 975/975/975 974/974/974
f 975/975/975 976/976/976 974/974/974
f 977/977/977 974/974/974 976/976/976
f 980/980/980 979/979/979 978/978/978
f 979/979/979 981/981/981 978/978/978
f 978/978/978 981/981/981 982/982/982
f 979/979/979 983/983/983 981/981/981
f 981/981/981 984/984/984 982/982/982
f 982/982/982 984/984/984 985/985/985
f 984/984/984 986/986/986 985/985/985
f 987/987/987 984/984/984 981/981/981
f 986/986/986 984/984/984 987/987/987
f 987/987/987 988/988/988 986/986/986
f 986/986/986 988/988/988 989/989/989
f 987/987/987 990/990/990 988/988/988
f 987/987/987 991/991/991 990/990/990
f 983/983/983 992/992/992 981/981/981
f 992/992/992 987/987/987 981/981/981
f 983/983/983 993/993/993 992/992/992
f 994/994/994 991/991/991 987/987/987
f 995/995/995 991/991/991 994/994/994
f 987/987/987 996/996/996 994/994/994
f 993/993/993 997/997/997 992/992/992
f 993/993/993 998/998/998 997/997/997
f 999/999/999 987/987/987 992/992/992
f 987/987/987 999/999/999 996/996/996
f 997/997/997 999/999/999 992/992/992
f 1000/1000/1000 996/996/996 999/999/999
f 996/996/996 1000/1000/1000 1001/1001/1001
f 999/999/999 1002/1002/1002 1000/1000/1000
f 999/999/999 1003/1003/1003 1002/1002/1002
f 999/999/999 997/997/997 1003/1003/1003
f 997/997/997 1004/1004/1004 1003/1003/1003
f 998/998/998 1004/1004/1004 997/997/997
f 1003/1003/1003 1004/1004/1004 1005/1005/1005
f 1004/1004/1004 1006/1006/1006 1005/1005/1005
f 1006/1006/1006 1004/1004/1004 998/998/998
f 998/998/998 1007/1007/1007 1006/1006/1006
f 998/998/998 1008/1008/1008 1007/1007/1007
f 1007/1007/1007 1008/1008/1008 1009/1009/1009
f 1010/1010/1010 1007/1007/1007 1009/1009/1009
f 1009/1009/1009 1011/1011/1011 1010/1010/1010
f 1009/1009/1009 1012/1012/1012 1011/1011/1011
f 1011/1011/1011 1013/1013/1013 1010/1010/1010
f 1013/1013/1013 1014/1014/1014 1010/1010/1010
f 1013/1013/1013 1015/1015/1015 1014/1014/1014
f 1015/1015/1015 1016/1016/1016 1014/1014/1014
f 1012/1012/1012 1017/1017/1017 1011/1011/1011
f 1017/1017/1017 1018/1018/1018 1011/1011/1011
f 1018/1018/1018 1013/1013/1013 1011/1011/1011
f 1019/1019/1019 1017/1017/1017 1012/1012/1012
f 1017/1017/1017 1019/1019/1019 1018/1018/1018
f 1019/1019/1019 1012/1012/1012 1020/1020/1020
f 1020/1020/1020 1021/1021/1021 1019/1019/1019
f 1019/1019/1019 1022/1022/1022 1018/1018/1018
f 1013/1013/1013 1018/1018/1018 1023/1023/1023
f 1023/1023/1023 1018/1018/1018 1022/1022/1022
f 1024/1024/1024 1015/1015/1015 1013/1013/1013
f 1023/1023/1023 1024/1024/1024 1013/1013/1013
f 1015/1015/1015 1024/1024/1024 1025/1025/1025
f 1023/1023/1023 1022/1022/1022 1026/1026/1026
f 1022/1022/1022 1027/1027/1027 1026/1026/1026
f 1027/1027/1027 1028/1028/1028 1026/1026/1026
f 1029/1029/1029 1026/1026/1026 1028/1028/1028
f 1026/1026/1026 1030/1030/1030 1023/1023/1023
f 1030/1030/1030 1031/1031/1031 1023/1023/1023
f 1031/1031/1031 1030/1030/1030 1032/1032/1032
f 1033/1033/1033 1031/1031/1031 1032/1032/1032
f 1031/1031/1031 1033/1033/1033 1034/1034/1034
f 1025/1025/1025 1031/1031/1031 1034/1034/1034
f 1025/1025/1025 1034/1034/1034 1035/1035/1035
f 1035/1035/1035 1015/1015/1015 1025/1025/1025
f 1015/1015/1015 1035/1035/1035 1016/1016/1016
f 1035/1035/1035 1036/1036/1036 1016/1016/1016
f 1036/1036/1036 1037/1037/1037 1016/1016/1016
f 1037/1037/1037 1038/1038/1038 1016/1016/1016
f 1041/1041/1041 1040/1040/1040 1039/1039/1039
f 1042/1042/1042 1041/1041/1041 1039/1039/1039
f 1045/1045/1045 1044/1044/1044 1043/1043/1043
f 1046/1046/1046 1045/1045/1045 1043/1043/1043
f 1049/1049/1049 1048/1048/1048 1047/1047/1047
f 1050/1050/1050 1049/1049/1049 1047/1047/1047
f 1053/1053/1053 1052/1052/1052 1051/1051/1051
f 1054/1054/1054 1053/1053/1053 1051/1051/1051
f 1057/1057/1057 1056/1056/1056 1055/1055/1055
f 1058/1058/1058 1057/1057/1057 1055/1055/1055
f 1061/1061/1061 1060/1060/1060 1059/1059/1059
f 1062/1062/1062 1061/1061/1061 1059/1059/1059
f 1065/1065/1065 1064/1064/1064 1063/1063/1063
f 1066/1066/1066 1065/1065/1065 1063/1063/1063
f 1069/1069/1069 1068/1068/1068 1067/1067/1067
f 1070/1070/1070 1069/1069/1069 1067/1067/1067
f 1071/1071/1071 1069/1069/1069 1070/1070/1070
f 1072/1072/1072 1071/1071/1071 1070/1070/1070
f 1073/1073/1073 1071/1071/1071 1072/1072/1072
f 1074/1074/1074 1073/1073/1073 1072/1072/1072
f 1075/1075/1075 1073/1073/1073 1074/1074/1074
f 1076/1076/1076 1075/1075/1075 1074/1074/1074
f 1077/1077/1077 1075/1075/1075 1076/1076/1076
f 1078/1078/1078 1077/1077/1077 1076/1076/1076
f 1078/1078/1078 1079/1079/1079 1077/1077/1077
f 1079/1079/1079 1080/1080/1080 1077/1077/1077
f 1081/1081/1081 1080/1080/1080 1079/1079/1079
f 1082/1082/1082 1081/1081/1081 1079/1079/1079
f 1082/1082/1082 1083/1083/1083 1081/1081/1081
f 1083/1083/1083 1084/1084/1084 1081/1081/1081
f 1087/1087/1087 1086/1086/1086 1085/1085/1085
f 1088/1088/1088 1087/1087/1087 1085/1085/1085
f 1089/1089/1089 1087/1087/1087 1088/1088/1088
f 1090/1090/1090 1089/1089/1089 1088/1088/1088
f 1091/1091/1091 1089/1089/1089 1090/1090/1090
f 1092/1092/1092 1091/1091/1091 1090/1090/1090
f 1093/1093/1093 1091/1091/1091 1092/1092/1092
f 1094/1094/1094 1093/1093/1093 1092/1092/1092
f 1095/1095/1095 1093/1093/1093 1094/1094/1094
f 1096/1096/1096 1095/1095/1095 1094/1094/1094
f 1097/1097/1097 1095/1095/1095 1096/1096/1096
f 1098/1098/1098 1097/1097/1097 1096/1096/1096
f 1098/1098/1098 1099/1099/1099 1097/1097/1097
f 1099/1099/1099 1100/1100/1100 1097/1097/1097
f 1099/1099/1099 1101/1101/1101 1100/1100/1100
f 1101/1101/1101 1102/1102/1102 1100/1100/1100
f 1105/1105/1105 1104/1104/1104 1103/1103/1103
f 1106/1106/1106 1105/1105/1105 1103/1103/1103
f 1109/1109/1109 1108/1108/1108 1107/1107/1107
f 1110/1110/1110 1109/1109/1109 1107/1107/1107
f 1113/1113/1113 1112/1112/1112 1111/1111/1111
f 1114/1114/1114 1113/1113/1113 1111/1111/1111
f 1117/1117/1117 1116/1116/1116 1115/1115/1115
f 1118/1118/1118 1117/1117/1117 1115/1115/1115
f 1121/1121/1121 1120/1120/1120 1119/1119/1119
f 1120/1120/1120 1122/1122/1122 1119/1119/1119
f 1119/1119/1119 1122/1122/1122 1123/1123/1123
f 1122/1122/1122 1124/1124/1124 1123/1123/1123
f 1124/1124/1124 1122/1122/1122 1125/1125/1125
f 1122/1122/1122 1126/1126/1126 1125/1125/1125
f 1123/1123/1123 1124/1124/1124 1127/1127/1127
f 1128/1128/1128 1123/1123/1123 1127/1127/1127
f 1128/1128/1128 1127/1127/1127 1129/1129/1129
f 1127/1127/1127 1130/1130/1130 1129/1129/1129
f 1131/1131/1131 1130/1130/1130 1127/1127/1127
f 1132/1132/1132 1131/1131/1131 1127/1127/1127
f 1129/1129/1129 1130/1130/1130 1133/1133/1133
f 1134/1134/1134 1129/1129/1129 1133/1133/1133
f 1134/1134/1134 1133/1133/1133 1135/1135/1135
f 1133/1133/1133 1136/1136/1136 1135/1135/1135
f 1135/1135/1135 1136/1136/1136 1137/1137/1137
f 1138/1138/1138 1136/1136/1136 1133/1133/1133
f 1139/1139/1139 1138/1138/1138 1133/1133/1133
f 1136/1136/1136 1140/1140/1140 1137/1137/1137
f 1137/1137/1137 1140/1140/1140 1141/1141/1141
f 1142/1142/1142 1137/1137/1137 1141/1141/1141
f 1141/1141/1141 1140/1140/1140 1143/1143/1143
f 1140/1140/1140 1144/1144/1144 1143/1143/1143
f 1147/1147/1147 1146/1146/1146 1145/1145/1145
f 1148/1148/1148 1147/1147/1147 1145/1145/1145
f 1147/1147/1147 1148/1148/1148 1149/1149/1149
f 1150/1150/1150 1147/1147/1147 1149/1149/1149
f 1149/1149/1149 1148/1148/1148 1151/1151/1151
f 1152/1152/1152 1147/1147/1147 1150/1150/1150
f 1148/1148/1148 1153/1153/1153 1151/1151/1151
f 1154/1154/1154 1152/1152/1152 1150/1150/1150
f 1151/1151/1151 1153/1153/1153 1155/1155/1155
f 1156/1156/1156 1151/1151/1151 1155/1155/1155
f 1153/1153/1153 1157/1157/1157 1155/1155/1155
f 1157/1157/1157 1158/1158/1158 1155/1155/1155
f 1159/1159/1159 1152/1152/1152 1154/1154/1154
f 1160/1160/1160 1159/1159/1159 1154/1154/1154
f 1159/1159/1159 1161/1161/1161 1152/1152/1152
f 1161/1161/1161 1162/1162/1162 1152/1152/1152
f 1163/1163/1163 1159/1159/1159 1160/1160/1160
f 1164/1164/1164 1163/1163/1163 1160/1160/1160
f 1164/1164/1164 1165/1165/1165 1163/1163/1163
f 1165/1165/1165 1166/1166/1166 1163/1163/1163
f 1165/1165/1165 1167/1167/1167 1166/1166/1166
f 1167/1167/1167 1168/1168/1168 1166/1166/1166
f 1166/1166/1166 1169/1169/1169 1163/1163/1163
f 1169/1169/1169 1170/1170/1170 1163/1163/1163
f 1173/1173/1173 1172/1172/1172 1171/1171/1171
f 1174/1174/1174 1173/1173/1173 1171/1171/1171
f 1177/1177/1177 1176/1176/1176 1175/1175/1175
f 1178/1178/1178 1177/1177/1177 1175/1175/1175
f 1181/1181/1181 1180/1180/1180 1179/1179/1179
f 1182/1182/1182 1181/1181/1181 1179/1179/1179
f 1185/1185/1185 1184/1184/1184 1183/1183/1183
f 1186/1186/1186 1185/1185/1185 1183/1183/1183
f 1189/1189/1189 1188/1188/1188 1187/1187/1187
f 1190/1190/1190 1189/1189/1189 1187/1187/1187
f 1193/1193/1193 1192/1192/1192 1191/1191/1191
f 1194/1194/1194 1193/1193/1193 1191/1191/1191
f 1197/1197/1197 1196/1196/1196 1195/1195/1195
f 1198/1198/1198 1197/1197/1197 1195/1195/1195
f 1201/1201/1201 1200/1200/1200 1199/1199/1199
f 1202/1202/1202 1201/1201/1201 1199/1199/1199
f 1205/1205/1205 1204/1204/1204 1203/1203/1203
f 1206/1206/1206 1205/1205/1205 1203/1203/1203
f 1209/1209/1209 1208/1208/1208 1207/1207/1207
f 1210/1210/1210 1209/1209/1209 1207/1207/1207
f 1213/1213/1213 1212/1212/1212 1211/1211/1211
f 1214/1214/1214 1213/1213/1213 1211/1211/1211
f 1217/1217/1217 1216/1216/1216 1215/1215/1215
f 1218/1218/1218 1217/1217/1217 1215/1215/1215
f 1221/1221/1221 1220/1220/1220 1219/1219/1219
f 1222/1222/1222 1221/1221/1221 1219/1219/1219
f 1225/1225/1225 1224/1224/1224 1223/1223/1223
f 1226/1226/1226 1225/1225/1225 1223/1223/1223
f 1229/1229/1229 1228/1228/1228 1227/1227/1227
f 1230/1230/1230 1229/1229/1229 1227/1227/1227
f 1233/1233/1233 1232/1232/1232 1231/1231/1231
f 1234/1234/1234 1233/1233/1233 1231/1231/1231
f 1237/1237/1237 1236/1236/1236 1235/1235/1235
f 1238/1238/1238 1237/1237/1237 1235/1235/1235
f 1241/1241/1241 1240/1240/1240 1239/1239/1239
f 1242/1242/1242 1241/1241/1241 1239/1239/1239
f 1245/1245/1245 1244/1244/1244 1243/1243/1243
f 1246/1246/1246 1245/1245/1245 1243/1243/1243
f 1249/1249/1249 1248/1248/1248 1247/1247/1247
f 1250/1250/1250 1249/1249/1249 1247/1247/1247
f 1253/1253/1253 1252/1252/1252 1251/1251/1251
f 1254/1254/1254 1253/1253/1253 1251/1251/1251
f 1257/1257/1257 1256/1256/1256 1255/1255/1255
f 1258/1258/1258 1257/1257/1257 1255/1255/1255
f 1261/1261/1261 1260/1260/1260 1259/1259/1259
f 1262/1262/1262 1261/1261/1261 1259/1259/1259
f 1265/1265/1265 1264/1264/1264 1263/1263/1263
f 1266/1266/1266 1265/1265/1265 1263/1263/1263
f 1269/1269/1269 1268/1268/1268 1267/1267/1267
f 1270/1270/1270 1269/1269/1269 1267/1267/1267
f 1273/1273/1273 1272/1272/1272 1271/1271/1271
f 1274/1274/1274 1273/1273/1273 1271/1271/1271
f 1277/1277/1277 1276/1276/1276 1275/1275/1275
f 1275/1275/1275 1278/1278/1278 1277/1277/1277
f 1277/1277/1277 1278/1278/1278 1279/1279/1279
f 1275/1275/1275 1280/1280/1280 1278/1278/1278
f 1283/1283/1283 1282/1282/1282 1281/1281/1281
f 1281/1281/1281 1284/1284/1284 1283/1283/1283
f 1281/1281/1281 1285/1285/1285 1284/1284/1284
f 1288/1288/1288 1287/1287/1287 1286/1286/1286
f 1289/1289/1289 1288/1288/1288 1286/1286/1286
f 1292/1292/1292 1291/1291/1291 1290/1290/1290
f 1293/1293/1293 1292/1292/1292 1290/1290/1290
f 1296/1296/1296 1295/1295/1295 1294/1294/1294
f 1297/1297/1297 1296/1296/1296 1294/1294/1294
f 1300/1300/1300 1299/1299/1299 1298/1298/1298
f 1301/1301/1301 1300/1300/1300 1298/1298/1298
f 1304/1304/1304 1303/1303/1303 1302/1302/1302
f 1305/1305/1305 1304/1304/1304 1302/1302/1302
f 1308/1308/1308 1307/1307/1307 1306/1306/1306
f 1309/1309/1309 1308/1308/1308 1306/1306/1306
f 1312/1312/1312 1311/1311/1311 1310/1310/1310
f 1313/1313/1313 1312/1312/1312 1310/1310/1310
f 1316/1316/1316 1315/1315/1315 1314/1314/1314
f 1317/1317/1317 1316/1316/1316 1314/1314/1314
f 1320/1320/1320 1319/1319/1319 1318/1318/1318
f 1321/1321/1321 1320/1320/1320 1318/1318/1318
f 1324/1324/1324 1323/1323/1323 1322/1322/1322
f 1323/1323/1323 1325/1325/1325 1322/1322/1322
f 1322/1322/1322 1325/1325/1325 1326/1326/1326
f 1325/1325/1325 1327/1327/1327 1326/1326/1326
f 1330/1330/1330 1329/1329/1329 1328/1328/1328
f 1331/1331/1331 1330/1330/1330 1328/1328/1328
f 1334/1334/1334 1333/1333/1333 1332/1332/1332
f 1335/1335/1335 1334/1334/1334 1332/1332/1332
f 1338/1338/1338 1337/1337/1337 1336/1336/1336
f 1339/1339/1339 1338/1338/1338 1336/1336/1336
f 1342/1342/1342 1341/1341/1341 1340/1340/1340
f 1343/1343/1343 1342/1342/1342 1340/1340/1340
f 1346/1346/1346 1345/1345/1345 1344/1344/1344
f 1347/1347/1347 1346/1346/1346 1344/1344/1344
f 1350/1350/1350 1349/1349/1349 1348/1348/1348
f 1351/1351/1351 1350/1350/1350 1348/1348/1348
f 1354/1354/1354 1353/1353/1353 1352/1352/1352
f 1355/1355/1355 1354/1354/1354 1352/1352/1352
f 1358/1358/1358 1357/1357/1357 1356/1356/1356
f 1359/1359/1359 1358/1358/1358 1356/1356/1356
f 1362/1362/1362 1361/1361/1361 1360/1360/1360
f 1363/1363/1363 1362/1362/1362 1360/1360/1360
f 1366/1366/1366 1365/1365/1365 1364/1364/1364
f 1367/1367/1367 1366/1366/1366 1364/1364/1364
f 1370/1370/1370 1369/1369/1369 1368/1368/1368
f 1371/1371/1371 1370/1370/1370 1368/1368/1368
f 1374/1374/1374 1373/1373/1373 1372/1372/1372
f 1375/1375/1375 1374/1374/1374 1372/1372/1372
f 1376/1376/1376 1375/1375/1375 1372/1372/1372
f 1375/1375/1375 1377/1377/1377 1374/1374/1374
f 1376/1376/1376 1372/1372/1372 1378/1378/1378
f 1372/1372/1372 1379/1379/1379 1378/1378/1378
f 1380/1380/1380 1376/1376/1376 1378/1378/1378
f 1377/1377/1377 1381/1381/1381 1374/1374/1374
f 1381/1381/1381 1382/1382/1382 1374/1374/1374
f 1377/1377/1377 1383/1383/1383 1381/1381/1381
f 1380/1380/1380 1378/1378/1378 1384/1384/1384
f 1378/1378/1378 1385/1385/1385 1384/1384/1384
f 1386/1386/1386 1380/1380/1380 1384/1384/1384
f 1383/1383/1383 1387/1387/1387 1381/1381/1381
f 1387/1387/1387 1388/1388/1388 1381/1381/1381
f 1383/1383/1383 1389/1389/1389 1387/1387/1387
f 1389/1389/1389 1390/1390/1390 1387/1387/1387
f 1390/1390/1390 1391/1391/1391 1387/1387/1387
f 1389/1389/1389 1392/1392/1392 1390/1390/1390
f 1386/1386/1386 1384/1384/1384 1393/1393/1393
f 1384/1384/1384 1394/1394/1394 1393/1393/1393
f 1395/1395/1395 1386/1386/1386 1393/1393/1393
f 1395/1395/1395 1396/1396/1396 1386/1386/1386
f 1397/1397/1397 1396/1396/1396 1395/1395/1395
f 1395/1395/1395 1393/1393/1393 1398/1398/1398
f 1393/1393/1393 1399/1399/1399 1398/1398/1398
f 1400/1400/1400 1397/1397/1397 1395/1395/1395
f 1400/1400/1400 1395/1395/1395 1398/1398/1398
f 1401/1401/1401 1397/1397/1397 1400/1400/1400
f 1402/1402/1402 1401/1401/1401 1400/1400/1400
f 1400/1400/1400 1398/1398/1398 1403/1403/1403
f 1402/1402/1402 1400/1400/1400 1403/1403/1403
f 1398/1398/1398 1404/1404/1404 1403/1403/1403
f 1402/1402/1402 1403/1403/1403 1405/1405/1405
f 1403/1403/1403 1406/1406/1406 1405/1405/1405
f 1407/1407/1407 1402/1402/1402 1405/1405/1405
f 1405/1405/1405 1408/1408/1408 1407/1407/1407
f 1408/1408/1408 1405/1405/1405 1409/1409/1409
f 1405/1405/1405 1410/1410/1410 1409/1409/1409
f 1408/1408/1408 1409/1409/1409 1411/1411/1411
f 1409/1409/1409 1413/1413/1413 1412/1412/1412
f 1414/1414/1414 1409/1409/1409 1412/1412/1412
f 1415/1415/1415 1414/1414/1414 1412/1412/1412
f 1414/1414/1414 1416/1416/1416 1409/1409/1409
f 1419/1419/1419 1418/1418/1418 1417/1417/1417
f 1420/1420/1420 1419/1419/1419 1417/1417/1417
f 1421/1421/1421 1420/1420/1420 1417/1417/1417
f 1421/1421/1421 1417/1417/1417 1422/1422/1422
f 1417/1417/1417 1423/1423/1423 1422/1422/1422
f 1420/1420/1420 1424/1424/1424 1419/1419/1419
f 1424/1424/1424 1425/1425/1425 1419/1419/1419
f 1425/1425/1425 1426/1426/1426 1419/1419/1419
f 1421/1421/1421 1427/1427/1427 1420/1420/1420
f 1427/1427/1427 1428/1428/1428 1420/1420/1420
f 1420/1420/1420 1428/1428/1428 1424/1424/1424
f 1429/1429/1429 1427/1427/1427 1421/1421/1421
f 1428/1428/1428 1430/1430/1430 1424/1424/1424
f 1431/1431/1431 1429/1429/1429 1421/1421/1421
f 1431/1431/1431 1421/1421/1421 1422/1422/1422
f 1432/1432/1432 1429/1429/1429 1431/1431/1431
f 1433/1433/1433 1432/1432/1432 1431/1431/1431
f 1431/1431/1431 1434/1434/1434 1433/1433/1433
f 1424/1424/1424 1430/1430/1430 1435/1435/1435
f 1424/1424/1424 1435/1435/1435 1425/1425/1425
f 1430/1430/1430 1436/1436/1436 1435/1435/1435
f 1435/1435/1435 1437/1437/1437 1425/1425/1425
f 1437/1437/1437 1438/1438/1438 1425/1425/1425
f 1435/1435/1435 1436/1436/1436 1439/1439/1439
f 1436/1436/1436 1440/1440/1440 1439/1439/1439
f 1431/1431/1431 1422/1422/1422 1441/1441/1441
f 1434/1434/1434 1431/1431/1431 1441/1441/1441
f 1422/1422/1422 1442/1442/1442 1441/1441/1441
f 1434/1434/1434 1441/1441/1441 1443/1443/1443
f 1441/1441/1441 1444/1444/1444 1443/1443/1443
f 1443/1443/1443 1445/1445/1445 1434/1434/1434
f 1445/1445/1445 1446/1446/1446 1434/1434/1434
f 1449/1449/1449 1448/1448/1448 1447/1447/1447
f 1450/1450/1450 1449/1449/1449 1447/1447/1447
f 1450/1450/1450 1451/1451/1451 1449/1449/1449
f 1451/1451/1451 1452/1452/1452 1449/1449/1449
f 1452/1452/1452 1453/1453/1453 1449/1449/1449
f 1456/1456/1456 1455/1455/1455 1454/1454/1454
f 1457/1457/1457 1456/1456/1456 1454/1454/1454
f 1460/1460/1460 1459/1459/1459 1458/1458/1458
f 1461/1461/1461 1460/1460/1460 1458/1458/1458
f 1464/1464/1464 1463/1463/1463 1462/1462/1462
f 1465/1465/1465 1464/1464/1464 1462/1462/1462
f 1468/1468/1468 1467/1467/1467 1466/1466/1466
f 1469/1469/1469 1468/1468/1468 1466/1466/1466
f 1472/1472/1472 1471/1471/1471 1470/1470/1470
f 1473/1473/1473 1472/1472/1472 1470/1470/1470
f 1476/1476/1476 1475/1475/1475 1474/1474/1474
f 1476/1476/1476 1474/1474/1474 1477/1477/1477
f 1478/1478/1478 1476/1476/1476 1477/1477/1477
f 1481/1481/1481 1480/1480/1480 1479/1479/1479
f 1482/1482/1482 1481/1481/1481 1479/1479/1479
f 1485/1485/1485 1484/1484/1484 1483/1483/1483
f 1486/1486/1486 1485/1485/1485 1483/1483/1483
f 1489/1489/1489 1488/1488/1488 1487/1487/1487
f 1487/1487/1487 1490/1490/1490 1489/1489/1489
f 1487/1487/1487 1491/1491/1491 1490/1490/1490
f 1494/1494/1494 1493/1493/1493 1492/1492/1492
f 1495/1495/1495 1494/1494/1494 1492/1492/1492
f 1498/1498/1498 1497/1497/1497 1496/1496/1496
f 1499/1499/1499 1498/1498/1498 1496/1496/1496
f 1502/1502/1502 1501/1501/1501 1500/1500/1500
f 1503/1503/1503 1502/1502/1502 1500/1500/1500
f 1506/1506/1506 1505/1505/1505 1504/1504/1504
f 1504/1504/1504 1507/1507/1507 1506/1506/1506
f 1504/1504/1504 1508/1508/1508 1507/1507/1507
f 1511/1511/1511 1510/1510/1510 1509/1509/1509
f 1512/1512/1512 1511/1511/1511 1509/1509/1509
f 1515/1515/1515 1514/1514/1514 1513/1513/1513
f 1513/1513/1513 1516/1516/1516 1515/1515/1515
f 1516/1516/1516 1517/1517/1517 1515/1515/1515
f 1520/1520/1520 1519/1519/1519 1518/1518/1518
f 1518/1518/1518 1521/1521/1521 1520/1520/1520
f 1521/1521/1521 1522/1522/1522 1520/1520/1520
f 1525/1525/1525 1524/1524/1524 1523/1523/1523
f 1523/1523/1523 1526/1526/1526 1525/1525/1525
f 1523/1523/1523 1527/1527/1527 1526/1526/1526
f 1530/1530/1530 1529/1529/1529 1528/1528/1528
f 1531/1531/1531 1530/1530/1530 1528/1528/1528
f 1534/1534/1534 1533/1533/1533 1532/1532/1532
f 1532/1532/1532 1535/1535/1535 1534/1534/1534
f 1535/1535/1535 1536/1536/1536 1534/1534/1534
f 1539/1539/1539 1538/1538/1538 1537/1537/1537
f 1540/1540/1540 1539/1539/1539 1537/1537/1537
f 1543/1543/1543 1542/1542/1542 1541/1541/1541
f 1544/1544/1544 1543/1543/1543 1541/1541/1541
f 1547/1547/1547 1546/1546/1546 1545/1545/1545
f 1548/1548/1548 1547/1547/1547 1545/1545/1545
f 1551/1551/1551 1550/1550/1550 1549/1549/1549
f 1549/1549/1549 1552/1552/1552 1551/1551/1551
f 1552/1552/1552 1553/1553/1553 1551/1551/1551
f 1556/1556/1556 1555/1555/1555 1554/1554/1554
f 1554/1554/1554 1557/1557/1557 1556/1556/1556
f 1557/1557/1557 1558/1558/1558 1556/1556/1556
f 1561/1561/1561 1560/1560/1560 1559/1559/1559
f 1562/1562/1562 1561/1561/1561 1559/1559/1559
f 1565/1565/1565 1564/1564/1564 1563/1563/1563
f 1566/1566/1566 1565/1565/1565 1563/1563/1563
f 1569/1569/1569 1568/1568/1568 1567/1567/1567
f 1567/1567/1567 1570/1570/1570 1569/1569/1569
f 1567/1567/1567 1571/1571/1571 1570/1570/1570
f 1574/1574/1574 1573/1573/1573 1572/1572/1572
f 1575/1575/1575 1574/1574/1574 1572/1572/1572
f 1578/1578/1578 1577/1577/1577 1576/1576/1576
f 1579/1579/1579 1578/1578/1578 1576/1576/1576
f 1582/1582/1582 1581/1581/1581 1580/1580/1580
f 1583/1583/1583 1582/1582/1582 1580/1580/1580
f 1586/1586/1586 1585/1585/1585 1584/1584/1584
f 1584/1584/1584 1587/1587/1587 1586/1586/1586
f 1587/1587/1587 1588/1588/1588 1586/1586/1586
f 1591/1591/1591 1590/1590/1590 1589/1589/1589
f 1592/1592/1592 1591/1591/1591 1589/1589/1589
f 1595/1595/1595 1594/1594/1594 1593/1593/1593
f 1596/1596/1596 1595/1595/1595 1593/1593/1593
f 1597/1597/1597 1596/1596/1596 1593/1593/1593
f 1593/1593/1593 1598/1598/1598 1597/1597/1597
f 1597/1597/1597 1598/1598/1598 1599/1599/1599
f 1600/1600/1600 1597/1597/1597 1599/1599/1599
f 1603/1603/1603 1602/1602/1602 1601/1601/1601
f 1604/1604/1604 1603/1603/1603 1601/1601/1601
f 1607/1607/1607 1606/1606/1606 1605/1605/1605
f 1608/1608/1608 1607/1607/1607 1605/1605/1605
f 1611/1611/1611 1610/1610/1610 1609/1609/1609
f 1612/1612/1612 1611/1611/1611 1609/1609/1609
f 1615/1615/1615 1614/1614/1614 1613/1613/1613
f 1616/1616/1616 1615/1615/1615 1613/1613/1613
f 1619/1619/1619 1618/1618/1618 1617/1617/1617
f 1620/1620/1620 1619/1619/1619 1617/1617/1617
f 1623/1623/1623 1622/1622/1622 1621/1621/1621
f 1624/1624/1624 1623/1623/1623 1621/1621/1621
f 1627/1627/1627 1626/1626/1626 1625/1625/1625
f 1628/1628/1628 1627/1627/1627 1625/1625/1625
f 1631/1631/1631 1630/1630/1630 1629/1629/1629
f 1632/1632/1632 1631/1631/1631 1629/1629/1629
f 1635/1635/1635 1634/1634/1634 1633/1633/1633
f 1636/1636/1636 1635/1635/1635 1633/1633/1633
f 1639/1639/1639 1638/1638/1638 1637/1637/1637
f 1640/1640/1640 1639/1639/1639 1637/1637/1637
f 1643/1643/1643 1642/1642/1642 1641/1641/1641
f 1644/1644/1644 1643/1643/1643 1641/1641/1641
f 1647/1647/1647 1646/1646/1646 1645/1645/1645
f 1648/1648/1648 1647/1647/1647 1645/1645/1645
f 1651/1651/1651 1650/1650/1650 1649/1649/1649
f 1652/1652/1652 1651/1651/1651 1649/1649/1649
f 1655/1655/1655 1654/1654/1654 1653/1653/1653
f 1656/1656/1656 1655/1655/1655 1653/1653/1653
f 1659/1659/1659 1658/1658/1658 1657/1657/1657
f 1660/1660/1660 1659/1659/1659 1657/1657/1657
f 1663/1663/1663 1662/1662/1662 1661/1661/1661
f 1664/1664/1664 1663/1663/1663 1661/1661/1661
f 1667/1667/1667 1666/1666/1666 1665/1665/1665
f 1668/1668/1668 1667/1667/1667 1665/1665/1665
f 1671/1671/1671 1670/1670/1670 1669/1669/1669
f 1672/1672/1672 1671/1671/1671 1669/1669/1669
f 1675/1675/1675 1674/1674/1674 1673/1673/1673
f 1676/1676/1676 1675/1675/1675 1673/1673/1673
f 1676/1676/1676 1673/1673/1673 1677/1677/1677
f 1678/1678/1678 1676/1676/1676 1677/1677/1677
f 1678/1678/1678 1677/1677/1677 1679/1679/1679
f 1679/1679/1679 1680/1680/1680 1678/1678/1678
f 1679/1679/1679 1681/1681/1681 1680/1680/1680
f 1681/1681/1681 1679/1679/1679 1682/1682/1682
f 1683/1683/1683 1681/1681/1681 1682/1682/1682
f 1682/1682/1682 1684/1684/1684 1683/1683/1683
f 1684/1684/1684 1685/1685/1685 1683/1683/1683
f 1685/1685/1685 1684/1684/1684 1686/1686/1686
f 1684/1684/1684 1687/1687/1687 1686/1686/1686
f 1686/1686/1686 1687/1687/1687 1688/1688/1688
f 1687/1687/1687 1689/1689/1689 1688/1688/1688
f 1688/1688/1688 1689/1689/1689 1690/1690/1690
f 1691/1691/1691 1688/1688/1688 1690/1690/1690
f 1694/1694/1694 1693/1693/1693 1692/1692/1692
f 1693/1693/1693 1695/1695/1695 1692/1692/1692
f 1695/1695/1695 1693/1693/1693 1696/1696/1696
f 1697/1697/1697 1695/1695/1695 1696/1696/1696
f 1697/1697/1697 1696/1696/1696 1698/1698/1698
f 1699/1699/1699 1697/1697/1697 1698/1698/1698
f 1700/1700/1700 1699/1699/1699 1698/1698/1698
f 1700/1700/1700 1698/1698/1698 1701/1701/1701
f 1701/1701/1701 1702/1702/1702 1700/1700/1700
f 1703/1703/1703 1702/1702/1702 1701/1701/1701
f 1704/1704/1704 1703/1703/1703 1701/1701/1701
f 1701/1701/1701 1705/1705/1705 1704/1704/1704
f 1704/1704/1704 1705/1705/1705 1706/1706/1706
f 1707/1707/1707 1704/1704/1704 1706/1706/1706
f 1706/1706/1706 1708/1708/1708 1707/1707/1707
f 1708/1708/1708 1709/1709/1709 1707/1707/1707
f 1710/1710/1710 1709/1709/1709 1708/1708/1708
f 1711/1711/1711 1710/1710/1710 1708/1708/1708
f 1708/1708/1708 1712/1712/1712 1711/1711/1711
f 1712/1712/1712 1713/1713/1713 1711/1711/1711
f 1713/1713/1713 1714/1714/1714 1711/1711/1711
f 1717/1717/1717 1716/1716/1716 1715/1715/1715
f 1718/1718/1718 1717/1717/1717 1715/1715/1715
f 1721/1721/1721 1720/1720/1720 1719/1719/1719
f 1722/1722/1722 1721/1721/1721 1719/1719/1719
f 1725/1725/1725 1724/1724/1724 1723/1723/1723
f 1723/1723/1723 1724/1724/1724 1726/1726/1726
f 1726/1726/1726 1724/1724/1724 1727/1727/1727
f 1727/1727/1727 1724/1724/1724 1728/1728/1728
f 1728/1728/1728 1724/1724/1724 1729/1729/1729
f 1729/1729/1729 1724/1724/1724 1730/1730/1730
f 1730/1730/1730 1724/1724/1724 1731/1731/1731
f 1724/1724/1724 1732/1732/1732 1731/1731/1731
f 1732/1732/1732 1724/1724/1724 1733/1733/1733
f 1736/1736/1736 1735/1735/1735 1734/1734/1734
f 1737/1737/1737 1735/1735/1735 1736/1736/1736
f 1738/1738/1738 1735/1735/1735 1737/1737/1737
f 1739/1739/1739 1735/1735/1735 1738/1738/1738
f 1740/1740/1740 1735/1735/1735 1739/1739/1739
f 1741/1741/1741 1735/1735/1735 1740/1740/1740
f 1742/1742/1742 1735/1735/1735 1741/1741/1741
f 1743/1743/1743 1735/1735/1735 1742/1742/1742
f 1746/1746/1746 1745/1745/1745 1744/1744/1744
f 1747/1747/1747 1746/1746/1746 1744/1744/1744
f 1750/1750/1750 1749/1749/1749 1748/1748/1748
f 1751/1751/1751 1750/1750/1750 1748/1748/1748
f 1754/1754/1754 1753/1753/1753 1752/1752/1752
f 1755/1755/1755 1754/1754/1754 1752/1752/1752
f 1758/1758/1758 1757/1757/1757 1756/1756/1756
f 1757/1757/1757 1759/1759/1759 1756/1756/1756
f 1756/1756/1756 1759/1759/1759 1760/1760/1760
f 1759/1759/1759 1761/1761/1761 1760/1760/1760
f 1764/1764/1764 1763/1763/1763 1762/1762/1762
f 1765/1765/1765 1764/1764/1764 1762/1762/1762
f 1768/1768/1768 1767/1767/1767 1766/1766/1766
f 1769/1769/1769 1768/1768/1768 1766/1766/1766
f 1772/1772/1772 1771/1771/1771 1770/1770/1770
f 1773/1773/1773 1772/1772/1772 1770/1770/1770
f 1776/1776/1776 1775/1775/1775 1774/1774/1774
f 1777/1777/1777 1776/1776/1776 1774/1774/1774
f 1780/1780/1780 1779/1779/1779 1778/1778/1778
f 1781/1781/1781 1780/1780/1780 1778/1778/1778
f 1784/1784/1784 1783/1783/1783 1782/1782/1782
f 1785/1785/1785 1784/1784/1784 1782/1782/1782
f 1788/1788/1788 1787/1787/1787 1786/1786/1786
f 1789/1789/1789 1788/1788/1788 1786/1786/1786
f 1792/1792/1792 1791/1791/1791 1790/1790/1790
f 1793/1793/1793 1792/1792/1792 1790/1790/1790
f 1796/1796/1796 1795/1795/1795 1794/1794/1794
f 1797/1797/1797 1796/1796/1796 1794/1794/1794
f 1800/1800/1800 1799/1799/1799 1798/1798/1798
f 1801/1801/1801 1800/1800/1800 1798/1798/1798
f 1804/1804/1804 1803/1803/1803 1802/1802/1802
f 1805/1805/1805 1804/1804/1804 1802/1802/1802
f 1808/1808/1808 1807/1807/1807 1806/1806/1806
f 1809/1809/1809 1808/1808/1808 1806/1806/1806
f 1812/1812/1812 1811/1811/1811 1810/1810/1810
f 1813/1813/1813 1812/1812/1812 1810/1810/1810
f 1816/1816/1816 1815/1815/1815 1814/1814/1814
f 1814/1814/1814 1817/1817/1817 1816/1816/1816
f 1817/1817/1817 1818/1818/1818 1816/1816/1816
f 1821/1821/1821 1820/1820/1820 1819/1819/1819
f 1822/1822/1822 1821/1821/1821 1819/1819/1819
f 1825/1825/1825 1824/1824/1824 1823/1823/1823
f 1826/1826/1826 1825/1825/1825 1823/1823/1823
f 1829/1829/1829 1828/1828/1828 1827/1827/1827
f 1830/1830/1830 1829/1829/1829 1827/1827/1827
f 1833/1833/1833 1832/1832/1832 1831/1831/1831
f 1834/1834/1834 1833/1833/1833 1831/1831/1831
f 1837/1837/1837 1836/1836/1836 1835/1835/1835
f 1838/1838/1838 1837/1837/1837 1835/1835/1835
f 1841/1841/1841 1840/1840/1840 1839/1839/1839
f 1842/1842/1842 1841/1841/1841 1839/1839/1839
f 1845/1845/1845 1844/1844/1844 1843/1843/1843
f 1846/1846/1846 1845/1845/1845 1843/1843/1843
f 1849/1849/1849 1848/1848/1848 1847/1847/1847
f 1848/1848/1848 1850/1850/1850 1847/1847/1847
f 1847/1847/1847 1850/1850/1850 1851/1851/1851
f 1850/1850/1850 1852/1852/1852 1851/1851/1851
f 1855/1855/1855 1854/1854/1854 1853/1853/1853
f 1856/1856/1856 1855/1855/1855 1853/1853/1853
f 1859/1859/1859 1858/1858/1858 1857/1857/1857
f 1859/1859/1859 1857/1857/1857 1860/1860/1860
f 1861/1861/1861 1859/1859/1859 1860/1860/1860
f 1861/1861/1861 1860/1860/1860 1862/1862/1862
f 1863/1863/1863 1861/1861/1861 1862/1862/1862
f 1863/1863/1863 1862/1862/1862 1864/1864/1864
f 1865/1865/1865 1863/1863/1863 1864/1864/1864
f 1865/1865/1865 1864/1864/1864 1866/1866/1866
f 1867/1867/1867 1865/1865/1865 1866/1866/1866
f 1867/1867/1867 1866/1866/1866 1868/1868/1868
f 1866/1866/1866 1869/1869/1869 1868/1868/1868
f 1868/1868/1868 1869/1869/1869 1870/1870/1870
f 1869/1869/1869 1871/1871/1871 1870/1870/1870
f 1868/1868/1868 1870/1870/1870 1872/1872/1872
f 1873/1873/1873 1868/1868/1868 1872/1872/1872
f 1873/1873/1873 1872/1872/1872 1874/1874/1874
f 1875/1875/1875 1873/1873/1873 1874/1874/1874
f 1875/1875/1875 1874/1874/1874 1876/1876/1876
f 1877/1877/1877 1875/1875/1875 1876/1876/1876
f 1877/1877/1877 1876/1876/1876 1878/1878/1878
f 1879/1879/1879 1877/1877/1877 1878/1878/1878
f 1879/1879/1879 1878/1878/1878 1880/1880/1880
f 1881/1881/1881 1879/1879/1879 1880/1880/1880
f 1881/1881/1881 1880/1880/1880 1882/1882/1882
f 1883/1883/1883 1881/1881/1881 1882/1882/1882
f 1884/1884/1884 1881/1881/1881 1883/1883/1883
f 1885/1885/1885 1881/1881/1881 1884/1884/1884
f 1888/1888/1888 1887/1887/1887 1886/1886/1886
f 1889/1889/1889 1888/1888/1888 1886/1886/1886
f 1892/1892/1892 1891/1891/1891 1890/1890/1890
f 1893/1893/1893 1892/1892/1892 1890/1890/1890
f 1896/1896/1896 1895/1895/1895 1894/1894/1894
f 1897/1897/1897 1896/1896/1896 1894/1894/1894
f 1900/1900/1900 1899/1899/1899 1898/1898/1898
f 1901/1901/1901 1900/1900/1900 1898/1898/1898
f 1898/1898/1898 1902/1902/1902 1901/1901/1901
f 1902/1902/1902 1903/1903/1903 1901/1901/1901
f 1901/1901/1901 1903/1903/1903 1904/1904/1904
f 1905/1905/1905 1901/1901/1901 1904/1904/1904
f 1905/1905/1905 1904/1904/1904 1906/1906/1906
f 1907/1907/1907 1905/1905/1905 1906/1906/1906
f 1908/1908/1908 1901/1901/1901 1905/1905/1905
f 1908/1908/1908 1905/1905/1905 1909/1909/1909
f 1909/1909/1909 1905/1905/1905 1910/1910/1910
f 1911/1911/1911 1908/1908/1908 1909/1909/1909
f 1912/1912/1912 1911/1911/1911 1909/1909/1909
f 1912/1912/1912 1913/1913/1913 1911/1911/1911
f 1912/1912/1912 1909/1909/1909 1914/1914/1914
f 1914/1914/1914 1909/1909/1909 1915/1915/1915
f 1916/1916/1916 1912/1912/1912 1914/1914/1914
f 1916/1916/1916 1917/1917/1917 1912/1912/1912
f 1918/1918/1918 1916/1916/1916 1914/1914/1914
f 1918/1918/1918 1914/1914/1914 1919/1919/1919
f 1919/1919/1919 1914/1914/1914 1920/1920/1920
f 1920/1920/1920 1921/1921/1921 1919/1919/1919
f 1922/1922/1922 1918/1918/1918 1919/1919/1919
f 1923/1923/1923 1922/1922/1922 1919/1919/1919
f 1924/1924/1924 1923/1923/1923 1919/1919/1919
f 1923/1923/1923 1925/1925/1925 1922/1922/1922
f 1925/1925/1925 1926/1926/1926 1922/1922/1922
f 1927/1927/1927 1925/1925/1925 1923/1923/1923
f 1930/1930/1930 1929/1929/1929 1928/1928/1928
f 1929/1929/1929 1931/1931/1931 1928/1928/1928
f 1928/1928/1928 1931/1931/1931 1932/1932/1932
f 1931/1931/1931 1933/1933/1933 1932/1932/1932
f 1932/1932/1932 1933/1933/1933 1934/1934/1934
f 1933/1933/1933 1935/1935/1935 1934/1934/1934
f 1938/1938/1938 1937/1937/1937 1936/1936/1936
f 1937/1937/1937 1939/1939/1939 1936/1936/1936
f 1936/1936/1936 1939/1939/1939 1940/1940/1940
f 1939/1939/1939 1941/1941/1941 1940/1940/1940
f 1940/1940/1940 1941/1941/1941 1942/1942/1942
f 1941/1941/1941 1943/1943/1943 1942/1942/1942
f 1942/1942/1942 1943/1943/1943 1944/1944/1944
f 1943/1943/1943 1945/1945/1945 1944/1944/1944
f 1944/1944/1944 1945/1945/1945 1946/1946/1946
f 1945/1945/1945 1947/1947/1947 1946/1946/1946
f 1946/1946/1946 1947/1947/1947 1948/1948/1948
f 1947/1947/1947 1949/1949/1949 1948/1948/1948
f 1948/1948/1948 1949/1949/1949 1950/1950/1950
f 1949/1949/1949 1951/1951/1951 1950/1950/1950
f 1950/1950/1950 1951/1951/1951 1952/1952/1952
f 1951/1951/1951 1953/1953/1953 1952/1952/1952
f 1952/1952/1952 1953/1953/1953 1954/1954/1954
f 1953/1953/1953 1955/1955/1955 1954/1954/1954
f 1954/1954/1954 1955/1955/1955 1956/1956/1956
f 1955/1955/1955 1957/1957/1957 1956/1956/1956
f 1960/1960/1960 1959/1959/1959 1958/1958/1958
f 1959/1959/1959 1961/1961/1961 1958/1958/1958
f 1962/1962/1962 1958/1958/1958 1961/1961/1961
f 1963/1963/1963 1962/1962/1962 1961/1961/1961
f 1963/1963/1963 1961/1961/1961 1964/1964/1964
f 1964/1964/1964 1961/1961/1961 1965/1965/1965
f 1965/1965/1965 1966/1966/1966 1964/1964/1964
f 1967/1967/1967 1963/1963/1963 1964/1964/1964
f 1967/1967/1967 1964/1964/1964 1968/1968/1968
f 1969/1969/1969 1967/1967/1967 1968/1968/1968
f 1970/1970/1970 1968/1968/1968 1964/1964/1964
f 1971/1971/1971 1970/1970/1970 1964/1964/1964
f 1972/1972/1972 1969/1969/1969 1968/1968/1968
f 1969/1969/1969 1972/1972/1972 1973/1973/1973
f 1973/1973/1973 1972/1972/1972 1974/1974/1974
f 1972/1972/1972 1968/1968/1968 1975/1975/1975
f 1975/1975/1975 1968/1968/1968 1976/1976/1976
f 1968/1968/1968 1977/1977/1977 1976/1976/1976
f 1980/1980/1980 1979/1979/1979 1978/1978/1978
f 1981/1981/1981 1980/1980/1980 1978/1978/1978
f 1984/1984/1984 1983/1983/1983 1982/1982/1982
f 1983/1983/1983 1985/1985/1985 1982/1982/1982
f 1982/1982/1982 1985/1985/1985 1986/1986/1986
f 1985/1985/1985 1987/1987/1987 1986/1986/1986
f 1990/1990/1990 1989/1989/1989 1988/1988/1988
f 1989/1989/1989 1991/1991/1991 1988/1988/1988
f 1991/1991/1991 1989/1989/1989 1992/1992/1992
f 1992/1992/1992 1993/1993/1993 1991/1991/1991
f 1996/1996/1996 1995/1995/1995 1994/1994/1994
f 1997/1997/1997 1996/1996/1996 1994/1994/1994
f 2000/2000/2000 1999/1999/1999 1998/1998/1998
f 1998/1998/1998 2001/2001/2001 2000/2000/2000
f 2001/2001/2001 2002/2002/2002 2000/2000/2000
f 2003/2003/2003 2002/2002/2002 2001/2001/2001
f 2001/2001/2001 2004/2004/2004 2003/2003/2003
f 2001/2001/2001 2005/2005/2005 2004/2004/2004
f 2001/2001/2001 2006/2006/2006 2005/2005/2005
f 2009/2009/2009 2008/2008/2008 2007/2007/2007
f 2010/2010/2010 2009/2009/2009 2007/2007/2007
f 2011/2011/2011 2009/2009/2009 2010/2010/2010
f 2012/2012/2012 2011/2011/2011 2010/2010/2010
f 2015/2015/2015 2014/2014/2014 2013/2013/2013
f 2014/2014/2014 2016/2016/2016 2013/2013/2013
f 2019/2019/2019 2018/2018/2018 2017/2017/2017
f 2018/2018/2018 2020/2020/2020 2017/2017/2017
f 2023/2023/2023 2022/2022/2022 2021/2021/2021
f 2022/2022/2022 2024/2024/2024 2021/2021/2021
f 2027/2027/2027 2026/2026/2026 2025/2025/2025
f 2026/2026/2026 2028/2028/2028 2025/2025/2025
f 2031/2031/2031 2030/2030/2030 2029/2029/2029
f 2031/2031/2031 2032/2032/2032 2030/2030/2030
f 2032/2032/2032 2033/2033/2033 2030/2030/2030
f 2032/2032/2032 2034/2034/2034 2033/2033/2033
f 2034/2034/2034 2035/2035/2035 2033/2033/2033
f 2034/2034/2034 2036/2036/2036 2035/2035/2035
f 2036/2036/2036 2037/2037/2037 2035/2035/2035
f 2036/2036/2036 2038/2038/2038 2037/2037/2037
f 2038/2038/2038 2039/2039/2039 2037/2037/2037
f 2038/2038/2038 2040/2040/2040 2039/2039/2039
f 2040/2040/2040 2041/2041/2041 2039/2039/2039
f 2044/2044/2044 2043/2043/2043 2042/2042/2042
f 2043/2043/2043 2045/2045/2045 2042/2042/2042
f 2048/2048/2048 2047/2047/2047 2046/2046/2046
f 2046/2046/2046 2049/2049/2049 2048/2048/2048
f 2049/2049/2049 2050/2050/2050 2048/2048/2048
f 2053/2053/2053 2052/2052/2052 2051/2051/2051
f 2054/2054/2054 2053/2053/2053 2051/2051/2051
f 2055/2055/2055 2053/2053/2053 2054/2054/2054
f 2056/2056/2056 2055/2055/2055 2054/2054/2054
f 2059/2059/2059 2058/2058/2058 2057/2057/2057
f 2060/2060/2060 2059/2059/2059 2057/2057/2057
f 2061/2061/2061 2059/2059/2059 2060/2060/2060
f 2062/2062/2062 2061/2061/2061 2060/2060/2060
f 2065/2065/2065 2064/2064/2064 2063/2063/2063
f 2066/2066/2066 2065/2065/2065 2063/2063/2063
f 2069/2069/2069 2068/2068/2068 2067/2067/2067
f 2070/2070/2070 2069/2069/2069 2067/2067/2067
f 2073/2073/2073 2072/2072/2072 2071/2071/2071
f 2074/2074/2074 2073/2073/2073 2071/2071/2071
f 2077/2077/2077 2076/2076/2076 2075/2075/2075
f 2076/2076/2076 2078/2078/2078 2075/2075/2075
f 2075/2075/2075 2078/2078/2078 2079/2079/2079
f 2078/2078/2078 2080/2080/2080 2079/2079/2079
f 2080/2080/2080 2081/2081/2081 2079/2079/2079
f 2081/2081/2081 2082/2082/2082 2079/2079/2079
f 2085/2085/2085 2084/2084/2084 2083/2083/2083
f 2086/2086/2086 2085/2085/2085 2083/2083/2083
f 2089/2089/2089 2088/2088/2088 2087/2087/2087
f 2090/2090/2090 2089/2089/2089 2087/2087/2087
f 2093/2093/2093 2092/2092/2092 2091/2091/2091
f 2094/2094/2094 2093/2093/2093 2091/2091/2091
f 2095/2095/2095 2093/2093/2093 2094/2094/2094
f 2096/2096/2096 2095/2095/2095 2094/2094/2094
f 2099/2099/2099 2098/2098/2098 2097/2097/2097
f 2100/2100/2100 2099/2099/2099 2097/2097/2097
f 2101/2101/2101 2099/2099/2099 2100/2100/2100
f 2102/2102/2102 2101/2101/2101 2100/2100/2100
f 2105/2105/2105 2104/2104/2104 2103/2103/2103
f 2106/2106/2106 2104/2104/2104 2105/2105/2105
f 2107/2107/2107 2106/2106/2106 2105/2105/2105
f 2108/2108/2108 2107/2107/2107 2105/2105/2105
f 2109/2109/2109 2107/2107/2107 2108/2108/2108
f 2110/2110/2110 2109/2109/2109 2108/2108/2108
f 2111/2111/2111 2108/2108/2108 2105/2105/2105
f 2112/2112/2112 2108/2108/2108 2111/2111/2111
f 2111/2111/2111 2105/2105/2105 2113/2113/2113
f 2114/2114/2114 2111/2111/2111 2113/2113/2113
f 2115/2115/2115 2114/2114/2114 2113/2113/2113
f 2113/2113/2113 2105/2105/2105 2116/2116/2116
f 2105/2105/2105 2117/2117/2117 2116/2116/2116
f 2118/2118/2118 2116/2116/2116 2117/2117/2117
f 2119/2119/2119 2116/2116/2116 2118/2118/2118
f 2120/2120/2120 2115/2115/2115 2113/2113/2113
f 2119/2119/2119 2121/2121/2121 2116/2116/2116
f 2121/2121/2121 2119/2119/2119 2122/2122/2122
f 2121/2121/2121 2123/2123/2123 2116/2116/2116
f 2120/2120/2120 2123/2123/2123 2121/2121/2121
f 2124/2124/2124 2120/2120/2120 2121/2121/2121
f 2115/2115/2115 2120/2120/2120 2124/2124/2124
f 2125/2125/2125 2124/2124/2124 2121/2121/2121
f 2121/2121/2121 2126/2126/2126 2125/2125/2125
f 2125/2125/2125 2127/2127/2127 2124/2124/2124
f 2128/2128/2128 2115/2115/2115 2124/2124/2124
f 2129/2129/2129 2128/2128/2128 2124/2124/2124
f 2129/2129/2129 2124/2124/2124 2130/2130/2130
f 2131/2131/2131 2129/2129/2129 2130/2130/2130
f 2132/2132/2132 2115/2115/2115 2128/2128/2128
f 2133/2133/2133 2132/2132/2132 2128/2128/2128
f 2132/2132/2132 2134/2134/2134 2115/2115/2115
f 2135/2135/2135 2131/2131/2131 2130/2130/2130
f 2136/2136/2136 2131/2131/2131 2135/2135/2135
f 2136/2136/2136 2137/2137/2137 2131/2131/2131
f 2138/2138/2138 2136/2136/2136 2135/2135/2135
f 2139/2139/2139 2135/2135/2135 2130/2130/2130
f 2139/2139/2139 2130/2130/2130 2140/2140/2140
f 2141/2141/2141 2139/2139/2139 2140/2140/2140
f 2142/2142/2142 2141/2141/2141 2140/2140/2140
f 2143/2143/2143 2142/2142/2142 2140/2140/2140
f 2140/2140/2140 2130/2130/2130 2144/2144/2144
f 2130/2130/2130 2145/2145/2145 2144/2144/2144
f 2146/2146/2146 2144/2144/2144 2145/2145/2145
f 2149/2149/2149 2148/2148/2148 2147/2147/2147
f 2150/2150/2150 2149/2149/2149 2147/2147/2147
f 2153/2153/2153 2152/2152/2152 2151/2151/2151
f 2151/2151/2151 2154/2154/2154 2153/2153/2153
f 2157/2157/2157 2156/2156/2156 2155/2155/2155
f 2158/2158/2158 2156/2156/2156 2157/2157/2157
f 2156/2156/2156 2158/2158/2158 2159/2159/2159
f 2158/2158/2158 2160/2160/2160 2159/2159/2159
f 2160/2160/2160 2161/2161/2161 2159/2159/2159
f 2161/2161/2161 2162/2162/2162 2159/2159/2159
f 2162/2162/2162 2163/2163/2163 2159/2159/2159
f 2164/2164/2164 2163/2163/2163 2162/2162/2162
f 2165/2165/2165 2163/2163/2163 2164/2164/2164
f 2166/2166/2166 2165/2165/2165 2164/2164/2164
f 2159/2159/2159 2163/2163/2163 2167/2167/2167
f 2163/2163/2163 2168/2168/2168 2167/2167/2167
f 2167/2167/2167 2168/2168/2168 2169/2169/2169
f 2167/2167/2167 2169/2169/2169 2170/2170/2170
f 2171/2171/2171 2169/2169/2169 2168/2168/2168
f 2167/2167/2167 2170/2170/2170 2172/2172/2172
f 2173/2173/2173 2169/2169/2169 2171/2171/2171
f 2169/2169/2169 2173/2173/2173 2174/2174/2174
f 2170/2170/2170 2169/2169/2169 2175/2175/2175
f 2169/2169/2169 2176/2176/2176 2175/2175/2175
f 2177/2177/2177 2175/2175/2175 2176/2176/2176
f 2178/2178/2178 2177/2177/2177 2176/2176/2176
f 2179/2179/2179 2178/2178/2178 2176/2176/2176
f 2178/2178/2178 2179/2179/2179 2180/2180/2180
f 2181/2181/2181 2178/2178/2178 2180/2180/2180
f 2181/2181/2181 2182/2182/2182 2178/2178/2178
f 2181/2181/2181 2183/2183/2183 2182/2182/2182
f 2177/2177/2177 2184/2184/2184 2175/2175/2175
f 2184/2184/2184 2185/2185/2185 2175/2175/2175
f 2186/2186/2186 2185/2185/2185 2184/2184/2184
f 2187/2187/2187 2177/2177/2177 2178/2178/2178
f 2187/2187/2187 2184/2184/2184 2177/2177/2177
f 2188/2188/2188 2184/2184/2184 2187/2187/2187
f 2189/2189/2189 2187/2187/2187 2178/2178/2178
f 2189/2189/2189 2190/2190/2190 2187/2187/2187
f 2191/2191/2191 2190/2190/2190 2189/2189/2189
f 2192/2192/2192 2191/2191/2191 2189/2189/2189
f 2193/2193/2193 2191/2191/2191 2192/2192/2192
f 2194/2194/2194 2192/2192/2192 2189/2189/2189
f 2194/2194/2194 2189/2189/2189 2195/2195/2195
f 2196/2196/2196 2192/2192/2192 2194/2194/2194
f 2197/2197/2197 2192/2192/2192 2196/2196/2196
f 2198/2198/2198 2196/2196/2196 2194/2194/2194
f 2199/2199/2199 2198/2198/2198 2194/2194/2194
f 2199/2199/2199 2194/2194/2194 2200/2200/2200
f 2201/2201/2201 2199/2199/2199 2200/2200/2200
f 2202/2202/2202 2199/2199/2199 2201/2201/2201
f 2201/2201/2201 2200/2200/2200 2203/2203/2203
f 2204/2204/2204 2203/2203/2203 2200/2200/2200
f 2205/2205/2205 2200/2200/2200 2194/2194/2194
f 2205/2205/2205 2204/2204/2204 2200/2200/2200
f 2206/2206/2206 2205/2205/2205 2194/2194/2194
f 2206/2206/2206 2194/2194/2194 2195/2195/2195
f 2207/2207/2207 2201/2201/2201 2203/2203/2203
f 2208/2208/2208 2201/2201/2201 2207/2207/2207
f 2209/2209/2209 2207/2207/2207 2203/2203/2203
f 2210/2210/2210 2209/2209/2209 2203/2203/2203
f 2211/2211/2211 2210/2210/2210 2203/2203/2203
f 2212/2212/2212 2210/2210/2210 2211/2211/2211
f 2213/2213/2213 2211/2211/2211 2203/2203/2203
f 2214/2214/2214 2211/2211/2211 2213/2213/2213
f 2215/2215/2215 2213/2213/2213 2203/2203/2203
f 2215/2215/2215 2203/2203/2203 2204/2204/2204
f 2216/2216/2216 2213/2213/2213 2215/2215/2215
f 2217/2217/2217 2216/2216/2216 2215/2215/2215
f 2218/2218/2218 2215/2215/2215 2204/2204/2204
f 2218/2218/2218 2204/2204/2204 2219/2219/2219
f 2220/2220/2220 2218/2218/2218 2219/2219/2219
f 2221/2221/2221 2218/2218/2218 2220/2220/2220
f 2222/2222/2222 2218/2218/2218 2221/2221/2221
f 2219/2219/2219 2204/2204/2204 2223/2223/2223
f 2223/2223/2223 2204/2204/2204 2224/2224/2224
f 2224/2224/2224 2204/2204/2204 2225/2225/2225
f 2228/2228/2228 2227/2227/2227 2226/2226/2226
f 2229/2229/2229 2228/2228/2228 2226/2226/2226
f 2232/2232/2232 2231/2231/2231 2230/2230/2230
f 2230/2230/2230 2233/2233/2233 2232/2232/2232
f 2233/2233/2233 2234/2234/2234 2232/2232/2232
f 2233/2233/2233 2235/2235/2235 2234/2234/2234
f 2237/2237/2237 2167/2167/2167 2236/2236/2236
f 2238/2238/2238 2167/2167/2167 2237/2237/2237
f 2239/2239/2239 2167/2167/2167 2238/2238/2238
f 2239/2239/2239 2238/2238/2238 2240/2240/2240
f 2241/2241/2241 2239/2239/2239 2240/2240/2240
f 2242/2242/2242 2167/2167/2167 2239/2239/2239
f 2239/2239/2239 2243/2243/2243 2242/2242/2242
f 2239/2239/2239 2244/2244/2244 2243/2243/2243
f 2244/2244/2244 2239/2239/2239 2245/2245/2245
f 2242/2242/2242 2246/2246/2246 2167/2167/2167
f 2246/2246/2246 2159/2159/2159 2167/2167/2167
f 2246/2246/2246 2247/2247/2247 2159/2159/2159
f 2246/2246/2246 2248/2248/2248 2247/2247/2247
f 2246/2246/2246 2249/2249/2249 2248/2248/2248
f 2249/2249/2249 2250/2250/2250 2248/2248/2248
f 2247/2247/2247 2251/2251/2251 2159/2159/2159
f 2251/2251/2251 2252/2252/2252 2159/2159/2159
f 2252/2252/2252 2253/2253/2253 2159/2159/2159
f 2253/2253/2253 2254/2254/2254 2159/2159/2159
f 2254/2254/2254 2253/2253/2253 2255/2255/2255
f 2255/2255/2255 2256/2256/2256 2254/2254/2254
f 2254/2254/2254 2256/2256/2256 2257/2257/2257
f 2254/2254/2254 2257/2257/2257 2258/2258/2258
f 2258/2258/2258 2259/2259/2259 2254/2254/2254
f 2258/2258/2258 2260/2260/2260 2259/2259/2259
f 2258/2258/2258 2261/2261/2261 2260/2260/2260
f 2261/2261/2261 2262/2262/2262 2260/2260/2260
f 2261/2261/2261 2263/2263/2263 2262/2262/2262
f 2263/2263/2263 2264/2264/2264 2262/2262/2262
f 2263/2263/2263 2265/2265/2265 2264/2264/2264
f 2265/2265/2265 2266/2266/2266 2264/2264/2264
f 2265/2265/2265 2267/2267/2267 2266/2266/2266
f 2267/2267/2267 2268/2268/2268 2266/2266/2266
f 2267/2267/2267 2269/2269/2269 2268/2268/2268
f 2269/2269/2269 2270/2270/2270 2268/2268/2268
f 2269/2269/2269 2271/2271/2271 2270/2270/2270
f 2271/2271/2271 2272/2272/2272 2270/2270/2270
f 2271/2271/2271 2273/2273/2273 2272/2272/2272
f 2273/2273/2273 2274/2274/2274 2272/2272/2272
f 2273/2273/2273 2275/2275/2275 2274/2274/2274
f 2275/2275/2275 2276/2276/2276 2274/2274/2274
f 2275/2275/2275 2277/2277/2277 2276/2276/2276
f 2277/2277/2277 2278/2278/2278 2276/2276/2276
f 2281/2281/2281 2280/2280/2280 2279/2279/2279
f 2241/2241/2241 2280/2280/2280 2281/2281/2281
f 2284/2284/2284 2283/2283/2283 2282/2282/2282
f 2284/2284/2284 2285/2285/2285 2283/2283/2283
f 2285/2285/2285 2284/2284/2284 2286/2286/2286
f 2285/2285/2285 2287/2287/2287 2283/2283/2283
f 2287/2287/2287 2285/2285/2285 2288/2288/2288
f 2289/2289/2289 2287/2287/2287 2288/2288/2288
f 2290/2290/2290 2289/2289/2289 2288/2288/2288
f 2288/2288/2288 2291/2291/2291 2290/2290/2290
f 2291/2291/2291 2292/2292/2292 2290/2290/2290
f 2293/2293/2293 2289/2289/2289 2290/2290/2290
f 2294/2294/2294 2293/2293/2293 2290/2290/2290
f 2295/2295/2295 2293/2293/2293 2294/2294/2294
f 2295/2295/2295 2296/2296/2296 2293/2293/2293
f 2293/2293/2293 2296/2296/2296 2297/2297/2297
f 2296/2296/2296 2298/2298/2298 2297/2297/2297
f 2299/2299/2299 2295/2295/2295 2294/2294/2294
f 2294/2294/2294 2300/2300/2300 2299/2299/2299
f 2300/2300/2300 2301/2301/2301 2299/2299/2299
f 2301/2301/2301 2302/2302/2302 2299/2299/2299
f 2302/2302/2302 2303/2303/2303 2299/2299/2299
f 2306/2306/2306 2305/2305/2305 2304/2304/2304
f 2304/2304/2304 2307/2307/2307 2306/2306/2306
f 2304/2304/2304 2308/2308/2308 2307/2307/2307
f 2309/2309/2309 2308/2308/2308 2304/2304/2304
f 2309/2309/2309 2310/2310/2310 2308/2308/2308
f 2310/2310/2310 2311/2311/2311 2308/2308/2308
f 2311/2311/2311 2312/2312/2312 2308/2308/2308
f 2313/2313/2313 2309/2309/2309 2304/2304/2304
f 2313/2313/2313 2314/2314/2314 2309/2309/2309
f 2313/2313/2313 2304/2304/2304 2315/2315/2315
f 2316/2316/2316 2313/2313/2313 2315/2315/2315
f 2316/2316/2316 2317/2317/2317 2313/2313/2313
f 2316/2316/2316 2315/2315/2315 2318/2318/2318
f 2315/2315/2315 2319/2319/2319 2318/2318/2318
f 2320/2320/2320 2316/2316/2316 2318/2318/2318
f 2320/2320/2320 2318/2318/2318 2321/2321/2321
f 2322/2322/2322 2320/2320/2320 2321/2321/2321
f 2323/2323/2323 2322/2322/2322 2321/2321/2321
f 2324/2324/2324 2323/2323/2323 2321/2321/2321
f 2325/2325/2325 2323/2323/2323 2324/2324/2324
f 2326/2326/2326 2325/2325/2325 2324/2324/2324
f 2323/2323/2323 2327/2327/2327 2322/2322/2322
f 2327/2327/2327 2328/2328/2328 2322/2322/2322
f 2329/2329/2329 2327/2327/2327 2323/2323/2323
f 2330/2330/2330 2329/2329/2329 2323/2323/2323
f 2331/2331/2331 2330/2330/2330 2323/2323/2323
f 2332/2332/2332 2330/2330/2330 2331/2331/2331
f 2333/2333/2333 2332/2332/2332 2331/2331/2331
f 2334/2334/2334 2332/2332/2332 2333/2333/2333
f 2334/2334/2334 2333/2333/2333 2335/2335/2335
f 2336/2336/2336 2334/2334/2334 2335/2335/2335
f 2336/2336/2336 2337/2337/2337 2334/2334/2334
f 2336/2336/2336 2335/2335/2335 2338/2338/2338
f 2335/2335/2335 2333/2333/2333 2339/2339/2339
f 2340/2340/2340 2336/2336/2336 2338/2338/2338
f 2340/2340/2340 2341/2341/2341 2336/2336/2336
f 2340/2340/2340 2338/2338/2338 2342/2342/2342
f 2342/2342/2342 2338/2338/2338 2343/2343/2343
f 2338/2338/2338 2344/2344/2344 2343/2343/2343
f 2344/2344/2344 2339/2339/2339 2345/2345/2345
f 2344/2344/2344 2345/2345/2345 2343/2343/2343
f 2339/2339/2339 2346/2346/2346 2345/2345/2345
f 2339/2339/2339 2333/2333/2333 2346/2346/2346
f 2333/2333/2333 2347/2347/2347 2346/2346/2346
f 2333/2333/2333 2348/2348/2348 2347/2347/2347
f 2348/2348/2348 2349/2349/2349 2347/2347/2347
f 2349/2349/2349 2350/2350/2350 2347/2347/2347
f 2342/2342/2342 2343/2343/2343 2351/2351/2351
f 2351/2351/2351 2343/2343/2343 2352/2352/2352
f 2353/2353/2353 2342/2342/2342 2351/2351/2351
f 2354/2354/2354 2353/2353/2353 2351/2351/2351
f 2357/2357/2357 2356/2356/2356 2355/2355/2355
f 2358/2358/2358 2357/2357/2357 2355/2355/2355
f 2355/2355/2355 2359/2359/2359 2358/2358/2358
f 2362/2362/2362 2361/2361/2361 2360/2360/2360
f 2360/2360/2360 2363/2363/2363 2362/2362/2362
f 2363/2363/2363 2364/2364/2364 2362/2362/2362
f 2367/2367/2367 2366/2366/2366 2365/2365/2365
f 2368/2368/2368 2367/2367/2367 2365/2365/2365
f 2369/2369/2369 2367/2367/2367 2368/2368/2368
f 2370/2370/2370 2369/2369/2369 2368/2368/2368
f 2371/2371/2371 2369/2369/2369 2370/2370/2370
f 2372/2372/2372 2371/2371/2371 2370/2370/2370
f 2375/2375/2375 2374/2374/2374 2373/2373/2373
f 2374/2374/2374 2376/2376/2376 2373/2373/2373
f 2373/2373/2373 2376/2376/2376 2377/2377/2377
f 2376/2376/2376 2378/2378/2378 2377/2377/2377
f 2381/2381/2381 2380/2380/2380 2379/2379/2379
f 2380/2380/2380 2382/2382/2382 2379/2379/2379
f 2380/2380/2380 2383/2383/2383 2382/2382/2382
f 2386/2386/2386 2385/2385/2385 2384/2384/2384
f 2385/2385/2385 2387/2387/2387 2384/2384/2384
f 2384/2384/2384 2387/2387/2387 2388/2388/2388
f 2387/2387/2387 2389/2389/2389 2388/2388/2388
f 2388/2388/2388 2389/2389/2389 2390/2390/2390
f 2389/2389/2389 2391/2391/2391 2390/2390/2390
f 2390/2390/2390 2391/2391/2391 2392/2392/2392
f 2395/2395/2395 2394/2394/2394 2393/2393/2393
f 2394/2394/2394 2396/2396/2396 2393/2393/2393
f 2393/2393/2393 2396/2396/2396 2397/2397/2397
f 2396/2396/2396 2398/2398/2398 2397/2397/2397
f 2397/2397/2397 2398/2398/2398 2399/2399/2399
f 2398/2398/2398 2400/2400/2400 2399/2399/2399
f 2399/2399/2399 2400/2400/2400 2401/2401/2401
f 2400/2400/2400 2402/2402/2402 2401/2401/2401
f 2405/2405/2405 2404/2404/2404 2403/2403/2403
f 2406/2406/2406 2405/2405/2405 2403/2403/2403
f 2409/2409/2409 2408/2408/2408 2407/2407/2407
f 2408/2408/2408 2410/2410/2410 2407/2407/2407
f 2408/2408/2408 2411/2411/2411 2410/2410/2410
f 2411/2411/2411 2412/2412/2412 2410/2410/2410
f 2411/2411/2411 2413/2413/2413 2412/2412/2412
f 2413/2413/2413 2414/2414/2414 2412/2412/2412
f 2413/2413/2413 2415/2415/2415 2414/2414/2414
f 2415/2415/2415 2416/2416/2416 2414/2414/2414
f 2415/2415/2415 2417/2417/2417 2416/2416/2416
f 2417/2417/2417 2418/2418/2418 2416/2416/2416
f 2421/2421/2421 2420/2420/2420 2419/2419/2419
f 2422/2422/2422 2421/2421/2421 2419/2419/2419
f 2425/2425/2425 2424/2424/2424 2423/2423/2423
f 2424/2424/2424 2426/2426/2426 2423/2423/2423
f 2427/2427/2427 2423/2423/2423 2426/2426/2426
f 2428/2428/2428 2427/2427/2427 2426/2426/2426
f 2429/2429/2429 2423/2423/2423 2427/2427/2427
f 2430/2430/2430 2429/2429/2429 2427/2427/2427
f 2433/2433/2433 2432/2432/2432 2431/2431/2431
f 2434/2434/2434 2433/2433/2433 2431/2431/2431
f 2437/2437/2437 2436/2436/2436 2435/2435/2435
f 2438/2438/2438 2437/2437/2437 2435/2435/2435
f 2441/2441/2441 2440/2440/2440 2439/2439/2439
f 2440/2440/2440 2442/2442/2442 2439/2439/2439
f 2443/2443/2443 2442/2442/2442 2440/2440/2440
f 2444/2444/2444 2443/2443/2443 2440/2440/2440
f 2445/2445/2445 2444/2444/2444 2440/2440/2440
f 2446/2446/2446 2443/2443/2443 2444/2444/2444
f 2447/2447/2447 2446/2446/2446 2444/2444/2444
f 2448/2448/2448 2447/2447/2447 2444/2444/2444
f 2449/2449/2449 2446/2446/2446 2447/2447/2447
f 2450/2450/2450 2449/2449/2449 2447/2447/2447
f 2451/2451/2451 2450/2450/2450 2447/2447/2447
f 2452/2452/2452 2449/2449/2449 2450/2450/2450
f 2453/2453/2453 2452/2452/2452 2450/2450/2450
f 2454/2454/2454 2453/2453/2453 2450/2450/2450
f 2455/2455/2455 2452/2452/2452 2453/2453/2453
f 2456/2456/2456 2455/2455/2455 2453/2453/2453
f 2457/2457/2457 2456/2456/2456 2453/2453/2453
f 2439/2439/2439 2459/2459/2459 2458/2458/2458
f 2460/2460/2460 2439/2439/2439 2458/2458/2458
f 2463/2463/2463 2462/2462/2462 2461/2461/2461
f 2464/2464/2464 2463/2463/2463 2461/2461/2461
f 2467/2467/2467 2466/2466/2466 2465/2465/2465
f 2468/2468/2468 2467/2467/2467 2465/2465/2465
f 2471/2471/2471 2470/2470/2470 2469/2469/2469
f 2472/2472/2472 2471/2471/2471 2469/2469/2469
f 2474/2474/2474 2195/2195/2195 2473/2473/2473
f 2475/2475/2475 2195/2195/2195 2474/2474/2474
f 2206/2206/2206 2195/2195/2195 2475/2475/2475
f 2476/2476/2476 2206/2206/2206 2475/2475/2475
f 2477/2477/2477 2206/2206/2206 2476/2476/2476
f 2478/2478/2478 2206/2206/2206 2477/2477/2477
f 2479/2479/2479 2206/2206/2206 2478/2478/2478
f 2482/2482/2482 2481/2481/2481 2480/2480/2480
f 2480/2480/2480 2481/2481/2481 2483/2483/2483
f 2481/2481/2481 2484/2484/2484 2483/2483/2483
f 2485/2485/2485 2480/2480/2480 2483/2483/2483
f 2486/2486/2486 2480/2480/2480 2485/2485/2485
f 2487/2487/2487 2485/2485/2485 2483/2483/2483
f 2488/2488/2488 2487/2487/2487 2483/2483/2483
f 2489/2489/2489 2483/2483/2483 2484/2484/2484
f 2490/2490/2490 2489/2489/2489 2484/2484/2484
f 2489/2489/2489 2491/2491/2491 2483/2483/2483
f 2492/2492/2492 2488/2488/2488 2483/2483/2483
f 2493/2493/2493 2488/2488/2488 2492/2492/2492
f 2494/2494/2494 2492/2492/2492 2483/2483/2483
f 2494/2494/2494 2483/2483/2483 2491/2491/2491
f 2495/2495/2495 2494/2494/2494 2491/2491/2491
f 2495/2495/2495 2491/2491/2491 2496/2496/2496
f 2496/2496/2496 2491/2491/2491 2497/2497/2497
f 2497/2497/2497 2491/2491/2491 2498/2498/2498
f 2499/2499/2499 2495/2495/2495 2496/2496/2496
f 2500/2500/2500 2495/2495/2495 2499/2499/2499
f 2501/2501/2501 2495/2495/2495 2500/2500/2500
f 2502/2502/2502 2492/2492/2492 2494/2494/2494
f 2503/2503/2503 2492/2492/2492 2502/2502/2502
f 2504/2504/2504 2502/2502/2502 2494/2494/2494
f 2504/2504/2504 2505/2505/2505 2502/2502/2502
f 2505/2505/2505 2504/2504/2504 2506/2506/2506
f 2507/2507/2507 2505/2505/2505 2506/2506/2506
f 2507/2507/2507 2506/2506/2506 2508/2508/2508
f 2504/2504/2504 2494/2494/2494 2509/2509/2509
f 2509/2509/2509 2494/2494/2494 2495/2495/2495
f 2510/2510/2510 2504/2504/2504 2509/2509/2509
f 2511/2511/2511 2495/2495/2495 2501/2501/2501
f 2512/2512/2512 2511/2511/2511 2501/2501/2501
f 2495/2495/2495 2513/2513/2513 2509/2509/2509
f 2513/2513/2513 2495/2495/2495 2511/2511/2511
f 2513/2513/2513 2514/2514/2514 2509/2509/2509
f 2515/2515/2515 2509/2509/2509 2514/2514/2514
f 2514/2514/2514 2516/2516/2516 2515/2515/2515
f 2516/2516/2516 2517/2517/2517 2515/2515/2515
f 2518/2518/2518 2511/2511/2511 2512/2512/2512
f 2511/2511/2511 2518/2518/2518 2517/2517/2517
f 2519/2519/2519 2518/2518/2518 2512/2512/2512
f 2518/2518/2518 2520/2520/2520 2517/2517/2517
f 2517/2517/2517 2520/2520/2520 2515/2515/2515
f 2515/2515/2515 2520/2520/2520 2521/2521/2521
f 2522/2522/2522 2515/2515/2515 2521/2521/2521
f 2523/2523/2523 2522/2522/2522 2521/2521/2521
f 2522/2522/2522 2524/2524/2524 2515/2515/2515
f 2524/2524/2524 2525/2525/2525 2515/2515/2515
f 2525/2525/2525 2526/2526/2526 2515/2515/2515
f 2522/2522/2522 2523/2523/2523 2527/2527/2527
f 2523/2523/2523 2528/2528/2528 2527/2527/2527
f 2527/2527/2527 2529/2529/2529 2522/2522/2522
f 2530/2530/2530 2522/2522/2522 2529/2529/2529
f 2528/2528/2528 2531/2531/2531 2527/2527/2527
f 2529/2529/2529 2532/2532/2532 2530/2530/2530
f 2531/2531/2531 2528/2528/2528 2533/2533/2533
f 2528/2528/2528 2534/2534/2534 2533/2533/2533
f 2531/2531/2531 2533/2533/2533 2535/2535/2535
f 2536/2536/2536 2531/2531/2531 2535/2535/2535
f 2531/2531/2531 2536/2536/2536 2537/2537/2537
f 2537/2537/2537 2530/2530/2530 2532/2532/2532
f 2538/2538/2538 2531/2531/2531 2537/2537/2537
f 2532/2532/2532 2538/2538/2538 2537/2537/2537
f 2537/2537/2537 2539/2539/2539 2530/2530/2530
f 2539/2539/2539 2540/2540/2540 2530/2530/2530
f 2543/2543/2543 2542/2542/2542 2541/2541/2541
f 2542/2542/2542 2508/2508/2508 2541/2541/2541
f 2542/2542/2542 2507/2507/2507 2508/2508/2508
f 2544/2544/2544 2507/2507/2507 2542/2542/2542
f 2541/2541/2541 2508/2508/2508 2545/2545/2545
f 2508/2508/2508 2546/2546/2546 2545/2545/2545
f 2547/2547/2547 2541/2541/2541 2545/2545/2545
f 2548/2548/2548 2547/2547/2547 2545/2545/2545
f 2549/2549/2549 2547/2547/2547 2548/2548/2548
f 2549/2549/2549 2548/2548/2548 2550/2550/2550
f 2551/2551/2551 2549/2549/2549 2550/2550/2550
f 2552/2552/2552 2549/2549/2549 2551/2551/2551
f 2553/2553/2553 2549/2549/2549 2552/2552/2552
f 2554/2554/2554 2552/2552/2552 2551/2551/2551
f 2551/2551/2551 2555/2555/2555 2554/2554/2554
f 2556/2556/2556 2552/2552/2552 2554/2554/2554
f 2557/2557/2557 2552/2552/2552 2556/2556/2556
f 2558/2558/2558 2556/2556/2556 2554/2554/2554
f 2559/2559/2559 2558/2558/2558 2554/2554/2554
f 2560/2560/2560 2558/2558/2558 2559/2559/2559
f 2563/2563/2563 2562/2562/2562 2561/2561/2561
f 2562/2562/2562 2564/2564/2564 2561/2561/2561
f 2564/2564/2564 2562/2562/2562 2565/2565/2565
f 2562/2562/2562 2566/2566/2566 2565/2565/2565
f 2569/2569/2569 2568/2568/2568 2567/2567/2567
f 2569/2569/2569 2570/2570/2570 2568/2568/2568
f 2570/2570/2570 2571/2571/2571 2568/2568/2568
f 2572/2572/2572 2570/2570/2570 2569/2569/2569
f 2573/2573/2573 2572/2572/2572 2569/2569/2569
f 2570/2570/2570 2574/2574/2574 2571/2571/2571
f 2574/2574/2574 2575/2575/2575 2571/2571/2571
f 2574/2574/2574 2576/2576/2576 2575/2575/2575
f 2577/2577/2577 2574/2574/2574 2570/2570/2570
f 2570/2570/2570 2578/2578/2578 2577/2577/2577
f 2577/2577/2577 2579/2579/2579 2574/2574/2574
f 2574/2574/2574 2580/2580/2580 2576/2576/2576
f 2580/2580/2580 2581/2581/2581 2576/2576/2576
f 2580/2580/2580 2582/2582/2582 2581/2581/2581
f 2582/2582/2582 2583/2583/2583 2581/2581/2581
f 2583/2583/2583 2584/2584/2584 2581/2581/2581
f 2585/2585/2585 2583/2583/2583 2582/2582/2582
f 2586/2586/2586 2585/2585/2585 2582/2582/2582
f 2587/2587/2587 2586/2586/2586 2582/2582/2582
f 2582/2582/2582 2588/2588/2588 2587/2587/2587
f 2582/2582/2582 2589/2589/2589 2588/2588/2588
f 2588/2588/2588 2590/2590/2590 2587/2587/2587
f 2587/2587/2587 2591/2591/2591 2586/2586/2586
f 2591/2591/2591 2592/2592/2592 2586/2586/2586
f 2586/2586/2586 2592/2592/2592 2593/2593/2593
f 2591/2591/2591 2594/2594/2594 2592/2592/2592
f 2591/2591/2591 2595/2595/2595 2594/2594/2594
f 2595/2595/2595 2596/2596/2596 2594/2594/2594
f 2595/2595/2595 2597/2597/2597 2596/2596/2596
f 2598/2598/2598 2595/2595/2595 2591/2591/2591
f 2591/2591/2591 2599/2599/2599 2598/2598/2598
f 2598/2598/2598 2600/2600/2600 2595/2595/2595
f 2595/2595/2595 2601/2601/2601 2597/2597/2597
f 2601/2601/2601 2602/2602/2602 2597/2597/2597
f 2601/2601/2601 2603/2603/2603 2602/2602/2602
f 2603/2603/2603 2604/2604/2604 2602/2602/2602
f 2605/2605/2605 2603/2603/2603 2601/2601/2601
f 2606/2606/2606 2605/2605/2605 2601/2601/2601
f 2607/2607/2607 2605/2605/2605 2606/2606/2606
f 2601/2601/2601 2608/2608/2608 2606/2606/2606
f 2608/2608/2608 2609/2609/2609 2606/2606/2606
f 2601/2601/2601 2610/2610/2610 2608/2608/2608
f 2613/2613/2613 2612/2612/2612 2611/2611/2611
f 2613/2613/2613 2611/2611/2611 2614/2614/2614
f 2615/2615/2615 2613/2613/2613 2614/2614/2614
f 2616/2616/2616 2613/2613/2613 2615/2615/2615
f 2616/2616/2616 2617/2617/2617 2613/2613/2613
f 2618/2618/2618 2616/2616/2616 2615/2615/2615
f 2616/2616/2616 2618/2618/2618 2619/2619/2619
f 2620/2620/2620 2616/2616/2616 2619/2619/2619
f 2620/2620/2620 2619/2619/2619 2621/2621/2621
f 2622/2622/2622 2620/2620/2620 2621/2621/2621
f 2622/2622/2622 2621/2621/2621 2623/2623/2623
f 2624/2624/2624 2622/2622/2622 2623/2623/2623
f 2624/2624/2624 2625/2625/2625 2622/2622/2622
f 2624/2624/2624 2623/2623/2623 2626/2626/2626
f 2627/2627/2627 2626/2626/2626 2623/2623/2623
f 2628/2628/2628 2624/2624/2624 2626/2626/2626
f 2628/2628/2628 2629/2629/2629 2624/2624/2624
f 2628/2628/2628 2626/2626/2626 2630/2630/2630
f 2630/2630/2630 2626/2626/2626 2631/2631/2631
f 2632/2632/2632 2628/2628/2628 2630/2630/2630
f 2632/2632/2632 2630/2630/2630 2633/2633/2633
f 2634/2634/2634 2632/2632/2632 2633/2633/2633
f 2635/2635/2635 2634/2634/2634 2633/2633/2633
f 2636/2636/2636 2635/2635/2635 2633/2633/2633
f 2635/2635/2635 2637/2637/2637 2634/2634/2634
f 2637/2637/2637 2638/2638/2638 2634/2634/2634
f 2639/2639/2639 2637/2637/2637 2635/2635/2635
f 2639/2639/2639 2640/2640/2640 2637/2637/2637
f 2641/2641/2641 2639/2639/2639 2635/2635/2635
f 2642/2642/2642 2639/2639/2639 2641/2641/2641
f 2643/2643/2643 2642/2642/2642 2641/2641/2641
f 2642/2642/2642 2643/2643/2643 2644/2644/2644
f 2643/2643/2643 2645/2645/2645 2644/2644/2644
f 2644/2644/2644 2645/2645/2645 2646/2646/2646
f 2645/2645/2645 2647/2647/2647 2646/2646/2646
f 2647/2647/2647 2648/2648/2648 2646/2646/2646
f 2644/2644/2644 2646/2646/2646 2649/2649/2649
f 2644/2644/2644 2649/2649/2649 2650/2650/2650
f 2651/2651/2651 2644/2644/2644 2650/2650/2650
f 2651/2651/2651 2650/2650/2650 2652/2652/2652
f 2653/2653/2653 2644/2644/2644 2651/2651/2651
f 2653/2653/2653 2654/2654/2654 2644/2644/2644
f 2651/2651/2651 2655/2655/2655 2653/2653/2653
f 2651/2651/2651 2652/2652/2652 2656/2656/2656
f 2657/2657/2657 2651/2651/2651 2656/2656/2656
f 2656/2656/2656 2652/2652/2652 2658/2658/2658
f 2661/2661/2661 2660/2660/2660 2659/2659/2659
f 2662/2662/2662 2661/2661/2661 2659/2659/2659
f 2665/2665/2665 2664/2664/2664 2663/2663/2663
f 2666/2666/2666 2665/2665/2665 2663/2663/2663
f 2669/2669/2669 2668/2668/2668 2667/2667/2667
f 2670/2670/2670 2669/2669/2669 2667/2667/2667
f 2673/2673/2673 2672/2672/2672 2671/2671/2671
f 2674/2674/2674 2673/2673/2673 2671/2671/2671
f 2677/2677/2677 2676/2676/2676 2675/2675/2675
f 2678/2678/2678 2677/2677/2677 2675/2675/2675
f 2681/2681/2681 2680/2680/2680 2679/2679/2679
f 2682/2682/2682 2681/2681/2681 2679/2679/2679
f 2685/2685/2685 2684/2684/2684 2683/2683/2683
f 2686/2686/2686 2685/2685/2685 2683/2683/2683
f 2689/2689/2689 2688/2688/2688 2687/2687/2687
f 2690/2690/2690 2689/2689/2689 2687/2687/2687
f 2693/2693/2693 2692/2692/2692 2691/2691/2691
f 2694/2694/2694 2693/2693/2693 2691/2691/2691
f 2697/2697/2697 2696/2696/2696 2695/2695/2695
f 2695/2695/2695 2698/2698/2698 2697/2697/2697
f 2698/2698/2698 2699/2699/2699 2697/2697/2697
f 2702/2702/2702 2701/2701/2701 2700/2700/2700
f 2703/2703/2703 2702/2702/2702 2700/2700/2700
f 2706/2706/2706 2705/2705/2705 2704/2704/2704
f 2707/2707/2707 2706/2706/2706 2704/2704/2704
f 2710/2710/2710 2709/2709/2709 2708/2708/2708
f 2711/2711/2711 2710/2710/2710 2708/2708/2708
f 2714/2714/2714 2713/2713/2713 2712/2712/2712
f 2715/2715/2715 2714/2714/2714 2712/2712/2712
f 2718/2718/2718 2717/2717/2717 2716/2716/2716
f 2719/2719/2719 2718/2718/2718 2716/2716/2716
f 2722/2722/2722 2721/2721/2721 2720/2720/2720
f 2721/2721/2721 2723/2723/2723 2720/2720/2720
f 2721/2721/2721 2724/2724/2724 2723/2723/2723
f 2724/2724/2724 2725/2725/2725 2723/2723/2723
f 2728/2728/2728 2727/2727/2727 2726/2726/2726
f 2729/2729/2729 2728/2728/2728 2726/2726/2726
f 2729/2729/2729 2726/2726/2726 2730/2730/2730
f 2731/2731/2731 2729/2729/2729 2730/2730/2730
f 2734/2734/2734 2733/2733/2733 2732/2732/2732
f 2735/2735/2735 2734/2734/2734 2732/2732/2732
f 2735/2735/2735 2732/2732/2732 2736/2736/2736
f 2737/2737/2737 2735/2735/2735 2736/2736/2736
f 2740/2740/2740 2739/2739/2739 2738/2738/2738
f 2740/2740/2740 2741/2741/2741 2739/2739/2739
f 2740/2740/2740 2742/2742/2742 2741/2741/2741
f 2743/2743/2743 2739/2739/2739 2741/2741/2741
f 2744/2744/2744 2743/2743/2743 2741/2741/2741
f 2744/2744/2744 2741/2741/2741 2745/2745/2745
f 2746/2746/2746 2744/2744/2744 2745/2745/2745
f 2749/2749/2749 2748/2748/2748 2747/2747/2747
f 2749/2749/2749 2750/2750/2750 2748/2748/2748
f 2751/2751/2751 2748/2748/2748 2750/2750/2750
f 2752/2752/2752 2751/2751/2751 2750/2750/2750
f 2752/2752/2752 2750/2750/2750 2753/2753/2753
f 2754/2754/2754 2752/2752/2752 2753/2753/2753
f 2757/2757/2757 2756/2756/2756 2755/2755/2755
f 2758/2758/2758 2757/2757/2757 2755/2755/2755
f 2761/2761/2761 2760/2760/2760 2759/2759/2759
f 2762/2762/2762 2761/2761/2761 2759/2759/2759
f 2765/2765/2765 2764/2764/2764 2763/2763/2763
f 2766/2766/2766 2765/2765/2765 2763/2763/2763
f 2766/2766/2766 2763/2763/2763 2767/2767/2767
f 2768/2768/2768 2766/2766/2766 2767/2767/2767
f 2771/2771/2771 2770/2770/2770 2769/2769/2769
f 2772/2772/2772 2771/2771/2771 2769/2769/2769
f 2772/2772/2772 2769/2769/2769 2773/2773/2773
f 2774/2774/2774 2772/2772/2772 2773/2773/2773
f 2777/2777/2777 2776/2776/2776 2775/2775/2775
f 2778/2778/2778 2777/2777/2777 2775/2775/2775
f 2779/2779/2779 2777/2777/2777 2778/2778/2778
f 2780/2780/2780 2779/2779/2779 2778/2778/2778
f 2783/2783/2783 2782/2782/2782 2781/2781/2781
f 2784/2784/2784 2783/2783/2783 2781/2781/2781
f 2787/2787/2787 2786/2786/2786 2785/2785/2785
f 2788/2788/2788 2787/2787/2787 2785/2785/2785
f 2791/2791/2791 2790/2790/2790 2789/2789/2789
f 2792/2792/2792 2791/2791/2791 2789/2789/2789
f 2795/2795/2795 2794/2794/2794 2793/2793/2793
f 2796/2796/2796 2795/2795/2795 2793/2793/2793
f 2799/2799/2799 2798/2798/2798 2797/2797/2797
f 2800/2800/2800 2799/2799/2799 2797/2797/2797
f 2803/2803/2803 2802/2802/2802 2801/2801/2801
f 2802/2802/2802 2804/2804/2804 2801/2801/2801
f 2802/2802/2802 2805/2805/2805 2804/2804/2804
f 2805/2805/2805 2806/2806/2806 2804/2804/2804
f 2809/2809/2809 2808/2808/2808 2807/2807/2807
f 2810/2810/2810 2809/2809/2809 2807/2807/2807
f 2813/2813/2813 2812/2812/2812 2811/2811/2811
f 2814/2814/2814 2813/2813/2813 2811/2811/2811
f 2817/2817/2817 2816/2816/2816 2815/2815/2815
f 2818/2818/2818 2817/2817/2817 2815/2815/2815
f 2818/2818/2818 2815/2815/2815 2819/2819/2819
f 2818/2818/2818 2819/2819/2819 2820/2820/2820
f 2819/2819/2819 2821/2821/2821 2820/2820/2820
f 2824/2824/2824 2823/2823/2823 2822/2822/2822
f 2825/2825/2825 2824/2824/2824 2822/2822/2822
f 2828/2828/2828 2827/2827/2827 2826/2826/2826
f 2827/2827/2827 2829/2829/2829 2826/2826/2826
f 2827/2827/2827 2830/2830/2830 2829/2829/2829
f 2830/2830/2830 2831/2831/2831 2829/2829/2829
f 2830/2830/2830 2832/2832/2832 2831/2831/2831
f 2832/2832/2832 2833/2833/2833 2831/2831/2831
f 2832/2832/2832 2834/2834/2834 2833/2833/2833
f 2834/2834/2834 2835/2835/2835 2833/2833/2833
f 2838/2838/2838 2837/2837/2837 2836/2836/2836
f 2839/2839/2839 2838/2838/2838 2836/2836/2836
f 2842/2842/2842 2841/2841/2841 2840/2840/2840
f 2843/2843/2843 2842/2842/2842 2840/2840/2840
f 2844/2844/2844 2842/2842/2842 2843/2843/2843
f 2845/2845/2845 2842/2842/2842 2844/2844/2844
f 2846/2846/2846 2842/2842/2842 2845/2845/2845
f 2847/2847/2847 2846/2846/2846 2845/2845/2845
f 2848/2848/2848 2846/2846/2846 2847/2847/2847
f 2849/2849/2849 2848/2848/2848 2847/2847/2847
f 2850/2850/2850 2848/2848/2848 2849/2849/2849
f 2851/2851/2851 2848/2848/2848 2850/2850/2850
f 2852/2852/2852 2848/2848/2848 2851/2851/2851
f 2853/2853/2853 2852/2852/2852 2851/2851/2851
f 2854/2854/2854 2852/2852/2852 2853/2853/2853
f 2855/2855/2855 2852/2852/2852 2854/2854/2854
f 2856/2856/2856 2855/2855/2855 2854/2854/2854
f 2857/2857/2857 2855/2855/2855 2856/2856/2856
f 2858/2858/2858 2855/2855/2855 2857/2857/2857
f 2859/2859/2859 2858/2858/2858 2857/2857/2857
f 2860/2860/2860 2858/2858/2858 2859/2859/2859
f 2861/2861/2861 2858/2858/2858 2860/2860/2860
f 2862/2862/2862 2861/2861/2861 2860/2860/2860
f 2863/2863/2863 2861/2861/2861 2862/2862/2862
f 2864/2864/2864 2861/2861/2861 2863/2863/2863
f 2865/2865/2865 2864/2864/2864 2863/2863/2863
f 2868/2868/2868 2867/2867/2867 2866/2866/2866
f 2869/2869/2869 2867/2867/2867 2868/2868/2868
f 2870/2870/2870 2869/2869/2869 2868/2868/2868
f 2871/2871/2871 2869/2869/2869 2870/2870/2870
f 2872/2872/2872 2871/2871/2871 2870/2870/2870
f 2873/2873/2873 2871/2871/2871 2872/2872/2872
f 2874/2874/2874 2871/2871/2871 2873/2873/2873
f 2875/2875/2875 2874/2874/2874 2873/2873/2873
f 2876/2876/2876 2874/2874/2874 2875/2875/2875
f 2877/2877/2877 2876/2876/2876 2875/2875/2875
f 2878/2878/2878 2876/2876/2876 2877/2877/2877
f 2879/2879/2879 2876/2876/2876 2878/2878/2878
f 2880/2880/2880 2876/2876/2876 2879/2879/2879
f 2881/2881/2881 2880/2880/2880 2879/2879/2879
f 2882/2882/2882 2880/2880/2880 2881/2881/2881
f 2883/2883/2883 2882/2882/2882 2881/2881/2881
f 2884/2884/2884 2882/2882/2882 2883/2883/2883
f 2885/2885/2885 2882/2882/2882 2884/2884/2884
f 2886/2886/2886 2885/2885/2885 2884/2884/2884
f 2887/2887/2887 2885/2885/2885 2886/2886/2886
f 2888/2888/2888 2885/2885/2885 2887/2887/2887
f 2889/2889/2889 2888/2888/2888 2887/2887/2887
f 2890/2890/2890 2888/2888/2888 2889/2889/2889
f 2891/2891/2891 2888/2888/2888 2890/2890/2890
f 2894/2894/2894 2893/2893/2893 2892/2892/2892
f 2895/2895/2895 2892/2892/2892 2893/2893/2893
f 2896/2896/2896 2895/2895/2895 2893/2893/2893
f 2895/2895/2895 2897/2897/2897 2892/2892/2892
f 2897/2897/2897 2898/2898/2898 2892/2892/2892
f 2901/2901/2901 2900/2900/2900 2899/2899/2899
f 2901/2901/2901 2899/2899/2899 2902/2902/2902
f 2903/2903/2903 2902/2902/2902 2899/2899/2899
f 2904/2904/2904 2903/2903/2903 2899/2899/2899
f 2903/2903/2903 2905/2905/2905 2902/2902/2902
f 2905/2905/2905 2906/2906/2906 2902/2902/2902
f 2909/2909/2909 2908/2908/2908 2907/2907/2907
f 2908/2908/2908 2910/2910/2910 2907/2907/2907
f 2911/2911/2911 2907/2907/2907 2910/2910/2910
f 2912/2912/2912 2911/2911/2911 2910/2910/2910
f 2912/2912/2912 2910/2910/2910 2913/2913/2913
f 2914/2914/2914 2912/2912/2912 2913/2913/2913
f 2917/2917/2917 2916/2916/2916 2915/2915/2915
f 2916/2916/2916 2918/2918/2918 2915/2915/2915
f 2916/2916/2916 2919/2919/2919 2918/2918/2918
f 2919/2919/2919 2920/2920/2920 2918/2918/2918
f 2921/2921/2921 2918/2918/2918 2920/2920/2920
f 2922/2922/2922 2921/2921/2921 2920/2920/2920
f 2923/2923/2923 2921/2921/2921 2922/2922/2922
f 2924/2924/2924 2921/2921/2921 2923/2923/2923
f 2925/2925/2925 2924/2924/2924 2923/2923/2923
f 2926/2926/2926 2925/2925/2925 2923/2923/2923
f 2927/2927/2927 2922/2922/2922 2920/2920/2920
f 2927/2927/2927 2920/2920/2920 2928/2928/2928
f 2929/2929/2929 2927/2927/2927 2928/2928/2928
f 2923/2923/2923 2922/2922/2922 2930/2930/2930
f 2931/2931/2931 2923/2923/2923 2930/2930/2930
f 2930/2930/2930 2932/2932/2932 2931/2931/2931
f 2933/2933/2933 2923/2923/2923 2931/2931/2931
f 2933/2933/2933 2934/2934/2934 2923/2923/2923
f 2935/2935/2935 2933/2933/2933 2931/2931/2931
f 2936/2936/2936 2931/2931/2931 2932/2932/2932
f 2937/2937/2937 2936/2936/2936 2932/2932/2932
f 2938/2938/2938 2936/2936/2936 2937/2937/2937
f 2939/2939/2939 2938/2938/2938 2937/2937/2937
f 2940/2940/2940 2937/2937/2937 2932/2932/2932
f 2940/2940/2940 2932/2932/2932 2941/2941/2941
f 2942/2942/2942 2937/2937/2937 2940/2940/2940
f 2943/2943/2943 2942/2942/2942 2940/2940/2940
f 2940/2940/2940 2941/2941/2941 2944/2944/2944
f 2943/2943/2943 2940/2940/2940 2945/2945/2945
f 2945/2945/2945 2940/2940/2940 2944/2944/2944
f 2946/2946/2946 2943/2943/2943 2945/2945/2945
f 2947/2947/2947 2945/2945/2945 2944/2944/2944
f 2947/2947/2947 2944/2944/2944 2948/2948/2948
f 2949/2949/2949 2947/2947/2947 2948/2948/2948
f 2949/2949/2949 2948/2948/2948 2950/2950/2950
f 2951/2951/2951 2949/2949/2949 2950/2950/2950
f 2952/2952/2952 2949/2949/2949 2951/2951/2951
f 2953/2953/2953 2952/2952/2952 2951/2951/2951
f 2954/2954/2954 2951/2951/2951 2950/2950/2950
f 2953/2953/2953 2951/2951/2951 2954/2954/2954
f 2955/2955/2955 2953/2953/2953 2954/2954/2954
f 2954/2954/2954 2950/2950/2950 2956/2956/2956
f 2954/2954/2954 2956/2956/2956 2957/2957/2957
f 2957/2957/2957 2958/2958/2958 2954/2954/2954
f 2959/2959/2959 2954/2954/2954 2958/2958/2958
f 2960/2960/2960 2959/2959/2959 2958/2958/2958
f 2958/2958/2958 2957/2957/2957 2961/2961/2961
f 2958/2958/2958 2961/2961/2961 2962/2962/2962
f 2963/2963/2963 2958/2958/2958 2962/2962/2962
f 2957/2957/2957 2964/2964/2964 2961/2961/2961
f 2964/2964/2964 2965/2965/2965 2961/2961/2961
f 2964/2964/2964 2957/2957/2957 2966/2966/2966
f 2966/2966/2966 2957/2957/2957 2967/2967/2967
f 2968/2968/2968 2966/2966/2966 2967/2967/2967
f 2969/2969/2969 2964/2964/2964 2966/2966/2966
f 2969/2969/2969 2970/2970/2970 2964/2964/2964
f 2965/2965/2965 2964/2964/2964 2970/2970/2970
f 2965/2965/2965 2970/2970/2970 2971/2971/2971
f 2963/2963/2963 2962/2962/2962 2972/2972/2972
f 2973/2973/2973 2963/2963/2963 2972/2972/2972
f 2974/2974/2974 2963/2963/2963 2973/2973/2973
f 2975/2975/2975 2974/2974/2974 2973/2973/2973
f 2975/2975/2975 2973/2973/2973 2976/2976/2976
f 2972/2972/2972 2976/2976/2976 2973/2973/2973
f 2977/2977/2977 2975/2975/2975 2976/2976/2976
f 2978/2978/2978 2976/2976/2976 2972/2972/2972
f 2979/2979/2979 2978/2978/2978 2972/2972/2972
f 2979/2979/2979 2980/2980/2980 2962/2962/2962
f 2981/2981/2981 2979/2979/2979 2962/2962/2962
f 2982/2982/2982 2965/2965/2965 2971/2971/2971
f 2971/2971/2971 2983/2983/2983 2982/2982/2982
f 2984/2984/2984 2983/2983/2983 2971/2971/2971
f 2985/2985/2985 2984/2984/2984 2971/2971/2971
f 2986/2986/2986 2984/2984/2984 2985/2985/2985
f 2968/2968/2968 2986/2986/2986 2985/2985/2985
f 2987/2987/2987 2965/2965/2965 2982/2982/2982
f 2988/2988/2988 2965/2965/2965 2987/2987/2987
f 2989/2989/2989 2988/2988/2988 2987/2987/2987
f 2990/2990/2990 2988/2988/2988 2989/2989/2989
f 2965/2965/2965 2988/2988/2988 2991/2991/2991
f 2965/2965/2965 2991/2991/2991 2992/2992/2992
f 2993/2993/2993 2992/2992/2992 2991/2991/2991
f 2994/2994/2994 2993/2993/2993 2991/2991/2991
f 2994/2994/2994 2991/2991/2991 2995/2995/2995
f 2988/2988/2988 2995/2995/2995 2991/2991/2991
f 2996/2996/2996 2994/2994/2994 2995/2995/2995
f 2997/2997/2997 2988/2988/2988 2990/2990/2990
f 2997/2997/2997 2998/2998/2998 2988/2988/2988
f 2999/2999/2999 2997/2997/2997 2990/2990/2990
f 2997/2997/2997 3000/3000/3000 2998/2998/2998
f 2990/2990/2990 3001/3001/3001 2999/2999/2999
f 3000/3000/3000 3002/3002/3002 2998/2998/2998
f 2999/2999/2999 3001/3001/3001 3003/3003/3003
f 3001/3001/3001 3004/3004/3004 3003/3003/3003
f 3002/3002/3002 3005/3005/3005 2998/2998/2998
f 3003/3003/3003 3004/3004/3004 3006/3006/3006
f 3005/3005/3005 3002/3002/3002 3006/3006/3006
f 3004/3004/3004 3007/3007/3007 3006/3006/3006
f 3006/3006/3006 3007/3007/3007 3008/3008/3008
f 3008/3008/3008 3005/3005/3005 3006/3006/3006
f 2929/2929/2929 3005/3005/3005 3008/3008/3008
f 3009/3009/3009 2929/2929/2929 3008/3008/3008
f 3010/3010/3010 2929/2929/2929 3009/3009/3009
f 3011/3011/3011 2929/2929/2929 3010/3010/3010
f 3011/3011/3011 2927/2927/2927 2929/2929/2929
f 3012/3012/3012 3011/3011/3011 3010/3010/3010
f 3011/3011/3011 3013/3013/3013 2927/2927/2927
f 3010/3010/3010 3014/3014/3014 3012/3012/3012
f 3013/3013/3013 3015/3015/3015 2927/2927/2927
f 3012/3012/3012 3014/3014/3014 3016/3016/3016
f 3015/3015/3015 2922/2922/2922 2927/2927/2927
f 3014/3014/3014 3017/3017/3017 3016/3016/3016
f 2922/2922/2922 3015/3015/3015 3018/3018/3018
f 3016/3016/3016 3017/3017/3017 3018/3018/3018
f 3019/3019/3019 2922/2922/2922 3018/3018/3018
f 3017/3017/3017 3020/3020/3020 3018/3018/3018
f 3018/3018/3018 3020/3020/3020 3019/3019/3019
f 3023/3023/3023 3022/3022/3022 3021/3021/3021
f 3022/3022/3022 3024/3024/3024 3021/3021/3021
f 3022/3022/3022 3025/3025/3025 3024/3024/3024
f 3025/3025/3025 3026/3026/3026 3024/3024/3024
f 3029/3029/3029 3028/3028/3028 3027/3027/3027
f 3028/3028/3028 3030/3030/3030 3027/3027/3027
f 3031/3031/3031 3027/3027/3027 3030/3030/3030
f 3028/3028/3028 3032/3032/3032 3030/3030/3030
f 3031/3031/3031 3030/3030/3030 3033/3033/3033
f 3032/3032/3032 3033/3033/3033 3030/3030/3030
f 3036/3036/3036 3035/3035/3035 3034/3034/3034
f 3037/3037/3037 3036/3036/3036 3034/3034/3034
f 3040/3040/3040 3039/3039/3039 3038/3038/3038
f 3041/3041/3041 3040/3040/3040 3038/3038/3038
f 3044/3044/3044 3043/3043/3043 3042/3042/3042
f 3045/3045/3045 3044/3044/3044 3042/3042/3042
f 3048/3048/3048 3047/3047/3047 3046/3046/3046
f 3049/3049/3049 3048/3048/3048 3046/3046/3046
f 3052/3052/3052 3051/3051/3051 3050/3050/3050
f 3053/3053/3053 3052/3052/3052 3050/3050/3050
f 3050/3050/3050 3054/3054/3054 3053/3053/3053
f 3055/3055/3055 3052/3052/3052 3053/3053/3053
f 3056/3056/3056 3055/3055/3055 3053/3053/3053
f 3057/3057/3057 3055/3055/3055 3056/3056/3056
f 3058/3058/3058 3057/3057/3057 3056/3056/3056
f 3059/3059/3059 3057/3057/3057 3058/3058/3058
f 3060/3060/3060 3059/3059/3059 3058/3058/3058
f 3058/3058/3058 3061/3061/3061 3060/3060/3060
f 3062/3062/3062 3059/3059/3059 3060/3060/3060
f 3063/3063/3063 3062/3062/3062 3060/3060/3060
f 3064/3064/3064 3062/3062/3062 3063/3063/3063
f 3065/3065/3065 3064/3064/3064 3063/3063/3063
f 3066/3066/3066 3064/3064/3064 3065/3065/3065
f 3067/3067/3067 3066/3066/3066 3065/3065/3065
f 3068/3068/3068 3066/3066/3066 3067/3067/3067
f 3069/3069/3069 3068/3068/3068 3067/3067/3067
f 3072/3072/3072 3071/3071/3071 3070/3070/3070
f 3073/3073/3073 3072/3072/3072 3070/3070/3070
f 3074/3074/3074 3072/3072/3072 3073/3073/3073
f 3075/3075/3075 3074/3074/3074 3073/3073/3073
f 3076/3076/3076 3074/3074/3074 3075/3075/3075
f 3077/3077/3077 3076/3076/3076 3075/3075/3075
f 3078/3078/3078 3076/3076/3076 3077/3077/3077
f 3079/3079/3079 3078/3078/3078 3077/3077/3077
f 3080/3080/3080 3078/3078/3078 3079/3079/3079
f 3081/3081/3081 3080/3080/3080 3079/3079/3079
f 3079/3079/3079 3082/3082/3082 3081/3081/3081
f 3083/3083/3083 3080/3080/3080 3081/3081/3081
f 3084/3084/3084 3083/3083/3083 3081/3081/3081
f 3085/3085/3085 3084/3084/3084 3081/3081/3081
f 3088/3088/3088 3087/3087/3087 3086/3086/3086
f 3086/3086/3086 3087/3087/3087 3089/3089/3089
f 3089/3089/3089 3087/3087/3087 3090/3090/3090
f 3090/3090/3090 3087/3087/3087 3091/3091/3091
f 3094/3094/3094 3093/3093/3093 3092/3092/3092
f 3092/3092/3092 3093/3093/3093 3095/3095/3095
f 3098/3098/3098 3097/3097/3097 3096/3096/3096
f 3099/3099/3099 3098/3098/3098 3096/3096/3096
f 3100/3100/3100 3098/3098/3098 3099/3099/3099
f 3101/3101/3101 3100/3100/3100 3099/3099/3099
f 3104/3104/3104 3103/3103/3103 3102/3102/3102
f 3105/3105/3105 3104/3104/3104 3102/3102/3102
f 3108/3108/3108 3107/3107/3107 3106/3106/3106
f 3109/3109/3109 3108/3108/3108 3106/3106/3106
f 3112/3112/3112 3111/3111/3111 3110/3110/3110
f 3111/3111/3111 3113/3113/3113 3110/3110/3110
f 3110/3110/3110 3113/3113/3113 3114/3114/3114
f 3113/3113/3113 3115/3115/3115 3114/3114/3114
f 3118/3118/3118 3117/3117/3117 3116/3116/3116
f 3119/3119/3119 3118/3118/3118 3116/3116/3116
f 3122/3122/3122 3121/3121/3121 3120/3120/3120
f 3123/3123/3123 3122/3122/3122 3120/3120/3120
f 3126/3126/3126 3125/3125/3125 3124/3124/3124
f 3127/3127/3127 3126/3126/3126 3124/3124/3124
f 3130/3130/3130 3129/3129/3129 3128/3128/3128
f 3131/3131/3131 3130/3130/3130 3128/3128/3128
f 3134/3134/3134 3133/3133/3133 3132/3132/3132
f 3135/3135/3135 3134/3134/3134 3132/3132/3132
f 3138/3138/3138 3137/3137/3137 3136/3136/3136
f 3139/3139/3139 3138/3138/3138 3136/3136/3136
f 3142/3142/3142 3141/3141/3141 3140/3140/3140
f 3143/3143/3143 3142/3142/3142 3140/3140/3140
f 3146/3146/3146 3145/3145/3145 3144/3144/3144
f 3147/3147/3147 3146/3146/3146 3144/3144/3144
f 3150/3150/3150 3149/3149/3149 3148/3148/3148
f 3151/3151/3151 3150/3150/3150 3148/3148/3148
f 3154/3154/3154 3153/3153/3153 3152/3152/3152
f 3155/3155/3155 3154/3154/3154 3152/3152/3152
f 3158/3158/3158 3157/3157/3157 3156/3156/3156
f 3159/3159/3159 3158/3158/3158 3156/3156/3156
f 3162/3162/3162 3161/3161/3161 3160/3160/3160
f 3163/3163/3163 3162/3162/3162 3160/3160/3160
f 3166/3166/3166 3165/3165/3165 3164/3164/3164
f 3167/3167/3167 3166/3166/3166 3164/3164/3164
f 3170/3170/3170 3169/3169/3169 3168/3168/3168
f 3171/3171/3171 3170/3170/3170 3168/3168/3168
f 3174/3174/3174 3173/3173/3173 3172/3172/3172
f 3175/3175/3175 3174/3174/3174 3172/3172/3172
f 3178/3178/3178 3177/3177/3177 3176/3176/3176
f 3179/3179/3179 3178/3178/3178 3176/3176/3176
f 3182/3182/3182 3181/3181/3181 3180/3180/3180
f 3183/3183/3183 3182/3182/3182 3180/3180/3180
f 3186/3186/3186 3185/3185/3185 3184/3184/3184
f 3187/3187/3187 3186/3186/3186 3184/3184/3184
f 3190/3190/3190 3189/3189/3189 3188/3188/3188
f 3191/3191/3191 3190/3190/3190 3188/3188/3188
f 3194/3194/3194 3193/3193/3193 3192/3192/3192
f 3195/3195/3195 3194/3194/3194 3192/3192/3192
f 3198/3198/3198 3197/3197/3197 3196/3196/3196
f 3199/3199/3199 3198/3198/3198 3196/3196/3196
f 3202/3202/3202 3201/3201/3201 3200/3200/3200
f 3203/3203/3203 3202/3202/3202 3200/3200/3200
f 3206/3206/3206 3205/3205/3205 3204/3204/3204
f 3207/3207/3207 3206/3206/3206 3204/3204/3204
f 3210/3210/3210 3209/3209/3209 3208/3208/3208
f 3211/3211/3211 3210/3210/3210 3208/3208/3208
f 3214/3214/3214 3213/3213/3213 3212/3212/3212
f 3213/3213/3213 3215/3215/3215 3212/3212/3212
f 3212/3212/3212 3215/3215/3215 3216/3216/3216
f 3215/3215/3215 3217/3217/3217 3216/3216/3216
f 3220/3220/3220 3219/3219/3219 3218/3218/3218
f 3221/3221/3221 3220/3220/3220 3218/3218/3218
f 3224/3224/3224 3223/3223/3223 3222/3222/3222
f 3225/3225/3225 3224/3224/3224 3222/3222/3222
f 3228/3228/3228 3227/3227/3227 3226/3226/3226
f 3227/3227/3227 3229/3229/3229 3226/3226/3226
f 3226/3226/3226 3229/3229/3229 3230/3230/3230
f 3229/3229/3229 3231/3231/3231 3230/3230/3230
f 3234/3234/3234 3233/3233/3233 3232/3232/3232
f 3233/3233/3233 3235/3235/3235 3232/3232/3232
f 3232/3232/3232 3235/3235/3235 3236/3236/3236
f 3235/3235/3235 3237/3237/3237 3236/3236/3236
f 3240/3240/3240 3239/3239/3239 3238/3238/3238
f 3241/3241/3241 3240/3240/3240 3238/3238/3238
f 3244/3244/3244 3243/3243/3243 3242/3242/3242
f 3245/3245/3245 3244/3244/3244 3242/3242/3242
f 3248/3248/3248 3247/3247/3247 3246/3246/3246
f 3249/3249/3249 3248/3248/3248 3246/3246/3246
f 3252/3252/3252 3251/3251/3251 3250/3250/3250
f 3253/3253/3253 3252/3252/3252 3250/3250/3250
f 3252/3252/3252 3253/3253/3253 3254/3254/3254
f 3255/3255/3255 3252/3252/3252 3254/3254/3254
f 3255/3255/3255 3254/3254/3254 3256/3256/3256
f 3257/3257/3257 3255/3255/3255 3256/3256/3256
f 3258/3258/3258 3257/3257/3257 3256/3256/3256
f 3259/3259/3259 3258/3258/3258 3256/3256/3256
f 3260/3260/3260 3258/3258/3258 3259/3259/3259
f 3261/3261/3261 3260/3260/3260 3259/3259/3259
f 3260/3260/3260 3261/3261/3261 3262/3262/3262
f 3263/3263/3263 3260/3260/3260 3262/3262/3262
f 3266/3266/3266 3265/3265/3265 3264/3264/3264
f 3267/3267/3267 3266/3266/3266 3264/3264/3264
f 3270/3270/3270 3269/3269/3269 3268/3268/3268
f 3271/3271/3271 3270/3270/3270 3268/3268/3268
f 3274/3274/3274 3273/3273/3273 3272/3272/3272
f 3275/3275/3275 3274/3274/3274 3272/3272/3272
f 3278/3278/3278 3277/3277/3277 3276/3276/3276
f 3279/3279/3279 3278/3278/3278 3276/3276/3276
f 3282/3282/3282 3281/3281/3281 3280/3280/3280
f 3283/3283/3283 3282/3282/3282 3280/3280/3280
f 3286/3286/3286 3285/3285/3285 3284/3284/3284
f 3285/3285/3285 3287/3287/3287 3284/3284/3284
f 3284/3284/3284 3287/3287/3287 3288/3288/3288
f 3291/3291/3291 3290/3290/3290 3289/3289/3289
f 3292/3292/3292 3291/3291/3291 3289/3289/3289
f 3295/3295/3295 3294/3294/3294 3293/3293/3293
f 3296/3296/3296 3295/3295/3295 3293/3293/3293
f 3299/3299/3299 3298/3298/3298 3297/3297/3297
f 3300/3300/3300 3299/3299/3299 3297/3297/3297
f 3303/3303/3303 3302/3302/3302 3301/3301/3301
f 3304/3304/3304 3303/3303/3303 3301/3301/3301
f 3307/3307/3307 3306/3306/3306 3305/3305/3305
f 3308/3308/3308 3307/3307/3307 3305/3305/3305
f 3311/3311/3311 3310/3310/3310 3309/3309/3309
f 3312/3312/3312 3311/3311/3311 3309/3309/3309
f 3315/3315/3315 3314/3314/3314 3313/3313/3313
f 3316/3316/3316 3315/3315/3315 3313/3313/3313
f 3319/3319/3319 3318/3318/3318 3317/3317/3317
f 3320/3320/3320 3319/3319/3319 3317/3317/3317
f 3323/3323/3323 3322/3322/3322 3321/3321/3321
f 3322/3322/3322 3324/3324/3324 3321/3321/3321
f 3322/3322/3322 3325/3325/3325 3324/3324/3324
f 3325/3325/3325 3326/3326/3326 3324/3324/3324
f 3329/3329/3329 3328/3328/3328 3327/3327/3327
f 3328/3328/3328 3330/3330/3330 3327/3327/3327
f 3328/3328/3328 3331/3331/3331 3330/3330/3330
f 3331/3331/3331 3332/3332/3332 3330/3330/3330
f 3335/3335/3335 3334/3334/3334 3333/3333/3333
f 3334/3334/3334 3336/3336/3336 3333/3333/3333
f 3334/3334/3334 3337/3337/3337 3336/3336/3336
f 3337/3337/3337 3338/3338/3338 3336/3336/3336
f 3341/3341/3341 3340/3340/3340 3339/3339/3339
f 3342/3342/3342 3341/3341/3341 3339/3339/3339
f 3342/3342/3342 3339/3339/3339 3343/3343/3343
f 3344/3344/3344 3342/3342/3342 3343/3343/3343
f 3347/3347/3347 3346/3346/3346 3345/3345/3345
f 3348/3348/3348 3347/3347/3347 3345/3345/3345
f 3348/3348/3348 3345/3345/3345 3349/3349/3349
f 3350/3350/3350 3348/3348/3348 3349/3349/3349
f 3353/3353/3353 3352/3352/3352 3351/3351/3351
f 3352/3352/3352 3354/3354/3354 3351/3351/3351
f 3352/3352/3352 3355/3355/3355 3354/3354/3354
f 3355/3355/3355 3356/3356/3356 3354/3354/3354
f 3359/3359/3359 3358/3358/3358 3357/3357/3357
f 3360/3360/3360 3359/3359/3359 3357/3357/3357
f 3360/3360/3360 3357/3357/3357 3361/3361/3361
f 3362/3362/3362 3360/3360/3360 3361/3361/3361
f 3365/3365/3365 3364/3364/3364 3363/3363/3363
f 3366/3366/3366 3365/3365/3365 3363/3363/3363
f 3366/3366/3366 3363/3363/3363 3367/3367/3367
f 3368/3368/3368 3366/3366/3366 3367/3367/3367
f 3371/3371/3371 3370/3370/3370 3369/3369/3369
f 3372/3372/3372 3371/3371/3371 3369/3369/3369
f 3375/3375/3375 3374/3374/3374 3373/3373/3373
f 3376/3376/3376 3375/3375/3375 3373/3373/3373
f 3379/3379/3379 3378/3378/3378 3377/3377/3377
f 3380/3380/3380 3379/3379/3379 3377/3377/3377
f 3379/3379/3379 3380/3380/3380 3381/3381/3381
f 3382/3382/3382 3379/3379/3379 3381/3381/3381
f 3385/3385/3385 3384/3384/3384 3383/3383/3383
f 3386/3386/3386 3385/3385/3385 3383/3383/3383
f 3389/3389/3389 3388/3388/3388 3387/3387/3387
f 3390/3390/3390 3389/3389/3389 3387/3387/3387
f 3393/3393/3393 3392/3392/3392 3391/3391/3391
f 3394/3394/3394 3393/3393/3393 3391/3391/3391
f 3397/3397/3397 3396/3396/3396 3395/3395/3395
f 3398/3398/3398 3397/3397/3397 3395/3395/3395
f 3399/3399/3399 3398/3398/3398 3395/3395/3395
f 3397/3397/3397 3398/3398/3398 3399/3399/3399
f 3400/3400/3400 3397/3397/3397 3399/3399/3399
f 3401/3401/3401 3399/3399/3399 3395/3395/3395
f 3402/3402/3402 3400/3400/3400 3399/3399/3399
f 3403/3403/3403 3399/3399/3399 3401/3401/3401
f 3403/3403/3403 3402/3402/3402 3399/3399/3399
f 3404/3404/3404 3403/3403/3403 3401/3401/3401
f 3402/3402/3402 3403/3403/3403 3405/3405/3405
f 3403/3403/3403 3404/3404/3404 3405/3405/3405
f 3408/3408/3408 3407/3407/3407 3406/3406/3406
f 3407/3407/3407 3409/3409/3409 3406/3406/3406
f 3407/3407/3407 3410/3410/3410 3409/3409/3409
f 3410/3410/3410 3411/3411/3411 3409/3409/3409
f 3414/3414/3414 3413/3413/3413 3412/3412/3412
f 3415/3415/3415 3414/3414/3414 3412/3412/3412
f 3418/3418/3418 3417/3417/3417 3416/3416/3416
f 3419/3419/3419 3418/3418/3418 3416/3416/3416
f 3422/3422/3422 3421/3421/3421 3420/3420/3420
f 3420/3420/3420 3423/3423/3423 3422/3422/3422
f 3420/3420/3420 3424/3424/3424 3423/3423/3423
f 3425/3425/3425 3424/3424/3424 3420/3420/3420
f 3420/3420/3420 3426/3426/3426 3425/3425/3425
f 3426/3426/3426 3427/3427/3427 3425/3425/3425
f 3430/3430/3430 3429/3429/3429 3428/3428/3428
f 3431/3431/3431 3430/3430/3430 3428/3428/3428
f 3434/3434/3434 3433/3433/3433 3432/3432/3432
f 3435/3435/3435 3434/3434/3434 3432/3432/3432
f 3438/3438/3438 3437/3437/3437 3436/3436/3436
f 3439/3439/3439 3438/3438/3438 3436/3436/3436
f 3442/3442/3442 3441/3441/3441 3440/3440/3440
f 3441/3441/3441 3442/3442/3442 3443/3443/3443
f 3444/3444/3444 3441/3441/3441 3443/3443/3443
f 3445/3445/3445 3441/3441/3441 3444/3444/3444
f 3446/3446/3446 3445/3445/3445 3444/3444/3444
f 3449/3449/3449 3448/3448/3448 3447/3447/3447
f 3451/3451/3451 3450/3450/3450 3449/3449/3449
f 3451/3451/3451 3453/3453/3453 3452/3452/3452
f 3453/3453/3453 3454/3454/3454 3452/3452/3452
f 3456/3456/3456 3447/3447/3447 3455/3455/3455
f 3457/3457/3457 3456/3456/3456 3455/3455/3455
f 3456/3456/3456 3459/3459/3459 3458/3458/3458
f 3458/3458/3458 3459/3459/3459 3460/3460/3460
f 3459/3459/3459 3461/3461/3461 3460/3460/3460
f 3464/3464/3464 3463/3463/3463 3462/3462/3462
f 3465/3465/3465 3464/3464/3464 3462/3462/3462
f 3468/3468/3468 3467/3467/3467 3466/3466/3466
f 3469/3469/3469 3468/3468/3468 3466/3466/3466
f 3472/3472/3472 3471/3471/3471 3470/3470/3470
f 3471/3471/3471 3473/3473/3473 3470/3470/3470
f 3473/3473/3473 3474/3474/3474 3470/3470/3470
f 3474/3474/3474 3475/3475/3475 3470/3470/3470
f 3478/3478/3478 3477/3477/3477 3476/3476/3476
f 3479/3479/3479 3478/3478/3478 3476/3476/3476
f 3482/3482/3482 3481/3481/3481 3480/3480/3480
f 3483/3483/3483 3482/3482/3482 3480/3480/3480
f 3486/3486/3486 3485/3485/3485 3484/3484/3484
f 3487/3487/3487 3486/3486/3486 3484/3484/3484
f 3490/3490/3490 3489/3489/3489 3488/3488/3488
f 3491/3491/3491 3490/3490/3490 3488/3488/3488
f 3494/3494/3494 3493/3493/3493 3492/3492/3492
f 3495/3495/3495 3494/3494/3494 3492/3492/3492
f 3498/3498/3498 3497/3497/3497 3496/3496/3496
f 3499/3499/3499 3498/3498/3498 3496/3496/3496
f 3502/3502/3502 3501/3501/3501 3500/3500/3500
f 3503/3503/3503 3502/3502/3502 3500/3500/3500
f 3506/3506/3506 3505/3505/3505 3504/3504/3504
f 3506/3506/3506 3504/3504/3504 3507/3507/3507
f 3508/3508/3508 3506/3506/3506 3507/3507/3507
f 3511/3511/3511 3510/3510/3510 3509/3509/3509
f 3512/3512/3512 3511/3511/3511 3509/3509/3509
f 3515/3515/3515 3514/3514/3514 3513/3513/3513
f 3516/3516/3516 3515/3515/3515 3513/3513/3513
f 3519/3519/3519 3518/3518/3518 3517/3517/3517
f 3519/3519/3519 3520/3520/3520 3518/3518/3518
f 3520/3520/3520 3521/3521/3521 3518/3518/3518
f 3524/3524/3524 3523/3523/3523 3522/3522/3522
f 3525/3525/3525 3524/3524/3524 3522/3522/3522
f 3522/3522/3522 3526/3526/3526 3525/3525/3525
f 3527/3527/3527 3525/3525/3525 3526/3526/3526
f 3528/3528/3528 3527/3527/3527 3526/3526/3526
f 3526/3526/3526 3529/3529/3529 3528/3528/3528
f 3532/3532/3532 3531/3531/3531 3530/3530/3530
f 3533/3533/3533 3532/3532/3532 3530/3530/3530
f 3536/3536/3536 3535/3535/3535 3534/3534/3534
f 3537/3537/3537 3536/3536/3536 3534/3534/3534
f 3540/3540/3540 3539/3539/3539 3538/3538/3538
f 3541/3541/3541 3540/3540/3540 3538/3538/3538
f 3544/3544/3544 3543/3543/3543 3542/3542/3542
f 3545/3545/3545 3544/3544/3544 3542/3542/3542
f 3548/3548/3548 3547/3547/3547 3546/3546/3546
f 3549/3549/3549 3548/3548/3548 3546/3546/3546
f 3550/3550/3550 3548/3548/3548 3549/3549/3549
f 3551/3551/3551 3550/3550/3550 3549/3549/3549
f 3554/3554/3554 3553/3553/3553 3552/3552/3552
f 3555/3555/3555 3554/3554/3554 3552/3552/3552
f 3558/3558/3558 3557/3557/3557 3556/3556/3556
f 3559/3559/3559 3558/3558/3558 3556/3556/3556
f 3562/3562/3562 3561/3561/3561 3560/3560/3560
f 3563/3563/3563 3562/3562/3562 3560/3560/3560
f 3566/3566/3566 3565/3565/3565 3564/3564/3564
f 3567/3567/3567 3566/3566/3566 3564/3564/3564
f 3570/3570/3570 3569/3569/3569 3568/3568/3568
f 3571/3571/3571 3570/3570/3570 3568/3568/3568
f 3574/3574/3574 3573/3573/3573 3572/3572/3572
f 3573/3573/3573 3575/3575/3575 3572/3572/3572
f 3572/3572/3572 3575/3575/3575 3576/3576/3576
f 3575/3575/3575 3577/3577/3577 3576/3576/3576
f 3580/3580/3580 3579/3579/3579 3578/3578/3578
f 3581/3581/3581 3580/3580/3580 3578/3578/3578
f 3584/3584/3584 3583/3583/3583 3582/3582/3582
f 3585/3585/3585 3584/3584/3584 3582/3582/3582
f 3586/3586/3586 3584/3584/3584 3585/3585/3585
f 3587/3587/3587 3586/3586/3586 3585/3585/3585
f 3590/3590/3590 3589/3589/3589 3588/3588/3588
f 3589/3589/3589 3591/3591/3591 3588/3588/3588
f 3588/3588/3588 3591/3591/3591 3592/3592/3592
f 3591/3591/3591 3593/3593/3593 3592/3592/3592
f 3596/3596/3596 3595/3595/3595 3594/3594/3594
f 3595/3595/3595 3597/3597/3597 3594/3594/3594
f 3594/3594/3594 3597/3597/3597 3598/3598/3598
f 3597/3597/3597 3599/3599/3599 3598/3598/3598
f 3602/3602/3602 3601/3601/3601 3600/3600/3600
f 3603/3603/3603 3602/3602/3602 3600/3600/3600
f 3606/3606/3606 3605/3605/3605 3604/3604/3604
f 3607/3607/3607 3606/3606/3606 3604/3604/3604
f 3610/3610/3610 3609/3609/3609 3608/3608/3608
f 3611/3611/3611 3610/3610/3610 3608/3608/3608
f 3614/3614/3614 3613/3613/3613 3612/3612/3612
f 3615/3615/3615 3614/3614/3614 3612/3612/3612
f 3618/3618/3618 3617/3617/3617 3616/3616/3616
f 3619/3619/3619 3618/3618/3618 3616/3616/3616
f 3620/3620/3620 3618/3618/3618 3619/3619/3619
f 3621/3621/3621 3620/3620/3620 3619/3619/3619
f 3624/3624/3624 3623/3623/3623 3622/3622/3622
f 3625/3625/3625 3624/3624/3624 3622/3622/3622
f 3626/3626/3626 3624/3624/3624 3625/3625/3625
f 3627/3627/3627 3626/3626/3626 3625/3625/3625
f 3630/3630/3630 3629/3629/3629 3628/3628/3628
f 3631/3631/3631 3630/3630/3630 3628/3628/3628
f 3632/3632/3632 3630/3630/3630 3631/3631/3631
f 3633/3633/3633 3632/3632/3632 3631/3631/3631
f 3636/3636/3636 3635/3635/3635 3634/3634/3634
f 3637/3637/3637 3636/3636/3636 3634/3634/3634
f 3638/3638/3638 3636/3636/3636 3637/3637/3637
f 3639/3639/3639 3638/3638/3638 3637/3637/3637
f 3642/3642/3642 3641/3641/3641 3640/3640/3640
f 3643/3643/3643 3642/3642/3642 3640/3640/3640
f 3644/3644/3644 3642/3642/3642 3643/3643/3643
f 3645/3645/3645 3644/3644/3644 3643/3643/3643
f 3648/3648/3648 3647/3647/3647 3646/3646/3646
f 3649/3649/3649 3648/3648/3648 3646/3646/3646
f 3652/3652/3652 3651/3651/3651 3650/3650/3650
f 3653/3653/3653 3652/3652/3652 3650/3650/3650
f 3656/3656/3656 3655/3655/3655 3654/3654/3654
f 3657/3657/3657 3656/3656/3656 3654/3654/3654
f 3660/3660/3660 3659/3659/3659 3658/3658/3658
f 3659/3659/3659 3661/3661/3661 3658/3658/3658
f 3658/3658/3658 3661/3661/3661 3662/3662/3662
f 3661/3661/3661 3663/3663/3663 3662/3662/3662
f 3666/3666/3666 3665/3665/3665 3664/3664/3664
f 3667/3667/3667 3666/3666/3666 3664/3664/3664
f 3670/3670/3670 3669/3669/3669 3668/3668/3668
f 3671/3671/3671 3670/3670/3670 3668/3668/3668
f 3672/3672/3672 3670/3670/3670 3671/3671/3671
f 3673/3673/3673 3672/3672/3672 3671/3671/3671
f 3676/3676/3676 3675/3675/3675 3674/3674/3674
f 3677/3677/3677 3676/3676/3676 3674/3674/3674
f 3680/3680/3680 3679/3679/3679 3678/3678/3678
f 3681/3681/3681 3680/3680/3680 3678/3678/3678
f 3681/3681/3681 3678/3678/3678 3682/3682/3682
f 3682/3682/3682 3683/3683/3683 3681/3681/3681
f 3678/3678/3678 3684/3684/3684 3682/3682/3682
f 3685/3685/3685 3684/3684/3684 3678/3678/3678
f 3678/3678/3678 3686/3686/3686 3685/3685/3685
f 3686/3686/3686 3687/3687/3687 3685/3685/3685
f 3688/3688/3688 3685/3685/3685 3687/3687/3687
f 3689/3689/3689 3683/3683/3683 3688/3688/3688
f 3688/3688/3688 3687/3687/3687 3689/3689/3689
f 3689/3689/3689 3690/3690/3690 3681/3681/3681
f 3690/3690/3690 3689/3689/3689 3691/3691/3691
f 3689/3689/3689 3692/3692/3692 3691/3691/3691
f 3689/3689/3689 3687/3687/3687 3692/3692/3692
f 3687/3687/3687 3693/3693/3693 3692/3692/3692
f 3686/3686/3686 3694/3694/3694 3687/3687/3687
f 3694/3694/3694 3686/3686/3686 3695/3695/3695
f 3686/3686/3686 3696/3696/3696 3695/3695/3695
f 3686/3686/3686 3697/3697/3697 3696/3696/3696
f 3696/3696/3696 3698/3698/3698 3695/3695/3695
f 3699/3699/3699 3698/3698/3698 3696/3696/3696
f 3698/3698/3698 3700/3700/3700 3695/3695/3695
f 3701/3701/3701 3700/3700/3700 3698/3698/3698
f 3698/3698/3698 3702/3702/3702 3701/3701/3701
f 3702/3702/3702 3703/3703/3703 3701/3701/3701
f 3702/3702/3702 3704/3704/3704 3703/3703/3703
f 3703/3703/3703 3705/3705/3705 3701/3701/3701
f 3706/3706/3706 3704/3704/3704 3702/3702/3702
f 3702/3702/3702 3707/3707/3707 3706/3706/3706
f 3708/3708/3708 3701/3701/3701 3705/3705/3705
f 3705/3705/3705 3709/3709/3709 3708/3708/3708
f 3709/3709/3709 3706/3706/3706 3710/3710/3710
f 3707/3707/3707 3710/3710/3710 3706/3706/3706
f 3710/3710/3710 3708/3708/3708 3709/3709/3709
f 3708/3708/3708 3710/3710/3710 3711/3711/3711
f 3711/3711/3711 3710/3710/3710 3712/3712/3712
f 3713/3713/3713 3708/3708/3708 3711/3711/3711
f 3701/3701/3701 3708/3708/3708 3713/3713/3713
f 3714/3714/3714 3701/3701/3701 3713/3713/3713
f 3712/3712/3712 3710/3710/3710 3715/3715/3715
f 3715/3715/3715 3710/3710/3710 3716/3716/3716
f 3716/3716/3716 3710/3710/3710 3717/3717/3717
f 3710/3710/3710 3718/3718/3718 3717/3717/3717
f 3717/3717/3717 3718/3718/3718 3719/3719/3719
f 3707/3707/3707 3720/3720/3720 3710/3710/3710
f 3720/3720/3720 3721/3721/3721 3710/3710/3710
f 3710/3710/3710 3721/3721/3721 3718/3718/3718
f 3707/3707/3707 3722/3722/3722 3720/3720/3720
f 3721/3721/3721 3723/3723/3723 3718/3718/3718
f 3707/3707/3707 3724/3724/3724 3722/3722/3722
f 3724/3724/3724 3725/3725/3725 3722/3722/3722
f 3722/3722/3722 3725/3725/3725 3723/3723/3723
f 3726/3726/3726 3725/3725/3725 3724/3724/3724
f 3727/3727/3727 3724/3724/3724 3707/3707/3707
f 3725/3725/3725 3728/3728/3728 3723/3723/3723
f 3729/3729/3729 3728/3728/3728 3725/3725/3725
f 3723/3723/3723 3728/3728/3728 3730/3730/3730
f 3723/3723/3723 3730/3730/3730 3718/3718/3718
f 3730/3730/3730 3731/3731/3731 3718/3718/3718
f 3732/3732/3732 3727/3727/3727 3707/3707/3707
f 3732/3732/3732 3707/3707/3707 3702/3702/3702
f 3733/3733/3733 3732/3732/3732 3702/3702/3702
f 3727/3727/3727 3732/3732/3732 3734/3734/3734
f 3735/3735/3735 3727/3727/3727 3734/3734/3734
f 3735/3735/3735 3734/3734/3734 3736/3736/3736
f 3737/3737/3737 3735/3735/3735 3736/3736/3736
f 3738/3738/3738 3737/3737/3737 3736/3736/3736
f 3731/3731/3731 3739/3739/3739 3718/3718/3718
f 3740/3740/3740 3739/3739/3739 3731/3731/3731
f 3738/3738/3738 3736/3736/3736 3741/3741/3741
f 3742/3742/3742 3738/3738/3738 3741/3741/3741
f 3741/3741/3741 3736/3736/3736 3743/3743/3743
f 3736/3736/3736 3744/3744/3744 3743/3743/3743
f 3745/3745/3745 3741/3741/3741 3743/3743/3743
f 3746/3746/3746 3745/3745/3745 3743/3743/3743
f 3747/3747/3747 3745/3745/3745 3746/3746/3746
f 2254/2254/2254 3747/3747/3747 3746/3746/3746
f 3748/3748/3748 2254/2254/2254 3746/3746/3746
f 2259/2259/2259 3747/3747/3747 2254/2254/2254
f 3749/3749/3749 3747/3747/3747 2259/2259/2259
f 3749/3749/3749 3750/3750/3750 3747/3747/3747
f 3751/3751/3751 3749/3749/3749 2259/2259/2259
f 2260/2260/2260 3752/3752/3752 2259/2259/2259
f 3753/3753/3753 3752/3752/3752 2260/2260/2260
f 3754/3754/3754 3753/3753/3753 2260/2260/2260
f 3755/3755/3755 3753/3753/3753 3754/3754/3754
f 3753/3753/3753 3756/3756/3756 3752/3752/3752
f 3756/3756/3756 3757/3757/3757 3752/3752/3752
f 3752/3752/3752 3757/3757/3757 3758/3758/3758
f 3757/3757/3757 3759/3759/3759 3758/3758/3758
f 3758/3758/3758 3759/3759/3759 3760/3760/3760
f 3757/3757/3757 3761/3761/3761 3759/3759/3759
f 3760/3760/3760 3759/3759/3759 3762/3762/3762
f 3759/3759/3759 3761/3761/3761 3763/3763/3763
f 3764/3764/3764 3753/3753/3753 3755/3755/3755
f 3765/3765/3765 3764/3764/3764 3755/3755/3755
f 3766/3766/3766 3764/3764/3764 3765/3765/3765
f 3753/3753/3753 3764/3764/3764 3767/3767/3767
f 3753/3753/3753 3767/3767/3767 3768/3768/3768
f 3763/3763/3763 3768/3768/3768 3767/3767/3767
f 3769/3769/3769 3763/3763/3763 3767/3767/3767
f 3763/3763/3763 3769/3769/3769 3759/3759/3759
f 3769/3769/3769 3770/3770/3770 3759/3759/3759
f 3771/3771/3771 3764/3764/3764 3766/3766/3766
f 3772/3772/3772 3771/3771/3771 3766/3766/3766
f 3773/3773/3773 3771/3771/3771 3772/3772/3772
f 3774/3774/3774 3771/3771/3771 3773/3773/3773
f 3775/3775/3775 3774/3774/3774 3773/3773/3773
f 3776/3776/3776 3774/3774/3774 3775/3775/3775
f 3777/3777/3777 3774/3774/3774 3776/3776/3776
f 3778/3778/3778 3774/3774/3774 3777/3777/3777
f 3780/3780/3780 3779/3779/3779 3771/3771/3771
f 3779/3779/3779 3781/3781/3781 3771/3771/3771
f 3781/3781/3781 3779/3779/3779 3782/3782/3782
f 3779/3779/3779 3783/3783/3783 3782/3782/3782
f 3784/3784/3784 3782/3782/3782 3783/3783/3783
f 3774/3774/3774 3784/3784/3784 3783/3783/3783
f 3774/3774/3774 3785/3785/3785 3784/3784/3784
f 3785/3785/3785 3786/3786/3786 3784/3784/3784
f 3789/3789/3789 3788/3788/3788 3787/3787/3787
f 3790/3790/3790 3789/3789/3789 3787/3787/3787
f 3793/3793/3793 3792/3792/3792 3791/3791/3791
f 3794/3794/3794 3793/3793/3793 3791/3791/3791
f 3797/3797/3797 3796/3796/3796 3795/3795/3795
f 3798/3798/3798 3797/3797/3797 3795/3795/3795
f 3801/3801/3801 3800/3800/3800 3799/3799/3799
f 3802/3802/3802 3801/3801/3801 3799/3799/3799
f 3805/3805/3805 3804/3804/3804 3803/3803/3803
f 3803/3803/3803 3806/3806/3806 3805/3805/3805
f 3803/3803/3803 3807/3807/3807 3806/3806/3806
f 3808/3808/3808 3805/3805/3805 3806/3806/3806
f 3806/3806/3806 3809/3809/3809 3808/3808/3808
f 3806/3806/3806 3810/3810/3810 3809/3809/3809
f 3813/3813/3813 3812/3812/3812 3811/3811/3811
f 3812/3812/3812 3814/3814/3814 3811/3811/3811
f 3811/3811/3811 3814/3814/3814 3815/3815/3815
f 3814/3814/3814 3816/3816/3816 3815/3815/3815
f 3815/3815/3815 3816/3816/3816 3817/3817/3817
f 3818/3818/3818 3815/3815/3815 3817/3817/3817
f 3818/3818/3818 3817/3817/3817 3819/3819/3819
f 3820/3820/3820 3818/3818/3818 3819/3819/3819
f 3820/3820/3820 3819/3819/3819 3821/3821/3821
f 3819/3819/3819 3822/3822/3822 3821/3821/3821
f 3821/3821/3821 3822/3822/3822 3823/3823/3823
f 3822/3822/3822 3824/3824/3824 3823/3823/3823
f 3827/3827/3827 3826/3826/3826 3825/3825/3825
f 3828/3828/3828 3827/3827/3827 3825/3825/3825
f 3831/3831/3831 3830/3830/3830 3829/3829/3829
f 3832/3832/3832 3831/3831/3831 3829/3829/3829
f 3835/3835/3835 3834/3834/3834 3833/3833/3833
f 3836/3836/3836 3835/3835/3835 3833/3833/3833
f 3839/3839/3839 3838/3838/3838 3837/3837/3837
f 3840/3840/3840 3839/3839/3839 3837/3837/3837
f 3843/3843/3843 3842/3842/3842 3841/3841/3841
f 3844/3844/3844 3843/3843/3843 3841/3841/3841
f 3847/3847/3847 3846/3846/3846 3845/3845/3845
f 3848/3848/3848 3847/3847/3847 3845/3845/3845
f 3848/3848/3848 3849/3849/3849 3847/3847/3847
f 3849/3849/3849 3850/3850/3850 3847/3847/3847
f 3850/3850/3850 3849/3849/3849 3851/3851/3851
f 3852/3852/3852 3850/3850/3850 3851/3851/3851
f 3853/3853/3853 3852/3852/3852 3851/3851/3851
f 3854/3854/3854 3853/3853/3853 3851/3851/3851
f 3853/3853/3853 3854/3854/3854 3855/3855/3855
f 3854/3854/3854 3856/3856/3856 3855/3855/3855
f 3859/3859/3859 3858/3858/3858 3857/3857/3857
f 3860/3860/3860 3859/3859/3859 3857/3857/3857
f 3863/3863/3863 3862/3862/3862 3861/3861/3861
f 3864/3864/3864 3863/3863/3863 3861/3861/3861
f 3867/3867/3867 3866/3866/3866 3865/3865/3865
f 3868/3868/3868 3867/3867/3867 3865/3865/3865
f 3871/3871/3871 3870/3870/3870 3869/3869/3869
f 3869/3869/3869 3872/3872/3872 3871/3871/3871
f 3872/3872/3872 3873/3873/3873 3871/3871/3871
f 3874/3874/3874 3871/3871/3871 3873/3873/3873
f 3873/3873/3873 3875/3875/3875 3874/3874/3874
f 3875/3875/3875 3876/3876/3876 3874/3874/3874
f 3879/3879/3879 3878/3878/3878 3877/3877/3877
f 3880/3880/3880 3879/3879/3879 3877/3877/3877
f 3883/3883/3883 3882/3882/3882 3881/3881/3881
f 3884/3884/3884 3883/3883/3883 3881/3881/3881
f 3887/3887/3887 3886/3886/3886 3885/3885/3885
f 3888/3888/3888 3887/3887/3887 3885/3885/3885
f 3891/3891/3891 3890/3890/3890 3889/3889/3889
f 3892/3892/3892 3891/3891/3891 3889/3889/3889
f 3895/3895/3895 3894/3894/3894 3893/3893/3893
f 3896/3896/3896 3895/3895/3895 3893/3893/3893
f 3899/3899/3899 3898/3898/3898 3897/3897/3897
f 3900/3900/3900 3899/3899/3899 3897/3897/3897
f 3903/3903/3903 3902/3902/3902 3901/3901/3901
f 3904/3904/3904 3903/3903/3903 3901/3901/3901
f 3907/3907/3907 3906/3906/3906 3905/3905/3905
f 3908/3908/3908 3907/3907/3907 3905/3905/3905
f 3911/3911/3911 3910/3910/3910 3909/3909/3909
f 3912/3912/3912 3911/3911/3911 3909/3909/3909
f 3915/3915/3915 3914/3914/3914 3913/3913/3913
f 3916/3916/3916 3915/3915/3915 3913/3913/3913
f 3917/3917/3917 3915/3915/3915 3916/3916/3916
f 3920/3920/3920 3919/3919/3919 3918/3918/3918
f 3921/3921/3921 3920/3920/3920 3918/3918/3918
f 3924/3924/3924 3923/3923/3923 3922/3922/3922
f 3925/3925/3925 3924/3924/3924 3922/3922/3922
f 3928/3928/3928 3927/3927/3927 3926/3926/3926
f 3929/3929/3929 3928/3928/3928 3926/3926/3926
f 3932/3932/3932 3931/3931/3931 3930/3930/3930
f 3933/3933/3933 3932/3932/3932 3930/3930/3930
f 3936/3936/3936 3935/3935/3935 3934/3934/3934
f 3937/3937/3937 3936/3936/3936 3934/3934/3934
f 3940/3940/3940 3939/3939/3939 3938/3938/3938
f 3941/3941/3941 3940/3940/3940 3938/3938/3938
f 3944/3944/3944 3943/3943/3943 3942/3942/3942
f 3945/3945/3945 3944/3944/3944 3942/3942/3942
f 3948/3948/3948 3947/3947/3947 3946/3946/3946
f 3949/3949/3949 3948/3948/3948 3946/3946/3946
f 3952/3952/3952 3951/3951/3951 3950/3950/3950
f 3953/3953/3953 3952/3952/3952 3950/3950/3950
f 3956/3956/3956 3955/3955/3955 3954/3954/3954
f 3957/3957/3957 3956/3956/3956 3954/3954/3954
f 3956/3956/3956 3957/3957/3957 3958/3958/3958
f 3959/3959/3959 3956/3956/3956 3958/3958/3958
f 3962/3962/3962 3961/3961/3961 3960/3960/3960
f 3961/3961/3961 3963/3963/3963 3960/3960/3960
f 3960/3960/3960 3963/3963/3963 3964/3964/3964
f 3963/3963/3963 3965/3965/3965 3964/3964/3964
f 3964/3964/3964 3965/3965/3965 3966/3966/3966
f 3965/3965/3965 3967/3967/3967 3966/3966/3966
f 3966/3966/3966 3967/3967/3967 3968/3968/3968
f 3967/3967/3967 3965/3965/3965 3969/3969/3969
f 3970/3970/3970 3966/3966/3966 3968/3968/3968
f 3971/3971/3971 3966/3966/3966 3970/3970/3970
f 3972/3972/3972 3970/3970/3970 3968/3968/3968
f 3973/3973/3973 3972/3972/3972 3968/3968/3968
f 3967/3967/3967 3974/3974/3974 3968/3968/3968
f 3974/3974/3974 3967/3967/3967 3975/3975/3975
f 3976/3976/3976 3975/3975/3975 3967/3967/3967
f 3977/3977/3977 3976/3976/3976 3967/3967/3967
f 3978/3978/3978 3976/3976/3976 3977/3977/3977
f 3979/3979/3979 3978/3978/3978 3977/3977/3977
f 3980/3980/3980 3978/3978/3978 3979/3979/3979
f 3980/3980/3980 3979/3979/3979 3981/3981/3981
f 3979/3979/3979 3982/3982/3982 3981/3981/3981
f 3981/3981/3981 3982/3982/3982 3983/3983/3983
f 3968/3968/3968 3974/3974/3974 3984/3984/3984
f 3974/3974/3974 3985/3985/3985 3984/3984/3984
f 3985/3985/3985 3980/3980/3980 3984/3984/3984
f 3984/3984/3984 3980/3980/3980 3986/3986/3986
f 3986/3986/3986 3980/3980/3980 3981/3981/3981
f 3968/3968/3968 3984/3984/3984 3987/3987/3987
f 3987/3987/3987 3984/3984/3984 3988/3988/3988
f 3989/3989/3989 3968/3968/3968 3987/3987/3987
f 3990/3990/3990 3981/3981/3981 3983/3983/3983
f 3990/3990/3990 3983/3983/3983 3991/3991/3991
f 3983/3983/3983 3992/3992/3992 3991/3991/3991
f 3993/3993/3993 3991/3991/3991 3992/3992/3992
f 3994/3994/3994 3993/3993/3993 3992/3992/3992
f 3994/3994/3994 3995/3995/3995 3993/3993/3993
f 3996/3996/3996 3993/3993/3993 3995/3995/3995
f 3997/3997/3997 3996/3996/3996 3995/3995/3995
f 3998/3998/3998 3990/3990/3990 3996/3996/3996
f 3981/3981/3981 3990/3990/3990 3998/3998/3998
f 3997/3997/3997 3998/3998/3998 3996/3996/3996
f 3999/3999/3999 3981/3981/3981 3998/3998/3998
f 3999/3999/3999 3998/3998/3998 4000/4000/4000
f 4001/4001/4001 3981/3981/3981 3999/3999/3999
f 4003/4003/4003 3997/3997/3997 4002/4002/4002
f 4002/4002/4002 3997/3997/3997 4004/4004/4004
f 4004/4004/4004 3997/3997/3997 4005/4005/4005
f 3997/3997/3997 4006/4006/4006 4005/4005/4005
f 4009/4009/4009 4008/4008/4008 4007/4007/4007
f 4008/4008/4008 4010/4010/4010 4007/4007/4007
f 4011/4011/4011 4010/4010/4010 4008/4008/4008
f 4011/4011/4011 4008/4008/4008 4012/4012/4012
f 4012/4012/4012 4013/4013/4013 4011/4011/4011
f 4011/4011/4011 4013/4013/4013 4014/4014/4014
f 4015/4015/4015 4011/4011/4011 4014/4014/4014
f 4014/4014/4014 4016/4016/4016 4015/4015/4015
f 4016/4016/4016 4017/4017/4017 4015/4015/4015
f 4018/4018/4018 4017/4017/4017 4016/4016/4016
f 4019/4019/4019 4018/4018/4018 4016/4016/4016
f 4018/4018/4018 4019/4019/4019 4020/4020/4020
f 4018/4018/4018 4020/4020/4020 4021/4021/4021
f 4021/4021/4021 4022/4022/4022 4018/4018/4018
f 4022/4022/4022 4021/4021/4021 4023/4023/4023
f 4024/4024/4024 4022/4022/4022 4023/4023/4023
f 4024/4024/4024 4023/4023/4023 4025/4025/4025
f 4024/4024/4024 4025/4025/4025 4026/4026/4026
f 4026/4026/4026 4027/4027/4027 4024/4024/4024
f 4030/4030/4030 4029/4029/4029 4028/4028/4028
f 4029/4029/4029 4031/4031/4031 4028/4028/4028
f 3759/3759/3759 4028/4028/4028 4031/4031/4031
f 3759/3759/3759 4031/4031/4031 3762/3762/3762
f 3762/3762/3762 4031/4031/4031 4032/4032/4032
f 4031/4031/4031 4033/4033/4033 4032/4032/4032
f 4032/4032/4032 4033/4033/4033 4034/4034/4034
f 4033/4033/4033 4035/4035/4035 4034/4034/4034
f 4038/4038/4038 4037/4037/4037 4036/4036/4036
f 3965/3965/3965 4038/4038/4038 4036/4036/4036
f 4041/4041/4041 4040/4040/4040 4039/4039/4039
f 4040/4040/4040 4042/4042/4042 4039/4039/4039
f 4042/4042/4042 4040/4040/4040 4043/4043/4043
f 4044/4044/4044 4042/4042/4042 4043/4043/4043
f 4043/4043/4043 4045/4045/4045 4044/4044/4044
f 4045/4045/4045 4043/4043/4043 4046/4046/4046
f 4047/4047/4047 4045/4045/4045 4046/4046/4046
f 4046/4046/4046 4048/4048/4048 4047/4047/4047
f 4048/4048/4048 4049/4049/4049 4047/4047/4047
f 4048/4048/4048 4050/4050/4050 4049/4049/4049
f 4050/4050/4050 4051/4051/4051 4049/4049/4049
f 4052/4052/4052 4051/4051/4051 4050/4050/4050
f 4053/4053/4053 4052/4052/4052 4050/4050/4050
f 4050/4050/4050 4054/4054/4054 4053/4053/4053
f 4054/4054/4054 4055/4055/4055 4053/4053/4053
f 4055/4055/4055 4056/4056/4056 4053/4053/4053
f 4055/4055/4055 4057/4057/4057 4056/4056/4056
f 4060/4060/4060 4059/4059/4059 4058/4058/4058
f 4061/4061/4061 4060/4060/4060 4058/4058/4058
f 4064/4064/4064 4063/4063/4063 4062/4062/4062
f 4065/4065/4065 4064/4064/4064 4062/4062/4062
f 4068/4068/4068 4067/4067/4067 4066/4066/4066
f 4068/4068/4068 4069/4069/4069 4067/4067/4067
f 4069/4069/4069 4070/4070/4070 4067/4067/4067
f 4070/4070/4070 4071/4071/4071 4067/4067/4067
f 4071/4071/4071 4072/4072/4072 4067/4067/4067
f 4072/4072/4072 4073/4073/4073 4067/4067/4067
f 4073/4073/4073 4074/4074/4074 4067/4067/4067
f 4074/4074/4074 4075/4075/4075 4067/4067/4067
f 4078/4078/4078 4077/4077/4077 4076/4076/4076
f 4079/4079/4079 4078/4078/4078 4076/4076/4076
f 4080/4080/4080 4079/4079/4079 4076/4076/4076
f 4081/4081/4081 4080/4080/4080 4076/4076/4076
f 4082/4082/4082 4081/4081/4081 4076/4076/4076
f 4083/4083/4083 4082/4082/4082 4076/4076/4076
f 4084/4084/4084 4083/4083/4083 4076/4076/4076
f 4085/4085/4085 4084/4084/4084 4076/4076/4076
f 4088/4088/4088 4087/4087/4087 4086/4086/4086
f 4087/4087/4087 4089/4089/4089 4086/4086/4086
f 4087/4087/4087 4090/4090/4090 4089/4089/4089
f 4090/4090/4090 4091/4091/4091 4089/4089/4089
f 4094/4094/4094 4093/4093/4093 4092/4092/4092
f 4095/4095/4095 4094/4094/4094 4092/4092/4092
f 4098/4098/4098 4097/4097/4097 4096/4096/4096
f 4099/4099/4099 4098/4098/4098 4096/4096/4096
f 4102/4102/4102 4101/4101/4101 4100/4100/4100
f 4103/4103/4103 4102/4102/4102 4100/4100/4100
f 4106/4106/4106 4105/4105/4105 4104/4104/4104
f 4107/4107/4107 4106/4106/4106 4104/4104/4104
f 4110/4110/4110 4109/4109/4109 4108/4108/4108
f 4111/4111/4111 4110/4110/4110 4108/4108/4108
f 4114/4114/4114 4113/4113/4113 4112/4112/4112
f 4115/4115/4115 4114/4114/4114 4112/4112/4112
f 4118/4118/4118 4117/4117/4117 4116/4116/4116
f 4119/4119/4119 4118/4118/4118 4116/4116/4116
f 4122/4122/4122 4121/4121/4121 4120/4120/4120
f 4123/4123/4123 4122/4122/4122 4120/4120/4120
f 4126/4126/4126 4125/4125/4125 4124/4124/4124
f 4127/4127/4127 4126/4126/4126 4124/4124/4124
f 4130/4130/4130 4129/4129/4129 4128/4128/4128
f 4131/4131/4131 4130/4130/4130 4128/4128/4128
f 4134/4134/4134 4133/4133/4133 4132/4132/4132
f 4135/4135/4135 4134/4134/4134 4132/4132/4132
f 4138/4138/4138 4137/4137/4137 4136/4136/4136
f 4139/4139/4139 4138/4138/4138 4136/4136/4136
f 4142/4142/4142 4141/4141/4141 4140/4140/4140
f 4143/4143/4143 4142/4142/4142 4140/4140/4140
f 4146/4146/4146 4145/4145/4145 4144/4144/4144
f 4147/4147/4147 4146/4146/4146 4144/4144/4144
f 4150/4150/4150 4149/4149/4149 4148/4148/4148
f 4151/4151/4151 4150/4150/4150 4148/4148/4148
f 4154/4154/4154 4153/4153/4153 4152/4152/4152
f 4155/4155/4155 4154/4154/4154 4152/4152/4152
f 4158/4158/4158 4157/4157/4157 4156/4156/4156
f 4159/4159/4159 4158/4158/4158 4156/4156/4156
f 4162/4162/4162 4161/4161/4161 4160/4160/4160
f 4163/4163/4163 4162/4162/4162 4160/4160/4160
f 4166/4166/4166 4165/4165/4165 4164/4164/4164
f 4167/4167/4167 4166/4166/4166 4164/4164/4164
f 4170/4170/4170 4169/4169/4169 4168/4168/4168
f 4171/4171/4171 4170/4170/4170 4168/4168/4168
f 4174/4174/4174 4173/4173/4173 4172/4172/4172
f 4175/4175/4175 4174/4174/4174 4172/4172/4172
f 4178/4178/4178 4177/4177/4177 4176/4176/4176
f 4179/4179/4179 4178/4178/4178 4176/4176/4176
f 4182/4182/4182 4181/4181/4181 4180/4180/4180
f 4183/4183/4183 4182/4182/4182 4180/4180/4180
f 4186/4186/4186 4185/4185/4185 4184/4184/4184
f 4187/4187/4187 4186/4186/4186 4184/4184/4184
f 4187/4187/4187 4184/4184/4184 4188/4188/4188
f 4189/4189/4189 4187/4187/4187 4188/4188/4188
f 4192/4192/4192 4191/4191/4191 4190/4190/4190
f 4193/4193/4193 4192/4192/4192 4190/4190/4190
f 4196/4196/4196 4195/4195/4195 4194/4194/4194
f 4197/4197/4197 4196/4196/4196 4194/4194/4194
f 4200/4200/4200 4199/4199/4199 4198/4198/4198
f 4201/4201/4201 4200/4200/4200 4198/4198/4198
f 4204/4204/4204 4203/4203/4203 4202/4202/4202
f 4205/4205/4205 4204/4204/4204 4202/4202/4202
f 4205/4205/4205 4202/4202/4202 4206/4206/4206
f 4207/4207/4207 4205/4205/4205 4206/4206/4206
f 4210/4210/4210 4209/4209/4209 4208/4208/4208
f 4211/4211/4211 4210/4210/4210 4208/4208/4208
f 4212/4212/4212 4210/4210/4210 4211/4211/4211
f 4213/4213/4213 4212/4212/4212 4211/4211/4211
f 4214/4214/4214 4212/4212/4212 4213/4213/4213
f 4217/4217/4217 4216/4216/4216 4215/4215/4215
f 4216/4216/4216 4218/4218/4218 4215/4215/4215
f 4215/4215/4215 4218/4218/4218 4219/4219/4219
f 4218/4218/4218 4220/4220/4220 4219/4219/4219
f 4219/4219/4219 4220/4220/4220 4221/4221/4221
f 4220/4220/4220 4222/4222/4222 4221/4221/4221
f 4221/4221/4221 4222/4222/4222 4223/4223/4223
f 4224/4224/4224 4221/4221/4221 4223/4223/4223
f 4224/4224/4224 4223/4223/4223 4225/4225/4225
f 4226/4226/4226 4224/4224/4224 4225/4225/4225
f 4225/4225/4225 4223/4223/4223 4227/4227/4227
f 4223/4223/4223 4228/4228/4228 4227/4227/4227
f 4227/4227/4227 4228/4228/4228 4229/4229/4229
f 4228/4228/4228 4230/4230/4230 4229/4229/4229
f 4229/4229/4229 4230/4230/4230 4231/4231/4231
f 4230/4230/4230 4232/4232/4232 4231/4231/4231
f 4231/4231/4231 4232/4232/4232 4233/4233/4233
f 4232/4232/4232 4234/4234/4234 4233/4233/4233
f 4233/4233/4233 4234/4234/4234 4235/4235/4235
f 4234/4234/4234 4236/4236/4236 4235/4235/4235
f 4235/4235/4235 4236/4236/4236 4237/4237/4237
f 4236/4236/4236 4238/4238/4238 4237/4237/4237
f 4236/4236/4236 4239/4239/4239 4238/4238/4238
f 4236/4236/4236 4240/4240/4240 4239/4239/4239
f 4243/4243/4243 4242/4242/4242 4241/4241/4241
f 4244/4244/4244 4243/4243/4243 4241/4241/4241
f 4247/4247/4247 4246/4246/4246 4245/4245/4245
f 4248/4248/4248 4247/4247/4247 4245/4245/4245
f 4251/4251/4251 4250/4250/4250 4249/4249/4249
f 4250/4250/4250 4252/4252/4252 4249/4249/4249
f 4249/4249/4249 4252/4252/4252 411/411/411
f 4249/4249/4249 411/411/411 4253/4253/4253
f 411/411/411 4252/4252/4252 4254/4254/4254
f 4252/4252/4252 4255/4255/4255 4254/4254/4254
f 4255/4255/4255 4256/4256/4256 4254/4254/4254
f 4254/4254/4254 4256/4256/4256 394/394/394
f 4257/4257/4257 394/394/394 4256/4256/4256
f 411/411/411 415/415/415 4253/4253/4253
f 4258/4258/4258 4253/4253/4253 415/415/415
f 415/415/415 4259/4259/4259 4258/4258/4258
f 4259/4259/4259 4260/4260/4260 4258/4258/4258
f 4260/4260/4260 4259/4259/4259 4261/4261/4261
f 415/415/415 4262/4262/4262 4259/4259/4259
f 4263/4263/4263 4259/4259/4259 4262/4262/4262
f 4264/4264/4264 4262/4262/4262 415/415/415
f 4267/4267/4267 4266/4266/4266 4265/4265/4265
f 4266/4266/4266 4268/4268/4268 4265/4265/4265
f 4268/4268/4268 4269/4269/4269 4265/4265/4265
f 4272/4272/4272 4271/4271/4271 4270/4270/4270
f 4273/4273/4273 4272/4272/4272 4270/4270/4270
f 4276/4276/4276 4275/4275/4275 4274/4274/4274
f 4277/4277/4277 4276/4276/4276 4274/4274/4274
f 4277/4277/4277 4274/4274/4274 4278/4278/4278
f 4279/4279/4279 4277/4277/4277 4278/4278/4278
f 4279/4279/4279 4278/4278/4278 4280/4280/4280
f 4281/4281/4281 4279/4279/4279 4280/4280/4280
f 4281/4281/4281 4280/4280/4280 4282/4282/4282
f 4283/4283/4283 4281/4281/4281 4282/4282/4282
f 4286/4286/4286 4285/4285/4285 4284/4284/4284
f 4287/4287/4287 4286/4286/4286 4284/4284/4284
f 4287/4287/4287 4284/4284/4284 4288/4288/4288
f 4289/4289/4289 4287/4287/4287 4288/4288/4288
f 4292/4292/4292 4291/4291/4291 4290/4290/4290
f 4293/4293/4293 4292/4292/4292 4290/4290/4290
f 4296/4296/4296 4295/4295/4295 4294/4294/4294
f 4296/4296/4296 4297/4297/4297 4295/4295/4295
f 4297/4297/4297 4298/4298/4298 4295/4295/4295
f 4298/4298/4298 4299/4299/4299 4295/4295/4295
f 4302/4302/4302 4301/4301/4301 4300/4300/4300
f 4300/4300/4300 4303/4303/4303 4302/4302/4302
f 4304/4304/4304 4302/4302/4302 4303/4303/4303
f 4300/4300/4300 4305/4305/4305 4303/4303/4303
f 4303/4303/4303 4305/4305/4305 4306/4306/4306
f 4307/4307/4307 4304/4304/4304 4303/4303/4303
f 4306/4306/4306 4308/4308/4308 4303/4303/4303
f 4306/4306/4306 4309/4309/4309 4308/4308/4308
f 4307/4307/4307 4303/4303/4303 4310/4310/4310
f 4311/4311/4311 4307/4307/4307 4310/4310/4310
f 4311/4311/4311 4310/4310/4310 4312/4312/4312
f 4313/4313/4313 4307/4307/4307 4311/4311/4311
f 4316/4316/4316 4315/4315/4315 4314/4314/4314
f 4315/4315/4315 4317/4317/4317 4314/4314/4314
f 4314/4314/4314 4317/4317/4317 4318/4318/4318
f 4315/4315/4315 4319/4319/4319 4317/4317/4317
f 4322/4322/4322 4321/4321/4321 4320/4320/4320
f 4320/4320/4320 4323/4323/4323 4322/4322/4322
f 4320/4320/4320 4324/4324/4324 4323/4323/4323
f 4320/4320/4320 4325/4325/4325 4324/4324/4324
f 4320/4320/4320 4326/4326/4326 4325/4325/4325
f 4329/4329/4329 4328/4328/4328 4327/4327/4327
f 4328/4328/4328 4330/4330/4330 4327/4327/4327
f 4333/4333/4333 4332/4332/4332 4331/4331/4331
f 4332/4332/4332 4334/4334/4334 4331/4331/4331
f 4335/4335/4335 4331/4331/4331 4334/4334/4334
f 4336/4336/4336 4335/4335/4335 4334/4334/4334
f 4335/4335/4335 4337/4337/4337 4331/4331/4331
f 4337/4337/4337 4338/4338/4338 4331/4331/4331
f 4341/4341/4341 4340/4340/4340 4339/4339/4339
f 4341/4341/4341 4342/4342/4342 4340/4340/4340
f 4345/4345/4345 4344/4344/4344 4343/4343/4343
f 4344/4344/4344 4346/4346/4346 4343/4343/4343
f 4349/4349/4349 4348/4348/4348 4347/4347/4347
f 4350/4350/4350 4348/4348/4348 4349/4349/4349
f 4351/4351/4351 4350/4350/4350 4349/4349/4349
f 4350/4350/4350 4352/4352/4352 4348/4348/4348
f 4355/4355/4355 4354/4354/4354 4353/4353/4353
f 4355/4355/4355 4356/4356/4356 4354/4354/4354
f 4359/4359/4359 4358/4358/4358 4357/4357/4357
f 4358/4358/4358 4360/4360/4360 4357/4357/4357
f 4363/4363/4363 4362/4362/4362 4361/4361/4361
f 4362/4362/4362 4364/4364/4364 4361/4361/4361
f 4364/4364/4364 4365/4365/4365 4361/4361/4361
f 4368/4368/4368 4367/4367/4367 4366/4366/4366
f 4369/4369/4369 4368/4368/4368 4366/4366/4366
f 4370/4370/4370 4369/4369/4369 4366/4366/4366
f 4373/4373/4373 4372/4372/4372 4371/4371/4371
f 4374/4374/4374 4373/4373/4373 4371/4371/4371
f 4377/4377/4377 4376/4376/4376 4375/4375/4375
f 4376/4376/4376 4378/4378/4378 4375/4375/4375
f 4376/4376/4376 4379/4379/4379 4378/4378/4378
f 4379/4379/4379 4380/4380/4380 4378/4378/4378
f 4383/4383/4383 4382/4382/4382 4381/4381/4381
f 4382/4382/4382 4384/4384/4384 4381/4381/4381
f 4382/4382/4382 4385/4385/4385 4384/4384/4384
f 4385/4385/4385 4386/4386/4386 4384/4384/4384
f 4389/4389/4389 4388/4388/4388 4387/4387/4387
f 4387/4387/4387 4388/4388/4388 4390/4390/4390
f 4388/4388/4388 4391/4391/4391 4390/4390/4390
f 4394/4394/4394 4393/4393/4393 4392/4392/4392
f 4393/4393/4393 4395/4395/4395 4392/4392/4392
f 4392/4392/4392 4395/4395/4395 4396/4396/4396
f 4395/4395/4395 4397/4397/4397 4396/4396/4396
f 4400/4400/4400 4399/4399/4399 4398/4398/4398
f 4399/4399/4399 3739/3739/3739 4398/4398/4398
f 4398/4398/4398 3739/3739/3739 4401/4401/4401
f 3718/3718/3718 3739/3739/3739 4399/4399/4399
f 4402/4402/4402 3718/3718/3718 4399/4399/4399
f 4404/4404/4404 4403/4403/4403 3739/3739/3739
f 4403/4403/4403 4405/4405/4405 3739/3739/3739
f 4408/4408/4408 4407/4407/4407 4406/4406/4406
f 4407/4407/4407 4409/4409/4409 4406/4406/4406
f 4407/4407/4407 4410/4410/4410 4409/4409/4409
f 4410/4410/4410 4411/4411/4411 4409/4409/4409
f 4414/4414/4414 4413/4413/4413 4412/4412/4412
f 4415/4415/4415 4414/4414/4414 4412/4412/4412
f 4415/4415/4415 4412/4412/4412 4416/4416/4416
f 4417/4417/4417 4415/4415/4415 4416/4416/4416
f 4417/4417/4417 4416/4416/4416 4418/4418/4418
f 4419/4419/4419 4417/4417/4417 4418/4418/4418
f 4422/4422/4422 4421/4421/4421 4420/4420/4420
f 4421/4421/4421 4423/4423/4423 4420/4420/4420
f 4421/4421/4421 4424/4424/4424 4423/4423/4423
f 4424/4424/4424 4425/4425/4425 4423/4423/4423
f 4426/4426/4426 4425/4425/4425 4424/4424/4424
f 4429/4429/4429 4428/4428/4428 4427/4427/4427
f 4428/4428/4428 4430/4430/4430 4427/4427/4427
f 4428/4428/4428 4431/4431/4431 4430/4430/4430
f 4431/4431/4431 4432/4432/4432 4430/4430/4430
f 4435/4435/4435 4434/4434/4434 4433/4433/4433
f 4436/4436/4436 4435/4435/4435 4433/4433/4433
f 4439/4439/4439 4438/4438/4438 4437/4437/4437
f 4440/4440/4440 4439/4439/4439 4437/4437/4437
f 4441/4441/4441 4439/4439/4439 4440/4440/4440
f 4442/4442/4442 4441/4441/4441 4440/4440/4440
f 4443/4443/4443 4441/4441/4441 4442/4442/4442
f 4444/4444/4444 4443/4443/4443 4442/4442/4442
f 4447/4447/4447 4446/4446/4446 4445/4445/4445
f 4446/4446/4446 4448/4448/4448 4445/4445/4445
f 4445/4445/4445 4448/4448/4448 4449/4449/4449
f 4448/4448/4448 4450/4450/4450 4449/4449/4449
f 4453/4453/4453 4452/4452/4452 4451/4451/4451
f 4454/4454/4454 4453/4453/4453 4451/4451/4451
f 4457/4457/4457 4456/4456/4456 4455/4455/4455
f 4458/4458/4458 4457/4457/4457 4455/4455/4455
f 4455/4455/4455 4459/4459/4459 4458/4458/4458
f 4459/4459/4459 4460/4460/4460 4458/4458/4458
f 4455/4455/4455 4461/4461/4461 4459/4459/4459
f 4461/4461/4461 4462/4462/4462 4459/4459/4459
f 4465/4465/4465 4464/4464/4464 4463/4463/4463
f 4466/4466/4466 4465/4465/4465 4463/4463/4463
f 4469/4469/4469 4468/4468/4468 4467/4467/4467
f 4470/4470/4470 4469/4469/4469 4467/4467/4467
f 4473/4473/4473 4472/4472/4472 4471/4471/4471
f 4474/4474/4474 4473/4473/4473 4471/4471/4471
f 4474/4474/4474 4475/4475/4475 4473/4473/4473
f 4476/4476/4476 4474/4474/4474 4471/4471/4471
f 4475/4475/4475 4477/4477/4477 4473/4473/4473
f 4477/4477/4477 4478/4478/4478 4473/4473/4473
f 4475/4475/4475 4479/4479/4479 4477/4477/4477
f 4479/4479/4479 4480/4480/4480 4477/4477/4477
f 4480/4480/4480 4481/4481/4481 4477/4477/4477
f 4479/4479/4479 4482/4482/4482 4480/4480/4480
f 4482/4482/4482 4483/4483/4483 4480/4480/4480
f 4483/4483/4483 4484/4484/4484 4480/4480/4480
f 4482/4482/4482 4485/4485/4485 4483/4483/4483
f 4485/4485/4485 4486/4486/4486 4483/4483/4483
f 4486/4486/4486 4487/4487/4487 4483/4483/4483
f 4485/4485/4485 4488/4488/4488 4486/4486/4486
f 4488/4488/4488 4489/4489/4489 4486/4486/4486
f 4489/4489/4489 4490/4490/4490 4486/4486/4486
f 4471/4471/4471 4492/4492/4492 4491/4491/4491
f 4476/4476/4476 4471/4471/4471 4491/4491/4491
f 4491/4491/4491 4493/4493/4493 4476/4476/4476
f 4491/4491/4491 4494/4494/4494 4493/4493/4493
f 4493/4493/4493 4495/4495/4495 4476/4476/4476
f 4495/4495/4495 4493/4493/4493 4496/4496/4496
f 4496/4496/4496 4493/4493/4493 4497/4497/4497
f 4500/4500/4500 4499/4499/4499 4498/4498/4498
f 4501/4501/4501 4500/4500/4500 4498/4498/4498
f 4504/4504/4504 4503/4503/4503 4502/4502/4502
f 4505/4505/4505 4504/4504/4504 4502/4502/4502
f 4508/4508/4508 4507/4507/4507 4506/4506/4506
f 4509/4509/4509 4508/4508/4508 4506/4506/4506
f 4512/4512/4512 4511/4511/4511 4510/4510/4510
f 4513/4513/4513 4512/4512/4512 4510/4510/4510
f 4516/4516/4516 4515/4515/4515 4514/4514/4514
f 4517/4517/4517 4516/4516/4516 4514/4514/4514
f 4520/4520/4520 4519/4519/4519 4518/4518/4518
f 4521/4521/4521 4520/4520/4520 4518/4518/4518
f 4524/4524/4524 4523/4523/4523 4522/4522/4522
f 4525/4525/4525 4524/4524/4524 4522/4522/4522
f 4528/4528/4528 4527/4527/4527 4526/4526/4526
f 4529/4529/4529 4528/4528/4528 4526/4526/4526
f 4532/4532/4532 4531/4531/4531 4530/4530/4530
f 4533/4533/4533 4532/4532/4532 4530/4530/4530
f 4536/4536/4536 4535/4535/4535 4534/4534/4534
f 4537/4537/4537 4536/4536/4536 4534/4534/4534
f 4540/4540/4540 4539/4539/4539 4538/4538/4538
f 4541/4541/4541 4540/4540/4540 4538/4538/4538
f 4544/4544/4544 4543/4543/4543 4542/4542/4542
f 4542/4542/4542 4545/4545/4545 4544/4544/4544
f 4542/4542/4542 4546/4546/4546 4545/4545/4545
f 4549/4549/4549 4548/4548/4548 4547/4547/4547
f 4547/4547/4547 4550/4550/4550 4549/4549/4549
f 4547/4547/4547 4551/4551/4551 4550/4550/4550
f 4554/4554/4554 4553/4553/4553 4552/4552/4552
f 4552/4552/4552 4555/4555/4555 4554/4554/4554
f 4552/4552/4552 4556/4556/4556 4555/4555/4555
f 4559/4559/4559 4558/4558/4558 4557/4557/4557
f 4560/4560/4560 4559/4559/4559 4557/4557/4557
f 4563/4563/4563 4562/4562/4562 4561/4561/4561
f 4564/4564/4564 4563/4563/4563 4561/4561/4561
f 4567/4567/4567 4566/4566/4566 4565/4565/4565
f 4568/4568/4568 4567/4567/4567 4565/4565/4565
f 4571/4571/4571 4570/4570/4570 4569/4569/4569
f 4572/4572/4572 4571/4571/4571 4569/4569/4569
f 4575/4575/4575 4574/4574/4574 4573/4573/4573
f 4576/4576/4576 4575/4575/4575 4573/4573/4573
f 4576/4576/4576 4573/4573/4573 4577/4577/4577
f 4573/4573/4573 4578/4578/4578 4577/4577/4577
f 4577/4577/4577 4578/4578/4578 4579/4579/4579
f 4578/4578/4578 4580/4580/4580 4579/4579/4579
f 4580/4580/4580 4578/4578/4578 4581/4581/4581
f 4584/4584/4584 4583/4583/4583 4582/4582/4582
f 4585/4585/4585 4584/4584/4584 4582/4582/4582
f 4588/4588/4588 4587/4587/4587 4586/4586/4586
f 4587/4587/4587 4589/4589/4589 4586/4586/4586
f 4586/4586/4586 4589/4589/4589 4590/4590/4590
f 4593/4593/4593 4592/4592/4592 4591/4591/4591
f 4591/4591/4591 4594/4594/4594 4593/4593/4593
f 4594/4594/4594 4595/4595/4595 4593/4593/4593
f 4598/4598/4598 4597/4597/4597 4596/4596/4596
f 4597/4597/4597 4599/4599/4599 4596/4596/4596
f 4599/4599/4599 4600/4600/4600 4596/4596/4596
f 4600/4600/4600 4601/4601/4601 4596/4596/4596
f 4601/4601/4601 4602/4602/4602 4596/4596/4596
f 4602/4602/4602 4603/4603/4603 4596/4596/4596
f 4606/4606/4606 4605/4605/4605 4604/4604/4604
f 4607/4607/4607 4606/4606/4606 4604/4604/4604
f 4610/4610/4610 4609/4609/4609 4608/4608/4608
f 4611/4611/4611 4610/4610/4610 4608/4608/4608
f 4614/4614/4614 4613/4613/4613 4612/4612/4612
f 4615/4615/4615 4614/4614/4614 4612/4612/4612
f 4618/4618/4618 4617/4617/4617 4616/4616/4616
f 4617/4617/4617 4619/4619/4619 4616/4616/4616
f 4616/4616/4616 4619/4619/4619 4620/4620/4620
f 4619/4619/4619 4621/4621/4621 4620/4620/4620
f 4624/4624/4624 4623/4623/4623 4622/4622/4622
f 4623/4623/4623 4625/4625/4625 4622/4622/4622
f 4622/4622/4622 4625/4625/4625 4626/4626/4626
f 4625/4625/4625 4627/4627/4627 4626/4626/4626
f 4630/4630/4630 4629/4629/4629 4628/4628/4628
f 4629/4629/4629 4631/4631/4631 4628/4628/4628
f 4629/4629/4629 4632/4632/4632 4631/4631/4631
f 4632/4632/4632 4633/4633/4633 4631/4631/4631
f 4636/4636/4636 4635/4635/4635 4634/4634/4634
f 4635/4635/4635 4637/4637/4637 4634/4634/4634
f 4634/4634/4634 4637/4637/4637 4638/4638/4638
f 4637/4637/4637 4639/4639/4639 4638/4638/4638
f 4642/4642/4642 4641/4641/4641 4640/4640/4640
f 4643/4643/4643 4642/4642/4642 4640/4640/4640
f 4644/4644/4644 4642/4642/4642 4643/4643/4643
f 4645/4645/4645 4644/4644/4644 4643/4643/4643
f 4648/4648/4648 4647/4647/4647 4646/4646/4646
f 4649/4649/4649 4648/4648/4648 4646/4646/4646
f 4652/4652/4652 4651/4651/4651 4650/4650/4650
f 4653/4653/4653 4652/4652/4652 4650/4650/4650
f 4654/4654/4654 4652/4652/4652 4653/4653/4653
f 4655/4655/4655 4654/4654/4654 4653/4653/4653
f 4658/4658/4658 4657/4657/4657 4656/4656/4656
f 4659/4659/4659 4658/4658/4658 4656/4656/4656
f 4660/4660/4660 4658/4658/4658 4659/4659/4659
f 4661/4661/4661 4660/4660/4660 4659/4659/4659
f 4664/4664/4664 4663/4663/4663 4662/4662/4662
f 4665/4665/4665 4664/4664/4664 4662/4662/4662
f 4668/4668/4668 4667/4667/4667 4666/4666/4666
f 4669/4669/4669 4668/4668/4668 4666/4666/4666
f 4672/4672/4672 4671/4671/4671 4670/4670/4670
f 4671/4671/4671 4673/4673/4673 4670/4670/4670
f 4670/4670/4670 4673/4673/4673 4674/4674/4674
f 4673/4673/4673 4675/4675/4675 4674/4674/4674
f 4678/4678/4678 4677/4677/4677 4676/4676/4676
f 4677/4677/4677 4679/4679/4679 4676/4676/4676
f 4676/4676/4676 4679/4679/4679 4680/4680/4680
f 4680/4680/4680 4679/4679/4679 4681/4681/4681
f 4682/4682/4682 4680/4680/4680 4681/4681/4681
f 4685/4685/4685 4684/4684/4684 4683/4683/4683
f 4686/4686/4686 4685/4685/4685 4683/4683/4683
f 4689/4689/4689 4688/4688/4688 4687/4687/4687
f 4690/4690/4690 4689/4689/4689 4687/4687/4687
f 4691/4691/4691 4689/4689/4689 4690/4690/4690
f 4692/4692/4692 4691/4691/4691 4690/4690/4690
f 4693/4693/4693 4691/4691/4691 4692/4692/4692
f 4694/4694/4694 4693/4693/4693 4692/4692/4692
f 4695/4695/4695 4693/4693/4693 4694/4694/4694
f 4696/4696/4696 4695/4695/4695 4694/4694/4694
f 4699/4699/4699 4698/4698/4698 4697/4697/4697
f 4700/4700/4700 4699/4699/4699 4697/4697/4697
f 4703/4703/4703 4702/4702/4702 4701/4701/4701
f 4702/4702/4702 4704/4704/4704 4701/4701/4701
f 4705/4705/4705 4704/4704/4704 4702/4702/4702
f 4706/4706/4706 4705/4705/4705 4702/4702/4702
f 4705/4705/4705 4707/4707/4707 4704/4704/4704
f 4707/4707/4707 4708/4708/4708 4704/4704/4704
f 4707/4707/4707 4709/4709/4709 4708/4708/4708
f 4710/4710/4710 4704/4704/4704 4708/4708/4708
f 4709/4709/4709 4711/4711/4711 4708/4708/4708
f 4709/4709/4709 4712/4712/4712 4711/4711/4711
f 4712/4712/4712 4713/4713/4713 4711/4711/4711
f 4712/4712/4712 4714/4714/4714 4713/4713/4713
f 4714/4714/4714 4715/4715/4715 4713/4713/4713
f 4714/4714/4714 4716/4716/4716 4715/4715/4715
f 4716/4716/4716 4717/4717/4717 4715/4715/4715
f 4716/4716/4716 4718/4718/4718 4717/4717/4717
f 4718/4718/4718 4719/4719/4719 4717/4717/4717
f 4708/4708/4708 4711/4711/4711 4720/4720/4720
f 4720/4720/4720 4711/4711/4711 4721/4721/4721
f 4721/4721/4721 4711/4711/4711 4713/4713/4713
f 4722/4722/4722 4708/4708/4708 4720/4720/4720
f 4723/4723/4723 4721/4721/4721 4713/4713/4713
f 4724/4724/4724 4708/4708/4708 4722/4722/4722
f 4725/4725/4725 4724/4724/4724 4722/4722/4722
f 4724/4724/4724 4710/4710/4710 4708/4708/4708
f 4726/4726/4726 4723/4723/4723 4713/4713/4713
f 4726/4726/4726 4713/4713/4713 4715/4715/4715
f 4724/4724/4724 4725/4725/4725 4727/4727/4727
f 4727/4727/4727 4723/4723/4723 4726/4726/4726
f 4725/4725/4725 4728/4728/4728 4727/4727/4727
f 4728/4728/4728 4723/4723/4723 4727/4727/4727
f 4729/4729/4729 4726/4726/4726 4715/4715/4715
f 4729/4729/4729 4715/4715/4715 4730/4730/4730
f 4715/4715/4715 4717/4717/4717 4730/4730/4730
f 4730/4730/4730 4717/4717/4717 4731/4731/4731
f 4731/4731/4731 4717/4717/4717 4732/4732/4732
f 4717/4717/4717 4719/4719/4719 4732/4732/4732
f 4733/4733/4733 4732/4732/4732 4719/4719/4719
f 4734/4734/4734 4729/4729/4729 4730/4730/4730
f 4735/4735/4735 4733/4733/4733 4719/4719/4719
f 4736/4736/4736 4726/4726/4726 4729/4729/4729
f 4736/4736/4736 4737/4737/4737 4726/4726/4726
f 4738/4738/4738 4729/4729/4729 4734/4734/4734
f 4738/4738/4738 4733/4733/4733 4735/4735/4735
f 4734/4734/4734 4739/4739/4739 4738/4738/4738
f 4738/4738/4738 4739/4739/4739 4733/4733/4733
f 4740/4740/4740 4729/4729/4729 4738/4738/4738
f 4741/4741/4741 4740/4740/4740 4738/4738/4738
f 4741/4741/4741 4738/4738/4738 4735/4735/4735
f 4736/4736/4736 4742/4742/4742 4737/4737/4737
f 4742/4742/4742 4743/4743/4743 4737/4737/4737
f 4744/4744/4744 4742/4742/4742 4736/4736/4736
f 4745/4745/4745 4744/4744/4744 4736/4736/4736
f 4735/4735/4735 4746/4746/4746 4741/4741/4741
f 4746/4746/4746 4747/4747/4747 4741/4741/4741
f 4747/4747/4747 4748/4748/4748 4741/4741/4741
f 4749/4749/4749 4747/4747/4747 4746/4746/4746
f 4750/4750/4750 4749/4749/4749 4746/4746/4746
f 4746/4746/4746 4735/4735/4735 4751/4751/4751
f 4735/4735/4735 4752/4752/4752 4751/4751/4751
f 4750/4750/4750 4746/4746/4746 4753/4753/4753
f 4746/4746/4746 4751/4751/4751 4753/4753/4753
f 4752/4752/4752 4754/4754/4754 4751/4751/4751
f 4752/4752/4752 4755/4755/4755 4754/4754/4754
f 4754/4754/4754 4756/4756/4756 4751/4751/4751
f 4756/4756/4756 4757/4757/4757 4751/4751/4751
f 4751/4751/4751 4757/4757/4757 4753/4753/4753
f 4757/4757/4757 4758/4758/4758 4753/4753/4753
f 4755/4755/4755 4759/4759/4759 4754/4754/4754
f 4755/4755/4755 4760/4760/4760 4759/4759/4759
f 4760/4760/4760 4761/4761/4761 4759/4759/4759
f 4750/4750/4750 4753/4753/4753 4762/4762/4762
f 4763/4763/4763 4750/4750/4750 4762/4762/4762
f 4762/4762/4762 4764/4764/4764 4763/4763/4763
f 4753/4753/4753 4765/4765/4765 4762/4762/4762
f 4765/4765/4765 4766/4766/4766 4762/4762/4762
f 4761/4761/4761 4767/4767/4767 4759/4759/4759
f 4761/4761/4761 4768/4768/4768 4767/4767/4767
f 4767/4767/4767 4769/4769/4769 4759/4759/4759
f 4769/4769/4769 4770/4770/4770 4759/4759/4759
f 4768/4768/4768 4771/4771/4771 4767/4767/4767
f 4771/4771/4771 4772/4772/4772 4767/4767/4767
f 4772/4772/4772 4773/4773/4773 4767/4767/4767
f 4774/4774/4774 4772/4772/4772 4771/4771/4771
f 4775/4775/4775 4774/4774/4774 4771/4771/4771
f 4768/4768/4768 4775/4775/4775 4771/4771/4771
f 4768/4768/4768 4776/4776/4776 4775/4775/4775
f 4776/4776/4776 4777/4777/4777 4775/4775/4775
f 4776/4776/4776 4778/4778/4778 4777/4777/4777
f 4778/4778/4778 4776/4776/4776 4779/4779/4779
f 4779/4779/4779 4780/4780/4780 4778/4778/4778
f 4779/4779/4779 4781/4781/4781 4780/4780/4780
f 4781/4781/4781 4779/4779/4779 4782/4782/4782
f 4780/4780/4780 4783/4783/4783 4778/4778/4778
f 4783/4783/4783 4784/4784/4784 4778/4778/4778
f 4785/4785/4785 4783/4783/4783 4780/4780/4780
f 4781/4781/4781 4786/4786/4786 4780/4780/4780
f 4786/4786/4786 4787/4787/4787 4780/4780/4780
f 4787/4787/4787 4788/4788/4788 4780/4780/4780
f 4782/4782/4782 4789/4789/4789 4781/4781/4781
f 4789/4789/4789 4790/4790/4790 4781/4781/4781
f 4790/4790/4790 4791/4791/4791 4781/4781/4781
f 4789/4789/4789 4782/4782/4782 4710/4710/4710
f 4792/4792/4792 4789/4789/4789 4710/4710/4710
f 4793/4793/4793 4710/4710/4710 4782/4782/4782
f 4794/4794/4794 4793/4793/4793 4782/4782/4782
f 4792/4792/4792 4710/4710/4710 4724/4724/4724
f 4795/4795/4795 4792/4792/4792 4724/4724/4724
f 4796/4796/4796 4795/4795/4795 4724/4724/4724
f 4796/4796/4796 4797/4797/4797 4795/4795/4795
f 4797/4797/4797 4798/4798/4798 4795/4795/4795
f 4795/4795/4795 4798/4798/4798 4792/4792/4792
f 4798/4798/4798 4799/4799/4799 4792/4792/4792
f 4791/4791/4791 4800/4800/4800 4781/4781/4781
f 4800/4800/4800 4801/4801/4801 4781/4781/4781
f 4801/4801/4801 4802/4802/4802 4781/4781/4781
f 4803/4803/4803 4801/4801/4801 4800/4800/4800
f 4804/4804/4804 4803/4803/4803 4800/4800/4800
f 4805/4805/4805 4804/4804/4804 4800/4800/4800
f 4791/4791/4791 4806/4806/4806 4804/4804/4804
f 4806/4806/4806 4807/4807/4807 4804/4804/4804
f 4808/4808/4808 4806/4806/4806 4791/4791/4791
f 4809/4809/4809 4808/4808/4808 4791/4791/4791
f 4812/4812/4812 4811/4811/4811 4810/4810/4810
f 4813/4813/4813 4811/4811/4811 4812/4812/4812
f 4814/4814/4814 4811/4811/4811 4813/4813/4813
f 4815/4815/4815 4814/4814/4814 4813/4813/4813
f 4816/4816/4816 4813/4813/4813 4812/4812/4812
f 4817/4817/4817 4816/4816/4816 4812/4812/4812
f 4816/4816/4816 4817/4817/4817 4818/4818/4818
f 4817/4817/4817 4819/4819/4819 4818/4818/4818
f 4815/4815/4815 4813/4813/4813 4820/4820/4820
f 4821/4821/4821 4815/4815/4815 4820/4820/4820
f 4821/4821/4821 4820/4820/4820 4822/4822/4822
f 4823/4823/4823 4821/4821/4821 4822/4822/4822
f 4823/4823/4823 4822/4822/4822 4824/4824/4824
f 4825/4825/4825 4823/4823/4823 4824/4824/4824
f 4825/4825/4825 4824/4824/4824 4826/4826/4826
f 4827/4827/4827 4825/4825/4825 4826/4826/4826
f 4827/4827/4827 4826/4826/4826 4828/4828/4828
f 4829/4829/4829 4827/4827/4827 4828/4828/4828
f 4829/4829/4829 4828/4828/4828 4830/4830/4830
f 4831/4831/4831 4829/4829/4829 4830/4830/4830
f 4831/4831/4831 4830/4830/4830 4832/4832/4832
f 4833/4833/4833 4831/4831/4831 4832/4832/4832
f 4834/4834/4834 4832/4832/4832 4830/4830/4830
f 4835/4835/4835 4834/4834/4834 4830/4830/4830
f 4822/4822/4822 4820/4820/4820 4836/4836/4836
f 4836/4836/4836 4820/4820/4820 4837/4837/4837
f 4837/4837/4837 4820/4820/4820 4813/4813/4813
f 4838/4838/4838 4837/4837/4837 4813/4813/4813
f 4816/4816/4816 4838/4838/4838 4813/4813/4813
f 4839/4839/4839 4838/4838/4838 4816/4816/4816
f 4840/4840/4840 4839/4839/4839 4816/4816/4816
f 4841/4841/4841 4839/4839/4839 4840/4840/4840
f 4842/4842/4842 4822/4822/4822 4836/4836/4836
f 4843/4843/4843 4841/4841/4841 4840/4840/4840
f 4841/4841/4841 4843/4843/4843 4842/4842/4842
f 4824/4824/4824 4822/4822/4822 4842/4842/4842
f 4843/4843/4843 4824/4824/4824 4842/4842/4842
f 4843/4843/4843 4844/4844/4844 4824/4824/4824
f 4844/4844/4844 4826/4826/4826 4824/4824/4824
f 4844/4844/4844 4845/4845/4845 4826/4826/4826
f 4846/4846/4846 4845/4845/4845 4844/4844/4844
f 4845/4845/4845 4847/4847/4847 4826/4826/4826
f 4848/4848/4848 4845/4845/4845 4846/4846/4846
f 4847/4847/4847 4828/4828/4828 4826/4826/4826
f 4849/4849/4849 4848/4848/4848 4846/4846/4846
f 4850/4850/4850 4828/4828/4828 4847/4847/4847
f 4851/4851/4851 4848/4848/4848 4849/4849/4849
f 4830/4830/4830 4828/4828/4828 4850/4850/4850
f 4835/4835/4835 4851/4851/4851 4849/4849/4849
f 4852/4852/4852 4830/4830/4830 4850/4850/4850
f 4851/4851/4851 4835/4835/4835 4852/4852/4852
f 4835/4835/4835 4830/4830/4830 4852/4852/4852
f 4855/4855/4855 4854/4854/4854 4853/4853/4853
f 4856/4856/4856 4855/4855/4855 4853/4853/4853
f 4859/4859/4859 4858/4858/4858 4857/4857/4857
f 4860/4860/4860 4859/4859/4859 4857/4857/4857
f 4860/4860/4860 4861/4861/4861 4859/4859/4859
f 4861/4861/4861 4862/4862/4862 4859/4859/4859
f 4863/4863/4863 4861/4861/4861 4860/4860/4860
f 4864/4864/4864 4863/4863/4863 4860/4860/4860
f 4867/4867/4867 4866/4866/4866 4865/4865/4865
f 4866/4866/4866 4868/4868/4868 4865/4865/4865
f 4871/4871/4871 4870/4870/4870 4869/4869/4869
f 4872/4872/4872 4871/4871/4871 4869/4869/4869
f 4875/4875/4875 4874/4874/4874 4873/4873/4873
f 4876/4876/4876 4875/4875/4875 4873/4873/4873
f 4877/4877/4877 4875/4875/4875 4876/4876/4876
f 4878/4878/4878 4877/4877/4877 4876/4876/4876
f 4881/4881/4881 4880/4880/4880 4879/4879/4879
f 4882/4882/4882 4881/4881/4881 4879/4879/4879
f 4885/4885/4885 4884/4884/4884 4883/4883/4883
f 4886/4886/4886 4885/4885/4885 4883/4883/4883
f 4889/4889/4889 4888/4888/4888 4887/4887/4887
f 4890/4890/4890 4889/4889/4889 4887/4887/4887
f 4893/4893/4893 4892/4892/4892 4891/4891/4891
f 4893/4893/4893 4894/4894/4894 4892/4892/4892
f 4893/4893/4893 4895/4895/4895 4894/4894/4894
f 4893/4893/4893 4896/4896/4896 4895/4895/4895
f 4896/4896/4896 4897/4897/4897 4895/4895/4895
f 4896/4896/4896 4898/4898/4898 4897/4897/4897
f 4898/4898/4898 4899/4899/4899 4897/4897/4897
f 4898/4898/4898 4900/4900/4900 4899/4899/4899
f 4901/4901/4901 4900/4900/4900 4898/4898/4898
f 4900/4900/4900 4902/4902/4902 4899/4899/4899
f 4900/4900/4900 4903/4903/4903 4902/4902/4902
f 4903/4903/4903 4904/4904/4904 4902/4902/4902
f 4907/4907/4907 4906/4906/4906 4905/4905/4905
f 4907/4907/4907 4905/4905/4905 4908/4908/4908
f 4907/4907/4907 4908/4908/4908 4909/4909/4909
f 4907/4907/4907 4909/4909/4909 4910/4910/4910
f 4907/4907/4907 4910/4910/4910 4911/4911/4911
f 4907/4907/4907 4911/4911/4911 4912/4912/4912
f 4913/4913/4913 4907/4907/4907 4912/4912/4912
f 4913/4913/4913 4912/4912/4912 4914/4914/4914
f 4915/4915/4915 4913/4913/4913 4914/4914/4914
f 4915/4915/4915 4914/4914/4914 4916/4916/4916
f 4917/4917/4917 4915/4915/4915 4916/4916/4916
f 4920/4920/4920 4919/4919/4919 4918/4918/4918
f 4920/4920/4920 4918/4918/4918 4921/4921/4921
f 4924/4924/4924 4923/4923/4923 4922/4922/4922
f 4923/4923/4923 4925/4925/4925 4922/4922/4922
f 4923/4923/4923 4926/4926/4926 4925/4925/4925
f 4926/4926/4926 4927/4927/4927 4925/4925/4925
f 4930/4930/4930 4929/4929/4929 4928/4928/4928
f 4931/4931/4931 4930/4930/4930 4928/4928/4928
f 4934/4934/4934 4933/4933/4933 4932/4932/4932
f 4935/4935/4935 4934/4934/4934 4932/4932/4932
f 4938/4938/4938 4937/4937/4937 4936/4936/4936
f 4939/4939/4939 4938/4938/4938 4936/4936/4936
f 4939/4939/4939 4936/4936/4936 4940/4940/4940
f 4941/4941/4941 4939/4939/4939 4940/4940/4940
f 4944/4944/4944 4943/4943/4943 4942/4942/4942
f 4945/4945/4945 4944/4944/4944 4942/4942/4942
f 4948/4948/4948 4947/4947/4947 4946/4946/4946
f 4949/4949/4949 4948/4948/4948 4946/4946/4946
f 4952/4952/4952 4951/4951/4951 4950/4950/4950
f 4953/4953/4953 4952/4952/4952 4950/4950/4950
f 4956/4956/4956 4955/4955/4955 4954/4954/4954
f 4957/4957/4957 4956/4956/4956 4954/4954/4954
f 4960/4960/4960 4959/4959/4959 4958/4958/4958
f 4961/4961/4961 4960/4960/4960 4958/4958/4958
f 4964/4964/4964 4963/4963/4963 4962/4962/4962
f 4965/4965/4965 4964/4964/4964 4962/4962/4962
f 4968/4968/4968 4967/4967/4967 4966/4966/4966
f 4969/4969/4969 4968/4968/4968 4966/4966/4966
f 4972/4972/4972 4971/4971/4971 4970/4970/4970
f 4973/4973/4973 4972/4972/4972 4970/4970/4970
f 4976/4976/4976 4975/4975/4975 4974/4974/4974
f 4977/4977/4977 4976/4976/4976 4974/4974/4974
f 4980/4980/4980 4979/4979/4979 4978/4978/4978
f 4981/4981/4981 4980/4980/4980 4978/4978/4978
f 4984/4984/4984 4983/4983/4983 4982/4982/4982
f 4985/4985/4985 4984/4984/4984 4982/4982/4982
f 4988/4988/4988 4987/4987/4987 4986/4986/4986
f 4989/4989/4989 4988/4988/4988 4986/4986/4986
f 4992/4992/4992 4991/4991/4991 4990/4990/4990
f 4993/4993/4993 4992/4992/4992 4990/4990/4990
f 4996/4996/4996 4995/4995/4995 4994/4994/4994
f 4997/4997/4997 4996/4996/4996 4994/4994/4994
f 5000/5000/5000 4999/4999/4999 4998/4998/4998
f 5001/5001/5001 5000/5000/5000 4998/4998/4998
f 5004/5004/5004 5003/5003/5003 5002/5002/5002
f 5005/5005/5005 5004/5004/5004 5002/5002/5002
f 5008/5008/5008 5007/5007/5007 5006/5006/5006
f 5009/5009/5009 5008/5008/5008 5006/5006/5006
f 5012/5012/5012 5011/5011/5011 5010/5010/5010
f 5013/5013/5013 5012/5012/5012 5010/5010/5010
f 5016/5016/5016 5015/5015/5015 5014/5014/5014
f 5017/5017/5017 5016/5016/5016 5014/5014/5014
f 5020/5020/5020 5019/5019/5019 5018/5018/5018
f 5021/5021/5021 5020/5020/5020 5018/5018/5018
f 5024/5024/5024 5023/5023/5023 5022/5022/5022
f 5025/5025/5025 5024/5024/5024 5022/5022/5022
f 5028/5028/5028 5027/5027/5027 5026/5026/5026
f 5029/5029/5029 5028/5028/5028 5026/5026/5026
f 5032/5032/5032 5031/5031/5031 5030/5030/5030
f 5033/5033/5033 5032/5032/5032 5030/5030/5030
f 5036/5036/5036 5035/5035/5035 5034/5034/5034
f 5037/5037/5037 5036/5036/5036 5034/5034/5034
f 5040/5040/5040 5039/5039/5039 5038/5038/5038
f 5041/5041/5041 5040/5040/5040 5038/5038/5038
f 5041/5041/5041 5038/5038/5038 5042/5042/5042
f 5043/5043/5043 5041/5041/5041 5042/5042/5042
f 5046/5046/5046 5045/5045/5045 5044/5044/5044
f 5047/5047/5047 5046/5046/5046 5044/5044/5044
f 5050/5050/5050 5049/5049/5049 5048/5048/5048
f 5051/5051/5051 5050/5050/5050 5048/5048/5048
f 5054/5054/5054 5053/5053/5053 5052/5052/5052
f 5055/5055/5055 5054/5054/5054 5052/5052/5052
f 5055/5055/5055 5052/5052/5052 5056/5056/5056
f 5057/5057/5057 5055/5055/5055 5056/5056/5056
f 5060/5060/5060 5059/5059/5059 5058/5058/5058
f 5061/5061/5061 5060/5060/5060 5058/5058/5058
f 5061/5061/5061 5058/5058/5058 5062/5062/5062
f 5063/5063/5063 5061/5061/5061 5062/5062/5062
f 5066/5066/5066 5065/5065/5065 5064/5064/5064
f 5067/5067/5067 5066/5066/5066 5064/5064/5064
f 5070/5070/5070 5069/5069/5069 5068/5068/5068
f 5071/5071/5071 5070/5070/5070 5068/5068/5068
f 5074/5074/5074 5073/5073/5073 5072/5072/5072
f 5075/5075/5075 5074/5074/5074 5072/5072/5072
f 5078/5078/5078 5077/5077/5077 5076/5076/5076
f 5079/5079/5079 5078/5078/5078 5076/5076/5076
f 5082/5082/5082 5081/5081/5081 5080/5080/5080
f 5083/5083/5083 5082/5082/5082 5080/5080/5080
f 5086/5086/5086 5085/5085/5085 5084/5084/5084
f 5087/5087/5087 5086/5086/5086 5084/5084/5084
f 5090/5090/5090 5089/5089/5089 5088/5088/5088
f 5091/5091/5091 5090/5090/5090 5088/5088/5088
f 5094/5094/5094 5093/5093/5093 5092/5092/5092
f 5095/5095/5095 5094/5094/5094 5092/5092/5092
f 5098/5098/5098 5097/5097/5097 5096/5096/5096
f 5099/5099/5099 5098/5098/5098 5096/5096/5096
f 5102/5102/5102 5101/5101/5101 5100/5100/5100
f 5101/5101/5101 5103/5103/5103 5100/5100/5100
f 5100/5100/5100 5103/5103/5103 5104/5104/5104
f 5103/5103/5103 5105/5105/5105 5104/5104/5104
f 5108/5108/5108 5107/5107/5107 5106/5106/5106
f 5107/5107/5107 5109/5109/5109 5106/5106/5106
f 5106/5106/5106 5109/5109/5109 5110/5110/5110
f 5109/5109/5109 5111/5111/5111 5110/5110/5110
f 5114/5114/5114 5113/5113/5113 5112/5112/5112
f 5115/5115/5115 5114/5114/5114 5112/5112/5112
f 5115/5115/5115 5112/5112/5112 5116/5116/5116
f 5119/5119/5119 5118/5118/5118 5117/5117/5117
f 5120/5120/5120 5119/5119/5119 5117/5117/5117
f 5123/5123/5123 5122/5122/5122 5121/5121/5121
f 5124/5124/5124 5123/5123/5123 5121/5121/5121
f 5125/5125/5125 5123/5123/5123 5124/5124/5124
f 5126/5126/5126 5125/5125/5125 5124/5124/5124
f 5129/5129/5129 5128/5128/5128 5127/5127/5127
f 5130/5130/5130 5129/5129/5129 5127/5127/5127
f 5133/5133/5133 5132/5132/5132 5131/5131/5131
f 5134/5134/5134 5133/5133/5133 5131/5131/5131
f 5137/5137/5137 5136/5136/5136 5135/5135/5135
f 5138/5138/5138 5137/5137/5137 5135/5135/5135
f 5141/5141/5141 5140/5140/5140 5139/5139/5139
f 5142/5142/5142 5141/5141/5141 5139/5139/5139
f 5145/5145/5145 5144/5144/5144 5143/5143/5143
f 5146/5146/5146 5145/5145/5145 5143/5143/5143
f 5149/5149/5149 5148/5148/5148 5147/5147/5147
f 5150/5150/5150 5149/5149/5149 5147/5147/5147
f 5153/5153/5153 5152/5152/5152 5151/5151/5151
f 5154/5154/5154 5153/5153/5153 5151/5151/5151
f 5157/5157/5157 5156/5156/5156 5155/5155/5155
f 5158/5158/5158 5157/5157/5157 5155/5155/5155
f 5159/5159/5159 5157/5157/5157 5158/5158/5158
f 5160/5160/5160 5159/5159/5159 5158/5158/5158
f 5163/5163/5163 5162/5162/5162 5161/5161/5161
f 5164/5164/5164 5163/5163/5163 5161/5161/5161
f 5165/5165/5165 5163/5163/5163 5164/5164/5164
f 5166/5166/5166 5165/5165/5165 5164/5164/5164
f 5169/5169/5169 5168/5168/5168 5167/5167/5167
f 5170/5170/5170 5169/5169/5169 5167/5167/5167
f 5171/5171/5171 5169/5169/5169 5170/5170/5170
f 5172/5172/5172 5171/5171/5171 5170/5170/5170
f 5175/5175/5175 5174/5174/5174 5173/5173/5173
f 5174/5174/5174 5176/5176/5176 5173/5173/5173
f 5173/5173/5173 5176/5176/5176 5177/5177/5177
f 5176/5176/5176 5178/5178/5178 5177/5177/5177
f 5181/5181/5181 5180/5180/5180 5179/5179/5179
f 5180/5180/5180 5182/5182/5182 5179/5179/5179
f 5179/5179/5179 5182/5182/5182 5183/5183/5183
f 5182/5182/5182 5184/5184/5184 5183/5183/5183
f 5187/5187/5187 5186/5186/5186 5185/5185/5185
f 5188/5188/5188 5187/5187/5187 5185/5185/5185
f 5189/5189/5189 5187/5187/5187 5188/5188/5188
f 5190/5190/5190 5189/5189/5189 5188/5188/5188
f 5193/5193/5193 5192/5192/5192 5191/5191/5191
f 5192/5192/5192 5194/5194/5194 5191/5191/5191
f 5191/5191/5191 5194/5194/5194 5195/5195/5195
f 5194/5194/5194 5196/5196/5196 5195/5195/5195
f 5199/5199/5199 5198/5198/5198 5197/5197/5197
f 5198/5198/5198 5200/5200/5200 5197/5197/5197
f 5197/5197/5197 5200/5200/5200 5201/5201/5201
f 5200/5200/5200 5202/5202/5202 5201/5201/5201
f 5205/5205/5205 5204/5204/5204 5203/5203/5203
f 5206/5206/5206 5205/5205/5205 5203/5203/5203
f 5209/5209/5209 5208/5208/5208 5207/5207/5207
f 5210/5210/5210 5209/5209/5209 5207/5207/5207
f 5213/5213/5213 5212/5212/5212 5211/5211/5211
f 5214/5214/5214 5213/5213/5213 5211/5211/5211
f 5217/5217/5217 5216/5216/5216 5215/5215/5215
f 5218/5218/5218 5217/5217/5217 5215/5215/5215
f 5221/5221/5221 5220/5220/5220 5219/5219/5219
f 5222/5222/5222 5221/5221/5221 5219/5219/5219
f 5225/5225/5225 5224/5224/5224 5223/5223/5223
f 5226/5226/5226 5225/5225/5225 5223/5223/5223
f 5229/5229/5229 5228/5228/5228 5227/5227/5227
f 5230/5230/5230 5229/5229/5229 5227/5227/5227
f 5233/5233/5233 5232/5232/5232 5231/5231/5231
f 5234/5234/5234 5233/5233/5233 5231/5231/5231
f 5235/5235/5235 5234/5234/5234 5231/5231/5231
f 5236/5236/5236 5235/5235/5235 5231/5231/5231
f 5239/5239/5239 5238/5238/5238 5237/5237/5237
f 5240/5240/5240 5239/5239/5239 5237/5237/5237
f 5243/5243/5243 5242/5242/5242 5241/5241/5241
f 5242/5242/5242 5244/5244/5244 5241/5241/5241
f 5244/5244/5244 5245/5245/5245 5241/5241/5241
f 5245/5245/5245 5246/5246/5246 5241/5241/5241
f 5249/5249/5249 5248/5248/5248 5247/5247/5247
f 5250/5250/5250 5249/5249/5249 5247/5247/5247
f 5253/5253/5253 5252/5252/5252 5251/5251/5251
f 5254/5254/5254 5253/5253/5253 5251/5251/5251
f 5257/5257/5257 5256/5256/5256 5255/5255/5255
f 5258/5258/5258 5257/5257/5257 5255/5255/5255
f 5261/5261/5261 5260/5260/5260 5259/5259/5259
f 5262/5262/5262 5261/5261/5261 5259/5259/5259
f 5265/5265/5265 5264/5264/5264 5263/5263/5263
f 5266/5266/5266 5265/5265/5265 5263/5263/5263
f 5269/5269/5269 5268/5268/5268 5267/5267/5267
f 5270/5270/5270 5269/5269/5269 5267/5267/5267
f 5273/5273/5273 5272/5272/5272 5271/5271/5271
f 5274/5274/5274 5273/5273/5273 5271/5271/5271
f 5277/5277/5277 5276/5276/5276 5275/5275/5275
f 5278/5278/5278 5277/5277/5277 5275/5275/5275
f 5281/5281/5281 5280/5280/5280 5279/5279/5279
f 5282/5282/5282 5281/5281/5281 5279/5279/5279
f 5285/5285/5285 5284/5284/5284 5283/5283/5283
f 5283/5283/5283 5284/5284/5284 5286/5286/5286
f 5284/5284/5284 5287/5287/5287 5286/5286/5286
f 5290/5290/5290 5289/5289/5289 5288/5288/5288
f 5291/5291/5291 5290/5290/5290 5288/5288/5288
f 5294/5294/5294 5293/5293/5293 5292/5292/5292
f 5295/5295/5295 5294/5294/5294 5292/5292/5292
f 5298/5298/5298 5297/5297/5297 5296/5296/5296
f 5299/5299/5299 5298/5298/5298 5296/5296/5296
f 5302/5302/5302 5301/5301/5301 5300/5300/5300
f 5303/5303/5303 5302/5302/5302 5300/5300/5300
f 5306/5306/5306 5305/5305/5305 5304/5304/5304
f 5307/5307/5307 5305/5305/5305 5306/5306/5306
f 5308/5308/5308 5307/5307/5307 5306/5306/5306
f 5311/5311/5311 5310/5310/5310 5309/5309/5309
f 5309/5309/5309 5312/5312/5312 5311/5311/5311
f 5312/5312/5312 5313/5313/5313 5311/5311/5311
f 5311/5311/5311 5313/5313/5313 5314/5314/5314
f 5314/5314/5314 5315/5315/5315 5311/5311/5311
f 5314/5314/5314 5316/5316/5316 5315/5315/5315
f 5319/5319/5319 5318/5318/5318 5317/5317/5317
f 5320/5320/5320 5319/5319/5319 5317/5317/5317
f 5323/5323/5323 5322/5322/5322 5321/5321/5321
f 5324/5324/5324 5323/5323/5323 5321/5321/5321
f 5327/5327/5327 5326/5326/5326 5325/5325/5325
f 5328/5328/5328 5327/5327/5327 5325/5325/5325
f 5331/5331/5331 5330/5330/5330 5329/5329/5329
f 5332/5332/5332 5331/5331/5331 5329/5329/5329
f 5335/5335/5335 5334/5334/5334 5333/5333/5333
f 5334/5334/5334 5336/5336/5336 5333/5333/5333
f 5334/5334/5334 5337/5337/5337 5336/5336/5336
f 5337/5337/5337 5338/5338/5338 5336/5336/5336
f 5341/5341/5341 5340/5340/5340 5339/5339/5339
f 5342/5342/5342 5341/5341/5341 5339/5339/5339
f 5345/5345/5345 5344/5344/5344 5343/5343/5343
f 5346/5346/5346 5345/5345/5345 5343/5343/5343
f 5349/5349/5349 5348/5348/5348 5347/5347/5347
f 5350/5350/5350 5349/5349/5349 5347/5347/5347
f 5353/5353/5353 5352/5352/5352 5351/5351/5351
f 5354/5354/5354 5353/5353/5353 5351/5351/5351
f 5357/5357/5357 5356/5356/5356 5355/5355/5355
f 5358/5358/5358 5357/5357/5357 5355/5355/5355
f 5361/5361/5361 5360/5360/5360 5359/5359/5359
f 5362/5362/5362 5361/5361/5361 5359/5359/5359
f 5362/5362/5362 5359/5359/5359 5363/5363/5363
f 5364/5364/5364 5362/5362/5362 5363/5363/5363
f 5367/5367/5367 5366/5366/5366 5365/5365/5365
f 5368/5368/5368 5367/5367/5367 5365/5365/5365
f 5371/5371/5371 5370/5370/5370 5369/5369/5369
f 5372/5372/5372 5371/5371/5371 5369/5369/5369
f 5375/5375/5375 5374/5374/5374 5373/5373/5373
f 5376/5376/5376 5375/5375/5375 5373/5373/5373
f 5376/5376/5376 5373/5373/5373 5377/5377/5377
f 5378/5378/5378 5376/5376/5376 5377/5377/5377
f 5381/5381/5381 5380/5380/5380 5379/5379/5379
f 5382/5382/5382 5381/5381/5381 5379/5379/5379
f 5382/5382/5382 5379/5379/5379 5383/5383/5383
f 5384/5384/5384 5382/5382/5382 5383/5383/5383
f 5387/5387/5387 5386/5386/5386 5385/5385/5385
f 5388/5388/5388 5387/5387/5387 5385/5385/5385
f 5391/5391/5391 5390/5390/5390 5389/5389/5389
f 5392/5392/5392 5391/5391/5391 5389/5389/5389
f 5395/5395/5395 5394/5394/5394 5393/5393/5393
f 5396/5396/5396 5395/5395/5395 5393/5393/5393
f 5399/5399/5399 5398/5398/5398 5397/5397/5397
f 5400/5400/5400 5399/5399/5399 5397/5397/5397
f 5403/5403/5403 5402/5402/5402 5401/5401/5401
f 5402/5402/5402 5404/5404/5404 5401/5401/5401
f 5402/5402/5402 5405/5405/5405 5404/5404/5404
f 5405/5405/5405 5406/5406/5406 5404/5404/5404
f 5409/5409/5409 5408/5408/5408 5407/5407/5407
f 5408/5408/5408 5410/5410/5410 5407/5407/5407
f 5408/5408/5408 5411/5411/5411 5410/5410/5410
f 5411/5411/5411 5412/5412/5412 5410/5410/5410
f 5415/5415/5415 5414/5414/5414 5413/5413/5413
f 5414/5414/5414 5416/5416/5416 5413/5413/5413
f 5414/5414/5414 5417/5417/5417 5416/5416/5416
f 5417/5417/5417 5418/5418/5418 5416/5416/5416
f 5421/5421/5421 5420/5420/5420 5419/5419/5419
f 5420/5420/5420 5422/5422/5422 5419/5419/5419
f 5420/5420/5420 5423/5423/5423 5422/5422/5422
f 5423/5423/5423 5424/5424/5424 5422/5422/5422
f 5427/5427/5427 5426/5426/5426 5425/5425/5425
f 5426/5426/5426 5428/5428/5428 5425/5425/5425
f 5426/5426/5426 5429/5429/5429 5428/5428/5428
f 5429/5429/5429 5430/5430/5430 5428/5428/5428
f 5433/5433/5433 5432/5432/5432 5431/5431/5431
f 5434/5434/5434 5433/5433/5433 5431/5431/5431
f 5437/5437/5437 5436/5436/5436 5435/5435/5435
f 5438/5438/5438 5437/5437/5437 5435/5435/5435
f 5441/5441/5441 5440/5440/5440 5439/5439/5439
f 5442/5442/5442 5441/5441/5441 5439/5439/5439
f 5445/5445/5445 5444/5444/5444 5443/5443/5443
f 5446/5446/5446 5445/5445/5445 5443/5443/5443
f 5446/5446/5446 5443/5443/5443 5447/5447/5447
f 5448/5448/5448 5446/5446/5446 5447/5447/5447
f 5451/5451/5451 5450/5450/5450 5449/5449/5449
f 5452/5452/5452 5451/5451/5451 5449/5449/5449
f 5455/5455/5455 5454/5454/5454 5453/5453/5453
f 5454/5454/5454 5456/5456/5456 5453/5453/5453
f 5454/5454/5454 5457/5457/5457 5456/5456/5456
f 5457/5457/5457 5458/5458/5458 5456/5456/5456
f 5461/5461/5461 5460/5460/5460 5459/5459/5459
f 5462/5462/5462 5461/5461/5461 5459/5459/5459
f 5465/5465/5465 5464/5464/5464 5463/5463/5463
f 5466/5466/5466 5465/5465/5465 5463/5463/5463
f 5469/5469/5469 5468/5468/5468 5467/5467/5467
f 5470/5470/5470 5469/5469/5469 5467/5467/5467
f 5473/5473/5473 5472/5472/5472 5471/5471/5471
f 5474/5474/5474 5473/5473/5473 5471/5471/5471
f 5477/5477/5477 5476/5476/5476 5475/5475/5475
f 5478/5478/5478 5477/5477/5477 5475/5475/5475
f 5481/5481/5481 5480/5480/5480 5479/5479/5479
f 5482/5482/5482 5481/5481/5481 5479/5479/5479
f 5485/5485/5485 5484/5484/5484 5483/5483/5483
f 5485/5485/5485 5483/5483/5483 5486/5486/5486
f 5486/5486/5486 5487/5487/5487 5485/5485/5485
f 5488/5488/5488 5485/5485/5485 5487/5487/5487
f 5487/5487/5487 5489/5489/5489 5488/5488/5488
f 5488/5488/5488 5490/5490/5490 5485/5485/5485
f 5493/5493/5493 5492/5492/5492 5491/5491/5491
f 5494/5494/5494 5493/5493/5493 5491/5491/5491
f 5497/5497/5497 5496/5496/5496 5495/5495/5495
f 5498/5498/5498 5497/5497/5497 5495/5495/5495
f 5501/5501/5501 5500/5500/5500 5499/5499/5499
f 5502/5502/5502 5501/5501/5501 5499/5499/5499
f 5505/5505/5505 5504/5504/5504 5503/5503/5503
f 5506/5506/5506 5505/5505/5505 5503/5503/5503
f 5509/5509/5509 5508/5508/5508 5507/5507/5507
f 5510/5510/5510 5509/5509/5509 5507/5507/5507
f 5513/5513/5513 5512/5512/5512 5511/5511/5511
f 5514/5514/5514 5513/5513/5513 5511/5511/5511
f 5517/5517/5517 5516/5516/5516 5515/5515/5515
f 5518/5518/5518 5517/5517/5517 5515/5515/5515
f 5521/5521/5521 5520/5520/5520 5519/5519/5519
f 5522/5522/5522 5521/5521/5521 5519/5519/5519
f 5525/5525/5525 5524/5524/5524 5523/5523/5523
f 5526/5526/5526 5525/5525/5525 5523/5523/5523
f 5529/5529/5529 5528/5528/5528 5527/5527/5527
f 5530/5530/5530 5529/5529/5529 5527/5527/5527
f 5533/5533/5533 5532/5532/5532 5531/5531/5531
f 5534/5534/5534 5533/5533/5533 5531/5531/5531
f 5537/5537/5537 5536/5536/5536 5535/5535/5535
f 5538/5538/5538 5537/5537/5537 5535/5535/5535
f 5541/5541/5541 5540/5540/5540 5539/5539/5539
f 5542/5542/5542 5541/5541/5541 5539/5539/5539
f 5545/5545/5545 5544/5544/5544 5543/5543/5543
f 5544/5544/5544 5546/5546/5546 5543/5543/5543
f 5544/5544/5544 5547/5547/5547 5546/5546/5546
f 5550/5550/5550 5549/5549/5549 5548/5548/5548
f 5551/5551/5551 5550/5550/5550 5548/5548/5548
f 5554/5554/5554 5553/5553/5553 5552/5552/5552
f 5555/5555/5555 5554/5554/5554 5552/5552/5552
f 5558/5558/5558 5557/5557/5557 5556/5556/5556
f 5559/5559/5559 5558/5558/5558 5556/5556/5556
f 5562/5562/5562 5561/5561/5561 5560/5560/5560
f 5563/5563/5563 5562/5562/5562 5560/5560/5560
f 5566/5566/5566 5565/5565/5565 5564/5564/5564
f 5567/5567/5567 5566/5566/5566 5564/5564/5564
f 5570/5570/5570 5569/5569/5569 5568/5568/5568
f 5571/5571/5571 5570/5570/5570 5568/5568/5568
f 5574/5574/5574 5573/5573/5573 5572/5572/5572
f 5575/5575/5575 5574/5574/5574 5572/5572/5572
f 5578/5578/5578 5577/5577/5577 5576/5576/5576
f 5579/5579/5579 5578/5578/5578 5576/5576/5576
f 5582/5582/5582 5581/5581/5581 5580/5580/5580
f 5583/5583/5583 5582/5582/5582 5580/5580/5580
