g Taj_Mahal
v -2.872973 3.918096 -0.9286005
v -3.087421 3.918096 -1.133789
v -3.08865 3.918095 -1.189487
v 1.360825 0.6444503 2.869061
v 1.360824 0.6444503 2.869061
v 1.234092 0.7520872 3.019632
v 2.820609 0.6444368 -1.286451
v 2.820609 0.6444368 -1.286452
v 2.820615 1.343083 -1.286447
v -2.900133 0.6444507 1.391621
v -2.900132 0.6444507 1.39162
v -3.048205 0.7520874 1.261978
v 0.1333756 4.295429 -1.234927
v -0.4095466 4.290595 -1.454785
v -0.02684951 4.290604 -1.506886
v 0.1333756 4.295429 -1.234927
v -0.7657506 4.290588 -1.30534
v -0.4095466 4.290595 -1.454785
v 0.1333756 4.295429 -1.234927
v -0.02684951 4.290604 -1.506886
v 0.3562329 4.290612 -1.45818
v 0.1333756 4.295429 -1.234927
v 0.3562329 4.290612 -1.45818
v 0.7136347 4.290618 -1.312073
v 0.4535811 3.844607 -2.373183
v 0.1924384 3.838894 -2.597023
v 0.318578 3.844607 -2.949689
v -2.371338 3.844607 0.3619621
v -2.632481 3.838894 0.1381214
v -2.506341 3.844607 -0.2145445
v 2.97925 3.844607 0.2063525
v 2.718107 3.838894 -0.01748817
v 2.844247 3.844607 -0.3701546
v 0.5373709 3.844608 2.935512
v 0.276228 3.838895 2.711671
v 0.4023678 3.844607 2.359005
v 4.964754 6.318456 -0.1822331
v 4.663675 6.338258 -0.2277863
v 4.591683 6.318101 -0.5492204
v 4.923852 5.582081 -0.1913841
v 4.867035 5.60676 -0.1833728
v 4.339691 5.605264 -0.3423884
v 4.867035 5.60676 -0.1833728
v 4.781614 5.605263 -0.1706493
v 4.339691 5.605264 -0.3423884
v 0.5788195 5.773307 4.514554
v 0.5220025 5.797986 4.522565
v -0.005341053 5.79649 4.36355
v 0.5220025 5.797986 4.522565
v 0.4365819 5.796489 4.535289
v -0.005341053 5.79649 4.36355
v 0.6197217 6.509682 4.523705
v 0.3186431 6.529484 4.478152
v 0.2466516 6.509327 4.156718
v 0.3169856 5.773305 -4.663797
v 0.2601686 5.797984 -4.655785
v -0.2671752 5.796488 -4.814801
v 0.2601686 5.797984 -4.655785
v 0.1747479 5.796487 -4.643062
v -0.2671752 5.796488 -4.814801
v 0.3578877 6.50968 -4.654645
v 0.05680895 6.529482 -4.700199
v -0.0151825 6.509326 -5.021633
v -4.141272 5.582081 0.0562961
v -4.198089 5.60676 0.06430744
v -4.725433 5.605264 -0.09470822
v -4.198089 5.60676 0.06430744
v -4.28351 5.605263 0.07703088
v -4.725433 5.605264 -0.09470822
v -4.10037 6.318456 0.06544752
v -4.401449 6.338258 0.01989431
v -4.47344 6.318101 -0.3015397
v -2.739173 2.35854 1.27306
v -2.953489 0.6584867 1.414062
v -2.739173 0.6584867 1.27306
v -2.953367 2.35854 1.413931
v -2.952992 3.781113 1.413531
v -2.739173 3.781113 1.273059
v -1.044917 0.6584867 2.327104
v -2.170524 0.6584867 1.272664
v -2.172382 2.358541 1.270922
v -1.054208 2.358541 2.3184
v -2.037155 2.624037 1.397599
v -1.601116 3.02347 1.80607
v -1.165077 2.659544 2.21454
v -1.165041 3.781114 3.088439
v -0.9950182 3.781114 2.90694
v -0.9950187 2.358541 2.906941
v -1.165416 2.358541 3.08884
v -0.9950182 0.6584865 2.906942
v -1.165538 0.658487 3.08897
v -1.288032 0.658487 3.096118
v -1.29141 2.358542 3.092953
v -1.29181 3.781114 3.092577
v -1.338175 0.9714395 3.049145
v -1.334943 2.358542 3.052172
v -1.331702 3.493756 3.055207
v -1.461261 0.9711162 2.933841
v -1.50423 0.658487 2.893589
v -2.098434 3.491676 2.336952
v -2.098434 3.781113 2.336951
v -1.513544 2.349567 2.885016
v -1.459498 2.358542 2.935492
v -1.458021 3.307013 2.936875
v -1.650788 2.720959 2.756701
v -2.098434 3.305278 2.336952
v -2.098605 3.094443 2.337134
v -2.948854 3.781113 1.540299
v -2.744565 3.301626 1.716684
v -2.588655 2.686946 1.878131
v -2.707764 2.341882 1.766303
v -2.749108 2.35854 1.727418
v -2.745573 0.967856 1.730729
v -2.705848 0.6584867 1.767943
v -2.952633 0.6584867 1.53676
v -2.878369 0.9675074 1.606329
v -2.87189 3.489699 1.612397
v -2.949254 2.35854 1.539925
v -2.875123 2.35854 1.609369
v -2.953489 0.6584867 1.414062
v -2.953367 2.35854 1.413931
v -2.952992 3.781113 1.413531
v -1.627841 2.659544 2.708536
v -1.601116 3.02347 1.80607
v -2.063875 3.02347 2.300062
v -1.165077 2.659544 2.21454
v -1.516867 2.358542 2.812286
v -1.054208 2.358541 2.3184
v -1.627841 2.659544 2.708536
v -1.513544 2.349567 2.885016
v -1.650788 2.720959 2.756701
v -2.063875 3.02347 2.300062
v -1.650788 2.720959 2.756701
v -2.098605 3.094443 2.337134
v -1.044917 0.6584867 2.327104
v -1.516867 2.358542 2.812286
v -1.50423 0.658487 2.893589
v -1.507471 0.658487 2.820877
v -2.633109 0.6584867 1.766469
v -2.172382 2.358541 1.270922
v -2.170524 0.6584867 1.272664
v -2.635075 2.358541 1.764842
v -2.707764 2.341882 1.766303
v -2.705848 0.6584867 1.767943
v -2.540627 2.624038 1.853411
v -2.037155 2.624037 1.397599
v -2.635075 2.358541 1.764842
v -2.588655 2.686946 1.878131
v -2.707764 2.341882 1.766303
v -2.063875 3.02347 2.300062
v -1.601116 3.02347 1.80607
v -2.098605 3.094443 2.337134
v -2.588655 2.686946 1.878131
v -2.941365 3.918085 1.448733
v -2.726409 3.918085 1.243412
v -1.846552 3.918085 2.06764
v -2.939548 3.918085 1.504413
v -2.07618 3.918085 2.313196
v -0.9980171 3.918085 2.862527
v -2.991622 3.85517 1.541839
v -2.99577 3.85517 1.414783
v -2.991539 3.781113 1.541918
v -2.995692 3.781113 1.414699
v -2.119192 3.781113 2.35911
v -2.119192 3.85517 2.35911
v -1.290558 3.85517 3.135354
v -1.290642 3.781114 3.135276
v -1.256608 3.918085 3.08095
v -1.163501 3.85517 3.131207
v -1.163423 3.781114 3.131123
v -0.9521015 3.781114 2.905539
v -0.9521015 3.85517 2.905539
v -1.200927 3.918085 3.079132
v -2.745573 0.967856 1.730729
v -2.878369 0.9675074 1.606329
v -2.875123 2.35854 1.609369
v -2.749108 2.35854 1.727418
v -2.87189 3.489699 1.612397
v -2.744565 3.301626 1.716684
v -2.098434 3.491676 2.336952
v -2.098434 3.305278 2.336952
v -1.331702 3.493756 3.055207
v -1.458021 3.307013 2.936875
v -1.334943 2.358542 3.052172
v -1.459498 2.358542 2.935492
v -1.338175 0.9714395 3.049145
v -1.461261 0.9711162 2.933841
v -2.770377 3.85517 1.202224
v -2.995692 3.781113 1.414699
v -2.761144 3.781113 1.210873
v -2.99577 3.85517 1.414783
v -2.726409 3.918085 1.243412
v -2.941365 3.918085 1.448733
v 3.0493 2.358541 1.249474
v 3.049429 0.5804463 1.249598
v 3.055282 0.5804463 1.37216
v 3.052081 2.358541 1.375504
v 3.048905 3.781113 1.249095
v 3.051702 3.781113 1.3759
v 3.007782 1.226224 1.421804
v 3.010843 2.358541 1.418604
v 3.013912 3.493754 1.415395
v 2.891183 1.2259 1.543665
v 2.287594 3.491677 2.174493
v 2.287593 3.781113 2.174493
v 1.523485 3.781114 2.973086
v 2.849623 0.5804463 1.587101
v 1.596392 3.489701 2.896889
v 2.840944 2.352056 1.596335
v 2.892853 2.358541 1.541919
v 2.768164 2.358541 1.597137
v 2.776853 0.5804463 1.587833
v 2.663248 2.659544 1.707009
v 2.712061 2.721019 1.731297
v 1.523106 2.358542 2.973483
v 1.59333 2.358542 2.90009
v 1.590255 1.222291 2.903304
v 1.397076 2.358542 2.976265
v 1.39668 3.781114 2.975884
v 1.397204 0.5804468 2.976388
v 1.519905 0.5804468 2.976828
v 1.716052 1.22264 2.77183
v 1.754539 0.5804468 2.731606
v 1.752877 2.34358 2.733507
v 1.712703 2.358542 2.77533
v 1.752061 0.5804468 2.658874
v 1.750412 2.358541 2.66082
v 1.865194 2.686366 2.616385
v 1.837136 2.624037 2.570405
v 1.702019 3.301626 2.770673
v 1.752877 2.34358 2.733507
v 2.287774 3.094579 2.174666
v 1.837136 2.624037 2.570405
v 2.250191 3.02347 2.138705
v 2.287594 3.305278 2.174493
v 2.287774 3.094579 2.174666
v 2.250191 3.02347 2.138705
v 2.663248 2.659544 1.707009
v 2.894252 3.307011 1.540456
v 2.840944 2.352056 1.596335
v -1.846552 3.918085 2.06764
v -2.726409 3.918085 1.243412
v -2.770377 3.85517 1.202224
v -1.846767 3.85517 2.067439
v -0.9980171 3.918085 2.862527
v -2.761144 3.781113 1.210873
v -0.9521015 3.85517 2.905539
v -1.846767 3.781113 2.067439
v -0.9521015 3.781114 2.905539
v -1.867096 3.091671 2.09
v -0.9950187 2.358541 2.906941
v -0.9950182 3.781114 2.90694
v -1.86731 3.781113 2.089799
v -2.739173 2.35854 1.27306
v -2.739173 3.781113 1.273059
v 3.0493 2.358541 1.249474
v 2.869213 0.5804463 1.077164
v 3.049429 0.5804463 1.249598
v 2.869212 2.358541 1.077163
v 3.048905 3.781113 1.249095
v 2.869212 3.781113 1.077163
v 1.216988 2.358542 2.803953
v 1.397204 0.5804468 2.976388
v 1.216988 0.5804468 2.803954
v 1.397076 2.358542 2.976265
v 1.39668 3.781114 2.975884
v 1.216987 3.781114 2.803952
v 2.28888 0.5804458 1.120931
v 1.264089 0.5804464 2.191972
v 1.262328 2.358541 2.193811
v 2.280079 2.358541 1.130129
v 1.34894 2.624038 2.10329
v 1.761997 3.02347 1.671592
v 2.175052 2.659544 1.239894
v 1.837136 2.624037 2.570405
v 1.34894 2.624038 2.10329
v 1.262328 2.358541 2.193811
v 1.750412 2.358541 2.66082
v 1.752061 0.5804468 2.658874
v 1.264089 0.5804464 2.191972
v 2.309531 3.781113 2.195483
v 3.094491 3.85517 1.3751
v 3.094411 3.781113 1.375183
v 2.309531 3.85517 2.195483
v 1.524573 3.85517 3.015868
v 1.524652 3.781114 3.015785
v 2.264074 3.918085 2.151989
v 3.040448 3.918085 1.340577
v 1.487699 3.918085 2.963401
v 1.397479 3.85517 3.018673
v 1.397396 3.781114 3.018594
v 1.217553 3.918085 2.759442
v 2.021162 3.918085 1.919566
v 1.432003 3.918085 2.96463
v 1.174058 3.85517 2.8049
v 1.174058 3.781114 2.8049
v 3.040448 3.918085 1.340577
v 2.264074 3.918085 2.151989
v 3.039218 3.918085 1.28488
v 2.82477 3.918085 1.07969
v 2.868265 3.85517 1.034233
v 3.091686 3.85517 1.248006
v 3.094491 3.85517 1.3751
v 2.868265 3.781113 1.034233
v 3.094411 3.781113 1.375183
v 3.091604 3.781113 1.247927
v 2.663248 2.659544 1.707009
v 2.175052 2.659544 1.239894
v 1.761997 3.02347 1.671592
v 2.250191 3.02347 2.138705
v 2.768164 2.358541 1.597137
v 2.175052 2.659544 1.239894
v 2.663248 2.659544 1.707009
v 2.280079 2.358541 1.130129
v 2.28888 0.5804458 1.120931
v 2.768164 2.358541 1.597137
v 2.776853 0.5804463 1.587833
v 2.250191 3.02347 2.138705
v 1.761997 3.02347 1.671592
v 1.34894 2.624038 2.10329
v 1.837136 2.624037 2.570405
v 1.716052 1.22264 2.77183
v 1.590255 1.222291 2.903304
v 1.59333 2.358542 2.90009
v 1.712703 2.358542 2.77533
v 1.596392 3.489701 2.896889
v 1.702019 3.301626 2.770673
v 2.287594 3.491677 2.174493
v 2.287594 3.305278 2.174493
v 3.013912 3.493754 1.415395
v 2.894252 3.307011 1.540456
v 3.010843 2.358541 1.418604
v 2.892853 2.358541 1.541919
v 3.007782 1.226224 1.421804
v 2.891183 1.2259 1.543665
v 2.021162 3.918085 1.919566
v 1.217553 3.918085 2.759442
v 1.174058 3.85517 2.8049
v 2.021162 3.85517 1.919566
v 2.82477 3.918085 1.07969
v 1.174058 3.781114 2.8049
v 2.868265 3.85517 1.034233
v 2.021162 3.781113 1.919566
v 2.868265 3.781113 1.034233
v 2.0431 3.094774 1.940557
v 2.869212 2.358541 1.077163
v 2.869212 3.781113 1.077163
v 2.043101 3.781113 1.940557
v 1.216988 2.358542 2.803953
v 1.216987 3.781114 2.803952
v -1.322261 3.855155 -2.996572
v -1.356784 3.91807 -2.942531
v -1.412481 3.918071 -2.941303
v -1.449355 3.855156 -2.993768
v -1.322179 3.781098 -2.996492
v -1.449435 3.781099 -2.993684
v -3.142615 3.781125 -1.224091
v -3.142693 3.855181 -1.224008
v -3.08865 3.918095 -1.189487
v -3.139889 3.855182 -1.096915
v -3.139807 3.781126 -1.096836
v -3.142693 3.855181 -1.224008
v -3.087421 3.918096 -1.133789
v -3.08865 3.918095 -1.189487
v -2.916515 2.358552 -0.9270116
v -3.097513 2.358552 -1.098371
v -3.097107 3.781125 -1.098002
v -2.916506 3.781125 -0.9270226
v -1.321461 3.781098 -2.953784
v -1.321868 2.358526 -2.954152
v -1.15236 2.358526 -2.770782
v -1.15235 3.781098 -2.770793
v -3.100294 2.358552 -1.224401
v -1.448267 3.781099 -2.950986
v -3.099906 3.781124 -1.224808
v -1.447898 2.358527 -2.951371
v -1.321868 2.358526 -2.954152
v -1.321461 3.781098 -2.953784
v -1.322261 3.855155 -2.996572
v -1.322179 3.781098 -2.996492
v -1.109422 3.781098 -2.771741
v -1.109421 3.855155 -2.771741
v -1.142335 3.91807 -2.737342
v -1.356784 3.91807 -2.942531
v -1.412481 3.918071 -2.941303
v -3.08865 3.918095 -1.189487
v -2.872973 3.918096 -0.9286005
v -2.915558 3.855182 -0.8840944
v -2.915558 3.781126 -0.8840935
v -3.139807 3.781126 -1.096836
v -3.139889 3.855182 -1.096915
v -3.087421 3.918096 -1.133789
v -2.872973 3.918096 -0.9286005
v -3.100294 2.358552 -1.224401
v -3.099906 3.781124 -1.224808
v -3.097107 3.781125 -1.098002
v -3.097513 2.358552 -1.098371
v -1.142335 3.91807 -2.737342
v -2.915558 3.855182 -0.8840944
v -2.872973 3.918096 -0.9286005
v -1.109421 3.855155 -2.771741
v -2.915558 3.781126 -0.8840935
v -1.109422 3.781098 -2.771741
v -2.916515 2.358552 -0.9270116
v -2.916506 3.781125 -0.9270226
v -1.15235 3.781098 -2.770793
v -1.15236 2.358526 -2.770782
v 1.119104 2.358539 -2.817454
v 1.289501 2.358539 -2.999352
v 1.289127 3.789352 -2.998952
v 1.119104 3.789352 -2.817455
v 3.033282 3.789353 -1.365072
v 3.033656 2.35854 -1.365472
v 2.863259 2.35854 -1.183573
v 2.863259 3.789353 -1.183573
v 3.021654 3.918084 -1.400274
v 3.075981 3.788698 -1.36624
v 2.864022 3.795795 -1.139977
v 2.818107 3.925181 -1.182988
v 1.309046 3.897747 -3.011878
v 1.395174 3.897747 -3.01469
v 2.215472 3.90887 -2.239944
v 1.101869 3.904845 -2.790717
v 1.968425 3.901297 -1.97895
v 3.019837 3.918084 -1.455955
v 2.818107 3.925181 -1.182988
v 3.021654 3.918084 -1.400274
v 1.414726 3.788696 -3.045791
v 1.395174 3.897747 -3.01469
v 1.309046 3.897747 -3.011878
v 1.287508 3.788696 -3.041639
v 1.101869 3.904845 -2.790717
v 1.075549 3.795794 -2.815374
v 1.287508 3.788696 -3.041639
v 1.309046 3.897747 -3.011878
v 3.075981 3.788698 -1.36624
v 3.021654 3.918084 -1.400274
v 3.019837 3.918084 -1.455955
v 3.071828 3.788698 -1.493459
v 3.033656 2.35854 -1.365472
v 3.033282 3.789353 -1.365072
v 3.029144 3.789353 -1.491841
v 3.029543 2.35854 -1.491465
v 1.415495 2.358538 -3.003466
v 1.415896 3.789352 -3.003091
v 1.289127 3.789352 -2.998952
v 1.289501 2.358539 -2.999352
v 3.033282 3.789353 -1.365072
v 3.071828 3.788698 -1.493459
v 3.029144 3.789353 -1.491841
v 3.075981 3.788698 -1.36624
v 2.863259 3.789353 -1.183573
v 2.864022 3.795795 -1.139977
v 1.991181 3.789353 -2.000514
v 1.969042 3.795602 -1.978372
v 1.119104 3.789352 -2.817455
v 1.075549 3.795794 -2.815374
v 1.289127 3.789352 -2.998952
v 1.287508 3.788696 -3.041639
v 1.415896 3.789352 -3.003091
v 1.414726 3.788696 -3.045791
v 1.991181 2.368374 -2.000514
v 2.863259 3.789353 -1.183573
v 2.863259 2.35854 -1.183573
v 1.991181 3.789353 -2.000514
v 1.119104 3.789352 -2.817455
v 1.119104 2.358539 -2.817454
v 2.818107 3.925181 -1.182988
v 2.864022 3.795795 -1.139977
v 1.969042 3.795602 -1.978372
v 1.968425 3.901297 -1.97895
v 1.075549 3.795794 -2.815374
v 1.101869 3.904845 -2.790717
v 0.7444913 2.638572 3.333785
v 0.9174182 2.774514 3.395877
v 0.7904885 2.738015 3.279135
v 0.8680718 2.667828 3.454506
v 0.8366792 2.515089 3.491804
v 0.7130992 2.485832 3.371083
v 0.8353961 2.012584 3.493329
v 0.711879 2.007787 3.372532
v 0.7904885 2.738015 3.279135
v 0.9174182 2.774514 3.395877
v 1.03011 2.861522 3.261986
v 0.8984902 2.821403 3.150815
v 0.8984902 2.821403 3.150815
v 1.03011 2.861522 3.261986
v 1.139121 2.778384 3.132468
v 1.002966 2.741724 3.026687
v 1.20017 2.663978 3.059936
v 1.060064 2.634723 2.958848
v 1.093987 2.48581 2.918545
v 1.234092 2.515064 3.019633
v 1.234092 2.015961 3.019631
v 1.093986 2.011024 2.918544
v 0.8984902 2.821403 3.150815
v 1.002966 2.741724 3.026687
v 1.060064 2.634723 2.958848
v 1.093987 2.48581 2.918545
v 1.093986 2.011024 2.918544
v 0.7130992 2.485832 3.371083
v 0.711879 2.007787 3.372532
v 0.7444913 2.638572 3.333785
v 0.7904885 2.738015 3.279135
v 1.360825 2.60697 2.86906
v 1.360824 1.908182 2.86906
v 1.234092 2.015961 3.019631
v 1.234092 2.515064 3.019633
v 1.20017 2.663978 3.059936
v 1.360824 3.172338 2.86906
v 1.139121 2.778384 3.132468
v 1.03011 2.861522 3.261986
v 0.7553542 3.172338 3.588428
v 0.9174182 2.774514 3.395877
v 0.7553532 2.60445 3.588429
v 0.8680718 2.667828 3.454506
v 0.8366792 2.515089 3.491804
v 0.6000717 3.172338 3.666821
v 0.8353961 2.012584 3.493329
v 0.7553542 1.908395 3.588429
v 0.6000707 1.908395 3.666822
v 0.7553542 1.340578 3.588429
v 0.6000707 2.604114 3.666822
v 1.360824 1.908182 2.86906
v 1.234092 2.015961 3.019631
v 0.9174182 1.510641 3.395878
v 1.030109 1.597649 3.261987
v 1.139121 1.514511 3.132469
v 1.200169 1.400104 3.059936
v 0.8680718 1.403955 3.454507
v 1.360825 1.343097 2.869061
v 1.234092 1.251191 3.019633
v 1.234092 0.7520872 3.019632
v 1.360825 0.6444503 2.869061
v 0.8366792 1.251215 3.491805
v 0.8353965 0.7487115 3.493329
v 1.360824 0.6444503 2.869061
v 0.7553542 0.6418409 3.58843
v 0.6000707 1.340241 3.666822
v 0.6000707 0.6418409 3.666822
v 0.4968688 0.7523698 3.674953
v 0.4968679 1.251491 3.674953
v 0.4429834 1.401174 3.679198
v -0.1287024 0.7489933 3.724237
v -0.2522235 0.6449794 3.733968
v -0.2522235 1.340796 3.733968
v -0.1266892 1.251519 3.724079
v -0.07707572 1.404729 3.72017
v 0.3478537 1.514793 3.686692
v -6.437302E-06 1.510924 3.714098
v -0.4204984 0.6450614 3.673466
v -0.2522235 1.908677 3.733968
v 0.1768105 1.597931 3.700167
v -0.1287022 2.012866 3.724236
v 0.4968688 2.016243 3.674952
v -0.2522235 1.908677 3.733968
v 0.4968674 2.515365 3.674952
v 0.4429829 2.665047 3.679197
v 0.3478541 2.778667 3.686691
v 0.176811 2.861804 3.700167
v -0.2522233 3.172338 3.733968
v -6.914139E-06 2.774797 3.714097
v -0.2522233 2.60467 3.733968
v -0.07707548 2.668603 3.720169
v -0.1266887 2.515393 3.724078
v -0.1287022 2.012866 3.724236
v -0.4204979 1.908677 3.673465
v -0.4204979 1.340518 3.673465
v -0.4204979 3.172338 3.673464
v -0.4204979 2.604392 3.673465
v -0.4986615 0.7526523 3.600243
v -0.498662 1.251791 3.600243
v -0.5394297 1.401306 3.562053
v -0.9730594 0.7492763 3.155841
v -1.139262 0.6450158 3.000146
v -0.6116655 1.515075 3.494384
v -1.139261 1.90889 3.000146
v -0.7413752 1.598214 3.372876
v -0.8754632 1.511207 3.247265
v -1.139261 1.344142 3.000146
v -1.139262 0.6450158 3.000146
v -0.9338562 1.405108 3.192564
v -0.9715316 1.251815 3.157271
v -0.9730585 2.013149 3.15584
v -1.139261 2.608015 3.000146
v -0.4986615 2.016526 3.600243
v -0.9715321 2.515688 3.15727
v -0.9338562 2.668981 3.192564
v -0.875463 2.77508 3.247264
v -0.4986622 2.515664 3.600242
v -0.5394294 2.665179 3.562052
v -0.6116655 2.778949 3.494383
v -1.139261 3.172338 3.000145
v -0.7413747 2.862087 3.372875
v 0.711879 2.007787 3.372532
v 1.093986 2.011024 2.918544
v 1.234092 2.015961 3.019631
v 0.8353961 2.012584 3.493329
v 0.7130992 1.221959 3.371083
v 0.711879 0.7439142 3.372533
v 0.8353965 0.7487115 3.493329
v 0.8366792 1.251215 3.491805
v 0.7444913 1.374698 3.333785
v 0.8680718 1.403955 3.454507
v 0.9174182 1.510641 3.395878
v 0.790488 1.474142 3.279135
v 1.030109 1.597649 3.261987
v 0.8984902 1.55753 3.150816
v 0.8984902 1.55753 3.150816
v 1.030109 1.597649 3.261987
v 1.139121 1.514511 3.132469
v 1.002965 1.47785 3.026688
v 1.200169 1.400104 3.059936
v 1.060063 1.370849 2.958849
v 1.093986 1.221936 2.918545
v 1.234092 1.251191 3.019633
v 1.234092 0.7520872 3.019632
v 1.093987 0.7471501 2.918545
v 0.8984902 1.55753 3.150816
v 1.002965 1.47785 3.026688
v 1.060063 1.370849 2.958849
v 1.093986 1.221936 2.918545
v 1.093987 0.7471501 2.918545
v 0.7130992 1.221959 3.371083
v 0.711879 0.7439142 3.372533
v 0.7444913 1.374698 3.333785
v 0.790488 1.474142 3.279135
v 0.711879 0.7439142 3.372533
v 1.093987 0.7471501 2.918545
v 1.234092 0.7520872 3.019632
v 0.8353965 0.7487115 3.493329
v -0.8569565 2.486431 3.053326
v -0.8584085 2.008352 3.051965
v -0.9730585 2.013149 3.15584
v -0.9715321 2.515688 3.15727
v -0.8192799 2.639724 3.088619
v -0.9338562 2.668981 3.192564
v -0.875463 2.77508 3.247264
v -0.7648733 2.73858 3.139585
v -0.7413747 2.862087 3.372875
v -0.6363647 2.821967 3.259969
v -0.6363647 2.821967 3.259969
v -0.7413747 2.862087 3.372875
v -0.6116655 2.778949 3.494383
v -0.5120528 2.742288 3.376422
v -0.5394294 2.665179 3.562052
v -0.4445176 2.635924 3.439687
v -0.4037502 2.486409 3.477877
v -0.4986622 2.515664 3.600242
v -0.4986615 2.016526 3.600243
v -0.4037497 2.011588 3.477878
v -0.4037502 2.486409 3.477877
v -0.4037497 2.011588 3.477878
v -0.8584085 2.008352 3.051965
v -0.4445176 2.635924 3.439687
v -0.5120528 2.742288 3.376422
v -0.6363647 2.821967 3.259969
v -0.7648733 2.73858 3.139585
v -0.8192799 2.639724 3.088619
v -0.8569565 2.486431 3.053326
v -0.4986615 2.016526 3.600243
v -0.9730585 2.013149 3.15584
v -0.8584085 2.008352 3.051965
v -0.4037497 2.011588 3.477878
v -0.8569565 1.222559 3.053326
v -0.8584085 0.7444798 3.051965
v -0.9730594 0.7492763 3.155841
v -0.9715316 1.251815 3.157271
v -0.8192806 1.375851 3.088621
v -0.9338562 1.405108 3.192564
v -0.8754632 1.511207 3.247265
v -0.7648735 1.474708 3.139586
v -0.7413752 1.598214 3.372876
v -0.6363657 1.558094 3.259971
v -0.6363657 1.558094 3.259971
v -0.7413752 1.598214 3.372876
v -0.6116655 1.515075 3.494384
v -0.5120528 1.478416 3.376423
v -0.5394297 1.401306 3.562053
v -0.4445179 1.372051 3.439688
v -0.4037502 1.222536 3.477878
v -0.498662 1.251791 3.600243
v -0.4986615 0.7526523 3.600243
v -0.4037502 0.7477149 3.477878
v -0.4445179 1.372051 3.439688
v -0.4037502 1.222536 3.477878
v -0.4037502 0.7477149 3.477878
v -0.8584085 0.7444798 3.051965
v -0.5120528 1.478416 3.376423
v -0.6363657 1.558094 3.259971
v -0.7648735 1.474708 3.139586
v -0.8192806 1.375851 3.088621
v -0.8569565 1.222559 3.053326
v -0.4986615 0.7526523 3.600243
v -0.9730594 0.7492763 3.155841
v -0.8584085 0.7444798 3.051965
v -0.4037502 0.7477149 3.477878
v -0.1408081 2.486137 3.537508
v -0.1427231 2.008069 3.537659
v -0.1287022 2.012866 3.724236
v -0.1266887 2.515393 3.724078
v -0.09119487 2.639347 3.533599
v -0.07707548 2.668603 3.720169
v -6.914139E-06 2.774797 3.714097
v -0.019382 2.738298 3.527941
v 0.176811 2.861804 3.700167
v 0.1500773 2.821685 3.514591
v 0.1500773 2.821685 3.514591
v 0.176811 2.861804 3.700167
v 0.3478541 2.778667 3.686691
v 0.3140039 2.742006 3.501676
v 0.4429829 2.665047 3.679197
v 0.4029343 2.635791 3.49467
v 0.4568188 2.486109 3.490425
v 0.4968674 2.515365 3.674952
v 0.4968688 2.016243 3.674952
v 0.4568193 2.011305 3.490424
v 0.4568188 2.486109 3.490425
v 0.4568193 2.011305 3.490424
v -0.1427231 2.008069 3.537659
v 0.4029343 2.635791 3.49467
v 0.3140039 2.742006 3.501676
v 0.1500773 2.821685 3.514591
v -0.019382 2.738298 3.527941
v -0.09119487 2.639347 3.533599
v -0.1408081 2.486137 3.537508
v 0.4968688 2.016243 3.674952
v -0.1287022 2.012866 3.724236
v -0.1427231 2.008069 3.537659
v 0.4568193 2.011305 3.490424
v -0.1408083 1.222263 3.537509
v -0.1427231 0.7441959 3.53766
v -0.1287024 0.7489933 3.724237
v -0.1266892 1.251519 3.724079
v -0.09119439 1.375473 3.5336
v -0.07707572 1.404729 3.72017
v -6.437302E-06 1.510924 3.714098
v -0.019382 1.474424 3.527943
v 0.1768105 1.597931 3.700167
v 0.1500776 1.557811 3.514592
v 0.1500776 1.557811 3.514592
v 0.1768105 1.597931 3.700167
v 0.3478537 1.514793 3.686692
v 0.3140037 1.478133 3.501678
v 0.4429834 1.401174 3.679198
v 0.4029343 1.371918 3.494671
v 0.4568188 1.222235 3.490426
v 0.4968679 1.251491 3.674953
v 0.4968688 0.7523698 3.674953
v 0.4568188 0.7474322 3.490425
v 0.4029343 1.371918 3.494671
v 0.4568188 1.222235 3.490426
v 0.4568188 0.7474322 3.490425
v -0.1427231 0.7441959 3.53766
v 0.3140037 1.478133 3.501678
v 0.1500776 1.557811 3.514592
v -0.019382 1.474424 3.527943
v -0.09119439 1.375473 3.5336
v -0.1408083 1.222263 3.537509
v 0.4968688 0.7523698 3.674953
v -0.1287024 0.7489933 3.724237
v -0.1427231 0.7441959 3.53766
v 0.4568188 0.7474322 3.490425
v 1.245087 3.306556 2.750745
v 1.432597 3.306556 2.929469
v 0.8148725 3.306556 3.659823
v 0.6917412 3.306556 3.408185
v 0.5498264 3.306556 3.479829
v 0.6301844 3.306556 3.753052
v 0.7553542 3.172338 3.588428
v 0.8148725 3.172338 3.659823
v 1.432597 3.172338 2.929468
v 1.360824 3.172338 2.86906
v 0.6000717 3.172338 3.666821
v 0.8148725 3.172338 3.659823
v 0.6301844 3.172338 3.753052
v 0.642566 3.210044 3.78851
v 0.8393376 3.210044 3.689172
v 1.461409 3.210044 2.953718
v 1.432597 3.172338 2.929468
v 1.461409 3.26885 2.953718
v 0.8393376 3.26885 3.689172
v 0.642566 3.26885 3.78851
v 0.8148725 3.306556 3.659823
v 1.432597 3.306556 2.929469
v 0.6301844 3.306556 3.753052
v -0.2522233 3.172338 3.733968
v 0.6301844 3.172338 3.753052
v -0.2583508 3.172338 3.822341
v -0.4204979 3.172338 3.673464
v 0.642566 3.210044 3.78851
v -0.4640894 3.172338 3.748363
v -1.139261 3.172338 3.000145
v -1.199466 3.172338 3.063363
v -1.22364 3.210045 3.088747
v -0.2608898 3.210045 3.858948
v 0.642566 3.26885 3.78851
v -0.4821501 3.210045 3.779394
v -0.2608898 3.26885 3.858948
v -0.4821501 3.26885 3.779394
v -1.22364 3.268851 3.088747
v -1.199466 3.306556 3.063363
v -0.2583508 3.306557 3.822341
v 0.6301844 3.306556 3.753052
v -0.4640894 3.306557 3.748363
v -0.2290962 3.306556 3.541194
v -0.382884 3.306556 3.4859
v -1.03977 3.306556 2.870546
v 0.5498264 3.306556 3.479829
v -0.2583508 3.306557 3.822341
v 0.6301844 3.306556 3.753052
v 1.245087 3.306556 2.750745
v 0.9443142 2.878708 3.108098
v 1.245087 2.878708 2.750745
v 0.6917412 3.306556 3.408185
v 0.6917412 2.878708 3.408185
v 0.5498264 3.306556 3.479829
v 0.5498264 2.878708 3.479829
v 0.1653111 2.878708 3.510121
v -0.2290962 3.306556 3.541194
v -0.2290962 2.878708 3.541194
v -0.382884 3.306556 3.4859
v -0.382884 2.878708 3.4859
v -1.03977 3.306556 2.870546
v -0.6743875 2.878708 3.212826
v -1.03977 2.878708 2.870546
v 2.931275 2.486403 0.9205765
v 2.929871 2.008324 0.9219875
v 3.042884 2.013118 1.054466
v 3.044359 2.515657 1.052982
v 2.967596 2.639696 0.88389
v 3.080681 2.66895 1.016296
v 3.136973 2.775049 0.9594353
v 3.020046 2.738552 0.830911
v 3.266237 2.862056 0.8288645
v 3.143931 2.821939 0.7057747
v 3.143931 2.821939 0.7057747
v 3.266237 2.862056 0.8288645
v 3.391278 2.778918 0.702557
v 3.263768 2.742259 0.5847224
v 3.460913 2.665148 0.6322154
v 3.328873 2.635894 0.5189575
v 3.368172 2.48638 0.4792589
v 3.500212 2.515633 0.5925168
v 3.500209 2.016494 0.592513
v 3.368168 2.011559 0.4792556
v 3.143931 2.821939 0.7057747
v 3.263768 2.742259 0.5847224
v 3.328873 2.635894 0.5189575
v 3.368172 2.48638 0.4792589
v 3.368168 2.011559 0.4792556
v 2.929871 2.008324 0.9219875
v 2.931275 2.486403 0.9205765
v 2.967596 2.639696 0.88389
v 3.020046 2.738552 0.830911
v 3.500209 2.016494 0.592513
v 3.042884 2.013118 1.054466
v 2.929871 2.008324 0.9219875
v 3.368168 2.011559 0.4792556
v 2.931267 1.22253 0.9205694
v 2.929862 0.7444506 0.9219803
v 3.042875 0.7492462 1.054458
v 3.04435 1.251785 1.052975
v 2.967587 1.375823 0.8838825
v 3.080672 1.405077 1.016288
v 3.136964 1.511177 0.9594268
v 3.020037 1.474679 0.8309035
v 3.266227 1.598184 0.8288574
v 3.143921 1.558066 0.7057671
v 3.143921 1.558066 0.7057671
v 3.266227 1.598184 0.8288574
v 3.391268 1.515045 0.7025499
v 3.263759 1.478387 0.5847144
v 3.460904 1.401276 0.6322078
v 3.328863 1.372022 0.5189509
v 3.368162 1.222507 0.4792513
v 3.500202 1.25176 0.5925092
v 3.5002 0.7526219 0.5925054
v 3.368159 0.7476857 0.479248
v 3.143921 1.558066 0.7057671
v 3.263759 1.478387 0.5847144
v 3.328863 1.372022 0.5189509
v 3.368162 1.222507 0.4792513
v 3.368159 0.7476857 0.479248
v 2.929862 0.7444506 0.9219803
v 2.931267 1.22253 0.9205694
v 2.967587 1.375823 0.8838825
v 3.020037 1.474679 0.8309035
v 3.5002 0.7526219 0.5925054
v 3.042875 0.7492462 1.054458
v 2.929862 0.7444506 0.9219803
v 3.368159 0.7476857 0.479248
v 3.437831 2.486109 0.2274937
v 3.437926 2.008042 0.2294091
v 3.634364 2.012837 0.2261161
v 3.634266 2.515363 0.2241024
v 3.435294 2.639319 0.1777934
v 3.631728 2.668574 0.1744012
v 3.627787 2.774768 0.09719455
v 3.431621 2.73827 0.105852
v 3.618742 2.861777 -0.07993949
v 3.422953 2.821659 -0.06391109
v 3.422953 2.821659 -0.06391109
v 3.618742 2.861777 -0.07993949
v 3.609991 2.77864 -0.2512904
v 3.414566 2.741981 -0.2281324
v 3.605124 2.66502 -0.3465911
v 3.410015 2.635767 -0.3172232
v 3.407258 2.486086 -0.3712045
v 3.602366 2.515339 -0.4005734
v 3.602362 2.016218 -0.4005767
v 3.407255 2.011281 -0.3712083
v 3.422953 2.821659 -0.06391109
v 3.414566 2.741981 -0.2281324
v 3.410015 2.635767 -0.3172232
v 3.407258 2.486086 -0.3712045
v 3.407255 2.011281 -0.3712083
v 3.437926 2.008042 0.2294091
v 3.437831 2.486109 0.2274937
v 3.435294 2.639319 0.1777934
v 3.431621 2.73827 0.105852
v 3.602362 2.016218 -0.4005767
v 3.634364 2.012837 0.2261161
v 3.437926 2.008042 0.2294091
v 3.407255 2.011281 -0.3712083
v 3.437822 1.222236 0.2274866
v 3.437916 0.7441685 0.2294025
v 3.634355 0.7489641 0.226108
v 3.634257 1.25149 0.2240953
v 3.435285 1.375446 0.1777849
v 3.631719 1.404702 0.1743931
v 3.627777 1.510895 0.09718602
v 3.431612 1.474397 0.105844
v 3.618732 1.597904 -0.07994611
v 3.422944 1.557786 -0.06391818
v 3.422944 1.557786 -0.06391818
v 3.618732 1.597904 -0.07994611
v 3.609982 1.514767 -0.2512971
v 3.414557 1.478108 -0.2281395
v 3.605114 1.401149 -0.3465987
v 3.410008 1.371895 -0.3172303
v 3.40725 1.222213 -0.3712125
v 3.602356 1.251466 -0.4005805
v 3.602353 0.7523453 -0.4005852
v 3.407246 0.7474091 -0.3712154
v 3.422944 1.557786 -0.06391818
v 3.414557 1.478108 -0.2281395
v 3.410008 1.371895 -0.3172303
v 3.40725 1.222213 -0.3712125
v 3.407246 0.7474091 -0.3712154
v 3.437916 0.7441685 0.2294025
v 3.437822 1.222236 0.2274866
v 3.435285 1.375446 0.1777849
v 3.431612 1.474397 0.105844
v 3.602353 0.7523453 -0.4005852
v 3.634355 0.7489641 0.226108
v 3.437916 0.7441685 0.2294025
v 3.407246 0.7474091 -0.3712154
v 3.52301 2.604428 -0.661348
v 3.597092 3.172313 -0.5039574
v 3.523014 3.172314 -0.6613442
v 3.597087 2.604089 -0.5039607
v 3.597081 1.90837 -0.5039645
v 3.523005 1.908372 -0.6613517
v 3.523 1.340555 -0.6613551
v 3.597079 1.340217 -0.5039688
v 3.522995 0.6418185 -0.6613598
v 3.597074 0.6418164 -0.503973
v 3.602353 0.7523453 -0.4005852
v 3.602356 1.251466 -0.4005805
v 3.605114 1.401149 -0.3465987
v 3.634355 0.7489641 0.226108
v 3.640674 0.6449494 0.3498501
v 3.640679 1.340767 0.3498544
v 3.634257 1.25149 0.2240953
v 3.631719 1.404702 0.1743931
v 3.627777 1.510895 0.09718602
v 3.640683 1.908647 0.3498582
v 3.618732 1.597904 -0.07994611
v 3.609982 1.514767 -0.2512971
v 3.634364 2.012837 0.2261161
v 3.640688 2.60464 0.349862
v 3.602362 2.016218 -0.4005767
v 3.634266 2.515363 0.2241024
v 3.631728 2.668574 0.1744012
v 3.627787 2.774768 0.09719455
v 3.640693 3.172307 0.3498653
v 3.618742 2.861777 -0.07993949
v 3.602366 2.515339 -0.4005734
v 3.605124 2.66502 -0.3465911
v 3.609991 2.77864 -0.2512904
v 3.575568 3.172307 0.5164069
v 3.640693 3.172307 0.3498653
v 3.640688 2.60464 0.349862
v 3.575565 2.604361 0.5164026
v 3.575559 1.908646 0.5163993
v 3.640683 1.908647 0.3498582
v 3.575555 1.340488 0.5163955
v 3.640679 1.340767 0.3498544
v 3.575551 0.645031 0.5163918
v 3.640674 0.6449494 0.3498501
v 3.460913 2.665148 0.6322154
v 3.391278 2.778918 0.702557
v 3.500212 2.515633 0.5925168
v 3.500209 2.016494 0.592513
v 2.882672 3.172307 1.216316
v 3.266237 2.862056 0.8288645
v 3.136973 2.775049 0.9594353
v 2.882667 2.607985 1.216313
v 3.080681 2.66895 1.016296
v 3.044359 2.515657 1.052982
v 3.042884 2.013118 1.054466
v 2.882662 1.90886 1.216308
v 3.391268 1.515045 0.7025499
v 3.266227 1.598184 0.8288574
v 3.460904 1.401276 0.6322078
v 3.136964 1.511177 0.9594268
v 3.500202 1.25176 0.5925092
v 3.5002 0.7526219 0.5925054
v 2.882658 1.344112 1.216305
v 3.042875 0.7492462 1.054458
v 2.882653 0.6449855 1.216301
v 3.080672 1.405077 1.016288
v 3.04435 1.251785 1.052975
v 3.640693 3.172307 0.3498653
v 3.684122 3.172313 -0.5316793
v 3.597092 3.172313 -0.5039574
v 3.728864 3.172307 0.3584302
v 3.575568 3.172307 0.5164069
v 3.719906 3.21002 -0.5430781
v 3.649236 3.172306 0.5620488
v 2.882672 3.172307 1.216316
v 2.944205 3.172307 1.278243
v 3.765386 3.210013 0.3619779
v 3.719907 3.268824 -0.5430771
v 3.765387 3.268817 0.3619789
v 3.728865 3.306525 0.3584307
v 3.684122 3.306531 -0.5316783
v 3.596025 3.306533 -0.7188684
v 3.626038 3.268827 -0.7425147
v 2.908031 3.268836 -1.384645
v 2.882995 3.306543 -1.356514
v 3.626037 3.210021 -0.7425162
v 2.908031 3.210031 -1.384646
v 3.596024 3.172314 -0.7188693
v 3.684122 3.172313 -0.5316793
v 3.597092 3.172313 -0.5039574
v 2.882994 3.172325 -1.356514
v 3.523014 3.172314 -0.6613442
v 2.820627 3.172325 -1.286436
v 2.714731 3.306542 -1.138283
v 2.882995 3.306543 -1.356514
v 3.596025 3.306533 -0.7188684
v 3.337943 3.306534 -0.5836521
v 3.403671 3.306532 -0.4440061
v 3.684122 3.306531 -0.5316783
v 3.384575 3.306527 0.4613441
v 2.944206 3.306525 1.278244
v 2.769781 3.306528 1.08236
v 3.649237 3.306524 0.5620502
v 3.442358 3.306528 0.3135751
v 3.679757 3.268817 0.5809597
v 2.968911 3.268818 1.303109
v 2.96891 3.210013 1.303108
v 3.728865 3.306525 0.3584307
v 3.403671 3.306532 -0.4440061
v 3.684122 3.306531 -0.5316783
v 3.765387 3.268817 0.3619789
v 3.679757 3.210012 0.5809587
v 3.765386 3.210013 0.3619779
v 3.728864 3.172307 0.3584302
v 3.649236 3.172306 0.5620488
v 2.944205 3.172307 1.278243
v -3.680105 3.306556 0.8303598
v -2.961928 3.306556 1.462202
v -2.986735 3.26885 1.490535
v -3.709925 3.268849 0.8542494
v -3.709925 3.210044 0.8542494
v -2.986735 3.210044 1.490535
v -3.680106 3.172338 0.8303598
v -2.961928 3.172338 1.462201
v -3.805409 3.210044 0.6555794
v -3.805409 3.26885 0.6555794
v -3.769718 3.306556 0.6438903
v -3.548496 3.306556 0.5677742
v -3.481136 3.306556 0.7079271
v -3.769718 3.172338 0.6438903
v -3.682915 3.172338 0.6154636
v -3.607563 3.172338 0.7722448
v -2.900132 3.172338 1.39162
v 3.384575 3.306527 0.4613441
v 3.442356 3.120157 0.3135732
v 3.442358 3.306528 0.3135751
v 3.384574 3.120157 0.4613431
v 2.769781 3.306528 1.08236
v 2.769779 3.120157 1.082358
v -3.669667 3.172338 -0.4050414
v -3.733439 3.172338 -0.2379776
v -3.733439 2.604669 -0.2379781
v -3.669668 2.604392 -0.4050413
v -3.669667 1.908678 -0.4050408
v -3.733439 1.908678 -0.2379771
v -3.669669 1.340519 -0.4050408
v -3.733439 1.340797 -0.2379785
v -3.669668 0.6450617 -0.4050408
v -3.73344 0.6449795 -0.2379775
v -3.594936 0.7526526 -0.4817629
v -3.594936 1.251791 -0.4817639
v -3.555959 1.401306 -0.5217786
v -3.141373 0.7492766 -0.9474087
v -2.98247 0.6450157 -1.110546
v -3.486895 1.515076 -0.5926824
v -2.98247 1.344141 -1.110546
v -3.142833 1.251814 -0.9459105
v -3.178854 1.405108 -0.9089294
v -3.234682 1.511206 -0.8516136
v -2.98247 1.908889 -1.110546
v -3.362882 1.598214 -0.7199984
v -3.141372 2.013149 -0.9474087
v -2.98247 2.608015 -1.110546
v -3.594936 2.016526 -0.481763
v -3.142832 2.515687 -0.9459101
v -3.178853 2.66898 -0.908929
v -3.234682 2.775079 -0.8516146
v -2.982469 3.172338 -1.110546
v -3.362882 2.862087 -0.7199999
v -3.594935 2.515665 -0.4817635
v -3.555959 2.665179 -0.5217787
v -3.486895 2.778948 -0.5926825
v 3.442358 3.306528 0.3135751
v 3.442356 3.120157 0.3135732
v 3.403671 3.120162 -0.4440066
v 3.403671 3.306532 -0.4440061
v 3.337942 3.120163 -0.5836531
v 3.337943 3.306534 -0.5836521
v 2.71473 3.120172 -1.138285
v 2.714731 3.306542 -1.138283
v 0.4250515 3.306526 -3.451742
v -0.5266426 3.306533 -3.435477
v -0.6096089 3.284917 -3.685785
v 0.4982994 3.284909 -3.701937
v 0.4250515 3.306526 -3.451742
v 0.42505 3.117312 -3.451741
v -0.4503822 3.117318 -3.468509
v -0.5266426 3.306533 -3.435477
v -0.5266426 3.306533 -3.435477
v -0.5299547 3.117319 -3.434041
v -0.5266426 3.306533 -3.435477
v -0.5995948 3.11732 -3.403877
v -1.204104 3.117328 -2.765798
v -1.204103 3.306542 -2.765798
v 1.220763 3.172307 -2.848851
v 1.301916 3.19392 -2.924614
v 0.4982989 3.193919 -3.701936
v 0.4600556 3.172306 -3.598569
v -1.282707 3.172324 -2.864791
v -0.5580041 3.172313 -3.581169
v -0.6096096 3.193927 -3.685784
v -1.369311 3.193938 -2.94684
v 0.4982989 3.193919 -3.701936
v 0.4982994 3.284909 -3.701937
v -0.6096089 3.284917 -3.685785
v -0.6096096 3.193927 -3.685784
v -1.204103 3.306542 -2.765798
v -1.36931 3.284928 -2.946841
v -0.6096089 3.284917 -3.685785
v -0.5266426 3.306533 -3.435477
v 0.4600556 3.172306 -3.598569
v 0.4982989 3.193919 -3.701936
v -0.6096096 3.193927 -3.685784
v -0.5580041 3.172313 -3.581169
v 1.301916 3.19392 -2.924614
v 1.301917 3.284909 -2.924615
v 0.4982994 3.284909 -3.701937
v 0.4982989 3.193919 -3.701936
v 0.4250515 3.306526 -3.451742
v 0.4982994 3.284909 -3.701937
v 1.301917 3.284909 -2.924615
v 1.136169 3.306526 -2.750898
v -1.369311 3.193938 -2.94684
v -0.6096096 3.193927 -3.685784
v -0.6096089 3.284917 -3.685785
v -1.36931 3.284928 -2.946841
v 1.136169 3.306526 -2.750898
v 1.136167 3.117313 -2.750896
v 0.42505 3.117312 -3.451741
v 0.4250515 3.306526 -3.451742
v -3.414868 2.485832 0.7627538
v -3.416293 2.007787 0.761506
v -3.514042 2.012583 0.8541259
v -3.512543 2.515088 0.8554376
v -3.378188 2.638571 0.7948679
v -3.475863 2.667827 0.8875507
v -3.418207 2.774514 0.9380306
v -3.324446 2.738015 0.8419203
v -3.286538 2.861522 1.05331
v -3.198256 2.821402 0.9524029
v -3.198256 2.821402 0.9524029
v -3.286538 2.861522 1.05331
v -3.159169 2.778384 1.164825
v -3.076187 2.741723 1.059277
v -3.08784 2.663977 1.227275
v -3.009474 2.634721 1.117686
v -2.969838 2.485809 1.152387
v -3.048206 2.515064 1.261977
v -3.048205 2.01596 1.261978
v -2.969838 2.011022 1.152387
v -3.198256 2.821402 0.9524029
v -3.076187 2.741723 1.059277
v -3.009474 2.634721 1.117686
v -2.969838 2.485809 1.152387
v -2.969838 2.011022 1.152387
v -3.416293 2.007787 0.761506
v -3.324446 2.738015 0.8419203
v -3.378188 2.638571 0.7948679
v -3.414868 2.485832 0.7627538
v -3.416293 2.007787 0.761506
v -2.969838 2.011022 1.152387
v -3.048205 2.01596 1.261978
v -3.514042 2.012583 0.8541259
v -3.414868 1.22196 0.7627544
v -3.416293 0.7439151 0.761506
v -3.514042 0.7487112 0.8541259
v -3.512543 1.251215 0.8554382
v -3.378189 1.374699 0.7948684
v -3.475864 1.403955 0.8875522
v -3.418207 1.510643 0.9380321
v -3.324447 1.474143 0.8419208
v -3.286539 1.597649 1.05331
v -3.198257 1.557529 0.9524035
v -3.198257 1.557529 0.9524035
v -3.286539 1.597649 1.05331
v -3.15917 1.514512 1.164825
v -3.076187 1.47785 1.059277
v -3.087841 1.400105 1.227276
v -3.009474 1.37085 1.117686
v -2.969838 1.221936 1.152389
v -3.048206 1.251192 1.261978
v -3.048205 0.7520874 1.261978
v -2.969838 0.74715 1.152389
v -3.009474 1.37085 1.117686
v -2.969838 1.221936 1.152389
v -2.969838 0.74715 1.152389
v -3.198257 1.557529 0.9524035
v -3.076187 1.47785 1.059277
v -3.416293 0.7439151 0.761506
v -3.324447 1.474143 0.8419208
v -3.378189 1.374699 0.7948684
v -3.414868 1.22196 0.7627544
v -3.416293 0.7439151 0.761506
v -2.969838 0.74715 1.152389
v -3.048205 0.7520874 1.261978
v -3.514042 0.7487112 0.8541259
v -3.053954 2.486432 -0.8389546
v -3.052566 2.008352 -0.8403798
v -3.141372 2.013149 -0.9474087
v -3.142832 2.515687 -0.9459101
v -3.089976 2.639724 -0.8019739
v -3.178853 2.66898 -0.908929
v -3.234682 2.775079 -0.8516146
v -3.141993 2.73858 -0.7485701
v -3.362882 2.862087 -0.7199999
v -3.264858 2.821968 -0.6224319
v -3.264858 2.821968 -0.6224319
v -3.362882 2.862087 -0.7199999
v -3.486895 2.778948 -0.5926825
v -3.383712 2.742288 -0.5004135
v -3.555959 2.665179 -0.5217787
v -3.448281 2.635924 -0.4341236
v -3.487257 2.486409 -0.3941079
v -3.594935 2.515665 -0.4817635
v -3.594936 2.016526 -0.481763
v -3.487258 2.011588 -0.3941079
v -3.264858 2.821968 -0.6224319
v -3.383712 2.742288 -0.5004135
v -3.448281 2.635924 -0.4341236
v -3.487257 2.486409 -0.3941079
v -3.487258 2.011588 -0.3941079
v -3.053954 2.486432 -0.8389546
v -3.052566 2.008352 -0.8403798
v -3.089976 2.639724 -0.8019739
v -3.141993 2.73858 -0.7485701
v -3.052566 2.008352 -0.8403798
v -3.487258 2.011588 -0.3941079
v -3.594936 2.016526 -0.481763
v -3.141372 2.013149 -0.9474087
v -3.053954 1.222558 -0.838954
v -3.052567 0.7444791 -0.8403798
v -3.141373 0.7492766 -0.9474087
v -3.142833 1.251814 -0.9459105
v -3.089977 1.375851 -0.8019734
v -3.178854 1.405108 -0.9089294
v -3.234682 1.511206 -0.8516136
v -3.141994 1.474707 -0.7485705
v -3.362882 1.598214 -0.7199984
v -3.264858 1.558095 -0.6224323
v -3.264858 1.558095 -0.6224323
v -3.362882 1.598214 -0.7199984
v -3.486895 1.515076 -0.5926824
v -3.383712 1.478415 -0.500413
v -3.555959 1.401306 -0.5217786
v -3.44828 1.372051 -0.4341236
v -3.487258 1.222536 -0.3941084
v -3.594936 1.251791 -0.4817639
v -3.594936 0.7526526 -0.4817629
v -3.487258 0.7477155 -0.3941074
v -3.264858 1.558095 -0.6224323
v -3.383712 1.478415 -0.500413
v -3.44828 1.372051 -0.4341236
v -3.487258 1.222536 -0.3941084
v -3.487258 0.7477155 -0.3941074
v -3.053954 1.222558 -0.838954
v -3.052567 0.7444791 -0.8403798
v -3.089977 1.375851 -0.8019734
v -3.141994 1.474707 -0.7485705
v -3.052567 0.7444791 -0.8403798
v -3.487258 0.7477155 -0.3941074
v -3.594936 0.7526526 -0.4817629
v -3.141373 0.7492766 -0.9474087
v -3.592663 2.486137 -0.1158053
v -3.592776 2.00807 -0.1177226
v -3.726116 2.012866 -0.1142903
v -3.725996 2.515393 -0.1122743
v -3.589721 2.639347 -0.06612503
v -3.723056 2.668602 -0.06259406
v -3.718488 2.774797 0.01457822
v -3.585465 2.738298 0.005783915
v -3.708005 2.861804 0.1916331
v -3.575419 2.821684 0.1754726
v -3.575419 2.821684 0.1754726
v -3.708005 2.861804 0.1916331
v -3.697866 2.778666 0.3629073
v -3.565702 2.742005 0.3396195
v -3.692227 2.665046 0.458165
v -3.56043 2.63579 0.4286693
v -3.557236 2.486109 0.4826263
v -3.689033 2.515364 0.5121216
v -3.689033 2.016243 0.512123
v -3.557236 2.011304 0.4826268
v -3.575419 2.821684 0.1754726
v -3.565702 2.742005 0.3396195
v -3.56043 2.63579 0.4286693
v -3.557236 2.486109 0.4826263
v -3.557236 2.011304 0.4826268
v -3.592663 2.486137 -0.1158053
v -3.592776 2.00807 -0.1177226
v -3.589721 2.639347 -0.06612503
v -3.585465 2.738298 0.005783915
v -3.592776 2.00807 -0.1177226
v -3.557236 2.011304 0.4826268
v -3.689033 2.016243 0.512123
v -3.726116 2.012866 -0.1142903
v -3.592663 1.222264 -0.1158047
v -3.592777 0.7441964 -0.1177221
v -3.726117 0.7489939 -0.1142898
v -3.725997 1.25152 -0.1122747
v -3.589722 1.375474 -0.0661245
v -3.723056 1.40473 -0.06259352
v -3.718488 1.510924 0.01457875
v -3.585466 1.474425 0.005784924
v -3.708006 1.597932 0.1916336
v -3.57542 1.557812 0.1754727
v -3.57542 1.557812 0.1754727
v -3.708006 1.597932 0.1916336
v -3.697867 1.514794 0.3629074
v -3.565702 1.478133 0.3396201
v -3.692227 1.401174 0.4581656
v -3.560431 1.371918 0.4286708
v -3.557236 1.222236 0.4826273
v -3.689033 1.251492 0.5121221
v -3.689034 0.7523701 0.512123
v -3.557236 0.7474327 0.4826269
v -3.57542 1.557812 0.1754727
v -3.565702 1.478133 0.3396201
v -3.560431 1.371918 0.4286708
v -3.557236 1.222236 0.4826273
v -3.557236 0.7474327 0.4826269
v -3.592663 1.222264 -0.1158047
v -3.592777 0.7441964 -0.1177221
v -3.589722 1.375474 -0.0661245
v -3.585466 1.474425 0.005784924
v -3.592777 0.7441964 -0.1177221
v -3.557236 0.7474327 0.4826269
v -3.689034 0.7523701 0.512123
v -3.726117 0.7489939 -0.1142898
v -3.733439 3.172338 -0.2379776
v -3.769718 3.172338 0.6438903
v -3.682915 3.172338 0.6154636
v -3.821676 3.172338 -0.2458269
v -3.669667 3.172338 -0.4050414
v -3.805409 3.210044 0.6555794
v -3.743702 3.172338 -0.4500848
v -2.982469 3.172338 -1.110546
v -3.044502 3.172338 -1.171972
v -3.858227 3.210044 -0.2490784
v -3.805409 3.26885 0.6555794
v -3.858227 3.26885 -0.2490784
v -3.821676 3.306556 -0.2458269
v -3.769718 3.306556 0.6438903
v -2.848732 3.306556 1.261613
v -2.961928 3.306556 1.462202
v -3.680105 3.306556 0.8303598
v -3.481136 3.306556 0.7079271
v -3.536654 3.306556 -0.3445007
v -3.593661 2.883205 -0.1951548
v -3.593661 3.306556 -0.1951548
v -3.536654 2.883205 -0.3445007
v -3.264041 2.883205 -0.624375
v -2.922337 3.306556 -0.9751827
v -2.922337 2.883205 -0.9751827
v -3.548496 3.306556 0.5677742
v -3.769718 3.306556 0.6438903
v -3.821676 3.306556 -0.2458269
v -3.593661 3.306556 -0.1951548
v -3.593661 3.306556 -0.1951548
v -3.743702 3.306556 -0.4500848
v -3.536654 3.306556 -0.3445007
v -3.774375 3.26885 -0.4687463
v -3.858227 3.26885 -0.2490784
v -3.774375 3.210044 -0.4687463
v -3.858227 3.210044 -0.2490784
v -3.821676 3.172338 -0.2458269
v -3.743702 3.172338 -0.4500848
v -3.069409 3.210044 -1.196635
v -3.044502 3.172338 -1.171972
v -3.774375 3.26885 -0.4687463
v -3.069409 3.26885 -1.196635
v -3.044502 3.306556 -1.171972
v -3.743702 3.306556 -0.4500848
v -3.536654 3.306556 -0.3445007
v -3.743702 3.306556 -0.4500848
v -3.044502 3.306556 -1.171972
v -2.922337 3.306556 -0.9751827
v -3.593661 3.306556 -0.1951548
v -3.593661 2.883205 -0.1951548
v -3.570792 2.883205 0.1911534
v -3.548496 3.306556 0.5677742
v -3.548496 2.883205 0.5677742
v -3.481136 2.883205 0.7079271
v -3.481136 3.306556 0.7079271
v -3.192477 2.883205 0.9606556
v -2.848732 3.306556 1.261613
v -2.848732 2.883205 1.261613
v 0.1103184 5.668043 -1.052705
v 0.5547621 5.934558 -0.6075003
v 0.3850892 5.934558 -0.7363427
v 0.2778628 6.098041 -0.3278001
v 0.1900177 6.098041 -0.3945067
v 0.1878512 5.934558 -0.8168805
v 0.1103184 5.668043 -1.052705
v 0.3454506 6.098041 -0.2406304
v -0.01940274 6.153669 -0.02752522
v 0.0879004 6.098041 -0.4362042
v 0.3881743 6.098041 -0.1389382
v -0.02152967 6.098041 -0.4500506
v 0.6853063 5.934558 -0.4391339
v 0.1103184 5.668043 -1.052705
v -0.02351046 5.934558 -0.8436253
v 0.1103184 5.668043 -1.052705
v 0.9688637 5.668043 -0.6047542
v 0.1369128 5.353103 -1.262882
v 0.7678254 5.934558 -0.242717
v -0.2345932 5.934558 -0.8147538
v 0.1103184 5.668043 -1.052705
v 1.171473 5.353104 -0.7230952
v 0.1499913 5.027315 -1.36624
v -0.1308146 6.098041 -0.4351037
v -0.4310102 5.934558 -0.7322342
v 0.1103184 5.668043 -1.052705
v 0.4031217 6.098041 -0.02965334
v 1.084587 5.668043 -0.3293035
v 1.271109 5.027315 -0.7812898
v 0.1498415 4.701524 -1.365055
v 0.7966969 5.934558 -0.03163411
v 0.3892753 6.098041 0.0797765
v 0.7699521 5.934558 0.1797273
v 1.125075 5.668043 -0.0332873
v 1.087569 5.668044 0.2631218
v 1.310922 5.353104 -0.3911726
v 1.359711 5.353104 -0.03446841
v 1.314516 5.353104 0.3227088
v 1.269967 4.701524 -0.7806241
v 0.1436245 4.411717 -1.315922
v 1.422225 5.027315 -0.4215972
v 1.475095 5.027315 -0.03504918
v 1.426119 5.027315 0.3520119
v 1.222603 4.411717 -0.7529594
v 0.1333756 4.295429 -1.234927
v 1.144524 4.295429 -0.7073547
v 1.420949 4.701524 -0.4212486
v 1.473772 4.701525 -0.03504249
v 1.424839 4.701525 0.3516763
v 1.368039 4.411717 -0.4067847
v 1.280817 4.29543 -0.3829424
v 1.418922 4.411718 -0.03476544
v 1.371786 4.411718 0.3377464
v 1.328501 4.295429 -0.03431053
v 1.284329 4.295429 0.3147834
v -0.9773126 4.295429 -0.9758398
v 0.1333756 4.295429 -1.234927
v 0.1436245 4.411717 -1.315922
v -1.041572 4.411717 -1.039456
v -1.190114 4.295429 -0.6956012
v 0.1498415 4.701524 -1.365055
v -1.268649 4.411717 -0.7404177
v -1.323134 4.295429 -0.3698346
v -1.410592 4.411717 -0.3927981
v -1.080552 4.701524 -1.078046
v 0.1499913 5.027315 -1.36624
v -1.316288 4.701524 -0.7676031
v -1.463645 4.701524 -0.406727
v -1.081492 5.027314 -1.078976
v 0.1369128 5.353103 -1.262882
v -1.317437 5.027314 -0.7682593
v -1.464924 5.027314 -0.4070632
v -0.9994919 5.353103 -0.9977973
v -1.217221 5.353103 -0.7110708
v -1.35332 5.353103 -0.3777611
v -0.8327441 5.668043 -0.8327196
v -1.01343 5.668043 -0.594775
v -1.126374 5.668043 -0.3181732
v -0.5993776 5.934558 -0.6016905
v -0.7282193 5.934558 -0.4320176
v -0.8087573 5.934558 -0.2347796
v -0.232507 6.098041 -0.3923791
v -0.3196764 6.098041 -0.3247922
v -0.3863831 6.098041 -0.2369469
v -0.4280808 6.098041 -0.1348288
v -1.367306 4.295429 -0.02074022
v -1.323134 4.295429 -0.3698346
v -1.410592 4.411717 -0.3927981
v -1.457728 4.411717 -0.02028485
v -1.319622 4.295429 0.3278926
v -1.463645 4.701524 -0.406727
v -1.406844 4.411717 0.3517345
v -1.183329 4.295429 0.6523026
v -1.512579 4.701524 -0.02000877
v -1.464924 5.027314 -0.4070632
v -1.261409 4.411717 0.6979077
v -0.9677169 4.295429 0.9303845
v -1.459754 4.701524 0.3661979
v -1.513901 5.027314 -0.02000211
v -1.35332 5.353103 -0.3777611
v -1.031333 4.411717 0.994644
v -0.6874788 4.295429 1.143187
v -1.308773 4.701524 0.7255724
v -1.398517 5.353103 -0.02058243
v -1.126374 5.668043 -0.3181732
v -1.46103 5.027315 0.3665464
v -0.7322958 4.411717 1.221721
v -0.3617127 4.29543 1.276206
v -1.16388 5.668043 -0.02176453
v -0.8087573 5.934558 -0.2347796
v -1.069923 4.701524 1.033624
v -1.349727 5.353103 0.3361218
v -1.309915 5.027315 0.726239
v -0.3846757 4.411717 1.363664
v -0.01261806 4.295429 1.320379
v -0.8355029 5.934558 -0.02341678
v -0.4280808 6.098041 -0.1348288
v -0.7594817 4.701524 1.269361
v -1.070853 5.027315 1.034564
v -1.123392 5.668043 0.2742517
v -1.21028 5.353103 0.6680434
v -0.01216292 4.411718 1.4108
v 0.3360138 4.295429 1.272694
v -0.4419272 6.098041 -0.025399
v -0.01940274 6.153669 -0.02752522
v -0.3986053 4.701524 1.416718
v -0.7601368 5.027315 1.270509
v -0.9896748 5.353104 0.952564
v -1.007669 5.668043 0.5497019
v -0.8066308 5.934558 0.1876647
v -0.42698 6.098041 0.08388636
v -0.7241116 5.934558 0.3840816
v -0.3842566 6.098041 0.1855781
v -0.3166687 6.098041 0.2727477
v -0.2288234 6.098041 0.3394544
v -0.8245971 5.668043 0.785816
v -0.5935676 5.934558 0.552449
v -0.7029474 5.353104 1.170293
v -0.4238954 5.934558 0.6812913
v -0.5866525 5.668043 0.966502
v -0.3989408 5.027315 1.417997
v -0.369638 5.353104 1.306393
v -0.3100507 5.668043 1.079446
v -0.2266569 5.934558 0.7618291
v -0.0118866 4.701525 1.46565
v -0.01188016 5.027315 1.466973
v -0.01246095 5.353104 1.351589
v 0.3598561 4.411718 1.359916
v 0.6604249 4.295429 1.136401
v 0.3743198 4.701525 1.412826
v 0.7060297 4.411718 1.214481
v 0.9385073 4.29543 0.9207886
v 0.3746688 5.027315 1.414102
v -0.01364183 5.668043 1.116952
v 1.002767 4.411718 0.9844044
v 1.151309 4.29543 0.6405509
v 0.7336943 4.701525 1.261844
v 0.3442438 5.353104 1.302799
v 1.229843 4.411718 0.6853669
v 1.284329 4.295429 0.3147834
v 1.371786 4.411718 0.3377464
v 1.041746 4.701525 1.022994
v 0.7343619 5.027315 1.262986
v 1.277483 4.701525 0.7125528
v 1.424839 4.701525 0.3516763
v 1.042687 5.027315 1.023925
v 1.278632 5.027315 0.713208
v 1.426119 5.027315 0.3520119
v 0.6761663 5.353104 1.16335
v 0.9606864 5.353104 0.9427459
v 1.178416 5.353104 0.6560185
v 1.314516 5.353104 0.3227088
v 0.2823751 5.668044 1.076463
v 0.5578253 5.668044 0.9607408
v 0.7939389 5.668044 0.7776678
v 0.9746249 5.668044 0.5397232
v 1.087569 5.668044 0.2631218
v -0.01529479 5.934558 0.788573
v 0.1957867 5.934558 0.7597034
v 0.392204 5.934558 0.6771829
v 0.5605714 5.934558 0.5466383
v 0.6894138 5.934558 0.3769662
v 0.7699521 5.934558 0.1797273
v -0.1267061 6.098041 0.3811519
v -0.01727581 6.098041 0.3949983
v 0.09200931 6.098041 0.3800504
v 0.1937013 6.098041 0.3373277
v 0.2808712 6.098041 0.2697398
v 0.3475776 6.098041 0.181894
v 0.3892753 6.098041 0.0797765
v 0.2960665 6.2649 -0.1193469
v 0.601311 6.053627 -0.1927159
v 0.5701168 6.053627 0.2049963
v 0.2800441 6.2649 0.08493539
v 0.07625198 6.476173 -0.06651191
v 0.3111105 6.053627 0.5084178
v 0.07115436 6.476173 -0.001524255
v 0.1470072 6.2649 0.2407853
v -0.07677627 6.053627 0.601651
v 0.02883196 6.476173 0.04805632
v -0.09478283 6.476173 0.03836127
v -0.05222821 6.2649 0.2886736
v -0.4453835 6.053627 0.4490831
v -0.03455043 6.476173 0.06329031
v -0.2415607 6.2649 0.2103088
v -0.6539166 6.053627 0.1089918
v -0.3486729 6.2649 0.0356228
v -0.1288574 6.476173 -0.0172122
v -0.3486729 6.2649 0.0356228
v -0.6539166 6.053627 0.1089918
v -0.6227231 6.053627 -0.2887204
v -0.3326499 6.2649 -0.1686595
v -0.3637173 6.053627 -0.5921423
v -0.1288574 6.476173 -0.0172122
v -0.1996138 6.2649 -0.3245099
v 0.02416945 6.053627 -0.6853745
v -0.1237605 6.476173 -0.08219938
v -0.0003786087 6.2649 -0.3723986
v 0.3927779 6.053627 -0.5328076
v -0.08143711 6.476173 -0.1317804
v 0.1889553 6.2649 -0.2940328
v 0.601311 6.053627 -0.1927159
v 0.2960665 6.2649 -0.1193469
v -0.01805544 6.476173 -0.1470149
v 0.04217625 6.476173 -0.1220839
v 0.07625198 6.476173 -0.06651191
v 0.07115436 6.476173 -0.001524255
v -0.09478283 6.476173 0.03836127
v -0.6227231 6.053627 -0.2887204
v -0.6539166 6.053627 0.1089918
v -0.6516449 5.941917 0.1084468
v -0.6205645 5.941917 -0.2878278
v -0.3637173 6.053627 -0.5921423
v -0.3624961 5.941914 -0.5901501
v 0.02416945 6.053627 -0.6853745
v 0.02398705 5.941914 -0.6830447
v 0.3927779 6.053627 -0.5328076
v 0.3912611 5.941915 -0.5310299
v 0.601311 6.053627 -0.1927159
v 0.5990393 5.941917 -0.1921699
v -0.6539166 6.053627 0.1089918
v -0.4438665 5.941917 0.4473064
v -0.6516449 5.941917 0.1084468
v -0.4453835 6.053627 0.4490831
v -0.0765934 5.941917 0.5993221
v -0.07677627 6.053627 0.601651
v 0.3098893 5.941917 0.5064266
v 0.3111105 6.053627 0.5084178
v 0.5679581 5.941917 0.2041037
v 0.5701168 6.053627 0.2049963
v 0.5990393 5.941917 -0.1921699
v 0.601311 6.053627 -0.1927159
v 1.280817 4.05359 -0.3829424
v 1.257744 4.058403 -0.7734844
v 1.144524 4.05359 -0.7073547
v 1.407484 4.05841 -0.417567
v 1.328501 4.05359 -0.03431052
v 1.465272 4.122031 -0.4333627
v 1.309644 4.122031 -0.8037979
v 1.309644 4.226988 -0.8037979
v 1.460059 4.058419 -0.03497332
v 1.284329 4.05359 0.3147834
v 1.411796 4.058427 0.3482516
v 1.469282 4.122032 0.3633454
v 1.519721 4.122031 -0.03527278
v 1.465272 4.226988 -0.4333627
v 1.519721 4.226988 -0.03527278
v 1.469282 4.226988 0.3633454
v 1.411796 4.290593 0.3482516
v 1.407484 4.29061 -0.417567
v 1.257744 4.290617 -0.7734844
v 1.460059 4.2906 -0.03497333
v 1.328501 4.295429 -0.03431053
v 1.284329 4.295429 0.3147834
v 1.280817 4.29543 -0.3829424
v 1.144524 4.295429 -0.7073547
v 0.1333756 4.295429 -1.234927
v 1.021094 4.29062 -1.078551
v 0.7136347 4.290618 -1.312073
v 1.284329 4.05359 0.3147834
v 1.284329 3.247384 0.3147839
v 1.151309 3.247385 0.6405505
v 1.151309 4.05359 0.6405504
v 0.9385073 3.247385 0.9207882
v 0.9385073 4.05359 0.9207886
v 0.6604254 3.247384 1.136402
v 0.6604249 4.05359 1.136402
v 0.3360143 3.247384 1.272694
v 0.3360138 4.05359 1.272694
v -0.01261806 3.247384 1.32038
v -0.01261806 4.05359 1.320379
v -0.3617127 3.247384 1.276207
v -0.3617127 4.05359 1.276206
v -0.6874788 3.247384 1.143187
v -0.6874788 4.05359 1.143187
v -0.9677169 3.247384 0.930385
v -0.9677167 4.05359 0.9303845
v -1.183329 3.247384 0.6523031
v -1.183329 4.05359 0.6523026
v -1.319622 3.247384 0.3278926
v -1.319622 4.05359 0.3278926
v -1.367307 3.247384 -0.0207397
v -1.367306 4.05359 -0.02074021
v -1.323134 3.247384 -0.3698346
v -1.323134 4.05359 -0.3698346
v 1.328501 4.05359 -0.03431052
v 1.284329 3.247384 0.3147839
v 1.284329 4.05359 0.3147834
v 1.328501 3.247384 -0.03431048
v 1.280817 4.05359 -0.3829424
v 1.280817 3.247384 -0.3829423
v 1.144524 4.05359 -0.7073547
v 1.144524 3.247384 -0.7073547
v -1.190114 4.05359 -0.6956012
v -0.9773123 3.247384 -0.9758402
v -0.9773126 4.05359 -0.9758393
v -1.190114 3.247384 -0.6956011
v -1.323134 4.05359 -0.3698346
v -1.323134 3.247384 -0.3698346
v -0.0448947 6.726587 -0.03414231
v -0.0448947 6.621271 -0.03414231
v -0.04502463 6.621271 -0.06009608
v -0.04502463 6.726587 -0.06009608
v -0.08406878 6.776325 -0.08237678
v -0.08371186 6.776325 -0.01146918
v -0.1066108 6.862472 -0.09524089
v -0.1061237 6.862472 0.001621423
v -0.106611 6.961948 -0.09524138
v -0.1061237 6.961948 0.001621419
v -0.08406878 7.048094 -0.08237679
v -0.08371162 7.048094 -0.0114692
v -0.03358483 7.211854 -0.05356725
v -0.03352046 7.211854 -0.04078563
v -0.03352046 7.307855 -0.04078563
v -0.03358483 7.307855 -0.05356725
v -0.02235222 6.726587 -0.02127915
v -0.0448947 6.621271 -0.03414231
v -0.02235222 6.621271 -0.02127915
v -0.02212596 6.776325 0.02367562
v -0.1061237 6.862472 0.001621423
v -0.02199531 6.862472 0.04962939
v -0.1061237 6.961948 0.001621419
v -0.02199531 6.961948 0.04962938
v -0.08371162 7.048094 -0.0114692
v -0.02212596 7.048094 0.02367561
v -0.03352046 7.211854 -0.04078563
v -0.02241874 7.211854 -0.03445037
v -0.02241874 7.307855 -0.03445037
v -0.03352046 7.307855 -0.04078563
v 5.936623E-05 6.726587 -0.03436881
v -0.02235222 6.621271 -0.02127915
v 5.936623E-05 6.621271 -0.03436881
v 0.03910375 6.776325 -0.01208764
v -0.02199531 6.862472 0.04962939
v 0.06164575 6.862472 0.0007755141
v -0.02199531 6.961948 0.04962938
v 0.06164575 6.961948 0.0007755097
v -0.02212596 7.048094 0.02367561
v 0.03910375 7.048094 -0.01208765
v -0.02241874 7.211854 -0.03445037
v -0.01138043 7.211854 -0.04089769
v -0.01138043 7.307855 -0.04089769
v -0.02241874 7.307855 -0.03445037
v -0.02261281 6.726587 -0.07318621
v -0.02261281 6.621271 -0.07318621
v -7.128716E-05 6.621271 -0.0603221
v -7.128716E-05 6.726587 -0.0603221
v 0.03874636 6.776325 -0.08299524
v -0.02283931 6.776325 -0.11814
v -0.04502463 6.726587 -0.06009608
v -0.02261281 6.621271 -0.07318621
v -0.04502463 6.621271 -0.06009608
v -0.08406878 6.776325 -0.08237678
v -0.0229702 6.862472 -0.1440933
v -0.1066108 6.862472 -0.09524089
v -0.02296996 6.961948 -0.1440933
v -0.106611 6.961948 -0.09524138
v -0.02283907 7.048094 -0.11814
v -0.08406878 7.048094 -0.08237679
v -0.02254629 7.211854 -0.06001504
v -0.03358483 7.211854 -0.05356725
v -0.03358483 7.307855 -0.05356725
v -0.02254629 7.307855 -0.06001505
v 0.06115842 6.862472 -0.09608585
v -0.0229702 6.862472 -0.1440933
v 0.06115842 6.961948 -0.09608585
v -0.02296996 6.961948 -0.1440933
v 0.0387466 7.048094 -0.08299524
v -0.02283907 7.048094 -0.11814
v -0.01144505 7.211854 -0.05367931
v -0.02254629 7.211854 -0.06001504
v -0.02254629 7.307855 -0.06001505
v -0.01144505 7.307855 -0.05367931
v 0.03910375 6.776325 -0.01208764
v 0.06164575 6.862472 0.0007755141
v 0.06115842 6.862472 -0.09608585
v 0.06164575 6.961948 0.0007755097
v 0.06115842 6.961948 -0.09608585
v 0.03910375 7.048094 -0.01208765
v 0.0387466 7.048094 -0.08299524
v 5.936623E-05 6.726587 -0.03436881
v 5.936623E-05 6.621271 -0.03436881
v -7.128716E-05 6.621271 -0.0603221
v -0.01138043 7.211854 -0.04089769
v -0.01144505 7.211854 -0.05367931
v -0.01144505 7.307855 -0.05367931
v -0.01138043 7.307855 -0.04089769
v -0.9773126 4.295429 -0.9758398
v -0.7657506 4.290588 -1.30534
v 0.1333756 4.295429 -1.234927
v -1.071103 4.290584 -1.068691
v -1.190114 4.295429 -0.6956012
v -1.304709 4.290586 -0.7609951
v -1.323134 4.295429 -0.3698346
v -1.450602 4.290592 -0.4033028
v -1.508088 4.226988 -0.4183967
v -1.356197 4.226988 -0.7903778
v -1.113206 4.226988 -1.110372
v -1.113206 4.122031 -1.110372
v -1.356197 4.122031 -0.7903778
v -1.508088 4.122031 -0.4183967
v -1.450602 4.058426 -0.4033028
v -1.304709 4.058433 -0.7609956
v -1.071103 4.058434 -1.068691
v -0.9773126 4.05359 -0.9758393
v -1.190114 4.05359 -0.6956012
v -1.323134 4.05359 -0.3698346
v -1.367306 4.295429 -0.02074022
v -1.450602 4.290592 -0.4033028
v -1.323134 4.295429 -0.3698346
v -1.498865 4.2906 -0.02007837
v -1.319622 4.295429 0.3278926
v -1.558527 4.226988 -0.01977748
v -1.508088 4.226988 -0.4183967
v -1.508088 4.122031 -0.4183967
v -1.446289 4.290609 0.3625172
v -1.183329 4.295429 0.6523026
v -1.504077 4.226988 0.3783134
v -1.558527 4.122031 -0.01977748
v -1.296549 4.290617 0.7184327
v -0.9677169 4.295429 0.9303845
v -1.348449 4.226988 0.7487462
v -1.0599 4.29062 1.0235
v -0.6874788 4.295429 1.143187
v -1.498865 4.058419 -0.02007836
v -1.450602 4.058426 -0.4033028
v -1.323134 4.05359 -0.3698346
v -1.367306 4.05359 -0.02074021
v -1.446289 4.058409 0.3625172
v -1.319622 4.05359 0.3278926
v -1.504077 4.122031 0.3783134
v -1.29655 4.058403 0.7184327
v -1.183329 4.05359 0.6523026
v -1.348449 4.122031 0.7487462
v -1.0599 4.0584 1.0235
v -0.9677167 4.05359 0.9303845
v -1.102249 4.226988 1.066278
v -0.7524397 4.058401 1.257023
v -0.6874788 4.05359 1.143187
v -1.102249 4.122031 1.066278
v -0.7822556 4.226988 1.309269
v -0.3950377 4.058407 1.403129
v -0.3617127 4.05359 1.276206
v -0.7822556 4.122031 1.309269
v -0.7524397 4.290618 1.257023
v -0.3617127 4.29543 1.276206
v -0.01195645 4.058415 1.451835
v -0.01261806 4.05359 1.320379
v -0.4102745 4.226988 1.46116
v -0.3950379 4.290613 1.403129
v -0.01261806 4.295429 1.320379
v -0.4102745 4.122031 1.46116
v 0.3707404 4.058424 1.399735
v 0.3360138 4.05359 1.272694
v -0.01195669 4.290604 1.451835
v 0.3360138 4.295429 1.272694
v -0.01165605 4.226988 1.511599
v -0.01165605 4.122031 1.511599
v 0.7269452 4.058431 1.250289
v 0.6604249 4.05359 1.136402
v 0.3707404 4.290596 1.399735
v 0.6604249 4.295429 1.136401
v 0.3864346 4.226988 1.45715
v 0.3864346 4.122031 1.45715
v 1.032298 4.058435 1.01364
v 0.9385073 4.05359 0.9207886
v 0.7269452 4.290589 1.250289
v 0.9385073 4.29543 0.9207886
v 0.7568686 4.226988 1.301522
v 0.7568686 4.122032 1.301522
v 1.265903 4.058433 0.7059444
v 1.151309 4.05359 0.6405504
v 1.032298 4.290585 1.01364
v 1.151309 4.29543 0.6405509
v 1.074401 4.226988 1.055321
v 1.074401 4.122032 1.055321
v 1.411796 4.058427 0.3482516
v 1.284329 4.05359 0.3147834
v 1.317392 4.122032 0.7353266
v 1.469282 4.122032 0.3633454
v 1.469282 4.226988 0.3633454
v 1.317392 4.226988 0.7353266
v 1.265903 4.290587 0.7059444
v 1.411796 4.290593 0.3482516
v 1.284329 4.295429 0.3147834
v -0.1848116 3.301575 -2.993065
v 0.2605526 3.301575 -2.884507
v 0.2605526 3.832665 -2.884507
v -0.1848116 3.832665 -2.993065
v 0.002477646 3.685829 -2.188052
v 0.05506611 3.664381 -2.190437
v 0.100831 3.610224 -2.192511
v -0.09587574 3.610224 -2.183593
v -0.05011082 3.664381 -2.185668
v -0.1112289 3.539885 -2.182898
v 0.1161842 3.539885 -2.193207
v -0.1112289 3.301575 -2.182898
v 0.1161842 3.301575 -2.193207
v 0.357836 4.050349 -2.396686
v 0.3455842 3.817713 -2.403237
v 0.2028296 3.817713 -2.250846
v 0.2101653 4.050349 -2.239047
v 0.1597974 4.257422 -2.320061
v 0.2737105 4.257422 -2.441662
v 0.09374619 4.375242 -2.537876
v 0.05205011 4.375242 -2.493367
v -0.006312847 4.375242 -2.475669
v 0.0003447533 4.257422 -2.271708
v -0.06570625 4.375242 -2.489523
v 0.003458023 4.050349 -2.176364
v 0.003004074 3.817713 -2.190251
v -0.161921 4.257422 -2.309559
v -0.1102157 4.375242 -2.531219
v -0.2068968 4.050349 -2.225433
v -0.2003465 3.817713 -2.237685
v -0.2835217 4.257422 -2.423473
v -0.1279135 4.375242 -2.589582
v -0.3645353 4.050349 -2.373104
v -0.3527365 3.817713 -2.38044
v -0.3318748 4.257422 -2.582923
v -0.1140599 4.375242 -2.648976
v -0.2940245 4.257422 -2.74519
v -0.4272182 4.050349 -2.579811
v -0.4133322 3.817713 -2.580264
v -0.3781502 4.050349 -2.790165
v -0.3658977 3.817713 -2.783615
v 0.1333487 4.362857 -2.482833
v 0.1728947 4.362857 -2.586376
v 0.1728947 4.331708 -2.586376
v 0.1333487 4.331708 -2.482833
v 0.04049492 4.362857 -2.42231
v 0.04049492 4.331708 -2.42231
v -0.07020092 4.362857 -2.427924
v -0.07020092 4.331708 -2.427924
v -0.156455 4.362856 -2.497531
v -0.156455 4.331707 -2.497531
v -0.1853232 4.362856 -2.604544
v -0.1853232 4.331707 -2.604544
v -0.1457767 4.362856 -2.708086
v -0.1853232 4.362856 -2.604544
v -0.1853232 4.331707 -2.604544
v -0.1457767 4.331708 -2.708086
v -0.0529232 4.362856 -2.768609
v -0.0529232 4.331708 -2.768609
v 0.05777264 4.362856 -2.762995
v 0.05777264 4.331708 -2.762995
v 0.144027 4.362857 -2.693388
v 0.144027 4.331708 -2.693388
v 0.1728947 4.362857 -2.586376
v 0.1728947 4.331708 -2.586376
v 0.2024071 4.257422 -2.820337
v 0.08990097 4.375242 -2.655633
v 0.04539251 4.375242 -2.697329
v -0.02065945 4.257422 -2.915143
v -0.01400137 4.375242 -2.711183
v -0.02377129 4.050349 -3.010488
v 0.2654021 4.050349 -2.887583
v -0.1801109 4.257422 -2.866791
v -0.07236481 4.375242 -2.693485
v -0.02331829 3.817713 -2.996601
v 0.2562282 3.817713 -2.87779
v -0.2231426 3.817713 -2.936005
v -0.2304783 4.050349 -2.947804
v -0.3658977 3.817713 -2.783615
v -0.3781502 4.050349 -2.790165
v -0.2940245 4.257422 -2.74519
v -0.1140599 4.375242 -2.648976
v -0.0985465 4.42177 -2.600143
v -0.1853232 4.362856 -2.604544
v -0.1457767 4.362856 -2.708086
v -0.07815981 4.42177 -2.653519
v -0.03558731 4.480681 -2.596949
v -0.0529232 4.362856 -2.768609
v -0.0291028 4.480681 -2.61393
v 0.00144577 4.480681 -2.567064
v 0.01667404 4.480681 -2.576989
v -0.03029299 4.42177 -2.684719
v 0.05777264 4.362856 -2.762995
v -0.01387405 4.480681 -2.623856
v 0.02315903 4.480681 -2.59397
v 0.02677155 4.42177 -2.681825
v 0.144027 4.362857 -2.693388
v 0.004279137 4.480681 -2.622936
v 0.07123613 4.42177 -2.645943
v 0.1728947 4.362857 -2.586376
v 0.08611774 4.42177 -2.590777
v 0.01842499 4.480681 -2.61152
v 0.393019 3.817713 -2.606588
v 0.3455842 3.817713 -2.403237
v 0.357836 4.050349 -2.396686
v 0.4069045 4.050349 -2.607041
v 0.2562282 3.817713 -2.87779
v 0.2737105 4.257422 -2.441662
v 0.2654021 4.050349 -2.887583
v 0.3115609 4.257422 -2.603929
v 0.09374619 4.375242 -2.537876
v 0.2024071 4.257422 -2.820337
v 0.1075997 4.375242 -2.59727
v 0.08990097 4.375242 -2.655633
v 0.3197272 3.141925 -2.950916
v 0.4551904 3.141925 -2.372442
v 0.4551904 3.261657 -2.372442
v 0.3197272 3.261657 -2.950916
v 0.4172852 3.307295 -2.407951
v 0.2842185 3.307295 -2.913011
v -0.2284451 3.307295 -3.012854
v -0.4537523 3.307295 -2.772341
v -0.491657 3.261657 -2.807849
v -0.2663507 3.261657 -3.048363
v 0.2842185 3.307295 -2.913011
v -0.491657 3.141925 -2.807849
v -0.2663507 3.141925 -3.048363
v 0.3197272 3.261657 -2.950916
v -0.2663507 3.141925 -3.048363
v 0.3197272 3.141925 -2.950916
v 0.318578 3.720957 -2.949689
v 0.4535811 3.720957 -2.373182
v 0.4535811 3.844607 -2.373183
v 0.318578 3.844607 -2.949689
v 0.08611774 4.42177 -2.590777
v 0.1728947 4.362857 -2.586376
v 0.1333487 4.362857 -2.482833
v 0.065732 4.42177 -2.5374
v 0.02315903 4.480681 -2.59397
v 0.04049492 4.362857 -2.42231
v 0.01667404 4.480681 -2.576989
v 0.01786423 4.42177 -2.506199
v -0.07020092 4.362857 -2.427924
v 0.00144577 4.480681 -2.567064
v -0.03920031 4.42177 -2.509094
v -0.156455 4.362856 -2.497531
v -0.0167079 4.480681 -2.567985
v -0.03558731 4.480681 -2.596949
v -0.08366489 4.42177 -2.544976
v -0.1853232 4.362856 -2.604544
v -0.0985465 4.42177 -2.600143
v -0.03085327 4.480681 -2.579399
v 0.4535811 3.720957 -2.373182
v 0.2290404 3.844607 -2.133487
v 0.4535811 3.844607 -2.373183
v 0.2290404 3.720957 -2.133487
v -0.2351971 3.844607 -2.118331
v -0.2351971 3.720957 -2.118331
v -0.4748924 3.844607 -2.342873
v -0.4748924 3.720957 -2.342873
v -0.4900472 3.844607 -2.807109
v -0.4900472 3.720957 -2.807109
v -0.4764507 3.141925 -2.342029
v -0.491657 3.141925 -2.807849
v -0.491657 3.261657 -2.807849
v -0.4764507 3.261657 -2.342029
v -0.2359381 3.141925 -2.116722
v -0.4537523 3.307295 -2.772341
v -0.2359381 3.261657 -2.116722
v 0.2298849 3.141925 -2.131928
v -0.4409416 3.307295 -2.379935
v -0.2284451 3.307295 -3.012854
v 0.2842185 3.307295 -2.913011
v -0.200428 3.307296 -2.154627
v 0.2298849 3.261657 -2.131928
v 0.4551904 3.141925 -2.372442
v 0.4551904 3.261657 -2.372442
v 0.1919777 3.307295 -2.167438
v 0.2842185 3.307295 -2.913011
v 0.4172852 3.307295 -2.407951
v -0.4900472 3.720957 -2.807109
v -0.2655067 3.720957 -3.046805
v -0.2655067 3.844607 -3.046805
v -0.4900472 3.844607 -2.807109
v -2.822442 3.685829 0.5470918
v -2.920795 3.610224 0.5515512
v -2.87503 3.664381 0.549476
v -2.724088 3.610224 0.5426334
v -2.769853 3.664381 0.5447076
v -2.936148 3.539885 0.5522469
v -2.708735 3.539885 0.5419376
v -2.936148 3.301575 0.5522469
v -2.708735 3.301575 0.5419377
v 0.2605526 3.301575 -2.884507
v 0.3922036 3.301575 -2.443066
v 0.3922036 3.832665 -2.443066
v 0.2605526 3.832665 -2.884507
v 0.2290404 3.844607 -2.133487
v 0.1924384 3.838894 -2.597023
v 0.4535811 3.844607 -2.373183
v -0.0113554 3.838894 -2.379474
v -0.2351971 3.844607 -2.118331
v -0.2289047 3.838894 -2.583268
v -0.4748924 3.844607 -2.342873
v -0.4900472 3.844607 -2.807109
v -3.242271 3.610224 0.2544149
v -3.244679 3.685829 0.1559838
v -3.243392 3.664382 0.2086137
v -3.245967 3.664382 0.1033543
v -3.247087 3.610224 0.05755361
v -3.241896 3.539885 0.2697795
v -3.247464 3.539885 0.04218849
v -3.241896 3.301575 0.26978
v -3.247464 3.301575 0.0421885
v -3.247464 3.539885 0.04218849
v -3.247464 3.301575 0.0421885
v -3.248855 3.301575 -0.01468148
v -3.248855 3.832665 -0.01468151
v -3.247087 3.610224 0.05755361
v -3.245967 3.664382 0.1033543
v -3.244679 3.685829 0.1559838
v -3.240561 3.832665 0.3243192
v -3.243392 3.664382 0.2086137
v -3.242271 3.610224 0.2544149
v -3.241896 3.539885 0.2697795
v -3.241896 3.301575 0.26978
v -3.240561 3.301575 0.3243197
v -2.992048 3.301575 0.5547818
v -2.992048 3.832665 0.5547813
v -2.936148 3.301575 0.5522469
v -2.936148 3.539885 0.5522469
v -2.920795 3.610224 0.5515512
v -2.87503 3.664381 0.549476
v -2.822442 3.685829 0.5470918
v -2.769853 3.664381 0.5447076
v -2.657917 3.832665 0.5396336
v -2.724088 3.610224 0.5426334
v -2.708735 3.539885 0.5419376
v -2.657917 3.301575 0.5396336
v -2.708735 3.301575 0.5419377
v -2.432716 3.301575 0.2920788
v -2.432716 3.832665 0.2920788
v -0.1848116 3.301575 -2.993065
v -0.1848116 3.832665 -2.993065
v -0.4239352 3.832665 -2.749826
v -0.4239357 3.301575 -2.749826
v -0.4225442 3.301575 -2.692956
v -0.4239357 3.301575 -2.749826
v -0.4239352 3.832665 -2.749826
v -0.4225442 3.539885 -2.692956
v -0.422168 3.610224 -2.677591
v -0.4210479 3.664382 -2.63179
v -0.4197595 3.685829 -2.579161
v -0.4156415 3.832665 -2.410825
v -0.4184725 3.664382 -2.526531
v -0.417352 3.610224 -2.480729
v -0.4169767 3.539885 -2.465365
v -0.4169767 3.301575 -2.465365
v -0.4156415 3.301575 -2.410825
v -0.1671286 3.301575 -2.180363
v -0.1671286 3.832665 -2.180363
v -0.1112289 3.301575 -2.182898
v -0.1112289 3.539885 -2.182898
v -0.09587574 3.610224 -2.183593
v -0.05011082 3.664381 -2.185668
v 0.002477646 3.685829 -2.188052
v 0.05506611 3.664381 -2.190437
v 0.1670029 3.832665 -2.195511
v 0.100831 3.610224 -2.192511
v 0.1161842 3.539885 -2.193207
v 0.1670029 3.301575 -2.195511
v 0.1161842 3.301575 -2.193207
v 0.3922036 3.301575 -2.443066
v 0.3922036 3.832665 -2.443066
v -0.2655067 3.720957 -3.046805
v 0.318578 3.720957 -2.949689
v 0.318578 3.844607 -2.949689
v -0.2655067 3.844607 -3.046805
v -0.2289047 3.838894 -2.583268
v -0.4900472 3.844607 -2.807109
v -0.2655067 3.844607 -3.046805
v -0.02511024 3.838894 -2.800817
v -0.0113554 3.838894 -2.379474
v 0.318578 3.844607 -2.949689
v 0.1924384 3.838894 -2.597023
v -0.4169767 3.301575 -2.465365
v -0.4225442 3.301575 -2.692956
v -0.4225442 3.539885 -2.692956
v -0.4169767 3.539885 -2.465365
v -0.422168 3.610224 -2.677591
v -0.417352 3.610224 -2.480729
v -0.4210479 3.664382 -2.63179
v -0.4197595 3.685829 -2.579161
v -0.4184725 3.664382 -2.526531
v -2.564367 3.301575 -0.1493632
v -2.432716 3.301575 0.2920788
v -2.432716 3.832665 0.2920788
v -2.564367 3.832665 -0.1493632
v -3.009731 3.301575 -0.2579204
v -3.009731 3.832665 -0.2579204
v -3.248855 3.832665 -0.01468151
v -3.248855 3.301575 -0.01468148
v -3.316576 3.141925 -0.07270445
v -3.09127 3.141925 -0.3132183
v -3.09127 3.261657 -0.3132183
v -3.316576 3.261657 -0.07270493
v -3.053365 3.307295 -0.2777092
v -3.278672 3.307295 -0.0371963
v -2.540701 3.307295 -0.1778657
v -2.505192 3.261657 -0.2157713
v -3.09127 3.141925 -0.3132183
v -2.505192 3.141925 -0.2157709
v -2.407634 3.307295 0.3271941
v -2.540701 3.307295 -0.1778657
v -2.505192 3.261657 -0.2157713
v -2.369729 3.261657 0.3627022
v -2.505192 3.141925 -0.2157709
v -2.369729 3.141925 0.3627022
v -3.299812 3.720957 0.3922718
v -3.314967 3.720957 -0.0719649
v -3.314967 3.844607 -0.07196491
v -3.299812 3.844607 0.3922718
v -3.060117 3.720957 0.616813
v -3.060117 3.844607 0.616813
v -2.595879 3.720957 0.6016577
v -2.595879 3.844607 0.6016577
v -2.371338 3.720957 0.3619626
v -2.371338 3.844607 0.3619621
v -3.053824 3.838894 0.1518758
v -3.314967 3.844607 -0.07196491
v -3.090426 3.844607 -0.3116605
v -2.85003 3.838894 -0.06567209
v -2.836275 3.838894 0.3556703
v -2.506341 3.844607 -0.2145445
v -2.632481 3.838894 0.1381214
v -3.30137 3.141925 0.3931158
v -3.316576 3.141925 -0.07270445
v -3.316576 3.261657 -0.07270493
v -3.30137 3.261657 0.3931158
v -3.060858 3.141925 0.6184224
v -3.278672 3.307295 -0.0371963
v -3.060858 3.261657 0.6184224
v -2.595035 3.141925 0.603217
v -3.265861 3.307295 0.3552102
v -3.053365 3.307295 -0.2777092
v -2.540701 3.307295 -0.1778657
v -3.025347 3.307296 0.5805176
v -2.595035 3.261657 0.603217
v -2.369729 3.141925 0.3627022
v -2.369729 3.261657 0.3627022
v -2.632942 3.307295 0.5677069
v -2.540701 3.307295 -0.1778657
v -2.407634 3.307295 0.3271941
v -3.090426 3.720957 -0.3116604
v -2.506341 3.720957 -0.2145445
v -2.506341 3.844607 -0.2145445
v -3.090426 3.844607 -0.3116605
v -3.314967 3.720957 -0.0719649
v -3.090426 3.720957 -0.3116604
v -3.090426 3.844607 -0.3116605
v -3.314967 3.844607 -0.07196491
v -2.595879 3.844607 0.6016577
v -2.632481 3.838894 0.1381214
v -2.371338 3.844607 0.3619621
v -2.836275 3.838894 0.3556703
v -3.060117 3.844607 0.616813
v -3.053824 3.838894 0.1518758
v -3.299812 3.844607 0.3922718
v -3.314967 3.844607 -0.07196491
v -2.431901 3.817713 0.1285566
v -2.479335 3.817713 0.3319076
v -2.467083 4.050349 0.3384584
v -2.418015 4.050349 0.1281036
v -2.568691 3.817713 -0.142645
v -2.551209 4.257422 0.2934821
v -2.559517 4.050349 -0.1524388
v -2.513359 4.257422 0.1312159
v -2.731173 4.375242 0.1972678
v -2.622512 4.257422 -0.08519239
v -2.71732 4.375242 0.1378739
v -2.735018 4.375242 0.07951097
v -3.118944 4.257422 -0.01004524
v -2.897284 4.375242 0.04166012
v -2.938979 4.375242 0.08616905
v -3.00503 4.257422 -0.1316463
v -3.20307 4.050349 -0.05502099
v -2.838921 4.375242 0.02396135
v -3.055398 4.050349 -0.2126591
v -3.190817 3.817713 -0.04847066
v -3.048062 3.817713 -0.2008607
v -2.845579 4.257422 -0.1799986
v -2.779527 4.375242 0.03781586
v -2.848691 4.050349 -0.2753436
v -2.848238 3.817713 -0.2614571
v -2.622512 4.257422 -0.08519239
v -2.735018 4.375242 0.07951097
v -2.559517 4.050349 -0.1524388
v -2.568691 3.817713 -0.142645
v -2.738802 4.439013 0.1443675
v -2.642746 4.380101 0.1492388
v -2.68434 4.380101 0.2581457
v -2.759187 4.439013 0.1977447
v -2.80176 4.497925 0.1411751
v -2.782005 4.380101 0.3218048
v -2.808245 4.497925 0.1581552
v -2.807055 4.439013 0.2289455
v -2.898435 4.380101 0.3158991
v -2.823474 4.497925 0.1680811
v -2.86412 4.439013 0.2260511
v -2.989158 4.3801 0.2426863
v -2.908584 4.439013 0.1901682
v -3.019522 4.3801 0.1301301
v -2.923466 4.439013 0.1350015
v -2.841627 4.497925 0.1671598
v -2.855773 4.497925 0.1557448
v -2.860507 4.497925 0.1381953
v -2.854022 4.497925 0.1212147
v -2.506341 3.720957 -0.2145445
v -2.371338 3.720957 0.3619626
v -2.371338 3.844607 0.3619621
v -2.506341 3.844607 -0.2145445
v 2.786222 3.301575 -0.3049728
v 2.917873 3.301575 0.1364692
v 2.917873 3.832665 0.1364692
v 2.786222 3.832665 -0.3049728
v 2.641854 3.301575 0.3863276
v 2.641854 3.539885 0.3863276
v 2.692672 3.301575 0.384024
v 2.692672 3.832665 0.384024
v 2.6265 3.610224 0.3870238
v 2.917873 3.301575 0.1364692
v 2.917873 3.832665 0.1364692
v 2.580735 3.664381 0.389098
v 2.358541 3.832665 0.3991717
v 2.528147 3.685829 0.3914822
v 2.475559 3.664381 0.3938664
v 2.429794 3.610224 0.3959416
v 2.41444 3.539885 0.3966373
v 2.41444 3.301575 0.3966373
v 2.358541 3.301575 0.3991717
v 2.110028 3.832665 0.1687096
v 2.110028 3.301575 0.1687101
v 2.108692 3.301575 0.1141699
v 2.108692 3.539885 0.1141699
v 2.108317 3.610224 0.09880527
v 2.107197 3.664382 0.0530041
v 2.10591 3.685829 0.0003741561
v 2.101734 3.832665 -0.1702911
v 2.104621 3.664382 -0.05225531
v 2.103501 3.610224 -0.098056
v 2.103125 3.539885 -0.1134211
v 2.101733 3.301575 -0.1702911
v 2.103125 3.301575 -0.1134211
v 2.528147 3.685829 0.3914822
v 2.580735 3.664381 0.389098
v 2.6265 3.610224 0.3870238
v 2.429794 3.610224 0.3959416
v 2.475559 3.664381 0.3938664
v 2.41444 3.539885 0.3966373
v 2.641854 3.539885 0.3863276
v 2.41444 3.301575 0.3966373
v 2.641854 3.301575 0.3863276
v 2.340858 3.301575 -0.41353
v 2.340858 3.832665 -0.4135301
v 2.101734 3.832665 -0.1702911
v 2.101733 3.301575 -0.1702911
v 2.108692 3.301575 0.1141699
v 2.103125 3.301575 -0.1134211
v 2.103125 3.539885 -0.1134211
v 2.108692 3.539885 0.1141699
v 2.103501 3.610224 -0.098056
v 2.108317 3.610224 0.09880527
v 2.104621 3.664382 -0.05225531
v 2.10591 3.685829 0.0003741561
v 2.107197 3.664382 0.0530041
v 2.049218 3.141925 0.2375063
v 2.034012 3.141925 -0.2283145
v 2.034012 3.261657 -0.2283145
v 2.049218 3.261657 0.2375062
v 2.071917 3.307295 -0.1928059
v 2.289731 3.141925 0.4628128
v 2.084728 3.307295 0.1996005
v 2.289731 3.261657 0.4628128
v 2.755554 3.141925 0.4476069
v 2.325241 3.307296 0.424908
v 2.809888 3.307295 -0.3334753
v 2.755554 3.261657 0.4476069
v 2.98086 3.141925 0.2070922
v 2.98086 3.261657 0.2070926
v 2.717647 3.307295 0.4120973
v 2.809888 3.307295 -0.3334753
v 2.942954 3.307295 0.171584
v 2.084728 3.307295 0.1996005
v 2.297224 3.307295 -0.4333188
v 2.071917 3.307295 -0.1928059
v 2.034012 3.261657 -0.2283145
v 2.259319 3.261657 -0.4688279
v 2.809888 3.307295 -0.3334753
v 2.034012 3.141925 -0.2283145
v 2.259319 3.141925 -0.4688279
v 2.845396 3.261657 -0.371381
v 2.259319 3.141925 -0.4688279
v 2.845396 3.141925 -0.371381
v 2.845396 3.141925 -0.371381
v 2.98086 3.141925 0.2070922
v 2.98086 3.261657 0.2070926
v 2.845396 3.261657 -0.371381
v 2.942954 3.307295 0.171584
v 2.809888 3.307295 -0.3334753
v 2.050777 3.720957 0.2366622
v 2.035622 3.720957 -0.2275745
v 2.035622 3.844607 -0.2275745
v 2.050777 3.844607 0.2366622
v 2.290472 3.720957 0.4612034
v 2.290472 3.844607 0.4612034
v 2.754709 3.720957 0.4460481
v 2.754709 3.844607 0.4460481
v 2.97925 3.720957 0.206353
v 2.97925 3.844607 0.2063525
v 2.844247 3.720957 -0.3701541
v 2.97925 3.720957 0.206353
v 2.97925 3.844607 0.2063525
v 2.844247 3.844607 -0.3701546
v 2.260163 3.720957 -0.46727
v 2.844247 3.720957 -0.3701541
v 2.844247 3.844607 -0.3701546
v 2.260163 3.844607 -0.4672701
v 2.035622 3.720957 -0.2275745
v 2.260163 3.720957 -0.46727
v 2.260163 3.844607 -0.4672701
v 2.035622 3.844607 -0.2275745
v 2.050777 3.844607 0.2366622
v 2.035622 3.844607 -0.2275745
v 2.296765 3.838894 -0.003733803
v 2.290472 3.844607 0.4612034
v 2.514314 3.838894 0.2000607
v 2.500559 3.838894 -0.2212817
v 2.754709 3.844607 0.4460481
v 2.718107 3.838894 -0.01748817
v 2.97925 3.844607 0.2063525
v 2.296765 3.838894 -0.003733803
v 2.035622 3.844607 -0.2275745
v 2.260163 3.844607 -0.4672701
v 2.500559 3.838894 -0.2212817
v 2.844247 3.844607 -0.3701546
v 2.718107 3.838894 -0.01748817
v 2.918688 3.817713 -0.02705305
v 2.871253 3.817713 0.176298
v 2.883505 4.050349 0.1828488
v 2.932574 4.050349 -0.02750605
v 2.781897 3.817713 -0.2982547
v 2.79938 4.257422 0.1378725
v 2.791071 4.050349 -0.3080484
v 2.83723 4.257422 -0.02439374
v 2.619416 4.375242 0.04165821
v 2.728076 4.257422 -0.240802
v 2.633269 4.375242 -0.01773567
v 2.61557 4.375242 -0.07609864
v 2.728076 4.257422 -0.240802
v 2.61557 4.375242 -0.07609864
v 2.571062 4.375242 -0.1177938
v 2.50501 4.257422 -0.3356082
v 2.511668 4.375242 -0.1316483
v 2.501898 4.050349 -0.4309532
v 2.791071 4.050349 -0.3080484
v 2.345558 4.257422 -0.2872559
v 2.453305 4.375242 -0.1139495
v 2.502351 3.817713 -0.4170668
v 2.781897 3.817713 -0.2982547
v 2.302527 3.817713 -0.3564703
v 2.295191 4.050349 -0.3682687
v 2.159772 3.817713 -0.2040803
v 2.147519 4.050349 -0.2106306
v 2.231645 4.257422 -0.1656548
v 2.411609 4.375242 -0.06944056
v 2.112337 3.817713 -0.0007297277
v 2.159772 3.817713 -0.2040803
v 2.147519 4.050349 -0.2106306
v 2.098451 4.050349 -0.0002762658
v 2.172933 3.817713 0.1990951
v 2.231645 4.257422 -0.1656548
v 2.161134 4.050349 0.2064307
v 2.325323 3.817713 0.3418496
v 2.193794 4.257422 -0.003388591
v 2.411609 4.375242 -0.06944056
v 2.397756 4.375242 -0.01004715
v 2.242148 4.257422 0.1560624
v 2.415454 4.375242 0.04831629
v 2.318773 4.050349 0.354102
v 2.528673 3.817713 0.389284
v 2.363748 4.257422 0.269976
v 2.459963 4.375242 0.0900114
v 2.529127 4.050349 0.4031704
v 2.728499 3.817713 0.3286884
v 2.526014 4.257422 0.3078268
v 2.519356 4.375242 0.1038659
v 2.735834 4.050349 0.3404873
v 2.685467 4.257422 0.2594741
v 2.577719 4.375242 0.08616714
v 2.619416 4.375242 0.04165821
v 2.79938 4.257422 0.1378725
v 2.883505 4.050349 0.1828488
v 2.871253 3.817713 0.176298
v 2.427123 4.42177 -0.02060814
v 2.340346 4.362856 -0.02500887
v 2.379893 4.362856 -0.1285512
v 2.44751 4.42177 -0.07398434
v 2.490082 4.480681 -0.01741429
v 2.472746 4.362856 -0.1890742
v 2.496567 4.480681 -0.03439494
v 2.495376 4.42177 -0.1051847
v 2.583442 4.362856 -0.18346
v 2.511795 4.480681 -0.04432078
v 2.552441 4.42177 -0.1022903
v 2.669696 4.362857 -0.1138532
v 2.529948 4.480681 -0.04340096
v 2.596905 4.42177 -0.06640787
v 2.698564 4.362857 -0.006841374
v 2.544094 4.480681 -0.031985
v 2.611787 4.42177 -0.01124211
v 2.548828 4.480681 -0.01443453
v 2.698564 4.362857 -0.006841374
v 2.669696 4.331708 -0.1138532
v 2.698564 4.331708 -0.006841372
v 2.669696 4.362857 -0.1138532
v 2.583442 4.331708 -0.18346
v 2.583442 4.362856 -0.18346
v 2.472746 4.331708 -0.1890742
v 2.472746 4.362856 -0.1890742
v 2.379893 4.331708 -0.1285512
v 2.379893 4.362856 -0.1285512
v 2.340346 4.331707 -0.02500887
v 2.340346 4.362856 -0.02500887
v 2.611787 4.42177 -0.01124211
v 2.698564 4.362857 -0.006841374
v 2.659018 4.362857 0.09670143
v 2.591401 4.42177 0.04213504
v 2.566164 4.362857 0.1572249
v 2.548828 4.480681 -0.01443453
v 2.543534 4.42177 0.07333593
v 2.455468 4.362857 0.1516102
v 2.542343 4.480681 0.002545638
v 2.486469 4.42177 0.07044153
v 2.369214 4.362856 0.0820034
v 2.527115 4.480681 0.01247148
v 2.442004 4.42177 0.03455858
v 2.340346 4.362856 -0.02500887
v 2.427123 4.42177 -0.02060814
v 2.508961 4.480681 0.01155023
v 2.494816 4.480681 0.0001352259
v 2.490082 4.480681 -0.01741429
v 2.496567 4.480681 -0.03439494
v 2.511795 4.480681 -0.04432078
v 2.529948 4.480681 -0.04340096
v 2.544094 4.480681 -0.031985
v 2.340346 4.362856 -0.02500887
v 2.369214 4.331707 0.08200341
v 2.340346 4.331707 -0.02500887
v 2.369214 4.362856 0.0820034
v 2.455468 4.331708 0.1516102
v 2.455468 4.362857 0.1516102
v 2.566164 4.331708 0.1572249
v 2.566164 4.362857 0.1572249
v 2.659018 4.331708 0.09670144
v 2.659018 4.362857 0.09670143
v 2.698564 4.331708 -0.006841372
v 2.698564 4.362857 -0.006841374
v -2.467083 4.050349 0.3384584
v -2.479335 3.817713 0.3319076
v -2.62209 3.817713 0.4842981
v -2.614754 4.050349 0.4960969
v -2.665122 4.257422 0.4150837
v -2.551209 4.257422 0.2934821
v -2.731173 4.375242 0.1972678
v -2.772869 4.375242 0.2417767
v -2.831232 4.375242 0.2594755
v -2.824575 4.257422 0.4634364
v -2.890626 4.375242 0.245621
v -2.821461 4.050349 0.55878
v -2.821915 3.817713 0.5448936
v -2.98684 4.257422 0.4255856
v -2.935135 4.375242 0.2039259
v -3.031816 4.050349 0.5097116
v -3.025266 3.817713 0.4974592
v -3.108441 4.257422 0.311672
v -2.952833 4.375242 0.1455625
v -3.189455 4.050349 0.3620403
v -3.177656 3.817713 0.3547047
v -3.156794 4.257422 0.152221
v -2.938979 4.375242 0.08616905
v -3.118944 4.257422 -0.01004524
v -3.252138 4.050349 0.1553333
v -3.238252 3.817713 0.1548799
v -3.20307 4.050349 -0.05502099
v -3.190817 3.817713 -0.04847066
v -2.642746 4.380101 0.1492388
v -2.67071 4.331708 0.03511953
v -2.639886 4.331708 0.1493838
v -2.673109 4.380101 0.03668316
v -2.76281 4.331708 -0.03920472
v -2.763832 4.3801 -0.03652966
v -2.881008 4.331708 -0.0451995
v -2.880262 4.3801 -0.0424348
v -2.980155 4.331708 0.01942537
v -2.977926 4.3801 0.02122369
v -3.022382 4.331707 0.1299851
v -3.019522 4.3801 0.1301301
v -0.1010218 3.301576 2.315629
v 0.3443422 3.301576 2.424186
v 0.3443422 3.832665 2.424187
v -0.1010218 3.832665 2.315629
v -2.923466 4.439013 0.1350015
v -3.019522 4.3801 0.1301301
v -2.977926 4.3801 0.02122369
v -2.903079 4.439013 0.08162527
v -2.860507 4.497925 0.1381953
v -2.880262 4.3801 -0.0424348
v -2.854022 4.497925 0.1212147
v -2.855212 4.439013 0.05042486
v -2.763832 4.3801 -0.03652966
v -2.798148 4.439013 0.05331926
v -2.673109 4.380101 0.03668316
v -2.838794 4.497925 0.1112888
v -2.753683 4.439013 0.08920173
v -2.642746 4.380101 0.1492388
v -2.738802 4.439013 0.1443675
v -2.808245 4.497925 0.1581552
v -2.823474 4.497925 0.1680811
v -2.80176 4.497925 0.1411751
v -2.82064 4.497925 0.1122086
v -2.806494 4.497925 0.1236246
v 0.2171383 4.362857 2.825861
v 0.2566843 4.362857 2.722318
v 0.2566843 4.331708 2.722318
v 0.2171383 4.331708 2.825861
v 0.1242847 4.362857 2.886384
v 0.1242847 4.331708 2.886384
v 0.01358891 4.362857 2.88077
v 0.01358891 4.331708 2.88077
v -0.07266521 4.362856 2.811163
v -0.07266521 4.331707 2.811163
v -0.1015334 4.362856 2.704151
v -0.1015334 4.331707 2.704151
v -0.06198692 4.362856 2.600608
v -0.1015334 4.362856 2.704151
v -0.1015334 4.331707 2.704151
v -0.06198692 4.331708 2.600608
v 0.03086662 4.362856 2.540085
v 0.03086662 4.331708 2.540085
v 0.1415625 4.362856 2.5457
v 0.1415625 4.331708 2.5457
v 0.2278166 4.362857 2.615306
v 0.2278166 4.331708 2.615306
v 0.2566843 4.362857 2.722318
v 0.2566843 4.331708 2.722318
v -3.019522 4.3801 0.1301301
v -2.991557 4.331707 0.2442499
v -3.022382 4.331707 0.1299851
v -2.989158 4.3801 0.2426863
v -2.899457 4.331708 0.3185742
v -2.898435 4.380101 0.3158991
v -2.781259 4.331708 0.3245695
v -2.782005 4.380101 0.3218048
v -2.682112 4.331708 0.2599441
v -2.68434 4.380101 0.2581457
v -2.639886 4.331708 0.1493838
v -2.642746 4.380101 0.1492388
v 0.1699076 4.42177 2.717917
v 0.2566843 4.362857 2.722318
v 0.2171383 4.362857 2.825861
v 0.1495218 4.42177 2.771295
v 0.1069489 4.480681 2.714725
v 0.1242847 4.362857 2.886384
v 0.1004639 4.480681 2.731705
v 0.1016541 4.42177 2.802495
v 0.01358891 4.362857 2.88077
v 0.0852356 4.480681 2.741631
v 0.05468702 4.480681 2.694765
v 0.04820251 4.480681 2.711745
v 0.04458952 4.42177 2.799601
v -0.07266521 4.362856 2.811163
v 0.06708193 4.480681 2.74071
v 0.0001249313 4.42177 2.763718
v -0.1015334 4.362856 2.704151
v -0.01475668 4.42177 2.708551
v 0.05293655 4.480681 2.729295
v -0.01475668 4.42177 2.708551
v -0.1015334 4.362856 2.704151
v -0.06198692 4.362856 2.600608
v 0.005630016 4.42177 2.655175
v 0.04820251 4.480681 2.711745
v 0.03086662 4.362856 2.540085
v 0.05468702 4.480681 2.694765
v 0.05349684 4.42177 2.623975
v 0.1415625 4.362856 2.5457
v 0.06991577 4.480681 2.684839
v 0.1004639 4.480681 2.731705
v 0.1069489 4.480681 2.714725
v 0.1105614 4.42177 2.626869
v 0.2278166 4.362857 2.615306
v 0.08806896 4.480681 2.685759
v 0.155026 4.42177 2.662752
v 0.2566843 4.362857 2.722318
v 0.1699076 4.42177 2.717917
v 0.1022148 4.480681 2.697175
v 0.4416258 4.050349 2.912008
v 0.429374 3.817714 2.905457
v 0.2866192 3.817714 3.057848
v 0.2939548 4.050349 3.069647
v 0.243587 4.257422 2.988634
v 0.3575001 4.257422 2.867032
v 0.177536 4.375242 2.770818
v 0.1358399 4.375242 2.815327
v 0.07747698 4.375242 2.833025
v 0.08413458 4.257422 3.036986
v 0.01808357 4.375242 2.819171
v 0.08724785 4.050349 3.13233
v 0.0867939 3.817714 3.118443
v -0.0781312 4.257422 2.999135
v -0.02642584 4.375242 2.777476
v -0.123107 4.050349 3.083261
v -0.1165566 3.817714 3.071009
v -0.1997318 4.257422 2.885222
v -0.04412365 4.375242 2.719112
v -0.2807455 4.050349 2.93559
v -0.2689466 3.817714 2.928255
v -0.248085 4.257422 2.725771
v -0.0302701 4.375242 2.659719
v -0.2102346 4.257422 2.563505
v -0.3434286 4.050349 2.728883
v -0.3295426 3.817714 2.72843
v -0.2943606 4.050349 2.518529
v -0.2821078 3.817714 2.525079
v 0.06047153 3.817714 2.312093
v 0.3400178 3.817714 2.430905
v 0.3491919 4.050349 2.421111
v 0.06001854 4.050349 2.298206
v -0.1393528 3.817714 2.372689
v 0.2861967 4.257422 2.488358
v -0.1466885 4.050349 2.360891
v -0.2821078 3.817714 2.525079
v -0.2943606 4.050349 2.518529
v 0.06313038 4.257422 2.393551
v -0.09632111 4.257422 2.441904
v -0.2102346 4.257422 2.563505
v 0.1291823 4.375242 2.611366
v 0.1736908 4.375242 2.653061
v 0.06978846 4.375242 2.597511
v 0.01142502 4.375242 2.61521
v -0.0302701 4.375242 2.659719
v 0.2861967 4.257422 2.488358
v 0.1913896 4.375242 2.711424
v 0.1736908 4.375242 2.653061
v 0.3953505 4.257422 2.704766
v 0.177536 4.375242 2.770818
v 0.3491919 4.050349 2.421111
v 0.3575001 4.257422 2.867032
v 0.4906943 4.050349 2.701653
v 0.3400178 3.817714 2.430905
v 0.4416258 4.050349 2.912008
v 0.4768088 3.817714 2.702106
v 0.429374 3.817714 2.905457
v 0.31283 3.844608 3.175208
v 0.276228 3.838895 2.711671
v 0.5373709 3.844608 2.935512
v 0.07243443 3.838895 2.92922
v -0.1514072 3.844608 3.190363
v -0.1451149 3.838895 2.725426
v -0.3911028 3.844608 2.965822
v -0.4062576 3.844607 2.501585
v -0.1451149 3.838895 2.725426
v -0.4062576 3.844607 2.501585
v -0.1817169 3.844607 2.261889
v 0.05867958 3.838895 2.507878
v 0.07243443 3.838895 2.92922
v 0.4023678 3.844607 2.359005
v 0.276228 3.838895 2.711671
v -0.4062576 3.720958 2.501585
v -0.1817169 3.720958 2.261889
v -0.1817169 3.844607 2.261889
v -0.4062576 3.844607 2.501585
v -0.1817169 3.720958 2.261889
v 0.4023678 3.720958 2.359005
v 0.4023678 3.844607 2.359005
v -0.1817169 3.844607 2.261889
v 0.4023678 3.720958 2.359005
v 0.5373709 3.720958 2.935513
v 0.5373709 3.844608 2.935512
v 0.4023678 3.844607 2.359005
v 0.5373709 3.720958 2.935513
v 0.31283 3.844608 3.175208
v 0.5373709 3.844608 2.935512
v 0.31283 3.720958 3.175208
v -0.1514072 3.844608 3.190363
v -0.1514072 3.720958 3.190363
v -0.3911028 3.844608 2.965822
v -0.3911028 3.720958 2.965822
v -0.4062576 3.844607 2.501585
v -0.4062576 3.720958 2.501585
v -0.1446552 3.307296 2.295841
v -0.3699627 3.307296 2.536354
v -0.4078674 3.261658 2.500845
v -0.1825609 3.261658 2.260332
v 0.3680081 3.307296 2.395684
v -0.4078674 3.141926 2.500845
v -0.1825609 3.141926 2.260332
v 0.403517 3.261658 2.357779
v -0.1825609 3.141926 2.260332
v 0.403517 3.141926 2.357779
v 0.501075 3.307296 2.900743
v 0.3680081 3.307296 2.395684
v 0.403517 3.261658 2.357779
v 0.5389798 3.261658 2.936252
v 0.403517 3.141926 2.357779
v 0.5389798 3.141926 2.936252
v -0.3926611 3.141926 2.966666
v -0.4078674 3.141926 2.500845
v -0.4078674 3.261658 2.500845
v -0.3926611 3.261658 2.966666
v -0.1521482 3.141926 3.191972
v -0.3699627 3.307296 2.536354
v -0.1521482 3.261658 3.191972
v 0.3136744 3.141926 3.176766
v -0.357152 3.307296 2.92876
v -0.1446552 3.307296 2.295841
v 0.3680081 3.307296 2.395684
v -0.1166382 3.307297 3.154068
v 0.3136744 3.261658 3.176766
v 0.5389798 3.141926 2.936252
v 0.5389798 3.261658 2.936252
v 0.2757673 3.307296 3.141257
v 0.3680081 3.307296 2.395684
v 0.501075 3.307296 2.900743
v -0.3335624 3.610225 2.827965
v -0.3359699 3.685829 2.729534
v -0.3346829 3.664382 2.782164
v -0.3372583 3.664382 2.676904
v -0.3383784 3.610225 2.631104
v -0.3331871 3.539886 2.843329
v -0.3387547 3.539886 2.615738
v -0.3331871 3.301576 2.843329
v -0.3387547 3.301576 2.615738
v 0.08626747 3.685829 3.120642
v -0.01208591 3.610225 3.125101
v 0.03367901 3.664381 3.123026
v 0.1846209 3.610225 3.116183
v 0.1388559 3.664381 3.118258
v -0.02743912 3.539886 3.125797
v 0.1999741 3.539886 3.115487
v -0.02743912 3.301576 3.125797
v 0.1999741 3.301576 3.115487
v -0.1010218 3.301576 2.315629
v -0.1010218 3.832665 2.315629
v -0.3401456 3.832665 2.558868
v -0.3401461 3.301576 2.558868
v -0.482775 3.152361 -3.623515
v 0.5688927 3.152361 -3.635495
v 3.666466 3.152361 -0.477986
v -3.746383 3.152362 -0.3786065
v 3.679106 3.152361 0.5246142
v -3.674978 3.152361 0.6641949
v 0.6301515 3.152362 3.616323
v -0.3600311 3.152362 3.705282
v 0.1655879 0.6692181 5.560047
v -2.779816 0.6389409 2.954349
v -2.708548 0.6692177 2.878605
v 0.08191872 0.638942 5.647023
v 0.1692424 0.638941 5.680119
v 0.2543917 0.638942 5.641773
v 2.874853 0.6692182 2.705017
v -2.708548 0.6692177 2.878605
v 2.384186E-07 0.6692173 -2.925242E-08
v 2.950596 0.6389409 2.776286
v 2.708548 0.669217 -2.878606
v 5.559827 0.6692173 -0.1728716
v 5.646802 0.6389401 -0.08920148
v 5.679897 0.6389401 -0.1765251
v 5.641552 0.6389401 -0.2616744
v 2.779817 0.6389402 -2.954349
v 0.08191872 0.638942 5.647023
v -2.831989 0.556224 3.009797
v -2.779816 0.6389409 2.954349
v 0.04077578 0.5562246 5.712848
v -2.851085 0.4432312 3.030092
v 0.1692424 0.638941 5.680119
v 0.02571607 0.4432318 5.736942
v 0.1717496 0.5562246 5.762487
v 0.2543917 0.638942 5.641773
v 0.1726665 0.4432318 5.792636
v 0.2994614 0.5562246 5.704976
v 2.950596 0.6389409 2.776286
v 0.3159585 0.4432318 5.728108
v 3.006045 0.5562245 2.828459
v 5.646802 0.6389401 -0.08920148
v 3.02634 0.4432307 2.847555
v 5.712627 0.5562236 -0.04805806
v 5.679897 0.6389401 -0.1765251
v 5.736719 0.4432311 -0.03299953
v 5.762263 0.5562236 -0.1790328
v 5.641552 0.6389401 -0.2616744
v 5.792414 0.4432311 -0.1799493
v 5.704754 0.5562236 -0.3067441
v 2.779817 0.6389402 -2.954349
v 5.727886 0.4432311 -0.3232408
v 2.83199 0.5562233 -3.009797
v -0.08191824 0.6389406 -5.647023
v 2.851086 0.44323 -3.030092
v -0.0407753 0.5562229 -5.712849
v -0.1692419 0.6389396 -5.68012
v -0.0257163 0.4432304 -5.736943
v -0.1717491 0.5562229 -5.762486
v -0.2543902 0.6389406 -5.641774
v -0.1726665 0.4432304 -5.792637
v -0.2994614 0.5562232 -5.704976
v -2.950596 0.6389402 -2.776286
v -0.3159578 0.4432304 -5.728108
v -3.006044 0.5562238 -2.828459
v -5.646801 0.6389413 0.08920142
v -3.026339 0.4432303 -2.847555
v -5.712626 0.5562236 0.04805801
v -5.679895 0.6389403 0.1765246
v -5.73672 0.4432311 0.0329995
v -5.762264 0.5562239 0.1790313
v -5.641551 0.6389413 0.2616744
v -5.792415 0.4432311 0.1799493
v -5.704753 0.5562239 0.3067441
v -2.779816 0.6389409 2.954349
v -5.727886 0.4432311 0.3232417
v -2.831989 0.556224 3.009797
v -2.851085 0.4432312 3.030092
v -2.708548 0.6692177 2.878605
v -2.779816 0.6389409 2.954349
v -5.641551 0.6389413 0.2616744
v -5.559824 0.6692173 0.1728697
v -5.679895 0.6389403 0.1765246
v -5.646801 0.6389413 0.08920142
v -2.950596 0.6389402 -2.776286
v -2.874852 0.6692165 -2.705018
v -2.708548 0.6692177 2.878605
v 2.384186E-07 0.6692173 -2.925242E-08
v -0.2543902 0.6389406 -5.641774
v 2.708548 0.669217 -2.878606
v -0.1655872 0.6692166 -5.560048
v -0.1692419 0.6389396 -5.68012
v 2.779817 0.6389402 -2.954349
v -0.08191824 0.6389406 -5.647023
v -0.3387547 3.539886 2.615738
v -0.3387547 3.301576 2.615738
v -0.3401461 3.301576 2.558868
v -0.3401456 3.832665 2.558868
v -0.3383784 3.610225 2.631104
v -0.3372583 3.664382 2.676904
v -0.3359699 3.685829 2.729534
v -0.331852 3.832666 2.897869
v -0.3346829 3.664382 2.782164
v -0.3335624 3.610225 2.827965
v -0.3331871 3.539886 2.843329
v -0.3331871 3.301576 2.843329
v -0.331852 3.301576 2.89787
v -0.08333874 3.301576 3.128331
v -0.08333874 3.832666 3.128331
v -0.02743912 3.301576 3.125797
v -0.02743912 3.539886 3.125797
v -0.01208591 3.610225 3.125101
v 0.03367901 3.664381 3.123026
v 0.08626747 3.685829 3.120642
v 0.1388559 3.664381 3.118258
v 0.2507925 3.832666 3.113183
v 0.1846209 3.610225 3.116183
v 0.1999741 3.539886 3.115487
v 0.2507925 3.301576 3.113183
v 0.1999741 3.301576 3.115487
v 0.4759934 3.301576 2.865629
v 0.4759934 3.832666 2.865629
v -3.009731 3.301575 -0.2579204
v -2.564367 3.301575 -0.1493632
v -2.564367 3.832665 -0.1493632
v -3.009731 3.832665 -0.2579204
v 0.3443422 3.301576 2.424186
v 0.4759934 3.301576 2.865629
v 0.4759934 3.832666 2.865629
v 0.3443422 3.832665 2.424187
v 4.274818 6.207551 0.2736218
v 4.048338 6.206758 -0.06337194
v 4.048947 6.318456 -0.06368522
v 4.275284 6.31812 0.274193
v 4.569334 6.207651 0.3319709
v 4.568755 6.318082 0.3324139
v 4.90783 6.206844 0.106755
v 4.90744 6.31842 0.1063282
v 4.965365 6.206758 -0.1825459
v 4.964754 6.318456 -0.1822331
v 4.591626 6.207601 -0.5487135
v 4.965365 6.206758 -0.1825459
v 4.964754 6.318456 -0.1822331
v 4.591683 6.318101 -0.5492204
v 4.105873 6.206844 -0.3526719
v 4.591626 6.207601 -0.5487135
v 4.591683 6.318101 -0.5492204
v 4.106264 6.31842 -0.3522456
v 4.048338 6.206758 -0.06337194
v 4.105873 6.206844 -0.3526719
v 4.106264 6.31842 -0.3522456
v 4.048947 6.318456 -0.06368522
v 4.275284 6.31812 0.274193
v 4.048947 6.318456 -0.06368522
v 4.350026 6.338258 -0.01813106
v 4.568755 6.318082 0.3324139
v 4.611736 6.338258 0.03381939
v 4.401966 6.338258 -0.2797373
v 4.90744 6.31842 0.1063282
v 4.663675 6.338258 -0.2277863
v 4.964754 6.318456 -0.1822331
v 4.350026 6.338258 -0.01813106
v 4.048947 6.318456 -0.06368522
v 4.106264 6.31842 -0.3522456
v 4.401966 6.338258 -0.2797373
v 4.591683 6.318101 -0.5492204
v 4.663675 6.338258 -0.2277863
v 4.474336 6.949227 -0.08973487
v 4.454134 6.948638 -0.1445325
v 4.515172 6.967163 -0.1326946
v 4.49423 6.949305 -0.187713
v 4.41655 6.907094 -0.1519116
v 4.556008 6.949227 -0.1756562
v 4.48165 6.90809 -0.2228916
v 4.403164 6.853021 -0.1545499
v 4.477148 6.853021 -0.2357901
v 4.41655 6.798954 -0.1519116
v 4.48165 6.797955 -0.2228916
v 4.454134 6.757406 -0.1445325
v 4.581205 6.907978 -0.2033885
v 4.576213 6.948638 -0.1208566
v 4.477148 6.853021 -0.2357901
v 4.613793 6.907094 -0.1134785
v 4.590307 6.853021 -0.213579
v 4.590307 6.853021 -0.213579
v 4.627182 6.853021 -0.1108349
v 4.581205 6.798068 -0.2033885
v 4.613793 6.798954 -0.113478
v 4.49423 6.75674 -0.187713
v 4.556008 6.756817 -0.1756561
v 4.576213 6.757406 -0.1208566
v 4.515172 6.738886 -0.1326945
v 4.474336 6.756817 -0.08973438
v 4.474336 6.756817 -0.08973438
v 4.454134 6.757406 -0.1445325
v 4.41655 6.798954 -0.1519116
v 4.449142 6.798068 -0.06200106
v 4.403164 6.853021 -0.1545499
v 4.440039 6.853021 -0.05180914
v 4.41655 6.907094 -0.1519116
v 4.449142 6.907978 -0.06200106
v 4.454134 6.948638 -0.1445325
v 4.474336 6.949227 -0.08973487
v 4.536117 6.75674 -0.07767517
v 4.515172 6.738886 -0.1326945
v 4.548695 6.797952 -0.04249651
v 4.440039 6.853021 -0.05180914
v 4.576213 6.757406 -0.1208566
v 4.556008 6.756817 -0.1756561
v 4.613793 6.798954 -0.113478
v 4.553197 6.853021 -0.02959616
v 4.553197 6.853021 -0.02959616
v 4.627182 6.853021 -0.1108349
v 4.548695 6.908093 -0.04249651
v 4.613793 6.907094 -0.1134785
v 4.536117 6.949305 -0.07767518
v 4.515172 6.967163 -0.1326946
v 4.576213 6.948638 -0.1208566
v 4.556008 6.949227 -0.1756562
v 4.495611 6.88245 -0.1425365
v 4.514103 6.879302 -0.1531094
v 4.511946 6.923591 -0.1736797
v 4.477072 6.923771 -0.1506336
v 4.511351 6.972924 -0.1837066
v 4.468032 6.973232 -0.1551712
v 4.511349 7.031355 -0.1836298
v 4.468105 7.031082 -0.1551255
v 4.511994 7.079302 -0.1735566
v 4.477091 7.078723 -0.150677
v 4.513411 7.160914 -0.1530174
v 4.495602 7.160165 -0.1416386
v 4.497706 6.881238 -0.1204808
v 4.495611 6.88245 -0.1425365
v 4.477072 6.923771 -0.1506336
v 4.479781 6.923733 -0.110556
v 4.468032 6.973232 -0.1551712
v 4.471488 6.973105 -0.104842
v 4.468105 7.031082 -0.1551255
v 4.471546 7.031194 -0.1049011
v 4.477091 7.078723 -0.150677
v 4.479881 7.078948 -0.1105212
v 4.495602 7.160165 -0.1416386
v 4.497079 7.160464 -0.1218627
v 4.516243 6.879295 -0.1122816
v 4.497706 6.881238 -0.1204808
v 4.479781 6.923733 -0.110556
v 4.518399 6.923591 -0.09170945
v 4.471488 6.973105 -0.104842
v 4.518996 6.972924 -0.08168061
v 4.471546 7.031194 -0.1049011
v 4.518996 7.031354 -0.08175881
v 4.479881 7.078948 -0.1105212
v 4.518351 7.079302 -0.09183153
v 4.497079 7.160464 -0.1218627
v 4.516936 7.160917 -0.1123718
v 4.534732 6.882442 -0.1228541
v 4.516243 6.879295 -0.1122816
v 4.518399 6.923591 -0.09170945
v 4.553275 6.923771 -0.1147559
v 4.518996 6.972924 -0.08168061
v 4.562314 6.973232 -0.1102165
v 4.518996 7.031354 -0.08175881
v 4.562243 7.031082 -0.1102627
v 4.518351 7.079302 -0.09183153
v 4.553258 7.078723 -0.1147116
v 4.516936 7.160917 -0.1123718
v 4.534747 7.160165 -0.123751
v 4.550464 7.078948 -0.1548689
v 4.534747 7.160165 -0.123751
v 4.533269 7.160464 -0.1435259
v 4.553258 7.078723 -0.1147116
v 4.558799 7.031194 -0.1604894
v 4.562243 7.031082 -0.1102627
v 4.558857 6.973105 -0.1605466
v 4.562314 6.973232 -0.1102165
v 4.550568 6.923733 -0.1548341
v 4.553275 6.923771 -0.1147559
v 4.532641 6.881235 -0.1449064
v 4.534732 6.882442 -0.1228541
v 4.511994 7.079302 -0.1735566
v 4.533269 7.160464 -0.1435259
v 4.513411 7.160914 -0.1530174
v 4.550464 7.078948 -0.1548689
v 4.511349 7.031355 -0.1836298
v 4.558799 7.031194 -0.1604894
v 4.511351 6.972924 -0.1837066
v 4.558857 6.973105 -0.1605466
v 4.511946 6.923591 -0.1736797
v 4.550568 6.923733 -0.1548341
v 4.514103 6.879302 -0.1531094
v 4.532641 6.881235 -0.1449064
v 4.740901 6.312477 -0.3868416
v 4.840302 6.312831 -0.2385242
v 4.850734 6.505712 -0.24209
v 4.748158 6.505973 -0.3951638
v 4.578766 6.31225 -0.4665869
v 4.770948 6.685633 -0.2156656
v 4.580915 6.506139 -0.4774316
v 4.398199 6.312408 -0.454769
v 4.692154 6.686154 -0.3324574
v 4.606716 6.785849 -0.1609667
v 4.394668 6.506023 -0.4652346
v 4.249288 6.312768 -0.3554104
v 4.564448 6.686474 -0.3949774
v 4.577714 6.785942 -0.203729
v 4.511469 6.799127 -0.1293162
v 4.241007 6.505759 -0.362696
v 4.170935 6.312965 -0.1965998
v 4.422396 6.686253 -0.3858612
v 4.53087 6.785999 -0.2265804
v 4.160129 6.505613 -0.1987489
v 4.182636 6.312831 -0.02010851
v 4.172205 6.505712 -0.0165432
v 4.304717 6.685729 -0.3078673
v 4.4788 6.78596 -0.2232888
v 4.242565 6.685428 -0.1824678
v 4.251989 6.685633 -0.04296571
v 4.435577 6.785865 -0.194793
v 4.412712 6.78581 -0.1488307
v 4.416222 6.785849 -0.09766514
v 4.282038 6.312477 0.1282088
v 4.182636 6.312831 -0.02010851
v 4.172205 6.505712 -0.0165432
v 4.27478 6.505973 0.136532
v 4.444172 6.31225 0.2079551
v 4.251989 6.685633 -0.04296571
v 4.442023 6.506139 0.2187979
v 4.624739 6.312408 0.1961371
v 4.330785 6.686154 0.07382506
v 4.416222 6.785849 -0.09766514
v 4.628271 6.506023 0.2066028
v 4.773651 6.312768 0.09677906
v 4.458489 6.686474 0.136346
v 4.445225 6.785942 -0.05490429
v 4.511469 6.799127 -0.1293162
v 4.781931 6.505759 0.1040637
v 4.852003 6.312965 -0.06203203
v 4.600544 6.686253 0.1272284
v 4.492067 6.785999 -0.03205235
v 4.86281 6.505613 -0.05988341
v 4.840302 6.312831 -0.2385242
v 4.850734 6.505712 -0.24209
v 4.718222 6.685729 0.04923457
v 4.544138 6.78596 -0.035343
v 4.780374 6.685428 -0.07616454
v 4.770948 6.685633 -0.2156656
v 4.58736 6.785865 -0.06383926
v 4.610226 6.78581 -0.1098011
v 4.606716 6.785849 -0.1609667
v 4.828187 6.020025 0.1711997
v 4.831174 5.990391 0.1690067
v 4.831174 5.728703 0.1690072
v 4.755116 5.728703 0.2248239
v 4.755115 6.020833 0.2248258
v 4.820905 6.048703 0.1765427
v 4.679056 5.728703 0.2806429
v 4.807666 6.073451 0.1862601
v 4.682044 6.020024 0.2784485
v 4.679056 5.990391 0.2806424
v 4.755115 6.076574 0.2248248
v 4.790292 6.093598 0.1990098
v 4.775459 6.106013 0.209895
v 4.755115 6.111378 0.2248238
v 4.734771 6.106015 0.2397531
v 4.702566 6.073451 0.2633881
v 4.689326 6.048703 0.2731065
v 4.719938 6.093599 0.2506393
v 4.878457 5.572834 -0.2019432
v 4.826515 6.238462 0.08093138
v 4.878457 6.238462 -0.2019437
v 4.826515 5.572834 0.08093189
v 4.586752 6.238462 0.2448747
v 4.586752 5.572834 0.2448757
v 4.295528 6.238462 0.1886012
v 4.295528 5.572834 0.1886017
v 4.133677 6.238462 -0.05664186
v 4.133677 5.572834 -0.05664136
v 4.133677 5.572834 -0.05664136
v 4.197614 5.572834 -0.3425009
v 4.197614 6.238462 -0.3425014
v 4.133677 6.238462 -0.05664186
v 4.210395 6.114944 0.0682027
v 4.224938 6.109286 0.09048339
v 4.235543 6.096196 0.1067302
v 4.210396 6.078244 0.0682027
v 4.247962 6.074952 0.1257589
v 4.257427 6.048855 0.1402604
v 4.210395 6.019467 0.0682027
v 4.262633 6.018616 0.148237
v 4.264769 5.987369 0.15151
v 4.185248 6.096196 0.02967473
v 4.195853 6.109286 0.04592057
v 4.17283 6.074952 0.01064655
v 4.163363 6.048855 -0.003854548
v 4.158158 6.018614 -0.01183108
v 4.156022 5.987369 -0.01510504
v 4.156022 5.711432 -0.01510455
v 4.210395 5.711432 0.06820319
v 4.264769 5.711432 0.1515105
v 4.477221 7.264368 -0.09298834
v 4.458403 7.263783 -0.1436876
v 4.515173 7.281191 -0.1326931
v 4.495648 7.264446 -0.1836041
v 4.424104 7.225504 -0.1504162
v 4.553125 7.264368 -0.1724003
v 4.484153 7.22649 -0.2156194
v 4.411936 7.175996 -0.1528138
v 4.480056 7.175996 -0.2273353
v 4.424104 7.126484 -0.1504162
v 4.484153 7.125505 -0.2156194
v 4.458403 7.088206 -0.1436876
v 4.576114 7.226377 -0.1976264
v 4.571944 7.263783 -0.1216997
v 4.480056 7.175996 -0.2273353
v 4.606245 7.225504 -0.1149739
v 4.58439 7.175996 -0.2068757
v 4.58439 7.175996 -0.2068757
v 4.618413 7.175996 -0.1125744
v 4.576114 7.125618 -0.1976264
v 4.606245 7.126484 -0.1149739
v 4.495646 7.087546 -0.1836041
v 4.553125 7.087624 -0.1724003
v 4.571944 7.088206 -0.1216997
v 4.515173 7.070801 -0.1326931
v 4.477221 7.087624 -0.09298833
v 4.477221 7.087624 -0.09298833
v 4.458403 7.088206 -0.1436876
v 4.424104 7.126484 -0.1504162
v 4.454235 7.125618 -0.0677627
v 4.411936 7.175996 -0.1528138
v 4.445961 7.175996 -0.05851253
v 4.424104 7.225504 -0.1504162
v 4.454235 7.226377 -0.0677627
v 4.458403 7.263783 -0.1436876
v 4.477221 7.264368 -0.09298834
v 4.534698 7.087546 -0.08178505
v 4.515173 7.070801 -0.1326931
v 4.546196 7.125505 -0.04976972
v 4.445961 7.175996 -0.05851253
v 4.571944 7.088206 -0.1216997
v 4.553125 7.087624 -0.1724003
v 4.606245 7.126484 -0.1149739
v 4.550291 7.175996 -0.03805526
v 4.550291 7.175996 -0.03805526
v 4.618413 7.175996 -0.1125744
v 4.546196 7.226487 -0.04976973
v 4.606245 7.225504 -0.1149739
v 4.534698 7.264443 -0.08178505
v 4.515173 7.281191 -0.1326931
v 4.571944 7.263783 -0.1216997
v 4.553125 7.264368 -0.1724003
v 5.179338 0.6228044 -0.2414489
v 5.069394 1.619906 0.1843971
v 5.159237 1.619959 -0.2335134
v 5.083717 0.6228228 0.2004761
v 4.716502 1.616763 0.5039701
v 4.721501 0.6264489 0.5491142
v 4.279929 1.614086 0.483282
v 4.278771 0.6264279 0.5285577
v 3.922954 1.61179 0.1788806
v 3.904806 0.6228056 0.1901307
v 3.922954 1.61179 0.1788806
v 3.902238 1.618432 -0.5324369
v 3.869179 1.618435 0.1934442
v 3.949235 1.611736 -0.5024152
v 5.214767 1.626842 -0.2387567
v 5.159237 1.619959 -0.2335134
v 3.869179 1.618435 0.1934442
v 3.902238 1.618432 -0.5324369
v 3.881298 1.670496 -0.5441585
v 3.845643 1.670519 0.1984514
v 3.884475 1.739105 -0.543181
v 3.848946 1.73907 0.1984366
v 3.908471 1.789776 -0.5292102
v 3.876103 1.789779 0.1922111
v 4.263906 1.621078 0.536035
v 3.869179 1.618435 0.1934442
v 3.845643 1.670519 0.1984514
v 4.25709 1.6731 0.5578756
v 4.736866 1.623871 0.5552701
v 3.848946 1.73907 0.1984366
v 4.744778 1.675868 0.57657
v 5.116434 1.62684 0.2144684
v 4.258181 1.738991 0.5551433
v 3.876103 1.789779 0.1922111
v 4.265721 1.789597 0.5297269
v 4.74439 1.738969 0.5737953
v 4.734747 1.789566 0.5492067
v 5.110479 1.789752 0.2112779
v 5.137076 1.678936 0.2263412
v 5.214767 1.626842 -0.2387567
v 5.238621 1.678958 -0.2399464
v 5.134501 1.739027 0.225212
v 5.235814 1.738991 -0.2401257
v 5.207994 1.789753 -0.2386371
v 4.279929 1.614086 0.483282
v 3.922954 1.61179 0.1788806
v 3.869179 1.618435 0.1934442
v 4.263906 1.621078 0.536035
v 4.716502 1.616763 0.5039701
v 4.736866 1.623871 0.5552701
v 5.069394 1.619906 0.1843971
v 5.116434 1.62684 0.2144684
v 5.159237 1.619959 -0.2335134
v 5.214767 1.626842 -0.2387567
v 3.876103 1.789779 0.1922111
v 3.908471 1.789776 -0.5292102
v 4.590287 1.8475 -0.3280765
v 4.299016 1.8475 0.03310099
v 4.721504 1.8475 0.1169733
v 3.902238 1.618432 -0.5324369
v 5.214767 1.626842 -0.2387567
v 5.238621 1.678958 -0.2399464
v 3.881298 1.670496 -0.5441585
v 3.884475 1.739105 -0.543181
v 5.235814 1.738991 -0.2401257
v 3.908471 1.789776 -0.5292102
v 5.207994 1.789753 -0.2386371
v 4.590287 1.8475 -0.3280765
v 4.249554 3.433569 -0.4516398
v 4.922773 3.43376 -0.191384
v 4.98682 3.429206 -0.2015311
v 4.209077 3.429138 -0.502762
v 4.038872 3.42922 -0.2224542
v 4.102391 3.433799 -0.2097933
v 4.089023 3.429157 0.1014794
v 4.145878 3.433624 0.06975587
v 4.721504 1.8475 0.1169733
v 4.590287 1.8475 -0.3280765
v 5.207994 1.789753 -0.2386371
v 5.110479 1.789752 0.2112779
v 4.734747 1.789566 0.5492067
v 4.299016 1.8475 0.03310099
v 4.265721 1.789597 0.5297269
v 3.876103 1.789779 0.1922111
v 4.152476 3.701032 0.06634838
v 4.095381 3.708727 0.09811241
v 4.04601 3.708683 -0.2210485
v 4.109717 3.700869 -0.2083589
v 4.213655 3.70874 -0.4972431
v 4.25435 3.701082 -0.4459874
v 4.979639 3.708693 -0.2004863
v 4.915389 3.700905 -0.1903536
v 4.191533 4.61773 0.0446699
v 4.36314 3.701329 0.2500928
v 4.152476 3.701032 0.06634838
v 4.379251 4.617406 0.2083423
v 4.643311 3.701247 0.2562779
v 4.629086 4.617496 0.2138698
v 4.861225 3.700936 0.08213169
v 4.823128 4.617835 0.05885866
v 4.915389 3.700905 -0.1903536
v 4.871294 4.617867 -0.1834323
v 4.153482 4.617906 -0.1996486
v 4.191533 4.61773 0.0446699
v 4.152476 3.701032 0.06634838
v 4.109717 3.700869 -0.2083589
v 4.282166 4.617675 -0.4110157
v 4.25435 3.701082 -0.4459874
v 4.863083 4.884872 -0.1822846
v 4.774364 5.383088 0.02931046
v 4.814939 5.383119 -0.1747501
v 4.815968 4.884902 0.05469348
v 4.610729 5.382763 0.1599119
v 4.626276 4.885215 0.2061656
v 4.399897 5.382679 0.1552227
v 4.382305 4.885296 0.2007563
v 4.241515 5.382987 0.01724743
v 4.198869 4.885 0.04087712
v 4.28523 5.606782 -0.4088824
v 4.248684 5.582284 -0.4522274
v 4.923852 5.582081 -0.1913841
v 4.157776 5.606755 -0.198911
v 4.101325 5.582038 -0.2099731
v 4.195317 5.606776 0.0437486
v 4.144843 5.582228 0.06998657
v 4.923852 5.582081 -0.1913841
v 4.339691 5.605264 -0.3423884
v 4.28523 5.606782 -0.4088824
v 4.242587 5.605263 -0.1821621
v 4.157776 5.606755 -0.198911
v 4.271133 5.605264 0.003017649
v 4.195317 5.606776 0.0437486
v 4.282166 4.617675 -0.4110157
v 4.871294 4.617867 -0.1834323
v 4.937806 4.614649 -0.1938755
v 4.240052 4.61457 -0.4639289
v 4.087514 4.614666 -0.2127793
v 4.153482 4.617906 -0.1996486
v 4.132471 4.614593 0.07743815
v 4.191533 4.61773 0.0446699
v 4.317881 5.382936 -0.3665845
v 4.16163 4.884836 -0.1980536
v 4.287495 4.885049 -0.4047234
v 4.209414 5.383157 -0.1885483
v 4.198869 4.885 0.04087712
v 4.241515 5.382987 0.01724743
v 4.249554 3.433569 -0.4516398
v 4.041512 1.706554 -0.2217713
v 4.210071 1.706594 -0.4991704
v 4.102391 3.433799 -0.2097933
v 4.091202 1.706585 0.09866897
v 4.145878 3.433624 0.06975587
v 4.145878 3.433624 0.06975587
v 4.337689 1.70664 0.3140763
v 4.091202 1.706585 0.09866897
v 4.360394 3.433303 0.2569107
v 4.66646 1.706625 0.3212489
v 4.645838 3.433392 0.2632016
v 4.921021 1.706567 0.1173824
v 4.867664 3.433727 0.0858744
v 4.984131 1.706561 -0.2002898
v 4.922773 3.43376 -0.191384
v 4.929976 4.891817 -0.1927278
v 4.245039 4.891872 -0.4578907
v 4.197628 4.805728 -0.5149438
v 5.003989 4.805502 -0.203449
v 5.007893 4.706186 -0.2040364
v 4.19513 4.706017 -0.5180099
v 4.240052 4.61457 -0.4639289
v 4.937806 4.614649 -0.1938755
v 4.863083 4.884872 -0.1822846
v 4.929976 4.891817 -0.1927278
v 4.873831 4.891825 0.08995606
v 4.815968 4.884902 0.05469348
v 4.648134 4.891924 0.2709072
v 4.626276 4.885215 0.2061656
v 4.357579 4.891952 0.2646067
v 4.382305 4.885296 0.2007563
v 4.139405 4.891856 0.07374884
v 4.198869 4.885 0.04087712
v 4.241515 5.382987 0.01724743
v 4.190245 5.376781 0.04637122
v 4.3786 5.37672 0.211118
v 4.399897 5.382679 0.1552227
v 4.629229 5.376737 0.2165558
v 4.610729 5.382763 0.1599119
v 4.824198 5.376802 0.0602715
v 4.774364 5.383088 0.02931046
v 4.872751 5.376808 -0.1841705
v 4.814939 5.383119 -0.1747501
v 4.198869 4.885 0.04087712
v 4.139405 4.891856 0.07374884
v 4.095297 4.891805 -0.2112458
v 4.16163 4.884836 -0.1980536
v 4.245039 4.891872 -0.4578907
v 4.287495 4.885049 -0.4047234
v 4.929976 4.891817 -0.1927278
v 4.863083 4.884872 -0.1822846
v 4.191533 4.61773 0.0446699
v 4.132471 4.614593 0.07743815
v 4.354736 4.614461 0.2717917
v 4.379251 4.617406 0.2083423
v 4.650713 4.614498 0.2782262
v 4.629086 4.617496 0.2138698
v 4.880627 4.614636 0.09398583
v 4.823128 4.617835 0.05885866
v 4.937806 4.614649 -0.1938755
v 4.871294 4.617867 -0.1834323
v 4.145878 3.433624 0.06975587
v 4.089023 3.429157 0.1014794
v 4.336791 3.429042 0.3182019
v 4.360394 3.433303 0.2569107
v 4.666585 3.429074 0.3253559
v 4.645838 3.433392 0.2632016
v 4.922995 3.429194 0.1198128
v 4.867664 3.433727 0.0858744
v 4.98682 3.429206 -0.2015311
v 4.922773 3.43376 -0.191384
v 4.317881 5.382936 -0.3665845
v 4.814939 5.383119 -0.1747501
v 4.872751 5.376808 -0.1841705
v 4.281553 5.376771 -0.4132216
v 4.152094 5.376815 -0.2000234
v 4.209414 5.383157 -0.1885483
v 4.190245 5.376781 0.04637122
v 4.241515 5.382987 0.01724743
v 4.36314 3.701329 0.2500928
v 4.095381 3.708727 0.09811241
v 4.152476 3.701032 0.06634838
v 4.339396 3.708807 0.3116358
v 4.643311 3.701247 0.2562779
v 4.664214 3.708786 0.3186658
v 4.861225 3.700936 0.08213169
v 4.916761 3.708701 0.1161288
v 4.915389 3.700905 -0.1903536
v 4.979639 3.708693 -0.2004863
v 4.101325 5.582038 -0.2099731
v 4.230659 5.459232 -0.4737303
v 4.248684 5.582284 -0.4522274
v 4.073605 5.45943 -0.2154133
v 4.144843 5.582228 0.06998657
v 4.119941 5.459278 0.0830152
v 4.3786 5.37672 0.211118
v 4.190245 5.376781 0.04637122
v 4.119941 5.459278 0.0830152
v 4.349597 5.45902 0.2835791
v 4.629229 5.376737 0.2165558
v 4.655829 5.459089 0.2902892
v 4.893 5.459367 0.1004875
v 4.824198 5.376802 0.0602715
v 4.872751 5.376808 -0.1841705
v 4.951787 5.459395 -0.1953633
v 4.359914 5.582545 0.2577336
v 4.119941 5.459278 0.0830152
v 4.144843 5.582228 0.06998657
v 4.349597 5.45902 0.2835791
v 4.6464 5.582461 0.2640226
v 4.655829 5.459089 0.2902892
v 4.868677 5.582118 0.08623527
v 4.893 5.459367 0.1004875
v 4.923852 5.582081 -0.1913841
v 4.951787 5.459395 -0.1953633
v 4.411947 5.605266 0.1264751
v 4.195317 5.606776 0.0437486
v 4.271133 5.605264 0.003017649
v 4.380679 5.606815 0.2059471
v 4.59913 5.605265 0.1304767
v 4.627307 5.606803 0.2112853
v 4.745133 5.605264 0.01314376
v 4.819221 5.606763 0.05737947
v 4.781614 5.605263 -0.1706493
v 4.867035 5.60676 -0.1833728
v 4.979639 3.708693 -0.2004863
v 4.213655 3.70874 -0.4972431
v 4.164044 3.611049 -0.5566408
v 5.056906 3.610854 -0.2115752
v 5.06019 3.531807 -0.2120768
v 4.161952 3.531678 -0.5592329
v 4.209077 3.429138 -0.502762
v 4.98682 3.429206 -0.2015311
v 4.152094 5.376815 -0.2000234
v 4.281553 5.376771 -0.4132216
v 4.230659 5.459232 -0.4737303
v 4.073605 5.45943 -0.2154133
v 4.190245 5.376781 0.04637122
v 4.119941 5.459278 0.0830152
v 4.867035 5.60676 -0.1833728
v 4.923852 5.582081 -0.1913841
v 4.868677 5.582118 0.08623527
v 4.819221 5.606763 0.05737947
v 4.6464 5.582461 0.2640226
v 4.627307 5.606803 0.2112853
v 4.359914 5.582545 0.2577336
v 4.380679 5.606815 0.2059471
v 4.144843 5.582228 0.06998657
v 4.195317 5.606776 0.0437486
v 4.087514 4.614666 -0.2127793
v 4.240052 4.61457 -0.4639289
v 4.19513 4.706017 -0.5180099
v 4.01792 4.706223 -0.2264702
v 4.132471 4.614593 0.07743815
v 4.070192 4.706064 0.1103647
v 4.073669 4.805666 0.1084869
v 4.021791 4.805455 -0.2257054
v 4.197628 4.805728 -0.5149438
v 4.245039 4.891872 -0.4578907
v 4.095297 4.891805 -0.2112458
v 4.139405 4.891856 0.07374884
v 4.248684 5.582284 -0.4522274
v 4.951787 5.459395 -0.1953633
v 4.923852 5.582081 -0.1913841
v 4.230659 5.459232 -0.4737303
v 4.281553 5.376771 -0.4132216
v 4.872751 5.376808 -0.1841705
v 4.038872 3.42922 -0.2224542
v 4.209077 3.429138 -0.502762
v 4.161952 3.531678 -0.5592329
v 3.966019 3.531835 -0.236767
v 4.089023 3.429157 0.1014794
v 4.023785 3.531713 0.1357892
v 4.026707 3.610995 0.1341956
v 3.969277 3.610812 -0.2361218
v 4.164044 3.611049 -0.5566408
v 4.213655 3.70874 -0.4972431
v 4.04601 3.708683 -0.2210485
v 4.095381 3.708727 0.09811241
v 4.354736 4.614461 0.2717917
v 4.132471 4.614593 0.07743815
v 4.070192 4.706064 0.1103647
v 4.329054 4.705798 0.3365047
v 4.650713 4.614498 0.2782262
v 4.3305 4.80602 0.332815
v 4.073669 4.805666 0.1084869
v 4.139405 4.891856 0.07374884
v 4.357579 4.891952 0.2646067
v 4.672777 4.805926 0.3403066
v 4.648134 4.891924 0.2709072
v 4.674074 4.705868 0.3440478
v 4.880627 4.614636 0.09398583
v 4.938148 4.805542 0.1279094
v 4.873831 4.891825 0.08995606
v 4.941534 4.706156 0.1299389
v 4.937806 4.614649 -0.1938755
v 5.007893 4.706186 -0.2040364
v 5.003989 4.805502 -0.203449
v 4.929976 4.891817 -0.1927278
v 4.336791 3.429042 0.3182019
v 4.089023 3.429157 0.1014794
v 4.023785 3.531713 0.1357892
v 4.309869 3.531507 0.3858245
v 4.666585 3.429074 0.3253559
v 4.311083 3.611308 0.3827098
v 4.026707 3.610995 0.1341956
v 4.095381 3.708727 0.09811241
v 4.339396 3.708807 0.3116358
v 4.690065 3.611224 0.3909791
v 4.664214 3.708786 0.3186658
v 4.691145 3.531562 0.3941377
v 4.922995 3.429194 0.1198128
v 4.983954 3.610888 0.1556228
v 4.916761 3.708701 0.1161288
v 4.986801 3.531784 0.1573404
v 4.98682 3.429206 -0.2015311
v 5.06019 3.531807 -0.2120768
v 5.056906 3.610854 -0.2115752
v 4.979639 3.708693 -0.2004863
v 3.904806 0.6228056 0.1901307
v 3.935217 0.6228228 -0.5184079
v 3.949235 1.611736 -0.5024152
v 3.922954 1.61179 0.1788806
v -0.4402263 0.8140314 4.89607
v -0.4098151 0.8140485 4.187531
v -0.395797 1.802962 4.203524
v -0.4220784 1.803016 4.88482
v 0.4365819 5.796489 4.535289
v 0.5220025 5.797986 4.522565
v 0.474189 5.797989 4.763318
v 0.4001009 5.79649 4.719082
v 0.2822747 5.798029 4.917223
v 0.2540975 5.796491 4.836415
v 0.03564692 5.798041 4.911885
v 0.06691504 5.796492 4.832413
v -0.1497149 5.798002 4.749687
v -0.07389879 5.79649 4.708956
v 0.5355942 4.805862 4.799925
v 0.6628602 4.897412 4.501903
v 0.5927737 4.805875 4.512064
v 0.5965016 4.897382 4.835878
v 0.3056808 4.805724 4.984165
v 0.6589568 4.996728 4.50249
v 0.329042 4.897094 5.049987
v 0.009704113 4.805687 4.977731
v 0.593116 4.996768 4.833848
v 0.5849431 5.083043 4.513211
v 0.5287983 5.083051 4.795895
v 0.327745 4.997152 5.046246
v 0.303102 5.08315 4.976846
v -0.01597834 4.897024 5.042444
v -0.2125611 4.805819 4.783377
v -0.2748399 4.89729 4.816304
v -0.01453257 4.997246 5.038754
v 0.01254702 5.083178 4.970546
v -0.2713628 4.996892 4.814426
v -0.205627 5.083082 4.779688
v 0.5779622 3.62042 4.825752
v 0.7151577 3.723033 4.493862
v 0.6417878 3.620432 4.504408
v 0.6417687 3.72301 4.863279
v 0.3215528 3.6203 5.031295
v 0.7118733 3.802079 4.494364
v 0.3461127 3.722789 5.100077
v -0.008241177 3.620269 5.024141
v 0.638922 3.802114 4.861562
v 0.6346066 3.899919 4.505453
v 0.5717289 3.899927 4.822068
v 0.3450332 3.80245 5.096918
v 0.3191819 3.900012 5.024605
v -0.0351634 3.722733 5.091763
v -0.2560096 3.620383 4.807418
v -0.3212476 3.722939 4.841728
v -0.03394938 3.802534 5.088649
v -0.005636692 3.900034 5.017575
v -0.3183255 3.802221 4.840135
v -0.2496514 3.899954 4.804051
v -0.3061604 3.620445 4.483485
v -0.3212476 3.722939 4.841728
v -0.2560096 3.620383 4.807418
v -0.3790128 3.723061 4.469172
v -0.1359553 3.620363 4.203177
v -0.3183255 3.802221 4.840135
v -0.1830802 3.722903 4.146706
v -0.3757555 3.802037 4.469817
v -0.2496514 3.899954 4.804051
v -0.1809878 3.802275 4.149298
v -0.2990222 3.899909 4.48489
v -0.1313767 3.899966 4.208696
v -0.2575183 4.805892 4.49316
v -0.2748399 4.89729 4.816304
v -0.2125611 4.805819 4.783377
v -0.3271127 4.897449 4.479469
v -0.10498 4.805796 4.24201
v -0.2713628 4.996892 4.814426
v -0.1499019 4.897243 4.187929
v -0.3232417 4.996681 4.480234
v -0.205627 5.083082 4.779688
v -0.1474042 4.996954 4.190995
v -0.2497354 5.083031 4.494693
v -0.09999323 5.083098 4.248048
v -0.1313767 3.899966 4.208696
v 0.7118733 3.802079 4.494364
v 0.6346066 3.899919 4.505453
v -0.1809878 3.802275 4.149298
v 0.7151577 3.723033 4.493862
v -0.1830802 3.722903 4.146706
v 0.6417878 3.620432 4.504408
v -0.1359553 3.620363 4.203177
v -0.1497149 5.798002 4.749687
v -0.2001891 5.773454 4.775925
v -0.2437072 5.773264 4.495965
v -0.1872563 5.797981 4.507027
v -0.09634829 5.77351 4.253711
v -0.05980253 5.798008 4.297056
v 0.5788195 5.773307 4.514554
v 0.6067545 5.650621 4.510575
v 0.5788195 5.773307 4.514554
v -0.09634829 5.77351 4.253711
v -0.1143737 5.650458 4.232208
v 0.5277188 5.568034 4.521768
v -0.06347895 5.567997 4.292717
v -0.05753756 5.076275 4.301216
v 0.5849431 5.083043 4.513211
v 0.5180504 5.076098 4.523654
v -0.09999323 5.083098 4.248048
v -0.1834025 5.076062 4.507885
v -0.2497354 5.083031 4.494693
v -0.1461635 5.076226 4.746816
v -0.205627 5.083082 4.779688
v 0.5927737 4.805875 4.512064
v -0.1499019 4.897243 4.187929
v -0.10498 4.805796 4.24201
v 0.6628602 4.897412 4.501903
v -0.1474042 4.996954 4.190995
v 0.6589568 4.996728 4.50249
v -0.09999323 5.083098 4.248048
v 0.5849431 5.083043 4.513211
v -0.1929383 5.568041 4.505915
v -0.2250915 5.650504 4.788953
v -0.1547875 5.568007 4.752309
v -0.2714276 5.650656 4.490525
v -0.06347895 5.567997 4.292717
v -0.1143737 5.650458 4.232208
v -0.1547875 5.568007 4.752309
v -0.2250915 5.650504 4.788953
v 0.004564762 5.650246 4.989517
v 0.03356791 5.567946 4.917056
v 0.3107972 5.650315 4.996227
v 0.2841964 5.567963 4.922494
v 0.5479672 5.650593 4.806426
v 0.4791653 5.568028 4.76621
v 0.6067545 5.650621 4.510575
v 0.5277188 5.568034 4.521768
v -0.2250915 5.650504 4.788953
v -0.2001891 5.773454 4.775925
v 0.01488161 5.773771 4.963672
v 0.004564762 5.650246 4.989517
v 0.3013682 5.773687 4.969961
v 0.3107972 5.650315 4.996227
v 0.5236447 5.773344 4.792173
v 0.5479672 5.650593 4.806426
v 0.6067545 5.650621 4.510575
v 0.5788195 5.773307 4.514554
v -0.1143737 5.650458 4.232208
v -0.09634829 5.77351 4.253711
v -0.2437072 5.773264 4.495965
v -0.2714276 5.650656 4.490525
v -0.2001891 5.773454 4.775925
v -0.2250915 5.650504 4.788953
v 0.03564692 5.798041 4.911885
v -0.2001891 5.773454 4.775925
v -0.1497149 5.798002 4.749687
v 0.01488161 5.773771 4.963672
v 0.2822747 5.798029 4.917223
v 0.3013682 5.773687 4.969961
v 0.474189 5.797989 4.763318
v 0.5236447 5.773344 4.792173
v 0.5220025 5.797986 4.522565
v 0.5788195 5.773307 4.514554
v 0.5703566 3.892131 4.515585
v 0.6346066 3.899919 4.505453
v 0.5717289 3.899927 4.822068
v 0.5161927 3.892162 4.788071
v 0.3191819 3.900012 5.024605
v 0.2982783 3.892473 4.962217
v -0.005636692 3.900034 5.017575
v 0.01810789 3.892555 4.956032
v -0.2496514 3.899954 4.804051
v -0.1925559 3.892258 4.772287
v -0.1356187 5.574383 4.51739
v -0.1547875 5.568007 4.752309
v -0.1035171 5.574214 4.723186
v -0.1929383 5.568041 4.505915
v -0.02715158 5.574162 4.339354
v -0.06347895 5.567997 4.292717
v 0.5277188 5.568034 4.521768
v 0.469907 5.574345 4.531188
v 0.03727293 5.076522 4.906695
v -0.205627 5.083082 4.779688
v -0.1461635 5.076226 4.746816
v 0.01254702 5.083178 4.970546
v 0.2812438 5.076441 4.912105
v 0.303102 5.08315 4.976846
v 0.4709351 5.076128 4.760633
v 0.5287983 5.083051 4.795895
v 0.5180504 5.076098 4.523654
v 0.5849431 5.083043 4.513211
v 0.4780953 4.809061 4.764798
v 0.5927737 4.805875 4.512064
v 0.5262616 4.809093 4.522507
v 0.5355942 4.805862 4.799925
v 0.2840543 4.808722 4.919809
v 0.3056808 4.805724 4.984165
v 0.03421926 4.808632 4.914281
v 0.009704113 4.805687 4.977731
v -0.1534991 4.808956 4.750609
v -0.2125611 4.805819 4.783377
v 0.5226319 3.624953 4.791813
v 0.6417878 3.620432 4.504408
v 0.5777409 3.624986 4.514555
v 0.5779622 3.62042 4.825752
v 0.3008056 3.624618 4.969141
v 0.3215528 3.6203 5.031295
v 0.01536131 3.62453 4.96285
v -0.008241177 3.620269 5.024141
v -0.1991544 3.62485 4.775695
v -0.2560096 3.620383 4.807418
v -0.242641 3.625025 4.496146
v -0.2560096 3.620383 4.807418
v -0.1991544 3.62485 4.775695
v -0.3061604 3.620445 4.483485
v -0.09547853 3.624795 4.254299
v -0.1359553 3.620363 4.203177
v 0.6417878 3.620432 4.504408
v 0.5777409 3.624986 4.514555
v 0.429332 5.574314 4.735249
v 0.5277188 5.568034 4.521768
v 0.469907 5.574345 4.531188
v 0.4791653 5.568028 4.76621
v 0.265697 5.573989 4.86585
v 0.2841964 5.567963 4.922494
v 0.05486441 5.573905 4.861161
v 0.03356791 5.567946 4.917056
v -0.1035171 5.574214 4.723186
v -0.1547875 5.568007 4.752309
v -0.07389879 5.79649 4.708956
v -0.1497149 5.798002 4.749687
v -0.1872563 5.797981 4.507027
v -0.1024451 5.796489 4.523776
v -0.05980253 5.798008 4.297056
v -0.005341053 5.79649 4.36355
v 0.5788195 5.773307 4.514554
v 0.6390984 1.897787 4.50565
v 0.5226319 3.624953 4.791813
v 0.5777409 3.624986 4.514555
v 0.5759881 1.897793 4.823321
v 0.3008056 3.624618 4.969141
v 0.3214278 1.897851 5.027188
v 0.01536131 3.62453 4.96285
v -0.007342815 1.897866 5.020016
v -0.1991544 3.62485 4.775695
v -0.2538304 1.897811 4.804608
v -0.09068251 3.892308 4.259952
v 0.6346066 3.899919 4.505453
v 0.5703566 3.892131 4.515585
v -0.1313767 3.899966 4.208696
v -0.2353148 3.892095 4.49758
v -0.2990222 3.899909 4.48489
v -0.1925559 3.892258 4.772287
v -0.2496514 3.899954 4.804051
v -0.1915498 4.809132 4.50629
v -0.2125611 4.805819 4.783377
v -0.1534991 4.808956 4.750609
v -0.2575183 4.805892 4.49316
v -0.06286669 4.808901 4.294923
v -0.10498 4.805796 4.24201
v 0.5927737 4.805875 4.512064
v 0.5262616 4.809093 4.522507
v -0.1035171 5.574214 4.723186
v 0.03727293 5.076522 4.906695
v -0.1461635 5.076226 4.746816
v 0.05486441 5.573905 4.861161
v 0.2812438 5.076441 4.912105
v 0.265697 5.573989 4.86585
v 0.4709351 5.076128 4.760633
v 0.429332 5.574314 4.735249
v 0.5180504 5.076098 4.523654
v 0.469907 5.574345 4.531188
v -0.242641 3.625025 4.496146
v -0.1991544 3.62485 4.775695
v -0.2538304 1.897811 4.804608
v -0.3035197 1.89778 4.484168
v -0.09547853 3.624795 4.254299
v -0.1349616 1.89782 4.206769
v -0.1356187 5.574383 4.51739
v -0.1035171 5.574214 4.723186
v -0.1461635 5.076226 4.746816
v -0.1834025 5.076062 4.507885
v -0.02715158 5.574162 4.339354
v -0.05753756 5.076275 4.301216
v 0.5703566 3.892131 4.515585
v 0.4780953 4.809061 4.764798
v 0.5262616 4.809093 4.522507
v 0.5161927 3.892162 4.788071
v 0.2840543 4.808722 4.919809
v 0.2982783 3.892473 4.962217
v 0.03421926 4.808632 4.914281
v 0.01810789 3.892555 4.956032
v -0.1534991 4.808956 4.750609
v -0.1925559 3.892258 4.772287
v -0.06286669 4.808901 4.294923
v -0.2353148 3.892095 4.49758
v -0.09068251 3.892308 4.259952
v -0.1915498 4.809132 4.50629
v -0.1925559 3.892258 4.772287
v -0.1534991 4.808956 4.750609
v -0.4365609 1.981002 4.176729
v 0.862962 1.980979 4.467302
v 0.245255 2.038726 4.377862
v 0.8907816 1.930217 4.465813
v -0.4605567 1.930331 4.162758
v 0.8935883 1.870184 4.465992
v -0.4637339 1.861722 4.16178
v -0.4427941 1.809657 4.173502
v 0.869735 1.818068 4.467182
v -0.04601622 2.038727 4.73904
v 0.245255 2.038726 4.377862
v 0.376472 2.038727 4.822913
v 0.3897147 1.980791 5.255146
v -0.07931089 1.980822 5.235666
v -0.4689291 1.981005 4.89815
v 0.7654469 1.980977 4.917217
v 0.862962 1.980979 4.467302
v 0.245255 2.038726 4.377862
v -0.4365609 1.981002 4.176729
v -0.4689291 1.981005 4.89815
v -0.4960859 1.930296 4.904376
v -0.4605567 1.930331 4.162758
v -0.4993889 1.861745 4.90439
v -0.4637339 1.861722 4.16178
v -0.4758532 1.809661 4.899383
v -0.4427941 1.809657 4.173502
v -0.395797 1.802962 4.203524
v 0.8142045 1.811185 4.472425
v 0.869735 1.818068 4.467182
v -0.4427941 1.809657 4.173502
v -0.4220784 1.803016 4.88482
v -0.4758532 1.809661 4.899383
v 0.7654469 1.980977 4.917217
v 0.862962 1.980979 4.467302
v 0.8907816 1.930217 4.465813
v 0.7894681 1.930253 4.931151
v 0.8935883 1.870184 4.465992
v 0.399358 1.930195 5.279734
v 0.3897147 1.980791 5.255146
v -0.07931089 1.980822 5.235666
v 0.7920439 1.870162 4.93228
v 0.869735 1.818068 4.467182
v 0.7714016 1.818065 4.920407
v 0.3997452 1.867093 5.282509
v 0.3918338 1.815097 5.261209
v -0.0868516 1.930217 5.261082
v -0.4689291 1.981005 4.89815
v -0.4960859 1.930296 4.904376
v -0.0879426 1.864326 5.263814
v -0.08112669 1.812304 5.241974
v -0.4993889 1.861745 4.90439
v -0.4758532 1.809661 4.899383
v -0.4689291 1.981005 4.89815
v -0.4365609 1.981002 4.176729
v 0.245255 2.038726 4.377862
v -0.04601622 2.038727 4.73904
v 0.8142045 1.811185 4.472425
v 0.7714016 1.818065 4.920407
v 0.869735 1.818068 4.467182
v 0.7243617 1.811132 4.890336
v 0.3918338 1.815097 5.261209
v 0.37147 1.807988 5.209909
v -0.08112669 1.812304 5.241974
v -0.06510305 1.805312 5.189221
v -0.4758532 1.809661 4.899383
v -0.4220784 1.803016 4.88482
v -0.06626081 0.8176539 5.234497
v -0.4402263 0.8140314 4.89607
v -0.4220784 1.803016 4.88482
v -0.06510305 1.805312 5.189221
v 0.3764691 0.8176749 5.255053
v 0.37147 1.807988 5.209909
v 0.7386849 0.8140485 4.906415
v 0.7243617 1.811132 4.890336
v 0.834305 0.8140301 4.46449
v 0.8142045 1.811185 4.472425
v 0.2080932 7.455594 4.533539
v 0.226912 7.455008 4.584239
v 0.1701407 7.472416 4.573246
v 0.1896667 7.455668 4.624154
v 0.2612128 7.416729 4.590965
v 0.1321883 7.455594 4.61295
v 0.2011638 7.417713 4.656169
v 0.2733812 7.367221 4.593364
v 0.2052593 7.367221 4.667883
v 0.2612128 7.31771 4.590965
v 0.2011638 7.316731 4.656169
v 0.226912 7.279431 4.584239
v 0.1092033 7.417602 4.638176
v 0.1133704 7.455008 4.562251
v 0.2052593 7.367221 4.667883
v 0.079072 7.416729 4.555522
v 0.1009293 7.367221 4.647426
v 0.1009293 7.367221 4.647426
v 0.06690359 7.367221 4.553125
v 0.1092033 7.316844 4.638176
v 0.079072 7.31771 4.555522
v 0.1896667 7.278772 4.624154
v 0.1321883 7.278849 4.61295
v 0.1133704 7.279431 4.562251
v 0.1701407 7.262026 4.573246
v 0.2080932 7.278849 4.533539
v 0.2080932 7.278849 4.533539
v 0.226912 7.279431 4.584239
v 0.2612128 7.31771 4.590965
v 0.2310815 7.316844 4.508313
v 0.2733812 7.367221 4.593364
v 0.2393575 7.367221 4.499063
v 0.2612128 7.416729 4.590965
v 0.2310815 7.417602 4.508313
v 0.226912 7.455008 4.584239
v 0.2080932 7.455594 4.533539
v 0.1506147 7.278772 4.522335
v 0.1701407 7.262026 4.573246
v 0.1391206 7.316731 4.490319
v 0.2393575 7.367221 4.499063
v 0.1133704 7.279431 4.562251
v 0.1321883 7.278849 4.61295
v 0.079072 7.31771 4.555522
v 0.1350241 7.367221 4.478603
v 0.1350241 7.367221 4.478603
v 0.06690359 7.367221 4.553125
v 0.1391206 7.417716 4.490319
v 0.079072 7.416729 4.555522
v 0.1506166 7.455672 4.522335
v 0.1701407 7.472416 4.573246
v 0.1133704 7.455008 4.562251
v 0.1321883 7.455594 4.61295
v -0.0495038 5.76406 4.89454
v -0.2113547 5.76406 4.649297
v -0.2113547 6.429688 4.649297
v -0.0495038 6.429688 4.89454
v 0.2417197 5.76406 4.950814
v 0.2417197 6.429688 4.950813
v 0.4814827 5.76406 4.78687
v 0.4814827 6.429688 4.78687
v 0.5334246 5.76406 4.503995
v 0.5334246 6.429688 4.503995
v -0.1597838 6.287422 4.735613
v -0.149179 6.300512 4.751859
v -0.1346374 6.30617 4.774141
v -0.1346364 6.26947 4.774141
v -0.1722026 6.266178 4.716585
v -0.1816688 6.240081 4.702084
v -0.1346374 6.210693 4.774141
v -0.1868739 6.20984 4.694108
v -0.1890101 6.178595 4.690834
v -0.1890101 5.902658 4.690834
v -0.1346374 5.902658 4.774141
v -0.109489 6.287422 4.812669
v -0.1200938 6.300512 4.796422
v -0.09707022 6.266178 4.831697
v -0.087605 6.240081 4.846199
v -0.08239889 6.209842 4.854176
v -0.08026361 6.178595 4.857449
v -0.08026361 5.902658 4.857449
v -0.2113547 5.76406 4.649297
v -0.1474185 5.76406 4.363438
v -0.1474185 6.429688 4.363437
v -0.2113547 6.429688 4.649297
v 0.3155189 6.264677 4.916836
v 0.332891 6.284825 4.904087
v 0.3477244 6.297241 4.893201
v 0.3680682 6.2678 4.878273
v 0.3680682 6.212059 4.878273
v 0.3680682 6.302604 4.878272
v 0.388412 6.297239 4.863343
v 0.4032452 6.284824 4.852458
v 0.4206192 6.264677 4.839708
v 0.4338582 6.239929 4.82999
v 0.4411404 6.211251 4.824647
v 0.2949967 6.21125 4.931896
v 0.302279 6.239929 4.926554
v 0.2920089 5.919929 4.93409
v 0.2920089 6.181617 4.93409
v 0.3680692 5.919929 4.878271
v 0.4441273 5.919929 4.822454
v 0.4441273 6.181617 4.822454
v -0.06299448 6.503703 4.834147
v -0.162396 6.504057 4.68583
v -0.1728272 6.696938 4.689395
v -0.07025194 6.697199 4.842471
v 0.09913969 6.503476 4.913894
v -0.09304285 6.876859 4.662973
v 0.09699106 6.697365 4.924736
v 0.2797065 6.503634 4.902076
v -0.01424742 6.87738 4.779764
v 0.0711894 6.977075 4.608274
v 0.2832389 6.697249 4.912541
v 0.4286187 6.503994 4.802718
v 0.1001925 6.977168 4.651034
v 0.1664367 6.990353 4.576622
v 0.1134572 6.8777 4.842285
v 0.4368985 6.696985 4.810002
v 0.5069706 6.504191 4.643907
v 0.1470351 6.977225 4.673886
v 0.2555118 6.877479 4.833167
v 0.5177777 6.696839 4.646055
v 0.49527 6.504057 4.467414
v 0.5057013 6.696938 4.463849
v 0.1991057 6.977186 4.670596
v 0.3731894 6.876955 4.755173
v 0.4353411 6.876654 4.629774
v 0.425916 6.876859 4.490273
v 0.2423282 6.977091 4.642099
v 0.2651935 6.977036 4.596138
v 0.2616839 6.977075 4.544972
v 0.3958688 6.503703 4.319097
v 0.49527 6.504057 4.467414
v 0.5057013 6.696938 4.463849
v 0.403126 6.697199 4.310775
v 0.2337337 6.503476 4.239352
v 0.425916 6.876859 4.490273
v 0.2358832 6.697365 4.228507
v 0.05316687 6.503634 4.25117
v 0.3471217 6.87738 4.373481
v 0.2616839 6.977075 4.544972
v 0.04963541 6.697249 4.240704
v -0.09574461 6.503994 4.350528
v 0.2326818 6.977168 4.50221
v 0.1664367 6.990353 4.576622
v 0.2194161 6.8777 4.310961
v -0.1040254 6.696985 4.343243
v -0.1740975 6.504191 4.509339
v 0.1858382 6.977225 4.479358
v 0.07736349 6.877479 4.320077
v -0.1849036 6.696839 4.50719
v -0.162396 6.504057 4.68583
v -0.1728272 6.696938 4.689395
v 0.1337676 6.977186 4.48265
v -0.04031515 6.876955 4.398071
v -0.1024671 6.876654 4.523471
v -0.09304285 6.876859 4.662973
v 0.09054518 6.977091 4.511146
v 0.06767988 6.977036 4.557108
v 0.0711894 6.977075 4.608274
v 0.1876097 7.07246 4.561032
v 0.1897001 7.073668 4.583085
v 0.2082434 7.114997 4.591183
v 0.2055354 7.114958 4.551105
v 0.2172818 7.164457 4.595722
v 0.2138252 7.164331 4.545392
v 0.2172108 7.222307 4.595676
v 0.2137671 7.222419 4.545449
v 0.2082257 7.269948 4.591227
v 0.2054319 7.270174 4.55107
v 0.1897149 7.35139 4.582188
v 0.1882372 7.35169 4.562413
v 0.1690707 7.070527 4.552829
v 0.1876097 7.07246 4.561032
v 0.2055354 7.114958 4.551105
v 0.1669135 7.114816 4.532259
v 0.2138252 7.164331 4.545392
v 0.1663184 7.16415 4.522232
v 0.2137671 7.222419 4.545449
v 0.166317 7.222581 4.522309
v 0.2054319 7.270174 4.55107
v 0.1669626 7.270528 4.532382
v 0.1882372 7.35169 4.562413
v 0.1683784 7.35214 4.552921
v 0.2082257 7.269948 4.591227
v 0.1719046 7.352143 4.593567
v 0.1897149 7.35139 4.582188
v 0.1733189 7.270528 4.614108
v 0.2172108 7.222307 4.595676
v 0.173964 7.22258 4.62418
v 0.2172818 7.164457 4.595722
v 0.173964 7.16415 4.624259
v 0.2082434 7.114997 4.591183
v 0.1733675 7.114816 4.61423
v 0.1897001 7.073668 4.583085
v 0.1712108 7.07052 4.593657
v 0.1733189 7.270528 4.614108
v 0.1520472 7.35169 4.584076
v 0.1719046 7.352143 4.593567
v 0.1348491 7.270174 4.595417
v 0.173964 7.22258 4.62418
v 0.126514 7.222419 4.601038
v 0.173964 7.16415 4.624259
v 0.1264558 7.164331 4.601097
v 0.1733675 7.114816 4.61423
v 0.1347489 7.114958 4.595383
v 0.1712108 7.07052 4.593657
v 0.1526742 7.072464 4.585458
v 0.1348491 7.270174 4.595417
v 0.1505694 7.35139 4.5643
v 0.1520472 7.35169 4.584076
v 0.1320586 7.269948 4.555262
v 0.126514 7.222419 4.601038
v 0.1230736 7.222307 4.550813
v 0.1264558 7.164331 4.601097
v 0.1229997 7.164457 4.550767
v 0.1347489 7.114958 4.595383
v 0.1320395 7.114997 4.555305
v 0.1526742 7.072464 4.585458
v 0.1505795 7.073676 4.563402
v 0.1320586 7.269948 4.555262
v 0.1683784 7.35214 4.552921
v 0.1505694 7.35139 4.5643
v 0.1669626 7.270528 4.532382
v 0.1230736 7.222307 4.550813
v 0.166317 7.222581 4.522309
v 0.1229997 7.164457 4.550767
v 0.1663184 7.16415 4.522232
v 0.1320395 7.114997 4.555305
v 0.1669135 7.114816 4.532259
v 0.1505795 7.073676 4.563402
v 0.1690707 7.070527 4.552829
v 0.2109761 7.140453 4.530283
v 0.2311811 7.139864 4.585082
v 0.1701403 7.158388 4.573244
v 0.1910849 7.14053 4.628263
v 0.2687616 7.09832 4.592461
v 0.1293035 7.140453 4.616204
v 0.2036624 7.099319 4.663443
v 0.2821503 7.044246 4.595104
v 0.2081647 7.044246 4.676342
v 0.2687616 6.99018 4.592461
v 0.2036624 6.989177 4.663443
v 0.2311811 6.948632 4.585082
v 0.1041093 7.099203 4.643938
v 0.1091022 7.139864 4.561406
v 0.2081647 7.044246 4.676342
v 0.07151794 7.09832 4.554027
v 0.09500647 7.044246 4.65413
v 0.09500647 7.044246 4.65413
v 0.05813217 7.044246 4.551389
v 0.1041093 6.989294 4.643938
v 0.07151794 6.99018 4.554027
v 0.1910849 6.947966 4.628263
v 0.1293035 6.948043 4.616204
v 0.1091022 6.948632 4.561406
v 0.1701403 6.930111 4.573244
v 0.2109761 6.948043 4.530283
v 0.2109761 6.948043 4.530283
v 0.2311811 6.948632 4.585082
v 0.2687616 6.99018 4.592461
v 0.2361732 6.989294 4.50255
v 0.2821503 7.044246 4.595104
v 0.245275 7.044246 4.49236
v 0.2687616 7.09832 4.592461
v 0.2361732 7.099203 4.50255
v 0.2311811 7.139864 4.585082
v 0.2109761 7.140453 4.530283
v 0.1491981 6.947966 4.518226
v 0.1701403 6.930111 4.573244
v 0.1366186 6.98918 4.483047
v 0.245275 7.044246 4.49236
v 0.1091022 6.948632 4.561406
v 0.1293035 6.948043 4.616204
v 0.07151794 6.99018 4.554027
v 0.1321163 7.044246 4.470149
v 0.1321163 7.044246 4.470149
v 0.05813217 7.044246 4.551389
v 0.1366186 7.099316 4.483047
v 0.07151794 7.09832 4.554027
v 0.1491981 7.14053 4.518226
v 0.1701403 7.158388 4.573244
v 0.1091022 7.139864 4.561406
v 0.1293035 7.140453 4.616204
v 0.5624077 6.509646 4.812267
v 0.3186431 6.529484 4.478152
v 0.6197217 6.509682 4.523705
v 0.2667041 6.529484 4.739758
v 0.2237229 6.509308 5.038352
v 0.004993916 6.529484 4.687808
v -0.0697484 6.509346 4.980132
v -0.2960849 6.509682 4.642253
v 0.004993916 6.529484 4.687808
v -0.2960849 6.509682 4.642253
v -0.2387681 6.509646 4.353693
v 0.05693388 6.529484 4.426201
v 0.2667041 6.529484 4.739758
v 0.2466516 6.509327 4.156718
v 0.3186431 6.529484 4.478152
v -0.2966943 6.397984 4.642567
v -0.2391591 6.39807 4.353267
v -0.2387681 6.509646 4.353693
v -0.2960849 6.509682 4.642253
v -0.2391591 6.39807 4.353267
v 0.2465944 6.398826 4.157225
v 0.2466516 6.509327 4.156718
v -0.2387681 6.509646 4.353693
v 0.2465944 6.398826 4.157225
v 0.620333 6.397984 4.523393
v 0.6197217 6.509682 4.523705
v 0.2466516 6.509327 4.156718
v 0.620333 6.397984 4.523393
v 0.5624077 6.509646 4.812267
v 0.6197217 6.509682 4.523705
v 0.5627978 6.39807 4.812694
v 0.2237229 6.509308 5.038352
v 0.2243018 6.398877 5.03791
v -0.0697484 6.509346 4.980132
v -0.07021379 6.398777 4.97956
v -0.2960849 6.509682 4.642253
v -0.2966943 6.397984 4.642567
v -0.7020605 0.81403 -4.282281
v -0.6716492 0.8140471 -4.990819
v -0.6576312 1.80296 -4.974827
v -0.6839125 1.803015 -4.29353
v 0.1747479 5.796487 -4.643062
v 0.2601686 5.797984 -4.655785
v 0.2123551 5.797987 -4.415033
v 0.138267 5.796488 -4.459268
v 0.02044058 5.798028 -4.261127
v -0.007736683 5.796489 -4.341936
v -0.2261872 5.798039 -4.266466
v -0.1949191 5.79649 -4.345937
v -0.4115491 5.798 -4.428664
v -0.3357329 5.796488 -4.469394
v 0.2737603 4.80586 -4.378426
v 0.401026 4.89741 -4.676448
v 0.3309398 4.805873 -4.666287
v 0.3346677 4.89738 -4.342473
v 0.04384661 4.805722 -4.194185
v 0.3971226 4.996727 -4.67586
v 0.06720781 4.897092 -4.128364
v -0.25213 4.805686 -4.20062
v 0.3312821 4.996767 -4.344502
v 0.3231091 5.083041 -4.665139
v 0.2669644 5.083049 -4.382455
v 0.06591082 4.99715 -4.132105
v 0.04126787 5.083148 -4.201505
v -0.2778125 4.897022 -4.135907
v -0.4743953 4.805817 -4.394973
v -0.536674 4.897288 -4.362046
v -0.2763667 4.997244 -4.139596
v -0.2492871 5.083176 -4.207805
v -0.5331969 4.996891 -4.363925
v -0.4674611 5.08308 -4.398663
v 0.3161283 3.620418 -4.352599
v 0.4333146 3.663899 -4.68159
v 0.3799539 3.620431 -4.673943
v 0.3625207 3.663846 -4.325345
v 0.05971861 3.620298 -4.147056
v 0.4500391 3.802078 -4.683987
v 0.07751989 3.663333 -4.097303
v -0.2700753 3.620267 -4.15421
v 0.3770881 3.802112 -4.316789
v 0.3727727 3.899917 -4.672898
v 0.309895 3.899925 -4.356282
v 0.08319902 3.802448 -4.081432
v 0.05734777 3.90001 -4.153746
v -0.2895503 3.663208 -4.105346
v -0.5178437 3.620381 -4.370933
v -0.565208 3.663681 -4.346065
v -0.2957835 3.802532 -4.089702
v -0.2674708 3.900032 -4.160775
v -0.5801597 3.802219 -4.338216
v -0.5114856 3.899952 -4.374299
v -0.5679946 3.620444 -4.694865
v -0.565208 3.663681 -4.346065
v -0.5178437 3.620381 -4.370933
v -0.6210072 3.663964 -4.705277
v -0.3977895 3.620362 -4.975173
v -0.5801597 3.802219 -4.338216
v -0.4319968 3.663596 -5.016102
v -0.6375897 3.802036 -4.708533
v -0.5114856 3.899952 -4.374299
v -0.442822 3.802273 -5.029052
v -0.5608563 3.899908 -4.69346
v -0.3932109 3.899964 -4.969655
v -0.5193524 4.80589 -4.685191
v -0.536674 4.897288 -4.362046
v -0.4743953 4.805817 -4.394973
v -0.5889468 4.897447 -4.698882
v -0.3668141 4.805794 -4.93634
v -0.5331969 4.996891 -4.363925
v -0.411736 4.897241 -4.990422
v -0.5850759 4.996679 -4.698117
v -0.4674611 5.08308 -4.398663
v -0.4092383 4.996953 -4.987355
v -0.5115695 5.083029 -4.683658
v -0.3618274 5.083096 -4.930303
v -0.3932109 3.899964 -4.969655
v 0.4500391 3.802078 -4.683987
v 0.3727727 3.899917 -4.672898
v -0.442822 3.802273 -5.029052
v 0.4333146 3.663899 -4.68159
v -0.4319968 3.663596 -5.016102
v 0.3799539 3.620431 -4.673943
v -0.3977895 3.620362 -4.975173
v -0.4115491 5.798 -4.428664
v -0.4620233 5.773452 -4.402425
v -0.5055413 5.773263 -4.682386
v -0.4490905 5.797979 -4.671323
v -0.3581824 5.773509 -4.92464
v -0.3216367 5.798007 -4.881294
v 0.3169856 5.773305 -4.663797
v 0.3449206 5.650619 -4.667776
v 0.3169856 5.773305 -4.663797
v -0.3581824 5.773509 -4.92464
v -0.3762078 5.650456 -4.946142
v 0.2658849 5.568032 -4.656583
v -0.3253131 5.567996 -4.885633
v -0.3193717 5.076273 -4.877135
v 0.3231091 5.083041 -4.665139
v 0.2562165 5.076096 -4.654696
v -0.3618274 5.083096 -4.930303
v -0.4452367 5.07606 -4.670465
v -0.5115695 5.083029 -4.683658
v -0.4079976 5.076224 -4.431535
v -0.4674611 5.08308 -4.398663
v 0.3309398 4.805873 -4.666287
v -0.411736 4.897241 -4.990422
v -0.3668141 4.805794 -4.93634
v 0.401026 4.89741 -4.676448
v -0.4092383 4.996953 -4.987355
v 0.3971226 4.996727 -4.67586
v -0.3618274 5.083096 -4.930303
v 0.3231091 5.083041 -4.665139
v -0.4547725 5.568039 -4.672435
v -0.4869256 5.650502 -4.389397
v -0.4166217 5.568005 -4.426041
v -0.5332618 5.650654 -4.687826
v -0.3253131 5.567996 -4.885633
v -0.3762078 5.650456 -4.946142
v -0.4166217 5.568005 -4.426041
v -0.4869256 5.650502 -4.389397
v -0.2572694 5.650244 -4.188833
v -0.2282662 5.567944 -4.261295
v 0.04896307 5.650313 -4.182123
v 0.02236223 5.567961 -4.255857
v 0.2861333 5.650591 -4.371925
v 0.2173314 5.568026 -4.412141
v 0.3449206 5.650619 -4.667776
v 0.2658849 5.568032 -4.656583
v -0.4869256 5.650502 -4.389397
v -0.4620233 5.773452 -4.402425
v -0.2469525 5.773769 -4.214679
v -0.2572694 5.650244 -4.188833
v 0.03953409 5.773685 -4.208389
v 0.04896307 5.650313 -4.182123
v 0.2618108 5.773342 -4.386177
v 0.2861333 5.650591 -4.371925
v 0.3449206 5.650619 -4.667776
v 0.3169856 5.773305 -4.663797
v -0.3762078 5.650456 -4.946142
v -0.3581824 5.773509 -4.92464
v -0.5055413 5.773263 -4.682386
v -0.5332618 5.650654 -4.687826
v -0.4620233 5.773452 -4.402425
v -0.4869256 5.650502 -4.389397
v -0.2261872 5.798039 -4.266466
v -0.4620233 5.773452 -4.402425
v -0.4115491 5.798 -4.428664
v -0.2469525 5.773769 -4.214679
v 0.02044058 5.798028 -4.261127
v 0.03953409 5.773685 -4.208389
v 0.2123551 5.797987 -4.415033
v 0.2618108 5.773342 -4.386177
v 0.2601686 5.797984 -4.655785
v 0.3169856 5.773305 -4.663797
v -4.192373 5.376808 0.0635097
v -4.834466 5.459232 -0.2260497
v -4.783571 5.376771 -0.1655409
v -4.113337 5.459395 0.0523169
v -4.81644 5.582284 -0.2045472
v -4.141272 5.582081 0.0562961
v 0.3085227 3.89213 -4.662765
v 0.3727727 3.899917 -4.672898
v 0.309895 3.899925 -4.356282
v 0.2543588 3.89216 -4.39028
v 0.05734777 3.90001 -4.153746
v 0.03644419 3.892471 -4.216134
v -0.2674708 3.900032 -4.160775
v -0.2437263 3.892553 -4.222319
v -0.5114856 3.899952 -4.374299
v -0.45439 3.892256 -4.406063
v -0.3974528 5.574381 -4.660961
v -0.4166217 5.568005 -4.426041
v -0.3653512 5.574212 -4.455165
v -0.4547725 5.568039 -4.672435
v -0.2889857 5.57416 -4.838996
v -0.3253131 5.567996 -4.885633
v 0.2658849 5.568032 -4.656583
v 0.2080731 5.574343 -4.647163
v -0.2245612 5.07652 -4.271655
v -0.4674611 5.08308 -4.398663
v -0.4079976 5.076224 -4.431535
v -0.2492871 5.083176 -4.207805
v 0.01940966 5.076439 -4.266246
v 0.04126787 5.083148 -4.201505
v 0.2091012 5.076127 -4.417718
v 0.2669644 5.083049 -4.382455
v 0.2562165 5.076096 -4.654696
v 0.3231091 5.083041 -4.665139
v 0.2162614 4.809059 -4.413552
v 0.3309398 4.805873 -4.666287
v 0.2644277 4.809091 -4.655844
v 0.2737603 4.80586 -4.378426
v 0.02222013 4.80872 -4.258542
v 0.04384661 4.805722 -4.194185
v -0.2276149 4.80863 -4.26407
v -0.25213 4.805686 -4.20062
v -0.4153333 4.808954 -4.427741
v -0.4743953 4.805817 -4.394973
v 0.260798 3.624951 -4.386537
v 0.3799539 3.620431 -4.673943
v 0.315907 3.624985 -4.663795
v 0.3161283 3.620418 -4.352599
v 0.03897142 3.624616 -4.20921
v 0.05971861 3.620298 -4.147056
v -0.2464728 3.624528 -4.215501
v -0.2700753 3.620267 -4.15421
v -0.4609885 3.624848 -4.402656
v -0.5178437 3.620381 -4.370933
v -0.5044751 3.625024 -4.682204
v -0.5178437 3.620381 -4.370933
v -0.4609885 3.624848 -4.402656
v -0.5679946 3.620444 -4.694865
v -0.3573127 3.624793 -4.924051
v -0.3977895 3.620362 -4.975173
v 0.3799539 3.620431 -4.673943
v 0.315907 3.624985 -4.663795
v 0.1674981 5.574312 -4.443101
v 0.2658849 5.568032 -4.656583
v 0.2080731 5.574343 -4.647163
v 0.2173314 5.568026 -4.412141
v 0.003862858 5.573987 -4.3125
v 0.02236223 5.567961 -4.255857
v -0.2069697 5.573903 -4.31719
v -0.2282662 5.567944 -4.261295
v -0.3653512 5.574212 -4.455165
v -0.4166217 5.568005 -4.426041
v -0.3357329 5.796488 -4.469394
v -0.4115491 5.798 -4.428664
v -0.4490905 5.797979 -4.671323
v -0.3642793 5.796487 -4.654575
v -0.3216367 5.798007 -4.881294
v -0.2671752 5.796488 -4.814801
v 0.3169856 5.773305 -4.663797
v 0.3772645 1.897785 -4.672701
v 0.260798 3.624951 -4.386537
v 0.315907 3.624985 -4.663795
v 0.3141541 1.897791 -4.355029
v 0.03897142 3.624616 -4.20921
v 0.05959368 1.89785 -4.151162
v -0.2464728 3.624528 -4.215501
v -0.269177 1.897865 -4.158335
v -0.4609885 3.624848 -4.402656
v -0.5156646 1.89781 -4.373742
v -0.3525167 3.892306 -4.918399
v 0.3727727 3.899917 -4.672898
v 0.3085227 3.89213 -4.662765
v -0.3932109 3.899964 -4.969655
v -0.497149 3.892093 -4.68077
v -0.5608563 3.899908 -4.69346
v -0.45439 3.892256 -4.406063
v -0.5114856 3.899952 -4.374299
v -0.4533839 4.80913 -4.67206
v -0.4743953 4.805817 -4.394973
v -0.4153333 4.808954 -4.427741
v -0.5193524 4.80589 -4.685191
v -0.3247008 4.808899 -4.883428
v -0.3668141 4.805794 -4.93634
v 0.3309398 4.805873 -4.666287
v 0.2644277 4.809091 -4.655844
v -0.3653512 5.574212 -4.455165
v -0.2245612 5.07652 -4.271655
v -0.4079976 5.076224 -4.431535
v -0.2069697 5.573903 -4.31719
v 0.01940966 5.076439 -4.266246
v 0.003862858 5.573987 -4.3125
v 0.2091012 5.076127 -4.417718
v 0.1674981 5.574312 -4.443101
v 0.2562165 5.076096 -4.654696
v 0.2080731 5.574343 -4.647163
v -0.5044751 3.625024 -4.682204
v -0.4609885 3.624848 -4.402656
v -0.5156646 1.89781 -4.373742
v -0.5653539 1.897778 -4.694182
v -0.3573127 3.624793 -4.924051
v -0.3967957 1.897818 -4.971581
v -0.3974528 5.574381 -4.660961
v -0.3653512 5.574212 -4.455165
v -0.4079976 5.076224 -4.431535
v -0.4452367 5.07606 -4.670465
v -0.2889857 5.57416 -4.838996
v -0.3193717 5.076273 -4.877135
v 0.3085227 3.89213 -4.662765
v 0.2162614 4.809059 -4.413552
v 0.2644277 4.809091 -4.655844
v 0.2543588 3.89216 -4.39028
v 0.02222013 4.80872 -4.258542
v 0.03644419 3.892471 -4.216134
v -0.2276149 4.80863 -4.26407
v -0.2437263 3.892553 -4.222319
v -0.4153333 4.808954 -4.427741
v -0.45439 3.892256 -4.406063
v -0.3247008 4.808899 -4.883428
v -0.497149 3.892093 -4.68077
v -0.3525167 3.892306 -4.918399
v -0.4533839 4.80913 -4.67206
v -0.45439 3.892256 -4.406063
v -0.4153333 4.808954 -4.427741
v -0.698395 1.981001 -5.001622
v 0.6011279 1.980977 -4.711048
v -0.01657915 2.038724 -4.800488
v 0.6289475 1.930215 -4.712537
v -0.7223909 1.930329 -5.015593
v 0.6317542 1.870182 -4.712358
v -0.7255681 1.861721 -5.01657
v -0.7046282 1.809656 -5.004848
v 0.6079009 1.818066 -4.711168
v -0.3078504 2.038725 -4.43931
v -0.01657915 2.038724 -4.800488
v 0.1146379 2.038725 -4.355437
v 0.1278806 1.98079 -3.923205
v -0.341145 1.980821 -3.942685
v -0.7307632 1.981004 -4.2802
v 0.5036128 1.980976 -4.261134
v 0.6011279 1.980977 -4.711048
v -0.01657915 2.038724 -4.800488
v -0.698395 1.981001 -5.001622
v -0.7307632 1.981004 -4.2802
v -0.75792 1.930295 -4.273974
v -0.7223909 1.930329 -5.015593
v -0.7612231 1.861743 -4.27396
v -0.7255681 1.861721 -5.01657
v -0.7376873 1.809659 -4.278968
v -0.7046282 1.809656 -5.004848
v -0.6576312 1.80296 -4.974827
v 0.5523703 1.811184 -4.705925
v 0.6079009 1.818066 -4.711168
v -0.7046282 1.809656 -5.004848
v -0.6839125 1.803015 -4.29353
v -0.7376873 1.809659 -4.278968
v 0.5036128 1.980976 -4.261134
v 0.6011279 1.980977 -4.711048
v 0.6289475 1.930215 -4.712537
v 0.5276339 1.930251 -4.247199
v 0.6317542 1.870182 -4.712358
v 0.1375241 1.930194 -3.898617
v 0.1278806 1.98079 -3.923205
v -0.341145 1.980821 -3.942685
v 0.5302098 1.87016 -4.24607
v 0.6079009 1.818066 -4.711168
v 0.5095675 1.818064 -4.257943
v 0.1379113 1.867092 -3.895843
v 0.1299996 1.815095 -3.917142
v -0.3486857 1.930216 -3.917269
v -0.7307632 1.981004 -4.2802
v -0.75792 1.930295 -4.273974
v -0.3497767 1.864324 -3.914536
v -0.3429608 1.812303 -3.936378
v -0.7612231 1.861743 -4.27396
v -0.7376873 1.809659 -4.278968
v -0.7307632 1.981004 -4.2802
v -0.698395 1.981001 -5.001622
v -0.01657915 2.038724 -4.800488
v -0.3078504 2.038725 -4.43931
v 0.5523703 1.811184 -4.705925
v 0.5095675 1.818064 -4.257943
v 0.6079009 1.818066 -4.711168
v 0.4625275 1.81113 -4.288014
v 0.1299996 1.815095 -3.917142
v 0.1096358 1.807987 -3.968442
v -0.3429608 1.812303 -3.936378
v -0.3269372 1.805311 -3.989129
v -0.7376873 1.809659 -4.278968
v -0.6839125 1.803015 -4.29353
v -0.328095 0.8176523 -3.943854
v -0.7020605 0.81403 -4.282281
v -0.6839125 1.803015 -4.29353
v -0.3269372 1.805311 -3.989129
v 0.114635 0.8176733 -3.923298
v 0.1096358 1.807987 -3.968442
v 0.4768507 0.8140472 -4.271935
v 0.4625275 1.81113 -4.288014
v 0.5724709 0.8140286 -4.713861
v 0.5523703 1.811184 -4.705925
v -0.05374098 7.455592 -4.644811
v -0.03492212 7.455007 -4.594112
v -0.0916934 7.472415 -4.605104
v -0.0721674 7.455667 -4.554197
v -0.0006213188 7.416728 -4.587386
v -0.1296458 7.455592 -4.565401
v -0.06067038 7.417711 -4.522182
v 0.01154709 7.36722 -4.584986
v -0.05657482 7.36722 -4.510467
v -0.0006213188 7.317708 -4.587386
v -0.06067038 7.316729 -4.522182
v -0.03492212 7.27943 -4.594112
v -0.1526308 7.417601 -4.540174
v -0.1484637 7.455007 -4.6161
v -0.05657482 7.36722 -4.510467
v -0.1827621 7.416728 -4.622828
v -0.1609049 7.36722 -4.530924
v -0.1609049 7.36722 -4.530924
v -0.1949306 7.36722 -4.625226
v -0.1526308 7.316842 -4.540174
v -0.1827621 7.317708 -4.622828
v -0.0721674 7.27877 -4.554197
v -0.1296458 7.278848 -4.565401
v -0.1484637 7.27943 -4.6161
v -0.0916934 7.262025 -4.605104
v -0.05374098 7.278848 -4.644811
v -0.05374098 7.278848 -4.644811
v -0.03492212 7.27943 -4.594112
v -0.0006213188 7.317708 -4.587386
v -0.03075266 7.316842 -4.670038
v 0.01154709 7.36722 -4.584986
v -0.02247667 7.36722 -4.679287
v -0.0006213188 7.416728 -4.587386
v -0.03075266 7.417601 -4.670038
v -0.03492212 7.455007 -4.594112
v -0.05374098 7.455592 -4.644811
v -0.1112194 7.27877 -4.656016
v -0.0916934 7.262025 -4.605104
v -0.1227136 7.316729 -4.688032
v -0.02247667 7.36722 -4.679287
v -0.1484637 7.27943 -4.6161
v -0.1296458 7.278848 -4.565401
v -0.1827621 7.317708 -4.622828
v -0.1268101 7.36722 -4.699747
v -0.1268101 7.36722 -4.699747
v -0.1949306 7.36722 -4.625226
v -0.1227136 7.417714 -4.688032
v -0.1827621 7.416728 -4.622828
v -0.1112175 7.45567 -4.656016
v -0.0916934 7.472415 -4.605104
v -0.1484637 7.455007 -4.6161
v -0.1296458 7.455592 -4.565401
v -0.3113379 5.764059 -4.283811
v -0.4731889 5.764059 -4.529054
v -0.4731889 6.429686 -4.529054
v -0.3113379 6.429686 -4.283811
v -0.02011442 5.764059 -4.227537
v -0.02011442 6.429686 -4.227537
v 0.2196488 5.764059 -4.391481
v 0.2196488 6.429686 -4.391481
v 0.2715907 5.764059 -4.674356
v 0.2715907 6.429686 -4.674356
v -0.421618 6.28742 -4.442737
v -0.4110131 6.30051 -4.426491
v -0.3964715 6.306168 -4.404209
v -0.3964705 6.269468 -4.404209
v -0.4340367 6.266176 -4.461765
v -0.4435029 6.240079 -4.476266
v -0.3964715 6.210691 -4.404209
v -0.4487081 6.209838 -4.484243
v -0.4508443 6.178593 -4.487517
v -0.4508443 5.902656 -4.487517
v -0.3964715 5.902656 -4.404209
v -0.3713231 6.28742 -4.365682
v -0.381928 6.30051 -4.381929
v -0.3589044 6.266176 -4.346653
v -0.3494391 6.240079 -4.332151
v -0.344233 6.20984 -4.324174
v -0.3420978 6.178593 -4.320901
v -0.3420978 5.902656 -4.320901
v -0.4731889 5.764059 -4.529054
v -0.4092526 5.764059 -4.814912
v -0.4092526 6.429686 -4.814913
v -0.4731889 6.429686 -4.529054
v 0.05368471 6.264675 -4.261514
v 0.07105684 6.284823 -4.274263
v 0.08589029 6.297239 -4.28515
v 0.1062341 6.267798 -4.300078
v 0.1062341 6.212057 -4.300077
v 0.1062341 6.302602 -4.300079
v 0.1265779 6.297237 -4.315008
v 0.1414113 6.284822 -4.325893
v 0.1587853 6.264675 -4.338643
v 0.1720243 6.239927 -4.34836
v 0.1793065 6.211249 -4.353703
v 0.03316259 6.211248 -4.246454
v 0.04044485 6.239927 -4.251796
v 0.03017473 5.919927 -4.24426
v 0.03017473 6.181615 -4.24426
v 0.106235 5.919927 -4.300079
v 0.1822934 5.919927 -4.355896
v 0.1822934 6.181615 -4.355896
v -0.3248286 6.503701 -4.344203
v -0.4242301 6.504056 -4.492521
v -0.4346614 6.696936 -4.488955
v -0.3320861 6.697197 -4.33588
v -0.1626945 6.503474 -4.264457
v -0.354877 6.876857 -4.515378
v -0.1648431 6.697363 -4.253614
v 0.01787233 6.503632 -4.276275
v -0.2760816 6.877378 -4.398587
v -0.1906447 6.977073 -4.570077
v 0.02140474 6.697247 -4.26581
v 0.1667848 6.503993 -4.375633
v -0.1616416 6.977166 -4.527317
v -0.09539747 6.990351 -4.601728
v -0.1483769 6.877698 -4.336066
v 0.1750646 6.696983 -4.368349
v 0.2451367 6.504189 -4.534444
v -0.114799 6.977223 -4.504465
v -0.006322384 6.877477 -4.345184
v 0.2559438 6.696837 -4.532295
v 0.2334361 6.504056 -4.710936
v 0.2438674 6.696936 -4.714502
v -0.0627284 6.977184 -4.507755
v 0.1113553 6.876953 -4.423177
v 0.1735072 6.876652 -4.548576
v 0.1640821 6.876857 -4.688077
v -0.01950598 6.977089 -4.536251
v 0.003359318 6.977034 -4.582213
v -0.0001502037 6.977073 -4.633379
v 0.1340346 6.503701 -4.859253
v 0.2334361 6.504056 -4.710936
v 0.2438674 6.696936 -4.714502
v 0.1412921 6.697197 -4.867576
v -0.02810049 6.503474 -4.938999
v 0.1640821 6.876857 -4.688077
v -0.02595091 6.697363 -4.949844
v -0.2086673 6.503632 -4.927181
v 0.08528757 6.877378 -4.804869
v -0.0001502037 6.977073 -4.633379
v -0.2121987 6.697247 -4.937646
v -0.3575788 6.503993 -4.827822
v -0.02915239 6.977166 -4.676141
v -0.09539747 6.990351 -4.601728
v -0.042418 6.877698 -4.867389
v -0.3658595 6.696983 -4.835107
v -0.4359317 6.504189 -4.669012
v -0.07599592 6.977223 -4.698992
v -0.1844707 6.877477 -4.858273
v -0.4467378 6.696837 -4.671161
v -0.4242301 6.504056 -4.492521
v -0.4346614 6.696936 -4.488955
v -0.1280665 6.977184 -4.695701
v -0.3021493 6.876953 -4.780279
v -0.3643012 6.876652 -4.65488
v -0.354877 6.876857 -4.515378
v -0.171289 6.977089 -4.667205
v -0.1941543 6.977034 -4.621242
v -0.1906447 6.977073 -4.570077
v -0.07422447 7.072459 -4.617319
v -0.07213402 7.073666 -4.595266
v -0.05359077 7.114995 -4.587167
v -0.05629873 7.114957 -4.627246
v -0.04455233 7.164456 -4.582628
v -0.04800892 7.164329 -4.632959
v -0.04462337 7.222306 -4.582675
v -0.04806709 7.222418 -4.632902
v -0.05360842 7.269948 -4.587123
v -0.05640221 7.270173 -4.627281
v -0.07211924 7.351389 -4.596162
v -0.07359695 7.351688 -4.615938
v -0.09276342 7.070526 -4.625521
v -0.07422447 7.072459 -4.617319
v -0.05629873 7.114957 -4.627246
v -0.09492064 7.114815 -4.646091
v -0.04800892 7.164329 -4.632959
v -0.09551573 7.164148 -4.656118
v -0.04806709 7.222418 -4.632902
v -0.09551716 7.222579 -4.656042
v -0.05640221 7.270173 -4.627281
v -0.09487152 7.270526 -4.645969
v -0.07359695 7.351688 -4.615938
v -0.09345579 7.352138 -4.625429
v -0.05360842 7.269948 -4.587123
v -0.08992958 7.352141 -4.584783
v -0.07211924 7.351389 -4.596162
v -0.08851528 7.270526 -4.564243
v -0.04462337 7.222306 -4.582675
v -0.08787012 7.222579 -4.55417
v -0.04455233 7.164456 -4.582628
v -0.08787012 7.164148 -4.554092
v -0.05359077 7.114995 -4.587167
v -0.08846664 7.114815 -4.564121
v -0.07213402 7.073666 -4.595266
v -0.09062338 7.070519 -4.584693
v -0.08851528 7.270526 -4.564243
v -0.109787 7.351688 -4.594274
v -0.08992958 7.352141 -4.584783
v -0.1269851 7.270173 -4.582933
v -0.08787012 7.222579 -4.55417
v -0.1353202 7.222418 -4.577313
v -0.08787012 7.164148 -4.554092
v -0.1353784 7.164329 -4.577254
v -0.08846664 7.114815 -4.564121
v -0.1270852 7.114957 -4.582967
v -0.09062338 7.070519 -4.584693
v -0.1091599 7.072462 -4.592892
v -0.1269851 7.270173 -4.582933
v -0.1112647 7.351389 -4.61405
v -0.109787 7.351688 -4.594274
v -0.1297755 7.269948 -4.623088
v -0.1353202 7.222418 -4.577313
v -0.1387606 7.222306 -4.627537
v -0.1353784 7.164329 -4.577254
v -0.1388345 7.164456 -4.627583
v -0.1270852 7.114957 -4.582967
v -0.1297946 7.114995 -4.623044
v -0.1091599 7.072462 -4.592892
v -0.1112547 7.073674 -4.614948
v -0.1297755 7.269948 -4.623088
v -0.09345579 7.352138 -4.625429
v -0.1112647 7.351389 -4.61405
v -0.09487152 7.270526 -4.645969
v -0.1387606 7.222306 -4.627537
v -0.09551716 7.222579 -4.656042
v -0.1388345 7.164456 -4.627583
v -0.09551573 7.164148 -4.656118
v -0.1297946 7.114995 -4.623044
v -0.09492064 7.114815 -4.646091
v -0.1112547 7.073674 -4.614948
v -0.09276342 7.070526 -4.625521
v -0.05085802 7.140451 -4.648067
v -0.030653 7.139863 -4.593269
v -0.09169388 7.158387 -4.605106
v -0.07074928 7.140529 -4.550086
v 0.00692749 7.098319 -4.585889
v -0.1325307 7.140451 -4.562147
v -0.05817175 7.099317 -4.514907
v 0.02031612 7.044245 -4.583247
v -0.05366945 7.044245 -4.502008
v 0.00692749 6.990179 -4.585889
v -0.05817175 6.989176 -4.514907
v -0.030653 6.94863 -4.593269
v -0.1577249 7.099202 -4.534413
v -0.1527319 7.139863 -4.616945
v -0.05366945 7.044245 -4.502008
v -0.1903162 7.098319 -4.624323
v -0.1668277 7.044245 -4.524221
v -0.1668277 7.044245 -4.524221
v -0.203702 7.044245 -4.626962
v -0.1577249 6.989292 -4.534413
v -0.1903162 6.990179 -4.624323
v -0.07074928 6.947964 -4.550086
v -0.1325307 6.948041 -4.562147
v -0.1527319 6.94863 -4.616945
v -0.09169388 6.93011 -4.605106
v -0.05085802 6.948041 -4.648067
v -0.05085802 6.948041 -4.648067
v -0.030653 6.94863 -4.593269
v 0.00692749 6.990179 -4.585889
v -0.02566099 6.989292 -4.6758
v 0.02031612 7.044245 -4.583247
v -0.01655912 7.044245 -4.685991
v 0.00692749 7.098319 -4.585889
v -0.02566099 7.099202 -4.6758
v -0.030653 7.139863 -4.593269
v -0.05085802 7.140451 -4.648067
v -0.1126361 6.947964 -4.660125
v -0.09169388 6.93011 -4.605106
v -0.1252155 6.989179 -4.695303
v -0.01655912 7.044245 -4.685991
v -0.1527319 6.94863 -4.616945
v -0.1325307 6.948041 -4.562147
v -0.1903162 6.990179 -4.624323
v -0.1297178 7.044245 -4.708202
v -0.1297178 7.044245 -4.708202
v -0.203702 7.044245 -4.626962
v -0.1252155 7.099314 -4.695303
v -0.1903162 7.098319 -4.624323
v -0.1126361 7.140529 -4.660125
v -0.09169388 7.158387 -4.605106
v -0.1527319 7.139863 -4.616945
v -0.1325307 7.140451 -4.562147
v 0.3005738 6.509644 -4.366084
v 0.05680895 6.529482 -4.700199
v 0.3578877 6.50968 -4.654645
v 0.004869938 6.529482 -4.438592
v -0.03811121 6.509306 -4.139998
v -0.2568402 6.529482 -4.490543
v -0.3315825 6.509345 -4.198219
v -0.557919 6.50968 -4.536097
v -0.2568402 6.529482 -4.490543
v -0.557919 6.50968 -4.536097
v -0.5006022 6.509644 -4.824657
v -0.2049003 6.529482 -4.752149
v 0.004869938 6.529482 -4.438592
v -0.0151825 6.509326 -5.021633
v 0.05680895 6.529482 -4.700199
v -0.5585284 6.397982 -4.535783
v -0.5009933 6.398068 -4.825084
v -0.5006022 6.509644 -4.824657
v -0.557919 6.50968 -4.536097
v -0.5009933 6.398068 -4.825084
v -0.01523972 6.398825 -5.021125
v -0.0151825 6.509326 -5.021633
v -0.5006022 6.509644 -4.824657
v -0.01523972 6.398825 -5.021125
v 0.3584991 6.397982 -4.654958
v 0.3578877 6.50968 -4.654645
v -0.0151825 6.509326 -5.021633
v 0.3584991 6.397982 -4.654958
v 0.3005738 6.509644 -4.366084
v 0.3578877 6.50968 -4.654645
v 0.3009639 6.398068 -4.365657
v -0.03811121 6.509306 -4.139998
v -0.03753233 6.398875 -4.140441
v -0.3315825 6.509345 -4.198219
v -0.3320479 6.398776 -4.19879
v -0.557919 6.50968 -4.536097
v -0.5585284 6.397982 -4.535783
v -5.160318 0.6228056 0.4378113
v -5.129907 0.6228228 -0.2707272
v -5.115889 1.611736 -0.2547346
v -5.14217 1.61179 0.4265613
v -4.28351 5.605263 0.07703088
v -4.198089 5.60676 0.06430744
v -4.245903 5.606763 0.3050596
v -4.319991 5.605264 0.2608239
v -4.437817 5.606803 0.4589655
v -4.465994 5.605265 0.3781569
v -4.684445 5.606815 0.4536273
v -4.653177 5.605266 0.3741553
v -4.869807 5.606776 0.2914288
v -4.793991 5.605264 0.2506978
v -4.184497 4.614636 0.3416665
v -4.057231 4.706186 0.04364422
v -4.127318 4.614649 0.05380514
v -4.12359 4.706156 0.3776195
v -4.414411 4.614498 0.5259068
v -4.061135 4.805502 0.04423167
v -4.39105 4.705868 0.5917284
v -4.710388 4.614461 0.5194724
v -4.126976 4.805542 0.3755901
v -4.135149 4.891817 0.05495287
v -4.191293 4.891825 0.3376367
v -4.392347 4.805926 0.5879872
v -4.41699 4.891924 0.5185878
v -4.73607 4.705798 0.5841854
v -4.932653 4.614593 0.3251188
v -4.994932 4.706064 0.3580454
v -4.734624 4.80602 0.5804956
v -4.707545 4.891952 0.5122874
v -4.991455 4.805666 0.3561676
v -4.925719 4.891856 0.3214295
v -4.142129 3.429194 0.3674935
v -4.004934 3.531807 0.03560384
v -4.078304 3.429206 0.04614957
v -4.078323 3.531784 0.405021
v -4.398539 3.429074 0.5730365
v -4.008218 3.610854 0.03610547
v -4.373979 3.531562 0.6418183
v -4.728333 3.429042 0.5658825
v -4.08117 3.610888 0.4033034
v -4.085485 3.708693 0.04719431
v -4.148363 3.708701 0.3638094
v -4.375059 3.611224 0.6386598
v -4.40091 3.708786 0.5663465
v -4.755255 3.531507 0.6335052
v -4.976101 3.429157 0.34916
v -5.041339 3.531713 0.3834699
v -4.754041 3.611308 0.6303905
v -4.725729 3.708807 0.5593165
v -5.038417 3.610995 0.3818763
v -4.969743 3.708727 0.3457931
v -5.026252 3.42922 0.02522643
v -5.041339 3.531713 0.3834699
v -4.976101 3.429157 0.34916
v -5.099105 3.531835 0.01091369
v -4.856047 3.429138 -0.2550813
v -5.038417 3.610995 0.3818763
v -4.903172 3.531678 -0.3115522
v -5.095848 3.610812 0.01155884
v -4.969743 3.708727 0.3457931
v -4.90108 3.611049 -0.3089601
v -5.019114 3.708683 0.02663214
v -4.851469 3.70874 -0.2495624
v -4.97761 4.614666 0.03490141
v -4.994932 4.706064 0.3580454
v -4.932653 4.614593 0.3251188
v -5.047204 4.706223 0.02121046
v -4.825072 4.61457 -0.2162482
v -4.991455 4.805666 0.3561676
v -4.869994 4.706017 -0.2703297
v -5.043334 4.805455 0.0219753
v -4.925719 4.891856 0.3214295
v -4.867496 4.805728 -0.2672636
v -4.969827 4.891805 0.0364349
v -4.820085 4.891872 -0.2102101
v -4.851469 3.70874 -0.2495624
v -4.008218 3.610854 0.03610547
v -4.085485 3.708693 0.04719431
v -4.90108 3.611049 -0.3089601
v -4.004934 3.531807 0.03560384
v -4.903172 3.531678 -0.3115522
v -4.078304 3.429206 0.04614957
v -4.856047 3.429138 -0.2550813
v -4.869807 5.606776 0.2914288
v -4.920281 5.582228 0.3176668
v -4.963799 5.582038 0.03770708
v -4.907348 5.606755 0.04876922
v -4.81644 5.582284 -0.2045472
v -4.779894 5.606782 -0.1612017
v -4.141272 5.582081 0.0562961
v -4.777629 4.885049 -0.1570427
v -4.135149 4.891817 0.05495287
v -4.202041 4.884872 0.06539609
v -4.820085 4.891872 -0.2102101
v -4.903494 4.884836 0.04962708
v -4.969827 4.891805 0.0364349
v -4.866255 4.885 0.2885578
v -4.925719 4.891856 0.3214295
v -4.127318 4.614649 0.05380514
v -4.869994 4.706017 -0.2703297
v -4.825072 4.61457 -0.2162482
v -4.057231 4.706186 0.04364422
v -4.867496 4.805728 -0.2672636
v -4.061135 4.805502 0.04423167
v -4.820085 4.891872 -0.2102101
v -4.135149 4.891817 0.05495287
v -4.91303 5.376815 0.04765677
v -4.945183 5.459278 0.3306954
v -4.874879 5.376781 0.2940514
v -4.991519 5.45943 0.03226685
v -4.783571 5.376771 -0.1655409
v -4.834466 5.459232 -0.2260497
v -4.874879 5.376781 0.2940514
v -4.945183 5.459278 0.3306954
v -4.715527 5.45902 0.5312593
v -4.686524 5.37672 0.4587982
v -4.409295 5.459089 0.5379694
v -4.435895 5.376737 0.464236
v -4.172124 5.459367 0.3481677
v -4.240926 5.376802 0.3079517
v -4.113337 5.459395 0.0523169
v -4.192373 5.376808 0.0635097
v -4.945183 5.459278 0.3306954
v -4.920281 5.582228 0.3176668
v -4.70521 5.582545 0.5054138
v -4.715527 5.45902 0.5312593
v -4.418724 5.582461 0.5117033
v -4.409295 5.459089 0.5379694
v -4.196447 5.582118 0.3339155
v -4.172124 5.459367 0.3481677
v -4.113337 5.459395 0.0523169
v -4.141272 5.582081 0.0562961
v -4.834466 5.459232 -0.2260497
v -4.81644 5.582284 -0.2045472
v -4.963799 5.582038 0.03770708
v -4.991519 5.45943 0.03226685
v -4.920281 5.582228 0.3176668
v -4.945183 5.459278 0.3306954
v -4.684445 5.606815 0.4536273
v -4.920281 5.582228 0.3176668
v -4.869807 5.606776 0.2914288
v -4.70521 5.582545 0.5054138
v -4.437817 5.606803 0.4589655
v -4.418724 5.582461 0.5117033
v -4.245903 5.606763 0.3050596
v -4.196447 5.582118 0.3339155
v -4.198089 5.60676 0.06430744
v -4.141272 5.582081 0.0562961
v -4.149735 3.700905 0.0573271
v -4.085485 3.708693 0.04719431
v -4.148363 3.708701 0.3638094
v -4.203899 3.700936 0.3298123
v -4.40091 3.708786 0.5663465
v -4.421813 3.701247 0.5039585
v -4.725729 3.708807 0.5593165
v -4.701984 3.701329 0.4977735
v -4.969743 3.708727 0.3457931
v -4.912648 3.701032 0.314029
v -4.855711 5.383157 0.05913233
v -4.874879 5.376781 0.2940514
v -4.823609 5.382987 0.2649276
v -4.91303 5.376815 0.04765677
v -4.747243 5.382936 -0.1189044
v -4.783571 5.376771 -0.1655409
v -4.192373 5.376808 0.0635097
v -4.250185 5.383119 0.07293009
v -4.682819 4.885296 0.448437
v -4.925719 4.891856 0.3214295
v -4.866255 4.885 0.2885578
v -4.707545 4.891952 0.5122874
v -4.438848 4.885215 0.4538462
v -4.41699 4.891924 0.5185878
v -4.249156 4.884902 0.3023742
v -4.191293 4.891825 0.3376367
v -4.202041 4.884872 0.06539609
v -4.135149 4.891817 0.05495287
v -4.241996 4.617835 0.3065393
v -4.127318 4.614649 0.05380514
v -4.19383 4.617867 0.06424835
v -4.184497 4.614636 0.3416665
v -4.436038 4.617496 0.4615505
v -4.414411 4.614498 0.5259068
v -4.685873 4.617406 0.456023
v -4.710388 4.614461 0.5194724
v -4.873591 4.61773 0.2923506
v -4.932653 4.614593 0.3251188
v -4.19746 3.433727 0.3335551
v -4.078304 3.429206 0.04614957
v -4.142351 3.43376 0.05629667
v -4.142129 3.429194 0.3674935
v -4.419286 3.433392 0.5108822
v -4.398539 3.429074 0.5730365
v -4.704731 3.433303 0.5045913
v -4.728333 3.429042 0.5658825
v -4.919246 3.433624 0.3174365
v -4.976101 3.429157 0.34916
v -4.962733 3.433799 0.03788741
v -4.976101 3.429157 0.34916
v -4.919246 3.433624 0.3174365
v -5.026252 3.42922 0.02522643
v -4.81557 3.433569 -0.2039592
v -4.856047 3.429138 -0.2550813
v -4.078304 3.429206 0.04614957
v -4.142351 3.43376 0.05629667
v -4.29076 5.383088 0.2769907
v -4.192373 5.376808 0.0635097
v -4.250185 5.383119 0.07293009
v -4.240926 5.376802 0.3079517
v -4.454395 5.382763 0.4075925
v -4.435895 5.376737 0.464236
v -4.665227 5.382679 0.4029033
v -4.686524 5.37672 0.4587982
v -4.823609 5.382987 0.2649276
v -4.874879 5.376781 0.2940514
v -4.793991 5.605264 0.2506978
v -4.869807 5.606776 0.2914288
v -4.907348 5.606755 0.04876922
v -4.822537 5.605263 0.06551813
v -4.779894 5.606782 -0.1612017
v -4.725433 5.605264 -0.09470822
v -4.141272 5.582081 0.0562961
v -4.080993 1.706561 0.04739133
v -4.19746 3.433727 0.3335551
v -4.142351 3.43376 0.05629667
v -4.144104 1.706567 0.3650631
v -4.419286 3.433392 0.5108822
v -4.398664 1.706625 0.5689301
v -4.704731 3.433303 0.5045913
v -4.727435 1.70664 0.5617575
v -4.919246 3.433624 0.3174365
v -4.973922 1.706585 0.3463496
v -4.810774 3.701082 -0.1983067
v -4.085485 3.708693 0.04719431
v -4.149735 3.700905 0.0573271
v -4.851469 3.70874 -0.2495624
v -4.955407 3.700869 0.03932173
v -5.019114 3.708683 0.02663214
v -4.912648 3.701032 0.314029
v -4.969743 3.708727 0.3457931
v -4.911642 4.617906 0.04803208
v -4.932653 4.614593 0.3251188
v -4.873591 4.61773 0.2923506
v -4.97761 4.614666 0.03490141
v -4.782959 4.617675 -0.1633351
v -4.825072 4.61457 -0.2162482
v -4.127318 4.614649 0.05380514
v -4.19383 4.617867 0.06424835
v -4.823609 5.382987 0.2649276
v -4.682819 4.885296 0.448437
v -4.866255 4.885 0.2885578
v -4.665227 5.382679 0.4029033
v -4.438848 4.885215 0.4538462
v -4.454395 5.382763 0.4075925
v -4.249156 4.884902 0.3023742
v -4.29076 5.383088 0.2769907
v -4.202041 4.884872 0.06539609
v -4.250185 5.383119 0.07293009
v -4.962733 3.433799 0.03788741
v -4.919246 3.433624 0.3174365
v -4.973922 1.706585 0.3463496
v -5.023612 1.706554 0.02590934
v -4.81557 3.433569 -0.2039592
v -4.855053 1.706594 -0.2514893
v -4.855711 5.383157 0.05913233
v -4.823609 5.382987 0.2649276
v -4.866255 4.885 0.2885578
v -4.903494 4.884836 0.04962708
v -4.747243 5.382936 -0.1189044
v -4.777629 4.885049 -0.1570427
v -4.149735 3.700905 0.0573271
v -4.241996 4.617835 0.3065393
v -4.19383 4.617867 0.06424835
v -4.203899 3.700936 0.3298123
v -4.436038 4.617496 0.4615505
v -4.421813 3.701247 0.5039585
v -4.685873 4.617406 0.456023
v -4.701984 3.701329 0.4977735
v -4.873591 4.61773 0.2923506
v -4.912648 3.701032 0.314029
v -4.782959 4.617675 -0.1633351
v -4.955407 3.700869 0.03932173
v -4.810774 3.701082 -0.1983067
v -4.911642 4.617906 0.04803208
v -4.912648 3.701032 0.314029
v -4.873591 4.61773 0.2923506
v -5.156653 1.789776 -0.2815295
v -3.85713 1.789753 0.009044084
v -4.474837 1.8475 -0.08039579
v -3.82931 1.738991 0.007554924
v -5.180649 1.739105 -0.2955004
v -3.826503 1.678958 0.007734217
v -5.183826 1.670496 -0.2964779
v -5.162886 1.618432 -0.2847563
v -3.850357 1.626842 0.008923928
v -4.766108 1.8475 0.2807821
v -4.474837 1.8475 -0.08039579
v -4.34362 1.8475 0.3646545
v -4.330377 1.789566 0.7968869
v -4.799403 1.789597 0.7774071
v -5.189021 1.789779 0.4398917
v -3.954645 1.789752 0.4589585
v -3.85713 1.789753 0.009044084
v -4.474837 1.8475 -0.08039579
v -5.156653 1.789776 -0.2815295
v -5.189021 1.789779 0.4398917
v -5.216178 1.73907 0.4461173
v -5.180649 1.739105 -0.2955004
v -5.219481 1.670519 0.4461321
v -5.183826 1.670496 -0.2964779
v -5.195945 1.618435 0.4411248
v -5.162886 1.618432 -0.2847563
v -5.115889 1.611736 -0.2547346
v -3.905887 1.619959 0.01416723
v -3.850357 1.626842 0.008923928
v -5.162886 1.618432 -0.2847563
v -5.14217 1.61179 0.4265613
v -5.195945 1.618435 0.4411248
v -3.954645 1.789752 0.4589585
v -3.85713 1.789753 0.009044084
v -3.82931 1.738991 0.007554924
v -3.930624 1.739027 0.4728931
v -3.826503 1.678958 0.007734217
v -4.320734 1.738969 0.8214754
v -4.330377 1.789566 0.7968869
v -4.799403 1.789597 0.7774071
v -3.928048 1.678936 0.4740218
v -3.850357 1.626842 0.008923928
v -3.94869 1.62684 0.4621491
v -4.320346 1.675868 0.8242502
v -4.328258 1.623871 0.8029503
v -4.806943 1.738991 0.8028235
v -5.189021 1.789779 0.4398917
v -5.216178 1.73907 0.4461173
v -4.808034 1.6731 0.8055558
v -4.801219 1.621078 0.7837152
v -5.219481 1.670519 0.4461321
v -5.195945 1.618435 0.4411248
v -5.189021 1.789779 0.4398917
v -5.156653 1.789776 -0.2815295
v -4.474837 1.8475 -0.08039579
v -4.766108 1.8475 0.2807821
v -3.905887 1.619959 0.01416723
v -3.94869 1.62684 0.4621491
v -3.850357 1.626842 0.008923928
v -3.99573 1.619906 0.4320778
v -4.328258 1.623871 0.8029503
v -4.348622 1.616763 0.7516503
v -4.801219 1.621078 0.7837152
v -4.785195 1.614086 0.7309627
v -5.195945 1.618435 0.4411248
v -5.14217 1.61179 0.4265613
v -4.786353 0.6264279 0.7762379
v -5.160318 0.6228056 0.4378113
v -5.14217 1.61179 0.4265613
v -4.785195 1.614086 0.7309627
v -4.343623 0.6264489 0.7967944
v -4.348622 1.616763 0.7516503
v -3.981407 0.6228228 0.4481568
v -3.99573 1.619906 0.4320778
v -3.885787 0.6228044 0.006231749
v -3.905887 1.619959 0.01416723
v -4.511999 7.264368 0.07528082
v -4.49318 7.263782 0.125981
v -4.549951 7.28119 0.114988
v -4.530425 7.264442 0.1658961
v -4.458879 7.225503 0.1327068
v -4.587903 7.264368 0.1546923
v -4.518928 7.226487 0.1979109
v -4.446711 7.175995 0.1351062
v -4.514832 7.175995 0.2096254
v -4.458879 7.126484 0.1327068
v -4.518928 7.125505 0.1979109
v -4.49318 7.088205 0.125981
v -4.610888 7.226376 0.179918
v -4.606721 7.263782 0.1039931
v -4.514832 7.175995 0.2096254
v -4.64102 7.225503 0.09726444
v -4.619163 7.175995 0.1891681
v -4.619163 7.175995 0.1891681
v -4.653188 7.175995 0.09486691
v -4.610888 7.125618 0.179918
v -4.64102 7.126484 0.09726445
v -4.530425 7.087546 0.1658961
v -4.587903 7.087623 0.1546923
v -4.606721 7.088205 0.1039931
v -4.549951 7.0708 0.114988
v -4.511999 7.087623 0.07528082
v -4.511999 7.087623 0.07528082
v -4.49318 7.088205 0.125981
v -4.458879 7.126484 0.1327068
v -4.48901 7.125618 0.05005471
v -4.446711 7.175995 0.1351062
v -4.480734 7.175995 0.04080502
v -4.458879 7.225503 0.1327068
v -4.48901 7.226376 0.0500547
v -4.49318 7.263782 0.125981
v -4.511999 7.264368 0.07528082
v -4.569477 7.087546 0.06407658
v -4.549951 7.0708 0.114988
v -4.580971 7.125505 0.03206126
v -4.480734 7.175995 0.04080502
v -4.606721 7.088205 0.1039931
v -4.587903 7.087623 0.1546923
v -4.64102 7.126484 0.09726445
v -4.585068 7.175995 0.02034537
v -4.585068 7.175995 0.02034537
v -4.653188 7.175995 0.09486691
v -4.580971 7.22649 0.03206125
v -4.64102 7.225503 0.09726444
v -4.569475 7.264446 0.06407657
v -4.549951 7.28119 0.114988
v -4.606721 7.263782 0.1039931
v -4.587903 7.264368 0.1546923
v -4.769596 5.572834 0.4362819
v -4.931447 5.572834 0.1910388
v -4.931447 6.238462 0.1910388
v -4.769596 6.238462 0.4362819
v -4.478372 5.572834 0.4925559
v -4.478372 6.238462 0.4925554
v -4.238609 5.572834 0.3286121
v -4.238609 6.238462 0.3286121
v -4.186667 5.572834 0.04573701
v -4.186667 6.238462 0.04573699
v -4.879876 6.096196 0.2773554
v -4.869271 6.109286 0.2936012
v -4.854729 6.114944 0.3158834
v -4.854728 6.078244 0.3158834
v -4.892294 6.074952 0.2583272
v -4.901761 6.048855 0.2438261
v -4.854729 6.019467 0.3158834
v -4.906966 6.018614 0.2358496
v -4.909102 5.987369 0.2325756
v -4.909102 5.711432 0.2325756
v -4.854729 5.711432 0.3158834
v -4.829581 6.096196 0.3544109
v -4.840186 6.109286 0.3381641
v -4.817162 6.074952 0.3734395
v -4.807697 6.048855 0.3879411
v -4.802491 6.018616 0.3959176
v -4.800355 5.987369 0.3991906
v -4.800355 5.711432 0.3991906
v -4.931447 5.572834 0.1910388
v -4.86751 5.572834 -0.09482028
v -4.86751 6.238462 -0.09482078
v -4.931447 6.238462 0.1910388
v -4.404573 6.073451 0.4585778
v -4.387201 6.093599 0.4458291
v -4.372367 6.106015 0.4349429
v -4.352024 6.076574 0.4200146
v -4.352024 6.020833 0.4200155
v -4.352024 6.111378 0.4200136
v -4.33168 6.106013 0.4050848
v -4.316846 6.093598 0.3941996
v -4.299472 6.073451 0.3814499
v -4.286233 6.048703 0.3717324
v -4.278951 6.020025 0.3663895
v -4.425095 6.020024 0.4736383
v -4.417813 6.048703 0.4682963
v -4.428083 5.728703 0.4758322
v -4.428083 5.990391 0.4758322
v -4.352023 5.728703 0.4200132
v -4.275964 5.728703 0.3641965
v -4.275964 5.990391 0.3641965
v -4.783086 6.312477 0.3758895
v -4.882488 6.312831 0.2275722
v -4.892919 6.505712 0.2311375
v -4.790344 6.505973 0.3842127
v -4.620952 6.31225 0.4556357
v -4.813135 6.685633 0.204715
v -4.623101 6.506139 0.4664785
v -4.440385 6.312408 0.4438178
v -4.734339 6.686154 0.3215057
v -4.648902 6.785849 0.1500155
v -4.436853 6.506023 0.4542834
v -4.291473 6.312768 0.3444597
v -4.619899 6.785942 0.1927764
v -4.553655 6.799127 0.1183645
v -4.606635 6.686474 0.3840267
v -4.283193 6.505759 0.3517444
v -4.213121 6.312965 0.1856486
v -4.573057 6.785999 0.2156283
v -4.46458 6.686253 0.3749091
v -4.202314 6.505613 0.1877972
v -4.224822 6.312831 0.00915642
v -4.21439 6.505712 0.005590623
v -4.520986 6.78596 0.2123377
v -4.346902 6.685729 0.2969152
v -4.28475 6.685428 0.1715161
v -4.294176 6.685633 0.03201502
v -4.477764 6.785865 0.1838414
v -4.454898 6.78581 0.1378796
v -4.458408 6.785849 0.08671396
v -4.324223 6.312477 -0.1391609
v -4.224822 6.312831 0.00915642
v -4.21439 6.505712 0.005590623
v -4.316966 6.505973 -0.1474832
v -4.486358 6.31225 -0.2189062
v -4.294176 6.685633 0.03201502
v -4.484209 6.506139 -0.2297509
v -4.666925 6.312408 -0.2070883
v -4.37297 6.686154 -0.0847767
v -4.458408 6.785849 0.08671396
v -4.670456 6.506023 -0.2175539
v -4.815836 6.312768 -0.1077297
v -4.48741 6.785942 0.04395168
v -4.553655 6.799127 0.1183645
v -4.500676 6.686474 -0.1472967
v -4.824117 6.505759 -0.1150153
v -4.894189 6.312965 0.0510809
v -4.534254 6.785999 0.02110022
v -4.642728 6.686253 -0.1381806
v -4.904995 6.505613 0.04893178
v -4.882488 6.312831 0.2275722
v -4.892919 6.505712 0.2311375
v -4.586324 6.78596 0.02439182
v -4.760407 6.685729 -0.06018669
v -4.822559 6.685428 0.06521291
v -4.813135 6.685633 0.204715
v -4.629547 6.785865 0.05288761
v -4.652412 6.78581 0.09884994
v -4.648902 6.785849 0.1500155
v -4.532482 6.881234 0.1027743
v -4.530392 6.882442 0.1248271
v -4.511848 6.923771 0.1329247
v -4.514556 6.923732 0.09284656
v -4.50281 6.973231 0.1374642
v -4.506267 6.973105 0.08713405
v -4.502881 7.031081 0.137418
v -4.506325 7.031193 0.08719127
v -4.511866 7.078722 0.1329691
v -4.51466 7.078948 0.09281174
v -4.530377 7.160164 0.1239297
v -4.531855 7.160464 0.1041547
v -4.551021 6.879301 0.09457128
v -4.532482 6.881234 0.1027743
v -4.514556 6.923732 0.09284656
v -4.553178 6.92359 0.074001
v -4.506267 6.973105 0.08713405
v -4.553773 6.972924 0.06397407
v -4.506325 7.031193 0.08719127
v -4.553775 7.031355 0.06405084
v -4.51466 7.078948 0.09281174
v -4.553129 7.079302 0.07412402
v -4.531855 7.160464 0.1041547
v -4.551713 7.160914 0.0946633
v -4.511866 7.078722 0.1329691
v -4.548187 7.160917 0.1353089
v -4.530377 7.160164 0.1239297
v -4.546773 7.079302 0.1558496
v -4.502881 7.031081 0.137418
v -4.546128 7.031354 0.1659219
v -4.50281 6.973231 0.1374642
v -4.546128 6.972924 0.1660005
v -4.511848 6.923771 0.1329247
v -4.546724 6.92359 0.1559717
v -4.530392 6.882442 0.1248271
v -4.548881 6.879294 0.135399
v -4.546773 7.079302 0.1558496
v -4.568045 7.160464 0.1258179
v -4.548187 7.160917 0.1353089
v -4.585243 7.078948 0.1371595
v -4.546128 7.031354 0.1659219
v -4.593578 7.031193 0.1427795
v -4.546128 6.972924 0.1660005
v -4.593636 6.973105 0.1428386
v -4.546724 6.92359 0.1559717
v -4.585343 6.923732 0.1371247
v -4.548881 6.879294 0.135399
v -4.567418 6.881238 0.1272003
v -4.585243 7.078948 0.1371595
v -4.569522 7.160164 0.1060421
v -4.568045 7.160464 0.1258179
v -4.588033 7.078722 0.09700362
v -4.593578 7.031193 0.1427795
v -4.597018 7.031081 0.09255521
v -4.593636 6.973105 0.1428386
v -4.597092 6.973231 0.09250943
v -4.585343 6.923732 0.1371247
v -4.588052 6.923771 0.09704749
v -4.567418 6.881238 0.1272003
v -4.569512 6.88245 0.1051442
v -4.588033 7.078722 0.09700362
v -4.551713 7.160914 0.0946633
v -4.569522 7.160164 0.1060421
v -4.553129 7.079302 0.07412402
v -4.597018 7.031081 0.09255521
v -4.553775 7.031355 0.06405084
v -4.597092 6.973231 0.09250943
v -4.553773 6.972924 0.06397407
v -4.588052 6.923771 0.09704749
v -4.553178 6.92359 0.074001
v -4.569512 6.88245 0.1051442
v -4.551021 6.879301 0.09457128
v -4.509116 6.949227 0.07202499
v -4.488911 6.948638 0.1268241
v -4.549952 6.967162 0.1149861
v -4.529007 6.949304 0.1700055
v -4.45133 6.907094 0.1342026
v -4.590788 6.949227 0.1579463
v -4.516429 6.908093 0.2051846
v -4.437942 6.85302 0.1368458
v -4.511927 6.85302 0.2180845
v -4.45133 6.798954 0.1342026
v -4.516429 6.797951 0.2051846
v -4.488911 6.757406 0.1268241
v -4.615983 6.907977 0.1856796
v -4.61099 6.948638 0.1031481
v -4.511927 6.85302 0.2180845
v -4.648574 6.907094 0.09576909
v -4.625085 6.85302 0.1958715
v -4.625085 6.85302 0.1958715
v -4.66196 6.85302 0.09313076
v -4.615983 6.798068 0.1856796
v -4.648574 6.798954 0.0957691
v -4.529007 6.75674 0.1700055
v -4.590788 6.756817 0.1579463
v -4.61099 6.757406 0.1031482
v -4.549952 6.738885 0.1149861
v -4.509116 6.756817 0.07202499
v -4.509116 6.756817 0.07202499
v -4.488911 6.757406 0.1268241
v -4.45133 6.798954 0.1342026
v -4.483919 6.798068 0.04429214
v -4.437942 6.85302 0.1368458
v -4.474817 6.85302 0.03410165
v -4.45133 6.907094 0.1342026
v -4.483919 6.907977 0.04429214
v -4.488911 6.948638 0.1268241
v -4.509116 6.949227 0.07202499
v -4.570894 6.75674 0.05996769
v -4.549952 6.738885 0.1149861
v -4.583473 6.797954 0.02478903
v -4.474817 6.85302 0.03410165
v -4.61099 6.757406 0.1031482
v -4.590788 6.756817 0.1579463
v -4.648574 6.798954 0.0957691
v -4.587976 6.85302 0.01189058
v -4.587976 6.85302 0.01189058
v -4.66196 6.85302 0.09313076
v -4.583473 6.90809 0.02478902
v -4.648574 6.907094 0.09576909
v -4.570894 6.949304 0.05996768
v -4.549952 6.967162 0.1149861
v -4.61099 6.948638 0.1031481
v -4.590788 6.949227 0.1579463
v -4.157684 6.31842 0.3540089
v -4.401449 6.338258 0.01989431
v -4.10037 6.318456 0.06544752
v -4.453388 6.338258 0.2815
v -4.496369 6.318082 0.5800945
v -4.715098 6.338258 0.2295496
v -4.78984 6.31812 0.5218737
v -5.016177 6.318456 0.1839954
v -4.715098 6.338258 0.2295496
v -5.016177 6.318456 0.1839954
v -4.95886 6.31842 -0.1045649
v -4.663158 6.338258 -0.03205662
v -4.453388 6.338258 0.2815
v -4.47344 6.318101 -0.3015397
v -4.401449 6.338258 0.01989431
v -5.016786 6.206758 0.1843087
v -4.959251 6.206844 -0.1049912
v -4.95886 6.31842 -0.1045649
v -5.016177 6.318456 0.1839954
v -4.959251 6.206844 -0.1049912
v -4.473497 6.2076 -0.3010328
v -4.47344 6.318101 -0.3015397
v -4.95886 6.31842 -0.1045649
v -4.473497 6.2076 -0.3010328
v -4.099759 6.206758 0.06513472
v -4.10037 6.318456 0.06544752
v -4.47344 6.318101 -0.3015397
v -4.099759 6.206758 0.06513472
v -4.157684 6.31842 0.3540089
v -4.10037 6.318456 0.06544752
v -4.157294 6.206844 0.3544357
v -4.496369 6.318082 0.5800945
v -4.49579 6.207651 0.5796515
v -4.78984 6.31812 0.5218737
v -4.790306 6.207551 0.5213024
v -5.016177 6.318456 0.1839954
v -5.016786 6.206758 0.1843087
v 2.340858 3.301575 -0.41353
v 2.786222 3.301575 -0.3049728
v 2.786222 3.832665 -0.3049728
v 2.340858 3.832665 -0.4135301
v 4.679056 5.728703 0.2806429
v 4.615621 5.728703 0.1943212
v 4.615621 5.990391 0.1943207
v 4.679056 5.990391 0.2806424
v 4.618608 6.020024 0.1921268
v 4.682044 6.020024 0.2784485
v 4.625891 6.048703 0.1867848
v 4.689326 6.048703 0.2731065
v 4.639131 6.073451 0.1770664
v 4.702566 6.073451 0.2633881
v 4.656503 6.093599 0.1643176
v 4.719938 6.093599 0.2506393
v 4.671336 6.106015 0.1534314
v 4.734771 6.106015 0.2397531
v 4.69168 6.111378 0.1385022
v 4.755115 6.111378 0.2248238
v 4.712024 6.106013 0.1235733
v 4.775459 6.106013 0.209895
v 4.726857 6.093598 0.1126881
v 4.790292 6.093598 0.1990098
v 4.744231 6.073451 0.09993842
v 4.807666 6.073451 0.1862601
v 4.75747 6.048703 0.09022096
v 4.820905 6.048703 0.1765427
v 4.764752 6.020025 0.084878
v 4.828187 6.020025 0.1711997
v 4.767739 5.990391 0.08268502
v 4.831174 5.990391 0.1690067
v 4.767739 5.728703 0.08268552
v 4.831174 5.728703 0.1690072
v 4.755116 5.728703 0.2248239
v 4.615621 5.728703 0.1943212
v 4.679056 5.728703 0.2806429
v 4.691681 5.728703 0.1385022
v 4.831174 5.728703 0.1690072
v 4.767739 5.728703 0.08268552
v 0.004103422 7.296771 -0.07408603
v 0.01406693 7.296771 -0.03763469
v 0.04082298 7.324435 -0.03060993
v -0.02248263 7.286645 -0.04723199
v 0.02356577 7.324435 -0.09374555
v 0.05061722 7.362222 -0.02803787
v -0.03244662 7.296771 -0.08368286
v -0.05903244 7.296771 -0.05682787
v -0.03974056 7.324435 -0.1103671
v -0.0857892 7.324435 -0.06385358
v 0.03068924 7.362222 -0.100941
v 0.04082298 7.400012 -0.03060993
v 0.02356577 7.400012 -0.09374555
v 0.03068924 7.362222 -0.100941
v 0.01406693 7.427675 -0.0376347
v -0.04241037 7.362222 -0.1201347
v -0.04241037 7.362222 -0.1201347
v -0.09558201 7.362222 -0.06642469
v -0.03974056 7.400012 -0.1103671
v -0.0857892 7.400012 -0.06385358
v 0.004103661 7.427675 -0.07408604
v -0.02248263 7.437801 -0.047232
v -0.03244662 7.427675 -0.08368286
v -0.05903244 7.427675 -0.05682787
v -0.04906869 7.296771 -0.02037605
v -0.05903244 7.296771 -0.05682787
v -0.0857892 7.324435 -0.06385358
v -0.02248263 7.286645 -0.04723199
v -0.0685308 7.324435 -0.0007174832
v -0.09558201 7.362222 -0.06642469
v -0.01251817 7.296771 -0.0107797
v 0.01406693 7.296771 -0.03763469
v -0.005224466 7.324435 0.01590411
v 0.04082298 7.324435 -0.03060993
v -0.07565379 7.362222 0.006477988
v -0.0857892 7.400012 -0.06385358
v -0.0685308 7.400012 -0.0007174865
v -0.07565379 7.362222 0.006477988
v -0.05903244 7.427675 -0.05682787
v -0.002554417 7.362222 0.02567116
v -0.002554417 7.362222 0.02567116
v 0.05061722 7.362222 -0.02803787
v -0.005224466 7.400012 0.0159041
v 0.04082298 7.400012 -0.03060993
v -0.04906869 7.427675 -0.02037605
v -0.02248263 7.437801 -0.047232
v -0.01251817 7.427675 -0.01077971
v 0.01406693 7.427675 -0.0376347
v 0.01279306 6.446966 -0.08286457
v 0.02601457 6.446966 -0.03449897
v 0.06151581 6.483671 -0.02517776
v -0.02248192 6.43353 -0.04723243
v 0.03861713 6.483671 -0.1089499
v 0.07451034 6.533809 -0.02176599
v -0.03570294 6.446966 -0.09559755
v -0.07097816 6.446966 -0.05996589
v -0.04538107 6.483671 -0.1310037
v -0.1064796 6.483671 -0.06928711
v 0.04806852 6.533809 -0.1184962
v 0.06151581 6.58395 -0.02517777
v 0.03861713 6.58395 -0.10895
v 0.04806852 6.533809 -0.1184962
v 0.02601457 6.620656 -0.03449898
v -0.04892373 6.533809 -0.1439636
v -0.04892373 6.533809 -0.1439636
v -0.1194744 6.533809 -0.07269888
v -0.04538107 6.58395 -0.1310037
v -0.1064796 6.58395 -0.06928711
v 0.0127933 6.620656 -0.08286458
v -0.02248192 6.63409 -0.04723244
v -0.03570318 6.620656 -0.09559756
v -0.07097816 6.620656 -0.0599659
v -0.05775738 6.446966 -0.0116003
v -0.07097816 6.446966 -0.05996589
v -0.1064796 6.483671 -0.06928711
v -0.02248192 6.43353 -0.04723243
v -0.08358049 6.483671 0.01448508
v -0.1194744 6.533809 -0.07269888
v -0.009261131 6.446966 0.001132683
v 0.02601457 6.446966 -0.03449897
v 0.0004169941 6.483671 0.03653879
v 0.06151581 6.483671 -0.02517776
v -0.0930326 6.533809 0.02403231
v -0.1064796 6.58395 -0.06928711
v -0.08358026 6.58395 0.01448459
v -0.0930326 6.533809 0.02403231
v -0.07097816 6.620656 -0.0599659
v 0.003959656 6.533809 0.04949875
v 0.003959656 6.533809 0.04949875
v 0.07451034 6.533809 -0.02176599
v 0.0004169941 6.58395 0.03653879
v 0.06151581 6.58395 -0.02517777
v -0.05775738 6.620656 -0.01160031
v -0.02248192 6.63409 -0.04723244
v -0.00926137 6.620656 0.001132676
v 0.02601457 6.620656 -0.03449898
v -3.692227 2.665046 0.458165
v -3.682915 2.604113 0.6154636
v -3.689033 2.515364 0.5121216
v -3.689033 2.016243 0.512123
v -3.682915 1.908395 0.6154642
v -3.607564 2.60445 0.7722448
v -3.607564 1.908395 0.7722453
v -3.607564 1.340578 0.7722453
v -3.726116 2.012866 -0.1142903
v -3.682915 3.172338 0.6154636
v -3.697866 2.778666 0.3629073
v -3.708005 2.861804 0.1916331
v -3.733439 3.172338 -0.2379776
v -3.718488 2.774797 0.01457822
v -3.733439 2.604669 -0.2379781
v -3.723056 2.668602 -0.06259406
v -3.725996 2.515393 -0.1122743
v -3.733439 1.908678 -0.2379771
v -3.607563 3.172338 0.7722448
v -3.708006 1.597932 0.1916336
v -3.718488 1.510924 0.01457875
v -3.697867 1.514794 0.3629074
v -3.733439 1.340797 -0.2379785
v -3.723056 1.40473 -0.06259352
v -3.725997 1.25152 -0.1122747
v -3.726117 0.7489939 -0.1142898
v -3.73344 0.6449795 -0.2379775
v -3.682916 0.6418414 0.6154642
v -3.692227 1.401174 0.4581656
v -3.689034 0.7523701 0.512123
v -3.682916 1.34024 0.6154642
v -3.689033 1.251492 0.5121221
v -3.607564 0.6418415 0.7722454
v -3.514042 0.7487112 0.8541259
v -2.900133 0.6444507 1.391621
v -3.048205 0.7520874 1.261978
v -3.512543 1.251215 0.8554382
v -3.475864 1.403955 0.8875522
v -3.418207 1.510643 0.9380321
v -2.900132 1.343097 1.391621
v -3.048206 1.251192 1.261978
v -3.087841 1.400105 1.227276
v -2.900132 1.908183 1.391621
v -3.15917 1.514512 1.164825
v -3.286539 1.597649 1.05331
v -3.514042 2.012583 0.8541259
v -3.048205 2.01596 1.261978
v -3.512543 2.515088 0.8554376
v -3.475863 2.667827 0.8875507
v -3.418207 2.774514 0.9380306
v -3.286538 2.861522 1.05331
v -2.900131 2.60697 1.391619
v -3.048206 2.515064 1.261977
v -3.08784 2.663977 1.227275
v -2.900132 3.172338 1.39162
v -3.159169 2.778384 1.164825
v 3.091604 3.781113 1.247927
v 2.869212 3.781113 1.077163
v 3.048905 3.781113 1.249095
v 3.051702 3.781113 1.3759
v 2.868265 3.781113 1.034233
v 3.094411 3.781113 1.375183
v 2.043101 3.781113 1.940557
v 2.287593 3.781113 2.174493
v 2.021162 3.781113 1.919566
v 2.309531 3.781113 2.195483
v 1.216987 3.781114 2.803952
v 1.523485 3.781114 2.973086
v 1.174058 3.781114 2.8049
v 1.524652 3.781114 3.015785
v 1.39668 3.781114 2.975884
v 1.397396 3.781114 3.018594
v -1.163423 3.781114 3.131123
v -0.9950182 3.781114 2.90694
v -1.165041 3.781114 3.088439
v -1.29181 3.781114 3.092577
v -0.9521015 3.781114 2.905539
v -1.290642 3.781114 3.135276
v -1.86731 3.781113 2.089799
v -2.098434 3.781113 2.336951
v -1.846767 3.781113 2.067439
v -2.119192 3.781113 2.35911
v -2.739173 3.781113 1.273059
v -2.948854 3.781113 1.540299
v -2.761144 3.781113 1.210873
v -2.991539 3.781113 1.541918
v -2.952992 3.781113 1.413531
v -2.995692 3.781113 1.414699
v -1.449435 3.781099 -2.993684
v -3.142615 3.781125 -1.224091
v -3.099906 3.781124 -1.224808
v -3.139807 3.781126 -1.096836
v -1.448267 3.781099 -2.950986
v -3.097107 3.781125 -1.098002
v -1.321461 3.781098 -2.953784
v -2.915558 3.781126 -0.8840935
v -1.322179 3.781098 -2.996492
v -2.916506 3.781125 -0.9270226
v -1.15235 3.781098 -2.770793
v -1.109422 3.781098 -2.771741
vt 0.2553711 0.9165039
vt 0.2568359 0.9174805
vt 0.2561035 0.9174805
vt 0.1854248 0.8686523
vt 0.1854248 0.8686523
vt 0.1837158 0.8706055
vt 0.1768799 0.8686523
vt 0.1768799 0.8686523
vt 0.1768799 0.8842773
vt 0.1743164 0.8696289
vt 0.1743164 0.8696289
vt 0.1700439 0.8720703
vt 0.2232666 0.9287109
vt 0.2160645 0.9287109
vt 0.2226563 0.9287109
vt 0.2172852 0.9287109
vt 0.2104492 0.9287109
vt 0.2160645 0.9287109
vt 0.2296143 0.9287109
vt 0.2226563 0.9287109
vt 0.2296143 0.9287109
vt 0.2359619 0.9287109
vt 0.2296143 0.9287109
vt 0.2365723 0.9287109
vt 0.2553711 0.9199219
vt 0.2398682 0.9199219
vt 0.2492676 0.9199219
vt 0.2553711 0.9199219
vt 0.2398682 0.9199219
vt 0.2492676 0.9199219
vt 0.2553711 0.9199219
vt 0.2398682 0.9199219
vt 0.2492676 0.9199219
vt 0.2553711 0.9199219
vt 0.2398682 0.9199219
vt 0.2492676 0.9199219
vt 0.2563477 0.9111328
vt 0.2397461 0.9125977
vt 0.2498779 0.9111328
vt 0.244751 0.9130859
vt 0.2424316 0.9140625
vt 0.2231445 0.9140625
vt 0.2424316 0.9140625
vt 0.2387695 0.9140625
vt 0.2231445 0.9140625
vt 0.244751 0.9130859
vt 0.2424316 0.9140625
vt 0.2231445 0.9140625
vt 0.2424316 0.9140625
vt 0.2387695 0.9140625
vt 0.2231445 0.9140625
vt 0.2563477 0.9111328
vt 0.2397461 0.9125977
vt 0.2498779 0.9111328
vt 0.244751 0.9130859
vt 0.2424316 0.9140625
vt 0.2231445 0.9140625
vt 0.2424316 0.9140625
vt 0.2387695 0.9140625
vt 0.2231445 0.9140625
vt 0.2563477 0.9111328
vt 0.2397461 0.9125977
vt 0.2498779 0.9111328
vt 0.244751 0.9130859
vt 0.2424316 0.9140625
vt 0.2231445 0.9140625
vt 0.2424316 0.9140625
vt 0.2387695 0.9140625
vt 0.2231445 0.9140625
vt 0.2563477 0.9111328
vt 0.2397461 0.9125977
vt 0.2498779 0.9111328
vt 0.1448975 0.9013672
vt 0.1414795 0.8686523
vt 0.1448975 0.8686523
vt 0.1414795 0.9013672
vt 0.1414795 0.9287109
vt 0.1448975 0.9287109
vt 0.7539063 0.8745117
vt 0.7280273 0.8745117
vt 0.7280273 0.9072266
vt 0.753418 0.9072266
vt 0.730957 0.9121094
vt 0.7412109 0.9199219
vt 0.7509766 0.9130859
vt 0.182373 0.9287109
vt 0.1848145 0.9287109
vt 0.1848145 0.9013672
vt 0.182373 0.9013672
vt 0.1848145 0.8686523
vt 0.182373 0.8686523
vt 0.1801758 0.8686523
vt 0.1800537 0.9013672
vt 0.1800537 0.9287109
vt 0.1789551 0.8745117
vt 0.1790771 0.9013672
vt 0.1790771 0.9228516
vt 0.1761475 0.8745117
vt 0.1751709 0.8686523
vt 0.1616211 0.9228516
vt 0.1616211 0.9287109
vt 0.1749268 0.9008789
vt 0.1761475 0.9013672
vt 0.1762695 0.9194336
vt 0.171875 0.9082031
vt 0.1616211 0.9194336
vt 0.1616211 0.9155273
vt 0.1420898 0.9287109
vt 0.1467285 0.9194336
vt 0.1503906 0.9077148
vt 0.147583 0.9008789
vt 0.1466064 0.9013672
vt 0.1467285 0.8745117
vt 0.1477051 0.8686523
vt 0.1419678 0.8686523
vt 0.1436768 0.8745117
vt 0.1437988 0.9228516
vt 0.1420898 0.9013672
vt 0.1437988 0.9013672
vt 0.1414795 0.8686523
vt 0.1414795 0.9013672
vt 0.1414795 0.9287109
vt 0.2243652 0.8745117
vt 0.223877 0.8754883
vt 0.2229004 0.8754883
vt 0.2253418 0.8745117
vt 0.2247314 0.8735352
vt 0.225708 0.8735352
vt 0.2243652 0.8745117
vt 0.2246094 0.8735352
vt 0.2242432 0.8745117
vt 0.2229004 0.8754883
vt 0.2242432 0.8745117
vt 0.2229004 0.8754883
vt 0.225708 0.8691406
vt 0.2247314 0.8735352
vt 0.2247314 0.8691406
vt 0.2247314 0.8691406
vt 0.2210693 0.8691406
vt 0.2219238 0.8735352
vt 0.2219238 0.8691406
vt 0.2210693 0.8735352
vt 0.2209473 0.8735352
vt 0.2209473 0.8691406
vt 0.2213135 0.8745117
vt 0.2224121 0.8745117
vt 0.2210693 0.8735352
vt 0.2211914 0.8745117
vt 0.2209473 0.8735352
vt 0.2229004 0.8754883
vt 0.223877 0.8754883
vt 0.2229004 0.8754883
vt 0.2213135 0.8745117
vt 0.2032471 0.9067383
vt 0.2071533 0.9067383
vt 0.2324219 0.9067383
vt 0.2036133 0.9067383
vt 0.2283936 0.9067383
vt 0.2568359 0.9067383
vt 0.2026367 0.9052734
vt 0.2017822 0.9052734
vt 0.2026367 0.8691406
vt 0.2017822 0.8691406
vt 0.2276611 0.8691406
vt 0.2276611 0.9052734
vt 0.2514648 0.9052734
vt 0.2514648 0.8691406
vt 0.2519531 0.9067383
vt 0.2543945 0.9052734
vt 0.2543945 0.8691406
vt 0.2580566 0.8691406
vt 0.2580566 0.9052734
vt 0.2531738 0.9067383
vt 0.2119141 0.8681641
vt 0.208252 0.8681641
vt 0.208252 0.9008789
vt 0.211792 0.9008789
vt 0.208374 0.9272461
vt 0.211792 0.9228516
vt 0.2298584 0.9272461
vt 0.2298584 0.9233398
vt 0.2512207 0.9277344
vt 0.2478027 0.9233398
vt 0.2512207 0.9008789
vt 0.2476807 0.9008789
vt 0.2509766 0.8686523
vt 0.2476807 0.8686523
vt 0.2059326 0.9052734
vt 0.2017822 0.8691406
vt 0.2061768 0.8691406
vt 0.2017822 0.9052734
vt 0.2071533 0.9067383
vt 0.2032471 0.9067383
vt 0.1879883 0.8999023
vt 0.1878662 0.8701172
vt 0.1864014 0.8701172
vt 0.1864014 0.8999023
vt 0.1882324 0.9296875
vt 0.1865234 0.9301758
vt 0.1850586 0.8764648
vt 0.1851807 0.8999023
vt 0.1854248 0.9238281
vt 0.1815186 0.8764648
vt 0.1630859 0.9243164
vt 0.1630859 0.9306641
vt 0.1390381 0.9306641
vt 0.1802979 0.8696289
vt 0.1414795 0.9243164
vt 0.1800537 0.8999023
vt 0.1816406 0.8999023
vt 0.1789551 0.8999023
vt 0.1791992 0.8696289
vt 0.1757813 0.90625
vt 0.1761475 0.9077148
vt 0.1395264 0.8999023
vt 0.1417236 0.8999023
vt 0.1419678 0.8759766
vt 0.1379395 0.8999023
vt 0.1375732 0.9301758
vt 0.1384277 0.8696289
vt 0.1398926 0.8691406
vt 0.145874 0.8759766
vt 0.1470947 0.8696289
vt 0.1466064 0.8994141
vt 0.1453857 0.8999023
vt 0.1481934 0.8696289
vt 0.1477051 0.8999023
vt 0.1500244 0.9067383
vt 0.1503906 0.9057617
vt 0.1451416 0.9204102
vt 0.1466064 0.8994141
vt 0.1630859 0.9155273
vt 0.1503906 0.9057617
vt 0.1630859 0.9140625
vt 0.1630859 0.9199219
vt 0.1630859 0.9155273
vt 0.163208 0.9140625
vt 0.1757813 0.90625
vt 0.1817627 0.9199219
vt 0.1800537 0.8999023
vt 0.2324219 0.9067383
vt 0.2071533 0.9067383
vt 0.2059326 0.9052734
vt 0.2324219 0.9052734
vt 0.2568359 0.9067383
vt 0.2061768 0.8691406
vt 0.2580566 0.9052734
vt 0.2324219 0.8691406
vt 0.2580566 0.8691406
vt 0.1647949 0.9155273
vt 0.1848145 0.9013672
vt 0.1848145 0.9287109
vt 0.1647949 0.9287109
vt 0.1448975 0.9013672
vt 0.1448975 0.9287109
vt 0.1879883 0.8999023
vt 0.1871338 0.8710938
vt 0.1878662 0.8701172
vt 0.1872559 0.8999023
vt 0.1882324 0.9296875
vt 0.1873779 0.9282227
vt 0.1391602 0.8999023
vt 0.1384277 0.8696289
vt 0.1395264 0.8706055
vt 0.1379395 0.8999023
vt 0.1375732 0.9301758
vt 0.1386719 0.9291992
vt 0.7641602 0.8735352
vt 0.7265625 0.8730469
vt 0.7280273 0.909668
vt 0.7631836 0.909668
vt 0.730957 0.9160156
vt 0.7451172 0.9248047
vt 0.7592773 0.9165039
vt 0.2293701 0.8696289
vt 0.229126 0.8701172
vt 0.2293701 0.8706055
vt 0.2296143 0.8706055
vt 0.2298584 0.8745117
vt 0.2294922 0.8740234
vt 0.2364502 0.8681641
vt 0.2563477 0.8847656
vt 0.2563477 0.8681641
vt 0.2364502 0.8847656
vt 0.2165527 0.8847656
vt 0.2165527 0.8681641
vt 0.2344971 0.8994141
vt 0.2541504 0.8994141
vt 0.2148438 0.8994141
vt 0.2122803 0.8847656
vt 0.2122803 0.8681641
vt 0.2041016 0.8994141
vt 0.2244873 0.8994141
vt 0.2130127 0.8994141
vt 0.2030029 0.8847656
vt 0.2030029 0.8681641
vt 0.2541504 0.8994141
vt 0.2344971 0.8994141
vt 0.2536621 0.8994141
vt 0.244873 0.8994141
vt 0.2459717 0.8847656
vt 0.255127 0.8847656
vt 0.2563477 0.8847656
vt 0.2459717 0.8681641
vt 0.2563477 0.8681641
vt 0.255127 0.8681641
vt 0.2263184 0.8696289
vt 0.2265625 0.8701172
vt 0.2277832 0.8691406
vt 0.2277832 0.8686523
vt 0.2259521 0.8706055
vt 0.2265625 0.8701172
vt 0.2263184 0.8696289
vt 0.2261963 0.8706055
vt 0.2260742 0.8740234
vt 0.2259521 0.8706055
vt 0.2258301 0.8740234
vt 0.2277832 0.8686523
vt 0.2277832 0.8691406
vt 0.229126 0.8701172
vt 0.2293701 0.8696289
vt 0.2070313 0.8701172
vt 0.2021484 0.8701172
vt 0.2021484 0.8999023
vt 0.2067871 0.8999023
vt 0.2021484 0.9301758
vt 0.206543 0.925293
vt 0.2288818 0.9301758
vt 0.2288818 0.925293
vt 0.2570801 0.9301758
vt 0.2524414 0.925293
vt 0.2568359 0.8999023
vt 0.2521973 0.8999023
vt 0.2565918 0.8696289
vt 0.2521973 0.8696289
vt 0.2244873 0.8994141
vt 0.2041016 0.8994141
vt 0.2030029 0.8847656
vt 0.2244873 0.8847656
vt 0.244873 0.8994141
vt 0.2030029 0.8681641
vt 0.2459717 0.8847656
vt 0.2244873 0.8681641
vt 0.2459717 0.8681641
vt 0.1633301 0.9145508
vt 0.1872559 0.8999023
vt 0.1873779 0.9282227
vt 0.1633301 0.9287109
vt 0.1391602 0.8999023
vt 0.1386719 0.9291992
vt 0.2020264 0.9160156
vt 0.2033691 0.9174805
vt 0.2039795 0.9174805
vt 0.2034912 0.9165039
vt 0.2020264 0.8686523
vt 0.2034912 0.8691406
vt 0.2565918 0.8691406
vt 0.2565918 0.9165039
vt 0.2561035 0.9174805
vt 0.2580566 0.9160156
vt 0.2580566 0.8686523
vt 0.2565918 0.9165039
vt 0.2568359 0.9174805
vt 0.2561035 0.9174805
vt 0.1881104 0.9008789
vt 0.1890869 0.9008789
vt 0.189209 0.9311523
vt 0.1882324 0.9296875
vt 0.1351318 0.9306641
vt 0.1352539 0.9008789
vt 0.1368408 0.9008789
vt 0.1367188 0.9296875
vt 0.1854248 0.9238281
vt 0.1365967 0.9311523
vt 0.1876221 0.9311523
vt 0.1367188 0.9008789
vt 0.1352539 0.9008789
vt 0.1351318 0.9306641
vt 0.2020264 0.9160156
vt 0.2020264 0.8686523
vt 0.2037354 0.8681641
vt 0.2037354 0.9150391
vt 0.2047119 0.9165039
vt 0.2033691 0.9174805
vt 0.2039795 0.9174805
vt 0.2561035 0.9174805
vt 0.2553711 0.9165039
vt 0.2565918 0.9150391
vt 0.2565918 0.8681641
vt 0.2580566 0.8686523
vt 0.2580566 0.9160156
vt 0.2568359 0.9174805
vt 0.2553711 0.9165039
vt 0.1875 0.9008789
vt 0.1876221 0.9311523
vt 0.189209 0.9311523
vt 0.1890869 0.9008789
vt 0.2047119 0.9165039
vt 0.2565918 0.9150391
vt 0.2553711 0.9165039
vt 0.2037354 0.9150391
vt 0.2565918 0.8681641
vt 0.2037354 0.8681641
vt 0.1881104 0.9008789
vt 0.1882324 0.9296875
vt 0.1367188 0.9296875
vt 0.1368408 0.9008789
vt 0.1853027 0.9033203
vt 0.1859131 0.902832
vt 0.1859131 0.9306641
vt 0.1853027 0.9306641
vt 0.1390381 0.9306641
vt 0.1390381 0.902832
vt 0.1395264 0.9033203
vt 0.1395264 0.9306641
vt 0.2009277 0.8764648
vt 0.2009277 0.8676758
vt 0.2028809 0.8681641
vt 0.2028809 0.8764648
vt 0.25 0.8852539
vt 0.2493896 0.8857422
vt 0.225708 0.8852539
vt 0.2479248 0.8847656
vt 0.2255859 0.8833008
vt 0.2027588 0.8847656
vt 0.2041016 0.8842773
vt 0.2022705 0.8847656
vt 0.2502441 0.8676758
vt 0.2502441 0.8774414
vt 0.2514648 0.8769531
vt 0.2514648 0.8676758
vt 0.2491455 0.8769531
vt 0.2491455 0.8686523
vt 0.2514648 0.8676758
vt 0.2514648 0.8769531
vt 0.2009277 0.8676758
vt 0.2009277 0.8764648
vt 0.2021484 0.8769531
vt 0.2021484 0.8676758
vt 0.1390381 0.902832
vt 0.1390381 0.9306641
vt 0.140625 0.9306641
vt 0.1407471 0.9023438
vt 0.1843262 0.9023438
vt 0.1844482 0.9306641
vt 0.1859131 0.9306641
vt 0.1859131 0.902832
vt 0.2017822 0.8676758
vt 0.2021484 0.8676758
vt 0.2030029 0.8676758
vt 0.2009277 0.8676758
vt 0.2032471 0.8676758
vt 0.2028809 0.8681641
vt 0.2255859 0.8676758
vt 0.225708 0.8681641
vt 0.2487793 0.8676758
vt 0.2491455 0.8686523
vt 0.2504883 0.8676758
vt 0.2514648 0.8676758
vt 0.2492676 0.8681641
vt 0.2502441 0.8676758
vt 0.1623535 0.9169922
vt 0.1395264 0.9306641
vt 0.1395264 0.9033203
vt 0.1623535 0.9306641
vt 0.1853027 0.9306641
vt 0.1853027 0.9033203
vt 0.2028809 0.8764648
vt 0.2028809 0.8681641
vt 0.225708 0.8681641
vt 0.225708 0.8764648
vt 0.2491455 0.8686523
vt 0.2491455 0.8769531
vt 0.2271729 0.8720703
vt 0.2275391 0.8725586
vt 0.227417 0.8720703
vt 0.2272949 0.8720703
vt 0.2271729 0.871582
vt 0.2270508 0.871582
vt 0.2271729 0.8696289
vt 0.2270508 0.8701172
vt 0.227417 0.8720703
vt 0.2275391 0.8725586
vt 0.2281494 0.8725586
vt 0.2279053 0.8725586
vt 0.2279053 0.8725586
vt 0.2281494 0.8725586
vt 0.2286377 0.8725586
vt 0.2283936 0.8720703
vt 0.2290039 0.8720703
vt 0.2286377 0.8720703
vt 0.2288818 0.871582
vt 0.229126 0.871582
vt 0.229126 0.8701172
vt 0.2288818 0.8701172
vt 0.2232666 0.9282227
vt 0.2338867 0.9228516
vt 0.239624 0.9155273
vt 0.243042 0.9057617
vt 0.2429199 0.8745117
vt 0.2042236 0.9057617
vt 0.2043457 0.8740234
vt 0.2073975 0.9160156
vt 0.2121582 0.9223633
vt 0.1854248 0.9204102
vt 0.1854248 0.8930664
vt 0.1837158 0.8950195
vt 0.1837158 0.918457
vt 0.1832275 0.9213867
vt 0.1854248 0.9311523
vt 0.1824951 0.9238281
vt 0.1809082 0.925293
vt 0.1772461 0.9311523
vt 0.1794434 0.9233398
vt 0.1772461 0.9204102
vt 0.178833 0.9213867
vt 0.1783447 0.918457
vt 0.1746826 0.9311523
vt 0.1783447 0.8950195
vt 0.1772461 0.8930664
vt 0.1746826 0.8930664
vt 0.1772461 0.8818359
vt 0.1746826 0.9204102
vt 0.1854248 0.8930664
vt 0.1837158 0.8950195
vt 0.1794434 0.8852539
vt 0.1809082 0.8867188
vt 0.1824951 0.8852539
vt 0.1832275 0.8828125
vt 0.178833 0.8833008
vt 0.1854248 0.8818359
vt 0.1837158 0.8803711
vt 0.1837158 0.8706055
vt 0.1854248 0.8686523
vt 0.1783447 0.8803711
vt 0.1783447 0.8706055
vt 0.1854248 0.8686523
vt 0.1772461 0.8681641
vt 0.1746826 0.8818359
vt 0.1746826 0.8681641
vt 0.1727295 0.8706055
vt 0.1727295 0.8803711
vt 0.1717529 0.8828125
vt 0.1612549 0.8706055
vt 0.1589355 0.8686523
vt 0.1589355 0.8818359
vt 0.1612549 0.8803711
vt 0.1622314 0.8833008
vt 0.1700439 0.8852539
vt 0.1635742 0.8852539
vt 0.1555176 0.8686523
vt 0.1589355 0.8930664
vt 0.1668701 0.8867188
vt 0.1612549 0.8950195
vt 0.1727295 0.8950195
vt 0.1589355 0.8930664
vt 0.1727295 0.918457
vt 0.1717529 0.9213867
vt 0.1700439 0.9238281
vt 0.1668701 0.925293
vt 0.1589355 0.9311523
vt 0.1635742 0.9233398
vt 0.1589355 0.9204102
vt 0.1622314 0.9213867
vt 0.1612549 0.918457
vt 0.1612549 0.8950195
vt 0.1555176 0.8930664
vt 0.1555176 0.8818359
vt 0.1555176 0.9311523
vt 0.1555176 0.9204102
vt 0.1536865 0.8706055
vt 0.1536865 0.8803711
vt 0.152832 0.8833008
vt 0.1428223 0.8706055
vt 0.1390381 0.8686523
vt 0.151123 0.8852539
vt 0.1390381 0.8930664
vt 0.1481934 0.8867188
vt 0.1451416 0.8852539
vt 0.1390381 0.8818359
vt 0.1390381 0.8686523
vt 0.1437988 0.8833008
vt 0.1429443 0.8803711
vt 0.1428223 0.8950195
vt 0.1390381 0.9204102
vt 0.1536865 0.8950195
vt 0.1429443 0.918457
vt 0.1437988 0.9213867
vt 0.1451416 0.9233398
vt 0.1536865 0.918457
vt 0.152832 0.9213867
vt 0.151123 0.9238281
vt 0.1390381 0.9311523
vt 0.1481934 0.925293
vt 0.2270508 0.8701172
vt 0.2288818 0.8701172
vt 0.229126 0.8701172
vt 0.2271729 0.8696289
vt 0.2270508 0.871582
vt 0.2270508 0.8701172
vt 0.2271729 0.8696289
vt 0.2271729 0.871582
vt 0.2271729 0.8720703
vt 0.2272949 0.8720703
vt 0.2275391 0.8720703
vt 0.227417 0.8725586
vt 0.2281494 0.8725586
vt 0.2279053 0.8725586
vt 0.2279053 0.8725586
vt 0.2281494 0.8725586
vt 0.2286377 0.8720703
vt 0.2283936 0.8725586
vt 0.2290039 0.8720703
vt 0.2286377 0.8720703
vt 0.2288818 0.871582
vt 0.229126 0.871582
vt 0.229126 0.8701172
vt 0.2288818 0.8701172
vt 0.2237549 0.9301758
vt 0.2341309 0.925293
vt 0.2397461 0.918457
vt 0.2431641 0.9091797
vt 0.243042 0.8789063
vt 0.2050781 0.9077148
vt 0.2052002 0.8769531
vt 0.208252 0.9179688
vt 0.2128906 0.9243164
vt 0.2270508 0.8701172
vt 0.2288818 0.8701172
vt 0.229126 0.8701172
vt 0.2271729 0.8696289
vt 0.2286377 0.8696289
vt 0.2286377 0.8686523
vt 0.2282715 0.8686523
vt 0.2282715 0.8696289
vt 0.2286377 0.8696289
vt 0.2283936 0.8696289
vt 0.2285156 0.8701172
vt 0.2287598 0.8701172
vt 0.2287598 0.8701172
vt 0.2290039 0.8701172
vt 0.2290039 0.8701172
vt 0.2287598 0.8701172
vt 0.2290039 0.8701172
vt 0.2293701 0.8701172
vt 0.229126 0.8696289
vt 0.2294922 0.8696289
vt 0.2294922 0.8696289
vt 0.229248 0.8696289
vt 0.229248 0.8686523
vt 0.2294922 0.8686523
vt 0.2546387 0.9013672
vt 0.2546387 0.8681641
vt 0.2163086 0.8676758
vt 0.2512207 0.9121094
vt 0.2454834 0.9199219
vt 0.2349854 0.925293
vt 0.2242432 0.9194336
vt 0.2196045 0.9125977
vt 0.2164307 0.9013672
vt 0.229248 0.8686523
vt 0.2282715 0.8686523
vt 0.2286377 0.8686523
vt 0.2294922 0.8686523
vt 0.2286377 0.8696289
vt 0.2286377 0.8686523
vt 0.2282715 0.8686523
vt 0.2282715 0.8696289
vt 0.2287598 0.8696289
vt 0.2283936 0.8696289
vt 0.2285156 0.8701172
vt 0.2287598 0.8701172
vt 0.2287598 0.8701172
vt 0.229126 0.8701172
vt 0.229126 0.8701172
vt 0.2287598 0.8701172
vt 0.2290039 0.8701172
vt 0.2293701 0.8701172
vt 0.229126 0.8696289
vt 0.2294922 0.8696289
vt 0.2294922 0.8696289
vt 0.229248 0.8696289
vt 0.229248 0.8686523
vt 0.2294922 0.8686523
vt 0.2514648 0.9121094
vt 0.2548828 0.9013672
vt 0.2548828 0.8676758
vt 0.2166748 0.8676758
vt 0.2458496 0.9199219
vt 0.2353516 0.925293
vt 0.2246094 0.9194336
vt 0.2199707 0.9125977
vt 0.2167969 0.9013672
vt 0.229248 0.8686523
vt 0.2282715 0.8686523
vt 0.2286377 0.8686523
vt 0.2294922 0.8686523
vt 0.229248 0.8710938
vt 0.229248 0.8696289
vt 0.2288818 0.8696289
vt 0.2288818 0.871582
vt 0.229126 0.871582
vt 0.2287598 0.8720703
vt 0.2285156 0.8720703
vt 0.2288818 0.8720703
vt 0.2279053 0.8725586
vt 0.2283936 0.8725586
vt 0.2283936 0.8725586
vt 0.2279053 0.8725586
vt 0.227417 0.8720703
vt 0.2277832 0.8720703
vt 0.2270508 0.8720703
vt 0.2275391 0.871582
vt 0.227417 0.8710938
vt 0.2269287 0.871582
vt 0.2269287 0.8696289
vt 0.227417 0.8696289
vt 0.2115479 0.9013672
vt 0.2115479 0.8681641
vt 0.2521973 0.8676758
vt 0.21521 0.9121094
vt 0.2211914 0.9199219
vt 0.2322998 0.925293
vt 0.2437744 0.9194336
vt 0.2486572 0.9125977
vt 0.2519531 0.9013672
vt 0.2269287 0.8696289
vt 0.2288818 0.8696289
vt 0.229248 0.8696289
vt 0.227417 0.8696289
vt 0.229248 0.8710938
vt 0.229248 0.8696289
vt 0.2290039 0.8696289
vt 0.2288818 0.871582
vt 0.229126 0.871582
vt 0.2287598 0.8720703
vt 0.2285156 0.8720703
vt 0.2288818 0.8720703
vt 0.2280273 0.8725586
vt 0.2283936 0.8725586
vt 0.2283936 0.8725586
vt 0.2280273 0.8725586
vt 0.227417 0.8720703
vt 0.2277832 0.8720703
vt 0.2271729 0.8720703
vt 0.2275391 0.871582
vt 0.227417 0.8710938
vt 0.2269287 0.871582
vt 0.2269287 0.8696289
vt 0.227417 0.8696289
vt 0.2155762 0.9121094
vt 0.2119141 0.9013672
vt 0.2119141 0.8676758
vt 0.2524414 0.8676758
vt 0.2215576 0.9194336
vt 0.232666 0.925293
vt 0.2441406 0.9194336
vt 0.2490234 0.9125977
vt 0.2524414 0.9013672
vt 0.2269287 0.8696289
vt 0.2290039 0.8696289
vt 0.229248 0.8696289
vt 0.227417 0.8696289
vt 0.2521973 0.9091797
vt 0.2573242 0.9091797
vt 0.2473145 0.9091797
vt 0.2432861 0.9091797
vt 0.2404785 0.9091797
vt 0.2436523 0.9091797
vt 0.2456055 0.8686523
vt 0.2473145 0.8686523
vt 0.2573242 0.8686523
vt 0.2553711 0.8686523
vt 0.2425537 0.8686523
vt 0.2473145 0.8686523
vt 0.2436523 0.8686523
vt 0.2441406 0.8696289
vt 0.2480469 0.8696289
vt 0.2580566 0.8696289
vt 0.2573242 0.8686523
vt 0.2580566 0.9082031
vt 0.2480469 0.9082031
vt 0.2441406 0.9082031
vt 0.2473145 0.9091797
vt 0.2573242 0.9091797
vt 0.2436523 0.9091797
vt 0.223877 0.8686523
vt 0.2436523 0.8686523
vt 0.2241211 0.8686523
vt 0.2197266 0.8686523
vt 0.2441406 0.8696289
vt 0.2191162 0.8686523
vt 0.2000732 0.8686523
vt 0.1990967 0.8686523
vt 0.1986084 0.8696289
vt 0.2242432 0.8696289
vt 0.2441406 0.9082031
vt 0.2188721 0.8696289
vt 0.2242432 0.9082031
vt 0.2188721 0.9082031
vt 0.1986084 0.9082031
vt 0.1990967 0.9091797
vt 0.2241211 0.9091797
vt 0.2436523 0.9091797
vt 0.2191162 0.9091797
vt 0.2232666 0.9091797
vt 0.2196045 0.9091797
vt 0.2016602 0.9091797
vt 0.2404785 0.9091797
vt 0.2241211 0.9091797
vt 0.2436523 0.9091797
vt 0.2521973 0.9091797
vt 0.2473145 0.8686523
vt 0.2521973 0.8686523
vt 0.2432861 0.9091797
vt 0.2432861 0.8686523
vt 0.2404785 0.9091797
vt 0.2404785 0.8686523
vt 0.2320557 0.8686523
vt 0.2232666 0.9091797
vt 0.2232666 0.8686523
vt 0.2196045 0.9091797
vt 0.2196045 0.8686523
vt 0.2016602 0.9091797
vt 0.2116699 0.8686523
vt 0.2016602 0.8686523
vt 0.2286377 0.8720703
vt 0.2286377 0.8696289
vt 0.2299805 0.8696289
vt 0.2299805 0.8720703
vt 0.2287598 0.8725586
vt 0.2301025 0.8725586
vt 0.2302246 0.8730469
vt 0.2288818 0.8730469
vt 0.2307129 0.8735352
vt 0.2293701 0.8730469
vt 0.2293701 0.8730469
vt 0.2307129 0.8735352
vt 0.2310791 0.8730469
vt 0.2297363 0.8730469
vt 0.2313232 0.8725586
vt 0.2298584 0.8725586
vt 0.2299805 0.8720703
vt 0.2314453 0.8720703
vt 0.2314453 0.8696289
vt 0.2299805 0.8696289
vt 0.2186279 0.9262695
vt 0.2248535 0.9204102
vt 0.2282715 0.9130859
vt 0.2303467 0.9023438
vt 0.2303467 0.8691406
vt 0.2073975 0.8686523
vt 0.2075195 0.9023438
vt 0.2093506 0.9130859
vt 0.2121582 0.9204102
vt 0.2314453 0.8696289
vt 0.2299805 0.8696289
vt 0.2286377 0.8696289
vt 0.2299805 0.8696289
vt 0.2286377 0.871582
vt 0.2286377 0.8696289
vt 0.2299805 0.8696289
vt 0.2299805 0.8720703
vt 0.2287598 0.8725586
vt 0.2301025 0.8725586
vt 0.2302246 0.8730469
vt 0.2288818 0.8730469
vt 0.2307129 0.8735352
vt 0.2293701 0.8730469
vt 0.2293701 0.8730469
vt 0.2307129 0.8735352
vt 0.2310791 0.8730469
vt 0.2297363 0.8730469
vt 0.2313232 0.8725586
vt 0.2298584 0.8725586
vt 0.2299805 0.871582
vt 0.2314453 0.8720703
vt 0.2314453 0.8696289
vt 0.2299805 0.8696289
vt 0.2186279 0.9257813
vt 0.2248535 0.9204102
vt 0.2282715 0.9125977
vt 0.2303467 0.9023438
vt 0.2303467 0.8686523
vt 0.2073975 0.8686523
vt 0.2075195 0.9023438
vt 0.2093506 0.9130859
vt 0.2121582 0.9199219
vt 0.2314453 0.8696289
vt 0.2299805 0.8696289
vt 0.2286377 0.8696289
vt 0.2299805 0.8696289
vt 0.2307129 0.871582
vt 0.2307129 0.8706055
vt 0.2316895 0.8706055
vt 0.2316895 0.871582
vt 0.2307129 0.8720703
vt 0.2316895 0.8720703
vt 0.2315674 0.8725586
vt 0.2307129 0.8725586
vt 0.2314453 0.8725586
vt 0.2305908 0.8725586
vt 0.2305908 0.8725586
vt 0.2314453 0.8725586
vt 0.2313232 0.8725586
vt 0.2304688 0.8725586
vt 0.2313232 0.8720703
vt 0.2303467 0.8720703
vt 0.2303467 0.871582
vt 0.2312012 0.871582
vt 0.2312012 0.8706055
vt 0.2303467 0.8706055
vt 0.2225342 0.9262695
vt 0.2193604 0.9204102
vt 0.2175293 0.9130859
vt 0.2164307 0.9023438
vt 0.2164307 0.8691406
vt 0.2282715 0.8686523
vt 0.2282715 0.9023438
vt 0.2272949 0.9130859
vt 0.2258301 0.9204102
vt 0.2312012 0.8706055
vt 0.2316895 0.8706055
vt 0.2307129 0.8706055
vt 0.2303467 0.8706055
vt 0.2307129 0.871582
vt 0.2307129 0.8706055
vt 0.2316895 0.8706055
vt 0.2316895 0.871582
vt 0.2307129 0.8720703
vt 0.2316895 0.8720703
vt 0.2315674 0.8725586
vt 0.2307129 0.8725586
vt 0.2314453 0.8725586
vt 0.2305908 0.8725586
vt 0.2305908 0.8725586
vt 0.2314453 0.8725586
vt 0.2313232 0.8725586
vt 0.2304688 0.8725586
vt 0.2313232 0.8720703
vt 0.2303467 0.8720703
vt 0.2303467 0.871582
vt 0.2312012 0.871582
vt 0.2312012 0.8706055
vt 0.2303467 0.8706055
vt 0.2225342 0.9257813
vt 0.2193604 0.9204102
vt 0.2175293 0.9125977
vt 0.2164307 0.9023438
vt 0.2164307 0.8686523
vt 0.2282715 0.8686523
vt 0.2282715 0.9023438
vt 0.2272949 0.9130859
vt 0.2258301 0.9199219
vt 0.2312012 0.8706055
vt 0.2316895 0.8706055
vt 0.2307129 0.8706055
vt 0.2303467 0.8706055
vt 0.1582031 0.9125977
vt 0.1557617 0.925293
vt 0.1582031 0.925293
vt 0.1557617 0.9125977
vt 0.1557617 0.8969727
vt 0.1582031 0.8969727
vt 0.1582031 0.8842773
vt 0.1557617 0.8842773
vt 0.1582031 0.8686523
vt 0.1557617 0.8686523
vt 0.1551514 0.8710938
vt 0.1551514 0.8823242
vt 0.1547852 0.8852539
vt 0.1512451 0.8706055
vt 0.1503906 0.8686523
vt 0.1503906 0.8842773
vt 0.1512451 0.8823242
vt 0.1514893 0.8857422
vt 0.1519775 0.8881836
vt 0.1503906 0.8969727
vt 0.1530762 0.8901367
vt 0.1541748 0.8881836
vt 0.1512451 0.8994141
vt 0.1503906 0.9125977
vt 0.1551514 0.8994141
vt 0.1512451 0.9106445
vt 0.1514893 0.9140625
vt 0.1519775 0.9165039
vt 0.1503906 0.925293
vt 0.1530762 0.918457
vt 0.1551514 0.9106445
vt 0.1547852 0.9140625
vt 0.1541748 0.9165039
vt 0.151001 0.925293
vt 0.1503906 0.925293
vt 0.1503906 0.9125977
vt 0.151001 0.9125977
vt 0.151001 0.8969727
vt 0.1503906 0.8969727
vt 0.151001 0.8842773
vt 0.1503906 0.8842773
vt 0.151001 0.8686523
vt 0.1503906 0.8686523
vt 0.1529541 0.9140625
vt 0.1540527 0.9165039
vt 0.1522217 0.9106445
vt 0.1522217 0.8994141
vt 0.1624756 0.925293
vt 0.1561279 0.918457
vt 0.1583252 0.9165039
vt 0.1624756 0.9125977
vt 0.1591797 0.9140625
vt 0.15979 0.9106445
vt 0.1599121 0.8994141
vt 0.1624756 0.8969727
vt 0.1540527 0.8881836
vt 0.1561279 0.8901367
vt 0.1529541 0.8852539
vt 0.1583252 0.8881836
vt 0.1522217 0.8823242
vt 0.1522217 0.8710938
vt 0.1624756 0.8842773
vt 0.1599121 0.8706055
vt 0.1624756 0.8686523
vt 0.1591797 0.8857422
vt 0.15979 0.8823242
vt 0.2553711 0.8706055
vt 0.251709 0.8706055
vt 0.25 0.8706055
vt 0.2575684 0.8706055
vt 0.2548828 0.8706055
vt 0.2524414 0.871582
vt 0.2568359 0.8706055
vt 0.2431641 0.8706055
vt 0.244873 0.8706055
vt 0.2583008 0.871582
vt 0.2524414 0.8730469
vt 0.2583008 0.8730469
vt 0.2575684 0.8735352
vt 0.251709 0.8735352
vt 0.2487793 0.8735352
vt 0.2493896 0.8730469
vt 0.2299805 0.8730469
vt 0.2294922 0.8735352
vt 0.2493896 0.871582
vt 0.2299805 0.871582
vt 0.2487793 0.8706055
vt 0.251709 0.8706055
vt 0.25 0.8706055
vt 0.2294922 0.8706055
vt 0.2474365 0.8706055
vt 0.2285156 0.8706055
vt 0.2269287 0.8735352
vt 0.2294922 0.8735352
vt 0.2487793 0.8735352
vt 0.2437744 0.8735352
vt 0.2459717 0.8735352
vt 0.251709 0.8735352
vt 0.2502441 0.8735352
vt 0.244873 0.8735352
vt 0.2398682 0.8735352
vt 0.2568359 0.8735352
vt 0.2507324 0.8735352
vt 0.2575684 0.8730469
vt 0.2454834 0.8730469
vt 0.2454834 0.871582
vt 0.2575684 0.8735352
vt 0.2459717 0.8735352
vt 0.251709 0.8735352
vt 0.2583008 0.8730469
vt 0.2575684 0.871582
vt 0.2583008 0.871582
vt 0.2575684 0.8706055
vt 0.2568359 0.8706055
vt 0.244873 0.8706055
vt 0.2243652 0.921875
vt 0.2402344 0.921875
vt 0.2398682 0.9208984
vt 0.223999 0.9208984
vt 0.223999 0.8681641
vt 0.2398682 0.8681641
vt 0.2243652 0.8676758
vt 0.2402344 0.8676758
vt 0.2213135 0.8681641
vt 0.2213135 0.9208984
vt 0.2219238 0.921875
vt 0.225708 0.921875
vt 0.2275391 0.921875
vt 0.2219238 0.8676758
vt 0.2233887 0.8676758
vt 0.2254639 0.8676758
vt 0.2410889 0.8676758
vt 0.2502441 0.8735352
vt 0.2507324 0.8696289
vt 0.2507324 0.8735352
vt 0.2502441 0.8696289
vt 0.2398682 0.8735352
vt 0.2398682 0.8696289
vt 0.145874 0.9316406
vt 0.1452637 0.9316406
vt 0.1452637 0.9174805
vt 0.145874 0.9174805
vt 0.145874 0.9003906
vt 0.1452637 0.9003906
vt 0.145874 0.8867188
vt 0.1452637 0.8867188
vt 0.145874 0.8696289
vt 0.1452637 0.8696289
vt 0.1472168 0.8720703
vt 0.1472168 0.8847656
vt 0.1479492 0.8881836
vt 0.1553955 0.8720703
vt 0.1582031 0.8696289
vt 0.1491699 0.8911133
vt 0.1582031 0.8867188
vt 0.1553955 0.8847656
vt 0.1546631 0.8881836
vt 0.1536865 0.8911133
vt 0.1582031 0.9003906
vt 0.1513672 0.8930664
vt 0.1553955 0.9033203
vt 0.1582031 0.9179688
vt 0.1472168 0.9033203
vt 0.1553955 0.9155273
vt 0.1546631 0.9194336
vt 0.1536865 0.921875
vt 0.1582031 0.9316406
vt 0.1513672 0.9238281
vt 0.1472168 0.9155273
vt 0.1479492 0.9189453
vt 0.1491699 0.921875
vt 0.2507324 0.8735352
vt 0.2507324 0.8696289
vt 0.2459717 0.8696289
vt 0.2459717 0.8735352
vt 0.2437744 0.8696289
vt 0.2437744 0.8735352
vt 0.2269287 0.8696289
vt 0.2269287 0.8735352
vt 0.234375 0.8735352
vt 0.2166748 0.8735352
vt 0.2142334 0.8735352
vt 0.2340088 0.8735352
vt 0.234375 0.8735352
vt 0.234375 0.8696289
vt 0.2166748 0.8696289
vt 0.2166748 0.8735352
vt 0.2150879 0.8735352
vt 0.2150879 0.8696289
vt 0.213623 0.8735352
vt 0.213623 0.8696289
vt 0.2034912 0.8696289
vt 0.2034912 0.8735352
vt 0.2573242 0.8706055
vt 0.2583008 0.8706055
vt 0.2390137 0.8706055
vt 0.2382813 0.8706055
vt 0.2012939 0.8706055
vt 0.2120361 0.8706055
vt 0.2104492 0.8706055
vt 0.1993408 0.8706055
vt 0.2340088 0.871582
vt 0.2340088 0.8730469
vt 0.2138672 0.8730469
vt 0.2138672 0.871582
vt 0.2034912 0.8735352
vt 0.1993408 0.8735352
vt 0.2104492 0.8735352
vt 0.213623 0.8735352
vt 0.2342529 0.8706055
vt 0.2340088 0.8706055
vt 0.2142334 0.8706055
vt 0.215332 0.8706055
vt 0.2587891 0.871582
vt 0.2587891 0.8730469
vt 0.2392578 0.8730469
vt 0.2392578 0.871582
vt 0.2381592 0.8735352
vt 0.2390137 0.8735352
vt 0.2583008 0.8735352
vt 0.2558594 0.8735352
vt 0.1986084 0.871582
vt 0.2098389 0.871582
vt 0.2098389 0.8730469
vt 0.1986084 0.8730469
vt 0.2558594 0.8735352
vt 0.2558594 0.8696289
vt 0.2381592 0.8696289
vt 0.2381592 0.8735352
vt 0.2290039 0.8691406
vt 0.2290039 0.8686523
vt 0.2287598 0.8686523
vt 0.2287598 0.8691406
vt 0.2290039 0.8696289
vt 0.2288818 0.8696289
vt 0.2288818 0.8696289
vt 0.229126 0.8696289
vt 0.229126 0.8696289
vt 0.229248 0.8696289
vt 0.229248 0.8696289
vt 0.229126 0.8696289
vt 0.229248 0.8696289
vt 0.2294922 0.8696289
vt 0.2293701 0.8696289
vt 0.2296143 0.8696289
vt 0.2296143 0.8691406
vt 0.2294922 0.8691406
vt 0.2294922 0.8686523
vt 0.2296143 0.8686523
vt 0.2453613 0.9091797
vt 0.2526855 0.9052734
vt 0.2565918 0.8999023
vt 0.2590332 0.8920898
vt 0.2590332 0.8681641
vt 0.2324219 0.8681641
vt 0.237915 0.9047852
vt 0.2347412 0.8999023
vt 0.2325439 0.8920898
vt 0.2290039 0.8686523
vt 0.2296143 0.8686523
vt 0.2294922 0.8686523
vt 0.2287598 0.8686523
vt 0.2290039 0.8691406
vt 0.2290039 0.8686523
vt 0.2287598 0.8686523
vt 0.2287598 0.8691406
vt 0.2290039 0.8696289
vt 0.2288818 0.8696289
vt 0.2288818 0.8696289
vt 0.229126 0.8696289
vt 0.229126 0.8696289
vt 0.229248 0.8696289
vt 0.229248 0.8696289
vt 0.229126 0.8696289
vt 0.229248 0.8696289
vt 0.2294922 0.8696289
vt 0.2293701 0.8696289
vt 0.2296143 0.8696289
vt 0.2296143 0.8691406
vt 0.2294922 0.8691406
vt 0.2294922 0.8686523
vt 0.2296143 0.8686523
vt 0.2565918 0.8999023
vt 0.2590332 0.8920898
vt 0.2590332 0.8681641
vt 0.2453613 0.9091797
vt 0.2526855 0.9052734
vt 0.2324219 0.8681641
vt 0.237915 0.9047852
vt 0.2347412 0.8999023
vt 0.2325439 0.8920898
vt 0.2290039 0.8686523
vt 0.2296143 0.8686523
vt 0.2294922 0.8686523
vt 0.2287598 0.8686523
vt 0.2362061 0.8920898
vt 0.2362061 0.8681641
vt 0.220459 0.8681641
vt 0.220459 0.8935547
vt 0.2348633 0.8999023
vt 0.2191162 0.9013672
vt 0.217041 0.9067383
vt 0.2329102 0.9047852
vt 0.2122803 0.9111328
vt 0.2283936 0.9091797
vt 0.2283936 0.9091797
vt 0.2122803 0.9111328
vt 0.2076416 0.9067383
vt 0.223999 0.9052734
vt 0.2050781 0.9013672
vt 0.2215576 0.8999023
vt 0.2200928 0.8920898
vt 0.2036133 0.8935547
vt 0.2036133 0.8686523
vt 0.2200928 0.8681641
vt 0.2283936 0.9091797
vt 0.223999 0.9052734
vt 0.2215576 0.8999023
vt 0.2200928 0.8920898
vt 0.2200928 0.8681641
vt 0.2362061 0.8920898
vt 0.2362061 0.8681641
vt 0.2348633 0.8999023
vt 0.2329102 0.9047852
vt 0.2362061 0.8681641
vt 0.2200928 0.8681641
vt 0.2036133 0.8686523
vt 0.220459 0.8681641
vt 0.2362061 0.8920898
vt 0.2362061 0.8681641
vt 0.220459 0.8681641
vt 0.220459 0.8935547
vt 0.2348633 0.8999023
vt 0.2191162 0.9013672
vt 0.217041 0.9067383
vt 0.2329102 0.9047852
vt 0.2122803 0.9111328
vt 0.2283936 0.9091797
vt 0.2283936 0.9091797
vt 0.2122803 0.9111328
vt 0.2076416 0.9072266
vt 0.223999 0.9052734
vt 0.2050781 0.9013672
vt 0.2215576 0.8999023
vt 0.2200928 0.8920898
vt 0.2036133 0.8935547
vt 0.2036133 0.8686523
vt 0.2200928 0.8681641
vt 0.2283936 0.9091797
vt 0.223999 0.9052734
vt 0.2215576 0.8999023
vt 0.2200928 0.8920898
vt 0.2200928 0.8681641
vt 0.2362061 0.8920898
vt 0.2362061 0.8681641
vt 0.2348633 0.8999023
vt 0.2329102 0.9047852
vt 0.2362061 0.8681641
vt 0.2200928 0.8681641
vt 0.2036133 0.8686523
vt 0.220459 0.8681641
vt 0.2196045 0.8920898
vt 0.2196045 0.8681641
vt 0.201416 0.8681641
vt 0.201416 0.8935547
vt 0.2203369 0.8999023
vt 0.2021484 0.9013672
vt 0.2032471 0.9067383
vt 0.2214355 0.9047852
vt 0.2058105 0.9111328
vt 0.223877 0.9091797
vt 0.223877 0.9091797
vt 0.2058105 0.9111328
vt 0.208374 0.9067383
vt 0.2263184 0.9052734
vt 0.2097168 0.9013672
vt 0.2275391 0.8999023
vt 0.2283936 0.8920898
vt 0.2105713 0.8935547
vt 0.2105713 0.8686523
vt 0.2283936 0.8681641
vt 0.223877 0.9091797
vt 0.2263184 0.9052734
vt 0.2275391 0.8999023
vt 0.2283936 0.8920898
vt 0.2283936 0.8681641
vt 0.2196045 0.8920898
vt 0.2196045 0.8681641
vt 0.2203369 0.8999023
vt 0.2214355 0.9047852
vt 0.2196045 0.8681641
vt 0.2283936 0.8681641
vt 0.2105713 0.8686523
vt 0.201416 0.8681641
vt 0.2033691 0.9023438
vt 0.2032471 0.8681641
vt 0.2099609 0.8686523
vt 0.2102051 0.9042969
vt 0.2067871 0.9130859
vt 0.213623 0.9155273
vt 0.2188721 0.9228516
vt 0.2116699 0.9204102
vt 0.2310791 0.9291992
vt 0.2233887 0.9262695
vt 0.2233887 0.9262695
vt 0.2310791 0.9291992
vt 0.2427979 0.9233398
vt 0.2346191 0.9204102
vt 0.2493896 0.9150391
vt 0.2408447 0.9130859
vt 0.2445068 0.9023438
vt 0.2531738 0.9042969
vt 0.2531738 0.8686523
vt 0.2445068 0.8681641
vt 0.2320557 0.9311523
vt 0.2449951 0.9228516
vt 0.2504883 0.9140625
vt 0.2531738 0.9038086
vt 0.251709 0.8691406
vt 0.2070313 0.8969727
vt 0.2139893 0.8691406
vt 0.2098389 0.9125977
vt 0.2163086 0.9233398
vt 0.2032471 0.8681641
vt 0.2445068 0.8681641
vt 0.2531738 0.8686523
vt 0.2099609 0.8686523
vt 0.2188721 0.8676758
vt 0.2219238 0.8676758
vt 0.2233887 0.8676758
vt 0.2171631 0.8676758
vt 0.2192383 0.8676758
vt 0.2213135 0.8681641
vt 0.2177734 0.8676758
vt 0.2287598 0.8676758
vt 0.2272949 0.8676758
vt 0.2165527 0.8681641
vt 0.2213135 0.9208984
vt 0.2165527 0.9208984
vt 0.2171631 0.921875
vt 0.2219238 0.921875
vt 0.2414551 0.921875
vt 0.2402344 0.921875
vt 0.2243652 0.921875
vt 0.2275391 0.921875
vt 0.2219238 0.921875
vt 0.2215576 0.8676758
vt 0.2215576 0.921875
vt 0.2219238 0.8676758
vt 0.225708 0.8676758
vt 0.2304688 0.921875
vt 0.2304688 0.8676758
vt 0.225708 0.921875
vt 0.2219238 0.921875
vt 0.2171631 0.921875
vt 0.2215576 0.921875
vt 0.2215576 0.921875
vt 0.2177734 0.921875
vt 0.2219238 0.921875
vt 0.217041 0.9208984
vt 0.2165527 0.9208984
vt 0.217041 0.8681641
vt 0.2165527 0.8681641
vt 0.2171631 0.8676758
vt 0.2177734 0.8676758
vt 0.2268066 0.8681641
vt 0.2272949 0.8676758
vt 0.217041 0.9208984
vt 0.2268066 0.9208984
vt 0.2272949 0.921875
vt 0.2177734 0.921875
vt 0.2219238 0.921875
vt 0.2177734 0.921875
vt 0.2272949 0.921875
vt 0.2304688 0.921875
vt 0.2215576 0.921875
vt 0.2215576 0.8676758
vt 0.2236328 0.8676758
vt 0.225708 0.921875
vt 0.225708 0.8676758
vt 0.2275391 0.8676758
vt 0.2275391 0.921875
vt 0.2338867 0.8676758
vt 0.2414551 0.921875
vt 0.2414551 0.8676758
vt 0.1699219 0.9145508
vt 0.1721191 0.9204102
vt 0.1679688 0.9204102
vt 0.1678467 0.9238281
vt 0.1656494 0.9238281
vt 0.1635742 0.9204102
vt 0.1636963 0.9145508
vt 0.1695557 0.9238281
vt 0.1630859 0.9248047
vt 0.1633301 0.9238281
vt 0.1710205 0.9238281
vt 0.1610107 0.9238281
vt 0.1756592 0.9204102
vt 0.1757813 0.9145508
vt 0.1590576 0.9204102
vt 0.1574707 0.9145508
vt 0.1806641 0.9145508
vt 0.1783447 0.9082031
vt 0.1783447 0.9204102
vt 0.1549072 0.9204102
vt 0.1514893 0.9145508
vt 0.1843262 0.9082031
vt 0.1795654 0.9008789
vt 0.1588135 0.9238281
vt 0.1512451 0.9204102
vt 0.1463623 0.9145508
vt 0.171875 0.9238281
vt 0.1844482 0.9145508
vt 0.1860352 0.9008789
vt 0.1795654 0.894043
vt 0.1799316 0.9204102
vt 0.1721191 0.9238281
vt 0.1804199 0.9204102
vt 0.1866455 0.9145508
vt 0.1873779 0.9145508
vt 0.1887207 0.9082031
vt 0.1915283 0.9082031
vt 0.1923828 0.9082031
vt 0.1860352 0.894043
vt 0.1789551 0.8881836
vt 0.190918 0.9008789
vt 0.1938477 0.9008789
vt 0.1948242 0.9008789
vt 0.1851807 0.8881836
vt 0.1779785 0.8857422
vt 0.1838379 0.8857422
vt 0.190918 0.894043
vt 0.1938477 0.894043
vt 0.1947021 0.894043
vt 0.1898193 0.8881836
vt 0.1882324 0.8857422
vt 0.192749 0.8881836
vt 0.1936035 0.8881836
vt 0.190918 0.8857422
vt 0.1916504 0.8857422
vt 0.1387939 0.8857422
vt 0.1434326 0.8857422
vt 0.1420898 0.8881836
vt 0.137085 0.8881836
vt 0.1357422 0.8857422
vt 0.1413574 0.894043
vt 0.1339111 0.8881836
vt 0.1346436 0.8857422
vt 0.1326904 0.8881836
vt 0.1361084 0.894043
vt 0.1413574 0.9008789
vt 0.1328125 0.894043
vt 0.1314697 0.894043
vt 0.1361084 0.9008789
vt 0.1429443 0.9082031
vt 0.1328125 0.9008789
vt 0.1314697 0.9008789
vt 0.1381836 0.9082031
vt 0.1351318 0.9082031
vt 0.1339111 0.9082031
vt 0.1424561 0.9145508
vt 0.1398926 0.9145508
vt 0.138916 0.9145508
vt 0.1484375 0.9204102
vt 0.1466064 0.9204102
vt 0.145874 0.9204102
vt 0.1569824 0.9238281
vt 0.1555176 0.9238281
vt 0.154541 0.9238281
vt 0.1541748 0.9238281
vt 0.135376 0.8857422
vt 0.1346436 0.8857422
vt 0.1326904 0.8881836
vt 0.1335449 0.8881836
vt 0.1380615 0.8857422
vt 0.1314697 0.894043
vt 0.1363525 0.8881836
vt 0.1424561 0.8857422
vt 0.1324463 0.894043
vt 0.1314697 0.9008789
vt 0.1411133 0.8881836
vt 0.1483154 0.8857422
vt 0.135376 0.894043
vt 0.1323242 0.9008789
vt 0.1339111 0.9082031
vt 0.1472168 0.8881836
vt 0.1550293 0.8857422
vt 0.1402588 0.894043
vt 0.1347656 0.9082031
vt 0.138916 0.9145508
vt 0.135376 0.9008789
vt 0.154541 0.8881836
vt 0.1624756 0.8857422
vt 0.1395264 0.9145508
vt 0.145874 0.9204102
vt 0.1466064 0.894043
vt 0.1374512 0.9082031
vt 0.1402588 0.9008789
vt 0.1623535 0.8881836
vt 0.1697998 0.8857422
vt 0.1463623 0.9204102
vt 0.1541748 0.9238281
vt 0.1541748 0.894043
vt 0.1466064 0.9008789
vt 0.1418457 0.9145508
vt 0.1419678 0.9082031
vt 0.1702881 0.8881836
vt 0.1767578 0.8857422
vt 0.1544189 0.9238281
vt 0.1630859 0.9248047
vt 0.1623535 0.894043
vt 0.1541748 0.9008789
vt 0.1479492 0.9082031
vt 0.1456299 0.9145508
vt 0.1479492 0.9204102
vt 0.1552734 0.9238281
vt 0.1506348 0.9204102
vt 0.1566162 0.9238281
vt 0.1584473 0.9238281
vt 0.1606445 0.9238281
vt 0.1505127 0.9145508
vt 0.1541748 0.9204102
vt 0.1549072 0.9082031
vt 0.1582031 0.9204102
vt 0.15625 0.9145508
vt 0.1623535 0.9008789
vt 0.1624756 0.9082031
vt 0.1625977 0.9145508
vt 0.1627197 0.9204102
vt 0.1705322 0.894043
vt 0.1705322 0.9008789
vt 0.1700439 0.9082031
vt 0.1777344 0.8881836
vt 0.1828613 0.8857422
vt 0.1782227 0.894043
vt 0.184082 0.8881836
vt 0.1875 0.8857422
vt 0.1782227 0.9008789
vt 0.1688232 0.9145508
vt 0.1890869 0.8881836
vt 0.1905518 0.8857422
vt 0.1849365 0.894043
vt 0.177124 0.9082031
vt 0.1923828 0.8881836
vt 0.1916504 0.8857422
vt 0.1936035 0.8881836
vt 0.1900635 0.894043
vt 0.1849365 0.9008789
vt 0.1934814 0.894043
vt 0.1947021 0.894043
vt 0.1901855 0.9008789
vt 0.1934814 0.9008789
vt 0.1948242 0.9008789
vt 0.1832275 0.9082031
vt 0.1881104 0.9082031
vt 0.1911621 0.9082031
vt 0.1923828 0.9082031
vt 0.1746826 0.9145508
vt 0.1798096 0.9145508
vt 0.1838379 0.9145508
vt 0.1864014 0.9145508
vt 0.1873779 0.9145508
vt 0.1672363 0.9204102
vt 0.1713867 0.9204102
vt 0.1750488 0.9204102
vt 0.1778564 0.9204102
vt 0.1796875 0.9204102
vt 0.1804199 0.9204102
vt 0.1629639 0.9238281
vt 0.1652832 0.9238281
vt 0.1673584 0.9238281
vt 0.1693115 0.9238281
vt 0.1707764 0.9238281
vt 0.1717529 0.9238281
vt 0.1721191 0.9238281
vt 0.237915 0.8818359
vt 0.2471924 0.8730469
vt 0.2453613 0.8730469
vt 0.2369385 0.8818359
vt 0.2312012 0.8901367
vt 0.2369385 0.8730469
vt 0.230957 0.8901367
vt 0.232666 0.8818359
vt 0.2252197 0.8730469
vt 0.2296143 0.8901367
vt 0.2259521 0.8901367
vt 0.2266846 0.8818359
vt 0.2145996 0.8730469
vt 0.2276611 0.8901367
vt 0.2211914 0.8818359
vt 0.2091064 0.8730469
vt 0.2183838 0.8818359
vt 0.2249756 0.8901367
vt 0.2183838 0.8818359
vt 0.2091064 0.8730469
vt 0.2108154 0.8730469
vt 0.2192383 0.8818359
vt 0.2192383 0.8730469
vt 0.2249756 0.8901367
vt 0.2235107 0.8818359
vt 0.230957 0.8730469
vt 0.2253418 0.8901367
vt 0.2296143 0.8818359
vt 0.2416992 0.8730469
vt 0.2266846 0.8901367
vt 0.2351074 0.8818359
vt 0.2471924 0.8730469
vt 0.237915 0.8818359
vt 0.2286377 0.8901367
vt 0.2303467 0.8901367
vt 0.2312012 0.8901367
vt 0.230957 0.8901367
vt 0.2259521 0.8901367
vt 0.2108154 0.8730469
vt 0.2091064 0.8730469
vt 0.2091064 0.8686523
vt 0.2109375 0.8686523
vt 0.2192383 0.8730469
vt 0.2192383 0.8686523
vt 0.230957 0.8730469
vt 0.230957 0.8686523
vt 0.2416992 0.8730469
vt 0.2415771 0.8686523
vt 0.2471924 0.8730469
vt 0.2470703 0.8686523
vt 0.2091064 0.8730469
vt 0.2145996 0.8686523
vt 0.2091064 0.8686523
vt 0.2145996 0.8730469
vt 0.2252197 0.8686523
vt 0.2252197 0.8730469
vt 0.2369385 0.8686523
vt 0.2369385 0.8730469
vt 0.2453613 0.8686523
vt 0.2453613 0.8730469
vt 0.2470703 0.8686523
vt 0.2471924 0.8730469
vt 0.2504883 0.871582
vt 0.2485352 0.871582
vt 0.2467041 0.871582
vt 0.2526855 0.871582
vt 0.2529297 0.871582
vt 0.2536621 0.8725586
vt 0.2492676 0.8725586
vt 0.2492676 0.9277344
vt 0.255127 0.871582
vt 0.253418 0.871582
vt 0.2558594 0.871582
vt 0.2570801 0.8725586
vt 0.2561035 0.8725586
vt 0.2536621 0.9277344
vt 0.2561035 0.9277344
vt 0.2570801 0.9277344
vt 0.2558594 0.9287109
vt 0.2526855 0.9287109
vt 0.2485352 0.9287109
vt 0.255127 0.9287109
vt 0.2529297 0.9287109
vt 0.253418 0.9287109
vt 0.2504883 0.9287109
vt 0.2467041 0.9287109
vt 0.2418213 0.9287109
vt 0.243042 0.9287109
vt 0.2365723 0.9287109
vt 0.1916504 0.8852539
vt 0.1916504 0.8681641
vt 0.1905518 0.8681641
vt 0.1905518 0.8852539
vt 0.1875 0.8681641
vt 0.1875 0.8852539
vt 0.1828613 0.8681641
vt 0.1828613 0.8852539
vt 0.1767578 0.8681641
vt 0.1767578 0.8852539
vt 0.1697998 0.8681641
vt 0.1697998 0.8852539
vt 0.1624756 0.8681641
vt 0.1624756 0.8852539
vt 0.1550293 0.8681641
vt 0.1550293 0.8852539
vt 0.1483154 0.8681641
vt 0.1483154 0.8852539
vt 0.1424561 0.8681641
vt 0.1424561 0.8852539
vt 0.1380615 0.8681641
vt 0.1380615 0.8852539
vt 0.135376 0.8681641
vt 0.135376 0.8852539
vt 0.1346436 0.8681641
vt 0.1346436 0.8852539
vt 0.190918 0.8852539
vt 0.1916504 0.8681641
vt 0.1916504 0.8852539
vt 0.190918 0.8681641
vt 0.1882324 0.8852539
vt 0.1882324 0.8681641
vt 0.1838379 0.8852539
vt 0.1838379 0.8681641
vt 0.1357422 0.8852539
vt 0.1387939 0.8681641
vt 0.1387939 0.8852539
vt 0.1357422 0.8681641
vt 0.1346436 0.8852539
vt 0.1346436 0.8681641
vt 0.229126 0.9013672
vt 0.229126 0.8969727
vt 0.2288818 0.8969727
vt 0.2288818 0.9013672
vt 0.2271729 0.9033203
vt 0.2277832 0.9033203
vt 0.2260742 0.9072266
vt 0.2270508 0.9072266
vt 0.2260742 0.9111328
vt 0.2270508 0.9111328
vt 0.2271729 0.9145508
vt 0.2277832 0.9145508
vt 0.2294922 0.9213867
vt 0.2296143 0.9213867
vt 0.2296143 0.9257813
vt 0.2294922 0.9257813
vt 0.2302246 0.9013672
vt 0.229126 0.8969727
vt 0.2302246 0.8969727
vt 0.2305908 0.9033203
vt 0.2270508 0.9072266
vt 0.230957 0.9072266
vt 0.2270508 0.9111328
vt 0.230957 0.9111328
vt 0.2277832 0.9145508
vt 0.2305908 0.9145508
vt 0.2296143 0.9213867
vt 0.2301025 0.9213867
vt 0.2301025 0.9257813
vt 0.2296143 0.9257813
vt 0.230957 0.9013672
vt 0.2302246 0.8969727
vt 0.230957 0.8969727
vt 0.2327881 0.9033203
vt 0.230957 0.9072266
vt 0.2338867 0.9072266
vt 0.230957 0.9111328
vt 0.2338867 0.9111328
vt 0.2305908 0.9145508
vt 0.2327881 0.9145508
vt 0.2301025 0.9213867
vt 0.2304688 0.9213867
vt 0.2304688 0.9257813
vt 0.2301025 0.9257813
vt 0.2297363 0.9013672
vt 0.2297363 0.8969727
vt 0.2307129 0.8969727
vt 0.2307129 0.9013672
vt 0.2320557 0.9033203
vt 0.229248 0.9033203
vt 0.2288818 0.9013672
vt 0.2297363 0.8969727
vt 0.2288818 0.8969727
vt 0.2271729 0.9033203
vt 0.2290039 0.9072266
vt 0.2260742 0.9072266
vt 0.2290039 0.9111328
vt 0.2260742 0.9111328
vt 0.229248 0.9145508
vt 0.2271729 0.9145508
vt 0.2298584 0.9213867
vt 0.2294922 0.9213867
vt 0.2294922 0.9257813
vt 0.2298584 0.9257813
vt 0.2329102 0.9072266
vt 0.2290039 0.9072266
vt 0.2329102 0.9111328
vt 0.2290039 0.9111328
vt 0.2320557 0.9145508
vt 0.229248 0.9145508
vt 0.2303467 0.9213867
vt 0.2298584 0.9213867
vt 0.2298584 0.9257813
vt 0.2303467 0.9257813
vt 0.2327881 0.9033203
vt 0.2338867 0.9072266
vt 0.2329102 0.9072266
vt 0.2338867 0.9111328
vt 0.2329102 0.9111328
vt 0.2327881 0.9145508
vt 0.2320557 0.9145508
vt 0.230957 0.9013672
vt 0.230957 0.8969727
vt 0.2307129 0.8969727
vt 0.2304688 0.9213867
vt 0.2303467 0.9213867
vt 0.2303467 0.9257813
vt 0.2304688 0.9257813
vt 0.2080078 0.9287109
vt 0.2104492 0.9287109
vt 0.2120361 0.9287109
vt 0.2060547 0.9287109
vt 0.2054443 0.9287109
vt 0.203125 0.9287109
vt 0.2044678 0.9287109
vt 0.2020264 0.9287109
vt 0.2010498 0.9277344
vt 0.2021484 0.9277344
vt 0.2050781 0.9277344
vt 0.2050781 0.8725586
vt 0.2021484 0.8725586
vt 0.2010498 0.8725586
vt 0.2020264 0.871582
vt 0.203125 0.871582
vt 0.2060547 0.871582
vt 0.2080078 0.871582
vt 0.2054443 0.871582
vt 0.2044678 0.871582
vt 0.2052002 0.9287109
vt 0.2020264 0.9287109
vt 0.2044678 0.9287109
vt 0.2028809 0.9287109
vt 0.2075195 0.9287109
vt 0.2017822 0.9277344
vt 0.2010498 0.9277344
vt 0.2010498 0.8725586
vt 0.2053223 0.9287109
vt 0.2111816 0.9287109
vt 0.2044678 0.9277344
vt 0.2017822 0.8725586
vt 0.2094727 0.9287109
vt 0.2161865 0.9287109
vt 0.2087402 0.9277344
vt 0.2149658 0.9287109
vt 0.2220459 0.9287109
vt 0.2028809 0.871582
vt 0.2020264 0.871582
vt 0.2044678 0.871582
vt 0.2052002 0.871582
vt 0.2053223 0.871582
vt 0.2075195 0.871582
vt 0.2044678 0.8725586
vt 0.2094727 0.871582
vt 0.2111816 0.871582
vt 0.2087402 0.8725586
vt 0.2149658 0.871582
vt 0.2161865 0.871582
vt 0.2143555 0.9277344
vt 0.2214355 0.871582
vt 0.2220459 0.871582
vt 0.2143555 0.8725586
vt 0.2210693 0.9277344
vt 0.2283936 0.871582
vt 0.2283936 0.871582
vt 0.2210693 0.8725586
vt 0.2214355 0.9287109
vt 0.2283936 0.9287109
vt 0.2353516 0.871582
vt 0.2347412 0.871582
vt 0.2282715 0.9277344
vt 0.2283936 0.9287109
vt 0.2347412 0.9287109
vt 0.2282715 0.8725586
vt 0.2419434 0.871582
vt 0.2407227 0.871582
vt 0.2353516 0.9287109
vt 0.2407227 0.9287109
vt 0.2355957 0.9277344
vt 0.2355957 0.8725586
vt 0.2475586 0.871582
vt 0.2458496 0.871582
vt 0.2419434 0.9287109
vt 0.2458496 0.9287109
vt 0.2424316 0.9277344
vt 0.2424316 0.8725586
vt 0.2519531 0.871582
vt 0.2498779 0.871582
vt 0.2475586 0.9287109
vt 0.2498779 0.9287109
vt 0.248291 0.9277344
vt 0.248291 0.8725586
vt 0.2548828 0.871582
vt 0.2524414 0.871582
vt 0.2519531 0.9287109
vt 0.2524414 0.9287109
vt 0.2529297 0.9277344
vt 0.2529297 0.8725586
vt 0.2558594 0.871582
vt 0.253418 0.871582
vt 0.2558594 0.8725586
vt 0.2570801 0.8725586
vt 0.2570801 0.9277344
vt 0.2558594 0.9277344
vt 0.2548828 0.9287109
vt 0.2558594 0.9287109
vt 0.253418 0.9287109
vt 0.1463623 0.8671875
vt 0.1685791 0.8671875
vt 0.1685791 0.9042969
vt 0.1463623 0.9042969
vt 0.2294922 0.8720703
vt 0.2297363 0.8720703
vt 0.2299805 0.8720703
vt 0.2290039 0.8720703
vt 0.229248 0.8720703
vt 0.2288818 0.871582
vt 0.2299805 0.871582
vt 0.2288818 0.8681641
vt 0.2299805 0.8681641
vt 0.1942139 0.8881836
vt 0.1932373 0.8701172
vt 0.1853027 0.8701172
vt 0.1860352 0.8881836
vt 0.1809082 0.9038086
vt 0.1871338 0.9038086
vt 0.1721191 0.9130859
vt 0.1697998 0.9130859
vt 0.1657715 0.9130859
vt 0.1697998 0.9038086
vt 0.1611328 0.9130859
vt 0.1717529 0.8881836
vt 0.1715088 0.8701172
vt 0.1571045 0.9038086
vt 0.1571045 0.9130859
vt 0.1552734 0.8881836
vt 0.1555176 0.8701172
vt 0.1461182 0.9038086
vt 0.1547852 0.9130859
vt 0.1409912 0.8881836
vt 0.1417236 0.8701172
vt 0.1396484 0.9038086
vt 0.1546631 0.9130859
vt 0.1396484 0.9038086
vt 0.1326904 0.8881836
vt 0.133667 0.8701172
vt 0.1325684 0.8881836
vt 0.133667 0.8701172
vt 0.2431641 0.875
vt 0.2489014 0.875
vt 0.2489014 0.8696289
vt 0.2431641 0.8696289
vt 0.2314453 0.875
vt 0.2314453 0.8696289
vt 0.2181396 0.875
vt 0.2181396 0.8696289
vt 0.208252 0.875
vt 0.208252 0.8696289
vt 0.2056885 0.875
vt 0.2056885 0.8696289
vt 0.2114258 0.875
vt 0.2056885 0.875
vt 0.2056885 0.8696289
vt 0.2114258 0.8696289
vt 0.2231445 0.875
vt 0.2231445 0.8696289
vt 0.2365723 0.875
vt 0.2365723 0.8696289
vt 0.2463379 0.875
vt 0.2463379 0.8696289
vt 0.2489014 0.875
vt 0.2489014 0.8696289
vt 0.1696777 0.9038086
vt 0.1697998 0.9130859
vt 0.1657715 0.9130859
vt 0.1569824 0.9038086
vt 0.1610107 0.9130859
vt 0.1550293 0.8881836
vt 0.1716309 0.8881836
vt 0.1459961 0.9038086
vt 0.1569824 0.9130859
vt 0.1553955 0.8701172
vt 0.1712646 0.8701172
vt 0.1416016 0.8701172
vt 0.1408691 0.8881836
vt 0.133667 0.8701172
vt 0.1325684 0.8881836
vt 0.1396484 0.9038086
vt 0.1546631 0.9130859
vt 0.2161865 0.8842773
vt 0.2056885 0.875
vt 0.2114258 0.875
vt 0.2191162 0.8842773
vt 0.2237549 0.894043
vt 0.2231445 0.875
vt 0.2247314 0.894043
vt 0.2280273 0.894043
vt 0.2299805 0.894043
vt 0.2252197 0.8842773
vt 0.2365723 0.875
vt 0.2266846 0.894043
vt 0.230835 0.894043
vt 0.2320557 0.8842773
vt 0.2463379 0.875
vt 0.2288818 0.894043
vt 0.2371826 0.8842773
vt 0.2489014 0.875
vt 0.2384033 0.8842773
vt 0.2304688 0.894043
vt 0.1931152 0.8701172
vt 0.1932373 0.8701172
vt 0.1942139 0.8881836
vt 0.1942139 0.8881836
vt 0.1851807 0.8701172
vt 0.1871338 0.9038086
vt 0.1859131 0.8881836
vt 0.1871338 0.9038086
vt 0.1721191 0.9130859
vt 0.1807861 0.9038086
vt 0.1721191 0.9130859
vt 0.1697998 0.9130859
vt 0.2479248 0.8681641
vt 0.2539063 0.8681641
vt 0.2539063 0.9072266
vt 0.2479248 0.9072266
vt 0.251709 0.909668
vt 0.2467041 0.909668
vt 0.2143555 0.909668
vt 0.2064209 0.909668
vt 0.2042236 0.9072266
vt 0.2122803 0.9072266
vt 0.2327881 0.909668
vt 0.2042236 0.8681641
vt 0.2122803 0.8681641
vt 0.2340088 0.9072266
vt 0.2122803 0.8681641
vt 0.2340088 0.8681641
vt 0.2492676 0.8681641
vt 0.2553711 0.8681641
vt 0.2553711 0.9199219
vt 0.2492676 0.9199219
vt 0.2384033 0.8842773
vt 0.2489014 0.875
vt 0.2431641 0.875
vt 0.2354736 0.8842773
vt 0.230835 0.894043
vt 0.2314453 0.875
vt 0.2299805 0.894043
vt 0.2294922 0.8842773
vt 0.2181396 0.875
vt 0.2280273 0.894043
vt 0.2225342 0.8842773
vt 0.208252 0.875
vt 0.2258301 0.894043
vt 0.2237549 0.894043
vt 0.2175293 0.8842773
vt 0.2056885 0.875
vt 0.2161865 0.8842773
vt 0.2242432 0.894043
vt 0.2553711 0.8681641
vt 0.2470703 0.9199219
vt 0.2553711 0.9199219
vt 0.2470703 0.8681641
vt 0.2241211 0.9199219
vt 0.2241211 0.8681641
vt 0.2095947 0.9199219
vt 0.2095947 0.8681641
vt 0.2033691 0.9199219
vt 0.2033691 0.8681641
vt 0.2102051 0.8681641
vt 0.2042236 0.8681641
vt 0.2042236 0.9072266
vt 0.2102051 0.9072266
vt 0.223999 0.8681641
vt 0.2064209 0.909668
vt 0.223999 0.9072266
vt 0.2458496 0.8681641
vt 0.2114258 0.909668
vt 0.2143555 0.909668
vt 0.2327881 0.909668
vt 0.2253418 0.909668
vt 0.2458496 0.9072266
vt 0.2539063 0.8681641
vt 0.2539063 0.9072266
vt 0.2436523 0.909668
vt 0.2467041 0.909668
vt 0.251709 0.909668
vt 0.2033691 0.8681641
vt 0.2116699 0.8681641
vt 0.2116699 0.9199219
vt 0.2033691 0.9199219
vt 0.2294922 0.8720703
vt 0.2290039 0.8720703
vt 0.229248 0.8720703
vt 0.2299805 0.8720703
vt 0.2297363 0.8720703
vt 0.2288818 0.871582
vt 0.2299805 0.871582
vt 0.2288818 0.8681641
vt 0.2299805 0.8681641
vt 0.1878662 0.8671875
vt 0.1942139 0.8671875
vt 0.1942139 0.9042969
vt 0.1878662 0.9042969
vt 0.2470703 0.9199219
vt 0.2398682 0.9199219
vt 0.2553711 0.9199219
vt 0.2321777 0.9199219
vt 0.2241211 0.9199219
vt 0.2189941 0.9199219
vt 0.2095947 0.9199219
vt 0.2033691 0.9199219
vt 0.2271729 0.8720703
vt 0.2270508 0.8720703
vt 0.2270508 0.8720703
vt 0.2269287 0.8720703
vt 0.2269287 0.8720703
vt 0.2271729 0.871582
vt 0.2269287 0.871582
vt 0.2271729 0.8681641
vt 0.2269287 0.8681641
vt 0.1351318 0.8837891
vt 0.1351318 0.8671875
vt 0.1341553 0.8671875
vt 0.1341553 0.9042969
vt 0.135376 0.8886719
vt 0.1362305 0.8925781
vt 0.137085 0.894043
vt 0.1401367 0.9042969
vt 0.1380615 0.8925781
vt 0.138916 0.8886719
vt 0.1391602 0.8837891
vt 0.1391602 0.8671875
vt 0.1401367 0.8671875
vt 0.1605225 0.8671875
vt 0.1605225 0.9042969
vt 0.1643066 0.8671875
vt 0.1643066 0.8837891
vt 0.1654053 0.8886719
vt 0.168457 0.8925781
vt 0.171875 0.894043
vt 0.175415 0.8925781
vt 0.1829834 0.9042969
vt 0.1784668 0.8886719
vt 0.1795654 0.8837891
vt 0.1829834 0.8671875
vt 0.1795654 0.8671875
vt 0.1942139 0.8671875
vt 0.1942139 0.9042969
vt 0.1463623 0.8671875
vt 0.1463623 0.9042969
vt 0.1341553 0.9042969
vt 0.1341553 0.8671875
vt 0.1351318 0.8671875
vt 0.1341553 0.8671875
vt 0.1341553 0.9042969
vt 0.1351318 0.8837891
vt 0.135376 0.8886719
vt 0.1362305 0.8925781
vt 0.137085 0.894043
vt 0.1401367 0.9042969
vt 0.1380615 0.8925781
vt 0.138916 0.8886719
vt 0.1391602 0.8837891
vt 0.1391602 0.8671875
vt 0.1401367 0.8671875
vt 0.1605225 0.8671875
vt 0.1605225 0.9042969
vt 0.1643066 0.8671875
vt 0.1643066 0.8837891
vt 0.1654053 0.8886719
vt 0.168457 0.8925781
vt 0.171875 0.894043
vt 0.175415 0.8925781
vt 0.1829834 0.9042969
vt 0.1784668 0.8886719
vt 0.1795654 0.8837891
vt 0.1829834 0.8671875
vt 0.1795654 0.8671875
vt 0.1942139 0.8671875
vt 0.1942139 0.9042969
vt 0.2116699 0.8681641
vt 0.2346191 0.8681641
vt 0.2346191 0.9199219
vt 0.2116699 0.9199219
vt 0.2189941 0.9199219
vt 0.2033691 0.9199219
vt 0.2116699 0.9199219
vt 0.2265625 0.9199219
vt 0.2321777 0.9199219
vt 0.2346191 0.9199219
vt 0.2398682 0.9199219
vt 0.2271729 0.8681641
vt 0.2269287 0.8681641
vt 0.2269287 0.871582
vt 0.2271729 0.871582
vt 0.2269287 0.8720703
vt 0.2271729 0.8720703
vt 0.2269287 0.8720703
vt 0.2270508 0.8720703
vt 0.2270508 0.8720703
vt 0.1878662 0.8671875
vt 0.1942139 0.8671875
vt 0.1942139 0.9042969
vt 0.1878662 0.9042969
vt 0.1463623 0.8671875
vt 0.1463623 0.9042969
vt 0.1341553 0.9042969
vt 0.1341553 0.8671875
vt 0.2042236 0.8681641
vt 0.2122803 0.8681641
vt 0.2122803 0.9072266
vt 0.2042236 0.9072266
vt 0.2143555 0.909668
vt 0.2064209 0.909668
vt 0.2327881 0.909668
vt 0.2340088 0.9072266
vt 0.2122803 0.8681641
vt 0.2340088 0.8681641
vt 0.251709 0.909668
vt 0.2467041 0.909668
vt 0.2479248 0.9072266
vt 0.2539063 0.9072266
vt 0.2479248 0.8681641
vt 0.2539063 0.8681641
vt 0.2095947 0.8681641
vt 0.2033691 0.8681641
vt 0.2033691 0.9199219
vt 0.2095947 0.9199219
vt 0.2241211 0.8681641
vt 0.2241211 0.9199219
vt 0.2470703 0.8681641
vt 0.2470703 0.9199219
vt 0.2553711 0.8681641
vt 0.2553711 0.9199219
vt 0.2189941 0.9199219
vt 0.2033691 0.9199219
vt 0.2116699 0.9199219
vt 0.2265625 0.9199219
vt 0.2321777 0.9199219
vt 0.2346191 0.9199219
vt 0.2398682 0.9199219
vt 0.2102051 0.8681641
vt 0.2042236 0.8681641
vt 0.2042236 0.9072266
vt 0.2102051 0.9072266
vt 0.223999 0.8681641
vt 0.2064209 0.909668
vt 0.223999 0.9072266
vt 0.2458496 0.8681641
vt 0.2114258 0.909668
vt 0.2143555 0.909668
vt 0.2327881 0.909668
vt 0.2253418 0.909668
vt 0.2458496 0.9072266
vt 0.2539063 0.8681641
vt 0.2539063 0.9072266
vt 0.2436523 0.909668
vt 0.2467041 0.909668
vt 0.251709 0.909668
vt 0.2116699 0.8681641
vt 0.2346191 0.8681641
vt 0.2346191 0.9199219
vt 0.2116699 0.9199219
vt 0.2033691 0.8681641
vt 0.2116699 0.8681641
vt 0.2116699 0.9199219
vt 0.2033691 0.9199219
vt 0.2470703 0.9199219
vt 0.2398682 0.9199219
vt 0.2553711 0.9199219
vt 0.2321777 0.9199219
vt 0.2241211 0.9199219
vt 0.2189941 0.9199219
vt 0.2095947 0.9199219
vt 0.2033691 0.9199219
vt 0.1931152 0.8701172
vt 0.1932373 0.8701172
vt 0.1942139 0.8881836
vt 0.1942139 0.8881836
vt 0.1851807 0.8701172
vt 0.1871338 0.9038086
vt 0.1859131 0.8881836
vt 0.1871338 0.9038086
vt 0.1721191 0.9130859
vt 0.1807861 0.9038086
vt 0.1721191 0.9130859
vt 0.1697998 0.9130859
vt 0.1396484 0.9038086
vt 0.1569824 0.9130859
vt 0.1546631 0.9130859
vt 0.1459961 0.9038086
vt 0.1325684 0.8881836
vt 0.1610107 0.9130859
vt 0.1408691 0.8881836
vt 0.133667 0.8701172
vt 0.1416016 0.8701172
vt 0.1569824 0.9038086
vt 0.1657715 0.9130859
vt 0.1550293 0.8881836
vt 0.1553955 0.8701172
vt 0.1696777 0.9038086
vt 0.1697998 0.9130859
vt 0.1716309 0.8881836
vt 0.1712646 0.8701172
vt 0.2384033 0.8842773
vt 0.2489014 0.875
vt 0.2431641 0.875
vt 0.2354736 0.8842773
vt 0.230835 0.894043
vt 0.2314453 0.875
vt 0.2299805 0.894043
vt 0.2294922 0.8842773
vt 0.2181396 0.875
vt 0.2280273 0.894043
vt 0.2225342 0.8842773
vt 0.208252 0.875
vt 0.2175293 0.8842773
vt 0.2056885 0.875
vt 0.2161865 0.8842773
vt 0.2258301 0.894043
vt 0.2242432 0.894043
vt 0.2237549 0.894043
vt 0.2247314 0.894043
vt 0.2492676 0.8681641
vt 0.2553711 0.8681641
vt 0.2553711 0.9199219
vt 0.2492676 0.9199219
vt 0.1878662 0.8671875
vt 0.1942139 0.8671875
vt 0.1942139 0.9042969
vt 0.1878662 0.9042969
vt 0.1795654 0.8671875
vt 0.1795654 0.8837891
vt 0.1829834 0.8671875
vt 0.1829834 0.9042969
vt 0.1784668 0.8886719
vt 0.1942139 0.8671875
vt 0.1942139 0.9042969
vt 0.175415 0.8925781
vt 0.1605225 0.9042969
vt 0.171875 0.894043
vt 0.168457 0.8925781
vt 0.1654053 0.8886719
vt 0.1643066 0.8837891
vt 0.1643066 0.8671875
vt 0.1605225 0.8671875
vt 0.1401367 0.9042969
vt 0.1401367 0.8671875
vt 0.1391602 0.8671875
vt 0.1391602 0.8837891
vt 0.138916 0.8886719
vt 0.1380615 0.8925781
vt 0.137085 0.894043
vt 0.1341553 0.9042969
vt 0.1362305 0.8925781
vt 0.135376 0.8886719
vt 0.1351318 0.8837891
vt 0.1341553 0.8671875
vt 0.1351318 0.8671875
vt 0.2294922 0.8720703
vt 0.2297363 0.8720703
vt 0.2299805 0.8720703
vt 0.2290039 0.8720703
vt 0.229248 0.8720703
vt 0.2288818 0.871582
vt 0.2299805 0.871582
vt 0.2288818 0.8681641
vt 0.2299805 0.8681641
vt 0.1463623 0.8671875
vt 0.1463623 0.9042969
vt 0.1341553 0.9042969
vt 0.1341553 0.8671875
vt 0.2271729 0.8681641
vt 0.2269287 0.8681641
vt 0.2269287 0.871582
vt 0.2271729 0.871582
vt 0.2269287 0.8720703
vt 0.2271729 0.8720703
vt 0.2269287 0.8720703
vt 0.2270508 0.8720703
vt 0.2270508 0.8720703
vt 0.2102051 0.8681641
vt 0.2042236 0.8681641
vt 0.2042236 0.9072266
vt 0.2102051 0.9072266
vt 0.2064209 0.909668
vt 0.223999 0.8681641
vt 0.2114258 0.909668
vt 0.223999 0.9072266
vt 0.2458496 0.8681641
vt 0.2253418 0.909668
vt 0.2327881 0.909668
vt 0.2458496 0.9072266
vt 0.2539063 0.8681641
vt 0.2539063 0.9072266
vt 0.2436523 0.909668
vt 0.2467041 0.909668
vt 0.251709 0.909668
vt 0.2114258 0.909668
vt 0.2143555 0.909668
vt 0.2064209 0.909668
vt 0.2042236 0.9072266
vt 0.2122803 0.9072266
vt 0.2327881 0.909668
vt 0.2042236 0.8681641
vt 0.2122803 0.8681641
vt 0.2340088 0.9072266
vt 0.2122803 0.8681641
vt 0.2340088 0.8681641
vt 0.2479248 0.8681641
vt 0.2539063 0.8681641
vt 0.2539063 0.9072266
vt 0.2479248 0.9072266
vt 0.251709 0.909668
vt 0.2467041 0.909668
vt 0.2095947 0.8681641
vt 0.2033691 0.8681641
vt 0.2033691 0.9199219
vt 0.2095947 0.9199219
vt 0.2241211 0.8681641
vt 0.2241211 0.9199219
vt 0.2470703 0.8681641
vt 0.2470703 0.9199219
vt 0.2553711 0.8681641
vt 0.2553711 0.9199219
vt 0.2492676 0.8681641
vt 0.2553711 0.8681641
vt 0.2553711 0.9199219
vt 0.2492676 0.9199219
vt 0.2116699 0.8681641
vt 0.2346191 0.8681641
vt 0.2346191 0.9199219
vt 0.2116699 0.9199219
vt 0.2033691 0.8681641
vt 0.2116699 0.8681641
vt 0.2116699 0.9199219
vt 0.2033691 0.9199219
vt 0.2095947 0.9199219
vt 0.2033691 0.9199219
vt 0.2189941 0.9199219
vt 0.2241211 0.9199219
vt 0.2321777 0.9199219
vt 0.2265625 0.9199219
vt 0.2470703 0.9199219
vt 0.2398682 0.9199219
vt 0.2553711 0.9199219
vt 0.2189941 0.9199219
vt 0.2033691 0.9199219
vt 0.2116699 0.9199219
vt 0.2265625 0.9199219
vt 0.2346191 0.9199219
vt 0.2398682 0.9199219
vt 0.1931152 0.8701172
vt 0.1932373 0.8701172
vt 0.1942139 0.8881836
vt 0.1942139 0.8881836
vt 0.1851807 0.8701172
vt 0.1871338 0.9038086
vt 0.1859131 0.8881836
vt 0.1871338 0.9038086
vt 0.1721191 0.9130859
vt 0.1807861 0.9038086
vt 0.1721191 0.9130859
vt 0.1697998 0.9130859
vt 0.1696777 0.9038086
vt 0.1697998 0.9130859
vt 0.1657715 0.9130859
vt 0.1569824 0.9038086
vt 0.1610107 0.9130859
vt 0.1550293 0.8881836
vt 0.1716309 0.8881836
vt 0.1459961 0.9038086
vt 0.1569824 0.9130859
vt 0.1553955 0.8701172
vt 0.1712646 0.8701172
vt 0.1416016 0.8701172
vt 0.1408691 0.8881836
vt 0.133667 0.8701172
vt 0.1325684 0.8881836
vt 0.1396484 0.9038086
vt 0.1546631 0.9130859
vt 0.133667 0.8701172
vt 0.133667 0.8701172
vt 0.1325684 0.8881836
vt 0.1326904 0.8881836
vt 0.1417236 0.8701172
vt 0.1396484 0.9038086
vt 0.1409912 0.8881836
vt 0.1555176 0.8701172
vt 0.1396484 0.9038086
vt 0.1546631 0.9130859
vt 0.1547852 0.9130859
vt 0.1461182 0.9038086
vt 0.1571045 0.9130859
vt 0.1552734 0.8881836
vt 0.1715088 0.8701172
vt 0.1571045 0.9038086
vt 0.1611328 0.9130859
vt 0.1717529 0.8881836
vt 0.1853027 0.8701172
vt 0.1697998 0.9038086
vt 0.1657715 0.9130859
vt 0.1860352 0.8881836
vt 0.1809082 0.9038086
vt 0.1697998 0.9130859
vt 0.1721191 0.9130859
vt 0.1871338 0.9038086
vt 0.1942139 0.8881836
vt 0.1932373 0.8701172
vt 0.2161865 0.8842773
vt 0.2056885 0.875
vt 0.2114258 0.875
vt 0.2191162 0.8842773
vt 0.2237549 0.894043
vt 0.2231445 0.875
vt 0.2247314 0.894043
vt 0.2252197 0.8842773
vt 0.2365723 0.875
vt 0.2266846 0.894043
vt 0.2320557 0.8842773
vt 0.2463379 0.875
vt 0.2288818 0.894043
vt 0.2371826 0.8842773
vt 0.2489014 0.875
vt 0.2304688 0.894043
vt 0.2384033 0.8842773
vt 0.230835 0.894043
vt 0.2489014 0.875
vt 0.2463379 0.8696289
vt 0.2489014 0.8696289
vt 0.2463379 0.875
vt 0.2365723 0.8696289
vt 0.2365723 0.875
vt 0.2231445 0.8696289
vt 0.2231445 0.875
vt 0.2114258 0.8696289
vt 0.2114258 0.875
vt 0.2056885 0.8696289
vt 0.2056885 0.875
vt 0.2384033 0.8842773
vt 0.2489014 0.875
vt 0.2431641 0.875
vt 0.2354736 0.8842773
vt 0.2314453 0.875
vt 0.230835 0.894043
vt 0.2294922 0.8842773
vt 0.2181396 0.875
vt 0.2299805 0.894043
vt 0.2225342 0.8842773
vt 0.208252 0.875
vt 0.2280273 0.894043
vt 0.2175293 0.8842773
vt 0.2056885 0.875
vt 0.2161865 0.8842773
vt 0.2258301 0.894043
vt 0.2242432 0.894043
vt 0.2237549 0.894043
vt 0.2247314 0.894043
vt 0.2266846 0.894043
vt 0.2288818 0.894043
vt 0.2304688 0.894043
vt 0.2056885 0.875
vt 0.208252 0.8696289
vt 0.2056885 0.8696289
vt 0.208252 0.875
vt 0.2181396 0.8696289
vt 0.2181396 0.875
vt 0.2314453 0.8696289
vt 0.2314453 0.875
vt 0.2431641 0.8696289
vt 0.2431641 0.875
vt 0.2489014 0.8696289
vt 0.2489014 0.875
vt 0.1942139 0.8881836
vt 0.1932373 0.8701172
vt 0.1853027 0.8701172
vt 0.1860352 0.8881836
vt 0.1809082 0.9038086
vt 0.1871338 0.9038086
vt 0.1721191 0.9130859
vt 0.1697998 0.9130859
vt 0.1657715 0.9130859
vt 0.1697998 0.9038086
vt 0.1611328 0.9130859
vt 0.1717529 0.8881836
vt 0.1715088 0.8701172
vt 0.1571045 0.9038086
vt 0.1571045 0.9130859
vt 0.1552734 0.8881836
vt 0.1555176 0.8701172
vt 0.1461182 0.9038086
vt 0.1547852 0.9130859
vt 0.1409912 0.8881836
vt 0.1417236 0.8701172
vt 0.1396484 0.9038086
vt 0.1546631 0.9130859
vt 0.1396484 0.9038086
vt 0.1326904 0.8881836
vt 0.133667 0.8701172
vt 0.1325684 0.8881836
vt 0.133667 0.8701172
vt 0.2489014 0.875
vt 0.2463379 0.8696289
vt 0.2489014 0.8696289
vt 0.2463379 0.875
vt 0.2365723 0.8696289
vt 0.2365723 0.875
vt 0.2231445 0.8696289
vt 0.2231445 0.875
vt 0.2114258 0.8696289
vt 0.2114258 0.875
vt 0.2056885 0.8696289
vt 0.2056885 0.875
vt 0.1463623 0.8671875
vt 0.1685791 0.8671875
vt 0.1685791 0.9042969
vt 0.1463623 0.9042969
vt 0.2161865 0.8842773
vt 0.2056885 0.875
vt 0.2114258 0.875
vt 0.2191162 0.8842773
vt 0.2237549 0.894043
vt 0.2231445 0.875
vt 0.2247314 0.894043
vt 0.2252197 0.8842773
vt 0.2365723 0.875
vt 0.2320557 0.8842773
vt 0.2463379 0.875
vt 0.2266846 0.894043
vt 0.2371826 0.8842773
vt 0.2489014 0.875
vt 0.2384033 0.8842773
vt 0.2299805 0.894043
vt 0.2280273 0.894043
vt 0.230835 0.894043
vt 0.2288818 0.894043
vt 0.2304688 0.894043
vt 0.2431641 0.875
vt 0.2489014 0.875
vt 0.2489014 0.8696289
vt 0.2431641 0.8696289
vt 0.2314453 0.875
vt 0.2314453 0.8696289
vt 0.2181396 0.875
vt 0.2181396 0.8696289
vt 0.208252 0.875
vt 0.208252 0.8696289
vt 0.2056885 0.875
vt 0.2056885 0.8696289
vt 0.2114258 0.875
vt 0.2056885 0.875
vt 0.2056885 0.8696289
vt 0.2114258 0.8696289
vt 0.2231445 0.875
vt 0.2231445 0.8696289
vt 0.2365723 0.875
vt 0.2365723 0.8696289
vt 0.2463379 0.875
vt 0.2463379 0.8696289
vt 0.2489014 0.875
vt 0.2489014 0.8696289
vt 0.2056885 0.875
vt 0.208252 0.8696289
vt 0.2056885 0.8696289
vt 0.208252 0.875
vt 0.2181396 0.8696289
vt 0.2181396 0.875
vt 0.2314453 0.8696289
vt 0.2314453 0.875
vt 0.2431641 0.8696289
vt 0.2431641 0.875
vt 0.2489014 0.8696289
vt 0.2489014 0.875
vt 0.2384033 0.8842773
vt 0.2489014 0.875
vt 0.2431641 0.875
vt 0.2354736 0.8842773
vt 0.230835 0.894043
vt 0.2314453 0.875
vt 0.2299805 0.894043
vt 0.2294922 0.8842773
vt 0.2181396 0.875
vt 0.2280273 0.894043
vt 0.2247314 0.894043
vt 0.2237549 0.894043
vt 0.2225342 0.8842773
vt 0.208252 0.875
vt 0.2258301 0.894043
vt 0.2175293 0.8842773
vt 0.2056885 0.875
vt 0.2161865 0.8842773
vt 0.2242432 0.894043
vt 0.2161865 0.8842773
vt 0.2056885 0.875
vt 0.2114258 0.875
vt 0.2191162 0.8842773
vt 0.2237549 0.894043
vt 0.2231445 0.875
vt 0.2247314 0.894043
vt 0.2252197 0.8842773
vt 0.2365723 0.875
vt 0.2266846 0.894043
vt 0.2299805 0.894043
vt 0.230835 0.894043
vt 0.2320557 0.8842773
vt 0.2463379 0.875
vt 0.2288818 0.894043
vt 0.2371826 0.8842773
vt 0.2489014 0.875
vt 0.2384033 0.8842773
vt 0.2304688 0.894043
vt 0.1942139 0.8881836
vt 0.1932373 0.8701172
vt 0.1853027 0.8701172
vt 0.1860352 0.8881836
vt 0.1809082 0.9038086
vt 0.1871338 0.9038086
vt 0.1721191 0.9130859
vt 0.1697998 0.9130859
vt 0.1657715 0.9130859
vt 0.1697998 0.9038086
vt 0.1611328 0.9130859
vt 0.1717529 0.8881836
vt 0.1715088 0.8701172
vt 0.1571045 0.9038086
vt 0.1571045 0.9130859
vt 0.1552734 0.8881836
vt 0.1555176 0.8701172
vt 0.1461182 0.9038086
vt 0.1547852 0.9130859
vt 0.1409912 0.8881836
vt 0.1417236 0.8701172
vt 0.1396484 0.9038086
vt 0.1546631 0.9130859
vt 0.1396484 0.9038086
vt 0.1326904 0.8881836
vt 0.133667 0.8701172
vt 0.1325684 0.8881836
vt 0.133667 0.8701172
vt 0.1553955 0.8701172
vt 0.1712646 0.8701172
vt 0.1716309 0.8881836
vt 0.1550293 0.8881836
vt 0.1416016 0.8701172
vt 0.1696777 0.9038086
vt 0.1408691 0.8881836
vt 0.133667 0.8701172
vt 0.1325684 0.8881836
vt 0.1569824 0.9038086
vt 0.1459961 0.9038086
vt 0.1396484 0.9038086
vt 0.1657715 0.9130859
vt 0.1697998 0.9130859
vt 0.1610107 0.9130859
vt 0.1569824 0.9130859
vt 0.1546631 0.9130859
vt 0.1807861 0.9038086
vt 0.1721191 0.9130859
vt 0.1697998 0.9130859
vt 0.1871338 0.9038086
vt 0.1721191 0.9130859
vt 0.1859131 0.8881836
vt 0.1871338 0.9038086
vt 0.1942139 0.8881836
vt 0.1851807 0.8701172
vt 0.1942139 0.8881836
vt 0.1931152 0.8701172
vt 0.1932373 0.8701172
vt 0.2470703 0.9199219
vt 0.2398682 0.9199219
vt 0.2553711 0.9199219
vt 0.2321777 0.9199219
vt 0.2241211 0.9199219
vt 0.2189941 0.9199219
vt 0.2095947 0.9199219
vt 0.2033691 0.9199219
vt 0.2189941 0.9199219
vt 0.2033691 0.9199219
vt 0.2116699 0.9199219
vt 0.2265625 0.9199219
vt 0.2321777 0.9199219
vt 0.2346191 0.9199219
vt 0.2398682 0.9199219
vt 0.2033691 0.8681641
vt 0.2116699 0.8681641
vt 0.2116699 0.9199219
vt 0.2033691 0.9199219
vt 0.2116699 0.8681641
vt 0.2346191 0.8681641
vt 0.2346191 0.9199219
vt 0.2116699 0.9199219
vt 0.2492676 0.8681641
vt 0.2553711 0.8681641
vt 0.2553711 0.9199219
vt 0.2492676 0.9199219
vt 0.2553711 0.8681641
vt 0.2470703 0.9199219
vt 0.2553711 0.9199219
vt 0.2470703 0.8681641
vt 0.2241211 0.9199219
vt 0.2241211 0.8681641
vt 0.2095947 0.9199219
vt 0.2095947 0.8681641
vt 0.2033691 0.9199219
vt 0.2033691 0.8681641
vt 0.2143555 0.909668
vt 0.2064209 0.909668
vt 0.2042236 0.9072266
vt 0.2122803 0.9072266
vt 0.2327881 0.909668
vt 0.2042236 0.8681641
vt 0.2122803 0.8681641
vt 0.2340088 0.9072266
vt 0.2122803 0.8681641
vt 0.2340088 0.8681641
vt 0.251709 0.909668
vt 0.2467041 0.909668
vt 0.2479248 0.9072266
vt 0.2539063 0.9072266
vt 0.2479248 0.8681641
vt 0.2539063 0.8681641
vt 0.2102051 0.8681641
vt 0.2042236 0.8681641
vt 0.2042236 0.9072266
vt 0.2102051 0.9072266
vt 0.223999 0.8681641
vt 0.2064209 0.909668
vt 0.223999 0.9072266
vt 0.2458496 0.8681641
vt 0.2114258 0.909668
vt 0.2143555 0.909668
vt 0.2327881 0.909668
vt 0.2253418 0.909668
vt 0.2458496 0.9072266
vt 0.2539063 0.8681641
vt 0.2539063 0.9072266
vt 0.2436523 0.909668
vt 0.2467041 0.909668
vt 0.251709 0.909668
vt 0.2271729 0.8720703
vt 0.2270508 0.8720703
vt 0.2270508 0.8720703
vt 0.2269287 0.8720703
vt 0.2269287 0.8720703
vt 0.2271729 0.871582
vt 0.2269287 0.871582
vt 0.2271729 0.8681641
vt 0.2269287 0.8681641
vt 0.2294922 0.8720703
vt 0.2290039 0.8720703
vt 0.229248 0.8720703
vt 0.2299805 0.8720703
vt 0.2297363 0.8720703
vt 0.2288818 0.871582
vt 0.2299805 0.871582
vt 0.2288818 0.8681641
vt 0.2299805 0.8681641
vt 0.1463623 0.8671875
vt 0.1463623 0.9042969
vt 0.1341553 0.9042969
vt 0.1341553 0.8671875
vt 0.8037109 0.8413086
vt 0.8051758 0.8427734
vt 0.8144531 0.8427734
vt 0.8037109 0.831543
vt 0.815918 0.8413086
vt 0.8051758 0.8305664
vt 0.815918 0.8320313
vt 0.8144531 0.8305664
vt 0.2052002 0.8110352
vt 0.2045898 0.8266602
vt 0.2052002 0.8271484
vt 0.2044678 0.8110352
vt 0.2047119 0.8105469
vt 0.2052002 0.8105469
vt 0.2277832 0.8105469
vt 0.2044678 0.8271484
vt 0.2277832 0.828125
vt 0.2279053 0.8105469
vt 0.2509766 0.8276367
vt 0.2509766 0.8105469
vt 0.2504883 0.8105469
vt 0.2509766 0.8105469
vt 0.2512207 0.8110352
vt 0.2512207 0.8276367
vt 0.2259521 0.8305664
vt 0.2259521 0.8310547
vt 0.2259521 0.8310547
vt 0.2259521 0.8305664
vt 0.2259521 0.8310547
vt 0.2259521 0.8300781
vt 0.2259521 0.8305664
vt 0.2259521 0.8300781
vt 0.2259521 0.8300781
vt 0.2259521 0.8300781
vt 0.2259521 0.8300781
vt 0.2268066 0.8300781
vt 0.2259521 0.8300781
vt 0.2268066 0.8300781
vt 0.2275391 0.8300781
vt 0.2268066 0.8300781
vt 0.2275391 0.8300781
vt 0.2275391 0.8300781
vt 0.2275391 0.8300781
vt 0.2276611 0.8300781
vt 0.2276611 0.8305664
vt 0.2276611 0.8300781
vt 0.2276611 0.8305664
vt 0.2276611 0.8310547
vt 0.2276611 0.8305664
vt 0.2276611 0.8310547
vt 0.2276611 0.8320313
vt 0.2276611 0.8310547
vt 0.2276611 0.8320313
vt 0.2276611 0.8320313
vt 0.2276611 0.8320313
vt 0.2276611 0.8320313
vt 0.2275391 0.8320313
vt 0.2276611 0.8320313
vt 0.2275391 0.8320313
vt 0.2268066 0.8320313
vt 0.2275391 0.8320313
vt 0.2268066 0.8320313
vt 0.2259521 0.8320313
vt 0.2268066 0.8320313
vt 0.2259521 0.8320313
vt 0.2259521 0.8320313
vt 0.2259521 0.8320313
vt 0.2259521 0.8320313
vt 0.2259521 0.8320313
vt 0.2259521 0.8320313
vt 0.2259521 0.8320313
vt 0.2259521 0.831543
vt 0.2259521 0.8320313
vt 0.2259521 0.831543
vt 0.2259521 0.831543
vt 0.2052002 0.8408203
vt 0.2045898 0.8408203
vt 0.2045898 0.8564453
vt 0.2047119 0.8569336
vt 0.204834 0.8569336
vt 0.2053223 0.8569336
vt 0.2279053 0.8569336
vt 0.2279053 0.8574219
vt 0.2045898 0.8408203
vt 0.2277832 0.8398438
vt 0.2504883 0.8569336
vt 0.2512207 0.8398438
vt 0.2509766 0.8569336
vt 0.2509766 0.8569336
vt 0.2512207 0.8398438
vt 0.2512207 0.8564453
vt 0.1351318 0.8837891
vt 0.1351318 0.8671875
vt 0.1341553 0.8671875
vt 0.1341553 0.9042969
vt 0.135376 0.8886719
vt 0.1362305 0.8925781
vt 0.137085 0.894043
vt 0.1401367 0.9042969
vt 0.1380615 0.8925781
vt 0.138916 0.8886719
vt 0.1391602 0.8837891
vt 0.1391602 0.8671875
vt 0.1401367 0.8671875
vt 0.1605225 0.8671875
vt 0.1605225 0.9042969
vt 0.1643066 0.8671875
vt 0.1643066 0.8837891
vt 0.1654053 0.8886719
vt 0.168457 0.8925781
vt 0.171875 0.894043
vt 0.175415 0.8925781
vt 0.1829834 0.9042969
vt 0.1784668 0.8886719
vt 0.1795654 0.8837891
vt 0.1829834 0.8671875
vt 0.1795654 0.8671875
vt 0.1942139 0.8671875
vt 0.1942139 0.9042969
vt 0.1463623 0.8671875
vt 0.1685791 0.8671875
vt 0.1685791 0.9042969
vt 0.1463623 0.9042969
vt 0.1878662 0.8671875
vt 0.1942139 0.8671875
vt 0.1942139 0.9042969
vt 0.1878662 0.9042969
vt 0.2070313 0.8686523
vt 0.2004395 0.8686523
vt 0.2004395 0.9111328
vt 0.2070313 0.9111328
vt 0.2231445 0.8686523
vt 0.2231445 0.9111328
vt 0.2474365 0.8686523
vt 0.2474365 0.9111328
vt 0.2565918 0.8686523
vt 0.2563477 0.9111328
vt 0.2498779 0.8686523
vt 0.2565918 0.8686523
vt 0.2563477 0.9111328
vt 0.2498779 0.9111328
vt 0.2094727 0.8686523
vt 0.2337646 0.8686523
vt 0.2337646 0.9111328
vt 0.2094727 0.9111328
vt 0.2004395 0.8686523
vt 0.2094727 0.8686523
vt 0.2094727 0.9111328
vt 0.2004395 0.9111328
vt 0.2070313 0.9111328
vt 0.2004395 0.9111328
vt 0.2172852 0.9125977
vt 0.2231445 0.9111328
vt 0.2315674 0.9125977
vt 0.2254639 0.9125977
vt 0.2474365 0.9111328
vt 0.2397461 0.9125977
vt 0.2563477 0.9111328
vt 0.2172852 0.9125977
vt 0.2004395 0.9111328
vt 0.2094727 0.9111328
vt 0.2254639 0.9125977
vt 0.2337646 0.9111328
vt 0.2397461 0.9125977
vt 0.2265625 0.9086914
vt 0.2264404 0.9086914
vt 0.2286377 0.9091797
vt 0.2285156 0.9086914
vt 0.2250977 0.9067383
vt 0.230835 0.9086914
vt 0.2285156 0.9067383
vt 0.2246094 0.9047852
vt 0.2285156 0.9047852
vt 0.2250977 0.9023438
vt 0.2285156 0.9023438
vt 0.2264404 0.9008789
vt 0.2321777 0.9067383
vt 0.230835 0.9086914
vt 0.2285156 0.9047852
vt 0.2321777 0.9067383
vt 0.2325439 0.9047852
vt 0.2325439 0.9047852
vt 0.232666 0.9047852
vt 0.2321777 0.9023438
vt 0.2321777 0.9023438
vt 0.2285156 0.9008789
vt 0.230835 0.9008789
vt 0.230835 0.9008789
vt 0.2286377 0.8999023
vt 0.2265625 0.9008789
vt 0.2265625 0.9008789
vt 0.2264404 0.9008789
vt 0.2250977 0.9023438
vt 0.2252197 0.9023438
vt 0.2246094 0.9047852
vt 0.2247314 0.9047852
vt 0.2250977 0.9067383
vt 0.2252197 0.9067383
vt 0.2264404 0.9086914
vt 0.2265625 0.9086914
vt 0.2287598 0.9008789
vt 0.2286377 0.8999023
vt 0.2287598 0.9023438
vt 0.2247314 0.9047852
vt 0.230835 0.9008789
vt 0.230835 0.9008789
vt 0.2321777 0.9023438
vt 0.2287598 0.9047852
vt 0.2287598 0.9047852
vt 0.232666 0.9047852
vt 0.2287598 0.9067383
vt 0.2321777 0.9067383
vt 0.2287598 0.9086914
vt 0.2286377 0.9091797
vt 0.230835 0.9086914
vt 0.230835 0.9086914
vt 0.2280273 0.9111328
vt 0.2288818 0.9111328
vt 0.2290039 0.9130859
vt 0.227417 0.9130859
vt 0.229126 0.9150391
vt 0.2271729 0.9150391
vt 0.229126 0.9174805
vt 0.2271729 0.9174805
vt 0.2290039 0.9194336
vt 0.227417 0.9194336
vt 0.2288818 0.9228516
vt 0.2280273 0.9228516
vt 0.2277832 0.9111328
vt 0.2280273 0.9111328
vt 0.227417 0.9130859
vt 0.2270508 0.9130859
vt 0.2271729 0.9150391
vt 0.2265625 0.9150391
vt 0.2271729 0.9174805
vt 0.2265625 0.9174805
vt 0.227417 0.9194336
vt 0.2270508 0.9194336
vt 0.2280273 0.9228516
vt 0.2277832 0.9228516
vt 0.2283936 0.9111328
vt 0.2277832 0.9111328
vt 0.2270508 0.9130859
vt 0.2282715 0.9130859
vt 0.2265625 0.9150391
vt 0.2281494 0.9150391
vt 0.2265625 0.9174805
vt 0.2281494 0.9174805
vt 0.2270508 0.9194336
vt 0.2282715 0.9194336
vt 0.2277832 0.9228516
vt 0.2283936 0.9228516
vt 0.229248 0.9111328
vt 0.2283936 0.9111328
vt 0.2282715 0.9130859
vt 0.2298584 0.9130859
vt 0.2281494 0.9150391
vt 0.2302246 0.9150391
vt 0.2281494 0.9174805
vt 0.2302246 0.9174805
vt 0.2282715 0.9194336
vt 0.2298584 0.9194336
vt 0.2283936 0.9228516
vt 0.229248 0.9228516
vt 0.2303467 0.9194336
vt 0.229248 0.9228516
vt 0.2294922 0.9228516
vt 0.2298584 0.9194336
vt 0.2307129 0.9174805
vt 0.2302246 0.9174805
vt 0.2307129 0.9150391
vt 0.2302246 0.9150391
vt 0.2303467 0.9130859
vt 0.2298584 0.9130859
vt 0.2294922 0.9111328
vt 0.229248 0.9111328
vt 0.2290039 0.9194336
vt 0.2294922 0.9228516
vt 0.2288818 0.9228516
vt 0.2303467 0.9194336
vt 0.229126 0.9174805
vt 0.2307129 0.9174805
vt 0.229126 0.9150391
vt 0.2307129 0.9150391
vt 0.2290039 0.9130859
vt 0.2303467 0.9130859
vt 0.2288818 0.9111328
vt 0.2294922 0.9111328
vt 0.2414551 0.8696289
vt 0.2458496 0.8696289
vt 0.24646 0.8823242
vt 0.2418213 0.8828125
vt 0.2336426 0.8696289
vt 0.2423096 0.8945313
vt 0.2337646 0.8828125
vt 0.2244873 0.8696289
vt 0.2387695 0.8945313
vt 0.2338867 0.9013672
vt 0.2243652 0.8828125
vt 0.2166748 0.8696289
vt 0.2325439 0.8945313
vt 0.2325439 0.9013672
vt 0.2290039 0.9023438
vt 0.2163086 0.8823242
vt 0.2121582 0.8696289
vt 0.2254639 0.8945313
vt 0.2303467 0.9013672
vt 0.2116699 0.8823242
vt 0.2121582 0.8696289
vt 0.2115479 0.8823242
vt 0.2192383 0.8945313
vt 0.2276611 0.9013672
vt 0.2156982 0.8945313
vt 0.2156982 0.8945313
vt 0.2254639 0.9013672
vt 0.2241211 0.9013672
vt 0.2241211 0.9013672
vt 0.2165527 0.8696289
vt 0.2121582 0.8696289
vt 0.2115479 0.8823242
vt 0.2161865 0.8828125
vt 0.2243652 0.8696289
vt 0.2156982 0.8945313
vt 0.2242432 0.8828125
vt 0.2335205 0.8696289
vt 0.2192383 0.8945313
vt 0.2241211 0.9013672
vt 0.2336426 0.8828125
vt 0.241333 0.8696289
vt 0.2253418 0.8945313
vt 0.2253418 0.9013672
vt 0.2290039 0.9023438
vt 0.2416992 0.8823242
vt 0.2458496 0.8696289
vt 0.2325439 0.8945313
vt 0.2276611 0.9013672
vt 0.2463379 0.8823242
vt 0.2458496 0.8696289
vt 0.24646 0.8823242
vt 0.2386475 0.8945313
vt 0.2302246 0.9013672
vt 0.2423096 0.8945313
vt 0.2423096 0.8945313
vt 0.2325439 0.9013672
vt 0.2338867 0.9013672
vt 0.2338867 0.9013672
vt 0.2351074 0.8735352
vt 0.2351074 0.8735352
vt 0.2351074 0.8681641
vt 0.2346191 0.8681641
vt 0.2346191 0.8735352
vt 0.2351074 0.8735352
vt 0.2340088 0.8681641
vt 0.2349854 0.8740234
vt 0.2340088 0.8735352
vt 0.2340088 0.8735352
vt 0.2346191 0.8740234
vt 0.2348633 0.8740234
vt 0.2347412 0.8740234
vt 0.2346191 0.8740234
vt 0.234375 0.8740234
vt 0.2341309 0.8740234
vt 0.2341309 0.8735352
vt 0.234375 0.8740234
vt 0.1832275 0.8686523
vt 0.1755371 0.9311523
vt 0.1832275 0.9311523
vt 0.1755371 0.8686523
vt 0.1604004 0.9311523
vt 0.1604004 0.8686523
vt 0.1462402 0.9311523
vt 0.1462402 0.8686523
vt 0.1422119 0.9311523
vt 0.1422119 0.8686523
vt 0.1422119 0.8686523
vt 0.1505127 0.8686523
vt 0.1505127 0.9311523
vt 0.1422119 0.9311523
vt 0.2315674 0.8740234
vt 0.2315674 0.8740234
vt 0.2315674 0.8740234
vt 0.2315674 0.8740234
vt 0.2315674 0.8740234
vt 0.2316895 0.8735352
vt 0.2315674 0.8735352
vt 0.2316895 0.8735352
vt 0.2316895 0.8735352
vt 0.2314453 0.8740234
vt 0.2314453 0.8740234
vt 0.2314453 0.8740234
vt 0.2314453 0.8735352
vt 0.2313232 0.8735352
vt 0.2313232 0.8735352
vt 0.2313232 0.8681641
vt 0.2315674 0.8681641
vt 0.2316895 0.8681641
vt 0.2266846 0.9316406
vt 0.2265625 0.9316406
vt 0.2286377 0.9321289
vt 0.2285156 0.9316406
vt 0.2253418 0.9301758
vt 0.2305908 0.9316406
vt 0.2285156 0.9301758
vt 0.2249756 0.9282227
vt 0.2285156 0.9282227
vt 0.2253418 0.9257813
vt 0.2285156 0.9257813
vt 0.2265625 0.9243164
vt 0.2318115 0.9301758
vt 0.2307129 0.9316406
vt 0.2285156 0.9282227
vt 0.2319336 0.9301758
vt 0.2322998 0.9282227
vt 0.2322998 0.9282227
vt 0.2324219 0.9282227
vt 0.2318115 0.9257813
vt 0.2319336 0.9257813
vt 0.2285156 0.9243164
vt 0.2305908 0.9243164
vt 0.2307129 0.9243164
vt 0.2286377 0.9238281
vt 0.2266846 0.9243164
vt 0.2266846 0.9243164
vt 0.2265625 0.9243164
vt 0.2253418 0.9257813
vt 0.2254639 0.9257813
vt 0.2249756 0.9282227
vt 0.2249756 0.9282227
vt 0.2253418 0.9301758
vt 0.2254639 0.9301758
vt 0.2265625 0.9316406
vt 0.2266846 0.9316406
vt 0.2287598 0.9243164
vt 0.2286377 0.9238281
vt 0.2287598 0.9257813
vt 0.2249756 0.9282227
vt 0.2307129 0.9243164
vt 0.2305908 0.9243164
vt 0.2319336 0.9257813
vt 0.2287598 0.9282227
vt 0.2287598 0.9282227
vt 0.2324219 0.9282227
vt 0.2287598 0.9301758
vt 0.2319336 0.9301758
vt 0.2287598 0.9316406
vt 0.2286377 0.9321289
vt 0.2307129 0.9316406
vt 0.2305908 0.9316406
vt 0.2553711 0.8676758
vt 0.2471924 0.8950195
vt 0.2546387 0.8950195
vt 0.2475586 0.8676758
vt 0.2266846 0.8950195
vt 0.2260742 0.8676758
vt 0.2131348 0.8950195
vt 0.2122803 0.8676758
vt 0.2070313 0.8950195
vt 0.2064209 0.8676758
vt 0.203125 0.8676758
vt 0.2060547 0.8681641
vt 0.2010498 0.8681641
vt 0.2078857 0.8676758
vt 0.2563477 0.8686523
vt 0.2541504 0.8681641
vt 0.2010498 0.8681641
vt 0.2060547 0.8681641
vt 0.2053223 0.8701172
vt 0.2000732 0.8701172
vt 0.2054443 0.8725586
vt 0.2001953 0.8725586
vt 0.2062988 0.875
vt 0.2012939 0.875
vt 0.2131348 0.8681641
vt 0.2010498 0.8681641
vt 0.2000732 0.8701172
vt 0.2125244 0.8701172
vt 0.2322998 0.8681641
vt 0.2001953 0.8725586
vt 0.2322998 0.8701172
vt 0.2512207 0.8686523
vt 0.2126465 0.8725586
vt 0.2012939 0.875
vt 0.2132568 0.875
vt 0.2322998 0.8725586
vt 0.2322998 0.875
vt 0.2509766 0.875
vt 0.2519531 0.8706055
vt 0.2563477 0.8686523
vt 0.2570801 0.8706055
vt 0.251709 0.8725586
vt 0.2570801 0.8725586
vt 0.2558594 0.875
vt 0.2143555 0.8681641
vt 0.203125 0.8676758
vt 0.2010498 0.8681641
vt 0.2131348 0.8681641
vt 0.2320557 0.8681641
vt 0.2322998 0.8681641
vt 0.2493896 0.8681641
vt 0.2512207 0.8686523
vt 0.2541504 0.8681641
vt 0.2563477 0.8686523
vt 0.2012939 0.875
vt 0.2062988 0.875
vt 0.2241211 0.8769531
vt 0.2198486 0.8769531
vt 0.2359619 0.8769531
vt 0.2060547 0.8681641
vt 0.2563477 0.8686523
vt 0.2570801 0.8706055
vt 0.2053223 0.8701172
vt 0.2054443 0.8725586
vt 0.2570801 0.8725586
vt 0.2062988 0.875
vt 0.2558594 0.875
vt 0.2402344 0.8769531
vt 0.2209473 0.8686523
vt 0.244751 0.8686523
vt 0.2474365 0.8681641
vt 0.2199707 0.8681641
vt 0.2092285 0.8681641
vt 0.2116699 0.8686523
vt 0.2069092 0.8681641
vt 0.2095947 0.8686523
vt 0.2359619 0.8769531
vt 0.2402344 0.8769531
vt 0.2558594 0.875
vt 0.2509766 0.875
vt 0.2322998 0.875
vt 0.2198486 0.8769531
vt 0.2132568 0.875
vt 0.2012939 0.875
vt 0.2099609 0.9150391
vt 0.2071533 0.9155273
vt 0.2095947 0.9155273
vt 0.2119141 0.9150391
vt 0.2200928 0.9155273
vt 0.2210693 0.9150391
vt 0.2471924 0.9155273
vt 0.2443848 0.9150391
vt 0.1466064 0.9301758
vt 0.1502686 0.8681641
vt 0.1448975 0.8681641
vt 0.1513672 0.9301758
vt 0.1604004 0.8681641
vt 0.1604004 0.9301758
vt 0.1704102 0.8681641
vt 0.1693115 0.9301758
vt 0.1756592 0.8681641
vt 0.1739502 0.9301758
vt 0.1481934 0.9301758
vt 0.1466064 0.9301758
vt 0.1448975 0.8681641
vt 0.1467285 0.8681641
vt 0.1553955 0.9301758
vt 0.1549072 0.8681641
vt 0.1737061 0.8681641
vt 0.1678467 0.9301758
vt 0.171875 0.9301758
vt 0.1690674 0.8681641
vt 0.1604004 0.9301758
vt 0.1604004 0.8681641
vt 0.152832 0.9301758
vt 0.1516113 0.8681641
vt 0.1488037 0.9301758
vt 0.1469727 0.8681641
vt 0.2218018 0.9140625
vt 0.2209473 0.9130859
vt 0.244751 0.9130859
vt 0.2137451 0.9140625
vt 0.2116699 0.9130859
vt 0.2120361 0.9140625
vt 0.2095947 0.9130859
vt 0.244751 0.9130859
vt 0.2231445 0.9140625
vt 0.2218018 0.9140625
vt 0.217041 0.9140625
vt 0.2137451 0.9140625
vt 0.2155762 0.9140625
vt 0.2120361 0.9140625
vt 0.2216797 0.8686523
vt 0.2425537 0.8686523
vt 0.2453613 0.8686523
vt 0.2207031 0.8686523
vt 0.2110596 0.8686523
vt 0.213623 0.8686523
vt 0.2089844 0.8686523
vt 0.211792 0.8686523
vt 0.15625 0.9301758
vt 0.1484375 0.8681641
vt 0.1555176 0.8681641
vt 0.1501465 0.9301758
vt 0.1469727 0.8681641
vt 0.1488037 0.9301758
vt 0.1547852 0.9301758
vt 0.1444092 0.8681641
vt 0.1539307 0.8681641
vt 0.1464844 0.9301758
vt 0.142334 0.8681641
vt 0.1446533 0.9301758
vt 0.1446533 0.9301758
vt 0.1485596 0.8681641
vt 0.142334 0.8681641
vt 0.1501465 0.9301758
vt 0.1604004 0.8681641
vt 0.1604004 0.9301758
vt 0.1721191 0.8681641
vt 0.1705322 0.9301758
vt 0.1783447 0.8681641
vt 0.1759033 0.9301758
vt 0.2451172 0.9155273
vt 0.2208252 0.9155273
vt 0.2197266 0.9116211
vt 0.2481689 0.9116211
vt 0.2484131 0.8725586
vt 0.2196045 0.8725586
vt 0.2207031 0.8686523
vt 0.2453613 0.8686523
vt 0.2421875 0.9150391
vt 0.2451172 0.9155273
vt 0.2388916 0.9155273
vt 0.2370605 0.9150391
vt 0.2272949 0.9155273
vt 0.2272949 0.9150391
vt 0.2155762 0.9155273
vt 0.2174072 0.9150391
vt 0.2093506 0.9155273
vt 0.2121582 0.9150391
vt 0.2142334 0.8696289
vt 0.211792 0.8691406
vt 0.2171631 0.8691406
vt 0.21875 0.8696289
vt 0.2272949 0.8691406
vt 0.2272949 0.8696289
vt 0.2373047 0.8691406
vt 0.2357178 0.8696289
vt 0.2426758 0.8691406
vt 0.2401123 0.8696289
vt 0.2121582 0.9150391
vt 0.2093506 0.9155273
vt 0.2114258 0.9155273
vt 0.2138672 0.9150391
vt 0.2208252 0.9155273
vt 0.2218018 0.9150391
vt 0.2451172 0.9155273
vt 0.2421875 0.9150391
vt 0.211792 0.8686523
vt 0.2089844 0.8686523
vt 0.215332 0.8686523
vt 0.2171631 0.8686523
vt 0.2272949 0.8686523
vt 0.2272949 0.8686523
vt 0.2391357 0.8686523
vt 0.2373047 0.8686523
vt 0.2453613 0.8686523
vt 0.2425537 0.8686523
vt 0.2095947 0.8686523
vt 0.2069092 0.8681641
vt 0.2139893 0.8681641
vt 0.2158203 0.8686523
vt 0.2272949 0.8681641
vt 0.2272949 0.8686523
vt 0.2404785 0.8681641
vt 0.2387695 0.8686523
vt 0.2474365 0.8681641
vt 0.244751 0.8686523
vt 0.2225342 0.8696289
vt 0.2401123 0.8696289
vt 0.2426758 0.8691406
vt 0.2216797 0.8691406
vt 0.213623 0.8691406
vt 0.2156982 0.8696289
vt 0.211792 0.8691406
vt 0.2142334 0.8696289
vt 0.2159424 0.9150391
vt 0.2071533 0.9155273
vt 0.2099609 0.9150391
vt 0.2142334 0.9155273
vt 0.2272949 0.9150391
vt 0.2272949 0.9155273
vt 0.2385254 0.9150391
vt 0.2403564 0.9155273
vt 0.2443848 0.9150391
vt 0.2471924 0.9155273
vt 0.2116699 0.9130859
vt 0.220459 0.8730469
vt 0.2209473 0.9130859
vt 0.2105713 0.8730469
vt 0.2095947 0.9130859
vt 0.208374 0.8730469
vt 0.2171631 0.8691406
vt 0.211792 0.8691406
vt 0.208374 0.8730469
vt 0.2149658 0.8730469
vt 0.2272949 0.8691406
vt 0.2272949 0.8730469
vt 0.239502 0.8730469
vt 0.2373047 0.8691406
vt 0.2426758 0.8691406
vt 0.2459717 0.8730469
vt 0.2156982 0.9130859
vt 0.208374 0.8730469
vt 0.2095947 0.9130859
vt 0.2149658 0.8730469
vt 0.2272949 0.9130859
vt 0.2272949 0.8730469
vt 0.2387695 0.9130859
vt 0.239502 0.8730469
vt 0.244751 0.9130859
vt 0.2459717 0.8730469
vt 0.2196045 0.9140625
vt 0.2120361 0.9140625
vt 0.2155762 0.9140625
vt 0.2172852 0.9140625
vt 0.2271729 0.9140625
vt 0.2272949 0.9140625
vt 0.2347412 0.9140625
vt 0.2371826 0.9140625
vt 0.2387695 0.9140625
vt 0.2424316 0.9140625
vt 0.2471924 0.9155273
vt 0.2200928 0.9155273
vt 0.2188721 0.9111328
vt 0.2504883 0.9111328
vt 0.2504883 0.8725586
vt 0.2188721 0.8725586
vt 0.2199707 0.8681641
vt 0.2474365 0.8681641
vt 0.213623 0.8691406
vt 0.2216797 0.8691406
vt 0.220459 0.8730469
vt 0.2105713 0.8730469
vt 0.211792 0.8691406
vt 0.208374 0.8730469
vt 0.2424316 0.9140625
vt 0.244751 0.9130859
vt 0.2387695 0.9130859
vt 0.2371826 0.9140625
vt 0.2272949 0.9130859
vt 0.2272949 0.9140625
vt 0.2156982 0.9130859
vt 0.2172852 0.9140625
vt 0.2095947 0.9130859
vt 0.2120361 0.9140625
vt 0.2110596 0.8686523
vt 0.2207031 0.8686523
vt 0.2196045 0.8725586
vt 0.2084961 0.8725586
vt 0.2089844 0.8686523
vt 0.2060547 0.8725586
vt 0.2061768 0.9116211
vt 0.2086182 0.9116211
vt 0.2197266 0.9116211
vt 0.2208252 0.9155273
vt 0.2114258 0.9155273
vt 0.2093506 0.9155273
vt 0.2209473 0.9130859
vt 0.2459717 0.8730469
vt 0.244751 0.9130859
vt 0.220459 0.8730469
vt 0.2216797 0.8691406
vt 0.2426758 0.8691406
vt 0.2092285 0.8681641
vt 0.2199707 0.8681641
vt 0.2188721 0.8725586
vt 0.206543 0.8725586
vt 0.2069092 0.8681641
vt 0.2037354 0.8725586
vt 0.2038574 0.9111328
vt 0.206665 0.9111328
vt 0.2188721 0.9111328
vt 0.2200928 0.9155273
vt 0.2095947 0.9155273
vt 0.2071533 0.9155273
vt 0.215332 0.8686523
vt 0.2089844 0.8686523
vt 0.2060547 0.8725586
vt 0.2133789 0.8725586
vt 0.2272949 0.8686523
vt 0.213501 0.9116211
vt 0.2061768 0.9116211
vt 0.2093506 0.9155273
vt 0.2155762 0.9155273
vt 0.2272949 0.9116211
vt 0.2272949 0.9155273
vt 0.2272949 0.8725586
vt 0.2391357 0.8686523
vt 0.2409668 0.9116211
vt 0.2388916 0.9155273
vt 0.2410889 0.8725586
vt 0.2453613 0.8686523
vt 0.2484131 0.8725586
vt 0.2481689 0.9116211
vt 0.2451172 0.9155273
vt 0.2139893 0.8681641
vt 0.2069092 0.8681641
vt 0.2037354 0.8725586
vt 0.2119141 0.8725586
vt 0.2272949 0.8681641
vt 0.2120361 0.9111328
vt 0.2038574 0.9111328
vt 0.2071533 0.9155273
vt 0.2142334 0.9155273
vt 0.2272949 0.9111328
vt 0.2272949 0.9155273
vt 0.2272949 0.8725586
vt 0.2404785 0.8681641
vt 0.2424316 0.9111328
vt 0.2403564 0.9155273
vt 0.2425537 0.8725586
vt 0.2474365 0.8681641
vt 0.2504883 0.8725586
vt 0.2504883 0.9111328
vt 0.2471924 0.9155273
vt 0.2064209 0.8676758
vt 0.2143555 0.8676758
vt 0.2145996 0.8950195
vt 0.2070313 0.8950195
vt 0.2064209 0.8676758
vt 0.2143555 0.8676758
vt 0.2145996 0.8950195
vt 0.2070313 0.8950195
vt 0.2387695 0.9140625
vt 0.2424316 0.9140625
vt 0.2371826 0.9140625
vt 0.2347412 0.9140625
vt 0.2272949 0.9140625
vt 0.2271729 0.9140625
vt 0.2172852 0.9140625
vt 0.2196045 0.9140625
vt 0.2120361 0.9140625
vt 0.2155762 0.9140625
vt 0.2391357 0.8686523
vt 0.2484131 0.8725586
vt 0.2453613 0.8686523
vt 0.2410889 0.8725586
vt 0.2272949 0.8686523
vt 0.2481689 0.9116211
vt 0.2272949 0.8725586
vt 0.215332 0.8686523
vt 0.2409668 0.9116211
vt 0.2451172 0.9155273
vt 0.2388916 0.9155273
vt 0.2272949 0.9116211
vt 0.2272949 0.9155273
vt 0.2133789 0.8725586
vt 0.2089844 0.8686523
vt 0.2060547 0.8725586
vt 0.213501 0.9116211
vt 0.2155762 0.9155273
vt 0.2061768 0.9116211
vt 0.2093506 0.9155273
vt 0.2404785 0.8681641
vt 0.2504883 0.8725586
vt 0.2474365 0.8681641
vt 0.2425537 0.8725586
vt 0.2272949 0.8681641
vt 0.2504883 0.9111328
vt 0.2272949 0.8725586
vt 0.2139893 0.8681641
vt 0.2424316 0.9111328
vt 0.2471924 0.9155273
vt 0.2403564 0.9155273
vt 0.2272949 0.9111328
vt 0.2272949 0.9155273
vt 0.2119141 0.8725586
vt 0.2069092 0.8681641
vt 0.2037354 0.8725586
vt 0.2120361 0.9111328
vt 0.2142334 0.9155273
vt 0.2038574 0.9111328
vt 0.2071533 0.9155273
vt 0.2092285 0.8681641
vt 0.2037354 0.8725586
vt 0.2069092 0.8681641
vt 0.206543 0.8725586
vt 0.2199707 0.8681641
vt 0.2038574 0.9111328
vt 0.2188721 0.8725586
vt 0.206665 0.9111328
vt 0.2071533 0.9155273
vt 0.2188721 0.9111328
vt 0.2095947 0.9155273
vt 0.2200928 0.9155273
vt 0.2110596 0.8686523
vt 0.2060547 0.8725586
vt 0.2089844 0.8686523
vt 0.2084961 0.8725586
vt 0.2207031 0.8686523
vt 0.2061768 0.9116211
vt 0.2196045 0.8725586
vt 0.2086182 0.9116211
vt 0.2093506 0.9155273
vt 0.2197266 0.9116211
vt 0.2114258 0.9155273
vt 0.2208252 0.9155273
vt 0.2200928 0.9155273
vt 0.2504883 0.9111328
vt 0.2471924 0.9155273
vt 0.2188721 0.9111328
vt 0.2504883 0.8725586
vt 0.2188721 0.8725586
vt 0.2474365 0.8681641
vt 0.2199707 0.8681641
vt 0.2120361 0.9140625
vt 0.2095947 0.9130859
vt 0.2116699 0.9130859
vt 0.2137451 0.9140625
vt 0.2209473 0.9130859
vt 0.2218018 0.9140625
vt 0.244751 0.9130859
vt 0.2459717 0.8730469
vt 0.244751 0.9130859
vt 0.2209473 0.9130859
vt 0.220459 0.8730469
vt 0.2426758 0.8691406
vt 0.2216797 0.8691406
vt 0.2218018 0.9150391
vt 0.2451172 0.9155273
vt 0.2421875 0.9150391
vt 0.2208252 0.9155273
vt 0.2138672 0.9150391
vt 0.2114258 0.9155273
vt 0.2121582 0.9150391
vt 0.2093506 0.9155273
vt 0.2453613 0.8686523
vt 0.2196045 0.8725586
vt 0.2207031 0.8686523
vt 0.2484131 0.8725586
vt 0.2197266 0.9116211
vt 0.2481689 0.9116211
vt 0.2208252 0.9155273
vt 0.2451172 0.9155273
vt 0.213623 0.8691406
vt 0.208374 0.8730469
vt 0.211792 0.8691406
vt 0.2105713 0.8730469
vt 0.2216797 0.8691406
vt 0.220459 0.8730469
vt 0.211792 0.8691406
vt 0.208374 0.8730469
vt 0.2149658 0.8730469
vt 0.2171631 0.8691406
vt 0.2272949 0.8730469
vt 0.2272949 0.8691406
vt 0.239502 0.8730469
vt 0.2373047 0.8691406
vt 0.2459717 0.8730469
vt 0.2426758 0.8691406
vt 0.208374 0.8730469
vt 0.2095947 0.9130859
vt 0.2156982 0.9130859
vt 0.2149658 0.8730469
vt 0.2272949 0.9130859
vt 0.2272949 0.8730469
vt 0.2387695 0.9130859
vt 0.239502 0.8730469
vt 0.2459717 0.8730469
vt 0.244751 0.9130859
vt 0.220459 0.8730469
vt 0.2209473 0.9130859
vt 0.2116699 0.9130859
vt 0.2105713 0.8730469
vt 0.2095947 0.9130859
vt 0.208374 0.8730469
vt 0.2172852 0.9140625
vt 0.2095947 0.9130859
vt 0.2120361 0.9140625
vt 0.2156982 0.9130859
vt 0.2272949 0.9140625
vt 0.2272949 0.9130859
vt 0.2371826 0.9140625
vt 0.2387695 0.9130859
vt 0.2424316 0.9140625
vt 0.244751 0.9130859
vt 0.2443848 0.9150391
vt 0.2471924 0.9155273
vt 0.2403564 0.9155273
vt 0.2385254 0.9150391
vt 0.2272949 0.9155273
vt 0.2272949 0.9150391
vt 0.2142334 0.9155273
vt 0.2159424 0.9150391
vt 0.2071533 0.9155273
vt 0.2099609 0.9150391
vt 0.2156982 0.8696289
vt 0.211792 0.8691406
vt 0.2142334 0.8696289
vt 0.213623 0.8691406
vt 0.2225342 0.8696289
vt 0.2216797 0.8691406
vt 0.2426758 0.8691406
vt 0.2401123 0.8696289
vt 0.2174072 0.9150391
vt 0.2093506 0.9155273
vt 0.2121582 0.9150391
vt 0.2155762 0.9155273
vt 0.2272949 0.9150391
vt 0.2272949 0.9155273
vt 0.2370605 0.9150391
vt 0.2388916 0.9155273
vt 0.2421875 0.9150391
vt 0.2451172 0.9155273
vt 0.2373047 0.8686523
vt 0.2453613 0.8686523
vt 0.2425537 0.8686523
vt 0.2391357 0.8686523
vt 0.2272949 0.8686523
vt 0.2272949 0.8686523
vt 0.2171631 0.8686523
vt 0.215332 0.8686523
vt 0.211792 0.8686523
vt 0.2089844 0.8686523
vt 0.2387695 0.8686523
vt 0.2474365 0.8681641
vt 0.244751 0.8686523
vt 0.2404785 0.8681641
vt 0.2272949 0.8686523
vt 0.2272949 0.8681641
vt 0.2158203 0.8686523
vt 0.2139893 0.8681641
vt 0.2095947 0.8686523
vt 0.2069092 0.8681641
vt 0.2116699 0.8686523
vt 0.2069092 0.8681641
vt 0.2095947 0.8686523
vt 0.2092285 0.8681641
vt 0.2209473 0.8686523
vt 0.2199707 0.8681641
vt 0.2474365 0.8681641
vt 0.244751 0.8686523
vt 0.2357178 0.8696289
vt 0.2426758 0.8691406
vt 0.2401123 0.8696289
vt 0.2373047 0.8691406
vt 0.2272949 0.8696289
vt 0.2272949 0.8691406
vt 0.21875 0.8696289
vt 0.2171631 0.8691406
vt 0.2142334 0.8696289
vt 0.211792 0.8691406
vt 0.2155762 0.9140625
vt 0.2120361 0.9140625
vt 0.2137451 0.9140625
vt 0.217041 0.9140625
vt 0.2218018 0.9140625
vt 0.2231445 0.9140625
vt 0.244751 0.9130859
vt 0.1783447 0.8681641
vt 0.1705322 0.9301758
vt 0.1759033 0.9301758
vt 0.1721191 0.8681641
vt 0.1604004 0.9301758
vt 0.1604004 0.8681641
vt 0.1501465 0.9301758
vt 0.1485596 0.8681641
vt 0.1446533 0.9301758
vt 0.142334 0.8681641
vt 0.2210693 0.9150391
vt 0.2471924 0.9155273
vt 0.2443848 0.9150391
vt 0.2200928 0.9155273
vt 0.2119141 0.9150391
vt 0.2095947 0.9155273
vt 0.2099609 0.9150391
vt 0.2071533 0.9155273
vt 0.213623 0.8686523
vt 0.2089844 0.8686523
vt 0.211792 0.8686523
vt 0.2110596 0.8686523
vt 0.2216797 0.8686523
vt 0.2207031 0.8686523
vt 0.2453613 0.8686523
vt 0.2425537 0.8686523
vt 0.1488037 0.9301758
vt 0.1516113 0.8681641
vt 0.1469727 0.8681641
vt 0.152832 0.9301758
vt 0.1604004 0.8681641
vt 0.1604004 0.9301758
vt 0.1690674 0.8681641
vt 0.1678467 0.9301758
vt 0.1737061 0.8681641
vt 0.171875 0.9301758
vt 0.1464844 0.9301758
vt 0.1446533 0.9301758
vt 0.142334 0.8681641
vt 0.1444092 0.8681641
vt 0.1547852 0.9301758
vt 0.1539307 0.8681641
vt 0.1501465 0.9301758
vt 0.1488037 0.9301758
vt 0.1469727 0.8681641
vt 0.1484375 0.8681641
vt 0.15625 0.9301758
vt 0.1555176 0.8681641
vt 0.1756592 0.8681641
vt 0.1693115 0.9301758
vt 0.1739502 0.9301758
vt 0.1704102 0.8681641
vt 0.1604004 0.9301758
vt 0.1604004 0.8681641
vt 0.1513672 0.9301758
vt 0.1502686 0.8681641
vt 0.1466064 0.9301758
vt 0.1448975 0.8681641
vt 0.1553955 0.9301758
vt 0.1467285 0.8681641
vt 0.1549072 0.8681641
vt 0.1481934 0.9301758
vt 0.1448975 0.8681641
vt 0.1466064 0.9301758
vt 0.2062988 0.875
vt 0.2558594 0.875
vt 0.2402344 0.8769531
vt 0.2570801 0.8725586
vt 0.2054443 0.8725586
vt 0.2570801 0.8706055
vt 0.2053223 0.8701172
vt 0.2060547 0.8681641
vt 0.2563477 0.8686523
vt 0.2198486 0.8769531
vt 0.2241211 0.8769531
vt 0.2359619 0.8769531
vt 0.2322998 0.875
vt 0.2132568 0.875
vt 0.2012939 0.875
vt 0.2509766 0.875
vt 0.2558594 0.875
vt 0.2402344 0.8769531
vt 0.2062988 0.875
vt 0.2012939 0.875
vt 0.2001953 0.8725586
vt 0.2054443 0.8725586
vt 0.2000732 0.8701172
vt 0.2053223 0.8701172
vt 0.2010498 0.8681641
vt 0.2060547 0.8681641
vt 0.2078857 0.8676758
vt 0.2541504 0.8681641
vt 0.2563477 0.8686523
vt 0.2060547 0.8681641
vt 0.203125 0.8676758
vt 0.2010498 0.8681641
vt 0.2509766 0.875
vt 0.2558594 0.875
vt 0.2570801 0.8725586
vt 0.251709 0.8725586
vt 0.2570801 0.8706055
vt 0.2322998 0.8725586
vt 0.2322998 0.875
vt 0.2132568 0.875
vt 0.2519531 0.8706055
vt 0.2563477 0.8686523
vt 0.2512207 0.8686523
vt 0.2322998 0.8701172
vt 0.2322998 0.8681641
vt 0.2126465 0.8725586
vt 0.2012939 0.875
vt 0.2001953 0.8725586
vt 0.2125244 0.8701172
vt 0.2131348 0.8681641
vt 0.2000732 0.8701172
vt 0.2010498 0.8681641
vt 0.2012939 0.875
vt 0.2062988 0.875
vt 0.2241211 0.8769531
vt 0.2198486 0.8769531
vt 0.2541504 0.8681641
vt 0.2512207 0.8686523
vt 0.2563477 0.8686523
vt 0.2493896 0.8681641
vt 0.2322998 0.8681641
vt 0.2320557 0.8681641
vt 0.2131348 0.8681641
vt 0.2143555 0.8681641
vt 0.2010498 0.8681641
vt 0.203125 0.8676758
vt 0.2122803 0.8676758
vt 0.2064209 0.8676758
vt 0.2070313 0.8950195
vt 0.2131348 0.8950195
vt 0.2260742 0.8676758
vt 0.2266846 0.8950195
vt 0.2475586 0.8676758
vt 0.2471924 0.8950195
vt 0.2553711 0.8676758
vt 0.2546387 0.8950195
vt 0.2305908 0.9316406
vt 0.2307129 0.9316406
vt 0.2286377 0.9321289
vt 0.2287598 0.9316406
vt 0.2319336 0.9301758
vt 0.2266846 0.9316406
vt 0.2287598 0.9301758
vt 0.2324219 0.9282227
vt 0.2287598 0.9282227
vt 0.2319336 0.9257813
vt 0.2287598 0.9257813
vt 0.2307129 0.9243164
vt 0.2254639 0.9301758
vt 0.2265625 0.9316406
vt 0.2287598 0.9282227
vt 0.2253418 0.9301758
vt 0.2249756 0.9282227
vt 0.2249756 0.9282227
vt 0.2249756 0.9282227
vt 0.2254639 0.9257813
vt 0.2253418 0.9257813
vt 0.2287598 0.9243164
vt 0.2266846 0.9243164
vt 0.2265625 0.9243164
vt 0.2286377 0.9238281
vt 0.2305908 0.9243164
vt 0.2305908 0.9243164
vt 0.2307129 0.9243164
vt 0.2319336 0.9257813
vt 0.2318115 0.9257813
vt 0.2324219 0.9282227
vt 0.2322998 0.9282227
vt 0.2319336 0.9301758
vt 0.2318115 0.9301758
vt 0.2307129 0.9316406
vt 0.2305908 0.9316406
vt 0.2285156 0.9243164
vt 0.2286377 0.9238281
vt 0.2285156 0.9257813
vt 0.2322998 0.9282227
vt 0.2265625 0.9243164
vt 0.2266846 0.9243164
vt 0.2253418 0.9257813
vt 0.2285156 0.9282227
vt 0.2285156 0.9282227
vt 0.2249756 0.9282227
vt 0.2285156 0.9301758
vt 0.2253418 0.9301758
vt 0.2285156 0.9316406
vt 0.2286377 0.9321289
vt 0.2265625 0.9316406
vt 0.2266846 0.9316406
vt 0.1462402 0.8686523
vt 0.1422119 0.8686523
vt 0.1422119 0.9311523
vt 0.1462402 0.9311523
vt 0.1604004 0.8686523
vt 0.1604004 0.9311523
vt 0.1755371 0.8686523
vt 0.1755371 0.9311523
vt 0.1832275 0.8686523
vt 0.1832275 0.9311523
vt 0.2314453 0.8740234
vt 0.2314453 0.8740234
vt 0.2315674 0.8740234
vt 0.2315674 0.8740234
vt 0.2314453 0.8740234
vt 0.2314453 0.8735352
vt 0.2315674 0.8735352
vt 0.2313232 0.8735352
vt 0.2313232 0.8735352
vt 0.2313232 0.8681641
vt 0.2315674 0.8681641
vt 0.2315674 0.8740234
vt 0.2315674 0.8740234
vt 0.2315674 0.8740234
vt 0.2316895 0.8735352
vt 0.2316895 0.8735352
vt 0.2316895 0.8735352
vt 0.2316895 0.8681641
vt 0.1422119 0.8686523
vt 0.1505127 0.8686523
vt 0.1505127 0.9311523
vt 0.1422119 0.9311523
vt 0.2341309 0.8740234
vt 0.234375 0.8740234
vt 0.234375 0.8740234
vt 0.2346191 0.8740234
vt 0.2346191 0.8735352
vt 0.2346191 0.8740234
vt 0.2347412 0.8740234
vt 0.2348633 0.8740234
vt 0.2349854 0.8740234
vt 0.2351074 0.8735352
vt 0.2351074 0.8735352
vt 0.2340088 0.8735352
vt 0.2341309 0.8735352
vt 0.2340088 0.8681641
vt 0.2340088 0.8735352
vt 0.2346191 0.8681641
vt 0.2351074 0.8681641
vt 0.2351074 0.8735352
vt 0.2165527 0.8696289
vt 0.2121582 0.8696289
vt 0.2115479 0.8823242
vt 0.2161865 0.8828125
vt 0.2243652 0.8696289
vt 0.2156982 0.8945313
vt 0.2242432 0.8828125
vt 0.2335205 0.8696289
vt 0.2192383 0.8945313
vt 0.2241211 0.9013672
vt 0.2336426 0.8828125
vt 0.241333 0.8696289
vt 0.2253418 0.9013672
vt 0.2290039 0.9023438
vt 0.2253418 0.8945313
vt 0.2416992 0.8823242
vt 0.2458496 0.8696289
vt 0.2276611 0.9013672
vt 0.2325439 0.8945313
vt 0.2463379 0.8823242
vt 0.2458496 0.8696289
vt 0.24646 0.8823242
vt 0.2302246 0.9013672
vt 0.2386475 0.8945313
vt 0.2423096 0.8945313
vt 0.2423096 0.8945313
vt 0.2325439 0.9013672
vt 0.2338867 0.9013672
vt 0.2338867 0.9013672
vt 0.2414551 0.8696289
vt 0.2458496 0.8696289
vt 0.24646 0.8823242
vt 0.2418213 0.8828125
vt 0.2336426 0.8696289
vt 0.2423096 0.8945313
vt 0.2337646 0.8828125
vt 0.2244873 0.8696289
vt 0.2387695 0.8945313
vt 0.2338867 0.9013672
vt 0.2243652 0.8828125
vt 0.2166748 0.8696289
vt 0.2325439 0.9013672
vt 0.2290039 0.9023438
vt 0.2325439 0.8945313
vt 0.2163086 0.8823242
vt 0.2121582 0.8696289
vt 0.2303467 0.9013672
vt 0.2254639 0.8945313
vt 0.2116699 0.8823242
vt 0.2121582 0.8696289
vt 0.2115479 0.8823242
vt 0.2276611 0.9013672
vt 0.2192383 0.8945313
vt 0.2156982 0.8945313
vt 0.2156982 0.8945313
vt 0.2254639 0.9013672
vt 0.2241211 0.9013672
vt 0.2241211 0.9013672
vt 0.2294922 0.9111328
vt 0.229248 0.9111328
vt 0.2298584 0.9130859
vt 0.2303467 0.9130859
vt 0.2302246 0.9150391
vt 0.2307129 0.9150391
vt 0.2302246 0.9174805
vt 0.2307129 0.9174805
vt 0.2298584 0.9194336
vt 0.2303467 0.9194336
vt 0.229248 0.9228516
vt 0.2294922 0.9228516
vt 0.2288818 0.9111328
vt 0.2294922 0.9111328
vt 0.2303467 0.9130859
vt 0.2290039 0.9130859
vt 0.2307129 0.9150391
vt 0.229126 0.9150391
vt 0.2307129 0.9174805
vt 0.229126 0.9174805
vt 0.2303467 0.9194336
vt 0.2290039 0.9194336
vt 0.2294922 0.9228516
vt 0.2288818 0.9228516
vt 0.2298584 0.9194336
vt 0.2283936 0.9228516
vt 0.229248 0.9228516
vt 0.2282715 0.9194336
vt 0.2302246 0.9174805
vt 0.2281494 0.9174805
vt 0.2302246 0.9150391
vt 0.2281494 0.9150391
vt 0.2298584 0.9130859
vt 0.2282715 0.9130859
vt 0.229248 0.9111328
vt 0.2283936 0.9111328
vt 0.2282715 0.9194336
vt 0.2277832 0.9228516
vt 0.2283936 0.9228516
vt 0.2270508 0.9194336
vt 0.2281494 0.9174805
vt 0.2265625 0.9174805
vt 0.2281494 0.9150391
vt 0.2265625 0.9150391
vt 0.2282715 0.9130859
vt 0.2270508 0.9130859
vt 0.2283936 0.9111328
vt 0.2277832 0.9111328
vt 0.2270508 0.9194336
vt 0.2280273 0.9228516
vt 0.2277832 0.9228516
vt 0.227417 0.9194336
vt 0.2265625 0.9174805
vt 0.2271729 0.9174805
vt 0.2265625 0.9150391
vt 0.2271729 0.9150391
vt 0.2270508 0.9130859
vt 0.227417 0.9130859
vt 0.2277832 0.9111328
vt 0.2280273 0.9111328
vt 0.227417 0.9194336
vt 0.2288818 0.9228516
vt 0.2280273 0.9228516
vt 0.2290039 0.9194336
vt 0.2271729 0.9174805
vt 0.229126 0.9174805
vt 0.2271729 0.9150391
vt 0.229126 0.9150391
vt 0.227417 0.9130859
vt 0.2290039 0.9130859
vt 0.2280273 0.9111328
vt 0.2288818 0.9111328
vt 0.230835 0.9086914
vt 0.230835 0.9086914
vt 0.2286377 0.9091797
vt 0.2287598 0.9086914
vt 0.2321777 0.9067383
vt 0.2265625 0.9086914
vt 0.2287598 0.9067383
vt 0.232666 0.9047852
vt 0.2287598 0.9047852
vt 0.2321777 0.9023438
vt 0.2287598 0.9023438
vt 0.230835 0.9008789
vt 0.2252197 0.9067383
vt 0.2264404 0.9086914
vt 0.2287598 0.9047852
vt 0.2250977 0.9067383
vt 0.2247314 0.9047852
vt 0.2247314 0.9047852
vt 0.2246094 0.9047852
vt 0.2252197 0.9023438
vt 0.2250977 0.9023438
vt 0.2287598 0.9008789
vt 0.2265625 0.9008789
vt 0.2264404 0.9008789
vt 0.2286377 0.8999023
vt 0.230835 0.9008789
vt 0.230835 0.9008789
vt 0.230835 0.9008789
vt 0.2321777 0.9023438
vt 0.2321777 0.9023438
vt 0.232666 0.9047852
vt 0.2325439 0.9047852
vt 0.2321777 0.9067383
vt 0.2321777 0.9067383
vt 0.230835 0.9086914
vt 0.230835 0.9086914
vt 0.2285156 0.9008789
vt 0.2286377 0.8999023
vt 0.2285156 0.9023438
vt 0.2325439 0.9047852
vt 0.2264404 0.9008789
vt 0.2265625 0.9008789
vt 0.2250977 0.9023438
vt 0.2285156 0.9047852
vt 0.2285156 0.9047852
vt 0.2246094 0.9047852
vt 0.2285156 0.9067383
vt 0.2250977 0.9067383
vt 0.2285156 0.9086914
vt 0.2286377 0.9091797
vt 0.2264404 0.9086914
vt 0.2265625 0.9086914
vt 0.2474365 0.9111328
vt 0.2397461 0.9125977
vt 0.2563477 0.9111328
vt 0.2315674 0.9125977
vt 0.2231445 0.9111328
vt 0.2172852 0.9125977
vt 0.2070313 0.9111328
vt 0.2004395 0.9111328
vt 0.2172852 0.9125977
vt 0.2004395 0.9111328
vt 0.2094727 0.9111328
vt 0.2254639 0.9125977
vt 0.2315674 0.9125977
vt 0.2337646 0.9111328
vt 0.2397461 0.9125977
vt 0.2004395 0.8686523
vt 0.2094727 0.8686523
vt 0.2094727 0.9111328
vt 0.2004395 0.9111328
vt 0.2094727 0.8686523
vt 0.2337646 0.8686523
vt 0.2337646 0.9111328
vt 0.2094727 0.9111328
vt 0.2498779 0.8686523
vt 0.2565918 0.8686523
vt 0.2563477 0.9111328
vt 0.2498779 0.9111328
vt 0.2565918 0.8686523
vt 0.2474365 0.9111328
vt 0.2563477 0.9111328
vt 0.2474365 0.8686523
vt 0.2231445 0.9111328
vt 0.2231445 0.8686523
vt 0.2070313 0.9111328
vt 0.2070313 0.8686523
vt 0.2004395 0.9111328
vt 0.2004395 0.8686523
vt 0.2064209 0.8676758
vt 0.2143555 0.8676758
vt 0.2145996 0.8950195
vt 0.2070313 0.8950195
vt 0.2387695 0.9140625
vt 0.2424316 0.9140625
vt 0.2371826 0.9140625
vt 0.2347412 0.9140625
vt 0.2272949 0.9140625
vt 0.2271729 0.9140625
vt 0.2172852 0.9140625
vt 0.2196045 0.9140625
vt 0.2120361 0.9140625
vt 0.2155762 0.9140625
vt 0.2391357 0.8686523
vt 0.2484131 0.8725586
vt 0.2453613 0.8686523
vt 0.2410889 0.8725586
vt 0.2272949 0.8686523
vt 0.2481689 0.9116211
vt 0.2272949 0.8725586
vt 0.215332 0.8686523
vt 0.2409668 0.9116211
vt 0.2451172 0.9155273
vt 0.2388916 0.9155273
vt 0.2272949 0.9116211
vt 0.2272949 0.9155273
vt 0.2133789 0.8725586
vt 0.2089844 0.8686523
vt 0.2060547 0.8725586
vt 0.213501 0.9116211
vt 0.2155762 0.9155273
vt 0.2061768 0.9116211
vt 0.2093506 0.9155273
vt 0.2404785 0.8681641
vt 0.2497559 0.8701172
vt 0.2474365 0.8681641
vt 0.2420654 0.8701172
vt 0.2272949 0.8681641
vt 0.2504883 0.9111328
vt 0.2272949 0.8701172
vt 0.2139893 0.8681641
vt 0.2424316 0.9111328
vt 0.2471924 0.9155273
vt 0.2403564 0.9155273
vt 0.2272949 0.9111328
vt 0.2272949 0.9155273
vt 0.2125244 0.8701172
vt 0.2069092 0.8681641
vt 0.2045898 0.8701172
vt 0.2120361 0.9111328
vt 0.2142334 0.9155273
vt 0.2038574 0.9111328
vt 0.2071533 0.9155273
vt 0.2092285 0.8681641
vt 0.2045898 0.8701172
vt 0.2069092 0.8681641
vt 0.2072754 0.8701172
vt 0.2199707 0.8681641
vt 0.2038574 0.9111328
vt 0.2192383 0.8701172
vt 0.206665 0.9111328
vt 0.2071533 0.9155273
vt 0.2188721 0.9111328
vt 0.2095947 0.9155273
vt 0.2200928 0.9155273
vt 0.2110596 0.8686523
vt 0.2060547 0.8725586
vt 0.2089844 0.8686523
vt 0.2084961 0.8725586
vt 0.2207031 0.8686523
vt 0.2061768 0.9116211
vt 0.2196045 0.8725586
vt 0.2086182 0.9116211
vt 0.2093506 0.9155273
vt 0.2197266 0.9116211
vt 0.2114258 0.9155273
vt 0.2208252 0.9155273
vt 0.2200928 0.9155273
vt 0.2504883 0.9111328
vt 0.2471924 0.9155273
vt 0.2188721 0.9111328
vt 0.2497559 0.8701172
vt 0.2192383 0.8701172
vt 0.2474365 0.8681641
vt 0.2199707 0.8681641
vt 0.2120361 0.9140625
vt 0.2095947 0.9130859
vt 0.2116699 0.9130859
vt 0.2137451 0.9140625
vt 0.2209473 0.9130859
vt 0.2218018 0.9140625
vt 0.244751 0.9130859
vt 0.2459717 0.8730469
vt 0.244751 0.9130859
vt 0.2209473 0.9130859
vt 0.220459 0.8730469
vt 0.2426758 0.8691406
vt 0.2216797 0.8691406
vt 0.2218018 0.9150391
vt 0.2451172 0.9155273
vt 0.2421875 0.9150391
vt 0.2208252 0.9155273
vt 0.2138672 0.9150391
vt 0.2114258 0.9155273
vt 0.2121582 0.9150391
vt 0.2093506 0.9155273
vt 0.2453613 0.8686523
vt 0.2196045 0.8725586
vt 0.2207031 0.8686523
vt 0.2484131 0.8725586
vt 0.2197266 0.9116211
vt 0.2481689 0.9116211
vt 0.2208252 0.9155273
vt 0.2451172 0.9155273
vt 0.213623 0.8691406
vt 0.208374 0.8730469
vt 0.211792 0.8691406
vt 0.2105713 0.8730469
vt 0.2216797 0.8691406
vt 0.220459 0.8730469
vt 0.211792 0.8691406
vt 0.208374 0.8730469
vt 0.2149658 0.8730469
vt 0.2171631 0.8691406
vt 0.2272949 0.8730469
vt 0.2272949 0.8691406
vt 0.239502 0.8730469
vt 0.2373047 0.8691406
vt 0.2459717 0.8730469
vt 0.2426758 0.8691406
vt 0.208374 0.8730469
vt 0.2095947 0.9130859
vt 0.2156982 0.9130859
vt 0.2149658 0.8730469
vt 0.2272949 0.9130859
vt 0.2272949 0.8730469
vt 0.2387695 0.9130859
vt 0.239502 0.8730469
vt 0.2459717 0.8730469
vt 0.244751 0.9130859
vt 0.220459 0.8730469
vt 0.2209473 0.9130859
vt 0.2116699 0.9130859
vt 0.2105713 0.8730469
vt 0.2095947 0.9130859
vt 0.208374 0.8730469
vt 0.2172852 0.9140625
vt 0.2095947 0.9130859
vt 0.2120361 0.9140625
vt 0.2156982 0.9130859
vt 0.2272949 0.9140625
vt 0.2272949 0.9130859
vt 0.2371826 0.9140625
vt 0.2387695 0.9130859
vt 0.2424316 0.9140625
vt 0.244751 0.9130859
vt 0.2426758 0.8691406
vt 0.220459 0.8730469
vt 0.2216797 0.8691406
vt 0.2459717 0.8730469
vt 0.2209473 0.9130859
vt 0.244751 0.9130859
vt 0.2443848 0.9150391
vt 0.2471924 0.9155273
vt 0.2403564 0.9155273
vt 0.2385254 0.9150391
vt 0.2272949 0.9155273
vt 0.2272949 0.9150391
vt 0.2142334 0.9155273
vt 0.2159424 0.9150391
vt 0.2071533 0.9155273
vt 0.2099609 0.9150391
vt 0.2156982 0.8696289
vt 0.211792 0.8691406
vt 0.2142334 0.8696289
vt 0.213623 0.8691406
vt 0.2225342 0.8696289
vt 0.2216797 0.8691406
vt 0.2426758 0.8691406
vt 0.2401123 0.8696289
vt 0.2174072 0.9150391
vt 0.2093506 0.9155273
vt 0.2121582 0.9150391
vt 0.2155762 0.9155273
vt 0.2272949 0.9150391
vt 0.2272949 0.9155273
vt 0.2370605 0.9150391
vt 0.2388916 0.9155273
vt 0.2421875 0.9150391
vt 0.2451172 0.9155273
vt 0.2373047 0.8686523
vt 0.2453613 0.8686523
vt 0.2425537 0.8686523
vt 0.2391357 0.8686523
vt 0.2272949 0.8686523
vt 0.2272949 0.8686523
vt 0.2171631 0.8686523
vt 0.215332 0.8686523
vt 0.211792 0.8686523
vt 0.2089844 0.8686523
vt 0.2387695 0.8686523
vt 0.2474365 0.8681641
vt 0.244751 0.8686523
vt 0.2404785 0.8681641
vt 0.2272949 0.8686523
vt 0.2272949 0.8681641
vt 0.2158203 0.8686523
vt 0.2139893 0.8681641
vt 0.2095947 0.8686523
vt 0.2069092 0.8681641
vt 0.2116699 0.8686523
vt 0.2069092 0.8681641
vt 0.2095947 0.8686523
vt 0.2092285 0.8681641
vt 0.2209473 0.8686523
vt 0.2199707 0.8681641
vt 0.2474365 0.8681641
vt 0.244751 0.8686523
vt 0.2357178 0.8696289
vt 0.2426758 0.8691406
vt 0.2401123 0.8696289
vt 0.2373047 0.8691406
vt 0.2272949 0.8696289
vt 0.2272949 0.8691406
vt 0.21875 0.8696289
vt 0.2171631 0.8691406
vt 0.2142334 0.8696289
vt 0.211792 0.8691406
vt 0.2155762 0.9140625
vt 0.2120361 0.9140625
vt 0.2137451 0.9140625
vt 0.217041 0.9140625
vt 0.2218018 0.9140625
vt 0.2231445 0.9140625
vt 0.244751 0.9130859
vt 0.1783447 0.8681641
vt 0.1705322 0.9301758
vt 0.1759033 0.9301758
vt 0.1721191 0.8681641
vt 0.1604004 0.9301758
vt 0.1604004 0.8681641
vt 0.1501465 0.9301758
vt 0.1485596 0.8681641
vt 0.1446533 0.9301758
vt 0.142334 0.8681641
vt 0.2210693 0.9150391
vt 0.2471924 0.9155273
vt 0.2443848 0.9150391
vt 0.2200928 0.9155273
vt 0.2119141 0.9150391
vt 0.2095947 0.9155273
vt 0.2099609 0.9150391
vt 0.2071533 0.9155273
vt 0.213623 0.8686523
vt 0.2089844 0.8686523
vt 0.211792 0.8686523
vt 0.2110596 0.8686523
vt 0.2216797 0.8686523
vt 0.2207031 0.8686523
vt 0.2453613 0.8686523
vt 0.2425537 0.8686523
vt 0.1488037 0.9301758
vt 0.1516113 0.8681641
vt 0.1469727 0.8681641
vt 0.152832 0.9301758
vt 0.1604004 0.8681641
vt 0.1604004 0.9301758
vt 0.1690674 0.8681641
vt 0.1678467 0.9301758
vt 0.1737061 0.8681641
vt 0.171875 0.9301758
vt 0.1464844 0.9301758
vt 0.1446533 0.9301758
vt 0.142334 0.8681641
vt 0.1444092 0.8681641
vt 0.1547852 0.9301758
vt 0.1539307 0.8681641
vt 0.1501465 0.9301758
vt 0.1488037 0.9301758
vt 0.1469727 0.8681641
vt 0.1484375 0.8681641
vt 0.15625 0.9301758
vt 0.1555176 0.8681641
vt 0.1756592 0.8681641
vt 0.1693115 0.9301758
vt 0.1739502 0.9301758
vt 0.1704102 0.8681641
vt 0.1604004 0.9301758
vt 0.1604004 0.8681641
vt 0.1513672 0.9301758
vt 0.1502686 0.8681641
vt 0.1466064 0.9301758
vt 0.1448975 0.8681641
vt 0.1553955 0.9301758
vt 0.1467285 0.8681641
vt 0.1549072 0.8681641
vt 0.1481934 0.9301758
vt 0.1448975 0.8681641
vt 0.1466064 0.9301758
vt 0.2062988 0.875
vt 0.2558594 0.875
vt 0.2402344 0.8769531
vt 0.2570801 0.8725586
vt 0.2054443 0.8725586
vt 0.2570801 0.8706055
vt 0.2053223 0.8701172
vt 0.2060547 0.8681641
vt 0.2563477 0.8686523
vt 0.2198486 0.8769531
vt 0.2241211 0.8769531
vt 0.2359619 0.8769531
vt 0.2322998 0.875
vt 0.2132568 0.875
vt 0.2012939 0.875
vt 0.2509766 0.875
vt 0.2558594 0.875
vt 0.2402344 0.8769531
vt 0.2062988 0.875
vt 0.2012939 0.875
vt 0.2001953 0.8725586
vt 0.2054443 0.8725586
vt 0.2000732 0.8701172
vt 0.2053223 0.8701172
vt 0.2010498 0.8681641
vt 0.2060547 0.8681641
vt 0.2078857 0.8676758
vt 0.2541504 0.8681641
vt 0.2563477 0.8686523
vt 0.2060547 0.8681641
vt 0.203125 0.8676758
vt 0.2010498 0.8681641
vt 0.2509766 0.875
vt 0.2558594 0.875
vt 0.2570801 0.8725586
vt 0.251709 0.8725586
vt 0.2570801 0.8706055
vt 0.2322998 0.8725586
vt 0.2322998 0.875
vt 0.2132568 0.875
vt 0.2519531 0.8706055
vt 0.2563477 0.8686523
vt 0.2512207 0.8686523
vt 0.2322998 0.8701172
vt 0.2322998 0.8681641
vt 0.2126465 0.8725586
vt 0.2012939 0.875
vt 0.2001953 0.8725586
vt 0.2125244 0.8701172
vt 0.2131348 0.8681641
vt 0.2000732 0.8701172
vt 0.2010498 0.8681641
vt 0.2012939 0.875
vt 0.2062988 0.875
vt 0.2241211 0.8769531
vt 0.2198486 0.8769531
vt 0.2541504 0.8681641
vt 0.2512207 0.8686523
vt 0.2563477 0.8686523
vt 0.2493896 0.8681641
vt 0.2322998 0.8681641
vt 0.2320557 0.8681641
vt 0.2131348 0.8681641
vt 0.2143555 0.8681641
vt 0.2010498 0.8681641
vt 0.203125 0.8676758
vt 0.2122803 0.8676758
vt 0.2064209 0.8676758
vt 0.2070313 0.8950195
vt 0.2131348 0.8950195
vt 0.2260742 0.8676758
vt 0.2266846 0.8950195
vt 0.2475586 0.8676758
vt 0.2471924 0.8950195
vt 0.2553711 0.8676758
vt 0.2546387 0.8950195
vt 0.2305908 0.9316406
vt 0.2307129 0.9316406
vt 0.2286377 0.9321289
vt 0.2287598 0.9316406
vt 0.2319336 0.9301758
vt 0.2266846 0.9316406
vt 0.2287598 0.9301758
vt 0.2324219 0.9282227
vt 0.2287598 0.9282227
vt 0.2319336 0.9257813
vt 0.2287598 0.9257813
vt 0.2307129 0.9243164
vt 0.2254639 0.9301758
vt 0.2265625 0.9316406
vt 0.2287598 0.9282227
vt 0.2253418 0.9301758
vt 0.2249756 0.9282227
vt 0.2249756 0.9282227
vt 0.2249756 0.9282227
vt 0.2254639 0.9257813
vt 0.2253418 0.9257813
vt 0.2287598 0.9243164
vt 0.2266846 0.9243164
vt 0.2265625 0.9243164
vt 0.2286377 0.9238281
vt 0.2305908 0.9243164
vt 0.2305908 0.9243164
vt 0.2307129 0.9243164
vt 0.2319336 0.9257813
vt 0.2318115 0.9257813
vt 0.2324219 0.9282227
vt 0.2322998 0.9282227
vt 0.2319336 0.9301758
vt 0.2318115 0.9301758
vt 0.2307129 0.9316406
vt 0.2305908 0.9316406
vt 0.2285156 0.9243164
vt 0.2286377 0.9238281
vt 0.2285156 0.9257813
vt 0.2322998 0.9282227
vt 0.2265625 0.9243164
vt 0.2266846 0.9243164
vt 0.2253418 0.9257813
vt 0.2285156 0.9282227
vt 0.2285156 0.9282227
vt 0.2249756 0.9282227
vt 0.2285156 0.9301758
vt 0.2253418 0.9301758
vt 0.2285156 0.9316406
vt 0.2286377 0.9321289
vt 0.2265625 0.9316406
vt 0.2266846 0.9316406
vt 0.1462402 0.8686523
vt 0.1422119 0.8686523
vt 0.1422119 0.9311523
vt 0.1462402 0.9311523
vt 0.1604004 0.8686523
vt 0.1604004 0.9311523
vt 0.1755371 0.8686523
vt 0.1755371 0.9311523
vt 0.1832275 0.8686523
vt 0.1832275 0.9311523
vt 0.2314453 0.8740234
vt 0.2314453 0.8740234
vt 0.2315674 0.8740234
vt 0.2315674 0.8740234
vt 0.2314453 0.8740234
vt 0.2314453 0.8735352
vt 0.2315674 0.8735352
vt 0.2313232 0.8735352
vt 0.2313232 0.8735352
vt 0.2313232 0.8681641
vt 0.2315674 0.8681641
vt 0.2315674 0.8740234
vt 0.2315674 0.8740234
vt 0.2315674 0.8740234
vt 0.2316895 0.8735352
vt 0.2316895 0.8735352
vt 0.2316895 0.8735352
vt 0.2316895 0.8681641
vt 0.1422119 0.8686523
vt 0.1505127 0.8686523
vt 0.1505127 0.9311523
vt 0.1422119 0.9311523
vt 0.2341309 0.8740234
vt 0.234375 0.8740234
vt 0.234375 0.8740234
vt 0.2346191 0.8740234
vt 0.2346191 0.8735352
vt 0.2346191 0.8740234
vt 0.2347412 0.8740234
vt 0.2348633 0.8740234
vt 0.2349854 0.8740234
vt 0.2351074 0.8735352
vt 0.2351074 0.8735352
vt 0.2340088 0.8735352
vt 0.2341309 0.8735352
vt 0.2340088 0.8681641
vt 0.2340088 0.8735352
vt 0.2346191 0.8681641
vt 0.2351074 0.8681641
vt 0.2351074 0.8735352
vt 0.2165527 0.8696289
vt 0.2121582 0.8696289
vt 0.2115479 0.8823242
vt 0.2161865 0.8828125
vt 0.2243652 0.8696289
vt 0.2156982 0.8945313
vt 0.2242432 0.8828125
vt 0.2335205 0.8696289
vt 0.2192383 0.8945313
vt 0.2241211 0.9013672
vt 0.2336426 0.8828125
vt 0.241333 0.8696289
vt 0.2253418 0.9013672
vt 0.2290039 0.9023438
vt 0.2253418 0.8945313
vt 0.2416992 0.8823242
vt 0.2458496 0.8696289
vt 0.2276611 0.9013672
vt 0.2325439 0.8945313
vt 0.2463379 0.8823242
vt 0.2458496 0.8696289
vt 0.24646 0.8823242
vt 0.2302246 0.9013672
vt 0.2386475 0.8945313
vt 0.2423096 0.8945313
vt 0.2423096 0.8945313
vt 0.2325439 0.9013672
vt 0.2338867 0.9013672
vt 0.2338867 0.9013672
vt 0.2414551 0.8696289
vt 0.2458496 0.8696289
vt 0.24646 0.8823242
vt 0.2418213 0.8828125
vt 0.2336426 0.8696289
vt 0.2423096 0.8945313
vt 0.2337646 0.8828125
vt 0.2244873 0.8696289
vt 0.2387695 0.8945313
vt 0.2338867 0.9013672
vt 0.2243652 0.8828125
vt 0.2166748 0.8696289
vt 0.2325439 0.9013672
vt 0.2290039 0.9023438
vt 0.2325439 0.8945313
vt 0.2163086 0.8823242
vt 0.2121582 0.8696289
vt 0.2303467 0.9013672
vt 0.2254639 0.8945313
vt 0.2116699 0.8823242
vt 0.2121582 0.8696289
vt 0.2115479 0.8823242
vt 0.2276611 0.9013672
vt 0.2192383 0.8945313
vt 0.2156982 0.8945313
vt 0.2156982 0.8945313
vt 0.2254639 0.9013672
vt 0.2241211 0.9013672
vt 0.2241211 0.9013672
vt 0.2294922 0.9111328
vt 0.229248 0.9111328
vt 0.2298584 0.9130859
vt 0.2303467 0.9130859
vt 0.2302246 0.9150391
vt 0.2307129 0.9150391
vt 0.2302246 0.9174805
vt 0.2307129 0.9174805
vt 0.2298584 0.9194336
vt 0.2303467 0.9194336
vt 0.229248 0.9228516
vt 0.2294922 0.9228516
vt 0.2288818 0.9111328
vt 0.2294922 0.9111328
vt 0.2303467 0.9130859
vt 0.2290039 0.9130859
vt 0.2307129 0.9150391
vt 0.229126 0.9150391
vt 0.2307129 0.9174805
vt 0.229126 0.9174805
vt 0.2303467 0.9194336
vt 0.2290039 0.9194336
vt 0.2294922 0.9228516
vt 0.2288818 0.9228516
vt 0.2298584 0.9194336
vt 0.2283936 0.9228516
vt 0.229248 0.9228516
vt 0.2282715 0.9194336
vt 0.2302246 0.9174805
vt 0.2281494 0.9174805
vt 0.2302246 0.9150391
vt 0.2281494 0.9150391
vt 0.2298584 0.9130859
vt 0.2282715 0.9130859
vt 0.229248 0.9111328
vt 0.2283936 0.9111328
vt 0.2282715 0.9194336
vt 0.2277832 0.9228516
vt 0.2283936 0.9228516
vt 0.2270508 0.9194336
vt 0.2281494 0.9174805
vt 0.2265625 0.9174805
vt 0.2281494 0.9150391
vt 0.2265625 0.9150391
vt 0.2282715 0.9130859
vt 0.2270508 0.9130859
vt 0.2283936 0.9111328
vt 0.2277832 0.9111328
vt 0.2270508 0.9194336
vt 0.2280273 0.9228516
vt 0.2277832 0.9228516
vt 0.227417 0.9194336
vt 0.2265625 0.9174805
vt 0.2271729 0.9174805
vt 0.2265625 0.9150391
vt 0.2271729 0.9150391
vt 0.2270508 0.9130859
vt 0.227417 0.9130859
vt 0.2277832 0.9111328
vt 0.2280273 0.9111328
vt 0.227417 0.9194336
vt 0.2288818 0.9228516
vt 0.2280273 0.9228516
vt 0.2290039 0.9194336
vt 0.2271729 0.9174805
vt 0.229126 0.9174805
vt 0.2271729 0.9150391
vt 0.229126 0.9150391
vt 0.227417 0.9130859
vt 0.2290039 0.9130859
vt 0.2280273 0.9111328
vt 0.2288818 0.9111328
vt 0.230835 0.9086914
vt 0.230835 0.9086914
vt 0.2286377 0.9091797
vt 0.2287598 0.9086914
vt 0.2321777 0.9067383
vt 0.2265625 0.9086914
vt 0.2287598 0.9067383
vt 0.232666 0.9047852
vt 0.2287598 0.9047852
vt 0.2321777 0.9023438
vt 0.2287598 0.9023438
vt 0.230835 0.9008789
vt 0.2252197 0.9067383
vt 0.2264404 0.9086914
vt 0.2287598 0.9047852
vt 0.2250977 0.9067383
vt 0.2247314 0.9047852
vt 0.2247314 0.9047852
vt 0.2246094 0.9047852
vt 0.2252197 0.9023438
vt 0.2250977 0.9023438
vt 0.2287598 0.9008789
vt 0.2265625 0.9008789
vt 0.2264404 0.9008789
vt 0.2286377 0.8999023
vt 0.230835 0.9008789
vt 0.230835 0.9008789
vt 0.230835 0.9008789
vt 0.2321777 0.9023438
vt 0.2321777 0.9023438
vt 0.232666 0.9047852
vt 0.2325439 0.9047852
vt 0.2321777 0.9067383
vt 0.2321777 0.9067383
vt 0.230835 0.9086914
vt 0.230835 0.9086914
vt 0.2285156 0.9008789
vt 0.2286377 0.8999023
vt 0.2285156 0.9023438
vt 0.2325439 0.9047852
vt 0.2264404 0.9008789
vt 0.2265625 0.9008789
vt 0.2250977 0.9023438
vt 0.2285156 0.9047852
vt 0.2285156 0.9047852
vt 0.2246094 0.9047852
vt 0.2285156 0.9067383
vt 0.2250977 0.9067383
vt 0.2285156 0.9086914
vt 0.2286377 0.9091797
vt 0.2264404 0.9086914
vt 0.2265625 0.9086914
vt 0.2474365 0.9111328
vt 0.2397461 0.9125977
vt 0.2563477 0.9111328
vt 0.2315674 0.9125977
vt 0.2231445 0.9111328
vt 0.2172852 0.9125977
vt 0.2070313 0.9111328
vt 0.2004395 0.9111328
vt 0.2172852 0.9125977
vt 0.2004395 0.9111328
vt 0.2094727 0.9111328
vt 0.2254639 0.9125977
vt 0.2315674 0.9125977
vt 0.2337646 0.9111328
vt 0.2397461 0.9125977
vt 0.2004395 0.8686523
vt 0.2094727 0.8686523
vt 0.2094727 0.9111328
vt 0.2004395 0.9111328
vt 0.2094727 0.8686523
vt 0.2337646 0.8686523
vt 0.2337646 0.9111328
vt 0.2094727 0.9111328
vt 0.2498779 0.8686523
vt 0.2565918 0.8686523
vt 0.2563477 0.9111328
vt 0.2498779 0.9111328
vt 0.2565918 0.8686523
vt 0.2474365 0.9111328
vt 0.2563477 0.9111328
vt 0.2474365 0.8686523
vt 0.2231445 0.9111328
vt 0.2231445 0.8686523
vt 0.2070313 0.9111328
vt 0.2070313 0.8686523
vt 0.2004395 0.9111328
vt 0.2004395 0.8686523
vt 0.2064209 0.8676758
vt 0.2143555 0.8676758
vt 0.2145996 0.8950195
vt 0.2070313 0.8950195
vt 0.2387695 0.9140625
vt 0.2424316 0.9140625
vt 0.2371826 0.9140625
vt 0.2347412 0.9140625
vt 0.2272949 0.9140625
vt 0.2271729 0.9140625
vt 0.2172852 0.9140625
vt 0.2196045 0.9140625
vt 0.2120361 0.9140625
vt 0.2155762 0.9140625
vt 0.2391357 0.8686523
vt 0.2484131 0.8725586
vt 0.2453613 0.8686523
vt 0.2410889 0.8725586
vt 0.2272949 0.8686523
vt 0.2481689 0.9116211
vt 0.2272949 0.8725586
vt 0.215332 0.8686523
vt 0.2409668 0.9116211
vt 0.2451172 0.9155273
vt 0.2388916 0.9155273
vt 0.2272949 0.9116211
vt 0.2272949 0.9155273
vt 0.2133789 0.8725586
vt 0.2089844 0.8686523
vt 0.2060547 0.8725586
vt 0.213501 0.9116211
vt 0.2155762 0.9155273
vt 0.2061768 0.9116211
vt 0.2093506 0.9155273
vt 0.2404785 0.8681641
vt 0.2504883 0.8725586
vt 0.2474365 0.8681641
vt 0.2425537 0.8725586
vt 0.2272949 0.8681641
vt 0.2504883 0.9111328
vt 0.2272949 0.8725586
vt 0.2139893 0.8681641
vt 0.2424316 0.9111328
vt 0.2471924 0.9155273
vt 0.2403564 0.9155273
vt 0.2272949 0.9111328
vt 0.2272949 0.9155273
vt 0.2119141 0.8725586
vt 0.2069092 0.8681641
vt 0.2037354 0.8725586
vt 0.2120361 0.9111328
vt 0.2142334 0.9155273
vt 0.2038574 0.9111328
vt 0.2071533 0.9155273
vt 0.2092285 0.8681641
vt 0.2037354 0.8725586
vt 0.2069092 0.8681641
vt 0.206543 0.8725586
vt 0.2199707 0.8681641
vt 0.2038574 0.9111328
vt 0.2188721 0.8725586
vt 0.206665 0.9111328
vt 0.2071533 0.9155273
vt 0.2188721 0.9111328
vt 0.2095947 0.9155273
vt 0.2200928 0.9155273
vt 0.2110596 0.8686523
vt 0.2060547 0.8725586
vt 0.2089844 0.8686523
vt 0.2084961 0.8725586
vt 0.2207031 0.8686523
vt 0.2061768 0.9116211
vt 0.2196045 0.8725586
vt 0.2086182 0.9116211
vt 0.2093506 0.9155273
vt 0.2197266 0.9116211
vt 0.2114258 0.9155273
vt 0.2208252 0.9155273
vt 0.2200928 0.9155273
vt 0.2504883 0.9111328
vt 0.2471924 0.9155273
vt 0.2188721 0.9111328
vt 0.2504883 0.8725586
vt 0.2188721 0.8725586
vt 0.2474365 0.8681641
vt 0.2199707 0.8681641
vt 0.2120361 0.9140625
vt 0.2095947 0.9130859
vt 0.2116699 0.9130859
vt 0.2137451 0.9140625
vt 0.2209473 0.9130859
vt 0.2218018 0.9140625
vt 0.244751 0.9130859
vt 0.2218018 0.9150391
vt 0.2451172 0.9155273
vt 0.2421875 0.9150391
vt 0.2208252 0.9155273
vt 0.2138672 0.9150391
vt 0.2114258 0.9155273
vt 0.2121582 0.9150391
vt 0.2093506 0.9155273
vt 0.2453613 0.8686523
vt 0.2196045 0.8725586
vt 0.2207031 0.8686523
vt 0.2484131 0.8725586
vt 0.2197266 0.9116211
vt 0.2481689 0.9116211
vt 0.2208252 0.9155273
vt 0.2451172 0.9155273
vt 0.213623 0.8691406
vt 0.208374 0.8730469
vt 0.211792 0.8691406
vt 0.2105713 0.8730469
vt 0.2216797 0.8691406
vt 0.220459 0.8730469
vt 0.211792 0.8691406
vt 0.208374 0.8730469
vt 0.2149658 0.8730469
vt 0.2171631 0.8691406
vt 0.2272949 0.8730469
vt 0.2272949 0.8691406
vt 0.239502 0.8730469
vt 0.2373047 0.8691406
vt 0.2459717 0.8730469
vt 0.2426758 0.8691406
vt 0.208374 0.8730469
vt 0.2095947 0.9130859
vt 0.2156982 0.9130859
vt 0.2149658 0.8730469
vt 0.2272949 0.9130859
vt 0.2272949 0.8730469
vt 0.2387695 0.9130859
vt 0.239502 0.8730469
vt 0.2459717 0.8730469
vt 0.244751 0.9130859
vt 0.220459 0.8730469
vt 0.2209473 0.9130859
vt 0.2116699 0.9130859
vt 0.2105713 0.8730469
vt 0.2095947 0.9130859
vt 0.208374 0.8730469
vt 0.2172852 0.9140625
vt 0.2095947 0.9130859
vt 0.2120361 0.9140625
vt 0.2156982 0.9130859
vt 0.2272949 0.9140625
vt 0.2272949 0.9130859
vt 0.2371826 0.9140625
vt 0.2387695 0.9130859
vt 0.2424316 0.9140625
vt 0.244751 0.9130859
vt 0.2443848 0.9150391
vt 0.2471924 0.9155273
vt 0.2403564 0.9155273
vt 0.2385254 0.9150391
vt 0.2272949 0.9155273
vt 0.2272949 0.9150391
vt 0.2142334 0.9155273
vt 0.2159424 0.9150391
vt 0.2071533 0.9155273
vt 0.2099609 0.9150391
vt 0.2156982 0.8696289
vt 0.211792 0.8691406
vt 0.2142334 0.8696289
vt 0.213623 0.8691406
vt 0.2225342 0.8696289
vt 0.2216797 0.8691406
vt 0.2426758 0.8691406
vt 0.2401123 0.8696289
vt 0.2174072 0.9150391
vt 0.2093506 0.9155273
vt 0.2121582 0.9150391
vt 0.2155762 0.9155273
vt 0.2272949 0.9150391
vt 0.2272949 0.9155273
vt 0.2370605 0.9150391
vt 0.2388916 0.9155273
vt 0.2421875 0.9150391
vt 0.2451172 0.9155273
vt 0.2373047 0.8686523
vt 0.2453613 0.8686523
vt 0.2425537 0.8686523
vt 0.2391357 0.8686523
vt 0.2272949 0.8686523
vt 0.2272949 0.8686523
vt 0.2171631 0.8686523
vt 0.215332 0.8686523
vt 0.211792 0.8686523
vt 0.2089844 0.8686523
vt 0.2387695 0.8686523
vt 0.2474365 0.8681641
vt 0.244751 0.8686523
vt 0.2404785 0.8681641
vt 0.2272949 0.8686523
vt 0.2272949 0.8681641
vt 0.2158203 0.8686523
vt 0.2139893 0.8681641
vt 0.2095947 0.8686523
vt 0.2069092 0.8681641
vt 0.2116699 0.8686523
vt 0.2069092 0.8681641
vt 0.2095947 0.8686523
vt 0.2092285 0.8681641
vt 0.2209473 0.8686523
vt 0.2199707 0.8681641
vt 0.2474365 0.8681641
vt 0.244751 0.8686523
vt 0.2357178 0.8696289
vt 0.2426758 0.8691406
vt 0.2401123 0.8696289
vt 0.2373047 0.8691406
vt 0.2272949 0.8696289
vt 0.2272949 0.8691406
vt 0.21875 0.8696289
vt 0.2171631 0.8691406
vt 0.2142334 0.8696289
vt 0.211792 0.8691406
vt 0.2155762 0.9140625
vt 0.2120361 0.9140625
vt 0.2137451 0.9140625
vt 0.217041 0.9140625
vt 0.2218018 0.9140625
vt 0.2231445 0.9140625
vt 0.244751 0.9130859
vt 0.1783447 0.8681641
vt 0.1705322 0.9301758
vt 0.1759033 0.9301758
vt 0.1721191 0.8681641
vt 0.1604004 0.9301758
vt 0.1604004 0.8681641
vt 0.1501465 0.9301758
vt 0.1485596 0.8681641
vt 0.1446533 0.9301758
vt 0.142334 0.8681641
vt 0.2210693 0.9150391
vt 0.2471924 0.9155273
vt 0.2443848 0.9150391
vt 0.2200928 0.9155273
vt 0.2119141 0.9150391
vt 0.2095947 0.9155273
vt 0.2099609 0.9150391
vt 0.2071533 0.9155273
vt 0.213623 0.8686523
vt 0.2089844 0.8686523
vt 0.211792 0.8686523
vt 0.2110596 0.8686523
vt 0.2216797 0.8686523
vt 0.2207031 0.8686523
vt 0.2453613 0.8686523
vt 0.2425537 0.8686523
vt 0.1488037 0.9301758
vt 0.1516113 0.8681641
vt 0.1469727 0.8681641
vt 0.152832 0.9301758
vt 0.1604004 0.8681641
vt 0.1604004 0.9301758
vt 0.1690674 0.8681641
vt 0.1678467 0.9301758
vt 0.1737061 0.8681641
vt 0.171875 0.9301758
vt 0.1464844 0.9301758
vt 0.1446533 0.9301758
vt 0.142334 0.8681641
vt 0.1444092 0.8681641
vt 0.1547852 0.9301758
vt 0.1539307 0.8681641
vt 0.1501465 0.9301758
vt 0.1488037 0.9301758
vt 0.1469727 0.8681641
vt 0.1484375 0.8681641
vt 0.15625 0.9301758
vt 0.1555176 0.8681641
vt 0.1756592 0.8681641
vt 0.1693115 0.9301758
vt 0.1739502 0.9301758
vt 0.1704102 0.8681641
vt 0.1604004 0.9301758
vt 0.1604004 0.8681641
vt 0.1513672 0.9301758
vt 0.1502686 0.8681641
vt 0.1466064 0.9301758
vt 0.1448975 0.8681641
vt 0.1553955 0.9301758
vt 0.1467285 0.8681641
vt 0.1549072 0.8681641
vt 0.1481934 0.9301758
vt 0.1448975 0.8681641
vt 0.1466064 0.9301758
vt 0.2062988 0.875
vt 0.2558594 0.875
vt 0.2402344 0.8769531
vt 0.2570801 0.8725586
vt 0.2054443 0.8725586
vt 0.2570801 0.8706055
vt 0.2053223 0.8701172
vt 0.2060547 0.8681641
vt 0.2563477 0.8686523
vt 0.2198486 0.8769531
vt 0.2241211 0.8769531
vt 0.2359619 0.8769531
vt 0.2322998 0.875
vt 0.2132568 0.875
vt 0.2012939 0.875
vt 0.2509766 0.875
vt 0.2558594 0.875
vt 0.2402344 0.8769531
vt 0.2062988 0.875
vt 0.2012939 0.875
vt 0.2001953 0.8725586
vt 0.2054443 0.8725586
vt 0.2000732 0.8701172
vt 0.2053223 0.8701172
vt 0.2010498 0.8681641
vt 0.2060547 0.8681641
vt 0.2078857 0.8676758
vt 0.2541504 0.8681641
vt 0.2563477 0.8686523
vt 0.2060547 0.8681641
vt 0.203125 0.8676758
vt 0.2010498 0.8681641
vt 0.2509766 0.875
vt 0.2558594 0.875
vt 0.2570801 0.8725586
vt 0.251709 0.8725586
vt 0.2570801 0.8706055
vt 0.2322998 0.8725586
vt 0.2322998 0.875
vt 0.2132568 0.875
vt 0.2519531 0.8706055
vt 0.2563477 0.8686523
vt 0.2512207 0.8686523
vt 0.2322998 0.8701172
vt 0.2322998 0.8681641
vt 0.2126465 0.8725586
vt 0.2012939 0.875
vt 0.2001953 0.8725586
vt 0.2125244 0.8701172
vt 0.2131348 0.8681641
vt 0.2000732 0.8701172
vt 0.2010498 0.8681641
vt 0.2012939 0.875
vt 0.2062988 0.875
vt 0.2241211 0.8769531
vt 0.2198486 0.8769531
vt 0.2541504 0.8681641
vt 0.2512207 0.8686523
vt 0.2563477 0.8686523
vt 0.2493896 0.8681641
vt 0.2322998 0.8681641
vt 0.2320557 0.8681641
vt 0.2131348 0.8681641
vt 0.2143555 0.8681641
vt 0.2010498 0.8681641
vt 0.203125 0.8676758
vt 0.2122803 0.8676758
vt 0.2064209 0.8676758
vt 0.2070313 0.8950195
vt 0.2131348 0.8950195
vt 0.2260742 0.8676758
vt 0.2266846 0.8950195
vt 0.2475586 0.8676758
vt 0.2471924 0.8950195
vt 0.2553711 0.8676758
vt 0.2546387 0.8950195
vt 0.2305908 0.9316406
vt 0.2307129 0.9316406
vt 0.2286377 0.9321289
vt 0.2287598 0.9316406
vt 0.2319336 0.9301758
vt 0.2266846 0.9316406
vt 0.2287598 0.9301758
vt 0.2324219 0.9282227
vt 0.2287598 0.9282227
vt 0.2319336 0.9257813
vt 0.2287598 0.9257813
vt 0.2307129 0.9243164
vt 0.2254639 0.9301758
vt 0.2265625 0.9316406
vt 0.2287598 0.9282227
vt 0.2253418 0.9301758
vt 0.2249756 0.9282227
vt 0.2249756 0.9282227
vt 0.2249756 0.9282227
vt 0.2254639 0.9257813
vt 0.2253418 0.9257813
vt 0.2287598 0.9243164
vt 0.2266846 0.9243164
vt 0.2265625 0.9243164
vt 0.2286377 0.9238281
vt 0.2305908 0.9243164
vt 0.2305908 0.9243164
vt 0.2307129 0.9243164
vt 0.2319336 0.9257813
vt 0.2318115 0.9257813
vt 0.2324219 0.9282227
vt 0.2322998 0.9282227
vt 0.2319336 0.9301758
vt 0.2318115 0.9301758
vt 0.2307129 0.9316406
vt 0.2305908 0.9316406
vt 0.2285156 0.9243164
vt 0.2286377 0.9238281
vt 0.2285156 0.9257813
vt 0.2322998 0.9282227
vt 0.2265625 0.9243164
vt 0.2266846 0.9243164
vt 0.2253418 0.9257813
vt 0.2285156 0.9282227
vt 0.2285156 0.9282227
vt 0.2249756 0.9282227
vt 0.2285156 0.9301758
vt 0.2253418 0.9301758
vt 0.2285156 0.9316406
vt 0.2286377 0.9321289
vt 0.2265625 0.9316406
vt 0.2266846 0.9316406
vt 0.1462402 0.8686523
vt 0.1422119 0.8686523
vt 0.1422119 0.9311523
vt 0.1462402 0.9311523
vt 0.1604004 0.8686523
vt 0.1604004 0.9311523
vt 0.1755371 0.8686523
vt 0.1755371 0.9311523
vt 0.1832275 0.8686523
vt 0.1832275 0.9311523
vt 0.2314453 0.8740234
vt 0.2314453 0.8740234
vt 0.2315674 0.8740234
vt 0.2315674 0.8740234
vt 0.2314453 0.8740234
vt 0.2314453 0.8735352
vt 0.2315674 0.8735352
vt 0.2313232 0.8735352
vt 0.2313232 0.8735352
vt 0.2313232 0.8681641
vt 0.2315674 0.8681641
vt 0.2315674 0.8740234
vt 0.2315674 0.8740234
vt 0.2315674 0.8740234
vt 0.2316895 0.8735352
vt 0.2316895 0.8735352
vt 0.2316895 0.8735352
vt 0.2316895 0.8681641
vt 0.1422119 0.8686523
vt 0.1505127 0.8686523
vt 0.1505127 0.9311523
vt 0.1422119 0.9311523
vt 0.2341309 0.8740234
vt 0.234375 0.8740234
vt 0.234375 0.8740234
vt 0.2346191 0.8740234
vt 0.2346191 0.8735352
vt 0.2346191 0.8740234
vt 0.2347412 0.8740234
vt 0.2348633 0.8740234
vt 0.2349854 0.8740234
vt 0.2351074 0.8735352
vt 0.2351074 0.8735352
vt 0.2340088 0.8735352
vt 0.2341309 0.8735352
vt 0.2340088 0.8681641
vt 0.2340088 0.8735352
vt 0.2346191 0.8681641
vt 0.2351074 0.8681641
vt 0.2351074 0.8735352
vt 0.2165527 0.8696289
vt 0.2121582 0.8696289
vt 0.2115479 0.8823242
vt 0.2161865 0.8828125
vt 0.2243652 0.8696289
vt 0.2156982 0.8945313
vt 0.2242432 0.8828125
vt 0.2335205 0.8696289
vt 0.2192383 0.8945313
vt 0.2241211 0.9013672
vt 0.2336426 0.8828125
vt 0.241333 0.8696289
vt 0.2253418 0.9013672
vt 0.2290039 0.9023438
vt 0.2253418 0.8945313
vt 0.2416992 0.8823242
vt 0.2458496 0.8696289
vt 0.2276611 0.9013672
vt 0.2325439 0.8945313
vt 0.2463379 0.8823242
vt 0.2458496 0.8696289
vt 0.24646 0.8823242
vt 0.2302246 0.9013672
vt 0.2386475 0.8945313
vt 0.2423096 0.8945313
vt 0.2423096 0.8945313
vt 0.2325439 0.9013672
vt 0.2338867 0.9013672
vt 0.2338867 0.9013672
vt 0.2414551 0.8696289
vt 0.2458496 0.8696289
vt 0.24646 0.8823242
vt 0.2418213 0.8828125
vt 0.2336426 0.8696289
vt 0.2423096 0.8945313
vt 0.2337646 0.8828125
vt 0.2244873 0.8696289
vt 0.2387695 0.8945313
vt 0.2338867 0.9013672
vt 0.2243652 0.8828125
vt 0.2166748 0.8696289
vt 0.2325439 0.9013672
vt 0.2290039 0.9023438
vt 0.2325439 0.8945313
vt 0.2163086 0.8823242
vt 0.2121582 0.8696289
vt 0.2303467 0.9013672
vt 0.2254639 0.8945313
vt 0.2116699 0.8823242
vt 0.2121582 0.8696289
vt 0.2115479 0.8823242
vt 0.2276611 0.9013672
vt 0.2192383 0.8945313
vt 0.2156982 0.8945313
vt 0.2156982 0.8945313
vt 0.2254639 0.9013672
vt 0.2241211 0.9013672
vt 0.2241211 0.9013672
vt 0.2294922 0.9111328
vt 0.229248 0.9111328
vt 0.2298584 0.9130859
vt 0.2303467 0.9130859
vt 0.2302246 0.9150391
vt 0.2307129 0.9150391
vt 0.2302246 0.9174805
vt 0.2307129 0.9174805
vt 0.2298584 0.9194336
vt 0.2303467 0.9194336
vt 0.229248 0.9228516
vt 0.2294922 0.9228516
vt 0.2288818 0.9111328
vt 0.2294922 0.9111328
vt 0.2303467 0.9130859
vt 0.2290039 0.9130859
vt 0.2307129 0.9150391
vt 0.229126 0.9150391
vt 0.2307129 0.9174805
vt 0.229126 0.9174805
vt 0.2303467 0.9194336
vt 0.2290039 0.9194336
vt 0.2294922 0.9228516
vt 0.2288818 0.9228516
vt 0.2298584 0.9194336
vt 0.2283936 0.9228516
vt 0.229248 0.9228516
vt 0.2282715 0.9194336
vt 0.2302246 0.9174805
vt 0.2281494 0.9174805
vt 0.2302246 0.9150391
vt 0.2281494 0.9150391
vt 0.2298584 0.9130859
vt 0.2282715 0.9130859
vt 0.229248 0.9111328
vt 0.2283936 0.9111328
vt 0.2282715 0.9194336
vt 0.2277832 0.9228516
vt 0.2283936 0.9228516
vt 0.2270508 0.9194336
vt 0.2281494 0.9174805
vt 0.2265625 0.9174805
vt 0.2281494 0.9150391
vt 0.2265625 0.9150391
vt 0.2282715 0.9130859
vt 0.2270508 0.9130859
vt 0.2283936 0.9111328
vt 0.2277832 0.9111328
vt 0.2270508 0.9194336
vt 0.2280273 0.9228516
vt 0.2277832 0.9228516
vt 0.227417 0.9194336
vt 0.2265625 0.9174805
vt 0.2271729 0.9174805
vt 0.2265625 0.9150391
vt 0.2271729 0.9150391
vt 0.2270508 0.9130859
vt 0.227417 0.9130859
vt 0.2277832 0.9111328
vt 0.2280273 0.9111328
vt 0.227417 0.9194336
vt 0.2288818 0.9228516
vt 0.2280273 0.9228516
vt 0.2290039 0.9194336
vt 0.2271729 0.9174805
vt 0.229126 0.9174805
vt 0.2271729 0.9150391
vt 0.229126 0.9150391
vt 0.227417 0.9130859
vt 0.2290039 0.9130859
vt 0.2280273 0.9111328
vt 0.2288818 0.9111328
vt 0.230835 0.9086914
vt 0.230835 0.9086914
vt 0.2286377 0.9091797
vt 0.2287598 0.9086914
vt 0.2321777 0.9067383
vt 0.2265625 0.9086914
vt 0.2287598 0.9067383
vt 0.232666 0.9047852
vt 0.2287598 0.9047852
vt 0.2321777 0.9023438
vt 0.2287598 0.9023438
vt 0.230835 0.9008789
vt 0.2252197 0.9067383
vt 0.2264404 0.9086914
vt 0.2287598 0.9047852
vt 0.2250977 0.9067383
vt 0.2247314 0.9047852
vt 0.2247314 0.9047852
vt 0.2246094 0.9047852
vt 0.2252197 0.9023438
vt 0.2250977 0.9023438
vt 0.2287598 0.9008789
vt 0.2265625 0.9008789
vt 0.2264404 0.9008789
vt 0.2286377 0.8999023
vt 0.230835 0.9008789
vt 0.230835 0.9008789
vt 0.230835 0.9008789
vt 0.2321777 0.9023438
vt 0.2321777 0.9023438
vt 0.232666 0.9047852
vt 0.2325439 0.9047852
vt 0.2321777 0.9067383
vt 0.2321777 0.9067383
vt 0.230835 0.9086914
vt 0.230835 0.9086914
vt 0.2285156 0.9008789
vt 0.2286377 0.8999023
vt 0.2285156 0.9023438
vt 0.2325439 0.9047852
vt 0.2264404 0.9008789
vt 0.2265625 0.9008789
vt 0.2250977 0.9023438
vt 0.2285156 0.9047852
vt 0.2285156 0.9047852
vt 0.2246094 0.9047852
vt 0.2285156 0.9067383
vt 0.2250977 0.9067383
vt 0.2285156 0.9086914
vt 0.2286377 0.9091797
vt 0.2264404 0.9086914
vt 0.2265625 0.9086914
vt 0.2474365 0.9111328
vt 0.2397461 0.9125977
vt 0.2563477 0.9111328
vt 0.2315674 0.9125977
vt 0.2231445 0.9111328
vt 0.2172852 0.9125977
vt 0.2070313 0.9111328
vt 0.2004395 0.9111328
vt 0.2172852 0.9125977
vt 0.2004395 0.9111328
vt 0.2094727 0.9111328
vt 0.2254639 0.9125977
vt 0.2315674 0.9125977
vt 0.2337646 0.9111328
vt 0.2397461 0.9125977
vt 0.2004395 0.8686523
vt 0.2094727 0.8686523
vt 0.2094727 0.9111328
vt 0.2004395 0.9111328
vt 0.2094727 0.8686523
vt 0.2337646 0.8686523
vt 0.2337646 0.9111328
vt 0.2094727 0.9111328
vt 0.2498779 0.8686523
vt 0.2565918 0.8686523
vt 0.2563477 0.9111328
vt 0.2498779 0.9111328
vt 0.2565918 0.8686523
vt 0.2474365 0.9111328
vt 0.2563477 0.9111328
vt 0.2474365 0.8686523
vt 0.2231445 0.9111328
vt 0.2231445 0.8686523
vt 0.2070313 0.9111328
vt 0.2070313 0.8686523
vt 0.2004395 0.9111328
vt 0.2004395 0.8686523
vt 0.1463623 0.8671875
vt 0.1685791 0.8671875
vt 0.1685791 0.9042969
vt 0.1463623 0.9042969
vt 0.2318115 0.8686523
vt 0.2318115 0.8686523
vt 0.2369385 0.8691406
vt 0.2369385 0.8691406
vt 0.2371826 0.8691406
vt 0.2371826 0.8691406
vt 0.2373047 0.8691406
vt 0.2373047 0.8691406
vt 0.2375488 0.8691406
vt 0.2375488 0.8691406
vt 0.2376709 0.8686523
vt 0.2376709 0.8686523
vt 0.2376709 0.8686523
vt 0.2376709 0.8686523
vt 0.237793 0.8686523
vt 0.237793 0.8686523
vt 0.2376709 0.8681641
vt 0.2376709 0.8681641
vt 0.2376709 0.8681641
vt 0.2376709 0.8681641
vt 0.2375488 0.8681641
vt 0.2375488 0.8681641
vt 0.2374268 0.8681641
vt 0.2374268 0.8681641
vt 0.2371826 0.8681641
vt 0.2371826 0.8681641
vt 0.2370605 0.8676758
vt 0.2370605 0.8676758
vt 0.2319336 0.8676758
vt 0.2319336 0.8676758
vt 0.2319336 0.8681641
vt 0.2318115 0.8686523
vt 0.2318115 0.8686523
vt 0.2319336 0.8681641
vt 0.2319336 0.8676758
vt 0.2319336 0.8676758
vt 0.230835 0.925293
vt 0.2315674 0.925293
vt 0.232666 0.9262695
vt 0.2299805 0.9248047
vt 0.2313232 0.9262695
vt 0.2331543 0.9277344
vt 0.229248 0.925293
vt 0.2283936 0.925293
vt 0.2286377 0.9262695
vt 0.2271729 0.9262695
vt 0.2315674 0.9277344
vt 0.232666 0.9296875
vt 0.2313232 0.9296875
vt 0.2315674 0.9277344
vt 0.2315674 0.9306641
vt 0.2283936 0.9277344
vt 0.2283936 0.9277344
vt 0.2268066 0.9277344
vt 0.2286377 0.9296875
vt 0.2271729 0.9296875
vt 0.230835 0.9306641
vt 0.2299805 0.9311523
vt 0.229248 0.9306641
vt 0.2283936 0.9306641
vt 0.229126 0.925293
vt 0.2283936 0.925293
vt 0.2271729 0.9262695
vt 0.2299805 0.9248047
vt 0.2285156 0.9262695
vt 0.2268066 0.9277344
vt 0.2307129 0.925293
vt 0.2315674 0.925293
vt 0.2313232 0.9262695
vt 0.232666 0.9262695
vt 0.2282715 0.9277344
vt 0.2271729 0.9296875
vt 0.2285156 0.9296875
vt 0.2282715 0.9277344
vt 0.2283936 0.9306641
vt 0.2314453 0.9277344
vt 0.2314453 0.9277344
vt 0.2331543 0.9277344
vt 0.2313232 0.9296875
vt 0.232666 0.9296875
vt 0.229126 0.9306641
vt 0.2299805 0.9311523
vt 0.2307129 0.9306641
vt 0.2315674 0.9306641
vt 0.2310791 0.8896484
vt 0.2320557 0.8896484
vt 0.2336426 0.8911133
vt 0.2299805 0.8891602
vt 0.2318115 0.8911133
vt 0.2341309 0.8930664
vt 0.2290039 0.8896484
vt 0.2279053 0.8896484
vt 0.2282715 0.8911133
vt 0.2263184 0.8911133
vt 0.2321777 0.8930664
vt 0.2336426 0.8955078
vt 0.2318115 0.8955078
vt 0.2321777 0.8930664
vt 0.2320557 0.8969727
vt 0.2279053 0.8930664
vt 0.2279053 0.8930664
vt 0.225708 0.8930664
vt 0.2282715 0.8955078
vt 0.2263184 0.8955078
vt 0.2310791 0.8969727
vt 0.2299805 0.8974609
vt 0.2290039 0.8969727
vt 0.2279053 0.8969727
vt 0.2288818 0.8896484
vt 0.2279053 0.8896484
vt 0.2263184 0.8911133
vt 0.2299805 0.8891602
vt 0.2280273 0.8911133
vt 0.225708 0.8930664
vt 0.230957 0.8896484
vt 0.2320557 0.8896484
vt 0.2316895 0.8911133
vt 0.2336426 0.8911133
vt 0.2277832 0.8930664
vt 0.2263184 0.8955078
vt 0.2280273 0.8955078
vt 0.2277832 0.8930664
vt 0.2279053 0.8969727
vt 0.2319336 0.8930664
vt 0.2319336 0.8930664
vt 0.2341309 0.8930664
vt 0.2316895 0.8955078
vt 0.2336426 0.8955078
vt 0.2288818 0.8969727
vt 0.2299805 0.8974609
vt 0.230957 0.8969727
vt 0.2320557 0.8969727
vt 0.1501465 0.9189453
vt 0.1512451 0.9174805
vt 0.1505127 0.9155273
vt 0.1505127 0.9033203
vt 0.1512451 0.9003906
vt 0.1539307 0.9174805
vt 0.1539307 0.9003906
vt 0.1539307 0.8867188
vt 0.1461182 0.9033203
vt 0.1512451 0.9316406
vt 0.1495361 0.921875
vt 0.1483154 0.9238281
vt 0.1452637 0.9316406
vt 0.1470947 0.921875
vt 0.1452637 0.9174805
vt 0.1464844 0.9194336
vt 0.1461182 0.9155273
vt 0.1452637 0.9003906
vt 0.1539307 0.9316406
vt 0.1483154 0.8930664
vt 0.1470947 0.890625
vt 0.1495361 0.8911133
vt 0.1452637 0.8867188
vt 0.1464844 0.8881836
vt 0.1461182 0.8842773
vt 0.1461182 0.8720703
vt 0.1452637 0.8696289
vt 0.1512451 0.8696289
vt 0.1501465 0.8881836
vt 0.1505127 0.8720703
vt 0.1512451 0.8867188
vt 0.1505127 0.8842773
vt 0.1539307 0.8696289
vt 0.1566162 0.8720703
vt 0.1743164 0.8696289
vt 0.1700439 0.8720703
vt 0.1567383 0.8842773
vt 0.1577148 0.8881836
vt 0.1594238 0.890625
vt 0.1743164 0.8867188
vt 0.1700439 0.8842773
vt 0.1689453 0.8881836
vt 0.1743164 0.9003906
vt 0.1668701 0.8911133
vt 0.163208 0.8930664
vt 0.1566162 0.9033203
vt 0.1700439 0.9033203
vt 0.1567383 0.9155273
vt 0.1577148 0.9194336
vt 0.1594238 0.921875
vt 0.163208 0.9238281
vt 0.1743164 0.9174805
vt 0.1700439 0.9155273
vt 0.1689453 0.9189453
vt 0.1743164 0.9316406
vt 0.1668701 0.921875
vt 0.255127 0.8681641
vt 0.2463379 0.8681641
vt 0.2539063 0.8681641
vt 0.2548828 0.8681641
vt 0.2459717 0.8681641
vt 0.2563477 0.8681641
vt 0.2254639 0.8681641
vt 0.2354736 0.8681641
vt 0.2244873 0.8681641
vt 0.2364502 0.8681641
vt 0.2044678 0.8681641
vt 0.2161865 0.8681641
vt 0.2030029 0.8681641
vt 0.2165527 0.8681641
vt 0.2119141 0.8681641
vt 0.2122803 0.8681641
vt 0.2543945 0.8691406
vt 0.2570801 0.8691406
vt 0.2541504 0.8691406
vt 0.2512207 0.8691406
vt 0.2580566 0.8691406
vt 0.2514648 0.8691406
vt 0.2320557 0.8691406
vt 0.2280273 0.8691406
vt 0.2324219 0.8691406
vt 0.2276611 0.8691406
vt 0.2070313 0.8691406
vt 0.2036133 0.8691406
vt 0.2061768 0.8691406
vt 0.2026367 0.8691406
vt 0.2028809 0.8691406
vt 0.2017822 0.8691406
vt 0.2034912 0.8691406
vt 0.2565918 0.8691406
vt 0.2558594 0.8691406
vt 0.2580566 0.8686523
vt 0.2043457 0.8691406
vt 0.2573242 0.8686523
vt 0.2027588 0.8686523
vt 0.2565918 0.8681641
vt 0.2020264 0.8686523
vt 0.2561035 0.8681641
vt 0.2042236 0.8681641
vt 0.2037354 0.8681641
vn -0.265625 0.9228516 0.2788086
vn -0.4306641 0.8867188 0.1673584
vn -0.4367676 0.8876953 -0.1469727
vn 0 -0.7070313 0.7070313
vn 0 -0.7070313 0.7070313
vn 0 -0.7070313 0.7070313
vn -0.7319336 0 0.6816406
vn -0.7319336 0 0.6816406
vn -0.7319336 0 0.6816406
vn -0.6665039 -0.6665039 -0.333252
vn -0.6665039 -0.6665039 -0.333252
vn -0.6665039 -0.6665039 -0.333252
vn 0.002058029 1 -0.01637268
vn -0.004127502 1 -0.01179504
vn -0.0007781982 1 -0.01727295
vn 0.002058029 1 -0.01637268
vn -0.006290436 1 -0.01759338
vn -0.004127502 1 -0.01179504
vn 0.002058029 1 -0.01637268
vn -0.0007781982 1 -0.01727295
vn 0.0050354 1 -0.01655579
vn 0.002058029 1 -0.01637268
vn 0.0050354 1 -0.01655579
vn 0.006908417 1 -0.01038361
vn -0.0165863 1 -0.006160736
vn -0.01364899 1 0.00129509
vn -0.01406097 1 0.01500702
vn -0.0165863 1 -0.006160736
vn -0.01364899 1 0.001296043
vn -0.01406097 1 0.01500702
vn -0.0165863 1 -0.006160736
vn -0.01364899 1 0.00129509
vn -0.01406097 1 0.01500702
vn -0.0165863 1 -0.006160736
vn -0.01364899 1 0.00129509
vn -0.01406097 1 0.01501465
vn 0.06781006 0.9975586 -0.01429749
vn 0.04272461 0.9985352 -0.03338623
vn 0.01599121 0.996582 -0.08068848
vn 0.3215332 0.9453125 -0.05819702
vn 0.192749 0.972168 -0.1318359
vn 0.0814209 0.9785156 -0.1885986
vn 0.192749 0.972168 -0.1318359
vn 0.06677246 0.9785156 -0.1939697
vn 0.0814209 0.9785156 -0.1885986
vn 0.3215332 0.9453125 -0.05819702
vn 0.192749 0.972168 -0.1318359
vn 0.0814209 0.9785156 -0.1885986
vn 0.192749 0.972168 -0.1318359
vn 0.06677246 0.9785156 -0.1939697
vn 0.0814209 0.9785156 -0.1885986
vn 0.06781006 0.9975586 -0.01429749
vn 0.04272461 0.9985352 -0.03338623
vn 0.01599121 0.996582 -0.08068848
vn 0.3215332 0.9453125 -0.05819702
vn 0.192749 0.972168 -0.1318359
vn 0.0814209 0.9785156 -0.1885986
vn 0.192749 0.972168 -0.1318359
vn 0.06677246 0.9785156 -0.1939697
vn 0.0814209 0.9785156 -0.1885986
vn 0.06781006 0.9975586 -0.01428986
vn 0.04272461 0.9985352 -0.03338623
vn 0.01599121 0.996582 -0.08068848
vn 0.3215332 0.9453125 -0.05819702
vn 0.192749 0.972168 -0.1318359
vn 0.0814209 0.9785156 -0.1885986
vn 0.192749 0.972168 -0.1318359
vn 0.06677246 0.9785156 -0.1939697
vn 0.0814209 0.9785156 -0.1885986
vn 0.06781006 0.9975586 -0.01429749
vn 0.04272461 0.9985352 -0.03338623
vn 0.01599121 0.996582 -0.08068848
vn -0.5493164 -2.890825E-05 -0.8354492
vn -0.5493164 -1.257658E-05 -0.8354492
vn -0.5493164 -1.257658E-05 -0.8354492
vn -0.5493164 -2.890825E-05 -0.8354492
vn -0.5493164 -4.529953E-05 -0.8354492
vn -0.5493164 -4.529953E-05 -0.8354492
vn -0.6835938 0 0.7299805
vn -0.6835938 0 0.7299805
vn -0.6835938 0 0.7299805
vn -0.6835938 0 0.7299805
vn -0.6835938 0 0.7299805
vn -0.6835938 0 0.7299805
vn -0.6835938 0 0.7299805
vn 0.4125977 0.0001479387 0.9106445
vn 0.7299805 0 0.6835938
vn 0.7299805 0 0.6835938
vn 0.4155273 0.0003473759 0.909668
vn 0.7299805 0 0.6835938
vn 0.418457 0.0005464554 0.9082031
vn -0.3459473 0.0005497932 0.9384766
vn -0.3496094 0.0003480911 0.9370117
vn -0.3525391 0.0001480579 0.9360352
vn -0.6835938 0 0.7299805
vn -0.6835938 0 0.7299805
vn -0.6835938 0 0.7299805
vn -0.6831055 -1.5378E-05 0.7299805
vn -0.9077148 -0.002843857 0.4196777
vn -0.6845703 -0.007888794 0.7290039
vn -0.6835938 0 0.7299805
vn -0.8857422 -0.06793213 0.4597168
vn -0.6831055 0 0.7299805
vn -0.6835938 0.0001198649 0.7299805
vn -0.8041992 -0.2199707 0.5527344
vn -0.6865234 -0.004962921 0.7270508
vn -0.6728516 -0.1986084 0.7124023
vn -0.9106445 0.0001478195 0.4125977
vn -0.6772461 -0.006702423 0.7358398
vn -0.5107422 -0.2084961 0.8339844
vn -0.3984375 -0.05599976 0.9155273
vn -0.6772461 0.004741669 0.7358398
vn -0.684082 -1.871586E-05 0.7294922
vn -0.3579102 0.0005316734 0.9335938
vn -0.9135742 0.0005497932 0.40625
vn -0.6835938 0 0.7299805
vn -0.6811523 -0.003698349 0.7319336
vn -0.9121094 0.0003476143 0.4099121
vn -0.6772461 0.00131321 0.7358398
vn -1 0.001011848 0.01997375
vn -0.9995117 0.0006418228 0.02630615
vn -0.9995117 0.0002720356 0.03262329
vn -0.7861328 -0.5917969 -0.1791992
vn -0.3796387 -0.8540039 -0.3557129
vn -0.3796387 -0.8540039 -0.3557129
vn -0.5361328 -0.6782227 -0.5024414
vn -0.9145508 -0.2370605 -0.3278809
vn -0.7094727 -0.2352295 -0.6645508
vn -0.7861328 -0.5917969 -0.1791992
vn -0.8857422 -0.06793213 0.4597168
vn -0.8041992 -0.2199707 0.5527344
vn -0.3193359 -0.7353516 0.5976563
vn -0.8041992 -0.2199707 0.5527344
vn -0.6728516 -0.1986084 0.7124023
vn -0.7299805 -0.007488251 -0.6835938
vn -0.9145508 -0.2370605 -0.3278809
vn -0.9077148 -0.002843857 0.4196777
vn -0.9379883 -0.00692749 -0.3459473
vn 0.4069824 0.001349449 0.9135742
vn 0.6914063 -0.2634277 0.6728516
vn 0.7299805 0.001498222 0.6835938
vn 0.3791504 -0.2495117 0.8911133
vn -0.3984375 -0.05599976 0.9155273
vn -0.3579102 0.0005316734 0.9335938
vn 0.217041 -0.5888672 0.7783203
vn 0.4997559 -0.7011719 0.5083008
vn 0.3791504 -0.2495117 0.8911133
vn -0.5107422 -0.2084961 0.8339844
vn -0.3984375 -0.05599976 0.9155273
vn -0.3193359 -0.7353516 0.5976563
vn 0.3776855 -0.8427734 0.3840332
vn -0.6728516 -0.1986084 0.7124023
vn -0.5107422 -0.2084961 0.8339844
vn -0.4377441 0.8847656 -0.1586914
vn -0.2600098 0.9257813 -0.2739258
vn 0 1 0
vn -0.4279785 0.8876953 0.1706543
vn -0.2617188 0.9238281 0.2792969
vn 0.2792969 0.9238281 0.2617188
vn -0.8481445 0.3537598 0.3945313
vn -0.8681641 0.3278809 -0.3730469
vn -0.9106445 -0.0005850792 0.4128418
vn -0.9199219 -0.04736328 -0.3896484
vn -0.6835938 0 0.7299805
vn -0.6318359 0.3825684 0.6743164
vn -0.3383789 0.3537598 0.8720703
vn -0.3527832 -0.0005931854 0.9355469
vn -0.142334 0.8876953 0.4382324
vn 0.3945313 0.3537598 0.8481445
vn 0.4128418 -0.0005927086 0.9106445
vn 0.7299805 0 0.6835938
vn 0.6743164 0.3825684 0.6318359
vn 0.1706543 0.8876953 0.4279785
vn -0.684082 -1.871586E-05 0.7294922
vn -0.6835938 0 0.7299805
vn -0.6772461 0.00131321 0.7358398
vn -0.6772461 0.004741669 0.7358398
vn -0.6811523 -0.003698349 0.7319336
vn -0.6772461 -0.006702423 0.7358398
vn -0.6845703 -0.007888794 0.7290039
vn -0.6865234 -0.004962921 0.7270508
vn -0.6835938 0 0.7299805
vn -0.6835938 0.0001198649 0.7299805
vn -0.6835938 0 0.7299805
vn -0.6831055 0 0.7299805
vn -0.6835938 0 0.7299805
vn -0.6831055 -1.5378E-05 0.7299805
vn -0.6376953 0.3405762 -0.690918
vn -0.9199219 -0.04736328 -0.3896484
vn -0.6689453 -0.08477783 -0.7387695
vn -0.8681641 0.3278809 -0.3730469
vn -0.2600098 0.9257813 -0.2739258
vn -0.4377441 0.8847656 -0.1586914
vn 0.9140625 0.0003349781 -0.4057617
vn 0.9125977 0.0005221367 -0.4086914
vn 0.9345703 0.0005254745 0.3557129
vn 0.9331055 0.0003359318 0.3596191
vn 0.9150391 0.0001471043 -0.4030762
vn 0.9321289 0.0001485348 0.3623047
vn 0.7226563 0 0.6914063
vn 0.7226563 0 0.6914063
vn 0.7226563 0 0.6914063
vn 0.7226563 -1.698732E-05 0.690918
vn 0.7216797 -0.00793457 0.6923828
vn 0.7226563 0 0.6914063
vn 0.4030762 0.0001484156 0.9150391
vn 0.3991699 -0.002796173 0.9169922
vn 0.7246094 -0.00371933 0.6889648
vn 0.442627 -0.07110596 0.894043
vn 0.7231445 0 0.690918
vn -0.3459473 -0.2352295 0.9082031
vn -0.3671875 -0.006656647 0.9301758
vn -0.1929932 -0.59375 0.78125
vn 0.5405273 -0.2232666 0.8110352
vn 0.4003906 0.0003359318 0.9165039
vn 0.7285156 0.00131321 0.6850586
vn 0.7226563 0 0.6914063
vn -0.3652344 0.0003354549 0.9311523
vn -0.3623047 0.0001479387 0.9321289
vn -0.3681641 0.0005221367 0.9296875
vn 0.3967285 0.0005254745 0.9179688
vn 0.722168 -2.062321E-05 0.6918945
vn 0.9345703 0.0005259514 0.3564453
vn 0.9165039 -0.05914307 0.3959961
vn 0.7285156 0.004680634 0.6850586
vn 0.9125977 0.001297951 -0.4084473
vn 0.8876953 -0.2269287 -0.4008789
vn 0.8364258 -0.2182617 0.5029297
vn 0.7788086 -0.5712891 -0.2590332
vn 0.7285156 -0.006797791 0.6850586
vn 0.9165039 -0.05914307 0.3959961
vn 0.7080078 -0.1989746 0.6777344
vn 0.7788086 -0.5712891 -0.2590332
vn 0.3981934 -0.847168 0.3513184
vn 0.7197266 -0.005058289 0.6943359
vn 0.7080078 -0.1989746 0.6777344
vn 0.3981934 -0.847168 0.3513184
vn -0.1929932 -0.59375 0.78125
vn 0.7226563 0.0001186132 0.6914063
vn 0.442627 -0.07110596 0.894043
vn 0.6835938 0 -0.7299805
vn 0.6835938 0 -0.7299805
vn 0.6835938 0 -0.7299805
vn 0.6835938 0 -0.7299805
vn 0.6835938 0 -0.7299805
vn 0.6835938 0 -0.7299805
vn 0.6835938 0 -0.7299805
vn 0.6835938 0 -0.7299805
vn 0.6835938 0 -0.7299805
vn 0.6835938 0 -0.7299805
vn 0.6835938 0 -0.7299805
vn 0.6835938 0 -0.7299805
vn 0.6835938 0 -0.7299805
vn 0.6835938 0 -0.7299805
vn 0.6835938 0 -0.7299805
vn 0.9140625 0.0003349781 -0.4057617
vn 0.6914063 0 -0.7226563
vn 0.9125977 0.0005221367 -0.4086914
vn 0.6914063 0 -0.7226563
vn 0.9150391 0.0001471043 -0.4030762
vn 0.6914063 0 -0.7226563
vn -0.6914063 0 0.7226563
vn -0.3681641 0.0005221367 0.9296875
vn -0.6914063 0 0.7226563
vn -0.3652344 0.0003354549 0.9311523
vn -0.3623047 0.0001479387 0.9321289
vn -0.6914063 0 0.7226563
vn 0.7226563 0 0.6914063
vn 0.7226563 0 0.6914063
vn 0.7226563 0 0.6914063
vn 0.7226563 0 0.6914063
vn 0.7226563 0 0.6914063
vn 0.7226563 0 0.6914063
vn 0.7226563 0 0.6914063
vn 0.7788086 -0.5712891 -0.2590332
vn 0.5239258 -0.652832 -0.5473633
vn 0.6748047 -0.2180176 -0.7050781
vn 0.8876953 -0.2269287 -0.4008789
vn 0.9125977 0.001297951 -0.4084473
vn 0.6914063 0.001432419 -0.7226563
vn 0.7226563 0 0.6914063
vn 0.8681641 0.3537598 0.3476563
vn 0.9321289 -0.0005950928 0.3625488
vn 0.6674805 0.3825684 0.6386719
vn 0.385498 0.3537598 0.8520508
vn 0.4033203 -0.0005936623 0.9150391
vn 0.2766113 0.9238281 0.2646484
vn 0.4367676 0.8876953 0.1469727
vn 0.1661377 0.8876953 0.4299316
vn -0.3476563 0.3537598 0.8681641
vn -0.3625488 -0.0005941391 0.9321289
vn -0.2646484 0.9238281 0.2766113
vn 0 1 0
vn -0.1469727 0.8876953 0.4367676
vn -0.6386719 0.3825684 0.6674805
vn -0.6914063 0 0.7226563
vn 0.4367676 0.8876953 0.1469727
vn 0.2766113 0.9238281 0.2646484
vn 0.4299316 0.8876953 -0.1661377
vn 0.2646484 0.9238281 -0.2766113
vn 0.6386719 0.3825684 -0.6674805
vn 0.8520508 0.3537598 -0.385498
vn 0.8681641 0.3537598 0.3476563
vn 0.6914063 0 -0.7226563
vn 0.9321289 -0.0005950928 0.3625488
vn 0.9150391 -0.0005917549 -0.4033203
vn -0.1929932 -0.59375 0.78125
vn -0.5078125 -0.6782227 0.5307617
vn -0.3596191 -0.8540039 0.3759766
vn 0.3981934 -0.847168 0.3513184
vn -0.3459473 -0.2352295 0.9082031
vn -0.5078125 -0.6782227 0.5307617
vn -0.1929932 -0.59375 0.78125
vn -0.671875 -0.2351074 0.7021484
vn -0.6914063 -0.007160187 0.7226563
vn -0.3459473 -0.2352295 0.9082031
vn -0.3671875 -0.006656647 0.9301758
vn 0.3981934 -0.847168 0.3513184
vn 0.3842773 -0.831543 -0.4016113
vn 0.5239258 -0.652832 -0.5473633
vn 0.7788086 -0.5712891 -0.2590332
vn 0.722168 -2.062321E-05 0.6918945
vn 0.7226563 0 0.6914063
vn 0.7285156 0.00131321 0.6850586
vn 0.7285156 0.004680634 0.6850586
vn 0.7246094 -0.00371933 0.6889648
vn 0.7285156 -0.006797791 0.6850586
vn 0.7216797 -0.00793457 0.6923828
vn 0.7197266 -0.005058289 0.6943359
vn 0.7226563 0 0.6914063
vn 0.7226563 0.0001186132 0.6914063
vn 0.7226563 0 0.6914063
vn 0.7231445 0 0.690918
vn 0.7226563 0 0.6914063
vn 0.7226563 -1.698732E-05 0.690918
vn -0.7226563 0 -0.6914063
vn -0.7226563 0 -0.6914063
vn -0.7226563 0 -0.6914063
vn -0.7226563 0 -0.6914063
vn -0.7226563 0 -0.6914063
vn -0.7226563 0 -0.6914063
vn -0.7226563 0 -0.6914063
vn -0.7226563 0 -0.6914063
vn -0.7226563 0 -0.6914063
vn -0.7226563 0 -0.6914063
vn -0.7226563 0 -0.6914063
vn -0.7226563 0 -0.6914063
vn -0.7226563 0 -0.6914063
vn -0.7226563 0 -0.6914063
vn -0.7226563 0 -0.6914063
vn 0.3703613 0.3376465 -0.8652344
vn 0.1624756 0.8798828 -0.4465332
vn -0.1661377 0.8876953 -0.4299316
vn -0.385498 0.3537598 -0.8520508
vn 0.385498 -0.0005888939 -0.9228516
vn -0.4033203 -0.000597477 -0.9150391
vn -0.9321289 -0.0005817413 -0.3625488
vn -0.8681641 0.3537598 -0.3476563
vn -0.4367676 0.8876953 -0.1469727
vn -0.8520508 0.3525391 0.3874512
vn -0.9140625 -0.0005755424 0.4052734
vn -0.8681641 0.3537598 -0.3476563
vn -0.4306641 0.8867188 0.1673584
vn -0.4367676 0.8876953 -0.1469727
vn -0.6875 0 0.7260742
vn -0.9140625 0.0001562834 0.4052734
vn -0.9140625 0.0001562834 0.4055176
vn -0.6875 0 0.7260742
vn 0.390625 0.0001330376 -0.9204102
vn 0.390625 0.0001331568 -0.9204102
vn 0.734375 -2.217293E-05 -0.6787109
vn 0.734375 -2.217293E-05 -0.6787109
vn -0.9321289 0.000150919 -0.3620605
vn -0.4030762 0.0001429319 -0.9150391
vn -0.9321289 0.000150919 -0.3623047
vn -0.402832 0.0001430511 -0.9150391
vn 0.390625 0.0001331568 -0.9204102
vn 0.390625 0.0001330376 -0.9204102
vn 0.3703613 0.3376465 -0.8652344
vn 0.385498 -0.0005888939 -0.9228516
vn 0.7260742 2.992153E-05 -0.6875
vn 0.671875 0.3552246 -0.6499023
vn 0.2929688 0.9106445 -0.2912598
vn 0.1624756 0.8798828 -0.4465332
vn -0.1661377 0.8876953 -0.4299316
vn -0.4367676 0.8876953 -0.1469727
vn -0.265625 0.9228516 0.2788086
vn -0.637207 0.3806152 0.6704102
vn -0.6884766 1.561642E-05 0.7255859
vn -0.9140625 -0.0005755424 0.4052734
vn -0.8520508 0.3525391 0.3874512
vn -0.4306641 0.8867188 0.1673584
vn -0.265625 0.9228516 0.2788086
vn -0.9321289 0.000150919 -0.3620605
vn -0.9321289 0.000150919 -0.3623047
vn -0.9140625 0.0001562834 0.4055176
vn -0.9140625 0.0001562834 0.4052734
vn 0.7226563 0 0.6914063
vn 0.7226563 0 0.6914063
vn 0.7226563 0 0.6914063
vn 0.7226563 0 0.6914063
vn 0.7226563 0 0.6914063
vn 0.7226563 0 0.6914063
vn 0.7226563 0 0.6914063
vn 0.7226563 0 0.6914063
vn 0.7226563 0 0.6914063
vn 0.7226563 0 0.6914063
vn -0.7299805 0 -0.6835938
vn -0.4125977 0.0001467466 -0.9111328
vn -0.4125977 0.0001466274 -0.9106445
vn -0.7299805 0 -0.6835938
vn 0.9360352 0.000146389 0.3522949
vn 0.9360352 0.0001465082 0.3522949
vn 0.7299805 0 0.6835938
vn 0.7299805 0 0.6835938
vn 0.8515625 0.4345703 0.293457
vn 0.8383789 0.4372559 0.3249512
vn 0.6630859 0.4377441 0.6074219
vn 0.6630859 0.4377441 0.6074219
vn -0.002609253 1 -0.002635956
vn -0.002609253 1 -0.002635956
vn -0.006744385 1 -0.005664825
vn -0.002609253 1 -0.002635956
vn -0.006748199 1 -0.00566864
vn -0.01091003 1 -0.008720398
vn -0.01091003 1 -0.008720398
vn -0.01091003 1 -0.008720398
vn -0.03143311 0.2687988 -0.9628906
vn -0.03143311 0.2687988 -0.9628906
vn -0.3759766 0.3122559 -0.8725586
vn -0.3979492 0.3137207 -0.8623047
vn -0.6879883 0.314209 -0.6542969
vn -0.6879883 0.314209 -0.6542969
vn -0.3979492 0.3137207 -0.8623047
vn -0.3759766 0.3122559 -0.8725586
vn 0.8383789 0.4372559 0.3249512
vn 0.8515625 0.4345703 0.293457
vn 0.9243164 0.380127 -0.03018188
vn 0.9243164 0.380127 -0.03018188
vn 0.9360352 0.0001465082 0.3522949
vn 0.9360352 0.000146389 0.3522949
vn 0.9995117 0.0002706051 -0.03262329
vn 0.9995117 0.0002706051 -0.03262329
vn -0.03262329 0.0002708435 -0.9995117
vn -0.03262329 0.0002708435 -0.9995117
vn -0.4125977 0.0001466274 -0.9106445
vn -0.4125977 0.0001467466 -0.9111328
vn 0.03004456 -0.9985352 0.04449463
vn -0.01532745 -1 0.0005002022
vn -0.01532745 -1 0.0005002022
vn 0.01009369 -0.9995117 0.02516174
vn -0.03729248 -0.9931641 0.1098633
vn -0.04000854 -0.9931641 0.1108398
vn -0.1358643 -0.9799805 0.1450195
vn -0.1358643 -0.9799805 0.1450195
vn -0.1071777 -0.9931641 0.04437256
vn -0.1079712 -0.9931641 0.04718018
vn -0.0463562 -0.9985352 -0.02705383
vn -0.02575684 -0.9995117 -0.008407593
vn 0.0005011559 -1 0.01535034
vn 0.0005011559 -1 0.01535034
vn -0.6835938 0 0.7299805
vn -0.6835938 0 0.7299805
vn -0.6835938 0 0.7299805
vn -0.6835938 0 0.7299805
vn -0.6835938 0 0.7299805
vn -0.6835938 0 0.7299805
vn -0.6835938 0 0.7299805
vn -0.6835938 0 0.7299805
vn -0.6835938 0 0.7299805
vn -0.6835938 0 0.7299805
vn -0.6835938 0 0.7299805
vn -0.6835938 0 0.7299805
vn 0.6801758 -0.4343262 -0.5908203
vn 0.5463867 -0.7578125 -0.3571777
vn 0.559082 -0.7382813 -0.3771973
vn 0.675293 -0.4545898 -0.5810547
vn 0.7089844 -0.1694336 -0.6845703
vn 0.7084961 -0.1402588 -0.6914063
vn 0.6992188 -0.003952026 -0.7148438
vn 0.6992188 -0.003952026 -0.7148438
vn 0.559082 -0.7382813 -0.3771973
vn 0.5463867 -0.7578125 -0.3571777
vn 0.4372559 -0.8764648 -0.201416
vn 0.4372559 -0.8764648 -0.201416
vn -0.1218872 -0.8789063 0.4614258
vn -0.1218872 -0.8789063 0.4614258
vn -0.2404785 -0.7788086 0.5795898
vn -0.2556152 -0.7631836 0.59375
vn -0.4365234 -0.4980469 0.7490234
vn -0.4462891 -0.4772949 0.7568359
vn -0.5571289 -0.1519775 0.8164063
vn -0.5493164 -0.184082 0.8149414
vn -0.5849609 0 0.8110352
vn -0.5849609 0 0.8110352
vn 0.7651367 0 0.644043
vn 0.7651367 0 0.644043
vn 0.7651367 0 0.644043
vn 0.7651367 0 0.644043
vn 0.7651367 0 0.644043
vn 0.7651367 0 0.644043
vn 0.7651367 0 0.644043
vn 0.7651367 0 0.644043
vn 0.7651367 0 0.644043
vn 0.7651367 0 0.644043
vn 0.7651367 0 0.644043
vn 0.7651367 0 0.644043
vn 0.7651367 0 0.644043
vn 0.7651367 0 0.644043
vn 0.7651367 0 0.644043
vn 0.7651367 0 0.644043
vn 0.7651367 0 0.644043
vn 0.6206055 0 0.7841797
vn 0.7651367 0 0.644043
vn 0.6206055 0 0.7841797
vn 0.7651367 0 0.644043
vn 0.7651367 0 0.644043
vn 0.2697754 0 0.9628906
vn 0.7651367 0 0.644043
vn 0.6206055 0 0.7841797
vn 0.2697754 0 0.9628906
vn 0.6206055 0 0.7841797
vn 0.2697754 0 0.9628906
vn 0.7651367 0 0.644043
vn 0.7651367 0 0.644043
vn 0.7651367 0 0.644043
vn 0.7651367 0 0.644043
vn 0.7651367 0 0.644043
vn 0.7651367 0 0.644043
vn 0.7651367 0 0.644043
vn 0.7651367 0 0.644043
vn 0.7651367 0 0.644043
vn 0.7651367 0 0.644043
vn 0.7651367 0 0.644043
vn 0.7651367 0 0.644043
vn 0.7651367 0 0.644043
vn 0.7651367 0 0.644043
vn 0.6201172 0 0.7841797
vn 0.2697754 0 0.9628906
vn 0.2700195 0 0.9628906
vn 0.07855225 0 0.9970703
vn 0.07855225 0 0.9970703
vn 0.07855225 0 0.9970703
vn 0.07855225 0 0.9970703
vn -0.1325684 0 0.9912109
vn -0.1329346 0 0.9912109
vn 0.07855225 0 0.9970703
vn 0.07855225 0 0.9970703
vn 0.07855225 0 0.9970703
vn 0.07855225 0 0.9970703
vn -0.5219727 0 0.8530273
vn -0.1329346 0 0.9912109
vn 0.07855225 0 0.9970703
vn 0.07855225 0 0.9970703
vn 0.07855225 0 0.9970703
vn -0.1329346 0 0.9912109
vn 0.07855225 0 0.9970703
vn 0.07855225 0 0.9970703
vn 0.07855225 0 0.9970703
vn 0.07855225 0 0.9970703
vn -0.1328125 0 0.9912109
vn 0.07855225 0 0.9970703
vn -0.1328125 0 0.9912109
vn 0.07855225 0 0.9970703
vn 0.07855225 0 0.9970703
vn 0.07855225 0 0.9970703
vn -0.5219727 0 0.8530273
vn -0.5219727 0 0.8530273
vn -0.5219727 0 0.8530273
vn -0.5219727 0 0.8530273
vn -0.6835938 0 0.7299805
vn -0.6835938 0 0.7299805
vn -0.6835938 0 0.7299805
vn -0.6835938 0 0.7299805
vn -0.1539307 0 0.9882813
vn -0.6835938 0 0.7299805
vn -0.6835938 0 0.7299805
vn -0.6835938 0 0.7299805
vn -0.6835938 0 0.7299805
vn -0.6835938 0 0.7299805
vn -0.3088379 0 0.9511719
vn -0.6835938 0 0.7299805
vn -0.6835938 0 0.7299805
vn -0.6835938 0 0.7299805
vn -0.6835938 0 0.7299805
vn -0.6835938 0 0.7299805
vn -0.6835938 0 0.7299805
vn -0.6835938 0 0.7299805
vn -0.6835938 0 0.7299805
vn -0.6835938 0 0.7299805
vn -0.6835938 0 0.7299805
vn -0.6835938 0 0.7299805
vn -0.6835938 0 0.7299805
vn -0.6835938 0 0.7299805
vn -0.02511597 0.9995117 -0.0140152
vn -0.02511597 0.9995117 -0.0140152
vn -0.02511597 0.9995117 -0.0140152
vn -0.02511597 0.9995117 -0.0140152
vn 0.7084961 -0.1402588 -0.6914063
vn 0.6992188 -0.003952026 -0.7148438
vn 0.6992188 -0.003952026 -0.7148438
vn 0.7089844 -0.1694336 -0.6845703
vn 0.6801758 -0.4343262 -0.5908203
vn 0.675293 -0.4545898 -0.5810547
vn 0.5463867 -0.7578125 -0.3571777
vn 0.559082 -0.7382813 -0.3771973
vn 0.4372559 -0.8764648 -0.201416
vn 0.4372559 -0.8764648 -0.201416
vn -0.1218872 -0.8789063 0.4614258
vn -0.1218872 -0.8789063 0.4614258
vn -0.2404785 -0.7788086 0.5795898
vn -0.2556152 -0.7631836 0.59375
vn -0.4365234 -0.4980469 0.7490234
vn -0.4462891 -0.4772949 0.7568359
vn -0.5571289 -0.1519775 0.8164063
vn -0.5493164 -0.184082 0.8149414
vn -0.5849609 0 0.8110352
vn -0.5849609 0 0.8110352
vn 0.7651367 0 0.644043
vn 0.7651367 0 0.644043
vn 0.7651367 0 0.644043
vn 0.7651367 0 0.644043
vn 0.7651367 0 0.644043
vn 0.7651367 0 0.644043
vn 0.7651367 0 0.644043
vn 0.7651367 0 0.644043
vn 0.7651367 0 0.644043
vn -0.02511597 0.9995117 -0.0140152
vn -0.02511597 0.9995117 -0.0140152
vn -0.02511597 0.9995117 -0.0140152
vn -0.02511597 0.9995117 -0.0140152
vn 0.644043 -0.1455078 0.7509766
vn 0.6713867 -0.004146576 0.7412109
vn 0.6713867 -0.004146576 0.7412109
vn 0.6352539 -0.1794434 0.7509766
vn 0.534668 -0.4492188 0.7158203
vn 0.5234375 -0.4716797 0.7094727
vn 0.2983398 -0.7680664 0.5668945
vn 0.3198242 -0.7475586 0.5820313
vn -0.1711426 -0.9677734 0.1846924
vn -0.1695557 -0.9677734 0.1861572
vn -0.1695557 -0.9677734 0.1861572
vn -0.1711426 -0.9677734 0.1846924
vn -0.5698242 -0.7866211 -0.2368164
vn -0.5834961 -0.7719727 -0.2529297
vn -0.7329102 -0.5136719 -0.4455566
vn -0.7407227 -0.4924316 -0.4567871
vn -0.7983398 -0.1575928 -0.581543
vn -0.796875 -0.194458 -0.5717773
vn -0.7900391 0 -0.612793
vn -0.7900391 0 -0.612793
vn -0.6835938 0 0.7299805
vn -0.6835938 0 0.7299805
vn -0.6835938 0 0.7299805
vn -0.6835938 0 0.7299805
vn -0.6835938 0 0.7299805
vn -0.6835938 0 0.7299805
vn -0.6835938 0 0.7299805
vn -0.6835938 0 0.7299805
vn -0.6835938 0 0.7299805
vn 0.01776123 0.9995117 -0.02655029
vn 0.01776123 0.9995117 -0.02655029
vn 0.01776123 0.9995117 -0.02655029
vn 0.01776123 0.9995117 -0.02655029
vn 0.644043 -0.1455078 0.7509766
vn 0.6713867 -0.004150391 0.7412109
vn 0.6713867 -0.004150391 0.7412109
vn 0.6352539 -0.1794434 0.7509766
vn 0.534668 -0.4492188 0.7158203
vn 0.5234375 -0.4716797 0.7094727
vn 0.2983398 -0.7680664 0.5668945
vn 0.3198242 -0.7475586 0.5820313
vn -0.1711426 -0.9677734 0.1846924
vn -0.1695557 -0.9677734 0.1861572
vn -0.1695557 -0.9677734 0.1861572
vn -0.1711426 -0.9677734 0.1846924
vn -0.5698242 -0.7866211 -0.2369385
vn -0.5834961 -0.7719727 -0.2529297
vn -0.7329102 -0.5136719 -0.4455566
vn -0.7407227 -0.4924316 -0.4567871
vn -0.7983398 -0.1575928 -0.581543
vn -0.796875 -0.194458 -0.5717773
vn -0.7900391 0 -0.612793
vn -0.7900391 0 -0.612793
vn -0.6835938 0 0.7299805
vn -0.6835938 0 0.7299805
vn -0.6835938 0 0.7299805
vn -0.6835938 0 0.7299805
vn -0.6835938 0 0.7299805
vn -0.6835938 0 0.7299805
vn -0.6835938 0 0.7299805
vn -0.6835938 0 0.7299805
vn -0.6835938 0 0.7299805
vn 0.01776123 0.9995117 -0.02655029
vn 0.01776123 0.9995117 -0.02655029
vn 0.01776123 0.9995117 -0.02655029
vn 0.01776123 0.9995117 -0.02655029
vn 0.9882813 -0.1434326 -0.05230713
vn 0.9970703 -0.004016876 -0.0748291
vn 0.9970703 -0.004016876 -0.0748291
vn 0.9838867 -0.1729736 -0.04730225
vn 0.8974609 -0.440918 0.00121212
vn 0.8852539 -0.4650879 0.00592804
vn 0.6298828 -0.7719727 0.08581543
vn 0.6630859 -0.7446289 0.07702637
vn 0.4460449 -0.8857422 0.1273193
vn 0.4460449 -0.8857422 0.1273193
vn -0.4074707 -0.8789063 0.2486572
vn -0.4074707 -0.8789063 0.2486572
vn -0.578125 -0.7739258 0.2590332
vn -0.5859375 -0.7675781 0.2592773
vn -0.8291016 -0.4958496 0.2585449
vn -0.8364258 -0.4833984 0.2583008
vn -0.9599609 -0.15625 0.2330322
vn -0.9541016 -0.1834717 0.2362061
vn -0.9770508 0 0.2121582
vn -0.9770508 0 0.2121582
vn 0.07855225 0 0.9970703
vn 0.07855225 0 0.9970703
vn 0.07855225 0 0.9970703
vn 0.07855225 0 0.9970703
vn 0.07855225 0 0.9970703
vn 0.07855225 0 0.9970703
vn 0.07855225 0 0.9970703
vn 0.07855225 0 0.9970703
vn 0.07855225 0 0.9970703
vn -0.007377625 0.9995117 -0.02514648
vn -0.007377625 0.9995117 -0.02514648
vn -0.007377625 0.9995117 -0.02514648
vn -0.007377625 0.9995117 -0.02514648
vn 0.9882813 -0.1434326 -0.05230713
vn 0.9970703 -0.004016876 -0.0748291
vn 0.9970703 -0.004016876 -0.0748291
vn 0.9838867 -0.1730957 -0.04730225
vn 0.8974609 -0.440918 0.001215935
vn 0.8852539 -0.4650879 0.00592804
vn 0.6298828 -0.7719727 0.08581543
vn 0.6630859 -0.7446289 0.07702637
vn 0.4460449 -0.8857422 0.1273193
vn 0.4460449 -0.8857422 0.1273193
vn -0.4074707 -0.8789063 0.2486572
vn -0.4074707 -0.8789063 0.2486572
vn -0.578125 -0.7739258 0.2590332
vn -0.5859375 -0.7675781 0.2592773
vn -0.8291016 -0.4958496 0.2585449
vn -0.8364258 -0.4833984 0.2583008
vn -0.9599609 -0.15625 0.2330322
vn -0.9541016 -0.1834717 0.2362061
vn -0.9770508 0 0.2121582
vn -0.9770508 0 0.2121582
vn 0.07855225 0 0.9970703
vn 0.07855225 0 0.9970703
vn 0.07855225 0 0.9970703
vn 0.07855225 0 0.9970703
vn 0.07855225 0 0.9970703
vn 0.07855225 0 0.9970703
vn 0.07855225 0 0.9970703
vn 0.07855225 0 0.9970703
vn 0.07855225 0 0.9970703
vn -0.007377625 0.9995117 -0.02514648
vn -0.007377625 0.9995117 -0.02514648
vn -0.007377625 0.9995117 -0.02514648
vn -0.007377625 0.9995117 -0.02514648
vn 0 1 0
vn 0.2871094 0.9267578 0.2429199
vn 0.2590332 0.9077148 0.3300781
vn 0 1 0
vn 0 1 0
vn 0.1113892 0.9057617 0.4084473
vn 0 -1 0
vn 0.2590332 -0.9077148 0.3300781
vn 0.2929688 -0.9233398 0.2476807
vn 0 -1 0
vn 0 -1 0
vn 0.2590332 -0.9077148 0.3300781
vn 0.1113892 -0.9057617 0.4084473
vn 0.2524414 -0.3657227 0.8959961
vn 0.5761719 -0.3693848 0.7290039
vn 0.7055664 -0.3820801 0.5966797
vn 0.2929688 -0.9233398 0.2476807
vn 0.7055664 0.3820801 0.5966797
vn 0.5761719 0.3693848 0.7290039
vn 0.2524414 0.3657227 0.8959961
vn 0.2590332 0.9077148 0.3300781
vn 0.2871094 0.9267578 0.2429199
vn 0.1113892 0.9057617 0.4084473
vn 0 -1 0
vn 0.1113892 -0.9057617 0.4084473
vn -0.06057739 -0.9018555 0.4279785
vn 0 -1 0
vn 0.2524414 -0.3657227 0.8959961
vn -0.2272949 -0.9003906 0.3710938
vn 0 -1 0
vn -0.2739258 -0.9155273 0.2941895
vn -0.6347656 -0.3647461 0.6811523
vn -0.1224365 -0.3596191 0.925293
vn 0.2524414 0.3657227 0.8959961
vn -0.486084 -0.355957 0.7983398
vn -0.1224365 0.3596191 0.925293
vn -0.486084 0.355957 0.7983398
vn -0.6347656 0.3647461 0.6811523
vn -0.2680664 0.9194336 0.2878418
vn -0.06057739 0.9018555 0.4279785
vn 0.1113892 0.9057617 0.4084473
vn -0.2272949 0.9003906 0.3710938
vn 0 1 0
vn 0 1 0
vn 0 1 0
vn 0 1 0
vn -0.06057739 0.9018555 0.4279785
vn 0.1113892 0.9057617 0.4084473
vn -0.7651367 0 -0.644043
vn -0.7651367 0 -0.644043
vn -0.7651367 0 -0.644043
vn -0.6206055 0 -0.7841797
vn -0.6206055 0 -0.7841797
vn -0.2697754 0 -0.9628906
vn -0.2697754 0 -0.9628906
vn -0.07855225 0 -0.9970703
vn 0.1329346 0 -0.9912109
vn 0.1329346 0 -0.9912109
vn 0.5219727 0 -0.8530273
vn 0.5219727 0 -0.8530273
vn 0.6835938 0 -0.7299805
vn 0.6835938 0 -0.7299805
vn 0.6835938 0 -0.7299805
vn 0.7680664 -0.147583 -0.6230469
vn 0.7607422 -0.004150391 -0.6489258
vn 0.7607422 -0.004150391 -0.6489258
vn 0.7675781 -0.1774902 -0.6162109
vn 0.7250977 -0.451416 -0.5195313
vn 0.7197266 -0.4707031 -0.5107422
vn 0.5664063 -0.769043 -0.296875
vn 0.5795898 -0.7519531 -0.3137207
vn 0.1629639 -0.9741211 0.1555176
vn 0.1601563 -0.9741211 0.1584473
vn 0.1601563 -0.9741211 0.1584473
vn 0.1629639 -0.9741211 0.1555176
vn -0.276123 -0.7915039 0.5449219
vn -0.2922363 -0.7768555 0.5581055
vn -0.4890137 -0.515625 0.7036133
vn -0.4997559 -0.4953613 0.7104492
vn -0.6220703 -0.1599121 0.7666016
vn -0.6137695 -0.1933594 0.765625
vn -0.6508789 0 0.7587891
vn -0.6508789 0 0.7587891
vn 0.7104492 -1.013279E-05 0.7036133
vn 0.7104492 -1.066923E-05 0.7036133
vn 0.7104492 -1.066923E-05 0.7036133
vn 0.7104492 -1.066923E-05 0.7036133
vn 0.7104492 -1.066923E-05 0.7036133
vn 0.7104492 -1.03116E-05 0.7036133
vn 0.7104492 0 0.7036133
vn 0.7104492 0 0.7036133
vn 0.7104492 0 0.7036133
vn -0.02359009 0.9995117 -0.01605225
vn -0.02359009 0.9995117 -0.01605225
vn -0.02359009 0.9995117 -0.01605225
vn -0.02359009 0.9995117 -0.01605225
vn 0.7680664 -0.147583 -0.6230469
vn 0.7607422 -0.004150391 -0.6489258
vn 0.7607422 -0.004150391 -0.6489258
vn 0.7675781 -0.1774902 -0.6162109
vn 0.7250977 -0.451416 -0.5195313
vn 0.7197266 -0.4707031 -0.5107422
vn 0.5664063 -0.769043 -0.296875
vn 0.5795898 -0.7519531 -0.3137207
vn 0.1629639 -0.9741211 0.1555176
vn 0.1601563 -0.9741211 0.1584473
vn 0.1601563 -0.9741211 0.1584473
vn 0.1629639 -0.9741211 0.1555176
vn -0.276123 -0.7915039 0.5449219
vn -0.2922363 -0.7768555 0.5581055
vn -0.4890137 -0.515625 0.7036133
vn -0.4997559 -0.4953613 0.7104492
vn -0.6220703 -0.1599121 0.7666016
vn -0.6137695 -0.1933594 0.765625
vn -0.6508789 0 0.7587891
vn -0.6508789 0 0.7587891
vn 0.7104492 -1.03116E-05 0.7036133
vn 0.7104492 -1.060963E-05 0.7036133
vn 0.7104492 -1.060963E-05 0.7036133
vn 0.7104492 -1.060963E-05 0.7036133
vn 0.7104492 -1.060963E-05 0.7036133
vn 0.7104492 -1.043081E-05 0.7036133
vn 0.7104492 0 0.7036133
vn 0.7104492 0 0.7036133
vn 0.7104492 0 0.7036133
vn -0.02359009 0.9995117 -0.01605225
vn -0.02359009 0.9995117 -0.01605225
vn -0.02359009 0.9995117 -0.01605225
vn -0.02359009 0.9995117 -0.01605225
vn 0.004417419 -0.1444092 -0.9897461
vn -0.0166626 -0.004009247 -1
vn -0.0166626 -0.004009247 -1
vn 0.008544922 -0.1716309 -0.9853516
vn 0.05032349 -0.4418945 -0.8955078
vn 0.05355835 -0.4621582 -0.8852539
vn 0.1150513 -0.7675781 -0.6303711
vn 0.1098633 -0.7460938 -0.6567383
vn 0.1451416 -0.8852539 -0.4421387
vn 0.1451416 -0.8852539 -0.4421387
vn 0.2150879 -0.8828125 0.4174805
vn 0.2150879 -0.8828125 0.4174805
vn 0.2159424 -0.7797852 0.5874023
vn 0.2155762 -0.7705078 0.6000977
vn 0.2017822 -0.5 0.8422852
vn 0.2008057 -0.4851074 0.8510742
vn 0.1700439 -0.1571045 0.9726563
vn 0.1733398 -0.1845703 0.9672852
vn 0.1488037 0 0.9887695
vn 0.1488037 0 0.9887695
vn 0.9985352 0 -0.05099487
vn 0.9985352 0 -0.05099487
vn 0.9985352 0 -0.05099487
vn 0.9985352 0 -0.05099487
vn 0.9985352 0 -0.05099487
vn 0.9985352 0 -0.05099487
vn 0.9985352 0 -0.05099487
vn 0.9985352 0 -0.05099487
vn 0.9985352 0 -0.05099487
vn -0.02429199 0.9995117 0.006633759
vn -0.02429199 0.9995117 0.006633759
vn -0.02429199 0.9995117 0.006633759
vn -0.02429199 0.9995117 0.006633759
vn 0.004417419 -0.1444092 -0.9897461
vn -0.0166626 -0.004009247 -1
vn -0.0166626 -0.004009247 -1
vn 0.008544922 -0.1716309 -0.9853516
vn 0.05032349 -0.4418945 -0.8955078
vn 0.05355835 -0.4624023 -0.8852539
vn 0.1150513 -0.7675781 -0.6303711
vn 0.1098633 -0.7460938 -0.6567383
vn 0.1451416 -0.8852539 -0.4421387
vn 0.1451416 -0.8852539 -0.4421387
vn 0.2150879 -0.8828125 0.4174805
vn 0.2150879 -0.8828125 0.4174805
vn 0.2159424 -0.7797852 0.5874023
vn 0.2155762 -0.7705078 0.6000977
vn 0.2017822 -0.5 0.8422852
vn 0.2008057 -0.4851074 0.8510742
vn 0.1700439 -0.1571045 0.9726563
vn 0.1733398 -0.1845703 0.9672852
vn 0.1488037 0 0.9887695
vn 0.1488037 0 0.9887695
vn 0.9985352 0 -0.05099487
vn 0.9985352 0 -0.05099487
vn 0.9985352 0 -0.05099487
vn 0.9985352 0 -0.05099487
vn 0.9985352 0 -0.05099487
vn 0.9985352 0 -0.05099487
vn 0.9985352 0 -0.05099487
vn 0.9985352 0 -0.05099487
vn 0.9985352 0 -0.05099487
vn -0.02429199 0.9995117 0.006633759
vn -0.02429199 0.9995117 0.006633759
vn -0.02429199 0.9995117 0.006633759
vn -0.02429199 0.9995117 0.006633759
vn 0.9047852 0 -0.4257813
vn 0.9702148 0 -0.243042
vn 0.9047852 0 -0.4257813
vn 0.9702148 0 -0.243042
vn 0.9702148 0 -0.243042
vn 0.9047852 0 -0.4257813
vn 0.9047852 0 -0.4257813
vn 0.9702148 0 -0.243042
vn 0.9047852 0 -0.4257813
vn 0.9697266 0 -0.2432861
vn 0.9985352 0 -0.05099487
vn 0.9985352 0 -0.05099487
vn 0.9985352 0 -0.05099487
vn 0.9985352 0 -0.05099487
vn 0.9873047 0 0.1599121
vn 0.9873047 0 0.1601563
vn 0.9985352 0 -0.05099487
vn 0.9985352 0 -0.05099487
vn 0.9985352 0 -0.05099487
vn 0.9873047 0 0.1601563
vn 0.9985352 0 -0.05099487
vn 0.9985352 0 -0.05099487
vn 0.9985352 0 -0.05099487
vn 0.9873047 0 0.1601563
vn 0.9985352 0 -0.05099487
vn 0.9985352 0 -0.05099487
vn 0.9985352 0 -0.05099487
vn 0.9985352 0 -0.05099487
vn 0.9873047 0 0.1601563
vn 0.9985352 0 -0.05099487
vn 0.9985352 0 -0.05099487
vn 0.9985352 0 -0.05099487
vn 0.9985352 0 -0.05099487
vn 0.8383789 -1.0252E-05 0.5449219
vn 0.9873047 0 0.1601563
vn 0.9873047 0 0.1601563
vn 0.8383789 0 0.5449219
vn 0.8383789 0 0.5449219
vn 0.9873047 0 0.1601563
vn 0.8383789 0 0.5449219
vn 0.9873047 0 0.1601563
vn 0.8383789 0 0.5449219
vn 0.9873047 0 0.1599121
vn 0.7104492 0 0.7036133
vn 0.7104492 -1.055002E-05 0.7036133
vn 0.7104492 0 0.7036133
vn 0.7104492 0 0.7036133
vn 0.7104492 0 0.7036133
vn 0.7104492 -1.055002E-05 0.7036133
vn 0.7104492 0 0.7036133
vn 0.7104492 -1.072884E-05 0.7036133
vn 0.7104492 -1.15633E-05 0.7036133
vn 0.7104492 -1.305342E-05 0.7036133
vn 0.7104492 0 0.7036133
vn 0.7104492 0 0.7036133
vn 0.7104492 -1.0252E-05 0.7036133
vn 0.7104492 -1.096725E-05 0.7036133
vn 0.7104492 -1.03116E-05 0.7036133
vn 0.7104492 -1.102686E-05 0.7036133
vn 0.7104492 -1.001358E-05 0.7036133
vn 0.7104492 0 0.7036133
vn 0.7104492 0 0.7036133
vn 0.7104492 0 0.7036133
vn 0.7104492 0 0.7036133
vn 0.7104492 0 0.7036133
vn 0.7104492 0 0.7036133
vn 0 -1 0
vn 0.411377 -0.9057617 -0.1000977
vn 0 -1 0
vn 0.4260254 -0.9018555 0.07232666
vn 0 -1 0
vn 0.9023438 -0.3657227 -0.2275391
vn 0.364502 -0.9003906 0.2374268
vn 0 -1 0
vn 0.286377 -0.9155273 0.2819824
vn 0.9213867 -0.3596191 0.1479492
vn 0.9023438 0.3657227 -0.2275391
vn 0.9213867 0.3596191 0.1479492
vn 0.4260254 0.9018555 0.0723877
vn 0.411377 0.9057617 -0.1000977
vn 0.3371582 0.9077148 -0.2497559
vn 0.7446289 0.3693848 -0.5561523
vn 0.6162109 0.3820801 -0.6889648
vn 0.2614746 0.9199219 -0.2924805
vn 0.7446289 -0.3693848 -0.5561523
vn 0.6162109 -0.3820801 -0.6889648
vn 0.3371582 -0.9077148 -0.2498779
vn 0.411377 -0.9057617 -0.1000977
vn 0 -1 0
vn 0.2556152 -0.9233398 -0.2858887
vn 0 -1 0
vn 0 -1 0
vn 0 1 0
vn 0.2614746 0.9199219 -0.2924805
vn 0.3371582 0.9077148 -0.2497559
vn 0 1 0
vn 0 1 0
vn 0.411377 0.9057617 -0.1000977
vn 0 1 0
vn 0.2915039 0.9125977 0.2868652
vn 0 1 0
vn 0.364502 0.9003906 0.2374268
vn 0 1 0
vn 0.784668 0.355957 0.5078125
vn 0.6635742 0.3647461 0.6533203
vn 0.6635742 -0.3647461 0.6533203
vn 0.4260254 0.9018555 0.0723877
vn 0 1 0
vn 0.411377 0.9057617 -0.1000977
vn 0.9213867 0.3596191 0.1479492
vn 0.784668 -0.355957 0.5078125
vn 0.9213867 -0.3596191 0.1479492
vn 0.4260254 -0.9018555 0.07232666
vn 0.364502 -0.9003906 0.2374268
vn 0.286377 -0.9155273 0.2819824
vn -0.3352051 0.9077148 0.2524414
vn -0.2709961 0.9121094 0.3078613
vn -0.6103516 0.3820801 0.6938477
vn -0.7402344 0.3693848 0.5620117
vn -0.7402344 -0.3693848 0.5620117
vn -0.6103516 -0.3820801 0.6938477
vn -0.3352051 -0.9077148 0.2524414
vn -0.253418 -0.9233398 0.2880859
vn -0.9003906 -0.3657227 0.2348633
vn -0.9003906 0.3657227 0.2348633
vn -0.4104004 0.9057617 0.1034546
vn 0 1 0
vn 0 1 0
vn -0.4104004 -0.9057617 0.1034546
vn 0 -1 0
vn 0 -1 0
vn 0 -1 0
vn -0.8383789 1.180172E-05 -0.5449219
vn -0.9873047 0 -0.1601563
vn -0.9873047 0 -0.1601563
vn -0.8383789 1.180172E-05 -0.5449219
vn -0.7104492 1.096725E-05 -0.7036133
vn -0.7104492 1.096725E-05 -0.7036133
vn -0.8427734 0 -0.5380859
vn -0.9882813 0 -0.1522217
vn -0.9882813 0 -0.1522217
vn -0.8427734 0 -0.5380859
vn -0.8427734 0 -0.5380859
vn -0.9882813 0 -0.1522217
vn -0.8427734 0 -0.5380859
vn -0.9882813 0 -0.1522217
vn -0.8427734 0 -0.5380859
vn -0.9882813 0 -0.1518555
vn -0.7163086 0 -0.6977539
vn -0.7163086 0 -0.6977539
vn -0.7163086 0 -0.6977539
vn -0.7163086 0 -0.6977539
vn -0.7163086 0 -0.6977539
vn -0.7163086 0 -0.6977539
vn -0.7163086 0 -0.6977539
vn -0.7163086 0 -0.6977539
vn -0.7163086 0 -0.6977539
vn -0.7163086 0 -0.6977539
vn -0.7163086 0 -0.6977539
vn -0.7163086 0 -0.6977539
vn -0.7163086 0 -0.6977539
vn -0.7163086 0 -0.6977539
vn -0.7163086 0 -0.6977539
vn -0.7163086 0 -0.6977539
vn -0.7163086 0 -0.6977539
vn -0.7163086 0 -0.6977539
vn -0.7163086 0 -0.6977539
vn -0.7163086 0 -0.6977539
vn -0.7163086 0 -0.6977539
vn -0.7163086 0 -0.6977539
vn -0.7163086 0 -0.6977539
vn -0.9873047 0 -0.1601563
vn -0.9873047 0 -0.1601563
vn -0.9702148 0 0.243042
vn -0.9702148 0 0.243042
vn -0.8012695 0 0.5986328
vn -0.8012695 0 0.5986328
vn -0.6650391 0 0.7470703
vn -0.6650391 0 0.7470703
vn 0.03289795 0.996582 -0.07531738
vn -0.03320313 0.996582 -0.07452393
vn -0.03010559 0.996582 -0.07562256
vn 0.02876282 0.996582 -0.07659912
vn -0.3796387 -0.04705811 0.9238281
vn -0.3796387 -0.04705811 0.9238281
vn 0.151123 -0.05569458 0.9868164
vn 0.390625 -0.0657959 0.918457
vn 0.390625 -0.0657959 0.918457
vn 0.3974609 0 0.9174805
vn 0.390625 -0.0657959 0.918457
vn 0.6040039 -0.05007935 0.7954102
vn 0.7119141 -0.07897949 0.6977539
vn 0.7119141 -0.07897949 0.6977539
vn 0.1397705 -0.9799805 -0.1431885
vn 0.1397705 -0.9799805 -0.1431885
vn 0.06713867 -0.9824219 -0.1743164
vn 0.06945801 -0.9824219 -0.1733398
vn -0.1292725 -0.9829102 -0.1318359
vn -0.06451416 -0.9833984 -0.1690674
vn -0.06982422 -0.9833984 -0.1661377
vn -0.1292725 -0.9829102 -0.1318359
vn 0.3681641 -1.257658E-05 -0.9296875
vn 0.3681641 -1.257658E-05 -0.9296875
vn -0.3830566 0 -0.9238281
vn -0.3830566 0 -0.9238281
vn -0.06256104 0.9960938 -0.06384277
vn -0.06256104 0.9960938 -0.06384277
vn -0.03010559 0.996582 -0.07562256
vn -0.03320313 0.996582 -0.07452393
vn 0.06945801 -0.9824219 -0.1733398
vn 0.06713867 -0.9824219 -0.1743164
vn -0.06982422 -0.9833984 -0.1661377
vn -0.06451416 -0.9833984 -0.1690674
vn 0.6953125 -1.28746E-05 -0.71875
vn 0.6953125 -1.28746E-05 -0.71875
vn 0.3681641 -1.257658E-05 -0.9296875
vn 0.3681641 -1.257658E-05 -0.9296875
vn 0.03289795 0.996582 -0.07531738
vn 0.02876282 0.996582 -0.07659912
vn 0.06390381 0.9956055 -0.06549072
vn 0.06390381 0.9956055 -0.06549072
vn -0.6972656 0 -0.7167969
vn -0.3830566 0 -0.9238281
vn -0.3830566 0 -0.9238281
vn -0.6972656 0 -0.7167969
vn -0.7021484 1.043081E-05 0.7124023
vn -0.7021484 1.043081E-05 0.7124023
vn -0.3796387 -0.04705811 0.9238281
vn -0.3796387 -0.04705811 0.9238281
vn 0.6601563 -0.1356201 0.7387695
vn 0.6875 -0.003948212 0.7260742
vn 0.6875 -0.003948212 0.7260742
vn 0.6503906 -0.1728516 0.7397461
vn 0.5507813 -0.4287109 0.7158203
vn 0.5375977 -0.4545898 0.7099609
vn 0.3059082 -0.7519531 0.5839844
vn 0.3322754 -0.7275391 0.6005859
vn 0.1531982 -0.8647461 0.4777832
vn 0.1531982 -0.8647461 0.4777832
vn -0.4912109 -0.8666992 -0.08514404
vn -0.4912109 -0.8666992 -0.08514404
vn -0.6025391 -0.7714844 -0.2056885
vn -0.6191406 -0.7519531 -0.2255859
vn -0.7631836 -0.4968262 -0.4130859
vn -0.7719727 -0.4709473 -0.4265137
vn -0.8227539 -0.1468506 -0.5493164
vn -0.8217773 -0.1875 -0.5375977
vn -0.8134766 0 -0.581543
vn -0.8134766 0 -0.581543
vn -0.6586914 0 0.7524414
vn -0.6586914 0 0.7524414
vn -0.6586914 0 0.7524414
vn -0.6586914 0 0.7524414
vn -0.6586914 0 0.7524414
vn -0.6586914 0 0.7524414
vn -0.6586914 0 0.7524414
vn -0.6586914 0 0.7524414
vn -0.6586914 0 0.7524414
vn 0.01979065 0.9995117 -0.03086853
vn 0.01979065 0.9995117 -0.03086853
vn 0.01979065 0.9995117 -0.03086853
vn 0.01979065 0.9995117 -0.03086853
vn 0.6601563 -0.1356201 0.7387695
vn 0.6875 -0.003944397 0.7260742
vn 0.6875 -0.003944397 0.7260742
vn 0.6503906 -0.1728516 0.7397461
vn 0.5507813 -0.4287109 0.7158203
vn 0.5375977 -0.4545898 0.7099609
vn 0.3059082 -0.7519531 0.5839844
vn 0.3322754 -0.7275391 0.6005859
vn 0.1531982 -0.8647461 0.4777832
vn 0.1531982 -0.8647461 0.4777832
vn -0.4912109 -0.8666992 -0.08514404
vn -0.4912109 -0.8666992 -0.08514404
vn -0.6025391 -0.7714844 -0.2056885
vn -0.6191406 -0.7519531 -0.2255859
vn -0.7631836 -0.4968262 -0.4130859
vn -0.7719727 -0.4709473 -0.4265137
vn -0.8227539 -0.1468506 -0.5493164
vn -0.8217773 -0.1875 -0.5375977
vn -0.8134766 0 -0.581543
vn -0.8134766 0 -0.581543
vn -0.6586914 0 0.7524414
vn -0.6586914 0 0.7524414
vn -0.6586914 0 0.7524414
vn -0.6586914 0 0.7524414
vn -0.6586914 0 0.7524414
vn -0.6586914 0 0.7524414
vn -0.6586914 0 0.7524414
vn -0.6586914 0 0.7524414
vn -0.6586914 0 0.7524414
vn 0.01979065 0.9995117 -0.03086853
vn 0.01979065 0.9995117 -0.03086853
vn 0.01979065 0.9995117 -0.03086853
vn 0.01979065 0.9995117 -0.03086853
vn -0.7802734 -0.1433105 0.6088867
vn -0.7695313 -0.004138947 0.6386719
vn -0.7695313 -0.004138947 0.6386719
vn -0.7802734 -0.1802979 0.5991211
vn -0.7446289 -0.4460449 0.496582
vn -0.737793 -0.4697266 0.4846191
vn -0.5917969 -0.762207 0.262207
vn -0.6074219 -0.7421875 0.2834473
vn -0.2027588 -0.9604492 -0.1911621
vn -0.1992188 -0.9604492 -0.1948242
vn -0.1992188 -0.9604492 -0.1948242
vn -0.2027588 -0.9604492 -0.1911621
vn 0.2335205 -0.7851563 -0.5732422
vn 0.2539063 -0.7670898 -0.5888672
vn 0.4526367 -0.5151367 -0.7280273
vn 0.4665527 -0.4897461 -0.7363281
vn 0.5981445 -0.1551514 -0.7861328
vn 0.5864258 -0.1967773 -0.7856445
vn 0.6313477 0 -0.7753906
vn 0.6313477 0 -0.7753906
vn -0.7163086 0 -0.6977539
vn -0.7163086 0 -0.6977539
vn -0.7163086 0 -0.6977539
vn -0.7163086 0 -0.6977539
vn -0.7163086 0 -0.6977539
vn -0.7163086 0 -0.6977539
vn -0.7163086 0 -0.6977539
vn -0.7163086 0 -0.6977539
vn -0.7163086 0 -0.6977539
vn 0.02885437 0.9995117 0.02085876
vn 0.02885437 0.9995117 0.02085876
vn 0.02885437 0.9995117 0.02085876
vn 0.02885437 0.9995117 0.02085876
vn -0.7802734 -0.1433105 0.6088867
vn -0.7695313 -0.004138947 0.6386719
vn -0.7695313 -0.004138947 0.6386719
vn -0.7802734 -0.1802979 0.5991211
vn -0.7446289 -0.4460449 0.496582
vn -0.737793 -0.4697266 0.4846191
vn -0.5917969 -0.762207 0.262207
vn -0.6074219 -0.7421875 0.2834473
vn -0.2027588 -0.9604492 -0.1911621
vn -0.1992188 -0.9604492 -0.1948242
vn -0.1992188 -0.9604492 -0.1948242
vn -0.2027588 -0.9604492 -0.1911621
vn 0.2335205 -0.7851563 -0.5732422
vn 0.2539063 -0.7670898 -0.5888672
vn 0.4526367 -0.5151367 -0.7280273
vn 0.4665527 -0.4897461 -0.7363281
vn 0.5981445 -0.1552734 -0.7861328
vn 0.5864258 -0.1967773 -0.7856445
vn 0.6313477 0 -0.7753906
vn 0.6313477 0 -0.7753906
vn -0.7163086 0 -0.6977539
vn -0.7163086 0 -0.6977539
vn -0.7163086 0 -0.6977539
vn -0.7163086 0 -0.6977539
vn -0.7163086 0 -0.6977539
vn -0.7163086 0 -0.6977539
vn -0.7163086 0 -0.6977539
vn -0.7163086 0 -0.6977539
vn -0.7163086 0 -0.6977539
vn 0.02885437 0.9995117 0.02085876
vn 0.02885437 0.9995117 0.02085876
vn 0.02885437 0.9995117 0.02085876
vn 0.02885437 0.9995117 0.02085876
vn -0.003986359 -0.1376953 0.9902344
vn 0.02558899 -0.004016876 0.9995117
vn 0.02558899 -0.004016876 0.9995117
vn -0.0129776 -0.1778564 0.9838867
vn -0.07165527 -0.4348145 0.8974609
vn -0.07885742 -0.4658203 0.8813477
vn -0.1689453 -0.7651367 0.6210938
vn -0.1572266 -0.7329102 0.6621094
vn -0.2102051 -0.8725586 0.4411621
vn -0.2102051 -0.8725586 0.4411621
vn -0.3098145 -0.8623047 -0.4003906
vn -0.3098145 -0.8623047 -0.4003906
vn -0.3115234 -0.7636719 -0.565918
vn -0.3110352 -0.7519531 -0.5810547
vn -0.2927246 -0.4934082 -0.8188477
vn -0.2912598 -0.473877 -0.8310547
vn -0.2474365 -0.1491699 -0.9575195
vn -0.2539063 -0.1877441 -0.9487305
vn -0.2183838 0 -0.9760742
vn -0.2183838 0 -0.9760742
vn -0.9980469 0 0.05908203
vn -0.9980469 0 0.05908203
vn -0.9980469 0 0.05908203
vn -0.9980469 0 0.05908203
vn -0.9980469 0 0.05908203
vn -0.9980469 0 0.05908203
vn -0.9980469 0 0.05908203
vn -0.9980469 0 0.05908203
vn -0.9980469 0 0.05908203
vn 0.0357666 0.9995117 -0.00750351
vn 0.0357666 0.9995117 -0.00750351
vn 0.0357666 0.9995117 -0.00750351
vn 0.0357666 0.9995117 -0.00750351
vn -0.003990173 -0.1376953 0.9902344
vn 0.02558899 -0.004013062 0.9995117
vn 0.02558899 -0.004013062 0.9995117
vn -0.0129776 -0.1778564 0.9838867
vn -0.07165527 -0.4348145 0.8974609
vn -0.07885742 -0.4658203 0.8813477
vn -0.1689453 -0.7651367 0.6210938
vn -0.1572266 -0.7329102 0.6621094
vn -0.2102051 -0.8725586 0.4411621
vn -0.2102051 -0.8725586 0.4411621
vn -0.3098145 -0.8623047 -0.4003906
vn -0.3098145 -0.8623047 -0.4003906
vn -0.3115234 -0.7636719 -0.565918
vn -0.3110352 -0.7519531 -0.5810547
vn -0.2927246 -0.4934082 -0.8188477
vn -0.2912598 -0.473877 -0.8310547
vn -0.2473145 -0.1491699 -0.9575195
vn -0.2539063 -0.1877441 -0.9487305
vn -0.2183838 0 -0.9760742
vn -0.2183838 0 -0.9760742
vn -0.9980469 0 0.05908203
vn -0.9980469 0 0.05911255
vn -0.9980469 0 0.05911255
vn -0.9980469 0 0.05911255
vn -0.9980469 0 0.05908203
vn -0.9980469 0 0.05908203
vn -0.9980469 0 0.05908203
vn -0.9980469 0 0.05908203
vn -0.9980469 0 0.05908203
vn 0.0357666 0.9995117 -0.00750351
vn 0.0357666 0.9995117 -0.00750351
vn 0.0357666 0.9995117 -0.00750351
vn 0.0357666 0.9995117 -0.00750351
vn 0 -1 0
vn -0.4104004 -0.9057617 0.1034546
vn 0 -1 0
vn -0.4265137 -0.9018555 -0.06890869
vn 0 -1 0
vn -0.9003906 -0.3657227 0.2348633
vn -0.3664551 -0.9003906 -0.2344971
vn 0 -1 0
vn -0.2888184 -0.9155273 -0.279541
vn -0.9223633 -0.3596191 -0.1403809
vn -0.9003906 0.3657227 0.2348633
vn -0.9223633 0.3596191 -0.1403809
vn -0.4265137 0.9018555 -0.06890869
vn -0.4104004 0.9057617 0.1034546
vn 0 1 0
vn -0.2709961 0.9121094 0.3078613
vn -0.3352051 0.9077148 0.2524414
vn 0 1 0
vn 0.8427734 0 0.5380859
vn 0.9882813 0 0.1522217
vn 0.9882813 0 0.1522217
vn 0.8427734 0 0.5380859
vn 0.7163086 0 0.6977539
vn 0.7163086 0 0.6977539
vn 0.7163086 0 0.6977539
vn 0 1 0
vn -0.4104004 0.9057617 0.1034546
vn -0.4265137 0.9018555 -0.06890869
vn 0 1 0
vn 0 1 0
vn -0.3664551 0.9003906 -0.2344971
vn 0 1 0
vn -0.7885742 0.355957 -0.5014648
vn -0.9223633 0.3596191 -0.1403809
vn -0.7885742 -0.355957 -0.5014648
vn -0.9223633 -0.3596191 -0.1403809
vn -0.4265137 -0.9018555 -0.06890869
vn -0.3664551 -0.9003906 -0.2344971
vn -0.6689453 -0.3647461 -0.6479492
vn -0.2888184 -0.9155273 -0.279541
vn -0.7885742 0.355957 -0.5014648
vn -0.6689453 0.3647461 -0.6479492
vn -0.3117676 0.9008789 -0.302002
vn -0.3664551 0.9003906 -0.2344971
vn 0 1 0
vn -0.3664551 0.9003906 -0.2344971
vn -0.3117676 0.9008789 -0.302002
vn 0 1 0
vn 0.9882813 0 0.1522217
vn 0.9882813 0 0.1522217
vn 0.9980469 0 -0.05908203
vn 0.9682617 0 -0.2509766
vn 0.9682617 0 -0.2509766
vn 0.7963867 0 -0.6049805
vn 0.7963867 0 -0.6049805
vn 0.6586914 0 -0.7524414
vn 0.6586914 0 -0.7524414
vn 0.6586914 0 -0.7524414
vn 0.102356 0.5791016 -0.8085938
vn 0.3703613 0.7817383 -0.5019531
vn 0.3967285 0.6865234 -0.609375
vn 0.1895752 0.9628906 -0.1915283
vn 0.1335449 0.9628906 -0.2340088
vn 0.1726074 0.7822266 -0.5986328
vn 0.102356 0.5791016 -0.8085938
vn 0.232666 0.9628906 -0.1358643
vn 0 1 0
vn 0.06842041 0.9628906 -0.260498
vn 0.2597656 0.9628906 -0.07104492
vn -0.001356125 0.9628906 -0.2695313
vn 0.4345703 0.8325195 -0.3435059
vn 0.102356 0.5791016 -0.8085938
vn -0.01800537 0.7822266 -0.6230469
vn 0.102356 0.5791016 -0.8085938
vn 0.5566406 0.6513672 -0.515625
vn 0.1137085 0.4238281 -0.8984375
vn 0.5024414 0.8535156 -0.1373291
vn -0.2324219 0.6865234 -0.6889648
vn 0.102356 0.5791016 -0.8085938
vn 0.6567383 0.4504395 -0.6049805
vn 0.1241455 0.1473389 -0.9814453
vn -0.07104492 0.9628906 -0.2600098
vn -0.2336426 0.7817383 -0.578125
vn 0.102356 0.5791016 -0.8085938
vn 0.2695313 0.9628906 -0.001358986
vn 0.7006836 0.6870117 -0.1915283
vn 0.730957 0.1586914 -0.6635742
vn 0.1251221 -0.08483887 -0.9882813
vn 0.5209961 0.8535156 -0.002622604
vn 0.260498 0.9628906 0.06842041
vn 0.5039063 0.8535156 0.1323242
vn 0.7265625 0.6870117 -0.003658295
vn 0.7026367 0.6870117 0.1844482
vn 0.8535156 0.4658203 -0.2332764
vn 0.8847656 0.4658203 -0.004455566
vn 0.855957 0.4658203 0.2247314
vn 0.7353516 -0.0916748 -0.6713867
vn 0.1168823 -0.3647461 -0.9238281
vn 0.9511719 0.1650391 -0.2600098
vn 0.9863281 0.1650391 -0.004962921
vn 0.9541016 0.1650391 0.2504883
vn 0.6811523 -0.3876953 -0.6210938
vn 0.1027222 -0.574707 -0.8120117
vn 0.5683594 -0.6015625 -0.5610352
vn 0.9604492 -0.09472656 -0.2624512
vn 0.9956055 -0.09472656 -0.005008698
vn 0.9628906 -0.09472656 0.2529297
vn 0.8823242 -0.4042969 -0.2412109
vn 0.7617188 -0.6137695 -0.2081299
vn 0.9145508 -0.4042969 -0.00460434
vn 0.8847656 -0.4042969 0.2322998
vn 0.7895508 -0.6137695 -0.0039711
vn 0.7636719 -0.6137695 0.2004395
vn -0.4106445 -0.6015625 -0.6850586
vn 0.1027222 -0.574707 -0.8120117
vn 0.1168823 -0.3647461 -0.9238281
vn -0.5048828 -0.3876953 -0.7709961
vn -0.6855469 -0.6137695 -0.3913574
vn 0.1251221 -0.08483887 -0.9882813
vn -0.7944336 -0.4042969 -0.4533691
vn -0.7636719 -0.6137695 -0.2004395
vn -0.8847656 -0.4042969 -0.2322998
vn -0.5449219 -0.0916748 -0.8334961
vn 0.1241455 0.1473389 -0.9814453
vn -0.8647461 -0.09472656 -0.4934082
vn -0.9628906 -0.09472656 -0.2529297
vn -0.5424805 0.1586914 -0.824707
vn 0.1137085 0.4238281 -0.8984375
vn -0.8564453 0.1650391 -0.4887695
vn -0.9541016 0.1650391 -0.2504883
vn -0.4853516 0.4504395 -0.7495117
vn -0.7685547 0.4658203 -0.4384766
vn -0.855957 0.4658203 -0.2247314
vn -0.4108887 0.6513672 -0.6381836
vn -0.6308594 0.6870117 -0.3601074
vn -0.7026367 0.6870117 -0.1844482
vn -0.3354492 0.8325195 -0.440918
vn -0.4523926 0.8535156 -0.2580566
vn -0.5039063 0.8535156 -0.1323242
vn -0.1358643 0.9628906 -0.232666
vn -0.1914063 0.9628906 -0.1895752
vn -0.2340088 0.9628906 -0.1335449
vn -0.260498 0.9628906 -0.06842041
vn -0.7895508 -0.6137695 0.003974915
vn -0.7636719 -0.6137695 -0.2004395
vn -0.8847656 -0.4042969 -0.2322998
vn -0.9145508 -0.4042969 0.00460434
vn -0.7617188 -0.6137695 0.2081299
vn -0.9628906 -0.09472656 -0.2529297
vn -0.8823242 -0.4042969 0.2412109
vn -0.6816406 -0.6137695 0.3981934
vn -0.9956055 -0.09472656 0.005012512
vn -0.9541016 0.1650391 -0.2504883
vn -0.7900391 -0.4042969 0.4614258
vn -0.5551758 -0.6137695 0.5610352
vn -0.9604492 -0.09472656 0.2624512
vn -0.9863281 0.1650391 0.004962921
vn -0.855957 0.4658203 -0.2247314
vn -0.6435547 -0.4042969 0.6499023
vn -0.3913574 -0.6137695 0.6855469
vn -0.859375 -0.09472656 0.5019531
vn -0.8847656 0.4658203 0.004455566
vn -0.7026367 0.6870117 -0.1844482
vn -0.9511719 0.1650391 0.2600098
vn -0.4533691 -0.4042969 0.7944336
vn -0.2004395 -0.6137695 0.7636719
vn -0.7265625 0.6870117 0.003656387
vn -0.5039063 0.8535156 -0.1323242
vn -0.7001953 -0.09472656 0.7075195
vn -0.8535156 0.4658203 0.2332764
vn -0.8515625 0.1650391 0.4973145
vn -0.2322998 -0.4042969 0.8847656
vn 0.003974915 -0.6137695 0.7895508
vn -0.5209961 0.8535156 0.002620697
vn -0.260498 0.9628906 -0.06842041
vn -0.4934082 -0.09472656 0.8647461
vn -0.6938477 0.1650391 0.7006836
vn -0.7006836 0.6870117 0.1915283
vn -0.7641602 0.4658203 0.4462891
vn 0.00460434 -0.4042969 0.9145508
vn 0.2081299 -0.6137695 0.7617188
vn -0.2695313 0.9628906 0.001358032
vn 0 1 0
vn -0.2529297 -0.09472656 0.9628906
vn -0.4887695 0.1650391 0.8564453
vn -0.6225586 0.4658203 0.6289063
vn -0.6274414 0.6870117 0.3664551
vn -0.5024414 0.8535156 0.1373291
vn -0.2600098 0.9628906 0.07104492
vn -0.449707 0.8535156 0.2626953
vn -0.232666 0.9628906 0.1358643
vn -0.1895752 0.9628906 0.1915283
vn -0.1335449 0.9628906 0.2340088
vn -0.5112305 0.6870117 0.5161133
vn -0.3664551 0.8535156 0.3701172
vn -0.4384766 0.4658203 0.7685547
vn -0.2580566 0.8535156 0.4523926
vn -0.3601074 0.6870117 0.6308594
vn -0.2504883 0.1650391 0.9541016
vn -0.2247314 0.4658203 0.855957
vn -0.1844482 0.6870117 0.7026367
vn -0.1323242 0.8535156 0.5039063
vn 0.005012512 -0.09472656 0.9956055
vn 0.004966736 0.1650391 0.9863281
vn 0.004455566 0.4658203 0.8847656
vn 0.2412109 -0.4042969 0.8823242
vn 0.3981934 -0.6137695 0.6816406
vn 0.2624512 -0.09472656 0.9604492
vn 0.4614258 -0.4042969 0.7900391
vn 0.5610352 -0.6137695 0.5551758
vn 0.2600098 0.1650391 0.9511719
vn 0.003656387 0.6870117 0.7265625
vn 0.6499023 -0.4042969 0.6435547
vn 0.6855469 -0.6137695 0.3913574
vn 0.5019531 -0.09472656 0.859375
vn 0.2332764 0.4658203 0.8535156
vn 0.7944336 -0.4042969 0.4533691
vn 0.7636719 -0.6137695 0.2004395
vn 0.8847656 -0.4042969 0.2322998
vn 0.7075195 -0.09472656 0.7001953
vn 0.4973145 0.1650391 0.8515625
vn 0.8647461 -0.09472656 0.4934082
vn 0.9628906 -0.09472656 0.2529297
vn 0.7006836 0.1650391 0.6938477
vn 0.8564453 0.1650391 0.4887695
vn 0.9541016 0.1650391 0.2504883
vn 0.4462891 0.4658203 0.7641602
vn 0.6289063 0.4658203 0.6225586
vn 0.7685547 0.4658203 0.4384766
vn 0.855957 0.4658203 0.2247314
vn 0.1915283 0.6870117 0.7006836
vn 0.3664551 0.6870117 0.6274414
vn 0.5161133 0.6870117 0.5112305
vn 0.6308594 0.6870117 0.3601074
vn 0.7026367 0.6870117 0.1844482
vn 0.002620697 0.8535156 0.5209961
vn 0.1373291 0.8535156 0.5024414
vn 0.2626953 0.8535156 0.449707
vn 0.3701172 0.8535156 0.3664551
vn 0.4523926 0.8535156 0.2580566
vn 0.5039063 0.8535156 0.1323242
vn -0.06842041 0.9628906 0.260498
vn 0.001356125 0.9628906 0.2695313
vn 0.07104492 0.9628906 0.2597656
vn 0.1358643 0.9628906 0.232666
vn 0.1914063 0.9628906 0.1895752
vn 0.2340088 0.9628906 0.1335449
vn 0.260498 0.9628906 0.06842041
vn 0.5957031 0.7905273 -0.1431885
vn 0.5429688 0.8295898 -0.1304932
vn 0.5161133 0.8295898 0.213501
vn 0.565918 0.7905273 0.2342529
vn 0.4150391 0.9042969 -0.09979248
vn 0.291748 0.8295898 0.4760742
vn 0.3945313 0.9042969 0.163208
vn 0.3203125 0.7905273 0.5224609
vn -0.04367065 0.8295898 0.5566406
vn 0.2231445 0.9042969 0.3640137
vn -0.2770996 0.9042969 0.324707
vn -0.0479126 0.7905273 0.6108398
vn -0.3625488 0.8295898 0.4245605
vn -0.03338623 0.9042969 0.4255371
vn -0.3977051 0.7905273 0.4660645
vn -0.5429688 0.8295898 0.1304932
vn -0.5957031 0.7905273 0.1431885
vn -0.4150391 0.9042969 0.09979248
vn -0.5957031 0.7905273 0.1431885
vn -0.5429688 0.8295898 0.1304932
vn -0.5161133 0.8295898 -0.213501
vn -0.565918 0.7905273 -0.2342529
vn -0.291748 0.8295898 -0.4760742
vn -0.4150391 0.9042969 0.09979248
vn -0.3203125 0.7905273 -0.5224609
vn 0.04367065 0.8295898 -0.5566406
vn -0.3945313 0.9042969 -0.163208
vn 0.0479126 0.7905273 -0.6108398
vn 0.3625488 0.8295898 -0.4245605
vn -0.2231445 0.9042969 -0.3640137
vn 0.3977051 0.7905273 -0.4660645
vn 0.5429688 0.8295898 -0.1304932
vn 0.5957031 0.7905273 -0.1431885
vn 0.03338623 0.9042969 -0.4255371
vn 0.2770996 0.9042969 -0.324707
vn 0.4150391 0.9042969 -0.09979248
vn 0.3945313 0.9042969 0.163208
vn -0.2770996 0.9042969 0.324707
vn -0.9238281 -0.02090454 -0.3823242
vn -0.972168 -0.02090454 0.2336426
vn -0.972168 -0.02090454 0.2336426
vn -0.9238281 -0.02090454 -0.3823242
vn -0.5224609 -0.02090454 -0.8525391
vn -0.5224609 -0.02090454 -0.8525391
vn 0.07818604 -0.0209198 -0.996582
vn 0.07818604 -0.0209198 -0.996582
vn 0.6489258 -0.0209198 -0.7602539
vn 0.6489258 -0.0209198 -0.7602539
vn 0.972168 -0.02090454 -0.2336426
vn 0.972168 -0.02090454 -0.2336426
vn -0.972168 -0.02090454 0.2336426
vn -0.6489258 -0.02090454 0.7602539
vn -0.972168 -0.02090454 0.2336426
vn -0.6489258 -0.02090454 0.7602539
vn -0.07818604 -0.02090454 0.996582
vn -0.07818604 -0.02090454 0.996582
vn 0.5224609 -0.02090454 0.8525391
vn 0.5224609 -0.02090454 0.8525391
vn 0.9238281 -0.02090454 0.3823242
vn 0.9238281 -0.02090454 0.3823242
vn 0.972168 -0.02090454 -0.2336426
vn 0.972168 -0.02090454 -0.2336426
vn 0.03536987 -0.9995117 -0.009674072
vn 0.4069824 -0.8974609 -0.1710205
vn 0.03411865 -0.9995117 -0.014328
vn 0.4233398 -0.8984375 -0.1157837
vn 0.03668213 -0.9995117 -0.000184536
vn 0.9003906 -0.3586426 -0.2462158
vn 0.8613281 -0.3562012 -0.3620605
vn 0.8613281 0.3562012 -0.3620605
vn 0.4396973 -0.8979492 -0.002298355
vn 0.03546143 -0.9995117 0.009315491
vn 0.4262695 -0.8979492 0.1118164
vn 0.9033203 -0.3569336 0.2371826
vn 0.9335938 -0.3579102 -0.004764557
vn 0.9003906 0.3586426 -0.2462158
vn 0.9335938 0.3579102 -0.004764557
vn 0.9033203 0.3569336 0.2371826
vn 0.4262695 0.8979492 0.1118164
vn 0.4233398 0.8984375 -0.1157837
vn 0.2807617 0.9521484 -0.1220703
vn 0.4396973 0.8979492 -0.002298355
vn 0.03668213 0.9995117 -0.0001847744
vn 0.03546143 0.9995117 0.009315491
vn 0.03536987 0.9995117 -0.009674072
vn 0.02131653 0.9995117 -0.01561737
vn 0.002058029 1 -0.01637268
vn 0.01044464 1 -0.01543427
vn 0.006908417 1 -0.01038361
vn 0.9672852 0 0.2539063
vn 0.9672852 0 0.2539063
vn 0.8686523 0 0.4956055
vn 0.8686523 0 0.4956055
vn 0.7104492 0 0.7036133
vn 0.7104492 0 0.7036133
vn 0.5043945 0 0.8632813
vn 0.5043945 0 0.8632813
vn 0.2636719 0 0.9648438
vn 0.2636719 0 0.9648438
vn 0.0050354 0 1
vn 0.0050354 0 1
vn -0.2539063 0 0.9672852
vn -0.2539063 0 0.9672852
vn -0.4956055 0 0.8686523
vn -0.4956055 0 0.8686523
vn -0.7036133 0 0.7104492
vn -0.7036133 0 0.7104492
vn -0.8632813 0 0.5043945
vn -0.8632813 0 0.5043945
vn -0.9648438 0 0.2636719
vn -0.9648438 0 0.2636719
vn -1 0 0.0050354
vn -1 0 0.0050354
vn -0.9672852 0 -0.2539063
vn -0.9672852 0 -0.2539063
vn 1 0 -0.0050354
vn 0.9672852 0 0.2539063
vn 0.9672852 0 0.2539063
vn 1 0 -0.0050354
vn 0.9648438 0 -0.2636719
vn 0.9648438 0 -0.2636719
vn 0.921875 0 -0.387207
vn 0.921875 0 -0.387207
vn -0.8686523 0 -0.4956055
vn -0.7963867 0 -0.6049805
vn -0.7963867 0 -0.6049805
vn -0.8686523 0 -0.4956055
vn -0.9672852 0 -0.2539063
vn -0.9672852 0 -0.2539063
vn -0.7895508 -0.404541 0.4611816
vn -1 0 0.005004883
vn -1 0 0.005004883
vn -0.7944336 -0.404541 -0.4533691
vn -0.7695313 -0.463623 -0.439209
vn -0.7651367 -0.463623 0.4467773
vn -0.9926758 -0.1210938 0.004993439
vn -0.9926758 -0.1210938 0.004993439
vn -0.9926758 0.1210938 0.004993439
vn -0.9926758 0.1210938 0.004993439
vn -0.9624023 0.2712402 0.004844666
vn -0.9624023 0.2712402 0.004844666
vn -0.987793 0.1561279 0.004974365
vn -0.987793 0.1561279 0.004974365
vn -1 0 0.0050354
vn -1 0 0.0050354
vn 0.004608154 -0.404541 0.9145508
vn -0.4956055 0 0.8686523
vn -0.4956055 0 0.8686523
vn 0.004463196 -0.463623 0.8862305
vn -0.4919434 -0.1210938 0.8623047
vn -0.4919434 -0.1210938 0.8623047
vn -0.4919434 0.1210938 0.8623047
vn -0.4919434 0.1210938 0.8623047
vn -0.4770508 0.2712402 0.8359375
vn -0.4770508 0.2712402 0.8359375
vn -0.489502 0.1561279 0.8579102
vn -0.489502 0.1561279 0.8579102
vn -0.4956055 0 0.8686523
vn -0.4956055 0 0.8686523
vn 0.7944336 -0.404541 0.4533691
vn 0.5043945 0 0.8632813
vn 0.5043945 0 0.8632813
vn 0.7695313 -0.463623 0.439209
vn 0.5004883 -0.1210938 0.8569336
vn 0.5004883 -0.1210938 0.8569336
vn 0.5004883 0.1210938 0.8569336
vn 0.5004883 0.1210938 0.8569336
vn 0.4853516 0.2712402 0.8310547
vn 0.4853516 0.2712402 0.8310547
vn 0.498291 0.1561279 0.8530273
vn 0.498291 0.1561279 0.8530273
vn 0.5043945 0 0.8632813
vn 0.5043945 0 0.8632813
vn -0.004592896 -0.404541 -0.9145508
vn 0.4956055 0 -0.8686523
vn 0.4956055 0 -0.8686523
vn 0.7895508 -0.404541 -0.4611816
vn 0.7651367 -0.463623 -0.4467773
vn -0.004459381 -0.463623 -0.8862305
vn -0.7944336 -0.404541 -0.4533691
vn -0.5043945 0 -0.8632813
vn -0.5043945 0 -0.8632813
vn -0.7695313 -0.463623 -0.439209
vn -0.5004883 -0.1210938 -0.8569336
vn -0.5004883 -0.1210938 -0.8569336
vn -0.5004883 0.1210938 -0.8569336
vn -0.5004883 0.1210938 -0.8569336
vn -0.4853516 0.2712402 -0.8310547
vn -0.4853516 0.2712402 -0.8310547
vn -0.498291 0.1561279 -0.8530273
vn -0.498291 0.1561279 -0.8530273
vn -0.5043945 0 -0.8632813
vn -0.5043945 0 -0.8632813
vn 0.4919434 -0.1210938 -0.8623047
vn 0.4919434 -0.1210938 -0.8623047
vn 0.4919434 0.1210938 -0.8623047
vn 0.4919434 0.1210938 -0.8623047
vn 0.4770508 0.2712402 -0.8359375
vn 0.4770508 0.2712402 -0.8359375
vn 0.489502 0.1561279 -0.8579102
vn 0.489502 0.1561279 -0.8579102
vn 0.4956055 0 -0.8686523
vn 0.4956055 0 -0.8686523
vn 0.7695313 -0.463623 0.439209
vn 0.9926758 -0.1210938 -0.004997253
vn 0.9926758 -0.1210938 -0.004997253
vn 0.9926758 0.1210938 -0.004993439
vn 0.9926758 0.1210938 -0.004993439
vn 0.9624023 0.2712402 -0.004844666
vn 0.9624023 0.2712402 -0.004844666
vn 0.7944336 -0.404541 0.4533691
vn 1 0 -0.0050354
vn 1 0 -0.0050354
vn 0.987793 0.1561279 -0.004981995
vn 0.987793 0.1561279 -0.004981995
vn 1 0 -0.005054474
vn 1 0 -0.005054474
vn -0.01676941 0.9995117 -0.02047729
vn -0.006290436 1 -0.01759338
vn 0.002058029 1 -0.01637268
vn -0.243042 0.9511719 -0.1893311
vn -0.03186035 0.9995117 -0.01818848
vn -0.3830566 0.8974609 -0.2186279
vn -0.03546143 0.9995117 -0.009315491
vn -0.4262695 0.8979492 -0.1118164
vn -0.9033203 0.3569336 -0.2371826
vn -0.8115234 0.3564453 -0.4631348
vn -0.7451172 0.3537598 -0.5654297
vn -0.7451172 -0.3537598 -0.5654297
vn -0.8115234 -0.3564453 -0.4631348
vn -0.9033203 -0.3569336 -0.2371826
vn -0.4262695 -0.8979492 -0.1118164
vn -0.3830566 -0.8974609 -0.2186279
vn -0.3540039 -0.8959961 -0.2687988
vn -0.02946472 -0.9995117 -0.02236938
vn -0.03186035 -0.9995117 -0.01817322
vn -0.03546143 -0.9995117 -0.009315491
vn -0.03668213 0.9995117 0.0001848936
vn -0.4262695 0.8979492 -0.1118164
vn -0.03546143 0.9995117 -0.009315491
vn -0.4396973 0.8979492 0.002298355
vn -0.03536987 0.9995117 0.009674072
vn -0.9335938 0.3579102 0.004764557
vn -0.9033203 0.3569336 -0.2371826
vn -0.9033203 -0.3569336 -0.2371826
vn -0.4233398 0.8984375 0.1157837
vn -0.03167725 0.9995117 0.01849365
vn -0.9003906 0.3586426 0.2462158
vn -0.9335938 -0.3579102 0.004768372
vn -0.378418 0.8989258 0.2210693
vn -0.02580261 0.9995117 0.02606201
vn -0.8056641 0.3591309 0.4707031
vn -0.3081055 0.8989258 0.3112793
vn -0.01817322 0.9995117 0.03186035
vn -0.4396973 -0.8979492 0.002298355
vn -0.4262695 -0.8979492 -0.1118164
vn -0.03546143 -0.9995117 -0.009315491
vn -0.03668213 -0.9995117 0.0001847744
vn -0.4233398 -0.8984375 0.1157837
vn -0.03536987 -0.9995117 0.009666443
vn -0.9003906 -0.3586426 0.2462158
vn -0.378418 -0.8989258 0.2210693
vn -0.03167725 -0.9995117 0.01849365
vn -0.8056641 -0.3591309 0.4707031
vn -0.3081055 -0.8989258 0.3112793
vn -0.02580261 -0.9995117 0.02606201
vn -0.65625 0.3596191 0.6630859
vn -0.2171631 -0.8989258 0.3803711
vn -0.01817322 -0.9995117 0.03186035
vn -0.65625 -0.3596191 0.6630859
vn -0.4626465 0.359375 0.8105469
vn -0.1114502 -0.8989258 0.4240723
vn -0.009315491 -0.9995117 0.03549194
vn -0.4626465 -0.359375 0.8105469
vn -0.2171631 0.8989258 0.3803711
vn -0.009315491 0.9995117 0.03549194
vn 0.002126694 -0.8984375 0.4394531
vn 0.0001842976 -0.9995117 0.03668213
vn -0.2370605 0.3588867 0.902832
vn -0.1114502 0.8989258 0.4240723
vn 0.0001847744 0.9995117 0.03668213
vn -0.2370605 -0.3588867 0.902832
vn 0.1160278 -0.8979492 0.4248047
vn 0.009674072 -0.9995117 0.03536987
vn 0.002126694 0.8984375 0.4394531
vn 0.009666443 0.9995117 0.03536987
vn 0.004634857 0.3581543 0.9335938
vn 0.004634857 -0.3581543 0.9335938
vn 0.2224121 -0.8974609 0.3808594
vn 0.01849365 -0.9995117 0.03167725
vn 0.1160278 0.8979492 0.4248047
vn 0.01849365 0.9995117 0.03167725
vn 0.2462158 0.3574219 0.9008789
vn 0.2462158 -0.3574219 0.9008789
vn 0.3134766 -0.8974609 0.3105469
vn 0.02606201 -0.9995117 0.02580261
vn 0.2224121 0.8974609 0.3808594
vn 0.02606201 0.9995117 0.02580261
vn 0.4711914 0.3566895 0.8066406
vn 0.4711914 -0.3566895 0.8066406
vn 0.3830566 -0.8974609 0.2186279
vn 0.03186035 -0.9995117 0.01817322
vn 0.3134766 0.8974609 0.3105469
vn 0.03186035 0.9995117 0.01817322
vn 0.6640625 0.3564453 0.6572266
vn 0.6640625 -0.3564453 0.6572266
vn 0.4262695 -0.8979492 0.1118164
vn 0.03546143 -0.9995117 0.009315491
vn 0.8115234 -0.3564453 0.4631348
vn 0.9033203 -0.3569336 0.2371826
vn 0.9033203 0.3569336 0.2371826
vn 0.8115234 0.3564453 0.4631348
vn 0.3830566 0.8974609 0.2186279
vn 0.4262695 0.8979492 0.1118164
vn 0.03546143 0.9995117 0.009315491
vn 0.2368164 0 -0.9716797
vn 0.2368164 0 -0.9716797
vn 0.2368164 0 -0.9716797
vn 0.2368164 0 -0.9716797
vn 0.04528809 1.657009E-05 0.9990234
vn 0.04528809 1.657009E-05 0.9990234
vn 0.04528809 1.657009E-05 0.9990234
vn 0.04528809 0 0.9990234
vn 0.04528809 0 0.9990234
vn 0.04528809 0 0.9990234
vn 0.04528809 0 0.9990234
vn 0.04528809 0 0.9990234
vn 0.04528809 0 0.9990234
vn 0.8676758 0.1781006 0.4638672
vn 0.8803711 -0.05960083 0.4707031
vn 0.5268555 -0.05960083 0.8476563
vn 0.5195313 0.1781006 0.8354492
vn 0.4013672 0.6499023 0.6455078
vn 0.6704102 0.6499023 0.3583984
vn 0.440918 0.8662109 0.2357178
vn 0.263916 0.8662109 0.4245605
vn 0.01631165 0.8662109 0.4997559
vn 0.02479553 0.6499023 0.7597656
vn -0.2357178 0.8662109 0.440918
vn 0.03210449 0.1781006 0.9833984
vn 0.03256226 -0.05963135 0.9975586
vn -0.3583984 0.6499023 0.6704102
vn -0.4245605 0.8662109 0.263916
vn -0.4638672 0.1781006 0.8676758
vn -0.4707031 -0.05963135 0.8803711
vn -0.6455078 0.6499023 0.4013672
vn -0.4997559 0.8662109 0.01631165
vn -0.8354492 0.1781006 0.5195313
vn -0.8476563 -0.05960083 0.5268555
vn -0.7597656 0.6499023 0.02479553
vn -0.440918 0.8662109 -0.2357178
vn -0.6704102 0.6499023 -0.3583984
vn -0.9833984 0.1781006 0.03210449
vn -0.9975586 -0.05960083 0.03256226
vn -0.8676758 0.1781006 -0.4638672
vn -0.8803711 -0.05960083 -0.4707031
vn 0.7783203 0 0.6279297
vn 0.9985352 0 0.05065918
vn 0.9985352 0 0.05065918
vn 0.7783203 0 0.6279297
vn 0.260498 0 0.965332
vn 0.260498 0 0.965332
vn -0.3566895 0 0.934082
vn -0.3566895 0 0.934082
vn -0.8378906 0 0.5458984
vn -0.8378906 0 0.5458984
vn -0.9985352 0 -0.05065918
vn -0.9985352 0 -0.05065918
vn -0.7783203 0 -0.6279297
vn -0.9985352 0 -0.05065918
vn -0.9985352 0 -0.05065918
vn -0.7783203 0 -0.6279297
vn -0.260498 0 -0.965332
vn -0.260498 0 -0.965332
vn 0.3566895 0 -0.934082
vn 0.3566895 0 -0.934082
vn 0.8378906 0 -0.5458984
vn 0.8378906 0 -0.5458984
vn 0.9985352 0 0.05065918
vn 0.9985352 0 0.05065918
vn 0.53125 0.6298828 -0.5668945
vn 0.4411621 0.8496094 -0.2895508
vn 0.2602539 0.8496094 -0.4589844
vn 0.04022217 0.6386719 -0.7685547
vn 0.02441406 0.8603516 -0.5092773
vn 0.04916382 0.1755371 -0.9833984
vn 0.6738281 0.1710205 -0.7192383
vn -0.4013672 0.6499023 -0.6455078
vn -0.263916 0.8662109 -0.4245605
vn 0.05474854 -0.05938721 -0.996582
vn 0.6826172 -0.05758667 -0.7285156
vn -0.5268555 -0.05960083 -0.8476563
vn -0.5195313 0.1781006 -0.8354492
vn -0.8803711 -0.05960083 -0.4707031
vn -0.8676758 0.1781006 -0.4638672
vn -0.6704102 0.6499023 -0.3583984
vn -0.440918 0.8662109 -0.2357178
vn -0.6132813 0.7890625 -0.03111267
vn -0.5605469 0.8276367 -0.02842712
vn -0.4367676 0.8276367 -0.3525391
vn -0.4780273 0.7890625 -0.3857422
vn -0.4262695 0.9042969 -0.0216217
vn -0.1461182 0.8276367 -0.5419922
vn -0.3322754 0.9042969 -0.2680664
vn 0.1112061 0.9042969 0.4121094
vn 0.3322754 0.9042969 0.2680664
vn -0.1600342 0.7890625 -0.5932617
vn 0.2001953 0.8276367 -0.5244141
vn -0.1112061 0.9042969 -0.4121094
vn 0.4262695 0.9042969 0.0216217
vn 0.2191162 0.7890625 -0.5737305
vn 0.4702148 0.8276367 -0.3063965
vn 0.1523438 0.9042969 -0.3986816
vn 0.5146484 0.7890625 -0.3354492
vn 0.5605469 0.8276367 0.02842712
vn 0.6132813 0.7890625 0.03111267
vn 0.357666 0.9042969 -0.2331543
vn 0.9912109 -0.05938721 -0.1196289
vn 0.8803711 -0.05960083 0.4707031
vn 0.8676758 0.1781006 0.4638672
vn 0.9780273 0.1755371 -0.1131592
vn 0.6826172 -0.05758667 -0.7285156
vn 0.6704102 0.6499023 0.3583984
vn 0.6738281 0.1710205 -0.7192383
vn 0.7641602 0.6386719 -0.090271
vn 0.440918 0.8662109 0.2357178
vn 0.53125 0.6298828 -0.5668945
vn 0.5063477 0.8603516 -0.05755615
vn 0.4411621 0.8496094 -0.2895508
vn 0.9736328 0 -0.2280273
vn 0.9736328 0 -0.2280273
vn 0.887207 0.3737793 0.2705078
vn 0.9350586 0.2749023 -0.2236328
vn 0.465332 0.8833008 0.05282593
vn 0.7626953 0.6186523 -0.1890869
vn -0.08306885 0.8833008 -0.4609375
vn -0.4411621 0.8896484 -0.1195068
vn -0.8632813 0.3676758 -0.3457031
vn -0.3278809 0.3737793 -0.8676758
vn 0.138916 0.6186523 -0.7734375
vn -0.9360352 0 -0.3522949
vn -0.7299805 0 -0.6835938
vn 0.1621094 0.2749023 -0.9477539
vn 0.1640625 0 -0.9863281
vn 0.1640625 0 -0.9863281
vn 0.9736328 0 -0.2280273
vn 0.9736328 0 -0.2280273
vn 0.9736328 0 -0.2280273
vn 0.9736328 0 -0.2280273
vn 0.6132813 0.7890625 0.03111267
vn 0.5605469 0.8276367 0.02842712
vn 0.4367676 0.8276367 0.3525391
vn 0.4780273 0.7890625 0.3857422
vn 0.4262695 0.9042969 0.0216217
vn 0.1461182 0.8276367 0.5419922
vn 0.3322754 0.9042969 0.2680664
vn 0.1600342 0.7890625 0.5932617
vn -0.2001953 0.8276367 0.5244141
vn 0.1112061 0.9042969 0.4121094
vn -0.2191162 0.7890625 0.5737305
vn -0.4702148 0.8276367 0.3063965
vn -0.1523438 0.9042969 0.3986816
vn -0.4262695 0.9042969 -0.0216217
vn -0.5146484 0.7890625 0.3354492
vn -0.5605469 0.8276367 -0.02842712
vn -0.6132813 0.7890625 -0.03111267
vn -0.357666 0.9042969 0.2330322
vn 0.7299805 0 0.6835938
vn 0.4125977 0 0.9111328
vn 0.7299805 0 0.6835938
vn 0.4125977 0 0.9111328
vn -0.3522949 0 0.9360352
vn -0.3522949 0 0.9360352
vn -0.9111328 0 0.4125977
vn -0.9111328 0 0.4125977
vn -0.9360352 0 -0.3522949
vn -0.9360352 0 -0.3522949
vn -0.9111328 0 0.4125977
vn -0.9360352 0 -0.3522949
vn -0.8632813 0.3676758 -0.3457031
vn -0.8388672 0.3676758 0.4013672
vn -0.3522949 0 0.9360352
vn -0.4411621 0.8896484 -0.1195068
vn -0.3457031 0.3676758 0.8632813
vn 0.4125977 0 0.9111328
vn -0.432373 0.8896484 0.1480713
vn -0.08306885 0.8833008 -0.4609375
vn 0 1 0
vn -0.1195068 0.8896484 0.4411621
vn 0.4013672 0.3676758 0.8388672
vn 0.7299805 0 0.6835938
vn 0.887207 0.3737793 0.2705078
vn 0.1480713 0.8896484 0.432373
vn 0 1 0
vn 0.465332 0.8833008 0.05282593
vn -0.9360352 0 -0.3522949
vn -0.7299805 0 -0.6835938
vn -0.7299805 0 -0.6835938
vn -0.9360352 0 -0.3522949
vn 0.04528809 0 0.9990234
vn 0.04528809 0 0.9990234
vn 0.04528809 0 0.9990234
vn 0.04528809 0 0.9990234
vn 0.04528809 1.645088E-05 0.9990234
vn 0.04528809 0 0.9990234
vn 0.04528809 0 0.9990234
vn 0.04528809 0 0.9990234
vn 0.04528809 0 0.9990234
vn 0.9584961 0 -0.2858887
vn 0.9584961 0 -0.2858887
vn 0.9584961 0 -0.2858887
vn 0.9584961 0 -0.2858887
vn -0.008117676 1 -0.01528168
vn -0.01364899 1 0.00129509
vn -0.0165863 1 -0.006160736
vn -0.0003705025 1 -0.01134491
vn 0.007102966 1 -0.01577759
vn 0.01134491 1 -0.0003709793
vn 0.01528168 1 -0.008117676
vn 0.01577759 1 0.007102966
vn -0.9995117 0 0.02445984
vn -0.9995117 0 0.02445984
vn -0.9995117 0 0.02444458
vn -0.9995117 0 0.02445984
vn -0.9995117 0 0.02445984
vn -0.9995117 0 0.02445984
vn -0.9995117 0 0.02445984
vn -0.9995117 0 0.02445984
vn -0.9995117 0 0.02445984
vn -0.9995117 0 0.02445984
vn -0.9995117 0 0.02445984
vn -0.9301758 0 -0.3674316
vn -0.9301758 0 -0.3674316
vn -0.9995117 0 0.02445984
vn -0.9995117 0 0.02445984
vn -0.9995117 0 0.02445984
vn -0.9116211 0 0.4111328
vn -0.9995117 0 0.02444458
vn -0.9995117 0 0.02445984
vn -0.9995117 0 0.02445984
vn -0.9995117 0 0.02445984
vn -0.9116211 0 0.4111328
vn -0.3439941 0 0.9389648
vn -0.3439941 0 0.9389648
vn 0.04528809 0 0.9990234
vn 0.04528809 0 0.9990234
vn 0.04528809 0 0.9990234
vn 0.04528809 0 0.9990234
vn 0.04528809 0 0.9990234
vn 0.04528809 0 0.9990234
vn 0.4250488 0 0.9052734
vn 0.04528809 0 0.9990234
vn 0.04528809 0 0.9990234
vn 0.4250488 0 0.9052734
vn 0.04528809 0 0.9990234
vn 0.7397461 0 0.6728516
vn 0.7397461 0 0.6728516
vn -0.7128906 0 -0.7011719
vn -0.7128906 0 -0.7011719
vn -0.9301758 0 -0.3674316
vn -0.9301758 0 -0.3674316
vn -0.9995117 0 0.02445984
vn -0.9301758 0 -0.3674316
vn -0.9301758 0 -0.3674316
vn -0.9995117 0 0.02445984
vn -0.9995117 0 0.02445984
vn -0.9995117 0 0.02445984
vn -0.9995117 0 0.02445984
vn -0.9116211 0 0.4111328
vn -0.9995117 0 0.02444458
vn -0.9995117 0 0.02445984
vn -0.9995117 0 0.02445984
vn -0.9995117 0 0.02445984
vn -0.9116211 0 0.4111328
vn -0.3439941 0 0.9389648
vn -0.3439941 0 0.9389648
vn 0.04528809 0 0.9990234
vn 0.04528809 0 0.9990234
vn 0.04528809 0 0.9990234
vn 0.04528809 0 0.9990234
vn 0.04528809 0 0.9990234
vn 0.04528809 0 0.9990234
vn 0.4250488 0 0.9052734
vn 0.04528809 0 0.9990234
vn 0.04528809 0 0.9990234
vn 0.4250488 0 0.9052734
vn 0.04528809 0 0.9990234
vn 0.7397461 0 0.6728516
vn 0.7397461 0 0.6728516
vn 0.1640625 0 -0.9863281
vn 0.1640625 0 -0.9863281
vn 0.1640625 0 -0.9863281
vn 0.1640625 0 -0.9863281
vn 0.01134491 1 -0.0003709793
vn 0.01577759 1 0.007102966
vn 0.007228851 1 0.01615906
vn -0.000402689 1 0.01370239
vn -0.0003705025 1 -0.01134491
vn -0.01406097 1 0.01500702
vn -0.01364899 1 0.00129509
vn -0.9995117 0 0.02445984
vn -0.9995117 0 0.02445984
vn -0.9995117 0 0.02445984
vn -0.9995117 0 0.02445984
vn -0.9995117 0 0.02445984
vn -0.9995117 0 0.02445984
vn -0.9995117 0 0.02445984
vn -0.9995117 0 0.02445984
vn -0.9995117 0 0.02444458
vn 0.9584961 0 -0.2858887
vn 0.9584961 0 -0.2858887
vn 0.9584961 0 -0.2858887
vn 0.9584961 0 -0.2858887
vn -0.7128906 0 -0.7011719
vn -0.7128906 0 -0.7011719
vn -0.9301758 0 -0.3674316
vn -0.9301758 0 -0.3674316
vn -0.9360352 0 -0.3522949
vn -0.7299805 0 -0.6835938
vn -0.3278809 0.3737793 -0.8676758
vn -0.8632813 0.3676758 -0.3457031
vn -0.08306885 0.8833008 -0.4609375
vn -0.4411621 0.8896484 -0.1195068
vn 0.138916 0.6186523 -0.7734375
vn 0.1621094 0.2749023 -0.9477539
vn 0.1640625 0 -0.9863281
vn 0.1640625 0 -0.9863281
vn 0.465332 0.8833008 0.05282593
vn 0.7626953 0.6186523 -0.1890869
vn 0.9350586 0.2749023 -0.2236328
vn 0.887207 0.3737793 0.2705078
vn 0.9736328 0 -0.2280273
vn 0.9736328 0 -0.2280273
vn -0.9111328 0 0.4125977
vn -0.9360352 0 -0.3522949
vn -0.9360352 0 -0.3522949
vn -0.9111328 0 0.4125977
vn -0.3522949 0 0.9360352
vn -0.3522949 0 0.9360352
vn 0.4125977 0 0.9111328
vn 0.4125977 0 0.9111328
vn 0.7299805 0 0.6835938
vn 0.7299805 0 0.6835938
vn 0.01134491 1 -0.0003707409
vn 0.01577759 1 0.007102966
vn 0.007228851 1 0.01615906
vn -0.000402689 1 0.01370239
vn -0.0003705025 1 -0.01134491
vn -0.01406097 1 0.01500702
vn -0.01364899 1 0.001296043
vn -0.9111328 0 0.4125977
vn -0.9360352 0 -0.3522949
vn -0.8632813 0.3676758 -0.3457031
vn -0.8388672 0.3676758 0.4013672
vn -0.3522949 0 0.9360352
vn -0.4411621 0.8896484 -0.1195068
vn -0.3457031 0.3676758 0.8632813
vn 0.4125977 0 0.9111328
vn -0.432373 0.8896484 0.1480713
vn -0.08306885 0.8833008 -0.4609375
vn 0 1 0
vn -0.1195068 0.8896484 0.4411621
vn 0.4013672 0.3676758 0.8388672
vn 0.7299805 0 0.6835938
vn 0.887207 0.3737793 0.2705078
vn 0.1480713 0.8896484 0.432373
vn 0 1 0
vn 0.465332 0.8833008 0.05282593
vn 0.1640625 0 -0.9863281
vn 0.1640625 0 -0.9863281
vn 0.1640625 0 -0.9863281
vn 0.1640625 0 -0.9863281
vn -0.9360352 0 -0.3522949
vn -0.7299805 0 -0.6835938
vn -0.7299805 0 -0.6835938
vn -0.9360352 0 -0.3522949
vn -0.008117676 1 -0.01528168
vn -0.01364899 1 0.001296043
vn -0.0165863 1 -0.006160736
vn -0.0003705025 1 -0.01134491
vn 0.007102966 1 -0.01577759
vn 0.01134491 1 -0.0003707409
vn 0.01528168 1 -0.008117676
vn 0.01577759 1 0.007102966
vn 0.9912109 -0.05938721 -0.1196289
vn 0.8803711 -0.05960083 0.4707031
vn 0.8676758 0.1781006 0.4638672
vn 0.9780273 0.1755371 -0.1131592
vn 0.6826172 -0.05758667 -0.7285156
vn 0.6704102 0.6499023 0.3583984
vn 0.6738281 0.1710205 -0.7192383
vn 0.7641602 0.6386719 -0.090271
vn 0.440918 0.8662109 0.2357178
vn 0.53125 0.6298828 -0.5668945
vn 0.5063477 0.8603516 -0.05755615
vn 0.4411621 0.8496094 -0.2895508
vn -0.6704102 0.6499023 -0.3583984
vn -0.263916 0.8662109 -0.4245605
vn -0.440918 0.8662109 -0.2357178
vn -0.4013672 0.6499023 -0.6455078
vn -0.8676758 0.1781006 -0.4638672
vn 0.02441406 0.8603516 -0.5092773
vn -0.5195313 0.1781006 -0.8354492
vn -0.8803711 -0.05960083 -0.4707031
vn -0.5268555 -0.05960083 -0.8476563
vn 0.04022217 0.6386719 -0.7685547
vn 0.2600098 0.8496094 -0.4589844
vn 0.04916382 0.1755371 -0.9833984
vn 0.05474854 -0.05938721 -0.996582
vn 0.53125 0.6298828 -0.5668945
vn 0.4411621 0.8496094 -0.2895508
vn 0.6738281 0.1710205 -0.7192383
vn 0.6826172 -0.05758667 -0.7285156
vn 0.5917969 0.8056641 0.03001404
vn 0.5214844 0.8525391 0.02645874
vn 0.4064941 0.8525391 0.328125
vn 0.4611816 0.8056641 0.3720703
vn 0.4262695 0.9042969 0.0216217
vn 0.1359863 0.8525391 0.5043945
vn 0.3322754 0.9042969 0.2680664
vn 0.1542969 0.8056641 0.5722656
vn -0.1864014 0.8525391 0.4880371
vn 0.1112061 0.9042969 0.4121094
vn -0.2114258 0.8056641 0.5537109
vn -0.4375 0.8525391 0.2851563
vn -0.496582 0.8056641 0.3237305
vn -0.5214844 0.8525391 -0.02645874
vn -0.5917969 0.8056641 -0.03001404
vn -0.1523438 0.9042969 0.3986816
vn -0.357666 0.9042969 0.2331543
vn -0.4262695 0.9042969 -0.0216217
vn -0.3322754 0.9042969 -0.2680664
vn 0.9736328 0 -0.2280273
vn 0.9736328 0 -0.2280273
vn 0.9736328 0 -0.2280273
vn 0.9736328 0 -0.2280273
vn 0.9584961 0 -0.2858887
vn 0.9584961 0 -0.2858887
vn 0.9584961 0 -0.2858887
vn 0.9584961 0 -0.2858887
vn 0.04528809 0 0.9990234
vn 0.04528809 0 0.9990234
vn 0.4250488 0 0.9052734
vn 0.4250488 0 0.9052734
vn 0.04528809 0 0.9990234
vn 0.7397461 0 0.6728516
vn 0.7397461 0 0.6728516
vn 0.04528809 0 0.9990234
vn -0.3439941 0 0.9389648
vn 0.04528809 0 0.9990234
vn 0.04528809 0 0.9990234
vn 0.04528809 0 0.9990234
vn 0.04528809 0 0.9990234
vn 0.04528809 0 0.9990234
vn -0.3439941 0 0.9389648
vn -0.9116211 0 0.4111328
vn -0.9116211 0 0.4111328
vn -0.9995117 0 0.02445984
vn -0.9995117 0 0.02445984
vn -0.9995117 0 0.02445984
vn -0.9995117 -1.174212E-05 0.02444458
vn -0.9995117 0 0.02445984
vn -0.9301758 0 -0.3674316
vn -0.9995117 0 0.02445984
vn -0.9995117 0 0.02445984
vn -0.9995117 0 0.02445984
vn -0.9301758 0 -0.3674316
vn -0.9995117 0 0.02445984
vn 0.04528809 1.645088E-05 0.9990234
vn 0.04528809 1.645088E-05 0.9990234
vn 0.04528809 1.645088E-05 0.9990234
vn 0.04528809 0 0.9990234
vn 0.04528809 0 0.9990234
vn 0.04528809 0 0.9990234
vn 0.04528809 0 0.9990234
vn 0.04528809 0 0.9990234
vn 0.04528809 0 0.9990234
vn -0.7128906 0 -0.7011719
vn -0.7128906 0 -0.7011719
vn -0.9301758 0 -0.3674316
vn -0.9301758 0 -0.3674316
vn -0.9995117 0 0.02445984
vn -0.9995117 0 0.02445984
vn -0.9995117 0 0.02445984
vn -0.9995117 0 0.02445984
vn -0.9995117 0 0.02445984
vn -0.9995117 0 0.02445984
vn -0.9995117 0 0.02445984
vn -0.9995117 0 0.02445984
vn -0.9995117 -1.174212E-05 0.02444458
vn -0.9111328 0 0.4125977
vn -0.9360352 0 -0.3522949
vn -0.8632813 0.3676758 -0.3457031
vn -0.8388672 0.3676758 0.4013672
vn -0.4411621 0.8896484 -0.1195068
vn -0.3522949 0 0.9360352
vn -0.432373 0.8896484 0.1480713
vn -0.3457031 0.3676758 0.8632813
vn 0.4125977 0 0.9111328
vn -0.1195068 0.8896484 0.4411621
vn 0 1 0
vn 0.4013672 0.3676758 0.8388672
vn 0.7299805 0 0.6835938
vn 0.887207 0.3737793 0.2705078
vn 0.1480713 0.8896484 0.432373
vn 0 1 0
vn 0.465332 0.8833008 0.05282593
vn -0.432373 0.8896484 0.1480713
vn -0.08306885 0.8833008 -0.4609375
vn -0.4411621 0.8896484 -0.1195068
vn -0.8632813 0.3676758 -0.3457031
vn -0.3278809 0.3737793 -0.8676758
vn 0.138916 0.6186523 -0.7734375
vn -0.9360352 0 -0.3522949
vn -0.7299805 0 -0.6835938
vn 0.1621094 0.2749023 -0.9477539
vn 0.1640625 0 -0.9863281
vn 0.1640625 0 -0.9863281
vn 0.9736328 0 -0.2280273
vn 0.9736328 0 -0.2280273
vn 0.887207 0.3737793 0.2705078
vn 0.9350586 0.2749023 -0.2236328
vn 0.465332 0.8833008 0.05282593
vn 0.7626953 0.6186523 -0.1890869
vn -0.9111328 0 0.4125977
vn -0.9360352 0 -0.3522949
vn -0.9360352 0 -0.3522949
vn -0.9111328 0 0.4125977
vn -0.3522949 0 0.9360352
vn -0.3522949 0 0.9360352
vn 0.4125977 0 0.9111328
vn 0.4125977 0 0.9111328
vn 0.7299805 0 0.6835938
vn 0.7299805 0 0.6835938
vn 0.9736328 0 -0.2280273
vn 0.9736328 0 -0.2280273
vn 0.9736328 0 -0.2280273
vn 0.9736328 0 -0.2280273
vn 0.1640625 0 -0.9863281
vn 0.1640625 0 -0.9863281
vn 0.1640625 0 -0.9863281
vn 0.1640625 0 -0.9863281
vn -0.9360352 0 -0.3522949
vn -0.7299805 0 -0.6835938
vn -0.7299805 0 -0.6835938
vn -0.9360352 0 -0.3522949
vn 0.01528168 1 -0.008117676
vn 0.01577759 1 0.007106781
vn 0.01134491 1 -0.0003702641
vn 0.007102966 1 -0.01577759
vn -0.0003705025 1 -0.01134491
vn -0.000402689 1 0.01370239
vn -0.008117676 1 -0.01528168
vn -0.01364899 1 0.00129509
vn -0.0165863 1 -0.006160736
vn 0.01134491 1 -0.0003702641
vn 0.01577759 1 0.007106781
vn 0.007228851 1 0.01615906
vn -0.000402689 1 0.01370239
vn -0.01406097 1 0.01500702
vn -0.01364899 1 0.00129509
vn 0.9912109 -0.05938721 -0.1196289
vn 0.8803711 -0.05960083 0.4707031
vn 0.8676758 0.1781006 0.4638672
vn 0.9780273 0.1755371 -0.1131592
vn 0.6826172 -0.05758667 -0.7285156
vn 0.6704102 0.6499023 0.3583984
vn 0.6738281 0.1710205 -0.7192383
vn 0.7641602 0.6386719 -0.090271
vn 0.440918 0.8662109 0.2357178
vn 0.53125 0.6298828 -0.5668945
vn 0.5063477 0.8603516 -0.05755615
vn 0.4411621 0.8496094 -0.2895508
vn 0.53125 0.6298828 -0.5668945
vn 0.4411621 0.8496094 -0.2895508
vn 0.2602539 0.8496094 -0.4589844
vn 0.04022217 0.6386719 -0.7685547
vn 0.02441406 0.8603516 -0.5092773
vn 0.04916382 0.1755371 -0.9833984
vn 0.6738281 0.1710205 -0.7192383
vn -0.4013672 0.6499023 -0.6455078
vn -0.263916 0.8662109 -0.4245605
vn 0.05474854 -0.05938721 -0.996582
vn 0.6826172 -0.05758667 -0.7285156
vn -0.5268555 -0.05960083 -0.8476563
vn -0.5195313 0.1781006 -0.8354492
vn -0.8803711 -0.05963135 -0.4707031
vn -0.8676758 0.1781006 -0.4638672
vn -0.6704102 0.6499023 -0.3583984
vn -0.440918 0.8662109 -0.2357178
vn -0.9975586 -0.05960083 0.03256226
vn -0.8803711 -0.05963135 -0.4707031
vn -0.8676758 0.1781006 -0.4638672
vn -0.9833984 0.1781006 0.03210449
vn -0.8476563 -0.05960083 0.5268555
vn -0.6704102 0.6499023 -0.3583984
vn -0.8354492 0.1781006 0.5195313
vn -0.4707031 -0.05960083 0.8803711
vn -0.7597656 0.6499023 0.02479553
vn -0.440918 0.8662109 -0.2357178
vn -0.4997559 0.8662109 0.01631165
vn -0.6455078 0.6499023 0.4013672
vn -0.4245605 0.8662109 0.263916
vn -0.4638672 0.1781006 0.8676758
vn 0.03256226 -0.05963135 0.9975586
vn -0.3583984 0.6499023 0.6704102
vn -0.2357178 0.8662109 0.440918
vn 0.03210449 0.1781006 0.9833984
vn 0.5268555 -0.05960083 0.8476563
vn 0.02479553 0.6499023 0.7597656
vn 0.01631165 0.8662109 0.4997559
vn 0.5195313 0.1781006 0.8354492
vn 0.4013672 0.6499023 0.6455078
vn 0.263916 0.8662109 0.4245605
vn 0.440918 0.8662109 0.2357178
vn 0.6704102 0.6499023 0.3583984
vn 0.8676758 0.1781006 0.4638672
vn 0.8803711 -0.05960083 0.4707031
vn -0.6132813 0.7890625 -0.03111267
vn -0.5605469 0.8276367 -0.02842712
vn -0.4367676 0.8276367 -0.3525391
vn -0.4780273 0.7890625 -0.3857422
vn -0.4262695 0.9042969 -0.0216217
vn -0.1461182 0.8276367 -0.5419922
vn -0.3322754 0.9042969 -0.2680664
vn -0.1600342 0.7890625 -0.5932617
vn 0.2001953 0.8276367 -0.5244141
vn -0.1112061 0.9042969 -0.4121094
vn 0.2191162 0.7890625 -0.5737305
vn 0.4702148 0.8276367 -0.3063965
vn 0.1523438 0.9042969 -0.3989258
vn 0.5146484 0.7890625 -0.3354492
vn 0.5605469 0.8276367 0.02842712
vn 0.357666 0.9042969 -0.2331543
vn 0.6132813 0.7890625 0.03111267
vn 0.4262695 0.9042969 0.0216217
vn 0.9985352 0 0.05065918
vn 0.8378906 0 -0.5458984
vn 0.9985352 0 0.05065918
vn 0.8378906 0 -0.5458984
vn 0.3566895 0 -0.934082
vn 0.3566895 0 -0.934082
vn -0.260498 0 -0.965332
vn -0.260498 0 -0.965332
vn -0.7783203 0 -0.6279297
vn -0.7783203 0 -0.6279297
vn -0.9985352 0 -0.05065918
vn -0.9985352 0 -0.05065918
vn 0.6132813 0.7890625 0.03111267
vn 0.5605469 0.8276367 0.02842712
vn 0.4367676 0.8276367 0.3525391
vn 0.4780273 0.7890625 0.3857422
vn 0.1461182 0.8276367 0.5419922
vn 0.4262695 0.9042969 0.0216217
vn 0.1600342 0.7890625 0.5932617
vn -0.2001953 0.8276367 0.5244141
vn 0.3322754 0.9042969 0.2680664
vn -0.2191162 0.7890625 0.5737305
vn -0.4702148 0.8276367 0.3063965
vn 0.1112061 0.9042969 0.4121094
vn -0.5146484 0.7890625 0.3354492
vn -0.5605469 0.8276367 -0.02842712
vn -0.6132813 0.7890625 -0.03111267
vn -0.1523438 0.9042969 0.3986816
vn -0.357666 0.9042969 0.2330322
vn -0.4262695 0.9042969 -0.0216217
vn -0.3322754 0.9042969 -0.2680664
vn -0.1112061 0.9042969 -0.4121094
vn 0.1523438 0.9042969 -0.3989258
vn 0.357666 0.9042969 -0.2331543
vn -0.9985352 0 -0.05065918
vn -0.8378906 0 0.5458984
vn -0.9985352 0 -0.05065918
vn -0.8378906 0 0.5458984
vn -0.3566895 0 0.934082
vn -0.3566895 0 0.934082
vn 0.260498 0 0.965332
vn 0.260498 0 0.965332
vn 0.7783203 0 0.6279297
vn 0.7783203 0 0.6279297
vn 0.9985352 0 0.05065918
vn 0.9985352 0 0.05065918
vn 0.8676758 0.1781006 0.4638672
vn 0.8803711 -0.05960083 0.4707031
vn 0.5268555 -0.05963135 0.8476563
vn 0.5195313 0.1781006 0.8354492
vn 0.4013672 0.6499023 0.6455078
vn 0.6704102 0.6499023 0.3583984
vn 0.440918 0.8662109 0.2357178
vn 0.263916 0.8662109 0.4245605
vn 0.01631165 0.8662109 0.4997559
vn 0.02479553 0.6499023 0.7597656
vn -0.2357178 0.8662109 0.440918
vn 0.03210449 0.1781006 0.9833984
vn 0.03256226 -0.05963135 0.9975586
vn -0.3583984 0.6499023 0.6704102
vn -0.4245605 0.8662109 0.263916
vn -0.4638672 0.1781006 0.8676758
vn -0.4707031 -0.05960083 0.8803711
vn -0.6455078 0.6499023 0.4013672
vn -0.4997559 0.8662109 0.01631165
vn -0.8354492 0.1781006 0.5195313
vn -0.8476563 -0.05960083 0.5268555
vn -0.7597656 0.6499023 0.02479553
vn -0.440918 0.8662109 -0.2357178
vn -0.6704102 0.6499023 -0.3583984
vn -0.9833984 0.1781006 0.03210449
vn -0.9975586 -0.05960083 0.03256226
vn -0.8676758 0.1781006 -0.4638672
vn -0.8803711 -0.05960083 -0.4707031
vn 0.9970703 0.05908203 0.05056763
vn 0.8364258 0.05908203 -0.5449219
vn 0.9970703 0.05908203 0.05056763
vn 0.8364258 0.05908203 -0.5449219
vn 0.3562012 0.05908203 -0.9326172
vn 0.3562012 0.05908203 -0.9326172
vn -0.2600098 0.05908203 -0.9638672
vn -0.2600098 0.05908203 -0.9638672
vn -0.7768555 0.05908203 -0.6269531
vn -0.7768555 0.05908203 -0.6269531
vn -0.9970703 0.05908203 -0.05056763
vn -0.9970703 0.05908203 -0.05056763
vn 0.2368164 0 -0.9716797
vn 0.2368164 0 -0.9716797
vn 0.2368164 0 -0.9716797
vn 0.2368164 0 -0.9716797
vn -0.5917969 0.8056641 -0.03001404
vn -0.5214844 0.8525391 -0.02645874
vn -0.4064941 0.8525391 -0.328125
vn -0.4611816 0.8056641 -0.3720703
vn -0.4262695 0.9042969 -0.0216217
vn -0.1359863 0.8525391 -0.5043945
vn -0.3322754 0.9042969 -0.2680664
vn -0.1542969 0.8056641 -0.5722656
vn 0.1864014 0.8525391 -0.4880371
vn 0.2114258 0.8056641 -0.5537109
vn 0.4375 0.8525391 -0.2851563
vn -0.1112061 0.9042969 -0.4121094
vn 0.496582 0.8056641 -0.3237305
vn 0.5214844 0.8525391 0.02645874
vn 0.5917969 0.8056641 0.03001404
vn 0.3322754 0.9042969 0.2680664
vn 0.1112061 0.9042969 0.4121094
vn 0.4262695 0.9042969 0.0216217
vn 0.1523438 0.9042969 -0.3989258
vn 0.357666 0.9042969 -0.2331543
vn 0.7783203 0 0.6279297
vn 0.9985352 0 0.05065918
vn 0.9985352 0 0.05065918
vn 0.7783203 0 0.6279297
vn 0.260498 0 0.965332
vn 0.260498 0 0.965332
vn -0.3566895 0 0.934082
vn -0.3566895 0 0.934082
vn -0.8378906 0 0.5458984
vn -0.8378906 0 0.5458984
vn -0.9985352 0 -0.05065918
vn -0.9985352 0 -0.05065918
vn -0.7783203 0 -0.6279297
vn -0.9985352 0 -0.05065918
vn -0.9985352 0 -0.05065918
vn -0.7783203 0 -0.6279297
vn -0.260498 0 -0.965332
vn -0.260498 0 -0.965332
vn 0.3566895 0 -0.934082
vn 0.3566895 0 -0.934082
vn 0.8378906 0 -0.5458984
vn 0.8378906 0 -0.5458984
vn 0.9985352 0 0.05065918
vn 0.9985352 0 0.05065918
vn -0.9970703 0.05908203 -0.05056763
vn -0.8364258 0.05908203 0.5449219
vn -0.9970703 0.05908203 -0.05056763
vn -0.8364258 0.05908203 0.5449219
vn -0.3562012 0.05908203 0.9326172
vn -0.3562012 0.05908203 0.9326172
vn 0.2600098 0.05908203 0.9638672
vn 0.2600098 0.05908203 0.9638672
vn 0.7768555 0.05908203 0.6269531
vn 0.7768555 0.05908203 0.6269531
vn 0.9970703 0.05908203 0.05056763
vn 0.9970703 0.05908203 0.05056763
vn 0.6132813 0.7890625 0.03111267
vn 0.5605469 0.8276367 0.02842712
vn 0.4367676 0.8276367 0.3525391
vn 0.4780273 0.7890625 0.3857422
vn 0.4262695 0.9042969 0.0216217
vn 0.1461182 0.8276367 0.5419922
vn 0.3322754 0.9042969 0.2680664
vn 0.1600342 0.7890625 0.5932617
vn -0.2001953 0.8276367 0.5244141
vn 0.1112061 0.9042969 0.4121094
vn -0.3322754 0.9042969 -0.2680664
vn -0.4262695 0.9042969 -0.0216217
vn -0.2191162 0.7890625 0.5737305
vn -0.4702148 0.8276367 0.3063965
vn -0.1523438 0.9042969 0.3986816
vn -0.5146484 0.7890625 0.3354492
vn -0.5605469 0.8276367 -0.02842712
vn -0.6132813 0.7890625 -0.03111267
vn -0.357666 0.9042969 0.2330322
vn -0.6132813 0.7890625 -0.03111267
vn -0.5605469 0.8276367 -0.02842712
vn -0.4367676 0.8276367 -0.3525391
vn -0.4780273 0.7890625 -0.3857422
vn -0.4262695 0.9042969 -0.0216217
vn -0.1461182 0.8276367 -0.5419922
vn -0.3322754 0.9042969 -0.2680664
vn -0.1600342 0.7890625 -0.5932617
vn 0.2001953 0.8276367 -0.5244141
vn -0.1112061 0.9042969 -0.4121094
vn 0.3322754 0.9042969 0.2680664
vn 0.4262695 0.9042969 0.0216217
vn 0.2191162 0.7890625 -0.5737305
vn 0.4702148 0.8276367 -0.3063965
vn 0.1523438 0.9042969 -0.3989258
vn 0.5146484 0.7890625 -0.3354492
vn 0.5605469 0.8276367 0.02842712
vn 0.6132813 0.7890625 0.03111267
vn 0.357666 0.9042969 -0.2331543
vn 0.8676758 0.1781006 0.4638672
vn 0.8803711 -0.05960083 0.4707031
vn 0.5268555 -0.05963135 0.8476563
vn 0.5195313 0.1781006 0.8354492
vn 0.4013672 0.6499023 0.6455078
vn 0.6704102 0.6499023 0.3583984
vn 0.440918 0.8662109 0.2357178
vn 0.263916 0.8662109 0.4245605
vn 0.01631165 0.8662109 0.4997559
vn 0.02479553 0.6499023 0.7597656
vn -0.2357178 0.8662109 0.440918
vn 0.03210449 0.1781006 0.9833984
vn 0.03256226 -0.05963135 0.9975586
vn -0.3583984 0.6499023 0.6704102
vn -0.4245605 0.8662109 0.263916
vn -0.4638672 0.1781006 0.8676758
vn -0.4707031 -0.05960083 0.8803711
vn -0.6455078 0.6499023 0.4013672
vn -0.4997559 0.8662109 0.01631165
vn -0.8354492 0.1781006 0.5195313
vn -0.8476563 -0.05960083 0.5268555
vn -0.7597656 0.6499023 0.02479553
vn -0.440918 0.8662109 -0.2357178
vn -0.6704102 0.6499023 -0.3583984
vn -0.9833984 0.1781006 0.03210449
vn -0.9975586 -0.05960083 0.03256226
vn -0.8676758 0.1781006 -0.4638672
vn -0.8803711 -0.05960083 -0.4707031
vn 0.05474854 -0.05938721 -0.996582
vn 0.6826172 -0.05758667 -0.7285156
vn 0.6733398 0.1710205 -0.7192383
vn 0.04916382 0.1755371 -0.9833984
vn -0.5268555 -0.05960083 -0.8476563
vn 0.53125 0.6298828 -0.5668945
vn -0.5195313 0.1781006 -0.8354492
vn -0.8803711 -0.05960083 -0.4707031
vn -0.8676758 0.1781006 -0.4638672
vn 0.04022217 0.6386719 -0.7685547
vn -0.4013672 0.6499023 -0.6455078
vn -0.6704102 0.6499023 -0.3583984
vn 0.2600098 0.8496094 -0.4589844
vn 0.4411621 0.8496094 -0.2895508
vn 0.02441406 0.8603516 -0.5092773
vn -0.263916 0.8662109 -0.4245605
vn -0.440918 0.8662109 -0.2357178
vn 0.53125 0.6298828 -0.5668945
vn 0.5063477 0.8603516 -0.05755615
vn 0.4411621 0.8496094 -0.2895508
vn 0.7641602 0.6386719 -0.090271
vn 0.440918 0.8662109 0.2357178
vn 0.6733398 0.1710205 -0.7192383
vn 0.6704102 0.6499023 0.3583984
vn 0.9780273 0.1755371 -0.1131592
vn 0.6826172 -0.05758667 -0.7285156
vn 0.8676758 0.1781006 0.4638672
vn 0.9912109 -0.05938721 -0.1196289
vn 0.8803711 -0.05960083 0.4707031
vn -0.008117676 1 -0.01528931
vn -0.01364899 1 0.00129509
vn -0.0165863 1 -0.006160736
vn -0.0003705025 1 -0.01134491
vn 0.007102966 1 -0.01577759
vn 0.01134491 1 -0.0003705025
vn 0.01528168 1 -0.008117676
vn 0.01577759 1 0.007106781
vn 0.01134491 1 -0.0003705025
vn 0.01577759 1 0.007106781
vn 0.007228851 1 0.01615906
vn -0.000402689 1 0.01370239
vn -0.0003705025 1 -0.01134491
vn -0.01406097 1 0.01501465
vn -0.01364899 1 0.00129509
vn -0.9360352 0 -0.3522949
vn -0.7299805 0 -0.6835938
vn -0.7299805 0 -0.6835938
vn -0.9360352 0 -0.3522949
vn 0.1640625 0 -0.9863281
vn 0.1640625 0 -0.9863281
vn 0.1640625 0 -0.9863281
vn 0.1640625 0 -0.9863281
vn 0.9736328 0 -0.2280273
vn 0.9736328 0 -0.2280273
vn 0.9736328 0 -0.2280273
vn 0.9736328 0 -0.2280273
vn 0.7299805 0 0.6835938
vn 0.4125977 0 0.9111328
vn 0.7299805 0 0.6835938
vn 0.4125977 0 0.9111328
vn -0.3522949 0 0.9360352
vn -0.3522949 0 0.9360352
vn -0.9111328 0 0.4125977
vn -0.9111328 0 0.4125977
vn -0.9360352 0 -0.3522949
vn -0.9360352 0 -0.3522949
vn -0.08306885 0.8833008 -0.4609375
vn -0.4411621 0.8896484 -0.1195068
vn -0.8632813 0.3676758 -0.3457031
vn -0.3278809 0.3737793 -0.8676758
vn 0.138916 0.6186523 -0.7734375
vn -0.9360352 0 -0.3522949
vn -0.7299805 0 -0.6835938
vn 0.1621094 0.2749023 -0.9477539
vn 0.1640625 0 -0.9863281
vn 0.1640625 0 -0.9863281
vn 0.465332 0.8833008 0.05282593
vn 0.7626953 0.6186523 -0.1890869
vn 0.9350586 0.2749023 -0.2236328
vn 0.887207 0.3737793 0.2705078
vn 0.9736328 0 -0.2280273
vn 0.9736328 0 -0.2280273
vn -0.9111328 0 0.4125977
vn -0.9360352 0 -0.3522949
vn -0.8632813 0.3676758 -0.3457031
vn -0.8388672 0.3676758 0.4013672
vn -0.3522949 0 0.9360352
vn -0.4411621 0.8896484 -0.1195068
vn -0.3457031 0.3676758 0.8632813
vn 0.4125977 0 0.9111328
vn -0.432373 0.8896484 0.1480713
vn -0.08306885 0.8833008 -0.4609375
vn 0 1 0
vn -0.1195068 0.8896484 0.4411621
vn 0.4013672 0.3676758 0.8388672
vn 0.7299805 0 0.6835938
vn 0.887207 0.3737793 0.2705078
vn 0.1480713 0.8896484 0.432373
vn 0 1 0
vn 0.465332 0.8833008 0.05282593
vn -0.9995117 0 0.02445984
vn -0.9995117 0 0.02445984
vn -0.9995117 0 0.02444458
vn -0.9995117 0 0.02445984
vn -0.9995117 0 0.02445984
vn -0.9995117 0 0.02445984
vn -0.9995117 0 0.02445984
vn -0.9995117 0 0.02445984
vn -0.9995117 0 0.02445984
vn 0.04528809 0 0.9990234
vn 0.04528809 0 0.9990234
vn 0.04528809 0 0.9990234
vn 0.04528809 0 0.9990234
vn 0.04528809 1.657009E-05 0.9990234
vn 0.04528809 0 0.9990234
vn 0.04528809 0 0.9990234
vn 0.04528809 0 0.9990234
vn 0.04528809 0 0.9990234
vn -0.7128906 0 -0.7011719
vn -0.7128906 0 -0.7011719
vn -0.9301758 0 -0.3674316
vn -0.9301758 0 -0.3674316
vn 0 1 0
vn 0 1 0
vn 0 1 0
vn 0 1 0
vn 0 1 0
vn 0 1 0
vn 0 1 0
vn 0 1 0
vn 0.004695892 0.987793 0.1542969
vn -0.3552246 0.8549805 0.3776855
vn -0.09014893 0.9912109 0.0958252
vn -0.2873535 0.8432617 0.4538574
vn 0.01646423 0.8408203 0.5410156
vn 0.3144531 0.8432617 0.4355469
vn 0.0958252 0.9912109 0.09014893
vn -0.09014893 0.9912109 0.0958252
vn 0 1 0
vn 0.3776855 0.8549805 0.3552246
vn 0.09014893 0.9912109 -0.0958252
vn 0.1542969 0.987793 -0.004695892
vn 0.4538574 0.8432617 0.2873535
vn 0.5410156 0.8408203 -0.01646423
vn 0.4355469 0.8432617 -0.3144531
vn 0.3552246 0.8549805 -0.3776855
vn -0.2873535 0.8432617 0.4538574
vn -0.6035156 0.4731445 0.6416016
vn -0.3552246 0.8549805 0.3776855
vn -0.46875 0.4667969 0.75
vn -0.6655273 0.239502 0.7070313
vn 0.01646423 0.8408203 0.5410156
vn -0.5141602 0.2438965 0.8222656
vn 0.02679443 0.4731445 0.8803711
vn 0.3144531 0.8432617 0.4355469
vn 0.02938843 0.2578125 0.9658203
vn 0.5136719 0.4667969 0.7202148
vn 0.3776855 0.8549805 0.3552246
vn 0.5629883 0.2438965 0.7895508
vn 0.6416016 0.4731445 0.6035156
vn 0.4538574 0.8432617 0.2873535
vn 0.7070313 0.239502 0.6655273
vn 0.75 0.4667969 0.46875
vn 0.5410156 0.8408203 -0.01646423
vn 0.8222656 0.2438965 0.5141602
vn 0.8803711 0.4731445 -0.02680969
vn 0.4355469 0.8432617 -0.3144531
vn 0.9658203 0.2578125 -0.02938843
vn 0.7202148 0.4667969 -0.5136719
vn 0.3552246 0.8549805 -0.3776855
vn 0.7895508 0.2438965 -0.5629883
vn 0.6035156 0.4731445 -0.6416016
vn 0.2873535 0.8432617 -0.4538574
vn 0.6655273 0.239502 -0.7070313
vn 0.46875 0.4667969 -0.75
vn -0.01646423 0.8408203 -0.5410156
vn 0.5141602 0.2438965 -0.8222656
vn -0.02679443 0.4731445 -0.8803711
vn -0.3144531 0.8432617 -0.4355469
vn -0.02938843 0.2578125 -0.9658203
vn -0.5136719 0.4667969 -0.7202148
vn -0.3776855 0.8549805 -0.3552246
vn -0.5629883 0.2438965 -0.7895508
vn -0.6416016 0.4731445 -0.6035156
vn -0.4538574 0.8432617 -0.2873535
vn -0.7070313 0.239502 -0.6655273
vn -0.75 0.4667969 -0.46875
vn -0.5410156 0.8408203 0.01646423
vn -0.8222656 0.2438965 -0.5141602
vn -0.8803711 0.4731445 0.02679443
vn -0.4355469 0.8432617 0.3144531
vn -0.9658203 0.2578125 0.02938843
vn -0.7202148 0.4667969 0.5136719
vn -0.3552246 0.8549805 0.3776855
vn -0.7895508 0.2438965 0.5629883
vn -0.6035156 0.4731445 0.6416016
vn -0.6655273 0.239502 0.7070313
vn -0.09014893 0.9912109 0.0958252
vn -0.3552246 0.8549805 0.3776855
vn -0.4355469 0.8432617 0.3144531
vn -0.1542969 0.987793 0.004695892
vn -0.5410156 0.8408203 0.01646423
vn -0.4538574 0.8432617 -0.2873535
vn -0.3776855 0.8549805 -0.3552246
vn -0.0958252 0.9912109 -0.09014893
vn -0.09014893 0.9912109 0.0958252
vn 0 1 0
vn -0.3144531 0.8432617 -0.4355469
vn 0.09014893 0.9912109 -0.0958252
vn -0.004695892 0.987793 -0.1542969
vn -0.01646423 0.8408203 -0.5410156
vn 0.3552246 0.8549805 -0.3776855
vn 0.2873535 0.8432617 -0.4538574
vn -0.9995117 0 0.02445984
vn -0.9995117 0 0.02445984
vn -0.9301758 0 -0.3674316
vn -0.9301758 0 -0.3674316
vn -0.9995117 0 0.02445984
vn -0.9995117 0 0.02445984
vn -0.9995117 0 0.02445984
vn -0.9116211 0 0.4111328
vn -0.9995117 0 0.02444458
vn -0.9995117 0 0.02445984
vn -0.9995117 0 0.02445984
vn -0.9995117 0 0.02445984
vn -0.9116211 0 0.4111328
vn -0.3439941 0 0.9389648
vn -0.3439941 0 0.9389648
vn 0.04528809 0 0.9990234
vn 0.04528809 0 0.9990234
vn 0.04528809 0 0.9990234
vn 0.04528809 0 0.9990234
vn 0.04528809 0 0.9990234
vn 0.04528809 0 0.9990234
vn 0.4250488 0 0.9052734
vn 0.04528809 0 0.9990234
vn 0.04528809 0 0.9990234
vn 0.4250488 0 0.9052734
vn 0.04528809 0 0.9990234
vn 0.7397461 0 0.6728516
vn 0.7397461 0 0.6728516
vn 0.2368164 0 -0.9716797
vn 0.2368164 0 -0.9716797
vn 0.2368164 0 -0.9716797
vn 0.2368164 0 -0.9716797
vn 0.9584961 0 -0.2858887
vn 0.9584961 0 -0.2858887
vn 0.9584961 0 -0.2858887
vn 0.9584961 0 -0.2858887
vn -0.5561523 -0.0006461143 0.8310547
vn -0.9804688 0.004253387 0.1962891
vn -0.9804688 0.004257202 0.1955566
vn -0.5532227 -0.0006799698 0.8330078
vn 0.1964111 -0.001198769 0.9804688
vn 0.1934814 -0.001225471 0.980957
vn 0.8310547 0.003713608 0.5561523
vn 0.831543 0.003713608 0.5556641
vn 0.980957 0.004501343 0.1949463
vn 0.980957 0.004501343 0.1949463
vn 0.7006836 0.001124382 -0.7133789
vn 0.7006836 0.001124382 -0.7133789
vn 0.7006836 0.001124382 -0.7133789
vn 0.7006836 0.001124382 -0.7133789
vn -0.3752441 0.0004196167 -0.9267578
vn -0.3752441 0.0004196167 -0.9267578
vn -0.3752441 0.0004196167 -0.9267578
vn -0.3752441 0.0004196167 -0.9267578
vn -0.9804688 0.004253387 0.1962891
vn -0.980957 0.004489899 -0.1949463
vn -0.980957 0.004489899 -0.1949463
vn -0.9804688 0.004257202 0.1955566
vn -0.03442383 0.9975586 0.05996704
vn -0.06707764 0.9975586 0.009407043
vn -0.03686523 0.9990234 0.02536011
vn 0.009017944 0.9975586 0.06866455
vn 0.02445984 0.9990234 0.03762817
vn -0.02680969 0.9985352 -0.04730225
vn 0.05844116 0.9975586 0.03445435
vn 0.04272461 0.9985352 -0.03338623
vn 0.06781006 0.9975586 -0.01429749
vn -0.03686523 0.9990234 0.02536011
vn -0.06707764 0.9975586 0.009407043
vn -0.05725098 0.9975586 -0.03921509
vn -0.02680969 0.9985352 -0.04730225
vn 0.01599121 0.996582 -0.08068848
vn 0.04272461 0.9985352 -0.03338623
vn -0.3842773 0.8071289 0.4482422
vn -0.5771484 0.8085938 -0.1154175
vn 0 1 0
vn -0.1846924 0.8071289 -0.5610352
vn -0.878418 0.4450684 -0.175293
vn 0.3842773 0.8071289 -0.4482422
vn -0.2824707 0.440918 -0.8520508
vn -0.7387695 0 -0.6738281
vn -0.7387695 0 -0.6738281
vn -0.878418 -0.4450684 -0.175293
vn -0.2824707 -0.440918 -0.8520508
vn -0.5771484 -0.8085938 -0.1154175
vn 0.5854492 0.4414063 -0.6796875
vn 0.5771484 0.8085938 0.1154175
vn 0.1925049 0 -0.9814453
vn 0.878418 0.4450684 0.1751709
vn 0.1925049 0 -0.9814453
vn 0.940918 0 -0.3383789
vn 0.940918 0 -0.3383789
vn 0.5854492 -0.4414063 -0.6796875
vn 0.878418 -0.4450684 0.1751709
vn -0.1846924 -0.8071289 -0.5610352
vn 0.3842773 -0.8071289 -0.4482422
vn 0.5771484 -0.8085938 0.1153564
vn 0 -1 0
vn -0.3842773 -0.8071289 0.4482422
vn -0.3842773 -0.8071289 0.4482422
vn -0.5771484 -0.8085938 -0.1154175
vn -0.878418 -0.4450684 -0.175293
vn -0.5854492 -0.4414063 0.6796875
vn -0.940918 0 0.3383789
vn -0.940918 0 0.3383789
vn -0.878418 0.4450684 -0.175293
vn -0.5854492 0.4414063 0.6796875
vn -0.5771484 0.8085938 -0.1154175
vn -0.3842773 0.8071289 0.4482422
vn 0.1846924 -0.8071289 0.5610352
vn 0 -1 0
vn 0.2824707 -0.440918 0.8520508
vn -0.192627 0 0.9814453
vn 0.5771484 -0.8085938 0.1153564
vn 0.3842773 -0.8071289 -0.4482422
vn 0.878418 -0.4450684 0.1751709
vn -0.192627 0 0.9814453
vn 0.7387695 0 0.6738281
vn 0.7387695 0 0.6738281
vn 0.2824707 0.440918 0.8520508
vn 0.878418 0.4450684 0.1751709
vn 0.1846924 0.8071289 0.5610352
vn 0 1 0
vn 0.5771484 0.8085938 0.1154175
vn 0.3842773 0.8071289 -0.4482422
vn -0.5097656 -0.3813477 -0.7709961
vn -0.5097656 -0.3813477 -0.7709961
vn -0.5307617 -0.2695313 -0.8032227
vn -0.53125 -0.2670898 -0.8037109
vn -0.5488281 -0.08422852 -0.831543
vn -0.5488281 -0.08355713 -0.831543
vn -0.5483398 0.08789063 -0.831543
vn -0.5483398 0.08728027 -0.831543
vn -0.5390625 0.1954346 -0.8193359
vn -0.5395508 0.1950684 -0.8193359
vn -0.5361328 0.213623 -0.8164063
vn -0.5361328 0.213623 -0.8164063
vn -0.9145508 -0.3994141 0.06268311
vn -0.9145508 -0.3994141 0.06268311
vn -0.9584961 -0.2766113 0.06536865
vn -0.9584961 -0.2775879 0.06530762
vn -0.9941406 -0.08325195 0.06787109
vn -0.9941406 -0.08355713 0.06787109
vn -0.9936523 0.08721924 0.06799316
vn -0.9936523 0.08752441 0.06799316
vn -0.9785156 0.1954346 0.06726074
vn -0.9785156 0.1955566 0.06726074
vn -0.9746094 0.2144775 0.06750488
vn -0.9746094 0.2144775 0.06750488
vn -0.4086914 -0.3676758 0.8354492
vn -0.4086914 -0.3676758 0.8354492
vn -0.4238281 -0.2609863 0.8671875
vn -0.4238281 -0.2624512 0.8666992
vn -0.4370117 -0.08404541 0.8955078
vn -0.4370117 -0.08447266 0.8955078
vn -0.4367676 0.08758545 0.8955078
vn -0.4367676 0.08795166 0.8955078
vn -0.4296875 0.1950684 0.8818359
vn -0.4296875 0.1953125 0.8818359
vn -0.4274902 0.2130127 0.878418
vn -0.4274902 0.2130127 0.878418
vn 0.5097656 -0.3813477 0.7709961
vn 0.5097656 -0.3813477 0.7709961
vn 0.5307617 -0.2695313 0.8032227
vn 0.53125 -0.267334 0.8037109
vn 0.5488281 -0.08422852 0.831543
vn 0.5488281 -0.08355713 0.831543
vn 0.5483398 0.08789063 0.831543
vn 0.5483398 0.08728027 0.831543
vn 0.5390625 0.1954346 0.8193359
vn 0.5390625 0.1950684 0.8193359
vn 0.5361328 0.213623 0.8168945
vn 0.5361328 0.213623 0.8168945
vn 0.9785156 0.1955566 -0.06732178
vn 0.9746094 0.2144775 -0.06756592
vn 0.9746094 0.2144775 -0.06756592
vn 0.9785156 0.1954346 -0.06732178
vn 0.9936523 0.08752441 -0.0680542
vn 0.9936523 0.08721924 -0.0680542
vn 0.9941406 -0.08355713 -0.06787109
vn 0.9941406 -0.08325195 -0.06787109
vn 0.9584961 -0.2775879 -0.06530762
vn 0.9589844 -0.2766113 -0.06530762
vn 0.9145508 -0.3994141 -0.06262207
vn 0.9145508 -0.3994141 -0.06262207
vn 0.4296875 0.1953125 -0.8818359
vn 0.4274902 0.2130127 -0.878418
vn 0.4274902 0.2130127 -0.878418
vn 0.4296875 0.1950684 -0.8818359
vn 0.4367676 0.08795166 -0.8955078
vn 0.4367676 0.08758545 -0.8955078
vn 0.4370117 -0.08447266 -0.8955078
vn 0.4370117 -0.08404541 -0.8955078
vn 0.4238281 -0.2624512 -0.8671875
vn 0.4238281 -0.2609863 -0.8671875
vn 0.4086914 -0.3676758 -0.8354492
vn 0.4086914 -0.3676758 -0.8354492
vn 0.6572266 -0.05697632 -0.7514648
vn 0.9448242 -0.05703735 -0.3220215
vn 0.9306641 0.1817627 -0.3168945
vn 0.6474609 0.1815186 -0.7397461
vn 0.1943359 -0.0569458 -0.9794922
vn 0.7182617 0.6513672 -0.2446289
vn 0.1914063 0.1813965 -0.9643555
vn -0.3203125 -0.05697632 -0.9458008
vn 0.4995117 0.6513672 -0.5712891
vn 0.3322754 0.9365234 -0.112915
vn -0.315918 0.1815186 -0.9311523
vn -0.75 -0.05703735 -0.6586914
vn 0.1477051 0.6513672 -0.7441406
vn 0.2313232 0.9365234 -0.263916
vn 0 1 0
vn -0.7392578 0.1817627 -0.6484375
vn -0.9790039 -0.05706787 -0.194458
vn -0.2436523 0.6513672 -0.71875
vn 0.06835938 0.9365234 -0.3442383
vn -0.9643555 0.1818848 -0.1915283
vn -0.9448242 -0.05703735 0.3220215
vn -0.9306641 0.1817627 0.3168945
vn -0.5703125 0.6513672 -0.5004883
vn -0.1129761 0.9365234 -0.3322754
vn -0.7441406 0.6513672 -0.1478271
vn -0.7182617 0.6513672 0.2446289
vn -0.263916 0.9365234 -0.2313232
vn -0.3442383 0.9365234 -0.06835938
vn -0.3322754 0.9365234 0.112915
vn -0.6572266 -0.05697632 0.7514648
vn -0.9448242 -0.05703735 0.3220215
vn -0.9306641 0.1817627 0.3168945
vn -0.6474609 0.1815186 0.7397461
vn -0.1943359 -0.0569458 0.9794922
vn -0.7182617 0.6513672 0.2446289
vn -0.1914063 0.1813965 0.9643555
vn 0.3203125 -0.05697632 0.9458008
vn -0.4995117 0.6513672 0.5712891
vn -0.3322754 0.9365234 0.112915
vn 0.315918 0.1815186 0.9311523
vn 0.75 -0.05703735 0.6586914
vn -0.1477051 0.6513672 0.7441406
vn -0.2313232 0.9365234 0.263916
vn 0 1 0
vn 0.7392578 0.1817627 0.6484375
vn 0.9790039 -0.05706787 0.194458
vn 0.2436523 0.6513672 0.71875
vn -0.06835938 0.9365234 0.3442383
vn 0.9643555 0.1818848 0.1915283
vn 0.9448242 -0.05703735 -0.3220215
vn 0.9306641 0.1817627 -0.3168945
vn 0.5703125 0.6513672 0.5004883
vn 0.1129761 0.9365234 0.3322754
vn 0.7441406 0.6513672 0.1478271
vn 0.7182617 0.6513672 -0.2446289
vn 0.263916 0.9365234 0.2313232
vn 0.3442383 0.9365234 0.06835938
vn 0.3322754 0.9365234 -0.112915
vn 0.5917969 0 0.8061523
vn 0.5917969 0 0.8061523
vn 0.5917969 0 0.8061523
vn 0.5917969 0 0.8061523
vn 0.5917969 0 0.8061523
vn 0.5917969 0 0.8061523
vn 0.5917969 0 0.8061523
vn 0.5917969 0 0.8061523
vn 0.5917969 0 0.8061523
vn 0.5917969 0 0.8061523
vn 0.5917969 1.293421E-05 0.8061523
vn 0.5917969 1.502037E-05 0.8061523
vn 0.5917969 1.502037E-05 0.8061523
vn 0.5917969 2.002716E-05 0.8061523
vn 0.5917969 2.503395E-05 0.8061523
vn 0.5917969 0 0.8061523
vn 0.5917969 0 0.8061523
vn 0.5917969 2.503395E-05 0.8061523
vn 0.9833984 0 0.180542
vn 0.8383789 0 0.5449219
vn 0.9833984 0 0.180542
vn 0.8383789 0 0.5449219
vn 0.2030029 0 0.9790039
vn 0.2030029 0 0.9790039
vn -0.5556641 0 0.831543
vn -0.5556641 0 0.831543
vn -0.9833984 0 0.1806641
vn -0.9833984 0 0.1806641
vn -0.9833984 0 0.1806641
vn -0.9760742 0 -0.2182617
vn -0.9760742 0 -0.2182617
vn -0.9833984 0 0.1806641
vn -0.8374023 0 0.5463867
vn -0.8374023 0 0.5463867
vn -0.8374023 0 0.5463867
vn -0.8374023 0 0.5463867
vn -0.8374023 0 0.5463867
vn -0.8374023 0 0.5463867
vn -0.8374023 0 0.5463867
vn -0.8374023 0 0.5463867
vn -0.8374023 0 0.5463867
vn -0.8374023 0 0.5463867
vn -0.8374023 0 0.5463867
vn -0.8374023 0 0.5463867
vn -0.8374023 0 0.5463867
vn -0.8374023 0 0.5463867
vn -0.8374023 0 0.5463867
vn -0.8374023 0 0.5463867
vn -0.8374023 0 0.5463867
vn -0.8374023 0 0.5463867
vn -0.3859863 0.8046875 0.451416
vn -0.5805664 0.8061523 -0.1160889
vn 0 1 2.503395E-05
vn -0.1853027 0.8041992 -0.5644531
vn -0.8793945 0.4423828 -0.1755371
vn 0.3859863 0.8046875 -0.451416
vn -0.2822266 0.4377441 -0.8535156
vn -0.737793 0 -0.675293
vn -0.737793 0 -0.675293
vn -0.8793945 -0.4423828 -0.1755371
vn -0.2822266 -0.4377441 -0.8535156
vn -0.5805664 -0.8061523 -0.1160889
vn 0.5859375 0.4384766 -0.6816406
vn 0.5805664 0.8061523 0.1161499
vn 0.1923828 0 -0.9814453
vn 0.8793945 0.4423828 0.1755371
vn 0.1923828 0 -0.9814453
vn 0.9404297 0 -0.3398438
vn 0.9404297 0 -0.3398438
vn 0.5859375 -0.4384766 -0.6816406
vn 0.8793945 -0.4423828 0.1755371
vn -0.1853027 -0.8041992 -0.5644531
vn 0.3859863 -0.8046875 -0.451416
vn 0.5805664 -0.8061523 0.1160889
vn 0 -1 1.084805E-05
vn -0.3859863 -0.8046875 0.451416
vn -0.3859863 -0.8046875 0.451416
vn -0.5805664 -0.8061523 -0.1160889
vn -0.8793945 -0.4423828 -0.1755371
vn -0.5859375 -0.4384766 0.6816406
vn -0.9404297 0 0.3398438
vn -0.9404297 0 0.3398438
vn -0.8793945 0.4423828 -0.1755371
vn -0.5859375 0.4384766 0.6816406
vn -0.5805664 0.8061523 -0.1160889
vn -0.3859863 0.8046875 0.451416
vn 0.1853027 -0.8041992 0.5644531
vn 0 -1 1.084805E-05
vn 0.2822266 -0.4377441 0.8535156
vn -0.1923828 0 0.9814453
vn 0.5805664 -0.8061523 0.1160889
vn 0.3859863 -0.8046875 -0.451416
vn 0.8793945 -0.4423828 0.1755371
vn -0.1923828 0 0.9814453
vn 0.737793 0 0.675293
vn 0.737793 0 0.675293
vn 0.2822266 0.4377441 0.8535156
vn 0.8793945 0.4423828 0.1755371
vn 0.1853027 0.8041992 0.5644531
vn 0 1 2.503395E-05
vn 0.5805664 0.8061523 0.1161499
vn 0.3859863 0.8046875 -0.451416
vn 0.9775391 0.01773071 0.2108154
vn 0.8706055 0.02452087 0.4914551
vn 0.9775391 0.01773071 0.2108154
vn 0.8691406 0.02456665 0.4936523
vn 0.348877 0.04043579 0.9365234
vn 0.3430176 0.04055786 0.9384766
vn -0.376709 0.03884888 0.9257813
vn -0.3723145 0.03897095 0.9272461
vn -0.6601563 0.02790833 0.7504883
vn -0.6601563 0.02790833 0.7504883
vn -0.1077271 -0.9926758 0.05633545
vn -0.07635498 -0.9926758 -0.09411621
vn -0.1119385 -0.9926758 0.04501343
vn -0.009597778 -0.9794922 -0.2003174
vn 0.1189575 -0.9916992 -0.0501709
vn 0.1018066 -0.9750977 -0.1967773
vn -0.8291016 -0.4116211 0.3786621
vn -0.9179688 -0.3947754 -0.04293823
vn -0.9853516 -0.1645508 -0.04672241
vn -0.909668 -0.1777344 0.3747559
vn -0.9697266 0.2390137 -0.04586792
vn -0.8925781 0.2526855 0.3735352
vn -0.890625 0.4526367 -0.0413208
vn -0.8007813 0.4724121 0.3679199
vn -0.345459 -0.3901367 0.8535156
vn -0.8291016 -0.4116211 0.3786621
vn -0.909668 -0.1777344 0.3747559
vn -0.3605957 -0.1707764 0.9169922
vn 0.3085938 -0.4104004 0.8579102
vn -0.8925781 0.2526855 0.3735352
vn 0.3330078 -0.1789551 0.9257813
vn 0.7871094 -0.411377 0.4592285
vn -0.3549805 0.2418213 0.9033203
vn -0.8007813 0.4724121 0.3679199
vn -0.3376465 0.4504395 0.8266602
vn 0.3295898 0.253418 0.909668
vn 0.2949219 0.473877 0.8295898
vn 0.7592773 0.4760742 0.4433594
vn 0.8500977 -0.1800537 0.4946289
vn 0.8945313 -0.4018555 0.194458
vn 0.9619141 -0.1750488 0.2093506
vn 0.8344727 0.2565918 0.4875488
vn 0.9458008 0.2521973 0.2056885
vn 0.8652344 0.4650879 0.1878662
vn -0.04580688 -0.9916992 0.121521
vn -0.1077271 -0.9926758 0.05633545
vn -0.1119385 -0.9926758 0.04501343
vn -0.04095459 -0.9916992 0.1228638
vn 0.04577637 -0.9921875 0.114624
vn 0.04788208 -0.9921875 0.1137085
vn 0.1104736 -0.9921875 0.05993652
vn 0.1094971 -0.9921875 0.06182861
vn 0.1018066 -0.9750977 -0.1967773
vn 0.1189575 -0.9916992 -0.0501709
vn -0.09881592 0.9946289 0.03643799
vn -0.1027222 0.9941406 -0.03071594
vn 0.0892334 0.9125977 -0.3986816
vn -0.06311035 0.9975586 0.0355835
vn 0.05810547 0.996582 0.06063843
vn 0.2175293 -0.1259766 -0.9677734
vn 0.2175293 -0.1259766 -0.9677734
vn 0.21875 -0.05111694 -0.9746094
vn 0.21875 -0.05178833 -0.9746094
vn 0.2181396 0.065979 -0.9736328
vn 0.2181396 0.06585693 -0.9736328
vn 0.2149658 0.1796875 -0.9599609
vn 0.2210693 0.6557617 -0.7216797
vn 0.0892334 0.9125977 -0.3986816
vn -0.001436234 -0.9960938 0.0894165
vn -0.0592041 -0.9960938 0.0668335
vn -0.0657959 -0.9975586 0.02830505
vn 0.02867126 -0.9975586 0.06567383
vn 0.06793213 -0.9975586 0.0134964
vn 0.06793213 -0.9975586 0.01347351
vn 0.05950928 -0.9975586 -0.03286743
vn 0.05963135 -0.9975586 -0.03271484
vn 0.05810547 0.996582 0.06063843
vn 0.0892334 0.9125977 -0.3986816
vn 0.2210693 0.6557617 -0.7216797
vn 0.1151123 0.9921875 0.04721069
vn 0.0335083 0.9916992 0.1256104
vn -0.06311035 0.9975586 0.0355835
vn -0.04425049 0.9921875 0.1181641
vn -0.09881592 0.9946289 0.03643799
vn 0.1021729 0.9931641 -0.05593872
vn 0.1020508 0.9931641 -0.05615234
vn 0.1157227 0.9931641 0.02297974
vn 0.1157227 0.9931641 0.02294922
vn 0.04898071 0.9926758 0.1116333
vn -0.001964569 0.9882813 0.1516113
vn -0.1118774 0.9926758 0.0484314
vn -0.100769 0.9882813 0.1130981
vn -0.8745117 0.04867554 0.4821777
vn -0.3608398 0.04876709 0.9311523
vn -0.8745117 0.04867554 0.4821777
vn -0.3608398 0.04876709 0.9311523
vn 0.3200684 0.04873657 0.9462891
vn 0.3200684 0.04873657 0.9462891
vn 0.8535156 0.04864502 0.519043
vn 0.8535156 0.04864502 0.519043
vn 0.9799805 0.0456543 0.1948242
vn 0.9799805 0.0456543 0.1948242
vn -0.9794922 0.0486145 -0.1947021
vn -0.8745117 0.04867554 0.4821777
vn -0.8745117 0.04867554 0.4821777
vn -0.9794922 0.0486145 -0.1947021
vn -0.8535156 0.04568481 -0.5195313
vn -0.8535156 0.04568481 -0.5195313
vn 0.9765625 0.09143066 0.1942139
vn 0.8500977 0.09741211 0.5170898
vn 0.9765625 0.09143066 0.1942139
vn 0.8500977 0.09741211 0.5170898
vn 0.3188477 0.09753418 0.9428711
vn 0.3186035 0.09753418 0.9428711
vn -0.3596191 0.09759521 0.9282227
vn -0.359375 0.09759521 0.9282227
vn -0.871582 0.09747314 0.4807129
vn -0.871582 0.09747314 0.4807129
vn -0.05325317 0.972168 -0.227417
vn -0.2004395 0.9448242 -0.2600098
vn 0.3215332 0.9453125 -0.05819702
vn -0.2321777 0.9716797 -0.04623413
vn -0.3867188 0.9189453 -0.07659912
vn -0.2077637 0.9711914 0.1157227
vn -0.3481445 0.9179688 0.1890869
vn 0.3215332 0.9453125 -0.05819702
vn 0.0814209 0.9785156 -0.1885986
vn -0.05325317 0.972168 -0.227417
vn 0.01704407 1 0.003406525
vn -0.2321777 0.9716797 -0.04623413
vn 0.01534271 1 -0.008644104
vn -0.2077637 0.9711914 0.1157227
vn -0.001156807 -0.9980469 0.06115723
vn -0.0402832 -0.9980469 0.04571533
vn -0.04476929 -0.9990234 0.0191803
vn 0.01948547 -0.9990234 0.04476929
vn 0.04605103 -0.9990234 0.009178162
vn 0.04605103 -0.9990234 0.009170532
vn 0.04016113 -0.9990234 -0.02235413
vn 0.04022217 -0.9990234 -0.02229309
vn -0.8505859 0.0914917 -0.5180664
vn -0.9760742 0.09735107 -0.1939697
vn -0.8505859 0.0914917 -0.5180664
vn -0.9760742 0.09735107 -0.1939697
vn -0.871582 0.09747314 0.4807129
vn -0.871582 0.09747314 0.4807129
vn -0.8540039 0.03375244 -0.519043
vn -0.9799805 0.03594971 -0.1947021
vn -0.8540039 0.03375244 -0.519043
vn -0.9799805 0.03594971 -0.1947021
vn -0.8754883 0.03579712 0.4821777
vn -0.8754883 0.03579712 0.4821777
vn -0.8754883 0.03579712 0.4821777
vn -0.3613281 0.03555298 0.9316406
vn -0.8754883 0.03579712 0.4821777
vn -0.3613281 0.03555298 0.9316406
vn 0.3205566 0.03561401 0.9467773
vn 0.3205566 0.03561401 0.9467773
vn 0.8540039 0.03588867 0.519043
vn 0.8540039 0.03588867 0.519043
vn 0.9804688 0.03381348 0.1948242
vn 0.9804688 0.03381348 0.1948242
vn 0.3322754 0.388916 -0.859375
vn 0.3322754 0.388916 -0.859375
vn 0.3557129 0.1610107 -0.9204102
vn 0.3557129 0.1608887 -0.9204102
vn 0.3574219 -0.130127 -0.9248047
vn 0.3574219 -0.130249 -0.9248047
vn 0.3374023 -0.3527832 -0.8725586
vn 0.3374023 -0.3527832 -0.8725586
vn -0.08660889 0.9912109 0.09796143
vn -0.09606934 0.9946289 0.04156494
vn -0.08599854 0.9951172 -0.05230713
vn -0.08599854 0.9951172 -0.05224609
vn -0.03155518 0.9951172 -0.09332275
vn -0.03161621 0.9951172 -0.09332275
vn 0.03543091 0.9951172 -0.09143066
vn 0.03543091 0.9951172 -0.09143066
vn 0.08752441 0.9951172 -0.04827881
vn 0.08758545 0.9951172 -0.04818726
vn 0.09143066 -0.9946289 -0.04977417
vn 0.09106445 -0.9946289 -0.05032349
vn 0.03640747 -0.9951172 -0.09405518
vn 0.03668213 -0.9951172 -0.09393311
vn -0.03250122 -0.9946289 -0.09631348
vn -0.03302002 -0.9946289 -0.09619141
vn -0.08984375 -0.9946289 -0.05471802
vn -0.09014893 -0.9946289 -0.05429077
vn -0.1004028 -0.9941406 0.04324341
vn -0.09014893 -0.9907227 0.1001587
vn 0.08758545 0.9951172 -0.04818726
vn 0.08752441 0.9951172 -0.04827881
vn 0.09918213 0.9946289 0.01971436
vn 0.09918213 0.9946289 0.01971436
vn 0.04214478 0.9946289 0.09594727
vn -0.002174377 0.9912109 0.1309814
vn -0.09606934 0.9946289 0.04156494
vn -0.08660889 0.9912109 0.09796143
vn 0.04022217 -0.9990234 -0.02229309
vn 0.04016113 -0.9990234 -0.02235413
vn 0.01597595 -0.9990234 -0.04144287
vn 0.01599121 -0.9990234 -0.04144287
vn -0.01421356 -0.9990234 -0.04251099
vn -0.01425934 -0.9990234 -0.04251099
vn -0.03970337 -0.9990234 -0.02430725
vn -0.03973389 -0.9990234 -0.02424622
vn -0.04476929 -0.9990234 0.0191803
vn -0.0402832 -0.9980469 0.04571533
vn 0.05963135 -0.9975586 -0.03271484
vn 0.05950928 -0.9975586 -0.03286743
vn 0.02383423 -0.9980469 -0.06155396
vn 0.02391052 -0.9980469 -0.06155396
vn -0.02127075 -0.9975586 -0.06304932
vn -0.02142334 -0.9975586 -0.06298828
vn -0.0586853 -0.9975586 -0.03573608
vn -0.05877686 -0.9975586 -0.03561401
vn -0.0657959 -0.9975586 0.02830505
vn -0.0592041 -0.9960938 0.0668335
vn -0.0009732246 -0.9907227 0.1347656
vn -0.09014893 -0.9907227 0.1001587
vn -0.1004028 -0.9941406 0.04324341
vn 0.04345703 -0.9941406 0.1003418
vn 0.1040649 -0.9941406 0.02069092
vn 0.1040649 -0.9941406 0.02061462
vn 0.09106445 -0.9946289 -0.05032349
vn 0.09143066 -0.9946289 -0.04977417
vn 0.04135132 0.9936523 -0.1063232
vn 0.1020508 0.9931641 -0.05615234
vn 0.1021729 0.9931641 -0.05593872
vn 0.04125977 0.9936523 -0.1063843
vn -0.03701782 0.9931641 -0.1085815
vn -0.03683472 0.9931641 -0.1086426
vn -0.1004028 0.9931641 -0.06072998
vn -0.1002808 0.9931641 -0.06088257
vn -0.100769 0.9882813 0.1130981
vn -0.1118774 0.9926758 0.0484314
vn -0.9555664 0.2243652 -0.1900635
vn -0.8349609 0.2111816 -0.5078125
vn -0.8349609 0.2111816 -0.5078125
vn -0.9560547 0.2243652 -0.1898193
vn -0.8530273 0.2226563 0.4716797
vn -0.8544922 0.2227783 0.4697266
vn -0.2609863 -0.6879883 0.6767578
vn -0.6303711 -0.6928711 0.3503418
vn -0.6328125 -0.6928711 0.3457031
vn -0.2634277 -0.6879883 0.6757813
vn 0.2301025 -0.6894531 0.6870117
vn 0.2344971 -0.6894531 0.6855469
vn 0.6162109 -0.6943359 0.3720703
vn 0.6137695 -0.6943359 0.3754883
vn 0.7246094 -0.6738281 0.1439209
vn 0.7246094 -0.6738281 0.1439209
vn -0.3520508 0.2199707 0.909668
vn -0.8544922 0.2227783 0.4697266
vn -0.8530273 0.2226563 0.4716797
vn -0.3530273 0.2199707 0.9091797
vn 0.3117676 0.2207031 0.9243164
vn 0.3134766 0.2207031 0.9238281
vn 0.8325195 0.2236328 0.5068359
vn 0.8330078 0.2237549 0.5058594
vn 0.9584961 0.2120361 0.1904297
vn 0.9584961 0.2120361 0.1904297
vn 0.006435394 1 -0.01681519
vn -0.2077637 0.9711914 0.1157227
vn 0.01534271 1 -0.008644104
vn -0.08612061 0.9707031 0.2236328
vn -0.00560379 1 -0.01699829
vn 0.07580566 0.9711914 0.2268066
vn -0.01486969 1 -0.009178162
vn 0.2022705 0.9716797 0.1239014
vn 0.06677246 0.9785156 -0.1939697
vn 0.192749 0.972168 -0.1318359
vn 0.3364258 0.361084 -0.8696289
vn 0.3364258 0.361084 -0.8696289
vn 0.3564453 0.1533203 -0.921875
vn 0.3564453 0.1531982 -0.921875
vn 0.3579102 -0.1227417 -0.9257813
vn 0.3579102 -0.1228638 -0.9257813
vn 0.3405762 -0.3310547 -0.8798828
vn 0.3405762 -0.3310547 -0.8798828
vn -0.7045898 -0.6953125 -0.1402588
vn -0.6328125 -0.6723633 -0.3840332
vn -0.6328125 -0.6723633 -0.3840332
vn -0.7045898 -0.6953125 -0.1397705
vn -0.6303711 -0.6928711 0.3503418
vn -0.6328125 -0.6928711 0.3457031
vn 0.192749 0.972168 -0.1318359
vn 0.3215332 0.9453125 -0.05819702
vn 0.338623 0.918457 0.2036133
vn 0.2022705 0.9716797 0.1239014
vn 0.1297607 0.9169922 0.376709
vn 0.07580566 0.9711914 0.2268066
vn -0.1453857 0.9169922 0.3720703
vn -0.08612061 0.9707031 0.2236328
vn -0.3481445 0.9179688 0.1890869
vn -0.2077637 0.9711914 0.1157227
vn -0.7753906 -0.6123047 -0.1542969
vn -0.6914063 -0.5878906 -0.4196777
vn -0.8227539 -0.2702637 -0.5
vn -0.9404297 -0.2849121 -0.1866455
vn -0.6933594 -0.6098633 0.3837891
vn -0.840332 -0.2836914 0.4616699
vn -0.8227539 0.3444824 0.4521484
vn -0.9204102 0.345459 -0.1827393
vn -0.8071289 0.3286133 -0.4904785
vn -0.6630859 0.6313477 -0.4023438
vn -0.7407227 0.6552734 -0.1473389
vn -0.6625977 0.652832 0.3669434
vn 0.3581543 0.1105957 -0.9272461
vn 0.3583984 -0.1069946 -0.9272461
vn 0.3581543 0.1105957 -0.9272461
vn 0.3583984 -0.1070557 -0.9272461
vn 0.3269043 -0.4228516 -0.8452148
vn 0.3269043 -0.4228516 -0.8452148
vn -0.7949219 -0.5859375 -0.1580811
vn -0.7070313 -0.5615234 -0.4294434
vn -0.8261719 -0.2561035 -0.5019531
vn -0.9443359 -0.2697754 -0.1875
vn -0.7104492 -0.5834961 0.3935547
vn -0.8442383 -0.2685547 0.463623
vn -0.828125 0.3286133 0.4545898
vn -0.9257813 0.329834 -0.1838379
vn -0.8115234 0.3134766 -0.4929199
vn -0.684082 0.6000977 -0.4150391
vn -0.7661133 0.6240234 -0.1524658
vn -0.6850586 0.621582 0.3796387
vn -0.2866211 -0.6064453 0.7416992
vn -0.6933594 -0.6098633 0.3837891
vn -0.840332 -0.2836914 0.4616699
vn -0.347168 -0.2819824 0.8945313
vn 0.253418 -0.6074219 0.7529297
vn -0.3400879 0.3425293 0.8759766
vn -0.8227539 0.3444824 0.4521484
vn -0.6625977 0.652832 0.3669434
vn -0.2741699 0.6494141 0.7089844
vn 0.302002 0.3430176 0.8896484
vn 0.2421875 0.6503906 0.7197266
vn 0.3085938 -0.2824707 0.9082031
vn 0.6757813 -0.6113281 0.4121094
vn 0.8027344 0.3449707 0.4868164
vn 0.6455078 0.6542969 0.3937988
vn 0.8198242 -0.2844238 0.4970703
vn 0.7924805 -0.5893555 0.1573486
vn 0.9443359 -0.2702637 0.1876221
vn 0.9262695 0.328125 0.184082
vn 0.7597656 0.6328125 0.1508789
vn -0.2939453 -0.5791016 0.7602539
vn -0.7104492 -0.5834961 0.3935547
vn -0.8442383 -0.2685547 0.463623
vn -0.348877 -0.2666016 0.8984375
vn 0.2597656 -0.5805664 0.7719727
vn -0.3422852 0.326416 0.8808594
vn -0.828125 0.3286133 0.4545898
vn -0.6850586 0.621582 0.3796387
vn -0.2834473 0.6171875 0.7338867
vn 0.3041992 0.3271484 0.8945313
vn 0.2504883 0.6186523 0.7446289
vn 0.3100586 -0.2670898 0.9125977
vn 0.6923828 -0.5849609 0.4223633
vn 0.8076172 0.3293457 0.489502
vn 0.6674805 0.6230469 0.4074707
vn 0.8237305 -0.2692871 0.4992676
vn 0.8105469 -0.5629883 0.1610107
vn 0.9482422 -0.2558594 0.1883545
vn 0.9316406 0.3132324 0.1850586
vn 0.7836914 0.6010742 0.1556396
vn -0.9990234 0.01634216 -0.04074097
vn -0.9990234 0.01634216 -0.04074097
vn -0.9990234 0.01634216 -0.04074097
vn -0.9990234 0.01634216 -0.04074097
vn -0.9990234 0.01634216 -0.04074097
vn -0.9990234 0.01634216 -0.04074097
vn -0.9990234 0.01634216 -0.04074097
vn -0.9990234 0.01634216 -0.04074097
vn 0.06677246 0.9785156 -0.1939697
vn 0.192749 0.972168 -0.1318359
vn 0.2022705 0.9716797 0.1239014
vn -0.01486969 1 -0.009178162
vn 0.07580566 0.9711914 0.2268066
vn -0.00560379 1 -0.01699829
vn -0.08612061 0.9707031 0.2236328
vn 0.006435394 1 -0.01681519
vn -0.2077637 0.9711914 0.1157227
vn 0.01534271 1 -0.008644104
vn 0.6757813 -0.6113281 0.4121094
vn 0.9443359 -0.2702637 0.1876221
vn 0.7924805 -0.5893555 0.1573486
vn 0.8198242 -0.2844238 0.4970703
vn 0.253418 -0.6074219 0.7529297
vn 0.9262695 0.328125 0.184082
vn 0.3085938 -0.2824707 0.9082031
vn -0.2866211 -0.6064453 0.7416992
vn 0.8027344 0.3449707 0.4868164
vn 0.7597656 0.6328125 0.1508789
vn 0.6455078 0.6542969 0.3937988
vn 0.302002 0.3430176 0.8896484
vn 0.2421875 0.6503906 0.7197266
vn -0.347168 -0.2819824 0.8945313
vn -0.6933594 -0.6098633 0.3837891
vn -0.840332 -0.2836914 0.4616699
vn -0.3400879 0.3425293 0.8759766
vn -0.2741699 0.6494141 0.7089844
vn -0.8227539 0.3444824 0.4521484
vn -0.6625977 0.652832 0.3669434
vn 0.6923828 -0.5849609 0.4223633
vn 0.9482422 -0.2558594 0.1883545
vn 0.8105469 -0.5629883 0.1610107
vn 0.8237305 -0.2692871 0.4992676
vn 0.2597656 -0.5805664 0.7719727
vn 0.9316406 0.3132324 0.1850586
vn 0.3100586 -0.2670898 0.9125977
vn -0.2939453 -0.5791016 0.7602539
vn 0.8076172 0.3293457 0.489502
vn 0.7836914 0.6010742 0.1556396
vn 0.6674805 0.6230469 0.4074707
vn 0.3041992 0.3271484 0.8945313
vn 0.2504883 0.6186523 0.7446289
vn -0.348877 -0.2666016 0.8984375
vn -0.7104492 -0.5834961 0.3935547
vn -0.8442383 -0.2685547 0.463623
vn -0.3422852 0.326416 0.8808594
vn -0.2834473 0.6171875 0.7338867
vn -0.828125 0.3286133 0.4545898
vn -0.6850586 0.621582 0.3796387
vn -0.7949219 -0.5859375 -0.1580811
vn -0.8442383 -0.2685547 0.463623
vn -0.7104492 -0.5834961 0.3935547
vn -0.9443359 -0.2697754 -0.1875
vn -0.7070313 -0.5615234 -0.4294434
vn -0.828125 0.3286133 0.4545898
vn -0.8261719 -0.2561035 -0.5019531
vn -0.9257813 0.329834 -0.1838379
vn -0.6850586 0.621582 0.3796387
vn -0.8115234 0.3134766 -0.4929199
vn -0.7661133 0.6240234 -0.1524658
vn -0.684082 0.6000977 -0.4150391
vn -0.7753906 -0.6123047 -0.1542969
vn -0.840332 -0.2836914 0.4616699
vn -0.6933594 -0.6098633 0.3837891
vn -0.9404297 -0.2849121 -0.1866455
vn -0.6914063 -0.5878906 -0.4196777
vn -0.8227539 0.3444824 0.4521484
vn -0.8227539 -0.2702637 -0.5
vn -0.9204102 0.345459 -0.1827393
vn -0.6625977 0.652832 0.3669434
vn -0.8071289 0.3286133 -0.4904785
vn -0.7407227 0.6552734 -0.1473389
vn -0.6630859 0.6313477 -0.4023438
vn 0.3364258 0.361084 -0.8696289
vn 0.3564453 0.1531982 -0.921875
vn 0.3364258 0.361084 -0.8696289
vn 0.3564453 0.1533203 -0.921875
vn 0.3579102 -0.1227417 -0.9257813
vn 0.3579102 -0.1228638 -0.9257813
vn 0.3405762 -0.3310547 -0.8798828
vn 0.3405762 -0.3310547 -0.8798828
vn -0.2077637 0.9711914 0.1157227
vn -0.3481445 0.9179688 0.1890869
vn -0.3867188 0.9189453 -0.07659912
vn -0.2321777 0.9716797 -0.04623413
vn -0.2004395 0.9448242 -0.2600098
vn -0.05325317 0.972168 -0.227417
vn 0.3215332 0.9453125 -0.05819702
vn 0.3583984 -0.1069946 -0.9272461
vn 0.3581543 0.1105957 -0.9272461
vn 0.3581543 0.1105957 -0.9272461
vn 0.3583984 -0.1070557 -0.9272461
vn 0.3269043 -0.4228516 -0.8452148
vn 0.3269043 -0.4228516 -0.8452148
vn -0.002174377 0.9912109 0.1309814
vn -0.09606934 0.9946289 0.04156494
vn -0.08660889 0.9912109 0.09796143
vn 0.04214478 0.9946289 0.09594727
vn 0.09918213 0.9946289 0.0196991
vn 0.09918213 0.9946289 0.01971436
vn 0.08758545 0.9951172 -0.04821777
vn 0.08752441 0.9951172 -0.04827881
vn 0.3374023 -0.3527832 -0.8725586
vn 0.3574219 -0.130249 -0.9248047
vn 0.3374023 -0.3527832 -0.8725586
vn 0.3574219 -0.130127 -0.9248047
vn 0.3557129 0.1610107 -0.9204102
vn 0.3557129 0.1608887 -0.9204102
vn 0.3322754 0.388916 -0.859375
vn 0.3322754 0.388916 -0.859375
vn -0.7045898 -0.6953125 -0.1402588
vn -0.6328125 -0.6928711 0.3457031
vn -0.6303711 -0.6928711 0.3503418
vn -0.7045898 -0.6953125 -0.1397705
vn -0.6328125 -0.6723633 -0.3840332
vn -0.6328125 -0.6723633 -0.3840332
vn -0.6303711 -0.6928711 0.3503418
vn -0.6328125 -0.6928711 0.3457031
vn -0.2634277 -0.6879883 0.6757813
vn -0.2609863 -0.6879883 0.6767578
vn 0.2344971 -0.6894531 0.6855469
vn 0.2301025 -0.6894531 0.6870117
vn 0.6162109 -0.6943359 0.3720703
vn 0.6137695 -0.6943359 0.3754883
vn 0.7246094 -0.6738281 0.1439209
vn 0.7246094 -0.6738281 0.1439209
vn -0.8544922 0.2227783 0.4697266
vn -0.8530273 0.2226563 0.4716797
vn -0.3520508 0.2199707 0.909668
vn -0.3530273 0.2199707 0.9091797
vn 0.3117676 0.2207031 0.9243164
vn 0.3134766 0.2207031 0.9238281
vn 0.8325195 0.2236328 0.5068359
vn 0.8330078 0.2237549 0.5058594
vn 0.9584961 0.2120361 0.1904297
vn 0.9584961 0.2120361 0.1904297
vn -0.8349609 0.2111816 -0.5078125
vn -0.8349609 0.2111816 -0.5078125
vn -0.9555664 0.2243652 -0.1900635
vn -0.9560547 0.2243652 -0.1898193
vn -0.8530273 0.2226563 0.4716797
vn -0.8544922 0.2227783 0.4697266
vn -0.08612061 0.9707031 0.2236328
vn -0.3481445 0.9179688 0.1890869
vn -0.2077637 0.9711914 0.1157227
vn -0.1453857 0.9169922 0.3720703
vn 0.07580566 0.9711914 0.2268066
vn 0.1297607 0.9169922 0.376709
vn 0.2022705 0.9716797 0.1239014
vn 0.338623 0.918457 0.2036133
vn 0.192749 0.972168 -0.1318359
vn 0.3215332 0.9453125 -0.05819702
vn -0.100769 0.9882813 0.1130981
vn -0.1118774 0.9926758 0.0484314
vn -0.1002808 0.9931641 -0.06088257
vn -0.1004028 0.9931641 -0.06072998
vn -0.03683472 0.9931641 -0.1086426
vn -0.03701782 0.9931641 -0.1085815
vn 0.04125977 0.9936523 -0.1063843
vn 0.04135132 0.9936523 -0.1063232
vn 0.1020508 0.9931641 -0.05615234
vn 0.1021729 0.9931641 -0.05593872
vn 0.1040649 -0.9941406 0.02061462
vn 0.09106445 -0.9946289 -0.05032349
vn 0.09143066 -0.9946289 -0.04977417
vn 0.1040649 -0.9941406 0.02069092
vn -0.0009737015 -0.9907227 0.1347656
vn 0.04345703 -0.9941406 0.1003418
vn -0.1004028 -0.9941406 0.04324341
vn -0.09014893 -0.9907227 0.1001587
vn 0.03543091 0.9951172 -0.09143066
vn 0.08752441 0.9951172 -0.04827881
vn 0.08758545 0.9951172 -0.04821777
vn 0.03543091 0.9951172 -0.09143066
vn -0.03161621 0.9951172 -0.09332275
vn -0.03155518 0.9951172 -0.09332275
vn -0.08599854 0.9951172 -0.05224609
vn -0.08599854 0.9951172 -0.05230713
vn -0.08660889 0.9912109 0.09796143
vn -0.09606934 0.9946289 0.04156494
vn -0.03973389 -0.9990234 -0.02424622
vn -0.04476929 -0.9990234 0.0191803
vn -0.0402832 -0.9980469 0.04571533
vn -0.03970337 -0.9990234 -0.02429199
vn -0.01425934 -0.9990234 -0.04251099
vn -0.01421356 -0.9990234 -0.04251099
vn 0.01599121 -0.9990234 -0.04144287
vn 0.01597595 -0.9990234 -0.04144287
vn 0.04022217 -0.9990234 -0.02229309
vn 0.04016113 -0.9990234 -0.02235413
vn -0.05877686 -0.9975586 -0.03561401
vn -0.0657959 -0.9975586 0.02830505
vn -0.0592041 -0.9960938 0.0668335
vn -0.0586853 -0.9975586 -0.03573608
vn -0.02142334 -0.9975586 -0.06298828
vn -0.02127075 -0.9975586 -0.06304932
vn 0.02391052 -0.9980469 -0.06155396
vn 0.02383423 -0.9980469 -0.06155396
vn 0.05963135 -0.9975586 -0.03271484
vn 0.05950928 -0.9975586 -0.03286743
vn 0.06793213 -0.9975586 0.01347351
vn 0.05950928 -0.9975586 -0.03286743
vn 0.05963135 -0.9975586 -0.03271484
vn 0.06793213 -0.9975586 0.0134964
vn -0.001436234 -0.9960938 0.0894165
vn 0.02867126 -0.9975586 0.06567383
vn -0.0657959 -0.9975586 0.02830505
vn -0.0592041 -0.9960938 0.0668335
vn -0.09014893 -0.9946289 -0.05429077
vn -0.1004028 -0.9941406 0.04324341
vn -0.09014893 -0.9907227 0.1001587
vn -0.08984375 -0.9946289 -0.05471802
vn -0.03302002 -0.9946289 -0.09619141
vn -0.03250122 -0.9946289 -0.09631348
vn 0.03668213 -0.9951172 -0.09393311
vn 0.03640747 -0.9951172 -0.09405518
vn 0.09143066 -0.9946289 -0.04977417
vn 0.09106445 -0.9946289 -0.05032349
vn 0.01534271 1 -0.008644104
vn -0.2077637 0.9711914 0.1157227
vn -0.2321777 0.9716797 -0.04623413
vn 0.01704407 1 0.003406525
vn -0.05325317 0.972168 -0.227417
vn 0.0814209 0.9785156 -0.1885986
vn 0.3215332 0.9453125 -0.05819702
vn 0.9804688 0.03381348 0.1948242
vn 0.8540039 0.03588867 0.519043
vn 0.9804688 0.03381348 0.1948242
vn 0.8540039 0.03588867 0.519043
vn 0.3205566 0.03561401 0.9467773
vn 0.3205566 0.03561401 0.9467773
vn -0.3613281 0.03555298 0.9316406
vn -0.3613281 0.03555298 0.9316406
vn -0.8754883 0.03579712 0.4821777
vn -0.8754883 0.03579712 0.4821777
vn -0.001964569 0.9882813 0.1516113
vn -0.1118774 0.9926758 0.0484314
vn -0.100769 0.9882813 0.1130981
vn 0.04898071 0.9926758 0.1116333
vn 0.1157227 0.9931641 0.02294922
vn 0.1157227 0.9931641 0.02297974
vn 0.1021729 0.9931641 -0.05593872
vn 0.1020508 0.9931641 -0.05615234
vn 0.04605103 -0.9990234 0.009162903
vn 0.04016113 -0.9990234 -0.02235413
vn 0.04022217 -0.9990234 -0.02229309
vn 0.04605103 -0.9990234 0.009170532
vn -0.001156807 -0.9980469 0.06115723
vn 0.01948547 -0.9990234 0.04476929
vn -0.04476929 -0.9990234 0.0191803
vn -0.0402832 -0.9980469 0.04571533
vn -0.871582 0.09747314 0.4807129
vn -0.359375 0.09759521 0.9282227
vn -0.871582 0.09747314 0.4807129
vn -0.3596191 0.09759521 0.9282227
vn 0.3186035 0.09753418 0.9428711
vn 0.3188477 0.09753418 0.9428711
vn 0.8500977 0.09741211 0.5170898
vn 0.8500977 0.09741211 0.5170898
vn 0.9765625 0.09143066 0.1942139
vn 0.9765625 0.09143066 0.1942139
vn -0.9799805 0.03594971 -0.1947021
vn -0.8754883 0.03579712 0.4821777
vn -0.8754883 0.03579712 0.4821777
vn -0.9799805 0.03594971 -0.1947021
vn -0.8540039 0.03375244 -0.519043
vn -0.8540039 0.03375244 -0.519043
vn -0.9760742 0.09735107 -0.1939697
vn -0.871582 0.09747314 0.4807129
vn -0.871582 0.09747314 0.4807129
vn -0.9760742 0.09735107 -0.1939697
vn -0.8505859 0.0914917 -0.5180664
vn -0.8505859 0.0914917 -0.5180664
vn 0.9799805 0.0456543 0.1948242
vn 0.8535156 0.04864502 0.519043
vn 0.9799805 0.0456543 0.1948242
vn 0.8535156 0.04864502 0.519043
vn 0.3200684 0.04873657 0.9462891
vn 0.3200684 0.04873657 0.9462891
vn -0.3608398 0.04876709 0.9311523
vn -0.3608398 0.04876709 0.9311523
vn -0.8745117 0.04867554 0.4821777
vn -0.8745117 0.04867554 0.4821777
vn -0.8535156 0.04568481 -0.5195313
vn -0.9794922 0.0486145 -0.1947021
vn -0.8535156 0.04568481 -0.5195313
vn -0.9794922 0.0486145 -0.1947021
vn -0.8745117 0.04867554 0.4821777
vn -0.8745117 0.04867554 0.4821777
vn 0.2149658 0.1796875 -0.9599609
vn 0.2210693 0.6557617 -0.7216797
vn 0.0892334 0.9125977 -0.3986816
vn 0.2181396 0.06585693 -0.9736328
vn 0.2181396 0.065979 -0.9736328
vn 0.21875 -0.05111694 -0.9746094
vn 0.21875 -0.05178833 -0.9746094
vn 0.2175293 -0.1259766 -0.9677734
vn 0.2175293 -0.1259766 -0.9677734
vn -0.06311035 0.9975586 0.0355835
vn 0.0892334 0.9125977 -0.3986816
vn 0.05810547 0.996582 0.06063843
vn 0.0335083 0.9916992 0.1256104
vn -0.04425049 0.9921875 0.1181641
vn -0.09881592 0.9946289 0.03643799
vn 0.1151123 0.9921875 0.04721069
vn 0.2210693 0.6557617 -0.7216797
vn 0.0892334 0.9125977 -0.3986816
vn -0.890625 0.4526367 -0.0413208
vn -0.8007813 0.4724121 0.3679199
vn -0.8925781 0.2526855 0.3735352
vn -0.9697266 0.2390137 -0.04586792
vn -0.909668 -0.1777344 0.3747559
vn -0.9853516 -0.1645508 -0.04672241
vn -0.8291016 -0.4116211 0.3786621
vn -0.9179688 -0.3947754 -0.04293823
vn -0.009597778 -0.9794922 -0.2003174
vn 0.1018066 -0.9750977 -0.1967773
vn 0.1189575 -0.9916992 -0.0501709
vn -0.07635498 -0.9926758 -0.09411621
vn -0.1077271 -0.9926758 0.05633545
vn -0.1119385 -0.9926758 0.04501343
vn 0.7592773 0.4760742 0.4433594
vn 0.8652344 0.4650879 0.1878662
vn 0.9458008 0.2521973 0.2056885
vn 0.8344727 0.2565918 0.4875488
vn 0.9619141 -0.1750488 0.2093506
vn 0.3295898 0.253418 0.909668
vn 0.2949219 0.473877 0.8295898
vn -0.3376465 0.4504395 0.8266602
vn 0.8500977 -0.1800537 0.4946289
vn 0.8945313 -0.4018555 0.194458
vn 0.7871094 -0.411377 0.4592285
vn 0.3330078 -0.1789551 0.9257813
vn 0.3085938 -0.4104004 0.8579102
vn -0.3549805 0.2418213 0.9033203
vn -0.8007813 0.4724121 0.3679199
vn -0.8925781 0.2526855 0.3735352
vn -0.3605957 -0.1707764 0.9169922
vn -0.345459 -0.3901367 0.8535156
vn -0.909668 -0.1777344 0.3747559
vn -0.8291016 -0.4116211 0.3786621
vn -0.09881592 0.9946289 0.03643799
vn -0.1027222 0.9941406 -0.03071594
vn 0.0892334 0.9125977 -0.3986816
vn -0.06311035 0.9975586 0.0355835
vn 0.1018066 -0.9750977 -0.1967773
vn 0.1094971 -0.9921875 0.06182861
vn 0.1189575 -0.9916992 -0.0501709
vn 0.1104736 -0.9921875 0.05993652
vn 0.04788208 -0.9921875 0.1137085
vn 0.04577637 -0.9921875 0.114624
vn -0.04095459 -0.9916992 0.1228638
vn -0.04580688 -0.9916992 0.121521
vn -0.1119385 -0.9926758 0.04501343
vn -0.1077271 -0.9926758 0.05633545
vn -0.3723145 0.03897095 0.9272461
vn -0.6601563 0.02790833 0.7504883
vn -0.6601563 0.02790833 0.7504883
vn -0.376709 0.03884888 0.9257813
vn 0.3430176 0.04055786 0.9384766
vn 0.348877 0.04043579 0.9365234
vn 0.8691406 0.02456665 0.4936523
vn 0.8706055 0.02452087 0.4914551
vn 0.9775391 0.01773071 0.2108154
vn 0.9775391 0.01773071 0.2108154
vn 0.3859863 0.8046875 -0.451416
vn 0.5805664 0.8061523 0.1161499
vn 0 1 3.403425E-05
vn 0.1853027 0.8041992 0.5644531
vn 0.8793945 0.4423828 0.1755371
vn -0.3859863 0.8046875 0.451416
vn 0.2822266 0.4377441 0.8535156
vn 0.737793 0 0.675293
vn 0.737793 0 0.675293
vn 0.8793945 -0.4423828 0.1755371
vn 0.2822266 -0.4377441 0.8535156
vn 0.5805664 -0.8061523 0.1160889
vn -0.5859375 0.4384766 0.6816406
vn -0.5805664 0.8061523 -0.1160889
vn -0.1923828 0 0.9814453
vn -0.8793945 0.4423828 -0.1755371
vn -0.1923828 0 0.9814453
vn -0.9404297 0 0.3398438
vn -0.9404297 0 0.3398438
vn -0.5859375 -0.4384766 0.6816406
vn -0.8793945 -0.4423828 -0.1755371
vn 0.1853027 -0.8041992 0.5644531
vn -0.3859863 -0.8046875 0.451416
vn -0.5805664 -0.8061523 -0.1160889
vn 0 -1 0
vn 0.3859863 -0.8046875 -0.451416
vn 0.3859863 -0.8046875 -0.451416
vn 0.5805664 -0.8061523 0.1160889
vn 0.8793945 -0.4423828 0.1755371
vn 0.5859375 -0.4384766 -0.6816406
vn 0.9404297 0 -0.3398438
vn 0.9404297 0 -0.3398438
vn 0.8793945 0.4423828 0.1755371
vn 0.5859375 0.4384766 -0.6816406
vn 0.5805664 0.8061523 0.1161499
vn 0.3859863 0.8046875 -0.451416
vn -0.1853027 -0.8041992 -0.5644531
vn 0 -1 0
vn -0.2822266 -0.4377441 -0.8535156
vn 0.1923828 0 -0.9814453
vn -0.5805664 -0.8061523 -0.1160889
vn -0.3859863 -0.8046875 0.451416
vn -0.8793945 -0.4423828 -0.1755371
vn 0.1923828 0 -0.9814453
vn -0.737793 0 -0.675293
vn -0.737793 0 -0.675293
vn -0.2822266 0.4377441 -0.8535156
vn -0.8793945 0.4423828 -0.1755371
vn -0.1853027 0.8041992 -0.5644531
vn 0 1 3.403425E-05
vn -0.5805664 0.8061523 -0.1160889
vn -0.3859863 0.8046875 0.451416
vn -0.5556641 0 0.831543
vn -0.9833984 0 0.1806641
vn -0.9833984 0 0.1806641
vn -0.5556641 0 0.831543
vn 0.2030029 0 0.9790039
vn 0.2030029 0 0.9790039
vn 0.8383789 0 0.5449219
vn 0.8383789 0 0.5449219
vn 0.9833984 0 0.180542
vn 0.9833984 0 0.180542
vn -0.8374023 0 0.5463867
vn -0.8374023 0 0.5463867
vn -0.8374023 0 0.5463867
vn -0.8374023 0 0.5463867
vn -0.8374023 0 0.5463867
vn -0.8374023 0 0.5463867
vn -0.8374023 0 0.5463867
vn -0.8374023 0 0.5463867
vn -0.8374023 0 0.5463867
vn -0.8374023 0 0.5463867
vn -0.8374023 0 0.5463867
vn -0.8374023 0 0.5463867
vn -0.8374023 0 0.5463867
vn -0.8374023 0 0.5463867
vn -0.8374023 0 0.5463867
vn -0.8374023 0 0.5463867
vn -0.8374023 0 0.5463867
vn -0.8374023 0 0.5463867
vn -0.9833984 0 0.1806641
vn -0.9760742 0 -0.2182617
vn -0.9760742 0 -0.2182617
vn -0.9833984 0 0.1806641
vn 0.5917969 0 0.8061523
vn 0.5917969 1.966953E-05 0.8061523
vn 0.5917969 1.966953E-05 0.8061523
vn 0.5917969 1.132488E-05 0.8061523
vn 0.5917969 0 0.8061523
vn 0.5917969 1.716614E-05 0.8061523
vn 0.5917969 1.472235E-05 0.8061523
vn 0.5917969 1.472235E-05 0.8061523
vn 0.5917969 0 0.8061523
vn 0.5917969 0 0.8061523
vn 0.5917969 0 0.8061523
vn 0.5917969 0 0.8061523
vn 0.5917969 0 0.8061523
vn 0.5917969 0 0.8061523
vn 0.5917969 0 0.8061523
vn 0.5917969 0 0.8061523
vn 0.5917969 0 0.8061523
vn 0.5917969 0 0.8061523
vn -0.6572266 -0.05697632 0.7514648
vn -0.9448242 -0.05703735 0.3220215
vn -0.9306641 0.1817627 0.3168945
vn -0.6474609 0.1815186 0.7397461
vn -0.1943359 -0.0569458 0.9794922
vn -0.7182617 0.6513672 0.2446289
vn -0.1914063 0.1813965 0.9643555
vn 0.3203125 -0.05697632 0.9458008
vn -0.4995117 0.6513672 0.5712891
vn -0.3322754 0.9365234 0.112915
vn 0.315918 0.1815186 0.9311523
vn 0.75 -0.05703735 0.6586914
vn -0.2313232 0.9365234 0.263916
vn 0 1 0
vn -0.1477051 0.6513672 0.7441406
vn 0.7392578 0.1817627 0.6484375
vn 0.9790039 -0.05706787 0.194458
vn -0.06835938 0.9365234 0.3442383
vn 0.2436523 0.6513672 0.71875
vn 0.9643555 0.1818848 0.1915283
vn 0.9448242 -0.05703735 -0.3220215
vn 0.9306641 0.1817627 -0.3168945
vn 0.1129761 0.9365234 0.3322754
vn 0.5703125 0.6513672 0.5004883
vn 0.7441406 0.6513672 0.1478271
vn 0.7182617 0.6513672 -0.2446289
vn 0.263916 0.9365234 0.2313232
vn 0.3442383 0.9365234 0.06835938
vn 0.3322754 0.9365234 -0.112915
vn 0.6572266 -0.05697632 -0.7514648
vn 0.9448242 -0.05703735 -0.3220215
vn 0.9306641 0.1817627 -0.3168945
vn 0.6474609 0.1815186 -0.7397461
vn 0.1943359 -0.0569458 -0.9794922
vn 0.7182617 0.6513672 -0.2446289
vn 0.1914063 0.1813965 -0.9643555
vn -0.3203125 -0.05697632 -0.9458008
vn 0.4995117 0.6513672 -0.5712891
vn 0.3322754 0.9365234 -0.112915
vn -0.315918 0.1815186 -0.9311523
vn -0.75 -0.05703735 -0.6586914
vn 0.2313232 0.9365234 -0.263916
vn 0 1 0
vn 0.1477051 0.6513672 -0.7441406
vn -0.7392578 0.1817627 -0.6484375
vn -0.9790039 -0.05706787 -0.194458
vn 0.06829834 0.9365234 -0.3442383
vn -0.2436523 0.6513672 -0.71875
vn -0.9643555 0.1818848 -0.1915283
vn -0.9448242 -0.05703735 0.3220215
vn -0.9306641 0.1817627 0.3168945
vn -0.1129761 0.9365234 -0.3322754
vn -0.5703125 0.6513672 -0.5004883
vn -0.7441406 0.6513672 -0.1478271
vn -0.7182617 0.6513672 0.2446289
vn -0.263916 0.9365234 -0.2313232
vn -0.3442383 0.9365234 -0.06835938
vn -0.3322754 0.9365234 0.112915
vn 0.9145508 -0.3994141 -0.06262207
vn 0.9145508 -0.3994141 -0.06262207
vn 0.9589844 -0.2766113 -0.06530762
vn 0.9584961 -0.2775879 -0.06530762
vn 0.9941406 -0.08325195 -0.06787109
vn 0.9941406 -0.08355713 -0.06787109
vn 0.9936523 0.08721924 -0.0680542
vn 0.9936523 0.08752441 -0.0680542
vn 0.9785156 0.1954346 -0.06732178
vn 0.9785156 0.1955566 -0.06732178
vn 0.9746094 0.2144775 -0.06756592
vn 0.9746094 0.2144775 -0.06756592
vn 0.4086914 -0.3676758 -0.8354492
vn 0.4086914 -0.3676758 -0.8354492
vn 0.4238281 -0.2609863 -0.8671875
vn 0.4238281 -0.2624512 -0.8671875
vn 0.4370117 -0.08404541 -0.8955078
vn 0.4370117 -0.08447266 -0.8955078
vn 0.4367676 0.08758545 -0.8955078
vn 0.4367676 0.08795166 -0.8955078
vn 0.4296875 0.1950684 -0.8818359
vn 0.4296875 0.1953125 -0.8818359
vn 0.4274902 0.2130127 -0.878418
vn 0.4274902 0.2130127 -0.878418
vn 0.5390625 0.1950684 0.8193359
vn 0.5361328 0.213623 0.8168945
vn 0.5361328 0.213623 0.8168945
vn 0.5390625 0.1954346 0.8193359
vn 0.5483398 0.08728027 0.831543
vn 0.5483398 0.08789063 0.831543
vn 0.5488281 -0.08355713 0.831543
vn 0.5488281 -0.08422852 0.831543
vn 0.53125 -0.267334 0.8037109
vn 0.5307617 -0.2695313 0.8032227
vn 0.5097656 -0.3813477 0.7709961
vn 0.5097656 -0.3813477 0.7709961
vn -0.4296875 0.1953125 0.8818359
vn -0.4274902 0.2130127 0.878418
vn -0.4274902 0.2130127 0.878418
vn -0.4296875 0.1950684 0.8818359
vn -0.4367676 0.08795166 0.8955078
vn -0.4367676 0.08758545 0.8955078
vn -0.4370117 -0.08447266 0.8955078
vn -0.4370117 -0.08404541 0.8955078
vn -0.4238281 -0.2624512 0.8666992
vn -0.4238281 -0.2609863 0.8671875
vn -0.4086914 -0.3676758 0.8354492
vn -0.4086914 -0.3676758 0.8354492
vn -0.9785156 0.1955566 0.06726074
vn -0.9746094 0.2144775 0.06750488
vn -0.9746094 0.2144775 0.06750488
vn -0.9785156 0.1954346 0.06726074
vn -0.9936523 0.08752441 0.06799316
vn -0.9936523 0.08721924 0.06799316
vn -0.9941406 -0.08355713 0.06787109
vn -0.9941406 -0.08325195 0.06787109
vn -0.9584961 -0.2775879 0.06530762
vn -0.9589844 -0.2766113 0.06536865
vn -0.9145508 -0.3994141 0.06268311
vn -0.9145508 -0.3994141 0.06268311
vn -0.5395508 0.1950684 -0.8193359
vn -0.5361328 0.213623 -0.8164063
vn -0.5361328 0.213623 -0.8164063
vn -0.5390625 0.1954346 -0.8193359
vn -0.5483398 0.08728027 -0.831543
vn -0.5483398 0.08789063 -0.831543
vn -0.5488281 -0.08355713 -0.831543
vn -0.5488281 -0.08422852 -0.831543
vn -0.53125 -0.2670898 -0.8037109
vn -0.5307617 -0.2695313 -0.8032227
vn -0.5097656 -0.3813477 -0.7709961
vn -0.5097656 -0.3813477 -0.7709961
vn 0.3842773 0.8071289 -0.4482422
vn 0.5771484 0.8085938 0.1153564
vn 0 1 0
vn 0.1846924 0.8071289 0.5610352
vn 0.878418 0.4450684 0.1751709
vn -0.3842773 0.8071289 0.4482422
vn 0.2824707 0.440918 0.8520508
vn 0.7387695 0 0.6738281
vn 0.7387695 0 0.6738281
vn 0.878418 -0.4450684 0.1751709
vn 0.2824707 -0.440918 0.8520508
vn 0.5771484 -0.8085938 0.1154175
vn -0.5854492 0.4414063 0.6796875
vn -0.5771484 0.8085938 -0.1154175
vn -0.1925049 0 0.9814453
vn -0.878418 0.4450684 -0.175293
vn -0.1925049 0 0.9814453
vn -0.940918 0 0.3383789
vn -0.940918 0 0.3383789
vn -0.5854492 -0.4414063 0.6796875
vn -0.878418 -0.4450684 -0.175293
vn 0.1846924 -0.8071289 0.5610352
vn -0.3842773 -0.8071289 0.4482422
vn -0.5771484 -0.8085938 -0.1154175
vn 0 -1 0
vn 0.3842773 -0.8071289 -0.4482422
vn 0.3842773 -0.8071289 -0.4482422
vn 0.5771484 -0.8085938 0.1154175
vn 0.878418 -0.4450684 0.1751709
vn 0.5854492 -0.4414063 -0.6796875
vn 0.940918 0 -0.3383789
vn 0.940918 0 -0.3383789
vn 0.878418 0.4450684 0.1751709
vn 0.5854492 0.4414063 -0.6796875
vn 0.5771484 0.8085938 0.1153564
vn 0.3842773 0.8071289 -0.4482422
vn -0.1846924 -0.8071289 -0.5610352
vn 0 -1 0
vn -0.2824707 -0.440918 -0.8520508
vn 0.1925049 0 -0.9814453
vn -0.5771484 -0.8085938 -0.1154175
vn -0.3842773 -0.8071289 0.4482422
vn -0.878418 -0.4450684 -0.175293
vn 0.1925049 0 -0.9814453
vn -0.7387695 0 -0.6738281
vn -0.7387695 0 -0.6738281
vn -0.2824707 0.440918 -0.8520508
vn -0.878418 0.4450684 -0.175293
vn -0.1846924 0.8071289 -0.5610352
vn 0 1 0
vn -0.5771484 0.8085938 -0.1154175
vn -0.3842773 0.8071289 0.4482422
vn 0.05844116 0.9975586 0.03445435
vn 0.04272461 0.9985352 -0.03338623
vn 0.06781006 0.9975586 -0.01429749
vn 0.02445984 0.9990234 0.03762817
vn 0.009017944 0.9975586 0.06866455
vn -0.03686523 0.9990234 0.02536011
vn -0.03442383 0.9975586 0.05996704
vn -0.06707764 0.9975586 0.009407043
vn -0.03686523 0.9990234 0.02536011
vn -0.06707764 0.9975586 0.009407043
vn -0.05725098 0.9975586 -0.03921509
vn -0.02680969 0.9985352 -0.04730225
vn 0.02445984 0.9990234 0.03762817
vn 0.01599121 0.996582 -0.08068848
vn 0.04272461 0.9985352 -0.03338623
vn -0.9804688 0.004257202 0.1962891
vn -0.980957 0.004493713 -0.1949463
vn -0.980957 0.004493713 -0.1949463
vn -0.9804688 0.004257202 0.1955566
vn -0.3752441 0.0004208088 -0.9267578
vn -0.3752441 0.0004208088 -0.9267578
vn -0.3752441 0.0004208088 -0.9267578
vn -0.3752441 0.0004208088 -0.9267578
vn 0.7006836 0.001123428 -0.7133789
vn 0.7006836 0.001123428 -0.7133789
vn 0.7006836 0.001123428 -0.7133789
vn 0.7006836 0.001123428 -0.7133789
vn 0.980957 0.004497528 0.1949463
vn 0.831543 0.003713608 0.5556641
vn 0.980957 0.004497528 0.1949463
vn 0.8310547 0.0037117 0.5561523
vn 0.1934814 -0.001225471 0.980957
vn 0.1964111 -0.001197815 0.9804688
vn -0.5532227 -0.0006818771 0.8330078
vn -0.5561523 -0.0006475449 0.8310547
vn -0.9804688 0.004257202 0.1955566
vn -0.9804688 0.004257202 0.1962891
vn -0.9990234 0.01634216 -0.04074097
vn -0.9990234 0.01634216 -0.04074097
vn -0.9990234 0.01634216 -0.04074097
vn -0.9990234 0.01634216 -0.04074097
vn 0.06677246 0.9785156 -0.1939697
vn 0.192749 0.972168 -0.1318359
vn 0.2022705 0.9716797 0.1239014
vn -0.01486969 1 -0.009178162
vn 0.07580566 0.9711914 0.2268066
vn -0.00560379 1 -0.01699829
vn -0.08612061 0.9707031 0.2236328
vn 0.006435394 1 -0.01681519
vn -0.2077637 0.9711914 0.1157227
vn 0.01534271 1 -0.008644104
vn 0.6757813 -0.6113281 0.4121094
vn 0.9443359 -0.2702637 0.1876221
vn 0.7924805 -0.5893555 0.1573486
vn 0.8198242 -0.2844238 0.4970703
vn 0.253418 -0.6074219 0.7529297
vn 0.9262695 0.328125 0.184082
vn 0.3085938 -0.2824707 0.9082031
vn -0.2866211 -0.6064453 0.7416992
vn 0.8027344 0.3449707 0.4868164
vn 0.7597656 0.6328125 0.1508789
vn 0.6455078 0.6542969 0.3937988
vn 0.302002 0.3430176 0.8896484
vn 0.2421875 0.6503906 0.7197266
vn -0.347168 -0.2819824 0.8945313
vn -0.6933594 -0.6098633 0.3837891
vn -0.840332 -0.2836914 0.4616699
vn -0.3400879 0.3425293 0.8759766
vn -0.2741699 0.6494141 0.7089844
vn -0.8227539 0.3444824 0.4521484
vn -0.6625977 0.652832 0.3669434
vn 0.315918 -0.9287109 0.1931152
vn 0.8837891 -0.4335938 0.1755371
vn 0.3173828 -0.9443359 0.08477783
vn 0.762207 -0.4533691 0.4621582
vn 0.1188354 -0.9277344 0.354248
vn 0.9521484 0.239502 0.189209
vn 0.2868652 -0.451416 0.8447266
vn -0.1347656 -0.9272461 0.3491211
vn 0.8276367 0.2521973 0.5014648
vn 0.7836914 0.6010742 0.1556396
vn 0.6674805 0.6230469 0.4074707
vn 0.3117676 0.2504883 0.9165039
vn 0.2504883 0.6186523 0.7446289
vn -0.322998 -0.4506836 0.8320313
vn -0.324707 -0.9282227 0.1802979
vn -0.78125 -0.4526367 0.4294434
vn -0.3505859 0.25 0.9023438
vn -0.2834473 0.6171875 0.7338867
vn -0.8486328 0.2514648 0.4655762
vn -0.6850586 0.621582 0.3796387
vn -0.3625488 -0.9291992 -0.07214355
vn -0.78125 -0.4526367 0.4294434
vn -0.324707 -0.9282227 0.1802979
vn -0.8740234 -0.4538574 -0.173584
vn -0.2912598 -0.9443359 -0.1512451
vn -0.8486328 0.2514648 0.4655762
vn -0.7700195 -0.4343262 -0.4675293
vn -0.9492188 0.2524414 -0.1883545
vn -0.6850586 0.621582 0.3796387
vn -0.8295898 0.2398682 -0.5039063
vn -0.7661133 0.6240234 -0.1524658
vn -0.684082 0.6000977 -0.4150391
vn -0.7753906 -0.6123047 -0.1542969
vn -0.840332 -0.2836914 0.4616699
vn -0.6933594 -0.6098633 0.3837891
vn -0.9404297 -0.2849121 -0.1866455
vn -0.6914063 -0.5878906 -0.4196777
vn -0.8227539 0.3444824 0.4521484
vn -0.8227539 -0.2702637 -0.5
vn -0.9204102 0.345459 -0.1827393
vn -0.6625977 0.652832 0.3669434
vn -0.8071289 0.3286133 -0.4904785
vn -0.7407227 0.6552734 -0.1473389
vn -0.6630859 0.6313477 -0.4023438
vn 0.3364258 0.361084 -0.8696289
vn 0.3583984 0.1132813 -0.9267578
vn 0.3364258 0.361084 -0.8696289
vn 0.3583984 0.1134644 -0.9267578
vn 0.3522949 -0.21521 -0.9106445
vn 0.3522949 -0.21521 -0.9106445
vn 0.3093262 -0.5161133 -0.7988281
vn 0.3093262 -0.5161133 -0.7988281
vn -0.2077637 0.9711914 0.1157227
vn -0.3481445 0.9179688 0.1890869
vn -0.3867188 0.9189453 -0.07659912
vn -0.2321777 0.9716797 -0.04623413
vn -0.2004395 0.9448242 -0.2600098
vn -0.05325317 0.972168 -0.227417
vn 0.3215332 0.9453125 -0.05819702
vn 0.3583984 -0.1069946 -0.9272461
vn 0.3581543 0.1105957 -0.9272461
vn 0.3581543 0.1105957 -0.9272461
vn 0.3583984 -0.1070557 -0.9272461
vn 0.3269043 -0.4228516 -0.8452148
vn 0.3269043 -0.4228516 -0.8452148
vn -0.002176285 0.9912109 0.1309814
vn -0.09606934 0.9946289 0.04156494
vn -0.08660889 0.9912109 0.09796143
vn 0.04214478 0.9946289 0.09594727
vn 0.09918213 0.9946289 0.0196991
vn 0.09918213 0.9946289 0.01971436
vn 0.08758545 0.9951172 -0.04821777
vn 0.08752441 0.9951172 -0.04827881
vn 0.3374023 -0.3527832 -0.8725586
vn 0.3574219 -0.130249 -0.9248047
vn 0.3374023 -0.3527832 -0.8725586
vn 0.3574219 -0.130127 -0.9248047
vn 0.3557129 0.1610107 -0.9204102
vn 0.3557129 0.1608887 -0.9204102
vn 0.3322754 0.388916 -0.859375
vn 0.3322754 0.388916 -0.859375
vn -0.7045898 -0.6953125 -0.1402588
vn -0.6328125 -0.6928711 0.3457031
vn -0.6303711 -0.6928711 0.3503418
vn -0.7045898 -0.6953125 -0.1397705
vn -0.6328125 -0.6723633 -0.3840332
vn -0.6328125 -0.6723633 -0.3840332
vn -0.6303711 -0.6928711 0.3503418
vn -0.6328125 -0.6928711 0.3457031
vn -0.2634277 -0.6879883 0.6757813
vn -0.2609863 -0.6879883 0.6767578
vn 0.2344971 -0.6894531 0.6855469
vn 0.2301025 -0.6894531 0.6870117
vn 0.6162109 -0.6943359 0.3720703
vn 0.6137695 -0.6943359 0.3754883
vn 0.7246094 -0.6738281 0.1439209
vn 0.7246094 -0.6738281 0.1439209
vn -0.8544922 0.2227783 0.4697266
vn -0.8530273 0.2226563 0.4716797
vn -0.3520508 0.2199707 0.909668
vn -0.3530273 0.2199707 0.9091797
vn 0.3117676 0.2207031 0.9243164
vn 0.3134766 0.2207031 0.9238281
vn 0.8325195 0.2236328 0.5068359
vn 0.8330078 0.2237549 0.5058594
vn 0.9584961 0.2120361 0.1904297
vn 0.9584961 0.2120361 0.1904297
vn -0.8349609 0.2111816 -0.5078125
vn -0.8349609 0.2111816 -0.5078125
vn -0.9555664 0.2243652 -0.1900635
vn -0.9560547 0.2243652 -0.1898193
vn -0.8530273 0.2226563 0.4716797
vn -0.8544922 0.2227783 0.4697266
vn -0.08612061 0.9707031 0.2236328
vn -0.3481445 0.9179688 0.1890869
vn -0.2077637 0.9711914 0.1157227
vn -0.1453857 0.9169922 0.3718262
vn 0.07580566 0.9711914 0.2268066
vn 0.1297607 0.9169922 0.376709
vn 0.2022705 0.9716797 0.1239014
vn 0.338623 0.918457 0.2036133
vn 0.192749 0.972168 -0.1318359
vn 0.3215332 0.9453125 -0.05819702
vn 0.3269043 -0.4228516 -0.8452148
vn 0.3583984 -0.1070557 -0.9272461
vn 0.3269043 -0.4228516 -0.8452148
vn 0.3583984 -0.1069946 -0.9272461
vn 0.3581543 0.1105957 -0.9272461
vn 0.3581543 0.1105957 -0.9272461
vn -0.100769 0.9882813 0.1130981
vn -0.1118774 0.9926758 0.0484314
vn -0.1002808 0.9931641 -0.06088257
vn -0.1004028 0.9931641 -0.06072998
vn -0.03683472 0.9931641 -0.1086426
vn -0.03701782 0.9931641 -0.1085815
vn 0.04125977 0.9936523 -0.1063843
vn 0.04135132 0.9936523 -0.1063232
vn 0.1020508 0.9931641 -0.05615234
vn 0.1021729 0.9931641 -0.05593872
vn 0.1040649 -0.9941406 0.02059937
vn 0.09106445 -0.9946289 -0.05032349
vn 0.09143066 -0.9946289 -0.04977417
vn 0.1040649 -0.9941406 0.02067566
vn -0.0009732246 -0.9907227 0.1347656
vn 0.04345703 -0.9941406 0.1003418
vn -0.1004028 -0.9941406 0.04324341
vn -0.09014893 -0.9907227 0.1001587
vn 0.03543091 0.9951172 -0.09143066
vn 0.08752441 0.9951172 -0.04827881
vn 0.08758545 0.9951172 -0.04821777
vn 0.03543091 0.9951172 -0.09143066
vn -0.03161621 0.9951172 -0.09332275
vn -0.03155518 0.9951172 -0.09332275
vn -0.08599854 0.9951172 -0.05224609
vn -0.08599854 0.9951172 -0.05230713
vn -0.08660889 0.9912109 0.09796143
vn -0.09606934 0.9946289 0.04156494
vn -0.03973389 -0.9990234 -0.02424622
vn -0.04476929 -0.9990234 0.0191803
vn -0.0402832 -0.9980469 0.04571533
vn -0.03970337 -0.9990234 -0.02429199
vn -0.01425934 -0.9990234 -0.04251099
vn -0.01421356 -0.9990234 -0.04251099
vn 0.01599121 -0.9990234 -0.04144287
vn 0.01597595 -0.9990234 -0.04144287
vn 0.04022217 -0.9990234 -0.02229309
vn 0.04016113 -0.9990234 -0.02235413
vn -0.05877686 -0.9975586 -0.03561401
vn 0.3173828 -0.9443359 0.08477783
vn -0.0592041 -0.9960938 0.0668335
vn 0.315918 -0.9287109 0.1931152
vn -0.02142334 -0.9975586 -0.06298828
vn 0.1188354 -0.9277344 0.354248
vn 0.02391052 -0.9980469 -0.06155396
vn -0.1347656 -0.9272461 0.3491211
vn 0.05963135 -0.9975586 -0.03271484
vn -0.324707 -0.9282227 0.1802979
vn 0.06793213 -0.9975586 0.01348114
vn -0.324707 -0.9282227 0.1802979
vn 0.05963135 -0.9975586 -0.03271484
vn -0.3625488 -0.9291992 -0.07214355
vn -0.001436234 -0.9960938 0.0894165
vn -0.2912598 -0.9443359 -0.1512451
vn 0.3173828 -0.9443359 0.08477783
vn -0.0592041 -0.9960938 0.0668335
vn -0.09014893 -0.9946289 -0.05429077
vn -0.1004028 -0.9941406 0.04324341
vn -0.09014893 -0.9907227 0.1001587
vn -0.08984375 -0.9946289 -0.05471802
vn -0.03302002 -0.9946289 -0.09619141
vn -0.03250122 -0.9946289 -0.09631348
vn 0.03668213 -0.9951172 -0.09393311
vn 0.03640747 -0.9951172 -0.09405518
vn 0.09143066 -0.9946289 -0.04977417
vn 0.09106445 -0.9946289 -0.05032349
vn 0.01534271 1 -0.008644104
vn -0.2077637 0.9711914 0.1157227
vn -0.2321777 0.9716797 -0.04623413
vn 0.01704407 1 0.00340271
vn -0.05325317 0.972168 -0.227417
vn 0.0814209 0.9785156 -0.1885986
vn 0.3215332 0.9453125 -0.05819702
vn 0.9804688 0.03381348 0.1948242
vn 0.8540039 0.03588867 0.519043
vn 0.9804688 0.03381348 0.1948242
vn 0.8540039 0.03588867 0.519043
vn 0.3205566 0.03561401 0.9467773
vn 0.3205566 0.03561401 0.9467773
vn -0.3613281 0.03555298 0.9316406
vn -0.3613281 0.03555298 0.9316406
vn -0.8754883 0.03579712 0.4821777
vn -0.8754883 0.03579712 0.4821777
vn -0.001964569 0.9882813 0.1516113
vn -0.1118774 0.9926758 0.0484314
vn -0.100769 0.9882813 0.1130981
vn 0.04898071 0.9926758 0.1116333
vn 0.1157227 0.9931641 0.02294922
vn 0.1157227 0.9931641 0.02297974
vn 0.1021729 0.9931641 -0.05593872
vn 0.1020508 0.9931641 -0.05615234
vn 0.04605103 -0.9990234 0.009162903
vn 0.04016113 -0.9990234 -0.02235413
vn 0.04022217 -0.9990234 -0.02229309
vn 0.04605103 -0.9990234 0.009170532
vn -0.001156807 -0.9980469 0.06115723
vn 0.01948547 -0.9990234 0.04476929
vn -0.04476929 -0.9990234 0.0191803
vn -0.0402832 -0.9980469 0.04571533
vn -0.871582 0.09747314 0.4807129
vn -0.3596191 0.09759521 0.9282227
vn -0.871582 0.09747314 0.4807129
vn -0.3596191 0.09759521 0.9282227
vn 0.3186035 0.09753418 0.9428711
vn 0.3188477 0.09753418 0.9428711
vn 0.8500977 0.09741211 0.5170898
vn 0.8500977 0.09741211 0.5170898
vn 0.9765625 0.09143066 0.1942139
vn 0.9765625 0.09143066 0.1942139
vn -0.9799805 0.03594971 -0.1947021
vn -0.8754883 0.03579712 0.4821777
vn -0.8754883 0.03579712 0.4821777
vn -0.9799805 0.03594971 -0.1947021
vn -0.8540039 0.03375244 -0.519043
vn -0.8540039 0.03375244 -0.519043
vn -0.9760742 0.09735107 -0.1939697
vn -0.871582 0.09747314 0.4807129
vn -0.871582 0.09747314 0.4807129
vn -0.9760742 0.09735107 -0.1939697
vn -0.8505859 0.0914917 -0.5180664
vn -0.8505859 0.0914917 -0.5180664
vn 0.9799805 0.0456543 0.1948242
vn 0.8535156 0.04864502 0.519043
vn 0.9799805 0.0456543 0.1948242
vn 0.8535156 0.04864502 0.519043
vn 0.3200684 0.04873657 0.9462891
vn 0.3200684 0.04873657 0.9462891
vn -0.3608398 0.04876709 0.9311523
vn -0.3608398 0.04876709 0.9311523
vn -0.8745117 0.04867554 0.4821777
vn -0.8745117 0.04867554 0.4821777
vn -0.8535156 0.04568481 -0.5195313
vn -0.9794922 0.0486145 -0.1947021
vn -0.8535156 0.04568481 -0.5195313
vn -0.9794922 0.0486145 -0.1947021
vn -0.8745117 0.04867554 0.4821777
vn -0.8745117 0.04867554 0.4821777
vn 0.2149658 0.1796875 -0.9599609
vn 0.2210693 0.6557617 -0.7216797
vn 0.0892334 0.9125977 -0.3986816
vn 0.2181396 0.0657959 -0.9736328
vn 0.2181396 0.065979 -0.9736328
vn 0.21875 -0.05111694 -0.9746094
vn 0.21875 -0.05175781 -0.9746094
vn 0.2175293 -0.1259766 -0.9677734
vn 0.2175293 -0.1259766 -0.9677734
vn -0.06311035 0.9975586 0.0355835
vn 0.0892334 0.9125977 -0.3986816
vn 0.05810547 0.996582 0.06063843
vn 0.0335083 0.9916992 0.1256104
vn -0.04425049 0.9921875 0.1181641
vn -0.09881592 0.9946289 0.03643799
vn 0.1151123 0.9921875 0.04721069
vn 0.2210693 0.6557617 -0.7216797
vn 0.0892334 0.9125977 -0.3986816
vn -0.890625 0.4526367 -0.0413208
vn -0.8007813 0.4724121 0.3679199
vn -0.8925781 0.2526855 0.3735352
vn -0.9697266 0.2390137 -0.04586792
vn -0.909668 -0.1777344 0.3747559
vn -0.9853516 -0.1645508 -0.04672241
vn -0.8291016 -0.4116211 0.3786621
vn -0.9179688 -0.3947754 -0.04293823
vn -0.009597778 -0.9794922 -0.2003174
vn 0.1018066 -0.9750977 -0.1967773
vn 0.1189575 -0.9916992 -0.0501709
vn -0.07635498 -0.9926758 -0.09411621
vn -0.1077271 -0.9926758 0.05633545
vn -0.1119385 -0.9926758 0.04501343
vn 0.7592773 0.4760742 0.4433594
vn 0.8652344 0.4650879 0.1878662
vn 0.9458008 0.2521973 0.2056885
vn 0.8344727 0.2565918 0.4875488
vn 0.9619141 -0.1750488 0.2093506
vn 0.3295898 0.253418 0.909668
vn 0.2949219 0.473877 0.8295898
vn -0.3376465 0.4504395 0.8266602
vn 0.8500977 -0.1800537 0.4946289
vn 0.8945313 -0.4018555 0.194458
vn 0.7871094 -0.411377 0.4592285
vn 0.3330078 -0.1789551 0.9257813
vn 0.3085938 -0.4104004 0.8579102
vn -0.3549805 0.2418213 0.9033203
vn -0.8007813 0.4724121 0.3679199
vn -0.8925781 0.2526855 0.3735352
vn -0.3605957 -0.1707764 0.9169922
vn -0.345459 -0.3901367 0.8535156
vn -0.909668 -0.1777344 0.3747559
vn -0.8291016 -0.4116211 0.3786621
vn -0.09881592 0.9946289 0.03643799
vn -0.1027222 0.9941406 -0.03071594
vn 0.0892334 0.9125977 -0.3986816
vn -0.06311035 0.9975586 0.0355835
vn 0.1018066 -0.9750977 -0.1967773
vn 0.1094971 -0.9921875 0.06182861
vn 0.1189575 -0.9916992 -0.0501709
vn 0.1104736 -0.9921875 0.05993652
vn 0.04788208 -0.9921875 0.1137085
vn 0.04577637 -0.9921875 0.114624
vn -0.04095459 -0.9916992 0.1228638
vn -0.04580688 -0.9916992 0.121521
vn -0.1119385 -0.9926758 0.04501343
vn -0.1077271 -0.9926758 0.05633545
vn -0.3723145 0.03897095 0.9272461
vn -0.6601563 0.02790833 0.7504883
vn -0.6601563 0.02790833 0.7504883
vn -0.376709 0.03884888 0.9257813
vn 0.3430176 0.04055786 0.9384766
vn 0.348877 0.04043579 0.9365234
vn 0.8691406 0.02456665 0.4936523
vn 0.8706055 0.02452087 0.4914551
vn 0.9775391 0.01773071 0.2108154
vn 0.9775391 0.01773071 0.2108154
vn 0.3859863 0.8046875 -0.451416
vn 0.5805664 0.8061523 0.1161499
vn 0 1 2.604723E-05
vn 0.1853027 0.8041992 0.5644531
vn 0.8793945 0.4423828 0.1755371
vn -0.3859863 0.8046875 0.451416
vn 0.2822266 0.4377441 0.8535156
vn 0.737793 0 0.675293
vn 0.737793 0 0.675293
vn 0.8793945 -0.4423828 0.1755371
vn 0.2822266 -0.4377441 0.8535156
vn 0.5805664 -0.8061523 0.1160889
vn -0.5859375 0.4384766 0.6816406
vn -0.5805664 0.8061523 -0.1160889
vn -0.1923828 0 0.9814453
vn -0.8793945 0.4423828 -0.1755371
vn -0.1923828 0 0.9814453
vn -0.9404297 0 0.3398438
vn -0.9404297 0 0.3398438
vn -0.5859375 -0.4384766 0.6816406
vn -0.8793945 -0.4423828 -0.1755371
vn 0.1853027 -0.8041992 0.5644531
vn -0.3859863 -0.8046875 0.451416
vn -0.5805664 -0.8061523 -0.1160889
vn 0 -1 0
vn 0.3859863 -0.8046875 -0.451416
vn 0.3859863 -0.8046875 -0.451416
vn 0.5805664 -0.8061523 0.1160889
vn 0.8793945 -0.4423828 0.1755371
vn 0.5859375 -0.4384766 -0.6816406
vn 0.9404297 0 -0.3398438
vn 0.9404297 0 -0.3398438
vn 0.8793945 0.4423828 0.1755371
vn 0.5859375 0.4384766 -0.6816406
vn 0.5805664 0.8061523 0.1161499
vn 0.3859863 0.8046875 -0.451416
vn -0.1853027 -0.8041992 -0.5644531
vn 0 -1 0
vn -0.2822266 -0.4377441 -0.8535156
vn 0.1923828 0 -0.9814453
vn -0.5805664 -0.8061523 -0.1160889
vn -0.3859863 -0.8046875 0.451416
vn -0.8793945 -0.4423828 -0.1755371
vn 0.1923828 0 -0.9814453
vn -0.737793 0 -0.675293
vn -0.737793 0 -0.675293
vn -0.2822266 0.4377441 -0.8535156
vn -0.8793945 0.4423828 -0.1755371
vn -0.1853027 0.8041992 -0.5644531
vn 0 1 2.604723E-05
vn -0.5805664 0.8061523 -0.1160889
vn -0.3859863 0.8046875 0.451416
vn -0.5556641 0 0.831543
vn -0.9833984 0 0.1806641
vn -0.9833984 0 0.1806641
vn -0.5556641 0 0.831543
vn 0.2030029 0 0.9790039
vn 0.2030029 0 0.9790039
vn 0.8383789 0 0.5449219
vn 0.8383789 0 0.5449219
vn 0.9833984 0 0.180542
vn 0.9833984 0 0.180542
vn -0.8374023 0 0.5463867
vn -0.8374023 0 0.5463867
vn -0.8374023 1.066923E-05 0.5463867
vn -0.8374023 0 0.5463867
vn -0.8374023 0 0.5463867
vn -0.8374023 0 0.5463867
vn -0.8374023 0 0.5463867
vn -0.8374023 0 0.5463867
vn -0.8374023 0 0.5463867
vn -0.8374023 0 0.5463867
vn -0.8374023 0 0.5463867
vn -0.8374023 2.139807E-05 0.5463867
vn -0.8374023 2.139807E-05 0.5463867
vn -0.8374023 1.072884E-05 0.5463867
vn -0.8374023 0 0.5463867
vn -0.8374023 0 0.5463867
vn -0.8374023 0 0.5463867
vn -0.8374023 0 0.5463867
vn -0.9833984 0 0.1806641
vn -0.9760742 0 -0.2182617
vn -0.9760742 0 -0.2182617
vn -0.9833984 0 0.1806641
vn 0.5917969 0 0.8061523
vn 0.5917969 2.557039E-05 0.8061523
vn 0.5917969 2.557039E-05 0.8061523
vn 0.5917969 1.263618E-05 0.8061523
vn 0.5917969 0 0.8061523
vn 0.5917969 2.032518E-05 0.8061523
vn 0.5917969 1.507998E-05 0.8061523
vn 0.5917969 1.507998E-05 0.8061523
vn 0.5917969 0 0.8061523
vn 0.5917969 0 0.8061523
vn 0.5917969 0 0.8061523
vn 0.5917969 0 0.8061523
vn 0.5917969 0 0.8061523
vn 0.5917969 0 0.8061523
vn 0.5917969 0 0.8061523
vn 0.5917969 0 0.8061523
vn 0.5917969 0 0.8061523
vn 0.5917969 0 0.8061523
vn -0.6572266 -0.05697632 0.7514648
vn -0.9448242 -0.05703735 0.3220215
vn -0.9306641 0.1817627 0.3168945
vn -0.6474609 0.1815186 0.7397461
vn -0.1943359 -0.0569458 0.9794922
vn -0.7182617 0.6513672 0.2446289
vn -0.1914063 0.1813965 0.9643555
vn 0.3203125 -0.05697632 0.9458008
vn -0.4995117 0.6513672 0.5712891
vn -0.3322754 0.9365234 0.112915
vn 0.315918 0.1815186 0.9311523
vn 0.75 -0.05703735 0.6586914
vn -0.2313232 0.9365234 0.263916
vn 0 1 0
vn -0.1477051 0.6513672 0.7441406
vn 0.7392578 0.1817627 0.6484375
vn 0.9790039 -0.05706787 0.194458
vn -0.06835938 0.9365234 0.3442383
vn 0.2436523 0.6513672 0.71875
vn 0.9643555 0.1818848 0.1915283
vn 0.9448242 -0.05703735 -0.3220215
vn 0.9306641 0.1817627 -0.3168945
vn 0.1129761 0.9365234 0.3322754
vn 0.5703125 0.6513672 0.5004883
vn 0.7441406 0.6513672 0.1478271
vn 0.7182617 0.6513672 -0.2446289
vn 0.263916 0.9365234 0.2313232
vn 0.3442383 0.9365234 0.06835938
vn 0.3322754 0.9365234 -0.112915
vn 0.6572266 -0.05697632 -0.7514648
vn 0.9448242 -0.05703735 -0.3220215
vn 0.9306641 0.1817627 -0.3168945
vn 0.6474609 0.1815186 -0.7397461
vn 0.1943359 -0.0569458 -0.9794922
vn 0.7182617 0.6513672 -0.2446289
vn 0.1914063 0.1813965 -0.9643555
vn -0.3203125 -0.05697632 -0.9458008
vn 0.4995117 0.6513672 -0.5712891
vn 0.3322754 0.9365234 -0.112915
vn -0.315918 0.1815186 -0.9311523
vn -0.75 -0.05703735 -0.6586914
vn 0.2313232 0.9365234 -0.263916
vn 0 1 0
vn 0.1477051 0.6513672 -0.7441406
vn -0.7392578 0.1817627 -0.6484375
vn -0.9790039 -0.05706787 -0.194458
vn 0.06835938 0.9365234 -0.3442383
vn -0.2436523 0.6513672 -0.71875
vn -0.9643555 0.1818848 -0.1915283
vn -0.9448242 -0.05703735 0.3220215
vn -0.9306641 0.1817627 0.3168945
vn -0.1129761 0.9365234 -0.3322754
vn -0.5703125 0.6513672 -0.5004883
vn -0.7441406 0.6513672 -0.1478271
vn -0.7182617 0.6513672 0.2446289
vn -0.263916 0.9365234 -0.2313232
vn -0.3442383 0.9365234 -0.06835938
vn -0.3322754 0.9365234 0.112915
vn 0.9145508 -0.3994141 -0.06262207
vn 0.9145508 -0.3994141 -0.06262207
vn 0.9589844 -0.2766113 -0.06530762
vn 0.9584961 -0.2775879 -0.06530762
vn 0.9941406 -0.08325195 -0.06787109
vn 0.9941406 -0.08355713 -0.06787109
vn 0.9936523 0.08721924 -0.0680542
vn 0.9936523 0.08752441 -0.0680542
vn 0.9785156 0.1954346 -0.06732178
vn 0.9785156 0.1955566 -0.06732178
vn 0.9746094 0.2144775 -0.06756592
vn 0.9746094 0.2144775 -0.06756592
vn 0.4086914 -0.3676758 -0.8354492
vn 0.4086914 -0.3676758 -0.8354492
vn 0.4238281 -0.2609863 -0.8671875
vn 0.4238281 -0.2624512 -0.8671875
vn 0.4370117 -0.08404541 -0.8955078
vn 0.4370117 -0.08447266 -0.8955078
vn 0.4367676 0.08758545 -0.8955078
vn 0.4367676 0.08795166 -0.8955078
vn 0.4296875 0.1950684 -0.8818359
vn 0.4296875 0.1953125 -0.8818359
vn 0.4274902 0.2130127 -0.878418
vn 0.4274902 0.2130127 -0.878418
vn 0.5390625 0.1950684 0.8193359
vn 0.5361328 0.213623 0.8168945
vn 0.5361328 0.213623 0.8168945
vn 0.5390625 0.1954346 0.8193359
vn 0.5483398 0.08728027 0.831543
vn 0.5483398 0.08789063 0.831543
vn 0.5488281 -0.08355713 0.831543
vn 0.5488281 -0.08422852 0.831543
vn 0.53125 -0.267334 0.8037109
vn 0.5307617 -0.2695313 0.8032227
vn 0.5097656 -0.3813477 0.7709961
vn 0.5097656 -0.3813477 0.7709961
vn -0.4296875 0.1953125 0.8818359
vn -0.4274902 0.2130127 0.878418
vn -0.4274902 0.2130127 0.878418
vn -0.4296875 0.1950684 0.8818359
vn -0.4367676 0.08795166 0.8955078
vn -0.4367676 0.08758545 0.8955078
vn -0.4370117 -0.08447266 0.8955078
vn -0.4370117 -0.08404541 0.8955078
vn -0.4238281 -0.2624512 0.8666992
vn -0.4238281 -0.2609863 0.8671875
vn -0.4086914 -0.3676758 0.8354492
vn -0.4086914 -0.3676758 0.8354492
vn -0.9785156 0.1955566 0.06726074
vn -0.9746094 0.2144775 0.06750488
vn -0.9746094 0.2144775 0.06750488
vn -0.9785156 0.1954346 0.06726074
vn -0.9936523 0.08752441 0.06799316
vn -0.9936523 0.08721924 0.06799316
vn -0.9941406 -0.08355713 0.06787109
vn -0.9941406 -0.08325195 0.06787109
vn -0.9584961 -0.2775879 0.06530762
vn -0.9584961 -0.2766113 0.06536865
vn -0.9145508 -0.3994141 0.06268311
vn -0.9145508 -0.3994141 0.06268311
vn -0.5395508 0.1950684 -0.8193359
vn -0.5361328 0.213623 -0.8164063
vn -0.5361328 0.213623 -0.8164063
vn -0.5390625 0.1954346 -0.8193359
vn -0.5483398 0.08728027 -0.831543
vn -0.5483398 0.08789063 -0.831543
vn -0.5488281 -0.08355713 -0.831543
vn -0.5488281 -0.08422852 -0.831543
vn -0.53125 -0.267334 -0.8037109
vn -0.5307617 -0.2695313 -0.8032227
vn -0.5097656 -0.3813477 -0.7709961
vn -0.5097656 -0.3813477 -0.7709961
vn 0.3842773 0.8071289 -0.4482422
vn 0.5771484 0.8085938 0.1153564
vn 0 1 0
vn 0.1846924 0.8071289 0.5610352
vn 0.878418 0.4450684 0.1751709
vn -0.3842773 0.8071289 0.4482422
vn 0.2824707 0.440918 0.8520508
vn 0.7387695 0 0.6738281
vn 0.7387695 0 0.6738281
vn 0.878418 -0.4450684 0.1751709
vn 0.2824707 -0.440918 0.8520508
vn 0.5771484 -0.8085938 0.1153564
vn -0.5854492 0.4414063 0.6796875
vn -0.5771484 0.8085938 -0.1154175
vn -0.192627 0 0.9814453
vn -0.878418 0.4450684 -0.175293
vn -0.192627 0 0.9814453
vn -0.940918 0 0.3383789
vn -0.940918 0 0.3383789
vn -0.5854492 -0.4414063 0.6796875
vn -0.878418 -0.4450684 -0.175293
vn 0.1846924 -0.8071289 0.5610352
vn -0.3842773 -0.8071289 0.4482422
vn -0.5771484 -0.8085938 -0.1154175
vn 0 -1 0
vn 0.3842773 -0.8071289 -0.4482422
vn 0.3842773 -0.8071289 -0.4482422
vn 0.5771484 -0.8085938 0.1153564
vn 0.878418 -0.4450684 0.1751709
vn 0.5854492 -0.4414063 -0.6796875
vn 0.940918 0 -0.3383789
vn 0.940918 0 -0.3383789
vn 0.878418 0.4450684 0.1751709
vn 0.5854492 0.4414063 -0.6796875
vn 0.5771484 0.8085938 0.1153564
vn 0.3842773 0.8071289 -0.4482422
vn -0.1846924 -0.8071289 -0.5610352
vn 0 -1 0
vn -0.2824707 -0.440918 -0.8520508
vn 0.1925049 0 -0.9814453
vn -0.5771484 -0.8085938 -0.1154175
vn -0.3842773 -0.8071289 0.4482422
vn -0.878418 -0.4450684 -0.175293
vn 0.1925049 0 -0.9814453
vn -0.7387695 0 -0.6738281
vn -0.7387695 0 -0.6738281
vn -0.2824707 0.440918 -0.8520508
vn -0.878418 0.4450684 -0.175293
vn -0.1846924 0.8071289 -0.5610352
vn 0 1 0
vn -0.5771484 0.8085938 -0.1154175
vn -0.3842773 0.8071289 0.4482422
vn 0.05844116 0.9975586 0.03445435
vn 0.04272461 0.9985352 -0.03338623
vn 0.06781006 0.9975586 -0.01428986
vn 0.02445984 0.9990234 0.03762817
vn 0.009017944 0.9975586 0.06866455
vn -0.03686523 0.9990234 0.02536011
vn -0.03442383 0.9975586 0.05996704
vn -0.06707764 0.9975586 0.009399414
vn -0.03686523 0.9990234 0.02536011
vn -0.06707764 0.9975586 0.009399414
vn -0.05725098 0.9975586 -0.03921509
vn -0.02680969 0.9985352 -0.04730225
vn 0.02445984 0.9990234 0.03762817
vn 0.01599121 0.996582 -0.08068848
vn 0.04272461 0.9985352 -0.03338623
vn -0.9804688 0.004257202 0.1962891
vn -0.980957 0.004493713 -0.1949463
vn -0.980957 0.004493713 -0.1949463
vn -0.9804688 0.004257202 0.1955566
vn -0.3752441 0.0004227161 -0.9267578
vn -0.3752441 0.0004227161 -0.9267578
vn -0.3752441 0.0004227161 -0.9267578
vn -0.3752441 0.0004227161 -0.9267578
vn 0.7006836 0.001122475 -0.7133789
vn 0.7006836 0.001122475 -0.7133789
vn 0.7006836 0.001122475 -0.7133789
vn 0.7006836 0.001122475 -0.7133789
vn 0.980957 0.004497528 0.1949463
vn 0.831543 0.0037117 0.5556641
vn 0.980957 0.004497528 0.1949463
vn 0.8310547 0.003709793 0.5561523
vn 0.1934814 -0.001228333 0.980957
vn 0.1964111 -0.001200676 0.9804688
vn -0.5532227 -0.000682354 0.8330078
vn -0.5561523 -0.0006480217 0.8310547
vn -0.9804688 0.004257202 0.1955566
vn -0.9804688 0.004257202 0.1962891
vn -0.9990234 0.01634216 -0.04074097
vn -0.9990234 0.01634216 -0.04074097
vn -0.9990234 0.01634216 -0.04074097
vn -0.9990234 0.01634216 -0.04074097
vn 0.06677246 0.9785156 -0.1939697
vn 0.192749 0.972168 -0.1318359
vn 0.2022705 0.9716797 0.1239014
vn -0.01486969 1 -0.009178162
vn 0.07580566 0.9711914 0.2268066
vn -0.00560379 1 -0.01699829
vn -0.08612061 0.9707031 0.2236328
vn 0.006435394 1 -0.01681519
vn -0.2077637 0.9711914 0.1157227
vn 0.01534271 1 -0.008644104
vn 0.6757813 -0.6113281 0.4121094
vn 0.9443359 -0.2702637 0.1876221
vn 0.7924805 -0.5893555 0.1573486
vn 0.8198242 -0.2844238 0.4970703
vn 0.253418 -0.6074219 0.7529297
vn 0.9262695 0.328125 0.184082
vn 0.3085938 -0.2824707 0.9082031
vn -0.2866211 -0.6064453 0.7416992
vn 0.8027344 0.3449707 0.4868164
vn 0.7597656 0.6328125 0.1508789
vn 0.6455078 0.6542969 0.3937988
vn 0.302002 0.3430176 0.8896484
vn 0.2421875 0.6503906 0.7197266
vn -0.347168 -0.2819824 0.8945313
vn -0.6933594 -0.6098633 0.3837891
vn -0.840332 -0.2836914 0.4616699
vn -0.3400879 0.3425293 0.8759766
vn -0.2741699 0.6494141 0.7089844
vn -0.8227539 0.3444824 0.4521484
vn -0.6625977 0.652832 0.3669434
vn 0.6923828 -0.5849609 0.4223633
vn 0.9482422 -0.2558594 0.1883545
vn 0.8105469 -0.5629883 0.1610107
vn 0.8237305 -0.2692871 0.4992676
vn 0.2597656 -0.5805664 0.7719727
vn 0.9316406 0.3132324 0.1850586
vn 0.3100586 -0.2670898 0.9125977
vn -0.2939453 -0.5791016 0.7602539
vn 0.8076172 0.3293457 0.489502
vn 0.7836914 0.6010742 0.1556396
vn 0.6674805 0.6230469 0.4074707
vn 0.3041992 0.3271484 0.8945313
vn 0.2504883 0.6186523 0.7446289
vn -0.348877 -0.2666016 0.8984375
vn -0.7104492 -0.5834961 0.3935547
vn -0.8442383 -0.2685547 0.463623
vn -0.3422852 0.326416 0.8808594
vn -0.2834473 0.6171875 0.7338867
vn -0.828125 0.3286133 0.4545898
vn -0.6850586 0.621582 0.3796387
vn -0.7949219 -0.5859375 -0.1580811
vn -0.8442383 -0.2685547 0.463623
vn -0.7104492 -0.5834961 0.3935547
vn -0.9443359 -0.2697754 -0.1875
vn -0.7070313 -0.5615234 -0.4294434
vn -0.828125 0.3286133 0.4545898
vn -0.8261719 -0.2561035 -0.5019531
vn -0.9257813 0.329834 -0.1838379
vn -0.6850586 0.621582 0.3796387
vn -0.8115234 0.3134766 -0.4929199
vn -0.7661133 0.6240234 -0.1524658
vn -0.684082 0.6000977 -0.4150391
vn -0.7753906 -0.6123047 -0.1542969
vn -0.840332 -0.2836914 0.4616699
vn -0.6933594 -0.6098633 0.3837891
vn -0.9404297 -0.2849121 -0.1866455
vn -0.6914063 -0.5878906 -0.4196777
vn -0.8227539 0.3444824 0.4521484
vn -0.8227539 -0.2702637 -0.5
vn -0.9204102 0.345459 -0.1827393
vn -0.6625977 0.652832 0.3669434
vn -0.8071289 0.3286133 -0.4904785
vn -0.7407227 0.6552734 -0.1473389
vn -0.6630859 0.6313477 -0.4023438
vn 0.3364258 0.361084 -0.8696289
vn 0.3564453 0.1531982 -0.921875
vn 0.3364258 0.361084 -0.8696289
vn 0.3564453 0.1533203 -0.921875
vn 0.3579102 -0.1227417 -0.9257813
vn 0.3579102 -0.1228638 -0.9257813
vn 0.3405762 -0.3310547 -0.8798828
vn 0.3405762 -0.3310547 -0.8798828
vn -0.2077637 0.9711914 0.1157227
vn -0.3481445 0.9179688 0.1890869
vn -0.3867188 0.9189453 -0.07659912
vn -0.2321777 0.9716797 -0.04623413
vn -0.2004395 0.9448242 -0.2600098
vn -0.05325317 0.972168 -0.227417
vn 0.3215332 0.9453125 -0.05819702
vn -0.002174377 0.9912109 0.1309814
vn -0.09606934 0.9946289 0.04156494
vn -0.08660889 0.9912109 0.09796143
vn 0.04214478 0.9946289 0.09594727
vn 0.09918213 0.9946289 0.01971436
vn 0.09918213 0.9946289 0.01971436
vn 0.08758545 0.9951172 -0.04818726
vn 0.08752441 0.9951172 -0.04827881
vn 0.3374023 -0.3527832 -0.8725586
vn 0.3574219 -0.130249 -0.9248047
vn 0.3374023 -0.3527832 -0.8725586
vn 0.3574219 -0.130127 -0.9248047
vn 0.3557129 0.1610107 -0.9204102
vn 0.3557129 0.1608887 -0.9204102
vn 0.3322754 0.388916 -0.859375
vn 0.3322754 0.388916 -0.859375
vn -0.7045898 -0.6953125 -0.1402588
vn -0.6328125 -0.6928711 0.3457031
vn -0.6303711 -0.6928711 0.3503418
vn -0.7045898 -0.6953125 -0.1397705
vn -0.6328125 -0.6723633 -0.3840332
vn -0.6328125 -0.6723633 -0.3840332
vn -0.6303711 -0.6928711 0.3503418
vn -0.6328125 -0.6928711 0.3457031
vn -0.2634277 -0.6879883 0.6757813
vn -0.2609863 -0.6879883 0.6767578
vn 0.2344971 -0.6894531 0.6855469
vn 0.2301025 -0.6894531 0.6870117
vn 0.6162109 -0.6943359 0.3720703
vn 0.6137695 -0.6943359 0.3754883
vn 0.7246094 -0.6738281 0.1439209
vn 0.7246094 -0.6738281 0.1439209
vn -0.8544922 0.2227783 0.4697266
vn -0.8530273 0.2226563 0.4716797
vn -0.3520508 0.2199707 0.909668
vn -0.3530273 0.2199707 0.9091797
vn 0.3117676 0.2207031 0.9243164
vn 0.3134766 0.2207031 0.9238281
vn 0.8325195 0.2236328 0.5068359
vn 0.8330078 0.2237549 0.5058594
vn 0.9584961 0.2120361 0.1904297
vn 0.9584961 0.2120361 0.1904297
vn -0.8349609 0.2111816 -0.5078125
vn -0.8349609 0.2111816 -0.5078125
vn -0.9555664 0.2243652 -0.1900635
vn -0.9560547 0.2243652 -0.1898193
vn -0.8530273 0.2226563 0.4716797
vn -0.8544922 0.2227783 0.4697266
vn -0.08612061 0.9707031 0.2236328
vn -0.3481445 0.9179688 0.1890869
vn -0.2077637 0.9711914 0.1157227
vn -0.1453857 0.9169922 0.3720703
vn 0.07580566 0.9711914 0.2268066
vn 0.1297607 0.9169922 0.376709
vn 0.2022705 0.9716797 0.1239014
vn 0.338623 0.918457 0.2036133
vn 0.192749 0.972168 -0.1318359
vn 0.3215332 0.9453125 -0.05819702
vn -0.100769 0.9882813 0.1130981
vn -0.1118774 0.9926758 0.0484314
vn -0.1002808 0.9931641 -0.06088257
vn -0.1004028 0.9931641 -0.06072998
vn -0.03683472 0.9931641 -0.1086426
vn -0.03701782 0.9931641 -0.1085815
vn 0.04125977 0.9936523 -0.1063843
vn 0.04135132 0.9936523 -0.1063232
vn 0.1020508 0.9931641 -0.05615234
vn 0.1021729 0.9931641 -0.05593872
vn 0.1040649 -0.9941406 0.02061462
vn 0.09106445 -0.9946289 -0.05032349
vn 0.09143066 -0.9946289 -0.04977417
vn 0.1040649 -0.9941406 0.02069092
vn -0.0009737015 -0.9907227 0.1347656
vn 0.04345703 -0.9941406 0.1003418
vn -0.1004028 -0.9941406 0.04324341
vn -0.09014893 -0.9907227 0.1001587
vn 0.03543091 0.9951172 -0.09143066
vn 0.08752441 0.9951172 -0.04827881
vn 0.08758545 0.9951172 -0.04818726
vn 0.03543091 0.9951172 -0.09143066
vn -0.03161621 0.9951172 -0.09332275
vn -0.03155518 0.9951172 -0.09332275
vn -0.08599854 0.9951172 -0.05224609
vn -0.08599854 0.9951172 -0.05230713
vn -0.08660889 0.9912109 0.09796143
vn -0.09606934 0.9946289 0.04156494
vn -0.03973389 -0.9990234 -0.02424622
vn -0.04476929 -0.9990234 0.0191803
vn -0.0402832 -0.9980469 0.04571533
vn -0.03970337 -0.9990234 -0.02430725
vn -0.01425934 -0.9990234 -0.04251099
vn -0.01421356 -0.9990234 -0.04251099
vn 0.01599121 -0.9990234 -0.04144287
vn 0.01597595 -0.9990234 -0.04144287
vn 0.04022217 -0.9990234 -0.02229309
vn 0.04016113 -0.9990234 -0.02235413
vn -0.05877686 -0.9975586 -0.03561401
vn -0.0657959 -0.9975586 0.02830505
vn -0.0592041 -0.9960938 0.0668335
vn -0.0586853 -0.9975586 -0.03573608
vn -0.02142334 -0.9975586 -0.06298828
vn -0.02127075 -0.9975586 -0.06304932
vn 0.02391052 -0.9980469 -0.06155396
vn 0.02383423 -0.9980469 -0.06155396
vn 0.05963135 -0.9975586 -0.03271484
vn 0.05950928 -0.9975586 -0.03286743
vn 0.06793213 -0.9975586 0.01347351
vn 0.05950928 -0.9975586 -0.03286743
vn 0.05963135 -0.9975586 -0.03271484
vn 0.06793213 -0.9975586 0.0134964
vn -0.001436234 -0.9960938 0.0894165
vn 0.02867126 -0.9975586 0.06567383
vn -0.0657959 -0.9975586 0.02830505
vn -0.0592041 -0.9960938 0.0668335
vn -0.09014893 -0.9946289 -0.05429077
vn -0.1004028 -0.9941406 0.04324341
vn -0.09014893 -0.9907227 0.1001587
vn -0.08984375 -0.9946289 -0.05471802
vn -0.03302002 -0.9946289 -0.09619141
vn -0.03250122 -0.9946289 -0.09631348
vn 0.03668213 -0.9951172 -0.09393311
vn 0.03640747 -0.9951172 -0.09405518
vn 0.09143066 -0.9946289 -0.04977417
vn 0.09106445 -0.9946289 -0.05032349
vn 0.01534271 1 -0.008644104
vn -0.2077637 0.9711914 0.1157227
vn -0.2321777 0.9716797 -0.04623413
vn 0.01704407 1 0.003406525
vn -0.05325317 0.972168 -0.227417
vn 0.0814209 0.9785156 -0.1885986
vn 0.3215332 0.9453125 -0.05819702
vn 0.9804688 0.03381348 0.1948242
vn 0.8540039 0.03588867 0.519043
vn 0.9804688 0.03381348 0.1948242
vn 0.8540039 0.03588867 0.519043
vn 0.3205566 0.03561401 0.9467773
vn 0.3205566 0.03561401 0.9467773
vn -0.3613281 0.03555298 0.9316406
vn -0.3613281 0.03555298 0.9316406
vn -0.8754883 0.03579712 0.4821777
vn -0.8754883 0.03579712 0.4821777
vn -0.001964569 0.9882813 0.1516113
vn -0.1118774 0.9926758 0.0484314
vn -0.100769 0.9882813 0.1130981
vn 0.04898071 0.9926758 0.1116333
vn 0.1157227 0.9931641 0.02294922
vn 0.1157227 0.9931641 0.02297974
vn 0.1021729 0.9931641 -0.05593872
vn 0.1020508 0.9931641 -0.05615234
vn 0.04605103 -0.9990234 0.009170532
vn 0.04016113 -0.9990234 -0.02235413
vn 0.04022217 -0.9990234 -0.02229309
vn 0.04605103 -0.9990234 0.009178162
vn -0.001156807 -0.9980469 0.06115723
vn 0.01948547 -0.9990234 0.04476929
vn -0.04476929 -0.9990234 0.0191803
vn -0.0402832 -0.9980469 0.04571533
vn -0.871582 0.09747314 0.4807129
vn -0.359375 0.09759521 0.9282227
vn -0.871582 0.09747314 0.4807129
vn -0.3596191 0.09759521 0.9282227
vn 0.3186035 0.09753418 0.9428711
vn 0.3188477 0.09753418 0.9428711
vn 0.8500977 0.09741211 0.5170898
vn 0.8500977 0.09741211 0.5170898
vn 0.9765625 0.09143066 0.1942139
vn 0.9765625 0.09143066 0.1942139
vn -0.9799805 0.03594971 -0.1947021
vn -0.8754883 0.03579712 0.4821777
vn -0.8754883 0.03579712 0.4821777
vn -0.9799805 0.03594971 -0.1947021
vn -0.8540039 0.03375244 -0.519043
vn -0.8540039 0.03375244 -0.519043
vn -0.9760742 0.09735107 -0.1939697
vn -0.871582 0.09747314 0.4807129
vn -0.871582 0.09747314 0.4807129
vn -0.9760742 0.09735107 -0.1939697
vn -0.8505859 0.0914917 -0.5180664
vn -0.8505859 0.0914917 -0.5180664
vn 0.9799805 0.0456543 0.1948242
vn 0.8535156 0.04864502 0.519043
vn 0.9799805 0.0456543 0.1948242
vn 0.8535156 0.04864502 0.519043
vn 0.3200684 0.04873657 0.9462891
vn 0.3200684 0.04873657 0.9462891
vn -0.3608398 0.04876709 0.9311523
vn -0.3608398 0.04876709 0.9311523
vn -0.8745117 0.04867554 0.4821777
vn -0.8745117 0.04867554 0.4821777
vn -0.8535156 0.04568481 -0.5195313
vn -0.9794922 0.0486145 -0.1947021
vn -0.8535156 0.04568481 -0.5195313
vn -0.9794922 0.0486145 -0.1947021
vn -0.8745117 0.04867554 0.4821777
vn -0.8745117 0.04867554 0.4821777
vn 0.2149658 0.1796875 -0.9599609
vn 0.2210693 0.6557617 -0.7216797
vn 0.0892334 0.9125977 -0.3986816
vn 0.2181396 0.06585693 -0.9736328
vn 0.2181396 0.065979 -0.9736328
vn 0.21875 -0.05111694 -0.9746094
vn 0.21875 -0.05178833 -0.9746094
vn 0.2175293 -0.1259766 -0.9677734
vn 0.2175293 -0.1259766 -0.9677734
vn -0.06311035 0.9975586 0.0355835
vn 0.0892334 0.9125977 -0.3986816
vn 0.05810547 0.996582 0.06063843
vn 0.0335083 0.9916992 0.1256104
vn -0.04425049 0.9921875 0.1181641
vn -0.09881592 0.9946289 0.03643799
vn 0.1151123 0.9921875 0.04721069
vn 0.2210693 0.6557617 -0.7216797
vn 0.0892334 0.9125977 -0.3986816
vn -0.890625 0.4526367 -0.0413208
vn -0.8007813 0.4724121 0.3679199
vn -0.8925781 0.2526855 0.3735352
vn -0.9697266 0.2390137 -0.04586792
vn -0.909668 -0.1777344 0.3747559
vn -0.9853516 -0.1645508 -0.04672241
vn -0.8291016 -0.4116211 0.3786621
vn -0.9179688 -0.3947754 -0.04293823
vn -0.009597778 -0.9794922 -0.2003174
vn 0.1018066 -0.9750977 -0.1967773
vn 0.1189575 -0.9916992 -0.0501709
vn -0.07635498 -0.9926758 -0.09411621
vn -0.1077271 -0.9926758 0.05633545
vn -0.1119385 -0.9926758 0.04501343
vn 0.7592773 0.4760742 0.4433594
vn 0.8652344 0.4650879 0.1878662
vn 0.9458008 0.2521973 0.2056885
vn 0.8344727 0.2565918 0.4875488
vn 0.9619141 -0.1750488 0.2093506
vn 0.3295898 0.253418 0.909668
vn 0.2949219 0.473877 0.8295898
vn -0.3376465 0.4504395 0.8266602
vn 0.8500977 -0.1800537 0.4946289
vn 0.8945313 -0.4020996 0.194458
vn 0.7871094 -0.411377 0.4592285
vn 0.3330078 -0.1789551 0.9257813
vn 0.3085938 -0.4104004 0.8579102
vn -0.3549805 0.2418213 0.9033203
vn -0.8007813 0.4724121 0.3679199
vn -0.8925781 0.2526855 0.3735352
vn -0.3605957 -0.1707764 0.9169922
vn -0.345459 -0.3901367 0.8535156
vn -0.909668 -0.1777344 0.3747559
vn -0.8291016 -0.4116211 0.3786621
vn -0.09881592 0.9946289 0.03643799
vn -0.1027222 0.9941406 -0.03071594
vn 0.0892334 0.9125977 -0.3986816
vn -0.06311035 0.9975586 0.0355835
vn 0.1018066 -0.9750977 -0.1967773
vn 0.1094971 -0.9921875 0.06182861
vn 0.1189575 -0.9916992 -0.0501709
vn 0.1104736 -0.9921875 0.05993652
vn 0.04788208 -0.9921875 0.1137085
vn 0.04577637 -0.9921875 0.114624
vn -0.04095459 -0.9916992 0.1228638
vn -0.04580688 -0.9916992 0.121521
vn -0.1119385 -0.9926758 0.04501343
vn -0.1077271 -0.9926758 0.05633545
vn -0.3723145 0.03897095 0.9272461
vn -0.6601563 0.02790833 0.7504883
vn -0.6601563 0.02790833 0.7504883
vn -0.376709 0.03884888 0.9257813
vn 0.3430176 0.04055786 0.9384766
vn 0.348877 0.04043579 0.9365234
vn 0.8691406 0.02456665 0.4936523
vn 0.8706055 0.02452087 0.4914551
vn 0.9775391 0.01773071 0.2108154
vn 0.9775391 0.01773071 0.2108154
vn 0.3859863 0.8046875 -0.451416
vn 0.5805664 0.8061523 0.1161499
vn 0 1 2.974272E-05
vn 0.1853027 0.8041992 0.5644531
vn 0.8793945 0.4423828 0.1755371
vn -0.3859863 0.8046875 0.451416
vn 0.2822266 0.4377441 0.8535156
vn 0.737793 0 0.675293
vn 0.737793 0 0.675293
vn 0.8793945 -0.4423828 0.1755371
vn 0.2822266 -0.4377441 0.8535156
vn 0.5805664 -0.8061523 0.1160889
vn -0.5859375 0.4384766 0.6816406
vn -0.5805664 0.8061523 -0.1160889
vn -0.1923828 0 0.9814453
vn -0.8793945 0.4423828 -0.1755371
vn -0.1923828 0 0.9814453
vn -0.9404297 0 0.3398438
vn -0.9404297 0 0.3398438
vn -0.5859375 -0.4384766 0.6816406
vn -0.8793945 -0.4423828 -0.1755371
vn 0.1853027 -0.8041992 0.5644531
vn -0.3859863 -0.8046875 0.451416
vn -0.5805664 -0.8061523 -0.1160889
vn 0 -1 0
vn 0.3859863 -0.8046875 -0.451416
vn 0.3859863 -0.8046875 -0.451416
vn 0.5805664 -0.8061523 0.1160889
vn 0.8793945 -0.4423828 0.1755371
vn 0.5859375 -0.4384766 -0.6816406
vn 0.9404297 0 -0.3398438
vn 0.9404297 0 -0.3398438
vn 0.8793945 0.4423828 0.1755371
vn 0.5859375 0.4384766 -0.6816406
vn 0.5805664 0.8061523 0.1161499
vn 0.3859863 0.8046875 -0.451416
vn -0.1853027 -0.8041992 -0.5644531
vn 0 -1 0
vn -0.2822266 -0.4377441 -0.8535156
vn 0.1923828 0 -0.9814453
vn -0.5805664 -0.8061523 -0.1160889
vn -0.3859863 -0.8046875 0.451416
vn -0.8793945 -0.4423828 -0.1755371
vn 0.1923828 0 -0.9814453
vn -0.737793 0 -0.675293
vn -0.737793 0 -0.675293
vn -0.2822266 0.4377441 -0.8535156
vn -0.8793945 0.4423828 -0.1755371
vn -0.1853027 0.8041992 -0.5644531
vn 0 1 2.974272E-05
vn -0.5805664 0.8061523 -0.1160889
vn -0.3859863 0.8046875 0.451416
vn -0.5556641 0 0.831543
vn -0.9833984 0 0.1806641
vn -0.9833984 0 0.1806641
vn -0.5556641 0 0.831543
vn 0.2030029 0 0.9790039
vn 0.2030029 0 0.9790039
vn 0.8383789 0 0.5449219
vn 0.8383789 0 0.5449219
vn 0.9833984 0 0.180542
vn 0.9833984 0 0.180542
vn -0.8374023 0 0.5463867
vn -0.8374023 0 0.5463867
vn -0.8374023 0 0.5463867
vn -0.8374023 0 0.5463867
vn -0.8374023 0 0.5463867
vn -0.8374023 0 0.5463867
vn -0.8374023 0 0.5463867
vn -0.8374023 0 0.5463867
vn -0.8374023 0 0.5463867
vn -0.8374023 0 0.5463867
vn -0.8374023 0 0.5463867
vn -0.8374023 1.80006E-05 0.5463867
vn -0.8374023 1.80006E-05 0.5463867
vn -0.8374023 0 0.5463867
vn -0.8374023 0 0.5463867
vn -0.8374023 0 0.5463867
vn -0.8374023 0 0.5463867
vn -0.8374023 0 0.5463867
vn -0.9833984 0 0.1806641
vn -0.9760742 0 -0.2182617
vn -0.9760742 0 -0.2182617
vn -0.9833984 0 0.1806641
vn 0.5917969 0 0.8061523
vn 0.5917969 2.002716E-05 0.8061523
vn 0.5917969 2.002716E-05 0.8061523
vn 0.5917969 1.180172E-05 0.8061523
vn 0.5917969 0 0.8061523
vn 0.5917969 2.002716E-05 0.8061523
vn 0.5917969 2.002716E-05 0.8061523
vn 0.5917969 2.002716E-05 0.8061523
vn 0.5917969 0 0.8061523
vn 0.5917969 0 0.8061523
vn 0.5917969 0 0.8061523
vn 0.5917969 0 0.8061523
vn 0.5917969 0 0.8061523
vn 0.5917969 0 0.8061523
vn 0.5917969 0 0.8061523
vn 0.5917969 0 0.8061523
vn 0.5917969 0 0.8061523
vn 0.5917969 0 0.8061523
vn -0.6572266 -0.05697632 0.7514648
vn -0.9448242 -0.05703735 0.3220215
vn -0.9306641 0.1817627 0.3168945
vn -0.6474609 0.1815186 0.7397461
vn -0.1943359 -0.0569458 0.9794922
vn -0.7182617 0.6513672 0.2446289
vn -0.1914063 0.1813965 0.9643555
vn 0.3203125 -0.05697632 0.9458008
vn -0.4995117 0.6513672 0.5712891
vn -0.3322754 0.9365234 0.112915
vn 0.315918 0.1815186 0.9311523
vn 0.75 -0.05703735 0.6586914
vn -0.2313232 0.9365234 0.263916
vn 0 1 0
vn -0.1477051 0.6513672 0.7441406
vn 0.7392578 0.1817627 0.6484375
vn 0.9790039 -0.05706787 0.194458
vn -0.06835938 0.9365234 0.3442383
vn 0.2436523 0.6513672 0.71875
vn 0.9643555 0.1818848 0.1915283
vn 0.9448242 -0.05703735 -0.3220215
vn 0.9306641 0.1817627 -0.3168945
vn 0.1129761 0.9365234 0.3322754
vn 0.5703125 0.6513672 0.5004883
vn 0.7441406 0.6513672 0.1478271
vn 0.7182617 0.6513672 -0.2446289
vn 0.263916 0.9365234 0.2313232
vn 0.3442383 0.9365234 0.06835938
vn 0.3322754 0.9365234 -0.112915
vn 0.6572266 -0.05697632 -0.7514648
vn 0.9448242 -0.05703735 -0.3220215
vn 0.9306641 0.1817627 -0.3168945
vn 0.6474609 0.1815186 -0.7397461
vn 0.1943359 -0.0569458 -0.9794922
vn 0.7182617 0.6513672 -0.2446289
vn 0.1914063 0.1813965 -0.9643555
vn -0.3203125 -0.05697632 -0.9458008
vn 0.4995117 0.6513672 -0.5712891
vn 0.3322754 0.9365234 -0.112915
vn -0.315918 0.1815186 -0.9311523
vn -0.75 -0.05703735 -0.6586914
vn 0.2313232 0.9365234 -0.263916
vn 0 1 0
vn 0.1477051 0.6513672 -0.7441406
vn -0.7392578 0.1817627 -0.6484375
vn -0.9790039 -0.05706787 -0.194458
vn 0.06829834 0.9365234 -0.3442383
vn -0.2436523 0.6513672 -0.71875
vn -0.9643555 0.1818848 -0.1915283
vn -0.9448242 -0.05703735 0.3220215
vn -0.9306641 0.1817627 0.3168945
vn -0.1129761 0.9365234 -0.3322754
vn -0.5703125 0.6513672 -0.5004883
vn -0.7441406 0.6513672 -0.1478271
vn -0.7182617 0.6513672 0.2446289
vn -0.263916 0.9365234 -0.2313232
vn -0.3442383 0.9365234 -0.06835938
vn -0.3322754 0.9365234 0.112915
vn 0.9145508 -0.3991699 -0.06262207
vn 0.9145508 -0.3991699 -0.06262207
vn 0.9589844 -0.2766113 -0.06530762
vn 0.9584961 -0.2775879 -0.06530762
vn 0.9941406 -0.08325195 -0.06787109
vn 0.9941406 -0.08355713 -0.06787109
vn 0.9936523 0.08721924 -0.0680542
vn 0.9936523 0.08752441 -0.0680542
vn 0.9785156 0.1954346 -0.06732178
vn 0.9785156 0.1955566 -0.06732178
vn 0.9746094 0.2144775 -0.06756592
vn 0.9746094 0.2144775 -0.06756592
vn 0.4086914 -0.3676758 -0.8354492
vn 0.4086914 -0.3676758 -0.8354492
vn 0.4238281 -0.2609863 -0.8671875
vn 0.4238281 -0.2624512 -0.8671875
vn 0.4370117 -0.08404541 -0.8955078
vn 0.4370117 -0.08447266 -0.8955078
vn 0.4367676 0.08758545 -0.8955078
vn 0.4367676 0.08795166 -0.8955078
vn 0.4296875 0.1950684 -0.8818359
vn 0.4296875 0.1953125 -0.8818359
vn 0.4274902 0.2130127 -0.878418
vn 0.4274902 0.2130127 -0.878418
vn 0.5390625 0.1950684 0.8193359
vn 0.5361328 0.213623 0.8168945
vn 0.5361328 0.213623 0.8168945
vn 0.5390625 0.1954346 0.8193359
vn 0.5483398 0.08728027 0.831543
vn 0.5483398 0.08789063 0.831543
vn 0.5488281 -0.08355713 0.831543
vn 0.5488281 -0.08422852 0.831543
vn 0.53125 -0.267334 0.8037109
vn 0.5307617 -0.2695313 0.8032227
vn 0.5097656 -0.3813477 0.7709961
vn 0.5097656 -0.3813477 0.7709961
vn -0.4296875 0.1953125 0.8818359
vn -0.4274902 0.2130127 0.878418
vn -0.4274902 0.2130127 0.878418
vn -0.4296875 0.1950684 0.8818359
vn -0.4367676 0.08795166 0.8955078
vn -0.4367676 0.08758545 0.8955078
vn -0.4370117 -0.08447266 0.8955078
vn -0.4370117 -0.08404541 0.8955078
vn -0.4238281 -0.2624512 0.8666992
vn -0.4238281 -0.2609863 0.8671875
vn -0.4086914 -0.3676758 0.8354492
vn -0.4086914 -0.3676758 0.8354492
vn -0.9785156 0.1955566 0.06726074
vn -0.9746094 0.2144775 0.06750488
vn -0.9746094 0.2144775 0.06750488
vn -0.9785156 0.1954346 0.06726074
vn -0.9936523 0.08752441 0.06799316
vn -0.9936523 0.08721924 0.06799316
vn -0.9941406 -0.08355713 0.06787109
vn -0.9941406 -0.08325195 0.06787109
vn -0.9584961 -0.2775879 0.06530762
vn -0.9584961 -0.2766113 0.06536865
vn -0.9145508 -0.3994141 0.06268311
vn -0.9145508 -0.3994141 0.06268311
vn -0.5395508 0.1950684 -0.8193359
vn -0.5361328 0.213623 -0.8164063
vn -0.5361328 0.213623 -0.8164063
vn -0.5390625 0.1954346 -0.8193359
vn -0.5483398 0.08728027 -0.831543
vn -0.5483398 0.08789063 -0.831543
vn -0.5488281 -0.08355713 -0.831543
vn -0.5488281 -0.08422852 -0.831543
vn -0.53125 -0.267334 -0.8037109
vn -0.5307617 -0.2695313 -0.8032227
vn -0.5097656 -0.3813477 -0.7709961
vn -0.5097656 -0.3813477 -0.7709961
vn 0.3842773 0.8071289 -0.4482422
vn 0.5771484 0.8085938 0.1153564
vn 0 1 0
vn 0.1846924 0.8071289 0.5610352
vn 0.878418 0.4450684 0.1751709
vn -0.3842773 0.8071289 0.4482422
vn 0.2824707 0.440918 0.8520508
vn 0.7387695 0 0.6738281
vn 0.7387695 -1.019239E-05 0.6738281
vn 0.878418 -0.4450684 0.1751709
vn 0.2824707 -0.440918 0.8520508
vn 0.5771484 -0.8085938 0.1153564
vn -0.5854492 0.4414063 0.6796875
vn -0.5771484 0.8085938 -0.1154175
vn -0.192627 0 0.9814453
vn -0.878418 0.4450684 -0.175293
vn -0.192627 0 0.9814453
vn -0.940918 0 0.3383789
vn -0.940918 0 0.3383789
vn -0.5854492 -0.4414063 0.6796875
vn -0.878418 -0.4450684 -0.175293
vn 0.1846924 -0.8071289 0.5610352
vn -0.3842773 -0.8071289 0.4482422
vn -0.5771484 -0.8085938 -0.1154175
vn 0 -1 0
vn 0.3842773 -0.8071289 -0.4482422
vn 0.3842773 -0.8071289 -0.4482422
vn 0.5771484 -0.8085938 0.1153564
vn 0.878418 -0.4450684 0.1751709
vn 0.5854492 -0.4414063 -0.6796875
vn 0.940918 0 -0.3383789
vn 0.940918 0 -0.3383789
vn 0.878418 0.4450684 0.1751709
vn 0.5854492 0.4414063 -0.6796875
vn 0.5771484 0.8085938 0.1153564
vn 0.3842773 0.8071289 -0.4482422
vn -0.1846924 -0.8071289 -0.5610352
vn 0 -1 0
vn -0.2824707 -0.440918 -0.8520508
vn 0.1925049 0 -0.9814453
vn -0.5771484 -0.8085938 -0.1154175
vn -0.3842773 -0.8071289 0.4482422
vn -0.878418 -0.4450684 -0.175293
vn 0.1925049 0 -0.9814453
vn -0.7387695 0 -0.6738281
vn -0.7387695 0 -0.6738281
vn -0.2824707 0.440918 -0.8520508
vn -0.878418 0.4450684 -0.175293
vn -0.1846924 0.8071289 -0.5610352
vn 0 1 0
vn -0.5771484 0.8085938 -0.1154175
vn -0.3842773 0.8071289 0.4482422
vn 0.05844116 0.9975586 0.03445435
vn 0.04272461 0.9985352 -0.03338623
vn 0.06781006 0.9975586 -0.01429749
vn 0.02445984 0.9990234 0.03762817
vn 0.009017944 0.9975586 0.06866455
vn -0.03686523 0.9990234 0.02536011
vn -0.03442383 0.9975586 0.05996704
vn -0.06707764 0.9975586 0.009407043
vn -0.03686523 0.9990234 0.02536011
vn -0.06707764 0.9975586 0.009407043
vn -0.05725098 0.9975586 -0.03921509
vn -0.02680969 0.9985352 -0.04730225
vn 0.02445984 0.9990234 0.03762817
vn 0.01599121 0.996582 -0.08068848
vn 0.04272461 0.9985352 -0.03338623
vn -0.9804688 0.004257202 0.1962891
vn -0.980957 0.004493713 -0.1949463
vn -0.980957 0.004493713 -0.1949463
vn -0.9804688 0.004257202 0.1955566
vn -0.3752441 0.0004208088 -0.9267578
vn -0.3752441 0.0004208088 -0.9267578
vn -0.3752441 0.0004208088 -0.9267578
vn -0.3752441 0.0004208088 -0.9267578
vn 0.7006836 0.001124382 -0.7133789
vn 0.7006836 0.001124382 -0.7133789
vn 0.7006836 0.001124382 -0.7133789
vn 0.7006836 0.001124382 -0.7133789
vn 0.980957 0.004501343 0.1949463
vn 0.831543 0.003715515 0.5556641
vn 0.980957 0.004501343 0.1949463
vn 0.8310547 0.003713608 0.5561523
vn 0.1934814 -0.001224518 0.980957
vn 0.1964111 -0.001197815 0.9804688
vn -0.5532227 -0.0006814003 0.8330078
vn -0.5561523 -0.000647068 0.8310547
vn -0.9804688 0.004257202 0.1955566
vn -0.9804688 0.004257202 0.1962891
vn 0.2368164 0 -0.9716797
vn 0.2368164 0 -0.9716797
vn 0.2368164 0 -0.9716797
vn 0.2368164 0 -0.9716797
vn -0.8056641 0 0.5922852
vn -0.8056641 0 0.5922852
vn -0.8041992 0.06219482 0.5908203
vn -0.8041992 0.06219482 0.5908203
vn -0.7871094 0.2131348 0.5786133
vn -0.7871094 0.2131348 0.5786133
vn -0.7270508 0.4309082 0.5341797
vn -0.7270508 0.4309082 0.5341797
vn -0.6152344 0.6459961 0.4519043
vn -0.6152344 0.6459961 0.4519043
vn -0.5019531 0.7822266 0.3688965
vn -0.5019531 0.7822266 0.3688965
vn -0.3149414 0.9204102 0.2314453
vn -0.3149414 0.9204102 0.2314453
vn -4.23789E-05 1 3.153086E-05
vn 0.0001003146 1 -7.337332E-05
vn 0.3149414 0.9204102 -0.2314453
vn 0.3149414 0.9204102 -0.2314453
vn 0.5019531 0.7822266 -0.3688965
vn 0.5019531 0.7822266 -0.3688965
vn 0.6152344 0.6459961 -0.4519043
vn 0.6152344 0.6459961 -0.4519043
vn 0.7270508 0.4309082 -0.5341797
vn 0.7270508 0.4309082 -0.5341797
vn 0.7871094 0.2131348 -0.5786133
vn 0.7871094 0.2131348 -0.5786133
vn 0.8041992 0.06216431 -0.5908203
vn 0.8041992 0.06216431 -0.5908203
vn 0.8056641 0 -0.5922852
vn 0.8056641 0 -0.5922852
vn 0 -1 0
vn 0 -1 0
vn 0 -1 0
vn 0 -1 0
vn 0 -1 0
vn 0 -1 0
vn 0.3930664 -0.8295898 -0.3969727
vn 0.5400391 -0.8295898 0.1418457
vn 0.8549805 -0.467041 0.2244873
vn 0 -1 0
vn 0.6220703 -0.467041 -0.628418
vn 0.9648438 0 -0.2636719
vn -0.1472168 -0.8295898 -0.5385742
vn -0.5400391 -0.8295898 -0.1418457
vn -0.2331543 -0.467041 -0.8530273
vn -0.8549805 -0.467041 -0.2246094
vn 0.9648438 0 -0.2636719
vn 0.8549805 0.467041 0.2244873
vn 0.6220703 0.467041 -0.628418
vn 0.2539063 0 -0.9672852
vn 0.5400391 0.8295898 0.1418457
vn -0.7104492 0 -0.7036133
vn 0.2539063 0 -0.9672852
vn -0.7104492 0 -0.7036133
vn -0.2331543 0.467041 -0.8530273
vn -0.8549805 0.467041 -0.2244873
vn 0.3930664 0.8295898 -0.3969727
vn 0 1 0
vn -0.1472168 0.8295898 -0.5385742
vn -0.5400391 0.8295898 -0.1418457
vn -0.3930664 -0.8295898 0.3969727
vn -0.5400391 -0.8295898 -0.1418457
vn -0.8549805 -0.467041 -0.2246094
vn 0 -1 0
vn -0.6220703 -0.467041 0.628418
vn -0.9648438 0 0.2636719
vn 0.1473389 -0.8295898 0.5385742
vn 0.5400391 -0.8295898 0.1418457
vn 0.2331543 -0.467041 0.8530273
vn 0.8549805 -0.467041 0.2244873
vn -0.9648438 0 0.2636719
vn -0.8549805 0.467041 -0.2244873
vn -0.6220703 0.467041 0.628418
vn -0.2539063 0 0.9672852
vn -0.5400391 0.8295898 -0.1418457
vn 0.7104492 0 0.7036133
vn -0.2539063 0 0.9672852
vn 0.7104492 0 0.7036133
vn 0.2331543 0.467041 0.8530273
vn 0.8549805 0.467041 0.2244873
vn -0.3930664 0.8295898 0.3969727
vn 0 1 0
vn 0.1473389 0.8295898 0.5385742
vn 0.5400391 0.8295898 0.1418457
vn 0.3930664 -0.8295898 -0.3969727
vn 0.5400391 -0.8295898 0.1418457
vn 0.8549805 -0.467041 0.2244873
vn 0 -1 0
vn 0.6220703 -0.467041 -0.628418
vn 0.9648438 0 -0.2636719
vn -0.1472168 -0.8295898 -0.5385742
vn -0.5400391 -0.8295898 -0.1418457
vn -0.2331543 -0.467041 -0.8530273
vn -0.8549805 -0.467041 -0.2244873
vn 0.9648438 0 -0.2636719
vn 0.8549805 0.467041 0.2246094
vn 0.6220703 0.467041 -0.628418
vn 0.2539063 0 -0.9672852
vn 0.5400391 0.8295898 0.1418457
vn -0.7104492 0 -0.7036133
vn 0.2539063 0 -0.9672852
vn -0.7104492 0 -0.7036133
vn -0.2331543 0.467041 -0.8530273
vn -0.8549805 0.467041 -0.2244873
vn 0.3930664 0.8295898 -0.3969727
vn 0 1 0
vn -0.1473389 0.8295898 -0.5385742
vn -0.5400391 0.8295898 -0.1418457
vn -0.3930664 -0.8295898 0.3969727
vn -0.5400391 -0.8295898 -0.1418457
vn -0.8549805 -0.467041 -0.2244873
vn 0 -1 0
vn -0.6220703 -0.467041 0.628418
vn -0.9648438 0 0.2636719
vn 0.1472168 -0.8295898 0.5385742
vn 0.5400391 -0.8295898 0.1418457
vn 0.2331543 -0.467041 0.8530273
vn 0.8549805 -0.467041 0.2244873
vn -0.9648438 0 0.2636719
vn -0.8549805 0.467041 -0.2244873
vn -0.6220703 0.467041 0.628418
vn -0.2539063 0 0.9672852
vn -0.5400391 0.8295898 -0.1418457
vn 0.7104492 0 0.7036133
vn -0.2539063 0 0.9672852
vn 0.7104492 0 0.7036133
vn 0.2331543 0.467041 0.8530273
vn 0.8549805 0.467041 0.2246094
vn -0.3930664 0.8295898 0.3969727
vn 0 1 0
vn 0.1472168 0.8295898 0.5385742
vn 0.5400391 0.8295898 0.1418457
vn -0.9980469 0 0.05908203
vn -0.9682617 0 0.2509766
vn -0.9980469 0 0.05908203
vn -0.9980469 0 0.05908203
vn -0.9682617 0 0.2509766
vn -0.7963867 0 0.6049805
vn -0.7963867 0 0.6049805
vn -0.7963867 0 0.6049805
vn -0.9980469 0 0.05911255
vn -0.9682617 0 0.2509766
vn -0.9980469 0 0.05908203
vn -0.9980469 0 0.05908203
vn -0.9882813 0 -0.1522217
vn -0.9980469 0 0.05908203
vn -0.9882813 0 -0.1522217
vn -0.9980469 0 0.05911255
vn -0.9980469 0 0.05911255
vn -0.9882813 0 -0.1522217
vn -0.7963867 0 0.6049805
vn -0.9980469 0 0.05908203
vn -0.9980469 0 0.05908203
vn -0.9980469 0 0.05908203
vn -0.9882813 0 -0.1522217
vn -0.9980469 0 0.05908203
vn -0.9980469 0 0.05911255
vn -0.9980469 0 0.05911255
vn -0.9882813 0 -0.1518555
vn -0.9677734 0 0.2509766
vn -0.9980469 0 0.05908203
vn -0.9980469 0 0.05908203
vn -0.9682617 0 0.2509766
vn -0.9980469 0 0.05908203
vn -0.7963867 0 0.6049805
vn -0.6586914 0 0.7524414
vn -0.6586914 0 0.7524414
vn -0.6586914 0 0.7524414
vn -0.6586914 0 0.7524414
vn -0.6586914 0 0.7524414
vn -0.6586914 0 0.7524414
vn -0.6586914 0 0.7524414
vn -0.6586914 0 0.7524414
vn -0.6586914 0 0.7524414
vn -0.6586914 0 0.7524414
vn -0.6586914 0 0.7524414
vn -0.6586914 0 0.7524414
vn -0.6586914 0 0.7524414
vn -0.6586914 0 0.7524414
vn -0.6586914 0 0.7524414
vn -0.6586914 0 0.7524414
vn -0.6586914 0 0.7524414
vn -0.6586914 0 0.7524414
vn -0.6586914 0 0.7524414
vn -0.6586914 0 0.7524414
vn -0.6586914 0 0.7524414
vn -0.6586914 0 0.7524414
vn -0.6586914 0 0.7524414
vn 0 -1 0
vn 0 -1 0
vn 0 -1 0
vn 0 -1 0
vn 0 -1 0
vn 0 -1 0
vn 0 -1 0
vn 0 -1 0
vn 0 -1 0
vn 0 -1 0
vn 0 -1 0
vn 0 -1 0
vn 0 -1 0
vn 0 -1 0
vn 0 -1 0
vn 0 -1 0
vn 0 -1 0
vn 0 -1 0
vn 0 -1 0
vn 0 -1 0
vn 0 -1 0
vn 0 -1 0
vn 0 -1 0
vn 0 -1 0
vn 0 -1 0
vn 0 -1 0
vn 0 -1 0
vn 0 -1 0
vn 0 -1 0
vn 0 -1 0
vn 0 -1 0
vn 0 -1 0
vn -1.120567E-05 -1 0
vn -2.092123E-05 -1 0
vn -1.996756E-05 -1 0
vn -2.199411E-05 -1 1.478195E-05
vn -1.40667E-05 -1 0
vn -2.18153E-05 -1 2.008677E-05
vn 0 -1 0
vn 0 -1 2.020597E-05
vn 0 -1 0
vn 0 -1 2.014637E-05
vn 0 -1 0
vn 0 -1 0
g Taj_Mahal_0
f 3/3/3 2/2/2 1/1/1
f 6/6/6 5/5/5 4/4/4
f 9/9/9 8/8/8 7/7/7
f 12/12/12 11/11/11 10/10/10
f 15/15/15 14/14/14 13/13/13
f 18/18/18 17/17/17 16/16/16
f 21/21/21 20/20/20 19/19/19
f 24/24/24 23/23/23 22/22/22
f 27/27/27 26/26/26 25/25/25
f 30/30/30 29/29/29 28/28/28
f 33/33/33 32/32/32 31/31/31
f 36/36/36 35/35/35 34/34/34
f 39/39/39 38/38/38 37/37/37
f 42/42/42 41/41/41 40/40/40
f 45/45/45 44/44/44 43/43/43
f 48/48/48 47/47/47 46/46/46
f 51/51/51 50/50/50 49/49/49
f 54/54/54 53/53/53 52/52/52
f 57/57/57 56/56/56 55/55/55
f 60/60/60 59/59/59 58/58/58
f 63/63/63 62/62/62 61/61/61
f 66/66/66 65/65/65 64/64/64
f 69/69/69 68/68/68 67/67/67
f 72/72/72 71/71/71 70/70/70
f 75/75/75 74/74/74 73/73/73
f 74/74/74 76/76/76 73/73/73
f 76/76/76 77/77/77 73/73/73
f 77/77/77 78/78/78 73/73/73
f 81/81/81 80/80/80 79/79/79
f 82/82/82 81/81/81 79/79/79
f 83/83/83 81/81/81 82/82/82
f 84/84/84 83/83/83 82/82/82
f 85/85/85 84/84/84 82/82/82
f 88/88/88 87/87/87 86/86/86
f 89/89/89 88/88/88 86/86/86
f 90/90/90 88/88/88 89/89/89
f 91/91/91 90/90/90 89/89/89
f 92/92/92 91/91/91 89/89/89
f 93/93/93 89/89/89 86/86/86
f 93/93/93 92/92/92 89/89/89
f 94/94/94 93/93/93 86/86/86
f 92/92/92 93/93/93 95/95/95
f 93/93/93 96/96/96 95/95/95
f 96/96/96 93/93/93 97/97/97
f 93/93/93 94/94/94 97/97/97
f 95/95/95 98/98/98 92/92/92
f 98/98/98 99/99/99 92/92/92
f 100/100/100 97/97/97 94/94/94
f 101/101/101 100/100/100 94/94/94
f 102/102/102 99/99/99 98/98/98
f 103/103/103 102/102/102 98/98/98
f 102/102/102 103/103/103 104/104/104
f 104/104/104 105/105/105 102/102/102
f 104/104/104 106/106/106 105/105/105
f 106/106/106 107/107/107 105/105/105
f 101/101/101 108/108/108 100/100/100
f 107/107/107 106/106/106 109/109/109
f 110/110/110 107/107/107 109/109/109
f 111/111/111 110/110/110 109/109/109
f 112/112/112 111/111/111 109/109/109
f 111/111/111 112/112/112 113/113/113
f 114/114/114 111/111/111 113/113/113
f 115/115/115 114/114/114 113/113/113
f 116/116/116 115/115/115 113/113/113
f 108/108/108 117/117/117 100/100/100
f 118/118/118 115/115/115 116/116/116
f 117/117/117 108/108/108 118/118/118
f 119/119/119 118/118/118 116/116/116
f 119/119/119 117/117/117 118/118/118
f 120/120/120 115/115/115 118/118/118
f 121/121/121 120/120/120 118/118/118
f 121/121/121 118/118/118 108/108/108
f 122/122/122 121/121/121 108/108/108
f 125/125/125 124/124/124 123/123/123
f 124/124/124 126/126/126 123/123/123
f 126/126/126 128/128/128 127/127/127
f 129/129/129 126/126/126 127/127/127
f 127/127/127 130/130/130 129/129/129
f 130/130/130 131/131/131 129/129/129
f 129/129/129 133/133/133 132/132/132
f 133/133/133 134/134/134 132/132/132
f 136/136/136 128/128/128 135/135/135
f 137/137/137 130/130/130 136/136/136
f 138/138/138 136/136/136 135/135/135
f 138/138/138 137/137/137 136/136/136
f 141/141/141 140/140/140 139/139/139
f 140/140/140 142/142/142 139/139/139
f 142/142/142 143/143/143 139/139/139
f 143/143/143 144/144/144 139/139/139
f 140/140/140 146/146/146 145/145/145
f 147/147/147 140/140/140 145/145/145
f 145/145/145 148/148/148 147/147/147
f 148/148/148 149/149/149 147/147/147
f 145/145/145 146/146/146 150/150/150
f 146/146/146 151/151/151 150/150/150
f 150/150/150 152/152/152 145/145/145
f 152/152/152 153/153/153 145/145/145
f 156/156/156 155/155/155 154/154/154
f 154/154/154 157/157/157 156/156/156
f 157/157/157 158/158/158 156/156/156
f 159/159/159 156/156/156 158/158/158
f 160/160/160 157/157/157 154/154/154
f 161/161/161 160/160/160 154/154/154
f 160/160/160 161/161/161 162/162/162
f 161/161/161 163/163/163 162/162/162
f 160/160/160 162/162/162 164/164/164
f 160/160/160 165/165/165 157/157/157
f 165/165/165 160/160/160 164/164/164
f 165/165/165 158/158/158 157/157/157
f 166/166/166 165/165/165 164/164/164
f 165/165/165 166/166/166 158/158/158
f 167/167/167 166/166/166 164/164/164
f 158/158/158 168/168/168 159/159/159
f 166/166/166 168/168/168 158/158/158
f 166/166/166 167/167/167 169/169/169
f 168/168/168 166/166/166 169/169/169
f 167/167/167 170/170/170 169/169/169
f 170/170/170 171/171/171 169/169/169
f 171/171/171 172/172/172 169/169/169
f 172/172/172 159/159/159 173/173/173
f 168/168/168 173/173/173 159/159/159
f 173/173/173 168/168/168 169/169/169
f 169/169/169 172/172/172 173/173/173
f 176/176/176 175/175/175 174/174/174
f 177/177/177 176/176/176 174/174/174
f 178/178/178 176/176/176 177/177/177
f 179/179/179 178/178/178 177/177/177
f 180/180/180 178/178/178 179/179/179
f 181/181/181 180/180/180 179/179/179
f 182/182/182 180/180/180 181/181/181
f 183/183/183 182/182/182 181/181/181
f 182/182/182 183/183/183 184/184/184
f 183/183/183 185/185/185 184/184/184
f 184/184/184 185/185/185 186/186/186
f 185/185/185 187/187/187 186/186/186
f 190/190/190 189/189/189 188/188/188
f 189/189/189 191/191/191 188/188/188
f 188/188/188 191/191/191 192/192/192
f 191/191/191 193/193/193 192/192/192
f 196/196/196 195/195/195 194/194/194
f 197/197/197 196/196/196 194/194/194
f 197/197/197 194/194/194 198/198/198
f 199/199/199 197/197/197 198/198/198
f 196/196/196 197/197/197 200/200/200
f 197/197/197 201/201/201 200/200/200
f 201/201/201 197/197/197 202/202/202
f 197/197/197 199/199/199 202/202/202
f 200/200/200 203/203/203 196/196/196
f 204/204/204 202/202/202 199/199/199
f 205/205/205 204/204/204 199/199/199
f 205/205/205 206/206/206 204/204/204
f 203/203/203 207/207/207 196/196/196
f 206/206/206 208/208/208 204/204/204
f 209/209/209 207/207/207 203/203/203
f 210/210/210 209/209/209 203/203/203
f 207/207/207 209/209/209 211/211/211
f 212/212/212 207/207/207 211/211/211
f 211/211/211 209/209/209 213/213/213
f 209/209/209 214/214/214 213/213/213
f 208/208/208 206/206/206 215/215/215
f 216/216/216 208/208/208 215/215/215
f 216/216/216 215/215/215 217/217/217
f 218/218/218 215/215/215 206/206/206
f 219/219/219 218/218/218 206/206/206
f 218/218/218 220/220/220 215/215/215
f 220/220/220 221/221/221 215/215/215
f 215/215/215 221/221/221 217/217/217
f 217/217/217 221/221/221 222/222/222
f 221/221/221 223/223/223 222/222/222
f 223/223/223 224/224/224 222/222/222
f 224/224/224 225/225/225 222/222/222
f 224/224/224 223/223/223 226/226/226
f 227/227/227 224/224/224 226/226/226
f 228/228/228 224/224/224 227/227/227
f 229/229/229 228/228/228 227/227/227
f 225/225/225 231/231/231 230/230/230
f 231/231/231 228/228/228 230/230/230
f 228/228/228 232/232/232 230/230/230
f 232/232/232 228/228/228 233/233/233
f 234/234/234 232/232/232 233/233/233
f 232/232/232 235/235/235 230/230/230
f 235/235/235 236/236/236 214/214/214
f 214/214/214 236/236/236 237/237/237
f 238/238/238 214/214/214 237/237/237
f 239/239/239 235/235/235 214/214/214
f 239/239/239 214/214/214 240/240/240
f 240/240/240 210/210/210 239/239/239
f 243/243/243 242/242/242 241/241/241
f 244/244/244 243/243/243 241/241/241
f 244/244/244 241/241/241 245/245/245
f 246/246/246 243/243/243 244/244/244
f 247/247/247 244/244/244 245/245/245
f 248/248/248 246/246/246 244/244/244
f 248/248/248 244/244/244 247/247/247
f 249/249/249 248/248/248 247/247/247
f 252/252/252 251/251/251 250/250/250
f 253/253/253 252/252/252 250/250/250
f 253/253/253 250/250/250 254/254/254
f 255/255/255 253/253/253 254/254/254
f 258/258/258 257/257/257 256/256/256
f 257/257/257 259/259/259 256/256/256
f 256/256/256 259/259/259 260/260/260
f 259/259/259 261/261/261 260/260/260
f 264/264/264 263/263/263 262/262/262
f 263/263/263 265/265/265 262/262/262
f 265/265/265 266/266/266 262/262/262
f 266/266/266 267/267/267 262/262/262
f 270/270/270 269/269/269 268/268/268
f 271/271/271 270/270/270 268/268/268
f 272/272/272 270/270/270 271/271/271
f 273/273/273 272/272/272 271/271/271
f 274/274/274 273/273/273 271/271/271
f 277/277/277 276/276/276 275/275/275
f 278/278/278 277/277/277 275/275/275
f 277/277/277 278/278/278 279/279/279
f 280/280/280 277/277/277 279/279/279
f 283/283/283 282/282/282 281/281/281
f 282/282/282 284/284/284 281/281/281
f 284/284/284 285/285/285 281/281/281
f 285/285/285 286/286/286 281/281/281
f 284/284/284 282/282/282 287/287/287
f 282/282/282 288/288/288 287/287/287
f 284/284/284 287/287/287 289/289/289
f 285/285/285 284/284/284 289/289/289
f 285/285/285 290/290/290 286/286/286
f 290/290/290 291/291/291 286/286/286
f 292/292/292 289/289/289 287/287/287
f 287/287/287 293/293/293 292/292/292
f 285/285/285 289/289/289 294/294/294
f 292/292/292 294/294/294 289/289/289
f 290/290/290 285/285/285 294/294/294
f 290/290/290 294/294/294 292/292/292
f 295/295/295 290/290/290 292/292/292
f 291/291/291 290/290/290 295/295/295
f 296/296/296 291/291/291 295/295/295
f 293/293/293 298/298/298 297/297/297
f 293/293/293 297/297/297 299/299/299
f 299/299/299 300/300/300 293/293/293
f 301/301/301 300/300/300 299/299/299
f 302/302/302 299/299/299 297/297/297
f 302/302/302 301/301/301 299/299/299
f 303/303/303 302/302/302 297/297/297
f 304/304/304 301/301/301 302/302/302
f 303/303/303 305/305/305 302/302/302
f 306/306/306 304/304/304 302/302/302
f 305/305/305 306/306/306 302/302/302
f 309/309/309 308/308/308 307/307/307
f 310/310/310 309/309/309 307/307/307
f 313/313/313 312/312/312 311/311/311
f 312/312/312 314/314/314 311/311/311
f 316/316/316 314/314/314 315/315/315
f 317/317/317 316/316/316 315/315/315
f 320/320/320 319/319/319 318/318/318
f 321/321/321 320/320/320 318/318/318
f 324/324/324 323/323/323 322/322/322
f 325/325/325 324/324/324 322/322/322
f 326/326/326 324/324/324 325/325/325
f 327/327/327 326/326/326 325/325/325
f 328/328/328 326/326/326 327/327/327
f 329/329/329 328/328/328 327/327/327
f 330/330/330 328/328/328 329/329/329
f 331/331/331 330/330/330 329/329/329
f 330/330/330 331/331/331 332/332/332
f 331/331/331 333/333/333 332/332/332
f 332/332/332 333/333/333 334/334/334
f 333/333/333 335/335/335 334/334/334
f 338/338/338 337/337/337 336/336/336
f 339/339/339 338/338/338 336/336/336
f 339/339/339 336/336/336 340/340/340
f 341/341/341 338/338/338 339/339/339
f 342/342/342 339/339/339 340/340/340
f 343/343/343 341/341/341 339/339/339
f 343/343/343 339/339/339 342/342/342
f 344/344/344 343/343/343 342/342/342
f 347/347/347 346/346/346 345/345/345
f 348/348/348 347/347/347 345/345/345
f 348/348/348 345/345/345 349/349/349
f 350/350/350 348/348/348 349/349/349
f 353/353/353 352/352/352 351/351/351
f 354/354/354 353/353/353 351/351/351
f 354/354/354 351/351/351 355/355/355
f 356/356/356 354/354/354 355/355/355
f 354/354/354 356/356/356 357/357/357
f 354/354/354 358/358/358 353/353/353
f 358/358/358 354/354/354 357/357/357
f 358/358/358 359/359/359 353/353/353
f 361/361/361 360/360/360 357/357/357
f 360/360/360 362/362/362 357/357/357
f 360/360/360 363/363/363 362/362/362
f 363/363/363 364/364/364 362/362/362
f 367/367/367 366/366/366 365/365/365
f 368/368/368 367/367/367 365/365/365
f 371/371/371 370/370/370 369/369/369
f 372/372/372 371/371/371 369/369/369
f 375/375/375 374/374/374 373/373/373
f 374/374/374 376/376/376 373/373/373
f 376/376/376 374/374/374 377/377/377
f 374/374/374 378/378/378 377/377/377
f 381/381/381 380/380/380 379/379/379
f 382/382/382 381/381/381 379/379/379
f 382/382/382 379/379/379 383/383/383
f 379/379/379 384/384/384 383/383/383
f 383/383/383 384/384/384 385/385/385
f 385/385/385 386/386/386 383/383/383
f 386/386/386 387/387/387 383/383/383
f 390/390/390 389/389/389 388/388/388
f 391/391/391 390/390/390 388/388/388
f 391/391/391 388/388/388 392/392/392
f 388/388/388 393/393/393 392/392/392
f 396/396/396 395/395/395 394/394/394
f 397/397/397 396/396/396 394/394/394
f 400/400/400 399/399/399 398/398/398
f 399/399/399 401/401/401 398/398/398
f 399/399/399 402/402/402 401/401/401
f 402/402/402 403/403/403 401/401/401
f 406/406/406 405/405/405 404/404/404
f 407/407/407 406/406/406 404/404/404
f 410/410/410 409/409/409 408/408/408
f 411/411/411 410/410/410 408/408/408
f 414/414/414 413/413/413 412/412/412
f 415/415/415 414/414/414 412/412/412
f 418/418/418 417/417/417 416/416/416
f 419/419/419 418/418/418 416/416/416
f 422/422/422 421/421/421 420/420/420
f 420/420/420 423/423/423 422/422/422
f 423/423/423 424/424/424 422/422/422
f 425/425/425 422/422/422 424/424/424
f 424/424/424 426/426/426 425/425/425
f 426/426/426 427/427/427 425/425/425
f 430/430/430 429/429/429 428/428/428
f 431/431/431 430/430/430 428/428/428
f 434/434/434 433/433/433 432/432/432
f 435/435/435 434/434/434 432/432/432
f 438/438/438 437/437/437 436/436/436
f 439/439/439 438/438/438 436/436/436
f 442/442/442 441/441/441 440/440/440
f 443/443/443 442/442/442 440/440/440
f 446/446/446 445/445/445 444/444/444
f 447/447/447 446/446/446 444/444/444
f 450/450/450 449/449/449 448/448/448
f 449/449/449 451/451/451 448/448/448
f 452/452/452 448/448/448 451/451/451
f 453/453/453 452/452/452 451/451/451
f 454/454/454 452/452/452 453/453/453
f 455/455/455 454/454/454 453/453/453
f 456/456/456 454/454/454 455/455/455
f 457/457/457 456/456/456 455/455/455
f 458/458/458 456/456/456 457/457/457
f 459/459/459 458/458/458 457/457/457
f 458/458/458 459/459/459 460/460/460
f 459/459/459 461/461/461 460/460/460
f 464/464/464 463/463/463 462/462/462
f 463/463/463 465/465/465 462/462/462
f 465/465/465 466/466/466 462/462/462
f 466/466/466 467/467/467 462/462/462
f 470/470/470 469/469/469 468/468/468
f 471/471/471 470/470/470 468/468/468
f 472/472/472 470/470/470 471/471/471
f 473/473/473 472/472/472 471/471/471
f 476/476/476 475/475/475 474/474/474
f 475/475/475 477/477/477 474/474/474
f 474/474/474 477/477/477 478/478/478
f 479/479/479 474/474/474 478/478/478
f 478/478/478 480/480/480 479/479/479
f 480/480/480 481/481/481 479/479/479
f 484/484/484 483/483/483 482/482/482
f 485/485/485 484/484/484 482/482/482
f 488/488/488 487/487/487 486/486/486
f 489/489/489 488/488/488 486/486/486
f 490/490/490 488/488/488 489/489/489
f 491/491/491 490/490/490 489/489/489
f 490/490/490 491/491/491 492/492/492
f 493/493/493 490/490/490 492/492/492
f 494/494/494 493/493/493 492/492/492
f 495/495/495 494/494/494 492/492/492
f 498/498/498 497/497/497 496/496/496
f 499/499/499 498/498/498 496/496/496
f 496/496/496 500/500/500 499/499/499
f 500/500/500 496/496/496 501/501/501
f 501/501/501 502/502/502 500/500/500
f 496/496/496 503/503/503 501/501/501
f 496/496/496 504/504/504 503/503/503
f 507/507/507 506/506/506 505/505/505
f 508/508/508 507/507/507 505/505/505
f 508/508/508 505/505/505 509/509/509
f 509/509/509 505/505/505 510/510/510
f 511/511/511 509/509/509 510/510/510
f 512/512/512 511/511/511 510/510/510
f 512/512/512 510/510/510 513/513/513
f 514/514/514 512/512/512 513/513/513
f 514/514/514 513/513/513 515/515/515
f 516/516/516 514/514/514 515/515/515
f 516/516/516 515/515/515 517/517/517
f 513/513/513 518/518/518 515/515/515
f 517/517/517 515/515/515 519/519/519
f 515/515/515 520/520/520 519/519/519
f 520/520/520 515/515/515 521/521/521
f 520/520/520 521/521/521 522/522/522
f 515/515/515 523/523/523 521/521/521
f 518/518/518 523/523/523 515/515/515
f 519/519/519 520/520/520 524/524/524
f 525/525/525 519/519/519 524/524/524
f 526/526/526 520/520/520 522/522/522
f 526/526/526 527/527/527 520/520/520
f 527/527/527 524/524/524 520/520/520
f 527/527/527 528/528/528 524/524/524
f 528/528/528 529/529/529 524/524/524
f 530/530/530 526/526/526 522/522/522
f 529/529/529 531/531/531 524/524/524
f 532/532/532 531/531/531 529/529/529
f 532/532/532 533/533/533 531/531/531
f 533/533/533 534/534/534 531/531/531
f 530/530/530 522/522/522 535/535/535
f 535/535/535 522/522/522 536/536/536
f 533/533/533 536/536/536 537/537/537
f 536/536/536 538/538/538 537/537/537
f 522/522/522 538/538/538 536/536/536
f 522/522/522 539/539/539 538/538/538
f 539/539/539 540/540/540 538/538/538
f 521/521/521 539/539/539 522/522/522
f 541/541/541 540/540/540 539/539/539
f 542/542/542 541/541/541 539/539/539
f 542/542/542 539/539/539 543/543/543
f 543/543/543 539/539/539 521/521/521
f 540/540/540 541/541/541 544/544/544
f 545/545/545 540/540/540 544/544/544
f 546/546/546 545/545/545 544/544/544
f 547/547/547 546/546/546 544/544/544
f 548/548/548 546/546/546 547/547/547
f 549/549/549 543/543/543 521/521/521
f 548/548/548 550/550/550 546/546/546
f 551/551/551 545/545/545 546/546/546
f 549/549/549 521/521/521 552/552/552
f 553/553/553 549/549/549 552/552/552
f 552/552/552 521/521/521 554/554/554
f 521/521/521 555/555/555 554/554/554
f 550/550/550 553/553/553 556/556/556
f 550/550/550 556/556/556 546/546/546
f 555/555/555 521/521/521 523/523/523
f 557/557/557 555/555/555 523/523/523
f 557/557/557 523/523/523 558/558/558
f 558/558/558 523/523/523 518/518/518
f 559/559/559 558/558/558 518/518/518
f 560/560/560 559/559/559 518/518/518
f 560/560/560 518/518/518 561/561/561
f 562/562/562 560/560/560 561/561/561
f 562/562/562 561/561/561 563/563/563
f 564/564/564 562/562/562 563/563/563
f 564/564/564 563/563/563 565/565/565
f 565/565/565 563/563/563 566/566/566
f 563/563/563 556/556/556 566/566/566
f 567/567/567 556/556/556 563/563/563
f 567/567/567 568/568/568 556/556/556
f 568/568/568 546/546/546 556/556/556
f 563/563/563 561/561/561 569/569/569
f 568/568/568 551/551/551 546/546/546
f 570/570/570 567/567/567 563/563/563
f 570/570/570 563/563/563 569/569/569
f 571/571/571 551/551/551 568/568/568
f 572/572/572 571/571/571 568/568/568
f 572/572/572 568/568/568 573/573/573
f 573/573/573 568/568/568 567/567/567
f 551/551/551 571/571/571 574/574/574
f 575/575/575 551/551/551 574/574/574
f 576/576/576 573/573/573 567/567/567
f 576/576/576 567/567/567 577/577/577
f 578/578/578 576/576/576 577/577/577
f 579/579/579 578/578/578 577/577/577
f 579/579/579 577/577/577 580/580/580
f 580/580/580 581/581/581 574/574/574
f 582/582/582 579/579/579 580/580/580
f 583/583/583 580/580/580 574/574/574
f 582/582/582 580/580/580 583/583/583
f 577/577/577 567/567/567 584/584/584
f 585/585/585 577/577/577 584/584/584
f 567/567/567 586/586/586 584/584/584
f 587/587/587 585/585/585 584/584/584
f 588/588/588 585/585/585 587/587/587
f 588/588/588 589/589/589 585/585/585
f 586/586/586 567/567/567 570/570/570
f 590/590/590 586/586/586 570/570/570
f 590/590/590 570/570/570 591/591/591
f 591/591/591 570/570/570 569/569/569
f 592/592/592 591/591/591 569/569/569
f 589/589/589 593/593/593 585/585/585
f 592/592/592 569/569/569 593/593/593
f 589/589/589 594/594/594 593/593/593
f 594/594/594 592/592/592 593/593/593
f 597/597/597 596/596/596 595/595/595
f 598/598/598 597/597/597 595/595/595
f 601/601/601 600/600/600 599/599/599
f 602/602/602 601/601/601 599/599/599
f 599/599/599 603/603/603 602/602/602
f 603/603/603 604/604/604 602/602/602
f 605/605/605 604/604/604 603/603/603
f 606/606/606 605/605/605 603/603/603
f 607/607/607 605/605/605 606/606/606
f 608/608/608 607/607/607 606/606/606
f 611/611/611 610/610/610 609/609/609
f 612/612/612 611/611/611 609/609/609
f 613/613/613 611/611/611 612/612/612
f 614/614/614 613/613/613 612/612/612
f 613/613/613 614/614/614 615/615/615
f 616/616/616 613/613/613 615/615/615
f 617/617/617 616/616/616 615/615/615
f 618/618/618 617/617/617 615/615/615
f 621/621/621 620/620/620 619/619/619
f 622/622/622 621/621/621 619/619/619
f 619/619/619 623/623/623 622/622/622
f 623/623/623 619/619/619 624/624/624
f 624/624/624 625/625/625 623/623/623
f 619/619/619 626/626/626 624/624/624
f 619/619/619 627/627/627 626/626/626
f 630/630/630 629/629/629 628/628/628
f 631/631/631 630/630/630 628/628/628
f 634/634/634 633/633/633 632/632/632
f 635/635/635 634/634/634 632/632/632
f 632/632/632 636/636/636 635/635/635
f 636/636/636 637/637/637 635/635/635
f 638/638/638 637/637/637 636/636/636
f 639/639/639 638/638/638 636/636/636
f 640/640/640 638/638/638 639/639/639
f 641/641/641 640/640/640 639/639/639
f 644/644/644 643/643/643 642/642/642
f 645/645/645 644/644/644 642/642/642
f 646/646/646 644/644/644 645/645/645
f 647/647/647 646/646/646 645/645/645
f 646/646/646 647/647/647 648/648/648
f 649/649/649 646/646/646 648/648/648
f 650/650/650 649/649/649 648/648/648
f 651/651/651 650/650/650 648/648/648
f 654/654/654 653/653/653 652/652/652
f 652/652/652 655/655/655 654/654/654
f 655/655/655 656/656/656 654/654/654
f 656/656/656 657/657/657 654/654/654
f 654/654/654 657/657/657 658/658/658
f 658/658/658 659/659/659 654/654/654
f 659/659/659 660/660/660 654/654/654
f 663/663/663 662/662/662 661/661/661
f 664/664/664 663/663/663 661/661/661
f 667/667/667 666/666/666 665/665/665
f 668/668/668 667/667/667 665/665/665
f 665/665/665 669/669/669 668/668/668
f 669/669/669 670/670/670 668/668/668
f 671/671/671 670/670/670 669/669/669
f 672/672/672 671/671/671 669/669/669
f 673/673/673 671/671/671 672/672/672
f 674/674/674 673/673/673 672/672/672
f 677/677/677 676/676/676 675/675/675
f 678/678/678 677/677/677 675/675/675
f 679/679/679 677/677/677 678/678/678
f 680/680/680 679/679/679 678/678/678
f 679/679/679 680/680/680 681/681/681
f 682/682/682 679/679/679 681/681/681
f 683/683/683 682/682/682 681/681/681
f 684/684/684 683/683/683 681/681/681
f 687/687/687 686/686/686 685/685/685
f 685/685/685 688/688/688 687/687/687
f 685/685/685 689/689/689 688/688/688
f 689/689/689 690/690/690 688/688/688
f 688/688/688 690/690/690 691/691/691
f 691/691/691 692/692/692 688/688/688
f 692/692/692 693/693/693 688/688/688
f 696/696/696 695/695/695 694/694/694
f 697/697/697 696/696/696 694/694/694
f 700/700/700 699/699/699 698/698/698
f 701/701/701 700/700/700 698/698/698
f 698/698/698 702/702/702 701/701/701
f 702/702/702 703/703/703 701/701/701
f 704/704/704 703/703/703 702/702/702
f 705/705/705 704/704/704 702/702/702
f 706/706/706 704/704/704 705/705/705
f 707/707/707 706/706/706 705/705/705
f 710/710/710 709/709/709 708/708/708
f 711/711/711 710/710/710 708/708/708
f 712/712/712 710/710/710 711/711/711
f 713/713/713 712/712/712 711/711/711
f 712/712/712 713/713/713 714/714/714
f 715/715/715 712/712/712 714/714/714
f 716/716/716 715/715/715 714/714/714
f 717/717/717 716/716/716 714/714/714
f 720/720/720 719/719/719 718/718/718
f 718/718/718 721/721/721 720/720/720
f 721/721/721 722/722/722 720/720/720
f 722/722/722 723/723/723 720/720/720
f 720/720/720 723/723/723 724/724/724
f 724/724/724 725/725/725 720/720/720
f 725/725/725 726/726/726 720/720/720
f 729/729/729 728/728/728 727/727/727
f 730/730/730 729/729/729 727/727/727
f 733/733/733 732/732/732 731/731/731
f 734/734/734 733/733/733 731/731/731
f 731/731/731 735/735/735 734/734/734
f 735/735/735 736/736/736 734/734/734
f 737/737/737 736/736/736 735/735/735
f 738/738/738 737/737/737 735/735/735
f 739/739/739 737/737/737 738/738/738
f 740/740/740 739/739/739 738/738/738
f 743/743/743 742/742/742 741/741/741
f 744/744/744 743/743/743 741/741/741
f 745/745/745 743/743/743 744/744/744
f 746/746/746 745/745/745 744/744/744
f 745/745/745 746/746/746 747/747/747
f 748/748/748 745/745/745 747/747/747
f 749/749/749 748/748/748 747/747/747
f 750/750/750 749/749/749 747/747/747
f 753/753/753 752/752/752 751/751/751
f 751/751/751 754/754/754 753/753/753
f 751/751/751 755/755/755 754/754/754
f 755/755/755 756/756/756 754/754/754
f 754/754/754 756/756/756 757/757/757
f 757/757/757 758/758/758 754/754/754
f 758/758/758 759/759/759 754/754/754
f 762/762/762 761/761/761 760/760/760
f 763/763/763 762/762/762 760/760/760
f 766/766/766 765/765/765 764/764/764
f 767/767/767 766/766/766 764/764/764
f 766/766/766 767/767/767 768/768/768
f 769/769/769 766/766/766 768/768/768
f 772/772/772 771/771/771 770/770/770
f 773/773/773 772/772/772 770/770/770
f 770/770/770 775/775/775 774/774/774
f 775/775/775 776/776/776 774/774/774
f 777/777/777 776/776/776 775/775/775
f 778/778/778 777/777/777 775/775/775
f 779/779/779 778/778/778 775/775/775
f 780/780/780 779/779/779 775/775/775
f 779/779/779 781/781/781 778/778/778
f 778/778/778 782/782/782 777/777/777
f 781/781/781 782/782/782 778/778/778
f 782/782/782 783/783/783 777/777/777
f 782/782/782 781/781/781 784/784/784
f 783/783/783 782/782/782 784/784/784
f 781/781/781 785/785/785 784/784/784
f 786/786/786 783/783/783 784/784/784
f 774/774/774 788/788/788 787/787/787
f 788/788/788 789/789/789 787/787/787
f 787/787/787 789/789/789 790/790/790
f 788/788/788 791/791/791 789/789/789
f 789/789/789 792/792/792 790/790/790
f 790/790/790 792/792/792 793/793/793
f 792/792/792 794/794/794 793/793/793
f 794/794/794 792/792/792 795/795/795
f 791/791/791 796/796/796 789/789/789
f 791/791/791 797/797/797 796/796/796
f 798/798/798 792/792/792 789/789/789
f 792/792/792 798/798/798 795/795/795
f 796/796/796 798/798/798 789/789/789
f 797/797/797 799/799/799 796/796/796
f 796/796/796 799/799/799 798/798/798
f 798/798/798 800/800/800 795/795/795
f 799/799/799 800/800/800 798/798/798
f 800/800/800 801/801/801 795/795/795
f 801/801/801 800/800/800 802/802/802
f 799/799/799 797/797/797 803/803/803
f 800/800/800 799/799/799 803/803/803
f 797/797/797 804/804/804 803/803/803
f 805/805/805 800/800/800 803/803/803
f 800/800/800 805/805/805 802/802/802
f 805/805/805 803/803/803 806/806/806
f 802/802/802 805/805/805 807/807/807
f 807/807/807 805/805/805 806/806/806
f 808/808/808 802/802/802 807/807/807
f 806/806/806 810/810/810 809/809/809
f 810/810/810 811/811/811 809/809/809
f 814/814/814 813/813/813 812/812/812
f 812/812/812 813/813/813 815/815/815
f 813/813/813 816/816/816 815/815/815
f 815/815/815 816/816/816 817/817/817
f 816/816/816 818/818/818 817/817/817
f 818/818/818 819/819/819 817/817/817
f 817/817/817 819/819/819 820/820/820
f 819/819/819 821/821/821 820/820/820
f 820/820/820 821/821/821 822/822/822
f 821/821/821 823/823/823 822/822/822
f 822/822/822 823/823/823 824/824/824
f 823/823/823 825/825/825 824/824/824
f 825/825/825 826/826/826 824/824/824
f 829/829/829 828/828/828 827/827/827
f 830/830/830 829/829/829 827/827/827
f 827/827/827 831/831/831 830/830/830
f 831/831/831 832/832/832 830/830/830
f 833/833/833 832/832/832 831/831/831
f 834/834/834 833/833/833 831/831/831
f 835/835/835 833/833/833 834/834/834
f 836/836/836 835/835/835 834/834/834
f 839/839/839 838/838/838 837/837/837
f 840/840/840 839/839/839 837/837/837
f 841/841/841 839/839/839 840/840/840
f 842/842/842 841/841/841 840/840/840
f 841/841/841 842/842/842 843/843/843
f 844/844/844 841/841/841 843/843/843
f 845/845/845 844/844/844 843/843/843
f 846/846/846 845/845/845 843/843/843
f 849/849/849 848/848/848 847/847/847
f 850/850/850 849/849/849 847/847/847
f 851/851/851 850/850/850 847/847/847
f 847/847/847 852/852/852 851/851/851
f 853/853/853 852/852/852 847/847/847
f 847/847/847 854/854/854 853/853/853
f 847/847/847 855/855/855 854/854/854
f 858/858/858 857/857/857 856/856/856
f 859/859/859 858/858/858 856/856/856
f 862/862/862 861/861/861 860/860/860
f 863/863/863 862/862/862 860/860/860
f 860/860/860 864/864/864 863/863/863
f 864/864/864 865/865/865 863/863/863
f 866/866/866 865/865/865 864/864/864
f 867/867/867 866/866/866 864/864/864
f 868/868/868 866/866/866 867/867/867
f 869/869/869 868/868/868 867/867/867
f 872/872/872 871/871/871 870/870/870
f 873/873/873 872/872/872 870/870/870
f 874/874/874 872/872/872 873/873/873
f 875/875/875 874/874/874 873/873/873
f 874/874/874 875/875/875 876/876/876
f 877/877/877 874/874/874 876/876/876
f 878/878/878 877/877/877 876/876/876
f 879/879/879 878/878/878 876/876/876
f 882/882/882 881/881/881 880/880/880
f 883/883/883 882/882/882 880/880/880
f 884/884/884 883/883/883 880/880/880
f 880/880/880 885/885/885 884/884/884
f 886/886/886 885/885/885 880/880/880
f 880/880/880 887/887/887 886/886/886
f 880/880/880 888/888/888 887/887/887
f 891/891/891 890/890/890 889/889/889
f 892/892/892 891/891/891 889/889/889
f 895/895/895 894/894/894 893/893/893
f 896/896/896 895/895/895 893/893/893
f 893/893/893 897/897/897 896/896/896
f 897/897/897 898/898/898 896/896/896
f 899/899/899 898/898/898 897/897/897
f 900/900/900 899/899/899 897/897/897
f 901/901/901 899/899/899 900/900/900
f 902/902/902 901/901/901 900/900/900
f 905/905/905 904/904/904 903/903/903
f 906/906/906 905/905/905 903/903/903
f 907/907/907 905/905/905 906/906/906
f 908/908/908 907/907/907 906/906/906
f 907/907/907 908/908/908 909/909/909
f 910/910/910 907/907/907 909/909/909
f 911/911/911 910/910/910 909/909/909
f 912/912/912 911/911/911 909/909/909
f 915/915/915 914/914/914 913/913/913
f 916/916/916 915/915/915 913/913/913
f 917/917/917 916/916/916 913/913/913
f 913/913/913 918/918/918 917/917/917
f 919/919/919 918/918/918 913/913/913
f 913/913/913 920/920/920 919/919/919
f 913/913/913 921/921/921 920/920/920
f 924/924/924 923/923/923 922/922/922
f 925/925/925 924/924/924 922/922/922
f 928/928/928 927/927/927 926/926/926
f 929/929/929 928/928/928 926/926/926
f 926/926/926 930/930/930 929/929/929
f 930/930/930 931/931/931 929/929/929
f 932/932/932 931/931/931 930/930/930
f 933/933/933 932/932/932 930/930/930
f 934/934/934 932/932/932 933/933/933
f 935/935/935 934/934/934 933/933/933
f 938/938/938 937/937/937 936/936/936
f 939/939/939 938/938/938 936/936/936
f 940/940/940 938/938/938 939/939/939
f 941/941/941 940/940/940 939/939/939
f 940/940/940 941/941/941 942/942/942
f 943/943/943 940/940/940 942/942/942
f 944/944/944 943/943/943 942/942/942
f 945/945/945 944/944/944 942/942/942
f 948/948/948 947/947/947 946/946/946
f 949/949/949 948/948/948 946/946/946
f 950/950/950 949/949/949 946/946/946
f 946/946/946 951/951/951 950/950/950
f 952/952/952 951/951/951 946/946/946
f 946/946/946 953/953/953 952/952/952
f 946/946/946 954/954/954 953/953/953
f 957/957/957 956/956/956 955/955/955
f 958/958/958 957/957/957 955/955/955
f 961/961/961 960/960/960 959/959/959
f 960/960/960 962/962/962 959/959/959
f 959/959/959 962/962/962 963/963/963
f 964/964/964 959/959/959 963/963/963
f 964/964/964 963/963/963 965/965/965
f 963/963/963 966/966/966 965/965/965
f 965/965/965 966/966/966 967/967/967
f 966/966/966 968/968/968 967/967/967
f 969/969/969 968/968/968 966/966/966
f 970/970/970 969/969/969 966/966/966
f 970/970/970 966/966/966 971/971/971
f 971/971/971 966/966/966 963/963/963
f 968/968/968 969/969/969 972/972/972
f 973/973/973 968/968/968 972/972/972
f 974/974/974 973/973/973 972/972/972
f 975/975/975 974/974/974 972/972/972
f 976/976/976 974/974/974 975/975/975
f 976/976/976 977/977/977 974/974/974
f 977/977/977 978/978/978 974/974/974
f 977/977/977 979/979/979 978/978/978
f 980/980/980 971/971/971 963/963/963
f 979/979/979 980/980/980 978/978/978
f 980/980/980 963/963/963 978/978/978
f 978/978/978 963/963/963 981/981/981
f 982/982/982 978/978/978 981/981/981
f 963/963/963 983/983/983 981/981/981
f 984/984/984 982/982/982 981/981/981
f 985/985/985 982/982/982 984/984/984
f 985/985/985 986/986/986 982/982/982
f 986/986/986 987/987/987 982/982/982
f 986/986/986 988/988/988 987/987/987
f 983/983/983 963/963/963 962/962/962
f 989/989/989 983/983/983 962/962/962
f 989/989/989 962/962/962 990/990/990
f 988/988/988 960/960/960 987/987/987
f 990/990/990 962/962/962 960/960/960
f 988/988/988 991/991/991 960/960/960
f 991/991/991 990/990/990 960/960/960
f 994/994/994 993/993/993 992/992/992
f 995/995/995 994/994/994 992/992/992
f 995/995/995 996/996/996 994/994/994
f 996/996/996 997/997/997 994/994/994
f 996/996/996 998/998/998 997/997/997
f 998/998/998 999/999/999 997/997/997
f 998/998/998 1000/1000/1000 999/999/999
f 1000/1000/1000 1001/1001/1001 999/999/999
f 1002/1002/1002 995/995/995 992/992/992
f 1003/1003/1003 1002/1002/1002 992/992/992
f 1004/1004/1004 995/995/995 1002/1002/1002
f 1004/1004/1004 1005/1005/1005 995/995/995
f 1005/1005/1005 996/996/996 995/995/995
f 1003/1003/1003 992/992/992 1006/1006/1006
f 1007/1007/1007 1003/1003/1003 1006/1006/1006
f 1008/1008/1008 1007/1007/1007 1006/1006/1006
f 1008/1008/1008 1006/1006/1006 1009/1009/1009
f 1010/1010/1010 1008/1008/1008 1009/1009/1009
f 1010/1010/1010 1009/1009/1009 1011/1011/1011
f 1011/1011/1011 1009/1009/1009 1012/1012/1012
f 996/996/996 1005/1005/1005 1012/1012/1012
f 1009/1009/1009 1013/1013/1013 1012/1012/1012
f 1013/1013/1013 996/996/996 1012/1012/1012
f 1014/1014/1014 996/996/996 1013/1013/1013
f 1015/1015/1015 1014/1014/1014 1013/1013/1013
f 1014/1014/1014 1016/1016/1016 996/996/996
f 1017/1017/1017 1015/1015/1015 1013/1013/1013
f 1016/1016/1016 998/998/998 996/996/996
f 1018/1018/1018 998/998/998 1016/1016/1016
f 1018/1018/1018 1019/1019/1019 998/998/998
f 1019/1019/1019 1000/1000/1000 998/998/998
f 1017/1017/1017 1013/1013/1013 1020/1020/1020
f 1000/1000/1000 1019/1019/1019 1021/1021/1021
f 1022/1022/1022 1000/1000/1000 1021/1021/1021
f 1020/1020/1020 1022/1022/1022 1021/1021/1021
f 1023/1023/1023 1017/1017/1017 1020/1020/1020
f 1024/1024/1024 1020/1020/1020 1021/1021/1021
f 1023/1023/1023 1020/1020/1020 1024/1024/1024
f 1027/1027/1027 1026/1026/1026 1025/1025/1025
f 1026/1026/1026 1028/1028/1028 1025/1025/1025
f 1025/1025/1025 1028/1028/1028 1029/1029/1029
f 1026/1026/1026 1030/1030/1030 1028/1028/1028
f 1028/1028/1028 1031/1031/1031 1029/1029/1029
f 1029/1029/1029 1031/1031/1031 1032/1032/1032
f 1031/1031/1031 1033/1033/1033 1032/1032/1032
f 1030/1030/1030 1034/1034/1034 1028/1028/1028
f 1030/1030/1030 1035/1035/1035 1034/1034/1034
f 1035/1035/1035 1036/1036/1036 1034/1034/1034
f 1036/1036/1036 1035/1035/1035 1037/1037/1037
f 1035/1035/1035 1038/1038/1038 1037/1037/1037
f 1038/1038/1038 1035/1035/1035 1039/1039/1039
f 1035/1035/1035 1040/1040/1040 1039/1039/1039
f 1040/1040/1040 1035/1035/1035 1030/1030/1030
f 1040/1040/1040 1041/1041/1041 1039/1039/1039
f 1041/1041/1041 1042/1042/1042 1039/1039/1039
f 1041/1041/1041 1040/1040/1040 1043/1043/1043
f 1043/1043/1043 1040/1040/1040 1030/1030/1030
f 1044/1044/1044 1041/1041/1041 1043/1043/1043
f 1043/1043/1043 1030/1030/1030 1045/1045/1045
f 1044/1044/1044 1043/1043/1043 1045/1045/1045
f 1030/1030/1030 1046/1046/1046 1045/1045/1045
f 1045/1045/1045 1046/1046/1046 1047/1047/1047
f 1048/1048/1048 1044/1044/1044 1045/1045/1045
f 1049/1049/1049 1045/1045/1045 1047/1047/1047
f 1048/1048/1048 1045/1045/1045 1049/1049/1049
f 1050/1050/1050 1048/1048/1048 1049/1049/1049
f 1053/1053/1053 1052/1052/1052 1051/1051/1051
f 1054/1054/1054 1053/1053/1053 1051/1051/1051
f 1053/1053/1053 1054/1054/1054 1055/1055/1055
f 1056/1056/1056 1053/1053/1053 1055/1055/1055
f 1059/1059/1059 1058/1058/1058 1057/1057/1057
f 1058/1058/1058 1060/1060/1060 1057/1057/1057
f 1057/1057/1057 1060/1060/1060 1061/1061/1061
f 1062/1062/1062 1060/1060/1060 1058/1058/1058
f 1063/1063/1063 1062/1062/1062 1058/1058/1058
f 1062/1062/1062 1063/1063/1063 1064/1064/1064
f 1060/1060/1060 1065/1065/1065 1061/1061/1061
f 1060/1060/1060 1062/1062/1062 1065/1065/1065
f 1061/1061/1061 1065/1065/1065 1066/1066/1066
f 1065/1065/1065 1067/1067/1067 1066/1066/1066
f 1062/1062/1062 1068/1068/1068 1065/1065/1065
f 1068/1068/1068 1062/1062/1062 1069/1069/1069
f 1069/1069/1069 1062/1062/1062 1064/1064/1064
f 1070/1070/1070 1068/1068/1068 1069/1069/1069
f 1070/1070/1070 1069/1069/1069 1071/1071/1071
f 1069/1069/1069 1072/1072/1072 1071/1071/1071
f 1072/1072/1072 1069/1069/1069 1064/1064/1064
f 1073/1073/1073 1072/1072/1072 1064/1064/1064
f 1076/1076/1076 1075/1075/1075 1074/1074/1074
f 1077/1077/1077 1076/1076/1076 1074/1074/1074
f 1076/1076/1076 1077/1077/1077 1078/1078/1078
f 1079/1079/1079 1076/1076/1076 1078/1078/1078
f 1079/1079/1079 1078/1078/1078 1080/1080/1080
f 1081/1081/1081 1079/1079/1079 1080/1080/1080
f 1078/1078/1078 1077/1077/1077 1082/1082/1082
f 1078/1078/1078 1082/1082/1082 1080/1080/1080
f 1077/1077/1077 1083/1083/1083 1082/1082/1082
f 1083/1083/1083 1077/1077/1077 1074/1074/1074
f 1084/1084/1084 1083/1083/1083 1074/1074/1074
f 1084/1084/1084 1074/1074/1074 1085/1085/1085
f 1074/1074/1074 1086/1086/1086 1085/1085/1085
f 1082/1082/1082 1087/1087/1087 1080/1080/1080
f 1080/1080/1080 1087/1087/1087 1088/1088/1088
f 1089/1089/1089 1080/1080/1080 1088/1088/1088
f 1081/1081/1081 1080/1080/1080 1089/1089/1089
f 1090/1090/1090 1081/1081/1081 1089/1089/1089
f 1093/1093/1093 1092/1092/1092 1091/1091/1091
f 1092/1092/1092 1094/1094/1094 1091/1091/1091
f 1091/1091/1091 1094/1094/1094 1095/1095/1095
f 1094/1094/1094 1096/1096/1096 1095/1095/1095
f 1099/1099/1099 1098/1098/1098 1097/1097/1097
f 1100/1100/1100 1099/1099/1099 1097/1097/1097
f 1100/1100/1100 1101/1101/1101 1099/1099/1099
f 1101/1101/1101 1102/1102/1102 1099/1099/1099
f 1101/1101/1101 1103/1103/1103 1102/1102/1102
f 1103/1103/1103 1104/1104/1104 1102/1102/1102
f 1103/1103/1103 1105/1105/1105 1104/1104/1104
f 1105/1105/1105 1106/1106/1106 1104/1104/1104
f 1107/1107/1107 1105/1105/1105 1103/1103/1103
f 1108/1108/1108 1107/1107/1107 1103/1103/1103
f 1108/1108/1108 1103/1103/1103 1109/1109/1109
f 1109/1109/1109 1103/1103/1103 1101/1101/1101
f 1107/1107/1107 1110/1110/1110 1105/1105/1105
f 1110/1110/1110 1111/1111/1111 1105/1105/1105
f 1112/1112/1112 1109/1109/1109 1101/1101/1101
f 1113/1113/1113 1111/1111/1111 1110/1110/1110
f 1114/1114/1114 1113/1113/1113 1110/1110/1110
f 1115/1115/1115 1113/1113/1113 1114/1114/1114
f 1115/1115/1115 1116/1116/1116 1113/1113/1113
f 1116/1116/1116 1117/1117/1117 1113/1113/1113
f 1118/1118/1118 1112/1112/1112 1101/1101/1101
f 1116/1116/1116 1118/1118/1118 1117/1117/1117
f 1118/1118/1118 1101/1101/1101 1117/1117/1117
f 1119/1119/1119 1117/1117/1117 1101/1101/1101
f 1120/1120/1120 1117/1117/1117 1119/1119/1119
f 1121/1121/1121 1119/1119/1119 1101/1101/1101
f 1122/1122/1122 1120/1120/1120 1119/1119/1119
f 1123/1123/1123 1120/1120/1120 1122/1122/1122
f 1123/1123/1123 1124/1124/1124 1120/1120/1120
f 1124/1124/1124 1125/1125/1125 1120/1120/1120
f 1124/1124/1124 1126/1126/1126 1125/1125/1125
f 1121/1121/1121 1101/1101/1101 1100/1100/1100
f 1127/1127/1127 1121/1121/1121 1100/1100/1100
f 1127/1127/1127 1100/1100/1100 1128/1128/1128
f 1126/1126/1126 1097/1097/1097 1125/1125/1125
f 1128/1128/1128 1100/1100/1100 1097/1097/1097
f 1126/1126/1126 1129/1129/1129 1097/1097/1097
f 1129/1129/1129 1128/1128/1128 1097/1097/1097
f 1132/1132/1132 1131/1131/1131 1130/1130/1130
f 1133/1133/1133 1132/1132/1132 1130/1130/1130
f 1134/1134/1134 1132/1132/1132 1133/1133/1133
f 1135/1135/1135 1134/1134/1134 1133/1133/1133
f 1136/1136/1136 1134/1134/1134 1135/1135/1135
f 1137/1137/1137 1136/1136/1136 1135/1135/1135
f 1140/1140/1140 1139/1139/1139 1138/1138/1138
f 1141/1141/1141 1140/1140/1140 1138/1138/1138
f 1144/1144/1144 1143/1143/1143 1142/1142/1142
f 1145/1145/1145 1144/1144/1144 1142/1142/1142
f 1147/1147/1147 1144/1144/1144 1146/1146/1146
f 1149/1149/1149 1147/1147/1147 1148/1148/1148
f 1150/1150/1150 1149/1149/1149 1148/1148/1148
f 1151/1151/1151 1150/1150/1150 1148/1148/1148
f 1154/1154/1154 1153/1153/1153 1152/1152/1152
f 1155/1155/1155 1154/1154/1154 1152/1152/1152
f 1158/1158/1158 1157/1157/1157 1156/1156/1156
f 1159/1159/1159 1158/1158/1158 1156/1156/1156
f 1162/1162/1162 1161/1161/1161 1160/1160/1160
f 1163/1163/1163 1162/1162/1162 1160/1160/1160
f 1166/1166/1166 1165/1165/1165 1164/1164/1164
f 1167/1167/1167 1166/1166/1166 1164/1164/1164
f 1170/1170/1170 1169/1169/1169 1168/1168/1168
f 1171/1171/1171 1170/1170/1170 1168/1168/1168
f 1174/1174/1174 1173/1173/1173 1172/1172/1172
f 1175/1175/1175 1174/1174/1174 1172/1172/1172
f 1178/1178/1178 1177/1177/1177 1176/1176/1176
f 1179/1179/1179 1178/1178/1178 1176/1176/1176
f 1182/1182/1182 1181/1181/1181 1180/1180/1180
f 1183/1183/1183 1182/1182/1182 1180/1180/1180
f 1186/1186/1186 1185/1185/1185 1184/1184/1184
f 1187/1187/1187 1186/1186/1186 1184/1184/1184
f 1190/1190/1190 1189/1189/1189 1188/1188/1188
f 1191/1191/1191 1190/1190/1190 1188/1188/1188
f 1188/1188/1188 1192/1192/1192 1191/1191/1191
f 1192/1192/1192 1193/1193/1193 1191/1191/1191
f 1194/1194/1194 1193/1193/1193 1192/1192/1192
f 1195/1195/1195 1194/1194/1194 1192/1192/1192
f 1196/1196/1196 1194/1194/1194 1195/1195/1195
f 1197/1197/1197 1196/1196/1196 1195/1195/1195
f 1200/1200/1200 1199/1199/1199 1198/1198/1198
f 1201/1201/1201 1200/1200/1200 1198/1198/1198
f 1202/1202/1202 1200/1200/1200 1201/1201/1201
f 1203/1203/1203 1202/1202/1202 1201/1201/1201
f 1202/1202/1202 1203/1203/1203 1204/1204/1204
f 1205/1205/1205 1202/1202/1202 1204/1204/1204
f 1206/1206/1206 1205/1205/1205 1204/1204/1204
f 1207/1207/1207 1206/1206/1206 1204/1204/1204
f 1210/1210/1210 1209/1209/1209 1208/1208/1208
f 1211/1211/1211 1210/1210/1210 1208/1208/1208
f 1208/1208/1208 1212/1212/1212 1211/1211/1211
f 1213/1213/1213 1212/1212/1212 1208/1208/1208
f 1208/1208/1208 1214/1214/1214 1213/1213/1213
f 1214/1214/1214 1215/1215/1215 1213/1213/1213
f 1215/1215/1215 1216/1216/1216 1213/1213/1213
f 1219/1219/1219 1218/1218/1218 1217/1217/1217
f 1220/1220/1220 1219/1219/1219 1217/1217/1217
f 1223/1223/1223 1222/1222/1222 1221/1221/1221
f 1224/1224/1224 1223/1223/1223 1221/1221/1221
f 1221/1221/1221 1225/1225/1225 1224/1224/1224
f 1225/1225/1225 1226/1226/1226 1224/1224/1224
f 1227/1227/1227 1226/1226/1226 1225/1225/1225
f 1228/1228/1228 1227/1227/1227 1225/1225/1225
f 1229/1229/1229 1227/1227/1227 1228/1228/1228
f 1230/1230/1230 1229/1229/1229 1228/1228/1228
f 1233/1233/1233 1232/1232/1232 1231/1231/1231
f 1234/1234/1234 1233/1233/1233 1231/1231/1231
f 1235/1235/1235 1233/1233/1233 1234/1234/1234
f 1236/1236/1236 1235/1235/1235 1234/1234/1234
f 1235/1235/1235 1236/1236/1236 1237/1237/1237
f 1238/1238/1238 1235/1235/1235 1237/1237/1237
f 1239/1239/1239 1238/1238/1238 1237/1237/1237
f 1240/1240/1240 1239/1239/1239 1237/1237/1237
f 1243/1243/1243 1242/1242/1242 1241/1241/1241
f 1241/1241/1241 1244/1244/1244 1243/1243/1243
f 1241/1241/1241 1245/1245/1245 1244/1244/1244
f 1246/1246/1246 1243/1243/1243 1244/1244/1244
f 1244/1244/1244 1247/1247/1247 1246/1246/1246
f 1247/1247/1247 1248/1248/1248 1246/1246/1246
f 1248/1248/1248 1249/1249/1249 1246/1246/1246
f 1252/1252/1252 1251/1251/1251 1250/1250/1250
f 1253/1253/1253 1252/1252/1252 1250/1250/1250
f 1256/1256/1256 1255/1255/1255 1254/1254/1254
f 1257/1257/1257 1256/1256/1256 1254/1254/1254
f 1254/1254/1254 1258/1258/1258 1257/1257/1257
f 1258/1258/1258 1259/1259/1259 1257/1257/1257
f 1260/1260/1260 1259/1259/1259 1258/1258/1258
f 1261/1261/1261 1260/1260/1260 1258/1258/1258
f 1262/1262/1262 1260/1260/1260 1261/1261/1261
f 1263/1263/1263 1262/1262/1262 1261/1261/1261
f 1266/1266/1266 1265/1265/1265 1264/1264/1264
f 1267/1267/1267 1266/1266/1266 1264/1264/1264
f 1268/1268/1268 1266/1266/1266 1267/1267/1267
f 1269/1269/1269 1268/1268/1268 1267/1267/1267
f 1268/1268/1268 1269/1269/1269 1270/1270/1270
f 1271/1271/1271 1268/1268/1268 1270/1270/1270
f 1272/1272/1272 1271/1271/1271 1270/1270/1270
f 1273/1273/1273 1272/1272/1272 1270/1270/1270
f 1276/1276/1276 1275/1275/1275 1274/1274/1274
f 1277/1277/1277 1276/1276/1276 1274/1274/1274
f 1274/1274/1274 1278/1278/1278 1277/1277/1277
f 1278/1278/1278 1274/1274/1274 1279/1279/1279
f 1279/1279/1279 1280/1280/1280 1278/1278/1278
f 1274/1274/1274 1281/1281/1281 1279/1279/1279
f 1274/1274/1274 1282/1282/1282 1281/1281/1281
f 1285/1285/1285 1284/1284/1284 1283/1283/1283
f 1286/1286/1286 1285/1285/1285 1283/1283/1283
f 1289/1289/1289 1288/1288/1288 1287/1287/1287
f 1290/1290/1290 1289/1289/1289 1287/1287/1287
f 1287/1287/1287 1291/1291/1291 1290/1290/1290
f 1291/1291/1291 1292/1292/1292 1290/1290/1290
f 1293/1293/1293 1292/1292/1292 1291/1291/1291
f 1294/1294/1294 1293/1293/1293 1291/1291/1291
f 1295/1295/1295 1293/1293/1293 1294/1294/1294
f 1296/1296/1296 1295/1295/1295 1294/1294/1294
f 1299/1299/1299 1298/1298/1298 1297/1297/1297
f 1300/1300/1300 1299/1299/1299 1297/1297/1297
f 1301/1301/1301 1299/1299/1299 1300/1300/1300
f 1302/1302/1302 1301/1301/1301 1300/1300/1300
f 1301/1301/1301 1302/1302/1302 1303/1303/1303
f 1304/1304/1304 1301/1301/1301 1303/1303/1303
f 1305/1305/1305 1304/1304/1304 1303/1303/1303
f 1306/1306/1306 1305/1305/1305 1303/1303/1303
f 1309/1309/1309 1308/1308/1308 1307/1307/1307
f 1310/1310/1310 1309/1309/1309 1307/1307/1307
f 1307/1307/1307 1311/1311/1311 1310/1310/1310
f 1311/1311/1311 1307/1307/1307 1312/1312/1312
f 1312/1312/1312 1313/1313/1313 1311/1311/1311
f 1307/1307/1307 1314/1314/1314 1312/1312/1312
f 1307/1307/1307 1315/1315/1315 1314/1314/1314
f 1318/1318/1318 1317/1317/1317 1316/1316/1316
f 1319/1319/1319 1318/1318/1318 1316/1316/1316
f 1322/1322/1322 1321/1321/1321 1320/1320/1320
f 1323/1323/1323 1322/1322/1322 1320/1320/1320
f 1320/1320/1320 1324/1324/1324 1323/1323/1323
f 1324/1324/1324 1325/1325/1325 1323/1323/1323
f 1326/1326/1326 1325/1325/1325 1324/1324/1324
f 1327/1327/1327 1326/1326/1326 1324/1324/1324
f 1328/1328/1328 1326/1326/1326 1327/1327/1327
f 1329/1329/1329 1328/1328/1328 1327/1327/1327
f 1332/1332/1332 1331/1331/1331 1330/1330/1330
f 1333/1333/1333 1332/1332/1332 1330/1330/1330
f 1334/1334/1334 1332/1332/1332 1333/1333/1333
f 1335/1335/1335 1334/1334/1334 1333/1333/1333
f 1334/1334/1334 1335/1335/1335 1336/1336/1336
f 1337/1337/1337 1334/1334/1334 1336/1336/1336
f 1338/1338/1338 1337/1337/1337 1336/1336/1336
f 1339/1339/1339 1338/1338/1338 1336/1336/1336
f 1342/1342/1342 1341/1341/1341 1340/1340/1340
f 1343/1343/1343 1342/1342/1342 1340/1340/1340
f 1340/1340/1340 1344/1344/1344 1343/1343/1343
f 1344/1344/1344 1340/1340/1340 1345/1345/1345
f 1345/1345/1345 1346/1346/1346 1344/1344/1344
f 1340/1340/1340 1347/1347/1347 1345/1345/1345
f 1340/1340/1340 1348/1348/1348 1347/1347/1347
f 1351/1351/1351 1350/1350/1350 1349/1349/1349
f 1352/1352/1352 1351/1351/1351 1349/1349/1349
f 1355/1355/1355 1354/1354/1354 1353/1353/1353
f 1356/1356/1356 1355/1355/1355 1353/1353/1353
f 1353/1353/1353 1357/1357/1357 1356/1356/1356
f 1357/1357/1357 1358/1358/1358 1356/1356/1356
f 1359/1359/1359 1358/1358/1358 1357/1357/1357
f 1360/1360/1360 1359/1359/1359 1357/1357/1357
f 1361/1361/1361 1359/1359/1359 1360/1360/1360
f 1362/1362/1362 1361/1361/1361 1360/1360/1360
f 1365/1365/1365 1364/1364/1364 1363/1363/1363
f 1366/1366/1366 1365/1365/1365 1363/1363/1363
f 1367/1367/1367 1365/1365/1365 1366/1366/1366
f 1368/1368/1368 1367/1367/1367 1366/1366/1366
f 1367/1367/1367 1368/1368/1368 1369/1369/1369
f 1370/1370/1370 1367/1367/1367 1369/1369/1369
f 1371/1371/1371 1370/1370/1370 1369/1369/1369
f 1372/1372/1372 1371/1371/1371 1369/1369/1369
f 1375/1375/1375 1374/1374/1374 1373/1373/1373
f 1376/1376/1376 1375/1375/1375 1373/1373/1373
f 1373/1373/1373 1377/1377/1377 1376/1376/1376
f 1377/1377/1377 1373/1373/1373 1378/1378/1378
f 1378/1378/1378 1379/1379/1379 1377/1377/1377
f 1373/1373/1373 1380/1380/1380 1378/1378/1378
f 1373/1373/1373 1381/1381/1381 1380/1380/1380
f 1384/1384/1384 1383/1383/1383 1382/1382/1382
f 1385/1385/1385 1384/1384/1384 1382/1382/1382
f 1388/1388/1388 1387/1387/1387 1386/1386/1386
f 1387/1387/1387 1389/1389/1389 1386/1386/1386
f 1386/1386/1386 1389/1389/1389 1390/1390/1390
f 1387/1387/1387 1391/1391/1391 1389/1389/1389
f 1389/1389/1389 1392/1392/1392 1390/1390/1390
f 1390/1390/1390 1392/1392/1392 1393/1393/1393
f 1392/1392/1392 1394/1394/1394 1393/1393/1393
f 1391/1391/1391 1395/1395/1395 1389/1389/1389
f 1391/1391/1391 1396/1396/1396 1395/1395/1395
f 1396/1396/1396 1397/1397/1397 1395/1395/1395
f 1397/1397/1397 1396/1396/1396 1398/1398/1398
f 1396/1396/1396 1399/1399/1399 1398/1398/1398
f 1402/1402/1402 1401/1401/1401 1400/1400/1400
f 1403/1403/1403 1402/1402/1402 1400/1400/1400
f 1406/1406/1406 1405/1405/1405 1404/1404/1404
f 1405/1405/1405 1407/1407/1407 1404/1404/1404
f 1407/1407/1407 1408/1408/1408 1404/1404/1404
f 1404/1404/1404 1408/1408/1408 1409/1409/1409
f 1408/1408/1408 1410/1410/1410 1409/1409/1409
f 1413/1413/1413 1412/1412/1412 1411/1411/1411
f 1414/1414/1414 1413/1413/1413 1411/1411/1411
f 1416/1416/1416 1413/1413/1413 1415/1415/1415
f 1417/1417/1417 1416/1416/1416 1415/1415/1415
f 1416/1416/1416 1418/1418/1418 1413/1413/1413
f 1418/1418/1418 1419/1419/1419 1413/1413/1413
f 1419/1419/1419 1418/1418/1418 1420/1420/1420
f 1421/1421/1421 1419/1419/1419 1420/1420/1420
f 1421/1421/1421 1420/1420/1420 1422/1422/1422
f 1420/1420/1420 1423/1423/1423 1422/1422/1422
f 1423/1423/1423 1420/1420/1420 1424/1424/1424
f 1425/1425/1425 1423/1423/1423 1424/1424/1424
f 1420/1420/1420 1426/1426/1426 1424/1424/1424
f 1426/1426/1426 1427/1427/1427 1424/1424/1424
f 1427/1427/1427 1426/1426/1426 1428/1428/1428
f 1426/1426/1426 1429/1429/1429 1428/1428/1428
f 1432/1432/1432 1431/1431/1431 1430/1430/1430
f 1433/1433/1433 1432/1432/1432 1430/1430/1430
f 1436/1436/1436 1435/1435/1435 1434/1434/1434
f 1437/1437/1437 1436/1436/1436 1434/1434/1434
f 1438/1438/1438 1436/1436/1436 1437/1437/1437
f 1439/1439/1439 1438/1438/1438 1437/1437/1437
f 1440/1440/1440 1439/1439/1439 1437/1437/1437
f 1441/1441/1441 1439/1439/1439 1440/1440/1440
f 1442/1442/1442 1441/1441/1441 1440/1440/1440
f 1443/1443/1443 1441/1441/1441 1442/1442/1442
f 1446/1446/1446 1445/1445/1445 1444/1444/1444
f 1447/1447/1447 1445/1445/1445 1446/1446/1446
f 1448/1448/1448 1447/1447/1447 1446/1446/1446
f 1448/1448/1448 1446/1446/1446 1449/1449/1449
f 1449/1449/1449 1446/1446/1446 1450/1450/1450
f 1447/1447/1447 1451/1451/1451 1445/1445/1445
f 1447/1447/1447 1448/1448/1448 1452/1452/1452
f 1451/1451/1451 1447/1447/1447 1452/1452/1452
f 1448/1448/1448 1453/1453/1453 1452/1452/1452
f 1453/1453/1453 1448/1448/1448 1449/1449/1449
f 1454/1454/1454 1451/1451/1451 1452/1452/1452
f 1453/1453/1453 1455/1455/1455 1452/1452/1452
f 1451/1451/1451 1456/1456/1456 1445/1445/1445
f 1451/1451/1451 1454/1454/1454 1456/1456/1456
f 1445/1445/1445 1456/1456/1456 1457/1457/1457
f 1453/1453/1453 1449/1449/1449 1458/1458/1458
f 1455/1455/1455 1453/1453/1453 1458/1458/1458
f 1458/1458/1458 1449/1449/1449 1459/1459/1459
f 1456/1456/1456 1460/1460/1460 1457/1457/1457
f 1457/1457/1457 1460/1460/1460 1461/1461/1461
f 1454/1454/1454 1462/1462/1462 1456/1456/1456
f 1456/1456/1456 1462/1462/1462 1460/1460/1460
f 1455/1455/1455 1458/1458/1458 1463/1463/1463
f 1463/1463/1463 1458/1458/1458 1464/1464/1464
f 1460/1460/1460 1465/1465/1465 1461/1461/1461
f 1461/1461/1461 1465/1465/1465 1466/1466/1466
f 1467/1467/1467 1455/1455/1455 1463/1463/1463
f 1455/1455/1455 1467/1467/1467 1452/1452/1452
f 1467/1467/1467 1463/1463/1463 1468/1468/1468
f 1468/1468/1468 1463/1463/1463 1469/1469/1469
f 1454/1454/1454 1470/1470/1470 1462/1462/1462
f 1470/1470/1470 1454/1454/1454 1452/1452/1452
f 1462/1462/1462 1471/1471/1471 1460/1460/1460
f 1460/1460/1460 1471/1471/1471 1465/1465/1465
f 1465/1465/1465 1472/1472/1472 1466/1466/1466
f 1466/1466/1466 1472/1472/1472 1473/1473/1473
f 1470/1470/1470 1474/1474/1474 1462/1462/1462
f 1462/1462/1462 1474/1474/1474 1471/1471/1471
f 1475/1475/1475 1470/1470/1470 1452/1452/1452
f 1470/1470/1470 1475/1475/1475 1474/1474/1474
f 1475/1475/1475 1476/1476/1476 1474/1474/1474
f 1474/1474/1474 1476/1476/1476 1477/1477/1477
f 1474/1474/1474 1477/1477/1477 1471/1471/1471
f 1476/1476/1476 1478/1478/1478 1477/1477/1477
f 1471/1471/1471 1479/1479/1479 1465/1465/1465
f 1471/1471/1471 1477/1477/1477 1479/1479/1479
f 1465/1465/1465 1479/1479/1479 1472/1472/1472
f 1477/1477/1477 1478/1478/1478 1480/1480/1480
f 1477/1477/1477 1480/1480/1480 1479/1479/1479
f 1478/1478/1478 1481/1481/1481 1480/1480/1480
f 1472/1472/1472 1482/1482/1482 1473/1473/1473
f 1473/1473/1473 1482/1482/1482 1483/1483/1483
f 1479/1479/1479 1484/1484/1484 1472/1472/1472
f 1479/1479/1479 1480/1480/1480 1484/1484/1484
f 1472/1472/1472 1484/1484/1484 1482/1482/1482
f 1480/1480/1480 1481/1481/1481 1485/1485/1485
f 1480/1480/1480 1485/1485/1485 1484/1484/1484
f 1481/1481/1481 1486/1486/1486 1485/1485/1485
f 1482/1482/1482 1487/1487/1487 1483/1483/1483
f 1483/1483/1483 1487/1487/1487 1488/1488/1488
f 1487/1487/1487 1489/1489/1489 1488/1488/1488
f 1484/1484/1484 1490/1490/1490 1482/1482/1482
f 1484/1484/1484 1485/1485/1485 1490/1490/1490
f 1482/1482/1482 1490/1490/1490 1487/1487/1487
f 1485/1485/1485 1486/1486/1486 1491/1491/1491
f 1485/1485/1485 1491/1491/1491 1490/1490/1490
f 1486/1486/1486 1492/1492/1492 1491/1491/1491
f 1487/1487/1487 1493/1493/1493 1489/1489/1489
f 1490/1490/1490 1493/1493/1493 1487/1487/1487
f 1490/1490/1490 1491/1491/1491 1493/1493/1493
f 1493/1493/1493 1494/1494/1494 1489/1489/1489
f 1491/1491/1491 1492/1492/1492 1495/1495/1495
f 1491/1491/1491 1495/1495/1495 1493/1493/1493
f 1493/1493/1493 1495/1495/1495 1494/1494/1494
f 1492/1492/1492 1496/1496/1496 1495/1495/1495
f 1495/1495/1495 1497/1497/1497 1494/1494/1494
f 1495/1495/1495 1496/1496/1496 1497/1497/1497
f 1496/1496/1496 1498/1498/1498 1497/1497/1497
f 1501/1501/1501 1500/1500/1500 1499/1499/1499
f 1502/1502/1502 1501/1501/1501 1499/1499/1499
f 1502/1502/1502 1499/1499/1499 1503/1503/1503
f 1504/1504/1504 1501/1501/1501 1502/1502/1502
f 1505/1505/1505 1502/1502/1502 1503/1503/1503
f 1505/1505/1505 1503/1503/1503 1506/1506/1506
f 1507/1507/1507 1505/1505/1505 1506/1506/1506
f 1508/1508/1508 1504/1504/1504 1502/1502/1502
f 1508/1508/1508 1502/1502/1502 1505/1505/1505
f 1509/1509/1509 1504/1504/1504 1508/1508/1508
f 1510/1510/1510 1505/1505/1505 1507/1507/1507
f 1510/1510/1510 1508/1508/1508 1505/1505/1505
f 1511/1511/1511 1510/1510/1510 1507/1507/1507
f 1512/1512/1512 1509/1509/1509 1508/1508/1508
f 1512/1512/1512 1508/1508/1508 1510/1510/1510
f 1513/1513/1513 1509/1509/1509 1512/1512/1512
f 1514/1514/1514 1510/1510/1510 1511/1511/1511
f 1514/1514/1514 1512/1512/1512 1510/1510/1510
f 1515/1515/1515 1514/1514/1514 1511/1511/1511
f 1516/1516/1516 1513/1513/1513 1512/1512/1512
f 1516/1516/1516 1512/1512/1512 1514/1514/1514
f 1469/1469/1469 1513/1513/1513 1516/1516/1516
f 1517/1517/1517 1514/1514/1514 1515/1515/1515
f 1517/1517/1517 1516/1516/1516 1514/1514/1514
f 1518/1518/1518 1517/1517/1517 1515/1515/1515
f 1519/1519/1519 1469/1469/1469 1516/1516/1516
f 1519/1519/1519 1516/1516/1516 1517/1517/1517
f 1468/1468/1468 1469/1469/1469 1519/1519/1519
f 1520/1520/1520 1517/1517/1517 1518/1518/1518
f 1520/1520/1520 1519/1519/1519 1517/1517/1517
f 1521/1521/1521 1520/1520/1520 1518/1518/1518
f 1522/1522/1522 1468/1468/1468 1519/1519/1519
f 1522/1522/1522 1519/1519/1519 1520/1520/1520
f 1523/1523/1523 1520/1520/1520 1521/1521/1521
f 1523/1523/1523 1522/1522/1522 1520/1520/1520
f 1524/1524/1524 1523/1523/1523 1521/1521/1521
f 1525/1525/1525 1468/1468/1468 1522/1522/1522
f 1525/1525/1525 1467/1467/1467 1468/1468/1468
f 1467/1467/1467 1525/1525/1525 1452/1452/1452
f 1526/1526/1526 1525/1525/1525 1522/1522/1522
f 1526/1526/1526 1522/1522/1522 1523/1523/1523
f 1525/1525/1525 1526/1526/1526 1452/1452/1452
f 1527/1527/1527 1523/1523/1523 1524/1524/1524
f 1527/1527/1527 1526/1526/1526 1523/1523/1523
f 1526/1526/1526 1527/1527/1527 1452/1452/1452
f 1528/1528/1528 1527/1527/1527 1524/1524/1524
f 1527/1527/1527 1528/1528/1528 1452/1452/1452
f 1531/1531/1531 1530/1530/1530 1529/1529/1529
f 1532/1532/1532 1531/1531/1531 1529/1529/1529
f 1532/1532/1532 1529/1529/1529 1533/1533/1533
f 1534/1534/1534 1531/1531/1531 1532/1532/1532
f 1535/1535/1535 1532/1532/1532 1533/1533/1533
f 1535/1535/1535 1533/1533/1533 1536/1536/1536
f 1537/1537/1537 1534/1534/1534 1532/1532/1532
f 1537/1537/1537 1532/1532/1532 1535/1535/1535
f 1538/1538/1538 1534/1534/1534 1537/1537/1537
f 1539/1539/1539 1535/1535/1535 1536/1536/1536
f 1539/1539/1539 1536/1536/1536 1540/1540/1540
f 1541/1541/1541 1537/1537/1537 1535/1535/1535
f 1541/1541/1541 1535/1535/1535 1539/1539/1539
f 1542/1542/1542 1538/1538/1538 1537/1537/1537
f 1542/1542/1542 1537/1537/1537 1541/1541/1541
f 1543/1543/1543 1538/1538/1538 1542/1542/1542
f 1544/1544/1544 1539/1539/1539 1540/1540/1540
f 1544/1544/1544 1540/1540/1540 1545/1545/1545
f 1546/1546/1546 1541/1541/1541 1539/1539/1539
f 1546/1546/1546 1539/1539/1539 1544/1544/1544
f 1547/1547/1547 1543/1543/1543 1542/1542/1542
f 1548/1548/1548 1543/1543/1543 1547/1547/1547
f 1549/1549/1549 1542/1542/1542 1541/1541/1541
f 1549/1549/1549 1541/1541/1541 1546/1546/1546
f 1547/1547/1547 1542/1542/1542 1549/1549/1549
f 1550/1550/1550 1544/1544/1544 1545/1545/1545
f 1550/1550/1550 1545/1545/1545 1551/1551/1551
f 1552/1552/1552 1548/1548/1548 1547/1547/1547
f 1553/1553/1553 1548/1548/1548 1552/1552/1552
f 1554/1554/1554 1546/1546/1546 1544/1544/1544
f 1554/1554/1554 1544/1544/1544 1550/1550/1550
f 1555/1555/1555 1547/1547/1547 1549/1549/1549
f 1552/1552/1552 1547/1547/1547 1555/1555/1555
f 1556/1556/1556 1549/1549/1549 1546/1546/1546
f 1556/1556/1556 1546/1546/1546 1554/1554/1554
f 1555/1555/1555 1549/1549/1549 1556/1556/1556
f 1557/1557/1557 1550/1550/1550 1551/1551/1551
f 1557/1557/1557 1551/1551/1551 1558/1558/1558
f 1559/1559/1559 1553/1553/1553 1552/1552/1552
f 1560/1560/1560 1553/1553/1553 1559/1559/1559
f 1561/1561/1561 1554/1554/1554 1550/1550/1550
f 1561/1561/1561 1550/1550/1550 1557/1557/1557
f 1562/1562/1562 1556/1556/1556 1554/1554/1554
f 1562/1562/1562 1554/1554/1554 1561/1561/1561
f 1563/1563/1563 1552/1552/1552 1555/1555/1555
f 1559/1559/1559 1552/1552/1552 1563/1563/1563
f 1564/1564/1564 1555/1555/1555 1556/1556/1556
f 1564/1564/1564 1556/1556/1556 1562/1562/1562
f 1563/1563/1563 1555/1555/1555 1564/1564/1564
f 1565/1565/1565 1557/1557/1557 1558/1558/1558
f 1565/1565/1565 1558/1558/1558 1566/1566/1566
f 1567/1567/1567 1560/1560/1560 1559/1559/1559
f 1560/1560/1560 1567/1567/1567 1568/1568/1568
f 1569/1569/1569 1561/1561/1561 1557/1557/1557
f 1569/1569/1569 1557/1557/1557 1565/1565/1565
f 1570/1570/1570 1562/1562/1562 1561/1561/1561
f 1570/1570/1570 1561/1561/1561 1569/1569/1569
f 1571/1571/1571 1564/1564/1564 1562/1562/1562
f 1571/1571/1571 1562/1562/1562 1570/1570/1570
f 1572/1572/1572 1563/1563/1563 1564/1564/1564
f 1572/1572/1572 1564/1564/1564 1571/1571/1571
f 1573/1573/1573 1559/1559/1559 1563/1563/1563
f 1567/1567/1567 1559/1559/1559 1573/1573/1573
f 1573/1573/1573 1563/1563/1563 1572/1572/1572
f 1567/1567/1567 1574/1574/1574 1568/1568/1568
f 1574/1574/1574 1567/1567/1567 1573/1573/1573
f 1575/1575/1575 1573/1573/1573 1572/1572/1572
f 1574/1574/1574 1573/1573/1573 1575/1575/1575
f 1574/1574/1574 1576/1576/1576 1568/1568/1568
f 1576/1576/1576 1574/1574/1574 1575/1575/1575
f 1576/1576/1576 1577/1577/1577 1568/1568/1568
f 1577/1577/1577 1578/1578/1578 1568/1568/1568
f 1579/1579/1579 1572/1572/1572 1571/1571/1571
f 1575/1575/1575 1572/1572/1572 1579/1579/1579
f 1576/1576/1576 1575/1575/1575 1580/1580/1580
f 1577/1577/1577 1576/1576/1576 1580/1580/1580
f 1580/1580/1580 1575/1575/1575 1579/1579/1579
f 1579/1579/1579 1571/1571/1571 1581/1581/1581
f 1581/1581/1581 1571/1571/1571 1570/1570/1570
f 1577/1577/1577 1580/1580/1580 1582/1582/1582
f 1578/1578/1578 1577/1577/1577 1582/1582/1582
f 1580/1580/1580 1579/1579/1579 1583/1583/1583
f 1583/1583/1583 1579/1579/1579 1581/1581/1581
f 1582/1582/1582 1580/1580/1580 1583/1583/1583
f 1581/1581/1581 1570/1570/1570 1584/1584/1584
f 1584/1584/1584 1570/1570/1570 1569/1569/1569
f 1583/1583/1583 1581/1581/1581 1585/1585/1585
f 1585/1585/1585 1581/1581/1581 1584/1584/1584
f 1582/1582/1582 1583/1583/1583 1586/1586/1586
f 1586/1586/1586 1583/1583/1583 1585/1585/1585
f 1578/1578/1578 1582/1582/1582 1587/1587/1587
f 1587/1587/1587 1582/1582/1582 1586/1586/1586
f 1584/1584/1584 1569/1569/1569 1588/1588/1588
f 1588/1588/1588 1569/1569/1569 1565/1565/1565
f 1585/1585/1585 1584/1584/1584 1589/1589/1589
f 1589/1589/1589 1584/1584/1584 1588/1588/1588
f 1586/1586/1586 1585/1585/1585 1590/1590/1590
f 1590/1590/1590 1585/1585/1585 1589/1589/1589
f 1588/1588/1588 1565/1565/1565 1591/1591/1591
f 1591/1591/1591 1565/1565/1565 1566/1566/1566
f 1591/1591/1591 1566/1566/1566 1592/1592/1592
f 1589/1589/1589 1588/1588/1588 1593/1593/1593
f 1593/1593/1593 1588/1588/1588 1591/1591/1591
f 1594/1594/1594 1591/1591/1591 1592/1592/1592
f 1593/1593/1593 1591/1591/1591 1594/1594/1594
f 1594/1594/1594 1592/1592/1592 1595/1595/1595
f 1596/1596/1596 1589/1589/1589 1593/1593/1593
f 1590/1590/1590 1589/1589/1589 1596/1596/1596
f 1597/1597/1597 1586/1586/1586 1590/1590/1590
f 1587/1587/1587 1586/1586/1586 1597/1597/1597
f 1598/1598/1598 1594/1594/1594 1595/1595/1595
f 1598/1598/1598 1595/1595/1595 1599/1599/1599
f 1600/1600/1600 1593/1593/1593 1594/1594/1594
f 1596/1596/1596 1593/1593/1593 1600/1600/1600
f 1600/1600/1600 1594/1594/1594 1598/1598/1598
f 1601/1601/1601 1590/1590/1590 1596/1596/1596
f 1597/1597/1597 1590/1590/1590 1601/1601/1601
f 1602/1602/1602 1598/1598/1598 1599/1599/1599
f 1602/1602/1602 1599/1599/1599 1603/1603/1603
f 1604/1604/1604 1602/1602/1602 1603/1603/1603
f 1605/1605/1605 1600/1600/1600 1598/1598/1598
f 1605/1605/1605 1598/1598/1598 1602/1602/1602
f 1606/1606/1606 1596/1596/1596 1600/1600/1600
f 1601/1601/1601 1596/1596/1596 1606/1606/1606
f 1606/1606/1606 1600/1600/1600 1605/1605/1605
f 1607/1607/1607 1602/1602/1602 1604/1604/1604
f 1607/1607/1607 1605/1605/1605 1602/1602/1602
f 1608/1608/1608 1607/1607/1607 1604/1604/1604
f 1609/1609/1609 1606/1606/1606 1605/1605/1605
f 1609/1609/1609 1605/1605/1605 1607/1607/1607
f 1610/1610/1610 1607/1607/1607 1608/1608/1608
f 1610/1610/1610 1609/1609/1609 1607/1607/1607
f 1611/1611/1611 1610/1610/1610 1608/1608/1608
f 1612/1612/1612 1601/1601/1601 1606/1606/1606
f 1612/1612/1612 1606/1606/1606 1609/1609/1609
f 1613/1613/1613 1609/1609/1609 1610/1610/1610
f 1613/1613/1613 1612/1612/1612 1609/1609/1609
f 1614/1614/1614 1610/1610/1610 1611/1611/1611
f 1614/1614/1614 1613/1613/1613 1610/1610/1610
f 1615/1615/1615 1614/1614/1614 1611/1611/1611
f 1616/1616/1616 1601/1601/1601 1612/1612/1612
f 1616/1616/1616 1597/1597/1597 1601/1601/1601
f 1617/1617/1617 1612/1612/1612 1613/1613/1613
f 1617/1617/1617 1616/1616/1616 1612/1612/1612
f 1618/1618/1618 1613/1613/1613 1614/1614/1614
f 1618/1618/1618 1617/1617/1617 1613/1613/1613
f 1619/1619/1619 1614/1614/1614 1615/1615/1615
f 1619/1619/1619 1618/1618/1618 1614/1614/1614
f 1620/1620/1620 1619/1619/1619 1615/1615/1615
f 1621/1621/1621 1597/1597/1597 1616/1616/1616
f 1621/1621/1621 1587/1587/1587 1597/1597/1597
f 1622/1622/1622 1616/1616/1616 1617/1617/1617
f 1622/1622/1622 1621/1621/1621 1616/1616/1616
f 1623/1623/1623 1617/1617/1617 1618/1618/1618
f 1623/1623/1623 1622/1622/1622 1617/1617/1617
f 1624/1624/1624 1618/1618/1618 1619/1619/1619
f 1624/1624/1624 1623/1623/1623 1618/1618/1618
f 1625/1625/1625 1619/1619/1619 1620/1620/1620
f 1625/1625/1625 1624/1624/1624 1619/1619/1619
f 1626/1626/1626 1625/1625/1625 1620/1620/1620
f 1627/1627/1627 1587/1587/1587 1621/1621/1621
f 1627/1627/1627 1578/1578/1578 1587/1587/1587
f 1578/1578/1578 1627/1627/1627 1568/1568/1568
f 1628/1628/1628 1627/1627/1627 1621/1621/1621
f 1628/1628/1628 1621/1621/1621 1622/1622/1622
f 1627/1627/1627 1628/1628/1628 1568/1568/1568
f 1629/1629/1629 1628/1628/1628 1622/1622/1622
f 1629/1629/1629 1622/1622/1622 1623/1623/1623
f 1628/1628/1628 1629/1629/1629 1568/1568/1568
f 1630/1630/1630 1629/1629/1629 1623/1623/1623
f 1630/1630/1630 1623/1623/1623 1624/1624/1624
f 1629/1629/1629 1630/1630/1630 1568/1568/1568
f 1631/1631/1631 1630/1630/1630 1624/1624/1624
f 1631/1631/1631 1624/1624/1624 1625/1625/1625
f 1630/1630/1630 1631/1631/1631 1568/1568/1568
f 1632/1632/1632 1625/1625/1625 1626/1626/1626
f 1632/1632/1632 1631/1631/1631 1625/1625/1625
f 1631/1631/1631 1632/1632/1632 1568/1568/1568
f 1633/1633/1633 1632/1632/1632 1626/1626/1626
f 1632/1632/1632 1633/1633/1633 1568/1568/1568
f 1636/1636/1636 1635/1635/1635 1634/1634/1634
f 1637/1637/1637 1636/1636/1636 1634/1634/1634
f 1637/1637/1637 1634/1634/1634 1638/1638/1638
f 1639/1639/1639 1636/1636/1636 1637/1637/1637
f 1640/1640/1640 1637/1637/1637 1638/1638/1638
f 1641/1641/1641 1639/1639/1639 1637/1637/1637
f 1641/1641/1641 1637/1637/1637 1640/1640/1640
f 1642/1642/1642 1639/1639/1639 1641/1641/1641
f 1643/1643/1643 1641/1641/1641 1640/1640/1640
f 1644/1644/1644 1643/1643/1643 1640/1640/1640
f 1645/1645/1645 1642/1642/1642 1641/1641/1641
f 1645/1645/1645 1641/1641/1641 1643/1643/1643
f 1646/1646/1646 1642/1642/1642 1645/1645/1645
f 1647/1647/1647 1645/1645/1645 1643/1643/1643
f 1644/1644/1644 1647/1647/1647 1643/1643/1643
f 1648/1648/1648 1646/1646/1646 1645/1645/1645
f 1648/1648/1648 1645/1645/1645 1647/1647/1647
f 1644/1644/1644 1648/1648/1648 1647/1647/1647
f 1649/1649/1649 1646/1646/1646 1648/1648/1648
f 1650/1650/1650 1649/1649/1649 1648/1648/1648
f 1650/1650/1650 1648/1648/1648 1644/1644/1644
f 1651/1651/1651 1650/1650/1650 1644/1644/1644
f 1654/1654/1654 1653/1653/1653 1652/1652/1652
f 1655/1655/1655 1654/1654/1654 1652/1652/1652
f 1656/1656/1656 1654/1654/1654 1655/1655/1655
f 1655/1655/1655 1652/1652/1652 1657/1657/1657
f 1658/1658/1658 1656/1656/1656 1655/1655/1655
f 1659/1659/1659 1656/1656/1656 1658/1658/1658
f 1660/1660/1660 1655/1655/1655 1657/1657/1657
f 1658/1658/1658 1655/1655/1655 1660/1660/1660
f 1661/1661/1661 1659/1659/1659 1658/1658/1658
f 1662/1662/1662 1659/1659/1659 1661/1661/1661
f 1663/1663/1663 1658/1658/1658 1660/1660/1660
f 1661/1661/1661 1658/1658/1658 1663/1663/1663
f 1664/1664/1664 1662/1662/1662 1661/1661/1661
f 1665/1665/1665 1662/1662/1662 1664/1664/1664
f 1666/1666/1666 1665/1665/1665 1664/1664/1664
f 1667/1667/1667 1661/1661/1661 1663/1663/1663
f 1664/1664/1664 1661/1661/1661 1667/1667/1667
f 1666/1666/1666 1664/1664/1664 1668/1668/1668
f 1668/1668/1668 1664/1664/1664 1667/1667/1667
f 1668/1668/1668 1667/1667/1667 1663/1663/1663
f 1663/1663/1663 1660/1660/1660 1668/1668/1668
f 1669/1669/1669 1666/1666/1666 1668/1668/1668
f 1660/1660/1660 1669/1669/1669 1668/1668/1668
f 1660/1660/1660 1657/1657/1657 1669/1669/1669
f 1657/1657/1657 1670/1670/1670 1669/1669/1669
f 1657/1657/1657 1671/1671/1671 1670/1670/1670
f 1674/1674/1674 1673/1673/1673 1672/1672/1672
f 1675/1675/1675 1674/1674/1674 1672/1672/1672
f 1675/1675/1675 1672/1672/1672 1676/1676/1676
f 1677/1677/1677 1675/1675/1675 1676/1676/1676
f 1677/1677/1677 1676/1676/1676 1678/1678/1678
f 1679/1679/1679 1677/1677/1677 1678/1678/1678
f 1679/1679/1679 1678/1678/1678 1680/1680/1680
f 1681/1681/1681 1679/1679/1679 1680/1680/1680
f 1681/1681/1681 1680/1680/1680 1682/1682/1682
f 1683/1683/1683 1681/1681/1681 1682/1682/1682
f 1686/1686/1686 1685/1685/1685 1684/1684/1684
f 1685/1685/1685 1687/1687/1687 1684/1684/1684
f 1685/1685/1685 1688/1688/1688 1687/1687/1687
f 1688/1688/1688 1689/1689/1689 1687/1687/1687
f 1688/1688/1688 1690/1690/1690 1689/1689/1689
f 1690/1690/1690 1691/1691/1691 1689/1689/1689
f 1690/1690/1690 1692/1692/1692 1691/1691/1691
f 1692/1692/1692 1693/1693/1693 1691/1691/1691
f 1692/1692/1692 1694/1694/1694 1693/1693/1693
f 1694/1694/1694 1695/1695/1695 1693/1693/1693
f 1698/1698/1698 1697/1697/1697 1696/1696/1696
f 1697/1697/1697 1699/1699/1699 1696/1696/1696
f 1696/1696/1696 1699/1699/1699 1700/1700/1700
f 1701/1701/1701 1699/1699/1699 1697/1697/1697
f 1702/1702/1702 1701/1701/1701 1697/1697/1697
f 1701/1701/1701 1702/1702/1702 1703/1703/1703
f 1699/1699/1699 1704/1704/1704 1700/1700/1700
f 1700/1700/1700 1704/1704/1704 1705/1705/1705
f 1704/1704/1704 1706/1706/1706 1705/1705/1705
f 1707/1707/1707 1706/1706/1706 1704/1704/1704
f 1708/1708/1708 1704/1704/1704 1699/1699/1699
f 1701/1701/1701 1708/1708/1708 1699/1699/1699
f 1708/1708/1708 1707/1707/1707 1704/1704/1704
f 1709/1709/1709 1701/1701/1701 1703/1703/1703
f 1708/1708/1708 1701/1701/1701 1709/1709/1709
f 1707/1707/1707 1708/1708/1708 1710/1710/1710
f 1710/1710/1710 1708/1708/1708 1709/1709/1709
f 1711/1711/1711 1707/1707/1707 1710/1710/1710
f 1712/1712/1712 1711/1711/1711 1710/1710/1710
f 1713/1713/1713 1709/1709/1709 1703/1703/1703
f 1714/1714/1714 1713/1713/1713 1703/1703/1703
f 1715/1715/1715 1710/1710/1710 1709/1709/1709
f 1715/1715/1715 1712/1712/1712 1710/1710/1710
f 1713/1713/1713 1715/1715/1715 1709/1709/1709
f 1712/1712/1712 1715/1715/1715 1716/1716/1716
f 1717/1717/1717 1712/1712/1712 1716/1716/1716
f 1716/1716/1716 1715/1715/1715 1718/1718/1718
f 1715/1715/1715 1713/1713/1713 1718/1718/1718
f 1718/1718/1718 1713/1713/1713 1719/1719/1719
f 1713/1713/1713 1714/1714/1714 1719/1719/1719
f 1719/1719/1719 1714/1714/1714 1720/1720/1720
f 1714/1714/1714 1721/1721/1721 1720/1720/1720
f 1721/1721/1721 1722/1722/1722 1720/1720/1720
f 1725/1725/1725 1724/1724/1724 1723/1723/1723
f 1726/1726/1726 1725/1725/1725 1723/1723/1723
f 1727/1727/1727 1725/1725/1725 1726/1726/1726
f 1728/1728/1728 1727/1727/1727 1726/1726/1726
f 1729/1729/1729 1727/1727/1727 1728/1728/1728
f 1730/1730/1730 1729/1729/1729 1728/1728/1728
f 1731/1731/1731 1729/1729/1729 1730/1730/1730
f 1732/1732/1732 1731/1731/1731 1730/1730/1730
f 1733/1733/1733 1731/1731/1731 1732/1732/1732
f 1734/1734/1734 1733/1733/1733 1732/1732/1732
f 1735/1735/1735 1733/1733/1733 1734/1734/1734
f 1736/1736/1736 1735/1735/1735 1734/1734/1734
f 1737/1737/1737 1735/1735/1735 1736/1736/1736
f 1738/1738/1738 1737/1737/1737 1736/1736/1736
f 1739/1739/1739 1737/1737/1737 1738/1738/1738
f 1740/1740/1740 1739/1739/1739 1738/1738/1738
f 1741/1741/1741 1739/1739/1739 1740/1740/1740
f 1742/1742/1742 1741/1741/1741 1740/1740/1740
f 1743/1743/1743 1741/1741/1741 1742/1742/1742
f 1744/1744/1744 1743/1743/1743 1742/1742/1742
f 1745/1745/1745 1743/1743/1743 1744/1744/1744
f 1746/1746/1746 1745/1745/1745 1744/1744/1744
f 1747/1747/1747 1745/1745/1745 1746/1746/1746
f 1748/1748/1748 1747/1747/1747 1746/1746/1746
f 1751/1751/1751 1750/1750/1750 1749/1749/1749
f 1750/1750/1750 1752/1752/1752 1749/1749/1749
f 1749/1749/1749 1752/1752/1752 1753/1753/1753
f 1752/1752/1752 1754/1754/1754 1753/1753/1753
f 1753/1753/1753 1754/1754/1754 1755/1755/1755
f 1754/1754/1754 1756/1756/1756 1755/1755/1755
f 1759/1759/1759 1758/1758/1758 1757/1757/1757
f 1758/1758/1758 1760/1760/1760 1757/1757/1757
f 1757/1757/1757 1760/1760/1760 1761/1761/1761
f 1760/1760/1760 1762/1762/1762 1761/1761/1761
f 1765/1765/1765 1764/1764/1764 1763/1763/1763
f 1766/1766/1766 1765/1765/1765 1763/1763/1763
f 1767/1767/1767 1766/1766/1766 1763/1763/1763
f 1768/1768/1768 1767/1767/1767 1763/1763/1763
f 1769/1769/1769 1767/1767/1767 1768/1768/1768
f 1770/1770/1770 1769/1769/1769 1768/1768/1768
f 1771/1771/1771 1769/1769/1769 1770/1770/1770
f 1772/1772/1772 1771/1771/1771 1770/1770/1770
f 1773/1773/1773 1771/1771/1771 1772/1772/1772
f 1774/1774/1774 1773/1773/1773 1772/1772/1772
f 1775/1775/1775 1773/1773/1773 1774/1774/1774
f 1776/1776/1776 1775/1775/1775 1774/1774/1774
f 1776/1776/1776 1777/1777/1777 1775/1775/1775
f 1777/1777/1777 1778/1778/1778 1775/1775/1775
f 1768/1768/1768 1763/1763/1763 1779/1779/1779
f 1763/1763/1763 1780/1780/1780 1779/1779/1779
f 1780/1780/1780 1781/1781/1781 1779/1779/1779
f 1782/1782/1782 1768/1768/1768 1779/1779/1779
f 1783/1783/1783 1768/1768/1768 1782/1782/1782
f 1784/1784/1784 1783/1783/1783 1782/1782/1782
f 1785/1785/1785 1783/1783/1783 1784/1784/1784
f 1786/1786/1786 1785/1785/1785 1784/1784/1784
f 1787/1787/1787 1785/1785/1785 1786/1786/1786
f 1788/1788/1788 1787/1787/1787 1786/1786/1786
f 1789/1789/1789 1787/1787/1787 1788/1788/1788
f 1790/1790/1790 1789/1789/1789 1788/1788/1788
f 1790/1790/1790 1791/1791/1791 1789/1789/1789
f 1791/1791/1791 1792/1792/1792 1789/1789/1789
f 1782/1782/1782 1779/1779/1779 1793/1793/1793
f 1779/1779/1779 1794/1794/1794 1793/1793/1793
f 1794/1794/1794 1795/1795/1795 1793/1793/1793
f 1796/1796/1796 1782/1782/1782 1793/1793/1793
f 1797/1797/1797 1782/1782/1782 1796/1796/1796
f 1798/1798/1798 1797/1797/1797 1796/1796/1796
f 1799/1799/1799 1797/1797/1797 1798/1798/1798
f 1800/1800/1800 1799/1799/1799 1798/1798/1798
f 1801/1801/1801 1799/1799/1799 1800/1800/1800
f 1802/1802/1802 1801/1801/1801 1800/1800/1800
f 1803/1803/1803 1801/1801/1801 1802/1802/1802
f 1804/1804/1804 1803/1803/1803 1802/1802/1802
f 1804/1804/1804 1805/1805/1805 1803/1803/1803
f 1805/1805/1805 1806/1806/1806 1803/1803/1803
f 1809/1809/1809 1808/1808/1808 1807/1807/1807
f 1810/1810/1810 1809/1809/1809 1807/1807/1807
f 1811/1811/1811 1810/1810/1810 1807/1807/1807
f 1812/1812/1812 1811/1811/1811 1807/1807/1807
f 1812/1812/1812 1807/1807/1807 1813/1813/1813
f 1807/1807/1807 1814/1814/1814 1813/1813/1813
f 1814/1814/1814 1815/1815/1815 1813/1813/1813
f 1816/1816/1816 1812/1812/1812 1813/1813/1813
f 1817/1817/1817 1812/1812/1812 1816/1816/1816
f 1818/1818/1818 1817/1817/1817 1816/1816/1816
f 1819/1819/1819 1817/1817/1817 1818/1818/1818
f 1820/1820/1820 1819/1819/1819 1818/1818/1818
f 1821/1821/1821 1819/1819/1819 1820/1820/1820
f 1822/1822/1822 1821/1821/1821 1820/1820/1820
f 1823/1823/1823 1821/1821/1821 1822/1822/1822
f 1824/1824/1824 1823/1823/1823 1822/1822/1822
f 1824/1824/1824 1825/1825/1825 1823/1823/1823
f 1825/1825/1825 1826/1826/1826 1823/1823/1823
f 1828/1828/1828 1827/1827/1827 1812/1812/1812
f 1827/1827/1827 1811/1811/1811 1812/1812/1812
f 1829/1829/1829 1827/1827/1827 1828/1828/1828
f 1830/1830/1830 1829/1829/1829 1828/1828/1828
f 1831/1831/1831 1829/1829/1829 1830/1830/1830
f 1832/1832/1832 1831/1831/1831 1830/1830/1830
f 1833/1833/1833 1831/1831/1831 1832/1832/1832
f 1834/1834/1834 1833/1833/1833 1832/1832/1832
f 1834/1834/1834 1835/1835/1835 1833/1833/1833
f 1835/1835/1835 1836/1836/1836 1833/1833/1833
f 1838/1838/1838 1837/1837/1837 1811/1811/1811
f 1839/1839/1839 1838/1838/1838 1811/1811/1811
f 1840/1840/1840 1838/1838/1838 1839/1839/1839
f 1841/1841/1841 1840/1840/1840 1839/1839/1839
f 1842/1842/1842 1840/1840/1840 1841/1841/1841
f 1843/1843/1843 1842/1842/1842 1841/1841/1841
f 1811/1811/1811 1837/1837/1837 1810/1810/1810
f 1837/1837/1837 1844/1844/1844 1810/1810/1810
f 1844/1844/1844 1845/1845/1845 1810/1810/1810
f 1845/1845/1845 1846/1846/1846 1810/1810/1810
f 1847/1847/1847 1842/1842/1842 1843/1843/1843
f 1848/1848/1848 1847/1847/1847 1843/1843/1843
f 1848/1848/1848 1849/1849/1849 1847/1847/1847
f 1849/1849/1849 1850/1850/1850 1847/1847/1847
f 1853/1853/1853 1852/1852/1852 1851/1851/1851
f 1852/1852/1852 1854/1854/1854 1851/1851/1851
f 1851/1851/1851 1854/1854/1854 1855/1855/1855
f 1854/1854/1854 1856/1856/1856 1855/1855/1855
f 1855/1855/1855 1856/1856/1856 1857/1857/1857
f 1856/1856/1856 1858/1858/1858 1857/1857/1857
f 1858/1858/1858 1856/1856/1856 1859/1859/1859
f 1856/1856/1856 1854/1854/1854 1860/1860/1860
f 1856/1856/1856 1860/1860/1860 1859/1859/1859
f 1854/1854/1854 1861/1861/1861 1860/1860/1860
f 1861/1861/1861 1862/1862/1862 1860/1860/1860
f 1860/1860/1860 1863/1863/1863 1859/1859/1859
f 1862/1862/1862 1863/1863/1863 1860/1860/1860
f 1863/1863/1863 1864/1864/1864 1859/1859/1859
f 1864/1864/1864 1863/1863/1863 1865/1865/1865
f 1863/1863/1863 1862/1862/1862 1866/1866/1866
f 1863/1863/1863 1866/1866/1866 1865/1865/1865
f 1862/1862/1862 1867/1867/1867 1866/1866/1866
f 1866/1866/1866 1867/1867/1867 1868/1868/1868
f 1869/1869/1869 1866/1866/1866 1868/1868/1868
f 1865/1865/1865 1866/1866/1866 1869/1869/1869
f 1870/1870/1870 1865/1865/1865 1869/1869/1869
f 1873/1873/1873 1872/1872/1872 1871/1871/1871
f 1872/1872/1872 1874/1874/1874 1871/1871/1871
f 1871/1871/1871 1874/1874/1874 1875/1875/1875
f 1874/1874/1874 1872/1872/1872 1876/1876/1876
f 1872/1872/1872 1877/1877/1877 1876/1876/1876
f 1877/1877/1877 1878/1878/1878 1876/1876/1876
f 1874/1874/1874 1879/1879/1879 1875/1875/1875
f 1875/1875/1875 1879/1879/1879 1880/1880/1880
f 1874/1874/1874 1876/1876/1876 1881/1881/1881
f 1879/1879/1879 1874/1874/1874 1881/1881/1881
f 1878/1878/1878 1882/1882/1882 1876/1876/1876
f 1876/1876/1876 1882/1882/1882 1881/1881/1881
f 1879/1879/1879 1883/1883/1883 1880/1880/1880
f 1880/1880/1880 1883/1883/1883 1884/1884/1884
f 1879/1879/1879 1881/1881/1881 1885/1885/1885
f 1883/1883/1883 1879/1879/1879 1885/1885/1885
f 1883/1883/1883 1886/1886/1886 1884/1884/1884
f 1884/1884/1884 1886/1886/1886 1887/1887/1887
f 1882/1882/1882 1878/1878/1878 1888/1888/1888
f 1878/1878/1878 1889/1889/1889 1888/1888/1888
f 1888/1888/1888 1889/1889/1889 1890/1890/1890
f 1891/1891/1891 1888/1888/1888 1890/1890/1890
f 1892/1892/1892 1888/1888/1888 1891/1891/1891
f 1882/1882/1882 1888/1888/1888 1892/1892/1892
f 1893/1893/1893 1892/1892/1892 1891/1891/1891
f 1882/1882/1882 1894/1894/1894 1881/1881/1881
f 1894/1894/1894 1882/1882/1882 1892/1892/1892
f 1881/1881/1881 1894/1894/1894 1885/1885/1885
f 1895/1895/1895 1892/1892/1892 1893/1893/1893
f 1894/1894/1894 1892/1892/1892 1895/1895/1895
f 1896/1896/1896 1895/1895/1895 1893/1893/1893
f 1894/1894/1894 1897/1897/1897 1885/1885/1885
f 1897/1897/1897 1894/1894/1894 1895/1895/1895
f 1898/1898/1898 1895/1895/1895 1896/1896/1896
f 1897/1897/1897 1895/1895/1895 1898/1898/1898
f 1899/1899/1899 1898/1898/1898 1896/1896/1896
f 1885/1885/1885 1897/1897/1897 1900/1900/1900
f 1883/1883/1883 1885/1885/1885 1900/1900/1900
f 1886/1886/1886 1883/1883/1883 1900/1900/1900
f 1901/1901/1901 1898/1898/1898 1899/1899/1899
f 1902/1902/1902 1901/1901/1901 1899/1899/1899
f 1903/1903/1903 1897/1897/1897 1898/1898/1898
f 1897/1897/1897 1903/1903/1903 1900/1900/1900
f 1903/1903/1903 1898/1898/1898 1901/1901/1901
f 1886/1886/1886 1900/1900/1900 1904/1904/1904
f 1900/1900/1900 1903/1903/1903 1904/1904/1904
f 1905/1905/1905 1901/1901/1901 1902/1902/1902
f 1906/1906/1906 1905/1905/1905 1902/1902/1902
f 1907/1907/1907 1903/1903/1903 1901/1901/1901
f 1903/1903/1903 1907/1907/1907 1904/1904/1904
f 1907/1907/1907 1901/1901/1901 1905/1905/1905
f 1908/1908/1908 1886/1886/1886 1904/1904/1904
f 1886/1886/1886 1908/1908/1908 1887/1887/1887
f 1887/1887/1887 1908/1908/1908 1909/1909/1909
f 1910/1910/1910 1905/1905/1905 1906/1906/1906
f 1911/1911/1911 1910/1910/1910 1906/1906/1906
f 1904/1904/1904 1907/1907/1907 1912/1912/1912
f 1908/1908/1908 1904/1904/1904 1912/1912/1912
f 1908/1908/1908 1913/1913/1913 1909/1909/1909
f 1913/1913/1913 1908/1908/1908 1912/1912/1912
f 1909/1909/1909 1913/1913/1913 1914/1914/1914
f 1915/1915/1915 1907/1907/1907 1905/1905/1905
f 1907/1907/1907 1915/1915/1915 1912/1912/1912
f 1915/1915/1915 1905/1905/1905 1910/1910/1910
f 1916/1916/1916 1910/1910/1910 1911/1911/1911
f 1917/1917/1917 1916/1916/1916 1911/1911/1911
f 1913/1913/1913 1918/1918/1918 1914/1914/1914
f 1914/1914/1914 1918/1918/1918 1919/1919/1919
f 1913/1913/1913 1912/1912/1912 1920/1920/1920
f 1912/1912/1912 1915/1915/1915 1920/1920/1920
f 1918/1918/1918 1913/1913/1913 1920/1920/1920
f 1921/1921/1921 1915/1915/1915 1910/1910/1910
f 1915/1915/1915 1921/1921/1921 1920/1920/1920
f 1921/1921/1921 1910/1910/1910 1916/1916/1916
f 1922/1922/1922 1916/1916/1916 1917/1917/1917
f 1923/1923/1923 1922/1922/1922 1917/1917/1917
f 1918/1918/1918 1924/1924/1924 1919/1919/1919
f 1919/1919/1919 1924/1924/1924 1925/1925/1925
f 1918/1918/1918 1920/1920/1920 1926/1926/1926
f 1920/1920/1920 1921/1921/1921 1926/1926/1926
f 1924/1924/1924 1918/1918/1918 1926/1926/1926
f 1927/1927/1927 1921/1921/1921 1916/1916/1916
f 1921/1921/1921 1927/1927/1927 1926/1926/1926
f 1927/1927/1927 1916/1916/1916 1922/1922/1922
f 1928/1928/1928 1922/1922/1922 1923/1923/1923
f 1929/1929/1929 1928/1928/1928 1923/1923/1923
f 1924/1924/1924 1930/1930/1930 1925/1925/1925
f 1925/1925/1925 1930/1930/1930 1931/1931/1931
f 1924/1924/1924 1926/1926/1926 1932/1932/1932
f 1926/1926/1926 1927/1927/1927 1932/1932/1932
f 1930/1930/1930 1924/1924/1924 1932/1932/1932
f 1933/1933/1933 1927/1927/1927 1922/1922/1922
f 1927/1927/1927 1933/1933/1933 1932/1932/1932
f 1933/1933/1933 1922/1922/1922 1928/1928/1928
f 1934/1934/1934 1928/1928/1928 1929/1929/1929
f 1935/1935/1935 1934/1934/1934 1929/1929/1929
f 1930/1930/1930 1936/1936/1936 1931/1931/1931
f 1931/1931/1931 1936/1936/1936 1937/1937/1937
f 1930/1930/1930 1932/1932/1932 1938/1938/1938
f 1932/1932/1932 1933/1933/1933 1938/1938/1938
f 1936/1936/1936 1930/1930/1930 1938/1938/1938
f 1939/1939/1939 1933/1933/1933 1928/1928/1928
f 1933/1933/1933 1939/1939/1939 1938/1938/1938
f 1939/1939/1939 1928/1928/1928 1934/1934/1934
f 1940/1940/1940 1934/1934/1934 1935/1935/1935
f 1941/1941/1941 1940/1940/1940 1935/1935/1935
f 1942/1942/1942 1934/1934/1934 1940/1940/1940
f 1942/1942/1942 1939/1939/1939 1934/1934/1934
f 1943/1943/1943 1942/1942/1942 1940/1940/1940
f 1942/1942/1942 1943/1943/1943 1944/1944/1944
f 1938/1938/1938 1939/1939/1939 1945/1945/1945
f 1939/1939/1939 1942/1942/1942 1945/1945/1945
f 1936/1936/1936 1938/1938/1938 1945/1945/1945
f 1945/1945/1945 1942/1942/1942 1944/1944/1944
f 1946/1946/1946 1936/1936/1936 1945/1945/1945
f 1946/1946/1946 1945/1945/1945 1944/1944/1944
f 1936/1936/1936 1946/1946/1946 1937/1937/1937
f 1947/1947/1947 1946/1946/1946 1944/1944/1944
f 1937/1937/1937 1946/1946/1946 1948/1948/1948
f 1946/1946/1946 1947/1947/1947 1948/1948/1948
f 1951/1951/1951 1950/1950/1950 1949/1949/1949
f 1952/1952/1952 1951/1951/1951 1949/1949/1949
f 1955/1955/1955 1954/1954/1954 1953/1953/1953
f 1956/1956/1956 1955/1955/1955 1953/1953/1953
f 1957/1957/1957 1956/1956/1956 1953/1953/1953
f 1956/1956/1956 1958/1958/1958 1955/1955/1955
f 1958/1958/1958 1959/1959/1959 1955/1955/1955
f 1958/1958/1958 1960/1960/1960 1959/1959/1959
f 1960/1960/1960 1961/1961/1961 1959/1959/1959
f 1964/1964/1964 1963/1963/1963 1962/1962/1962
f 1965/1965/1965 1964/1964/1964 1962/1962/1962
f 1965/1965/1965 1962/1962/1962 1966/1966/1966
f 1962/1962/1962 1967/1967/1967 1966/1966/1966
f 1966/1966/1966 1967/1967/1967 1968/1968/1968
f 1969/1969/1969 1966/1966/1966 1968/1968/1968
f 1969/1969/1969 1970/1970/1970 1966/1966/1966
f 1970/1970/1970 1971/1971/1971 1966/1966/1966
f 1966/1966/1966 1971/1971/1971 1965/1965/1965
f 1970/1970/1970 1972/1972/1972 1971/1971/1971
f 1965/1965/1965 1973/1973/1973 1964/1964/1964
f 1971/1971/1971 1973/1973/1973 1965/1965/1965
f 1973/1973/1973 1974/1974/1974 1964/1964/1964
f 1972/1972/1972 1975/1975/1975 1971/1971/1971
f 1971/1971/1971 1975/1975/1975 1973/1973/1973
f 1972/1972/1972 1976/1976/1976 1975/1975/1975
f 1973/1973/1973 1977/1977/1977 1974/1974/1974
f 1975/1975/1975 1977/1977/1977 1973/1973/1973
f 1977/1977/1977 1978/1978/1978 1974/1974/1974
f 1976/1976/1976 1979/1979/1979 1975/1975/1975
f 1975/1975/1975 1979/1979/1979 1977/1977/1977
f 1976/1976/1976 1980/1980/1980 1979/1979/1979
f 1977/1977/1977 1981/1981/1981 1978/1978/1978
f 1979/1979/1979 1981/1981/1981 1977/1977/1977
f 1981/1981/1981 1982/1982/1982 1978/1978/1978
f 1980/1980/1980 1983/1983/1983 1979/1979/1979
f 1979/1979/1979 1983/1983/1983 1981/1981/1981
f 1980/1980/1980 1984/1984/1984 1983/1983/1983
f 1984/1984/1984 1985/1985/1985 1983/1983/1983
f 1981/1981/1981 1986/1986/1986 1982/1982/1982
f 1983/1983/1983 1986/1986/1986 1981/1981/1981
f 1983/1983/1983 1985/1985/1985 1986/1986/1986
f 1986/1986/1986 1987/1987/1987 1982/1982/1982
f 1985/1985/1985 1988/1988/1988 1986/1986/1986
f 1986/1986/1986 1988/1988/1988 1987/1987/1987
f 1988/1988/1988 1989/1989/1989 1987/1987/1987
f 1992/1992/1992 1991/1991/1991 1990/1990/1990
f 1993/1993/1993 1992/1992/1992 1990/1990/1990
f 1993/1993/1993 1990/1990/1990 1994/1994/1994
f 1995/1995/1995 1993/1993/1993 1994/1994/1994
f 1995/1995/1995 1994/1994/1994 1996/1996/1996
f 1997/1997/1997 1995/1995/1995 1996/1996/1996
f 1997/1997/1997 1996/1996/1996 1998/1998/1998
f 1999/1999/1999 1997/1997/1997 1998/1998/1998
f 1999/1999/1999 1998/1998/1998 2000/2000/2000
f 2001/2001/2001 1999/1999/1999 2000/2000/2000
f 2004/2004/2004 2003/2003/2003 2002/2002/2002
f 2005/2005/2005 2004/2004/2004 2002/2002/2002
f 2005/2005/2005 2002/2002/2002 2006/2006/2006
f 2007/2007/2007 2005/2005/2005 2006/2006/2006
f 2007/2007/2007 2006/2006/2006 2008/2008/2008
f 2009/2009/2009 2007/2007/2007 2008/2008/2008
f 2009/2009/2009 2008/2008/2008 2010/2010/2010
f 2011/2011/2011 2009/2009/2009 2010/2010/2010
f 2011/2011/2011 2010/2010/2010 2012/2012/2012
f 2013/2013/2013 2011/2011/2011 2012/2012/2012
f 2016/2016/2016 2015/2015/2015 2014/2014/2014
f 2016/2016/2016 2014/2014/2014 2017/2017/2017
f 2018/2018/2018 2016/2016/2016 2017/2017/2017
f 2017/2017/2017 2014/2014/2014 2019/2019/2019
f 2014/2014/2014 2020/2020/2020 2019/2019/2019
f 2018/2018/2018 2017/2017/2017 2021/2021/2021
f 2022/2022/2022 2018/2018/2018 2021/2021/2021
f 2019/2019/2019 2020/2020/2020 2023/2023/2023
f 2020/2020/2020 2024/2024/2024 2023/2023/2023
f 2019/2019/2019 2023/2023/2023 2025/2025/2025
f 2017/2017/2017 2019/2019/2019 2026/2026/2026
f 2026/2026/2026 2019/2019/2019 2025/2025/2025
f 2021/2021/2021 2017/2017/2017 2026/2026/2026
f 2026/2026/2026 2025/2025/2025 2027/2027/2027
f 2028/2028/2028 2026/2026/2026 2027/2027/2027
f 2021/2021/2021 2026/2026/2026 2028/2028/2028
f 2029/2029/2029 2021/2021/2021 2028/2028/2028
f 2022/2022/2022 2021/2021/2021 2029/2029/2029
f 2030/2030/2030 2022/2022/2022 2029/2029/2029
f 2033/2033/2033 2032/2032/2032 2031/2031/2031
f 2034/2034/2034 2033/2033/2033 2031/2031/2031
f 2034/2034/2034 2031/2031/2031 2035/2035/2035
f 2036/2036/2036 2033/2033/2033 2034/2034/2034
f 2037/2037/2037 2034/2034/2034 2035/2035/2035
f 2038/2038/2038 2037/2037/2037 2035/2035/2035
f 2039/2039/2039 2037/2037/2037 2038/2038/2038
f 2040/2040/2040 2036/2036/2036 2034/2034/2034
f 2040/2040/2040 2034/2034/2034 2037/2037/2037
f 2041/2041/2041 2036/2036/2036 2040/2040/2040
f 2037/2037/2037 2039/2039/2039 2042/2042/2042
f 2042/2042/2042 2040/2040/2040 2037/2037/2037
f 2043/2043/2043 2042/2042/2042 2039/2039/2039
f 2044/2044/2044 2041/2041/2041 2040/2040/2040
f 2044/2044/2044 2040/2040/2040 2042/2042/2042
f 2045/2045/2045 2041/2041/2041 2044/2044/2044
f 2043/2043/2043 2046/2046/2046 2042/2042/2042
f 2046/2046/2046 2044/2044/2044 2042/2042/2042
f 2047/2047/2047 2045/2045/2045 2044/2044/2044
f 2047/2047/2047 2044/2044/2044 2046/2046/2046
f 2048/2048/2048 2045/2045/2045 2047/2047/2047
f 2049/2049/2049 2048/2048/2048 2047/2047/2047
f 2043/2043/2043 2049/2049/2049 2050/2050/2050
f 2050/2050/2050 2046/2046/2046 2043/2043/2043
f 2049/2049/2049 2047/2047/2047 2050/2050/2050
f 2050/2050/2050 2047/2047/2047 2046/2046/2046
f 2053/2053/2053 2052/2052/2052 2051/2051/2051
f 2054/2054/2054 2053/2053/2053 2051/2051/2051
f 2054/2054/2054 2051/2051/2051 2055/2055/2055
f 2056/2056/2056 2053/2053/2053 2054/2054/2054
f 2057/2057/2057 2054/2054/2054 2055/2055/2055
f 2058/2058/2058 2056/2056/2056 2054/2054/2054
f 2058/2058/2058 2054/2054/2054 2057/2057/2057
f 2059/2059/2059 2056/2056/2056 2058/2058/2058
f 2060/2060/2060 2058/2058/2058 2057/2057/2057
f 2061/2061/2061 2059/2059/2059 2058/2058/2058
f 2061/2061/2061 2058/2058/2058 2060/2060/2060
f 2062/2062/2062 2061/2061/2061 2060/2060/2060
f 2065/2065/2065 2064/2064/2064 2063/2063/2063
f 2066/2066/2066 2065/2065/2065 2063/2063/2063
f 2065/2065/2065 2066/2066/2066 2067/2067/2067
f 2066/2066/2066 2068/2068/2068 2067/2067/2067
f 2071/2071/2071 2070/2070/2070 2069/2069/2069
f 2072/2072/2072 2071/2071/2071 2069/2069/2069
f 2072/2072/2072 2069/2069/2069 2073/2073/2073
f 2071/2071/2071 2072/2072/2072 2074/2074/2074
f 2072/2072/2072 2075/2075/2075 2074/2074/2074
f 2076/2076/2076 2072/2072/2072 2073/2073/2073
f 2072/2072/2072 2076/2076/2076 2077/2077/2077
f 2076/2076/2076 2078/2078/2078 2077/2077/2077
f 2081/2081/2081 2080/2080/2080 2079/2079/2079
f 2082/2082/2082 2081/2081/2081 2079/2079/2079
f 2085/2085/2085 2084/2084/2084 2083/2083/2083
f 2086/2086/2086 2085/2085/2085 2083/2083/2083
f 2086/2086/2086 2083/2083/2083 2087/2087/2087
f 2088/2088/2088 2085/2085/2085 2086/2086/2086
f 2089/2089/2089 2086/2086/2086 2087/2087/2087
f 2090/2090/2090 2088/2088/2088 2086/2086/2086
f 2090/2090/2090 2086/2086/2086 2089/2089/2089
f 2091/2091/2091 2088/2088/2088 2090/2090/2090
f 2092/2092/2092 2090/2090/2090 2089/2089/2089
f 2093/2093/2093 2091/2091/2091 2090/2090/2090
f 2093/2093/2093 2090/2090/2090 2092/2092/2092
f 2094/2094/2094 2091/2091/2091 2093/2093/2093
f 2095/2095/2095 2093/2093/2093 2092/2092/2092
f 2092/2092/2092 2096/2096/2096 2095/2095/2095
f 2097/2097/2097 2094/2094/2094 2093/2093/2093
f 2097/2097/2097 2093/2093/2093 2095/2095/2095
f 2098/2098/2098 2094/2094/2094 2097/2097/2097
f 2099/2099/2099 2098/2098/2098 2097/2097/2097
f 2096/2096/2096 2099/2099/2099 2100/2100/2100
f 2100/2100/2100 2095/2095/2095 2096/2096/2096
f 2100/2100/2100 2097/2097/2097 2095/2095/2095
f 2099/2099/2099 2097/2097/2097 2100/2100/2100
f 2103/2103/2103 2102/2102/2102 2101/2101/2101
f 2102/2102/2102 2104/2104/2104 2101/2101/2101
f 2102/2102/2102 2105/2105/2105 2104/2104/2104
f 2105/2105/2105 2106/2106/2106 2104/2104/2104
f 2105/2105/2105 2107/2107/2107 2106/2106/2106
f 2107/2107/2107 2108/2108/2108 2106/2106/2106
f 2107/2107/2107 2109/2109/2109 2108/2108/2108
f 2109/2109/2109 2110/2110/2110 2108/2108/2108
f 2113/2113/2113 2112/2112/2112 2111/2111/2111
f 2114/2114/2114 2113/2113/2113 2111/2111/2111
f 2114/2114/2114 2111/2111/2111 2115/2115/2115
f 2113/2113/2113 2114/2114/2114 2116/2116/2116
f 2117/2117/2117 2114/2114/2114 2115/2115/2115
f 2117/2117/2117 2115/2115/2115 2118/2118/2118
f 2114/2114/2114 2119/2119/2119 2116/2116/2116
f 2114/2114/2114 2117/2117/2117 2119/2119/2119
f 2120/2120/2120 2116/2116/2116 2119/2119/2119
f 2121/2121/2121 2120/2120/2120 2119/2119/2119
f 2121/2121/2121 2119/2119/2119 2122/2122/2122
f 2117/2117/2117 2122/2122/2122 2119/2119/2119
f 2123/2123/2123 2117/2117/2117 2118/2118/2118
f 2117/2117/2117 2123/2123/2123 2122/2122/2122
f 2123/2123/2123 2118/2118/2118 2124/2124/2124
f 2125/2125/2125 2123/2123/2123 2124/2124/2124
f 2123/2123/2123 2126/2126/2126 2122/2122/2122
f 2123/2123/2123 2125/2125/2125 2126/2126/2126
f 2127/2127/2127 2122/2122/2122 2126/2126/2126
f 2125/2125/2125 2128/2128/2128 2126/2126/2126
f 2128/2128/2128 2127/2127/2127 2126/2126/2126
f 2131/2131/2131 2130/2130/2130 2129/2129/2129
f 2132/2132/2132 2131/2131/2131 2129/2129/2129
f 2135/2135/2135 2134/2134/2134 2133/2133/2133
f 2134/2134/2134 2136/2136/2136 2133/2133/2133
f 2136/2136/2136 2137/2137/2137 2133/2133/2133
f 2134/2134/2134 2138/2138/2138 2136/2136/2136
f 2138/2138/2138 2139/2139/2139 2136/2136/2136
f 2138/2138/2138 2140/2140/2140 2139/2139/2139
f 2140/2140/2140 2141/2141/2141 2139/2139/2139
f 2144/2144/2144 2143/2143/2143 2142/2142/2142
f 2145/2145/2145 2144/2144/2144 2142/2142/2142
f 2148/2148/2148 2147/2147/2147 2146/2146/2146
f 2147/2147/2147 2149/2149/2149 2146/2146/2146
f 2146/2146/2146 2149/2149/2149 2150/2150/2150
f 2149/2149/2149 2151/2151/2151 2150/2150/2150
f 2151/2151/2151 2152/2152/2152 2150/2150/2150
f 2151/2151/2151 2153/2153/2153 2152/2152/2152
f 2156/2156/2156 2155/2155/2155 2154/2154/2154
f 2155/2155/2155 2157/2157/2157 2154/2154/2154
f 2157/2157/2157 2158/2158/2158 2154/2154/2154
f 2154/2154/2154 2158/2158/2158 2159/2159/2159
f 2158/2158/2158 2160/2160/2160 2159/2159/2159
f 2159/2159/2159 2160/2160/2160 2161/2161/2161
f 2160/2160/2160 2162/2162/2162 2161/2161/2161
f 2165/2165/2165 2164/2164/2164 2163/2163/2163
f 2163/2163/2163 2166/2166/2166 2165/2165/2165
f 2163/2163/2163 2167/2167/2167 2166/2166/2166
f 2167/2167/2167 2168/2168/2168 2166/2166/2166
f 2168/2168/2168 2169/2169/2169 2166/2166/2166
f 2169/2169/2169 2170/2170/2170 2166/2166/2166
f 2170/2170/2170 2169/2169/2169 2171/2171/2171
f 2170/2170/2170 2171/2171/2171 2172/2172/2172
f 2170/2170/2170 2172/2172/2172 2173/2173/2173
f 2170/2170/2170 2173/2173/2173 2174/2174/2174
f 2174/2174/2174 2175/2175/2175 2170/2170/2170
f 2170/2170/2170 2175/2175/2175 2176/2176/2176
f 2177/2177/2177 2170/2170/2170 2176/2176/2176
f 2177/2177/2177 2176/2176/2176 2178/2178/2178
f 2177/2177/2177 2178/2178/2178 2179/2179/2179
f 2177/2177/2177 2179/2179/2179 2180/2180/2180
f 2177/2177/2177 2180/2180/2180 2181/2181/2181
f 2177/2177/2177 2181/2181/2181 2182/2182/2182
f 2177/2177/2177 2182/2182/2182 2183/2183/2183
f 2184/2184/2184 2177/2177/2177 2183/2183/2183
f 2184/2184/2184 2183/2183/2183 2185/2185/2185
f 2184/2184/2184 2185/2185/2185 2186/2186/2186
f 2186/2186/2186 2187/2187/2187 2184/2184/2184
f 2187/2187/2187 2186/2186/2186 2188/2188/2188
f 2184/2184/2184 2187/2187/2187 2189/2189/2189
f 2190/2190/2190 2184/2184/2184 2189/2189/2189
f 2193/2193/2193 2192/2192/2192 2191/2191/2191
f 2194/2194/2194 2193/2193/2193 2191/2191/2191
f 2197/2197/2197 2196/2196/2196 2195/2195/2195
f 2195/2195/2195 2198/2198/2198 2197/2197/2197
f 2198/2198/2198 2199/2199/2199 2197/2197/2197
f 2199/2199/2199 2200/2200/2200 2197/2197/2197
f 2200/2200/2200 2201/2201/2201 2197/2197/2197
f 2202/2202/2202 2197/2197/2197 2201/2201/2201
f 2202/2202/2202 2201/2201/2201 2203/2203/2203
f 2202/2202/2202 2203/2203/2203 2204/2204/2204
f 2202/2202/2202 2204/2204/2204 2205/2205/2205
f 2202/2202/2202 2205/2205/2205 2206/2206/2206
f 2206/2206/2206 2207/2207/2207 2202/2202/2202
f 2202/2202/2202 2207/2207/2207 2208/2208/2208
f 2209/2209/2209 2202/2202/2202 2208/2208/2208
f 2209/2209/2209 2208/2208/2208 2210/2210/2210
f 2209/2209/2209 2210/2210/2210 2211/2211/2211
f 2209/2209/2209 2211/2211/2211 2212/2212/2212
f 2209/2209/2209 2212/2212/2212 2213/2213/2213
f 2209/2209/2209 2213/2213/2213 2214/2214/2214
f 2209/2209/2209 2214/2214/2214 2215/2215/2215
f 2216/2216/2216 2209/2209/2209 2215/2215/2215
f 2216/2216/2216 2215/2215/2215 2217/2217/2217
f 2216/2216/2216 2217/2217/2217 2218/2218/2218
f 2218/2218/2218 2219/2219/2219 2216/2216/2216
f 2219/2219/2219 2218/2218/2218 2220/2220/2220
f 2216/2216/2216 2219/2219/2219 2221/2221/2221
f 2222/2222/2222 2216/2216/2216 2221/2221/2221
f 2225/2225/2225 2224/2224/2224 2223/2223/2223
f 2226/2226/2226 2225/2225/2225 2223/2223/2223
f 2229/2229/2229 2228/2228/2228 2227/2227/2227
f 2230/2230/2230 2229/2229/2229 2227/2227/2227
f 2230/2230/2230 2227/2227/2227 2231/2231/2231
f 2232/2232/2232 2229/2229/2229 2230/2230/2230
f 2233/2233/2233 2230/2230/2230 2231/2231/2231
f 2232/2232/2232 2230/2230/2230 2233/2233/2233
f 2236/2236/2236 2235/2235/2235 2234/2234/2234
f 2237/2237/2237 2236/2236/2236 2234/2234/2234
f 2238/2238/2238 2236/2236/2236 2237/2237/2237
f 2239/2239/2239 2238/2238/2238 2237/2237/2237
f 2240/2240/2240 2238/2238/2238 2239/2239/2239
f 2241/2241/2241 2240/2240/2240 2239/2239/2239
f 2242/2242/2242 2241/2241/2241 2239/2239/2239
f 2245/2245/2245 2244/2244/2244 2243/2243/2243
f 2246/2246/2246 2245/2245/2245 2243/2243/2243
f 2249/2249/2249 2248/2248/2248 2247/2247/2247
f 2250/2250/2250 2249/2249/2249 2247/2247/2247
f 2253/2253/2253 2252/2252/2252 2251/2251/2251
f 2254/2254/2254 2253/2253/2253 2251/2251/2251
f 2253/2253/2253 2254/2254/2254 2255/2255/2255
f 2254/2254/2254 2256/2256/2256 2255/2255/2255
f 2253/2253/2253 2255/2255/2255 2257/2257/2257
f 2258/2258/2258 2253/2253/2253 2257/2257/2257
f 2253/2253/2253 2258/2258/2258 2259/2259/2259
f 2258/2258/2258 2260/2260/2260 2259/2259/2259
f 2263/2263/2263 2262/2262/2262 2261/2261/2261
f 2264/2264/2264 2263/2263/2263 2261/2261/2261
f 2263/2263/2263 2264/2264/2264 2265/2265/2265
f 2264/2264/2264 2266/2266/2266 2265/2265/2265
f 2269/2269/2269 2268/2268/2268 2267/2267/2267
f 2270/2270/2270 2269/2269/2269 2267/2267/2267
f 2270/2270/2270 2267/2267/2267 2271/2271/2271
f 2272/2272/2272 2270/2270/2270 2271/2271/2271
f 2272/2272/2272 2271/2271/2271 2273/2273/2273
f 2274/2274/2274 2272/2272/2272 2273/2273/2273
f 2274/2274/2274 2273/2273/2273 2275/2275/2275
f 2276/2276/2276 2274/2274/2274 2275/2275/2275
f 2279/2279/2279 2278/2278/2278 2277/2277/2277
f 2280/2280/2280 2279/2279/2279 2277/2277/2277
f 2280/2280/2280 2277/2277/2277 2281/2281/2281
f 2282/2282/2282 2279/2279/2279 2280/2280/2280
f 2283/2283/2283 2280/2280/2280 2281/2281/2281
f 2282/2282/2282 2280/2280/2280 2283/2283/2283
f 2286/2286/2286 2285/2285/2285 2284/2284/2284
f 2287/2287/2287 2286/2286/2286 2284/2284/2284
f 2287/2287/2287 2284/2284/2284 2288/2288/2288
f 2286/2286/2286 2287/2287/2287 2289/2289/2289
f 2290/2290/2290 2287/2287/2287 2288/2288/2288
f 2290/2290/2290 2288/2288/2288 2291/2291/2291
f 2287/2287/2287 2292/2292/2292 2289/2289/2289
f 2287/2287/2287 2290/2290/2290 2292/2292/2292
f 2293/2293/2293 2289/2289/2289 2292/2292/2292
f 2294/2294/2294 2293/2293/2293 2292/2292/2292
f 2294/2294/2294 2292/2292/2292 2295/2295/2295
f 2290/2290/2290 2295/2295/2295 2292/2292/2292
f 2296/2296/2296 2290/2290/2290 2291/2291/2291
f 2290/2290/2290 2296/2296/2296 2295/2295/2295
f 2296/2296/2296 2291/2291/2291 2297/2297/2297
f 2298/2298/2298 2296/2296/2296 2297/2297/2297
f 2296/2296/2296 2299/2299/2299 2295/2295/2295
f 2296/2296/2296 2298/2298/2298 2299/2299/2299
f 2300/2300/2300 2295/2295/2295 2299/2299/2299
f 2298/2298/2298 2301/2301/2301 2299/2299/2299
f 2301/2301/2301 2300/2300/2300 2299/2299/2299
f 2304/2304/2304 2303/2303/2303 2302/2302/2302
f 2305/2305/2305 2304/2304/2304 2302/2302/2302
f 2308/2308/2308 2307/2307/2307 2306/2306/2306
f 2309/2309/2309 2308/2308/2308 2306/2306/2306
f 2312/2312/2312 2311/2311/2311 2310/2310/2310
f 2311/2311/2311 2313/2313/2313 2310/2310/2310
f 2310/2310/2310 2313/2313/2313 2314/2314/2314
f 2313/2313/2313 2315/2315/2315 2314/2314/2314
f 2315/2315/2315 2316/2316/2316 2314/2314/2314
f 2315/2315/2315 2317/2317/2317 2316/2316/2316
f 2320/2320/2320 2319/2319/2319 2318/2318/2318
f 2321/2321/2321 2320/2320/2320 2318/2318/2318
f 2321/2321/2321 2318/2318/2318 2322/2322/2322
f 2323/2323/2323 2320/2320/2320 2321/2321/2321
f 2324/2324/2324 2321/2321/2321 2322/2322/2322
f 2325/2325/2325 2323/2323/2323 2321/2321/2321
f 2325/2325/2325 2321/2321/2321 2324/2324/2324
f 2326/2326/2326 2323/2323/2323 2325/2325/2325
f 2327/2327/2327 2325/2325/2325 2324/2324/2324
f 2328/2328/2328 2326/2326/2326 2325/2325/2325
f 2328/2328/2328 2325/2325/2325 2327/2327/2327
f 2329/2329/2329 2328/2328/2328 2327/2327/2327
f 2332/2332/2332 2331/2331/2331 2330/2330/2330
f 2331/2331/2331 2333/2333/2333 2330/2330/2330
f 2330/2330/2330 2333/2333/2333 2334/2334/2334
f 2331/2331/2331 2335/2335/2335 2333/2333/2333
f 2333/2333/2333 2336/2336/2336 2334/2334/2334
f 2334/2334/2334 2336/2336/2336 2337/2337/2337
f 2336/2336/2336 2338/2338/2338 2337/2337/2337
f 2335/2335/2335 2339/2339/2339 2333/2333/2333
f 2333/2333/2333 2339/2339/2339 2336/2336/2336
f 2335/2335/2335 2340/2340/2340 2339/2339/2339
f 2336/2336/2336 2341/2341/2341 2338/2338/2338
f 2339/2339/2339 2341/2341/2341 2336/2336/2336
f 2341/2341/2341 2342/2342/2342 2338/2338/2338
f 2340/2340/2340 2343/2343/2343 2339/2339/2339
f 2339/2339/2339 2343/2343/2343 2341/2341/2341
f 2340/2340/2340 2344/2344/2344 2343/2343/2343
f 2343/2343/2343 2345/2345/2345 2341/2341/2341
f 2341/2341/2341 2345/2345/2345 2342/2342/2342
f 2345/2345/2345 2346/2346/2346 2342/2342/2342
f 2349/2349/2349 2348/2348/2348 2347/2347/2347
f 2350/2350/2350 2349/2349/2349 2347/2347/2347
f 2350/2350/2350 2347/2347/2347 2351/2351/2351
f 2352/2352/2352 2349/2349/2349 2350/2350/2350
f 2353/2353/2353 2350/2350/2350 2351/2351/2351
f 2354/2354/2354 2352/2352/2352 2350/2350/2350
f 2354/2354/2354 2350/2350/2350 2353/2353/2353
f 2355/2355/2355 2352/2352/2352 2354/2354/2354
f 2356/2356/2356 2354/2354/2354 2353/2353/2353
f 2357/2357/2357 2355/2355/2355 2354/2354/2354
f 2357/2357/2357 2354/2354/2354 2356/2356/2356
f 2358/2358/2358 2355/2355/2355 2357/2357/2357
f 2359/2359/2359 2358/2358/2358 2357/2357/2357
f 2360/2360/2360 2358/2358/2358 2359/2359/2359
f 2361/2361/2361 2360/2360/2360 2359/2359/2359
f 2362/2362/2362 2357/2357/2357 2356/2356/2356
f 2359/2359/2359 2357/2357/2357 2362/2362/2362
f 2361/2361/2361 2359/2359/2359 2363/2363/2363
f 2363/2363/2363 2359/2359/2359 2362/2362/2362
f 2364/2364/2364 2361/2361/2361 2363/2363/2363
f 2363/2363/2363 2362/2362/2362 2364/2364/2364
f 2356/2356/2356 2364/2364/2364 2362/2362/2362
f 2356/2356/2356 2365/2365/2365 2364/2364/2364
f 2368/2368/2368 2367/2367/2367 2366/2366/2366
f 2369/2369/2369 2368/2368/2368 2366/2366/2366
f 2372/2372/2372 2371/2371/2371 2370/2370/2370
f 2373/2373/2373 2372/2372/2372 2370/2370/2370
f 2376/2376/2376 2375/2375/2375 2374/2374/2374
f 2375/2375/2375 2376/2376/2376 2377/2377/2377
f 2377/2377/2377 2378/2378/2378 2375/2375/2375
f 2377/2377/2377 2376/2376/2376 2379/2379/2379
f 2380/2380/2380 2377/2377/2377 2379/2379/2379
f 2377/2377/2377 2381/2381/2381 2378/2378/2378
f 2377/2377/2377 2382/2382/2382 2381/2381/2381
f 2382/2382/2382 2383/2383/2383 2381/2381/2381
f 2382/2382/2382 2384/2384/2384 2383/2383/2383
f 2382/2382/2382 2385/2385/2385 2384/2384/2384
f 2382/2382/2382 2386/2386/2386 2385/2385/2385
f 2382/2382/2382 2387/2387/2387 2386/2386/2386
f 2382/2382/2382 2388/2388/2388 2387/2387/2387
f 2382/2382/2382 2389/2389/2389 2388/2388/2388
f 2389/2389/2389 2390/2390/2390 2388/2388/2388
f 2391/2391/2391 2390/2390/2390 2389/2389/2389
f 2389/2389/2389 2392/2392/2392 2391/2391/2391
f 2389/2389/2389 2393/2393/2393 2392/2392/2392
f 2389/2389/2389 2394/2394/2394 2393/2393/2393
f 2389/2389/2389 2395/2395/2395 2394/2394/2394
f 2395/2395/2395 2389/2389/2389 2396/2396/2396
f 2397/2397/2397 2395/2395/2395 2396/2396/2396
f 2398/2398/2398 2397/2397/2397 2396/2396/2396
f 2399/2399/2399 2398/2398/2398 2396/2396/2396
f 2399/2399/2399 2396/2396/2396 2400/2400/2400
f 2400/2400/2400 2401/2401/2401 2399/2399/2399
f 2404/2404/2404 2403/2403/2403 2402/2402/2402
f 2405/2405/2405 2404/2404/2404 2402/2402/2402
f 2406/2406/2406 2405/2405/2405 2402/2402/2402
f 2405/2405/2405 2407/2407/2407 2404/2404/2404
f 2407/2407/2407 2408/2408/2408 2404/2404/2404
f 2407/2407/2407 2409/2409/2409 2408/2408/2408
f 2409/2409/2409 2410/2410/2410 2408/2408/2408
f 2413/2413/2413 2412/2412/2412 2411/2411/2411
f 2414/2414/2414 2413/2413/2413 2411/2411/2411
f 2417/2417/2417 2416/2416/2416 2415/2415/2415
f 2418/2418/2418 2417/2417/2417 2415/2415/2415
f 2419/2419/2419 2417/2417/2417 2418/2418/2418
f 2420/2420/2420 2419/2419/2419 2418/2418/2418
f 2421/2421/2421 2419/2419/2419 2420/2420/2420
f 2422/2422/2422 2421/2421/2421 2420/2420/2420
f 2423/2423/2423 2422/2422/2422 2420/2420/2420
f 2426/2426/2426 2425/2425/2425 2424/2424/2424
f 2427/2427/2427 2426/2426/2426 2424/2424/2424
f 2426/2426/2426 2427/2427/2427 2428/2428/2428
f 2427/2427/2427 2424/2424/2424 2429/2429/2429
f 2427/2427/2427 2430/2430/2430 2428/2428/2428
f 2431/2431/2431 2427/2427/2427 2429/2429/2429
f 2427/2427/2427 2431/2431/2431 2430/2430/2430
f 2431/2431/2431 2429/2429/2429 2432/2432/2432
f 2431/2431/2431 2433/2433/2433 2430/2430/2430
f 2434/2434/2434 2430/2430/2430 2433/2433/2433
f 2435/2435/2435 2431/2431/2431 2432/2432/2432
f 2431/2431/2431 2435/2435/2435 2433/2433/2433
f 2435/2435/2435 2432/2432/2432 2436/2436/2436
f 2437/2437/2437 2435/2435/2435 2436/2436/2436
f 2435/2435/2435 2438/2438/2438 2433/2433/2433
f 2435/2435/2435 2437/2437/2437 2438/2438/2438
f 2439/2439/2439 2433/2433/2433 2438/2438/2438
f 2437/2437/2437 2440/2440/2440 2438/2438/2438
f 2440/2440/2440 2439/2439/2439 2438/2438/2438
f 2434/2434/2434 2442/2442/2442 2441/2441/2441
f 2442/2442/2442 2443/2443/2443 2441/2441/2441
f 2444/2444/2444 2443/2443/2443 2442/2442/2442
f 2445/2445/2445 2444/2444/2444 2442/2442/2442
f 2445/2445/2445 2442/2442/2442 2446/2446/2446
f 2444/2444/2444 2445/2445/2445 2447/2447/2447
f 2445/2445/2445 2448/2448/2448 2447/2447/2447
f 2449/2449/2449 2445/2445/2445 2446/2446/2446
f 2445/2445/2445 2449/2449/2449 2450/2450/2450
f 2449/2449/2449 2451/2451/2451 2450/2450/2450
f 2454/2454/2454 2453/2453/2453 2452/2452/2452
f 2455/2455/2455 2454/2454/2454 2452/2452/2452
f 2454/2454/2454 2455/2455/2455 2456/2456/2456
f 2455/2455/2455 2457/2457/2457 2456/2456/2456
f 2460/2460/2460 2459/2459/2459 2458/2458/2458
f 2461/2461/2461 2460/2460/2460 2458/2458/2458
f 2461/2461/2461 2458/2458/2458 2462/2462/2462
f 2463/2463/2463 2461/2461/2461 2462/2462/2462
f 2463/2463/2463 2462/2462/2462 2464/2464/2464
f 2465/2465/2465 2463/2463/2463 2464/2464/2464
f 2465/2465/2465 2464/2464/2464 2466/2466/2466
f 2467/2467/2467 2465/2465/2465 2466/2466/2466
f 2470/2470/2470 2469/2469/2469 2468/2468/2468
f 2471/2471/2471 2470/2470/2470 2468/2468/2468
f 2474/2474/2474 2473/2473/2473 2472/2472/2472
f 2475/2475/2475 2474/2474/2474 2472/2472/2472
f 2478/2478/2478 2477/2477/2477 2476/2476/2476
f 2479/2479/2479 2478/2478/2478 2476/2476/2476
f 2482/2482/2482 2481/2481/2481 2480/2480/2480
f 2482/2482/2482 2480/2480/2480 2483/2483/2483
f 2484/2484/2484 2482/2482/2482 2483/2483/2483
f 2485/2485/2485 2482/2482/2482 2484/2484/2484
f 2486/2486/2486 2484/2484/2484 2483/2483/2483
f 2487/2487/2487 2485/2485/2485 2484/2484/2484
f 2487/2487/2487 2484/2484/2484 2486/2486/2486
f 2488/2488/2488 2487/2487/2487 2486/2486/2486
f 2491/2491/2491 2490/2490/2490 2489/2489/2489
f 2492/2492/2492 2491/2491/2491 2489/2489/2489
f 2493/2493/2493 2491/2491/2491 2492/2492/2492
f 2493/2493/2493 2492/2492/2492 2494/2494/2494
f 2497/2497/2497 2496/2496/2496 2495/2495/2495
f 2498/2498/2498 2497/2497/2497 2495/2495/2495
f 2498/2498/2498 2495/2495/2495 2499/2499/2499
f 2500/2500/2500 2497/2497/2497 2498/2498/2498
f 2501/2501/2501 2498/2498/2498 2499/2499/2499
f 2502/2502/2502 2500/2500/2500 2498/2498/2498
f 2502/2502/2502 2498/2498/2498 2501/2501/2501
f 2503/2503/2503 2500/2500/2500 2502/2502/2502
f 2504/2504/2504 2502/2502/2502 2501/2501/2501
f 2505/2505/2505 2503/2503/2503 2502/2502/2502
f 2505/2505/2505 2502/2502/2502 2504/2504/2504
f 2506/2506/2506 2505/2505/2505 2504/2504/2504
f 2509/2509/2509 2508/2508/2508 2507/2507/2507
f 2509/2509/2509 2507/2507/2507 2510/2510/2510
f 2511/2511/2511 2509/2509/2509 2510/2510/2510
f 2510/2510/2510 2507/2507/2507 2512/2512/2512
f 2507/2507/2507 2513/2513/2513 2512/2512/2512
f 2511/2511/2511 2510/2510/2510 2514/2514/2514
f 2515/2515/2515 2511/2511/2511 2514/2514/2514
f 2512/2512/2512 2513/2513/2513 2516/2516/2516
f 2513/2513/2513 2517/2517/2517 2516/2516/2516
f 2512/2512/2512 2516/2516/2516 2518/2518/2518
f 2510/2510/2510 2512/2512/2512 2519/2519/2519
f 2519/2519/2519 2512/2512/2512 2518/2518/2518
f 2514/2514/2514 2510/2510/2510 2519/2519/2519
f 2519/2519/2519 2518/2518/2518 2520/2520/2520
f 2521/2521/2521 2519/2519/2519 2520/2520/2520
f 2514/2514/2514 2519/2519/2519 2521/2521/2521
f 2522/2522/2522 2514/2514/2514 2521/2521/2521
f 2515/2515/2515 2514/2514/2514 2522/2522/2522
f 2523/2523/2523 2515/2515/2515 2522/2522/2522
f 2526/2526/2526 2525/2525/2525 2524/2524/2524
f 2527/2527/2527 2526/2526/2526 2524/2524/2524
f 2527/2527/2527 2524/2524/2524 2528/2528/2528
f 2529/2529/2529 2526/2526/2526 2527/2527/2527
f 2530/2530/2530 2527/2527/2527 2528/2528/2528
f 2530/2530/2530 2528/2528/2528 2531/2531/2531
f 2532/2532/2532 2529/2529/2529 2527/2527/2527
f 2532/2532/2532 2527/2527/2527 2530/2530/2530
f 2533/2533/2533 2529/2529/2529 2532/2532/2532
f 2534/2534/2534 2533/2533/2533 2532/2532/2532
f 2534/2534/2534 2532/2532/2532 2535/2535/2535
f 2535/2535/2535 2532/2532/2532 2530/2530/2530
f 2536/2536/2536 2534/2534/2534 2535/2535/2535
f 2537/2537/2537 2530/2530/2530 2531/2531/2531
f 2535/2535/2535 2530/2530/2530 2537/2537/2537
f 2537/2537/2537 2531/2531/2531 2538/2538/2538
f 2536/2536/2536 2535/2535/2535 2539/2539/2539
f 2539/2539/2539 2535/2535/2535 2537/2537/2537
f 2540/2540/2540 2536/2536/2536 2539/2539/2539
f 2541/2541/2541 2537/2537/2537 2538/2538/2538
f 2539/2539/2539 2537/2537/2537 2541/2541/2541
f 2541/2541/2541 2538/2538/2538 2542/2542/2542
f 2540/2540/2540 2539/2539/2539 2543/2543/2543
f 2543/2543/2543 2539/2539/2539 2541/2541/2541
f 2544/2544/2544 2540/2540/2540 2543/2543/2543
f 2545/2545/2545 2541/2541/2541 2542/2542/2542
f 2543/2543/2543 2541/2541/2541 2545/2545/2545
f 2544/2544/2544 2543/2543/2543 2546/2546/2546
f 2546/2546/2546 2543/2543/2543 2545/2545/2545
f 2547/2547/2547 2544/2544/2544 2546/2546/2546
f 2547/2547/2547 2546/2546/2546 2548/2548/2548
f 2546/2546/2546 2549/2549/2549 2548/2548/2548
f 2550/2550/2550 2549/2549/2549 2546/2546/2546
f 2545/2545/2545 2550/2550/2550 2546/2546/2546
f 2545/2545/2545 2542/2542/2542 2550/2550/2550
f 2542/2542/2542 2551/2551/2551 2550/2550/2550
f 2554/2554/2554 2553/2553/2553 2552/2552/2552
f 2555/2555/2555 2554/2554/2554 2552/2552/2552
f 2555/2555/2555 2552/2552/2552 2556/2556/2556
f 2557/2557/2557 2554/2554/2554 2555/2555/2555
f 2558/2558/2558 2555/2555/2555 2556/2556/2556
f 2559/2559/2559 2557/2557/2557 2555/2555/2555
f 2559/2559/2559 2555/2555/2555 2558/2558/2558
f 2560/2560/2560 2557/2557/2557 2559/2559/2559
f 2561/2561/2561 2559/2559/2559 2558/2558/2558
f 2562/2562/2562 2560/2560/2560 2559/2559/2559
f 2562/2562/2562 2559/2559/2559 2561/2561/2561
f 2563/2563/2563 2560/2560/2560 2562/2562/2562
f 2564/2564/2564 2562/2562/2562 2561/2561/2561
f 2565/2565/2565 2563/2563/2563 2562/2562/2562
f 2565/2565/2565 2562/2562/2562 2564/2564/2564
f 2566/2566/2566 2563/2563/2563 2565/2565/2565
f 2567/2567/2567 2565/2565/2565 2564/2564/2564
f 2568/2568/2568 2566/2566/2566 2565/2565/2565
f 2568/2568/2568 2565/2565/2565 2567/2567/2567
f 2569/2569/2569 2568/2568/2568 2567/2567/2567
f 2572/2572/2572 2571/2571/2571 2570/2570/2570
f 2571/2571/2571 2573/2573/2573 2570/2570/2570
f 2571/2571/2571 2574/2574/2574 2573/2573/2573
f 2574/2574/2574 2575/2575/2575 2573/2573/2573
f 2574/2574/2574 2576/2576/2576 2575/2575/2575
f 2576/2576/2576 2577/2577/2577 2575/2575/2575
f 2576/2576/2576 2578/2578/2578 2577/2577/2577
f 2578/2578/2578 2579/2579/2579 2577/2577/2577
f 2578/2578/2578 2580/2580/2580 2579/2579/2579
f 2580/2580/2580 2581/2581/2581 2579/2579/2579
f 2584/2584/2584 2583/2583/2583 2582/2582/2582
f 2585/2585/2585 2584/2584/2584 2582/2582/2582
f 2586/2586/2586 2584/2584/2584 2585/2585/2585
f 2585/2585/2585 2582/2582/2582 2587/2587/2587
f 2588/2588/2588 2586/2586/2586 2585/2585/2585
f 2589/2589/2589 2586/2586/2586 2588/2588/2588
f 2590/2590/2590 2585/2585/2585 2587/2587/2587
f 2588/2588/2588 2585/2585/2585 2590/2590/2590
f 2591/2591/2591 2589/2589/2589 2588/2588/2588
f 2592/2592/2592 2589/2589/2589 2591/2591/2591
f 2593/2593/2593 2588/2588/2588 2590/2590/2590
f 2591/2591/2591 2588/2588/2588 2593/2593/2593
f 2594/2594/2594 2592/2592/2592 2591/2591/2591
f 2595/2595/2595 2592/2592/2592 2594/2594/2594
f 2596/2596/2596 2595/2595/2595 2594/2594/2594
f 2594/2594/2594 2591/2591/2591 2597/2597/2597
f 2597/2597/2597 2591/2591/2591 2593/2593/2593
f 2596/2596/2596 2594/2594/2594 2598/2598/2598
f 2598/2598/2598 2594/2594/2594 2597/2597/2597
f 2599/2599/2599 2596/2596/2596 2598/2598/2598
f 2598/2598/2598 2597/2597/2597 2599/2599/2599
f 2593/2593/2593 2599/2599/2599 2597/2597/2597
f 2593/2593/2593 2600/2600/2600 2599/2599/2599
f 2590/2590/2590 2600/2600/2600 2593/2593/2593
f 2600/2600/2600 2590/2590/2590 2601/2601/2601
f 2587/2587/2587 2601/2601/2601 2590/2590/2590
f 2587/2587/2587 2602/2602/2602 2601/2601/2601
f 2603/2603/2603 2602/2602/2602 2587/2587/2587
f 2606/2606/2606 2605/2605/2605 2604/2604/2604
f 2605/2605/2605 2607/2607/2607 2604/2604/2604
f 2605/2605/2605 2608/2608/2608 2607/2607/2607
f 2608/2608/2608 2609/2609/2609 2607/2607/2607
f 2608/2608/2608 2610/2610/2610 2609/2609/2609
f 2610/2610/2610 2611/2611/2611 2609/2609/2609
f 2610/2610/2610 2612/2612/2612 2611/2611/2611
f 2612/2612/2612 2613/2613/2613 2611/2611/2611
f 2612/2612/2612 2614/2614/2614 2613/2613/2613
f 2614/2614/2614 2615/2615/2615 2613/2613/2613
f 2618/2618/2618 2617/2617/2617 2616/2616/2616
f 2619/2619/2619 2618/2618/2618 2616/2616/2616
f 2619/2619/2619 2616/2616/2616 2620/2620/2620
f 2616/2616/2616 2621/2621/2621 2620/2620/2620
f 2620/2620/2620 2621/2621/2621 2622/2622/2622
f 2623/2623/2623 2620/2620/2620 2622/2622/2622
f 2623/2623/2623 2624/2624/2624 2620/2620/2620
f 2624/2624/2624 2625/2625/2625 2620/2620/2620
f 2620/2620/2620 2625/2625/2625 2619/2619/2619
f 2624/2624/2624 2626/2626/2626 2625/2625/2625
f 2619/2619/2619 2627/2627/2627 2618/2618/2618
f 2625/2625/2625 2627/2627/2627 2619/2619/2619
f 2627/2627/2627 2628/2628/2628 2618/2618/2618
f 2626/2626/2626 2629/2629/2629 2625/2625/2625
f 2625/2625/2625 2629/2629/2629 2627/2627/2627
f 2626/2626/2626 2630/2630/2630 2629/2629/2629
f 2627/2627/2627 2631/2631/2631 2628/2628/2628
f 2629/2629/2629 2631/2631/2631 2627/2627/2627
f 2631/2631/2631 2632/2632/2632 2628/2628/2628
f 2630/2630/2630 2633/2633/2633 2629/2629/2629
f 2629/2629/2629 2633/2633/2633 2631/2631/2631
f 2630/2630/2630 2634/2634/2634 2633/2633/2633
f 2631/2631/2631 2635/2635/2635 2632/2632/2632
f 2633/2633/2633 2635/2635/2635 2631/2631/2631
f 2635/2635/2635 2636/2636/2636 2632/2632/2632
f 2634/2634/2634 2637/2637/2637 2633/2633/2633
f 2633/2633/2633 2637/2637/2637 2635/2635/2635
f 2634/2634/2634 2638/2638/2638 2637/2637/2637
f 2638/2638/2638 2639/2639/2639 2637/2637/2637
f 2635/2635/2635 2640/2640/2640 2636/2636/2636
f 2637/2637/2637 2640/2640/2640 2635/2635/2635
f 2637/2637/2637 2639/2639/2639 2640/2640/2640
f 2640/2640/2640 2641/2641/2641 2636/2636/2636
f 2639/2639/2639 2642/2642/2642 2640/2640/2640
f 2640/2640/2640 2642/2642/2642 2641/2641/2641
f 2642/2642/2642 2643/2643/2643 2641/2641/2641
f 2646/2646/2646 2645/2645/2645 2644/2644/2644
f 2645/2645/2645 2647/2647/2647 2644/2644/2644
f 2645/2645/2645 2648/2648/2648 2647/2647/2647
f 2648/2648/2648 2649/2649/2649 2647/2647/2647
f 2648/2648/2648 2650/2650/2650 2649/2649/2649
f 2650/2650/2650 2651/2651/2651 2649/2649/2649
f 2650/2650/2650 2652/2652/2652 2651/2651/2651
f 2652/2652/2652 2653/2653/2653 2651/2651/2651
f 2652/2652/2652 2654/2654/2654 2653/2653/2653
f 2654/2654/2654 2655/2655/2655 2653/2653/2653
f 2658/2658/2658 2657/2657/2657 2656/2656/2656
f 2659/2659/2659 2658/2658/2658 2656/2656/2656
f 2662/2662/2662 2661/2661/2661 2660/2660/2660
f 2663/2663/2663 2662/2662/2662 2660/2660/2660
f 2663/2663/2663 2660/2660/2660 2664/2664/2664
f 2665/2665/2665 2662/2662/2662 2663/2663/2663
f 2666/2666/2666 2663/2663/2663 2664/2664/2664
f 2667/2667/2667 2665/2665/2665 2663/2663/2663
f 2667/2667/2667 2663/2663/2663 2666/2666/2666
f 2668/2668/2668 2665/2665/2665 2667/2667/2667
f 2669/2669/2669 2668/2668/2668 2667/2667/2667
f 2670/2670/2670 2668/2668/2668 2669/2669/2669
f 2671/2671/2671 2667/2667/2667 2666/2666/2666
f 2669/2669/2669 2667/2667/2667 2671/2671/2671
f 2672/2672/2672 2670/2670/2670 2669/2669/2669
f 2673/2673/2673 2670/2670/2670 2672/2672/2672
f 2674/2674/2674 2673/2673/2673 2672/2672/2672
f 2666/2666/2666 2675/2675/2675 2671/2671/2671
f 2675/2675/2675 2666/2666/2666 2676/2676/2676
f 2677/2677/2677 2671/2671/2671 2675/2675/2675
f 2678/2678/2678 2669/2669/2669 2671/2671/2671
f 2672/2672/2672 2669/2669/2669 2678/2678/2678
f 2677/2677/2677 2678/2678/2678 2671/2671/2671
f 2674/2674/2674 2672/2672/2672 2679/2679/2679
f 2679/2679/2679 2672/2672/2672 2678/2678/2678
f 2677/2677/2677 2674/2674/2674 2679/2679/2679
f 2679/2679/2679 2678/2678/2678 2677/2677/2677
f 2682/2682/2682 2681/2681/2681 2680/2680/2680
f 2683/2683/2683 2682/2682/2682 2680/2680/2680
f 2683/2683/2683 2680/2680/2680 2684/2684/2684
f 2685/2685/2685 2683/2683/2683 2684/2684/2684
f 2685/2685/2685 2684/2684/2684 2686/2686/2686
f 2687/2687/2687 2685/2685/2685 2686/2686/2686
f 2687/2687/2687 2686/2686/2686 2688/2688/2688
f 2689/2689/2689 2687/2687/2687 2688/2688/2688
f 2689/2689/2689 2688/2688/2688 2690/2690/2690
f 2691/2691/2691 2689/2689/2689 2690/2690/2690
f 2694/2694/2694 2693/2693/2693 2692/2692/2692
f 2695/2695/2695 2694/2694/2694 2692/2692/2692
f 2695/2695/2695 2692/2692/2692 2696/2696/2696
f 2697/2697/2697 2695/2695/2695 2696/2696/2696
f 2697/2697/2697 2696/2696/2696 2698/2698/2698
f 2699/2699/2699 2697/2697/2697 2698/2698/2698
f 2699/2699/2699 2698/2698/2698 2700/2700/2700
f 2701/2701/2701 2699/2699/2699 2700/2700/2700
f 2701/2701/2701 2700/2700/2700 2702/2702/2702
f 2703/2703/2703 2701/2701/2701 2702/2702/2702
f 2706/2706/2706 2705/2705/2705 2704/2704/2704
f 2705/2705/2705 2707/2707/2707 2704/2704/2704
f 2705/2705/2705 2708/2708/2708 2707/2707/2707
f 2708/2708/2708 2709/2709/2709 2707/2707/2707
f 2708/2708/2708 2710/2710/2710 2709/2709/2709
f 2710/2710/2710 2711/2711/2711 2709/2709/2709
f 2710/2710/2710 2712/2712/2712 2711/2711/2711
f 2712/2712/2712 2713/2713/2713 2711/2711/2711
f 2712/2712/2712 2714/2714/2714 2713/2713/2713
f 2714/2714/2714 2715/2715/2715 2713/2713/2713
f 2718/2718/2718 2717/2717/2717 2716/2716/2716
f 2719/2719/2719 2718/2718/2718 2716/2716/2716
f 2719/2719/2719 2716/2716/2716 2720/2720/2720
f 2721/2721/2721 2718/2718/2718 2719/2719/2719
f 2722/2722/2722 2719/2719/2719 2720/2720/2720
f 2723/2723/2723 2721/2721/2721 2719/2719/2719
f 2723/2723/2723 2719/2719/2719 2722/2722/2722
f 2724/2724/2724 2721/2721/2721 2723/2723/2723
f 2725/2725/2725 2723/2723/2723 2722/2722/2722
f 2722/2722/2722 2726/2726/2726 2725/2725/2725
f 2725/2725/2725 2726/2726/2726 2727/2727/2727
f 2728/2728/2728 2724/2724/2724 2723/2723/2723
f 2728/2728/2728 2723/2723/2723 2725/2725/2725
f 2729/2729/2729 2724/2724/2724 2728/2728/2728
f 2725/2725/2725 2727/2727/2727 2730/2730/2730
f 2730/2730/2730 2728/2728/2728 2725/2725/2725
f 2731/2731/2731 2729/2729/2729 2728/2728/2728
f 2731/2731/2731 2728/2728/2728 2730/2730/2730
f 2732/2732/2732 2729/2729/2729 2731/2731/2731
f 2733/2733/2733 2732/2732/2732 2731/2731/2731
f 2727/2727/2727 2733/2733/2733 2734/2734/2734
f 2734/2734/2734 2730/2730/2730 2727/2727/2727
f 2734/2734/2734 2731/2731/2731 2730/2730/2730
f 2733/2733/2733 2731/2731/2731 2734/2734/2734
f 2737/2737/2737 2736/2736/2736 2735/2735/2735
f 2738/2738/2738 2737/2737/2737 2735/2735/2735
f 2738/2738/2738 2735/2735/2735 2739/2739/2739
f 2740/2740/2740 2737/2737/2737 2738/2738/2738
f 2741/2741/2741 2738/2738/2738 2739/2739/2739
f 2742/2742/2742 2740/2740/2740 2738/2738/2738
f 2742/2742/2742 2738/2738/2738 2741/2741/2741
f 2743/2743/2743 2740/2740/2740 2742/2742/2742
f 2744/2744/2744 2742/2742/2742 2741/2741/2741
f 2741/2741/2741 2745/2745/2745 2744/2744/2744
f 2746/2746/2746 2744/2744/2744 2745/2745/2745
f 2747/2747/2747 2743/2743/2743 2742/2742/2742
f 2747/2747/2747 2742/2742/2742 2744/2744/2744
f 2748/2748/2748 2743/2743/2743 2747/2747/2747
f 2746/2746/2746 2749/2749/2749 2744/2744/2744
f 2749/2749/2749 2747/2747/2747 2744/2744/2744
f 2750/2750/2750 2748/2748/2748 2747/2747/2747
f 2750/2750/2750 2747/2747/2747 2749/2749/2749
f 2751/2751/2751 2748/2748/2748 2750/2750/2750
f 2752/2752/2752 2751/2751/2751 2750/2750/2750
f 2753/2753/2753 2749/2749/2749 2746/2746/2746
f 2753/2753/2753 2750/2750/2750 2749/2749/2749
f 2752/2752/2752 2750/2750/2750 2753/2753/2753
f 2746/2746/2746 2752/2752/2752 2753/2753/2753
f 2756/2756/2756 2755/2755/2755 2754/2754/2754
f 2757/2757/2757 2756/2756/2756 2754/2754/2754
f 2757/2757/2757 2754/2754/2754 2758/2758/2758
f 2754/2754/2754 2759/2759/2759 2758/2758/2758
f 2758/2758/2758 2759/2759/2759 2760/2760/2760
f 2761/2761/2761 2758/2758/2758 2760/2760/2760
f 2761/2761/2761 2762/2762/2762 2758/2758/2758
f 2762/2762/2762 2763/2763/2763 2758/2758/2758
f 2758/2758/2758 2763/2763/2763 2757/2757/2757
f 2762/2762/2762 2764/2764/2764 2763/2763/2763
f 2757/2757/2757 2765/2765/2765 2756/2756/2756
f 2763/2763/2763 2765/2765/2765 2757/2757/2757
f 2765/2765/2765 2766/2766/2766 2756/2756/2756
f 2764/2764/2764 2767/2767/2767 2763/2763/2763
f 2763/2763/2763 2767/2767/2767 2765/2765/2765
f 2764/2764/2764 2768/2768/2768 2767/2767/2767
f 2765/2765/2765 2769/2769/2769 2766/2766/2766
f 2767/2767/2767 2769/2769/2769 2765/2765/2765
f 2769/2769/2769 2770/2770/2770 2766/2766/2766
f 2768/2768/2768 2771/2771/2771 2767/2767/2767
f 2767/2767/2767 2771/2771/2771 2769/2769/2769
f 2768/2768/2768 2772/2772/2772 2771/2771/2771
f 2769/2769/2769 2773/2773/2773 2770/2770/2770
f 2771/2771/2771 2773/2773/2773 2769/2769/2769
f 2773/2773/2773 2774/2774/2774 2770/2770/2770
f 2772/2772/2772 2775/2775/2775 2771/2771/2771
f 2771/2771/2771 2775/2775/2775 2773/2773/2773
f 2772/2772/2772 2776/2776/2776 2775/2775/2775
f 2776/2776/2776 2777/2777/2777 2775/2775/2775
f 2773/2773/2773 2778/2778/2778 2774/2774/2774
f 2775/2775/2775 2778/2778/2778 2773/2773/2773
f 2775/2775/2775 2777/2777/2777 2778/2778/2778
f 2778/2778/2778 2779/2779/2779 2774/2774/2774
f 2777/2777/2777 2780/2780/2780 2778/2778/2778
f 2778/2778/2778 2780/2780/2780 2779/2779/2779
f 2780/2780/2780 2781/2781/2781 2779/2779/2779
f 2784/2784/2784 2783/2783/2783 2782/2782/2782
f 2785/2785/2785 2784/2784/2784 2782/2782/2782
f 2785/2785/2785 2782/2782/2782 2786/2786/2786
f 2787/2787/2787 2784/2784/2784 2785/2785/2785
f 2788/2788/2788 2785/2785/2785 2786/2786/2786
f 2788/2788/2788 2786/2786/2786 2789/2789/2789
f 2790/2790/2790 2788/2788/2788 2789/2789/2789
f 2791/2791/2791 2787/2787/2787 2785/2785/2785
f 2791/2791/2791 2785/2785/2785 2788/2788/2788
f 2792/2792/2792 2788/2788/2788 2790/2790/2790
f 2792/2792/2792 2791/2791/2791 2788/2788/2788
f 2793/2793/2793 2792/2792/2792 2790/2790/2790
f 2794/2794/2794 2787/2787/2787 2791/2791/2791
f 2794/2794/2794 2795/2795/2795 2787/2787/2787
f 2796/2796/2796 2794/2794/2794 2791/2791/2791
f 2796/2796/2796 2791/2791/2791 2792/2792/2792
f 2797/2797/2797 2796/2796/2796 2792/2792/2792
f 2797/2797/2797 2792/2792/2792 2793/2793/2793
f 2798/2798/2798 2797/2797/2797 2793/2793/2793
f 2801/2801/2801 2800/2800/2800 2799/2799/2799
f 2800/2800/2800 2802/2802/2802 2799/2799/2799
f 2800/2800/2800 2803/2803/2803 2802/2802/2802
f 2799/2799/2799 2802/2802/2802 2804/2804/2804
f 2803/2803/2803 2805/2805/2805 2802/2802/2802
f 2802/2802/2802 2806/2806/2806 2804/2804/2804
f 2802/2802/2802 2805/2805/2805 2806/2806/2806
f 2804/2804/2804 2806/2806/2806 2807/2807/2807
f 2805/2805/2805 2808/2808/2808 2806/2806/2806
f 2806/2806/2806 2809/2809/2809 2807/2807/2807
f 2806/2806/2806 2808/2808/2808 2809/2809/2809
f 2808/2808/2808 2810/2810/2810 2809/2809/2809
f 2813/2813/2813 2812/2812/2812 2811/2811/2811
f 2812/2812/2812 2814/2814/2814 2811/2811/2811
f 2811/2811/2811 2814/2814/2814 2815/2815/2815
f 2814/2814/2814 2816/2816/2816 2815/2815/2815
f 2816/2816/2816 2817/2817/2817 2815/2815/2815
f 2816/2816/2816 2818/2818/2818 2817/2817/2817
f 2821/2821/2821 2820/2820/2820 2819/2819/2819
f 2822/2822/2822 2821/2821/2821 2819/2819/2819
f 2822/2822/2822 2819/2819/2819 2823/2823/2823
f 2824/2824/2824 2821/2821/2821 2822/2822/2822
f 2825/2825/2825 2822/2822/2822 2823/2823/2823
f 2824/2824/2824 2822/2822/2822 2825/2825/2825
f 2828/2828/2828 2827/2827/2827 2826/2826/2826
f 2829/2829/2829 2828/2828/2828 2826/2826/2826
f 2832/2832/2832 2831/2831/2831 2830/2830/2830
f 2833/2833/2833 2832/2832/2832 2830/2830/2830
f 2836/2836/2836 2835/2835/2835 2834/2834/2834
f 2837/2837/2837 2836/2836/2836 2834/2834/2834
f 2840/2840/2840 2839/2839/2839 2838/2838/2838
f 2839/2839/2839 2841/2841/2841 2838/2838/2838
f 2839/2839/2839 2842/2842/2842 2841/2841/2841
f 2842/2842/2842 2843/2843/2843 2841/2841/2841
f 2842/2842/2842 2844/2844/2844 2843/2843/2843
f 2844/2844/2844 2845/2845/2845 2843/2843/2843
f 2844/2844/2844 2846/2846/2846 2845/2845/2845
f 2846/2846/2846 2847/2847/2847 2845/2845/2845
f 2850/2850/2850 2849/2849/2849 2848/2848/2848
f 2851/2851/2851 2850/2850/2850 2848/2848/2848
f 2851/2851/2851 2848/2848/2848 2852/2852/2852
f 2850/2850/2850 2851/2851/2851 2853/2853/2853
f 2851/2851/2851 2854/2854/2854 2853/2853/2853
f 2855/2855/2855 2851/2851/2851 2852/2852/2852
f 2851/2851/2851 2855/2855/2855 2856/2856/2856
f 2855/2855/2855 2857/2857/2857 2856/2856/2856
f 2860/2860/2860 2859/2859/2859 2858/2858/2858
f 2861/2861/2861 2860/2860/2860 2858/2858/2858
f 2860/2860/2860 2861/2861/2861 2862/2862/2862
f 2861/2861/2861 2863/2863/2863 2862/2862/2862
f 2866/2866/2866 2865/2865/2865 2864/2864/2864
f 2867/2867/2867 2866/2866/2866 2864/2864/2864
f 2867/2867/2867 2864/2864/2864 2868/2868/2868
f 2866/2866/2866 2867/2867/2867 2869/2869/2869
f 2870/2870/2870 2867/2867/2867 2868/2868/2868
f 2870/2870/2870 2868/2868/2868 2871/2871/2871
f 2867/2867/2867 2872/2872/2872 2869/2869/2869
f 2867/2867/2867 2870/2870/2870 2872/2872/2872
f 2873/2873/2873 2869/2869/2869 2872/2872/2872
f 2874/2874/2874 2873/2873/2873 2872/2872/2872
f 2874/2874/2874 2872/2872/2872 2875/2875/2875
f 2870/2870/2870 2875/2875/2875 2872/2872/2872
f 2876/2876/2876 2870/2870/2870 2871/2871/2871
f 2870/2870/2870 2876/2876/2876 2875/2875/2875
f 2876/2876/2876 2871/2871/2871 2877/2877/2877
f 2878/2878/2878 2876/2876/2876 2877/2877/2877
f 2876/2876/2876 2879/2879/2879 2875/2875/2875
f 2876/2876/2876 2878/2878/2878 2879/2879/2879
f 2880/2880/2880 2875/2875/2875 2879/2879/2879
f 2878/2878/2878 2881/2881/2881 2879/2879/2879
f 2881/2881/2881 2880/2880/2880 2879/2879/2879
f 2884/2884/2884 2883/2883/2883 2882/2882/2882
f 2883/2883/2883 2885/2885/2885 2882/2882/2882
f 2885/2885/2885 2886/2886/2886 2882/2882/2882
f 2882/2882/2882 2886/2886/2886 2887/2887/2887
f 2886/2886/2886 2888/2888/2888 2887/2887/2887
f 2887/2887/2887 2888/2888/2888 2889/2889/2889
f 2888/2888/2888 2890/2890/2890 2889/2889/2889
f 2893/2893/2893 2892/2892/2892 2891/2891/2891
f 2892/2892/2892 2894/2894/2894 2891/2891/2891
f 2894/2894/2894 2895/2895/2895 2891/2891/2891
f 2892/2892/2892 2896/2896/2896 2894/2894/2894
f 2896/2896/2896 2897/2897/2897 2894/2894/2894
f 2896/2896/2896 2898/2898/2898 2897/2897/2897
f 2898/2898/2898 2899/2899/2899 2897/2897/2897
f 2902/2902/2902 2901/2901/2901 2900/2900/2900
f 2903/2903/2903 2902/2902/2902 2900/2900/2900
f 2906/2906/2906 2905/2905/2905 2904/2904/2904
f 2904/2904/2904 2907/2907/2907 2906/2906/2906
f 2907/2907/2907 2908/2908/2908 2906/2906/2906
f 2907/2907/2907 2909/2909/2909 2908/2908/2908
f 2909/2909/2909 2910/2910/2910 2908/2908/2908
f 2909/2909/2909 2911/2911/2911 2910/2910/2910
f 2914/2914/2914 2913/2913/2913 2912/2912/2912
f 2913/2913/2913 2915/2915/2915 2912/2912/2912
f 2915/2915/2915 2916/2916/2916 2912/2912/2912
f 2916/2916/2916 2917/2917/2917 2912/2912/2912
f 2912/2912/2912 2917/2917/2917 2918/2918/2918
f 2919/2919/2919 2912/2912/2912 2918/2918/2918
f 2920/2920/2920 2919/2919/2919 2918/2918/2918
f 2917/2917/2917 2921/2921/2921 2918/2918/2918
f 2920/2920/2920 2918/2918/2918 2922/2922/2922
f 2918/2918/2918 2921/2921/2921 2923/2923/2923
f 2918/2918/2918 2923/2923/2923 2922/2922/2922
f 2921/2921/2921 2924/2924/2924 2923/2923/2923
f 2924/2924/2924 2925/2925/2925 2923/2923/2923
f 2925/2925/2925 2926/2926/2926 2923/2923/2923
f 2923/2923/2923 2926/2926/2926 2922/2922/2922
f 2926/2926/2926 2927/2927/2927 2922/2922/2922
f 2930/2930/2930 2929/2929/2929 2928/2928/2928
f 2929/2929/2929 2931/2931/2931 2928/2928/2928
f 2929/2929/2929 2932/2932/2932 2931/2931/2931
f 2928/2928/2928 2931/2931/2931 2933/2933/2933
f 2932/2932/2932 2934/2934/2934 2931/2931/2931
f 2931/2931/2931 2935/2935/2935 2933/2933/2933
f 2931/2931/2931 2934/2934/2934 2935/2935/2935
f 2933/2933/2933 2935/2935/2935 2936/2936/2936
f 2934/2934/2934 2937/2937/2937 2935/2935/2935
f 2935/2935/2935 2938/2938/2938 2936/2936/2936
f 2935/2935/2935 2937/2937/2937 2938/2938/2938
f 2936/2936/2936 2938/2938/2938 2939/2939/2939
f 2937/2937/2937 2940/2940/2940 2938/2938/2938
f 2938/2938/2938 2941/2941/2941 2939/2939/2939
f 2938/2938/2938 2940/2940/2940 2941/2941/2941
f 2939/2939/2939 2941/2941/2941 2942/2942/2942
f 2940/2940/2940 2943/2943/2943 2941/2941/2941
f 2941/2941/2941 2944/2944/2944 2942/2942/2942
f 2941/2941/2941 2943/2943/2943 2944/2944/2944
f 2942/2942/2942 2944/2944/2944 2945/2945/2945
f 2943/2943/2943 2946/2946/2946 2944/2944/2944
f 2944/2944/2944 2947/2947/2947 2945/2945/2945
f 2944/2944/2944 2946/2946/2946 2947/2947/2947
f 2945/2945/2945 2947/2947/2947 2948/2948/2948
f 2946/2946/2946 2949/2949/2949 2947/2947/2947
f 2947/2947/2947 2950/2950/2950 2948/2948/2948
f 2947/2947/2947 2949/2949/2949 2950/2950/2950
f 2948/2948/2948 2950/2950/2950 2951/2951/2951
f 2949/2949/2949 2952/2952/2952 2950/2950/2950
f 2950/2950/2950 2953/2953/2953 2951/2951/2951
f 2950/2950/2950 2952/2952/2952 2953/2953/2953
f 2951/2951/2951 2953/2953/2953 2954/2954/2954
f 2952/2952/2952 2955/2955/2955 2953/2953/2953
f 2953/2953/2953 2956/2956/2956 2954/2954/2954
f 2953/2953/2953 2955/2955/2955 2956/2956/2956
f 2954/2954/2954 2956/2956/2956 2957/2957/2957
f 2955/2955/2955 2958/2958/2958 2956/2956/2956
f 2956/2956/2956 2959/2959/2959 2957/2957/2957
f 2956/2956/2956 2958/2958/2958 2959/2959/2959
f 2957/2957/2957 2959/2959/2959 2960/2960/2960
f 2958/2958/2958 2961/2961/2961 2959/2959/2959
f 2959/2959/2959 2962/2962/2962 2960/2960/2960
f 2959/2959/2959 2961/2961/2961 2962/2962/2962
f 2960/2960/2960 2962/2962/2962 2963/2963/2963
f 2961/2961/2961 2964/2964/2964 2962/2962/2962
f 2962/2962/2962 2965/2965/2965 2963/2963/2963
f 2962/2962/2962 2964/2964/2964 2965/2965/2965
f 2963/2963/2963 2965/2965/2965 2966/2966/2966
f 2964/2964/2964 2967/2967/2967 2965/2965/2965
f 2965/2965/2965 2968/2968/2968 2966/2966/2966
f 2965/2965/2965 2967/2967/2967 2968/2968/2968
f 2966/2966/2966 2968/2968/2968 2969/2969/2969
f 2967/2967/2967 2970/2970/2970 2968/2968/2968
f 2968/2968/2968 2971/2971/2971 2969/2969/2969
f 2968/2968/2968 2970/2970/2970 2971/2971/2971
f 2969/2969/2969 2971/2971/2971 2972/2972/2972
f 2970/2970/2970 2973/2973/2973 2971/2971/2971
f 2971/2971/2971 2974/2974/2974 2972/2972/2972
f 2971/2971/2971 2973/2973/2973 2974/2974/2974
f 2972/2972/2972 2974/2974/2974 2975/2975/2975
f 2973/2973/2973 2976/2976/2976 2974/2974/2974
f 2974/2974/2974 2977/2977/2977 2975/2975/2975
f 2974/2974/2974 2976/2976/2976 2977/2977/2977
f 2976/2976/2976 2978/2978/2978 2977/2977/2977
f 2981/2981/2981 2980/2980/2980 2979/2979/2979
f 2982/2982/2982 2981/2981/2981 2979/2979/2979
f 2983/2983/2983 2981/2981/2981 2982/2982/2982
f 2984/2984/2984 2983/2983/2983 2982/2982/2982
f 2985/2985/2985 2984/2984/2984 2982/2982/2982
f 2986/2986/2986 2985/2985/2985 2982/2982/2982
f 2982/2982/2982 2987/2987/2987 2986/2986/2986
f 2987/2987/2987 2988/2988/2988 2986/2986/2986
f 2989/2989/2989 2985/2985/2985 2986/2986/2986
f 2986/2986/2986 2988/2988/2988 2990/2990/2990
f 2991/2991/2991 2989/2989/2989 2986/2986/2986
f 2991/2991/2991 2986/2986/2986 2990/2990/2990
f 2992/2992/2992 2989/2989/2989 2991/2991/2991
f 2990/2990/2990 2993/2993/2993 2991/2991/2991
f 2994/2994/2994 2992/2992/2992 2991/2991/2991
f 2993/2993/2993 2994/2994/2994 2991/2991/2991
f 2997/2997/2997 2996/2996/2996 2995/2995/2995
f 2995/2995/2995 2998/2998/2998 2997/2997/2997
f 2995/2995/2995 2999/2999/2999 2998/2998/2998
f 2999/2999/2999 3000/3000/3000 2998/2998/2998
f 3000/3000/3000 3001/3001/3001 2998/2998/2998
f 3002/3002/3002 2998/2998/2998 3001/3001/3001
f 3002/3002/3002 3001/3001/3001 3003/3003/3003
f 3002/3002/3002 3003/3003/3003 3004/3004/3004
f 3002/3002/3002 3004/3004/3004 3005/3005/3005
f 3002/3002/3002 3005/3005/3005 3006/3006/3006
f 3006/3006/3006 3007/3007/3007 3002/3002/3002
f 3002/3002/3002 3007/3007/3007 3008/3008/3008
f 3009/3009/3009 3002/3002/3002 3008/3008/3008
f 3009/3009/3009 3008/3008/3008 3010/3010/3010
f 3009/3009/3009 3010/3010/3010 3011/3011/3011
f 3009/3009/3009 3011/3011/3011 3012/3012/3012
f 3009/3009/3009 3012/3012/3012 3013/3013/3013
f 3009/3009/3009 3013/3013/3013 3014/3014/3014
f 3009/3009/3009 3014/3014/3014 3015/3015/3015
f 3016/3016/3016 3009/3009/3009 3015/3015/3015
f 3016/3016/3016 3015/3015/3015 3017/3017/3017
f 3016/3016/3016 3017/3017/3017 3018/3018/3018
f 3018/3018/3018 3019/3019/3019 3016/3016/3016
f 3019/3019/3019 3018/3018/3018 3020/3020/3020
f 3016/3016/3016 3019/3019/3019 3021/3021/3021
f 3022/3022/3022 3016/3016/3016 3021/3021/3021
f 3025/3025/3025 3024/3024/3024 3023/3023/3023
f 3026/3026/3026 3025/3025/3025 3023/3023/3023
f 3029/3029/3029 3028/3028/3028 3027/3027/3027
f 3030/3030/3030 3029/3029/3029 3027/3027/3027
f 3033/3033/3033 3032/3032/3032 3031/3031/3031
f 3034/3034/3034 3033/3033/3033 3031/3031/3031
f 3034/3034/3034 3031/3031/3031 3035/3035/3035
f 3036/3036/3036 3034/3034/3034 3035/3035/3035
f 3036/3036/3036 3035/3035/3035 3037/3037/3037
f 3038/3038/3038 3036/3036/3036 3037/3037/3037
f 3038/3038/3038 3037/3037/3037 3039/3039/3039
f 3040/3040/3040 3038/3038/3038 3039/3039/3039
f 3043/3043/3043 3042/3042/3042 3041/3041/3041
f 3044/3044/3044 3043/3043/3043 3041/3041/3041
f 3047/3047/3047 3046/3046/3046 3045/3045/3045
f 3048/3048/3048 3047/3047/3047 3045/3045/3045
f 3051/3051/3051 3050/3050/3050 3049/3049/3049
f 3052/3052/3052 3051/3051/3051 3049/3049/3049
f 3055/3055/3055 3054/3054/3054 3053/3053/3053
f 3055/3055/3055 3053/3053/3053 3056/3056/3056
f 3057/3057/3057 3055/3055/3055 3056/3056/3056
f 3058/3058/3058 3055/3055/3055 3057/3057/3057
f 3059/3059/3059 3057/3057/3057 3056/3056/3056
f 3060/3060/3060 3058/3058/3058 3057/3057/3057
f 3060/3060/3060 3057/3057/3057 3059/3059/3059
f 3061/3061/3061 3060/3060/3060 3059/3059/3059
f 3064/3064/3064 3063/3063/3063 3062/3062/3062
f 3065/3065/3065 3064/3064/3064 3062/3062/3062
f 3066/3066/3066 3064/3064/3064 3065/3065/3065
f 3066/3066/3066 3065/3065/3065 3067/3067/3067
f 3070/3070/3070 3069/3069/3069 3068/3068/3068
f 3070/3070/3070 3071/3071/3071 3069/3069/3069
f 3069/3069/3069 3071/3071/3071 3072/3072/3072
f 3070/3070/3070 3073/3073/3073 3071/3071/3071
f 3071/3071/3071 3074/3074/3074 3072/3072/3072
f 3071/3071/3071 3073/3073/3073 3074/3074/3074
f 3072/3072/3072 3074/3074/3074 3075/3075/3075
f 3074/3074/3074 3076/3076/3076 3075/3075/3075
f 3075/3075/3075 3076/3076/3076 3077/3077/3077
f 3076/3076/3076 3078/3078/3078 3077/3077/3077
f 3077/3077/3077 3078/3078/3078 3079/3079/3079
f 3073/3073/3073 3080/3080/3080 3074/3074/3074
f 3073/3073/3073 3081/3081/3081 3080/3080/3080
f 3074/3074/3074 3080/3080/3080 3082/3082/3082
f 3081/3081/3081 3083/3083/3083 3080/3080/3080
f 3080/3080/3080 3084/3084/3084 3082/3082/3082
f 3082/3082/3082 3084/3084/3084 3078/3078/3078
f 3080/3080/3080 3083/3083/3083 3085/3085/3085
f 3083/3083/3083 3086/3086/3086 3085/3085/3085
f 3085/3085/3085 3086/3086/3086 3087/3087/3087
f 3084/3084/3084 3087/3087/3087 3078/3078/3078
f 3086/3086/3086 3088/3088/3088 3087/3087/3087
f 3078/3078/3078 3089/3089/3089 3079/3079/3079
f 3078/3078/3078 3087/3087/3087 3089/3089/3089
f 3087/3087/3087 3088/3088/3088 3090/3090/3090
f 3087/3087/3087 3090/3090/3090 3089/3089/3089
f 3088/3088/3088 3091/3091/3091 3090/3090/3090
f 3089/3089/3089 3090/3090/3090 3092/3092/3092
f 3079/3079/3079 3089/3089/3089 3092/3092/3092
f 3093/3093/3093 3079/3079/3079 3092/3092/3092
f 3096/3096/3096 3095/3095/3095 3094/3094/3094
f 3097/3097/3097 3096/3096/3096 3094/3094/3094
f 3098/3098/3098 3096/3096/3096 3097/3097/3097
f 3099/3099/3099 3098/3098/3098 3097/3097/3097
f 3100/3100/3100 3098/3098/3098 3099/3099/3099
f 3101/3101/3101 3100/3100/3100 3099/3099/3099
f 3102/3102/3102 3100/3100/3100 3101/3101/3101
f 3103/3103/3103 3102/3102/3102 3101/3101/3101
f 3097/3097/3097 3094/3094/3094 3104/3104/3104
f 3104/3104/3104 3094/3094/3094 3105/3105/3105
f 3106/3106/3106 3097/3097/3097 3104/3104/3104
f 3107/3107/3107 3097/3097/3097 3106/3106/3106
f 3108/3108/3108 3104/3104/3104 3105/3105/3105
f 3106/3106/3106 3104/3104/3104 3108/3108/3108
f 3109/3109/3109 3108/3108/3108 3105/3105/3105
f 3110/3110/3110 3106/3106/3106 3108/3108/3108
f 3111/3111/3111 3107/3107/3107 3106/3106/3106
f 3101/3101/3101 3107/3107/3107 3111/3111/3111
f 3112/3112/3112 3106/3106/3106 3110/3110/3110
f 3113/3113/3113 3112/3112/3112 3110/3110/3110
f 3114/3114/3114 3101/3101/3101 3111/3111/3111
f 3114/3114/3114 3112/3112/3112 3113/3113/3113
f 3103/3103/3103 3101/3101/3101 3114/3114/3114
f 3115/3115/3115 3114/3114/3114 3113/3113/3113
f 3116/3116/3116 3103/3103/3103 3114/3114/3114
f 3116/3116/3116 3114/3114/3114 3115/3115/3115
f 3117/3117/3117 3103/3103/3103 3116/3116/3116
f 3118/3118/3118 3116/3116/3116 3115/3115/3115
f 3117/3117/3117 3116/3116/3116 3118/3118/3118
f 3117/3117/3117 3118/3118/3118 3119/3119/3119
f 3122/3122/3122 3121/3121/3121 3120/3120/3120
f 3123/3123/3123 3122/3122/3122 3120/3120/3120
f 3124/3124/3124 3122/3122/3122 3123/3123/3123
f 3125/3125/3125 3124/3124/3124 3123/3123/3123
f 3126/3126/3126 3124/3124/3124 3125/3125/3125
f 3127/3127/3127 3126/3126/3126 3125/3125/3125
f 3128/3128/3128 3126/3126/3126 3127/3127/3127
f 3129/3129/3129 3128/3128/3128 3127/3127/3127
f 3130/3130/3130 3128/3128/3128 3129/3129/3129
f 3131/3131/3131 3130/3130/3130 3129/3129/3129
f 3134/3134/3134 3133/3133/3133 3132/3132/3132
f 3135/3135/3135 3134/3134/3134 3132/3132/3132
f 3136/3136/3136 3134/3134/3134 3135/3135/3135
f 3137/3137/3137 3136/3136/3136 3135/3135/3135
f 3138/3138/3138 3136/3136/3136 3137/3137/3137
f 3139/3139/3139 3138/3138/3138 3137/3137/3137
f 3140/3140/3140 3138/3138/3138 3139/3139/3139
f 3141/3141/3141 3140/3140/3140 3139/3139/3139
f 3142/3142/3142 3140/3140/3140 3141/3141/3141
f 3143/3143/3143 3142/3142/3142 3141/3141/3141
f 3146/3146/3146 3145/3145/3145 3144/3144/3144
f 3147/3147/3147 3146/3146/3146 3144/3144/3144
f 3148/3148/3148 3146/3146/3146 3147/3147/3147
f 3149/3149/3149 3148/3148/3148 3147/3147/3147
f 3150/3150/3150 3148/3148/3148 3149/3149/3149
f 3151/3151/3151 3150/3150/3150 3149/3149/3149
f 3152/3152/3152 3150/3150/3150 3151/3151/3151
f 3153/3153/3153 3152/3152/3152 3151/3151/3151
f 3154/3154/3154 3152/3152/3152 3153/3153/3153
f 3155/3155/3155 3154/3154/3154 3153/3153/3153
f 3158/3158/3158 3157/3157/3157 3156/3156/3156
f 3159/3159/3159 3158/3158/3158 3156/3156/3156
f 3160/3160/3160 3158/3158/3158 3159/3159/3159
f 3161/3161/3161 3160/3160/3160 3159/3159/3159
f 3162/3162/3162 3160/3160/3160 3161/3161/3161
f 3163/3163/3163 3162/3162/3162 3161/3161/3161
f 3164/3164/3164 3162/3162/3162 3163/3163/3163
f 3165/3165/3165 3164/3164/3164 3163/3163/3163
f 3166/3166/3166 3164/3164/3164 3165/3165/3165
f 3167/3167/3167 3166/3166/3166 3165/3165/3165
f 3170/3170/3170 3169/3169/3169 3168/3168/3168
f 3169/3169/3169 3171/3171/3171 3168/3168/3168
f 3168/3168/3168 3171/3171/3171 3172/3172/3172
f 3171/3171/3171 3173/3173/3173 3172/3172/3172
f 3172/3172/3172 3173/3173/3173 3174/3174/3174
f 3173/3173/3173 3175/3175/3175 3174/3174/3174
f 3174/3174/3174 3175/3175/3175 3176/3176/3176
f 3175/3175/3175 3177/3177/3177 3176/3176/3176
f 3176/3176/3176 3177/3177/3177 3178/3178/3178
f 3177/3177/3177 3179/3179/3179 3178/3178/3178
f 3182/3182/3182 3181/3181/3181 3180/3180/3180
f 3181/3181/3181 3183/3183/3183 3180/3180/3180
f 3180/3180/3180 3183/3183/3183 3184/3184/3184
f 3183/3183/3183 3185/3185/3185 3184/3184/3184
f 3184/3184/3184 3185/3185/3185 3186/3186/3186
f 3185/3185/3185 3187/3187/3187 3186/3186/3186
f 3186/3186/3186 3187/3187/3187 3188/3188/3188
f 3187/3187/3187 3189/3189/3189 3188/3188/3188
f 3188/3188/3188 3189/3189/3189 3190/3190/3190
f 3189/3189/3189 3191/3191/3191 3190/3190/3190
f 3194/3194/3194 3193/3193/3193 3192/3192/3192
f 3195/3195/3195 3194/3194/3194 3192/3192/3192
f 3195/3195/3195 3192/3192/3192 3196/3196/3196
f 3197/3197/3197 3194/3194/3194 3195/3195/3195
f 3198/3198/3198 3195/3195/3195 3196/3196/3196
f 3198/3198/3198 3196/3196/3196 3199/3199/3199
f 3200/3200/3200 3197/3197/3197 3195/3195/3195
f 3200/3200/3200 3195/3195/3195 3198/3198/3198
f 3201/3201/3201 3197/3197/3197 3200/3200/3200
f 3202/3202/3202 3198/3198/3198 3199/3199/3199
f 3202/3202/3202 3199/3199/3199 3203/3203/3203
f 3204/3204/3204 3200/3200/3200 3198/3198/3198
f 3204/3204/3204 3198/3198/3198 3202/3202/3202
f 3205/3205/3205 3201/3201/3201 3200/3200/3200
f 3205/3205/3205 3200/3200/3200 3204/3204/3204
f 3205/3205/3205 3206/3206/3206 3201/3201/3201
f 3207/3207/3207 3202/3202/3202 3203/3203/3203
f 3207/3207/3207 3203/3203/3203 3208/3208/3208
f 3209/3209/3209 3204/3204/3204 3202/3202/3202
f 3209/3209/3209 3202/3202/3202 3207/3207/3207
f 3210/3210/3210 3205/3205/3205 3204/3204/3204
f 3210/3210/3210 3206/3206/3206 3205/3205/3205
f 3210/3210/3210 3204/3204/3204 3209/3209/3209
f 3211/3211/3211 3207/3207/3207 3208/3208/3208
f 3211/3211/3211 3208/3208/3208 3212/3212/3212
f 3213/3213/3213 3211/3211/3211 3212/3212/3212
f 3214/3214/3214 3209/3209/3209 3207/3207/3207
f 3214/3214/3214 3207/3207/3207 3211/3211/3211
f 3215/3215/3215 3210/3210/3210 3209/3209/3209
f 3215/3215/3215 3206/3206/3206 3210/3210/3210
f 3215/3215/3215 3209/3209/3209 3214/3214/3214
f 3216/3216/3216 3211/3211/3211 3213/3213/3213
f 3216/3216/3216 3214/3214/3214 3211/3211/3211
f 3217/3217/3217 3216/3216/3216 3213/3213/3213
f 3218/3218/3218 3215/3215/3215 3214/3214/3214
f 3218/3218/3218 3206/3206/3206 3215/3215/3215
f 3218/3218/3218 3214/3214/3214 3216/3216/3216
f 3219/3219/3219 3216/3216/3216 3217/3217/3217
f 3219/3219/3219 3218/3218/3218 3216/3216/3216
f 3219/3219/3219 3206/3206/3206 3218/3218/3218
f 3220/3220/3220 3219/3219/3219 3217/3217/3217
f 3220/3220/3220 3206/3206/3206 3219/3219/3219
f 3223/3223/3223 3222/3222/3222 3221/3221/3221
f 3224/3224/3224 3223/3223/3223 3221/3221/3221
f 3224/3224/3224 3221/3221/3221 3225/3225/3225
f 3226/3226/3226 3223/3223/3223 3224/3224/3224
f 3227/3227/3227 3224/3224/3224 3225/3225/3225
f 3227/3227/3227 3225/3225/3225 3228/3228/3228
f 3229/3229/3229 3226/3226/3226 3224/3224/3224
f 3229/3229/3229 3224/3224/3224 3227/3227/3227
f 3230/3230/3230 3226/3226/3226 3229/3229/3229
f 3231/3231/3231 3227/3227/3227 3228/3228/3228
f 3231/3231/3231 3228/3228/3228 3232/3232/3232
f 3233/3233/3233 3229/3229/3229 3227/3227/3227
f 3233/3233/3233 3227/3227/3227 3231/3231/3231
f 3234/3234/3234 3230/3230/3230 3229/3229/3229
f 3234/3234/3234 3229/3229/3229 3233/3233/3233
f 3234/3234/3234 3235/3235/3235 3230/3230/3230
f 3236/3236/3236 3231/3231/3231 3232/3232/3232
f 3236/3236/3236 3232/3232/3232 3237/3237/3237
f 3238/3238/3238 3233/3233/3233 3231/3231/3231
f 3238/3238/3238 3231/3231/3231 3236/3236/3236
f 3239/3239/3239 3234/3234/3234 3233/3233/3233
f 3239/3239/3239 3235/3235/3235 3234/3234/3234
f 3239/3239/3239 3233/3233/3233 3238/3238/3238
f 3240/3240/3240 3236/3236/3236 3237/3237/3237
f 3240/3240/3240 3237/3237/3237 3241/3241/3241
f 3242/3242/3242 3240/3240/3240 3241/3241/3241
f 3243/3243/3243 3238/3238/3238 3236/3236/3236
f 3243/3243/3243 3236/3236/3236 3240/3240/3240
f 3244/3244/3244 3239/3239/3239 3238/3238/3238
f 3244/3244/3244 3235/3235/3235 3239/3239/3239
f 3244/3244/3244 3238/3238/3238 3243/3243/3243
f 3240/3240/3240 3242/3242/3242 3245/3245/3245
f 3245/3245/3245 3243/3243/3243 3240/3240/3240
f 3242/3242/3242 3246/3246/3246 3245/3245/3245
f 3247/3247/3247 3244/3244/3244 3243/3243/3243
f 3247/3247/3247 3235/3235/3235 3244/3244/3244
f 3247/3247/3247 3243/3243/3243 3245/3245/3245
f 3248/3248/3248 3245/3245/3245 3246/3246/3246
f 3248/3248/3248 3247/3247/3247 3245/3245/3245
f 3248/3248/3248 3235/3235/3235 3247/3247/3247
f 3249/3249/3249 3248/3248/3248 3246/3246/3246
f 3249/3249/3249 3235/3235/3235 3248/3248/3248
f 3252/3252/3252 3251/3251/3251 3250/3250/3250
f 3250/3250/3250 3253/3253/3253 3252/3252/3252
f 3250/3250/3250 3254/3254/3254 3253/3253/3253
f 3254/3254/3254 3250/3250/3250 3255/3255/3255
f 3256/3256/3256 3253/3253/3253 3254/3254/3254
f 3255/3255/3255 3257/3257/3257 3254/3254/3254
f 3254/3254/3254 3258/3258/3258 3256/3256/3256
f 3258/3258/3258 3259/3259/3259 3256/3256/3256
f 3257/3257/3257 3260/3260/3260 3254/3254/3254
f 3260/3260/3260 3257/3257/3257 3261/3261/3261
f 3261/3261/3261 3262/3262/3262 3260/3260/3260
f 3262/3262/3262 3263/3263/3263 3260/3260/3260
f 3260/3260/3260 3263/3263/3263 3264/3264/3264
f 3265/3265/3265 3258/3258/3258 3254/3254/3254
f 3254/3254/3254 3260/3260/3260 3265/3265/3265
f 3264/3264/3264 3265/3265/3265 3260/3260/3260
f 3265/3265/3265 3266/3266/3266 3258/3258/3258
f 3264/3264/3264 3267/3267/3267 3265/3265/3265
f 3270/3270/3270 3269/3269/3269 3268/3268/3268
f 3269/3269/3269 3271/3271/3271 3268/3268/3268
f 3269/3269/3269 3272/3272/3272 3271/3271/3271
f 3272/3272/3272 3273/3273/3273 3271/3271/3271
f 3272/3272/3272 3274/3274/3274 3273/3273/3273
f 3274/3274/3274 3275/3275/3275 3273/3273/3273
f 3274/3274/3274 3276/3276/3276 3275/3275/3275
f 3276/3276/3276 3277/3277/3277 3275/3275/3275
f 3280/3280/3280 3279/3279/3279 3278/3278/3278
f 3281/3281/3281 3280/3280/3280 3278/3278/3278
f 3284/3284/3284 3283/3283/3283 3282/3282/3282
f 3284/3284/3284 3282/3282/3282 3285/3285/3285
f 3285/3285/3285 3286/3286/3286 3284/3284/3284
f 3287/3287/3287 3286/3286/3286 3285/3285/3285
f 3287/3287/3287 3285/3285/3285 3288/3288/3288
f 3288/3288/3288 3289/3289/3289 3287/3287/3287
f 3290/3290/3290 3289/3289/3289 3288/3288/3288
f 3285/3285/3285 3282/3282/3282 3291/3291/3291
f 3282/3282/3282 3292/3292/3292 3291/3291/3291
f 3291/3291/3291 3293/3293/3293 3285/3285/3285
f 3285/3285/3285 3293/3293/3293 3294/3294/3294
f 3288/3288/3288 3285/3285/3285 3294/3294/3294
f 3294/3294/3294 3295/3295/3295 3288/3288/3288
f 3288/3288/3288 3295/3295/3295 3296/3296/3296
f 3288/3288/3288 3296/3296/3296 3297/3297/3297
f 3297/3297/3297 3298/3298/3298 3288/3288/3288
f 3290/3290/3290 3288/3288/3288 3298/3298/3298
f 3298/3298/3298 3299/3299/3299 3290/3290/3290
f 3302/3302/3302 3301/3301/3301 3300/3300/3300
f 3302/3302/3302 3303/3303/3303 3301/3301/3301
f 3301/3301/3301 3303/3303/3303 3304/3304/3304
f 3302/3302/3302 3305/3305/3305 3303/3303/3303
f 3303/3303/3303 3306/3306/3306 3304/3304/3304
f 3303/3303/3303 3305/3305/3305 3306/3306/3306
f 3304/3304/3304 3306/3306/3306 3307/3307/3307
f 3306/3306/3306 3308/3308/3308 3307/3307/3307
f 3307/3307/3307 3308/3308/3308 3309/3309/3309
f 3308/3308/3308 3310/3310/3310 3309/3309/3309
f 3309/3309/3309 3310/3310/3310 3311/3311/3311
f 3305/3305/3305 3312/3312/3312 3306/3306/3306
f 3305/3305/3305 3313/3313/3313 3312/3312/3312
f 3306/3306/3306 3312/3312/3312 3314/3314/3314
f 3313/3313/3313 3315/3315/3315 3312/3312/3312
f 3312/3312/3312 3316/3316/3316 3314/3314/3314
f 3314/3314/3314 3316/3316/3316 3310/3310/3310
f 3312/3312/3312 3315/3315/3315 3317/3317/3317
f 3315/3315/3315 3318/3318/3318 3317/3317/3317
f 3317/3317/3317 3318/3318/3318 3319/3319/3319
f 3316/3316/3316 3319/3319/3319 3310/3310/3310
f 3318/3318/3318 3320/3320/3320 3319/3319/3319
f 3310/3310/3310 3321/3321/3321 3311/3311/3311
f 3310/3310/3310 3319/3319/3319 3321/3321/3321
f 3319/3319/3319 3320/3320/3320 3322/3322/3322
f 3319/3319/3319 3322/3322/3322 3321/3321/3321
f 3320/3320/3320 3323/3323/3323 3322/3322/3322
f 3321/3321/3321 3322/3322/3322 3324/3324/3324
f 3311/3311/3311 3321/3321/3321 3324/3324/3324
f 3325/3325/3325 3311/3311/3311 3324/3324/3324
f 3328/3328/3328 3327/3327/3327 3326/3326/3326
f 3329/3329/3329 3328/3328/3328 3326/3326/3326
f 3330/3330/3330 3328/3328/3328 3329/3329/3329
f 3331/3331/3331 3330/3330/3330 3329/3329/3329
f 3332/3332/3332 3330/3330/3330 3331/3331/3331
f 3333/3333/3333 3332/3332/3332 3331/3331/3331
f 3334/3334/3334 3332/3332/3332 3333/3333/3333
f 3335/3335/3335 3334/3334/3334 3333/3333/3333
f 3329/3329/3329 3326/3326/3326 3336/3336/3336
f 3336/3336/3336 3326/3326/3326 3337/3337/3337
f 3338/3338/3338 3329/3329/3329 3336/3336/3336
f 3339/3339/3339 3329/3329/3329 3338/3338/3338
f 3340/3340/3340 3336/3336/3336 3337/3337/3337
f 3338/3338/3338 3336/3336/3336 3340/3340/3340
f 3341/3341/3341 3340/3340/3340 3337/3337/3337
f 3342/3342/3342 3338/3338/3338 3340/3340/3340
f 3343/3343/3343 3339/3339/3339 3338/3338/3338
f 3333/3333/3333 3339/3339/3339 3343/3343/3343
f 3344/3344/3344 3338/3338/3338 3342/3342/3342
f 3345/3345/3345 3344/3344/3344 3342/3342/3342
f 3346/3346/3346 3333/3333/3333 3343/3343/3343
f 3346/3346/3346 3344/3344/3344 3345/3345/3345
f 3335/3335/3335 3333/3333/3333 3346/3346/3346
f 3347/3347/3347 3346/3346/3346 3345/3345/3345
f 3348/3348/3348 3335/3335/3335 3346/3346/3346
f 3348/3348/3348 3346/3346/3346 3347/3347/3347
f 3349/3349/3349 3335/3335/3335 3348/3348/3348
f 3350/3350/3350 3348/3348/3348 3347/3347/3347
f 3349/3349/3349 3348/3348/3348 3350/3350/3350
f 3349/3349/3349 3350/3350/3350 3351/3351/3351
f 3354/3354/3354 3353/3353/3353 3352/3352/3352
f 3353/3353/3353 3355/3355/3355 3352/3352/3352
f 3353/3353/3353 3356/3356/3356 3355/3355/3355
f 3356/3356/3356 3357/3357/3357 3355/3355/3355
f 3356/3356/3356 3358/3358/3358 3357/3357/3357
f 3358/3358/3358 3359/3359/3359 3357/3357/3357
f 3358/3358/3358 3360/3360/3360 3359/3359/3359
f 3360/3360/3360 3361/3361/3361 3359/3359/3359
f 3364/3364/3364 3363/3363/3363 3362/3362/3362
f 3363/3363/3363 3365/3365/3365 3362/3362/3362
f 3363/3363/3363 3366/3366/3366 3365/3365/3365
f 3366/3366/3366 3367/3367/3367 3365/3365/3365
f 3370/3370/3370 3369/3369/3369 3368/3368/3368
f 3371/3371/3371 3370/3370/3370 3368/3368/3368
f 3372/3372/3372 3370/3370/3370 3371/3371/3371
f 3373/3373/3373 3372/3372/3372 3371/3371/3371
f 3372/3372/3372 3373/3373/3373 3374/3374/3374
f 3373/3373/3373 3375/3375/3375 3374/3374/3374
f 3378/3378/3378 3377/3377/3377 3376/3376/3376
f 3379/3379/3379 3378/3378/3378 3376/3376/3376
f 3379/3379/3379 3376/3376/3376 3380/3380/3380
f 3381/3381/3381 3378/3378/3378 3379/3379/3379
f 3382/3382/3382 3379/3379/3379 3380/3380/3380
f 3382/3382/3382 3380/3380/3380 3383/3383/3383
f 3384/3384/3384 3381/3381/3381 3379/3379/3379
f 3384/3384/3384 3379/3379/3379 3382/3382/3382
f 3385/3385/3385 3381/3381/3381 3384/3384/3384
f 3386/3386/3386 3385/3385/3385 3384/3384/3384
f 3384/3384/3384 3387/3387/3387 3386/3386/3386
f 3387/3387/3387 3384/3384/3384 3382/3382/3382
f 3387/3387/3387 3388/3388/3388 3386/3386/3386
f 3389/3389/3389 3388/3388/3388 3387/3387/3387
f 3390/3390/3390 3382/3382/3382 3383/3383/3383
f 3382/3382/3382 3390/3390/3390 3387/3387/3387
f 3390/3390/3390 3383/3383/3383 3391/3391/3391
f 3392/3392/3392 3390/3390/3390 3391/3391/3391
f 3390/3390/3390 3393/3393/3393 3387/3387/3387
f 3393/3393/3393 3390/3390/3390 3392/3392/3392
f 3393/3393/3393 3389/3389/3389 3387/3387/3387
f 3394/3394/3394 3393/3393/3393 3392/3392/3392
f 3393/3393/3393 3394/3394/3394 3389/3389/3389
f 3394/3394/3394 3395/3395/3395 3389/3389/3389
f 3398/3398/3398 3397/3397/3397 3396/3396/3396
f 3399/3399/3399 3398/3398/3398 3396/3396/3396
f 3399/3399/3399 3396/3396/3396 3400/3400/3400
f 3401/3401/3401 3399/3399/3399 3400/3400/3400
f 3401/3401/3401 3400/3400/3400 3402/3402/3402
f 3403/3403/3403 3401/3401/3401 3402/3402/3402
f 3403/3403/3403 3402/3402/3402 3404/3404/3404
f 3405/3405/3405 3403/3403/3403 3404/3404/3404
f 3408/3408/3408 3407/3407/3407 3406/3406/3406
f 3409/3409/3409 3408/3408/3408 3406/3406/3406
f 3410/3410/3410 3408/3408/3408 3409/3409/3409
f 3413/3413/3413 3412/3412/3412 3411/3411/3411
f 3414/3414/3414 3413/3413/3413 3411/3411/3411
f 3414/3414/3414 3415/3415/3415 3413/3413/3413
f 3415/3415/3415 3416/3416/3416 3413/3413/3413
f 3415/3415/3415 3417/3417/3417 3416/3416/3416
f 3417/3417/3417 3418/3418/3418 3416/3416/3416
f 3419/3419/3419 3418/3418/3418 3417/3417/3417
f 3422/3422/3422 3421/3421/3421 3420/3420/3420
f 3423/3423/3423 3422/3422/3422 3420/3420/3420
f 3424/3424/3424 3423/3423/3423 3420/3420/3420
f 3425/3425/3425 3424/3424/3424 3420/3420/3420
f 3426/3426/3426 3424/3424/3424 3425/3425/3425
f 3427/3427/3427 3426/3426/3426 3425/3425/3425
f 3430/3430/3430 3429/3429/3429 3428/3428/3428
f 3431/3431/3431 3430/3430/3430 3428/3428/3428
f 3428/3428/3428 3432/3432/3432 3431/3431/3431
f 3428/3428/3428 3433/3433/3433 3432/3432/3432
f 3433/3433/3433 3434/3434/3434 3432/3432/3432
f 3433/3433/3433 3435/3435/3435 3434/3434/3434
f 3438/3438/3438 3437/3437/3437 3436/3436/3436
f 3439/3439/3439 3438/3438/3438 3436/3436/3436
f 3440/3440/3440 3438/3438/3438 3439/3439/3439
f 3441/3441/3441 3440/3440/3440 3439/3439/3439
f 3442/3442/3442 3440/3440/3440 3441/3441/3441
f 3443/3443/3443 3442/3442/3442 3441/3441/3441
f 3446/3446/3446 3445/3445/3445 3444/3444/3444
f 3445/3445/3445 3447/3447/3447 3444/3444/3444
f 3445/3445/3445 3448/3448/3448 3447/3447/3447
f 3448/3448/3448 3449/3449/3449 3447/3447/3447
f 3448/3448/3448 3450/3450/3450 3449/3449/3449
f 3450/3450/3450 3451/3451/3451 3449/3449/3449
f 3451/3451/3451 3450/3450/3450 3452/3452/3452
f 3453/3453/3453 3451/3451/3451 3452/3452/3452
f 3456/3456/3456 3455/3455/3455 3454/3454/3454
f 3457/3457/3457 3456/3456/3456 3454/3454/3454
f 3457/3457/3457 3454/3454/3454 3458/3458/3458
f 3459/3459/3459 3457/3457/3457 3458/3458/3458
f 3462/3462/3462 3461/3461/3461 3460/3460/3460
f 3461/3461/3461 3463/3463/3463 3460/3460/3460
f 3463/3463/3463 3461/3461/3461 3464/3464/3464
f 3465/3465/3465 3463/3463/3463 3464/3464/3464
f 3465/3465/3465 3464/3464/3464 3466/3466/3466
f 3467/3467/3467 3465/3465/3465 3466/3466/3466
f 3467/3467/3467 3466/3466/3466 3468/3468/3468
f 3469/3469/3469 3467/3467/3467 3468/3468/3468
f 3472/3472/3472 3471/3471/3471 3470/3470/3470
f 3470/3470/3470 3471/3471/3471 3473/3473/3473
f 3471/3471/3471 3474/3474/3474 3473/3473/3473
f 3473/3473/3473 3474/3474/3474 3475/3475/3475
f 3474/3474/3474 3476/3476/3476 3475/3475/3475
f 3479/3479/3479 3478/3478/3478 3477/3477/3477
f 3478/3478/3478 3479/3479/3479 3480/3480/3480
f 3479/3479/3479 3481/3481/3481 3480/3480/3480
f 3480/3480/3480 3481/3481/3481 3482/3482/3482
f 3481/3481/3481 3483/3483/3483 3482/3482/3482
f 3486/3486/3486 3485/3485/3485 3484/3484/3484
f 3487/3487/3487 3486/3486/3486 3484/3484/3484
f 3488/3488/3488 3487/3487/3487 3484/3484/3484
f 3489/3489/3489 3488/3488/3488 3484/3484/3484
f 3490/3490/3490 3488/3488/3488 3489/3489/3489
f 3491/3491/3491 3490/3490/3490 3489/3489/3489
f 3494/3494/3494 3493/3493/3493 3492/3492/3492
f 3493/3493/3493 3495/3495/3495 3492/3492/3492
f 3493/3493/3493 3496/3496/3496 3495/3495/3495
f 3496/3496/3496 3497/3497/3497 3495/3495/3495
f 3500/3500/3500 3499/3499/3499 3498/3498/3498
f 3499/3499/3499 3501/3501/3501 3498/3498/3498
f 3499/3499/3499 3502/3502/3502 3501/3501/3501
f 3502/3502/3502 3503/3503/3503 3501/3501/3501
f 3506/3506/3506 3505/3505/3505 3504/3504/3504
f 3505/3505/3505 3507/3507/3507 3504/3504/3504
f 3505/3505/3505 3508/3508/3508 3507/3507/3507
f 3508/3508/3508 3509/3509/3509 3507/3507/3507
f 3508/3508/3508 3510/3510/3510 3509/3509/3509
f 3510/3510/3510 3511/3511/3511 3509/3509/3509
f 3511/3511/3511 3510/3510/3510 3512/3512/3512
f 3513/3513/3513 3511/3511/3511 3512/3512/3512
f 3516/3516/3516 3515/3515/3515 3514/3514/3514
f 3517/3517/3517 3516/3516/3516 3514/3514/3514
f 3516/3516/3516 3517/3517/3517 3518/3518/3518
f 3519/3519/3519 3516/3516/3516 3518/3518/3518
f 3519/3519/3519 3518/3518/3518 3520/3520/3520
f 3518/3518/3518 3521/3521/3521 3520/3520/3520
f 3524/3524/3524 3523/3523/3523 3522/3522/3522
f 3525/3525/3525 3524/3524/3524 3522/3522/3522
f 3526/3526/3526 3524/3524/3524 3525/3525/3525
f 3527/3527/3527 3526/3526/3526 3525/3525/3525
f 3528/3528/3528 3526/3526/3526 3527/3527/3527
f 3529/3529/3529 3528/3528/3528 3527/3527/3527
f 3530/3530/3530 3528/3528/3528 3529/3529/3529
f 3531/3531/3531 3530/3530/3530 3529/3529/3529
f 3534/3534/3534 3533/3533/3533 3532/3532/3532
f 3535/3535/3535 3534/3534/3534 3532/3532/3532
f 3536/3536/3536 3534/3534/3534 3535/3535/3535
f 3537/3537/3537 3536/3536/3536 3535/3535/3535
f 3538/3538/3538 3536/3536/3536 3537/3537/3537
f 3539/3539/3539 3538/3538/3538 3537/3537/3537
f 3540/3540/3540 3538/3538/3538 3539/3539/3539
f 3541/3541/3541 3540/3540/3540 3539/3539/3539
f 3544/3544/3544 3543/3543/3543 3542/3542/3542
f 3545/3545/3545 3544/3544/3544 3542/3542/3542
f 3546/3546/3546 3544/3544/3544 3545/3545/3545
f 3547/3547/3547 3546/3546/3546 3545/3545/3545
f 3548/3548/3548 3546/3546/3546 3547/3547/3547
f 3549/3549/3549 3548/3548/3548 3547/3547/3547
f 3552/3552/3552 3551/3551/3551 3550/3550/3550
f 3553/3553/3553 3552/3552/3552 3550/3550/3550
f 3554/3554/3554 3552/3552/3552 3553/3553/3553
f 3555/3555/3555 3554/3554/3554 3553/3553/3553
f 3556/3556/3556 3554/3554/3554 3555/3555/3555
f 3557/3557/3557 3556/3556/3556 3555/3555/3555
f 3558/3558/3558 3556/3556/3556 3557/3557/3557
f 3559/3559/3559 3558/3558/3558 3557/3557/3557
f 3562/3562/3562 3561/3561/3561 3560/3560/3560
f 3563/3563/3563 3562/3562/3562 3560/3560/3560
f 3564/3564/3564 3562/3562/3562 3563/3563/3563
f 3565/3565/3565 3564/3564/3564 3563/3563/3563
f 3566/3566/3566 3564/3564/3564 3565/3565/3565
f 3567/3567/3567 3566/3566/3566 3565/3565/3565
f 3568/3568/3568 3566/3566/3566 3567/3567/3567
f 3569/3569/3569 3568/3568/3568 3567/3567/3567
f 3572/3572/3572 3571/3571/3571 3570/3570/3570
f 3573/3573/3573 3572/3572/3572 3570/3570/3570
f 3574/3574/3574 3573/3573/3573 3570/3570/3570
f 3575/3575/3575 3574/3574/3574 3570/3570/3570
f 3576/3576/3576 3574/3574/3574 3575/3575/3575
f 3577/3577/3577 3576/3576/3576 3575/3575/3575
f 3580/3580/3580 3579/3579/3579 3578/3578/3578
f 3579/3579/3579 3581/3581/3581 3578/3578/3578
f 3578/3578/3578 3581/3581/3581 3582/3582/3582
f 3581/3581/3581 3583/3583/3583 3582/3582/3582
f 3582/3582/3582 3583/3583/3583 3584/3584/3584
f 3583/3583/3583 3585/3585/3585 3584/3584/3584
f 3584/3584/3584 3585/3585/3585 3586/3586/3586
f 3585/3585/3585 3587/3587/3587 3586/3586/3586
f 3590/3590/3590 3589/3589/3589 3588/3588/3588
f 3589/3589/3589 3591/3591/3591 3588/3588/3588
f 3588/3588/3588 3591/3591/3591 3592/3592/3592
f 3591/3591/3591 3593/3593/3593 3592/3592/3592
f 3596/3596/3596 3595/3595/3595 3594/3594/3594
f 3597/3597/3597 3596/3596/3596 3594/3594/3594
f 3597/3597/3597 3594/3594/3594 3598/3598/3598
f 3599/3599/3599 3597/3597/3597 3598/3598/3598
f 3599/3599/3599 3598/3598/3598 3600/3600/3600
f 3598/3598/3598 3601/3601/3601 3600/3600/3600
f 3601/3601/3601 3602/3602/3602 3600/3600/3600
f 3602/3602/3602 3603/3603/3603 3600/3600/3600
f 3606/3606/3606 3605/3605/3605 3604/3604/3604
f 3605/3605/3605 3607/3607/3607 3604/3604/3604
f 3604/3604/3604 3607/3607/3607 3608/3608/3608
f 3607/3607/3607 3609/3609/3609 3608/3608/3608
f 3608/3608/3608 3609/3609/3609 3610/3610/3610
f 3609/3609/3609 3611/3611/3611 3610/3610/3610
f 3610/3610/3610 3611/3611/3611 3612/3612/3612
f 3611/3611/3611 3613/3613/3613 3612/3612/3612
f 3616/3616/3616 3615/3615/3615 3614/3614/3614
f 3615/3615/3615 3617/3617/3617 3614/3614/3614
f 3614/3614/3614 3617/3617/3617 3618/3618/3618
f 3617/3617/3617 3619/3619/3619 3618/3618/3618
f 3618/3618/3618 3619/3619/3619 3620/3620/3620
f 3619/3619/3619 3621/3621/3621 3620/3620/3620
f 3620/3620/3620 3621/3621/3621 3622/3622/3622
f 3621/3621/3621 3623/3623/3623 3622/3622/3622
f 3626/3626/3626 3625/3625/3625 3624/3624/3624
f 3627/3627/3627 3626/3626/3626 3624/3624/3624
f 3626/3626/3626 3627/3627/3627 3628/3628/3628
f 3629/3629/3629 3626/3626/3626 3628/3628/3628
f 3629/3629/3629 3628/3628/3628 3630/3630/3630
f 3628/3628/3628 3631/3631/3631 3630/3630/3630
f 3634/3634/3634 3633/3633/3633 3632/3632/3632
f 3635/3635/3635 3634/3634/3634 3632/3632/3632
f 3635/3635/3635 3632/3632/3632 3636/3636/3636
f 3637/3637/3637 3635/3635/3635 3636/3636/3636
f 3640/3640/3640 3639/3639/3639 3638/3638/3638
f 3641/3641/3641 3640/3640/3640 3638/3638/3638
f 3642/3642/3642 3640/3640/3640 3641/3641/3641
f 3643/3643/3643 3642/3642/3642 3641/3641/3641
f 3644/3644/3644 3642/3642/3642 3643/3643/3643
f 3645/3645/3645 3644/3644/3644 3643/3643/3643
f 3646/3646/3646 3644/3644/3644 3645/3645/3645
f 3647/3647/3647 3646/3646/3646 3645/3645/3645
f 3650/3650/3650 3649/3649/3649 3648/3648/3648
f 3651/3651/3651 3650/3650/3650 3648/3648/3648
f 3651/3651/3651 3648/3648/3648 3652/3652/3652
f 3653/3653/3653 3651/3651/3651 3652/3652/3652
f 3653/3653/3653 3654/3654/3654 3651/3651/3651
f 3651/3651/3651 3655/3655/3655 3650/3650/3650
f 3654/3654/3654 3655/3655/3655 3651/3651/3651
f 3655/3655/3655 3656/3656/3656 3650/3650/3650
f 3656/3656/3656 3655/3655/3655 3657/3657/3657
f 3655/3655/3655 3658/3658/3658 3657/3657/3657
f 3655/3655/3655 3654/3654/3654 3658/3658/3658
f 3654/3654/3654 3659/3659/3659 3658/3658/3658
f 3662/3662/3662 3661/3661/3661 3660/3660/3660
f 3661/3661/3661 3663/3663/3663 3660/3660/3660
f 3663/3663/3663 3661/3661/3661 3664/3664/3664
f 3661/3661/3661 3665/3665/3665 3664/3664/3664
f 3668/3668/3668 3667/3667/3667 3666/3666/3666
f 3669/3669/3669 3668/3668/3668 3666/3666/3666
f 3669/3669/3669 3666/3666/3666 3670/3670/3670
f 3671/3671/3671 3669/3669/3669 3670/3670/3670
f 3671/3671/3671 3672/3672/3672 3669/3669/3669
f 3669/3669/3669 3673/3673/3673 3668/3668/3668
f 3672/3672/3672 3673/3673/3673 3669/3669/3669
f 3673/3673/3673 3674/3674/3674 3668/3668/3668
f 3674/3674/3674 3673/3673/3673 3675/3675/3675
f 3673/3673/3673 3676/3676/3676 3675/3675/3675
f 3673/3673/3673 3672/3672/3672 3676/3676/3676
f 3672/3672/3672 3677/3677/3677 3676/3676/3676
f 3680/3680/3680 3679/3679/3679 3678/3678/3678
f 3681/3681/3681 3680/3680/3680 3678/3678/3678
f 3681/3681/3681 3678/3678/3678 3682/3682/3682
f 3681/3681/3681 3683/3683/3683 3680/3680/3680
f 3683/3683/3683 3684/3684/3684 3680/3680/3680
f 3684/3684/3684 3683/3683/3683 3685/3685/3685
f 3683/3683/3683 3686/3686/3686 3685/3685/3685
f 3683/3683/3683 3687/3687/3687 3686/3686/3686
f 3687/3687/3687 3683/3683/3683 3681/3681/3681
f 3687/3687/3687 3688/3688/3688 3686/3686/3686
f 3689/3689/3689 3681/3681/3681 3682/3682/3682
f 3689/3689/3689 3687/3687/3687 3681/3681/3681
f 3689/3689/3689 3682/3682/3682 3690/3690/3690
f 3687/3687/3687 3691/3691/3691 3688/3688/3688
f 3691/3691/3691 3687/3687/3687 3689/3689/3689
f 3691/3691/3691 3692/3692/3692 3688/3688/3688
f 3693/3693/3693 3689/3689/3689 3690/3690/3690
f 3693/3693/3693 3691/3691/3691 3689/3689/3689
f 3693/3693/3693 3690/3690/3690 3694/3694/3694
f 3695/3695/3695 3693/3693/3693 3694/3694/3694
f 3693/3693/3693 3695/3695/3695 3696/3696/3696
f 3691/3691/3691 3693/3693/3693 3696/3696/3696
f 3691/3691/3691 3696/3696/3696 3692/3692/3692
f 3696/3696/3696 3697/3697/3697 3692/3692/3692
f 3700/3700/3700 3699/3699/3699 3698/3698/3698
f 3701/3701/3701 3700/3700/3700 3698/3698/3698
f 3701/3701/3701 3698/3698/3698 3702/3702/3702
f 3701/3701/3701 3703/3703/3703 3700/3700/3700
f 3703/3703/3703 3704/3704/3704 3700/3700/3700
f 3704/3704/3704 3703/3703/3703 3705/3705/3705
f 3703/3703/3703 3706/3706/3706 3705/3705/3705
f 3703/3703/3703 3707/3707/3707 3706/3706/3706
f 3707/3707/3707 3703/3703/3703 3701/3701/3701
f 3707/3707/3707 3708/3708/3708 3706/3706/3706
f 3709/3709/3709 3701/3701/3701 3702/3702/3702
f 3709/3709/3709 3707/3707/3707 3701/3701/3701
f 3709/3709/3709 3702/3702/3702 3710/3710/3710
f 3707/3707/3707 3711/3711/3711 3708/3708/3708
f 3711/3711/3711 3707/3707/3707 3709/3709/3709
f 3711/3711/3711 3712/3712/3712 3708/3708/3708
f 3713/3713/3713 3709/3709/3709 3710/3710/3710
f 3713/3713/3713 3711/3711/3711 3709/3709/3709
f 3713/3713/3713 3710/3710/3710 3714/3714/3714
f 3715/3715/3715 3713/3713/3713 3714/3714/3714
f 3713/3713/3713 3715/3715/3715 3716/3716/3716
f 3711/3711/3711 3713/3713/3713 3716/3716/3716
f 3711/3711/3711 3716/3716/3716 3712/3712/3712
f 3716/3716/3716 3717/3717/3717 3712/3712/3712
f 3720/3720/3720 3719/3719/3719 3718/3718/3718
f 3721/3721/3721 3720/3720/3720 3718/3718/3718
f 3724/3724/3724 3723/3723/3723 3722/3722/3722
f 3725/3725/3725 3724/3724/3724 3722/3722/3722
f 3728/3728/3728 3727/3727/3727 3726/3726/3726
f 3729/3729/3729 3728/3728/3728 3726/3726/3726
f 3730/3730/3730 3728/3728/3728 3729/3729/3729
f 3731/3731/3731 3730/3730/3730 3729/3729/3729
f 3732/3732/3732 3730/3730/3730 3731/3731/3731
f 3733/3733/3733 3732/3732/3732 3731/3731/3731
f 3734/3734/3734 3732/3732/3732 3733/3733/3733
f 3735/3735/3735 3734/3734/3734 3733/3733/3733
f 3738/3738/3738 3737/3737/3737 3736/3736/3736
f 3737/3737/3737 3739/3739/3739 3736/3736/3736
f 3736/3736/3736 3739/3739/3739 3740/3740/3740
f 3739/3739/3739 3737/3737/3737 3741/3741/3741
f 3739/3739/3739 3742/3742/3742 3740/3740/3740
f 3740/3740/3740 3742/3742/3742 3743/3743/3743
f 3744/3744/3744 3739/3739/3739 3741/3741/3741
f 3739/3739/3739 3744/3744/3744 3742/3742/3742
f 3744/3744/3744 3741/3741/3741 3745/3745/3745
f 3746/3746/3746 3744/3744/3744 3745/3745/3745
f 3747/3747/3747 3744/3744/3744 3746/3746/3746
f 3744/3744/3744 3747/3747/3747 3742/3742/3742
f 3748/3748/3748 3747/3747/3747 3746/3746/3746
f 3742/3742/3742 3749/3749/3749 3743/3743/3743
f 3742/3742/3742 3747/3747/3747 3749/3749/3749
f 3743/3743/3743 3749/3749/3749 3750/3750/3750
f 3749/3749/3749 3751/3751/3751 3750/3750/3750
f 3752/3752/3752 3747/3747/3747 3748/3748/3748
f 3747/3747/3747 3752/3752/3752 3749/3749/3749
f 3749/3749/3749 3752/3752/3752 3751/3751/3751
f 3753/3753/3753 3752/3752/3752 3748/3748/3748
f 3752/3752/3752 3754/3754/3754 3751/3751/3751
f 3754/3754/3754 3752/3752/3752 3753/3753/3753
f 3755/3755/3755 3754/3754/3754 3753/3753/3753
f 3758/3758/3758 3757/3757/3757 3756/3756/3756
f 3757/3757/3757 3759/3759/3759 3756/3756/3756
f 3756/3756/3756 3759/3759/3759 3760/3760/3760
f 3759/3759/3759 3757/3757/3757 3761/3761/3761
f 3759/3759/3759 3762/3762/3762 3760/3760/3760
f 3760/3760/3760 3762/3762/3762 3763/3763/3763
f 3764/3764/3764 3759/3759/3759 3761/3761/3761
f 3759/3759/3759 3764/3764/3764 3762/3762/3762
f 3764/3764/3764 3761/3761/3761 3765/3765/3765
f 3766/3766/3766 3764/3764/3764 3765/3765/3765
f 3767/3767/3767 3764/3764/3764 3766/3766/3766
f 3764/3764/3764 3767/3767/3767 3762/3762/3762
f 3768/3768/3768 3767/3767/3767 3766/3766/3766
f 3762/3762/3762 3769/3769/3769 3763/3763/3763
f 3762/3762/3762 3767/3767/3767 3769/3769/3769
f 3763/3763/3763 3769/3769/3769 3770/3770/3770
f 3769/3769/3769 3771/3771/3771 3770/3770/3770
f 3772/3772/3772 3767/3767/3767 3768/3768/3768
f 3767/3767/3767 3772/3772/3772 3769/3769/3769
f 3769/3769/3769 3772/3772/3772 3771/3771/3771
f 3773/3773/3773 3772/3772/3772 3768/3768/3768
f 3772/3772/3772 3774/3774/3774 3771/3771/3771
f 3774/3774/3774 3772/3772/3772 3773/3773/3773
f 3775/3775/3775 3774/3774/3774 3773/3773/3773
f 3778/3778/3778 3777/3777/3777 3776/3776/3776
f 3777/3777/3777 3779/3779/3779 3776/3776/3776
f 3776/3776/3776 3779/3779/3779 3780/3780/3780
f 3777/3777/3777 3781/3781/3781 3779/3779/3779
f 3779/3779/3779 3782/3782/3782 3780/3780/3780
f 3781/3781/3781 3783/3783/3783 3779/3779/3779
f 3779/3779/3779 3783/3783/3783 3782/3782/3782
f 3783/3783/3783 3781/3781/3781 3784/3784/3784
f 3783/3783/3783 3785/3785/3785 3782/3782/3782
f 3786/3786/3786 3783/3783/3783 3784/3784/3784
f 3785/3785/3785 3783/3783/3783 3786/3786/3786
f 3787/3787/3787 3785/3785/3785 3786/3786/3786
f 3790/3790/3790 3789/3789/3789 3788/3788/3788
f 3789/3789/3789 3791/3791/3791 3788/3788/3788
f 3788/3788/3788 3791/3791/3791 3792/3792/3792
f 3789/3789/3789 3793/3793/3793 3791/3791/3791
f 3791/3791/3791 3794/3794/3794 3792/3792/3792
f 3793/3793/3793 3795/3795/3795 3791/3791/3791
f 3791/3791/3791 3795/3795/3795 3794/3794/3794
f 3795/3795/3795 3793/3793/3793 3796/3796/3796
f 3795/3795/3795 3797/3797/3797 3794/3794/3794
f 3798/3798/3798 3795/3795/3795 3796/3796/3796
f 3797/3797/3797 3795/3795/3795 3798/3798/3798
f 3799/3799/3799 3797/3797/3797 3798/3798/3798
f 3802/3802/3802 3801/3801/3801 3800/3800/3800
f 3801/3801/3801 3803/3803/3803 3800/3800/3800
f 3803/3803/3803 3801/3801/3801 3804/3804/3804
f 3805/3805/3805 3803/3803/3803 3804/3804/3804
f 3805/3805/3805 3804/3804/3804 3806/3806/3806
f 3807/3807/3807 3805/3805/3805 3806/3806/3806
f 3810/3810/3810 3809/3809/3809 3808/3808/3808
f 3811/3811/3811 3810/3810/3810 3808/3808/3808
f 3812/3812/3812 3810/3810/3810 3811/3811/3811
f 3813/3813/3813 3812/3812/3812 3811/3811/3811
f 3814/3814/3814 3812/3812/3812 3813/3813/3813
f 3817/3817/3817 3816/3816/3816 3815/3815/3815
f 3818/3818/3818 3817/3817/3817 3815/3815/3815
f 3818/3818/3818 3815/3815/3815 3819/3819/3819
f 3820/3820/3820 3818/3818/3818 3819/3819/3819
f 3823/3823/3823 3822/3822/3822 3821/3821/3821
f 3822/3822/3822 3824/3824/3824 3821/3821/3821
f 3821/3821/3821 3824/3824/3824 3825/3825/3825
f 3824/3824/3824 3826/3826/3826 3825/3825/3825
f 3825/3825/3825 3826/3826/3826 3827/3827/3827
f 3826/3826/3826 3828/3828/3828 3827/3827/3827
f 3831/3831/3831 3830/3830/3830 3829/3829/3829
f 3830/3830/3830 3832/3832/3832 3829/3829/3829
f 3830/3830/3830 3833/3833/3833 3832/3832/3832
f 3833/3833/3833 3834/3834/3834 3832/3832/3832
f 3834/3834/3834 3833/3833/3833 3835/3835/3835
f 3836/3836/3836 3834/3834/3834 3835/3835/3835
f 3839/3839/3839 3838/3838/3838 3837/3837/3837
f 3838/3838/3838 3840/3840/3840 3837/3837/3837
f 3837/3837/3837 3840/3840/3840 3841/3841/3841
f 3840/3840/3840 3842/3842/3842 3841/3841/3841
f 3845/3845/3845 3844/3844/3844 3843/3843/3843
f 3846/3846/3846 3845/3845/3845 3843/3843/3843
f 3847/3847/3847 3845/3845/3845 3846/3846/3846
f 3848/3848/3848 3847/3847/3847 3846/3846/3846
f 3849/3849/3849 3847/3847/3847 3848/3848/3848
f 3850/3850/3850 3849/3849/3849 3848/3848/3848
f 3849/3849/3849 3850/3850/3850 3851/3851/3851
f 3850/3850/3850 3852/3852/3852 3851/3851/3851
f 3855/3855/3855 3854/3854/3854 3853/3853/3853
f 3856/3856/3856 3855/3855/3855 3853/3853/3853
f 3857/3857/3857 3855/3855/3855 3856/3856/3856
f 3858/3858/3858 3857/3857/3857 3856/3856/3856
f 3859/3859/3859 3857/3857/3857 3858/3858/3858
f 3860/3860/3860 3859/3859/3859 3858/3858/3858
f 3859/3859/3859 3860/3860/3860 3861/3861/3861
f 3862/3862/3862 3859/3859/3859 3861/3861/3861
f 3865/3865/3865 3864/3864/3864 3863/3863/3863
f 3866/3866/3866 3865/3865/3865 3863/3863/3863
f 3867/3867/3867 3865/3865/3865 3866/3866/3866
f 3868/3868/3868 3867/3867/3867 3866/3866/3866
f 3871/3871/3871 3870/3870/3870 3869/3869/3869
f 3870/3870/3870 3872/3872/3872 3869/3869/3869
f 3869/3869/3869 3872/3872/3872 3873/3873/3873
f 3872/3872/3872 3874/3874/3874 3873/3873/3873
f 3873/3873/3873 3874/3874/3874 3875/3875/3875
f 3874/3874/3874 3876/3876/3876 3875/3875/3875
f 3875/3875/3875 3876/3876/3876 3877/3877/3877
f 3876/3876/3876 3878/3878/3878 3877/3877/3877
f 3881/3881/3881 3880/3880/3880 3879/3879/3879
f 3882/3882/3882 3881/3881/3881 3879/3879/3879
f 3883/3883/3883 3881/3881/3881 3882/3882/3882
f 3884/3884/3884 3883/3883/3883 3882/3882/3882
f 3885/3885/3885 3883/3883/3883 3884/3884/3884
f 3886/3886/3886 3885/3885/3885 3884/3884/3884
f 3887/3887/3887 3885/3885/3885 3886/3886/3886
f 3888/3888/3888 3887/3887/3887 3886/3886/3886
f 3891/3891/3891 3890/3890/3890 3889/3889/3889
f 3890/3890/3890 3892/3892/3892 3889/3889/3889
f 3889/3889/3889 3892/3892/3892 3893/3893/3893
f 3892/3892/3892 3894/3894/3894 3893/3893/3893
f 3894/3894/3894 3895/3895/3895 3893/3893/3893
f 3895/3895/3895 3896/3896/3896 3893/3893/3893
f 3899/3899/3899 3898/3898/3898 3897/3897/3897
f 3898/3898/3898 3900/3900/3900 3897/3897/3897
f 3897/3897/3897 3900/3900/3900 3901/3901/3901
f 3900/3900/3900 3902/3902/3902 3901/3901/3901
f 3901/3901/3901 3902/3902/3902 3903/3903/3903
f 3902/3902/3902 3904/3904/3904 3903/3903/3903
f 3903/3903/3903 3904/3904/3904 3905/3905/3905
f 3904/3904/3904 3906/3906/3906 3905/3905/3905
f 3909/3909/3909 3908/3908/3908 3907/3907/3907
f 3908/3908/3908 3910/3910/3910 3907/3907/3907
f 3907/3907/3907 3910/3910/3910 3911/3911/3911
f 3910/3910/3910 3912/3912/3912 3911/3911/3911
f 3911/3911/3911 3912/3912/3912 3913/3913/3913
f 3912/3912/3912 3914/3914/3914 3913/3913/3913
f 3913/3913/3913 3914/3914/3914 3915/3915/3915
f 3914/3914/3914 3916/3916/3916 3915/3915/3915
f 3919/3919/3919 3918/3918/3918 3917/3917/3917
f 3918/3918/3918 3920/3920/3920 3917/3917/3917
f 3917/3917/3917 3920/3920/3920 3921/3921/3921
f 3920/3920/3920 3922/3922/3922 3921/3921/3921
f 3921/3921/3921 3922/3922/3922 3923/3923/3923
f 3922/3922/3922 3924/3924/3924 3923/3923/3923
f 3923/3923/3923 3924/3924/3924 3925/3925/3925
f 3924/3924/3924 3926/3926/3926 3925/3925/3925
f 3929/3929/3929 3928/3928/3928 3927/3927/3927
f 3928/3928/3928 3930/3930/3930 3927/3927/3927
f 3927/3927/3927 3930/3930/3930 3931/3931/3931
f 3930/3930/3930 3932/3932/3932 3931/3931/3931
f 3932/3932/3932 3933/3933/3933 3931/3931/3931
f 3933/3933/3933 3934/3934/3934 3931/3931/3931
f 3937/3937/3937 3936/3936/3936 3935/3935/3935
f 3936/3936/3936 3938/3938/3938 3935/3935/3935
f 3935/3935/3935 3938/3938/3938 3939/3939/3939
f 3938/3938/3938 3940/3940/3940 3939/3939/3939
f 3939/3939/3939 3940/3940/3940 3941/3941/3941
f 3940/3940/3940 3942/3942/3942 3941/3941/3941
f 3941/3941/3941 3942/3942/3942 3943/3943/3943
f 3942/3942/3942 3944/3944/3944 3943/3943/3943
f 3947/3947/3947 3946/3946/3946 3945/3945/3945
f 3948/3948/3948 3947/3947/3947 3945/3945/3945
f 3949/3949/3949 3947/3947/3947 3948/3948/3948
f 3950/3950/3950 3949/3949/3949 3948/3948/3948
f 3949/3949/3949 3950/3950/3950 3951/3951/3951
f 3954/3954/3954 3953/3953/3953 3952/3952/3952
f 3953/3953/3953 3955/3955/3955 3952/3952/3952
f 3955/3955/3955 3953/3953/3953 3956/3956/3956
f 3957/3957/3957 3955/3955/3955 3956/3956/3956
f 3957/3957/3957 3956/3956/3956 3958/3958/3958
f 3959/3959/3959 3957/3957/3957 3958/3958/3958
f 3959/3959/3959 3958/3958/3958 3960/3960/3960
f 3961/3961/3961 3959/3959/3959 3960/3960/3960
f 3964/3964/3964 3963/3963/3963 3962/3962/3962
f 3963/3963/3963 3965/3965/3965 3962/3962/3962
f 3962/3962/3962 3965/3965/3965 3966/3966/3966
f 3965/3965/3965 3967/3967/3967 3966/3966/3966
f 3966/3966/3966 3967/3967/3967 3968/3968/3968
f 3967/3967/3967 3969/3969/3969 3968/3968/3968
f 3972/3972/3972 3971/3971/3971 3970/3970/3970
f 3971/3971/3971 3973/3973/3973 3970/3970/3970
f 3970/3970/3970 3973/3973/3973 3974/3974/3974
f 3973/3973/3973 3975/3975/3975 3974/3974/3974
f 3975/3975/3975 3976/3976/3976 3974/3974/3974
f 3976/3976/3976 3977/3977/3977 3974/3974/3974
f 3980/3980/3980 3979/3979/3979 3978/3978/3978
f 3979/3979/3979 3981/3981/3981 3978/3978/3978
f 3979/3979/3979 3982/3982/3982 3981/3981/3981
f 3982/3982/3982 3983/3983/3983 3981/3981/3981
f 3982/3982/3982 3984/3984/3984 3983/3983/3983
f 3984/3984/3984 3985/3985/3985 3983/3983/3983
f 3985/3985/3985 3984/3984/3984 3986/3986/3986
f 3987/3987/3987 3985/3985/3985 3986/3986/3986
f 3990/3990/3990 3989/3989/3989 3988/3988/3988
f 3991/3991/3991 3990/3990/3990 3988/3988/3988
f 3991/3991/3991 3988/3988/3988 3992/3992/3992
f 3993/3993/3993 3991/3991/3991 3992/3992/3992
f 3996/3996/3996 3995/3995/3995 3994/3994/3994
f 3997/3997/3997 3996/3996/3996 3994/3994/3994
f 3997/3997/3997 3994/3994/3994 3998/3998/3998
f 3999/3999/3999 3997/3997/3997 3998/3998/3998
f 4002/4002/4002 4001/4001/4001 4000/4000/4000
f 4001/4001/4001 4003/4003/4003 4000/4000/4000
f 4003/4003/4003 4001/4001/4001 4004/4004/4004
f 4005/4005/4005 4003/4003/4003 4004/4004/4004
f 4005/4005/4005 4004/4004/4004 4006/4006/4006
f 4007/4007/4007 4005/4005/4005 4006/4006/4006
f 4007/4007/4007 4006/4006/4006 4008/4008/4008
f 4009/4009/4009 4007/4007/4007 4008/4008/4008
f 4012/4012/4012 4011/4011/4011 4010/4010/4010
f 4011/4011/4011 4013/4013/4013 4010/4010/4010
f 4011/4011/4011 4014/4014/4014 4013/4013/4013
f 4014/4014/4014 4015/4015/4015 4013/4013/4013
f 4018/4018/4018 4017/4017/4017 4016/4016/4016
f 4016/4016/4016 4017/4017/4017 4019/4019/4019
f 4020/4020/4020 4016/4016/4016 4019/4019/4019
f 4020/4020/4020 4019/4019/4019 4021/4021/4021
f 4022/4022/4022 4020/4020/4020 4021/4021/4021
f 4022/4022/4022 4021/4021/4021 4023/4023/4023
f 4021/4021/4021 4024/4024/4024 4023/4023/4023
f 4027/4027/4027 4026/4026/4026 4025/4025/4025
f 4027/4027/4027 4025/4025/4025 4028/4028/4028
f 4025/4025/4025 4029/4029/4029 4028/4028/4028
f 4025/4025/4025 4030/4030/4030 4029/4029/4029
f 4027/4027/4027 4028/4028/4028 4031/4031/4031
f 4031/4031/4031 4032/4032/4032 4027/4027/4027
f 4032/4032/4032 4033/4033/4033 4027/4027/4027
f 4036/4036/4036 4035/4035/4035 4034/4034/4034
f 4037/4037/4037 4036/4036/4036 4034/4034/4034
f 4036/4036/4036 4037/4037/4037 4038/4038/4038
f 4037/4037/4037 4039/4039/4039 4038/4038/4038
f 4038/4038/4038 4039/4039/4039 4040/4040/4040
f 4039/4039/4039 4041/4041/4041 4040/4040/4040
f 4044/4044/4044 4043/4043/4043 4042/4042/4042
f 4045/4045/4045 4044/4044/4044 4042/4042/4042
f 4045/4045/4045 4042/4042/4042 4046/4046/4046
f 4047/4047/4047 4045/4045/4045 4046/4046/4046
f 4050/4050/4050 4049/4049/4049 4048/4048/4048
f 4051/4051/4051 4050/4050/4050 4048/4048/4048
f 4050/4050/4050 4051/4051/4051 4052/4052/4052
f 4051/4051/4051 4048/4048/4048 4053/4053/4053
f 4048/4048/4048 4054/4054/4054 4053/4053/4053
f 4053/4053/4053 4054/4054/4054 4055/4055/4055
f 4051/4051/4051 4056/4056/4056 4052/4052/4052
f 4056/4056/4056 4051/4051/4051 4053/4053/4053
f 4052/4052/4052 4056/4056/4056 4057/4057/4057
f 4056/4056/4056 4058/4058/4058 4057/4057/4057
f 4056/4056/4056 4059/4059/4059 4058/4058/4058
f 4059/4059/4059 4056/4056/4056 4053/4053/4053
f 4059/4059/4059 4060/4060/4060 4058/4058/4058
f 4061/4061/4061 4053/4053/4053 4055/4055/4055
f 4053/4053/4053 4061/4061/4061 4059/4059/4059
f 4055/4055/4055 4062/4062/4062 4061/4061/4061
f 4062/4062/4062 4063/4063/4063 4061/4061/4061
f 4059/4059/4059 4064/4064/4064 4060/4060/4060
f 4061/4061/4061 4064/4064/4064 4059/4059/4059
f 4061/4061/4061 4063/4063/4063 4064/4064/4064
f 4064/4064/4064 4065/4065/4065 4060/4060/4060
f 4063/4063/4063 4066/4066/4066 4064/4064/4064
f 4064/4064/4064 4066/4066/4066 4065/4065/4065
f 4066/4066/4066 4067/4067/4067 4065/4065/4065
f 4070/4070/4070 4069/4069/4069 4068/4068/4068
f 4071/4071/4071 4070/4070/4070 4068/4068/4068
f 4074/4074/4074 4073/4073/4073 4072/4072/4072
f 4073/4073/4073 4075/4075/4075 4072/4072/4072
f 4073/4073/4073 4076/4076/4076 4075/4075/4075
f 4076/4076/4076 4077/4077/4077 4075/4075/4075
f 4076/4076/4076 4078/4078/4078 4077/4077/4077
f 4078/4078/4078 4079/4079/4079 4077/4077/4077
f 4078/4078/4078 4080/4080/4080 4079/4079/4079
f 4080/4080/4080 4081/4081/4081 4079/4079/4079
f 4084/4084/4084 4083/4083/4083 4082/4082/4082
f 4085/4085/4085 4084/4084/4084 4082/4082/4082
f 4085/4085/4085 4082/4082/4082 4086/4086/4086
f 4087/4087/4087 4085/4085/4085 4086/4086/4086
f 4087/4087/4087 4086/4086/4086 4088/4088/4088
f 4089/4089/4089 4087/4087/4087 4088/4088/4088
f 4089/4089/4089 4088/4088/4088 4090/4090/4090
f 4091/4091/4091 4089/4089/4089 4090/4090/4090
f 4094/4094/4094 4093/4093/4093 4092/4092/4092
f 4094/4094/4094 4095/4095/4095 4093/4093/4093
f 4093/4093/4093 4095/4095/4095 4096/4096/4096
f 4094/4094/4094 4097/4097/4097 4095/4095/4095
f 4095/4095/4095 4098/4098/4098 4096/4096/4096
f 4095/4095/4095 4097/4097/4097 4098/4098/4098
f 4096/4096/4096 4098/4098/4098 4099/4099/4099
f 4098/4098/4098 4100/4100/4100 4099/4099/4099
f 4099/4099/4099 4100/4100/4100 4101/4101/4101
f 4100/4100/4100 4102/4102/4102 4101/4101/4101
f 4101/4101/4101 4102/4102/4102 4103/4103/4103
f 4097/4097/4097 4104/4104/4104 4098/4098/4098
f 4097/4097/4097 4105/4105/4105 4104/4104/4104
f 4098/4098/4098 4104/4104/4104 4106/4106/4106
f 4105/4105/4105 4107/4107/4107 4104/4104/4104
f 4104/4104/4104 4108/4108/4108 4106/4106/4106
f 4106/4106/4106 4108/4108/4108 4102/4102/4102
f 4104/4104/4104 4107/4107/4107 4109/4109/4109
f 4107/4107/4107 4110/4110/4110 4109/4109/4109
f 4109/4109/4109 4110/4110/4110 4111/4111/4111
f 4108/4108/4108 4111/4111/4111 4102/4102/4102
f 4110/4110/4110 4112/4112/4112 4111/4111/4111
f 4102/4102/4102 4113/4113/4113 4103/4103/4103
f 4102/4102/4102 4111/4111/4111 4113/4113/4113
f 4111/4111/4111 4112/4112/4112 4114/4114/4114
f 4111/4111/4111 4114/4114/4114 4113/4113/4113
f 4112/4112/4112 4115/4115/4115 4114/4114/4114
f 4113/4113/4113 4114/4114/4114 4116/4116/4116
f 4103/4103/4103 4113/4113/4113 4116/4116/4116
f 4117/4117/4117 4103/4103/4103 4116/4116/4116
f 4120/4120/4120 4119/4119/4119 4118/4118/4118
f 4121/4121/4121 4120/4120/4120 4118/4118/4118
f 4122/4122/4122 4120/4120/4120 4121/4121/4121
f 4123/4123/4123 4122/4122/4122 4121/4121/4121
f 4124/4124/4124 4122/4122/4122 4123/4123/4123
f 4125/4125/4125 4124/4124/4124 4123/4123/4123
f 4126/4126/4126 4124/4124/4124 4125/4125/4125
f 4127/4127/4127 4126/4126/4126 4125/4125/4125
f 4121/4121/4121 4118/4118/4118 4128/4128/4128
f 4128/4128/4128 4118/4118/4118 4129/4129/4129
f 4130/4130/4130 4121/4121/4121 4128/4128/4128
f 4131/4131/4131 4121/4121/4121 4130/4130/4130
f 4132/4132/4132 4128/4128/4128 4129/4129/4129
f 4130/4130/4130 4128/4128/4128 4132/4132/4132
f 4133/4133/4133 4132/4132/4132 4129/4129/4129
f 4134/4134/4134 4130/4130/4130 4132/4132/4132
f 4135/4135/4135 4131/4131/4131 4130/4130/4130
f 4125/4125/4125 4131/4131/4131 4135/4135/4135
f 4136/4136/4136 4130/4130/4130 4134/4134/4134
f 4137/4137/4137 4136/4136/4136 4134/4134/4134
f 4138/4138/4138 4125/4125/4125 4135/4135/4135
f 4138/4138/4138 4136/4136/4136 4137/4137/4137
f 4127/4127/4127 4125/4125/4125 4138/4138/4138
f 4139/4139/4139 4138/4138/4138 4137/4137/4137
f 4140/4140/4140 4127/4127/4127 4138/4138/4138
f 4140/4140/4140 4138/4138/4138 4139/4139/4139
f 4141/4141/4141 4127/4127/4127 4140/4140/4140
f 4142/4142/4142 4140/4140/4140 4139/4139/4139
f 4141/4141/4141 4140/4140/4140 4142/4142/4142
f 4141/4141/4141 4142/4142/4142 4143/4143/4143
f 4146/4146/4146 4145/4145/4145 4144/4144/4144
f 4147/4147/4147 4146/4146/4146 4144/4144/4144
f 4147/4147/4147 4144/4144/4144 4148/4148/4148
f 4149/4149/4149 4147/4147/4147 4148/4148/4148
f 4149/4149/4149 4148/4148/4148 4150/4150/4150
f 4151/4151/4151 4149/4149/4149 4150/4150/4150
f 4151/4151/4151 4150/4150/4150 4152/4152/4152
f 4153/4153/4153 4151/4151/4151 4152/4152/4152
f 4156/4156/4156 4155/4155/4155 4154/4154/4154
f 4157/4157/4157 4156/4156/4156 4154/4154/4154
f 4154/4154/4154 4158/4158/4158 4157/4157/4157
f 4157/4157/4157 4158/4158/4158 4159/4159/4159
f 4160/4160/4160 4157/4157/4157 4159/4159/4159
f 4159/4159/4159 4161/4161/4161 4160/4160/4160
f 4160/4160/4160 4161/4161/4161 4162/4162/4162
f 4160/4160/4160 4162/4162/4162 4163/4163/4163
f 4163/4163/4163 4164/4164/4164 4160/4160/4160
f 4165/4165/4165 4156/4156/4156 4157/4157/4157
f 4165/4165/4165 4166/4166/4166 4156/4156/4156
f 4157/4157/4157 4167/4167/4167 4165/4165/4165
f 4168/4168/4168 4167/4167/4167 4157/4157/4157
f 4168/4168/4168 4157/4157/4157 4160/4160/4160
f 4160/4160/4160 4169/4169/4169 4168/4168/4168
f 4170/4170/4170 4169/4169/4169 4160/4160/4160
f 4170/4170/4170 4160/4160/4160 4164/4164/4164
f 4164/4164/4164 4171/4171/4171 4170/4170/4170
f 4174/4174/4174 4173/4173/4173 4172/4172/4172
f 4175/4175/4175 4174/4174/4174 4172/4172/4172
f 4178/4178/4178 4177/4177/4177 4176/4176/4176
f 4178/4178/4178 4176/4176/4176 4179/4179/4179
f 4180/4180/4180 4179/4179/4179 4176/4176/4176
f 4179/4179/4179 4181/4181/4181 4178/4178/4178
f 4182/4182/4182 4181/4181/4181 4179/4179/4179
f 4183/4183/4183 4182/4182/4182 4179/4179/4179
f 4179/4179/4179 4184/4184/4184 4183/4183/4183
f 4184/4184/4184 4179/4179/4179 4180/4180/4180
f 4185/4185/4185 4184/4184/4184 4180/4180/4180
f 4180/4180/4180 4186/4186/4186 4185/4185/4185
f 4176/4176/4176 4187/4187/4187 4180/4180/4180
f 4176/4176/4176 4188/4188/4188 4187/4187/4187
f 4180/4180/4180 4187/4187/4187 4189/4189/4189
f 4187/4187/4187 4190/4190/4190 4189/4189/4189
f 4189/4189/4189 4191/4191/4191 4180/4180/4180
f 4186/4186/4186 4180/4180/4180 4191/4191/4191
f 4186/4186/4186 4191/4191/4191 4192/4192/4192
f 4192/4192/4192 4193/4193/4193 4186/4186/4186
f 4196/4196/4196 4195/4195/4195 4194/4194/4194
f 4197/4197/4197 4196/4196/4196 4194/4194/4194
f 4197/4197/4197 4194/4194/4194 4198/4198/4198
f 4199/4199/4199 4196/4196/4196 4197/4197/4197
f 4200/4200/4200 4197/4197/4197 4198/4198/4198
f 4200/4200/4200 4198/4198/4198 4201/4201/4201
f 4202/4202/4202 4199/4199/4199 4197/4197/4197
f 4202/4202/4202 4197/4197/4197 4200/4200/4200
f 4203/4203/4203 4199/4199/4199 4202/4202/4202
f 4204/4204/4204 4200/4200/4200 4201/4201/4201
f 4204/4204/4204 4201/4201/4201 4205/4205/4205
f 4206/4206/4206 4203/4203/4203 4202/4202/4202
f 4206/4206/4206 4207/4207/4207 4203/4203/4203
f 4208/4208/4208 4202/4202/4202 4200/4200/4200
f 4206/4206/4206 4202/4202/4202 4208/4208/4208
f 4208/4208/4208 4200/4200/4200 4204/4204/4204
f 4209/4209/4209 4204/4204/4204 4205/4205/4205
f 4209/4209/4209 4205/4205/4205 4210/4210/4210
f 4211/4211/4211 4206/4206/4206 4208/4208/4208
f 4211/4211/4211 4207/4207/4207 4206/4206/4206
f 4212/4212/4212 4208/4208/4208 4204/4204/4204
f 4211/4211/4211 4208/4208/4208 4212/4212/4212
f 4212/4212/4212 4204/4204/4204 4209/4209/4209
f 4213/4213/4213 4209/4209/4209 4210/4210/4210
f 4213/4213/4213 4210/4210/4210 4214/4214/4214
f 4215/4215/4215 4213/4213/4213 4214/4214/4214
f 4216/4216/4216 4211/4211/4211 4212/4212/4212
f 4216/4216/4216 4207/4207/4207 4211/4211/4211
f 4217/4217/4217 4212/4212/4212 4209/4209/4209
f 4217/4217/4217 4209/4209/4209 4213/4213/4213
f 4216/4216/4216 4212/4212/4212 4217/4217/4217
f 4213/4213/4213 4215/4215/4215 4218/4218/4218
f 4218/4218/4218 4217/4217/4217 4213/4213/4213
f 4215/4215/4215 4219/4219/4219 4218/4218/4218
f 4220/4220/4220 4216/4216/4216 4217/4217/4217
f 4220/4220/4220 4207/4207/4207 4216/4216/4216
f 4220/4220/4220 4217/4217/4217 4218/4218/4218
f 4221/4221/4221 4218/4218/4218 4219/4219/4219
f 4221/4221/4221 4220/4220/4220 4218/4218/4218
f 4221/4221/4221 4207/4207/4207 4220/4220/4220
f 4222/4222/4222 4221/4221/4221 4219/4219/4219
f 4222/4222/4222 4207/4207/4207 4221/4221/4221
f 4225/4225/4225 4224/4224/4224 4223/4223/4223
f 4226/4226/4226 4225/4225/4225 4223/4223/4223
f 4226/4226/4226 4223/4223/4223 4227/4227/4227
f 4228/4228/4228 4225/4225/4225 4226/4226/4226
f 4229/4229/4229 4226/4226/4226 4227/4227/4227
f 4229/4229/4229 4227/4227/4227 4230/4230/4230
f 4231/4231/4231 4228/4228/4228 4226/4226/4226
f 4231/4231/4231 4226/4226/4226 4229/4229/4229
f 4232/4232/4232 4228/4228/4228 4231/4231/4231
f 4233/4233/4233 4229/4229/4229 4230/4230/4230
f 4233/4233/4233 4230/4230/4230 4234/4234/4234
f 4235/4235/4235 4232/4232/4232 4231/4231/4231
f 4235/4235/4235 4236/4236/4236 4232/4232/4232
f 4237/4237/4237 4231/4231/4231 4229/4229/4229
f 4235/4235/4235 4231/4231/4231 4237/4237/4237
f 4237/4237/4237 4229/4229/4229 4233/4233/4233
f 4238/4238/4238 4233/4233/4233 4234/4234/4234
f 4238/4238/4238 4234/4234/4234 4239/4239/4239
f 4240/4240/4240 4235/4235/4235 4237/4237/4237
f 4240/4240/4240 4236/4236/4236 4235/4235/4235
f 4241/4241/4241 4237/4237/4237 4233/4233/4233
f 4240/4240/4240 4237/4237/4237 4241/4241/4241
f 4241/4241/4241 4233/4233/4233 4238/4238/4238
f 4242/4242/4242 4238/4238/4238 4239/4239/4239
f 4242/4242/4242 4239/4239/4239 4243/4243/4243
f 4244/4244/4244 4242/4242/4242 4243/4243/4243
f 4245/4245/4245 4240/4240/4240 4241/4241/4241
f 4245/4245/4245 4236/4236/4236 4240/4240/4240
f 4246/4246/4246 4241/4241/4241 4238/4238/4238
f 4246/4246/4246 4238/4238/4238 4242/4242/4242
f 4245/4245/4245 4241/4241/4241 4246/4246/4246
f 4247/4247/4247 4242/4242/4242 4244/4244/4244
f 4247/4247/4247 4246/4246/4246 4242/4242/4242
f 4248/4248/4248 4247/4247/4247 4244/4244/4244
f 4249/4249/4249 4245/4245/4245 4246/4246/4246
f 4249/4249/4249 4236/4236/4236 4245/4245/4245
f 4249/4249/4249 4246/4246/4246 4247/4247/4247
f 4250/4250/4250 4247/4247/4247 4248/4248/4248
f 4250/4250/4250 4249/4249/4249 4247/4247/4247
f 4250/4250/4250 4236/4236/4236 4249/4249/4249
f 4251/4251/4251 4250/4250/4250 4248/4248/4248
f 4251/4251/4251 4236/4236/4236 4250/4250/4250
f 4254/4254/4254 4253/4253/4253 4252/4252/4252
f 4255/4255/4255 4254/4254/4254 4252/4252/4252
f 4256/4256/4256 4254/4254/4254 4255/4255/4255
f 4257/4257/4257 4256/4256/4256 4255/4255/4255
f 4258/4258/4258 4256/4256/4256 4257/4257/4257
f 4259/4259/4259 4258/4258/4258 4257/4257/4257
f 4260/4260/4260 4258/4258/4258 4259/4259/4259
f 4261/4261/4261 4260/4260/4260 4259/4259/4259
f 4262/4262/4262 4260/4260/4260 4261/4261/4261
f 4263/4263/4263 4262/4262/4262 4261/4261/4261
f 4266/4266/4266 4265/4265/4265 4264/4264/4264
f 4267/4267/4267 4266/4266/4266 4264/4264/4264
f 4268/4268/4268 4266/4266/4266 4267/4267/4267
f 4269/4269/4269 4268/4268/4268 4267/4267/4267
f 4270/4270/4270 4268/4268/4268 4269/4269/4269
f 4271/4271/4271 4270/4270/4270 4269/4269/4269
f 4272/4272/4272 4270/4270/4270 4271/4271/4271
f 4273/4273/4273 4272/4272/4272 4271/4271/4271
f 4274/4274/4274 4272/4272/4272 4273/4273/4273
f 4275/4275/4275 4274/4274/4274 4273/4273/4273
f 4278/4278/4278 4277/4277/4277 4276/4276/4276
f 4277/4277/4277 4279/4279/4279 4276/4276/4276
f 4276/4276/4276 4279/4279/4279 4280/4280/4280
f 4279/4279/4279 4281/4281/4281 4280/4280/4280
f 4280/4280/4280 4281/4281/4281 4282/4282/4282
f 4281/4281/4281 4283/4283/4283 4282/4282/4282
f 4282/4282/4282 4283/4283/4283 4284/4284/4284
f 4283/4283/4283 4285/4285/4285 4284/4284/4284
f 4284/4284/4284 4285/4285/4285 4286/4286/4286
f 4285/4285/4285 4287/4287/4287 4286/4286/4286
f 4290/4290/4290 4289/4289/4289 4288/4288/4288
f 4289/4289/4289 4291/4291/4291 4288/4288/4288
f 4288/4288/4288 4291/4291/4291 4292/4292/4292
f 4291/4291/4291 4293/4293/4293 4292/4292/4292
f 4292/4292/4292 4293/4293/4293 4294/4294/4294
f 4293/4293/4293 4295/4295/4295 4294/4294/4294
f 4294/4294/4294 4295/4295/4295 4296/4296/4296
f 4295/4295/4295 4297/4297/4297 4296/4296/4296
f 4296/4296/4296 4297/4297/4297 4298/4298/4298
f 4297/4297/4297 4299/4299/4299 4298/4298/4298
f 4302/4302/4302 4301/4301/4301 4300/4300/4300
f 4301/4301/4301 4303/4303/4303 4300/4300/4300
f 4300/4300/4300 4303/4303/4303 4304/4304/4304
f 4303/4303/4303 4305/4305/4305 4304/4304/4304
f 4304/4304/4304 4305/4305/4305 4306/4306/4306
f 4305/4305/4305 4307/4307/4307 4306/4306/4306
f 4306/4306/4306 4307/4307/4307 4308/4308/4308
f 4307/4307/4307 4309/4309/4309 4308/4308/4308
f 4308/4308/4308 4309/4309/4309 4310/4310/4310
f 4309/4309/4309 4311/4311/4311 4310/4310/4310
f 4314/4314/4314 4313/4313/4313 4312/4312/4312
f 4313/4313/4313 4315/4315/4315 4312/4312/4312
f 4312/4312/4312 4315/4315/4315 4316/4316/4316
f 4315/4315/4315 4317/4317/4317 4316/4316/4316
f 4316/4316/4316 4317/4317/4317 4318/4318/4318
f 4317/4317/4317 4319/4319/4319 4318/4318/4318
f 4318/4318/4318 4319/4319/4319 4320/4320/4320
f 4319/4319/4319 4321/4321/4321 4320/4320/4320
f 4320/4320/4320 4321/4321/4321 4322/4322/4322
f 4321/4321/4321 4323/4323/4323 4322/4322/4322
f 4326/4326/4326 4325/4325/4325 4324/4324/4324
f 4326/4326/4326 4327/4327/4327 4325/4325/4325
f 4325/4325/4325 4327/4327/4327 4328/4328/4328
f 4326/4326/4326 4329/4329/4329 4327/4327/4327
f 4327/4327/4327 4330/4330/4330 4328/4328/4328
f 4327/4327/4327 4329/4329/4329 4330/4330/4330
f 4328/4328/4328 4330/4330/4330 4331/4331/4331
f 4330/4330/4330 4332/4332/4332 4331/4331/4331
f 4331/4331/4331 4332/4332/4332 4333/4333/4333
f 4332/4332/4332 4334/4334/4334 4333/4333/4333
f 4333/4333/4333 4334/4334/4334 4335/4335/4335
f 4329/4329/4329 4336/4336/4336 4330/4330/4330
f 4329/4329/4329 4337/4337/4337 4336/4336/4336
f 4330/4330/4330 4336/4336/4336 4338/4338/4338
f 4337/4337/4337 4339/4339/4339 4336/4336/4336
f 4336/4336/4336 4340/4340/4340 4338/4338/4338
f 4338/4338/4338 4340/4340/4340 4334/4334/4334
f 4336/4336/4336 4339/4339/4339 4341/4341/4341
f 4339/4339/4339 4342/4342/4342 4341/4341/4341
f 4341/4341/4341 4342/4342/4342 4343/4343/4343
f 4340/4340/4340 4343/4343/4343 4334/4334/4334
f 4342/4342/4342 4344/4344/4344 4343/4343/4343
f 4334/4334/4334 4345/4345/4345 4335/4335/4335
f 4334/4334/4334 4343/4343/4343 4345/4345/4345
f 4343/4343/4343 4344/4344/4344 4346/4346/4346
f 4343/4343/4343 4346/4346/4346 4345/4345/4345
f 4344/4344/4344 4347/4347/4347 4346/4346/4346
f 4345/4345/4345 4346/4346/4346 4348/4348/4348
f 4335/4335/4335 4345/4345/4345 4348/4348/4348
f 4349/4349/4349 4335/4335/4335 4348/4348/4348
f 4352/4352/4352 4351/4351/4351 4350/4350/4350
f 4353/4353/4353 4352/4352/4352 4350/4350/4350
f 4354/4354/4354 4352/4352/4352 4353/4353/4353
f 4355/4355/4355 4354/4354/4354 4353/4353/4353
f 4356/4356/4356 4354/4354/4354 4355/4355/4355
f 4357/4357/4357 4356/4356/4356 4355/4355/4355
f 4358/4358/4358 4356/4356/4356 4357/4357/4357
f 4359/4359/4359 4358/4358/4358 4357/4357/4357
f 4353/4353/4353 4350/4350/4350 4360/4360/4360
f 4360/4360/4360 4350/4350/4350 4361/4361/4361
f 4362/4362/4362 4353/4353/4353 4360/4360/4360
f 4363/4363/4363 4353/4353/4353 4362/4362/4362
f 4364/4364/4364 4360/4360/4360 4361/4361/4361
f 4362/4362/4362 4360/4360/4360 4364/4364/4364
f 4365/4365/4365 4364/4364/4364 4361/4361/4361
f 4366/4366/4366 4362/4362/4362 4364/4364/4364
f 4367/4367/4367 4363/4363/4363 4362/4362/4362
f 4357/4357/4357 4363/4363/4363 4367/4367/4367
f 4368/4368/4368 4362/4362/4362 4366/4366/4366
f 4369/4369/4369 4368/4368/4368 4366/4366/4366
f 4370/4370/4370 4357/4357/4357 4367/4367/4367
f 4370/4370/4370 4368/4368/4368 4369/4369/4369
f 4359/4359/4359 4357/4357/4357 4370/4370/4370
f 4371/4371/4371 4370/4370/4370 4369/4369/4369
f 4372/4372/4372 4359/4359/4359 4370/4370/4370
f 4372/4372/4372 4370/4370/4370 4371/4371/4371
f 4373/4373/4373 4359/4359/4359 4372/4372/4372
f 4374/4374/4374 4372/4372/4372 4371/4371/4371
f 4373/4373/4373 4372/4372/4372 4374/4374/4374
f 4373/4373/4373 4374/4374/4374 4375/4375/4375
f 4378/4378/4378 4377/4377/4377 4376/4376/4376
f 4377/4377/4377 4379/4379/4379 4376/4376/4376
f 4376/4376/4376 4379/4379/4379 4380/4380/4380
f 4379/4379/4379 4381/4381/4381 4380/4380/4380
f 4381/4381/4381 4382/4382/4382 4380/4380/4380
f 4381/4381/4381 4383/4383/4383 4382/4382/4382
f 4386/4386/4386 4385/4385/4385 4384/4384/4384
f 4387/4387/4387 4386/4386/4386 4384/4384/4384
f 4387/4387/4387 4384/4384/4384 4388/4388/4388
f 4389/4389/4389 4386/4386/4386 4387/4387/4387
f 4390/4390/4390 4387/4387/4387 4388/4388/4388
f 4389/4389/4389 4387/4387/4387 4390/4390/4390
f 4393/4393/4393 4392/4392/4392 4391/4391/4391
f 4394/4394/4394 4393/4393/4393 4391/4391/4391
f 4397/4397/4397 4396/4396/4396 4395/4395/4395
f 4398/4398/4398 4397/4397/4397 4395/4395/4395
f 4401/4401/4401 4400/4400/4400 4399/4399/4399
f 4402/4402/4402 4401/4401/4401 4399/4399/4399
f 4405/4405/4405 4404/4404/4404 4403/4403/4403
f 4404/4404/4404 4406/4406/4406 4403/4403/4403
f 4404/4404/4404 4407/4407/4407 4406/4406/4406
f 4407/4407/4407 4408/4408/4408 4406/4406/4406
f 4407/4407/4407 4409/4409/4409 4408/4408/4408
f 4409/4409/4409 4410/4410/4410 4408/4408/4408
f 4409/4409/4409 4411/4411/4411 4410/4410/4410
f 4411/4411/4411 4412/4412/4412 4410/4410/4410
f 4415/4415/4415 4414/4414/4414 4413/4413/4413
f 4416/4416/4416 4415/4415/4415 4413/4413/4413
f 4419/4419/4419 4418/4418/4418 4417/4417/4417
f 4420/4420/4420 4419/4419/4419 4417/4417/4417
f 4421/4421/4421 4419/4419/4419 4420/4420/4420
f 4422/4422/4422 4421/4421/4421 4420/4420/4420
f 4423/4423/4423 4421/4421/4421 4422/4422/4422
f 4424/4424/4424 4423/4423/4423 4422/4422/4422
f 4425/4425/4425 4423/4423/4423 4424/4424/4424
f 4426/4426/4426 4425/4425/4425 4424/4424/4424
f 4429/4429/4429 4428/4428/4428 4427/4427/4427
f 4428/4428/4428 4430/4430/4430 4427/4427/4427
f 4427/4427/4427 4430/4430/4430 4431/4431/4431
f 4430/4430/4430 4428/4428/4428 4432/4432/4432
f 4430/4430/4430 4433/4433/4433 4431/4431/4431
f 4431/4431/4431 4433/4433/4433 4434/4434/4434
f 4435/4435/4435 4430/4430/4430 4432/4432/4432
f 4430/4430/4430 4435/4435/4435 4433/4433/4433
f 4435/4435/4435 4432/4432/4432 4436/4436/4436
f 4437/4437/4437 4435/4435/4435 4436/4436/4436
f 4438/4438/4438 4435/4435/4435 4437/4437/4437
f 4435/4435/4435 4438/4438/4438 4433/4433/4433
f 4439/4439/4439 4438/4438/4438 4437/4437/4437
f 4433/4433/4433 4440/4440/4440 4434/4434/4434
f 4433/4433/4433 4438/4438/4438 4440/4440/4440
f 4434/4434/4434 4440/4440/4440 4441/4441/4441
f 4440/4440/4440 4442/4442/4442 4441/4441/4441
f 4443/4443/4443 4438/4438/4438 4439/4439/4439
f 4438/4438/4438 4443/4443/4443 4440/4440/4440
f 4440/4440/4440 4443/4443/4443 4442/4442/4442
f 4444/4444/4444 4443/4443/4443 4439/4439/4439
f 4443/4443/4443 4445/4445/4445 4442/4442/4442
f 4445/4445/4445 4443/4443/4443 4444/4444/4444
f 4446/4446/4446 4445/4445/4445 4444/4444/4444
f 4449/4449/4449 4448/4448/4448 4447/4447/4447
f 4448/4448/4448 4450/4450/4450 4447/4447/4447
f 4447/4447/4447 4450/4450/4450 4451/4451/4451
f 4450/4450/4450 4448/4448/4448 4452/4452/4452
f 4450/4450/4450 4453/4453/4453 4451/4451/4451
f 4451/4451/4451 4453/4453/4453 4454/4454/4454
f 4455/4455/4455 4450/4450/4450 4452/4452/4452
f 4453/4453/4453 4450/4450/4450 4455/4455/4455
f 4455/4455/4455 4452/4452/4452 4456/4456/4456
f 4457/4457/4457 4455/4455/4455 4456/4456/4456
f 4458/4458/4458 4455/4455/4455 4457/4457/4457
f 4458/4458/4458 4453/4453/4453 4455/4455/4455
f 4459/4459/4459 4458/4458/4458 4457/4457/4457
f 4453/4453/4453 4460/4460/4460 4454/4454/4454
f 4460/4460/4460 4453/4453/4453 4458/4458/4458
f 4454/4454/4454 4460/4460/4460 4461/4461/4461
f 4460/4460/4460 4462/4462/4462 4461/4461/4461
f 4463/4463/4463 4458/4458/4458 4459/4459/4459
f 4463/4463/4463 4460/4460/4460 4458/4458/4458
f 4462/4462/4462 4460/4460/4460 4463/4463/4463
f 4464/4464/4464 4463/4463/4463 4459/4459/4459
f 4465/4465/4465 4462/4462/4462 4463/4463/4463
f 4465/4465/4465 4463/4463/4463 4464/4464/4464
f 4466/4466/4466 4465/4465/4465 4464/4464/4464
f 4469/4469/4469 4468/4468/4468 4467/4467/4467
f 4468/4468/4468 4470/4470/4470 4467/4467/4467
f 4467/4467/4467 4470/4470/4470 4471/4471/4471
f 4470/4470/4470 4468/4468/4468 4472/4472/4472
f 4470/4470/4470 4473/4473/4473 4471/4471/4471
f 4474/4474/4474 4470/4470/4470 4472/4472/4472
f 4473/4473/4473 4470/4470/4470 4474/4474/4474
f 4474/4474/4474 4472/4472/4472 4475/4475/4475
f 4476/4476/4476 4473/4473/4473 4474/4474/4474
f 4477/4477/4477 4474/4474/4474 4475/4475/4475
f 4476/4476/4476 4474/4474/4474 4477/4477/4477
f 4478/4478/4478 4476/4476/4476 4477/4477/4477
f 4481/4481/4481 4480/4480/4480 4479/4479/4479
f 4480/4480/4480 4482/4482/4482 4479/4479/4479
f 4479/4479/4479 4482/4482/4482 4483/4483/4483
f 4480/4480/4480 4484/4484/4484 4482/4482/4482
f 4482/4482/4482 4485/4485/4485 4483/4483/4483
f 4484/4484/4484 4486/4486/4486 4482/4482/4482
f 4482/4482/4482 4486/4486/4486 4485/4485/4485
f 4486/4486/4486 4484/4484/4484 4487/4487/4487
f 4486/4486/4486 4488/4488/4488 4485/4485/4485
f 4489/4489/4489 4486/4486/4486 4487/4487/4487
f 4488/4488/4488 4486/4486/4486 4489/4489/4489
f 4490/4490/4490 4488/4488/4488 4489/4489/4489
f 4493/4493/4493 4492/4492/4492 4491/4491/4491
f 4492/4492/4492 4494/4494/4494 4491/4491/4491
f 4492/4492/4492 4495/4495/4495 4494/4494/4494
f 4495/4495/4495 4496/4496/4496 4494/4494/4494
f 4496/4496/4496 4495/4495/4495 4497/4497/4497
f 4498/4498/4498 4496/4496/4496 4497/4497/4497
f 4501/4501/4501 4500/4500/4500 4499/4499/4499
f 4502/4502/4502 4501/4501/4501 4499/4499/4499
f 4503/4503/4503 4501/4501/4501 4502/4502/4502
f 4504/4504/4504 4503/4503/4503 4502/4502/4502
f 4505/4505/4505 4503/4503/4503 4504/4504/4504
f 4508/4508/4508 4507/4507/4507 4506/4506/4506
f 4509/4509/4509 4508/4508/4508 4506/4506/4506
f 4509/4509/4509 4506/4506/4506 4510/4510/4510
f 4511/4511/4511 4509/4509/4509 4510/4510/4510
f 4514/4514/4514 4513/4513/4513 4512/4512/4512
f 4513/4513/4513 4515/4515/4515 4512/4512/4512
f 4512/4512/4512 4515/4515/4515 4516/4516/4516
f 4515/4515/4515 4517/4517/4517 4516/4516/4516
f 4516/4516/4516 4517/4517/4517 4518/4518/4518
f 4517/4517/4517 4519/4519/4519 4518/4518/4518
f 4522/4522/4522 4521/4521/4521 4520/4520/4520
f 4521/4521/4521 4523/4523/4523 4520/4520/4520
f 4521/4521/4521 4524/4524/4524 4523/4523/4523
f 4524/4524/4524 4525/4525/4525 4523/4523/4523
f 4525/4525/4525 4524/4524/4524 4526/4526/4526
f 4527/4527/4527 4525/4525/4525 4526/4526/4526
f 4530/4530/4530 4529/4529/4529 4528/4528/4528
f 4529/4529/4529 4531/4531/4531 4528/4528/4528
f 4528/4528/4528 4531/4531/4531 4532/4532/4532
f 4531/4531/4531 4533/4533/4533 4532/4532/4532
f 4536/4536/4536 4535/4535/4535 4534/4534/4534
f 4537/4537/4537 4536/4536/4536 4534/4534/4534
f 4538/4538/4538 4536/4536/4536 4537/4537/4537
f 4539/4539/4539 4538/4538/4538 4537/4537/4537
f 4540/4540/4540 4538/4538/4538 4539/4539/4539
f 4541/4541/4541 4540/4540/4540 4539/4539/4539
f 4540/4540/4540 4541/4541/4541 4542/4542/4542
f 4541/4541/4541 4543/4543/4543 4542/4542/4542
f 4546/4546/4546 4545/4545/4545 4544/4544/4544
f 4547/4547/4547 4546/4546/4546 4544/4544/4544
f 4548/4548/4548 4546/4546/4546 4547/4547/4547
f 4549/4549/4549 4548/4548/4548 4547/4547/4547
f 4550/4550/4550 4548/4548/4548 4549/4549/4549
f 4551/4551/4551 4550/4550/4550 4549/4549/4549
f 4550/4550/4550 4551/4551/4551 4552/4552/4552
f 4553/4553/4553 4550/4550/4550 4552/4552/4552
f 4556/4556/4556 4555/4555/4555 4554/4554/4554
f 4557/4557/4557 4556/4556/4556 4554/4554/4554
f 4558/4558/4558 4556/4556/4556 4557/4557/4557
f 4559/4559/4559 4558/4558/4558 4557/4557/4557
f 4562/4562/4562 4561/4561/4561 4560/4560/4560
f 4561/4561/4561 4563/4563/4563 4560/4560/4560
f 4560/4560/4560 4563/4563/4563 4564/4564/4564
f 4563/4563/4563 4565/4565/4565 4564/4564/4564
f 4564/4564/4564 4565/4565/4565 4566/4566/4566
f 4565/4565/4565 4567/4567/4567 4566/4566/4566
f 4566/4566/4566 4567/4567/4567 4568/4568/4568
f 4567/4567/4567 4569/4569/4569 4568/4568/4568
f 4572/4572/4572 4571/4571/4571 4570/4570/4570
f 4571/4571/4571 4573/4573/4573 4570/4570/4570
f 4571/4571/4571 4574/4574/4574 4573/4573/4573
f 4574/4574/4574 4575/4575/4575 4573/4573/4573
f 4578/4578/4578 4577/4577/4577 4576/4576/4576
f 4579/4579/4579 4578/4578/4578 4576/4576/4576
f 4580/4580/4580 4578/4578/4578 4579/4579/4579
f 4581/4581/4581 4580/4580/4580 4579/4579/4579
f 4582/4582/4582 4580/4580/4580 4581/4581/4581
f 4583/4583/4583 4582/4582/4582 4581/4581/4581
f 4584/4584/4584 4582/4582/4582 4583/4583/4583
f 4585/4585/4585 4584/4584/4584 4583/4583/4583
f 4588/4588/4588 4587/4587/4587 4586/4586/4586
f 4587/4587/4587 4589/4589/4589 4586/4586/4586
f 4586/4586/4586 4589/4589/4589 4590/4590/4590
f 4589/4589/4589 4591/4591/4591 4590/4590/4590
f 4591/4591/4591 4592/4592/4592 4590/4590/4590
f 4592/4592/4592 4593/4593/4593 4590/4590/4590
f 4596/4596/4596 4595/4595/4595 4594/4594/4594
f 4595/4595/4595 4597/4597/4597 4594/4594/4594
f 4594/4594/4594 4597/4597/4597 4598/4598/4598
f 4597/4597/4597 4599/4599/4599 4598/4598/4598
f 4598/4598/4598 4599/4599/4599 4600/4600/4600
f 4599/4599/4599 4601/4601/4601 4600/4600/4600
f 4600/4600/4600 4601/4601/4601 4602/4602/4602
f 4601/4601/4601 4603/4603/4603 4602/4602/4602
f 4606/4606/4606 4605/4605/4605 4604/4604/4604
f 4605/4605/4605 4607/4607/4607 4604/4604/4604
f 4604/4604/4604 4607/4607/4607 4608/4608/4608
f 4607/4607/4607 4609/4609/4609 4608/4608/4608
f 4608/4608/4608 4609/4609/4609 4610/4610/4610
f 4609/4609/4609 4611/4611/4611 4610/4610/4610
f 4610/4610/4610 4611/4611/4611 4612/4612/4612
f 4611/4611/4611 4613/4613/4613 4612/4612/4612
f 4616/4616/4616 4615/4615/4615 4614/4614/4614
f 4615/4615/4615 4617/4617/4617 4614/4614/4614
f 4614/4614/4614 4617/4617/4617 4618/4618/4618
f 4617/4617/4617 4619/4619/4619 4618/4618/4618
f 4618/4618/4618 4619/4619/4619 4620/4620/4620
f 4619/4619/4619 4621/4621/4621 4620/4620/4620
f 4620/4620/4620 4621/4621/4621 4622/4622/4622
f 4621/4621/4621 4623/4623/4623 4622/4622/4622
f 4626/4626/4626 4625/4625/4625 4624/4624/4624
f 4625/4625/4625 4627/4627/4627 4624/4624/4624
f 4624/4624/4624 4627/4627/4627 4628/4628/4628
f 4627/4627/4627 4629/4629/4629 4628/4628/4628
f 4629/4629/4629 4630/4630/4630 4628/4628/4628
f 4630/4630/4630 4631/4631/4631 4628/4628/4628
f 4634/4634/4634 4633/4633/4633 4632/4632/4632
f 4633/4633/4633 4635/4635/4635 4632/4632/4632
f 4632/4632/4632 4635/4635/4635 4636/4636/4636
f 4635/4635/4635 4637/4637/4637 4636/4636/4636
f 4636/4636/4636 4637/4637/4637 4638/4638/4638
f 4637/4637/4637 4639/4639/4639 4638/4638/4638
f 4638/4638/4638 4639/4639/4639 4640/4640/4640
f 4639/4639/4639 4641/4641/4641 4640/4640/4640
f 4644/4644/4644 4643/4643/4643 4642/4642/4642
f 4645/4645/4645 4644/4644/4644 4642/4642/4642
f 4646/4646/4646 4644/4644/4644 4645/4645/4645
f 4647/4647/4647 4646/4646/4646 4645/4645/4645
f 4646/4646/4646 4647/4647/4647 4648/4648/4648
f 4651/4651/4651 4650/4650/4650 4649/4649/4649
f 4650/4650/4650 4652/4652/4652 4649/4649/4649
f 4652/4652/4652 4650/4650/4650 4653/4653/4653
f 4654/4654/4654 4652/4652/4652 4653/4653/4653
f 4654/4654/4654 4653/4653/4653 4655/4655/4655
f 4656/4656/4656 4654/4654/4654 4655/4655/4655
f 4656/4656/4656 4655/4655/4655 4657/4657/4657
f 4658/4658/4658 4656/4656/4656 4657/4657/4657
f 4661/4661/4661 4660/4660/4660 4659/4659/4659
f 4660/4660/4660 4662/4662/4662 4659/4659/4659
f 4659/4659/4659 4662/4662/4662 4663/4663/4663
f 4662/4662/4662 4664/4664/4664 4663/4663/4663
f 4663/4663/4663 4664/4664/4664 4665/4665/4665
f 4664/4664/4664 4666/4666/4666 4665/4665/4665
f 4669/4669/4669 4668/4668/4668 4667/4667/4667
f 4668/4668/4668 4670/4670/4670 4667/4667/4667
f 4667/4667/4667 4670/4670/4670 4671/4671/4671
f 4670/4670/4670 4672/4672/4672 4671/4671/4671
f 4672/4672/4672 4673/4673/4673 4671/4671/4671
f 4673/4673/4673 4674/4674/4674 4671/4671/4671
f 4677/4677/4677 4676/4676/4676 4675/4675/4675
f 4676/4676/4676 4678/4678/4678 4675/4675/4675
f 4676/4676/4676 4679/4679/4679 4678/4678/4678
f 4679/4679/4679 4680/4680/4680 4678/4678/4678
f 4679/4679/4679 4681/4681/4681 4680/4680/4680
f 4681/4681/4681 4682/4682/4682 4680/4680/4680
f 4682/4682/4682 4681/4681/4681 4683/4683/4683
f 4684/4684/4684 4682/4682/4682 4683/4683/4683
f 4687/4687/4687 4686/4686/4686 4685/4685/4685
f 4688/4688/4688 4687/4687/4687 4685/4685/4685
f 4688/4688/4688 4685/4685/4685 4689/4689/4689
f 4690/4690/4690 4688/4688/4688 4689/4689/4689
f 4693/4693/4693 4692/4692/4692 4691/4691/4691
f 4694/4694/4694 4693/4693/4693 4691/4691/4691
f 4694/4694/4694 4691/4691/4691 4695/4695/4695
f 4696/4696/4696 4694/4694/4694 4695/4695/4695
f 4699/4699/4699 4698/4698/4698 4697/4697/4697
f 4698/4698/4698 4700/4700/4700 4697/4697/4697
f 4700/4700/4700 4698/4698/4698 4701/4701/4701
f 4702/4702/4702 4700/4700/4700 4701/4701/4701
f 4702/4702/4702 4701/4701/4701 4703/4703/4703
f 4704/4704/4704 4702/4702/4702 4703/4703/4703
f 4704/4704/4704 4703/4703/4703 4705/4705/4705
f 4706/4706/4706 4704/4704/4704 4705/4705/4705
f 4709/4709/4709 4708/4708/4708 4707/4707/4707
f 4708/4708/4708 4710/4710/4710 4707/4707/4707
f 4708/4708/4708 4711/4711/4711 4710/4710/4710
f 4711/4711/4711 4712/4712/4712 4710/4710/4710
f 4715/4715/4715 4714/4714/4714 4713/4713/4713
f 4713/4713/4713 4714/4714/4714 4716/4716/4716
f 4717/4717/4717 4713/4713/4713 4716/4716/4716
f 4717/4717/4717 4716/4716/4716 4718/4718/4718
f 4719/4719/4719 4717/4717/4717 4718/4718/4718
f 4719/4719/4719 4718/4718/4718 4720/4720/4720
f 4718/4718/4718 4721/4721/4721 4720/4720/4720
f 4724/4724/4724 4723/4723/4723 4722/4722/4722
f 4724/4724/4724 4722/4722/4722 4725/4725/4725
f 4722/4722/4722 4726/4726/4726 4725/4725/4725
f 4722/4722/4722 4727/4727/4727 4726/4726/4726
f 4724/4724/4724 4725/4725/4725 4728/4728/4728
f 4728/4728/4728 4729/4729/4729 4724/4724/4724
f 4729/4729/4729 4730/4730/4730 4724/4724/4724
f 4733/4733/4733 4732/4732/4732 4731/4731/4731
f 4734/4734/4734 4733/4733/4733 4731/4731/4731
f 4733/4733/4733 4734/4734/4734 4735/4735/4735
f 4734/4734/4734 4736/4736/4736 4735/4735/4735
f 4735/4735/4735 4736/4736/4736 4737/4737/4737
f 4736/4736/4736 4738/4738/4738 4737/4737/4737
f 4741/4741/4741 4740/4740/4740 4739/4739/4739
f 4742/4742/4742 4741/4741/4741 4739/4739/4739
f 4742/4742/4742 4739/4739/4739 4743/4743/4743
f 4744/4744/4744 4742/4742/4742 4743/4743/4743
f 4747/4747/4747 4746/4746/4746 4745/4745/4745
f 4748/4748/4748 4747/4747/4747 4745/4745/4745
f 4747/4747/4747 4748/4748/4748 4749/4749/4749
f 4748/4748/4748 4745/4745/4745 4750/4750/4750
f 4745/4745/4745 4751/4751/4751 4750/4750/4750
f 4750/4750/4750 4751/4751/4751 4752/4752/4752
f 4748/4748/4748 4753/4753/4753 4749/4749/4749
f 4753/4753/4753 4748/4748/4748 4750/4750/4750
f 4749/4749/4749 4753/4753/4753 4754/4754/4754
f 4753/4753/4753 4755/4755/4755 4754/4754/4754
f 4753/4753/4753 4756/4756/4756 4755/4755/4755
f 4756/4756/4756 4753/4753/4753 4750/4750/4750
f 4756/4756/4756 4757/4757/4757 4755/4755/4755
f 4758/4758/4758 4750/4750/4750 4752/4752/4752
f 4750/4750/4750 4758/4758/4758 4756/4756/4756
f 4752/4752/4752 4759/4759/4759 4758/4758/4758
f 4759/4759/4759 4760/4760/4760 4758/4758/4758
f 4756/4756/4756 4761/4761/4761 4757/4757/4757
f 4758/4758/4758 4761/4761/4761 4756/4756/4756
f 4758/4758/4758 4760/4760/4760 4761/4761/4761
f 4761/4761/4761 4762/4762/4762 4757/4757/4757
f 4760/4760/4760 4763/4763/4763 4761/4761/4761
f 4761/4761/4761 4763/4763/4763 4762/4762/4762
f 4763/4763/4763 4764/4764/4764 4762/4762/4762
f 4767/4767/4767 4766/4766/4766 4765/4765/4765
f 4768/4768/4768 4767/4767/4767 4765/4765/4765
f 4771/4771/4771 4770/4770/4770 4769/4769/4769
f 4770/4770/4770 4772/4772/4772 4769/4769/4769
f 4770/4770/4770 4773/4773/4773 4772/4772/4772
f 4773/4773/4773 4774/4774/4774 4772/4772/4772
f 4773/4773/4773 4775/4775/4775 4774/4774/4774
f 4775/4775/4775 4776/4776/4776 4774/4774/4774
f 4775/4775/4775 4777/4777/4777 4776/4776/4776
f 4777/4777/4777 4778/4778/4778 4776/4776/4776
f 4781/4781/4781 4780/4780/4780 4779/4779/4779
f 4782/4782/4782 4781/4781/4781 4779/4779/4779
f 4782/4782/4782 4779/4779/4779 4783/4783/4783
f 4784/4784/4784 4782/4782/4782 4783/4783/4783
f 4784/4784/4784 4783/4783/4783 4785/4785/4785
f 4786/4786/4786 4784/4784/4784 4785/4785/4785
f 4786/4786/4786 4785/4785/4785 4787/4787/4787
f 4788/4788/4788 4786/4786/4786 4787/4787/4787
f 4791/4791/4791 4790/4790/4790 4789/4789/4789
f 4791/4791/4791 4792/4792/4792 4790/4790/4790
f 4790/4790/4790 4792/4792/4792 4793/4793/4793
f 4791/4791/4791 4794/4794/4794 4792/4792/4792
f 4792/4792/4792 4795/4795/4795 4793/4793/4793
f 4792/4792/4792 4794/4794/4794 4795/4795/4795
f 4793/4793/4793 4795/4795/4795 4796/4796/4796
f 4795/4795/4795 4797/4797/4797 4796/4796/4796
f 4796/4796/4796 4797/4797/4797 4798/4798/4798
f 4797/4797/4797 4799/4799/4799 4798/4798/4798
f 4798/4798/4798 4799/4799/4799 4800/4800/4800
f 4794/4794/4794 4801/4801/4801 4795/4795/4795
f 4794/4794/4794 4802/4802/4802 4801/4801/4801
f 4795/4795/4795 4801/4801/4801 4803/4803/4803
f 4802/4802/4802 4804/4804/4804 4801/4801/4801
f 4801/4801/4801 4805/4805/4805 4803/4803/4803
f 4803/4803/4803 4805/4805/4805 4799/4799/4799
f 4801/4801/4801 4804/4804/4804 4806/4806/4806
f 4804/4804/4804 4807/4807/4807 4806/4806/4806
f 4806/4806/4806 4807/4807/4807 4808/4808/4808
f 4805/4805/4805 4808/4808/4808 4799/4799/4799
f 4807/4807/4807 4809/4809/4809 4808/4808/4808
f 4799/4799/4799 4810/4810/4810 4800/4800/4800
f 4799/4799/4799 4808/4808/4808 4810/4810/4810
f 4808/4808/4808 4809/4809/4809 4811/4811/4811
f 4808/4808/4808 4811/4811/4811 4810/4810/4810
f 4809/4809/4809 4812/4812/4812 4811/4811/4811
f 4810/4810/4810 4811/4811/4811 4813/4813/4813
f 4800/4800/4800 4810/4810/4810 4813/4813/4813
f 4814/4814/4814 4800/4800/4800 4813/4813/4813
f 4817/4817/4817 4816/4816/4816 4815/4815/4815
f 4818/4818/4818 4817/4817/4817 4815/4815/4815
f 4819/4819/4819 4817/4817/4817 4818/4818/4818
f 4820/4820/4820 4819/4819/4819 4818/4818/4818
f 4821/4821/4821 4819/4819/4819 4820/4820/4820
f 4822/4822/4822 4821/4821/4821 4820/4820/4820
f 4823/4823/4823 4821/4821/4821 4822/4822/4822
f 4824/4824/4824 4823/4823/4823 4822/4822/4822
f 4818/4818/4818 4815/4815/4815 4825/4825/4825
f 4825/4825/4825 4815/4815/4815 4826/4826/4826
f 4827/4827/4827 4818/4818/4818 4825/4825/4825
f 4828/4828/4828 4818/4818/4818 4827/4827/4827
f 4829/4829/4829 4825/4825/4825 4826/4826/4826
f 4827/4827/4827 4825/4825/4825 4829/4829/4829
f 4830/4830/4830 4829/4829/4829 4826/4826/4826
f 4831/4831/4831 4827/4827/4827 4829/4829/4829
f 4832/4832/4832 4828/4828/4828 4827/4827/4827
f 4822/4822/4822 4828/4828/4828 4832/4832/4832
f 4833/4833/4833 4827/4827/4827 4831/4831/4831
f 4834/4834/4834 4833/4833/4833 4831/4831/4831
f 4835/4835/4835 4822/4822/4822 4832/4832/4832
f 4835/4835/4835 4833/4833/4833 4834/4834/4834
f 4824/4824/4824 4822/4822/4822 4835/4835/4835
f 4836/4836/4836 4835/4835/4835 4834/4834/4834
f 4837/4837/4837 4824/4824/4824 4835/4835/4835
f 4837/4837/4837 4835/4835/4835 4836/4836/4836
f 4838/4838/4838 4824/4824/4824 4837/4837/4837
f 4839/4839/4839 4837/4837/4837 4836/4836/4836
f 4838/4838/4838 4837/4837/4837 4839/4839/4839
f 4838/4838/4838 4839/4839/4839 4840/4840/4840
f 4843/4843/4843 4842/4842/4842 4841/4841/4841
f 4844/4844/4844 4843/4843/4843 4841/4841/4841
f 4844/4844/4844 4841/4841/4841 4845/4845/4845
f 4846/4846/4846 4844/4844/4844 4845/4845/4845
f 4846/4846/4846 4845/4845/4845 4847/4847/4847
f 4848/4848/4848 4846/4846/4846 4847/4847/4847
f 4848/4848/4848 4847/4847/4847 4849/4849/4849
f 4850/4850/4850 4848/4848/4848 4849/4849/4849
f 4853/4853/4853 4852/4852/4852 4851/4851/4851
f 4854/4854/4854 4853/4853/4853 4851/4851/4851
f 4851/4851/4851 4855/4855/4855 4854/4854/4854
f 4854/4854/4854 4855/4855/4855 4856/4856/4856
f 4857/4857/4857 4854/4854/4854 4856/4856/4856
f 4856/4856/4856 4858/4858/4858 4857/4857/4857
f 4857/4857/4857 4858/4858/4858 4859/4859/4859
f 4857/4857/4857 4859/4859/4859 4860/4860/4860
f 4860/4860/4860 4861/4861/4861 4857/4857/4857
f 4862/4862/4862 4853/4853/4853 4854/4854/4854
f 4862/4862/4862 4863/4863/4863 4853/4853/4853
f 4854/4854/4854 4864/4864/4864 4862/4862/4862
f 4865/4865/4865 4864/4864/4864 4854/4854/4854
f 4865/4865/4865 4854/4854/4854 4857/4857/4857
f 4857/4857/4857 4866/4866/4866 4865/4865/4865
f 4867/4867/4867 4866/4866/4866 4857/4857/4857
f 4867/4867/4867 4857/4857/4857 4861/4861/4861
f 4861/4861/4861 4868/4868/4868 4867/4867/4867
f 4871/4871/4871 4870/4870/4870 4869/4869/4869
f 4872/4872/4872 4871/4871/4871 4869/4869/4869
f 4875/4875/4875 4874/4874/4874 4873/4873/4873
f 4875/4875/4875 4873/4873/4873 4876/4876/4876
f 4877/4877/4877 4876/4876/4876 4873/4873/4873
f 4876/4876/4876 4878/4878/4878 4875/4875/4875
f 4879/4879/4879 4878/4878/4878 4876/4876/4876
f 4880/4880/4880 4879/4879/4879 4876/4876/4876
f 4876/4876/4876 4881/4881/4881 4880/4880/4880
f 4881/4881/4881 4876/4876/4876 4877/4877/4877
f 4882/4882/4882 4881/4881/4881 4877/4877/4877
f 4877/4877/4877 4883/4883/4883 4882/4882/4882
f 4873/4873/4873 4884/4884/4884 4877/4877/4877
f 4873/4873/4873 4885/4885/4885 4884/4884/4884
f 4877/4877/4877 4884/4884/4884 4886/4886/4886
f 4884/4884/4884 4887/4887/4887 4886/4886/4886
f 4886/4886/4886 4888/4888/4888 4877/4877/4877
f 4883/4883/4883 4877/4877/4877 4888/4888/4888
f 4883/4883/4883 4888/4888/4888 4889/4889/4889
f 4889/4889/4889 4890/4890/4890 4883/4883/4883
f 4893/4893/4893 4892/4892/4892 4891/4891/4891
f 4894/4894/4894 4893/4893/4893 4891/4891/4891
f 4894/4894/4894 4891/4891/4891 4895/4895/4895
f 4896/4896/4896 4893/4893/4893 4894/4894/4894
f 4897/4897/4897 4894/4894/4894 4895/4895/4895
f 4897/4897/4897 4895/4895/4895 4898/4898/4898
f 4899/4899/4899 4896/4896/4896 4894/4894/4894
f 4899/4899/4899 4894/4894/4894 4897/4897/4897
f 4900/4900/4900 4896/4896/4896 4899/4899/4899
f 4901/4901/4901 4897/4897/4897 4898/4898/4898
f 4901/4901/4901 4898/4898/4898 4902/4902/4902
f 4903/4903/4903 4900/4900/4900 4899/4899/4899
f 4903/4903/4903 4904/4904/4904 4900/4900/4900
f 4905/4905/4905 4899/4899/4899 4897/4897/4897
f 4903/4903/4903 4899/4899/4899 4905/4905/4905
f 4905/4905/4905 4897/4897/4897 4901/4901/4901
f 4906/4906/4906 4901/4901/4901 4902/4902/4902
f 4906/4906/4906 4902/4902/4902 4907/4907/4907
f 4908/4908/4908 4903/4903/4903 4905/4905/4905
f 4908/4908/4908 4904/4904/4904 4903/4903/4903
f 4909/4909/4909 4905/4905/4905 4901/4901/4901
f 4908/4908/4908 4905/4905/4905 4909/4909/4909
f 4909/4909/4909 4901/4901/4901 4906/4906/4906
f 4910/4910/4910 4906/4906/4906 4907/4907/4907
f 4910/4910/4910 4907/4907/4907 4911/4911/4911
f 4912/4912/4912 4910/4910/4910 4911/4911/4911
f 4913/4913/4913 4908/4908/4908 4909/4909/4909
f 4913/4913/4913 4904/4904/4904 4908/4908/4908
f 4914/4914/4914 4909/4909/4909 4906/4906/4906
f 4914/4914/4914 4906/4906/4906 4910/4910/4910
f 4913/4913/4913 4909/4909/4909 4914/4914/4914
f 4910/4910/4910 4912/4912/4912 4915/4915/4915
f 4915/4915/4915 4914/4914/4914 4910/4910/4910
f 4912/4912/4912 4916/4916/4916 4915/4915/4915
f 4917/4917/4917 4913/4913/4913 4914/4914/4914
f 4917/4917/4917 4904/4904/4904 4913/4913/4913
f 4917/4917/4917 4914/4914/4914 4915/4915/4915
f 4918/4918/4918 4915/4915/4915 4916/4916/4916
f 4918/4918/4918 4917/4917/4917 4915/4915/4915
f 4918/4918/4918 4904/4904/4904 4917/4917/4917
f 4919/4919/4919 4918/4918/4918 4916/4916/4916
f 4919/4919/4919 4904/4904/4904 4918/4918/4918
f 4922/4922/4922 4921/4921/4921 4920/4920/4920
f 4923/4923/4923 4922/4922/4922 4920/4920/4920
f 4923/4923/4923 4920/4920/4920 4924/4924/4924
f 4925/4925/4925 4922/4922/4922 4923/4923/4923
f 4926/4926/4926 4923/4923/4923 4924/4924/4924
f 4926/4926/4926 4924/4924/4924 4927/4927/4927
f 4928/4928/4928 4925/4925/4925 4923/4923/4923
f 4928/4928/4928 4923/4923/4923 4926/4926/4926
f 4929/4929/4929 4925/4925/4925 4928/4928/4928
f 4930/4930/4930 4926/4926/4926 4927/4927/4927
f 4930/4930/4930 4927/4927/4927 4931/4931/4931
f 4932/4932/4932 4929/4929/4929 4928/4928/4928
f 4932/4932/4932 4933/4933/4933 4929/4929/4929
f 4934/4934/4934 4928/4928/4928 4926/4926/4926
f 4932/4932/4932 4928/4928/4928 4934/4934/4934
f 4934/4934/4934 4926/4926/4926 4930/4930/4930
f 4935/4935/4935 4930/4930/4930 4931/4931/4931
f 4935/4935/4935 4931/4931/4931 4936/4936/4936
f 4937/4937/4937 4932/4932/4932 4934/4934/4934
f 4937/4937/4937 4933/4933/4933 4932/4932/4932
f 4938/4938/4938 4934/4934/4934 4930/4930/4930
f 4937/4937/4937 4934/4934/4934 4938/4938/4938
f 4938/4938/4938 4930/4930/4930 4935/4935/4935
f 4939/4939/4939 4935/4935/4935 4936/4936/4936
f 4939/4939/4939 4936/4936/4936 4940/4940/4940
f 4941/4941/4941 4939/4939/4939 4940/4940/4940
f 4942/4942/4942 4937/4937/4937 4938/4938/4938
f 4942/4942/4942 4933/4933/4933 4937/4937/4937
f 4943/4943/4943 4938/4938/4938 4935/4935/4935
f 4943/4943/4943 4935/4935/4935 4939/4939/4939
f 4942/4942/4942 4938/4938/4938 4943/4943/4943
f 4944/4944/4944 4939/4939/4939 4941/4941/4941
f 4944/4944/4944 4943/4943/4943 4939/4939/4939
f 4945/4945/4945 4944/4944/4944 4941/4941/4941
f 4946/4946/4946 4942/4942/4942 4943/4943/4943
f 4946/4946/4946 4933/4933/4933 4942/4942/4942
f 4946/4946/4946 4943/4943/4943 4944/4944/4944
f 4947/4947/4947 4944/4944/4944 4945/4945/4945
f 4947/4947/4947 4946/4946/4946 4944/4944/4944
f 4947/4947/4947 4933/4933/4933 4946/4946/4946
f 4948/4948/4948 4947/4947/4947 4945/4945/4945
f 4948/4948/4948 4933/4933/4933 4947/4947/4947
f 4951/4951/4951 4950/4950/4950 4949/4949/4949
f 4952/4952/4952 4951/4951/4951 4949/4949/4949
f 4953/4953/4953 4951/4951/4951 4952/4952/4952
f 4954/4954/4954 4953/4953/4953 4952/4952/4952
f 4955/4955/4955 4953/4953/4953 4954/4954/4954
f 4956/4956/4956 4955/4955/4955 4954/4954/4954
f 4957/4957/4957 4955/4955/4955 4956/4956/4956
f 4958/4958/4958 4957/4957/4957 4956/4956/4956
f 4959/4959/4959 4957/4957/4957 4958/4958/4958
f 4960/4960/4960 4959/4959/4959 4958/4958/4958
f 4963/4963/4963 4962/4962/4962 4961/4961/4961
f 4964/4964/4964 4963/4963/4963 4961/4961/4961
f 4965/4965/4965 4963/4963/4963 4964/4964/4964
f 4966/4966/4966 4965/4965/4965 4964/4964/4964
f 4967/4967/4967 4965/4965/4965 4966/4966/4966
f 4968/4968/4968 4967/4967/4967 4966/4966/4966
f 4969/4969/4969 4967/4967/4967 4968/4968/4968
f 4970/4970/4970 4969/4969/4969 4968/4968/4968
f 4971/4971/4971 4969/4969/4969 4970/4970/4970
f 4972/4972/4972 4971/4971/4971 4970/4970/4970
f 4975/4975/4975 4974/4974/4974 4973/4973/4973
f 4974/4974/4974 4976/4976/4976 4973/4973/4973
f 4973/4973/4973 4976/4976/4976 4977/4977/4977
f 4976/4976/4976 4978/4978/4978 4977/4977/4977
f 4977/4977/4977 4978/4978/4978 4979/4979/4979
f 4978/4978/4978 4980/4980/4980 4979/4979/4979
f 4979/4979/4979 4980/4980/4980 4981/4981/4981
f 4980/4980/4980 4982/4982/4982 4981/4981/4981
f 4981/4981/4981 4982/4982/4982 4983/4983/4983
f 4982/4982/4982 4984/4984/4984 4983/4983/4983
f 4987/4987/4987 4986/4986/4986 4985/4985/4985
f 4986/4986/4986 4988/4988/4988 4985/4985/4985
f 4985/4985/4985 4988/4988/4988 4989/4989/4989
f 4988/4988/4988 4990/4990/4990 4989/4989/4989
f 4989/4989/4989 4990/4990/4990 4991/4991/4991
f 4990/4990/4990 4992/4992/4992 4991/4991/4991
f 4991/4991/4991 4992/4992/4992 4993/4993/4993
f 4992/4992/4992 4994/4994/4994 4993/4993/4993
f 4993/4993/4993 4994/4994/4994 4995/4995/4995
f 4994/4994/4994 4996/4996/4996 4995/4995/4995
f 4999/4999/4999 4998/4998/4998 4997/4997/4997
f 4998/4998/4998 5000/5000/5000 4997/4997/4997
f 4997/4997/4997 5000/5000/5000 5001/5001/5001
f 5000/5000/5000 5002/5002/5002 5001/5001/5001
f 5001/5001/5001 5002/5002/5002 5003/5003/5003
f 5002/5002/5002 5004/5004/5004 5003/5003/5003
f 5003/5003/5003 5004/5004/5004 5005/5005/5005
f 5004/5004/5004 5006/5006/5006 5005/5005/5005
f 5005/5005/5005 5006/5006/5006 5007/5007/5007
f 5006/5006/5006 5008/5008/5008 5007/5007/5007
f 5011/5011/5011 5010/5010/5010 5009/5009/5009
f 5010/5010/5010 5012/5012/5012 5009/5009/5009
f 5009/5009/5009 5012/5012/5012 5013/5013/5013
f 5012/5012/5012 5014/5014/5014 5013/5013/5013
f 5013/5013/5013 5014/5014/5014 5015/5015/5015
f 5014/5014/5014 5016/5016/5016 5015/5015/5015
f 5015/5015/5015 5016/5016/5016 5017/5017/5017
f 5016/5016/5016 5018/5018/5018 5017/5017/5017
f 5017/5017/5017 5018/5018/5018 5019/5019/5019
f 5018/5018/5018 5020/5020/5020 5019/5019/5019
f 5023/5023/5023 5022/5022/5022 5021/5021/5021
f 5023/5023/5023 5024/5024/5024 5022/5022/5022
f 5022/5022/5022 5024/5024/5024 5025/5025/5025
f 5023/5023/5023 5026/5026/5026 5024/5024/5024
f 5024/5024/5024 5027/5027/5027 5025/5025/5025
f 5024/5024/5024 5026/5026/5026 5027/5027/5027
f 5025/5025/5025 5027/5027/5027 5028/5028/5028
f 5027/5027/5027 5029/5029/5029 5028/5028/5028
f 5028/5028/5028 5029/5029/5029 5030/5030/5030
f 5029/5029/5029 5031/5031/5031 5030/5030/5030
f 5030/5030/5030 5031/5031/5031 5032/5032/5032
f 5026/5026/5026 5033/5033/5033 5027/5027/5027
f 5026/5026/5026 5034/5034/5034 5033/5033/5033
f 5027/5027/5027 5033/5033/5033 5035/5035/5035
f 5034/5034/5034 5036/5036/5036 5033/5033/5033
f 5033/5033/5033 5037/5037/5037 5035/5035/5035
f 5035/5035/5035 5037/5037/5037 5031/5031/5031
f 5033/5033/5033 5036/5036/5036 5038/5038/5038
f 5036/5036/5036 5039/5039/5039 5038/5038/5038
f 5038/5038/5038 5039/5039/5039 5040/5040/5040
f 5037/5037/5037 5040/5040/5040 5031/5031/5031
f 5039/5039/5039 5041/5041/5041 5040/5040/5040
f 5031/5031/5031 5042/5042/5042 5032/5032/5032
f 5031/5031/5031 5040/5040/5040 5042/5042/5042
f 5040/5040/5040 5041/5041/5041 5043/5043/5043
f 5040/5040/5040 5043/5043/5043 5042/5042/5042
f 5041/5041/5041 5044/5044/5044 5043/5043/5043
f 5042/5042/5042 5043/5043/5043 5045/5045/5045
f 5032/5032/5032 5042/5042/5042 5045/5045/5045
f 5046/5046/5046 5032/5032/5032 5045/5045/5045
f 5049/5049/5049 5048/5048/5048 5047/5047/5047
f 5050/5050/5050 5049/5049/5049 5047/5047/5047
f 5051/5051/5051 5049/5049/5049 5050/5050/5050
f 5052/5052/5052 5051/5051/5051 5050/5050/5050
f 5053/5053/5053 5051/5051/5051 5052/5052/5052
f 5054/5054/5054 5053/5053/5053 5052/5052/5052
f 5055/5055/5055 5053/5053/5053 5054/5054/5054
f 5056/5056/5056 5055/5055/5055 5054/5054/5054
f 5050/5050/5050 5047/5047/5047 5057/5057/5057
f 5057/5057/5057 5047/5047/5047 5058/5058/5058
f 5059/5059/5059 5050/5050/5050 5057/5057/5057
f 5060/5060/5060 5050/5050/5050 5059/5059/5059
f 5061/5061/5061 5057/5057/5057 5058/5058/5058
f 5059/5059/5059 5057/5057/5057 5061/5061/5061
f 5062/5062/5062 5061/5061/5061 5058/5058/5058
f 5063/5063/5063 5059/5059/5059 5061/5061/5061
f 5064/5064/5064 5060/5060/5060 5059/5059/5059
f 5054/5054/5054 5060/5060/5060 5064/5064/5064
f 5065/5065/5065 5059/5059/5059 5063/5063/5063
f 5066/5066/5066 5065/5065/5065 5063/5063/5063
f 5067/5067/5067 5054/5054/5054 5064/5064/5064
f 5067/5067/5067 5065/5065/5065 5066/5066/5066
f 5056/5056/5056 5054/5054/5054 5067/5067/5067
f 5068/5068/5068 5067/5067/5067 5066/5066/5066
f 5069/5069/5069 5056/5056/5056 5067/5067/5067
f 5069/5069/5069 5067/5067/5067 5068/5068/5068
f 5070/5070/5070 5056/5056/5056 5069/5069/5069
f 5071/5071/5071 5069/5069/5069 5068/5068/5068
f 5070/5070/5070 5069/5069/5069 5071/5071/5071
f 5070/5070/5070 5071/5071/5071 5072/5072/5072
f 5075/5075/5075 5074/5074/5074 5073/5073/5073
f 5074/5074/5074 5076/5076/5076 5073/5073/5073
f 5073/5073/5073 5076/5076/5076 5077/5077/5077
f 5076/5076/5076 5078/5078/5078 5077/5077/5077
f 5078/5078/5078 5079/5079/5079 5077/5077/5077
f 5078/5078/5078 5080/5080/5080 5079/5079/5079
f 5083/5083/5083 5082/5082/5082 5081/5081/5081
f 5084/5084/5084 5083/5083/5083 5081/5081/5081
f 5084/5084/5084 5081/5081/5081 5085/5085/5085
f 5086/5086/5086 5083/5083/5083 5084/5084/5084
f 5087/5087/5087 5084/5084/5084 5085/5085/5085
f 5086/5086/5086 5084/5084/5084 5087/5087/5087
f 5090/5090/5090 5089/5089/5089 5088/5088/5088
f 5091/5091/5091 5090/5090/5090 5088/5088/5088
f 5094/5094/5094 5093/5093/5093 5092/5092/5092
f 5095/5095/5095 5094/5094/5094 5092/5092/5092
f 5098/5098/5098 5097/5097/5097 5096/5096/5096
f 5099/5099/5099 5098/5098/5098 5096/5096/5096
f 5102/5102/5102 5101/5101/5101 5100/5100/5100
f 5101/5101/5101 5103/5103/5103 5100/5100/5100
f 5101/5101/5101 5104/5104/5104 5103/5103/5103
f 5104/5104/5104 5105/5105/5105 5103/5103/5103
f 5104/5104/5104 5106/5106/5106 5105/5105/5105
f 5106/5106/5106 5107/5107/5107 5105/5105/5105
f 5106/5106/5106 5108/5108/5108 5107/5107/5107
f 5108/5108/5108 5109/5109/5109 5107/5107/5107
f 5112/5112/5112 5111/5111/5111 5110/5110/5110
f 5113/5113/5113 5112/5112/5112 5110/5110/5110
f 5116/5116/5116 5115/5115/5115 5114/5114/5114
f 5117/5117/5117 5116/5116/5116 5114/5114/5114
f 5118/5118/5118 5116/5116/5116 5117/5117/5117
f 5119/5119/5119 5118/5118/5118 5117/5117/5117
f 5120/5120/5120 5118/5118/5118 5119/5119/5119
f 5121/5121/5121 5120/5120/5120 5119/5119/5119
f 5122/5122/5122 5120/5120/5120 5121/5121/5121
f 5123/5123/5123 5122/5122/5122 5121/5121/5121
f 5126/5126/5126 5125/5125/5125 5124/5124/5124
f 5125/5125/5125 5127/5127/5127 5124/5124/5124
f 5124/5124/5124 5127/5127/5127 5128/5128/5128
f 5127/5127/5127 5125/5125/5125 5129/5129/5129
f 5127/5127/5127 5130/5130/5130 5128/5128/5128
f 5128/5128/5128 5130/5130/5130 5131/5131/5131
f 5132/5132/5132 5127/5127/5127 5129/5129/5129
f 5127/5127/5127 5132/5132/5132 5130/5130/5130
f 5132/5132/5132 5129/5129/5129 5133/5133/5133
f 5134/5134/5134 5132/5132/5132 5133/5133/5133
f 5135/5135/5135 5132/5132/5132 5134/5134/5134
f 5132/5132/5132 5135/5135/5135 5130/5130/5130
f 5136/5136/5136 5135/5135/5135 5134/5134/5134
f 5130/5130/5130 5137/5137/5137 5131/5131/5131
f 5130/5130/5130 5135/5135/5135 5137/5137/5137
f 5131/5131/5131 5137/5137/5137 5138/5138/5138
f 5137/5137/5137 5139/5139/5139 5138/5138/5138
f 5140/5140/5140 5135/5135/5135 5136/5136/5136
f 5135/5135/5135 5140/5140/5140 5137/5137/5137
f 5137/5137/5137 5140/5140/5140 5139/5139/5139
f 5141/5141/5141 5140/5140/5140 5136/5136/5136
f 5140/5140/5140 5142/5142/5142 5139/5139/5139
f 5142/5142/5142 5140/5140/5140 5141/5141/5141
f 5143/5143/5143 5142/5142/5142 5141/5141/5141
f 5146/5146/5146 5145/5145/5145 5144/5144/5144
f 5145/5145/5145 5147/5147/5147 5144/5144/5144
f 5144/5144/5144 5147/5147/5147 5148/5148/5148
f 5147/5147/5147 5145/5145/5145 5149/5149/5149
f 5147/5147/5147 5150/5150/5150 5148/5148/5148
f 5148/5148/5148 5150/5150/5150 5151/5151/5151
f 5152/5152/5152 5147/5147/5147 5149/5149/5149
f 5147/5147/5147 5152/5152/5152 5150/5150/5150
f 5152/5152/5152 5149/5149/5149 5153/5153/5153
f 5154/5154/5154 5152/5152/5152 5153/5153/5153
f 5155/5155/5155 5152/5152/5152 5154/5154/5154
f 5152/5152/5152 5155/5155/5155 5150/5150/5150
f 5156/5156/5156 5155/5155/5155 5154/5154/5154
f 5150/5150/5150 5157/5157/5157 5151/5151/5151
f 5150/5150/5150 5155/5155/5155 5157/5157/5157
f 5151/5151/5151 5157/5157/5157 5158/5158/5158
f 5157/5157/5157 5159/5159/5159 5158/5158/5158
f 5160/5160/5160 5155/5155/5155 5156/5156/5156
f 5155/5155/5155 5160/5160/5160 5157/5157/5157
f 5157/5157/5157 5160/5160/5160 5159/5159/5159
f 5161/5161/5161 5160/5160/5160 5156/5156/5156
f 5160/5160/5160 5162/5162/5162 5159/5159/5159
f 5162/5162/5162 5160/5160/5160 5161/5161/5161
f 5163/5163/5163 5162/5162/5162 5161/5161/5161
f 5166/5166/5166 5165/5165/5165 5164/5164/5164
f 5165/5165/5165 5167/5167/5167 5164/5164/5164
f 5164/5164/5164 5167/5167/5167 5168/5168/5168
f 5165/5165/5165 5169/5169/5169 5167/5167/5167
f 5167/5167/5167 5170/5170/5170 5168/5168/5168
f 5169/5169/5169 5171/5171/5171 5167/5167/5167
f 5167/5167/5167 5171/5171/5171 5170/5170/5170
f 5171/5171/5171 5169/5169/5169 5172/5172/5172
f 5171/5171/5171 5173/5173/5173 5170/5170/5170
f 5174/5174/5174 5171/5171/5171 5172/5172/5172
f 5173/5173/5173 5171/5171/5171 5174/5174/5174
f 5175/5175/5175 5173/5173/5173 5174/5174/5174
f 5178/5178/5178 5177/5177/5177 5176/5176/5176
f 5177/5177/5177 5179/5179/5179 5176/5176/5176
f 5176/5176/5176 5179/5179/5179 5180/5180/5180
f 5177/5177/5177 5181/5181/5181 5179/5179/5179
f 5179/5179/5179 5182/5182/5182 5180/5180/5180
f 5181/5181/5181 5183/5183/5183 5179/5179/5179
f 5179/5179/5179 5183/5183/5183 5182/5182/5182
f 5183/5183/5183 5181/5181/5181 5184/5184/5184
f 5183/5183/5183 5185/5185/5185 5182/5182/5182
f 5186/5186/5186 5183/5183/5183 5184/5184/5184
f 5185/5185/5185 5183/5183/5183 5186/5186/5186
f 5187/5187/5187 5185/5185/5185 5186/5186/5186
f 5190/5190/5190 5189/5189/5189 5188/5188/5188
f 5189/5189/5189 5191/5191/5191 5188/5188/5188
f 5191/5191/5191 5189/5189/5189 5192/5192/5192
f 5193/5193/5193 5191/5191/5191 5192/5192/5192
f 5193/5193/5193 5192/5192/5192 5194/5194/5194
f 5195/5195/5195 5193/5193/5193 5194/5194/5194
f 5198/5198/5198 5197/5197/5197 5196/5196/5196
f 5199/5199/5199 5198/5198/5198 5196/5196/5196
f 5200/5200/5200 5198/5198/5198 5199/5199/5199
f 5201/5201/5201 5200/5200/5200 5199/5199/5199
f 5202/5202/5202 5200/5200/5200 5201/5201/5201
f 5205/5205/5205 5204/5204/5204 5203/5203/5203
f 5204/5204/5204 5206/5206/5206 5203/5203/5203
f 5203/5203/5203 5206/5206/5206 5207/5207/5207
f 5206/5206/5206 5208/5208/5208 5207/5207/5207
f 5207/5207/5207 5208/5208/5208 5209/5209/5209
f 5208/5208/5208 5210/5210/5210 5209/5209/5209
f 5213/5213/5213 5212/5212/5212 5211/5211/5211
f 5212/5212/5212 5214/5214/5214 5211/5211/5211
f 5212/5212/5212 5215/5215/5215 5214/5214/5214
f 5215/5215/5215 5216/5216/5216 5214/5214/5214
f 5216/5216/5216 5215/5215/5215 5217/5217/5217
f 5218/5218/5218 5216/5216/5216 5217/5217/5217
f 5221/5221/5221 5220/5220/5220 5219/5219/5219
f 5220/5220/5220 5222/5222/5222 5219/5219/5219
f 5219/5219/5219 5222/5222/5222 5223/5223/5223
f 5222/5222/5222 5224/5224/5224 5223/5223/5223
f 5227/5227/5227 5226/5226/5226 5225/5225/5225
f 5228/5228/5228 5227/5227/5227 5225/5225/5225
f 5229/5229/5229 5227/5227/5227 5228/5228/5228
f 5230/5230/5230 5229/5229/5229 5228/5228/5228
f 5231/5231/5231 5229/5229/5229 5230/5230/5230
f 5232/5232/5232 5231/5231/5231 5230/5230/5230
f 5231/5231/5231 5232/5232/5232 5233/5233/5233
f 5232/5232/5232 5234/5234/5234 5233/5233/5233
f 5237/5237/5237 5236/5236/5236 5235/5235/5235
f 5238/5238/5238 5237/5237/5237 5235/5235/5235
f 5239/5239/5239 5237/5237/5237 5238/5238/5238
f 5240/5240/5240 5239/5239/5239 5238/5238/5238
f 5241/5241/5241 5239/5239/5239 5240/5240/5240
f 5242/5242/5242 5241/5241/5241 5240/5240/5240
f 5241/5241/5241 5242/5242/5242 5243/5243/5243
f 5244/5244/5244 5241/5241/5241 5243/5243/5243
f 5247/5247/5247 5246/5246/5246 5245/5245/5245
f 5248/5248/5248 5247/5247/5247 5245/5245/5245
f 5249/5249/5249 5247/5247/5247 5248/5248/5248
f 5250/5250/5250 5249/5249/5249 5248/5248/5248
f 5253/5253/5253 5252/5252/5252 5251/5251/5251
f 5252/5252/5252 5254/5254/5254 5251/5251/5251
f 5251/5251/5251 5254/5254/5254 5255/5255/5255
f 5254/5254/5254 5256/5256/5256 5255/5255/5255
f 5255/5255/5255 5256/5256/5256 5257/5257/5257
f 5256/5256/5256 5258/5258/5258 5257/5257/5257
f 5257/5257/5257 5258/5258/5258 5259/5259/5259
f 5258/5258/5258 5260/5260/5260 5259/5259/5259
f 5263/5263/5263 5262/5262/5262 5261/5261/5261
f 5264/5264/5264 5263/5263/5263 5261/5261/5261
f 5265/5265/5265 5263/5263/5263 5264/5264/5264
f 5266/5266/5266 5265/5265/5265 5264/5264/5264
f 5267/5267/5267 5265/5265/5265 5266/5266/5266
f 5268/5268/5268 5267/5267/5267 5266/5266/5266
f 5269/5269/5269 5267/5267/5267 5268/5268/5268
f 5270/5270/5270 5269/5269/5269 5268/5268/5268
f 5273/5273/5273 5272/5272/5272 5271/5271/5271
f 5272/5272/5272 5274/5274/5274 5271/5271/5271
f 5271/5271/5271 5274/5274/5274 5275/5275/5275
f 5274/5274/5274 5276/5276/5276 5275/5275/5275
f 5276/5276/5276 5277/5277/5277 5275/5275/5275
f 5277/5277/5277 5278/5278/5278 5275/5275/5275
f 5281/5281/5281 5280/5280/5280 5279/5279/5279
f 5280/5280/5280 5282/5282/5282 5279/5279/5279
f 5279/5279/5279 5282/5282/5282 5283/5283/5283
f 5282/5282/5282 5284/5284/5284 5283/5283/5283
f 5283/5283/5283 5284/5284/5284 5285/5285/5285
f 5284/5284/5284 5286/5286/5286 5285/5285/5285
f 5285/5285/5285 5286/5286/5286 5287/5287/5287
f 5286/5286/5286 5288/5288/5288 5287/5287/5287
f 5291/5291/5291 5290/5290/5290 5289/5289/5289
f 5290/5290/5290 5292/5292/5292 5289/5289/5289
f 5289/5289/5289 5292/5292/5292 5293/5293/5293
f 5292/5292/5292 5294/5294/5294 5293/5293/5293
f 5293/5293/5293 5294/5294/5294 5295/5295/5295
f 5294/5294/5294 5296/5296/5296 5295/5295/5295
f 5295/5295/5295 5296/5296/5296 5297/5297/5297
f 5296/5296/5296 5298/5298/5298 5297/5297/5297
f 5301/5301/5301 5300/5300/5300 5299/5299/5299
f 5300/5300/5300 5302/5302/5302 5299/5299/5299
f 5299/5299/5299 5302/5302/5302 5303/5303/5303
f 5302/5302/5302 5304/5304/5304 5303/5303/5303
f 5303/5303/5303 5304/5304/5304 5305/5305/5305
f 5304/5304/5304 5306/5306/5306 5305/5305/5305
f 5305/5305/5305 5306/5306/5306 5307/5307/5307
f 5306/5306/5306 5308/5308/5308 5307/5307/5307
f 5311/5311/5311 5310/5310/5310 5309/5309/5309
f 5310/5310/5310 5312/5312/5312 5309/5309/5309
f 5309/5309/5309 5312/5312/5312 5313/5313/5313
f 5312/5312/5312 5314/5314/5314 5313/5313/5313
f 5314/5314/5314 5315/5315/5315 5313/5313/5313
f 5315/5315/5315 5316/5316/5316 5313/5313/5313
f 5319/5319/5319 5318/5318/5318 5317/5317/5317
f 5318/5318/5318 5320/5320/5320 5317/5317/5317
f 5317/5317/5317 5320/5320/5320 5321/5321/5321
f 5320/5320/5320 5322/5322/5322 5321/5321/5321
f 5321/5321/5321 5322/5322/5322 5323/5323/5323
f 5322/5322/5322 5324/5324/5324 5323/5323/5323
f 5323/5323/5323 5324/5324/5324 5325/5325/5325
f 5324/5324/5324 5326/5326/5326 5325/5325/5325
f 5329/5329/5329 5328/5328/5328 5327/5327/5327
f 5330/5330/5330 5329/5329/5329 5327/5327/5327
f 5331/5331/5331 5329/5329/5329 5330/5330/5330
f 5332/5332/5332 5331/5331/5331 5330/5330/5330
f 5331/5331/5331 5332/5332/5332 5333/5333/5333
f 5336/5336/5336 5335/5335/5335 5334/5334/5334
f 5335/5335/5335 5337/5337/5337 5334/5334/5334
f 5337/5337/5337 5335/5335/5335 5338/5338/5338
f 5339/5339/5339 5337/5337/5337 5338/5338/5338
f 5339/5339/5339 5338/5338/5338 5340/5340/5340
f 5341/5341/5341 5339/5339/5339 5340/5340/5340
f 5341/5341/5341 5340/5340/5340 5342/5342/5342
f 5343/5343/5343 5341/5341/5341 5342/5342/5342
f 5346/5346/5346 5345/5345/5345 5344/5344/5344
f 5345/5345/5345 5347/5347/5347 5344/5344/5344
f 5344/5344/5344 5347/5347/5347 5348/5348/5348
f 5347/5347/5347 5349/5349/5349 5348/5348/5348
f 5348/5348/5348 5349/5349/5349 5350/5350/5350
f 5349/5349/5349 5351/5351/5351 5350/5350/5350
f 5354/5354/5354 5353/5353/5353 5352/5352/5352
f 5353/5353/5353 5355/5355/5355 5352/5352/5352
f 5352/5352/5352 5355/5355/5355 5356/5356/5356
f 5355/5355/5355 5357/5357/5357 5356/5356/5356
f 5357/5357/5357 5358/5358/5358 5356/5356/5356
f 5358/5358/5358 5359/5359/5359 5356/5356/5356
f 5362/5362/5362 5361/5361/5361 5360/5360/5360
f 5361/5361/5361 5363/5363/5363 5360/5360/5360
f 5361/5361/5361 5364/5364/5364 5363/5363/5363
f 5364/5364/5364 5365/5365/5365 5363/5363/5363
f 5364/5364/5364 5366/5366/5366 5365/5365/5365
f 5366/5366/5366 5367/5367/5367 5365/5365/5365
f 5367/5367/5367 5366/5366/5366 5368/5368/5368
f 5369/5369/5369 5367/5367/5367 5368/5368/5368
f 5372/5372/5372 5371/5371/5371 5370/5370/5370
f 5373/5373/5373 5372/5372/5372 5370/5370/5370
f 5373/5373/5373 5370/5370/5370 5374/5374/5374
f 5375/5375/5375 5373/5373/5373 5374/5374/5374
f 5378/5378/5378 5377/5377/5377 5376/5376/5376
f 5379/5379/5379 5378/5378/5378 5376/5376/5376
f 5379/5379/5379 5376/5376/5376 5380/5380/5380
f 5381/5381/5381 5379/5379/5379 5380/5380/5380
f 5384/5384/5384 5383/5383/5383 5382/5382/5382
f 5383/5383/5383 5385/5385/5385 5382/5382/5382
f 5385/5385/5385 5383/5383/5383 5386/5386/5386
f 5387/5387/5387 5385/5385/5385 5386/5386/5386
f 5387/5387/5387 5386/5386/5386 5388/5388/5388
f 5389/5389/5389 5387/5387/5387 5388/5388/5388
f 5389/5389/5389 5388/5388/5388 5390/5390/5390
f 5391/5391/5391 5389/5389/5389 5390/5390/5390
f 5394/5394/5394 5393/5393/5393 5392/5392/5392
f 5393/5393/5393 5395/5395/5395 5392/5392/5392
f 5393/5393/5393 5396/5396/5396 5395/5395/5395
f 5396/5396/5396 5397/5397/5397 5395/5395/5395
f 5400/5400/5400 5399/5399/5399 5398/5398/5398
f 5398/5398/5398 5399/5399/5399 5401/5401/5401
f 5402/5402/5402 5398/5398/5398 5401/5401/5401
f 5402/5402/5402 5401/5401/5401 5403/5403/5403
f 5404/5404/5404 5402/5402/5402 5403/5403/5403
f 5404/5404/5404 5403/5403/5403 5405/5405/5405
f 5403/5403/5403 5406/5406/5406 5405/5405/5405
f 5409/5409/5409 5408/5408/5408 5407/5407/5407
f 5409/5409/5409 5407/5407/5407 5410/5410/5410
f 5407/5407/5407 5411/5411/5411 5410/5410/5410
f 5407/5407/5407 5412/5412/5412 5411/5411/5411
f 5409/5409/5409 5410/5410/5410 5413/5413/5413
f 5413/5413/5413 5414/5414/5414 5409/5409/5409
f 5414/5414/5414 5415/5415/5415 5409/5409/5409
f 5418/5418/5418 5417/5417/5417 5416/5416/5416
f 5419/5419/5419 5418/5418/5418 5416/5416/5416
f 5418/5418/5418 5419/5419/5419 5420/5420/5420
f 5419/5419/5419 5421/5421/5421 5420/5420/5420
f 5420/5420/5420 5421/5421/5421 5422/5422/5422
f 5421/5421/5421 5423/5423/5423 5422/5422/5422
f 5426/5426/5426 5425/5425/5425 5424/5424/5424
f 5427/5427/5427 5426/5426/5426 5424/5424/5424
f 5427/5427/5427 5424/5424/5424 5428/5428/5428
f 5429/5429/5429 5427/5427/5427 5428/5428/5428
f 5432/5432/5432 5431/5431/5431 5430/5430/5430
f 5433/5433/5433 5432/5432/5432 5430/5430/5430
f 5432/5432/5432 5433/5433/5433 5434/5434/5434
f 5433/5433/5433 5430/5430/5430 5435/5435/5435
f 5430/5430/5430 5436/5436/5436 5435/5435/5435
f 5435/5435/5435 5436/5436/5436 5437/5437/5437
f 5433/5433/5433 5438/5438/5438 5434/5434/5434
f 5438/5438/5438 5433/5433/5433 5435/5435/5435
f 5434/5434/5434 5438/5438/5438 5439/5439/5439
f 5438/5438/5438 5440/5440/5440 5439/5439/5439
f 5438/5438/5438 5441/5441/5441 5440/5440/5440
f 5441/5441/5441 5438/5438/5438 5435/5435/5435
f 5441/5441/5441 5442/5442/5442 5440/5440/5440
f 5443/5443/5443 5435/5435/5435 5437/5437/5437
f 5435/5435/5435 5443/5443/5443 5441/5441/5441
f 5437/5437/5437 5444/5444/5444 5443/5443/5443
f 5444/5444/5444 5445/5445/5445 5443/5443/5443
f 5441/5441/5441 5446/5446/5446 5442/5442/5442
f 5443/5443/5443 5446/5446/5446 5441/5441/5441
f 5443/5443/5443 5445/5445/5445 5446/5446/5446
f 5446/5446/5446 5447/5447/5447 5442/5442/5442
f 5445/5445/5445 5448/5448/5448 5446/5446/5446
f 5446/5446/5446 5448/5448/5448 5447/5447/5447
f 5448/5448/5448 5449/5449/5449 5447/5447/5447
f 5452/5452/5452 5451/5451/5451 5450/5450/5450
f 5453/5453/5453 5452/5452/5452 5450/5450/5450
f 5456/5456/5456 5455/5455/5455 5454/5454/5454
f 5455/5455/5455 5457/5457/5457 5454/5454/5454
f 5455/5455/5455 5458/5458/5458 5457/5457/5457
f 5458/5458/5458 5459/5459/5459 5457/5457/5457
f 5458/5458/5458 5460/5460/5460 5459/5459/5459
f 5460/5460/5460 5461/5461/5461 5459/5459/5459
f 5460/5460/5460 5462/5462/5462 5461/5461/5461
f 5462/5462/5462 5463/5463/5463 5461/5461/5461
f 5466/5466/5466 5465/5465/5465 5464/5464/5464
f 5467/5467/5467 5466/5466/5466 5464/5464/5464
f 5467/5467/5467 5464/5464/5464 5468/5468/5468
f 5469/5469/5469 5467/5467/5467 5468/5468/5468
f 5469/5469/5469 5468/5468/5468 5470/5470/5470
f 5471/5471/5471 5469/5469/5469 5470/5470/5470
f 5471/5471/5471 5470/5470/5470 5472/5472/5472
f 5473/5473/5473 5471/5471/5471 5472/5472/5472
f 5476/5476/5476 5475/5475/5475 5474/5474/5474
f 5476/5476/5476 5477/5477/5477 5475/5475/5475
f 5475/5475/5475 5477/5477/5477 5478/5478/5478
f 5476/5476/5476 5479/5479/5479 5477/5477/5477
f 5477/5477/5477 5480/5480/5480 5478/5478/5478
f 5477/5477/5477 5479/5479/5479 5480/5480/5480
f 5478/5478/5478 5480/5480/5480 5481/5481/5481
f 5480/5480/5480 5482/5482/5482 5481/5481/5481
f 5481/5481/5481 5482/5482/5482 5483/5483/5483
f 5482/5482/5482 5484/5484/5484 5483/5483/5483
f 5483/5483/5483 5484/5484/5484 5485/5485/5485
f 5479/5479/5479 5486/5486/5486 5480/5480/5480
f 5479/5479/5479 5487/5487/5487 5486/5486/5486
f 5480/5480/5480 5486/5486/5486 5488/5488/5488
f 5487/5487/5487 5489/5489/5489 5486/5486/5486
f 5486/5486/5486 5490/5490/5490 5488/5488/5488
f 5488/5488/5488 5490/5490/5490 5484/5484/5484
f 5486/5486/5486 5489/5489/5489 5491/5491/5491
f 5489/5489/5489 5492/5492/5492 5491/5491/5491
f 5491/5491/5491 5492/5492/5492 5493/5493/5493
f 5490/5490/5490 5493/5493/5493 5484/5484/5484
f 5492/5492/5492 5494/5494/5494 5493/5493/5493
f 5484/5484/5484 5495/5495/5495 5485/5485/5485
f 5484/5484/5484 5493/5493/5493 5495/5495/5495
f 5493/5493/5493 5494/5494/5494 5496/5496/5496
f 5493/5493/5493 5496/5496/5496 5495/5495/5495
f 5494/5494/5494 5497/5497/5497 5496/5496/5496
f 5495/5495/5495 5496/5496/5496 5498/5498/5498
f 5485/5485/5485 5495/5495/5495 5498/5498/5498
f 5499/5499/5499 5485/5485/5485 5498/5498/5498
f 5502/5502/5502 5501/5501/5501 5500/5500/5500
f 5503/5503/5503 5502/5502/5502 5500/5500/5500
f 5504/5504/5504 5502/5502/5502 5503/5503/5503
f 5505/5505/5505 5504/5504/5504 5503/5503/5503
f 5506/5506/5506 5504/5504/5504 5505/5505/5505
f 5507/5507/5507 5506/5506/5506 5505/5505/5505
f 5508/5508/5508 5506/5506/5506 5507/5507/5507
f 5509/5509/5509 5508/5508/5508 5507/5507/5507
f 5503/5503/5503 5500/5500/5500 5510/5510/5510
f 5510/5510/5510 5500/5500/5500 5511/5511/5511
f 5512/5512/5512 5503/5503/5503 5510/5510/5510
f 5513/5513/5513 5503/5503/5503 5512/5512/5512
f 5514/5514/5514 5510/5510/5510 5511/5511/5511
f 5512/5512/5512 5510/5510/5510 5514/5514/5514
f 5515/5515/5515 5514/5514/5514 5511/5511/5511
f 5516/5516/5516 5512/5512/5512 5514/5514/5514
f 5517/5517/5517 5513/5513/5513 5512/5512/5512
f 5507/5507/5507 5513/5513/5513 5517/5517/5517
f 5518/5518/5518 5512/5512/5512 5516/5516/5516
f 5519/5519/5519 5518/5518/5518 5516/5516/5516
f 5520/5520/5520 5507/5507/5507 5517/5517/5517
f 5520/5520/5520 5518/5518/5518 5519/5519/5519
f 5509/5509/5509 5507/5507/5507 5520/5520/5520
f 5521/5521/5521 5520/5520/5520 5519/5519/5519
f 5522/5522/5522 5509/5509/5509 5520/5520/5520
f 5522/5522/5522 5520/5520/5520 5521/5521/5521
f 5523/5523/5523 5509/5509/5509 5522/5522/5522
f 5524/5524/5524 5522/5522/5522 5521/5521/5521
f 5523/5523/5523 5522/5522/5522 5524/5524/5524
f 5523/5523/5523 5524/5524/5524 5525/5525/5525
f 5528/5528/5528 5527/5527/5527 5526/5526/5526
f 5529/5529/5529 5528/5528/5528 5526/5526/5526
f 5529/5529/5529 5526/5526/5526 5530/5530/5530
f 5531/5531/5531 5529/5529/5529 5530/5530/5530
f 5531/5531/5531 5530/5530/5530 5532/5532/5532
f 5533/5533/5533 5531/5531/5531 5532/5532/5532
f 5533/5533/5533 5532/5532/5532 5534/5534/5534
f 5535/5535/5535 5533/5533/5533 5534/5534/5534
f 5538/5538/5538 5537/5537/5537 5536/5536/5536
f 5539/5539/5539 5538/5538/5538 5536/5536/5536
f 5536/5536/5536 5540/5540/5540 5539/5539/5539
f 5539/5539/5539 5540/5540/5540 5541/5541/5541
f 5542/5542/5542 5539/5539/5539 5541/5541/5541
f 5541/5541/5541 5543/5543/5543 5542/5542/5542
f 5542/5542/5542 5543/5543/5543 5544/5544/5544
f 5542/5542/5542 5544/5544/5544 5545/5545/5545
f 5545/5545/5545 5546/5546/5546 5542/5542/5542
f 5547/5547/5547 5538/5538/5538 5539/5539/5539
f 5547/5547/5547 5548/5548/5548 5538/5538/5538
f 5539/5539/5539 5549/5549/5549 5547/5547/5547
f 5550/5550/5550 5549/5549/5549 5539/5539/5539
f 5550/5550/5550 5539/5539/5539 5542/5542/5542
f 5542/5542/5542 5551/5551/5551 5550/5550/5550
f 5552/5552/5552 5551/5551/5551 5542/5542/5542
f 5552/5552/5552 5542/5542/5542 5546/5546/5546
f 5546/5546/5546 5553/5553/5553 5552/5552/5552
f 5556/5556/5556 5555/5555/5555 5554/5554/5554
f 5557/5557/5557 5556/5556/5556 5554/5554/5554
f 5560/5560/5560 5559/5559/5559 5558/5558/5558
f 5560/5560/5560 5558/5558/5558 5561/5561/5561
f 5562/5562/5562 5561/5561/5561 5558/5558/5558
f 5561/5561/5561 5563/5563/5563 5560/5560/5560
f 5564/5564/5564 5563/5563/5563 5561/5561/5561
f 5565/5565/5565 5564/5564/5564 5561/5561/5561
f 5561/5561/5561 5566/5566/5566 5565/5565/5565
f 5566/5566/5566 5561/5561/5561 5562/5562/5562
f 5567/5567/5567 5566/5566/5566 5562/5562/5562
f 5562/5562/5562 5568/5568/5568 5567/5567/5567
f 5558/5558/5558 5569/5569/5569 5562/5562/5562
f 5558/5558/5558 5570/5570/5570 5569/5569/5569
f 5562/5562/5562 5569/5569/5569 5571/5571/5571
f 5569/5569/5569 5572/5572/5572 5571/5571/5571
f 5571/5571/5571 5573/5573/5573 5562/5562/5562
f 5568/5568/5568 5562/5562/5562 5573/5573/5573
f 5568/5568/5568 5573/5573/5573 5574/5574/5574
f 5574/5574/5574 5575/5575/5575 5568/5568/5568
f 5578/5578/5578 5577/5577/5577 5576/5576/5576
f 5579/5579/5579 5578/5578/5578 5576/5576/5576
f 5579/5579/5579 5576/5576/5576 5580/5580/5580
f 5581/5581/5581 5578/5578/5578 5579/5579/5579
f 5582/5582/5582 5579/5579/5579 5580/5580/5580
f 5582/5582/5582 5580/5580/5580 5583/5583/5583
f 5584/5584/5584 5581/5581/5581 5579/5579/5579
f 5584/5584/5584 5579/5579/5579 5582/5582/5582
f 5585/5585/5585 5581/5581/5581 5584/5584/5584
f 5586/5586/5586 5582/5582/5582 5583/5583/5583
f 5586/5586/5586 5583/5583/5583 5587/5587/5587
f 5588/5588/5588 5585/5585/5585 5584/5584/5584
f 5588/5588/5588 5589/5589/5589 5585/5585/5585
f 5590/5590/5590 5584/5584/5584 5582/5582/5582
f 5588/5588/5588 5584/5584/5584 5590/5590/5590
f 5590/5590/5590 5582/5582/5582 5586/5586/5586
f 5591/5591/5591 5586/5586/5586 5587/5587/5587
f 5591/5591/5591 5587/5587/5587 5592/5592/5592
f 5593/5593/5593 5588/5588/5588 5590/5590/5590
f 5593/5593/5593 5589/5589/5589 5588/5588/5588
f 5594/5594/5594 5590/5590/5590 5586/5586/5586
f 5593/5593/5593 5590/5590/5590 5594/5594/5594
f 5594/5594/5594 5586/5586/5586 5591/5591/5591
f 5595/5595/5595 5591/5591/5591 5592/5592/5592
f 5595/5595/5595 5592/5592/5592 5596/5596/5596
f 5597/5597/5597 5595/5595/5595 5596/5596/5596
f 5598/5598/5598 5593/5593/5593 5594/5594/5594
f 5598/5598/5598 5589/5589/5589 5593/5593/5593
f 5599/5599/5599 5594/5594/5594 5591/5591/5591
f 5599/5599/5599 5591/5591/5591 5595/5595/5595
f 5598/5598/5598 5594/5594/5594 5599/5599/5599
f 5595/5595/5595 5597/5597/5597 5600/5600/5600
f 5600/5600/5600 5599/5599/5599 5595/5595/5595
f 5597/5597/5597 5601/5601/5601 5600/5600/5600
f 5602/5602/5602 5598/5598/5598 5599/5599/5599
f 5602/5602/5602 5589/5589/5589 5598/5598/5598
f 5602/5602/5602 5599/5599/5599 5600/5600/5600
f 5603/5603/5603 5600/5600/5600 5601/5601/5601
f 5603/5603/5603 5602/5602/5602 5600/5600/5600
f 5603/5603/5603 5589/5589/5589 5602/5602/5602
f 5604/5604/5604 5603/5603/5603 5601/5601/5601
f 5604/5604/5604 5589/5589/5589 5603/5603/5603
f 5607/5607/5607 5606/5606/5606 5605/5605/5605
f 5608/5608/5608 5607/5607/5607 5605/5605/5605
f 5608/5608/5608 5605/5605/5605 5609/5609/5609
f 5610/5610/5610 5607/5607/5607 5608/5608/5608
f 5611/5611/5611 5608/5608/5608 5609/5609/5609
f 5611/5611/5611 5609/5609/5609 5612/5612/5612
f 5613/5613/5613 5610/5610/5610 5608/5608/5608
f 5613/5613/5613 5608/5608/5608 5611/5611/5611
f 5614/5614/5614 5610/5610/5610 5613/5613/5613
f 5615/5615/5615 5611/5611/5611 5612/5612/5612
f 5615/5615/5615 5612/5612/5612 5616/5616/5616
f 5617/5617/5617 5614/5614/5614 5613/5613/5613
f 5617/5617/5617 5618/5618/5618 5614/5614/5614
f 5619/5619/5619 5613/5613/5613 5611/5611/5611
f 5617/5617/5617 5613/5613/5613 5619/5619/5619
f 5619/5619/5619 5611/5611/5611 5615/5615/5615
f 5620/5620/5620 5615/5615/5615 5616/5616/5616
f 5620/5620/5620 5616/5616/5616 5621/5621/5621
f 5622/5622/5622 5617/5617/5617 5619/5619/5619
f 5622/5622/5622 5618/5618/5618 5617/5617/5617
f 5623/5623/5623 5619/5619/5619 5615/5615/5615
f 5622/5622/5622 5619/5619/5619 5623/5623/5623
f 5623/5623/5623 5615/5615/5615 5620/5620/5620
f 5624/5624/5624 5620/5620/5620 5621/5621/5621
f 5624/5624/5624 5621/5621/5621 5625/5625/5625
f 5626/5626/5626 5624/5624/5624 5625/5625/5625
f 5627/5627/5627 5622/5622/5622 5623/5623/5623
f 5627/5627/5627 5618/5618/5618 5622/5622/5622
f 5628/5628/5628 5623/5623/5623 5620/5620/5620
f 5628/5628/5628 5620/5620/5620 5624/5624/5624
f 5627/5627/5627 5623/5623/5623 5628/5628/5628
f 5629/5629/5629 5624/5624/5624 5626/5626/5626
f 5629/5629/5629 5628/5628/5628 5624/5624/5624
f 5630/5630/5630 5629/5629/5629 5626/5626/5626
f 5631/5631/5631 5627/5627/5627 5628/5628/5628
f 5631/5631/5631 5618/5618/5618 5627/5627/5627
f 5631/5631/5631 5628/5628/5628 5629/5629/5629
f 5632/5632/5632 5629/5629/5629 5630/5630/5630
f 5632/5632/5632 5631/5631/5631 5629/5629/5629
f 5632/5632/5632 5618/5618/5618 5631/5631/5631
f 5633/5633/5633 5632/5632/5632 5630/5630/5630
f 5633/5633/5633 5618/5618/5618 5632/5632/5632
f 5636/5636/5636 5635/5635/5635 5634/5634/5634
f 5637/5637/5637 5636/5636/5636 5634/5634/5634
f 5638/5638/5638 5636/5636/5636 5637/5637/5637
f 5639/5639/5639 5638/5638/5638 5637/5637/5637
f 5640/5640/5640 5638/5638/5638 5639/5639/5639
f 5641/5641/5641 5640/5640/5640 5639/5639/5639
f 5642/5642/5642 5640/5640/5640 5641/5641/5641
f 5643/5643/5643 5642/5642/5642 5641/5641/5641
f 5644/5644/5644 5642/5642/5642 5643/5643/5643
f 5645/5645/5645 5644/5644/5644 5643/5643/5643
f 5648/5648/5648 5647/5647/5647 5646/5646/5646
f 5649/5649/5649 5648/5648/5648 5646/5646/5646
f 5650/5650/5650 5648/5648/5648 5649/5649/5649
f 5651/5651/5651 5650/5650/5650 5649/5649/5649
f 5652/5652/5652 5650/5650/5650 5651/5651/5651
f 5653/5653/5653 5652/5652/5652 5651/5651/5651
f 5654/5654/5654 5652/5652/5652 5653/5653/5653
f 5655/5655/5655 5654/5654/5654 5653/5653/5653
f 5656/5656/5656 5654/5654/5654 5655/5655/5655
f 5657/5657/5657 5656/5656/5656 5655/5655/5655
f 5660/5660/5660 5659/5659/5659 5658/5658/5658
f 5659/5659/5659 5661/5661/5661 5658/5658/5658
f 5658/5658/5658 5661/5661/5661 5662/5662/5662
f 5661/5661/5661 5663/5663/5663 5662/5662/5662
f 5662/5662/5662 5663/5663/5663 5664/5664/5664
f 5663/5663/5663 5665/5665/5665 5664/5664/5664
f 5664/5664/5664 5665/5665/5665 5666/5666/5666
f 5665/5665/5665 5667/5667/5667 5666/5666/5666
f 5666/5666/5666 5667/5667/5667 5668/5668/5668
f 5667/5667/5667 5669/5669/5669 5668/5668/5668
f 5672/5672/5672 5671/5671/5671 5670/5670/5670
f 5671/5671/5671 5673/5673/5673 5670/5670/5670
f 5670/5670/5670 5673/5673/5673 5674/5674/5674
f 5673/5673/5673 5675/5675/5675 5674/5674/5674
f 5674/5674/5674 5675/5675/5675 5676/5676/5676
f 5675/5675/5675 5677/5677/5677 5676/5676/5676
f 5676/5676/5676 5677/5677/5677 5678/5678/5678
f 5677/5677/5677 5679/5679/5679 5678/5678/5678
f 5678/5678/5678 5679/5679/5679 5680/5680/5680
f 5679/5679/5679 5681/5681/5681 5680/5680/5680
f 5684/5684/5684 5683/5683/5683 5682/5682/5682
f 5683/5683/5683 5685/5685/5685 5682/5682/5682
f 5682/5682/5682 5685/5685/5685 5686/5686/5686
f 5685/5685/5685 5687/5687/5687 5686/5686/5686
f 5686/5686/5686 5687/5687/5687 5688/5688/5688
f 5687/5687/5687 5689/5689/5689 5688/5688/5688
f 5688/5688/5688 5689/5689/5689 5690/5690/5690
f 5689/5689/5689 5691/5691/5691 5690/5690/5690
f 5690/5690/5690 5691/5691/5691 5692/5692/5692
f 5691/5691/5691 5693/5693/5693 5692/5692/5692
f 5696/5696/5696 5695/5695/5695 5694/5694/5694
f 5695/5695/5695 5697/5697/5697 5694/5694/5694
f 5694/5694/5694 5697/5697/5697 5698/5698/5698
f 5697/5697/5697 5699/5699/5699 5698/5698/5698
f 5698/5698/5698 5699/5699/5699 5700/5700/5700
f 5699/5699/5699 5701/5701/5701 5700/5700/5700
f 5700/5700/5700 5701/5701/5701 5702/5702/5702
f 5701/5701/5701 5703/5703/5703 5702/5702/5702
f 5702/5702/5702 5703/5703/5703 5704/5704/5704
f 5703/5703/5703 5705/5705/5705 5704/5704/5704
f 5708/5708/5708 5707/5707/5707 5706/5706/5706
f 5708/5708/5708 5709/5709/5709 5707/5707/5707
f 5707/5707/5707 5709/5709/5709 5710/5710/5710
f 5708/5708/5708 5711/5711/5711 5709/5709/5709
f 5709/5709/5709 5712/5712/5712 5710/5710/5710
f 5709/5709/5709 5711/5711/5711 5712/5712/5712
f 5710/5710/5710 5712/5712/5712 5713/5713/5713
f 5712/5712/5712 5714/5714/5714 5713/5713/5713
f 5713/5713/5713 5714/5714/5714 5715/5715/5715
f 5714/5714/5714 5716/5716/5716 5715/5715/5715
f 5715/5715/5715 5716/5716/5716 5717/5717/5717
f 5711/5711/5711 5718/5718/5718 5712/5712/5712
f 5711/5711/5711 5719/5719/5719 5718/5718/5718
f 5712/5712/5712 5718/5718/5718 5720/5720/5720
f 5719/5719/5719 5721/5721/5721 5718/5718/5718
f 5718/5718/5718 5722/5722/5722 5720/5720/5720
f 5720/5720/5720 5722/5722/5722 5716/5716/5716
f 5718/5718/5718 5721/5721/5721 5723/5723/5723
f 5721/5721/5721 5724/5724/5724 5723/5723/5723
f 5723/5723/5723 5724/5724/5724 5725/5725/5725
f 5722/5722/5722 5725/5725/5725 5716/5716/5716
f 5724/5724/5724 5726/5726/5726 5725/5725/5725
f 5716/5716/5716 5727/5727/5727 5717/5717/5717
f 5716/5716/5716 5725/5725/5725 5727/5727/5727
f 5725/5725/5725 5726/5726/5726 5728/5728/5728
f 5725/5725/5725 5728/5728/5728 5727/5727/5727
f 5726/5726/5726 5729/5729/5729 5728/5728/5728
f 5727/5727/5727 5728/5728/5728 5730/5730/5730
f 5717/5717/5717 5727/5727/5727 5730/5730/5730
f 5731/5731/5731 5717/5717/5717 5730/5730/5730
f 5734/5734/5734 5733/5733/5733 5732/5732/5732
f 5735/5735/5735 5734/5734/5734 5732/5732/5732
f 5736/5736/5736 5734/5734/5734 5735/5735/5735
f 5737/5737/5737 5736/5736/5736 5735/5735/5735
f 5738/5738/5738 5736/5736/5736 5737/5737/5737
f 5739/5739/5739 5738/5738/5738 5737/5737/5737
f 5740/5740/5740 5738/5738/5738 5739/5739/5739
f 5741/5741/5741 5740/5740/5740 5739/5739/5739
f 5735/5735/5735 5732/5732/5732 5742/5742/5742
f 5742/5742/5742 5732/5732/5732 5743/5743/5743
f 5744/5744/5744 5735/5735/5735 5742/5742/5742
f 5745/5745/5745 5735/5735/5735 5744/5744/5744
f 5746/5746/5746 5742/5742/5742 5743/5743/5743
f 5744/5744/5744 5742/5742/5742 5746/5746/5746
f 5747/5747/5747 5746/5746/5746 5743/5743/5743
f 5748/5748/5748 5744/5744/5744 5746/5746/5746
f 5749/5749/5749 5745/5745/5745 5744/5744/5744
f 5739/5739/5739 5745/5745/5745 5749/5749/5749
f 5750/5750/5750 5744/5744/5744 5748/5748/5748
f 5751/5751/5751 5750/5750/5750 5748/5748/5748
f 5752/5752/5752 5739/5739/5739 5749/5749/5749
f 5752/5752/5752 5750/5750/5750 5751/5751/5751
f 5741/5741/5741 5739/5739/5739 5752/5752/5752
f 5753/5753/5753 5752/5752/5752 5751/5751/5751
f 5754/5754/5754 5741/5741/5741 5752/5752/5752
f 5754/5754/5754 5752/5752/5752 5753/5753/5753
f 5755/5755/5755 5741/5741/5741 5754/5754/5754
f 5756/5756/5756 5754/5754/5754 5753/5753/5753
f 5755/5755/5755 5754/5754/5754 5756/5756/5756
f 5755/5755/5755 5756/5756/5756 5757/5757/5757
f 5760/5760/5760 5759/5759/5759 5758/5758/5758
f 5759/5759/5759 5761/5761/5761 5758/5758/5758
f 5758/5758/5758 5761/5761/5761 5762/5762/5762
f 5761/5761/5761 5763/5763/5763 5762/5762/5762
f 5763/5763/5763 5764/5764/5764 5762/5762/5762
f 5763/5763/5763 5765/5765/5765 5764/5764/5764
f 5768/5768/5768 5767/5767/5767 5766/5766/5766
f 5769/5769/5769 5768/5768/5768 5766/5766/5766
f 5769/5769/5769 5766/5766/5766 5770/5770/5770
f 5771/5771/5771 5768/5768/5768 5769/5769/5769
f 5772/5772/5772 5769/5769/5769 5770/5770/5770
f 5771/5771/5771 5769/5769/5769 5772/5772/5772
f 5775/5775/5775 5774/5774/5774 5773/5773/5773
f 5776/5776/5776 5775/5775/5775 5773/5773/5773
f 5779/5779/5779 5778/5778/5778 5777/5777/5777
f 5780/5780/5780 5779/5779/5779 5777/5777/5777
f 5783/5783/5783 5782/5782/5782 5781/5781/5781
f 5784/5784/5784 5783/5783/5783 5781/5781/5781
f 5787/5787/5787 5786/5786/5786 5785/5785/5785
f 5786/5786/5786 5788/5788/5788 5785/5785/5785
f 5786/5786/5786 5789/5789/5789 5788/5788/5788
f 5789/5789/5789 5790/5790/5790 5788/5788/5788
f 5789/5789/5789 5791/5791/5791 5790/5790/5790
f 5791/5791/5791 5792/5792/5792 5790/5790/5790
f 5791/5791/5791 5793/5793/5793 5792/5792/5792
f 5793/5793/5793 5794/5794/5794 5792/5792/5792
f 5797/5797/5797 5796/5796/5796 5795/5795/5795
f 5798/5798/5798 5797/5797/5797 5795/5795/5795
f 5801/5801/5801 5800/5800/5800 5799/5799/5799
f 5802/5802/5802 5801/5801/5801 5799/5799/5799
f 5803/5803/5803 5801/5801/5801 5802/5802/5802
f 5804/5804/5804 5803/5803/5803 5802/5802/5802
f 5805/5805/5805 5803/5803/5803 5804/5804/5804
f 5806/5806/5806 5805/5805/5805 5804/5804/5804
f 5807/5807/5807 5805/5805/5805 5806/5806/5806
f 5808/5808/5808 5807/5807/5807 5806/5806/5806
f 5809/5809/5809 5807/5807/5807 5808/5808/5808
f 5810/5810/5810 5809/5809/5809 5808/5808/5808
f 5811/5811/5811 5809/5809/5809 5810/5810/5810
f 5812/5812/5812 5811/5811/5811 5810/5810/5810
f 5813/5813/5813 5811/5811/5811 5812/5812/5812
f 5814/5814/5814 5813/5813/5813 5812/5812/5812
f 5815/5815/5815 5813/5813/5813 5814/5814/5814
f 5816/5816/5816 5815/5815/5815 5814/5814/5814
f 5817/5817/5817 5815/5815/5815 5816/5816/5816
f 5818/5818/5818 5817/5817/5817 5816/5816/5816
f 5819/5819/5819 5817/5817/5817 5818/5818/5818
f 5820/5820/5820 5819/5819/5819 5818/5818/5818
f 5821/5821/5821 5819/5819/5819 5820/5820/5820
f 5822/5822/5822 5821/5821/5821 5820/5820/5820
f 5823/5823/5823 5821/5821/5821 5822/5822/5822
f 5824/5824/5824 5823/5823/5823 5822/5822/5822
f 5825/5825/5825 5823/5823/5823 5824/5824/5824
f 5826/5826/5826 5825/5825/5825 5824/5824/5824
f 5827/5827/5827 5825/5825/5825 5826/5826/5826
f 5828/5828/5828 5827/5827/5827 5826/5826/5826
f 5831/5831/5831 5830/5830/5830 5829/5829/5829
f 5830/5830/5830 5832/5832/5832 5829/5829/5829
f 5829/5829/5829 5832/5832/5832 5833/5833/5833
f 5832/5832/5832 5834/5834/5834 5833/5833/5833
f 5837/5837/5837 5836/5836/5836 5835/5835/5835
f 5835/5835/5835 5836/5836/5836 5838/5838/5838
f 5839/5839/5839 5837/5837/5837 5835/5835/5835
f 5840/5840/5840 5837/5837/5837 5839/5839/5839
f 5841/5841/5841 5835/5835/5835 5838/5838/5838
f 5839/5839/5839 5835/5835/5835 5841/5841/5841
f 5842/5842/5842 5841/5841/5841 5838/5838/5838
f 5843/5843/5843 5841/5841/5841 5842/5842/5842
f 5843/5843/5843 5839/5839/5839 5841/5841/5841
f 5844/5844/5844 5843/5843/5843 5842/5842/5842
f 5845/5845/5845 5840/5840/5840 5839/5839/5839
f 5846/5846/5846 5840/5840/5840 5845/5845/5845
f 5847/5847/5847 5846/5846/5846 5845/5845/5845
f 5848/5848/5848 5839/5839/5839 5843/5843/5843
f 5849/5849/5849 5846/5846/5846 5847/5847/5847
f 5850/5850/5850 5843/5843/5843 5844/5844/5844
f 5851/5851/5851 5848/5848/5848 5843/5843/5843
f 5847/5847/5847 5848/5848/5848 5851/5851/5851
f 5852/5852/5852 5850/5850/5850 5844/5844/5844
f 5853/5853/5853 5850/5850/5850 5852/5852/5852
f 5853/5853/5853 5847/5847/5847 5851/5851/5851
f 5854/5854/5854 5853/5853/5853 5852/5852/5852
f 5855/5855/5855 5849/5849/5849 5847/5847/5847
f 5855/5855/5855 5847/5847/5847 5853/5853/5853
f 5856/5856/5856 5849/5849/5849 5855/5855/5855
f 5857/5857/5857 5853/5853/5853 5854/5854/5854
f 5857/5857/5857 5855/5855/5855 5853/5853/5853
f 5856/5856/5856 5855/5855/5855 5857/5857/5857
f 5858/5858/5858 5857/5857/5857 5854/5854/5854
f 5856/5856/5856 5857/5857/5857 5858/5858/5858
f 5861/5861/5861 5860/5860/5860 5859/5859/5859
f 5859/5859/5859 5860/5860/5860 5862/5862/5862
f 5863/5863/5863 5861/5861/5861 5859/5859/5859
f 5864/5864/5864 5861/5861/5861 5863/5863/5863
f 5865/5865/5865 5859/5859/5859 5862/5862/5862
f 5863/5863/5863 5859/5859/5859 5865/5865/5865
f 5866/5866/5866 5865/5865/5865 5862/5862/5862
f 5867/5867/5867 5865/5865/5865 5866/5866/5866
f 5867/5867/5867 5863/5863/5863 5865/5865/5865
f 5868/5868/5868 5867/5867/5867 5866/5866/5866
f 5869/5869/5869 5864/5864/5864 5863/5863/5863
f 5870/5870/5870 5864/5864/5864 5869/5869/5869
f 5871/5871/5871 5870/5870/5870 5869/5869/5869
f 5872/5872/5872 5863/5863/5863 5867/5867/5867
f 5873/5873/5873 5870/5870/5870 5871/5871/5871
f 5874/5874/5874 5867/5867/5867 5868/5868/5868
f 5875/5875/5875 5872/5872/5872 5867/5867/5867
f 5871/5871/5871 5872/5872/5872 5875/5875/5875
f 5876/5876/5876 5874/5874/5874 5868/5868/5868
f 5877/5877/5877 5874/5874/5874 5876/5876/5876
f 5877/5877/5877 5871/5871/5871 5875/5875/5875
f 5878/5878/5878 5877/5877/5877 5876/5876/5876
f 5879/5879/5879 5873/5873/5873 5871/5871/5871
f 5879/5879/5879 5871/5871/5871 5877/5877/5877
f 5880/5880/5880 5873/5873/5873 5879/5879/5879
f 5881/5881/5881 5877/5877/5877 5878/5878/5878
f 5881/5881/5881 5879/5879/5879 5877/5877/5877
f 5880/5880/5880 5879/5879/5879 5881/5881/5881
f 5882/5882/5882 5881/5881/5881 5878/5878/5878
f 5880/5880/5880 5881/5881/5881 5882/5882/5882
f 5885/5885/5885 5884/5884/5884 5883/5883/5883
f 5883/5883/5883 5884/5884/5884 5886/5886/5886
f 5887/5887/5887 5885/5885/5885 5883/5883/5883
f 5888/5888/5888 5885/5885/5885 5887/5887/5887
f 5889/5889/5889 5883/5883/5883 5886/5886/5886
f 5887/5887/5887 5883/5883/5883 5889/5889/5889
f 5890/5890/5890 5889/5889/5889 5886/5886/5886
f 5891/5891/5891 5889/5889/5889 5890/5890/5890
f 5891/5891/5891 5887/5887/5887 5889/5889/5889
f 5892/5892/5892 5891/5891/5891 5890/5890/5890
f 5893/5893/5893 5888/5888/5888 5887/5887/5887
f 5894/5894/5894 5888/5888/5888 5893/5893/5893
f 5895/5895/5895 5894/5894/5894 5893/5893/5893
f 5896/5896/5896 5887/5887/5887 5891/5891/5891
f 5897/5897/5897 5894/5894/5894 5895/5895/5895
f 5898/5898/5898 5891/5891/5891 5892/5892/5892
f 5899/5899/5899 5896/5896/5896 5891/5891/5891
f 5895/5895/5895 5896/5896/5896 5899/5899/5899
f 5900/5900/5900 5898/5898/5898 5892/5892/5892
f 5901/5901/5901 5898/5898/5898 5900/5900/5900
f 5901/5901/5901 5895/5895/5895 5899/5899/5899
f 5902/5902/5902 5901/5901/5901 5900/5900/5900
f 5903/5903/5903 5897/5897/5897 5895/5895/5895
f 5903/5903/5903 5895/5895/5895 5901/5901/5901
f 5904/5904/5904 5897/5897/5897 5903/5903/5903
f 5905/5905/5905 5901/5901/5901 5902/5902/5902
f 5905/5905/5905 5903/5903/5903 5901/5901/5901
f 5904/5904/5904 5903/5903/5903 5905/5905/5905
f 5906/5906/5906 5905/5905/5905 5902/5902/5902
f 5904/5904/5904 5905/5905/5905 5906/5906/5906
f 5909/5909/5909 5908/5908/5908 5907/5907/5907
f 5907/5907/5907 5908/5908/5908 5910/5910/5910
f 5911/5911/5911 5909/5909/5909 5907/5907/5907
f 5912/5912/5912 5909/5909/5909 5911/5911/5911
f 5913/5913/5913 5907/5907/5907 5910/5910/5910
f 5911/5911/5911 5907/5907/5907 5913/5913/5913
f 5914/5914/5914 5913/5913/5913 5910/5910/5910
f 5915/5915/5915 5913/5913/5913 5914/5914/5914
f 5915/5915/5915 5911/5911/5911 5913/5913/5913
f 5916/5916/5916 5915/5915/5915 5914/5914/5914
f 5917/5917/5917 5912/5912/5912 5911/5911/5911
f 5918/5918/5918 5912/5912/5912 5917/5917/5917
f 5919/5919/5919 5918/5918/5918 5917/5917/5917
f 5920/5920/5920 5911/5911/5911 5915/5915/5915
f 5921/5921/5921 5918/5918/5918 5919/5919/5919
f 5922/5922/5922 5915/5915/5915 5916/5916/5916
f 5923/5923/5923 5920/5920/5920 5915/5915/5915
f 5919/5919/5919 5920/5920/5920 5923/5923/5923
f 5924/5924/5924 5922/5922/5922 5916/5916/5916
f 5925/5925/5925 5922/5922/5922 5924/5924/5924
f 5925/5925/5925 5919/5919/5919 5923/5923/5923
f 5926/5926/5926 5925/5925/5925 5924/5924/5924
f 5927/5927/5927 5921/5921/5921 5919/5919/5919
f 5927/5927/5927 5919/5919/5919 5925/5925/5925
f 5928/5928/5928 5921/5921/5921 5927/5927/5927
f 5929/5929/5929 5925/5925/5925 5926/5926/5926
f 5929/5929/5929 5927/5927/5927 5925/5925/5925
f 5928/5928/5928 5927/5927/5927 5929/5929/5929
f 5930/5930/5930 5929/5929/5929 5926/5926/5926
f 5928/5928/5928 5929/5929/5929 5930/5930/5930
f 5933/5933/5933 5932/5932/5932 5931/5931/5931
f 5933/5933/5933 5934/5934/5934 5932/5932/5932
f 5934/5934/5934 5935/5935/5935 5932/5932/5932
f 5936/5936/5936 5932/5932/5932 5935/5935/5935
f 5937/5937/5937 5936/5936/5936 5935/5935/5935
f 5937/5937/5937 5935/5935/5935 5938/5938/5938
f 5934/5934/5934 5939/5939/5939 5935/5935/5935
f 5931/5931/5931 5932/5932/5932 5940/5940/5940
f 5940/5940/5940 5932/5932/5932 5936/5936/5936
f 5941/5941/5941 5931/5931/5931 5940/5940/5940
f 5942/5942/5942 5941/5941/5941 5940/5940/5940
f 5942/5942/5942 5940/5940/5940 5943/5943/5943
f 5944/5944/5944 5942/5942/5942 5943/5943/5943
f 5944/5944/5944 5943/5943/5943 5945/5945/5945
f 5946/5946/5946 5944/5944/5944 5945/5945/5945
f 5946/5946/5946 5945/5945/5945 5947/5947/5947
f 5947/5947/5947 5945/5945/5945 5939/5939/5939
f 5945/5945/5945 5948/5948/5948 5939/5939/5939
f 5939/5939/5939 5948/5948/5948 5935/5935/5935
f 5949/5949/5949 5940/5940/5940 5936/5936/5936
f 5950/5950/5950 5935/5935/5935 5948/5948/5948
f 5951/5951/5951 5950/5950/5950 5948/5948/5948
f 5950/5950/5950 5952/5952/5952 5935/5935/5935
f 5951/5951/5951 5948/5948/5948 5953/5953/5953
f 5954/5954/5954 5951/5951/5951 5953/5953/5953
f 5954/5954/5954 5953/5953/5953 5955/5955/5955
f 5955/5955/5955 5953/5953/5953 5956/5956/5956
f 5953/5953/5953 5957/5957/5957 5956/5956/5956
f 5956/5956/5956 5957/5957/5957 5958/5958/5958
f 5952/5952/5952 5959/5959/5959 5935/5935/5935
f 5960/5960/5960 5956/5956/5956 5958/5958/5958
f 5959/5959/5959 5961/5961/5961 5935/5935/5935
f 5960/5960/5960 5958/5958/5958 5961/5961/5961
f 5962/5962/5962 5961/5961/5961 5959/5959/5959
f 5962/5962/5962 5960/5960/5960 5961/5961/5961
f 5935/5935/5935 5961/5961/5961 5938/5938/5938
f 5961/5961/5961 5958/5958/5958 5963/5963/5963
f 5938/5938/5938 5961/5961/5961 5963/5963/5963
f 5938/5938/5938 5963/5963/5963 5964/5964/5964
f 5964/5964/5964 5963/5963/5963 5965/5965/5965
f 5966/5966/5966 5964/5964/5964 5965/5965/5965
f 5967/5967/5967 5938/5938/5938 5964/5964/5964
f 5968/5968/5968 5938/5938/5938 5967/5967/5967
f 5968/5968/5968 5969/5969/5969 5938/5938/5938
f 5966/5966/5966 5965/5965/5965 5970/5970/5970
f 5971/5971/5971 5966/5966/5966 5970/5970/5970
f 5971/5971/5971 5970/5970/5970 5972/5972/5972
f 5969/5969/5969 5937/5937/5937 5938/5938/5938
f 5972/5972/5972 5970/5970/5970 5973/5973/5973
f 5974/5974/5974 5972/5972/5972 5973/5973/5973
f 5969/5969/5969 5975/5975/5975 5937/5937/5937
f 5975/5975/5975 5974/5974/5974 5973/5973/5973
f 5975/5975/5975 5973/5973/5973 5937/5937/5937
f 5976/5976/5976 5937/5937/5937 5973/5973/5973
f 5936/5936/5936 5937/5937/5937 5976/5976/5976
f 5977/5977/5977 5976/5976/5976 5973/5973/5973
f 5978/5978/5978 5936/5936/5936 5976/5976/5976
f 5979/5979/5979 5936/5936/5936 5978/5978/5978
f 5979/5979/5979 5980/5980/5980 5936/5936/5936
f 5980/5980/5980 5949/5949/5949 5936/5936/5936
f 5980/5980/5980 5981/5981/5981 5949/5949/5949
f 5977/5977/5977 5973/5973/5973 5982/5982/5982
f 5983/5983/5983 5977/5977/5977 5982/5982/5982
f 5983/5983/5983 5982/5982/5982 5984/5984/5984
f 5981/5981/5981 5985/5985/5985 5949/5949/5949
f 5984/5984/5984 5982/5982/5982 5985/5985/5985
f 5981/5981/5981 5986/5986/5986 5985/5985/5985
f 5986/5986/5986 5984/5984/5984 5985/5985/5985
f 5989/5989/5989 5988/5988/5988 5987/5987/5987
f 5990/5990/5990 5989/5989/5989 5987/5987/5987
f 5988/5988/5988 5991/5991/5991 5987/5987/5987
f 5992/5992/5992 5990/5990/5990 5987/5987/5987
f 5988/5988/5988 5993/5993/5993 5991/5991/5991
f 5994/5994/5994 5990/5990/5990 5992/5992/5992
f 5993/5993/5993 5995/5995/5995 5991/5991/5991
f 5996/5996/5996 5994/5994/5994 5992/5992/5992
f 5993/5993/5993 5997/5997/5997 5995/5995/5995
f 5998/5998/5998 5994/5994/5994 5996/5996/5996
f 5997/5997/5997 5999/5999/5999 5995/5995/5995
f 6000/6000/6000 5998/5998/5998 5996/5996/5996
f 5997/5997/5997 6001/6001/6001 5999/5999/5999
f 6001/6001/6001 5998/5998/5998 6000/6000/6000
f 6001/6001/6001 6002/6002/6002 5999/5999/5999
f 6002/6002/6002 6001/6001/6001 6000/6000/6000
f 6005/6005/6005 6004/6004/6004 6003/6003/6003
f 6006/6006/6006 6005/6005/6005 6003/6003/6003
f 6004/6004/6004 6007/6007/6007 6003/6003/6003
f 6008/6008/6008 6006/6006/6006 6003/6003/6003
f 6004/6004/6004 6009/6009/6009 6007/6007/6007
f 6010/6010/6010 6006/6006/6006 6008/6008/6008
f 6009/6009/6009 6011/6011/6011 6007/6007/6007
f 6012/6012/6012 6010/6010/6010 6008/6008/6008
f 6009/6009/6009 6013/6013/6013 6011/6011/6011
f 6014/6014/6014 6010/6010/6010 6012/6012/6012
f 6013/6013/6013 6015/6015/6015 6011/6011/6011
f 6016/6016/6016 6014/6014/6014 6012/6012/6012
f 6013/6013/6013 6017/6017/6017 6015/6015/6015
f 6017/6017/6017 6014/6014/6014 6016/6016/6016
f 6017/6017/6017 6018/6018/6018 6015/6015/6015
f 6018/6018/6018 6017/6017/6017 6016/6016/6016
f 6021/6021/6021 6020/6020/6020 6019/6019/6019
f 6022/6022/6022 6020/6020/6020 6021/6021/6021
f 6023/6023/6023 6021/6021/6021 6019/6019/6019
f 6024/6024/6024 6022/6022/6022 6021/6021/6021
f 6023/6023/6023 6019/6019/6019 6025/6025/6025
f 6022/6022/6022 6024/6024/6024 6026/6026/6026
f 6019/6019/6019 6027/6027/6027 6025/6025/6025
f 6024/6024/6024 6028/6028/6028 6026/6026/6026
f 6029/6029/6029 6025/6025/6025 6027/6027/6027
f 6026/6026/6026 6028/6028/6028 6030/6030/6030
f 6030/6030/6030 6029/6029/6029 6027/6027/6027
f 6028/6028/6028 6029/6029/6029 6030/6030/6030
