g Theater_Light
v -1.813741 3.454418 1.87252
v -1.754489 3.448575 1.890477
v -1.735403 3.499866 1.915695
v -1.805918 3.526284 1.893685
v -1.870006 3.462187 1.894527
v -1.741337 3.538568 1.963101
v -1.876138 3.517589 1.919238
v -1.7978 3.563037 1.962413
v -1.726435 3.513856 2.016083
v -1.856854 3.55218 1.967151
v -1.793863 3.541276 2.037322
v -1.867382 3.525496 2.027553
v -1.739803 3.470632 2.056338
v -1.795815 3.476444 2.081311
v -1.855081 3.476385 2.07129
v -1.733423 3.413445 2.034353
v -1.801494 3.400398 2.068592
v -1.707925 3.4544 1.97282
v -1.726435 3.513856 2.016083
v -1.735403 3.499866 1.915695
v -1.741337 3.538568 1.963101
v -1.754489 3.448575 1.890477
v -1.742582 3.399333 1.933883
v -1.752723 3.373013 1.994291
v -1.873804 3.419494 2.05409
v -1.867382 3.525496 2.027553
v -1.811412 3.356496 2.007133
v -1.742582 3.399333 1.933883
v -1.90204 3.470429 1.988616
v -1.856854 3.55218 1.967151
v -1.876138 3.517589 1.919238
v -1.883529 3.410972 1.945353
v -1.870006 3.462187 1.894527
v -1.868002 3.378767 2.009245
v -1.8161 3.383553 1.924114
v -1.754489 3.448575 1.890477
v -1.883529 3.410972 1.945353
v -1.813741 3.454418 1.87252
v -1.870006 3.462187 1.894527
v -1.773753 3.266848 2.177123
v -1.713483 3.273941 2.179004
v -1.699324 3.333454 2.18665
v -1.774138 3.344337 2.179893
v -1.825413 3.270523 2.210719
v -1.703943 3.380775 2.224183
v -1.836164 3.329884 2.224006
v -1.761736 3.396489 2.233532
v -1.675652 3.370771 2.27524
v -1.815873 3.377358 2.255898
v -1.741142 3.392537 2.306654
v -1.810325 3.364257 2.319444
v -1.667228 3.341737 2.325839
v -1.716248 3.346724 2.361325
v -1.776325 3.334997 2.365817
v -1.653723 3.283565 2.314761
v -1.709468 3.271082 2.364888
v -1.655145 3.305667 2.242219
v -1.675652 3.370771 2.27524
v -1.699324 3.333454 2.18665
v -1.703943 3.380775 2.224183
v -1.713483 3.273941 2.179004
v -1.685439 3.238106 2.225873
v -1.673778 3.231408 2.289362
v -1.786336 3.275001 2.364493
v -1.810325 3.364257 2.319444
v -1.723811 3.211843 2.31793
v -1.685439 3.238106 2.225873
v -1.840619 3.296696 2.303097
v -1.815873 3.377358 2.255898
v -1.836164 3.329884 2.224006
v -1.820113 3.231592 2.270075
v -1.825413 3.270523 2.210719
v -1.782875 3.224668 2.32934
v -1.754622 3.209827 2.238662
v -1.713483 3.273941 2.179004
v -1.820113 3.231592 2.270075
v -1.773753 3.266848 2.177123
v -1.825413 3.270523 2.210719
v -1.648054 3.164821 2.48433
v -1.589428 3.180141 2.473261
v -1.583821 3.2402 2.468244
v -1.66069 3.238548 2.474845
v -1.693337 3.17013 2.524724
v -1.588631 3.294072 2.497032
v -1.710874 3.228153 2.530257
v -1.646641 3.303532 2.514171
v -1.549997 3.298944 2.543433
v -1.692541 3.284061 2.548495
v -1.612667 3.31886 2.581187
v -1.674916 3.286097 2.609489
v -1.533626 3.276391 2.597205
v -1.578245 3.281548 2.638743
v -1.634575 3.265431 2.654085
v -1.515024 3.218087 2.59355
v -1.562913 3.207124 2.652957
v -1.525882 3.231538 2.518445
v -1.549997 3.298944 2.543433
v -1.583821 3.2402 2.468244
v -1.588631 3.294072 2.497032
v -1.589428 3.180141 2.473261
v -1.548887 3.159287 2.518373
v -1.530921 3.161338 2.579839
v -1.637676 3.204631 2.663611
v -1.674916 3.286097 2.609489
v -1.574454 3.14117 2.618418
v -1.548887 3.159287 2.518373
v -1.697922 3.213846 2.609418
v -1.692541 3.284061 2.548495
v -1.710874 3.228153 2.530257
v -1.673806 3.146441 2.58443
v -1.693337 3.17013 2.524724
v -1.631869 3.150379 2.636719
v -1.611137 3.126523 2.546675
v -1.589428 3.180141 2.473261
v -1.673806 3.146441 2.58443
v -1.648054 3.164821 2.48433
v -1.693337 3.17013 2.524724
v -1.475932 3.130968 2.773408
v -1.421162 3.148958 2.75365
v -1.422011 3.208578 2.739707
v -1.496214 3.202527 2.755239
v -1.517563 3.137414 2.817834
v -1.429791 3.264758 2.761518
v -1.539894 3.194517 2.817419
v -1.485973 3.272127 2.783717
v -1.388889 3.276652 2.8032
v -1.526193 3.253214 2.8257
v -1.449227 3.296242 2.844732
v -1.50476 3.262577 2.883877
v -1.364157 3.266032 2.856431
v -1.404812 3.273901 2.900893
v -1.458018 3.254546 2.924285
v -1.340024 3.210377 2.858071
v -1.380571 3.2054 2.921876
v -1.360665 3.208718 2.784817
v -1.388889 3.276652 2.8032
v -1.422011 3.208578 2.739707
v -1.429791 3.264758 2.761518
v -1.421162 3.148958 2.75365
v -1.37615 3.135475 2.796866
v -1.35188 3.150323 2.853828
v -1.454141 3.1964 2.941228
v -1.50476 3.262577 2.883877
v -1.389353 3.132876 2.898405
v -1.37615 3.135475 2.796866
v -1.520245 3.189335 2.895928
v -1.526193 3.253214 2.8257
v -1.539894 3.194517 2.817419
v -1.492021 3.121401 2.877545
v -1.517563 3.137414 2.817834
v -1.445741 3.138838 2.921683
v -1.431683 3.101811 2.836012
v -1.421162 3.148958 2.75365
v -1.492021 3.121401 2.877545
v -1.475932 3.130968 2.773408
v -1.517563 3.137414 2.817834
v -1.280098 3.147837 3.044165
v -1.228658 3.168287 3.017353
v -1.236313 3.224488 2.996477
v -1.308169 3.214369 3.019198
v -1.318535 3.157409 3.090494
v -1.247426 3.282994 3.011349
v -1.346183 3.211159 3.08527
v -1.302399 3.28781 3.037581
v -1.203913 3.307136 3.046002
v -1.337303 3.272116 3.084491
v -1.262834 3.326926 3.089432
v -1.312118 3.294221 3.136875
v -1.17526 3.303926 3.098908
v -1.213632 3.313547 3.145296
v -1.262883 3.293674 3.174823
v -1.145955 3.250667 3.106149
v -1.181849 3.249537 3.17366
v -1.170732 3.239988 3.034183
v -1.203913 3.307136 3.046002
v -1.236313 3.224488 2.996477
v -1.247426 3.282994 3.011349
v -1.228658 3.168287 3.017353
v -1.178366 3.167969 3.056643
v -1.152096 3.190439 3.110318
v -1.252475 3.238268 3.199063
v -1.312118 3.294221 3.136875
v -1.184799 3.175387 3.159915
v -1.178366 3.167969 3.056643
v -1.319753 3.222202 3.159335
v -1.337303 3.272116 3.084491
v -1.346183 3.211159 3.08527
v -1.286572 3.155054 3.147516
v -1.318535 3.157409 3.090494
v -1.23972 3.180187 3.186233
v -1.227651 3.135264 3.104086
v -1.228658 3.168287 3.017353
v -1.286572 3.155054 3.147516
v -1.280098 3.147837 3.044165
v -1.318535 3.157409 3.090494
v -1.067153 3.223572 3.29437
v -1.019943 3.244107 3.261617
v -1.035209 3.295991 3.232711
v -1.104222 3.282268 3.261807
v -1.103621 3.235484 3.342051
v -1.052117 3.353832 3.23991
v -1.13754 3.285318 3.330423
v -1.105595 3.357736 3.268764
v -1.010172 3.383773 3.268934
v -1.135795 3.345208 3.320344
v -1.068527 3.403773 3.313027
v -1.110739 3.37404 3.368557
v -0.979157 3.394323 3.317996
v -1.016072 3.407897 3.364374
v -1.060296 3.387164 3.401128
v -0.9423583 3.348107 3.331843
v -0.9737388 3.35641 3.400745
v -0.9698069 3.319687 3.265303
v -1.010172 3.383773 3.268934
v -1.035209 3.295991 3.232711
v -1.052117 3.353832 3.23991
v -1.019943 3.244107 3.261617
v -0.967378 3.251929 3.299253
v -0.9400237 3.288644 3.34709
v -1.040905 3.339627 3.433577
v -1.110739 3.37404 3.368557
v -0.9671922 3.279838 3.401047
v -0.967378 3.251929 3.299253
v -1.108309 3.306283 3.402506
v -1.135795 3.345208 3.320344
v -1.13754 3.285318 3.330423
v -1.067944 3.242197 3.398876
v -1.103621 3.235484 3.342051
v -1.021163 3.281485 3.430222
v -1.00959 3.222197 3.354783
v -1.019943 3.244107 3.261617
v -1.067944 3.242197 3.398876
v -1.067153 3.223572 3.29437
v -1.103621 3.235484 3.342051
v -0.8475922 3.375927 3.51766
v -0.8072281 3.396426 3.476221
v -0.8332245 3.435644 3.438324
v -0.8962939 3.416063 3.477091
v -0.8825601 3.394114 3.56491
v -0.8603606 3.490777 3.43355
v -0.9257246 3.432198 3.545866
v -0.9113567 3.491915 3.466531
v -0.8251674 3.536592 3.448407
v -0.9356925 3.488464 3.522239
v -0.8826705 3.557508 3.493188
v -0.9140029 3.536765 3.559047
v -0.7919668 3.564342 3.490698
v -0.8244971 3.585246 3.537677
v -0.8616014 3.567897 3.583889
v -0.747285 3.527972 3.508963
v -0.7713879 3.549888 3.577428
v -0.7737229 3.481338 3.455478
v -0.8251674 3.536592 3.448407
v -0.8332245 3.435644 3.438324
v -0.8603606 3.490777 3.43355
v -0.8072281 3.396426 3.476221
v -0.7557883 3.42615 3.504285
v -0.7335422 3.475355 3.537749
v -0.8309761 3.533529 3.623409
v -0.9140029 3.536765 3.559047
v -0.7537633 3.476255 3.594695
v -0.7557883 3.42615 3.504285
v -0.8960686 3.481577 3.607855
v -0.9356925 3.488464 3.522239
v -0.9257246 3.432198 3.545866
v -0.844623 3.426324 3.614927
v -0.8825601 3.394114 3.56491
v -0.8031769 3.478909 3.630939
v -0.7871199 3.405407 3.570145
v -0.8072281 3.396426 3.476221
v -0.844623 3.426324 3.614927
v -0.8475922 3.375927 3.51766
v -0.8825601 3.394114 3.56491
v -0.6435345 3.594759 3.663845
v -0.6126935 3.600866 3.610356
v -0.6423545 3.641926 3.575299
v -0.6932427 3.633511 3.626312
v -0.6631342 3.620518 3.713387
v -0.6620811 3.697276 3.567789
v -0.707993 3.662971 3.699322
v -0.7068143 3.710138 3.610775
v -0.6067181 3.732969 3.565527
v -0.7125211 3.716928 3.670821
v -0.6356078 3.774301 3.622154
v -0.6475555 3.768158 3.69678
v -0.5501326 3.751519 3.594802
v -0.5442197 3.784431 3.646585
v -0.5649227 3.786537 3.704806
v -0.5260549 3.696347 3.602113
v -0.5008919 3.718123 3.665745
v -0.5765586 3.663406 3.56463
v -0.6067181 3.732969 3.565527
v -0.6423545 3.641926 3.575299
v -0.6620811 3.697276 3.567789
v -0.6126935 3.600866 3.610356
v -0.5618035 3.607116 3.613244
v -0.5271456 3.64373 3.632206
v -0.5383519 3.740256 3.736477
v -0.6475555 3.768158 3.69678
v -0.5201865 3.652172 3.692005
v -0.5618035 3.607116 3.613244
v -0.6328019 3.711869 3.745393
v -0.7125211 3.716928 3.670821
v -0.707993 3.662971 3.699322
v -0.6026421 3.642305 3.744496
v -0.6631342 3.620518 3.713387
v -0.5419357 3.678748 3.74221
v -0.5737518 3.600973 3.68787
v -0.6126935 3.600866 3.610356
v -0.6026421 3.642305 3.744496
v -0.6435345 3.594759 3.663845
v -0.6631342 3.620518 3.713387
v -0.3551273 3.628085 3.65417
v -0.3670088 3.619185 3.594493
v -0.3742925 3.673166 3.566609
v -0.3706104 3.703091 3.639118
v -0.3165948 3.651393 3.694329
v -0.3492603 3.725735 3.551157
v -0.3158536 3.713388 3.689492
v -0.3350189 3.758469 3.60193
v -0.3008983 3.713345 3.512474
v -0.2988459 3.757943 3.650992
v -0.2582033 3.754433 3.559786
v -0.2261974 3.747497 3.628174
v -0.2505455 3.680758 3.500133
v -0.2047261 3.699383 3.534703
v -0.1846012 3.706561 3.592499
v -0.2602893 3.620569 3.506997
v -0.1983836 3.624234 3.549386
v -0.3291562 3.643248 3.518589
v -0.3008983 3.713345 3.512474
v -0.3742925 3.673166 3.566609
v -0.3492603 3.725735 3.551157
v -0.3670088 3.619185 3.594493
v -0.3292359 3.586034 3.568349
v -0.2749768 3.576881 3.546595
v -0.1790127 3.651588 3.619091
v -0.2261974 3.747497 3.628174
v -0.2345757 3.572775 3.591383
v -0.3292359 3.586034 3.568349
v -0.226277 3.690282 3.677934
v -0.2988459 3.757943 3.650992
v -0.3158536 3.713388 3.689492
v -0.2545345 3.620186 3.684049
v -0.3165948 3.651393 3.694329
v -0.2090327 3.602684 3.63896
v -0.2972299 3.579098 3.636738
v -0.3670088 3.619185 3.594493
v -0.2545345 3.620186 3.684049
v -0.3551273 3.628085 3.65417
v -0.3165948 3.651393 3.694329
v -0.1007178 3.498752 3.501194
v -0.1250618 3.493927 3.445193
v -0.1312101 3.549071 3.419923
v -0.1066768 3.573403 3.488159
v -0.05175889 3.515886 3.532888
v -0.1022407 3.598676 3.399888
v -0.04194343 3.575895 3.526905
v -0.07243562 3.626214 3.445634
v -0.06534398 3.584671 3.354153
v -0.02893722 3.620636 3.487581
v -0.01558101 3.622229 3.397311
v 0.02447987 3.611209 3.46074
v -0.01692533 3.552283 3.337242
v 0.03157902 3.569752 3.369259
v 0.05712843 3.573867 3.424398
v -0.02516329 3.491594 3.342087
v 0.04061556 3.496444 3.380051
v -0.09514451 3.515277 3.360919
v -0.06534398 3.584671 3.354153
v -0.1312101 3.549071 3.419923
v -0.1022407 3.598676 3.399888
v -0.1250618 3.493927 3.445193
v -0.09106183 3.455892 3.40789
v -0.03629363 3.445808 3.380068
v 0.06519103 3.517874 3.448288
v 0.02447987 3.611209 3.46074
v 0.008448482 3.439717 3.421116
v -0.09106183 3.455892 3.40789
v 0.02856207 3.551825 3.507711
v -0.02893722 3.620636 3.487581
v -0.04194343 3.575895 3.526905
v -0.001239061 3.48243 3.514477
v -0.05175889 3.515886 3.532888
v 0.03775978 3.467393 3.467224
v -0.05100131 3.444872 3.471319
v -0.1250618 3.493927 3.445193
v -0.001239061 3.48243 3.514477
v -0.1007178 3.498752 3.501194
v -0.05175889 3.515886 3.532888
v 0.1450186 3.384802 3.320847
v 0.1208951 3.381382 3.264673
v 0.1081631 3.437977 3.24416
v 0.1308854 3.460139 3.313734
v 0.1917428 3.404227 3.354142
v 0.1308756 3.491595 3.228627
v 0.1948187 3.465737 3.353034
v 0.1579633 3.518912 3.276348
v 0.1688588 3.486634 3.183016
v 0.2017244 3.514441 3.318095
v 0.212785 3.526364 3.23036
v 0.2535712 3.514978 3.29326
v 0.2223396 3.4681 3.165106
v 0.2663772 3.490346 3.20085
v 0.2898886 3.491826 3.256868
v 0.2239915 3.407426 3.163509
v 0.2867271 3.417752 3.204858
v 0.1487194 3.413532 3.182841
v 0.1688588 3.486634 3.183016
v 0.1081631 3.437977 3.24416
v 0.1308756 3.491595 3.228627
v 0.1208951 3.381382 3.264673
v 0.1605351 3.351122 3.224253
v 0.2191253 3.356056 3.196443
v 0.3058207 3.436462 3.275732
v 0.2535712 3.514978 3.29326
v 0.2634344 3.353542 3.238391
v 0.1605351 3.351122 3.224253
v 0.2653862 3.452568 3.334671
v 0.2017244 3.514441 3.318095
v 0.1948187 3.465737 3.353034
v 0.2452466 3.379466 3.334496
v 0.1917428 3.404227 3.354142
v 0.2866741 3.379783 3.288204
v 0.2013211 3.339736 3.287152
v 0.1208951 3.381382 3.264673
v 0.2452466 3.379466 3.334496
v 0.1450186 3.384802 3.320847
v 0.1917428 3.404227 3.354142
v 0.4101083 3.329483 3.140759
v 0.3901953 3.330095 3.083381
v 0.3676218 3.383764 3.067855
v 0.3823293 3.399366 3.140174
v 0.4508246 3.354704 3.179633
v 0.3808024 3.44377 3.060234
v 0.4421717 3.413735 3.184805
v 0.3996862 3.468017 3.111901
v 0.4220377 3.455758 3.018509
v 0.4414312 3.468379 3.156486
v 0.4544859 3.496939 3.073289
v 0.4930359 3.485812 3.137628
v 0.4789336 3.448167 3.002735
v 0.5153525 3.473349 3.044174
v 0.534757 3.472741 3.101861
v 0.4926474 3.389165 2.994534
v 0.549258 3.405126 3.041713
v 0.4167369 3.380755 3.008715
v 0.4220377 3.455758 3.018509
v 0.3676218 3.383764 3.067855
v 0.3808024 3.44377 3.060234
v 0.3901953 3.330095 3.083381
v 0.4382166 3.317089 3.043854
v 0.4961163 3.33455 3.021225
v 0.5600557 3.419083 3.115752
v 0.4930359 3.485812 3.137628
v 0.537351 3.3349 3.066112
v 0.4382166 3.317089 3.043854
v 0.5145166 3.422146 3.172766
v 0.4414312 3.468379 3.156486
v 0.4421717 3.413735 3.184805
v 0.5092151 3.347143 3.162971
v 0.4508246 3.354704 3.179633
v 0.5519397 3.359124 3.12035
v 0.4767678 3.305962 3.108192
v 0.3901953 3.330095 3.083381
v 0.5092151 3.347143 3.162971
v 0.4101083 3.329483 3.140759
v 0.4508246 3.354704 3.179633
v 0.6908312 3.354167 2.981656
v 0.6751399 3.357879 2.923093
v 0.6436559 3.408101 2.911425
v 0.6499376 3.415974 2.985518
v 0.7229891 3.381361 3.026557
v 0.6453507 3.469788 2.91147
v 0.7025888 3.436854 3.037256
v 0.6554133 3.490787 2.967025
v 0.686572 3.493441 2.874892
v 0.6931998 3.49327 3.014935
v 0.7067488 3.532987 2.936362
v 0.7421744 3.52143 3.002399
v 0.7450533 3.497735 2.863391
v 0.7733353 3.523935 2.910195
v 0.7884228 3.520078 2.969059
v 0.7699103 3.443369 2.850497
v 0.8192333 3.463379 2.903861
v 0.6962965 3.420426 2.856898
v 0.686572 3.493441 2.874892
v 0.6436559 3.408101 2.911425
v 0.6453507 3.469788 2.91147
v 0.6751399 3.357879 2.923093
v 0.7269957 3.35797 2.887002
v 0.781577 3.38754 2.871701
v 0.8221859 3.470428 2.979602
v 0.7421744 3.52143 3.002399
v 0.8187599 3.389862 2.919903
v 0.7269957 3.35797 2.887002
v 0.7728732 3.458974 3.032503
v 0.6931998 3.49327 3.014935
v 0.7025888 3.436854 3.037256
v 0.7825981 3.385959 3.014509
v 0.7229891 3.381361 3.026557
v 0.824946 3.409883 2.977369
v 0.7624209 3.346413 2.953039
v 0.6751399 3.357879 2.923093
v 0.7825981 3.385959 3.014509
v 0.6908312 3.354167 2.981656
v 0.7229891 3.381361 3.026557
v 0.970293 3.442621 2.851754
v 0.9575182 3.44969 2.793002
v 0.919871 3.495574 2.783049
v 0.920222 3.496632 2.857529
v 0.9949794 3.469959 2.901315
v 0.912186 3.556796 2.788637
v 0.9657611 3.520373 2.915005
v 0.9153392 3.573326 2.8463
v 0.9520338 3.590882 2.757891
v 0.9496479 3.577065 2.89695
v 0.9636774 3.627548 2.823233
v 0.9967059 3.61518 2.890357
v 1.010102 3.605966 2.751802
v 1.033404 3.632719 2.801938
v 1.045927 3.625546 2.860794
v 1.040886 3.556209 2.737463
v 1.08521 3.579435 2.795442
v 0.9719534 3.521305 2.73527
v 0.9520338 3.590882 2.757891
v 0.919871 3.495574 2.783049
v 0.912186 3.556796 2.788637
v 0.9575182 3.44969 2.793002
v 1.008724 3.460893 2.762617
v 1.057768 3.499842 2.7552
v 1.084344 3.579985 2.870427
v 0.9967059 3.61518 2.890357
v 1.091826 3.503475 2.805954
v 1.008724 3.460893 2.762617
v 1.033476 3.554769 2.917704
v 0.9496479 3.577065 2.89695
v 0.9657611 3.520373 2.915005
v 1.053396 3.485192 2.895083
v 0.9949794 3.469959 2.901315
v 1.093594 3.519423 2.864192
v 1.041752 3.448525 2.829741
v 0.9575182 3.44969 2.793002
v 1.053396 3.485192 2.895083
v 0.970293 3.442621 2.851754
v 0.9949794 3.469959 2.901315
v 1.238083 3.576775 2.750866
v 1.226811 3.584523 2.691515
v 1.186524 3.629223 2.68262
v 1.184204 3.629105 2.758181
v 1.259896 3.602839 2.801587
v 1.175238 3.688844 2.689658
v 1.227076 3.651657 2.816731
v 1.175517 3.704105 2.748485
v 1.216569 3.722473 2.657914
v 1.208323 3.707159 2.79973
v 1.22685 3.758546 2.723812
v 1.25941 3.745972 2.791127
v 1.276372 3.737065 2.650669
v 1.301646 3.764361 2.699887
v 1.313864 3.757335 2.758971
v 1.305351 3.68629 2.636977
v 1.351532 3.709713 2.69398
v 1.238019 3.653561 2.634666
v 1.216569 3.722473 2.657914
v 1.186524 3.629223 2.68262
v 1.175238 3.688844 2.689658
v 1.226811 3.584523 2.691515
v 1.27563 3.593513 2.661668
v 1.321247 3.629774 2.655215
v 1.35169 3.711251 2.768746
v 1.25941 3.745972 2.791127
v 1.355395 3.633179 2.705835
v 1.27563 3.593513 2.661668
v 1.297021 3.685924 2.818129
v 1.208323 3.707159 2.79973
v 1.227076 3.651657 2.816731
v 1.318471 3.617012 2.794882
v 1.259896 3.602839 2.801587
v 1.358738 3.650043 2.763518
v 1.30819 3.580939 2.728983
v 1.226811 3.584523 2.691515
v 1.318471 3.617012 2.794882
v 1.238083 3.576775 2.750866
v 1.259896 3.602839 2.801587
v 1.495706 3.675261 2.640289
v 1.478313 3.678253 2.582472
v 1.449161 3.729372 2.569775
v 1.455316 3.738098 2.644233
v 1.528398 3.702075 2.684794
v 1.452526 3.790929 2.568863
v 1.509077 3.758214 2.69512
v 1.462532 3.812325 2.624607
v 1.496568 3.806279 2.527159
v 1.502611 3.81475 2.671186
v 1.524822 3.84718 2.584415
v 1.562247 3.835917 2.649393
v 1.556375 3.798226 2.509628
v 1.595314 3.823316 2.549612
v 1.613741 3.822742 2.607883
v 1.567985 3.739014 2.502571
v 1.626745 3.754709 2.548483
v 1.496337 3.731545 2.514339
v 1.496568 3.806279 2.527159
v 1.449161 3.729372 2.569775
v 1.452526 3.790929 2.568863
v 1.478313 3.678253 2.582472
v 1.520879 3.667992 2.547627
v 1.570857 3.684475 2.529556
v 1.638849 3.768918 2.621806
v 1.562247 3.835917 2.649393
v 1.61152 3.684616 2.574765
v 1.520879 3.667992 2.547627
v 1.586789 3.772364 2.682682
v 1.502611 3.81475 2.671186
v 1.509077 3.758214 2.69512
v 1.586556 3.69763 2.669862
v 1.528398 3.702075 2.684794
v 1.628223 3.708992 2.62781
v 1.558303 3.656729 2.612605
v 1.478313 3.678253 2.582472
v 1.586556 3.69763 2.669862
v 1.495706 3.675261 2.640289
v 1.528398 3.702075 2.684794
v 1.747936 3.67234 2.4876
v 1.724734 3.671328 2.431525
v 1.707414 3.726496 2.413494
v 1.725463 3.74429 2.484762
v 1.79148 3.695135 2.523851
v 1.725341 3.783919 2.402052
v 1.788141 3.755634 2.526486
v 1.747618 3.809791 2.452382
v 1.766417 3.783613 2.355541
v 1.792087 3.807727 2.494379
v 1.809263 3.823594 2.403657
v 1.850257 3.812125 2.466406
v 1.820304 3.760437 2.33542
v 1.866695 3.78109 2.369118
v 1.890624 3.783429 2.425266
v 1.819115 3.69947 2.335342
v 1.883424 3.707296 2.374722
v 1.748147 3.710037 2.354028
v 1.766417 3.783613 2.355541
v 1.707414 3.726496 2.413494
v 1.725341 3.783919 2.402052
v 1.724734 3.671328 2.431525
v 1.761505 3.647216 2.394334
v 1.813507 3.649264 2.369187
v 1.905257 3.727382 2.444584
v 1.850257 3.812125 2.466406
v 1.857677 3.645762 2.410809
v 1.761505 3.647216 2.394334
v 1.863614 3.749304 2.506713
v 1.792087 3.807727 2.494379
v 1.788141 3.755634 2.526486
v 1.845345 3.675728 2.505199
v 1.79148 3.695135 2.523851
v 1.883828 3.672256 2.459034
v 1.802498 3.635746 2.457083
v 1.724734 3.671328 2.431525
v 1.845345 3.675728 2.505199
v 1.747936 3.67234 2.4876
v 1.79148 3.695135 2.523851
v 1.986068 3.600617 2.31602
v 1.960017 3.597901 2.26107
v 1.949393 3.653678 2.239169
v 1.974113 3.675065 2.307659
v 2.034163 3.619606 2.348116
v 1.974205 3.706571 2.221885
v 2.039566 3.680229 2.345458
v 2.00289 3.73329 2.268606
v 2.012496 3.698222 2.174251
v 2.048352 3.728277 2.308932
v 2.061869 3.73606 2.217612
v 2.103903 3.724262 2.279608
v 2.062485 3.668332 2.154747
v 2.111572 3.686203 2.185951
v 2.137758 3.689561 2.240941
v 2.055119 3.607846 2.158752
v 2.120854 3.611427 2.196043
v 1.985529 3.627519 2.17908
v 2.012496 3.698222 2.174251
v 1.949393 3.653678 2.239169
v 1.974205 3.706571 2.221885
v 1.960017 3.597901 2.26107
v 1.993042 3.566638 2.223652
v 2.04544 3.560882 2.196097
v 2.14696 3.633693 2.263778
v 2.103903 3.724262 2.279608
v 2.090507 3.555336 2.236579
v 1.993042 3.566638 2.223652
v 2.111416 3.663382 2.324178
v 2.048352 3.728277 2.308932
v 2.039566 3.680229 2.345458
v 2.08445 3.592679 2.329008
v 2.034163 3.619606 2.348116
v 2.120711 3.582111 2.282291
v 2.035077 3.554841 2.285647
v 1.960017 3.597901 2.26107
v 2.08445 3.592679 2.329008
v 1.986068 3.600617 2.31602
v 2.034163 3.619606 2.348116
v 2.215009 3.494948 2.14128
v 2.188725 3.491307 2.086437
v 2.180958 3.546818 2.062435
v 2.207382 3.56962 2.129781
v 2.26421 3.512443 2.172467
v 2.208501 3.59746 2.043005
v 2.273051 3.572553 2.167267
v 2.239 3.624422 2.088421
v 2.245492 3.584962 1.996033
v 2.283985 3.618597 2.129036
v 2.295999 3.622281 2.038527
v 2.33721 3.610883 2.101147
v 2.294706 3.553929 1.977971
v 2.343721 3.571573 2.009586
v 2.369433 3.575445 2.064567
v 2.285881 3.493867 1.983452
v 2.351133 3.497123 2.021856
v 2.215868 3.5155 2.002886
v 2.245492 3.584962 1.996033
v 2.180958 3.546818 2.062435
v 2.208501 3.59746 2.043005
v 2.188725 3.491307 2.086437
v 2.220842 3.455816 2.049389
v 2.274312 3.448085 2.021868
v 2.376751 3.520213 2.089195
v 2.33721 3.610883 2.101147
v 2.318911 3.442507 2.063062
v 2.220842 3.455816 2.049389
v 2.342184 3.551199 2.14765
v 2.283985 3.618597 2.129036
v 2.273051 3.572553 2.167267
v 2.31256 3.481737 2.154503
v 2.26421 3.512443 2.172467
v 2.349038 3.469601 2.108465
v 2.262052 3.444418 2.112009
v 2.188725 3.491307 2.086437
v 2.31256 3.481737 2.154503
v 2.215009 3.494948 2.14128
v 2.26421 3.512443 2.172467
v 2.447028 3.37996 1.971298
v 2.423491 3.375519 1.915313
v 2.415209 3.430737 1.890826
v 2.438282 3.454059 1.958846
v 2.494446 3.398832 2.004576
v 2.4424 3.482063 1.872455
v 2.502184 3.458945 1.999329
v 2.470365 3.509722 1.918856
v 2.481509 3.470934 1.82774
v 2.513355 3.505376 1.961718
v 2.527776 3.510226 1.873183
v 2.56584 3.500305 1.938007
v 2.532415 3.442395 1.812583
v 2.577926 3.463023 1.847927
v 2.599707 3.467257 1.904232
v 2.52737 3.382101 1.816906
v 2.589752 3.389621 1.860109
v 2.454731 3.400164 1.832632
v 2.481509 3.470934 1.82774
v 2.415209 3.430737 1.890826
v 2.4424 3.482063 1.872455
v 2.423491 3.375519 1.915313
v 2.459765 3.340472 1.879119
v 2.515869 3.334855 1.853904
v 2.60884 3.412633 1.928993
v 2.56584 3.500305 1.938007
v 2.558283 3.331711 1.897972
v 2.459765 3.340472 1.879119
v 2.570873 3.440613 1.984493
v 2.513355 3.505376 1.961718
v 2.502184 3.458945 1.999329
v 2.544096 3.369843 1.989387
v 2.494446 3.398832 2.004576
v 2.583161 3.359717 1.945552
v 2.497829 3.330551 1.943943
v 2.423491 3.375519 1.915313
v 2.544096 3.369843 1.989387
v 2.447028 3.37996 1.971298
v 2.494446 3.398832 2.004576
v 2.702207 3.284218 1.814458
v 2.683637 3.279861 1.75671
v 2.670913 3.334713 1.733603
v 2.685676 3.357126 1.804062
v 2.745256 3.306683 1.851734
v 2.693677 3.389589 1.719228
v 2.74621 3.367361 1.849352
v 2.714915 3.417856 1.768497
v 2.737125 3.385617 1.677721
v 2.755296 3.41641 1.814252
v 2.776189 3.427418 1.727482
v 2.811441 3.418536 1.794024
v 2.792112 3.363403 1.665117
v 2.833643 3.386267 1.703251
v 2.852407 3.390571 1.760889
v 2.793239 3.30218 1.666325
v 2.853083 3.313809 1.711624
v 2.718057 3.31223 1.678027
v 2.737125 3.385617 1.677721
v 2.670913 3.334713 1.733603
v 2.693677 3.389589 1.719228
v 2.683637 3.279861 1.75671
v 2.727022 3.251259 1.722206
v 2.785589 3.252753 1.700612
v 2.866569 3.335344 1.783184
v 2.811441 3.418536 1.794024
v 2.826164 3.251257 1.746258
v 2.727022 3.251259 1.722206
v 2.820407 3.357566 1.838202
v 2.755296 3.41641 1.814252
v 2.74621 3.367361 1.849352
v 2.80134 3.284178 1.83851
v 2.745256 3.306683 1.851734
v 2.845884 3.279921 1.796385
v 2.762275 3.242377 1.788748
v 2.683637 3.279861 1.75671
v 2.80134 3.284178 1.83851
v 2.702207 3.284218 1.814458
v 2.745256 3.306683 1.851734
v 2.97863 3.220793 1.659207
v 2.959558 3.2173 1.601506
v 2.941325 3.272577 1.581791
v 2.955031 3.293682 1.653347
v 3.020262 3.244398 1.697039
v 2.958515 3.329437 1.57036
v 3.015276 3.305622 1.698291
v 2.977971 3.357407 1.620875
v 3.000112 3.333251 1.526953
v 3.019219 3.356535 1.665894
v 3.036474 3.375609 1.578268
v 3.074881 3.366183 1.642964
v 3.056097 3.318532 1.510691
v 3.096896 3.343209 1.548578
v 3.118072 3.345481 1.605448
v 3.064307 3.257905 1.507013
v 3.12554 3.271799 1.550384
v 2.988722 3.2584 1.52281
v 3.000112 3.333251 1.526953
v 2.941325 3.272577 1.581791
v 2.958515 3.329437 1.57036
v 2.959558 3.2173 1.601506
v 3.005536 3.195972 1.562428
v 3.063996 3.205585 1.537647
v 3.140035 3.290746 1.622424
v 3.074881 3.366183 1.642964
v 3.107446 3.205441 1.580858
v 3.005536 3.195972 1.562428
v 3.091695 3.303756 1.682581
v 3.019219 3.356535 1.665894
v 3.015276 3.305622 1.698291
v 3.080304 3.228905 1.678438
v 3.020262 3.244398 1.697039
v 3.125972 3.232534 1.632403
v 3.043942 3.186547 1.627125
v 2.959558 3.2173 1.601506
v 3.080304 3.228905 1.678438
v 2.97863 3.220793 1.659207
v 3.020262 3.244398 1.697039
v 3.26457 3.203749 1.475444
v 3.240543 3.203901 1.418985
v 3.210382 3.256095 1.409185
v 3.227279 3.272176 1.481282
v 3.306755 3.230936 1.510807
v 3.215869 3.316597 1.403596
v 3.290544 3.288994 1.521546
v 3.236356 3.341339 1.455287
v 3.248002 3.334468 1.357633
v 3.28208 3.343631 1.495418
v 3.282391 3.37681 1.410303
v 3.331903 3.36797 1.467046
v 3.302371 3.334007 1.333282
v 3.341536 3.364366 1.368335
v 3.373686 3.362213 1.420829
v 3.323864 3.281093 1.315231
v 3.387727 3.308929 1.347113
v 3.252223 3.260309 1.342398
v 3.248002 3.334468 1.357633
v 3.210382 3.256095 1.409185
v 3.215869 3.316597 1.403596
v 3.240543 3.203901 1.418985
v 3.288093 3.198788 1.368435
v 3.343081 3.224989 1.335243
v 3.411916 3.315902 1.420913
v 3.331903 3.36797 1.467046
v 3.394245 3.232629 1.367809
v 3.288093 3.198788 1.368435
v 3.367774 3.306449 1.493084
v 3.28208 3.343631 1.495418
v 3.290544 3.288994 1.521546
v 3.371995 3.23229 1.477849
v 3.306755 3.230936 1.510807
v 3.414396 3.253196 1.42279
v 3.337605 3.189949 1.425179
v 3.240543 3.203901 1.418985
v 3.371995 3.23229 1.477849
v 3.26457 3.203749 1.475444
v 3.306755 3.230936 1.510807
v 3.519166 3.337195 1.204958
v 3.476356 3.336885 1.161249
v 3.424762 3.364445 1.184661
v 3.462229 3.369452 1.251509
v 3.55989 3.376185 1.232126
v 3.402978 3.416772 1.203435
v 3.525898 3.410941 1.272654
v 3.431495 3.438192 1.252357
v 3.39382 3.458071 1.165362
v 3.486512 3.456072 1.274312
v 3.427967 3.500736 1.217928
v 3.497856 3.51311 1.244613
v 3.417019 3.496578 1.129799
v 3.449043 3.538113 1.160042
v 3.502728 3.548074 1.189365
v 3.44466 3.476542 1.080945
v 3.491846 3.533162 1.099433
v 3.421573 3.407541 1.116109
v 3.39382 3.458071 1.165362
v 3.424762 3.364445 1.184661
v 3.402978 3.416772 1.203435
v 3.476356 3.336885 1.161249
v 3.488569 3.377772 1.096749
v 3.495626 3.445734 1.060649
v 3.549061 3.54065 1.152524
v 3.497856 3.51311 1.244613
v 3.544678 3.479079 1.073426
v 3.488569 3.377772 1.096749
v 3.564852 3.483341 1.225253
v 3.486512 3.456072 1.274312
v 3.525898 3.410941 1.272654
v 3.592604 3.432811 1.175998
v 3.55989 3.376185 1.232126
v 3.581336 3.49723 1.120214
v 3.558457 3.390146 1.123433
v 3.476356 3.336885 1.161249
v 3.592604 3.432811 1.175998
v 3.519166 3.337195 1.204958
v 3.55989 3.376185 1.232126
v 1.193657 2.905363 0.1864536
v 1.193658 4.352959 0.1864538
v 1.70662 4.352959 -0.1051461
v 1.706619 2.905364 -0.1051462
v -0.3474523 0.9815698 1.062517
v -0.3474523 2.694937 1.062518
v 1.124993 2.694937 0.2254873
v 1.124993 0.9815695 0.2254872
v 1.278335 1.519763 0.1383179
v 1.278335 2.56828 0.1383179
v 2.179417 2.56828 -0.3739133
v 2.179417 1.519763 -0.3739134
v -1.282054 1.519763 1.593804
v -1.282054 2.56828 1.593804
v -0.6494608 2.56828 1.234198
v -0.649461 1.519763 1.234198
v -0.4574401 2.905363 1.125041
v -0.45744 4.352958 1.125041
v 0.05552185 4.352958 0.8334417
v 0.05552185 2.905363 0.8334416
vt 0.9536133 0.949707
vt 0.9555664 0.949707
vt 0.9555664 0.9516602
vt 0.9536133 0.9516602
vt 0.9516602 0.949707
vt 0.9555664 0.9536133
vt 0.9516602 0.9516602
vt 0.9536133 0.9536133
vt 0.9555664 0.9555664
vt 0.9516602 0.9536133
vt 0.9536133 0.9555664
vt 0.9516602 0.9555664
vt 0.9555664 0.9580078
vt 0.9536133 0.9580078
vt 0.9516602 0.9580078
vt 0.9555664 0.9599609
vt 0.9536133 0.9599609
vt 0.9575195 0.9599609
vt 0.9575195 0.9580078
vt 0.9594727 0.9599609
vt 0.9594727 0.9580078
vt 0.9594727 0.9619141
vt 0.9575195 0.9619141
vt 0.9555664 0.9619141
vt 0.9516602 0.9599609
vt 0.949707 0.9580078
vt 0.9536133 0.9619141
vt 0.9555664 0.9638672
vt 0.949707 0.9599609
vt 0.9477539 0.9580078
vt 0.9477539 0.9599609
vt 0.949707 0.9619141
vt 0.9477539 0.9619141
vt 0.9516602 0.9619141
vt 0.9536133 0.9638672
vt 0.9555664 0.9658203
vt 0.9516602 0.9638672
vt 0.9536133 0.9658203
vt 0.9516602 0.9658203
vt 0.9536133 0.949707
vt 0.9555664 0.949707
vt 0.9555664 0.9516602
vt 0.9536133 0.9516602
vt 0.9516602 0.949707
vt 0.9555664 0.9536133
vt 0.9516602 0.9516602
vt 0.9536133 0.9536133
vt 0.9555664 0.9555664
vt 0.9516602 0.9536133
vt 0.9536133 0.9555664
vt 0.9516602 0.9555664
vt 0.9555664 0.9580078
vt 0.9536133 0.9580078
vt 0.9516602 0.9580078
vt 0.9555664 0.9599609
vt 0.9536133 0.9599609
vt 0.9575195 0.9599609
vt 0.9575195 0.9580078
vt 0.9594727 0.9599609
vt 0.9594727 0.9580078
vt 0.9594727 0.9619141
vt 0.9575195 0.9619141
vt 0.9555664 0.9619141
vt 0.9516602 0.9599609
vt 0.949707 0.9580078
vt 0.9536133 0.9619141
vt 0.9555664 0.9638672
vt 0.949707 0.9599609
vt 0.9477539 0.9580078
vt 0.9477539 0.9599609
vt 0.949707 0.9619141
vt 0.9477539 0.9619141
vt 0.9516602 0.9619141
vt 0.9536133 0.9638672
vt 0.9555664 0.9658203
vt 0.9516602 0.9638672
vt 0.9536133 0.9658203
vt 0.9516602 0.9658203
vt 0.9536133 0.949707
vt 0.9555664 0.949707
vt 0.9555664 0.9516602
vt 0.9536133 0.9516602
vt 0.9516602 0.949707
vt 0.9555664 0.9536133
vt 0.9516602 0.9516602
vt 0.9536133 0.9536133
vt 0.9555664 0.9555664
vt 0.9516602 0.9536133
vt 0.9536133 0.9555664
vt 0.9516602 0.9555664
vt 0.9555664 0.9580078
vt 0.9536133 0.9580078
vt 0.9516602 0.9580078
vt 0.9555664 0.9599609
vt 0.9536133 0.9599609
vt 0.9575195 0.9599609
vt 0.9575195 0.9580078
vt 0.9594727 0.9599609
vt 0.9594727 0.9580078
vt 0.9594727 0.9619141
vt 0.9575195 0.9619141
vt 0.9555664 0.9619141
vt 0.9516602 0.9599609
vt 0.949707 0.9580078
vt 0.9536133 0.9619141
vt 0.9555664 0.9638672
vt 0.949707 0.9599609
vt 0.9477539 0.9580078
vt 0.9477539 0.9599609
vt 0.949707 0.9619141
vt 0.9477539 0.9619141
vt 0.9516602 0.9619141
vt 0.9536133 0.9638672
vt 0.9555664 0.9658203
vt 0.9516602 0.9638672
vt 0.9536133 0.9658203
vt 0.9516602 0.9658203
vt 0.9536133 0.949707
vt 0.9555664 0.949707
vt 0.9555664 0.9516602
vt 0.9536133 0.9516602
vt 0.9516602 0.949707
vt 0.9555664 0.9536133
vt 0.9516602 0.9516602
vt 0.9536133 0.9536133
vt 0.9555664 0.9555664
vt 0.9516602 0.9536133
vt 0.9536133 0.9555664
vt 0.9516602 0.9555664
vt 0.9555664 0.9580078
vt 0.9536133 0.9580078
vt 0.9516602 0.9580078
vt 0.9555664 0.9599609
vt 0.9536133 0.9599609
vt 0.9575195 0.9599609
vt 0.9575195 0.9580078
vt 0.9594727 0.9599609
vt 0.9594727 0.9580078
vt 0.9594727 0.9619141
vt 0.9575195 0.9619141
vt 0.9555664 0.9619141
vt 0.9516602 0.9599609
vt 0.949707 0.9580078
vt 0.9536133 0.9619141
vt 0.9555664 0.9638672
vt 0.949707 0.9599609
vt 0.9477539 0.9580078
vt 0.9477539 0.9599609
vt 0.949707 0.9619141
vt 0.9477539 0.9619141
vt 0.9516602 0.9619141
vt 0.9536133 0.9638672
vt 0.9555664 0.9658203
vt 0.9516602 0.9638672
vt 0.9536133 0.9658203
vt 0.9516602 0.9658203
vt 0.9536133 0.949707
vt 0.9555664 0.949707
vt 0.9555664 0.9516602
vt 0.9536133 0.9516602
vt 0.9516602 0.949707
vt 0.9555664 0.9536133
vt 0.9516602 0.9516602
vt 0.9536133 0.9536133
vt 0.9555664 0.9555664
vt 0.9516602 0.9536133
vt 0.9536133 0.9555664
vt 0.9516602 0.9555664
vt 0.9555664 0.9580078
vt 0.9536133 0.9580078
vt 0.9516602 0.9580078
vt 0.9555664 0.9599609
vt 0.9536133 0.9599609
vt 0.9575195 0.9599609
vt 0.9575195 0.9580078
vt 0.9594727 0.9599609
vt 0.9594727 0.9580078
vt 0.9594727 0.9619141
vt 0.9575195 0.9619141
vt 0.9555664 0.9619141
vt 0.9516602 0.9599609
vt 0.949707 0.9580078
vt 0.9536133 0.9619141
vt 0.9555664 0.9638672
vt 0.949707 0.9599609
vt 0.9477539 0.9580078
vt 0.9477539 0.9599609
vt 0.949707 0.9619141
vt 0.9477539 0.9619141
vt 0.9516602 0.9619141
vt 0.9536133 0.9638672
vt 0.9555664 0.9658203
vt 0.9516602 0.9638672
vt 0.9536133 0.9658203
vt 0.9516602 0.9658203
vt 0.9536133 0.949707
vt 0.9555664 0.949707
vt 0.9555664 0.9516602
vt 0.9536133 0.9516602
vt 0.9516602 0.949707
vt 0.9555664 0.9536133
vt 0.9516602 0.9516602
vt 0.9536133 0.9536133
vt 0.9555664 0.9555664
vt 0.9516602 0.9536133
vt 0.9536133 0.9555664
vt 0.9516602 0.9555664
vt 0.9555664 0.9580078
vt 0.9536133 0.9580078
vt 0.9516602 0.9580078
vt 0.9555664 0.9599609
vt 0.9536133 0.9599609
vt 0.9575195 0.9599609
vt 0.9575195 0.9580078
vt 0.9594727 0.9599609
vt 0.9594727 0.9580078
vt 0.9594727 0.9619141
vt 0.9575195 0.9619141
vt 0.9555664 0.9619141
vt 0.9516602 0.9599609
vt 0.949707 0.9580078
vt 0.9536133 0.9619141
vt 0.9555664 0.9638672
vt 0.949707 0.9599609
vt 0.9477539 0.9580078
vt 0.9477539 0.9599609
vt 0.949707 0.9619141
vt 0.9477539 0.9619141
vt 0.9516602 0.9619141
vt 0.9536133 0.9638672
vt 0.9555664 0.9658203
vt 0.9516602 0.9638672
vt 0.9536133 0.9658203
vt 0.9516602 0.9658203
vt 0.9536133 0.949707
vt 0.9555664 0.949707
vt 0.9555664 0.9516602
vt 0.9536133 0.9516602
vt 0.9516602 0.949707
vt 0.9555664 0.9536133
vt 0.9516602 0.9516602
vt 0.9536133 0.9536133
vt 0.9555664 0.9555664
vt 0.9516602 0.9536133
vt 0.9536133 0.9555664
vt 0.9516602 0.9555664
vt 0.9555664 0.9580078
vt 0.9536133 0.9580078
vt 0.9516602 0.9580078
vt 0.9555664 0.9599609
vt 0.9536133 0.9599609
vt 0.9575195 0.9599609
vt 0.9575195 0.9580078
vt 0.9594727 0.9599609
vt 0.9594727 0.9580078
vt 0.9594727 0.9619141
vt 0.9575195 0.9619141
vt 0.9555664 0.9619141
vt 0.9516602 0.9599609
vt 0.949707 0.9580078
vt 0.9536133 0.9619141
vt 0.9555664 0.9638672
vt 0.949707 0.9599609
vt 0.9477539 0.9580078
vt 0.9477539 0.9599609
vt 0.949707 0.9619141
vt 0.9477539 0.9619141
vt 0.9516602 0.9619141
vt 0.9536133 0.9638672
vt 0.9555664 0.9658203
vt 0.9516602 0.9638672
vt 0.9536133 0.9658203
vt 0.9516602 0.9658203
vt 0.9536133 0.949707
vt 0.9555664 0.949707
vt 0.9555664 0.9516602
vt 0.9536133 0.9516602
vt 0.9516602 0.949707
vt 0.9555664 0.9536133
vt 0.9516602 0.9516602
vt 0.9536133 0.9536133
vt 0.9555664 0.9555664
vt 0.9516602 0.9536133
vt 0.9536133 0.9555664
vt 0.9516602 0.9555664
vt 0.9555664 0.9580078
vt 0.9536133 0.9580078
vt 0.9516602 0.9580078
vt 0.9555664 0.9599609
vt 0.9536133 0.9599609
vt 0.9575195 0.9599609
vt 0.9575195 0.9580078
vt 0.9594727 0.9599609
vt 0.9594727 0.9580078
vt 0.9594727 0.9619141
vt 0.9575195 0.9619141
vt 0.9555664 0.9619141
vt 0.9516602 0.9599609
vt 0.949707 0.9580078
vt 0.9536133 0.9619141
vt 0.9555664 0.9638672
vt 0.949707 0.9599609
vt 0.9477539 0.9580078
vt 0.9477539 0.9599609
vt 0.949707 0.9619141
vt 0.9477539 0.9619141
vt 0.9516602 0.9619141
vt 0.9536133 0.9638672
vt 0.9555664 0.9658203
vt 0.9516602 0.9638672
vt 0.9536133 0.9658203
vt 0.9516602 0.9658203
vt 0.9536133 0.949707
vt 0.9555664 0.949707
vt 0.9555664 0.9516602
vt 0.9536133 0.9516602
vt 0.9516602 0.949707
vt 0.9555664 0.9536133
vt 0.9516602 0.9516602
vt 0.9536133 0.9536133
vt 0.9555664 0.9555664
vt 0.9516602 0.9536133
vt 0.9536133 0.9555664
vt 0.9516602 0.9555664
vt 0.9555664 0.9580078
vt 0.9536133 0.9580078
vt 0.9516602 0.9580078
vt 0.9555664 0.9599609
vt 0.9536133 0.9599609
vt 0.9575195 0.9599609
vt 0.9575195 0.9580078
vt 0.9594727 0.9599609
vt 0.9594727 0.9580078
vt 0.9594727 0.9619141
vt 0.9575195 0.9619141
vt 0.9555664 0.9619141
vt 0.9516602 0.9599609
vt 0.949707 0.9580078
vt 0.9536133 0.9619141
vt 0.9555664 0.9638672
vt 0.949707 0.9599609
vt 0.9477539 0.9580078
vt 0.9477539 0.9599609
vt 0.949707 0.9619141
vt 0.9477539 0.9619141
vt 0.9516602 0.9619141
vt 0.9536133 0.9638672
vt 0.9555664 0.9658203
vt 0.9516602 0.9638672
vt 0.9536133 0.9658203
vt 0.9516602 0.9658203
vt 0.9536133 0.949707
vt 0.9555664 0.949707
vt 0.9555664 0.9516602
vt 0.9536133 0.9516602
vt 0.9516602 0.949707
vt 0.9555664 0.9536133
vt 0.9516602 0.9516602
vt 0.9536133 0.9536133
vt 0.9555664 0.9555664
vt 0.9516602 0.9536133
vt 0.9536133 0.9555664
vt 0.9516602 0.9555664
vt 0.9555664 0.9580078
vt 0.9536133 0.9580078
vt 0.9516602 0.9580078
vt 0.9555664 0.9599609
vt 0.9536133 0.9599609
vt 0.9575195 0.9599609
vt 0.9575195 0.9580078
vt 0.9594727 0.9599609
vt 0.9594727 0.9580078
vt 0.9594727 0.9619141
vt 0.9575195 0.9619141
vt 0.9555664 0.9619141
vt 0.9516602 0.9599609
vt 0.949707 0.9580078
vt 0.9536133 0.9619141
vt 0.9555664 0.9638672
vt 0.949707 0.9599609
vt 0.9477539 0.9580078
vt 0.9477539 0.9599609
vt 0.949707 0.9619141
vt 0.9477539 0.9619141
vt 0.9516602 0.9619141
vt 0.9536133 0.9638672
vt 0.9555664 0.9658203
vt 0.9516602 0.9638672
vt 0.9536133 0.9658203
vt 0.9516602 0.9658203
vt 0.9536133 0.949707
vt 0.9555664 0.949707
vt 0.9555664 0.9516602
vt 0.9536133 0.9516602
vt 0.9516602 0.949707
vt 0.9555664 0.9536133
vt 0.9516602 0.9516602
vt 0.9536133 0.9536133
vt 0.9555664 0.9555664
vt 0.9516602 0.9536133
vt 0.9536133 0.9555664
vt 0.9516602 0.9555664
vt 0.9555664 0.9580078
vt 0.9536133 0.9580078
vt 0.9516602 0.9580078
vt 0.9555664 0.9599609
vt 0.9536133 0.9599609
vt 0.9575195 0.9599609
vt 0.9575195 0.9580078
vt 0.9594727 0.9599609
vt 0.9594727 0.9580078
vt 0.9594727 0.9619141
vt 0.9575195 0.9619141
vt 0.9555664 0.9619141
vt 0.9516602 0.9599609
vt 0.949707 0.9580078
vt 0.9536133 0.9619141
vt 0.9555664 0.9638672
vt 0.949707 0.9599609
vt 0.9477539 0.9580078
vt 0.9477539 0.9599609
vt 0.949707 0.9619141
vt 0.9477539 0.9619141
vt 0.9516602 0.9619141
vt 0.9536133 0.9638672
vt 0.9555664 0.9658203
vt 0.9516602 0.9638672
vt 0.9536133 0.9658203
vt 0.9516602 0.9658203
vt 0.9536133 0.949707
vt 0.9555664 0.949707
vt 0.9555664 0.9516602
vt 0.9536133 0.9516602
vt 0.9516602 0.949707
vt 0.9555664 0.9536133
vt 0.9516602 0.9516602
vt 0.9536133 0.9536133
vt 0.9555664 0.9555664
vt 0.9516602 0.9536133
vt 0.9536133 0.9555664
vt 0.9516602 0.9555664
vt 0.9555664 0.9580078
vt 0.9536133 0.9580078
vt 0.9516602 0.9580078
vt 0.9555664 0.9599609
vt 0.9536133 0.9599609
vt 0.9575195 0.9599609
vt 0.9575195 0.9580078
vt 0.9594727 0.9599609
vt 0.9594727 0.9580078
vt 0.9594727 0.9619141
vt 0.9575195 0.9619141
vt 0.9555664 0.9619141
vt 0.9516602 0.9599609
vt 0.949707 0.9580078
vt 0.9536133 0.9619141
vt 0.9555664 0.9638672
vt 0.949707 0.9599609
vt 0.9477539 0.9580078
vt 0.9477539 0.9599609
vt 0.949707 0.9619141
vt 0.9477539 0.9619141
vt 0.9516602 0.9619141
vt 0.9536133 0.9638672
vt 0.9555664 0.9658203
vt 0.9516602 0.9638672
vt 0.9536133 0.9658203
vt 0.9516602 0.9658203
vt 0.9536133 0.949707
vt 0.9555664 0.949707
vt 0.9555664 0.9516602
vt 0.9536133 0.9516602
vt 0.9516602 0.949707
vt 0.9555664 0.9536133
vt 0.9516602 0.9516602
vt 0.9536133 0.9536133
vt 0.9555664 0.9555664
vt 0.9516602 0.9536133
vt 0.9536133 0.9555664
vt 0.9516602 0.9555664
vt 0.9555664 0.9580078
vt 0.9536133 0.9580078
vt 0.9516602 0.9580078
vt 0.9555664 0.9599609
vt 0.9536133 0.9599609
vt 0.9575195 0.9599609
vt 0.9575195 0.9580078
vt 0.9594727 0.9599609
vt 0.9594727 0.9580078
vt 0.9594727 0.9619141
vt 0.9575195 0.9619141
vt 0.9555664 0.9619141
vt 0.9516602 0.9599609
vt 0.949707 0.9580078
vt 0.9536133 0.9619141
vt 0.9555664 0.9638672
vt 0.949707 0.9599609
vt 0.9477539 0.9580078
vt 0.9477539 0.9599609
vt 0.949707 0.9619141
vt 0.9477539 0.9619141
vt 0.9516602 0.9619141
vt 0.9536133 0.9638672
vt 0.9555664 0.9658203
vt 0.9516602 0.9638672
vt 0.9536133 0.9658203
vt 0.9516602 0.9658203
vt 0.9536133 0.949707
vt 0.9555664 0.949707
vt 0.9555664 0.9516602
vt 0.9536133 0.9516602
vt 0.9516602 0.949707
vt 0.9555664 0.9536133
vt 0.9516602 0.9516602
vt 0.9536133 0.9536133
vt 0.9555664 0.9555664
vt 0.9516602 0.9536133
vt 0.9536133 0.9555664
vt 0.9516602 0.9555664
vt 0.9555664 0.9580078
vt 0.9536133 0.9580078
vt 0.9516602 0.9580078
vt 0.9555664 0.9599609
vt 0.9536133 0.9599609
vt 0.9575195 0.9599609
vt 0.9575195 0.9580078
vt 0.9594727 0.9599609
vt 0.9594727 0.9580078
vt 0.9594727 0.9619141
vt 0.9575195 0.9619141
vt 0.9555664 0.9619141
vt 0.9516602 0.9599609
vt 0.949707 0.9580078
vt 0.9536133 0.9619141
vt 0.9555664 0.9638672
vt 0.949707 0.9599609
vt 0.9477539 0.9580078
vt 0.9477539 0.9599609
vt 0.949707 0.9619141
vt 0.9477539 0.9619141
vt 0.9516602 0.9619141
vt 0.9536133 0.9638672
vt 0.9555664 0.9658203
vt 0.9516602 0.9638672
vt 0.9536133 0.9658203
vt 0.9516602 0.9658203
vt 0.9536133 0.949707
vt 0.9555664 0.949707
vt 0.9555664 0.9516602
vt 0.9536133 0.9516602
vt 0.9516602 0.949707
vt 0.9555664 0.9536133
vt 0.9516602 0.9516602
vt 0.9536133 0.9536133
vt 0.9555664 0.9555664
vt 0.9516602 0.9536133
vt 0.9536133 0.9555664
vt 0.9516602 0.9555664
vt 0.9555664 0.9580078
vt 0.9536133 0.9580078
vt 0.9516602 0.9580078
vt 0.9555664 0.9599609
vt 0.9536133 0.9599609
vt 0.9575195 0.9599609
vt 0.9575195 0.9580078
vt 0.9594727 0.9599609
vt 0.9594727 0.9580078
vt 0.9594727 0.9619141
vt 0.9575195 0.9619141
vt 0.9555664 0.9619141
vt 0.9516602 0.9599609
vt 0.949707 0.9580078
vt 0.9536133 0.9619141
vt 0.9555664 0.9638672
vt 0.949707 0.9599609
vt 0.9477539 0.9580078
vt 0.9477539 0.9599609
vt 0.949707 0.9619141
vt 0.9477539 0.9619141
vt 0.9516602 0.9619141
vt 0.9536133 0.9638672
vt 0.9555664 0.9658203
vt 0.9516602 0.9638672
vt 0.9536133 0.9658203
vt 0.9516602 0.9658203
vt 0.9536133 0.949707
vt 0.9555664 0.949707
vt 0.9555664 0.9516602
vt 0.9536133 0.9516602
vt 0.9516602 0.949707
vt 0.9555664 0.9536133
vt 0.9516602 0.9516602
vt 0.9536133 0.9536133
vt 0.9555664 0.9555664
vt 0.9516602 0.9536133
vt 0.9536133 0.9555664
vt 0.9516602 0.9555664
vt 0.9555664 0.9580078
vt 0.9536133 0.9580078
vt 0.9516602 0.9580078
vt 0.9555664 0.9599609
vt 0.9536133 0.9599609
vt 0.9575195 0.9599609
vt 0.9575195 0.9580078
vt 0.9594727 0.9599609
vt 0.9594727 0.9580078
vt 0.9594727 0.9619141
vt 0.9575195 0.9619141
vt 0.9555664 0.9619141
vt 0.9516602 0.9599609
vt 0.949707 0.9580078
vt 0.9536133 0.9619141
vt 0.9555664 0.9638672
vt 0.949707 0.9599609
vt 0.9477539 0.9580078
vt 0.9477539 0.9599609
vt 0.949707 0.9619141
vt 0.9477539 0.9619141
vt 0.9516602 0.9619141
vt 0.9536133 0.9638672
vt 0.9555664 0.9658203
vt 0.9516602 0.9638672
vt 0.9536133 0.9658203
vt 0.9516602 0.9658203
vt 0.9536133 0.949707
vt 0.9555664 0.949707
vt 0.9555664 0.9516602
vt 0.9536133 0.9516602
vt 0.9516602 0.949707
vt 0.9555664 0.9536133
vt 0.9516602 0.9516602
vt 0.9536133 0.9536133
vt 0.9555664 0.9555664
vt 0.9516602 0.9536133
vt 0.9536133 0.9555664
vt 0.9516602 0.9555664
vt 0.9555664 0.9580078
vt 0.9536133 0.9580078
vt 0.9516602 0.9580078
vt 0.9555664 0.9599609
vt 0.9536133 0.9599609
vt 0.9575195 0.9599609
vt 0.9575195 0.9580078
vt 0.9594727 0.9599609
vt 0.9594727 0.9580078
vt 0.9594727 0.9619141
vt 0.9575195 0.9619141
vt 0.9555664 0.9619141
vt 0.9516602 0.9599609
vt 0.949707 0.9580078
vt 0.9536133 0.9619141
vt 0.9555664 0.9638672
vt 0.949707 0.9599609
vt 0.9477539 0.9580078
vt 0.9477539 0.9599609
vt 0.949707 0.9619141
vt 0.9477539 0.9619141
vt 0.9516602 0.9619141
vt 0.9536133 0.9638672
vt 0.9555664 0.9658203
vt 0.9516602 0.9638672
vt 0.9536133 0.9658203
vt 0.9516602 0.9658203
vt 0.9536133 0.949707
vt 0.9555664 0.949707
vt 0.9555664 0.9516602
vt 0.9536133 0.9516602
vt 0.9516602 0.949707
vt 0.9555664 0.9536133
vt 0.9516602 0.9516602
vt 0.9536133 0.9536133
vt 0.9555664 0.9555664
vt 0.9516602 0.9536133
vt 0.9536133 0.9555664
vt 0.9516602 0.9555664
vt 0.9555664 0.9580078
vt 0.9536133 0.9580078
vt 0.9516602 0.9580078
vt 0.9555664 0.9599609
vt 0.9536133 0.9599609
vt 0.9575195 0.9599609
vt 0.9575195 0.9580078
vt 0.9594727 0.9599609
vt 0.9594727 0.9580078
vt 0.9594727 0.9619141
vt 0.9575195 0.9619141
vt 0.9555664 0.9619141
vt 0.9516602 0.9599609
vt 0.949707 0.9580078
vt 0.9536133 0.9619141
vt 0.9555664 0.9638672
vt 0.949707 0.9599609
vt 0.9477539 0.9580078
vt 0.9477539 0.9599609
vt 0.949707 0.9619141
vt 0.9477539 0.9619141
vt 0.9516602 0.9619141
vt 0.9536133 0.9638672
vt 0.9555664 0.9658203
vt 0.9516602 0.9638672
vt 0.9536133 0.9658203
vt 0.9516602 0.9658203
vt 0.9536133 0.949707
vt 0.9555664 0.949707
vt 0.9555664 0.9516602
vt 0.9536133 0.9516602
vt 0.9516602 0.949707
vt 0.9555664 0.9536133
vt 0.9516602 0.9516602
vt 0.9536133 0.9536133
vt 0.9555664 0.9555664
vt 0.9516602 0.9536133
vt 0.9536133 0.9555664
vt 0.9516602 0.9555664
vt 0.9555664 0.9580078
vt 0.9536133 0.9580078
vt 0.9516602 0.9580078
vt 0.9555664 0.9599609
vt 0.9536133 0.9599609
vt 0.9575195 0.9599609
vt 0.9575195 0.9580078
vt 0.9594727 0.9599609
vt 0.9594727 0.9580078
vt 0.9594727 0.9619141
vt 0.9575195 0.9619141
vt 0.9555664 0.9619141
vt 0.9516602 0.9599609
vt 0.949707 0.9580078
vt 0.9536133 0.9619141
vt 0.9555664 0.9638672
vt 0.949707 0.9599609
vt 0.9477539 0.9580078
vt 0.9477539 0.9599609
vt 0.949707 0.9619141
vt 0.9477539 0.9619141
vt 0.9516602 0.9619141
vt 0.9536133 0.9638672
vt 0.9555664 0.9658203
vt 0.9516602 0.9638672
vt 0.9536133 0.9658203
vt 0.9516602 0.9658203
vt 0.9536133 0.949707
vt 0.9555664 0.949707
vt 0.9555664 0.9516602
vt 0.9536133 0.9516602
vt 0.9516602 0.949707
vt 0.9555664 0.9536133
vt 0.9516602 0.9516602
vt 0.9536133 0.9536133
vt 0.9555664 0.9555664
vt 0.9516602 0.9536133
vt 0.9536133 0.9555664
vt 0.9516602 0.9555664
vt 0.9555664 0.9580078
vt 0.9536133 0.9580078
vt 0.9516602 0.9580078
vt 0.9555664 0.9599609
vt 0.9536133 0.9599609
vt 0.9575195 0.9599609
vt 0.9575195 0.9580078
vt 0.9594727 0.9599609
vt 0.9594727 0.9580078
vt 0.9594727 0.9619141
vt 0.9575195 0.9619141
vt 0.9555664 0.9619141
vt 0.9516602 0.9599609
vt 0.949707 0.9580078
vt 0.9536133 0.9619141
vt 0.9555664 0.9638672
vt 0.949707 0.9599609
vt 0.9477539 0.9580078
vt 0.9477539 0.9599609
vt 0.949707 0.9619141
vt 0.9477539 0.9619141
vt 0.9516602 0.9619141
vt 0.9536133 0.9638672
vt 0.9555664 0.9658203
vt 0.9516602 0.9638672
vt 0.9536133 0.9658203
vt 0.9516602 0.9658203
vt 0.9536133 0.949707
vt 0.9555664 0.949707
vt 0.9555664 0.9516602
vt 0.9536133 0.9516602
vt 0.9516602 0.949707
vt 0.9555664 0.9536133
vt 0.9516602 0.9516602
vt 0.9536133 0.9536133
vt 0.9555664 0.9555664
vt 0.9516602 0.9536133
vt 0.9536133 0.9555664
vt 0.9516602 0.9555664
vt 0.9555664 0.9580078
vt 0.9536133 0.9580078
vt 0.9516602 0.9580078
vt 0.9555664 0.9599609
vt 0.9536133 0.9599609
vt 0.9575195 0.9599609
vt 0.9575195 0.9580078
vt 0.9594727 0.9599609
vt 0.9594727 0.9580078
vt 0.9594727 0.9619141
vt 0.9575195 0.9619141
vt 0.9555664 0.9619141
vt 0.9516602 0.9599609
vt 0.949707 0.9580078
vt 0.9536133 0.9619141
vt 0.9555664 0.9638672
vt 0.949707 0.9599609
vt 0.9477539 0.9580078
vt 0.9477539 0.9599609
vt 0.949707 0.9619141
vt 0.9477539 0.9619141
vt 0.9516602 0.9619141
vt 0.9536133 0.9638672
vt 0.9555664 0.9658203
vt 0.9516602 0.9638672
vt 0.9536133 0.9658203
vt 0.9516602 0.9658203
vt 0.9536133 0.949707
vt 0.9555664 0.949707
vt 0.9555664 0.9516602
vt 0.9536133 0.9516602
vt 0.9516602 0.949707
vt 0.9555664 0.9536133
vt 0.9516602 0.9516602
vt 0.9536133 0.9536133
vt 0.9555664 0.9555664
vt 0.9516602 0.9536133
vt 0.9536133 0.9555664
vt 0.9516602 0.9555664
vt 0.9555664 0.9580078
vt 0.9536133 0.9580078
vt 0.9516602 0.9580078
vt 0.9555664 0.9599609
vt 0.9536133 0.9599609
vt 0.9575195 0.9599609
vt 0.9575195 0.9580078
vt 0.9594727 0.9599609
vt 0.9594727 0.9580078
vt 0.9594727 0.9619141
vt 0.9575195 0.9619141
vt 0.9555664 0.9619141
vt 0.9516602 0.9599609
vt 0.949707 0.9580078
vt 0.9536133 0.9619141
vt 0.9555664 0.9638672
vt 0.949707 0.9599609
vt 0.9477539 0.9580078
vt 0.9477539 0.9599609
vt 0.949707 0.9619141
vt 0.9477539 0.9619141
vt 0.9516602 0.9619141
vt 0.9536133 0.9638672
vt 0.9555664 0.9658203
vt 0.9516602 0.9638672
vt 0.9536133 0.9658203
vt 0.9516602 0.9658203
vt 0.9536133 0.949707
vt 0.9555664 0.949707
vt 0.9555664 0.9516602
vt 0.9536133 0.9516602
vt 0.9516602 0.949707
vt 0.9555664 0.9536133
vt 0.9516602 0.9516602
vt 0.9536133 0.9536133
vt 0.9555664 0.9555664
vt 0.9516602 0.9536133
vt 0.9536133 0.9555664
vt 0.9516602 0.9555664
vt 0.9555664 0.9580078
vt 0.9536133 0.9580078
vt 0.9516602 0.9580078
vt 0.9555664 0.9599609
vt 0.9536133 0.9599609
vt 0.9575195 0.9599609
vt 0.9575195 0.9580078
vt 0.9594727 0.9599609
vt 0.9594727 0.9580078
vt 0.9594727 0.9619141
vt 0.9575195 0.9619141
vt 0.9555664 0.9619141
vt 0.9516602 0.9599609
vt 0.949707 0.9580078
vt 0.9536133 0.9619141
vt 0.9555664 0.9638672
vt 0.949707 0.9599609
vt 0.9477539 0.9580078
vt 0.9477539 0.9599609
vt 0.949707 0.9619141
vt 0.9477539 0.9619141
vt 0.9516602 0.9619141
vt 0.9536133 0.9638672
vt 0.9555664 0.9658203
vt 0.9516602 0.9638672
vt 0.9536133 0.9658203
vt 0.9516602 0.9658203
vt 0.9536133 0.949707
vt 0.9555664 0.949707
vt 0.9555664 0.9516602
vt 0.9536133 0.9516602
vt 0.9516602 0.949707
vt 0.9555664 0.9536133
vt 0.9516602 0.9516602
vt 0.9536133 0.9536133
vt 0.9555664 0.9555664
vt 0.9516602 0.9536133
vt 0.9536133 0.9555664
vt 0.9516602 0.9555664
vt 0.9555664 0.9580078
vt 0.9536133 0.9580078
vt 0.9516602 0.9580078
vt 0.9555664 0.9599609
vt 0.9536133 0.9599609
vt 0.9575195 0.9599609
vt 0.9575195 0.9580078
vt 0.9594727 0.9599609
vt 0.9594727 0.9580078
vt 0.9594727 0.9619141
vt 0.9575195 0.9619141
vt 0.9555664 0.9619141
vt 0.9516602 0.9599609
vt 0.949707 0.9580078
vt 0.9536133 0.9619141
vt 0.9555664 0.9638672
vt 0.949707 0.9599609
vt 0.9477539 0.9580078
vt 0.9477539 0.9599609
vt 0.949707 0.9619141
vt 0.9477539 0.9619141
vt 0.9516602 0.9619141
vt 0.9536133 0.9638672
vt 0.9555664 0.9658203
vt 0.9516602 0.9638672
vt 0.9536133 0.9658203
vt 0.9516602 0.9658203
vt 0.9594727 0.9594727
vt 0.9594727 0.9648438
vt 0.9614258 0.9648438
vt 0.9614258 0.9594727
vt 0.953125 0.9526367
vt 0.953125 0.9589844
vt 0.9589844 0.9589844
vt 0.9589844 0.9526367
vt 0.9599609 0.9545898
vt 0.9599609 0.9584961
vt 0.9633789 0.9584961
vt 0.9633789 0.9545898
vt 0.9487305 0.9545898
vt 0.9492188 0.9584961
vt 0.9516602 0.9584961
vt 0.9516602 0.9545898
vt 0.9526367 0.9594727
vt 0.9526367 0.9648438
vt 0.9545898 0.9648438
vt 0.9545898 0.9594727
vn -0.06018066 -0.1558838 -0.9858398
vn 0.53125 -0.1914063 -0.8251953
vn 0.7285156 0.3554688 -0.5859375
vn 0.04214478 0.6210938 -0.7827148
vn -0.6557617 -0.09234619 -0.7495117
vn 0.6518555 0.7460938 -0.1367188
vn -0.7080078 0.4985352 -0.5
vn 0.1036377 0.987793 -0.1160889
vn 0.7832031 0.5092773 0.3566895
vn -0.5087891 0.8598633 -0.04385376
vn 0.1218872 0.8037109 0.5825195
vn -0.6162109 0.6318359 0.4702148
vn 0.6689453 0.1153564 0.734375
vn 0.1257324 0.2003174 0.9716797
vn -0.4902344 0.217041 0.8442383
vn 0.75 -0.4304199 0.5019531
vn 0.08374023 -0.5410156 0.8369141
vn 0.9941406 -0.07751465 -0.07373047
vn 0.7832031 0.5092773 0.3566895
vn 0.7285156 0.3554688 -0.5859375
vn 0.6518555 0.7460938 -0.1367188
vn 0.53125 -0.1914063 -0.8251953
vn 0.6274414 -0.6245117 -0.4648438
vn 0.5493164 -0.8330078 0.06246948
vn -0.6835938 -0.3325195 0.6499023
vn -0.6162109 0.6318359 0.4702148
vn -0.03656006 -0.9858398 0.163208
vn 0.6274414 -0.6245117 -0.4648438
vn -0.9926758 0.08807373 0.08184814
vn -0.5087891 0.8598633 -0.04385376
vn -0.7080078 0.4985352 -0.5
vn -0.7827148 -0.5102539 -0.3562012
vn -0.6557617 -0.09234619 -0.7495117
vn -0.6362305 -0.753418 0.1656494
vn -0.1081543 -0.8051758 -0.5830078
vn 0.53125 -0.1914063 -0.8251953
vn -0.7827148 -0.5102539 -0.3562012
vn -0.06018066 -0.1558838 -0.9858398
vn -0.6557617 -0.09234619 -0.7495117
vn -0.2403564 -0.387207 -0.8901367
vn 0.3671875 -0.3088379 -0.8774414
vn 0.5112305 0.2958984 -0.8066406
vn -0.2491455 0.4072266 -0.8789063
vn -0.762207 -0.3491211 -0.5454102
vn 0.4599609 0.7758789 -0.4313965
vn -0.8745117 0.2531738 -0.4135742
vn -0.1221313 0.9360352 -0.3305664
vn 0.7167969 0.6972656 0.01565552
vn -0.668457 0.7373047 -0.0993042
vn 0.06246948 0.9375 0.3425293
vn -0.6303711 0.6196289 0.4675293
vn 0.7753906 0.4194336 0.4716797
vn 0.2802734 0.4716797 0.8359375
vn -0.322998 0.3483887 0.8798828
vn 0.9165039 -0.1711426 0.3613281
vn 0.3518066 -0.3046875 0.8852539
vn 0.9462891 0.04446411 -0.3200684
vn 0.7167969 0.6972656 0.01565552
vn 0.5112305 0.2958984 -0.8066406
vn 0.4599609 0.7758789 -0.4313965
vn 0.3671875 -0.3088379 -0.8774414
vn 0.6142578 -0.637207 -0.4650879
vn 0.7104492 -0.6958008 0.1079102
vn -0.4260254 -0.2595215 0.8666992
vn -0.6303711 0.6196289 0.4675293
vn 0.2028809 -0.8950195 0.3972168
vn 0.6142578 -0.637207 -0.4650879
vn -0.9462891 -0.05209351 0.3190918
vn -0.668457 0.7373047 -0.0993042
vn -0.8745117 0.2531738 -0.4135742
vn -0.7158203 -0.6977539 -0.01515961
vn -0.762207 -0.3491211 -0.5454102
vn -0.3881836 -0.7646484 0.5146484
vn -0.06878662 -0.9384766 -0.338623
vn 0.3671875 -0.3088379 -0.8774414
vn -0.7158203 -0.6977539 -0.01515961
vn -0.2403564 -0.387207 -0.8901367
vn -0.762207 -0.3491211 -0.5454102
vn -0.3173828 -0.5859375 -0.7456055
vn 0.2597656 -0.4260254 -0.8666992
vn 0.3085938 0.1873779 -0.9326172
vn -0.4523926 0.1832275 -0.8730469
vn -0.7783203 -0.5380859 -0.3242188
vn 0.2463379 0.7163086 -0.652832
vn -0.9584961 0.06039429 -0.2792969
vn -0.3195801 0.8193359 -0.4755859
vn 0.6166992 0.7602539 -0.2043457
vn -0.7773438 0.6186523 -0.1135254
vn -0.004043579 0.984375 0.1756592
vn -0.6245117 0.6347656 0.4545898
vn 0.7758789 0.5463867 0.3146973
vn 0.3342285 0.609375 0.71875
vn -0.2436523 0.4472656 0.8608398
vn 0.9643555 -0.02246094 0.2641602
vn 0.4958496 -0.1206055 0.8598633
vn 0.8798828 0.09503174 -0.4658203
vn 0.6166992 0.7602539 -0.2043457
vn 0.3085938 0.1873779 -0.9326172
vn 0.2463379 0.7163086 -0.652832
vn 0.2597656 -0.4260254 -0.8666992
vn 0.6298828 -0.628418 -0.4562988
vn 0.7944336 -0.5976563 0.1090088
vn -0.2873535 -0.1542969 0.9453125
vn -0.6245117 0.6347656 0.4545898
vn 0.354248 -0.8012695 0.4819336
vn 0.6298828 -0.628418 -0.4562988
vn -0.8798828 -0.08703613 0.4672852
vn -0.7773438 0.6186523 -0.1135254
vn -0.9584961 0.06039429 -0.2792969
vn -0.6171875 -0.7597656 0.2045898
vn -0.7783203 -0.5380859 -0.3242188
vn -0.2384033 -0.7109375 0.6616211
vn 0.01010132 -0.9838867 -0.1789551
vn 0.2597656 -0.4260254 -0.8666992
vn -0.6171875 -0.7597656 0.2045898
vn -0.3173828 -0.5859375 -0.7456055
vn -0.7783203 -0.5380859 -0.3242188
vn -0.3381348 -0.6953125 -0.6337891
vn 0.2116699 -0.5126953 -0.8320313
vn 0.2062988 0.08337402 -0.9750977
vn -0.5527344 0.02133179 -0.8330078
vn -0.7543945 -0.6289063 -0.1889648
vn 0.1273193 0.6479492 -0.7509766
vn -0.9799805 -0.05859375 -0.1912842
vn -0.4384766 0.7260742 -0.5297852
vn 0.5166016 0.7724609 -0.3691406
vn -0.8393555 0.5322266 -0.1078491
vn -0.09063721 0.9946289 0.04867554
vn -0.6445313 0.6264648 0.4382324
vn 0.737793 0.6621094 0.1318359
vn 0.3308105 0.7436523 0.5810547
vn -0.2010498 0.5458984 0.8134766
vn 0.9833984 0.1025391 0.1486816
vn 0.5849609 0.05114746 0.8095703
vn 0.8178711 0.09503174 -0.5673828
vn 0.5166016 0.7724609 -0.3691406
vn 0.2062988 0.08337402 -0.9750977
vn 0.1273193 0.6479492 -0.7509766
vn 0.2116699 -0.5126953 -0.8320313
vn 0.6362305 -0.6401367 -0.4304199
vn 0.8608398 -0.4975586 0.1071167
vn -0.1634521 -0.03826904 0.9858398
vn -0.6445313 0.6264648 0.4382324
vn 0.4855957 -0.6748047 0.5556641
vn 0.6362305 -0.6401367 -0.4304199
vn -0.8164063 -0.1027222 0.5683594
vn -0.8393555 0.5322266 -0.1078491
vn -0.9799805 -0.05859375 -0.1912842
vn -0.5136719 -0.7749023 0.3688965
vn -0.7543945 -0.6289063 -0.1889648
vn -0.07745361 -0.6118164 0.7871094
vn 0.08709717 -0.9951172 -0.04443359
vn 0.2116699 -0.5126953 -0.8320313
vn -0.5136719 -0.7749023 0.3688965
vn -0.3381348 -0.6953125 -0.6337891
vn -0.7543945 -0.6289063 -0.1889648
vn -0.3076172 -0.8134766 -0.4934082
vn 0.1989746 -0.6088867 -0.7680664
vn 0.1096191 -0.04055786 -0.9931641
vn -0.6137695 -0.137207 -0.7773438
vn -0.6943359 -0.7192383 -0.01693726
vn -0.01473236 0.5288086 -0.8486328
vn -0.9814453 -0.1711426 -0.0838623
vn -0.5551758 0.5874023 -0.5888672
vn 0.4055176 0.7568359 -0.512207
vn -0.8974609 0.4282227 -0.1066895
vn -0.1827393 0.9799805 -0.08178711
vn -0.6655273 0.6318359 0.3977051
vn 0.6860352 0.7275391 0.008003235
vn 0.3046875 0.8305664 0.4663086
vn -0.1937256 0.6259766 0.7553711
vn 0.9770508 0.2023926 0.06732178
vn 0.6274414 0.2028809 0.7514648
vn 0.7578125 0.09399414 -0.6455078
vn 0.4055176 0.7568359 -0.512207
vn 0.1096191 -0.04055786 -0.9931641
vn -0.01473236 0.5288086 -0.8486328
vn 0.1989746 -0.6088867 -0.7680664
vn 0.6679688 -0.6264648 -0.401123
vn 0.9067383 -0.4101563 0.09893799
vn -0.1021118 0.07519531 0.9916992
vn -0.6655273 0.6318359 0.3977051
vn 0.5761719 -0.5639648 0.5913086
vn 0.6679688 -0.6264648 -0.401123
vn -0.7597656 -0.08630371 0.6445313
vn -0.8974609 0.4282227 -0.1066895
vn -0.9814453 -0.1711426 -0.0838623
vn -0.4072266 -0.7558594 0.5126953
vn -0.6943359 -0.7192383 -0.01693726
vn 0.01870728 -0.5180664 0.8549805
vn 0.1855469 -0.9794922 0.07885742
vn 0.1989746 -0.6088867 -0.7680664
vn -0.4072266 -0.7558594 0.5126953
vn -0.3076172 -0.8134766 -0.4934082
vn -0.6943359 -0.7192383 -0.01693726
vn -0.2539063 -0.8974609 -0.3605957
vn 0.2185059 -0.6899414 -0.6899414
vn 0.06860352 -0.171875 -0.9829102
vn -0.6381836 -0.3173828 -0.7016602
vn -0.6191406 -0.7763672 0.1168213
vn -0.1016846 0.4116211 -0.9057617
vn -0.9604492 -0.2790527 0.002849579
vn -0.640625 0.4541016 -0.6191406
vn 0.2946777 0.7050781 -0.6450195
vn -0.9404297 0.3256836 -0.09899902
vn -0.2980957 0.9316406 -0.2076416
vn -0.715332 0.6035156 0.3527832
vn 0.5742188 0.7973633 -0.1845703
vn 0.2034912 0.9384766 0.279541
vn -0.2425537 0.7241211 0.6455078
vn 0.9414063 0.3325195 -0.05514526
vn 0.6323242 0.4245605 0.6479492
vn 0.7104492 0.06524658 -0.7006836
vn 0.2946777 0.7050781 -0.6450195
vn 0.06860352 -0.171875 -0.9829102
vn -0.1016846 0.4116211 -0.9057617
vn 0.2185059 -0.6899414 -0.6899414
vn 0.7084961 -0.6162109 -0.34375
vn 0.9575195 -0.2722168 0.09313965
vn -0.05770874 0.2442627 0.9677734
vn -0.715332 0.6035156 0.3527832
vn 0.6816406 -0.364502 0.6342773
vn 0.7084961 -0.6162109 -0.34375
vn -0.7099609 -0.07287598 0.7006836
vn -0.9404297 0.3256836 -0.09899902
vn -0.9604492 -0.2790527 0.002849579
vn -0.2902832 -0.7104492 0.6411133
vn -0.6191406 -0.7763672 0.1168213
vn 0.1368408 -0.347168 0.9277344
vn 0.2954102 -0.9321289 0.2084961
vn 0.2185059 -0.6899414 -0.6899414
vn -0.2902832 -0.7104492 0.6411133
vn -0.2539063 -0.8974609 -0.3605957
vn -0.6191406 -0.7763672 0.1168213
vn -0.074646 -0.9931641 -0.08935547
vn 0.3312988 -0.7905273 -0.5146484
vn 0.04486084 -0.3984375 -0.9160156
vn -0.605957 -0.5878906 -0.5361328
vn -0.4313965 -0.8115234 0.3942871
vn -0.2423096 0.1286621 -0.9614258
vn -0.8862305 -0.4265137 0.1806641
vn -0.7563477 0.1468506 -0.6376953
vn 0.09436035 0.5488281 -0.8305664
vn -0.9912109 0.1125488 -0.07189941
vn -0.4975586 0.7685547 -0.4018555
vn -0.7988281 0.5390625 0.2663574
vn 0.4108887 0.796875 -0.4428711
vn 0.07220459 0.9970703 0.01872253
vn -0.3154297 0.815918 0.4846191
vn 0.8652344 0.4313965 -0.2553711
vn 0.6293945 0.6474609 0.4304199
vn 0.6333008 0.00881958 -0.7739258
vn 0.09436035 0.5488281 -0.8305664
vn 0.04486084 -0.3984375 -0.9160156
vn -0.2423096 0.1286621 -0.9614258
vn 0.3312988 -0.7905273 -0.5146484
vn 0.7998047 -0.5400391 -0.2612305
vn 0.9951172 -0.09429932 0.03527832
vn -0.002902985 0.4643555 0.8857422
vn -0.7988281 0.5390625 0.2663574
vn 0.7939453 -0.09942627 0.5996094
vn 0.7998047 -0.5400391 -0.2612305
vn -0.6333008 -0.003284454 0.7739258
vn -0.9912109 0.1125488 -0.07189941
vn -0.8862305 -0.4265137 0.1806641
vn -0.09594727 -0.546875 0.8320313
vn -0.4313965 -0.8115234 0.3942871
vn 0.2802734 -0.08215332 0.956543
vn 0.498291 -0.769043 0.4006348
vn 0.3312988 -0.7905273 -0.5146484
vn -0.09594727 -0.546875 0.8320313
vn -0.074646 -0.9931641 -0.08935547
vn -0.4313965 -0.8115234 0.3942871
vn -0.2971191 -0.9526367 0.06420898
vn -0.06433105 -0.8852539 -0.4604492
vn -0.3027344 -0.4909668 -0.8168945
vn -0.7651367 -0.5644531 -0.3103027
vn -0.4506836 -0.652832 0.6088867
vn -0.4606934 0.1165771 -0.8798828
vn -0.8535156 -0.211792 0.4758301
vn -0.8510742 0.2712402 -0.4494629
vn -0.0009493828 0.4445801 -0.8955078
vn -0.9003906 0.385498 0.2009277
vn -0.3259277 0.8779297 -0.3510742
vn -0.4526367 0.7915039 0.4111328
vn 0.4851074 0.5498047 -0.6801758
vn 0.4770508 0.8579102 -0.1911621
vn 0.1986084 0.8793945 0.432373
vn 0.8085938 -0.003707886 -0.5888672
vn 0.9848633 0.1730957 0.0174408
vn 0.3305664 -0.2512207 -0.909668
vn -0.0009493828 0.4445801 -0.8955078
vn -0.3027344 -0.4909668 -0.8168945
vn -0.4606934 0.1165771 -0.8798828
vn -0.06433105 -0.8852539 -0.4604492
vn 0.463623 -0.7841797 -0.4123535
vn 0.8359375 -0.4790039 -0.2685547
vn 0.519043 0.3862305 0.762207
vn -0.4526367 0.7915039 0.4111328
vn 0.8393555 -0.458252 0.2927246
vn 0.463623 -0.7841797 -0.4123535
vn -0.3100586 0.2296143 0.9223633
vn -0.9003906 0.385498 0.2009277
vn -0.8535156 -0.211792 0.4758301
vn 0.01902771 -0.463623 0.8857422
vn -0.4506836 -0.652832 0.6088867
vn 0.5268555 -0.2094727 0.8237305
vn 0.3447266 -0.8837891 0.315918
vn -0.06433105 -0.8852539 -0.4604492
vn 0.01902771 -0.463623 0.8857422
vn -0.2971191 -0.9526367 0.06420898
vn -0.4506836 -0.652832 0.6088867
vn -0.7319336 -0.4379883 0.5219727
vn -0.8662109 -0.4960938 -0.05535889
vn -0.9370117 0.02149963 -0.3491211
vn -0.8891602 0.2924805 0.3518066
vn -0.3017578 -0.2093506 0.9301758
vn -0.6547852 0.5527344 -0.515625
vn -0.2705078 0.4060059 0.8730469
vn -0.482666 0.8754883 -0.02970886
vn -0.2232666 0.4682617 -0.8549805
vn -0.07922363 0.8754883 0.4768066
vn 0.2131348 0.8920898 -0.3989258
vn 0.5302734 0.7954102 0.293457
vn 0.2440186 0.1687012 -0.9550781
vn 0.7089844 0.357666 -0.6079102
vn 0.9047852 0.4248047 -0.02903748
vn 0.1429443 -0.4333496 -0.8896484
vn 0.7890625 -0.3991699 -0.467041
vn -0.5332031 -0.2381592 -0.8115234
vn -0.2232666 0.4682617 -0.8549805
vn -0.9370117 0.02149963 -0.3491211
vn -0.6547852 0.5527344 -0.515625
vn -0.8662109 -0.4960938 -0.05535889
vn -0.5219727 -0.8022461 -0.2893066
vn -0.009246826 -0.8735352 -0.4870605
vn 0.9633789 -0.1203003 0.2399902
vn 0.5302734 0.7954102 0.293457
vn 0.4013672 -0.9155273 -0.03317261
vn -0.5219727 -0.8022461 -0.2893066
vn 0.5395508 0.234375 0.8085938
vn -0.07922363 0.8754883 0.4768066
vn -0.2705078 0.4060059 0.8730469
vn 0.2414551 -0.4619141 0.8535156
vn -0.3017578 -0.2093506 0.9301758
vn 0.6567383 -0.6118164 0.440918
vn -0.2022705 -0.8955078 0.3962402
vn -0.8662109 -0.4960938 -0.05535889
vn 0.2414551 -0.4619141 0.8535156
vn -0.7319336 -0.4379883 0.5219727
vn -0.3017578 -0.2093506 0.9301758
vn -0.6669922 -0.3613281 0.6513672
vn -0.9101563 -0.402832 0.0982666
vn -0.9770508 0.1468506 -0.152832
vn -0.7495117 0.3959961 0.5307617
vn -0.1693115 -0.1922607 0.9667969
vn -0.6850586 0.6391602 -0.3491211
vn -0.0723877 0.4094238 0.909668
vn -0.3879395 0.9165039 0.09832764
vn -0.3144531 0.5083008 -0.8017578
vn 0.05566406 0.8554688 0.5146484
vn 0.1964111 0.8994141 -0.3903809
vn 0.5922852 0.7661133 0.2496338
vn 0.1687012 0.2010498 -0.9648438
vn 0.6567383 0.376709 -0.652832
vn 0.9047852 0.4123535 -0.104248
vn 0.07507324 -0.3901367 -0.9174805
vn 0.7548828 -0.3515625 -0.5537109
vn -0.6416016 -0.1799316 -0.7456055
vn -0.3144531 0.5083008 -0.8017578
vn -0.9770508 0.1468506 -0.152832
vn -0.6850586 0.6391602 -0.3491211
vn -0.9101563 -0.402832 0.0982666
vn -0.5927734 -0.7646484 -0.2526855
vn -0.05114746 -0.8486328 -0.5263672
vn 0.9814453 -0.1291504 0.1412354
vn 0.5922852 0.7661133 0.2496338
vn 0.3994141 -0.9091797 -0.1159668
vn -0.5927734 -0.7646484 -0.2526855
vn 0.6425781 0.1846924 0.7436523
vn 0.05566406 0.8554688 0.5146484
vn -0.0723877 0.4094238 0.909668
vn 0.315918 -0.5068359 0.8022461
vn -0.1693115 -0.1922607 0.9667969
vn 0.6933594 -0.6337891 0.3432617
vn -0.1966553 -0.8999023 0.3891602
vn -0.9101563 -0.402832 0.0982666
vn 0.315918 -0.5068359 0.8022461
vn -0.6669922 -0.3613281 0.6513672
vn -0.1693115 -0.1922607 0.9667969
vn -0.6191406 -0.4873047 0.6157227
vn -0.8540039 -0.5170898 0.05682373
vn -0.9882813 0.04251099 -0.1459961
vn -0.7841797 0.2663574 0.5600586
vn -0.1525879 -0.2915039 0.9443359
vn -0.7602539 0.5766602 -0.2983398
vn -0.1245117 0.3193359 0.9394531
vn -0.4946289 0.8510742 0.175293
vn -0.3869629 0.527832 -0.7558594
vn -0.05661011 0.8051758 0.590332
vn 0.05163574 0.9560547 -0.2880859
vn 0.4599609 0.8164063 0.3496094
vn 0.1503906 0.3359375 -0.9296875
vn 0.5922852 0.5595703 -0.5800781
vn 0.8217773 0.5698242 -0.0221405
vn 0.166748 -0.2687988 -0.9487305
vn 0.815918 -0.1707764 -0.5527344
vn -0.5952148 -0.2032471 -0.7773438
vn -0.3869629 0.527832 -0.7558594
vn -0.9882813 0.04251099 -0.1459961
vn -0.7602539 0.5766602 -0.2983398
vn -0.8540039 -0.5170898 0.05682373
vn -0.4575195 -0.8193359 -0.3452148
vn 0.1173706 -0.7763672 -0.6191406
vn 0.9858398 0.01983643 0.1661377
vn 0.4599609 0.8164063 0.3496094
vn 0.5595703 -0.8032227 -0.2043457
vn -0.4575195 -0.8193359 -0.3452148
vn 0.5952148 0.1966553 0.7788086
vn -0.05661011 0.8051758 0.590332
vn -0.1245117 0.3193359 0.9394531
vn 0.380127 -0.5415039 0.75
vn -0.1525879 -0.2915039 0.9443359
vn 0.7900391 -0.5405273 0.2888184
vn -0.05355835 -0.9570313 0.2856445
vn -0.8540039 -0.5170898 0.05682373
vn 0.380127 -0.5415039 0.75
vn -0.6191406 -0.4873047 0.6157227
vn -0.1525879 -0.2915039 0.9443359
vn -0.5244141 -0.6894531 0.4997559
vn -0.7167969 -0.6914063 -0.09002686
vn -0.9638672 -0.1367188 -0.2288818
vn -0.8496094 0.03695679 0.5258789
vn -0.1375732 -0.4377441 0.8886719
vn -0.8505859 0.4440918 -0.2814941
vn -0.2546387 0.1618652 0.9536133
vn -0.6826172 0.6879883 0.2460938
vn -0.4404297 0.5454102 -0.7128906
vn -0.2858887 0.6762695 0.6787109
vn -0.1339111 0.9775391 -0.1624756
vn 0.2497559 0.8408203 0.4799805
vn 0.1419678 0.4638672 -0.8745117
vn 0.5141602 0.7172852 -0.4699707
vn 0.7050781 0.7026367 0.09552002
vn 0.2678223 -0.1176758 -0.9560547
vn 0.8652344 0.05172729 -0.4990234
vn -0.4904785 -0.206665 -0.8466797
vn -0.4404297 0.5454102 -0.7128906
vn -0.9638672 -0.1367188 -0.2288818
vn -0.8505859 0.4440918 -0.2814941
vn -0.7167969 -0.6914063 -0.09002686
vn -0.2524414 -0.8398438 -0.4807129
vn 0.2924805 -0.6669922 -0.6850586
vn 0.9536133 0.1806641 0.2408447
vn 0.2497559 0.8408203 0.4799805
vn 0.7114258 -0.6611328 -0.2390137
vn -0.2524414 -0.8398438 -0.4807129
vn 0.4880371 0.2172852 0.8452148
vn -0.2858887 0.6762695 0.6787109
vn -0.2546387 0.1618652 0.9536133
vn 0.4421387 -0.5371094 0.7182617
vn -0.1375732 -0.4377441 0.8886719
vn 0.8598633 -0.4182129 0.2932129
vn 0.1357422 -0.9760742 0.1690674
vn -0.7167969 -0.6914063 -0.09002686
vn 0.4421387 -0.5371094 0.7182617
vn -0.5244141 -0.6894531 0.4997559
vn -0.1375732 -0.4377441 0.8886719
vn -0.4174805 -0.8276367 0.3754883
vn -0.5649414 -0.7939453 -0.2248535
vn -0.9018555 -0.2822266 -0.3278809
vn -0.875 -0.1925049 0.4445801
vn -0.1142578 -0.5581055 0.8217773
vn -0.8974609 0.3134766 -0.3100586
vn -0.3457031 -0.003267288 0.9384766
vn -0.815918 0.519043 0.253418
vn -0.4829102 0.5380859 -0.690918
vn -0.4538574 0.5288086 0.7172852
vn -0.2990723 0.9511719 -0.074646
vn 0.05825806 0.8105469 0.5825195
vn 0.1138916 0.5795898 -0.8066406
vn 0.4050293 0.8457031 -0.3474121
vn 0.5551758 0.7998047 0.2283936
vn 0.3500977 0.04269409 -0.9355469
vn 0.8730469 0.2595215 -0.4128418
vn -0.3847656 -0.190918 -0.9033203
vn -0.4829102 0.5380859 -0.690918
vn -0.9018555 -0.2822266 -0.3278809
vn -0.8974609 0.3134766 -0.3100586
vn -0.5649414 -0.7939453 -0.2248535
vn -0.06008911 -0.8100586 -0.5834961
vn 0.4572754 -0.5209961 -0.7207031
vn 0.8852539 0.3161621 0.3410645
vn 0.05825806 0.8105469 0.5825195
vn 0.8354492 -0.4938965 -0.2407227
vn -0.06008911 -0.8100586 -0.5834961
vn 0.3813477 0.199585 0.902832
vn -0.4538574 0.5288086 0.7172852
vn -0.3457031 -0.003267288 0.9384766
vn 0.4829102 -0.53125 0.6962891
vn -0.1142578 -0.5581055 0.8217773
vn 0.8999023 -0.2915039 0.3239746
vn 0.3005371 -0.9501953 0.08068848
vn -0.5649414 -0.7939453 -0.2248535
vn 0.4829102 -0.53125 0.6962891
vn -0.4174805 -0.8276367 0.3754883
vn -0.1142578 -0.5581055 0.8217773
vn -0.3044434 -0.9135742 0.269043
vn -0.4194336 -0.8427734 -0.3371582
vn -0.8242188 -0.376709 -0.4228516
vn -0.8608398 -0.3615723 0.357666
vn -0.07818604 -0.6455078 0.7597656
vn -0.9125977 0.2092285 -0.3508301
vn -0.4013672 -0.1437988 0.9047852
vn -0.9003906 0.3662109 0.2355957
vn -0.5151367 0.5234375 -0.6787109
vn -0.5727539 0.3862305 0.7231445
vn -0.4438477 0.8959961 -0.01396942
vn -0.1118164 0.7456055 0.6572266
vn 0.07653809 0.6523438 -0.7539063
vn 0.2980957 0.9189453 -0.2583008
vn 0.4147949 0.8442383 0.3393555
vn 0.4008789 0.1575928 -0.9023438
vn 0.8569336 0.3837891 -0.3439941
vn -0.2856445 -0.1567383 -0.9453125
vn -0.5151367 0.5234375 -0.6787109
vn -0.8242188 -0.376709 -0.4228516
vn -0.9125977 0.2092285 -0.3508301
vn -0.4194336 -0.8427734 -0.3371582
vn 0.1104736 -0.7456055 -0.6567383
vn 0.5732422 -0.3837891 -0.7236328
vn 0.8164063 0.387207 0.4287109
vn -0.1118164 0.7456055 0.6572266
vn 0.9052734 -0.3571777 -0.2293701
vn 0.1104736 -0.7456055 -0.6567383
vn 0.2834473 0.1593018 0.9458008
vn -0.5727539 0.3862305 0.7231445
vn -0.4013672 -0.1437988 0.9047852
vn 0.5146484 -0.5214844 0.6806641
vn -0.07818604 -0.6455078 0.7597656
vn 0.9121094 -0.2019043 0.3566895
vn 0.4433594 -0.8959961 0.01647949
vn -0.4194336 -0.8427734 -0.3371582
vn 0.5146484 -0.5214844 0.6806641
vn -0.3044434 -0.9135742 0.269043
vn -0.07818604 -0.6455078 0.7597656
vn -0.2939453 -0.9238281 0.2446289
vn -0.407959 -0.8457031 -0.34375
vn -0.8056641 -0.4018555 -0.4350586
vn -0.8500977 -0.4150391 0.3242188
vn -0.07366943 -0.6601563 0.7475586
vn -0.9101563 0.1950684 -0.3649902
vn -0.3972168 -0.1761475 0.9003906
vn -0.9111328 0.348877 0.2185059
vn -0.5117188 0.5214844 -0.6831055
vn -0.5761719 0.3789063 0.7241211
vn -0.4350586 0.8999023 -0.021698
vn -0.1017456 0.75 0.6538086
vn 0.07702637 0.6430664 -0.762207
vn 0.3105469 0.9106445 -0.2719727
vn 0.421875 0.8417969 0.3371582
vn 0.3974609 0.1375732 -0.9072266
vn 0.8637695 0.3525391 -0.3603516
vn -0.2868652 -0.1639404 -0.9438477
vn -0.5117188 0.5214844 -0.6831055
vn -0.8056641 -0.4018555 -0.4350586
vn -0.9101563 0.1950684 -0.3649902
vn -0.407959 -0.8457031 -0.34375
vn 0.1035156 -0.75 -0.6533203
vn 0.5683594 -0.3935547 -0.7226563
vn 0.8266602 0.3725586 0.4216309
vn -0.1017456 0.75 0.6538086
vn 0.8964844 -0.3769531 -0.2331543
vn 0.1035156 -0.75 -0.6533203
vn 0.2910156 0.1561279 0.9438477
vn -0.5761719 0.3789063 0.7241211
vn -0.3972168 -0.1761475 0.9003906
vn 0.512207 -0.5263672 0.6787109
vn -0.07366943 -0.6601563 0.7475586
vn 0.9101563 -0.2156982 0.3537598
vn 0.4343262 -0.9003906 0.01586914
vn -0.407959 -0.8457031 -0.34375
vn 0.512207 -0.5263672 0.6787109
vn -0.2939453 -0.9238281 0.2446289
vn -0.07366943 -0.6601563 0.7475586
vn -0.4719238 -0.777832 0.4152832
vn -0.6503906 -0.7446289 -0.1506348
vn -0.9262695 -0.2426758 -0.2878418
vn -0.8759766 -0.1619873 0.4545898
vn -0.130127 -0.5087891 0.8510742
vn -0.8730469 0.3771973 -0.3085938
vn -0.3037109 0.04846191 0.9516602
vn -0.7666016 0.5957031 0.2386475
vn -0.4462891 0.5439453 -0.7104492
vn -0.3527832 0.6201172 0.7006836
vn -0.1627197 0.9750977 -0.1505127
vn 0.2158203 0.8378906 0.5009766
vn 0.1331787 0.4624023 -0.8764648
vn 0.5136719 0.7138672 -0.4760742
vn 0.6943359 0.7109375 0.112793
vn 0.2626953 -0.1314697 -0.9560547
vn 0.8603516 0.01609802 -0.5097656
vn -0.4702148 -0.211792 -0.8569336
vn -0.4462891 0.5439453 -0.7104492
vn -0.9262695 -0.2426758 -0.2878418
vn -0.8730469 0.3771973 -0.3085938
vn -0.6503906 -0.7446289 -0.1506348
vn -0.21875 -0.8378906 -0.5004883
vn 0.300293 -0.6635742 -0.6855469
vn 0.9550781 0.1671143 0.2449951
vn 0.2158203 0.8378906 0.5009766
vn 0.7011719 -0.6713867 -0.2399902
vn -0.21875 -0.8378906 -0.5004883
vn 0.4697266 0.2073975 0.8583984
vn -0.3527832 0.6201172 0.7006836
vn -0.3037109 0.04846191 0.9516602
vn 0.4465332 -0.5395508 0.7138672
vn -0.130127 -0.5087891 0.8510742
vn 0.855957 -0.425293 0.2944336
vn 0.1593018 -0.9760742 0.1494141
vn -0.6503906 -0.7446289 -0.1506348
vn 0.4465332 -0.5395508 0.7138672
vn -0.4719238 -0.777832 0.4152832
vn -0.130127 -0.5087891 0.8510742
vn -0.5859375 -0.5737305 0.5727539
vn -0.8154297 -0.5786133 0.01824951
vn -0.9853516 -0.0368042 -0.1669922
vn -0.8222656 0.1402588 0.5517578
vn -0.144165 -0.3466797 0.9267578
vn -0.7949219 0.5341797 -0.2873535
vn -0.168457 0.251709 0.953125
vn -0.5708008 0.7944336 0.2087402
vn -0.3901367 0.5405273 -0.7451172
vn -0.1208496 0.7709961 0.625
vn 0.04022217 0.9599609 -0.2770996
vn 0.447998 0.8208008 0.354248
vn 0.1412354 0.3127441 -0.9394531
vn 0.6030273 0.5200195 -0.6049805
vn 0.8388672 0.5424805 -0.0446167
vn 0.1329346 -0.2956543 -0.9458008
vn 0.7929688 -0.2246094 -0.5664063
vn -0.5947266 -0.199585 -0.7788086
vn -0.3901367 0.5405273 -0.7451172
vn -0.9853516 -0.0368042 -0.1669922
vn -0.7949219 0.5341797 -0.2873535
vn -0.8154297 -0.5786133 0.01824951
vn -0.4492188 -0.8198242 -0.3554688
vn 0.07940674 -0.7915039 -0.605957
vn 0.9892578 -0.0160675 0.145874
vn 0.447998 0.8208008 0.354248
vn 0.5195313 -0.8320313 -0.1942139
vn -0.4492188 -0.8198242 -0.3554688
vn 0.5947266 0.2004395 0.7788086
vn -0.1208496 0.7709961 0.625
vn -0.168457 0.251709 0.953125
vn 0.394043 -0.5341797 0.7480469
vn -0.144165 -0.3466797 0.9267578
vn 0.7749023 -0.5639648 0.2861328
vn -0.04025269 -0.9599609 0.277832
vn -0.8154297 -0.5786133 0.01824951
vn 0.394043 -0.5341797 0.7480469
vn -0.5859375 -0.5737305 0.5727539
vn -0.144165 -0.3466797 0.9267578
vn -0.6245117 -0.4433594 0.6430664
vn -0.8793945 -0.4663086 0.09625244
vn -0.9887695 0.08496094 -0.1231689
vn -0.7617188 0.3032227 0.5722656
vn -0.1420898 -0.253418 0.9570313
vn -0.7358398 0.6088867 -0.2963867
vn -0.08636475 0.3481445 0.9335938
vn -0.4511719 0.8769531 0.1662598
vn -0.3562012 0.5283203 -0.7705078
vn 0.00381279 0.8242188 0.565918
vn 0.1386719 0.9267578 -0.3486328
vn 0.5532227 0.7856445 0.2766113
vn 0.1436768 0.2310791 -0.9624023
vn 0.6342773 0.4094238 -0.6557617
vn 0.8911133 0.4399414 -0.109375
vn 0.07019043 -0.3688965 -0.9267578
vn 0.7470703 -0.3413086 -0.5703125
vn -0.6445313 -0.1816406 -0.7426758
vn -0.3562012 0.5283203 -0.7705078
vn -0.9887695 0.08496094 -0.1231689
vn -0.7358398 0.6088867 -0.2963867
vn -0.8793945 -0.4663086 0.09625244
vn -0.5537109 -0.7841797 -0.279541
vn -0.02761841 -0.8339844 -0.5512695
vn 0.9868164 -0.1122437 0.1177368
vn 0.5532227 0.7856445 0.2766113
vn 0.4233398 -0.8935547 -0.1505127
vn -0.5537109 -0.7841797 -0.279541
vn 0.6455078 0.1846924 0.7412109
vn 0.00381279 0.8242188 0.565918
vn -0.08636475 0.3481445 0.9335938
vn 0.3608398 -0.5234375 0.7719727
vn -0.1420898 -0.253418 0.9570313
vn 0.7207031 -0.6240234 0.302002
vn -0.137207 -0.9267578 0.3491211
vn -0.8793945 -0.4663086 0.09625244
vn 0.3608398 -0.5234375 0.7719727
vn -0.6245117 -0.4433594 0.6430664
vn -0.1420898 -0.253418 0.9570313
vn -0.6464844 -0.380127 0.6611328
vn -0.902832 -0.4135742 0.1160889
vn -0.9833984 0.133667 -0.1234131
vn -0.7412109 0.3681641 0.5610352
vn -0.1550293 -0.2055664 0.9663086
vn -0.7041016 0.6347656 -0.3181152
vn -0.06573486 0.3891602 0.9189453
vn -0.4030762 0.9057617 0.1317139
vn -0.3347168 0.5141602 -0.7895508
vn 0.04598999 0.8442383 0.5336914
vn 0.175415 0.9091797 -0.3774414
vn 0.5825195 0.7714844 0.2556152
vn 0.161499 0.2022705 -0.9658203
vn 0.6523438 0.3774414 -0.6572266
vn 0.9042969 0.4123535 -0.1116333
vn 0.07434082 -0.394043 -0.9160156
vn 0.7475586 -0.3725586 -0.550293
vn -0.6484375 -0.1820068 -0.7392578
vn -0.3347168 0.5141602 -0.7895508
vn -0.9833984 0.133667 -0.1234131
vn -0.7041016 0.6347656 -0.3181152
vn -0.902832 -0.4135742 0.1160889
vn -0.5825195 -0.7714844 -0.2563477
vn -0.04095459 -0.8461914 -0.53125
vn 0.9819336 -0.1342773 0.1322021
vn 0.5825195 0.7714844 0.2556152
vn 0.4052734 -0.9057617 -0.125
vn -0.5825195 -0.7714844 -0.2563477
vn 0.6489258 0.1811523 0.7392578
vn 0.04598999 0.8442383 0.5336914
vn -0.06573486 0.3891602 0.9189453
vn 0.3347168 -0.5151367 0.7890625
vn -0.1550293 -0.2055664 0.9663086
vn 0.7026367 -0.6342773 0.322998
vn -0.1750488 -0.909668 0.3769531
vn -0.902832 -0.4135742 0.1160889
vn 0.3347168 -0.5151367 0.7890625
vn -0.6464844 -0.380127 0.6611328
vn -0.1550293 -0.2055664 0.9663086
vn -0.6655273 -0.3969727 0.6318359
vn -0.894043 -0.4423828 0.0723877
vn -0.9799805 0.1056519 -0.1693115
vn -0.7744141 0.3508301 0.5263672
vn -0.1982422 -0.2071533 0.9580078
vn -0.7084961 0.6132813 -0.3496094
vn -0.1246338 0.3891602 0.9125977
vn -0.4372559 0.8920898 0.1135864
vn -0.3125 0.503418 -0.8056641
vn -0.01464081 0.84375 0.5361328
vn 0.1591797 0.9174805 -0.364502
vn 0.5356445 0.793457 0.2888184
vn 0.2108154 0.2183838 -0.9526367
vn 0.6723633 0.420166 -0.6098633
vn 0.8876953 0.456543 -0.05703735
vn 0.15625 -0.3759766 -0.9135742
vn 0.8081055 -0.3112793 -0.5004883
vn -0.5996094 -0.2039795 -0.7739258
vn -0.3125 0.503418 -0.8056641
vn -0.9799805 0.1056519 -0.1693115
vn -0.7084961 0.6132813 -0.3496094
vn -0.894043 -0.4423828 0.0723877
vn -0.5356445 -0.793457 -0.2890625
vn 0.03637695 -0.8413086 -0.5390625
vn 0.9785156 -0.07873535 0.1899414
vn 0.5356445 0.793457 0.2888184
vn 0.4660645 -0.878418 -0.105896
vn -0.5356445 -0.793457 -0.2890625
vn 0.6000977 0.2052002 0.7729492
vn -0.01464081 0.84375 0.5361328
vn -0.1246338 0.3891602 0.9125977
vn 0.3120117 -0.5043945 0.8051758
vn -0.1982422 -0.2071533 0.9580078
vn 0.715332 -0.5996094 0.3586426
vn -0.1573486 -0.9169922 0.3662109
vn -0.894043 -0.4423828 0.0723877
vn 0.3120117 -0.5043945 0.8051758
vn -0.6655273 -0.3969727 0.6318359
vn -0.1982422 -0.2071533 0.9580078
vn -0.6547852 -0.503418 0.5639648
vn -0.8354492 -0.5493164 -0.01875305
vn -0.9692383 0.0025177 -0.2463379
vn -0.8452148 0.2403564 0.4775391
vn -0.232666 -0.2763672 0.9326172
vn -0.7446289 0.546875 -0.3828125
vn -0.230835 0.331543 0.9150391
vn -0.5415039 0.8330078 0.1131592
vn -0.3110352 0.5048828 -0.8051758
vn -0.1464844 0.8120117 0.5649414
vn 0.07678223 0.9458008 -0.3156738
vn 0.4191895 0.8344727 0.3579102
vn 0.2337646 0.2880859 -0.9287109
vn 0.6494141 0.5185547 -0.5561523
vn 0.8305664 0.5566406 0.01864624
vn 0.236084 -0.3134766 -0.9199219
vn 0.8540039 -0.2001953 -0.4797363
vn -0.5166016 -0.2315674 -0.8242188
vn -0.3110352 0.5048828 -0.8051758
vn -0.9692383 0.0025177 -0.2463379
vn -0.7446289 0.546875 -0.3828125
vn -0.8354492 -0.5493164 -0.01875305
vn -0.4196777 -0.8334961 -0.359375
vn 0.149292 -0.8076172 -0.5703125
vn 0.9692383 0.01747131 0.2462158
vn 0.4191895 0.8344727 0.3579102
vn 0.5546875 -0.8237305 -0.1153564
vn -0.4196777 -0.8334961 -0.359375
vn 0.5170898 0.2362061 0.8227539
vn -0.1464844 0.8120117 0.5649414
vn -0.230835 0.331543 0.9150391
vn 0.3125 -0.5019531 0.8066406
vn -0.232666 -0.2763672 0.9326172
vn 0.7509766 -0.5366211 0.3845215
vn -0.07568359 -0.9453125 0.3168945
vn -0.8354492 -0.5493164 -0.01875305
vn 0.3125 -0.5019531 0.8066406
vn -0.6547852 -0.503418 0.5639648
vn -0.232666 -0.2763672 0.9326172
vn -0.5854492 -0.6015625 0.543457
vn -0.7744141 -0.6318359 -0.03421021
vn -0.9711914 -0.07543945 -0.2254639
vn -0.8540039 0.1402588 0.5014648
vn -0.1650391 -0.3618164 0.9174805
vn -0.8071289 0.4899902 -0.3300781
vn -0.2271729 0.255127 0.9399414
vn -0.6142578 0.7700195 0.1728516
vn -0.3991699 0.5209961 -0.7543945
vn -0.1987305 0.7592773 0.6196289
vn -0.04006958 0.9672852 -0.2498779
vn 0.3432617 0.8491211 0.401123
vn 0.151001 0.3793945 -0.9130859
vn 0.5561523 0.6303711 -0.5415039
vn 0.7602539 0.6489258 0.03086853
vn 0.2176514 -0.2165527 -0.9516602
vn 0.8442383 -0.06903076 -0.5317383
vn -0.5263672 -0.2282715 -0.8188477
vn -0.3991699 0.5209961 -0.7543945
vn -0.9711914 -0.07543945 -0.2254639
vn -0.8071289 0.4899902 -0.3300781
vn -0.7744141 -0.6318359 -0.03421021
vn -0.3452148 -0.8476563 -0.402832
vn 0.2003174 -0.746582 -0.6342773
vn 0.9707031 0.1136475 0.2108154
vn 0.3432617 0.8491211 0.401123
vn 0.6323242 -0.7490234 -0.1992188
vn -0.3452148 -0.8476563 -0.402832
vn 0.5253906 0.236084 0.8173828
vn -0.1987305 0.7592773 0.6196289
vn -0.2271729 0.255127 0.9399414
vn 0.3994141 -0.519043 0.7553711
vn -0.1650391 -0.3618164 0.9174805
vn 0.8178711 -0.4765625 0.3222656
vn 0.03872681 -0.9677734 0.2489014
vn -0.7744141 -0.6318359 -0.03421021
vn 0.3994141 -0.519043 0.7553711
vn -0.5854492 -0.6015625 0.543457
vn -0.1650391 -0.3618164 0.9174805
vn -0.3789063 -0.7753906 0.5048828
vn -0.628418 -0.7753906 -0.05899048
vn -0.9604492 -0.2399902 -0.1395264
vn -0.8017578 -0.07434082 0.5927734
vn 0.05761719 -0.5004883 0.8637695
vn -0.9199219 0.3532715 -0.1691895
vn -0.1331787 0.09576416 0.9863281
vn -0.7163086 0.6079102 0.342041
vn -0.6088867 0.5136719 -0.6044922
vn -0.2424316 0.6293945 0.7382813
vn -0.2753906 0.9575195 -0.0869751
vn 0.2182617 0.8461914 0.4863281
vn -0.1243896 0.5327148 -0.8369141
vn 0.2602539 0.8383789 -0.4787598
vn 0.574707 0.8154297 0.06671143
vn 0.05319214 -0.004520416 -0.9985352
vn 0.6894531 0.28125 -0.6674805
vn -0.590332 -0.2248535 -0.7749023
vn -0.6088867 0.5136719 -0.6044922
vn -0.9604492 -0.2399902 -0.1395264
vn -0.9199219 0.3532715 -0.1691895
vn -0.628418 -0.7753906 -0.05899048
vn -0.2226563 -0.8427734 -0.4899902
vn 0.225708 -0.5947266 -0.7714844
vn 0.9326172 0.3461914 0.1018677
vn 0.2182617 0.8461914 0.4863281
vn 0.7348633 -0.5249023 -0.4291992
vn -0.2226563 -0.8427734 -0.4899902
vn 0.5844727 0.2442627 0.7739258
vn -0.2424316 0.6293945 0.7382813
vn -0.1331787 0.09576416 0.9863281
vn 0.6098633 -0.5107422 0.605957
vn 0.05761719 -0.5004883 0.8637695
vn 0.9394531 -0.3125 0.1402588
vn 0.2727051 -0.9584961 0.08099365
vn -0.628418 -0.7753906 -0.05899048
vn 0.6098633 -0.5107422 0.605957
vn -0.3789063 -0.7753906 0.5048828
vn 0.05761719 -0.5004883 0.8637695
vn 0.2861328 -0.9394531 0.1873779
vn -0.1605225 -0.956543 -0.2434082
vn -0.7158203 -0.6972656 0.04129028
vn -0.3349609 -0.6196289 0.7099609
vn 0.7158203 -0.5224609 0.4631348
vn -0.9375 -0.2098389 0.2780762
vn 0.3444824 -0.1811523 0.9208984
vn -0.6474609 0.02297974 0.7617188
vn -0.9907227 0.1265869 -0.05111694
vn -0.07281494 0.230835 0.9702148
vn -0.6728516 0.5615234 0.4812012
vn 0.04650879 0.6733398 0.737793
vn -0.8139648 0.4645996 -0.3486328
vn -0.4919434 0.8701172 -0.02975464
vn 0.05810547 0.9541016 0.2941895
vn -0.5463867 0.2208252 -0.8081055
vn -0.07519531 0.7915039 -0.6069336
vn -0.7421875 -0.3793945 -0.5522461
vn -0.9907227 0.1265869 -0.05111694
vn -0.7158203 -0.6972656 0.04129028
vn -0.9375 -0.2098389 0.2780762
vn -0.1605225 -0.956543 -0.2434082
vn -0.03967285 -0.6743164 -0.7373047
vn -0.01506805 -0.1416016 -0.9897461
vn 0.5288086 0.8476563 -0.0406189
vn 0.04650879 0.6733398 0.737793
vn 0.4875488 0.1835938 -0.8535156
vn -0.03967285 -0.6743164 -0.7373047
vn 0.7255859 0.394043 0.5639648
vn -0.07281494 0.230835 0.9702148
vn 0.3444824 -0.1811523 0.9208984
vn 0.9902344 -0.12854 0.04968262
vn 0.7158203 -0.5224609 0.4631348
vn 0.8647461 0.3571777 -0.3525391
vn 0.6650391 -0.5668945 -0.4865723
vn -0.1605225 -0.956543 -0.2434082
vn 0.9902344 -0.12854 0.04968262
vn 0.2861328 -0.9394531 0.1873779
vn 0.7158203 -0.5224609 0.4631348
vn 0.4941406 0 0.8691406
vn 0.4941406 0 0.8691406
vn 0.4941406 0 0.8691406
vn 0.4941406 0 0.8691406
vn 0.4941406 0 0.8691406
vn 0.4941406 0 0.8691406
vn 0.4941406 0 0.8691406
vn 0.4941406 0 0.8691406
vn 0.4941406 0 0.8691406
vn 0.4941406 0 0.8691406
vn 0.4941406 0 0.8691406
vn 0.4941406 0 0.8691406
vn 0.4941406 0 0.8691406
vn 0.4941406 0 0.8691406
vn 0.4941406 0 0.8691406
vn 0.4941406 0 0.8691406
vn 0.4941406 0 0.8691406
vn 0.4941406 0 0.8691406
vn 0.4941406 0 0.8691406
vn 0.4941406 0 0.8691406
g Theater_Light_0
f 3/3/3 2/2/2 1/1/1
f 4/4/4 3/3/3 1/1/1
f 4/4/4 1/1/1 5/5/5
f 6/6/6 3/3/3 4/4/4
f 7/7/7 4/4/4 5/5/5
f 8/8/8 6/6/6 4/4/4
f 8/8/8 4/4/4 7/7/7
f 9/9/9 6/6/6 8/8/8
f 10/10/10 8/8/8 7/7/7
f 11/11/11 9/9/9 8/8/8
f 11/11/11 8/8/8 10/10/10
f 12/12/12 11/11/11 10/10/10
f 13/13/13 9/9/9 11/11/11
f 14/14/14 11/11/11 12/12/12
f 14/14/14 13/13/13 11/11/11
f 15/15/15 14/14/14 12/12/12
f 16/16/16 13/13/13 14/14/14
f 17/17/17 14/14/14 15/15/15
f 17/17/17 16/16/16 14/14/14
f 16/16/16 18/18/18 13/13/13
f 18/18/18 19/19/19 13/13/13
f 18/18/18 20/20/20 19/19/19
f 20/20/20 21/21/21 19/19/19
f 22/22/22 20/20/20 18/18/18
f 23/23/23 22/22/22 18/18/18
f 23/23/23 18/18/18 16/16/16
f 24/24/24 23/23/23 16/16/16
f 24/24/24 16/16/16 17/17/17
f 25/25/25 17/17/17 15/15/15
f 25/25/25 15/15/15 26/26/26
f 27/27/27 24/24/24 17/17/17
f 27/27/27 17/17/17 25/25/25
f 28/28/28 24/24/24 27/27/27
f 29/29/29 25/25/25 26/26/26
f 29/29/29 26/26/26 30/30/30
f 31/31/31 29/29/29 30/30/30
f 32/32/32 29/29/29 31/31/31
f 33/33/33 32/32/32 31/31/31
f 32/32/32 34/34/34 29/29/29
f 34/34/34 25/25/25 29/29/29
f 34/34/34 27/27/27 25/25/25
f 35/35/35 28/28/28 27/27/27
f 35/35/35 27/27/27 34/34/34
f 36/36/36 28/28/28 35/35/35
f 37/37/37 35/35/35 34/34/34
f 38/38/38 36/36/36 35/35/35
f 38/38/38 35/35/35 37/37/37
f 39/39/39 38/38/38 37/37/37
f 42/42/42 41/41/41 40/40/40
f 43/43/43 42/42/42 40/40/40
f 43/43/43 40/40/40 44/44/44
f 45/45/45 42/42/42 43/43/43
f 46/46/46 43/43/43 44/44/44
f 47/47/47 45/45/45 43/43/43
f 47/47/47 43/43/43 46/46/46
f 48/48/48 45/45/45 47/47/47
f 49/49/49 47/47/47 46/46/46
f 50/50/50 48/48/48 47/47/47
f 50/50/50 47/47/47 49/49/49
f 51/51/51 50/50/50 49/49/49
f 52/52/52 48/48/48 50/50/50
f 53/53/53 50/50/50 51/51/51
f 53/53/53 52/52/52 50/50/50
f 54/54/54 53/53/53 51/51/51
f 55/55/55 52/52/52 53/53/53
f 56/56/56 53/53/53 54/54/54
f 56/56/56 55/55/55 53/53/53
f 55/55/55 57/57/57 52/52/52
f 57/57/57 58/58/58 52/52/52
f 57/57/57 59/59/59 58/58/58
f 59/59/59 60/60/60 58/58/58
f 61/61/61 59/59/59 57/57/57
f 62/62/62 61/61/61 57/57/57
f 62/62/62 57/57/57 55/55/55
f 63/63/63 62/62/62 55/55/55
f 63/63/63 55/55/55 56/56/56
f 64/64/64 56/56/56 54/54/54
f 64/64/64 54/54/54 65/65/65
f 66/66/66 63/63/63 56/56/56
f 66/66/66 56/56/56 64/64/64
f 67/67/67 63/63/63 66/66/66
f 68/68/68 64/64/64 65/65/65
f 68/68/68 65/65/65 69/69/69
f 70/70/70 68/68/68 69/69/69
f 71/71/71 68/68/68 70/70/70
f 72/72/72 71/71/71 70/70/70
f 71/71/71 73/73/73 68/68/68
f 73/73/73 64/64/64 68/68/68
f 73/73/73 66/66/66 64/64/64
f 74/74/74 67/67/67 66/66/66
f 74/74/74 66/66/66 73/73/73
f 75/75/75 67/67/67 74/74/74
f 76/76/76 74/74/74 73/73/73
f 77/77/77 75/75/75 74/74/74
f 77/77/77 74/74/74 76/76/76
f 78/78/78 77/77/77 76/76/76
f 81/81/81 80/80/80 79/79/79
f 82/82/82 81/81/81 79/79/79
f 82/82/82 79/79/79 83/83/83
f 84/84/84 81/81/81 82/82/82
f 85/85/85 82/82/82 83/83/83
f 86/86/86 84/84/84 82/82/82
f 86/86/86 82/82/82 85/85/85
f 87/87/87 84/84/84 86/86/86
f 88/88/88 86/86/86 85/85/85
f 89/89/89 87/87/87 86/86/86
f 89/89/89 86/86/86 88/88/88
f 90/90/90 89/89/89 88/88/88
f 91/91/91 87/87/87 89/89/89
f 92/92/92 89/89/89 90/90/90
f 92/92/92 91/91/91 89/89/89
f 93/93/93 92/92/92 90/90/90
f 94/94/94 91/91/91 92/92/92
f 95/95/95 92/92/92 93/93/93
f 95/95/95 94/94/94 92/92/92
f 94/94/94 96/96/96 91/91/91
f 96/96/96 97/97/97 91/91/91
f 96/96/96 98/98/98 97/97/97
f 98/98/98 99/99/99 97/97/97
f 100/100/100 98/98/98 96/96/96
f 101/101/101 100/100/100 96/96/96
f 101/101/101 96/96/96 94/94/94
f 102/102/102 101/101/101 94/94/94
f 102/102/102 94/94/94 95/95/95
f 103/103/103 95/95/95 93/93/93
f 103/103/103 93/93/93 104/104/104
f 105/105/105 102/102/102 95/95/95
f 105/105/105 95/95/95 103/103/103
f 106/106/106 102/102/102 105/105/105
f 107/107/107 103/103/103 104/104/104
f 107/107/107 104/104/104 108/108/108
f 109/109/109 107/107/107 108/108/108
f 110/110/110 107/107/107 109/109/109
f 111/111/111 110/110/110 109/109/109
f 110/110/110 112/112/112 107/107/107
f 112/112/112 103/103/103 107/107/107
f 112/112/112 105/105/105 103/103/103
f 113/113/113 106/106/106 105/105/105
f 113/113/113 105/105/105 112/112/112
f 114/114/114 106/106/106 113/113/113
f 115/115/115 113/113/113 112/112/112
f 116/116/116 114/114/114 113/113/113
f 116/116/116 113/113/113 115/115/115
f 117/117/117 116/116/116 115/115/115
f 120/120/120 119/119/119 118/118/118
f 121/121/121 120/120/120 118/118/118
f 121/121/121 118/118/118 122/122/122
f 123/123/123 120/120/120 121/121/121
f 124/124/124 121/121/121 122/122/122
f 125/125/125 123/123/123 121/121/121
f 125/125/125 121/121/121 124/124/124
f 126/126/126 123/123/123 125/125/125
f 127/127/127 125/125/125 124/124/124
f 128/128/128 126/126/126 125/125/125
f 128/128/128 125/125/125 127/127/127
f 129/129/129 128/128/128 127/127/127
f 130/130/130 126/126/126 128/128/128
f 131/131/131 128/128/128 129/129/129
f 131/131/131 130/130/130 128/128/128
f 132/132/132 131/131/131 129/129/129
f 133/133/133 130/130/130 131/131/131
f 134/134/134 131/131/131 132/132/132
f 134/134/134 133/133/133 131/131/131
f 133/133/133 135/135/135 130/130/130
f 135/135/135 136/136/136 130/130/130
f 135/135/135 137/137/137 136/136/136
f 137/137/137 138/138/138 136/136/136
f 139/139/139 137/137/137 135/135/135
f 140/140/140 139/139/139 135/135/135
f 140/140/140 135/135/135 133/133/133
f 141/141/141 140/140/140 133/133/133
f 141/141/141 133/133/133 134/134/134
f 142/142/142 134/134/134 132/132/132
f 142/142/142 132/132/132 143/143/143
f 144/144/144 141/141/141 134/134/134
f 144/144/144 134/134/134 142/142/142
f 145/145/145 141/141/141 144/144/144
f 146/146/146 142/142/142 143/143/143
f 146/146/146 143/143/143 147/147/147
f 148/148/148 146/146/146 147/147/147
f 149/149/149 146/146/146 148/148/148
f 150/150/150 149/149/149 148/148/148
f 149/149/149 151/151/151 146/146/146
f 151/151/151 142/142/142 146/146/146
f 151/151/151 144/144/144 142/142/142
f 152/152/152 145/145/145 144/144/144
f 152/152/152 144/144/144 151/151/151
f 153/153/153 145/145/145 152/152/152
f 154/154/154 152/152/152 151/151/151
f 155/155/155 153/153/153 152/152/152
f 155/155/155 152/152/152 154/154/154
f 156/156/156 155/155/155 154/154/154
f 159/159/159 158/158/158 157/157/157
f 160/160/160 159/159/159 157/157/157
f 160/160/160 157/157/157 161/161/161
f 162/162/162 159/159/159 160/160/160
f 163/163/163 160/160/160 161/161/161
f 164/164/164 162/162/162 160/160/160
f 164/164/164 160/160/160 163/163/163
f 165/165/165 162/162/162 164/164/164
f 166/166/166 164/164/164 163/163/163
f 167/167/167 165/165/165 164/164/164
f 167/167/167 164/164/164 166/166/166
f 168/168/168 167/167/167 166/166/166
f 169/169/169 165/165/165 167/167/167
f 170/170/170 167/167/167 168/168/168
f 170/170/170 169/169/169 167/167/167
f 171/171/171 170/170/170 168/168/168
f 172/172/172 169/169/169 170/170/170
f 173/173/173 170/170/170 171/171/171
f 173/173/173 172/172/172 170/170/170
f 172/172/172 174/174/174 169/169/169
f 174/174/174 175/175/175 169/169/169
f 174/174/174 176/176/176 175/175/175
f 176/176/176 177/177/177 175/175/175
f 178/178/178 176/176/176 174/174/174
f 179/179/179 178/178/178 174/174/174
f 179/179/179 174/174/174 172/172/172
f 180/180/180 179/179/179 172/172/172
f 180/180/180 172/172/172 173/173/173
f 181/181/181 173/173/173 171/171/171
f 181/181/181 171/171/171 182/182/182
f 183/183/183 180/180/180 173/173/173
f 183/183/183 173/173/173 181/181/181
f 184/184/184 180/180/180 183/183/183
f 185/185/185 181/181/181 182/182/182
f 185/185/185 182/182/182 186/186/186
f 187/187/187 185/185/185 186/186/186
f 188/188/188 185/185/185 187/187/187
f 189/189/189 188/188/188 187/187/187
f 188/188/188 190/190/190 185/185/185
f 190/190/190 181/181/181 185/185/185
f 190/190/190 183/183/183 181/181/181
f 191/191/191 184/184/184 183/183/183
f 191/191/191 183/183/183 190/190/190
f 192/192/192 184/184/184 191/191/191
f 193/193/193 191/191/191 190/190/190
f 194/194/194 192/192/192 191/191/191
f 194/194/194 191/191/191 193/193/193
f 195/195/195 194/194/194 193/193/193
f 198/198/198 197/197/197 196/196/196
f 199/199/199 198/198/198 196/196/196
f 199/199/199 196/196/196 200/200/200
f 201/201/201 198/198/198 199/199/199
f 202/202/202 199/199/199 200/200/200
f 203/203/203 201/201/201 199/199/199
f 203/203/203 199/199/199 202/202/202
f 204/204/204 201/201/201 203/203/203
f 205/205/205 203/203/203 202/202/202
f 206/206/206 204/204/204 203/203/203
f 206/206/206 203/203/203 205/205/205
f 207/207/207 206/206/206 205/205/205
f 208/208/208 204/204/204 206/206/206
f 209/209/209 206/206/206 207/207/207
f 209/209/209 208/208/208 206/206/206
f 210/210/210 209/209/209 207/207/207
f 211/211/211 208/208/208 209/209/209
f 212/212/212 209/209/209 210/210/210
f 212/212/212 211/211/211 209/209/209
f 211/211/211 213/213/213 208/208/208
f 213/213/213 214/214/214 208/208/208
f 213/213/213 215/215/215 214/214/214
f 215/215/215 216/216/216 214/214/214
f 217/217/217 215/215/215 213/213/213
f 218/218/218 217/217/217 213/213/213
f 218/218/218 213/213/213 211/211/211
f 219/219/219 218/218/218 211/211/211
f 219/219/219 211/211/211 212/212/212
f 220/220/220 212/212/212 210/210/210
f 220/220/220 210/210/210 221/221/221
f 222/222/222 219/219/219 212/212/212
f 222/222/222 212/212/212 220/220/220
f 223/223/223 219/219/219 222/222/222
f 224/224/224 220/220/220 221/221/221
f 224/224/224 221/221/221 225/225/225
f 226/226/226 224/224/224 225/225/225
f 227/227/227 224/224/224 226/226/226
f 228/228/228 227/227/227 226/226/226
f 227/227/227 229/229/229 224/224/224
f 229/229/229 220/220/220 224/224/224
f 229/229/229 222/222/222 220/220/220
f 230/230/230 223/223/223 222/222/222
f 230/230/230 222/222/222 229/229/229
f 231/231/231 223/223/223 230/230/230
f 232/232/232 230/230/230 229/229/229
f 233/233/233 231/231/231 230/230/230
f 233/233/233 230/230/230 232/232/232
f 234/234/234 233/233/233 232/232/232
f 237/237/237 236/236/236 235/235/235
f 238/238/238 237/237/237 235/235/235
f 238/238/238 235/235/235 239/239/239
f 240/240/240 237/237/237 238/238/238
f 241/241/241 238/238/238 239/239/239
f 242/242/242 240/240/240 238/238/238
f 242/242/242 238/238/238 241/241/241
f 243/243/243 240/240/240 242/242/242
f 244/244/244 242/242/242 241/241/241
f 245/245/245 243/243/243 242/242/242
f 245/245/245 242/242/242 244/244/244
f 246/246/246 245/245/245 244/244/244
f 247/247/247 243/243/243 245/245/245
f 248/248/248 245/245/245 246/246/246
f 248/248/248 247/247/247 245/245/245
f 249/249/249 248/248/248 246/246/246
f 250/250/250 247/247/247 248/248/248
f 251/251/251 248/248/248 249/249/249
f 251/251/251 250/250/250 248/248/248
f 250/250/250 252/252/252 247/247/247
f 252/252/252 253/253/253 247/247/247
f 252/252/252 254/254/254 253/253/253
f 254/254/254 255/255/255 253/253/253
f 256/256/256 254/254/254 252/252/252
f 257/257/257 256/256/256 252/252/252
f 257/257/257 252/252/252 250/250/250
f 258/258/258 257/257/257 250/250/250
f 258/258/258 250/250/250 251/251/251
f 259/259/259 251/251/251 249/249/249
f 259/259/259 249/249/249 260/260/260
f 261/261/261 258/258/258 251/251/251
f 261/261/261 251/251/251 259/259/259
f 262/262/262 258/258/258 261/261/261
f 263/263/263 259/259/259 260/260/260
f 263/263/263 260/260/260 264/264/264
f 265/265/265 263/263/263 264/264/264
f 266/266/266 263/263/263 265/265/265
f 267/267/267 266/266/266 265/265/265
f 266/266/266 268/268/268 263/263/263
f 268/268/268 259/259/259 263/263/263
f 268/268/268 261/261/261 259/259/259
f 269/269/269 262/262/262 261/261/261
f 269/269/269 261/261/261 268/268/268
f 270/270/270 262/262/262 269/269/269
f 271/271/271 269/269/269 268/268/268
f 272/272/272 270/270/270 269/269/269
f 272/272/272 269/269/269 271/271/271
f 273/273/273 272/272/272 271/271/271
f 276/276/276 275/275/275 274/274/274
f 277/277/277 276/276/276 274/274/274
f 277/277/277 274/274/274 278/278/278
f 279/279/279 276/276/276 277/277/277
f 280/280/280 277/277/277 278/278/278
f 281/281/281 279/279/279 277/277/277
f 281/281/281 277/277/277 280/280/280
f 282/282/282 279/279/279 281/281/281
f 283/283/283 281/281/281 280/280/280
f 284/284/284 282/282/282 281/281/281
f 284/284/284 281/281/281 283/283/283
f 285/285/285 284/284/284 283/283/283
f 286/286/286 282/282/282 284/284/284
f 287/287/287 284/284/284 285/285/285
f 287/287/287 286/286/286 284/284/284
f 288/288/288 287/287/287 285/285/285
f 289/289/289 286/286/286 287/287/287
f 290/290/290 287/287/287 288/288/288
f 290/290/290 289/289/289 287/287/287
f 289/289/289 291/291/291 286/286/286
f 291/291/291 292/292/292 286/286/286
f 291/291/291 293/293/293 292/292/292
f 293/293/293 294/294/294 292/292/292
f 295/295/295 293/293/293 291/291/291
f 296/296/296 295/295/295 291/291/291
f 296/296/296 291/291/291 289/289/289
f 297/297/297 296/296/296 289/289/289
f 297/297/297 289/289/289 290/290/290
f 298/298/298 290/290/290 288/288/288
f 298/298/298 288/288/288 299/299/299
f 300/300/300 297/297/297 290/290/290
f 300/300/300 290/290/290 298/298/298
f 301/301/301 297/297/297 300/300/300
f 302/302/302 298/298/298 299/299/299
f 302/302/302 299/299/299 303/303/303
f 304/304/304 302/302/302 303/303/303
f 305/305/305 302/302/302 304/304/304
f 306/306/306 305/305/305 304/304/304
f 305/305/305 307/307/307 302/302/302
f 307/307/307 298/298/298 302/302/302
f 307/307/307 300/300/300 298/298/298
f 308/308/308 301/301/301 300/300/300
f 308/308/308 300/300/300 307/307/307
f 309/309/309 301/301/301 308/308/308
f 310/310/310 308/308/308 307/307/307
f 311/311/311 309/309/309 308/308/308
f 311/311/311 308/308/308 310/310/310
f 312/312/312 311/311/311 310/310/310
f 315/315/315 314/314/314 313/313/313
f 316/316/316 315/315/315 313/313/313
f 316/316/316 313/313/313 317/317/317
f 318/318/318 315/315/315 316/316/316
f 319/319/319 316/316/316 317/317/317
f 320/320/320 318/318/318 316/316/316
f 320/320/320 316/316/316 319/319/319
f 321/321/321 318/318/318 320/320/320
f 322/322/322 320/320/320 319/319/319
f 323/323/323 321/321/321 320/320/320
f 323/323/323 320/320/320 322/322/322
f 324/324/324 323/323/323 322/322/322
f 325/325/325 321/321/321 323/323/323
f 326/326/326 323/323/323 324/324/324
f 326/326/326 325/325/325 323/323/323
f 327/327/327 326/326/326 324/324/324
f 328/328/328 325/325/325 326/326/326
f 329/329/329 326/326/326 327/327/327
f 329/329/329 328/328/328 326/326/326
f 328/328/328 330/330/330 325/325/325
f 330/330/330 331/331/331 325/325/325
f 330/330/330 332/332/332 331/331/331
f 332/332/332 333/333/333 331/331/331
f 334/334/334 332/332/332 330/330/330
f 335/335/335 334/334/334 330/330/330
f 335/335/335 330/330/330 328/328/328
f 336/336/336 335/335/335 328/328/328
f 336/336/336 328/328/328 329/329/329
f 337/337/337 329/329/329 327/327/327
f 337/337/337 327/327/327 338/338/338
f 339/339/339 336/336/336 329/329/329
f 339/339/339 329/329/329 337/337/337
f 340/340/340 336/336/336 339/339/339
f 341/341/341 337/337/337 338/338/338
f 341/341/341 338/338/338 342/342/342
f 343/343/343 341/341/341 342/342/342
f 344/344/344 341/341/341 343/343/343
f 345/345/345 344/344/344 343/343/343
f 344/344/344 346/346/346 341/341/341
f 346/346/346 337/337/337 341/341/341
f 346/346/346 339/339/339 337/337/337
f 347/347/347 340/340/340 339/339/339
f 347/347/347 339/339/339 346/346/346
f 348/348/348 340/340/340 347/347/347
f 349/349/349 347/347/347 346/346/346
f 350/350/350 348/348/348 347/347/347
f 350/350/350 347/347/347 349/349/349
f 351/351/351 350/350/350 349/349/349
f 354/354/354 353/353/353 352/352/352
f 355/355/355 354/354/354 352/352/352
f 355/355/355 352/352/352 356/356/356
f 357/357/357 354/354/354 355/355/355
f 358/358/358 355/355/355 356/356/356
f 359/359/359 357/357/357 355/355/355
f 359/359/359 355/355/355 358/358/358
f 360/360/360 357/357/357 359/359/359
f 361/361/361 359/359/359 358/358/358
f 362/362/362 360/360/360 359/359/359
f 362/362/362 359/359/359 361/361/361
f 363/363/363 362/362/362 361/361/361
f 364/364/364 360/360/360 362/362/362
f 365/365/365 362/362/362 363/363/363
f 365/365/365 364/364/364 362/362/362
f 366/366/366 365/365/365 363/363/363
f 367/367/367 364/364/364 365/365/365
f 368/368/368 365/365/365 366/366/366
f 368/368/368 367/367/367 365/365/365
f 367/367/367 369/369/369 364/364/364
f 369/369/369 370/370/370 364/364/364
f 369/369/369 371/371/371 370/370/370
f 371/371/371 372/372/372 370/370/370
f 373/373/373 371/371/371 369/369/369
f 374/374/374 373/373/373 369/369/369
f 374/374/374 369/369/369 367/367/367
f 375/375/375 374/374/374 367/367/367
f 375/375/375 367/367/367 368/368/368
f 376/376/376 368/368/368 366/366/366
f 376/376/376 366/366/366 377/377/377
f 378/378/378 375/375/375 368/368/368
f 378/378/378 368/368/368 376/376/376
f 379/379/379 375/375/375 378/378/378
f 380/380/380 376/376/376 377/377/377
f 380/380/380 377/377/377 381/381/381
f 382/382/382 380/380/380 381/381/381
f 383/383/383 380/380/380 382/382/382
f 384/384/384 383/383/383 382/382/382
f 383/383/383 385/385/385 380/380/380
f 385/385/385 376/376/376 380/380/380
f 385/385/385 378/378/378 376/376/376
f 386/386/386 379/379/379 378/378/378
f 386/386/386 378/378/378 385/385/385
f 387/387/387 379/379/379 386/386/386
f 388/388/388 386/386/386 385/385/385
f 389/389/389 387/387/387 386/386/386
f 389/389/389 386/386/386 388/388/388
f 390/390/390 389/389/389 388/388/388
f 393/393/393 392/392/392 391/391/391
f 394/394/394 393/393/393 391/391/391
f 394/394/394 391/391/391 395/395/395
f 396/396/396 393/393/393 394/394/394
f 397/397/397 394/394/394 395/395/395
f 398/398/398 396/396/396 394/394/394
f 398/398/398 394/394/394 397/397/397
f 399/399/399 396/396/396 398/398/398
f 400/400/400 398/398/398 397/397/397
f 401/401/401 399/399/399 398/398/398
f 401/401/401 398/398/398 400/400/400
f 402/402/402 401/401/401 400/400/400
f 403/403/403 399/399/399 401/401/401
f 404/404/404 401/401/401 402/402/402
f 404/404/404 403/403/403 401/401/401
f 405/405/405 404/404/404 402/402/402
f 406/406/406 403/403/403 404/404/404
f 407/407/407 404/404/404 405/405/405
f 407/407/407 406/406/406 404/404/404
f 406/406/406 408/408/408 403/403/403
f 408/408/408 409/409/409 403/403/403
f 408/408/408 410/410/410 409/409/409
f 410/410/410 411/411/411 409/409/409
f 412/412/412 410/410/410 408/408/408
f 413/413/413 412/412/412 408/408/408
f 413/413/413 408/408/408 406/406/406
f 414/414/414 413/413/413 406/406/406
f 414/414/414 406/406/406 407/407/407
f 415/415/415 407/407/407 405/405/405
f 415/415/415 405/405/405 416/416/416
f 417/417/417 414/414/414 407/407/407
f 417/417/417 407/407/407 415/415/415
f 418/418/418 414/414/414 417/417/417
f 419/419/419 415/415/415 416/416/416
f 419/419/419 416/416/416 420/420/420
f 421/421/421 419/419/419 420/420/420
f 422/422/422 419/419/419 421/421/421
f 423/423/423 422/422/422 421/421/421
f 422/422/422 424/424/424 419/419/419
f 424/424/424 415/415/415 419/419/419
f 424/424/424 417/417/417 415/415/415
f 425/425/425 418/418/418 417/417/417
f 425/425/425 417/417/417 424/424/424
f 426/426/426 418/418/418 425/425/425
f 427/427/427 425/425/425 424/424/424
f 428/428/428 426/426/426 425/425/425
f 428/428/428 425/425/425 427/427/427
f 429/429/429 428/428/428 427/427/427
f 432/432/432 431/431/431 430/430/430
f 433/433/433 432/432/432 430/430/430
f 433/433/433 430/430/430 434/434/434
f 435/435/435 432/432/432 433/433/433
f 436/436/436 433/433/433 434/434/434
f 437/437/437 435/435/435 433/433/433
f 437/437/437 433/433/433 436/436/436
f 438/438/438 435/435/435 437/437/437
f 439/439/439 437/437/437 436/436/436
f 440/440/440 438/438/438 437/437/437
f 440/440/440 437/437/437 439/439/439
f 441/441/441 440/440/440 439/439/439
f 442/442/442 438/438/438 440/440/440
f 443/443/443 440/440/440 441/441/441
f 443/443/443 442/442/442 440/440/440
f 444/444/444 443/443/443 441/441/441
f 445/445/445 442/442/442 443/443/443
f 446/446/446 443/443/443 444/444/444
f 446/446/446 445/445/445 443/443/443
f 445/445/445 447/447/447 442/442/442
f 447/447/447 448/448/448 442/442/442
f 447/447/447 449/449/449 448/448/448
f 449/449/449 450/450/450 448/448/448
f 451/451/451 449/449/449 447/447/447
f 452/452/452 451/451/451 447/447/447
f 452/452/452 447/447/447 445/445/445
f 453/453/453 452/452/452 445/445/445
f 453/453/453 445/445/445 446/446/446
f 454/454/454 446/446/446 444/444/444
f 454/454/454 444/444/444 455/455/455
f 456/456/456 453/453/453 446/446/446
f 456/456/456 446/446/446 454/454/454
f 457/457/457 453/453/453 456/456/456
f 458/458/458 454/454/454 455/455/455
f 458/458/458 455/455/455 459/459/459
f 460/460/460 458/458/458 459/459/459
f 461/461/461 458/458/458 460/460/460
f 462/462/462 461/461/461 460/460/460
f 461/461/461 463/463/463 458/458/458
f 463/463/463 454/454/454 458/458/458
f 463/463/463 456/456/456 454/454/454
f 464/464/464 457/457/457 456/456/456
f 464/464/464 456/456/456 463/463/463
f 465/465/465 457/457/457 464/464/464
f 466/466/466 464/464/464 463/463/463
f 467/467/467 465/465/465 464/464/464
f 467/467/467 464/464/464 466/466/466
f 468/468/468 467/467/467 466/466/466
f 471/471/471 470/470/470 469/469/469
f 472/472/472 471/471/471 469/469/469
f 472/472/472 469/469/469 473/473/473
f 474/474/474 471/471/471 472/472/472
f 475/475/475 472/472/472 473/473/473
f 476/476/476 474/474/474 472/472/472
f 476/476/476 472/472/472 475/475/475
f 477/477/477 474/474/474 476/476/476
f 478/478/478 476/476/476 475/475/475
f 479/479/479 477/477/477 476/476/476
f 479/479/479 476/476/476 478/478/478
f 480/480/480 479/479/479 478/478/478
f 481/481/481 477/477/477 479/479/479
f 482/482/482 479/479/479 480/480/480
f 482/482/482 481/481/481 479/479/479
f 483/483/483 482/482/482 480/480/480
f 484/484/484 481/481/481 482/482/482
f 485/485/485 482/482/482 483/483/483
f 485/485/485 484/484/484 482/482/482
f 484/484/484 486/486/486 481/481/481
f 486/486/486 487/487/487 481/481/481
f 486/486/486 488/488/488 487/487/487
f 488/488/488 489/489/489 487/487/487
f 490/490/490 488/488/488 486/486/486
f 491/491/491 490/490/490 486/486/486
f 491/491/491 486/486/486 484/484/484
f 492/492/492 491/491/491 484/484/484
f 492/492/492 484/484/484 485/485/485
f 493/493/493 485/485/485 483/483/483
f 493/493/493 483/483/483 494/494/494
f 495/495/495 492/492/492 485/485/485
f 495/495/495 485/485/485 493/493/493
f 496/496/496 492/492/492 495/495/495
f 497/497/497 493/493/493 494/494/494
f 497/497/497 494/494/494 498/498/498
f 499/499/499 497/497/497 498/498/498
f 500/500/500 497/497/497 499/499/499
f 501/501/501 500/500/500 499/499/499
f 500/500/500 502/502/502 497/497/497
f 502/502/502 493/493/493 497/497/497
f 502/502/502 495/495/495 493/493/493
f 503/503/503 496/496/496 495/495/495
f 503/503/503 495/495/495 502/502/502
f 504/504/504 496/496/496 503/503/503
f 505/505/505 503/503/503 502/502/502
f 506/506/506 504/504/504 503/503/503
f 506/506/506 503/503/503 505/505/505
f 507/507/507 506/506/506 505/505/505
f 510/510/510 509/509/509 508/508/508
f 511/511/511 510/510/510 508/508/508
f 511/511/511 508/508/508 512/512/512
f 513/513/513 510/510/510 511/511/511
f 514/514/514 511/511/511 512/512/512
f 515/515/515 513/513/513 511/511/511
f 515/515/515 511/511/511 514/514/514
f 516/516/516 513/513/513 515/515/515
f 517/517/517 515/515/515 514/514/514
f 518/518/518 516/516/516 515/515/515
f 518/518/518 515/515/515 517/517/517
f 519/519/519 518/518/518 517/517/517
f 520/520/520 516/516/516 518/518/518
f 521/521/521 518/518/518 519/519/519
f 521/521/521 520/520/520 518/518/518
f 522/522/522 521/521/521 519/519/519
f 523/523/523 520/520/520 521/521/521
f 524/524/524 521/521/521 522/522/522
f 524/524/524 523/523/523 521/521/521
f 523/523/523 525/525/525 520/520/520
f 525/525/525 526/526/526 520/520/520
f 525/525/525 527/527/527 526/526/526
f 527/527/527 528/528/528 526/526/526
f 529/529/529 527/527/527 525/525/525
f 530/530/530 529/529/529 525/525/525
f 530/530/530 525/525/525 523/523/523
f 531/531/531 530/530/530 523/523/523
f 531/531/531 523/523/523 524/524/524
f 532/532/532 524/524/524 522/522/522
f 532/532/532 522/522/522 533/533/533
f 534/534/534 531/531/531 524/524/524
f 534/534/534 524/524/524 532/532/532
f 535/535/535 531/531/531 534/534/534
f 536/536/536 532/532/532 533/533/533
f 536/536/536 533/533/533 537/537/537
f 538/538/538 536/536/536 537/537/537
f 539/539/539 536/536/536 538/538/538
f 540/540/540 539/539/539 538/538/538
f 539/539/539 541/541/541 536/536/536
f 541/541/541 532/532/532 536/536/536
f 541/541/541 534/534/534 532/532/532
f 542/542/542 535/535/535 534/534/534
f 542/542/542 534/534/534 541/541/541
f 543/543/543 535/535/535 542/542/542
f 544/544/544 542/542/542 541/541/541
f 545/545/545 543/543/543 542/542/542
f 545/545/545 542/542/542 544/544/544
f 546/546/546 545/545/545 544/544/544
f 549/549/549 548/548/548 547/547/547
f 550/550/550 549/549/549 547/547/547
f 550/550/550 547/547/547 551/551/551
f 552/552/552 549/549/549 550/550/550
f 553/553/553 550/550/550 551/551/551
f 554/554/554 552/552/552 550/550/550
f 554/554/554 550/550/550 553/553/553
f 555/555/555 552/552/552 554/554/554
f 556/556/556 554/554/554 553/553/553
f 557/557/557 555/555/555 554/554/554
f 557/557/557 554/554/554 556/556/556
f 558/558/558 557/557/557 556/556/556
f 559/559/559 555/555/555 557/557/557
f 560/560/560 557/557/557 558/558/558
f 560/560/560 559/559/559 557/557/557
f 561/561/561 560/560/560 558/558/558
f 562/562/562 559/559/559 560/560/560
f 563/563/563 560/560/560 561/561/561
f 563/563/563 562/562/562 560/560/560
f 562/562/562 564/564/564 559/559/559
f 564/564/564 565/565/565 559/559/559
f 564/564/564 566/566/566 565/565/565
f 566/566/566 567/567/567 565/565/565
f 568/568/568 566/566/566 564/564/564
f 569/569/569 568/568/568 564/564/564
f 569/569/569 564/564/564 562/562/562
f 570/570/570 569/569/569 562/562/562
f 570/570/570 562/562/562 563/563/563
f 571/571/571 563/563/563 561/561/561
f 571/571/571 561/561/561 572/572/572
f 573/573/573 570/570/570 563/563/563
f 573/573/573 563/563/563 571/571/571
f 574/574/574 570/570/570 573/573/573
f 575/575/575 571/571/571 572/572/572
f 575/575/575 572/572/572 576/576/576
f 577/577/577 575/575/575 576/576/576
f 578/578/578 575/575/575 577/577/577
f 579/579/579 578/578/578 577/577/577
f 578/578/578 580/580/580 575/575/575
f 580/580/580 571/571/571 575/575/575
f 580/580/580 573/573/573 571/571/571
f 581/581/581 574/574/574 573/573/573
f 581/581/581 573/573/573 580/580/580
f 582/582/582 574/574/574 581/581/581
f 583/583/583 581/581/581 580/580/580
f 584/584/584 582/582/582 581/581/581
f 584/584/584 581/581/581 583/583/583
f 585/585/585 584/584/584 583/583/583
f 588/588/588 587/587/587 586/586/586
f 589/589/589 588/588/588 586/586/586
f 589/589/589 586/586/586 590/590/590
f 591/591/591 588/588/588 589/589/589
f 592/592/592 589/589/589 590/590/590
f 593/593/593 591/591/591 589/589/589
f 593/593/593 589/589/589 592/592/592
f 594/594/594 591/591/591 593/593/593
f 595/595/595 593/593/593 592/592/592
f 596/596/596 594/594/594 593/593/593
f 596/596/596 593/593/593 595/595/595
f 597/597/597 596/596/596 595/595/595
f 598/598/598 594/594/594 596/596/596
f 599/599/599 596/596/596 597/597/597
f 599/599/599 598/598/598 596/596/596
f 600/600/600 599/599/599 597/597/597
f 601/601/601 598/598/598 599/599/599
f 602/602/602 599/599/599 600/600/600
f 602/602/602 601/601/601 599/599/599
f 601/601/601 603/603/603 598/598/598
f 603/603/603 604/604/604 598/598/598
f 603/603/603 605/605/605 604/604/604
f 605/605/605 606/606/606 604/604/604
f 607/607/607 605/605/605 603/603/603
f 608/608/608 607/607/607 603/603/603
f 608/608/608 603/603/603 601/601/601
f 609/609/609 608/608/608 601/601/601
f 609/609/609 601/601/601 602/602/602
f 610/610/610 602/602/602 600/600/600
f 610/610/610 600/600/600 611/611/611
f 612/612/612 609/609/609 602/602/602
f 612/612/612 602/602/602 610/610/610
f 613/613/613 609/609/609 612/612/612
f 614/614/614 610/610/610 611/611/611
f 614/614/614 611/611/611 615/615/615
f 616/616/616 614/614/614 615/615/615
f 617/617/617 614/614/614 616/616/616
f 618/618/618 617/617/617 616/616/616
f 617/617/617 619/619/619 614/614/614
f 619/619/619 610/610/610 614/614/614
f 619/619/619 612/612/612 610/610/610
f 620/620/620 613/613/613 612/612/612
f 620/620/620 612/612/612 619/619/619
f 621/621/621 613/613/613 620/620/620
f 622/622/622 620/620/620 619/619/619
f 623/623/623 621/621/621 620/620/620
f 623/623/623 620/620/620 622/622/622
f 624/624/624 623/623/623 622/622/622
f 627/627/627 626/626/626 625/625/625
f 628/628/628 627/627/627 625/625/625
f 628/628/628 625/625/625 629/629/629
f 630/630/630 627/627/627 628/628/628
f 631/631/631 628/628/628 629/629/629
f 632/632/632 630/630/630 628/628/628
f 632/632/632 628/628/628 631/631/631
f 633/633/633 630/630/630 632/632/632
f 634/634/634 632/632/632 631/631/631
f 635/635/635 633/633/633 632/632/632
f 635/635/635 632/632/632 634/634/634
f 636/636/636 635/635/635 634/634/634
f 637/637/637 633/633/633 635/635/635
f 638/638/638 635/635/635 636/636/636
f 638/638/638 637/637/637 635/635/635
f 639/639/639 638/638/638 636/636/636
f 640/640/640 637/637/637 638/638/638
f 641/641/641 638/638/638 639/639/639
f 641/641/641 640/640/640 638/638/638
f 640/640/640 642/642/642 637/637/637
f 642/642/642 643/643/643 637/637/637
f 642/642/642 644/644/644 643/643/643
f 644/644/644 645/645/645 643/643/643
f 646/646/646 644/644/644 642/642/642
f 647/647/647 646/646/646 642/642/642
f 647/647/647 642/642/642 640/640/640
f 648/648/648 647/647/647 640/640/640
f 648/648/648 640/640/640 641/641/641
f 649/649/649 641/641/641 639/639/639
f 649/649/649 639/639/639 650/650/650
f 651/651/651 648/648/648 641/641/641
f 651/651/651 641/641/641 649/649/649
f 652/652/652 648/648/648 651/651/651
f 653/653/653 649/649/649 650/650/650
f 653/653/653 650/650/650 654/654/654
f 655/655/655 653/653/653 654/654/654
f 656/656/656 653/653/653 655/655/655
f 657/657/657 656/656/656 655/655/655
f 656/656/656 658/658/658 653/653/653
f 658/658/658 649/649/649 653/653/653
f 658/658/658 651/651/651 649/649/649
f 659/659/659 652/652/652 651/651/651
f 659/659/659 651/651/651 658/658/658
f 660/660/660 652/652/652 659/659/659
f 661/661/661 659/659/659 658/658/658
f 662/662/662 660/660/660 659/659/659
f 662/662/662 659/659/659 661/661/661
f 663/663/663 662/662/662 661/661/661
f 666/666/666 665/665/665 664/664/664
f 667/667/667 666/666/666 664/664/664
f 667/667/667 664/664/664 668/668/668
f 669/669/669 666/666/666 667/667/667
f 670/670/670 667/667/667 668/668/668
f 671/671/671 669/669/669 667/667/667
f 671/671/671 667/667/667 670/670/670
f 672/672/672 669/669/669 671/671/671
f 673/673/673 671/671/671 670/670/670
f 674/674/674 672/672/672 671/671/671
f 674/674/674 671/671/671 673/673/673
f 675/675/675 674/674/674 673/673/673
f 676/676/676 672/672/672 674/674/674
f 677/677/677 674/674/674 675/675/675
f 677/677/677 676/676/676 674/674/674
f 678/678/678 677/677/677 675/675/675
f 679/679/679 676/676/676 677/677/677
f 680/680/680 677/677/677 678/678/678
f 680/680/680 679/679/679 677/677/677
f 679/679/679 681/681/681 676/676/676
f 681/681/681 682/682/682 676/676/676
f 681/681/681 683/683/683 682/682/682
f 683/683/683 684/684/684 682/682/682
f 685/685/685 683/683/683 681/681/681
f 686/686/686 685/685/685 681/681/681
f 686/686/686 681/681/681 679/679/679
f 687/687/687 686/686/686 679/679/679
f 687/687/687 679/679/679 680/680/680
f 688/688/688 680/680/680 678/678/678
f 688/688/688 678/678/678 689/689/689
f 690/690/690 687/687/687 680/680/680
f 690/690/690 680/680/680 688/688/688
f 691/691/691 687/687/687 690/690/690
f 692/692/692 688/688/688 689/689/689
f 692/692/692 689/689/689 693/693/693
f 694/694/694 692/692/692 693/693/693
f 695/695/695 692/692/692 694/694/694
f 696/696/696 695/695/695 694/694/694
f 695/695/695 697/697/697 692/692/692
f 697/697/697 688/688/688 692/692/692
f 697/697/697 690/690/690 688/688/688
f 698/698/698 691/691/691 690/690/690
f 698/698/698 690/690/690 697/697/697
f 699/699/699 691/691/691 698/698/698
f 700/700/700 698/698/698 697/697/697
f 701/701/701 699/699/699 698/698/698
f 701/701/701 698/698/698 700/700/700
f 702/702/702 701/701/701 700/700/700
f 705/705/705 704/704/704 703/703/703
f 706/706/706 705/705/705 703/703/703
f 706/706/706 703/703/703 707/707/707
f 708/708/708 705/705/705 706/706/706
f 709/709/709 706/706/706 707/707/707
f 710/710/710 708/708/708 706/706/706
f 710/710/710 706/706/706 709/709/709
f 711/711/711 708/708/708 710/710/710
f 712/712/712 710/710/710 709/709/709
f 713/713/713 711/711/711 710/710/710
f 713/713/713 710/710/710 712/712/712
f 714/714/714 713/713/713 712/712/712
f 715/715/715 711/711/711 713/713/713
f 716/716/716 713/713/713 714/714/714
f 716/716/716 715/715/715 713/713/713
f 717/717/717 716/716/716 714/714/714
f 718/718/718 715/715/715 716/716/716
f 719/719/719 716/716/716 717/717/717
f 719/719/719 718/718/718 716/716/716
f 718/718/718 720/720/720 715/715/715
f 720/720/720 721/721/721 715/715/715
f 720/720/720 722/722/722 721/721/721
f 722/722/722 723/723/723 721/721/721
f 724/724/724 722/722/722 720/720/720
f 725/725/725 724/724/724 720/720/720
f 725/725/725 720/720/720 718/718/718
f 726/726/726 725/725/725 718/718/718
f 726/726/726 718/718/718 719/719/719
f 727/727/727 719/719/719 717/717/717
f 727/727/727 717/717/717 728/728/728
f 729/729/729 726/726/726 719/719/719
f 729/729/729 719/719/719 727/727/727
f 730/730/730 726/726/726 729/729/729
f 731/731/731 727/727/727 728/728/728
f 731/731/731 728/728/728 732/732/732
f 733/733/733 731/731/731 732/732/732
f 734/734/734 731/731/731 733/733/733
f 735/735/735 734/734/734 733/733/733
f 734/734/734 736/736/736 731/731/731
f 736/736/736 727/727/727 731/731/731
f 736/736/736 729/729/729 727/727/727
f 737/737/737 730/730/730 729/729/729
f 737/737/737 729/729/729 736/736/736
f 738/738/738 730/730/730 737/737/737
f 739/739/739 737/737/737 736/736/736
f 740/740/740 738/738/738 737/737/737
f 740/740/740 737/737/737 739/739/739
f 741/741/741 740/740/740 739/739/739
f 744/744/744 743/743/743 742/742/742
f 745/745/745 744/744/744 742/742/742
f 745/745/745 742/742/742 746/746/746
f 747/747/747 744/744/744 745/745/745
f 748/748/748 745/745/745 746/746/746
f 749/749/749 747/747/747 745/745/745
f 749/749/749 745/745/745 748/748/748
f 750/750/750 747/747/747 749/749/749
f 751/751/751 749/749/749 748/748/748
f 752/752/752 750/750/750 749/749/749
f 752/752/752 749/749/749 751/751/751
f 753/753/753 752/752/752 751/751/751
f 754/754/754 750/750/750 752/752/752
f 755/755/755 752/752/752 753/753/753
f 755/755/755 754/754/754 752/752/752
f 756/756/756 755/755/755 753/753/753
f 757/757/757 754/754/754 755/755/755
f 758/758/758 755/755/755 756/756/756
f 758/758/758 757/757/757 755/755/755
f 757/757/757 759/759/759 754/754/754
f 759/759/759 760/760/760 754/754/754
f 759/759/759 761/761/761 760/760/760
f 761/761/761 762/762/762 760/760/760
f 763/763/763 761/761/761 759/759/759
f 764/764/764 763/763/763 759/759/759
f 764/764/764 759/759/759 757/757/757
f 765/765/765 764/764/764 757/757/757
f 765/765/765 757/757/757 758/758/758
f 766/766/766 758/758/758 756/756/756
f 766/766/766 756/756/756 767/767/767
f 768/768/768 765/765/765 758/758/758
f 768/768/768 758/758/758 766/766/766
f 769/769/769 765/765/765 768/768/768
f 770/770/770 766/766/766 767/767/767
f 770/770/770 767/767/767 771/771/771
f 772/772/772 770/770/770 771/771/771
f 773/773/773 770/770/770 772/772/772
f 774/774/774 773/773/773 772/772/772
f 773/773/773 775/775/775 770/770/770
f 775/775/775 766/766/766 770/770/770
f 775/775/775 768/768/768 766/766/766
f 776/776/776 769/769/769 768/768/768
f 776/776/776 768/768/768 775/775/775
f 777/777/777 769/769/769 776/776/776
f 778/778/778 776/776/776 775/775/775
f 779/779/779 777/777/777 776/776/776
f 779/779/779 776/776/776 778/778/778
f 780/780/780 779/779/779 778/778/778
f 783/783/783 782/782/782 781/781/781
f 784/784/784 783/783/783 781/781/781
f 784/784/784 781/781/781 785/785/785
f 786/786/786 783/783/783 784/784/784
f 787/787/787 784/784/784 785/785/785
f 788/788/788 786/786/786 784/784/784
f 788/788/788 784/784/784 787/787/787
f 789/789/789 786/786/786 788/788/788
f 790/790/790 788/788/788 787/787/787
f 791/791/791 789/789/789 788/788/788
f 791/791/791 788/788/788 790/790/790
f 792/792/792 791/791/791 790/790/790
f 793/793/793 789/789/789 791/791/791
f 794/794/794 791/791/791 792/792/792
f 794/794/794 793/793/793 791/791/791
f 795/795/795 794/794/794 792/792/792
f 796/796/796 793/793/793 794/794/794
f 797/797/797 794/794/794 795/795/795
f 797/797/797 796/796/796 794/794/794
f 796/796/796 798/798/798 793/793/793
f 798/798/798 799/799/799 793/793/793
f 798/798/798 800/800/800 799/799/799
f 800/800/800 801/801/801 799/799/799
f 802/802/802 800/800/800 798/798/798
f 803/803/803 802/802/802 798/798/798
f 803/803/803 798/798/798 796/796/796
f 804/804/804 803/803/803 796/796/796
f 804/804/804 796/796/796 797/797/797
f 805/805/805 797/797/797 795/795/795
f 805/805/805 795/795/795 806/806/806
f 807/807/807 804/804/804 797/797/797
f 807/807/807 797/797/797 805/805/805
f 808/808/808 804/804/804 807/807/807
f 809/809/809 805/805/805 806/806/806
f 809/809/809 806/806/806 810/810/810
f 811/811/811 809/809/809 810/810/810
f 812/812/812 809/809/809 811/811/811
f 813/813/813 812/812/812 811/811/811
f 812/812/812 814/814/814 809/809/809
f 814/814/814 805/805/805 809/809/809
f 814/814/814 807/807/807 805/805/805
f 815/815/815 808/808/808 807/807/807
f 815/815/815 807/807/807 814/814/814
f 816/816/816 808/808/808 815/815/815
f 817/817/817 815/815/815 814/814/814
f 818/818/818 816/816/816 815/815/815
f 818/818/818 815/815/815 817/817/817
f 819/819/819 818/818/818 817/817/817
f 822/822/822 821/821/821 820/820/820
f 823/823/823 822/822/822 820/820/820
f 823/823/823 820/820/820 824/824/824
f 825/825/825 822/822/822 823/823/823
f 826/826/826 823/823/823 824/824/824
f 827/827/827 825/825/825 823/823/823
f 827/827/827 823/823/823 826/826/826
f 828/828/828 825/825/825 827/827/827
f 829/829/829 827/827/827 826/826/826
f 830/830/830 828/828/828 827/827/827
f 830/830/830 827/827/827 829/829/829
f 831/831/831 830/830/830 829/829/829
f 832/832/832 828/828/828 830/830/830
f 833/833/833 830/830/830 831/831/831
f 833/833/833 832/832/832 830/830/830
f 834/834/834 833/833/833 831/831/831
f 835/835/835 832/832/832 833/833/833
f 836/836/836 833/833/833 834/834/834
f 836/836/836 835/835/835 833/833/833
f 835/835/835 837/837/837 832/832/832
f 837/837/837 838/838/838 832/832/832
f 837/837/837 839/839/839 838/838/838
f 839/839/839 840/840/840 838/838/838
f 841/841/841 839/839/839 837/837/837
f 842/842/842 841/841/841 837/837/837
f 842/842/842 837/837/837 835/835/835
f 843/843/843 842/842/842 835/835/835
f 843/843/843 835/835/835 836/836/836
f 844/844/844 836/836/836 834/834/834
f 844/844/844 834/834/834 845/845/845
f 846/846/846 843/843/843 836/836/836
f 846/846/846 836/836/836 844/844/844
f 847/847/847 843/843/843 846/846/846
f 848/848/848 844/844/844 845/845/845
f 848/848/848 845/845/845 849/849/849
f 850/850/850 848/848/848 849/849/849
f 851/851/851 848/848/848 850/850/850
f 852/852/852 851/851/851 850/850/850
f 851/851/851 853/853/853 848/848/848
f 853/853/853 844/844/844 848/848/848
f 853/853/853 846/846/846 844/844/844
f 854/854/854 847/847/847 846/846/846
f 854/854/854 846/846/846 853/853/853
f 855/855/855 847/847/847 854/854/854
f 856/856/856 854/854/854 853/853/853
f 857/857/857 855/855/855 854/854/854
f 857/857/857 854/854/854 856/856/856
f 858/858/858 857/857/857 856/856/856
f 861/861/861 860/860/860 859/859/859
f 862/862/862 861/861/861 859/859/859
f 862/862/862 859/859/859 863/863/863
f 864/864/864 861/861/861 862/862/862
f 865/865/865 862/862/862 863/863/863
f 866/866/866 864/864/864 862/862/862
f 866/866/866 862/862/862 865/865/865
f 867/867/867 864/864/864 866/866/866
f 868/868/868 866/866/866 865/865/865
f 869/869/869 867/867/867 866/866/866
f 869/869/869 866/866/866 868/868/868
f 870/870/870 869/869/869 868/868/868
f 871/871/871 867/867/867 869/869/869
f 872/872/872 869/869/869 870/870/870
f 872/872/872 871/871/871 869/869/869
f 873/873/873 872/872/872 870/870/870
f 874/874/874 871/871/871 872/872/872
f 875/875/875 872/872/872 873/873/873
f 875/875/875 874/874/874 872/872/872
f 874/874/874 876/876/876 871/871/871
f 876/876/876 877/877/877 871/871/871
f 876/876/876 878/878/878 877/877/877
f 878/878/878 879/879/879 877/877/877
f 880/880/880 878/878/878 876/876/876
f 881/881/881 880/880/880 876/876/876
f 881/881/881 876/876/876 874/874/874
f 882/882/882 881/881/881 874/874/874
f 882/882/882 874/874/874 875/875/875
f 883/883/883 875/875/875 873/873/873
f 883/883/883 873/873/873 884/884/884
f 885/885/885 882/882/882 875/875/875
f 885/885/885 875/875/875 883/883/883
f 886/886/886 882/882/882 885/885/885
f 887/887/887 883/883/883 884/884/884
f 887/887/887 884/884/884 888/888/888
f 889/889/889 887/887/887 888/888/888
f 890/890/890 887/887/887 889/889/889
f 891/891/891 890/890/890 889/889/889
f 890/890/890 892/892/892 887/887/887
f 892/892/892 883/883/883 887/887/887
f 892/892/892 885/885/885 883/883/883
f 893/893/893 886/886/886 885/885/885
f 893/893/893 885/885/885 892/892/892
f 894/894/894 886/886/886 893/893/893
f 895/895/895 893/893/893 892/892/892
f 896/896/896 894/894/894 893/893/893
f 896/896/896 893/893/893 895/895/895
f 897/897/897 896/896/896 895/895/895
f 900/900/900 899/899/899 898/898/898
f 901/901/901 900/900/900 898/898/898
f 901/901/901 898/898/898 902/902/902
f 903/903/903 900/900/900 901/901/901
f 904/904/904 901/901/901 902/902/902
f 905/905/905 903/903/903 901/901/901
f 905/905/905 901/901/901 904/904/904
f 906/906/906 903/903/903 905/905/905
f 907/907/907 905/905/905 904/904/904
f 908/908/908 906/906/906 905/905/905
f 908/908/908 905/905/905 907/907/907
f 909/909/909 908/908/908 907/907/907
f 910/910/910 906/906/906 908/908/908
f 911/911/911 908/908/908 909/909/909
f 911/911/911 910/910/910 908/908/908
f 912/912/912 911/911/911 909/909/909
f 913/913/913 910/910/910 911/911/911
f 914/914/914 911/911/911 912/912/912
f 914/914/914 913/913/913 911/911/911
f 913/913/913 915/915/915 910/910/910
f 915/915/915 916/916/916 910/910/910
f 915/915/915 917/917/917 916/916/916
f 917/917/917 918/918/918 916/916/916
f 919/919/919 917/917/917 915/915/915
f 920/920/920 919/919/919 915/915/915
f 920/920/920 915/915/915 913/913/913
f 921/921/921 920/920/920 913/913/913
f 921/921/921 913/913/913 914/914/914
f 922/922/922 914/914/914 912/912/912
f 922/922/922 912/912/912 923/923/923
f 924/924/924 921/921/921 914/914/914
f 924/924/924 914/914/914 922/922/922
f 925/925/925 921/921/921 924/924/924
f 926/926/926 922/922/922 923/923/923
f 926/926/926 923/923/923 927/927/927
f 928/928/928 926/926/926 927/927/927
f 929/929/929 926/926/926 928/928/928
f 930/930/930 929/929/929 928/928/928
f 929/929/929 931/931/931 926/926/926
f 931/931/931 922/922/922 926/926/926
f 931/931/931 924/924/924 922/922/922
f 932/932/932 925/925/925 924/924/924
f 932/932/932 924/924/924 931/931/931
f 933/933/933 925/925/925 932/932/932
f 934/934/934 932/932/932 931/931/931
f 935/935/935 933/933/933 932/932/932
f 935/935/935 932/932/932 934/934/934
f 936/936/936 935/935/935 934/934/934
f 939/939/939 938/938/938 937/937/937
f 940/940/940 939/939/939 937/937/937
f 943/943/943 942/942/942 941/941/941
f 944/944/944 943/943/943 941/941/941
f 947/947/947 946/946/946 945/945/945
f 948/948/948 947/947/947 945/945/945
f 951/951/951 950/950/950 949/949/949
f 952/952/952 951/951/951 949/949/949
f 955/955/955 954/954/954 953/953/953
f 956/956/956 955/955/955 953/953/953
